capture_frame,FrameTime,GPUTime,GameThreadTime,RenderThreadTime,RHI/DrawCalls,RHI/PrimitivesDrawn,GPUMem/LocalUsedMB
120,17.7507,17.1265,2.8819,17.4091,459.0,27972.0,2895.0078
121,17.5324,16.7757,2.8085,18.1166,458.0,27460.0,2895.0078
122,18.0208,17.0209,2.3998,17.1735,461.0,27092.0,2895.0078
123,17.1717,17.1123,2.5114,18.1086,460.0,27092.0,2895.0078
124,18.0926,16.9858,2.2721,17.6754,460.0,27092.0,2895.0078
125,17.6939,17.1848,2.4846,16.8834,461.0,27104.0,2895.0078
126,16.8122,17.0208,2.1739,17.9739,460.0,27092.0,2895.0078
127,18.0017,16.9415,2.2613,18.7068,460.0,27092.0,2895.0078
128,18.7048,18.9098,2.5358,17.8833,464.0,31144.0,2895.0078
129,18.0754,17.3097,2.5558,18.5049,464.0,37400.0,2895.0078
130,18.3669,17.1714,2.4995,17.4363,473.0,42163.0,2895.0078
131,17.4138,16.9883,2.29,17.2382,471.0,38550.0,2895.0078
132,17.2517,17.238,2.5393,18.4037,463.0,28654.0,2895.0078
133,18.3607,17.2355,2.2035,16.7199,462.0,27748.0,2895.0078
134,16.7054,16.8574,2.1604,18.1382,461.0,40474.0,2895.0078
135,18.1455,16.8898,2.5267,16.6421,460.0,39555.0,2895.0078
136,16.7363,17.1331,2.7625,18.0067,460.0,28196.0,2895.0078
137,17.9859,16.9148,2.4215,17.212,461.0,27104.0,2895.0078
138,17.1943,17.2784,2.2349,18.713,460.0,27092.0,2895.0078
139,18.7026,16.9971,2.2966,17.5933,461.0,33962.0,2895.0078
140,17.593,17.3877,2.3226,17.7082,461.0,28948.0,2895.0078
141,17.6809,17.3082,2.2238,17.7157,460.0,27092.0,2895.0078
142,17.7644,16.8759,2.2522,17.6344,460.0,27556.0,2895.0078
143,17.6283,17.4994,2.4298,18.6696,460.0,36328.0,2895.0078
144,18.6277,17.3417,2.4539,17.9664,465.0,32152.0,2895.0078
145,18.0747,17.3889,2.4594,18.1209,465.0,27560.0,2895.0078
146,18.0544,17.6512,2.4211,17.7466,465.0,27096.0,2895.0078
147,17.741,17.5762,2.3916,18.8973,462.0,27094.0,2895.0078
148,18.9453,17.5595,2.3117,17.4409,463.0,30688.0,2895.0078
149,17.3924,17.5915,3.0246,17.9691,463.0,31578.0,2895.0078
150,18.0191,17.4359,2.7223,19.2774,461.0,30412.0,2895.0078
151,19.3068,17.5366,2.8727,17.8603,444.0,26068.0,2895.0078
152,17.8059,17.6337,2.3594,18.8136,461.0,27460.0,2895.0078
153,18.8365,17.0711,2.4855,17.0456,436.0,26328.0,2895.0078
154,17.0345,17.2146,2.3234,17.2094,460.0,30632.0,2895.0078
155,17.1433,17.6153,2.1811,18.938,460.0,35942.0,2895.0078
156,18.9294,17.7443,2.1243,16.9089,443.0,26796.0,2895.0078
157,17.0275,17.0485,2.5501,18.3083,460.0,31791.0,2895.0078
158,18.2694,17.8387,2.5597,20.6939,461.0,35005.0,2895.0078
159,20.6875,18.181,2.8162,16.4966,460.0,28158.0,2895.0078
160,16.4926,17.5163,2.8765,17.6363,464.0,28698.0,2895.0078
161,18.0084,17.8024,3.1276,18.6658,464.0,28980.0,2895.0078
162,18.3866,18.7622,2.8172,20.6952,465.0,29838.0,2895.0078
163,20.5889,18.0695,2.4517,18.0882,469.0,35256.0,2895.0078
164,18.1143,18.6884,2.3989,20.8118,469.0,39152.0,2895.0078
165,20.8203,20.0746,2.472,18.2036,462.0,40062.0,2895.0078
166,18.1965,18.385,2.4592,19.5796,460.0,57672.0,2895.0078
167,19.6065,18.3282,3.2182,17.8592,460.0,54354.0,2895.0078
168,17.863,18.2609,3.0551,20.3101,460.0,29150.0,2895.0078
169,20.325,18.4348,2.8196,18.3259,460.0,27092.0,2895.0078
170,18.2813,18.0532,2.5105,19.0878,461.0,27092.0,2895.0078
171,19.1188,18.8236,2.5605,19.8216,460.0,30340.0,2895.0078
172,19.8635,18.1742,2.6249,18.2659,460.0,27556.0,2895.0078
173,18.1815,18.1211,2.3731,19.005,460.0,40104.0,2895.0078
174,19.1601,18.2652,2.9199,19.296,460.0,30792.0,2895.0078
175,19.1826,18.025,3.095,18.6211,460.0,30932.0,2895.0078
176,18.642,18.2895,2.6627,18.9161,464.0,27096.0,2895.0078
177,18.8644,17.885,2.3367,18.5431,464.0,33504.0,2895.0078
178,18.5295,18.3648,2.5849,19.3385,464.0,29004.0,2895.0078
179,19.3532,19.9037,2.5055,19.1148,462.0,28198.0,2895.0078
180,19.0676,17.9925,2.3304,18.8401,462.0,31539.0,2895.0078
181,18.871,17.8788,2.4971,18.8902,462.0,32541.0,2895.0078
182,18.958,17.8827,2.7132,18.6583,460.0,27556.0,2895.0078
183,18.614,18.3155,2.7309,17.7662,460.0,27092.0,2895.0078
184,17.8031,17.6241,2.3942,18.9466,460.0,28948.0,2895.0078
185,18.8888,17.0729,2.3403,17.7778,460.0,27092.0,2895.0078
186,17.7886,17.6538,2.3648,17.9205,460.0,27092.0,2895.0078
187,17.9557,17.2364,2.6749,18.5286,460.0,27092.0,2895.0078
188,18.5313,18.3169,2.5123,17.5738,462.0,30355.0,2895.0078
189,17.543,17.191,2.4307,17.8927,463.0,29439.0,2895.0078
190,17.972,17.0388,2.4013,17.7149,470.0,34588.0,2895.0078
191,17.5748,17.4367,2.2816,16.9965,460.0,27092.0,2895.0078
192,17.0252,17.123,2.1161,17.5503,464.0,30408.0,2895.0078
193,17.5647,16.7893,2.1257,17.509,464.0,48216.0,2895.0078
194,17.4904,17.4509,2.1486,18.48,464.0,37224.0,2895.0078
195,18.5309,17.5304,2.4353,18.1262,468.0,48367.0,2895.0078
196,18.2374,17.1416,2.6478,17.8424,462.0,59406.0,2895.0078
197,17.6789,17.3756,2.3137,17.2473,462.0,53710.0,2895.0078
198,17.261,17.3699,2.0815,17.8515,461.0,30820.0,2895.0078
199,17.8749,17.0835,2.0336,17.6943,461.0,42660.0,2895.0078
200,17.6997,17.1705,2.1796,17.343,464.0,51776.0,2895.0078
201,17.3174,17.0107,2.004,18.4191,458.0,27924.0,2895.0078
202,18.4428,17.2775,1.9596,17.4977,459.0,27508.0,2895.0078
203,17.4672,16.5302,1.9466,17.3817,460.0,27092.0,2895.0078
204,17.3937,16.9434,2.1544,17.7663,460.0,27092.0,2895.0078
205,17.781,16.6511,2.0568,16.6919,460.0,27092.0,2895.0078
206,16.7043,16.687,1.9311,17.6278,460.0,27092.0,2895.0078
207,17.635,16.6497,2.0872,17.109,460.0,27092.0,2895.0078
208,17.1425,16.9556,2.0287,16.8274,449.0,27668.0,2895.0078
209,16.7646,16.5593,1.9953,17.2311,464.0,31512.0,2895.0078
210,17.276,16.6459,1.8303,16.9863,464.0,37768.0,2895.0078
211,16.9143,16.7056,1.9062,17.3164,470.0,41185.0,2895.0078
212,17.4561,16.4865,2.028,17.3147,470.0,37634.0,2895.0078
213,17.2064,16.9519,2.1688,17.8079,463.0,28518.0,2895.0078
214,17.8262,17.5116,2.1129,18.4385,461.0,27566.0,2895.0078
215,18.461,17.4173,2.6001,17.8982,462.0,41530.0,2895.0078
216,17.8814,17.4665,2.2037,18.4707,461.0,38867.0,2895.0078
217,18.4293,17.6122,1.9326,17.49,462.0,27840.0,2895.0078
218,17.4551,17.4116,1.931,18.0376,460.0,27092.0,2895.0078
219,18.083,17.6595,2.0733,18.1419,460.0,28616.0,2895.0078
220,18.1579,16.9261,2.078,18.5683,461.0,32890.0,2895.0078
221,18.5687,18.1905,2.0045,18.4436,460.0,28484.0,2895.0078
222,18.4778,17.44,2.1735,18.2405,461.0,27092.0,2895.0078
223,18.2289,17.431,1.9952,17.4211,460.0,29244.0,2895.0078
224,17.3565,17.219,1.8287,17.8367,464.0,36620.0,2895.0078
225,17.919,17.2702,2.0222,18.1834,464.0,30176.0,2895.0078
226,18.1453,17.5451,2.2636,18.766,465.0,27560.0,2895.0078
227,18.8613,17.9044,2.9616,18.1095,462.0,27094.0,2895.0078
228,18.0605,17.268,2.4716,17.5744,463.0,27094.0,2895.0078
229,17.5256,17.5229,2.0334,18.4246,462.0,30688.0,2895.0078
230,18.4414,17.7343,2.0392,17.9429,460.0,31944.0,2895.0078
231,17.9335,17.6773,2.0535,18.2439,460.0,30088.0,2895.0078
232,18.2968,18.0289,2.0171,18.0152,441.0,25844.0,2895.0078
233,17.9465,17.8238,2.1413,18.1948,459.0,27400.0,2895.0078
234,18.265,17.3237,2.0397,17.9877,437.0,26388.0,2895.0078
235,17.9683,17.2884,2.1645,18.3115,460.0,31000.0,2895.0078
236,18.2537,17.6274,2.1371,17.6487,461.0,36124.0,2895.0078
237,17.6621,17.3679,2.0434,17.9457,445.0,26318.0,2895.0078
238,17.9821,17.2095,2.0933,17.5204,460.0,31791.0,2895.0078
239,17.4903,17.637,2.1997,18.5386,460.0,35005.0,2895.0078
240,18.5823,18.1486,2.1414,19.1959,465.0,28162.0,2895.0078
241,19.2118,17.9231,2.1923,18.5696,464.0,28698.0,2895.0078
242,18.5945,17.5356,2.1755,17.2036,465.0,30330.0,2895.0078
243,17.1373,17.4313,2.0902,19.0717,464.0,30518.0,2895.0078
244,19.0723,18.3641,2.1611,18.6564,469.0,34818.0,2895.0078
245,18.6472,17.2942,2.1088,17.0805,467.0,39822.0,2895.0078
246,17.0978,17.6942,2.2023,18.3022,461.0,46724.0,2895.0078
247,18.326,17.1856,2.3165,17.7156,460.0,51916.0,2895.0078
248,17.6915,17.439,2.2363,17.939,461.0,51194.0,2895.0078
249,17.9475,17.5007,1.952,17.7469,460.0,29150.0,2895.0078
250,17.8577,17.5179,2.1702,18.5953,461.0,27092.0,2895.0078
251,18.4582,17.2347,2.1556,17.8791,460.0,27556.0,2895.0078
252,17.8967,17.6892,2.1169,18.16,461.0,29876.0,2895.0078
253,18.1593,17.1273,2.0515,17.7792,460.0,28106.0,2895.0078
254,17.7684,17.4086,2.0544,17.847,461.0,39554.0,2895.0078
255,17.8827,17.5295,2.2163,18.9408,461.0,31114.0,2895.0078
256,18.9176,18.2106,2.2347,18.0012,465.0,30626.0,2895.0078
257,18.0108,17.7779,2.2288,17.716,464.0,27096.0,2895.0078
258,17.7416,17.2895,2.267,18.1603,465.0,35034.0,2895.0078
259,18.1066,17.2313,1.9438,17.9243,462.0,27424.0,2895.0078
260,17.9284,17.4966,1.916,17.5704,463.0,28710.0,2895.0078
261,17.6275,17.2918,2.3714,18.1239,462.0,31539.0,2895.0078
262,18.1186,17.5294,2.2119,18.345,461.0,32075.0,2895.0078
263,18.3867,17.868,2.3133,18.6293,460.0,27556.0,2895.0078
264,18.5757,17.3438,2.1952,16.8344,461.0,27556.0,2895.0078
265,16.8338,17.2891,1.9025,17.8136,460.0,28484.0,2895.0078
266,17.7915,17.496,1.9671,17.9587,460.0,27092.0,2895.0078
267,17.9652,17.4462,2.0451,19.1825,461.0,27092.0,2895.0078
268,19.1438,17.3441,2.0114,17.5907,461.0,27556.0,2895.0078
269,17.9535,17.1803,2.4263,18.392,463.0,29891.0,2895.0078
270,18.0845,17.3281,2.1914,17.1446,463.0,29427.0,2895.0078
271,17.1642,17.127,2.0784,18.7978,469.0,34576.0,2895.0078
272,18.7966,18.3387,2.1778,18.7773,464.0,27096.0,2895.0078
273,18.813,18.299,2.216,17.9658,465.0,32016.0,2895.0078
274,17.9039,18.0982,2.6322,18.7714,465.0,49996.0,2895.0078
275,18.7942,18.0177,2.572,19.1301,464.0,35717.0,2895.0078
276,19.125,18.4182,2.2668,18.3764,466.0,48044.0,2895.0078
277,18.3565,18.3961,2.0933,21.0138,462.0,59454.0,2895.0078
278,21.0466,20.035,2.1575,18.8118,460.0,52112.0,2895.0078
279,18.8567,18.0543,2.2015,18.3566,458.0,30760.0,2895.0078
280,18.3007,18.2542,2.2596,19.0587,461.0,42660.0,2895.0078
281,19.1104,18.6356,2.8463,19.7951,465.0,51788.0,2895.0078
282,19.8467,18.1054,2.3159,18.355,460.0,27972.0,2895.0078
283,18.2465,18.8195,2.0431,19.3322,459.0,27508.0,2895.0078
284,19.3089,18.8815,2.1042,20.5033,460.0,27092.0,2895.0078
285,20.5157,18.3475,2.2545,18.5598,460.0,27092.0,2895.0078
286,18.5957,18.3717,2.2955,18.9028,461.0,27092.0,2895.0078
287,18.9065,18.1281,2.2057,18.6476,460.0,27092.0,2895.0078
288,18.7119,18.5486,2.9074,19.7983,464.0,27832.0,2895.0078
289,19.7284,18.2606,2.4222,19.1081,447.0,27548.0,2895.0078
290,19.1542,18.1997,2.3397,18.3711,465.0,31144.0,2895.0078
291,18.35,19.9885,2.2416,19.7445,464.0,39637.0,2895.0078
292,19.7117,18.249,2.2087,18.7213,470.0,40817.0,2895.0078
293,18.7623,18.491,2.3325,18.9182,468.0,35921.0,2895.0078
294,18.9559,18.4938,2.093,19.2166,461.0,28358.0,2895.0078
295,19.2036,18.8357,3.2283,20.0977,460.0,28254.0,2895.0078
296,20.1226,18.1641,2.3556,18.1978,460.0,41198.0,2895.0078
297,18.1164,17.6387,2.1312,18.9863,460.0,38499.0,2895.0078
298,19.0831,19.3658,2.358,19.2177,461.0,27828.0,2895.0078
299,19.1916,17.6715,2.3647,18.1939,460.0,27092.0,2895.0078
300,18.1611,18.0096,2.7961,18.9628,461.0,28616.0,2895.0078
301,18.967,17.9137,2.3014,17.7973,461.0,32902.0,2895.0078
302,17.8796,18.0155,2.7791,18.1578,461.0,28484.0,2895.0078
303,18.1404,17.8515,2.9692,19.2857,460.0,27092.0,2895.0078
304,19.222,18.2151,2.3695,18.7556,464.0,29248.0,2895.0078
305,18.7505,17.8883,2.4198,18.1122,463.0,36620.0,2895.0078
306,18.0972,18.2373,2.3536,18.9216,465.0,30176.0,2895.0078
307,18.8875,18.8242,2.2217,18.8188,462.0,27558.0,2895.0078
308,18.9041,18.0174,2.3158,18.1138,463.0,27094.0,2895.0078
309,18.162,17.8576,2.3017,18.6836,462.0,27094.0,2895.0078
310,18.5619,17.6297,2.1731,17.9673,461.0,30686.0,2895.0078
311,17.9775,17.6986,3.1096,18.3162,460.0,31966.0,2895.0078
312,18.336,17.7196,2.6898,18.4849,461.0,30066.0,2895.0078
313,18.4863,17.8137,2.2242,18.2822,441.0,25856.0,2895.0078
314,18.2872,17.377,2.1864,17.6135,462.0,27472.0,2895.0078
315,17.601,17.1855,2.1143,18.8374,445.0,28658.0,2895.0078
316,18.828,17.4173,2.355,17.1405,460.0,31488.0,2895.0078
317,17.163,16.8157,2.4339,19.3243,461.0,33918.0,2895.0078
318,19.4254,18.052,2.9378,16.5936,460.0,29137.0,2895.0078
319,16.4943,17.1726,2.4928,18.7409,460.0,36707.0,2895.0078
320,18.7298,17.1659,2.4363,16.4285,465.0,29288.0,2895.0078
321,16.4437,17.4945,2.2024,18.218,465.0,28164.0,2895.0078
322,18.1838,17.4762,2.1405,18.1664,465.0,28164.0,2895.0078
323,18.1917,17.4369,2.3105,17.919,465.0,32214.0,2895.0078
324,17.9505,17.5623,2.8756,17.9678,466.0,32208.0,2895.0078
325,17.9922,17.775,2.5106,19.0068,468.0,38690.0,2895.0078
326,18.9363,17.4581,2.0035,17.568,463.0,51470.0,2895.0078
327,17.5828,17.6582,2.1501,18.9881,461.0,51916.0,2895.0078
328,19.0113,17.3928,2.2772,17.6695,460.0,49482.0,2895.0078
329,17.6564,17.6833,2.0585,18.1317,461.0,30862.0,2895.0078
330,18.1446,17.6704,1.9915,17.6809,460.0,27092.0,2895.0078
331,17.647,17.7922,2.0949,18.2596,461.0,27092.0,2895.0078
332,18.2063,17.1906,2.1668,17.4643,460.0,30340.0,2895.0078
333,17.4724,17.2378,1.9923,17.9811,461.0,28106.0,2895.0078
334,18.0405,17.4402,2.1845,18.4986,460.0,37410.0,2895.0078
335,18.5607,17.3651,2.3267,18.2891,461.0,32390.0,2895.0078
336,18.2764,17.2492,2.6186,16.9798,464.0,29562.0,2895.0078
337,16.9106,17.7375,2.1616,18.4318,465.0,29016.0,2895.0078
338,18.5381,17.3402,2.1051,17.9496,464.0,31878.0,2895.0078
339,17.8035,17.3525,1.8656,17.566,462.0,31012.0,2895.0078
340,17.5665,17.6379,2.0031,18.5646,463.0,27398.0,2895.0078
341,18.5839,17.5137,2.014,18.6047,462.0,31955.0,2895.0078
342,18.6093,17.5087,2.1535,17.6469,461.0,30878.0,2895.0078
343,17.6465,17.231,1.9705,17.6034,460.0,29217.0,2895.0078
344,17.716,17.3175,1.9555,17.9975,460.0,27556.0,2895.0078
345,17.9483,17.6968,2.0808,18.1163,461.0,28484.0,2895.0078
346,18.0927,17.2317,2.1709,17.6991,460.0,27092.0,2895.0078
347,17.676,17.5998,2.1854,19.162,461.0,27092.0,2895.0078
348,19.2292,17.2926,2.3937,16.964,460.0,27556.0,2895.0078
349,16.9338,17.3103,2.3524,18.0742,463.0,29891.0,2895.0078
350,18.0909,17.5496,2.0782,18.2708,462.0,29427.0,2895.0078
351,18.2777,17.398,2.1405,17.5716,462.0,28963.0,2895.0078
352,17.4997,17.4726,2.0314,18.177,471.0,32709.0,2895.0078
353,18.1908,17.5637,2.0706,18.2794,464.0,31268.0,2895.0078
354,18.2927,17.0113,2.1385,18.875,464.0,42260.0,2895.0078
355,18.8928,18.3477,2.4357,17.4285,465.0,40813.0,2895.0078
356,17.4072,17.271,2.2254,17.646,462.0,39073.0,2895.0078
357,17.6837,17.4285,2.2037,18.0332,465.0,56093.0,2895.0078
358,18.0562,17.3957,2.0959,18.1614,459.0,54820.0,2895.0078
359,18.1129,17.3147,2.306,17.6939,459.0,43748.0,2895.0078
360,17.7266,17.2025,2.0033,17.5259,459.0,35964.0,2895.0078
361,17.5096,17.4925,2.2907,18.0962,465.0,43784.0,2895.0078
362,18.0901,17.3062,2.5228,18.1351,462.0,42244.0,2895.0078
363,18.1792,17.6446,2.154,18.7655,459.0,27924.0,2895.0078
364,18.7294,17.6109,2.0789,17.3808,460.0,27092.0,2895.0078
365,17.3701,17.1892,2.06,17.7212,461.0,27092.0,2895.0078
366,17.7222,17.5611,2.0409,18.715,460.0,27092.0,2895.0078
367,18.7234,17.2186,2.0994,17.6112,461.0,27092.0,2895.0078
368,17.5971,17.0672,1.9575,17.5889,464.0,27832.0,2895.0078
369,17.6176,17.3205,2.0927,17.778,465.0,31144.0,2895.0078
370,17.7803,16.9275,2.0791,17.871,464.0,31512.0,2895.0078
371,17.8776,17.1041,2.0749,17.9472,465.0,38781.0,2895.0078
372,17.9251,16.9125,2.0205,17.3123,470.0,39011.0,2895.0078
373,17.3027,17.0869,2.2212,17.4383,469.0,35797.0,2895.0078
374,17.4672,17.0548,2.1772,18.8587,460.0,28888.0,2895.0078
375,18.8594,17.0977,2.515,17.7573,461.0,31123.0,2895.0078
376,17.8344,16.9976,2.53,17.6252,460.0,38009.0,2895.0078
377,17.6961,17.3154,2.5523,17.4029,461.0,38131.0,2895.0078
378,17.3459,17.5359,2.2748,18.8871,460.0,27828.0,2895.0078
379,18.8607,17.5501,2.4678,17.9213,461.0,27854.0,2895.0078
380,17.8707,17.5202,2.7873,17.6166,460.0,29080.0,2895.0078
381,17.6914,17.716,2.8406,18.673,461.0,32128.0,2895.0078
382,18.702,19.7694,2.7166,19.8948,460.0,28020.0,2895.0078
383,19.802,18.0627,2.7828,18.7446,462.0,27568.0,2895.0078
384,18.8613,18.2074,3.0487,19.429,464.0,29628.0,2895.0078
385,19.3872,18.3098,3.3393,21.3162,464.0,36240.0,2895.0078
386,21.3371,18.202,3.2698,16.4085,726.0,58364.0,2895.0078
387,16.3453,19.7684,2.547,20.4331,576.0,36110.0,2895.0078
388,20.4377,17.3082,2.6661,18.2411,616.0,34982.0,2895.0078
389,18.3425,16.0931,2.6064,16.6196,612.0,34718.0,2895.0078
390,16.4751,16.0702,2.6832,17.2886,613.0,38346.0,2895.0078
391,17.3444,15.8075,2.7534,17.8771,613.0,38432.0,2895.0078
392,18.0192,15.5209,3.3098,14.9234,614.0,38638.0,2895.0078
393,14.7539,16.0671,2.7516,17.8686,614.0,39108.0,2895.0078
394,17.9076,15.8619,2.8711,15.9706,611.0,41651.0,2895.0078
395,15.9919,16.2867,3.4254,18.1437,615.0,39042.0,2959.0078
396,18.0923,16.0901,4.0316,16.1861,607.0,35291.0,2959.0078
397,16.1908,15.6431,2.6411,16.5725,608.0,29088.0,2959.0078
398,16.5441,15.7125,2.6734,17.25,607.0,33006.0,2959.0078
399,17.3286,15.3906,3.2145,15.7487,614.0,33872.0,2959.0078
400,15.6647,16.1208,2.6905,16.8696,618.0,39862.0,2959.0078
401,16.8694,16.0391,2.7476,15.9762,614.0,52644.0,2959.0078
402,15.9371,15.7115,3.0652,16.3579,615.0,60474.0,2959.0078
403,16.4538,15.5459,3.202,16.8307,610.0,42506.0,2959.0078
404,16.8071,15.5358,3.2671,15.9994,609.0,30626.0,2959.0078
405,15.9786,15.1889,2.5127,15.2339,609.0,27706.0,2959.0078
406,15.2545,14.5181,2.5745,15.4082,607.0,27704.0,2959.0078
407,15.3374,15.4388,2.2136,16.4359,608.0,30964.0,2959.0078
408,16.5528,15.154,2.6399,15.5202,610.0,29118.0,2959.0078
409,15.5089,15.1851,2.5176,15.7132,608.0,39580.0,2959.0078
410,15.6338,15.2166,2.4206,16.0827,608.0,32212.0,2959.0078
411,16.0708,15.0775,2.7591,14.0252,610.0,30452.0,2959.0078
412,14.0439,15.1985,1.9549,15.5136,608.0,27962.0,2959.0078
413,15.5385,15.455,2.1305,15.8137,610.0,35614.0,2959.0078
414,15.8123,15.1233,2.1557,15.8351,607.0,28066.0,2959.0078
415,15.8768,15.0388,2.1224,15.6574,607.0,30357.0,2959.0078
416,15.62,15.2548,2.0442,16.0021,611.0,30428.0,2959.0078
417,16.0398,15.3265,2.1065,15.5158,613.0,31723.0,2959.0078
418,15.4503,14.8452,2.0659,15.7426,612.0,28120.0,2959.0078
419,15.7413,15.4554,2.3363,15.7361,611.0,29058.0,2959.0078
420,15.7717,14.6632,1.9952,15.0969,611.0,27666.0,2959.0078
421,15.1911,14.2129,2.0509,15.4771,610.0,28118.0,2959.0078
422,15.343,15.2863,2.0922,17.1159,610.0,30451.0,2959.0078
423,17.2499,15.111,2.307,14.5981,609.0,29975.0,2959.0078
424,14.5473,15.2214,2.425,16.2506,610.0,27676.0,2959.0078
425,16.2343,15.4815,2.3756,15.2702,618.0,35160.0,2959.0078
426,15.2621,14.9803,2.0602,15.4749,606.0,37512.0,2959.0078
427,15.4298,15.0899,2.0282,15.1257,610.0,45087.0,2959.0078
428,15.1815,15.0402,2.1825,15.2573,610.0,36147.0,2959.0078
429,15.3927,14.9343,2.1966,15.4433,609.0,38883.0,2959.0078
430,15.3188,14.7048,2.3722,15.2017,607.0,39848.0,2959.0078
431,15.182,14.9775,2.2385,15.7222,610.0,34000.0,2959.0078
432,15.6381,14.4061,1.7914,15.7663,613.0,33324.0,2959.0078
433,15.8303,14.4137,2.0237,15.053,617.0,45324.0,2959.0078
434,15.1929,14.545,1.8782,15.7849,614.0,42844.0,2959.0078
435,15.6618,14.3025,2.009,15.0636,611.0,27666.0,2959.0078
436,15.0531,14.9407,2.0014,14.875,610.0,27654.0,2959.0078
437,14.8716,14.9033,1.9588,16.1972,611.0,27666.0,2959.0078
438,16.2438,15.0862,2.1114,15.423,606.0,27996.0,2959.0078
439,15.379,15.1629,2.1108,15.73,607.0,31320.0,2959.0078
440,15.7943,15.4569,2.0894,14.78,590.0,27772.0,2959.0078
441,14.7856,15.4263,2.1197,16.525,606.0,34008.0,2959.0078
442,16.4116,15.5917,2.1825,15.4571,610.0,39297.0,2959.0078
443,15.5162,15.3631,1.9377,15.817,620.0,43331.0,2959.0078
444,15.8381,15.1975,2.0171,16.1486,610.0,31635.0,2959.0078
445,16.0537,15.3323,1.8821,15.8693,608.0,31989.0,2959.0078
446,15.8927,15.3037,2.1779,15.5285,608.0,38727.0,2959.0078
447,15.5451,15.0583,1.9113,15.5244,608.0,38323.0,2959.0078
448,15.5689,15.4237,2.2131,16.2757,611.0,28380.0,2959.0078
449,16.2104,15.3981,1.9568,15.5936,612.0,28418.0,2959.0078
450,15.6198,15.0953,1.9649,15.7204,612.0,29644.0,2959.0078
451,15.7237,14.1004,2.0579,15.4094,609.0,32678.0,2959.0078
452,15.3886,15.1059,1.706,14.7698,609.0,29034.0,2959.0078
453,14.8954,14.9558,1.9233,16.4782,611.0,38926.0,2959.0078
454,16.4137,14.9858,2.095,15.984,609.0,29442.0,2959.0078
455,16.0502,15.329,2.128,15.2961,607.0,27882.0,2959.0078
456,15.1936,15.3936,1.9088,15.821,604.0,28268.0,2959.0078
457,15.8464,14.9845,2.0507,15.5352,607.0,27640.0,2959.0078
458,15.5961,15.4017,1.7947,14.8793,608.0,27652.0,2959.0078
459,14.8053,15.2081,1.8184,16.4864,606.0,27556.0,2959.0078
460,16.5547,15.4767,2.2318,15.1231,608.0,27652.0,2959.0078
461,15.1179,15.4035,2.1386,15.8915,608.0,27616.0,2959.0078
462,15.8585,14.8875,1.8258,15.0386,608.0,27652.0,2959.0078
463,15.1021,14.5704,1.892,15.8326,607.0,28376.0,2959.0078
464,15.8599,14.9101,1.9954,15.4967,611.0,27644.0,2959.0078
465,15.4138,14.8434,2.0688,15.1747,611.0,27644.0,2959.0078
466,15.2163,14.1108,1.8475,15.3369,611.0,29106.0,2959.0078
467,15.317,14.8165,1.791,14.9452,609.0,31298.0,2959.0078
468,14.9288,15.105,1.6173,15.8635,609.0,32004.0,2959.0078
469,15.9054,14.8011,1.7232,15.2475,608.0,31804.0,2959.0078
470,15.2088,16.0031,2.0843,16.6643,609.0,32895.0,2959.0078
471,16.9684,15.9092,2.1762,16.6375,606.0,34886.0,2959.0078
472,16.4271,14.8945,2.0252,14.8692,607.0,31534.0,2959.0078
473,14.8219,15.0638,1.8868,15.1517,607.0,32349.0,2959.0078
474,15.1719,15.1971,2.0706,15.2942,608.0,31934.0,2959.0078
475,15.2424,14.7835,2.2072,15.4515,611.0,33976.0,2959.0078
476,15.4166,15.0193,1.9314,15.7291,611.0,37322.0,2959.0078
477,15.834,14.8477,1.6828,15.4936,611.0,45408.0,2959.0078
478,15.4339,14.9416,1.949,15.163,610.0,71548.0,2959.0078
479,15.1814,14.9024,1.694,15.297,607.0,41220.0,2959.0078
480,15.2208,14.5212,1.5339,15.738,611.0,30922.0,2959.0078
481,15.893,14.2152,1.7716,14.632,611.0,28494.0,2959.0078
482,14.4982,14.9034,1.6452,15.2099,612.0,27656.0,2959.0078
483,15.2545,14.9511,1.8403,15.3649,611.0,29522.0,2959.0078
484,15.3634,14.5768,1.8368,15.1278,609.0,30476.0,2959.0078
485,15.123,14.8803,1.8951,15.2845,610.0,34522.0,2959.0078
486,15.305,15.156,1.7254,15.3458,609.0,34024.0,2959.0078
487,15.3351,14.8056,1.6697,15.4102,606.0,31508.0,2959.0078
488,15.3826,14.9509,1.7379,15.3116,608.0,30118.0,2959.0078
489,15.3415,14.9334,1.9118,15.3277,607.0,32422.0,2959.0078
490,15.3151,14.7594,1.7468,15.287,609.0,30052.0,2959.0078
491,15.2335,14.9011,1.6775,15.4097,608.0,31243.0,2959.0078
492,15.4333,14.8859,1.5872,15.1554,610.0,30316.0,2959.0078
493,15.1997,13.8922,1.7354,14.7982,606.0,30950.0,2959.0078
494,14.8235,14.5103,1.729,15.4419,608.0,29313.0,2959.0078
495,15.4322,14.9948,1.7119,15.4742,610.0,29068.0,2959.0078
496,15.5664,14.902,1.851,15.9147,613.0,27668.0,2959.0078
497,15.8614,14.8477,1.7028,14.7376,610.0,28096.0,2959.0078
498,14.6402,14.9447,1.7529,15.1582,613.0,30443.0,2959.0078
499,15.2592,14.534,1.8464,15.2646,613.0,30001.0,2959.0078
500,15.184,14.8661,1.7399,15.2676,609.0,27642.0,2959.0078
501,15.3309,14.9466,1.9242,15.183,615.0,33255.0,2959.0078
502,15.1591,14.6958,2.0878,15.1339,611.0,35919.0,2959.0078
503,15.0874,14.8196,1.6775,15.4656,613.0,47027.0,2959.0078
504,15.4686,14.1139,1.7144,15.1084,606.0,34160.0,2959.0078
505,15.1805,14.6832,1.8536,14.5012,610.0,35331.0,2959.0078
506,14.4411,14.6043,1.6676,15.7712,609.0,44911.0,2959.0078
507,15.7787,15.1109,1.8884,15.7125,608.0,33976.0,2959.0078
508,15.7454,15.7406,1.9216,16.026,609.0,34452.0,2959.0078
509,16.0324,15.4321,1.8521,16.1406,608.0,32844.0,2959.0078
510,16.124,15.6459,1.8386,16.107,609.0,42364.0,2959.0078
511,16.1029,15.7544,1.8188,16.0757,612.0,41508.0,2959.0078
512,16.0712,15.6601,1.7681,15.6725,611.0,27644.0,2959.0078
513,15.7445,15.6957,2.0513,16.3711,612.0,27656.0,2959.0078
514,16.2512,16.0537,1.8158,16.8134,610.0,28000.0,2959.0078
515,16.8651,15.2475,2.2588,15.672,611.0,31346.0,2959.0078
516,15.6599,15.7393,2.0934,15.8489,606.0,28934.0,2959.0078
517,15.9257,15.5489,2.2355,16.8712,608.0,34378.0,2959.0078
518,16.8907,15.6418,2.1149,16.0955,610.0,39657.0,2959.0078
519,16.019,15.5398,2.1071,15.8194,616.0,42187.0,2959.0078
520,15.8366,15.3906,2.151,16.021,611.0,34836.0,2959.0078
521,15.9867,15.4066,1.954,15.6198,608.0,28800.0,2959.0078
522,15.6733,15.4518,1.8949,15.8254,608.0,38727.0,2959.0078
523,15.78,15.4196,1.8708,16.3863,606.0,38299.0,2959.0078
524,16.3908,15.0889,1.755,15.7556,610.0,28412.0,2959.0078
525,15.7553,14.6577,1.6637,15.8688,607.0,28402.0,2959.0078
526,15.8298,15.0487,1.9258,15.3145,609.0,30414.0,2959.0078
527,15.3252,15.5015,1.8007,15.9041,608.0,31926.0,2959.0078
528,15.9877,15.3467,1.8762,15.3869,611.0,30724.0,2959.0078
529,15.3808,15.6969,1.8155,17.3225,614.0,37252.0,2959.0078
530,17.2462,15.3193,1.8953,15.3505,613.0,29446.0,2959.0078
531,15.3928,15.7014,1.8244,15.739,608.0,27872.0,2959.0078
532,15.7711,15.7127,1.8457,17.3025,608.0,28294.0,2959.0078
533,17.2938,15.385,1.8845,15.1369,609.0,27642.0,2959.0078
534,15.1616,15.3999,1.9835,15.8159,607.0,27640.0,2959.0078
535,15.8624,15.1809,1.8346,15.2642,607.0,27568.0,2959.0078
536,15.1955,14.923,2.0683,15.3025,607.0,27640.0,2959.0078
537,15.3093,14.8404,1.8883,15.2493,607.0,27604.0,2959.0078
538,15.2351,14.5776,1.9449,15.1696,609.0,27664.0,2959.0078
539,15.2568,14.795,1.7964,15.1347,607.0,28376.0,2959.0078
540,14.9922,14.5612,1.7132,15.1637,606.0,27628.0,2959.0078
541,15.1755,14.5608,1.6527,14.7839,609.0,28128.0,2959.0078
542,14.8547,13.8246,1.7291,14.9462,608.0,28650.0,2959.0078
543,14.9899,14.9114,1.7505,15.1642,610.0,31332.0,2959.0078
544,15.0564,14.55,1.8157,14.8871,612.0,32018.0,2959.0078
545,14.9466,14.7047,1.8083,15.5701,612.0,32570.0,2959.0078
546,15.5564,14.8843,1.7059,14.8571,611.0,32685.0,2959.0078
547,14.8527,14.8644,1.86,15.651,610.0,34362.0,2959.0078
548,15.7248,14.7905,1.8252,14.8111,612.0,31572.0,2959.0078
549,14.7309,14.8775,1.9492,15.6728,611.0,33725.0,2959.0078
550,15.739,14.593,1.6927,14.6929,606.0,31024.0,2959.0078
551,14.6154,14.7536,2.0146,15.2392,611.0,34666.0,2959.0078
552,15.2057,14.7865,1.8385,15.4248,612.0,36644.0,2959.0078
553,15.4354,13.8827,1.6537,15.0884,613.0,53420.0,2959.0078
554,15.0671,14.6926,1.7423,15.2316,609.0,63084.0,2959.0078
555,15.2421,15.1042,1.7435,15.6831,608.0,41732.0,2959.0078
556,15.7886,14.4834,1.9578,14.6386,607.0,30418.0,2959.0078
557,14.6258,14.3112,1.7409,14.9932,607.0,28490.0,2959.0078
558,14.9342,14.6605,1.7177,14.7961,607.0,27640.0,2959.0078
559,14.7483,14.2386,1.6474,14.7657,607.0,29496.0,2959.0078
560,14.7828,14.2886,1.5589,15.1021,611.0,30478.0,2959.0078
561,15.1688,14.6112,1.4319,15.1003,610.0,34500.0,2959.0078
562,14.9994,14.3395,1.6747,14.5885,610.0,35536.0,2959.0078
563,14.7476,13.8669,1.658,14.3996,608.0,30394.0,2959.0078
564,14.2562,14.2971,1.762,14.7385,609.0,29680.0,2959.0078
565,14.7175,14.3962,1.7012,15.2843,610.0,32436.0,2959.0078
566,15.4328,14.3378,1.8151,14.3936,611.0,30492.0,2959.0078
567,14.3404,14.9448,1.855,15.6615,610.0,31315.0,2959.0078
568,15.6289,14.8351,1.7636,14.8759,607.0,29816.0,2959.0078
569,14.8543,14.7709,1.8896,15.8018,609.0,30986.0,2959.0078
570,15.7684,14.6454,1.7168,14.8994,607.0,29301.0,2959.0078
571,15.0179,14.7289,1.7687,15.5067,606.0,29020.0,2959.0078
572,15.4956,14.3472,1.7584,14.9369,608.0,27652.0,2959.0078
573,15.0188,14.2185,1.7763,14.8496,608.0,28116.0,2959.0078
574,14.7522,14.6923,1.7659,14.969,610.0,30451.0,2959.0078
575,14.9781,14.6987,1.793,15.2171,610.0,29987.0,2959.0078
576,15.2196,14.6211,1.7854,15.614,611.0,27644.0,2959.0078
577,15.5824,14.8749,1.782,14.9528,619.0,33281.0,2959.0078
578,14.9984,15.0124,1.9544,16.269,612.0,35887.0,2959.0078
579,16.3059,14.8908,1.988,14.6699,614.0,47017.0,2959.0078
580,14.6107,14.9873,1.8519,15.2329,608.0,34162.0,2959.0078
581,15.2971,15.0325,1.8903,15.4722,610.0,35773.0,2959.0078
582,15.4746,14.83,1.7215,15.6531,608.0,44435.0,2959.0078
583,15.6022,14.9721,1.7517,15.4216,608.0,33976.0,2959.0078
584,15.4521,13.9137,1.9951,15.5182,608.0,34440.0,2959.0078
585,15.4734,14.9498,2.0063,14.2399,611.0,32880.0,2959.0078
586,14.5776,15.1204,2.1161,15.9102,610.0,45712.0,2959.0078
587,15.5909,15.1691,2.1558,16.0351,610.0,38148.0,2959.0078
588,16.094,15.0278,1.9528,15.1554,609.0,27664.0,2959.0078
589,15.1067,15.1422,1.8714,15.9504,608.0,27652.0,2959.0078
590,16.0075,15.312,1.8949,15.2013,608.0,28388.0,2959.0078
591,15.1197,15.0427,2.0373,15.2876,610.0,31356.0,2959.0078
592,15.3217,15.0394,2.1447,15.7965,611.0,30588.0,2959.0078
593,15.7798,15.3532,2.3416,15.6346,614.0,33692.0,2959.0078
594,15.6334,15.0113,2.1582,15.5765,616.0,38949.0,2959.0078
595,15.559,15.1488,2.0887,15.629,619.0,45486.0,2959.0078
596,15.6566,15.1359,1.9188,16.0339,610.0,31517.0,2959.0078
597,16.0191,15.0179,1.9648,15.1786,609.0,28444.0,2959.0078
598,15.1071,14.7966,1.753,15.9763,609.0,38717.0,2959.0078
599,16.0943,14.4818,2.1131,15.7593,608.0,38323.0,2959.0078
600,15.6739,14.9301,1.8428,14.4807,608.0,28388.0,2959.0078
601,14.5391,15.2303,2.022,15.7443,611.0,28450.0,2959.0078
602,15.6704,15.1113,1.9673,17.2203,607.0,30390.0,2959.0078
603,17.337,15.0443,2.0642,14.7642,608.0,33614.0,2959.0078
604,14.7486,15.3211,2.0697,15.8668,607.0,29310.0,2959.0078
605,15.8778,15.2948,2.0116,15.3918,607.0,36934.0,2959.0078
606,15.3888,15.394,2.1793,17.6846,609.0,29442.0,2959.0078
607,17.6959,15.5222,2.4782,14.1436,608.0,27894.0,2959.0078
608,14.177,15.2523,2.2962,15.3239,610.0,28296.0,2959.0078
609,15.2962,15.1276,2.3278,16.0262,613.0,27668.0,2959.0078
610,15.9633,15.3487,2.116,15.9842,613.0,27668.0,2959.0078
611,16.1132,15.3429,2.061,15.8201,609.0,27570.0,2959.0078
612,15.7312,15.1563,1.9056,15.095,610.0,27654.0,2959.0078
613,15.0519,15.1927,1.9797,15.7576,609.0,27606.0,2959.0078
614,15.8389,15.2102,1.9554,15.5525,606.0,27628.0,2959.0078
615,15.5181,14.3479,1.9044,15.2952,608.0,28388.0,2959.0078
616,15.3893,14.3227,2.2702,15.3156,609.0,28128.0,2959.0078
617,15.1315,15.1777,1.8827,15.6911,609.0,28662.0,2959.0078
618,15.7643,15.0418,2.5652,15.5379,609.0,27822.0,2959.0078
619,15.5791,14.8511,2.1148,15.3976,608.0,31150.0,2959.0078
620,15.3849,15.2218,2.2095,15.794,608.0,33122.0,2959.0078
621,15.7873,14.8957,2.062,15.023,607.0,33261.0,2959.0078
622,14.9909,14.7793,1.942,14.744,609.0,32586.0,2959.0078
623,14.8201,15.1671,2.0968,16.0199,610.0,33536.0,2959.0078
624,15.9356,14.871,1.804,15.4138,611.0,32040.0,2959.0078
625,15.4038,14.56,2.0962,15.1813,611.0,32887.0,2959.0078
626,15.183,14.7695,2.1078,14.9836,614.0,32700.0,2959.0078
627,14.9978,14.5123,1.9705,14.8582,612.0,34958.0,2959.0078
628,14.937,14.0842,2.0476,15.4905,613.0,35386.0,2959.0078
629,15.4775,14.6636,1.8109,14.7624,613.0,52442.0,2959.0078
630,14.6707,14.5713,1.7572,15.1676,610.0,63804.0,2959.0078
631,15.1531,14.692,1.758,15.5799,607.0,40964.0,2959.0078
632,15.7543,14.8795,2.028,15.2951,609.0,30234.0,2959.0078
633,15.1354,14.8816,1.6986,14.2293,607.0,28490.0,2959.0078
634,14.2049,14.8678,1.7386,15.4861,609.0,28128.0,2959.0078
635,15.5258,15.1359,2.0041,15.902,608.0,29508.0,2959.0078
636,15.88,14.923,1.8639,15.4212,608.0,31322.0,2959.0078
637,15.4231,15.7901,1.7093,16.3228,606.0,33196.0,2959.0078
638,16.3712,15.6383,1.9162,16.2214,607.0,35544.0,2959.0078
639,16.2376,15.3362,1.9744,15.9418,606.0,30820.0,2959.0078
640,15.8959,15.197,1.9175,15.4904,611.0,29254.0,2959.0078
641,15.5172,15.2627,1.9453,16.0607,611.0,32698.0,2959.0078
642,16.1171,14.2049,1.8664,16.2785,613.0,30664.0,2959.0078
643,16.2318,15.2404,1.8261,15.6433,611.0,31769.0,2959.0078
644,15.6667,15.4733,1.9198,14.8416,609.0,28890.0,2959.0078
645,14.7891,15.6249,1.6905,15.6948,610.0,30976.0,2959.0078
646,15.7352,15.3538,1.8508,16.2953,607.0,29301.0,2959.0078
647,16.2847,15.3116,1.9817,15.9919,608.0,29044.0,2959.0078
648,15.9966,15.6294,1.9474,16.202,608.0,27652.0,2959.0078
649,16.2152,15.5151,1.8336,15.7885,608.0,28116.0,2959.0078
650,15.7997,15.3342,1.6978,15.9952,608.0,30427.0,2959.0078
651,15.9897,15.434,1.8432,15.8145,610.0,29987.0,2959.0078
652,15.8261,15.5715,1.809,15.3419,612.0,29547.0,2959.0078
653,15.3108,15.3106,2.091,16.1861,611.0,32978.0,2959.0078
654,16.1141,15.4668,1.7243,16.1342,612.0,39466.0,2959.0078
655,16.228,15.5521,2.3209,16.4403,606.0,41776.0,2959.0078
656,16.4696,15.3064,2.296,15.8086,612.0,34688.0,2959.0078
657,15.8402,15.4965,2.2817,15.7881,613.0,38623.0,2959.0078
658,15.7048,15.4741,1.8982,15.6649,614.0,41163.0,2959.0078
659,15.707,15.3981,1.8806,15.9334,611.0,33990.0,2959.0078
660,15.9472,15.5636,2.0091,15.9714,613.0,34942.0,2959.0078
661,15.9237,15.4708,1.8581,16.1315,611.0,35730.0,2959.0078
662,16.1116,14.8157,1.8546,16.0688,609.0,42364.0,2959.0078
663,16.1055,15.2599,1.8659,15.5095,611.0,38160.0,2959.0078
664,15.5339,14.1537,1.7744,14.3869,606.0,27628.0,2959.0078
665,14.2932,15.7214,1.6583,16.4578,608.0,28020.0,2959.0078
666,16.468,14.8413,1.6072,15.0919,607.0,28744.0,2959.0078
667,15.0834,14.8116,1.5768,15.0352,606.0,31676.0,2959.0078
668,15.0521,14.6722,1.607,15.7337,609.0,30608.0,2959.0078
669,15.7555,14.9483,1.7341,15.2263,607.0,34222.0,2959.0078
670,15.2822,15.1322,2.0615,15.2308,611.0,41974.0,2959.0078
671,15.1834,14.6843,1.7486,15.6748,617.0,41295.0,2959.0078
672,15.7,14.7794,1.8557,15.1241,614.0,31039.0,2959.0078
673,15.3225,14.7171,1.923,15.7271,610.0,28412.0,2959.0078
674,15.446,14.582,1.6499,14.9977,613.0,41542.0,2959.0078
675,15.0914,14.789,1.5554,15.5833,609.0,35860.0,2959.0078
676,15.5288,14.0674,1.7656,15.3574,610.0,28022.0,2959.0078
677,15.3341,14.9149,1.6546,14.4075,609.0,29166.0,2959.0078
678,14.542,14.5485,1.8024,15.5713,608.0,29640.0,2959.0078
679,15.4559,14.7697,1.7676,14.7679,607.0,33602.0,2959.0078
680,14.8205,15.0106,1.6964,15.4573,607.0,29310.0,2959.0078
681,15.3737,14.9882,1.9128,15.1377,607.0,36934.0,2959.0078
682,15.2017,15.0418,2.0332,15.4496,610.0,29454.0,2959.0078
683,15.4552,14.7608,1.839,15.423,606.0,28238.0,2959.0078
684,15.444,14.7983,1.8597,15.1846,608.0,27948.0,2959.0078
685,15.1821,14.6926,1.966,15.161,606.0,27628.0,2959.0078
686,15.1639,14.7104,1.6019,14.9644,607.0,27640.0,2959.0078
687,14.9127,14.5898,1.6791,15.564,606.0,27556.0,2959.0078
688,15.5963,13.8391,1.8002,14.8552,612.0,27656.0,2959.0078
689,14.8346,14.587,1.7509,14.6396,611.0,27608.0,2959.0078
690,14.6477,14.3511,1.4595,14.8455,614.0,27680.0,2959.0078
691,14.8205,14.5211,1.5005,14.9984,609.0,28842.0,2959.0078
692,15.0923,14.5884,1.9785,15.071,609.0,28640.0,2959.0078
693,15.1583,14.3862,1.7329,14.3465,611.0,27824.0,2959.0078
694,14.1806,14.5047,1.7622,15.45,608.0,28020.0,2959.0078
695,15.4085,14.5624,1.3953,15.1396,609.0,31902.0,2959.0078
696,15.1899,14.3072,1.6312,15.2838,607.0,33817.0,2959.0078
697,15.2574,14.1021,1.6987,14.7001,608.0,32856.0,2959.0078
698,14.7582,14.2955,2.107,14.785,607.0,32380.0,2959.0078
699,14.7024,14.9229,1.7254,15.2046,606.0,32272.0,2959.0078
700,15.2078,14.5514,1.6586,15.2283,608.0,32048.0,2959.0078
701,15.2247,14.9102,1.5788,14.975,614.0,34975.0,2959.0078
702,15.0346,14.9772,1.7467,15.243,607.0,33112.0,2959.0078
703,15.2619,14.7889,1.9239,15.8387,611.0,33512.0,2959.0078
704,15.8457,14.8927,1.7209,15.1761,615.0,34534.0,2959.0078
705,15.219,15.2017,1.8765,15.8536,614.0,53286.0,2959.0078
706,15.9381,14.7903,1.805,15.1468,612.0,63280.0,2959.0078
707,14.9949,15.0172,1.8602,15.1798,609.0,41174.0,2959.0078
708,15.2392,14.7454,1.7272,15.4383,609.0,29854.0,2959.0078
709,15.4109,14.8336,1.8636,15.4969,610.0,28618.0,2959.0078
710,15.4479,14.146,1.5714,14.5703,606.0,28092.0,2959.0078
711,14.5435,14.8074,1.9817,16.065,608.0,29044.0,2959.0078
712,16.1082,14.7043,1.8498,14.6133,607.0,32166.0,2959.0078
713,14.5771,14.9673,1.5868,15.3831,608.0,35452.0,2959.0078
714,15.4277,15.0462,1.6548,14.9429,608.0,32554.0,2959.0078
715,14.9888,14.6687,1.5864,15.7233,606.0,30734.0,2959.0078
716,15.7004,15.019,1.8146,14.9542,606.0,29238.0,2959.0078
717,14.9087,14.5753,1.6326,15.3736,606.0,32586.0,2959.0078
718,15.4357,14.7283,1.9691,15.4065,608.0,31624.0,2959.0078
719,15.3889,14.835,1.7619,15.4077,608.0,31339.0,2959.0078
720,15.414,14.5911,1.8651,14.9506,613.0,28452.0,2959.0078
721,14.9727,13.9119,1.4397,14.5109,610.0,30954.0,2959.0078
722,14.5079,14.5894,1.7646,15.7471,612.0,29781.0,2959.0078
723,15.7377,14.9874,1.6827,14.6427,610.0,28582.0,2959.0078
724,14.6211,14.7777,1.7321,16.2232,611.0,27666.0,2959.0078
725,16.249,14.7963,1.8456,14.492,609.0,28106.0,2959.0078
726,14.452,14.9646,2.0671,15.3954,612.0,32786.0,2959.0078
727,15.4056,14.6142,1.8977,14.9217,611.0,27688.0,2959.0078
728,14.99,14.592,1.5501,16.3985,610.0,29523.0,2959.0078
729,16.4255,16.4944,2.054,16.0502,614.0,34861.0,2959.0078
730,15.9882,14.819,1.9222,15.5523,609.0,37583.0,2959.0078
731,15.6033,14.9531,1.9852,15.1951,607.0,42252.0,2959.0078
732,15.1961,14.5259,1.7447,14.6285,606.0,37496.0,2959.0078
733,14.5227,13.8543,1.7707,15.5783,611.0,36939.0,2959.0078
734,15.7604,14.2507,1.6828,14.3806,609.0,40015.0,2959.0078
735,14.2925,15.1021,1.7393,15.7606,608.0,33512.0,2959.0078
736,15.7323,14.5879,1.82,15.1759,615.0,35408.0,2959.0078
737,15.1705,14.8404,1.7716,14.9484,614.0,35280.0,2959.0078
738,14.9711,15.2002,2.1307,16.2593,614.0,45716.0,2959.0078
739,16.2351,14.7943,1.8496,14.6372,611.0,34802.0,2959.0078
740,14.6799,14.6048,2.0183,15.5693,611.0,27666.0,2959.0078
741,15.5022,15.0646,1.9445,15.1461,611.0,28770.0,2959.0078
742,15.1477,15.1132,1.7704,15.9724,610.0,29148.0,2959.0078
743,15.9527,14.9224,1.9866,15.6346,608.0,31332.0,2959.0078
744,15.607,15.1837,2.2433,17.2208,608.0,31166.0,2959.0078
745,17.3143,13.9421,1.9885,13.8097,598.0,88076.0,2959.0078
746,13.7624,19.7496,2.1286,19.1321,473.0,28348.0,2959.0078
747,19.1542,17.0493,1.9275,17.2708,472.0,33244.0,2959.0078
748,17.3466,16.2054,2.0672,16.6259,476.0,30049.0,2959.0078
749,16.5187,16.464,1.8306,17.0992,468.0,22875.0,2959.0078
750,17.0828,16.1344,1.689,16.5367,466.0,27912.0,2959.0078
751,16.5942,16.0696,1.924,16.6902,466.0,31928.0,2959.0078
752,16.678,16.765,2.3273,17.6324,469.0,21052.0,2959.0078
753,17.6627,16.7636,1.9449,17.6102,469.0,20342.0,2959.0078
754,17.5481,16.3278,1.8906,16.3321,469.0,21568.0,2959.0078
755,16.3209,16.5902,1.8604,18.5808,467.0,26302.0,2959.0078
756,18.7612,16.1143,2.4952,14.9928,468.0,20982.0,2959.0078
757,14.8295,16.2265,2.0708,16.9336,467.0,25136.0,2959.0078
758,16.9881,16.4733,2.4467,16.6888,464.0,24562.0,2959.0078
759,16.7471,16.3919,2.0484,16.8704,464.0,20216.0,2959.0078
760,16.8223,16.4835,2.5383,18.4125,462.0,19312.0,2959.0078
761,18.4693,16.921,2.5136,16.9063,465.0,19420.0,2959.0078
762,17.0535,16.3834,4.1448,16.5806,462.0,19240.0,2959.0078
763,16.3793,16.2001,2.7153,16.8415,463.0,19240.0,2959.0078
764,16.9701,16.7052,2.7898,17.1373,463.0,19204.0,2959.0078
765,17.0665,16.567,2.7372,17.3883,463.0,20168.0,2959.0078
766,17.458,17.5139,2.8873,17.5745,463.0,19932.0,2959.0078
767,17.5214,16.9769,2.3103,18.3257,463.0,19608.0,2959.0078
768,18.1965,16.9797,1.9364,17.3933,467.0,21814.0,2959.0078
769,17.3906,17.1825,2.1196,18.4477,468.0,24887.0,2959.0078
770,18.5924,17.5332,2.1072,17.3777,467.0,26098.0,2959.0078
771,17.3638,17.1671,2.2886,17.8406,465.0,22266.0,2959.0078
772,17.7594,16.6342,2.1166,18.9163,465.0,23568.0,2959.0078
773,18.8769,18.0881,2.0203,17.8232,464.0,25450.0,2959.0078
774,17.8441,17.5392,2.0921,17.6054,465.0,23014.0,2959.0078
775,17.6405,17.0581,2.1989,16.8182,464.0,27449.0,2959.0078
776,16.8228,17.0099,2.1786,17.9584,464.0,23156.0,2959.0078
777,17.9381,17.258,2.1421,17.347,468.0,26536.0,2959.0078
778,17.3725,16.7724,2.0621,17.2295,465.0,34666.0,2959.0078
779,17.2293,16.7943,2.2183,17.2776,466.0,47684.0,2959.0078
780,17.4524,17.1097,2.3296,18.1308,463.0,52560.0,2959.0078
781,17.9863,16.8427,2.486,17.6631,463.0,21554.0,2959.0078
782,17.6922,17.1424,2.4273,17.5929,463.0,20810.0,2959.0078
783,17.605,16.8223,2.2255,17.3847,464.0,19716.0,2959.0078
784,17.3361,16.6907,1.8862,17.9406,467.0,20172.0,2959.0078
785,17.9684,16.949,2.032,16.6912,467.0,23220.0,2959.0078
786,16.6011,16.6455,1.8565,16.8551,468.0,26440.0,2959.0078
787,16.8513,16.6892,1.9113,17.8379,465.0,22686.0,2959.0078
788,17.8996,17.2445,2.276,17.7632,465.0,23806.0,2959.0078
789,17.8084,17.0127,2.0232,16.7368,465.0,22172.0,2959.0078
790,16.6625,16.4722,2.0891,17.9049,464.0,23086.0,2959.0078
791,17.961,16.3408,2.0874,16.1483,463.0,21442.0,2959.0078
792,16.0653,16.1403,2.2145,17.0645,463.0,24745.0,2959.0078
793,17.0593,16.2145,1.9674,16.1278,463.0,20946.0,2959.0078
794,16.2017,16.2908,2.0419,16.9153,463.0,21829.0,2959.0078
795,16.8067,15.9179,1.7814,16.3372,463.0,22562.0,2959.0078
796,16.3328,15.4023,1.8928,16.3153,463.0,19704.0,2959.0078
797,16.3664,16.0511,1.8636,16.7565,463.0,19704.0,2959.0078
798,16.7637,15.4204,1.8286,16.5633,463.0,19704.0,2959.0078
799,16.5891,16.018,1.8169,16.515,465.0,22503.0,2959.0078
800,16.4729,15.8778,1.7747,15.5234,469.0,21115.0,2959.0078
801,15.5196,15.935,1.5396,16.9663,469.0,21115.0,2959.0078
802,16.9981,15.9417,1.8266,16.6004,473.0,24857.0,2959.0078
803,16.548,16.0397,1.6749,16.4384,468.0,30793.0,2959.0078
804,16.4339,15.8521,1.9865,17.2104,464.0,33842.0,2959.0078
805,17.2664,16.292,1.9757,16.6048,465.0,29110.0,2959.0078
806,16.5913,15.9009,1.9566,16.3657,465.0,28515.0,2959.0078
807,16.4067,15.8612,1.8512,16.1263,466.0,31627.0,2959.0078
808,16.1075,16.1076,2.0105,16.3169,464.0,25112.0,2959.0078
809,16.2995,15.9253,1.8545,16.9257,464.0,26968.0,2959.0078
810,16.9165,15.5132,1.9243,16.1229,466.0,30212.0,2959.0078
811,16.1433,15.8854,1.9202,16.0515,466.0,33976.0,2959.0078
812,16.0618,15.5784,1.8631,16.2332,465.0,26400.0,2959.0078
813,16.2484,15.8033,1.7139,16.5143,463.0,19976.0,2959.0078
814,16.522,15.5368,1.7202,15.6098,463.0,20712.0,2959.0078
815,15.5773,15.6154,1.7368,15.4456,463.0,20344.0,2959.0078
816,15.4936,15.8629,1.6828,16.5951,465.0,23326.0,2959.0078
817,16.6918,15.8671,1.9464,16.887,467.0,21820.0,2959.0078
818,16.7707,15.6242,1.9574,15.4056,467.0,28426.0,2959.0078
819,15.3806,15.7729,1.7687,16.37,465.0,19242.0,2959.0078
820,16.3813,16.1078,2.094,16.7366,443.0,67616.0,2959.0078
821,16.6864,15.8202,1.9892,16.5435,465.0,19242.0,2959.0078
822,16.5526,16.0673,1.9226,16.0856,464.0,19988.0,2959.0078
823,16.1301,16.2616,1.9526,17.0796,447.0,23160.0,2959.0078
824,17.0386,16.0077,1.8872,16.0205,429.0,17568.0,2959.0078
825,16.0797,16.1666,2.1117,16.9871,428.0,17140.0,2959.0078
826,16.9809,15.7933,1.7443,16.6057,431.0,17688.0,2959.0078
827,16.6543,16.07,2.0804,16.5031,465.0,28993.0,2959.0078
828,16.4163,16.2173,1.8996,16.4496,473.0,30063.0,2959.0078
829,16.4502,15.7721,1.6511,16.8603,465.0,25007.0,2959.0078
830,16.8331,16.0057,1.7165,16.4097,465.0,27397.0,2959.0078
831,16.4153,15.7979,1.792,16.0506,463.0,22452.0,2959.0078
832,16.0703,15.7493,1.7334,16.2799,467.0,30896.0,2959.0078
833,16.2498,16.0314,1.7447,16.3804,467.0,20716.0,2959.0078
834,16.4517,15.8115,1.8887,16.7339,467.0,20768.0,2959.0078
835,16.765,16.0311,2.0804,16.2436,465.0,21992.0,2959.0078
836,16.1482,15.9835,1.6315,16.1932,465.0,24906.0,2959.0078
837,16.1987,15.7456,1.6807,16.5901,465.0,20448.0,2959.0078
838,16.724,15.8002,1.8797,16.3618,463.0,24592.0,2959.0078
839,16.2717,15.9846,2.0563,16.421,462.0,24346.0,2959.0078
840,16.4185,15.8396,1.8204,15.9411,461.0,19988.0,2959.0078
841,15.995,15.7788,1.7209,16.863,463.0,19240.0,2959.0078
842,16.8095,16.116,1.8377,16.2254,462.0,19192.0,2959.0078
843,16.2417,15.9927,1.8345,16.4343,462.0,19192.0,2959.0078
844,16.3961,15.9411,1.7985,16.5522,463.0,19240.0,2959.0078
845,16.5544,16.0908,1.8971,16.5205,462.0,20120.0,2959.0078
846,16.4985,16.1629,1.8233,16.6651,463.0,19932.0,2959.0078
847,16.6906,16.1684,1.594,16.8999,463.0,19608.0,2959.0078
848,16.8837,15.9365,1.6262,16.4303,467.0,20352.0,2959.0078
849,16.3918,15.8638,1.6091,16.1901,467.0,24729.0,2959.0078
850,16.3152,16.0148,1.7634,16.5407,467.0,25184.0,2959.0078
851,16.6264,15.9942,2.3623,16.5486,465.0,23650.0,2959.0078
852,16.4403,15.9741,2.0876,16.265,465.0,21060.0,2959.0078
853,16.2671,15.7032,2.0641,16.8419,465.0,26732.0,2959.0078
854,16.7933,16.1395,1.8528,16.6963,464.0,24274.0,2959.0078
855,16.7277,15.9759,1.8359,16.5762,463.0,23338.0,2959.0078
856,16.5859,16.0411,1.8435,16.3532,464.0,26143.0,2959.0078
857,16.3305,16.2062,1.8743,16.8402,464.0,23990.0,2959.0078
858,16.8684,15.5453,1.9203,17.7711,467.0,27494.0,2959.0078
859,17.797,15.6434,2.0142,15.0196,464.0,46290.0,2959.0078
860,15.0127,15.5922,2.0607,16.6295,466.0,34578.0,2959.0078
861,16.5977,15.9305,1.6845,16.1213,464.0,51758.0,2959.0078
862,16.1054,15.3003,1.7302,16.7918,463.0,21566.0,2959.0078
863,16.759,15.8731,1.801,16.3435,463.0,19590.0,2959.0078
864,16.3681,16.0229,1.8383,15.9281,467.0,19708.0,2959.0078
865,15.9541,15.9622,1.8663,16.8424,467.0,21900.0,2959.0078
866,16.8165,15.6794,1.8923,15.9947,467.0,25110.0,2959.0078
867,15.9996,16.0371,1.8324,17.3682,465.0,22808.0,2959.0078
868,17.4503,15.9743,1.906,16.0816,465.0,23852.0,2959.0078
869,16.0518,15.6531,2.0251,16.0435,465.0,22726.0,2959.0078
870,16.0617,15.6247,1.8456,16.2871,463.0,22084.0,2959.0078
871,16.2521,15.6543,1.9501,16.8991,464.0,25400.0,2959.0078
872,16.8971,15.9211,1.9267,15.8746,463.0,20978.0,2959.0078
873,15.8827,15.7031,1.8494,16.3838,463.0,23311.0,2959.0078
874,16.3443,15.8533,1.6867,16.5405,463.0,21458.0,2959.0078
875,16.5911,15.8635,1.8695,16.7396,463.0,22562.0,2959.0078
876,16.7238,15.6261,2.1113,16.3593,463.0,21365.0,2959.0078
877,16.4026,15.8286,1.8711,16.1434,463.0,19240.0,2959.0078
878,16.0426,15.7633,1.9673,16.8467,465.0,19728.0,2959.0078
879,16.902,15.661,2.1328,16.0599,463.0,21096.0,2959.0078
880,16.0854,16.102,1.9032,16.0699,472.0,22998.0,2959.0078
881,16.0425,16.151,1.9956,17.1699,470.0,21127.0,2959.0078
882,17.3653,16.3275,1.8929,17.1614,467.0,19244.0,2959.0078
883,16.9607,16.1578,1.8003,16.8374,471.0,29735.0,2959.0078
884,16.9746,17.0948,2.0853,16.5473,467.0,31645.0,2959.0078
885,16.4862,16.9482,2.2062,18.4174,466.0,31422.0,2959.0078
886,18.3809,16.8922,1.9999,16.969,463.0,27868.0,2959.0078
887,16.9959,16.5866,1.9729,17.2918,467.0,30386.0,2959.0078
888,17.2598,16.8544,1.9277,16.0451,464.0,28160.0,2959.0078
889,16.0594,16.8229,2.0908,18.0226,464.0,26504.0,2959.0078
890,18.1211,16.8564,2.1275,17.5956,466.0,28936.0,2959.0078
891,17.5597,16.8089,2.1221,18.2978,465.0,29700.0,2959.0078
892,18.2382,17.0123,2.0281,17.1258,468.0,34036.0,2959.0078
893,17.1544,17.6031,1.9616,16.961,464.0,23788.0,2959.0078
894,16.8939,16.725,1.9512,17.7935,464.0,20356.0,2959.0078
895,17.8173,16.853,2.0674,16.9537,463.0,20712.0,2959.0078
896,16.9974,16.9052,1.9835,17.2729,469.0,22414.0,2959.0078
897,17.2325,17.0814,2.0038,17.6524,455.0,20364.0,2959.0078
898,17.7242,16.9469,2.2063,17.5637,467.0,21576.0,2959.0078
899,17.4899,17.069,2.1802,17.5511,465.0,27932.0,2959.0078
900,17.5891,16.7463,2.0247,17.7647,465.0,32312.0,2959.0078
901,17.759,17.131,2.2839,17.0486,439.0,54306.0,2959.0078
902,17.0045,16.9876,2.4618,17.9299,463.0,19240.0,2959.0078
903,18.0693,17.0664,2.4275,17.2315,463.0,20712.0,2959.0078
904,17.1816,17.3899,2.4029,17.7735,446.0,22732.0,2959.0078
905,17.7295,16.9871,2.1411,17.9069,428.0,17140.0,2959.0078
906,17.8778,16.723,2.1278,17.5179,428.0,17140.0,2959.0078
907,17.4944,16.9105,1.9444,17.6537,466.0,29005.0,2959.0078
908,17.6896,16.7443,2.2035,17.342,470.0,28180.0,2959.0078
909,17.3192,16.8029,2.0698,17.1381,467.0,27246.0,2959.0078
910,17.1569,16.6157,2.0537,16.9923,465.0,24576.0,2959.0078
911,16.9894,16.4323,1.8722,16.4279,463.0,24585.0,2959.0078
912,16.4866,16.4644,2.1136,17.5042,468.0,28407.0,2959.0078
913,17.4123,16.8736,2.1307,16.4706,468.0,23549.0,2959.0078
914,16.5116,17.063,2.0191,18.5241,468.0,21148.0,2959.0078
915,18.6137,16.6115,1.9359,16.8096,465.0,21992.0,2959.0078
916,16.7164,16.1146,2.0355,17.1209,465.0,24906.0,2959.0078
917,17.1477,16.6421,1.9348,17.278,465.0,20448.0,2959.0078
918,17.258,16.628,2.3572,16.9816,463.0,24592.0,2959.0078
919,16.9354,16.3497,1.9736,17.507,462.0,24346.0,2959.0078
920,17.5236,16.6292,2.099,16.8316,461.0,19988.0,2959.0078
921,16.7965,16.6654,1.8575,16.762,463.0,19240.0,2959.0078
922,16.802,16.3845,1.6603,17.1528,463.0,19240.0,2959.0078
923,17.1876,16.3001,1.8749,17.3991,461.0,19144.0,2959.0078
924,17.3914,16.6793,2.0192,16.3925,463.0,19240.0,2959.0078
925,16.391,16.2808,2.0076,17.035,462.0,20120.0,2959.0078
926,17.04,16.363,2.0653,16.6782,463.0,19932.0,2959.0078
927,16.6635,16.4119,2.0793,17.1244,463.0,19608.0,2959.0078
928,17.1355,16.0981,1.9945,16.4858,467.0,20352.0,2959.0078
929,16.4787,16.3074,1.9859,16.6825,467.0,24729.0,2959.0078
930,16.7052,16.3082,1.929,17.1155,467.0,25026.0,2959.0078
931,17.1516,15.8983,1.7813,16.3442,465.0,23652.0,2959.0078
932,16.2626,16.0809,1.8134,16.2971,465.0,20714.0,2959.0078
933,16.284,16.1024,1.8294,16.6085,465.0,26342.0,2959.0078
934,16.626,16.1163,1.709,16.8841,465.0,25058.0,2959.0078
935,16.9404,16.0844,1.9602,16.5054,462.0,23446.0,2959.0078
936,16.5564,15.7998,2.1046,16.3426,464.0,23149.0,2959.0078
937,16.3307,16.0607,2.0015,16.6836,464.0,26810.0,2959.0078
938,16.5892,15.8215,1.8722,16.4506,467.0,27102.0,2959.0078
939,16.4987,16.1265,1.9765,17.0006,464.0,45852.0,2959.0078
940,16.9608,16.1245,2.0931,16.5774,468.0,34506.0,2959.0078
941,16.5647,16.4424,1.7891,16.1669,463.0,43828.0,2959.0078
942,16.1331,16.0418,1.721,16.6153,464.0,30596.0,2959.0078
943,16.6458,16.0614,1.6517,16.6484,463.0,19590.0,2959.0078
944,16.6679,16.2561,1.8673,16.6095,468.0,19720.0,2959.0078
945,16.5957,16.2205,1.789,16.7524,467.0,21900.0,2959.0078
946,16.7868,16.1922,2.0179,16.9799,467.0,24646.0,2959.0078
947,16.9269,16.057,1.8111,16.1916,465.0,23186.0,2959.0078
948,16.1837,16.2471,1.7197,17.2769,465.0,23938.0,2959.0078
949,17.2652,16.068,1.6353,15.9536,465.0,21182.0,2959.0078
950,16.0199,16.0069,1.969,16.4422,463.0,23628.0,2959.0078
951,16.4494,16.1485,1.7557,16.7868,463.0,25436.0,2959.0078
952,16.7122,15.9698,1.6306,16.1275,464.0,21086.0,2959.0078
953,16.231,16.066,1.9056,17.3259,464.0,22763.0,2959.0078
954,17.3263,16.1125,2.1968,16.4691,463.0,20296.0,2959.0078
955,16.4828,16.0895,1.9406,17.0846,463.0,22943.0,2959.0078
956,17.1068,16.1233,1.9792,16.4295,463.0,22562.0,2959.0078
957,16.3608,16.1831,1.9433,16.6638,463.0,19240.0,2959.0078
958,16.6852,15.7992,2.0253,16.1059,463.0,19704.0,2959.0078
959,16.0797,15.9391,1.8334,16.863,463.0,20632.0,2959.0078
960,16.8426,16.2049,1.621,15.909,471.0,23450.0,2959.0078
961,15.9642,15.8895,1.591,17.0846,469.0,21115.0,2959.0078
962,16.9901,16.1541,1.7684,16.1185,467.0,19244.0,2959.0078
963,16.1575,16.0929,1.7176,16.6588,472.0,29747.0,2959.0078
964,16.6445,15.801,1.6898,16.238,467.0,28453.0,2959.0078
965,16.3063,16.087,1.8324,16.3873,465.0,34638.0,2959.0078
966,16.3739,15.9518,1.7508,16.4446,462.0,27820.0,2959.0078
967,16.517,16.1342,1.7713,17.852,468.0,28802.0,2959.0078
968,17.7964,17.6182,2.1086,17.2985,463.0,27684.0,2959.0078
969,17.357,15.9379,1.9641,16.0935,464.0,28564.0,2959.0078
970,16.0197,16.0268,1.708,16.6069,465.0,28460.0,2959.0078
971,16.6117,16.0988,1.7791,16.699,465.0,30164.0,2959.0078
972,16.7577,15.9783,2.0026,16.2528,467.0,30688.0,2959.0078
973,16.2056,16.1127,1.9816,16.9906,465.0,27136.0,2959.0078
974,16.9415,16.2679,1.711,16.8703,463.0,20344.0,2959.0078
975,16.9285,15.9885,1.7879,16.517,463.0,20712.0,2959.0078
976,16.5808,16.1182,1.9106,16.8629,468.0,22402.0,2959.0078
977,16.7831,16.166,1.8508,16.4162,461.0,21092.0,2959.0078
978,16.4571,15.905,2.0495,16.3077,467.0,26808.0,2959.0078
979,16.2769,16.2392,1.8552,16.9352,465.0,22332.0,2959.0078
980,16.8907,16.2222,1.7118,15.8547,463.0,32192.0,2959.0078
981,15.9105,15.8195,1.6925,16.6258,444.0,54558.0,2959.0078
982,16.6027,16.0761,1.8602,16.7558,463.0,19976.0,2959.0078
983,16.7687,16.0994,1.9047,16.7233,464.0,20724.0,2959.0078
984,16.7383,15.9715,2.1685,16.0876,442.0,21756.0,2959.0078
985,16.092,15.8191,1.9434,16.7637,429.0,17152.0,2959.0078
986,16.6977,16.2366,1.7752,16.5446,428.0,17140.0,2959.0078
987,16.551,15.9658,1.5799,16.5935,465.0,28993.0,2959.0078
988,16.6253,16.0974,1.7405,16.6198,470.0,28180.0,2959.0078
989,16.6257,15.7293,1.6849,16.0518,467.0,27246.0,2959.0078
990,16.0472,15.3823,1.7827,17.1074,465.0,24576.0,2959.0078
991,17.0726,15.7319,1.6567,16.4067,463.0,24585.0,2959.0078
992,16.4412,15.9893,1.8345,16.5041,467.0,28395.0,2959.0078
993,16.5117,16.1597,2.0556,16.5599,467.0,23537.0,2959.0078
994,16.6083,16.1431,2.0231,16.5524,467.0,21136.0,2959.0078
995,16.5583,15.7767,1.926,16.7825,466.0,22004.0,2959.0078
996,16.7613,15.1671,1.8893,16.583,465.0,24906.0,2959.0078
997,16.5119,16.1636,1.7475,16.1786,465.0,20448.0,2959.0078
998,16.2044,16.2421,1.758,16.4113,463.0,24592.0,2959.0078
999,16.4288,15.9703,1.7471,17.3078,462.0,24346.0,2959.0078
1000,17.3143,16.1786,2.0138,15.747,461.0,19988.0,2959.0078
1001,15.7381,16.0944,1.6775,16.4561,464.0,19252.0,2959.0078
1002,16.4711,15.9451,1.8416,16.3426,464.0,19252.0,2959.0078
1003,16.3544,16.2304,2.0658,17.0455,462.0,19156.0,2959.0078
1004,17.0452,16.8797,1.9193,17.499,463.0,19240.0,2959.0078
1005,17.5092,15.5945,1.8897,18.685,462.0,20120.0,2959.0078
1006,18.6582,16.4933,1.9865,16.9138,464.0,19944.0,2959.0078
1007,16.9142,16.4149,1.9537,17.2121,463.0,19608.0,2959.0078
1008,17.2131,16.7069,1.9672,18.0737,467.0,20352.0,2959.0078
1009,18.1133,16.8946,2.16,17.1823,467.0,24729.0,2959.0078
1010,17.134,16.7784,2.0283,17.763,467.0,25026.0,2959.0078
1011,17.8112,16.8948,1.9354,17.2316,465.0,23652.0,2959.0078
1012,17.2275,15.535,1.9743,16.5878,465.0,20714.0,2959.0078
1013,16.5986,16.7517,2.0472,17.5403,465.0,26342.0,2959.0078
1014,17.4771,16.6673,1.9764,16.9511,465.0,25058.0,2959.0078
1015,16.9284,17.0162,1.9335,17.4995,462.0,23446.0,2959.0078
1016,17.5321,16.82,1.8821,16.8327,464.0,23149.0,2959.0078
1017,16.8818,16.9308,2.1715,17.8745,464.0,26810.0,2959.0078
1018,17.8466,16.7647,2.3571,17.3587,467.0,27102.0,2959.0078
1019,17.4127,17.0626,2.4739,17.6016,463.0,45840.0,2959.0078
1020,17.5853,16.9935,2.2254,17.8431,467.0,34494.0,2959.0078
1021,17.8589,16.7842,2.0057,17.3461,463.0,43828.0,2959.0078
1022,17.3082,16.8486,1.8819,16.8319,463.0,30584.0,2959.0078
1023,16.7977,16.8326,1.6653,17.32,463.0,19590.0,2959.0078
1024,17.4117,16.5537,1.6907,17.3779,467.0,19708.0,2959.0078
1025,17.3302,16.8379,2.0785,17.655,467.0,21900.0,2959.0078
1026,17.6355,16.4684,1.8918,16.2575,467.0,24646.0,2959.0078
1027,16.233,16.8614,1.9176,18.0594,465.0,23186.0,2959.0078
1028,18.1121,17.2169,2.2655,18.042,465.0,23938.0,2959.0078
1029,17.9853,16.9309,1.9864,17.2689,465.0,21182.0,2959.0078
1030,17.2699,15.3277,1.7794,16.3557,463.0,23628.0,2959.0078
1031,16.3396,15.8451,1.8047,16.8882,463.0,25436.0,2959.0078
1032,16.9124,16.1296,1.7016,16.1001,463.0,21074.0,2959.0078
1033,16.1119,16.0212,1.7975,16.3958,463.0,22751.0,2959.0078
1034,16.3664,15.9671,1.6892,16.5178,463.0,20296.0,2959.0078
1035,16.5648,15.9013,1.7633,16.1105,463.0,22943.0,2959.0078
1036,16.0901,16.2472,1.9193,16.9375,464.0,22574.0,2959.0078
1037,16.9468,15.8436,1.6961,16.1647,463.0,19240.0,2959.0078
1038,16.204,16.3057,1.9435,16.7747,463.0,19704.0,2959.0078
1039,16.7582,16.3713,1.8981,17.7619,463.0,20632.0,2959.0078
1040,17.7514,16.1542,2.0297,16.6723,471.0,23450.0,2959.0078
1041,16.7003,16.1605,2.1873,16.5997,470.0,21127.0,2959.0078
1042,16.582,16.1438,1.8852,16.7644,467.0,19244.0,2959.0078
1043,16.7533,16.2081,1.9949,16.7546,471.0,29735.0,2959.0078
1044,16.7626,16.5045,1.9364,16.7213,467.0,28453.0,2959.0078
1045,16.7969,16.242,2.0947,16.7086,465.0,34638.0,2959.0078
1046,16.6446,16.2756,2.4318,17.571,462.0,27820.0,2959.0078
1047,17.5336,16.9005,2.1418,17.1053,467.0,28790.0,2959.0078
1048,17.0832,16.3666,1.8239,16.8142,463.0,27684.0,2959.0078
1049,16.8908,16.1061,1.9579,16.5734,464.0,28564.0,2959.0078
1050,16.5081,15.921,1.7586,16.1086,465.0,28460.0,2959.0078
1051,16.1665,15.9857,2.0813,16.9032,466.0,30176.0,2959.0078
1052,16.9172,16.2819,2.0196,16.7185,467.0,30688.0,2959.0078
1053,16.703,15.9917,1.9846,15.9305,465.0,27136.0,2959.0078
1054,15.9342,15.9766,1.7753,17.064,463.0,20344.0,2959.0078
1055,17.0367,15.9579,2.0517,17.2016,463.0,20712.0,2959.0078
1056,17.1965,15.6873,1.9012,16.3162,468.0,22402.0,2959.0078
1057,16.3837,16.2369,2.1125,17.1213,467.0,21528.0,2959.0078
1058,17.0779,15.6886,2.0217,16.9862,468.0,27800.0,2959.0078
1059,16.9617,16.7934,2.1039,16.6803,465.0,21228.0,2959.0078
1060,16.7948,16.4608,1.9292,17.3241,464.0,53180.0,2959.0078
1061,17.2071,16.4664,2.3448,16.8125,447.0,34226.0,2959.0078
1062,16.8481,16.4084,2.2507,17.0258,463.0,20344.0,2959.0078
1063,17.0189,16.6551,2.1903,17.1509,461.0,22528.0,2959.0078
1064,17.1531,16.5275,2.03,16.9348,434.0,18604.0,2959.0078
1065,16.9585,16.4096,2.0054,17.3128,428.0,17140.0,2959.0078
1066,17.3183,16.0247,2.0461,16.755,428.0,17140.0,2959.0078
1067,16.7265,16.6888,2.056,17.3401,465.0,28993.0,2959.0078
1068,17.3714,16.5714,1.9703,16.9617,470.0,28180.0,2959.0078
1069,16.9753,16.6062,1.9887,16.7263,467.0,27246.0,2959.0078
1070,16.7027,16.3777,2.0917,17.3857,465.0,24576.0,2959.0078
1071,17.38,16.4672,2.0835,16.8361,463.0,24585.0,2959.0078
1072,16.8088,16.6326,1.9511,17.3045,467.0,28395.0,2959.0078
1073,17.2872,16.4278,1.9528,16.7073,467.0,23537.0,2959.0078
1074,16.7201,16.5827,2.0003,17.1064,467.0,21136.0,2959.0078
1075,17.2791,16.3765,2.1076,16.6341,466.0,22004.0,2959.0078
1076,16.5514,16.1909,2.6117,17.0655,465.0,24906.0,2959.0078
1077,17.09,16.4112,2.4014,21.0572,465.0,20448.0,2959.0078
1078,21.1706,16.4536,2.4723,16.4123,547.0,65014.0,2959.0078
1079,16.231,13.9825,1.9206,11.9514,497.0,82949.0,2959.0078
1080,11.9076,13.2399,1.6888,13.116,332.0,33888.0,2959.0078
1081,13.114,11.2854,1.7623,11.4401,280.0,28572.0,2959.0078
1082,11.4365,12.0085,1.8927,13.0743,263.0,8640.0,2959.0078
1083,13.077,12.3214,1.7664,11.7675,301.0,10876.0,2959.0078
1084,11.8364,12.1662,1.707,14.6703,301.0,7272.0,2959.0078
1085,14.6886,10.9419,1.9341,10.6315,301.0,7736.0,2959.0078
1086,10.5817,11.9631,2.102,11.5443,301.0,8664.0,2959.0078
1087,11.589,12.05,2.2502,12.8577,300.0,10508.0,2979.6953
1088,12.8491,12.1166,1.7908,12.4223,304.0,8192.0,2994.3828
1089,12.3614,10.9737,1.7969,12.2804,306.0,8216.0,2994.3828
1090,12.2707,11.9759,2.2341,11.7353,305.0,7740.0,2994.3828
1091,11.7804,11.8964,1.7399,12.4223,303.0,8666.0,2965.0078
1092,12.3937,11.0636,1.8344,13.0239,304.0,9597.0,2923.6328
1093,13.0283,11.6685,1.7644,11.235,304.0,20422.0,2923.6328
1094,11.2674,11.9128,1.6146,11.9355,300.0,59580.0,2923.6328
1095,11.9171,11.8873,1.7041,12.7422,267.0,5232.0,2923.6328
1096,12.7751,10.796,1.9632,11.7772,265.0,5160.0,2923.6328
1097,11.7423,11.935,1.9892,12.2621,266.0,5172.0,2923.6328
1098,12.2459,11.5868,1.8464,11.4024,266.0,5172.0,2923.6328
1099,11.4061,11.8696,1.62,13.0506,303.0,15906.0,2923.6328
1100,13.0819,10.8977,1.823,11.2434,304.0,16951.0,2923.6328
1101,11.2085,11.5719,1.7303,11.8861,297.0,15208.0,2923.6328
1102,11.9223,11.5229,1.8269,11.8969,266.0,5684.0,2923.6328
1103,11.9624,10.8033,1.786,12.2635,300.0,16228.0,2923.6328
1104,12.1728,10.835,1.6973,11.8424,307.0,9845.0,2923.6328
1105,11.8457,11.717,1.789,12.0653,309.0,10937.0,2923.6328
1106,12.098,11.7624,1.6905,12.1593,306.0,9335.0,2923.6328
1107,12.1889,10.9199,1.6151,11.3004,302.0,9522.0,2923.6328
1108,11.1973,11.7584,1.6915,11.9167,303.0,10336.0,2923.6328
1109,11.8893,11.6185,1.4629,12.5217,301.0,10542.0,2923.6328
1110,12.5796,10.9087,1.6372,12.2612,297.0,10355.0,2923.6328
1111,12.2123,11.5376,1.7235,11.3486,299.0,21304.0,2923.6328
1112,11.3864,11.8787,1.6674,12.152,299.0,14168.0,2923.6328
1113,12.1317,11.6751,1.4052,12.6199,302.0,14043.0,2923.6328
1114,12.7026,10.8748,1.6325,11.361,304.0,21351.0,2923.6328
1115,11.3347,11.9362,1.8692,11.5955,305.0,19726.0,2923.6328
1116,11.5954,11.6714,1.935,12.4597,299.0,9732.0,2923.6328
1117,12.4197,11.6275,1.6183,12.3728,300.0,8072.0,2923.6328
1118,12.3749,10.8929,1.5277,11.7564,302.0,10799.0,2923.6328
1119,11.7578,11.4196,1.6337,11.0441,304.0,18897.0,2923.6328
1120,11.0622,11.5787,1.8726,12.4457,306.0,18428.0,2923.6328
1121,12.4214,10.9794,1.7514,11.9178,305.0,9787.0,2923.6328
1122,11.9039,11.3203,1.6352,11.6054,307.0,16685.0,2923.6328
1123,11.7356,11.5605,1.6686,11.7425,302.0,10492.0,2923.6328
1124,11.6307,11.4717,1.6936,12.1178,301.0,12266.0,2923.6328
1125,12.0973,10.857,1.5249,11.2059,303.0,10810.0,2923.6328
1126,11.2395,11.3193,1.6665,11.6927,301.0,8476.0,2923.6328
1127,11.7702,11.5337,1.6837,12.2368,300.0,13818.0,2923.6328
1128,12.1736,10.8181,1.3489,11.7266,299.0,18162.0,2923.6328
1129,11.9065,11.5251,1.6481,11.5413,300.0,10656.0,2923.6328
1130,11.3324,11.4307,1.4348,12.2427,299.0,8690.0,2923.6328
1131,12.2423,10.8112,1.5696,11.5417,299.0,10748.0,2923.6328
1132,11.593,10.9523,1.7606,11.7524,299.0,19786.0,2923.6328
1133,11.7413,11.8908,1.7858,12.3906,300.0,15692.0,2923.6328
1134,12.4309,11.7601,1.4783,12.1006,299.0,11468.0,2923.6328
1135,12.0641,10.8927,1.4082,11.9697,300.0,7704.0,2923.6328
1136,12.0204,11.9208,1.6893,12.2689,303.0,7766.0,2923.6328
1137,12.2858,12.6459,2.3674,14.4065,303.0,7766.0,2923.6328
1138,14.4198,11.3666,2.4407,13.4349,304.0,24148.0,2923.6328
1139,13.4146,10.9499,2.2777,10.6703,301.0,9946.0,2923.6328
1140,10.6372,12.5212,1.9567,12.1268,301.0,14488.0,2923.6328
1141,12.223,12.5801,2.153,13.0414,301.0,10578.0,2923.6328
1142,12.9268,12.4733,2.001,13.1108,300.0,7704.0,2923.6328
1143,13.1135,10.8635,2.0222,11.5229,299.0,7692.0,2923.6328
1144,11.5176,12.3242,1.9239,13.7171,301.0,9108.0,2923.6328
1145,13.7606,12.6572,2.0901,12.4443,300.0,10024.0,2923.6328
1146,12.4376,12.4536,2.0273,12.8038,299.0,8156.0,2923.6328
1147,12.8267,10.8288,2.3791,12.1621,300.0,7704.0,2923.6328
1148,12.1382,12.4481,1.9887,12.7812,300.0,9096.0,2923.6328
1149,12.7933,12.7421,2.4755,12.1288,302.0,9111.0,2923.6328
1150,12.0423,12.3489,1.9349,13.552,302.0,15792.0,2923.6328
1151,13.671,10.9323,2.5062,11.4472,299.0,33228.0,2923.6328
1152,11.5101,12.4158,2.1566,12.5876,291.0,37904.0,2923.6328
1153,12.5122,12.921,2.1393,13.4835,269.0,5144.0,2923.6328
1154,13.503,12.4266,2.1827,13.5322,268.0,5132.0,2923.6328
1155,13.5398,10.9185,2.2603,11.3626,303.0,15706.0,2923.6328
1156,11.3055,12.665,1.9825,13.3248,303.0,17055.0,2923.6328
1157,13.2903,12.5275,2.0367,12.108,303.0,15334.0,2923.6328
1158,12.1156,12.3995,1.788,13.7553,270.0,5856.0,2923.6328
1159,13.7706,10.8472,2.1834,10.7043,299.0,16368.0,2923.6328
1160,10.6981,12.2892,1.9121,13.3018,305.0,12156.0,2923.6328
1161,13.3648,12.5888,2.0795,12.5401,302.0,8442.0,2923.6328
1162,12.4674,12.4529,2.1043,13.6272,302.0,11371.0,2923.6328
1163,13.6887,11.2429,2.3111,13.2605,300.0,7460.0,2923.6328
1164,13.2297,12.2407,2.1053,11.5568,302.0,10346.0,2923.6328
1165,11.5493,12.6539,2.1823,12.5536,301.0,10932.0,2923.6328
1166,12.6623,12.5889,2.0797,13.3054,299.0,15295.0,2923.6328
1167,13.2545,11.9451,2.0565,12.9415,299.0,16580.0,2923.6328
1168,12.9366,11.5985,2.1047,11.9568,304.0,17056.0,2923.6328
1169,11.9284,12.6213,1.9006,12.9977,306.0,12399.0,2923.6328
1170,13.0157,12.0282,2.1422,12.5298,305.0,19631.0,2923.6328
1171,12.5822,11.8044,2.1163,12.5878,308.0,19740.0,2923.6328
1172,12.5222,11.0132,2.5545,13.0675,301.0,9734.0,2923.6328
1173,13.1726,12.0405,2.5788,11.8953,301.0,9750.0,2923.6328
1174,11.904,12.2028,2.8839,12.3839,302.0,12911.0,2923.6328
1175,12.2624,12.1369,2.6914,13.1554,303.0,18421.0,2923.6328
1176,13.1792,11.2161,2.2497,11.367,302.0,15088.0,2923.6328
1177,11.3591,11.9773,2.5275,12.3483,302.0,9953.0,2923.6328
1178,12.4307,12.0527,2.3324,12.9353,302.0,18385.0,2923.6328
1179,12.9099,11.3015,2.2519,11.9099,300.0,8616.0,2923.6328
1180,11.8319,11.8862,1.9562,12.0549,300.0,12276.0,2923.6328
1181,12.1448,11.8745,2.1583,12.0969,299.0,10784.0,2923.6328
1182,12.0598,12.2618,2.0223,13.043,300.0,9760.0,2923.6328
1183,12.9411,11.3718,1.8512,11.9469,300.0,14118.0,2923.6328
1184,11.9501,11.9407,1.7317,12.3302,304.0,16740.0,2923.6328
1185,12.3803,12.1899,1.9338,12.186,303.0,10490.0,2923.6328
1186,12.169,12.3404,1.8423,13.3235,303.0,9434.0,2923.6328
1187,13.4332,11.33,2.0123,12.3748,302.0,10556.0,2923.6328
1188,12.3817,12.0828,1.9445,12.1668,303.0,19278.0,2923.6328
1189,12.0495,11.9973,1.9525,12.7409,301.0,16110.0,2923.6328
1190,12.7167,12.0267,1.7145,12.2618,300.0,11052.0,2923.6328
1191,12.2828,11.2172,1.8019,12.7064,299.0,7692.0,2923.6328
1192,12.6922,11.559,1.6802,11.5784,300.0,7774.0,2923.6328
1193,11.5668,12.0648,1.957,12.6843,299.0,7762.0,2923.6328
1194,12.7328,12.0389,2.0795,13.6201,300.0,24144.0,2923.6328
1195,13.6238,11.2315,2.0243,11.9192,299.0,13840.0,2923.6328
1196,11.9257,12.2365,1.9119,11.9092,299.0,10590.0,2923.6328
1197,11.926,12.0494,2.0836,11.7927,301.0,11064.0,2923.6328
1198,11.7409,12.0348,1.783,13.2213,299.0,7228.0,2923.6328
1199,13.268,11.2124,2.2707,12.0318,299.0,8156.0,2923.6328
1200,12.1237,11.2913,2.2035,12.7019,303.0,8624.0,2923.6328
1201,12.605,12.2285,2.1113,12.4632,304.0,10028.0,2923.6328
1202,12.4314,11.8545,2.1119,11.877,303.0,8160.0,2923.6328
1203,11.9001,11.1822,2.1943,12.3358,302.0,8170.0,2923.6328
1204,12.347,11.7325,1.7387,11.635,303.0,8646.0,2923.6328
1205,11.6639,11.7861,1.9954,12.3636,305.0,12925.0,2923.6328
1206,12.2894,11.7253,1.8763,12.4963,302.0,22456.0,2923.6328
1207,12.5695,11.2373,2.2844,12.3158,296.0,22536.0,2923.6328
1208,12.2572,11.6881,2.0527,11.4942,285.0,37780.0,2923.6328
1209,11.5074,11.9757,1.9542,12.4991,265.0,5140.0,2923.6328
1210,12.5064,11.1283,2.0804,11.6582,264.0,5128.0,2923.6328
1211,11.7304,11.6585,1.7905,12.3182,300.0,15692.0,2923.6328
1212,12.2431,11.9148,1.9396,12.4563,301.0,17053.0,2923.6328
1213,12.4414,12.1658,2.2554,12.303,300.0,15368.0,2923.6328
1214,12.3699,11.23,2.3805,12.6364,275.0,7132.0,2923.6328
1215,12.6199,12.1723,1.957,12.7937,301.0,16058.0,2923.6328
1216,12.7766,12.201,2.0969,12.8609,307.0,11494.0,2923.6328
1217,12.8274,12.1596,2.2769,11.8522,307.0,10566.0,2923.6328
1218,11.9501,11.2122,2.1568,12.9033,305.0,9427.0,2923.6328
1219,12.8693,12.1855,2.0268,12.8876,303.0,10624.0,2923.6328
1220,12.8408,12.1137,1.9479,11.3091,303.0,7430.0,2923.6328
1221,11.3267,12.225,1.9786,12.8097,303.0,11058.0,2923.6328
1222,12.8146,11.1662,2.0819,11.5886,297.0,14779.0,2923.6328
1223,11.5844,11.9273,2.0306,12.2752,300.0,16592.0,2923.6328
1224,12.3107,12.2687,2.424,13.5445,300.0,18648.0,2923.6328
1225,13.553,12.3844,2.4935,12.7485,296.0,10487.0,2923.6328
1226,12.8,11.2555,2.4878,12.1573,301.0,19627.0,2923.6328
1227,12.116,11.9334,2.1149,12.9579,306.0,19738.0,2923.6328
1228,12.9155,12.4756,2.0825,13.8432,300.0,9744.0,2923.6328
1229,13.8781,12.2512,2.3205,12.0437,300.0,9760.0,2923.6328
1230,12.0995,11.2004,2.2304,11.6549,303.0,15541.0,2923.6328
1231,11.5622,12.2522,1.9756,13.2142,302.0,14355.0,2923.6328
1232,13.3471,12.5304,2.2855,12.8048,304.0,14350.0,2923.6328
1233,12.6227,12.5143,2.511,13.0944,305.0,9227.0,2923.6328
1234,13.1436,11.4331,2.405,13.1012,305.0,17659.0,2923.6328
1235,13.1709,12.5977,2.415,12.4014,300.0,7876.0,2923.6328
1236,12.48,12.5361,2.2573,12.0815,300.0,11536.0,2923.6328
1237,11.9343,12.5022,2.1061,12.6368,301.0,10068.0,2923.6328
1238,12.641,11.2023,2.0515,13.1169,299.0,9030.0,2923.6328
1239,13.1288,11.8788,1.9566,12.8682,299.0,14984.0,2923.6328
1240,12.8724,12.6532,2.0367,12.3243,298.0,15994.0,2923.6328
1241,12.3199,12.5804,2.2957,12.9953,298.0,8588.0,2923.6328
1242,12.9694,12.3574,2.3235,12.644,298.0,8806.0,2923.6328
1243,12.6636,11.1335,2.4007,12.7913,299.0,9290.0,2923.6328
1244,12.8147,12.5196,2.0091,12.4607,299.0,18534.0,2923.6328
1245,12.4919,12.2951,2.1969,12.9217,299.0,15390.0,2923.6328
1246,12.969,12.0825,2.012,12.1279,298.0,10310.0,2923.6328
1247,12.0327,11.1131,2.3963,12.5779,299.0,6974.0,2923.6328
1248,12.5548,12.4115,1.9858,12.6615,303.0,7048.0,2923.6328
1249,12.8159,12.4529,2.1204,12.9126,303.0,7048.0,2923.6328
1250,12.7717,12.4497,2.0073,14.8986,302.0,23406.0,2923.6328
1251,14.9973,12.4832,2.4355,13.1541,302.0,14810.0,2923.6328
1252,13.1394,12.941,2.4976,12.7608,300.0,8188.0,2923.6328
1253,12.7235,12.5843,2.4616,11.8817,300.0,10312.0,2923.6328
1254,11.9032,12.3227,2.2595,12.5852,298.0,6498.0,2923.6328
1255,12.5138,11.8943,1.8766,13.215,298.0,7426.0,2923.6328
1256,13.2247,11.1475,1.8258,13.1597,298.0,8354.0,2923.7578
1257,13.1625,12.4075,1.8335,11.8016,298.0,8818.0,2923.7578
1258,11.8105,12.496,2.1506,12.5369,298.0,7426.0,2923.7578
1259,12.4999,11.926,1.557,13.3883,299.0,7438.0,2923.7578
1260,13.4762,11.1534,1.8504,11.7864,298.0,7890.0,2923.7578
1261,11.7267,12.7166,1.8706,14.0522,301.0,12181.0,2923.7578
1262,14.0782,12.4766,1.8433,11.9377,299.0,21702.0,2923.7578
1263,12.0038,12.2359,1.7287,12.835,298.0,32498.0,2923.7578
1264,12.8366,11.1984,1.9123,12.1063,283.0,26290.0,2923.7578
1265,12.0299,12.4348,1.941,12.9936,267.0,4402.0,2923.7578
1266,12.9647,12.5672,1.7912,12.5804,269.0,11142.0,2923.7578
1267,12.6564,12.4456,1.5834,13.9555,301.0,8808.0,2923.7578
1268,13.9157,11.4209,2.475,11.7452,303.0,16461.0,2923.7578
1269,11.7245,11.8852,1.9312,12.644,300.0,14040.0,2923.7578
1270,12.7117,12.542,1.7923,12.1734,279.0,7290.0,2923.7578
1271,12.1204,12.4043,1.9509,13.5533,299.0,14804.0,2923.7578
1272,13.5542,11.2035,1.9547,13.5172,304.0,12898.0,2923.7578
1273,13.5793,12.4124,2.1327,11.9201,301.0,7878.0,2923.7578
1274,11.8677,12.4458,1.9327,12.0499,304.0,11767.0,2923.7578
1275,12.0207,12.232,1.6988,12.717,298.0,6546.0,2923.7578
1276,12.7487,12.025,2.4515,13.2682,299.0,7470.0,2923.7578
1277,13.2686,11.1037,1.961,11.954,302.0,13390.0,2923.7578
1278,12.0777,12.5024,2.0291,12.2495,293.0,10141.0,2923.7578
1279,12.1671,12.3082,2.1634,12.7582,299.0,17458.0,2923.7578
1280,12.6952,11.515,1.8905,13.0371,303.0,16326.0,2923.7578
1281,13.0619,11.1375,1.6833,12.11,307.0,13584.0,2923.7578
1282,12.1232,12.2862,1.7419,12.6923,302.0,15390.0,2923.7578
1283,12.8196,12.3419,2.0879,12.6484,306.0,20434.0,2923.7578
1284,12.4483,12.0273,1.5753,11.9914,300.0,7568.0,2923.7578
1285,11.9964,11.1286,1.357,12.261,304.0,10915.0,2923.7578
1286,12.3156,12.3117,1.6457,12.1684,300.0,15968.0,2923.7578
1287,12.1531,11.8458,1.8217,13.1188,301.0,12497.0,2923.7578
1288,13.1204,11.9065,1.4966,12.9626,301.0,14052.0,2923.7578
1289,12.9914,11.3292,1.8324,11.6905,300.0,11615.0,2923.7578
1290,11.6693,12.3139,1.7163,12.5885,301.0,15093.0,2923.7578
1291,12.7408,12.0745,2.0921,12.6893,299.0,9638.0,2923.7578
1292,12.4992,11.9626,1.7706,12.887,298.0,9782.0,2923.7578
1293,12.9592,11.2949,1.851,11.5316,299.0,10828.0,2923.7578
1294,11.4753,12.2667,1.6547,12.2914,299.0,10644.0,2923.7578
1295,12.376,12.0577,1.8816,12.4967,298.0,15038.0,2923.7578
1296,12.4143,11.4332,1.7479,14.6413,303.0,13846.0,2923.7578
1297,14.672,12.5463,1.8718,11.794,302.0,9160.0,2923.7578
1298,11.8294,12.7733,2.0673,12.8068,302.0,8584.0,2923.7578
1299,12.8118,12.7236,2.0385,12.6774,302.0,8684.0,2923.7578
1300,12.6351,12.5477,2.0205,13.453,300.0,18524.0,2923.7578
1301,13.4922,11.127,2.0047,11.9039,300.0,17054.0,2923.7578
1302,11.8571,12.7555,1.6959,13.6766,298.0,8636.0,2923.7578
1303,13.7158,12.5024,1.779,12.0949,298.0,7496.0,2923.7578
1304,12.0758,12.581,1.7597,13.5947,298.0,6498.0,2923.7578
1305,13.6054,11.6141,1.9448,13.134,298.0,15484.0,2923.7578
1306,13.1236,12.4778,1.779,12.0534,299.0,19322.0,2923.7578
1307,12.087,12.5657,1.8349,13.1645,299.0,10436.0,2923.7578
1308,13.1461,12.9659,1.9569,13.2118,298.0,8650.0,2923.7578
1309,13.1567,11.7438,1.6742,13.0962,299.0,9858.0,2923.7578
1310,13.1312,11.0983,1.6301,11.696,300.0,6986.0,2923.7578
1311,11.7087,12.5599,1.7503,13.5807,298.0,6962.0,2923.7578
1312,13.5681,12.89,1.78,12.5396,304.0,8382.0,2923.7578
1313,12.5115,12.5273,1.6995,13.1802,302.0,9286.0,2923.7578
1314,13.1742,11.1279,1.646,11.5809,302.0,7430.0,2923.7578
1315,11.6067,12.748,1.9455,13.8391,300.0,7428.0,2923.7578
1316,13.8775,12.7767,1.8554,12.5299,302.0,11252.0,2923.7578
1317,12.4804,12.6733,1.5774,13.6508,303.0,14079.0,2923.7578
1318,13.7091,11.1597,1.8881,13.2059,299.0,24614.0,2923.7578
1319,13.2775,12.5268,1.7542,11.926,288.0,28522.0,2923.7578
1320,11.891,13.01,1.6567,12.6435,278.0,20994.0,2923.7578
1321,12.6467,11.7813,2.0405,13.1867,263.0,4398.0,2923.7578
1322,13.1228,12.2099,1.7248,13.7252,276.0,12526.0,2923.7578
1323,13.7257,11.6202,1.8871,11.8422,298.0,8252.0,2923.7578
1324,11.9199,12.7864,1.9432,13.6093,301.0,22869.0,2923.7578
1325,13.5305,12.8715,1.9177,12.5369,294.0,7522.0,2923.7578
1326,12.4989,12.6515,1.6629,13.4713,286.0,7662.0,2923.7578
1327,13.5489,11.3511,2.1849,13.3061,299.0,16476.0,2923.7578
1328,13.2657,11.6046,1.7955,11.5331,307.0,11050.0,2923.7578
1329,11.5532,12.2157,1.8732,12.9173,307.0,10980.0,2923.7578
1330,12.9487,13.1349,1.9644,13.5177,305.0,8365.0,2923.7578
1331,13.4573,12.2701,1.7551,12.4254,300.0,6916.0,2923.7578
1332,12.4114,11.1226,1.3947,11.2397,302.0,11308.0,2923.7578
1333,11.2873,11.9856,1.721,12.4348,296.0,9124.0,2923.7578
1334,12.3744,12.0422,1.8326,13.0504,289.0,9641.0,2923.7578
1335,13.0733,11.0956,1.6605,12.1533,299.0,17458.0,2923.7578
1336,12.226,11.8717,1.7131,11.7193,300.0,16286.0,2923.7578
1337,11.6339,12.0589,1.7437,12.5626,303.0,13628.0,2923.7578
1338,12.5946,12.1382,1.4654,12.3311,299.0,15766.0,2923.7578
1339,12.4252,11.1653,2.0272,12.2793,304.0,20064.0,2923.7578
1340,12.1419,11.9364,1.4161,12.0007,300.0,7590.0,2923.7578
1341,12.1886,12.0022,1.7137,12.3625,300.0,10889.0,2923.7578
1342,12.2939,12.0655,1.6514,13.0247,301.0,15980.0,2923.7578
1343,12.9684,11.1301,1.7853,11.6182,301.0,12497.0,2923.7578
1344,11.5753,11.5108,1.573,12.5019,304.0,14322.0,2923.7578
1345,12.5547,11.9538,1.6726,12.3502,304.0,11341.0,2923.7578
1346,12.2951,12.2149,1.641,12.5316,305.0,15097.0,2923.7578
1347,12.567,11.2204,1.8055,12.3436,300.0,9628.0,2923.7578
1348,12.3434,11.773,1.6421,12.3162,301.0,9796.0,2923.7578
1349,12.3376,12.0615,1.7519,12.0671,300.0,10818.0,2923.7578
1350,12.0168,11.9099,1.5915,12.3835,298.0,10632.0,2923.7578
1351,12.4249,11.1411,1.6767,12.031,299.0,15050.0,2923.7578
1352,12.0415,11.9052,1.7035,12.582,298.0,14364.0,2923.7578
1353,12.6196,12.2508,2.0927,12.092,298.0,8622.0,2923.7578
1354,12.0112,11.057,2.1103,12.4814,298.0,8580.0,2923.7578
1355,12.5381,11.8137,1.7342,11.8612,298.0,8658.0,2923.7578
1356,11.8271,11.7328,1.8925,12.0482,299.0,18534.0,2923.7578
1357,12.0295,11.873,2.0339,12.7661,299.0,17064.0,2923.7578
1358,12.8167,11.0583,1.9001,11.1996,298.0,8636.0,2923.7578
1359,11.1689,11.6655,1.7725,12.2017,298.0,7496.0,2923.7578
1360,12.2717,11.4979,1.8138,12.3952,302.0,6502.0,2923.7578
1361,12.3395,11.7767,1.5981,12.2211,302.0,16022.0,2923.7578
1362,12.1586,11.1384,1.6028,11.8092,303.0,18792.0,2923.7578
1363,11.848,11.6404,1.7481,11.6674,300.0,10426.0,2923.7578
1364,11.6773,11.4947,1.7971,13.046,300.0,8652.0,2923.7578
1365,13.0604,11.1635,1.8028,11.4448,300.0,9848.0,2923.7578
1366,11.4369,11.5662,1.8196,11.752,298.0,6962.0,2923.7578
1367,11.7663,11.5773,1.6141,11.9203,298.0,6962.0,2923.7578
1368,11.9848,11.5519,1.6377,12.4839,299.0,8366.0,2923.7578
1369,12.4412,11.1536,1.7669,11.6116,300.0,9306.0,2923.7578
1370,11.5678,11.7747,1.7409,11.7478,298.0,7426.0,2923.7578
1371,11.7837,11.7226,1.726,12.3744,298.0,7426.0,2923.7578
1372,12.4375,11.8369,1.5472,12.3859,299.0,11238.0,2923.7578
1373,12.3077,11.1821,1.6504,12.254,300.0,14065.0,2923.7578
1374,12.2435,12.1093,1.7033,11.9548,300.0,25090.0,2923.7578
1375,11.9166,12.1762,1.4625,12.8087,293.0,38822.0,2923.7578
1376,12.8745,11.0843,1.6037,12.082,276.0,10174.0,2923.7578
1377,12.1374,11.961,1.8057,12.7311,267.0,4402.0,2923.7578
1378,12.6698,12.1534,1.7841,12.5623,286.0,12842.0,2923.7578
1379,12.6079,12.2485,1.9244,12.3222,302.0,10589.0,2923.7578
1380,12.2711,11.116,1.9101,12.392,300.0,20648.0,2923.7578
1381,12.4549,11.3495,1.5004,11.9298,300.0,8056.0,2923.7578
1382,11.9265,11.7866,1.4557,12.1131,284.0,9138.0,2923.7578
1383,12.0592,11.8717,1.6536,12.8527,301.0,14866.0,2923.7578
1384,12.8587,11.3416,1.9529,11.9402,304.0,14002.0,2923.7578
1385,11.9417,12.3723,1.6597,12.1216,300.0,7522.0,2923.7578
1386,12.07,11.9271,1.2592,12.5843,300.0,8885.0,2923.7578
1387,12.6262,11.7575,1.5503,12.6762,299.0,6916.0,2923.7578
1388,12.7411,11.1866,1.742,11.9959,303.0,11772.0,2923.7578
1389,11.8573,12.2507,1.3664,12.3123,288.0,8354.0,2923.7578
1390,12.411,11.9043,1.6562,12.4264,292.0,9465.0,2923.7578
1391,12.394,11.9138,1.7145,12.9568,298.0,18994.0,2923.7578
1392,12.9669,11.1148,1.6479,11.4784,303.0,14730.0,2923.7578
1393,11.4347,12.2513,1.7026,12.3272,306.0,15216.0,2923.7578
1394,12.3699,12.189,1.5838,12.8923,303.0,15242.0,2923.7578
1395,12.8227,11.5587,1.5731,12.3764,306.0,18998.0,2923.7578
1396,12.4318,11.1818,1.7875,12.2187,300.0,7936.0,2923.7578
1397,12.255,12.2139,1.4853,11.9055,306.0,17707.0,2923.7578
1398,11.7937,11.7693,1.4493,12.5056,298.0,8966.0,2923.7578
1399,12.5921,11.1105,2.0833,12.5859,302.0,12629.0,2923.7578
1400,12.603,11.9693,1.7818,12.0356,300.0,14040.0,2923.7578
1401,11.996,12.3431,1.6411,12.6258,300.0,11337.0,2923.7578
1402,12.6864,11.918,1.8236,12.1465,301.0,16689.0,2923.7578
1403,12.0785,11.1441,1.8382,12.2077,299.0,8042.0,2923.7578
1404,12.3045,11.5216,1.7748,12.301,299.0,9952.0,2923.7578
1405,12.2785,12.037,1.4985,11.7449,298.0,11122.0,2923.7578
1406,11.807,11.7476,1.6446,12.8562,298.0,10324.0,2923.7578
1407,12.7778,11.1934,1.4773,12.4445,299.0,16774.0,2923.7578
1408,12.4438,12.007,1.7364,12.6716,302.0,12488.0,2923.7578
1409,12.6228,11.9931,1.7954,11.7689,302.0,8626.0,2923.7578
1410,11.799,11.8196,1.7956,12.3751,302.0,8584.0,2923.7578
1411,12.33,11.3738,1.6947,12.2661,301.0,9100.0,2923.7578
1412,12.2898,12.1012,1.6048,12.0054,300.0,26548.0,2923.7578
1413,12.0125,12.0384,1.4718,12.4233,301.0,8614.0,2923.7578
1414,12.4473,11.9878,1.6217,13.0913,298.0,8636.0,2923.7578
1415,13.0878,11.1713,1.8258,11.9059,298.0,7496.0,2923.7578
1416,11.8754,12.2347,1.5851,12.0872,298.0,15484.0,2923.7578
1417,12.0752,11.8802,1.6033,12.4358,300.0,8744.0,2923.7578
1418,12.4939,11.7465,1.9646,13.0449,300.0,17112.0,2923.7578
1419,13.0862,11.4084,1.7247,11.5136,298.0,10888.0,2923.7578
1420,11.4187,12.0273,1.5067,11.967,298.0,8186.0,2923.7578
1421,12.0273,11.9588,1.5999,12.8402,298.0,9846.0,2923.7578
1422,12.813,11.1168,1.6274,12.7625,298.0,6962.0,2923.7578
1423,12.8527,11.8672,1.8054,11.5616,299.0,6974.0,2923.7578
1424,11.5012,12.0187,1.7087,12.1137,302.0,8822.0,2923.7578
1425,12.129,12.1936,1.3376,12.9591,303.0,8834.0,2923.7578
1426,12.9521,11.1694,1.7237,12.104,305.0,7930.0,2923.7578
1427,12.0702,11.8498,1.944,12.8362,301.0,10312.0,2923.7578
1428,12.83,12.2896,1.757,12.3936,300.0,13124.0,2923.7578
1429,12.3939,12.061,1.4795,12.5666,302.0,9299.0,2923.7578
1430,12.6624,10.8978,2.1266,11.5455,299.0,25230.0,2923.7578
1431,11.4961,12.2284,1.9069,12.4683,297.0,43678.0,2923.7578
1432,12.4601,12.1987,1.9174,12.6495,263.0,4398.0,2923.7578
1433,12.6575,11.9716,1.4897,12.1317,288.0,13566.0,2923.7578
1434,12.1097,10.8654,1.5415,12.448,300.0,23751.0,2923.7578
1435,12.4373,12.1522,1.7929,12.7114,298.0,7626.0,2923.7578
1436,12.7806,12.3719,2.0107,12.8715,299.0,9662.0,2923.7578
1437,12.7891,12.2084,1.7031,12.0954,290.0,8362.0,2923.7578
1438,12.1126,10.831,1.8921,11.7784,301.0,17216.0,2923.7578
1439,11.8843,11.9664,1.9202,11.7196,302.0,10560.0,2923.7578
1440,11.7128,11.8478,1.7297,12.9281,305.0,8074.0,2923.7578
1441,12.8128,10.9174,1.9284,14.0895,306.0,8903.0,2923.7578
1442,14.3718,11.8082,2.391,10.5467,304.0,8800.0,2923.7578
1443,10.3159,12.2191,2.1906,11.4211,302.0,10852.0,2923.7578
1444,11.3963,11.9247,1.9155,12.8567,287.0,8326.0,2923.7578
1445,12.8596,10.8476,2.0705,11.6997,292.0,10929.0,2923.7578
1446,11.678,11.6967,1.8127,11.8505,298.0,15850.0,2923.7578
1447,11.866,12.0784,1.935,12.0602,301.0,16346.0,2923.7578
1448,12.0737,11.8726,1.8578,12.4989,303.0,15064.0,2923.7578
1449,12.5199,10.8574,1.7621,12.4964,301.0,15673.0,2923.7578
1450,12.522,11.9532,1.9785,11.707,302.0,17125.0,2923.7578
1451,11.7356,12.1423,2.0017,12.3176,300.0,11493.0,2923.7578
1452,12.2078,10.8682,1.7927,12.8607,300.0,14122.0,2923.7578
1453,12.9116,11.7031,1.7796,12.0618,298.0,9402.0,2923.7578
1454,12.0592,12.2708,1.8261,11.5394,301.0,12181.0,2923.7578
1455,11.5285,12.3468,1.7643,13.2477,301.0,14052.0,2923.7578
1456,13.2906,10.899,1.9854,12.8219,305.0,11353.0,2923.7578
1457,12.7842,12.0863,1.8808,12.8032,305.0,16849.0,2923.7578
1458,12.8186,13.0099,1.9811,12.0062,302.0,8876.0,2923.7578
1459,12.1045,13.0453,2.1244,13.6306,302.0,10008.0,2923.7578
1460,13.5511,11.5868,2.3632,13.8757,300.0,10932.0,2923.7578
1461,13.8589,11.3315,2.1058,11.5091,302.0,10092.0,2923.7578
1462,11.5126,12.618,2.2006,13.5239,298.0,18046.0,2923.7578
1463,13.5524,13.0237,1.963,12.7906,299.0,10622.0,2923.7578
1464,12.7245,12.6603,1.6708,13.427,300.0,8646.0,2923.7578
1465,13.4565,10.8712,2.2919,11.4635,298.0,8580.0,2923.7578
1466,11.477,12.6694,1.8897,13.559,298.0,9550.0,2923.7578
1467,13.5447,12.8657,2.0586,12.3568,298.0,26510.0,2923.7578
1468,12.3626,12.7062,1.9298,13.9981,298.0,9846.0,2923.7578
1469,14.0041,11.2452,1.9835,13.1885,299.0,6974.0,2923.7578
1470,13.1792,10.8639,1.818,12.0053,298.0,8030.0,2923.7578
1471,12.0124,12.7816,1.9688,12.7746,298.0,14950.0,2923.7578
1472,12.8212,12.8632,2.2881,13.3626,302.0,17176.0,2923.7578
1473,13.3227,12.7064,1.6902,13.0213,303.0,8652.0,2923.7578
1474,13.039,10.8797,1.7512,12.1271,304.0,10916.0,2923.7578
1475,12.1259,12.8991,1.9952,13.2911,300.0,9862.0,2923.7578
1476,13.2603,12.5974,1.8257,12.2199,300.0,8638.0,2923.7578
1477,12.2454,12.488,1.8592,13.25,300.0,6964.0,2923.7578
1478,13.2389,11.0713,2.1983,11.95,299.0,7438.0,2923.7578
1479,11.9309,12.5862,1.8852,13.0593,298.0,7890.0,2923.7578
1480,13.0298,12.4738,1.8353,12.7149,298.0,9746.0,2923.7578
1481,12.7898,12.7786,2.0964,13.6947,299.0,10310.0,2923.7578
1482,13.6908,11.9109,1.8858,12.6088,299.0,12206.0,2923.7578
1483,12.5548,10.8585,1.9581,12.192,298.0,8354.0,2923.7578
1484,12.2127,12.4662,1.8286,12.0933,301.0,14077.0,2923.7578
1485,12.1806,12.6455,1.6978,13.2499,300.0,36322.0,2923.7578
1486,13.1334,12.1249,1.7119,12.9829,291.0,26958.0,2923.7578
1487,13.0106,10.917,1.7712,11.7331,267.0,4446.0,2923.7578
1488,11.7664,12.4535,2.0381,12.9217,298.0,15887.0,2923.7578
1489,12.9168,12.6403,1.9882,12.7267,302.0,21802.0,2923.7578
1490,12.708,12.3346,1.7604,13.1606,303.0,9626.0,2923.7578
1491,13.1924,10.9287,1.8534,11.8954,301.0,7982.0,2923.7578
1492,11.864,12.5503,1.8579,12.4626,300.0,12204.0,2923.7578
1493,12.4877,12.0279,1.9979,12.4367,301.0,13312.0,2923.7578
1494,12.4396,11.9861,1.862,12.5528,303.0,11108.0,2923.8828
1495,12.5392,10.963,1.7421,12.0873,300.0,7986.0,2923.8828
1496,12.0773,11.8255,1.7772,12.695,303.0,10793.0,2923.8828
1497,12.7461,12.1402,2.2609,11.8453,299.0,7332.0,2923.8828
1498,11.9122,11.6502,1.8125,11.67,300.0,12692.0,2923.8828
1499,11.533,10.8272,1.5149,11.6891,278.0,5264.0,2923.8828
1500,11.7364,11.7823,1.7042,12.0494,296.0,17031.0,2923.8828
1501,11.9662,11.8018,1.4605,12.7183,299.0,15098.0,2923.8828
1502,12.7424,10.7696,1.4358,10.9707,300.0,14685.0,2923.8828
1503,11.0569,11.7366,1.5927,12.3647,303.0,13628.0,2923.8828
1504,12.3763,12.1266,1.5646,12.4938,302.0,13794.0,2923.8828
1505,12.3851,11.8586,1.6687,12.924,307.0,18209.0,2923.8828
1506,12.9631,10.905,1.8268,11.4948,306.0,14253.0,2923.8828
1507,11.4987,11.6512,1.8186,11.6783,301.0,10748.0,2923.8828
1508,11.6446,12.2276,1.7262,13.0773,300.0,9432.0,2923.8828
1509,13.1278,12.1422,1.9534,13.0111,303.0,11719.0,2923.8828
1510,13.0389,11.1842,1.8571,11.4974,302.0,16069.0,2923.8828
1511,11.4542,11.9215,1.7536,12.3043,299.0,9476.0,2923.8828
1512,12.3769,12.1391,1.9624,12.8864,301.0,17687.0,2923.8828
1513,12.7673,11.1481,1.6909,12.3586,298.0,10162.0,2923.8828
1514,12.4664,12.0098,1.6303,12.0213,298.0,11050.0,2923.8828
1515,12.0063,12.1971,1.6888,12.1389,299.0,8398.0,2923.8828
1516,12.0556,11.8757,1.5258,12.7859,299.0,12208.0,2923.8828
1517,12.8589,11.222,1.6673,12.5432,298.0,15104.0,2923.8828
1518,12.5434,11.7808,1.7244,11.9609,298.0,11194.0,2923.8828
1519,11.9153,11.9119,1.8791,12.4041,298.0,8502.0,2923.8828
1520,12.4319,11.6976,1.7227,11.7186,302.0,9012.0,2923.8828
1521,11.663,11.1769,1.3183,11.9781,303.0,28258.0,2923.8828
1522,11.9792,11.2099,1.3909,12.4041,302.0,6930.0,2923.8828
1523,12.4739,11.8633,1.5533,12.4368,300.0,9848.0,2923.8828
1524,12.4247,11.7285,1.4601,11.896,301.0,7974.0,2923.8828
1525,11.9841,11.1568,2.1138,12.2411,300.0,7034.0,2923.8828
1526,12.1598,11.7733,1.9974,14.7863,299.0,25102.0,2923.8828
1527,14.7927,11.8744,1.9051,10.3307,455.0,76395.0,2923.8828
1528,10.2683,11.8744,1.6805,6.0127,229.0,14568.0,2923.8828
1529,6.0911,13.447,1.7551,6.5159,184.0,11206.0,0.0
1530,6.4353,13.447,1.5379,7.1004,184.0,6816.0,2923.8828
1531,7.3642,12.2038,1.7066,7.8907,184.0,8968.0,2930.8828
1532,7.9751,12.7495,2.2049,14.6352,184.0,5606.0,2930.8828
1533,14.3407,12.8697,1.7683,9.0485,184.0,6070.0,2931.0078
1534,9.0003,12.8697,1.3614,8.5492,184.0,5606.0,2931.0078
1535,8.7066,12.7804,2.3675,7.7021,184.0,7462.0,2931.0078
1536,7.5543,12.5094,1.2884,50.8154,190.0,10362.0,2931.0078
1537,50.8961,12.5094,2.1125,6.5672,188.0,10842.0,2931.0078
1538,6.5569,11.6516,2.1041,19.2993,189.0,7014.0,2931.0078
1539,19.2563,11.6516,1.7517,5.3491,188.0,13175.0,2931.0078
1540,5.3537,12.298,1.7468,20.152,188.0,34040.0,2931.0078
1541,20.1747,12.298,1.9159,5.916,181.0,26700.0,2931.0078
1542,5.9233,12.4225,2.0733,5.6155,149.0,3042.0,2931.0078
1543,5.5479,12.4225,1.6421,5.2395,186.0,21583.0,2931.0078
1544,5.2453,12.0743,1.4259,6.1725,184.0,15682.0,2931.0078
1545,6.2051,12.0743,1.8361,5.8157,178.0,6268.0,2931.0078
1546,5.7641,12.8376,1.7521,6.599,184.0,6792.0,2931.0078
1547,6.6872,11.6158,1.997,56.218,173.0,12092.0,2931.0078
1548,56.226,12.434,2.3047,6.4948,184.0,5194.0,2931.0078
1549,6.8855,12.434,2.3128,6.1485,188.0,8446.0,2931.0078
1550,5.728,12.434,1.9045,5.7145,185.0,5980.0,2931.0078
1551,5.6731,12.6041,1.5238,5.6608,185.0,9984.0,2931.0078
1552,5.6742,12.6041,1.6474,5.9679,169.0,7164.0,2931.0078
1553,5.9789,12.5867,1.4796,5.9334,180.0,13723.0,2931.0078
1554,5.9639,12.5867,1.8738,6.0386,190.0,16989.0,2931.0078
1555,5.9611,12.5307,1.2411,7.6326,190.0,8886.0,0.0
1556,7.7318,12.5307,1.8658,7.4391,186.0,15812.0,2931.0078
1557,7.8026,12.0698,1.8967,9.6329,189.0,13491.0,2931.0078
1558,9.2358,13.0262,2.0342,8.5573,186.0,8281.0,0.0
1559,8.5307,13.0262,2.134,7.5866,185.0,9418.0,2931.0078
1560,8.2209,12.8852,2.1737,8.9612,187.0,11141.0,0.0
1561,8.3241,13.2216,1.5229,8.4032,185.0,9494.0,2939.0078
1562,9.1766,13.2216,1.5758,8.4937,187.0,11731.0,2939.0078
1563,7.7198,12.1569,1.5512,9.6193,187.0,12051.0,0.0
1564,9.6353,12.76,1.6749,9.0497,184.0,9010.0,2939.3828
1565,10.0703,12.76,1.6327,10.2047,184.0,5762.0,2939.3828
1566,9.2551,12.7741,1.6498,7.1373,184.0,8568.0,2939.3828
1567,7.0658,13.249,1.6746,10.0908,184.0,8176.0,0.0
1568,10.1012,12.9649,1.308,9.7244,188.0,6808.0,2939.3828
1569,14.9304,11.8116,1.653,12.7719,188.0,7884.0,2939.3828
1570,7.611,11.8116,1.8211,8.3939,188.0,27040.0,2939.3828
1571,8.3716,12.8016,1.7499,10.942,186.0,7040.0,2939.3828
1572,10.9689,12.8179,1.849,11.1105,186.0,6818.0,0.0
1573,11.0699,13.0068,1.7886,8.4759,186.0,7352.0,2939.3828
1574,13.7077,12.6465,1.9339,14.2908,184.0,6604.0,2939.3828
1575,13.935,11.8281,2.0113,12.5974,184.0,15282.0,2939.3828
1576,7.7814,11.8281,2.1729,6.7125,184.0,13594.0,2939.3828
1577,6.6459,12.9372,1.9132,9.3611,184.0,31117.0,0.0
1578,9.3507,12.7755,1.7371,9.7966,184.0,16406.0,2939.3828
1579,13.4768,12.7755,2.1509,12.4276,184.0,5638.0,2939.3828
1580,8.7618,13.3987,1.9012,8.6098,184.0,7078.0,2939.3828
1581,8.6243,12.4171,1.7651,152.0508,185.0,5436.0,2939.3828
1582,152.1298,12.4171,2.4491,6.2804,184.0,12686.0,2939.3828
1583,6.2618,11.5194,1.9696,19.4136,191.0,13106.0,2939.3828
1584,19.3916,11.5194,1.725,6.0477,188.0,5762.0,2939.3828
1585,6.0254,12.3808,1.3657,6.3444,188.0,10834.0,2939.3828
1586,6.3525,12.7275,1.5766,26.3325,190.0,11822.0,2939.3828
1587,26.3,12.7275,1.9581,6.1295,191.0,17680.0,2939.3828
1588,6.271,12.7211,1.9739,6.1882,189.0,18807.0,2939.3828
1589,6.0543,12.7211,1.7194,5.2992,187.0,16730.0,2939.3828
1590,5.2863,11.6509,1.3891,6.1776,184.0,8490.0,2939.3828
1591,6.2136,12.6659,1.7255,40.8457,185.0,7292.0,2939.3828
1592,40.9576,11.8108,2.293,6.7462,184.0,7294.0,2939.3828
1593,6.6695,11.8108,1.8542,5.494,184.0,6070.0,2939.3828
1594,5.4287,11.8108,1.4899,5.693,184.0,5606.0,2939.3828
1595,5.7505,12.6828,2.1141,6.1976,184.0,6070.0,2939.3828
1596,6.1556,12.3963,1.558,39.9134,186.0,10822.0,2939.3828
1597,40.1106,11.6383,1.9912,5.7872,184.0,11766.0,2939.3828
1598,5.6293,11.6383,1.8444,5.9512,184.0,5606.0,2939.3828
1599,5.9499,11.6383,1.4672,5.9296,184.0,12694.0,2939.3828
1600,5.9295,12.5513,1.6935,5.9544,191.0,25129.0,2939.3828
1601,5.8925,12.5513,1.4781,5.3504,188.0,22078.0,2939.3828
1602,5.3909,12.276,1.6102,46.6963,164.0,19306.0,2939.3828
1603,46.7552,12.276,2.1434,6.0133,151.0,3044.0,2939.3828
1604,5.9509,12.3768,2.0457,6.3539,189.0,22109.0,2939.3828
1605,6.3521,12.3768,1.611,6.1604,186.0,15220.0,2939.3828
1606,6.1553,12.7464,1.793,5.8677,186.0,7150.0,2939.3828
1607,5.8984,12.7464,1.7953,5.199,184.0,6758.0,2939.3828
1608,5.1165,11.6285,1.3151,6.4425,168.0,11544.0,2939.3828
1609,6.4693,11.6285,1.4815,6.5201,184.0,5490.0,2939.3828
1610,6.5033,12.5855,1.4428,5.7014,189.0,8888.0,2939.3828
1611,5.7336,12.5855,1.5524,6.4308,184.0,5538.0,2939.3828
1612,6.4407,12.6893,1.7277,5.7433,185.0,9616.0,2939.3828
1613,5.6767,12.6893,1.4528,5.7613,188.0,17597.0,2939.3828
1614,5.9431,12.9615,2.0292,6.6327,184.0,15114.0,2939.3828
1615,6.5415,12.9615,1.7004,6.5909,190.0,10755.0,2939.3828
1616,6.5363,12.0491,1.5035,6.753,188.0,15814.0,2939.3828
1617,6.8574,12.0491,1.908,5.9716,191.0,11897.0,2939.3828
1618,5.9284,11.8263,1.6069,117.1194,191.0,9893.0,2939.3828
1619,117.1582,11.6064,2.1355,5.8917,187.0,9420.0,2939.3828
1620,5.8573,11.6064,1.7903,5.9663,189.0,11143.0,2939.3828
1621,5.9311,12.9663,1.7601,26.5089,188.0,8820.0,2939.3828
1622,26.5282,12.9663,1.894,6.5089,187.0,12419.0,2939.3828
1623,6.5676,11.9892,2.3157,21.962,188.0,12063.0,2939.3828
1624,21.9502,13.2543,2.0512,5.684,184.0,9010.0,2939.3828
1625,5.6625,13.5211,1.6398,20.8008,185.0,5774.0,2939.3828
1626,20.813,13.5211,1.8764,6.3542,184.0,8568.0,2939.3828
1627,6.3368,13.3954,1.9219,5.5319,184.0,7712.0,2939.3828
1628,5.5071,13.3954,1.5854,6.3435,184.0,7268.0,2939.3828
1629,6.3638,13.4375,1.599,5.6232,184.0,7880.0,2939.3828
1630,5.5689,13.4375,1.3308,5.325,184.0,27036.0,2939.3828
1631,5.3782,13.5276,1.6194,6.8118,184.0,7038.0,2939.3828
1632,6.8183,13.5276,1.9533,5.6398,188.0,6820.0,2939.3828
1633,5.695,13.4181,1.6978,67.2708,189.0,7366.0,2939.3828
1634,67.2615,11.5327,2.1865,6.031,188.0,6608.0,2939.3828
1635,6.0423,13.6851,1.999,20.7511,187.0,15296.0,2939.3828
1636,20.736,13.6851,2.0486,5.3775,186.0,13596.0,2939.3828
1637,5.3211,13.3452,1.661,6.2325,186.0,30751.0,2939.3828
1638,6.2879,13.138,2.0928,29.5416,185.0,16662.0,2939.3828
1639,29.5556,12.0929,2.0695,6.9185,184.0,5762.0,2939.3828
1640,6.9083,12.0929,2.0536,6.2733,184.0,7078.0,2939.3828
1641,6.2327,13.6042,1.781,27.7702,185.0,5436.0,2939.3828
1642,27.7953,13.6042,1.9405,5.5928,184.0,12686.0,2939.3828
1643,5.5392,13.4281,1.732,5.324,190.0,13094.0,2939.3828
1644,5.2972,13.4281,1.4757,6.5924,184.0,5758.0,2939.3828
1645,6.6935,13.7126,1.8242,6.051,184.0,10830.0,2939.3828
1646,6.041,13.7126,1.7951,5.8334,185.0,11806.0,2939.3828
1647,5.8182,13.0574,1.8242,6.8472,189.0,17678.0,2939.3828
1648,6.8802,13.0574,2.2135,6.2243,191.0,18809.0,2939.3828
1649,6.1798,12.8163,1.9448,65.0949,190.0,16744.0,2939.3828
1650,65.1602,11.6281,2.2112,6.3449,188.0,8494.0,2939.3828
1651,6.4472,13.0965,2.4545,20.4969,187.0,7294.0,2939.3828
1652,20.3431,13.0965,2.1206,5.9301,187.0,7356.0,2939.3828
1653,5.8734,12.9038,1.5044,7.0933,186.0,6072.0,2939.3828
1654,7.2183,12.9038,2.1157,5.8361,184.0,5606.0,2939.3828
1655,5.7532,13.2819,1.892,5.7115,184.0,6070.0,2939.3828
1656,5.6566,13.2819,1.5477,6.6893,185.0,10810.0,2939.3828
1657,6.8113,12.7786,2.051,5.9075,184.0,11766.0,2939.3828
1658,5.7914,12.7786,1.4637,5.687,184.0,5606.0,2939.3828
1659,5.6665,11.6434,1.1975,6.482,184.0,12694.0,2939.3828
1660,6.5775,11.4864,1.6422,68.335,188.0,25137.0,2939.3828
1661,68.3473,11.4864,2.2452,6.0826,184.0,16842.0,2939.3828
1662,6.112,12.9447,1.7062,19.5125,160.0,24582.0,2939.3828
1663,19.4876,12.9242,2.0762,13.4544,150.0,3054.0,2939.3828
1664,13.4512,11.5679,1.8763,14.3217,192.0,22123.0,2939.3828
1665,14.2872,13.0227,1.7448,5.7284,188.0,15222.0,2939.3828
1666,5.6999,13.182,1.4549,20.3701,191.0,7166.0,2939.3828
1667,20.4474,12.9188,2.0994,6.6032,186.0,6760.0,2939.3828
1668,6.6035,12.9188,1.9988,5.6834,178.0,12394.0,2939.3828
1669,5.6188,12.9188,1.5981,6.5211,187.0,5518.0,2939.3828
1670,6.5998,13.0976,1.875,6.1547,188.0,8494.0,2939.3828
1671,6.0767,13.0976,1.5742,5.7157,184.0,7226.0,2939.3828
1672,5.7477,12.6326,1.4633,48.1084,186.0,9488.0,2939.3828
1673,48.1419,12.7992,2.0099,6.7897,188.0,17949.0,2939.3828
1674,6.74,12.7992,1.8374,5.759,190.0,18827.0,2939.3828
1675,5.6992,12.6126,1.4554,25.1167,185.0,5154.0,2939.3828
1676,25.2689,12.4764,1.8571,6.987,184.0,15810.0,2939.3828
1677,6.9614,12.2841,1.6385,18.8114,188.0,13659.0,2939.3828
1678,18.7455,11.6008,1.8335,6.7059,186.0,8123.0,2939.3828
1679,6.8041,11.6008,2.0644,6.4767,185.0,9418.0,2939.3828
1680,6.3823,12.5395,1.7529,6.4045,191.0,11145.0,2939.3828
1681,6.4377,12.3378,1.6199,31.2691,190.0,9666.0,2939.3828
1682,31.288,11.8465,1.7029,6.2558,191.0,12201.0,2939.3828
1683,6.581,11.8465,2.33,6.427,189.0,12121.0,2939.3828
1684,6.054,11.8465,1.6118,5.648,186.0,8322.0,2939.3828
1685,5.5903,12.4727,1.3767,6.2418,186.0,5764.0,2939.3828
1686,6.2771,12.4727,1.4046,5.8602,184.0,8568.0,2939.3828
1687,5.8331,12.5794,1.3295,5.625,184.0,8334.0,2939.3828
1688,5.5999,12.5794,1.4045,6.6706,184.0,7110.0,2939.3828
1689,6.7664,12.6829,1.9501,6.7619,184.0,10096.0,2939.3828
1690,6.7388,12.6829,2.2346,5.5959,184.0,24940.0,2939.3828
1691,5.6255,11.5627,1.7891,73.364,185.0,8140.0,2939.3828
1692,73.4101,11.5627,2.1155,5.666,184.0,5142.0,2939.3828
1693,5.5928,12.6741,1.6878,6.653,184.0,7350.0,2939.3828
1694,6.6386,12.6741,1.6668,6.2411,184.0,16744.0,2939.3828
1695,6.2472,12.4654,1.4581,5.7371,184.0,5142.0,2939.3828
1696,5.8669,12.2468,1.9252,39.3873,189.0,14714.0,2939.3828
1697,39.312,12.2468,2.3277,6.6466,188.0,31981.0,2939.3828
1698,6.6896,12.9495,1.9651,5.7262,188.0,14570.0,2939.3828
1699,5.5962,12.9495,1.6464,6.0927,186.0,5640.0,2939.3828
1700,6.2074,11.547,1.7381,32.7583,187.0,7092.0,2939.3828
1701,32.7353,11.547,1.861,5.734,186.0,7954.0,2939.3828
1702,5.6689,12.5953,1.6488,6.0077,186.0,12066.0,2939.3828
1703,5.9571,12.5953,1.4286,5.9441,188.0,11062.0,2939.3828
1704,6.0066,12.653,1.7365,5.4998,184.0,5758.0,2939.3828
1705,5.486,12.653,1.9044,5.3968,185.0,17494.0,2939.3828
1706,5.4352,12.3872,1.7667,5.5011,187.0,11957.0,2939.3828
1707,5.5502,12.3872,1.5484,5.7287,187.0,17403.0,2939.3828
1708,5.6207,11.6952,1.3435,5.392,186.0,14981.0,2939.3828
1709,5.3937,11.6952,1.4823,5.7181,185.0,17360.0,2939.3828
1710,5.7242,11.6952,1.5461,6.3918,184.0,5606.0,2939.3828
1711,6.4184,12.6875,1.6359,6.2528,184.0,7280.0,2939.3828
1712,6.2986,12.6875,2.1422,5.7369,188.0,7298.0,2939.3828
1713,5.6964,12.5077,1.4437,96.1741,189.0,5622.0,2939.3828
1714,96.2773,12.5077,2.0151,5.7165,188.0,6074.0,2939.3828
1715,5.6384,12.4755,1.755,5.5851,187.0,9420.0,2939.3828
1716,5.5494,12.4755,1.4409,6.185,186.0,7464.0,2939.3828
1717,6.3199,11.6008,1.7659,32.7604,187.0,11780.0,2939.3828
1718,32.7023,11.6008,1.8839,5.1647,184.0,5142.0,2939.3828
1719,5.1094,12.705,1.48,20.9092,185.0,13014.0,2939.3828
1720,20.9702,12.4366,1.6843,12.7528,188.0,24829.0,2939.3828
1721,12.7471,12.4366,2.1016,5.8087,184.0,32538.0,2939.3828
1722,5.8696,11.6722,1.9876,5.9404,152.0,8454.0,2939.3828
1723,5.9089,11.6722,1.8362,6.4718,149.0,3042.0,2939.3828
1724,6.3826,12.6805,1.736,6.0388,187.0,22107.0,2939.3828
1725,6.0888,12.6805,2.1032,5.7879,184.0,15218.0,2939.3828
1726,5.7453,12.6442,1.8542,5.388,186.0,7150.0,2939.3828
1727,5.4492,12.6442,1.79,5.0795,184.0,6758.0,2939.3828
1728,5.1256,12.5077,1.8258,6.5257,190.0,13330.0,2939.3828
1729,6.4435,12.5077,1.5385,5.3466,189.0,5152.0,2939.3828
1730,5.3706,12.454,1.5739,75.4373,192.0,10172.0,2939.3828
1731,75.4623,12.4834,2.0784,5.9249,186.0,7088.0,2939.3828
1732,6.1401,12.4834,1.6264,5.0891,187.0,8928.0,2939.3828
1733,4.7903,12.4834,1.1538,5.7984,194.0,22291.0,2939.3828
1734,5.8154,12.7688,1.4061,5.9867,186.0,13489.0,2939.3828
1735,5.9539,12.7688,1.4039,5.3793,184.0,5142.0,2939.3828
1736,5.4423,11.8901,1.3513,5.9144,184.0,18404.0,2939.3828
1737,5.9001,11.8901,1.5437,5.5561,187.0,11331.0,2939.3828
1738,5.5244,11.4837,1.3466,61.3703,187.0,7857.0,2939.3828
1739,61.4814,11.4837,1.9306,5.614,187.0,11289.0,2939.3828
1740,5.5992,12.2667,1.7833,20.0126,187.0,13474.0,2939.3828
1741,20.006,12.2667,1.9068,6.5291,184.0,5922.0,2939.3828
1742,6.5478,12.4615,1.9094,5.7563,187.0,12801.0,2939.3828
1743,5.6822,12.4615,1.6587,5.6264,187.0,12853.0,2939.3828
1744,5.6105,11.6421,1.5921,6.1774,188.0,6678.0,2939.3828
1745,6.2502,12.515,1.5681,39.8833,189.0,5622.0,2939.3828
1746,39.8464,12.515,1.7803,5.5786,188.0,9194.0,2939.3828
1747,5.5895,12.5827,1.6651,20.3621,187.0,8618.0,2939.3828
1748,20.3478,12.3177,1.7864,5.9871,186.0,9792.0,2939.3828
1749,6.1614,12.5509,2.1689,18.7086,187.0,15418.0,2939.3828
1750,18.5125,12.5509,1.5356,5.5782,184.0,16060.0,2939.3828
1751,5.6675,12.3839,1.8338,20.468,185.0,8140.0,2939.3828
1752,20.4116,12.3839,1.7072,5.6117,184.0,5142.0,2939.3828
1753,5.6456,12.2309,1.855,5.3067,184.0,17954.0,2939.3828
1754,5.2453,12.2309,1.4514,6.2677,184.0,6140.0,2939.3828
1755,6.2433,12.3142,1.4325,6.3999,184.0,5142.0,2939.3828
1756,6.4069,12.3142,1.5171,5.6461,184.0,15926.0,2939.3828
1757,5.6251,11.8614,1.3055,6.7112,184.0,34281.0,2939.3828
1758,6.7627,11.8614,1.8337,6.0632,184.0,11282.0,2939.3828
1759,6.0295,12.2985,1.8919,6.745,184.0,5514.0,2939.3828
1760,6.7458,12.2985,1.4278,6.1172,188.0,6958.0,2939.3828
1761,6.1395,12.1222,1.5506,5.3038,188.0,9920.0,2939.3828
1762,5.247,12.1222,1.2517,5.7187,190.0,10570.0,2939.3828
1763,5.8044,12.2267,1.636,5.7945,190.0,11092.0,2939.3828
1764,5.7556,12.2267,1.2584,5.5131,186.0,5636.0,2939.3828
1765,5.5513,12.1246,1.5941,6.353,187.0,17128.0,2939.3828
1766,6.3399,12.1246,1.6571,5.5842,190.0,20902.0,2939.3828
1767,5.5862,11.7391,1.508,5.9272,184.0,11174.0,2939.3828
1768,5.9919,11.7391,1.5501,5.8698,186.0,15613.0,2939.3828
1769,5.8697,11.7391,1.7214,5.4574,185.0,14476.0,2939.3828
1770,5.3676,12.8723,1.5517,134.4977,185.0,5618.0,2939.3828
1771,134.5452,11.5123,2.1318,6.2173,184.0,6816.0,2939.3828
1772,6.2567,11.5123,1.9272,6.4028,184.0,7294.0,2939.3828
1773,6.3495,11.5123,1.9104,5.8031,184.0,6070.0,2939.3828
1774,5.7794,13.281,1.4906,6.0974,185.0,9882.0,2939.3828
1775,6.1166,13.281,1.6916,6.3209,184.0,6070.0,2939.3828
1776,6.3484,11.5423,1.742,48.8616,189.0,7478.0,2939.3828
1777,48.8827,13.3942,2.0497,12.8223,189.0,10854.0,2939.3828
1778,12.8143,13.3942,1.9408,5.1721,188.0,10686.0,2939.3828
1779,5.1574,13.1682,1.676,5.8086,188.0,14567.0,2939.3828
1780,5.7808,13.1132,1.547,29.3168,188.0,22960.0,2939.3828
1781,29.3622,13.1132,1.8212,5.6456,181.0,32240.0,2939.3828
1782,5.617,11.5892,1.953,5.8252,149.0,3042.0,2939.3828
1783,5.8475,11.5892,1.7011,5.4633,157.0,3556.0,2939.3828
1784,5.5088,13.8803,1.4523,6.0589,186.0,23609.0,2939.3828
1785,6.0827,13.8803,1.8771,6.1521,185.0,13668.0,2939.3828
1786,6.0812,13.4223,1.6851,5.8136,185.0,7984.0,2939.3828
1787,5.7847,12.8582,1.5346,59.3715,186.0,6284.0,2939.3828
1788,59.4683,12.7662,2.1516,6.3223,186.0,12958.0,2939.3828
1789,6.209,12.7662,1.8332,6.2313,184.0,5122.0,2939.3828
1790,6.3028,12.7662,1.7893,5.6531,187.0,11704.0,2939.3828
1791,5.6199,11.5832,1.7145,35.6563,185.0,6916.0,2939.3828
1792,35.7327,13.0271,1.9889,11.9688,192.0,11043.0,2939.3828
1793,11.9112,13.0271,1.8248,5.4889,194.0,18826.0,2939.3828
1794,5.4975,13.1731,1.6461,21.104,191.0,13505.0,2939.3828
1795,21.134,13.1731,1.6879,6.1573,186.0,12970.0,2939.3828
1796,6.1045,11.5609,1.7632,20.2548,187.0,10750.0,2939.3828
1797,20.3019,13.1245,1.9496,14.0488,190.0,11187.0,2939.3828
1798,14.0234,13.1245,1.7631,5.7498,188.0,9716.0,2939.3828
1799,5.7599,13.0886,1.4697,5.7256,186.0,13454.0,2939.3828
1800,5.6639,12.5439,1.4603,27.8674,186.0,9902.0,2939.3828
1801,27.9268,12.5439,2.0362,5.4752,184.0,6150.0,2939.3828
1802,5.5193,11.6048,1.9659,6.0701,187.0,13405.0,2939.3828
1803,6.0144,11.6048,1.7959,5.2905,187.0,11557.0,2939.3828
1804,5.3748,12.7794,1.6092,5.592,184.0,6674.0,2939.3828
1805,5.4788,12.7794,1.6607,5.9046,184.0,6228.0,2939.3828
1806,5.9743,12.3452,1.5897,48.3862,185.0,9472.0,2939.3828
1807,48.3698,12.3452,1.9,5.5291,184.0,10856.0,2939.3828
1808,5.5224,12.4435,1.649,5.9538,188.0,15530.0,2939.3828
1809,5.926,12.4435,1.5892,5.5557,188.0,7148.0,2939.3828
1810,5.5609,12.3138,1.7185,32.6023,189.0,15612.0,2939.3828
1811,32.6309,12.3138,1.9603,5.7157,186.0,7974.0,2939.3828
1812,5.7055,12.587,1.8039,5.6915,187.0,5204.0,2939.3828
1813,5.661,12.587,1.3915,5.4959,186.0,17956.0,2939.3828
1814,5.4837,12.3068,1.3794,5.8381,184.0,6140.0,2939.3828
1815,5.899,12.733,1.7722,42.1441,185.0,5522.0,2939.3828
1816,42.1851,12.733,2.0482,5.9241,184.0,19607.0,2939.3828
1817,5.8991,12.634,1.5549,5.4329,184.0,30600.0,2939.3828
1818,5.386,12.634,1.517,5.0407,184.0,10914.0,2939.3828
1819,5.1317,12.6653,1.6212,6.341,184.0,5514.0,2939.3828
1820,6.2447,12.6653,1.6944,5.5001,184.0,7418.0,2939.3828
1821,5.524,11.7027,1.5603,5.9366,184.0,9452.0,2939.3828
1822,5.92,11.7027,1.5232,5.6197,187.0,11950.0,2939.3828
1823,5.6002,12.6158,1.538,61.3337,188.0,9842.0,2939.3828
1824,61.4046,12.6158,2.093,5.7948,188.0,7602.0,2939.3828
1825,5.7339,12.5043,1.5935,5.0055,189.0,15042.0,2939.3828
1826,4.9167,11.2852,1.4551,26.9556,195.0,23634.0,2939.3828
1827,27.0663,11.2852,1.7377,5.2792,186.0,10134.0,2939.3828
1828,5.2901,12.4978,1.7749,5.9901,188.0,14405.0,2939.3828
1829,6.1168,12.4978,2.063,6.5634,199.0,15198.0,2939.3828
1830,6.3847,12.3455,1.4635,5.7377,184.0,5142.0,2939.3828
1831,5.7423,12.4048,1.5605,40.9292,185.0,6828.0,2939.3828
1832,41.0045,12.4606,1.9193,11.7279,185.0,8234.0,2939.3828
1833,11.7238,12.4606,2.0647,6.5358,184.0,6070.0,2939.3828
1834,6.5108,12.8935,1.8594,5.9726,185.0,9882.0,2939.3828
1835,5.9553,12.8935,1.7204,5.7316,184.0,5606.0,2939.3828
1836,5.7547,12.2175,1.8524,6.2141,184.0,6998.0,2939.3828
1837,6.166,12.2175,1.6859,5.5138,184.0,11146.0,2939.3828
1838,5.5273,12.3886,1.5131,48.2451,187.0,12257.0,2939.3828
1839,48.309,11.8531,1.9188,5.8665,184.0,14382.0,2939.3828
1840,5.877,12.8096,2.038,20.2384,190.0,26506.0,2939.3828
1841,20.1936,13.0755,1.9183,12.2582,177.0,26602.0,2939.3828
1842,12.2317,13.0755,1.7977,6.5652,153.0,3046.0,2939.3828
1843,6.6163,12.9033,2.2202,5.7549,170.0,6134.0,2939.3828
1844,5.6935,11.6159,1.6189,27.5924,190.0,21753.0,2939.3828
1845,27.6815,11.6159,1.9334,5.6165,185.0,14908.0,2939.3828
1846,5.5626,13.0844,1.4835,5.9328,186.0,7034.0,2939.3828
1847,5.953,13.0844,1.8186,6.2327,184.0,5892.0,2939.3828
1848,6.1898,12.8052,1.8322,36.4649,186.0,12896.0,2939.3828
1849,36.5731,11.6634,1.9412,12.0429,185.0,8370.0,2939.3828
1850,11.9905,11.6634,2.022,5.7067,188.0,9894.0,2939.3828
1851,5.7796,12.8916,1.9521,6.9299,185.0,5564.0,2939.3828
1852,6.8847,12.8916,2.1248,6.3623,186.0,11001.0,2939.3828
1853,6.3165,13.3316,1.8769,6.0079,190.0,18822.0,2939.3828
1854,5.975,13.3316,1.3772,6.7485,186.0,21315.0,2939.3828
1855,6.8193,12.9475,1.6688,5.7656,184.0,5300.0,2939.3828
1856,5.6945,12.9475,1.8718,5.9076,188.0,10582.0,2939.3828
1857,5.9083,11.7728,1.7795,6.6259,193.0,13048.0,2939.3828
1858,6.6477,11.7728,1.982,5.9494,191.0,11885.0,2939.3828
1859,5.9082,12.9133,1.6645,6.5677,187.0,9884.0,2939.3828
1860,6.6773,12.9133,1.832,6.4525,187.0,10120.0,2939.3828
1861,6.3773,13.2461,1.7711,5.4132,186.0,6896.0,2939.3828
1862,5.408,13.2461,1.5228,6.4319,187.0,11969.0,2939.3828
1863,6.4443,12.9654,1.7153,6.2878,187.0,12245.0,2939.3828
1864,6.2951,12.6292,1.7735,110.8956,185.0,6620.0,2939.3828
1865,110.9358,12.7901,2.0638,6.0947,184.0,6812.0,2939.3828
1866,6.0072,12.7901,1.6063,5.9006,184.0,11398.0,2939.3828
1867,5.9582,12.8401,1.4397,6.9536,191.0,19796.0,2939.3828
1868,6.9558,11.742,1.9012,32.0815,185.0,6814.0,2939.3828
1869,32.1259,11.742,2.0004,6.2341,184.0,7678.0,2939.3828
1870,6.1746,12.9906,1.8265,6.9111,184.0,14906.0,2939.3828
1871,6.9578,12.4761,2.2509,26.0949,185.0,7984.0,2939.3828
1872,26.1158,11.6736,2.2579,6.4977,188.0,5610.0,2939.3828
1873,6.5891,11.6736,2.298,6.859,188.0,17494.0,2939.3828
1874,6.7565,13.0046,2.1988,6.6912,188.0,6512.0,2939.3828
1875,6.5938,13.0046,1.8014,6.5519,186.0,14456.0,2939.3828
1876,6.6383,11.5777,1.6635,38.4377,187.0,16170.0,2939.3828
1877,38.4375,12.5687,2.1372,5.9007,186.0,27073.0,2939.3828
1878,5.8599,13.0033,1.7131,19.5962,185.0,8718.0,2939.3828
1879,19.7324,13.4115,2.4051,8.1121,184.0,7078.0,2939.3828
1880,8.032,12.6203,2.4439,19.2267,185.0,5742.0,2939.3828
1881,19.2191,11.6496,1.9293,6.6162,185.0,10836.0,2939.3828
1882,6.6047,11.6496,2.0468,6.7663,186.0,10566.0,2939.3828
1883,6.761,12.7604,1.7145,6.0192,187.0,10198.0,2939.3828
1884,5.9462,12.7604,1.1268,6.5031,184.0,7966.0,2939.3828
1885,6.5832,12.0101,1.9926,38.3139,186.0,17030.0,2939.3828
1886,38.3194,11.6428,2.0333,7.2211,190.0,22576.0,2939.3828
1887,7.1883,11.6428,1.9886,6.813,184.0,10132.0,2939.3828
1888,6.824,12.859,1.8026,5.5455,190.0,12733.0,2939.3828
1889,5.5261,12.859,1.6598,6.7886,189.0,14480.0,2939.3828
1890,6.9237,12.5561,1.8515,6.5216,188.0,5146.0,2939.3828
1891,6.457,11.8386,1.7421,44.0668,187.0,5156.0,2939.3828
1892,44.0367,11.8386,1.9515,5.6248,186.0,9898.0,2939.3828
1893,5.6369,12.3794,1.7949,20.3833,187.0,6084.0,2939.3828
1894,20.3624,11.6226,1.916,6.4897,185.0,9882.0,2939.3828
1895,6.4366,11.6226,1.9446,5.5796,184.0,5606.0,2939.3828
1896,5.6764,11.6226,1.7853,6.0981,184.0,6998.0,2939.3828
1897,6.055,12.9073,1.7146,6.0354,184.0,11146.0,2939.3828
1898,6.0676,12.9073,1.6354,5.4082,192.0,15389.0,2939.3828
1899,5.7455,11.6695,1.7156,46.4567,185.0,14394.0,2939.3828
1900,46.1547,12.3118,2.2348,6.3627,185.0,26490.0,2939.3828
1901,6.286,12.3118,1.9479,5.6014,173.0,26646.0,2939.3828
1902,5.6446,12.5146,1.7196,27.2108,150.0,3054.0,2939.3828
1903,27.1909,11.6575,1.9453,6.4169,181.0,7022.0,2939.3828
1904,6.3694,11.6575,1.8325,6.5131,190.0,22821.0,2939.3828
1905,6.5566,12.6451,1.7476,5.9146,189.0,14136.0,2939.3828
1906,5.8527,12.4846,1.645,32.4839,191.0,6710.0,2939.3828
1907,32.5957,11.7184,2.0639,7.2703,186.0,5832.0,2939.3828
1908,7.2675,11.7184,2.2608,7.3444,187.0,16122.0,2939.3828
1909,7.3043,12.7562,2.013,7.0771,187.0,8208.0,2939.3828
1910,7.0888,12.7562,2.0764,7.0108,187.0,6852.0,2939.3828
1911,6.9769,12.7225,1.6762,6.5153,182.0,7106.0,2939.3828
1912,6.5294,12.7225,1.8847,7.0231,178.0,9339.0,2939.3828
1913,6.9997,12.6433,1.9524,6.6464,190.0,19884.0,2939.3828
1914,6.6222,12.6433,1.5272,6.3558,186.0,19877.0,2939.3828
1915,6.4337,11.7308,1.7566,6.6147,184.0,5142.0,2939.3828
1916,6.5537,11.7308,1.9928,6.3391,184.0,10578.0,2939.3828
1917,6.3466,12.5799,1.8921,7.3262,189.0,13044.0,2939.3828
1918,7.3774,12.5799,2.025,6.3973,187.0,11881.0,2939.3828
1919,6.323,12.3685,1.7906,84.3703,186.0,10428.0,2939.3828
1920,84.4634,11.5967,2.2291,6.4967,189.0,9956.0,2939.3828
1921,6.5265,11.5967,1.8132,6.1367,188.0,7292.0,2939.3828
1922,6.0359,12.907,1.5997,5.894,191.0,11211.0,2939.3828
1923,5.981,13.2431,1.6642,33.3457,190.0,12259.0,2939.3828
1924,33.3236,11.8505,1.8874,6.4244,186.0,7230.0,2939.3828
1925,6.5003,11.8505,1.98,6.9044,186.0,8874.0,2939.3828
1926,6.7926,11.8505,1.9954,5.4774,184.0,9146.0,2939.3828
1927,5.4203,13.4744,1.5866,6.6596,184.0,16164.0,2939.3828
1928,6.7157,13.4744,1.8093,6.0316,184.0,7336.0,2939.3828
1929,6.0388,12.8408,1.9924,6.1181,184.0,7144.0,2939.3828
1930,6.1959,12.8408,2.1573,6.8466,184.0,15440.0,2939.3828
1931,6.7651,13.5514,1.9403,6.4474,184.0,7902.0,2939.3828
1932,6.4132,13.5514,2.4285,7.2663,184.0,5142.0,2939.3828
1933,7.3816,13.6226,1.8897,6.7915,184.0,17490.0,2939.3828
1934,6.7404,13.6226,1.9424,6.691,184.0,6508.0,2939.3828
1935,6.7659,11.9441,2.1728,7.3956,184.0,15190.0,2939.3828
1936,7.3744,11.9441,2.1414,6.2768,188.0,15424.0,2939.3828
1937,6.1607,12.9784,1.6481,7.0895,188.0,27075.0,2939.3828
1938,7.1774,13.2345,2.1222,108.5335,189.0,8722.0,2939.3828
1939,108.5307,11.7767,2.172,6.765,186.0,7080.0,2939.3828
1940,6.7374,11.7767,1.7811,5.6721,186.0,5732.0,2939.3828
1941,5.8868,12.108,2.1425,6.7921,187.0,10838.0,2939.3828
1942,6.5579,12.108,1.8843,6.8535,186.0,10690.0,2939.3828
1943,6.8412,12.108,2.013,6.2883,187.0,10074.0,2939.3828
1944,6.3342,12.4064,1.7488,48.4683,185.0,7978.0,2939.3828
1945,48.5145,11.7106,1.9577,6.2764,185.0,17018.0,2939.3828
1946,6.2004,11.7106,1.7215,6.3139,190.0,22576.0,2939.3828
1947,6.2931,11.7106,1.836,5.8748,184.0,10132.0,2939.3828
1948,5.9285,13.1301,1.7095,6.5302,186.0,12729.0,2939.3828
1949,6.5122,13.1301,1.727,6.5275,185.0,14476.0,2939.3828
1950,6.4909,13.3215,1.8678,6.549,184.0,5142.0,2939.3828
1951,6.5402,13.3215,1.8056,6.9324,184.0,5142.0,2939.3828
1952,6.9702,13.3344,1.8809,6.3635,188.0,9900.0,2939.3828
1953,6.3204,13.3344,1.648,6.2173,188.0,6074.0,2939.3828
1954,6.2998,13.0131,1.66,6.4316,189.0,9886.0,2939.3828
1955,6.35,13.0131,1.7319,5.4624,186.0,5608.0,2939.3828
1956,5.5073,12.116,1.6105,6.6584,186.0,7000.0,2939.3828
1957,6.6592,12.116,1.6526,6.0325,186.0,11148.0,2939.3828
1958,6.0486,13.3561,1.6206,6.2405,186.0,15029.0,2939.3828
1959,6.2348,13.3561,1.8801,7.6672,184.0,14382.0,2939.3828
1960,7.6557,13.6177,2.4063,6.7253,185.0,26490.0,2939.3828
1961,6.6891,13.6177,1.572,6.4941,177.0,26886.0,2939.3828
1962,6.498,13.2427,1.6643,7.2783,149.0,3042.0,2939.3828
1963,7.3602,13.2427,1.9076,7.2742,186.0,7322.0,0.0
1964,7.3269,12.54,1.9191,9.585,186.0,23137.0,2939.3828
1965,15.1739,12.571,2.834,14.1916,185.0,13812.0,2939.3828
1966,8.5479,13.9732,2.1288,8.1041,186.0,7158.0,2939.3828
1967,8.0676,12.6664,2.0363,145.74,205.0,13759.0,2939.4453
1968,145.7768,13.2294,2.6931,13.3279,176.0,19172.0,2939.6328
1969,13.3768,11.9468,1.8159,13.3142,177.0,8804.0,2939.6953
1970,13.2425,12.3728,1.8076,11.7837,177.0,9008.0,2940.8828
1971,11.8326,12.4554,1.842,13.806,149.0,6962.0,2941.0078
1972,13.7912,12.1531,1.8334,12.5546,176.0,16419.0,2941.0703
1973,12.5249,11.4748,1.8199,12.3678,179.0,20832.0,2941.0703
1974,12.3776,12.1556,1.7909,13.1143,173.0,10271.0,2941.0703
1975,13.1064,12.2369,2.0359,12.1252,165.0,10192.0,2941.1328
1976,12.1248,12.5162,1.7803,13.1031,177.0,17736.0,2941.1953
1977,13.1137,11.7343,1.7901,12.38,174.0,15417.0,2941.1953
1978,12.3615,12.4544,2.0536,12.5843,173.0,13686.0,2941.2578
1979,12.6174,12.1653,1.6795,13.2054,174.0,12456.0,2941.3203
1980,13.2429,12.2485,1.8078,13.3323,172.0,11178.0,2941.4453
1981,13.3212,11.6884,2.1411,11.9159,176.0,13959.0,2941.4453
1982,11.8525,12.0017,2.1105,12.2371,174.0,12855.0,2941.6328
1983,12.2293,12.0478,1.5797,11.9135,173.0,13858.0,2941.6953
1984,11.9609,12.1013,2.085,13.5869,176.0,12146.0,2941.8828
1985,13.5835,11.7237,2.0357,12.5152,176.0,11572.0,2941.8828
1986,12.4298,11.9061,1.7927,11.5811,176.0,19752.0,2942.0078
1987,11.6191,11.9409,1.699,12.2897,173.0,10544.0,2942.0078
1988,12.2734,11.969,1.905,12.8467,173.0,10228.0,2942.0078
1989,12.881,11.4126,2.0163,12.7549,173.0,10854.0,2942.0078
1990,12.79,12.1446,1.9188,11.8431,172.0,17948.0,2942.0078
1991,11.7979,11.9363,1.7773,12.1621,171.0,10232.0,2942.0078
1992,12.1576,12.0922,1.5898,12.9845,172.0,17398.0,2942.0078
1993,12.9977,11.427,1.7259,12.3404,173.0,12688.0,2942.0078
1994,12.3338,11.8869,1.8027,13.2753,171.0,18912.0,2942.0078
1995,13.2982,12.0943,1.763,11.3616,171.0,17942.0,2942.0078
1996,11.3607,12.3283,1.6562,12.6305,171.0,27384.0,2942.0078
1997,12.6369,11.413,1.7057,12.759,171.0,15645.0,2942.0703
1998,12.741,12.195,1.5488,12.2645,171.0,10212.0,2942.0703
1999,12.2736,12.2527,1.8826,12.5895,171.0,8988.0,2942.1328
2000,12.579,12.3607,1.6377,13.1609,176.0,14064.0,2942.1953
2001,13.1421,11.5535,1.9498,12.9547,176.0,12630.0,2942.1953
2002,13.0224,12.1681,1.8983,11.9707,178.0,13800.0,2942.2578
2003,11.9174,12.383,1.4702,13.8132,176.0,12266.0,2942.2578
2004,13.8093,12.3483,1.7774,11.7129,175.0,20290.0,2942.3203
2005,11.6832,11.4303,1.6913,12.9087,179.0,22500.0,2942.3203
2006,12.959,11.4798,2.0225,12.4536,172.0,16738.0,2942.3203
2007,12.4301,12.63,2.2027,12.7262,173.0,14391.0,2942.3203
2008,12.8243,12.6196,2.1505,13.163,173.0,19342.0,2942.3203
2009,13.0886,12.6833,1.7129,13.3681,172.0,8412.0,2942.3203
2010,13.3595,11.4133,1.7487,11.9868,171.0,8400.0,2942.3203
2011,12.0316,12.3094,2.0196,12.3182,171.0,13154.0,2942.3203
2012,12.3923,12.9071,1.9155,13.4245,171.0,9328.0,2942.3828
2013,13.3455,12.45,1.7903,13.545,173.0,13152.0,2942.3828
2014,13.5454,11.462,1.9665,11.7468,172.0,8876.0,2942.3828
2015,11.7624,12.5842,1.9738,14.0116,171.0,10256.0,2942.4453
2016,14.0237,12.6464,1.8308,12.3486,176.0,14420.0,2942.4453
2017,12.3146,12.8315,2.0244,13.4661,177.0,17195.0,2942.4453
2018,13.4712,11.6737,2.2924,13.9293,175.0,16276.0,2942.4453
2019,13.9345,11.7177,1.9806,11.3063,174.0,35138.0,2942.5703
2020,11.2943,12.6125,1.7266,13.2125,162.0,24114.0,2942.6328
2021,13.3592,12.7426,2.0691,13.5705,139.0,6314.0,2942.6328
2022,13.3953,12.7147,1.6533,13.0353,175.0,11367.0,2942.6953
2023,13.0595,11.4635,1.5356,12.1109,162.0,23296.0,2942.7578
2024,12.0825,12.6339,1.5785,13.9162,164.0,16080.0,2942.8203
2025,13.9544,12.553,1.7029,11.9403,173.0,9126.0,2942.8203
2026,11.9419,12.8116,2.0739,13.2807,173.0,11403.0,2942.8203
2027,13.287,11.5872,2.0854,13.2952,171.0,20592.0,2942.8828
2028,13.2865,12.6311,1.9466,12.4297,173.0,13608.0,2942.8828
2029,12.4513,12.6522,2.1393,13.1301,173.0,21312.0,2942.8828
2030,13.1969,12.9035,2.2523,13.1658,174.0,8812.0,2942.8828
2031,13.0915,12.4205,1.8261,13.2468,173.0,9004.0,2942.8828
2032,13.2512,11.6817,1.7287,12.9457,161.0,7564.0,2942.8828
2033,12.9328,12.9867,1.9298,13.4878,176.0,17533.0,2942.8828
2034,13.4997,12.9671,1.8837,12.044,170.0,18990.0,2942.8828
2035,12.045,12.7257,1.9141,13.6162,175.0,10273.0,2942.8828
2036,13.6196,11.4383,2.1806,13.3601,168.0,10254.0,2942.8828
2037,13.3575,12.114,1.976,12.6516,178.0,17714.0,2942.8828
2038,12.7135,12.879,2.128,12.906,174.0,15429.0,2942.8828
2039,12.8961,12.8498,2.519,12.8106,172.0,13686.0,2942.8828
2040,12.7622,12.9271,1.835,14.3009,172.0,13740.0,2942.9453
2041,14.3034,11.4472,1.7834,11.1993,171.0,9870.0,2943.0078
2042,11.168,12.7961,2.07,14.4016,175.0,13959.0,2943.0078
2043,14.435,12.7172,1.9137,11.9288,173.0,12843.0,2943.0078
2044,11.89,12.9075,2.416,13.909,173.0,16098.0,2943.0078
2045,13.8962,12.6588,1.9164,12.4762,171.0,9878.0,2943.0703
2046,12.4894,11.3726,1.6054,12.6775,171.0,11556.0,2943.0703
2047,12.7142,12.6299,1.9742,13.3051,171.0,19736.0,2943.0703
2048,13.3267,13.0207,1.9414,12.2505,177.0,10570.0,2943.0703
2049,12.1683,12.6838,1.5979,14.0946,175.0,10230.0,2943.0703
2050,14.1472,11.422,1.7742,11.6595,177.0,10880.0,2943.1328
2051,11.6857,12.0561,1.6557,13.5227,173.0,17938.0,2943.1328
2052,13.471,12.8061,1.9131,13.0854,173.0,10234.0,2943.1953
2053,13.0757,12.569,1.8422,13.7433,173.0,17756.0,2943.1953
2054,13.8023,12.4143,2.1754,13.7205,171.0,12664.0,2943.2578
2055,13.6986,11.464,1.822,11.1061,171.0,21377.0,2943.2578
2056,11.1996,12.7555,1.9617,13.2828,171.0,15501.0,2943.2578
2057,13.1845,12.5959,1.7886,12.761,172.0,27040.0,2943.2578
2058,12.7619,12.395,1.6886,13.1885,172.0,15657.0,2943.2578
2059,13.2635,11.3604,1.5429,11.7476,172.0,10224.0,2943.2578
2060,11.7038,12.4828,1.7965,13.661,171.0,8988.0,2943.2578
2061,13.6281,12.2995,1.8921,11.9903,173.0,14072.0,2943.2578
2062,11.9966,12.3745,1.7061,12.8077,173.0,13102.0,2943.2578
2063,12.8333,11.4236,1.7984,12.5039,174.0,13332.0,2943.2578
2064,12.5314,12.4741,2.0171,13.3906,178.0,15604.0,2943.2578
2065,13.4163,12.161,1.7859,12.2085,176.0,16944.0,2943.2578
2066,12.1133,12.3258,1.4946,12.2902,181.0,22502.0,2943.3203
2067,12.3156,11.4758,1.6469,12.7628,174.0,16740.0,2943.3828
2068,12.7625,12.2612,1.819,12.9224,175.0,14393.0,2943.3828
2069,12.9426,12.135,1.945,12.3096,176.0,19356.0,2943.3828
2070,12.2469,12.3386,1.75,12.7892,172.0,8412.0,2943.3828
2071,12.8026,11.3849,1.8461,11.6078,172.0,8876.0,2943.3828
2072,11.6186,12.0861,1.4099,13.6117,171.0,13618.0,2943.3828
2073,13.6286,12.392,1.5873,11.5691,171.0,9328.0,2943.3828
2074,11.5993,12.6248,1.7554,12.919,172.0,12212.0,2943.4453
2075,12.925,11.4469,1.7863,13.8652,172.0,9804.0,2943.4453
2076,13.8189,12.0059,1.6398,12.2533,172.0,9804.0,2943.5078
2077,12.2646,12.6525,2.1128,14.6477,171.0,13940.0,2943.5078
2078,14.7681,13.4223,2.3885,12.2429,175.0,23375.0,2943.5078
2079,12.1691,12.8297,2.248,14.055,172.0,15344.0,2943.5078
2080,14.0183,11.4478,2.2278,12.7333,178.0,29932.0,2943.5078
2081,12.7472,13.3532,2.2573,12.9202,153.0,23552.0,2943.6328
2082,12.8977,13.1824,1.9963,12.656,140.0,6304.0,2943.6328
2083,12.7989,13.1036,2.389,14.219,177.0,11369.0,2943.6328
2084,14.1025,13.0631,2.6747,13.7565,174.0,24328.0,2943.6328
2085,13.7651,11.4723,2.4,11.5333,174.0,16308.0,2943.6328
2086,11.5218,13.1049,1.9993,14.6677,173.0,8886.0,2943.6328
2087,14.7182,13.1249,2.1697,12.5348,173.0,13883.0,2943.6328
2088,12.566,13.5584,2.4932,14.4688,171.0,19664.0,2943.6328
2089,14.482,13.677,2.2125,13.3411,171.0,18880.0,2943.6328
2090,13.2864,11.4574,2.3056,12.7979,174.0,14632.0,2943.6328
2091,12.8096,13.0475,2.1239,13.7509,171.0,8916.0,2943.6328
2092,13.7251,13.36,2.2172,12.8777,173.0,8760.0,2943.6328
2093,12.9411,12.9528,2.3108,14.1957,175.0,17709.0,2943.6328
2094,14.154,12.9749,2.1747,13.8083,178.0,19562.0,2943.6953
2095,13.8227,11.5263,2.3046,12.3904,173.0,10271.0,2943.6953
2096,12.4008,13.0685,2.6387,12.9678,168.0,10136.0,2943.6953
2097,12.9439,12.9992,2.4138,13.2181,181.0,17728.0,2943.6953
2098,13.33,13.1573,2.3402,15.276,179.0,15433.0,2943.6953
2099,15.1915,13.3244,2.5933,12.8971,175.0,13688.0,2943.6953
2100,12.8676,11.4925,2.4289,12.8094,174.0,13730.0,2943.6953
2101,12.8043,13.0697,2.0938,13.2816,173.0,9872.0,2943.6953
2102,13.2563,12.9344,2.137,14.502,175.0,13947.0,2943.6953
2103,14.5578,13.2756,2.4739,11.8736,174.0,12855.0,2943.6953
2104,11.8445,13.1576,2.2277,14.7853,172.0,16086.0,2943.6953
2105,14.809,11.4542,2.3659,12.3562,174.0,9914.0,2943.6953
2106,12.3835,13.1485,2.2661,13.6686,172.0,11568.0,2943.6953
2107,13.6432,13.2002,2.3622,14.7712,172.0,19748.0,2943.6953
2108,14.7884,12.9353,2.2967,12.4508,172.0,10554.0,2943.6953
2109,12.4415,12.5861,2.3507,11.6747,171.0,10226.0,2943.6953
2110,11.5663,11.3492,1.8814,11.1849,171.0,10852.0,2943.6953
2111,11.2663,12.2076,1.6415,13.1272,171.0,17936.0,2943.6953
2112,13.125,12.2042,1.691,12.7492,175.0,10236.0,2943.6953
2113,12.7383,12.203,1.7525,12.521,176.0,17770.0,2943.6953
2114,12.5489,11.4257,1.6604,12.7169,175.0,12668.0,2943.6953
2115,12.6962,12.0015,1.6084,12.4224,174.0,21379.0,2943.6953
2116,12.4505,12.2698,1.8376,12.4136,173.0,15491.0,2943.6953
2117,12.3804,12.3498,1.74,12.8706,173.0,26650.0,2943.6953
2118,12.9122,11.3979,2.0043,11.8101,172.0,16025.0,2943.6953
2119,11.8051,12.1399,2.207,13.3283,171.0,10212.0,2943.6953
2120,13.3636,12.1192,2.0946,12.378,171.0,8988.0,2943.6953
2121,12.3139,12.5604,1.6737,13.15,172.0,13560.0,2943.6953
2122,13.1786,11.728,1.7404,13.0184,173.0,13602.0,2943.6953
2123,13.0468,12.1989,2.0815,12.4651,174.0,13332.0,2943.6953
2124,12.4271,12.1168,1.8512,11.8481,175.0,15612.0,2943.6953
2125,11.8786,12.3985,1.9929,13.0731,172.0,16940.0,2943.6953
2126,13.056,11.6317,2.0313,13.3288,172.0,18744.0,2943.6953
2127,13.3882,11.8085,2.1613,12.605,177.0,20368.0,2943.6953
2128,12.7077,12.4438,2.3192,12.3192,178.0,14531.0,2943.6953
2129,12.318,12.498,2.4468,14.0114,177.0,19346.0,2943.6953
2130,13.9472,12.6277,2.3585,11.8359,176.0,8416.0,2943.7578
2131,11.7649,11.4731,2.2757,12.5836,173.0,8866.0,2943.7578
2132,12.6455,12.34,2.4004,13.2956,174.0,13632.0,2943.7578
2133,13.2657,12.4426,2.2425,11.9685,173.0,9330.0,2943.7578
2134,11.9032,12.3395,2.1012,13.5416,172.0,12212.0,2943.7578
2135,13.5836,11.4513,2.4789,11.3687,172.0,9804.0,2943.7578
2136,11.3659,12.2395,2.0092,13.9642,172.0,9804.0,2943.7578
2137,13.9615,11.8797,2.173,11.4602,173.0,13964.0,2943.7578
2138,11.48,11.6413,2.0348,11.4914,174.0,23363.0,2943.7578
2139,11.5651,11.2713,2.4445,11.4446,171.0,15332.0,2943.7578
2140,11.3564,11.8021,2.0678,12.4423,173.0,29916.0,2943.7578
2141,12.4703,11.6303,2.2713,11.4533,151.0,23668.0,2943.8203
2142,11.438,11.112,2.0047,12.7462,137.0,6312.0,2943.8203
2143,12.7505,11.6172,1.9486,12.2431,176.0,11379.0,2943.8203
2144,12.267,11.9068,2.0361,11.4115,178.0,24354.0,2943.8203
2145,11.3811,11.7229,2.2249,12.4648,177.0,16322.0,2943.8203
2146,12.4627,11.2527,1.8256,12.4569,176.0,8878.0,2943.8203
2147,12.5204,11.6845,2.132,12.4399,175.0,13885.0,2943.8203
2148,12.4075,12.0634,2.6353,11.8729,173.0,21262.0,2943.8203
2149,11.8872,11.5066,2.1048,12.0103,174.0,17298.0,2943.8203
2150,12.007,11.073,1.9921,12.3852,174.0,14632.0,2943.8203
2151,12.3645,12.0325,2.1205,11.6427,172.0,8928.0,2943.8203
2152,11.635,12.0399,2.0727,12.4802,174.0,8834.0,2943.8203
2153,12.479,11.0534,2.155,12.0438,174.0,17635.0,2943.8203
2154,12.0294,11.1137,1.8019,11.8553,175.0,19526.0,2943.8203
2155,11.8179,12.1691,1.7789,12.5016,173.0,10271.0,2943.8203
2156,12.5243,11.7196,1.7054,12.0435,167.0,10264.0,2943.8203
2157,12.0403,11.111,1.6829,12.029,177.0,18002.0,2943.8203
2158,12.1234,11.9822,2.0901,12.4796,174.0,15139.0,2943.8203
2159,12.4317,12.354,1.8187,12.5576,173.0,14982.0,2943.8203
2160,12.4868,11.719,1.5889,12.4309,177.0,13298.0,2943.8203
2161,12.6411,11.0892,1.9556,11.9321,175.0,9024.0,2943.8203
2162,11.7508,11.8116,1.7593,11.8983,179.0,15401.0,2943.8203
2163,11.9725,12.0017,1.931,13.1179,176.0,14279.0,2943.8203
2164,13.0582,11.1279,2.0338,11.6738,175.0,13386.0,2943.8203
2165,11.6703,11.9918,1.9001,11.8858,174.0,10696.0,2943.8203
2166,11.8821,11.7976,1.896,11.9245,171.0,19580.0,2943.8203
2167,11.9311,11.8149,1.7687,12.9213,173.0,11308.0,2943.8203
2168,13.0403,11.1023,2.1329,11.5541,172.0,10640.0,2943.8203
2169,11.4534,12.1701,2.1705,15.1595,171.0,10070.0,2943.8203
2170,15.2216,11.933,2.1646,11.3381,172.0,18852.0,2943.8203
2171,11.3053,12.216,2.4007,13.7247,171.0,11316.0,2943.8203
2172,13.8024,11.1941,2.6925,9.3757,172.0,8780.0,2943.8203
2173,9.298,11.9336,2.372,11.998,171.0,17920.0,2943.8203
2174,12.0139,12.041,2.1054,13.1476,172.0,21330.0,2943.8203
2175,13.1643,12.4265,2.0884,13.1236,171.0,13161.0,2943.8203
2176,13.0699,11.1148,2.0118,12.0615,176.0,24059.0,2943.8203
2177,12.1358,12.1697,2.2929,13.9625,176.0,21055.0,2943.8203
2178,14.0504,12.1539,2.2824,12.5988,175.0,12212.0,2943.8203
2179,12.5373,12.1762,2.2316,10.8888,173.0,10090.0,2943.8203
2180,10.8752,11.1589,2.2656,11.6355,175.0,11010.0,2943.8203
2181,11.5655,12.0246,1.9143,12.6561,173.0,12982.0,2943.8203
2182,12.6818,12.2363,1.973,12.6994,173.0,13546.0,2943.8203
2183,12.6749,11.759,1.9921,12.6824,176.0,18144.0,2943.8203
2184,12.7313,11.181,2.1499,13.757,173.0,11024.0,2943.8203
2185,13.8472,11.9575,2.7129,12.2408,172.0,17018.0,2943.8203
2186,12.109,12.1509,2.4661,11.7834,179.0,24184.0,2943.8203
2187,11.8694,11.2398,2.3224,11.1213,172.0,13866.0,2943.8203
2188,10.9999,11.9468,2.2048,12.4453,175.0,18883.0,2943.8203
2189,12.6633,11.975,2.5422,15.6229,171.0,14386.0,2943.8203
2190,15.5233,12.3094,2.8048,8.9751,171.0,8400.0,2943.8203
2191,8.9167,13.5401,2.0503,16.0338,171.0,11466.0,2943.8203
2192,16.0541,11.2206,2.2731,10.1617,175.0,11484.0,2943.8203
2193,10.1332,11.9529,2.2333,11.79,177.0,12692.0,2943.8203
2194,11.8267,12.1923,2.2979,12.6959,175.0,9332.0,2943.8203
2195,12.631,11.7685,1.9523,12.657,174.0,8878.0,2943.8203
2196,12.6722,11.0422,1.9871,11.5639,173.0,9794.0,2943.8203
2197,11.6567,12.0087,2.16,12.0344,174.0,14882.0,2943.8203
2198,11.889,11.3199,1.7085,12.5179,173.0,27963.0,2943.8203
2199,12.578,11.1577,2.091,12.6297,172.0,17496.0,2943.8203
2200,12.6138,11.8499,1.9199,11.3558,173.0,33460.0,2943.8203
2201,11.3961,12.0345,2.1254,12.3864,138.0,11652.0,2943.8203
2202,12.3626,12.1889,2.0958,12.8959,161.0,9809.0,2943.8203
2203,12.9681,11.0561,2.0881,11.9031,164.0,9544.0,2943.8203
2204,11.8129,12.2338,2.0465,13.1336,172.0,23786.0,2943.8203
2205,13.1358,12.2349,1.9506,12.953,171.0,15652.0,2943.8203
2206,12.9959,12.1852,2.1507,11.9586,172.0,10314.0,2943.8203
2207,11.936,11.4185,2.3656,11.9276,175.0,20923.0,2943.8203
2208,11.9794,12.2933,2.1865,13.1091,175.0,15136.0,2943.8203
2209,13.0894,12.4812,2.3227,13.2209,178.0,15278.0,2943.8203
2210,13.2051,12.1329,2.1497,12.0087,177.0,14582.0,2943.8203
2211,12.0555,11.1481,2.3889,12.3423,163.0,8270.0,2943.8203
2212,12.296,12.5122,2.092,13.3297,176.0,9370.0,2943.8203
2213,13.341,12.4115,3.0249,12.1807,177.0,17115.0,2943.8203
2214,12.1532,12.4432,2.3443,12.8723,175.0,19526.0,2943.8203
2215,12.8464,11.118,2.2662,11.7171,173.0,10271.0,2943.8203
2216,11.728,12.3006,1.9586,13.0854,165.0,10192.0,2943.8203
2217,13.1419,12.5246,2.1447,12.0759,178.0,18014.0,2943.8203
2218,12.0039,12.1061,1.978,12.9571,175.0,15685.0,2943.8203
2219,12.9785,11.0933,2.1721,12.6152,172.0,14436.0,2943.8203
2220,12.6406,12.294,2.1158,12.3536,172.0,13282.0,2943.8203
2221,12.3656,12.6042,2.1554,12.8078,171.0,9020.0,2943.8203
2222,12.9574,12.2077,2.1194,12.8978,175.0,15397.0,2943.8203
2223,12.72,11.2916,2.1536,13.7446,174.0,14277.0,2943.8203
2224,13.8048,12.3013,2.3375,11.8302,177.0,13388.0,2943.8203
2225,11.8241,12.1808,2.2888,11.2672,175.0,10686.0,2943.8203
2226,11.2097,12.4849,2.0038,13.9491,175.0,19584.0,2943.8203
2227,14.0127,11.3404,2.3993,12.3241,174.0,11298.0,2943.8203
2228,12.3593,12.1979,2.3535,14.213,174.0,10642.0,2943.8203
2229,14.1724,12.3841,2.2944,11.2603,174.0,10084.0,2943.8203
2230,11.3161,12.4155,2.4121,12.4532,171.0,18840.0,2943.8203
2231,12.352,11.562,2.4379,12.6025,173.0,11340.0,2943.8203
2232,12.7333,11.3315,2.1533,13.0859,171.0,8768.0,2943.8203
2233,12.9806,12.2572,2.1918,11.6589,171.0,17920.0,2943.8203
2234,11.6616,11.9313,2.4161,12.6182,171.0,21318.0,2943.8203
2235,12.5891,13.1098,2.2417,14.2685,171.0,13161.0,2943.8203
2236,14.3028,11.584,2.032,12.8043,171.0,24411.0,2943.8203
2237,12.8107,13.1398,2.1574,14.2981,171.0,21039.0,2943.8203
2238,14.3286,13.024,2.4961,11.9655,171.0,11840.0,2943.8203
2239,11.9439,13.3655,2.4131,14.1831,172.0,10468.0,2943.8203
2240,14.1288,11.3488,2.1488,13.2219,176.0,10632.0,2943.8203
2241,13.2394,11.1251,2.038,13.0374,175.0,12984.0,2943.8203
2242,13.0604,13.1653,2.1412,13.6728,177.0,13550.0,2943.8203
2243,13.7065,13.3874,2.2354,12.3477,176.0,18122.0,2943.8203
2244,12.4132,13.2512,2.6333,14.0873,174.0,11014.0,2943.8203
2245,14.0008,11.5885,2.8925,12.968,173.0,17008.0,2943.8203
2246,12.9638,12.8959,2.2906,13.7682,177.0,24160.0,2943.8203
2247,13.8046,13.4501,2.1671,15.0209,171.0,13854.0,2943.8203
2248,15.1009,13.3434,2.37,14.0448,175.0,18883.0,2943.8203
2249,14.1566,13.4203,2.6295,13.8851,171.0,14386.0,2943.8203
2250,13.7892,11.3821,3.0605,11.4848,171.0,8400.0,2943.8203
2251,11.4325,12.5603,2.9717,13.9504,172.0,11942.0,2943.8203
2252,13.9986,13.2518,2.5794,12.7765,171.0,11016.0,2943.8203
2253,12.6787,13.2633,2.5869,12.8289,173.0,12688.0,2943.8203
2254,12.9241,13.0651,2.5107,13.2119,173.0,9352.0,2943.8203
2255,13.1134,11.7441,2.3881,14.6561,171.0,8864.0,2943.8203
2256,14.6639,12.682,2.1498,12.0028,176.0,9808.0,2943.8203
2257,12.0818,13.0914,2.3427,13.028,175.0,14872.0,2943.8203
2258,12.9863,12.9672,2.2222,13.6488,179.0,28455.0,2943.8203
2259,13.6925,13.2247,2.9346,13.1936,173.0,17022.0,2943.8203
2260,13.1058,12.3535,2.3118,11.9897,174.0,33450.0,2943.8203
2261,11.951,11.0968,1.9747,13.9608,143.0,11738.0,2943.8203
2262,14.0545,12.7524,2.1834,11.7562,176.0,11905.0,2943.8203
2263,11.722,13.0273,2.5968,12.9537,164.0,16002.0,2943.8203
2264,12.9123,12.7056,2.2254,13.7478,161.0,15900.0,2943.8203
2265,13.7277,11.1026,2.0793,12.572,172.0,16116.0,2943.8203
2266,12.5571,12.8293,2.1415,13.1926,172.0,9482.0,2943.8203
2267,13.2703,12.5719,2.0391,12.3912,173.0,22619.0,2943.8203
2268,12.3509,12.5841,2.4784,12.9744,172.0,13328.0,2943.8203
2269,12.974,11.8697,2.2264,12.5857,172.0,15346.0,2943.8203
2270,12.5941,11.4371,2.1936,12.1053,173.0,14946.0,2943.8203
2271,12.0957,12.0432,1.9935,12.6476,163.0,8554.0,2943.8203
2272,12.6233,12.0568,1.9864,12.6184,178.0,8838.0,2943.8203
2273,12.6302,11.3076,1.9207,12.144,179.0,17581.0,2943.8203
2274,12.1711,11.6804,1.9733,12.2539,180.0,19078.0,2943.8203
2275,12.2488,12.1449,1.8884,12.5425,168.0,9853.0,2943.8203
2276,12.5469,12.2097,1.9544,13.2334,167.0,10146.0,2943.8203
2277,13.2484,11.2986,2.1473,11.9439,178.0,18526.0,2943.8203
2278,11.9174,11.8683,1.976,11.5176,174.0,15139.0,2943.8203
2279,11.55,12.0357,2.1574,11.9547,174.0,14460.0,2943.8203
2280,11.9233,11.8458,1.8412,12.3293,172.0,13282.0,2943.8203
2281,12.3139,11.1275,1.8574,11.7999,171.0,9020.0,2943.8203
2282,11.813,11.4991,1.8525,13.3861,174.0,15849.0,2943.8203
2283,13.3987,12.0416,1.8358,11.5359,173.0,13801.0,2943.8203
2284,11.5007,11.7436,1.6451,12.9925,172.0,13372.0,2943.8203
2285,13.0875,11.1439,1.9204,16.3,171.0,10682.0,2943.8203
2286,16.6011,12.2815,3.0386,10.7679,173.0,19604.0,2943.8203
2287,10.4016,12.1671,2.4632,10.1548,171.0,11284.0,2943.8203
2288,10.1363,11.7665,1.5873,12.8409,175.0,10632.0,2943.8203
2289,12.9159,11.105,1.818,11.6159,177.0,18550.0,2943.8203
2290,11.6364,12.2082,2.0154,15.1674,176.0,10404.0,2943.8203
2291,15.1504,12.2492,2.2257,10.439,174.0,11330.0,2943.8203
2292,10.405,11.9377,1.7712,13.4134,174.0,8782.0,2943.8203
2293,13.4426,11.3045,2.4908,11.021,173.0,17922.0,2943.8203
2294,10.9304,11.7916,2.3063,12.0069,171.0,21318.0,2943.8203
2295,12.0375,12.0148,1.8485,12.7976,171.0,14849.0,2943.8203
2296,12.8008,11.3598,1.6698,12.9516,172.0,23103.0,2943.8203
2297,12.9759,11.2014,1.7858,15.7809,172.0,20683.0,2943.8203
2298,16.2344,12.3085,3.1956,12.3868,171.0,11840.0,2943.8203
2299,11.9995,11.9933,2.8133,9.7815,171.0,10456.0,2943.8203
2300,9.7119,11.6846,2.6729,13.4754,172.0,10628.0,2943.8203
2301,13.5719,11.7626,2.5645,11.4589,171.0,12980.0,2943.8203
2302,11.4345,11.739,2.3941,10.5507,174.0,13926.0,2943.8203
2303,10.5071,11.7256,2.1335,12.1909,174.0,17752.0,2943.8203
2304,12.198,11.3862,2.276,13.3903,177.0,11028.0,2943.8203
2305,13.4637,11.7024,2.4489,10.978,176.0,17022.0,2943.8203
2306,10.9222,11.8303,2.3054,13.8057,181.0,24164.0,2943.8203
2307,13.9717,11.9701,2.928,10.4302,173.0,13856.0,2943.8203
2308,10.1964,11.2067,2.3519,12.2725,177.0,18885.0,2943.8203
2309,12.2671,11.803,1.9331,12.7632,173.0,14388.0,2943.8203
2310,12.8987,11.8465,2.1149,12.1385,172.0,8412.0,2943.8203
2311,12.1162,11.2136,2.0995,13.7134,171.0,11930.0,2943.8203
2312,13.9048,12.2251,2.9482,10.7902,171.0,11016.0,2943.8203
2313,10.5967,12.2992,2.5724,13.6847,173.0,12688.0,2943.8203
2314,13.6784,12.0107,2.5998,11.3578,171.0,9328.0,2943.8203
2315,11.2649,12.0302,2.3779,14.4332,172.0,8876.0,2943.8203
2316,14.653,11.1131,3.0311,12.5242,172.0,9804.0,2943.8203
2317,12.4048,12.4481,2.5496,11.335,172.0,14880.0,2943.8203
2318,11.3373,12.1933,2.4345,12.4216,174.0,28439.0,2943.8203
2319,12.3826,12.191,2.2886,13.3525,171.0,17020.0,2943.8203
2320,13.4022,11.165,2.6645,10.9685,178.0,33476.0,2943.8203
2321,10.9573,12.0005,2.5366,12.2531,163.0,13988.0,2943.8203
2322,12.2171,12.0653,2.3384,14.0692,180.0,11679.0,2943.8203
2323,14.2548,11.7362,3.0596,14.1369,162.0,22290.0,2943.8203
2324,14.0821,11.5187,2.6596,10.5801,159.0,9398.0,2943.8203
2325,10.5569,12.2159,2.8348,14.1542,173.0,15274.0,2943.8203
2326,14.0266,12.1864,2.6419,12.3857,172.0,17698.0,2943.8203
2327,12.5064,11.4888,3.569,11.9287,173.0,15583.0,2943.8203
2328,11.9409,12.0232,2.9313,11.5626,172.0,11828.0,2943.8203
2329,11.4264,12.0904,2.2954,13.0814,173.0,15440.0,2943.8203
2330,13.0675,12.0709,2.2904,12.3438,172.0,15338.0,2943.8203
2331,12.4507,11.3316,2.146,12.8059,165.0,8202.0,2943.8203
2332,12.7873,12.0482,2.834,11.7424,173.0,9592.0,2943.8203
2333,11.744,12.0526,2.7308,12.6555,172.0,16613.0,2943.8203
2334,12.6542,11.7413,2.3364,11.6242,177.0,20933.0,2943.8203
2335,11.6221,11.3688,2.421,12.2879,159.0,7680.0,2943.8203
2336,12.3083,11.7714,2.37,11.0444,171.0,12019.0,2943.8203
2337,10.9849,11.8604,2.0587,13.2714,180.0,20017.0,2943.8203
2338,13.3253,12.2913,2.2565,12.2027,177.0,12259.0,2943.8203
2339,12.1278,11.0674,1.9017,12.2941,174.0,14290.0,2943.8203
2340,12.2926,11.7834,1.8446,11.8618,174.0,12968.0,2943.8203
2341,11.8869,11.8418,1.8937,12.2907,173.0,9710.0,2943.8203
2342,12.2622,11.9521,2.057,12.1445,175.0,15329.0,2943.8203
2343,12.1659,11.0953,2.2054,11.2842,173.0,13803.0,2943.8203
2344,11.2946,11.8269,1.9493,12.6662,172.0,13214.0,2943.8203
2345,12.6853,12.0371,1.936,11.6237,171.0,11680.0,2943.8203
2346,11.5439,12.3054,1.8616,15.1472,171.0,19650.0,2943.8203
2347,15.2128,11.1127,2.258,10.6398,172.0,10848.0,2943.8203
2348,10.6395,12.0231,2.2888,12.1847,171.0,18460.0,2943.8203
2349,12.1948,11.8386,2.2681,12.6808,173.0,10094.0,2943.8203
2350,12.673,11.3095,2.2356,12.1076,171.0,10388.0,2943.8203
2351,12.0957,11.8465,2.3578,11.7035,171.0,11684.0,2943.8203
2352,11.7423,11.9831,2.0317,11.5835,175.0,8404.0,2943.8203
2353,11.5091,12.0613,1.7915,12.9048,176.0,26388.0,2943.8203
2354,12.992,11.1113,2.1096,12.1853,175.0,13238.0,2943.8203
2355,12.1525,11.5365,2.0944,12.4875,173.0,18532.0,2943.8203
2356,12.4396,11.8523,1.987,11.807,173.0,22481.0,2943.8203
2357,11.7556,11.7846,1.721,12.6561,173.0,17604.0,2943.8203
2358,12.754,11.0724,2.0154,11.6314,173.0,11496.0,2943.8203
2359,11.623,12.1529,2.0374,12.9912,171.0,10580.0,2943.8203
2360,12.9731,11.8972,2.0212,11.4996,172.0,10968.0,2943.8203
2361,11.5046,12.2135,1.9704,13.0212,171.0,12884.0,2943.8203
2362,13.0661,11.0744,2.1396,11.6321,175.0,17494.0,2943.8203
2363,11.5691,11.9652,2.2803,12.0483,174.0,13828.0,2943.8203
2364,12.1102,12.1946,1.9623,13.4704,172.0,11012.0,2943.8203
2365,13.4155,11.9572,2.0282,12.0682,171.0,17006.0,2943.8203
2366,12.0572,11.0938,1.6859,11.4495,177.0,24160.0,2943.8203
2367,11.4627,11.8119,1.8149,12.3442,173.0,17214.0,2943.8203
2368,12.478,11.9333,2.1745,12.9739,178.0,15539.0,2943.8203
2369,12.9021,11.3105,2.5213,12.738,175.0,14390.0,2943.8203
2370,12.705,11.9855,2.4078,11.2868,176.0,9344.0,2943.8203
2371,11.322,11.7708,2.1788,12.7507,173.0,11004.0,2943.8203
2372,12.8524,11.9948,2.4362,13.1562,173.0,11018.0,2943.8203
2373,13.0428,11.1722,2.1956,11.4828,174.0,12678.0,2943.8203
2374,11.4832,12.1005,2.2541,13.2153,172.0,9340.0,2943.8203
2375,13.4133,11.9069,2.4537,11.8731,171.0,8864.0,2943.8203
2376,11.6667,11.8259,2.3215,12.4785,171.0,10100.0,2943.8203
2377,12.4994,11.1761,2.3673,11.5078,173.0,14584.0,2943.8203
2378,11.6013,11.8834,2.2164,12.1193,173.0,30423.0,2943.8203
2379,12.0418,11.7169,2.3008,11.9677,172.0,20268.0,2943.8203
2380,11.972,11.7704,2.0846,12.2679,172.0,33400.0,2943.8203
2381,12.2619,11.1327,2.1907,11.7481,174.0,11499.0,2943.8203
2382,11.6963,11.8033,2.0712,12.9454,168.0,16432.0,2943.8203
2383,12.9631,11.6041,2.2786,11.9652,160.0,15568.0,2943.8203
2384,11.9206,11.1476,2.1829,11.235,168.0,9728.0,2943.8203
2385,11.287,11.6544,2.0977,11.7045,176.0,23566.0,2943.8203
2386,11.7037,11.8246,1.924,12.0999,175.0,12188.0,2943.8203
2387,12.1248,11.577,1.9647,11.8636,176.0,15645.0,2943.8203
2388,11.8927,11.1146,2.0747,14.9231,174.0,9116.0,2943.8203
2389,14.9726,11.8405,2.6976,12.2377,175.0,15976.0,2943.8203
2390,12.1826,11.8964,2.6289,11.0596,172.0,14484.0,2943.8203
2391,10.9967,11.4411,2.1815,12.1486,158.0,8600.0,2943.8203
2392,12.1971,12.0017,2.2365,11.5845,173.0,8760.0,2943.8203
2393,11.5791,12.1186,2.2378,13.1946,168.0,16325.0,2943.8203
2394,13.2168,12.1442,2.2282,12.6601,169.0,20453.0,2943.8203
2395,12.6424,11.3972,2.2155,15.0106,171.0,11839.0,2943.8203
2396,15.1093,12.8974,2.5255,13.8757,169.0,16283.0,2943.8203
2397,13.864,13.3611,2.941,10.2882,174.0,12994.0,2943.8203
2398,10.1618,12.7848,2.1865,12.299,175.0,12669.0,2943.8203
2399,12.2656,12.456,2.6791,13.4328,172.0,14270.0,2943.8203
2400,13.5211,11.3216,2.5119,18.8476,176.0,12598.0,3113.4453
2401,19.0844,12.9414,3.7118,25.5011,698.0,74727.0,3142.8203
2402,25.4197,16.1133,3.0923,18.0154,803.0,66465.0,3142.8203
2403,17.8972,15.0816,4.1814,20.3064,807.0,77241.0,3128.1328
2404,20.326,15.0816,3.4131,13.3089,822.0,97037.0,3128.1328
2405,13.3049,15.2409,3.1794,16.5922,829.0,97765.0,3128.1953
2406,16.6202,16.3546,3.6739,15.7616,715.0,64781.0,3107.5703
2407,15.7049,15.9704,2.1865,18.0459,715.0,52911.0,3107.5703
2408,18.1288,16.0962,3.2867,16.119,624.0,56229.0,3107.5703
2409,16.1799,16.1166,2.8861,13.4634,547.0,27497.0,3107.5703
2410,13.3202,15.0116,2.7399,16.3617,546.0,28275.0,3107.5703
2411,16.4087,15.2685,2.5899,14.1312,544.0,27025.0,3107.5703
2412,14.166,15.1548,3.0212,16.1039,546.0,41784.0,3107.5703
2413,16.0355,14.4139,3.4024,13.7413,544.0,32833.0,3107.5703
2414,13.773,14.0919,2.6247,15.5473,547.0,28459.0,3107.5703
2415,15.6012,12.848,2.6258,14.8586,552.0,27663.0,3107.6328
2416,14.9097,13.924,2.2965,15.1825,552.0,31829.0,3107.6328
2417,15.1169,14.8064,2.5044,14.2314,551.0,30291.0,3107.6328
2418,14.2278,14.886,2.3831,15.0539,547.0,33855.0,3107.6328
2419,15.0793,14.4906,2.6983,17.0404,547.0,37543.0,3107.6328
2420,17.051,14.6424,2.5935,14.1789,546.0,33399.0,3107.6328
2421,14.1702,14.9889,2.6735,15.2907,546.0,32241.0,3107.6328
2422,15.316,14.1226,2.2573,13.7479,544.0,27207.0,3107.6328
2423,13.7209,15.0847,2.5185,15.758,545.0,32295.0,3107.6328
2424,15.661,14.3856,3.0322,14.9976,545.0,51675.0,3107.6328
2425,14.9854,12.9186,2.6148,13.6216,546.0,51031.0,3107.6328
2426,13.623,12.9892,2.3429,14.4035,543.0,31199.0,3107.6328
2427,14.4781,14.0061,2.1625,13.9329,543.0,35043.0,3107.6328
2428,13.91,14.0025,2.5152,14.985,545.0,36411.0,3107.6328
2429,14.954,13.9177,2.384,14.6526,531.0,25237.0,3107.6328
2430,14.6866,13.78,2.4036,12.4508,510.0,23263.0,3107.6328
2431,12.3766,14.2304,2.1981,14.861,513.0,23255.0,3107.6328
2432,14.8734,13.7253,2.3736,14.5778,515.0,23279.0,3107.6328
2433,14.5759,12.5677,2.1295,13.8002,516.0,23291.0,3107.6328
2434,13.8571,13.8157,2.2223,14.3127,512.0,23265.0,3107.6328
2435,14.2329,14.1241,2.4238,15.3944,514.0,23289.0,3107.6328
2436,15.4178,13.8855,2.0091,13.7377,513.0,23277.0,3107.6328
2437,13.9414,13.9088,2.5941,14.4158,544.0,28463.0,3107.6328
2438,14.3161,14.1318,2.9501,15.0247,511.0,23275.0,3107.6328
2439,14.943,13.1537,2.7055,13.4929,508.0,23239.0,3107.6328
2440,13.4896,12.4982,2.2514,14.3815,548.0,27873.0,3107.6328
2441,14.495,13.8593,2.0959,14.455,544.0,26657.0,3107.6328
2442,14.3074,13.8609,2.2192,14.7582,546.0,39443.0,3107.6328
2443,14.8677,13.7103,2.1229,13.8633,546.0,32495.0,3107.6328
2444,13.963,13.9112,2.2799,13.6009,543.0,29051.0,3107.6328
2445,13.3566,13.7139,2.3298,13.7058,547.0,31883.0,3107.6328
2446,13.8583,12.9971,2.5292,14.2406,544.0,25645.0,3107.6328
2447,14.2019,12.7629,2.4714,13.7239,551.0,30827.0,3107.6328
2448,13.6893,13.7612,2.3204,13.9015,549.0,31631.0,3107.6328
2449,13.9545,13.6006,2.3159,14.6658,550.0,25859.0,3107.6328
2450,14.6184,13.3627,2.1184,13.0142,548.0,27961.0,3107.6328
2451,13.0406,13.4356,2.3658,13.8511,548.0,25281.0,3107.6328
2452,13.9008,12.7028,2.2701,14.3807,510.0,23241.0,3107.6953
2453,14.2865,13.1035,2.1501,13.5919,546.0,26681.0,3107.6953
2454,13.6568,13.3199,2.255,13.677,546.0,34679.0,3107.6953
2455,13.6021,13.5708,2.2705,13.4796,546.0,28013.0,3107.6953
2456,13.5881,13.3034,2.4086,14.4791,546.0,30749.0,3107.6953
2457,14.5297,13.2218,2.4037,13.2251,543.0,25617.0,3107.6953
2458,13.1669,12.5331,2.3084,14.1333,545.0,30727.0,3107.6953
2459,14.051,13.3852,2.1784,14.1895,544.0,30855.0,3107.6953
2460,14.3014,13.4987,2.1037,13.4864,544.0,30139.0,3107.6953
2461,13.3601,13.7257,2.464,13.7505,543.0,34399.0,3107.6953
2462,13.7738,13.6393,2.3199,14.0801,543.0,25773.0,3107.6953
2463,14.1178,13.3661,2.2801,13.8583,549.0,31155.0,3107.6953
2464,13.8206,12.6223,2.3867,14.5102,551.0,30513.0,3107.6953
2465,14.4917,13.2847,2.1684,11.743,553.0,24807.0,3107.6953
2466,11.7416,13.427,2.1212,14.7266,546.0,31051.0,3107.6953
2467,14.7979,13.5589,1.9619,13.7629,549.0,26485.0,3107.6953
2468,13.7871,13.6496,2.2468,14.1722,545.0,27031.0,3107.6953
2469,14.0825,13.328,2.3052,14.0099,545.0,25731.0,3107.6953
2470,13.9934,12.5441,2.0299,13.0951,534.0,36555.0,3107.6953
2471,13.1875,13.2723,2.1448,13.5324,513.0,23347.0,3107.6953
2472,13.5623,13.6215,2.1204,14.2861,545.0,39029.0,3107.6953
2473,14.2583,13.2565,2.1027,13.9475,546.0,28279.0,3107.6953
2474,13.9195,12.5745,2.2339,14.0239,544.0,30753.0,3107.6953
2475,13.9939,13.4066,2.19,13.2257,547.0,29895.0,3107.6953
2476,13.2876,12.5021,2.3397,14.2018,543.0,30759.0,3107.6953
2477,14.1836,13.3442,2.1952,14.693,543.0,25929.0,3107.6953
2478,14.6886,13.4628,2.4674,12.2056,545.0,26521.0,3107.6953
2479,12.3144,13.6255,2.2308,14.5127,549.0,31819.0,3107.6953
2480,14.3671,13.337,2.1039,14.4579,551.0,28710.0,3107.6953
2481,14.531,13.2463,2.0946,13.7894,542.0,26171.0,3107.6953
2482,13.8147,12.5165,2.018,12.1348,519.0,24295.0,3107.6953
2483,12.0337,13.6203,2.2031,14.6871,517.0,23517.0,3107.6953
2484,14.6667,13.4326,2.0231,13.8074,514.0,23289.0,3107.6953
2485,13.9025,13.1504,2.1507,12.9241,510.0,23263.0,3107.6953
2486,12.9049,13.3949,1.969,14.6897,513.0,23299.0,3107.6953
2487,14.6566,12.4185,2.1232,14.4984,567.0,48481.0,3107.6953
2488,14.6341,13.3562,2.2769,12.8292,546.0,27880.0,3107.6953
2489,12.7128,13.4927,2.0723,14.0976,546.0,25909.0,3107.6953
2490,14.0288,13.3939,2.2989,14.2005,540.0,25015.0,3107.6953
2491,14.3287,13.1754,2.0341,13.9903,546.0,25375.0,3107.6953
2492,13.9379,13.6265,2.254,13.2516,538.0,41703.0,3107.6953
2493,13.2953,12.4676,2.5107,13.6747,524.0,24151.0,3107.6953
2494,13.7735,13.6946,2.3698,13.5399,510.0,23263.0,3107.6953
2495,13.3583,14.1564,2.3067,15.2275,548.0,25355.0,3107.6953
2496,15.2635,13.6261,2.3602,13.0636,552.0,25403.0,3107.6953
2497,13.1676,13.1997,2.1863,14.0241,549.0,25367.0,3107.6953
2498,13.8644,13.1488,2.0295,14.7031,550.0,37653.0,3107.6953
2499,14.7994,12.7122,2.1388,13.8233,549.0,30413.0,3107.6953
2500,13.8012,13.2484,2.1662,12.3676,552.0,43427.0,3107.6953
2501,12.3444,13.3075,2.0097,14.7342,544.0,27603.0,3107.6953
2502,14.7712,13.5065,2.1922,12.7129,545.0,29127.0,3107.6953
2503,12.6414,13.4791,2.2754,14.5516,548.0,34187.0,3107.6953
2504,14.5993,13.2571,2.3887,13.9946,547.0,27075.0,3107.6953
2505,14.0641,12.5205,2.1721,12.4228,549.0,32083.0,3107.6953
2506,12.4408,13.6141,1.9173,14.2715,547.0,32927.0,3107.6953
2507,14.291,13.261,2.2098,15.5221,545.0,28421.0,3107.6953
2508,15.3801,13.3189,2.1813,11.8846,545.0,27037.0,3107.6953
2509,11.9168,13.5916,2.0617,15.0341,549.0,38535.0,3107.6953
2510,15.0603,13.4555,2.3089,13.6658,544.0,36118.0,3107.6953
2511,13.616,12.4988,1.9886,13.6353,550.0,27447.0,3107.6953
2512,13.7031,13.2122,1.9814,13.6184,550.0,28643.0,3107.6953
2513,13.5578,13.4979,1.9652,13.7336,550.0,30841.0,3107.6953
2514,13.7202,13.4514,1.8643,14.3261,550.0,29333.0,3107.6953
2515,14.311,13.3798,2.3476,13.3362,548.0,33121.0,3107.6953
2516,13.7574,13.3954,2.3493,14.2634,549.0,38185.0,3107.6953
2517,13.9105,12.4033,2.2435,13.8595,545.0,33795.0,3107.6953
2518,13.8739,13.2827,2.2213,14.0277,548.0,32265.0,3107.6953
2519,14.104,13.207,2.4197,14.058,545.0,28429.0,3107.6953
2520,13.9469,13.3655,2.2216,13.8342,543.0,32735.0,3107.6953
2521,13.8354,13.3727,2.6478,13.3668,544.0,51663.0,3107.6953
2522,13.419,12.4436,2.623,13.4851,544.0,51007.0,3107.6953
2523,13.5203,13.4248,2.3602,15.2614,545.0,25991.0,3107.6953
2524,15.4465,13.7184,2.5329,13.4972,547.0,40003.0,3107.6953
2525,13.2682,13.2687,2.2921,12.5878,546.0,34779.0,3107.6953
2526,12.6237,13.2564,2.7193,14.3355,536.0,27549.0,3107.6953
2527,14.2686,13.4893,2.5352,14.3859,513.0,23255.0,3107.6953
2528,14.4391,12.5078,2.2945,13.4936,515.0,23279.0,3107.6953
2529,13.4541,13.5413,2.2066,12.8194,515.0,23279.0,3107.6953
2530,12.8666,13.3455,2.0319,14.16,510.0,23241.0,3107.6953
2531,14.0936,13.43,2.2285,14.1626,512.0,23265.0,3107.6953
2532,14.1599,13.1914,2.1423,12.7547,515.0,23301.0,3107.6953
2533,12.7252,13.3729,2.0322,14.519,510.0,23263.0,3107.6953
2534,14.5416,12.4158,2.0981,13.457,543.0,28451.0,3107.6953
2535,13.6364,13.6311,2.3363,14.9989,510.0,23263.0,3107.6953
2536,14.888,14.1487,2.4695,14.5032,510.0,23263.0,3107.6953
2537,14.4858,14.0014,2.4142,13.4107,547.0,27861.0,3107.6953
2538,13.422,14.3742,2.5229,14.5705,547.0,26693.0,3107.6953
2539,14.566,14.4559,2.5327,14.7242,544.0,39419.0,3107.6953
2540,14.7264,14.3997,2.7595,15.3266,544.0,32471.0,3107.6953
2541,15.3418,12.6736,2.1952,13.6504,544.0,29063.0,3107.6953
2542,13.6295,14.1472,2.2124,14.9134,545.0,31859.0,3107.6953
2543,14.9795,14.5083,2.4387,14.4566,548.0,25745.0,3107.6953
2544,14.3795,14.4906,2.2511,14.9888,548.0,32603.0,3107.6953
2545,15.0326,14.2063,2.4555,15.069,549.0,29819.0,3107.6953
2546,15.1105,14.2538,2.1142,15.2891,546.0,25833.0,3107.6953
2547,15.4341,14.2398,2.7504,13.7883,548.0,27961.0,3107.6953
2548,13.6095,14.0058,2.4263,15.1461,542.0,25113.0,3107.6953
2549,15.1507,12.5781,2.4512,15.2733,511.0,23275.0,3107.6953
2550,15.2804,14.1885,2.6823,12.9619,544.0,26657.0,3107.6953
2551,12.9661,14.4942,2.294,14.2132,546.0,34679.0,3107.6953
2552,14.2326,13.9609,2.1075,15.117,545.0,28001.0,3107.6953
2553,15.1147,14.0571,2.3757,13.8898,544.0,30725.0,3107.6953
2554,13.8303,14.2461,2.565,15.3734,545.0,25641.0,3107.6953
2555,15.4147,14.2159,2.2223,13.7623,547.0,30751.0,3107.6953
2556,14.2977,13.1675,2.4379,15.1007,544.0,30855.0,3107.6953
2557,14.4347,13.1445,2.1786,13.6478,547.0,30175.0,3107.6953
2558,13.6979,13.426,2.0176,14.3326,544.0,34411.0,3107.6953
2559,14.3046,13.9409,1.954,14.9505,548.0,25789.0,3107.6953
2560,14.9955,14.262,1.9502,14.3399,551.0,31179.0,3107.6953
2561,14.3666,14.3107,2.2411,14.2092,549.0,30489.0,3107.6953
2562,14.2289,14.1132,2.2325,15.8813,548.0,24769.0,3107.6953
2563,15.8603,13.6047,2.6111,14.1632,546.0,31051.0,3107.6953
2564,14.1325,13.6982,2.2867,14.5867,549.0,26485.0,3107.6953
2565,14.5718,12.9727,2.1956,12.6827,547.0,27077.0,3107.6953
2566,12.7341,13.8732,1.9487,14.5034,544.0,25719.0,3107.6953
2567,14.5065,13.7228,1.9129,13.8108,535.0,36567.0,3107.6953
2568,13.7771,13.3611,1.9306,13.907,537.0,29093.0,3107.6953
2569,13.9157,13.4708,2.1165,13.9145,544.0,37021.0,3107.6953
2570,13.8687,13.3604,2.2246,14.3206,550.0,30683.0,3107.6953
2571,14.3183,12.4988,2.0401,12.763,545.0,28647.0,3107.6953
2572,12.7718,13.3963,1.9182,14.1774,545.0,30783.0,3107.6953
2573,14.2656,13.4065,2.2618,13.5423,544.0,27527.0,3107.6953
2574,13.4834,13.6562,2.0785,13.69,546.0,27003.0,3107.6953
2575,13.6621,12.749,1.9869,14.0458,548.0,29461.0,3107.6953
2576,14.0218,12.5989,2.0539,14.3938,550.0,30386.0,3107.6953
2577,14.4033,12.3528,2.0188,12.9714,535.0,25389.0,3107.6953
2578,12.9671,13.5876,1.8287,13.9887,530.0,25537.0,3107.6953
2579,14.0337,13.6311,2.0625,15.2682,515.0,24027.0,3107.6953
2580,15.2813,13.6952,2.1382,12.2527,516.0,23457.0,3107.6953
2581,12.1826,13.2959,2.0437,14.4199,509.0,23251.0,3107.6953
2582,14.5611,13.0586,2.0201,13.8955,508.0,23239.0,3107.6953
2583,13.8818,13.0069,1.9281,13.5371,509.0,23251.0,3107.7578
2584,13.4669,13.5471,2.0277,14.8413,570.0,48517.0,3107.7578
2585,14.8472,13.4639,1.9813,14.0238,548.0,27904.0,3107.7578
2586,14.0675,13.9397,2.1012,14.473,543.0,25873.0,3107.7578
2587,14.5365,14.2088,2.8111,13.5357,544.0,25207.0,3107.7578
2588,13.5141,13.7191,2.1916,14.7395,546.0,25375.0,3107.7578
2589,14.6545,12.5932,2.3372,13.8112,536.0,41727.0,3107.7578
2590,13.7897,13.6455,1.9566,15.385,522.0,23935.0,3107.7578
2591,15.3991,14.0807,2.1905,13.3334,516.0,23291.0,3107.7578
2592,13.3569,13.325,2.216,13.2128,550.0,25379.0,3107.7578
2593,13.2972,13.4686,2.8388,14.2963,549.0,25367.0,3107.7578
2594,14.2296,13.6856,2.673,14.6983,546.0,25353.0,3107.7578
2595,14.7333,12.6108,2.5888,14.439,549.0,37641.0,3107.7578
2596,14.4481,13.0441,2.3127,14.8754,548.0,30401.0,3107.7578
2597,14.8498,13.6481,2.3958,12.4207,547.0,43389.0,3107.7578
2598,12.4216,13.5555,2.3104,13.5829,547.0,27639.0,3107.7578
2599,13.6593,12.8292,2.7915,13.9467,544.0,29115.0,3107.7578
2600,13.8784,13.9126,2.4138,15.5336,548.0,34187.0,3107.7578
2601,15.5386,12.679,3.1601,12.9196,545.0,27051.0,3107.7578
2602,13.2179,12.8159,2.3366,13.8275,551.0,32107.0,3107.7578
2603,13.4456,13.6793,2.3131,14.2844,546.0,32915.0,3107.7578
2604,14.3498,14.0288,2.0378,14.6818,544.0,28409.0,3107.7578
2605,14.6422,13.9278,1.9576,14.7491,547.0,27061.0,3107.7578
2606,14.8196,13.999,2.5709,13.7825,547.0,38511.0,3107.7578
2607,13.7823,14.3233,2.5188,15.5495,549.0,36134.0,3107.7578
2608,15.587,12.6537,2.5478,14.8883,549.0,27435.0,3107.7578
2609,14.844,13.1797,2.3477,14.2056,552.0,28667.0,3107.7578
2610,14.2341,14.0308,2.362,14.0118,549.0,30851.0,3107.7578
2611,14.0158,14.1233,2.1465,14.3565,549.0,29321.0,3107.7578
2612,14.353,14.2275,2.1516,13.8307,547.0,33109.0,3107.7578
2613,13.9335,14.0388,2.5985,14.3716,546.0,38171.0,3107.7578
2614,14.2614,14.2107,2.4184,14.7034,544.0,33783.0,3107.7578
2615,14.6668,13.8012,2.9898,14.662,545.0,32229.0,3107.7578
2616,14.6181,12.5629,2.0068,15.0209,543.0,28405.0,3107.7578
2617,15.0923,13.9121,2.2487,13.4023,543.0,32735.0,3107.7578
2618,13.3391,14.2023,2.0451,14.7329,544.0,51663.0,3107.7578
2619,14.7483,13.9149,2.0393,15.2908,547.0,51043.0,3107.7578
2620,15.3157,14.1546,2.2003,13.4663,549.0,26039.0,3107.7578
2621,13.5302,13.7569,2.6276,14.2185,546.0,39991.0,3107.7578
2622,14.1907,13.6561,2.218,13.7838,546.0,34779.0,3107.7578
2623,13.7371,12.9112,2.3701,16.4162,539.0,27541.0,3107.7578
2624,16.5106,13.6345,2.5745,12.5727,512.0,23243.0,3107.7578
2625,12.5675,13.8011,2.2864,14.206,516.0,23291.0,3107.7578
2626,14.0948,13.7775,2.2296,14.073,512.0,23265.0,3107.7578
2627,14.1293,14.1099,2.6898,13.7051,512.0,23265.0,3107.7578
2628,13.7011,13.7214,2.3635,14.6573,513.0,23277.0,3107.7578
2629,14.6263,13.4453,2.7605,13.7103,509.0,23251.0,3107.7578
2630,13.7064,12.6378,2.2985,13.6006,512.0,23287.0,3107.7578
2631,13.6201,13.7852,2.2106,13.8772,543.0,28451.0,3107.7578
2632,13.8669,13.5632,2.1097,14.235,508.0,23239.0,3107.7578
2633,14.2803,13.4989,2.1737,13.1694,509.0,23251.0,3107.7578
2634,13.0406,13.6936,1.9886,14.9307,546.0,27849.0,3107.7578
2635,15.023,13.3873,2.1809,13.8764,546.0,26681.0,3107.7578
2636,13.8334,12.672,2.1415,14.5579,544.0,39419.0,3107.7578
2637,14.6517,13.3417,2.073,13.4611,546.0,32495.0,3107.7578
2638,13.3618,13.9022,2.1306,14.2311,547.0,29099.0,3107.7578
2639,14.2543,13.5971,2.0314,13.8367,551.0,31887.0,3107.7578
2640,13.936,13.9224,2.3148,13.7668,548.0,25745.0,3107.7578
2641,13.638,13.5955,2.2242,14.015,553.0,32663.0,3107.7578
2642,14.1115,13.3379,2.1671,15.1378,545.0,29793.0,3107.7578
2643,15.2378,12.6502,2.3972,13.3268,546.0,25833.0,3107.7578
2644,13.1572,13.9577,2.2796,13.7667,547.0,27949.0,3107.7578
2645,13.8591,13.5089,1.913,14.181,542.0,25135.0,3107.7578
2646,14.2313,13.3731,1.9298,13.1073,511.0,23275.0,3107.7578
2647,12.9895,13.6206,1.9448,14.8818,548.0,26705.0,3107.7578
2648,14.955,13.2341,2.2062,13.8293,544.0,34655.0,3107.7578
2649,13.7834,12.6177,2.0039,13.0714,545.0,28001.0,3107.7578
2650,13.064,13.2964,2.0684,13.8725,544.0,30725.0,3107.7578
2651,13.8271,13.5084,2.2633,13.4483,547.0,25665.0,3107.7578
2652,13.5056,13.4695,2.1577,14.3283,547.0,30751.0,3107.7578
2653,14.3318,13.3902,2.2486,13.9835,545.0,30867.0,3107.7578
2654,13.9555,12.7423,1.987,14.0255,548.0,30187.0,3107.7578
2655,13.989,13.3648,1.9698,13.457,552.0,34463.0,3107.7578
2656,13.507,13.1605,1.9452,14.0999,548.0,25789.0,3107.7578
2657,14.0731,13.4125,2.0125,13.4148,548.0,31143.0,3107.7578
2658,13.654,13.5052,2.1781,13.2741,547.0,30487.0,3107.7578
2659,13.0472,13.4852,2.0752,14.2018,549.0,24781.0,3107.7578
2660,14.7013,12.7792,2.3624,14.0659,549.0,31087.0,3107.7578
2661,13.6435,13.3245,1.887,12.9904,546.0,26471.0,3107.7578
2662,12.9834,13.0336,1.8788,14.63,546.0,27065.0,3107.7578
2663,14.6151,13.0697,2.0697,13.1443,544.0,25719.0,3107.7578
2664,13.1235,13.1809,2.162,13.5203,551.0,38481.0,3107.7578
2665,13.5562,13.1291,2.1571,13.0765,546.0,30701.0,3107.7578
2666,13.0768,12.4952,2.1869,13.5192,545.0,36341.0,3107.7578
2667,13.46,13.0296,1.9881,13.9332,546.0,30567.0,3107.7578
2668,13.9283,13.3782,1.979,13.5659,544.0,29925.0,3107.7578
2669,13.7044,13.3868,2.2648,14.0712,545.0,30095.0,3107.7578
2670,13.856,12.9644,1.911,13.4637,547.0,25977.0,3107.7578
2671,13.4982,12.5601,1.8797,13.1813,549.0,28357.0,3107.7578
2672,13.286,13.1815,2.0489,13.9385,551.0,32014.0,3107.7578
2673,13.8975,13.0447,1.8716,14.0052,550.0,26851.0,3107.7578
2674,14.1306,13.4315,2.1867,13.9051,536.0,25801.0,3107.7578
2675,13.7766,13.4233,2.2692,13.2732,516.0,24135.0,3107.7578
2676,13.3211,12.9723,2.1152,13.7932,511.0,23253.0,3107.7578
2677,13.7058,12.814,2.1114,14.2546,508.0,23239.0,3107.7578
2678,14.3021,14.1035,2.1716,14.05,509.0,23251.0,3107.7578
2679,14.0443,14.1556,1.9735,14.3289,512.0,23287.0,3107.7578
2680,14.3494,14.2225,2.4035,15.0193,570.0,48517.0,3107.7578
2681,15.1334,13.1109,2.3847,14.6823,546.0,27880.0,3107.7578
2682,14.496,14.3787,1.9801,14.9321,546.0,25909.0,3107.7578
2683,15.0544,13.5278,2.0933,14.6192,545.0,25363.0,3107.7578
2684,14.6111,12.5914,2.1992,13.8531,545.0,25363.0,3107.7578
2685,13.8281,14.1627,2.1777,14.0698,536.0,41727.0,3107.7578
2686,14.2822,14.0475,2.3032,15.8868,518.0,23743.0,3107.7578
2687,15.6313,14.5043,2.0486,13.5883,516.0,23291.0,3107.7578
2688,13.5624,14.269,1.876,15.1844,549.0,25367.0,3107.7578
2689,15.3775,13.5426,2.3357,15.0134,548.0,25355.0,3107.7578
2690,14.8791,14.2359,2.3544,15.2403,548.0,25377.0,3107.7578
2691,15.1758,13.2832,2.3324,14.3012,548.0,37629.0,3107.7578
2692,14.3902,12.6226,2.4457,15.2874,548.0,30401.0,3107.7578
2693,15.3963,14.1965,2.5779,12.7215,548.0,43401.0,3107.7578
2694,12.6813,14.3184,2.2986,14.4774,546.0,27627.0,3107.7578
2695,14.3204,14.2583,1.942,15.8759,545.0,29127.0,3107.7578
2696,15.9385,14.3276,2.2413,13.865,546.0,34163.0,3107.7578
2697,13.9059,14.2215,2.356,14.819,545.0,27051.0,3107.7578
2698,14.8786,14.1385,2.5624,14.2751,546.0,32047.0,3107.7578
2699,14.1254,13.9017,2.3673,14.4748,544.0,32891.0,3107.7578
2700,14.5179,12.463,2.0912,13.7292,546.0,28433.0,3107.7578
2701,13.6948,14.4819,2.1516,15.6676,544.0,27025.0,3107.7578
2702,15.7691,14.3174,1.8983,14.8,545.0,38487.0,3107.7578
2703,14.7232,14.0105,2.0326,14.1619,549.0,36134.0,3107.7578
2704,14.1891,14.1731,2.276,14.4971,550.0,27447.0,3107.7578
2705,14.5475,14.2847,2.461,14.5158,549.0,28631.0,3107.7578
2706,14.5661,13.3677,2.2469,13.6499,550.0,30863.0,3107.7578
2707,13.5712,12.8108,2.0215,14.2896,548.0,29309.0,3107.7578
2708,14.3369,13.3509,2.0639,13.1961,547.0,33109.0,3107.7578
2709,13.2039,13.2919,1.9323,14.1472,546.0,38171.0,3107.7578
2710,14.0345,13.547,2.2155,13.6319,546.0,33807.0,3107.7578
2711,13.6923,13.6023,2.1199,14.2502,545.0,32229.0,3107.7578
2712,14.4782,13.3415,2.0614,14.1979,548.0,28465.0,3107.7578
2713,13.9423,12.7629,2.0582,13.8285,543.0,32735.0,3107.7578
2714,13.8056,13.3268,2.1062,13.0702,545.0,51675.0,3107.7578
2715,13.058,13.4817,1.9573,14.5315,546.0,51031.0,3107.7578
2716,14.5409,13.6797,1.8996,13.3327,546.0,26003.0,3107.7578
2717,13.3984,13.5577,2.2065,13.9299,548.0,40015.0,3107.7578
2718,13.8496,13.6797,1.9279,14.4504,543.0,34743.0,3107.7578
2719,14.5367,12.5825,1.8885,14.3324,542.0,27577.0,3107.7578
2720,14.4094,13.4959,2.2059,13.4047,516.0,23291.0,3107.7578
2721,13.2584,13.552,2.1781,13.5553,513.0,23255.0,3107.7578
2722,13.5658,13.8074,2.0028,13.4587,512.0,23265.0,3107.7578
2723,13.4741,13.2814,2.1144,14.8799,512.0,23265.0,3107.7578
2724,14.8702,13.3832,2.1492,13.4613,512.0,23265.0,3107.7578
2725,13.4394,12.8081,2.2714,13.5419,513.0,23299.0,3107.7578
2726,13.5389,13.1698,1.93,13.377,511.0,23275.0,3107.7578
2727,13.4294,13.4759,1.9884,14.5887,544.0,28463.0,3107.7578
2728,14.555,13.5744,1.8246,13.7187,510.0,23263.0,3107.7578
2729,13.7976,13.407,2.0712,13.4421,510.0,23263.0,3107.7578
2730,13.3439,13.6032,1.7978,14.7132,545.0,27837.0,3107.7578
2731,14.868,12.451,2.0286,13.5594,544.0,26657.0,3107.7578
2732,13.4413,13.5649,1.9088,12.9623,545.0,39431.0,3107.7578
2733,12.9816,12.9938,1.9655,13.9408,545.0,32483.0,3107.7578
2734,14.0049,13.3365,2.0347,14.6161,544.0,29063.0,3107.7578
2735,14.5881,13.3079,2.391,13.0104,550.0,31875.0,3107.7578
2736,13.1014,13.0486,2.2333,14.0293,548.0,25745.0,3107.7578
2737,13.8666,12.5611,2.0788,12.5706,547.0,32591.0,3107.7578
2738,12.5552,13.1607,1.9294,13.8924,545.0,29793.0,3107.7578
2739,13.9259,13.2091,1.9402,14.0351,548.0,25857.0,3107.7578
2740,14.1891,13.1266,2.3038,13.3705,547.0,27949.0,3107.7578
2741,13.2492,13.1459,2.2374,14.1813,541.0,25123.0,3107.7578
2742,14.2357,12.5882,2.1285,12.6798,511.0,23275.0,3107.7578
2743,12.6608,13.2189,2.2143,13.9398,546.0,26681.0,3107.7578
2744,13.9437,13.5406,1.9704,14.5731,545.0,34667.0,3107.7578
2745,14.6573,13.7189,2.643,12.9405,545.0,28001.0,3107.7578
2746,12.7836,13.3882,2.1417,14.5651,548.0,30773.0,3107.7578
2747,14.7228,13.1724,2.1812,13.6289,547.0,25665.0,3107.7578
2748,13.5063,12.5026,2.1148,13.3599,544.0,30715.0,3107.7578
2749,13.3213,13.6802,1.9981,14.1629,545.0,30867.0,3107.7578
2750,14.1699,13.3077,2.1155,13.5378,544.0,30139.0,3107.7578
2751,13.6623,13.7233,2.0319,14.0523,550.0,34439.0,3107.7578
2752,13.9769,13.7429,1.8075,14.5865,549.0,25801.0,3107.7578
2753,14.5753,13.2316,2.1549,13.3167,551.0,31179.0,3107.7578
2754,13.3615,12.5151,2.0315,13.4429,546.0,30475.0,3107.7578
2755,13.3506,13.5719,2.114,15.3772,546.0,24745.0,3107.7578
2756,15.4129,13.4475,2.1173,13.225,548.0,31075.0,3107.7578
2757,13.1989,13.8094,2.0095,14.5281,548.0,26495.0,3107.7578
2758,14.6581,14.0171,2.363,14.0232,546.0,27065.0,3107.7578
2759,13.9355,13.6923,2.134,14.0816,545.0,25731.0,3107.7578
2760,14.0677,12.4152,2.149,15.1223,549.0,38457.0,3107.7578
2761,15.1953,13.4416,2.1646,11.9671,547.0,30713.0,3107.7578
2762,11.8816,13.7811,2.0326,14.4216,546.0,36353.0,3107.7578
2763,14.4216,14.1537,2.0943,14.5205,544.0,30543.0,3107.7578
2764,14.6909,13.9272,2.2806,14.4093,546.0,29949.0,3107.7578
2765,14.2293,13.8377,2.2871,14.3993,546.0,30107.0,3107.7578
2766,14.5088,12.6935,2.1639,14.7058,546.0,25965.0,3107.7578
2767,14.6481,13.1683,2.1578,13.535,549.0,28357.0,3107.7578
2768,13.5236,13.5749,2.2058,14.2081,551.0,32014.0,3107.7578
2769,14.2604,13.9919,2.0093,14.756,547.0,26815.0,3107.7578
2770,14.7882,13.7279,1.9974,13.1604,539.0,26611.0,3107.7578
2771,13.0307,13.7926,2.1972,14.0905,511.0,23301.0,3107.7578
2772,14.109,13.8437,2.0024,14.344,510.0,23241.0,3107.7578
2773,14.4591,12.5687,2.2222,14.2046,509.0,23251.0,3107.7578
2774,14.1814,13.6886,2.2656,13.5807,509.0,23251.0,3107.7578
2775,13.5951,13.64,2.2076,14.2421,514.0,23311.0,3107.7578
2776,14.2034,13.9894,2.1362,14.7138,572.0,48541.0,3107.7578
2777,14.7355,13.7639,2.56,14.7585,546.0,27880.0,3108.0078
2778,15.1846,14.3359,3.0517,15.0846,546.0,25909.0,3108.0078
2779,14.6555,14.3037,2.6189,14.8291,543.0,25339.0,3108.0078
2780,14.8041,14.3009,2.4261,15.5222,547.0,25387.0,3108.0078
2781,15.611,13.0671,2.3902,13.3017,543.0,42147.0,3108.0078
2782,13.2086,13.9508,2.2044,13.6071,511.0,23323.0,3108.0078
2783,13.596,13.8524,2.3782,15.0601,513.0,23255.0,3108.0078
2784,15.1986,13.8279,2.369,13.7047,550.0,25379.0,3108.0078
2785,13.5809,13.9922,2.3644,15.001,550.0,25379.0,3108.0078
2786,15.0485,13.9867,2.6158,14.1141,547.0,25365.0,3108.0078
2787,14.0496,12.5958,2.1641,14.6862,546.0,37605.0,3108.0078
2788,14.7719,13.0288,2.2924,14.9088,547.0,30389.0,3108.0078
2789,14.7766,14.2709,2.3428,13.1968,546.0,43377.0,3108.0078
2790,13.2254,14.115,2.1731,15.2534,547.0,27639.0,3108.0078
2791,15.3081,13.8062,2.1978,13.6141,544.0,29115.0,3108.0078
2792,13.5425,14.2279,2.2447,14.148,548.0,34187.0,3108.0078
2793,14.2016,13.9837,2.6194,15.2003,546.0,27063.0,3108.0078
2794,15.2592,14.1869,2.7867,14.5784,549.0,32083.0,3108.0078
2795,14.5787,12.8131,2.6522,16.7108,450.0,88141.0,3108.1328
2796,16.7701,13.9922,2.0858,13.5003,280.0,69176.0,3108.1953
2797,13.3903,13.9976,2.6925,12.499,207.0,14956.0,3108.1953
2798,12.4549,14.0247,2.1595,14.5652,143.0,6960.0,3108.1953
2799,14.676,12.8725,2.265,12.8153,136.0,6436.0,3108.1953
2800,12.7548,12.983,2.3504,13.7491,172.0,8392.0,3108.1953
2801,13.7005,11.2075,2.3233,11.0798,172.0,5936.0,3108.1953
2802,11.0918,11.6419,2.3016,13.7934,171.0,5502.0,3108.1953
2803,13.8105,12.4811,2.4785,12.1385,171.0,30114.0,3108.1953
2804,12.096,12.1797,2.5623,12.7928,173.0,35486.0,3108.1953
2805,12.8125,11.3286,2.3261,13.0768,169.0,10636.0,3128.8828
2806,13.0739,12.0988,2.166,12.4359,171.0,7867.0,3143.5703
2807,12.4631,12.3308,2.3025,12.8434,173.0,8268.0,3143.5703
2808,12.8983,12.0627,2.1763,12.1741,172.0,11270.0,3143.5703
2809,12.1045,11.3105,2.7245,11.9858,172.0,8546.0,3114.1953
2810,11.9908,12.235,2.1878,12.3792,177.0,19833.0,3072.8203
2811,12.3497,12.3044,2.0822,12.5135,171.0,8366.0,3072.8203
2812,12.5484,12.2949,2.6983,12.953,173.0,21618.0,3072.8203
2813,12.953,11.3174,2.431,13.195,173.0,20156.0,3072.8203
2814,13.2062,12.1001,2.0518,12.1557,170.0,7680.0,2944.8203
2815,12.138,12.3302,2.1839,12.853,176.0,12257.0,2944.8203
2816,12.8921,12.3473,2.1614,12.9302,175.0,17319.0,2944.8203
2817,12.8822,11.4116,2.2403,12.5671,173.0,11620.0,2944.8203
2818,12.578,11.3197,2.1407,12.2996,171.0,12762.0,2944.8203
2819,12.4038,12.0606,2.2899,11.5285,147.0,5194.0,2944.8203
2820,11.4494,12.2745,2.22,12.6739,158.0,11393.0,2944.8203
2821,12.7091,11.668,2.4269,14.0263,175.0,17893.0,2944.8203
2822,14.0182,11.1024,2.3266,12.0407,162.0,14439.0,2944.8203
2823,12.2135,12.956,2.5348,12.4474,158.0,6016.0,2944.8203
2824,12.3085,13.0531,2.2947,14.3154,171.0,10655.0,2944.8203
2825,14.2728,12.8379,2.3475,13.1337,169.0,7720.0,2944.8203
2826,13.0806,11.0699,2.4016,11.0558,158.0,6127.0,2944.8203
2827,11.0504,12.5385,2.2226,13.2734,134.0,2936.0,2944.8828
2828,13.2813,13.0198,2.0333,13.3882,169.0,5658.0,2944.8828
2829,13.381,12.8238,2.1986,14.0934,166.0,5478.0,2944.8828
2830,14.104,11.8571,2.3371,13.7303,171.0,11047.0,2944.8828
2831,13.7448,12.0497,2.2389,11.3098,176.0,10259.0,2944.8828
2832,11.3231,12.619,2.277,13.9837,173.0,5408.0,2944.8828
2833,13.9837,12.9814,3.1753,12.2019,175.0,7227.0,2944.8828
2834,12.1743,12.5812,2.2568,12.5538,171.0,5038.0,2944.8828
2835,12.5495,11.0726,2.3881,14.1429,172.0,5514.0,2944.8828
2836,14.2241,12.8312,2.4006,12.3474,173.0,5526.0,2944.8828
2837,12.2906,12.7045,2.1984,12.3191,169.0,5848.0,2944.8828
2838,12.2769,12.6983,2.0923,13.2987,169.0,5500.0,2944.8828
2839,13.3408,11.2725,3.2444,13.0544,169.0,6590.0,2944.8828
2840,13.0658,12.4292,2.1762,12.0316,169.0,6312.0,2944.8828
2841,12.1112,12.8316,2.3994,14.3434,170.0,6974.0,2944.8828
2842,14.3408,12.9161,2.4642,12.4358,169.0,6194.0,2944.8828
2843,12.3756,13.5441,2.408,14.3202,170.0,6052.0,2944.8828
2844,14.3269,11.1144,2.7719,11.1663,170.0,6740.0,2944.8828
2845,11.1398,12.604,2.2794,15.065,169.0,6794.0,2944.8828
2846,15.1311,13.0129,2.3411,13.2023,169.0,5192.0,2944.8828
2847,13.2198,12.6462,2.5299,11.8877,173.0,5196.0,2944.8828
2848,11.8016,11.1558,2.1895,13.1185,173.0,6264.0,2944.8828
2849,13.1937,12.4767,2.2732,11.8893,173.0,6204.0,2944.8828
2850,11.9083,12.8695,2.3208,13.6684,173.0,5218.0,2944.8828
2851,13.7006,12.8055,2.5171,12.8683,171.0,8386.0,2944.8828
2852,12.7726,12.7076,2.3195,14.0314,171.0,5966.0,2944.8828
2853,14.0175,11.0761,2.5712,11.9523,169.0,23348.0,2944.8828
2854,12.0376,12.5863,2.4622,12.5095,172.0,26100.0,2944.8828
2855,12.4636,13.3508,2.6254,13.9257,170.0,21672.0,2944.8828
2856,13.9472,11.5907,2.3188,13.3304,170.0,10772.0,2944.8828
2857,13.3233,11.2926,2.4004,12.258,175.0,9379.0,2944.8828
2858,12.2366,11.8672,2.4894,11.0591,171.0,10980.0,2944.8828
2859,10.992,11.7521,2.1673,12.1513,171.0,10222.0,2944.8828
2860,12.1858,12.2042,2.5029,12.6818,172.0,9474.0,2944.8828
2861,12.6905,11.1266,2.3938,12.5021,175.0,18909.0,2944.8828
2862,12.4728,12.0359,2.2912,12.1899,172.0,15988.0,2944.8828
2863,12.2294,11.8265,2.2226,11.4977,175.0,13936.0,2944.8828
2864,11.5266,12.1727,2.1437,12.7992,175.0,17488.0,2944.8828
2865,12.7629,11.0814,2.3325,12.3453,175.0,8758.0,2944.8828
2866,12.354,12.0609,2.3245,13.0633,173.0,17901.0,2944.8828
2867,13.0402,11.9593,2.1725,11.2767,174.0,12501.0,2944.8828
2868,11.2639,12.0534,1.8109,12.2632,171.0,13178.0,2944.8828
2869,12.2778,11.0668,2.1083,12.338,168.0,13604.0,2944.8828
2870,12.3362,11.8152,2.0656,11.7813,158.0,9683.0,2944.8828
2871,11.8147,11.8011,2.0604,12.4904,177.0,18168.0,2944.8828
2872,12.4785,11.8583,2.1889,12.9846,160.0,14256.0,2944.8828
2873,12.9989,11.0777,2.3526,12.2099,170.0,7311.0,2944.8828
2874,12.1739,11.7727,2.1306,10.4901,169.0,8320.0,2944.8828
2875,10.4611,11.6931,1.7815,12.9361,170.0,7732.0,2944.8828
2876,12.954,11.0426,2.1695,12.4135,143.0,5227.0,2944.8828
2877,12.5256,11.6527,2.0329,11.3483,134.0,2936.0,2944.8828
2878,11.2236,11.7358,1.922,12.5683,169.0,5658.0,2944.8828
2879,12.6769,11.8209,1.9215,12.1042,173.0,5662.0,2944.8828
2880,12.0022,10.9701,1.907,11.8004,175.0,11051.0,2944.8828
2881,11.8074,11.9466,1.871,12.5603,176.0,10259.0,2944.8828
2882,12.6243,11.7446,2.0289,12.2171,171.0,5406.0,2944.8828
2883,12.1771,11.7196,2.5239,11.797,174.0,7237.0,2944.8828
2884,11.7963,11.0139,2.0687,11.9048,171.0,5038.0,2944.8828
2885,11.862,11.6736,1.985,11.8871,170.0,5512.0,2944.8828
2886,11.9167,11.5025,2.083,12.5099,170.0,5512.0,2944.8828
2887,12.503,11.0491,1.9542,11.3588,170.0,5860.0,2944.8828
2888,11.388,11.6514,1.856,12.7328,169.0,5500.0,2944.8828
2889,12.7698,11.7531,2.0665,12.1775,169.0,6590.0,2944.8828
2890,12.1325,11.47,1.9268,10.995,169.0,6776.0,2944.8828
2891,11.0008,10.9857,1.8414,11.8394,170.0,7198.0,2944.8828
2892,11.8547,11.9393,1.9498,13.1297,170.0,5518.0,2944.8828
2893,13.19,11.5101,2.9564,11.714,169.0,6730.0,2944.8828
2894,11.6837,11.0502,2.0267,10.872,170.0,6050.0,2944.8828
2895,10.8257,11.676,1.9969,13.1456,173.0,6798.0,2944.8828
2896,13.1909,11.9623,2.1048,12.0004,174.0,5208.0,2944.8828
2897,11.9489,11.8825,2.0376,12.3028,173.0,5196.0,2944.8828
2898,12.3141,11.0167,1.8695,11.4916,171.0,6418.0,2944.8828
2899,11.4983,11.8751,2.0177,12.343,171.0,6046.0,2944.8828
2900,12.4214,11.991,2.1636,12.5573,172.0,6880.0,2944.8828
2901,12.4431,11.5869,1.9863,12.6272,169.0,6710.0,2944.8828
2902,12.6917,11.0231,2.1033,11.2965,169.0,5964.0,2944.8828
2903,11.259,11.9306,2.1261,12.6976,169.0,23348.0,2944.8828
2904,12.7791,12.0684,2.2673,12.5382,171.0,26088.0,2944.8828
2905,12.4968,10.9742,2.1748,12.1329,169.0,21660.0,2944.8828
2906,12.1033,11.7911,2.427,13.1384,170.0,10902.0,2944.8828
2907,13.1441,11.9875,2.1382,11.5673,175.0,9249.0,2944.8828
2908,11.5792,12.1446,2.4206,11.7722,172.0,11898.0,2944.8828
2909,11.7725,11.0199,2.3347,12.4078,171.0,9316.0,2944.8828
2910,12.4798,12.2263,2.2624,13.2044,173.0,9736.0,2944.8828
2911,13.1248,11.8857,2.3072,12.3699,178.0,18603.0,2944.8828
2912,12.3379,12.0318,2.0542,12.379,176.0,16040.0,2944.8828
2913,12.4192,11.0323,2.0754,11.2247,176.0,19132.0,2944.8828
2914,11.2416,11.84,2.0861,13.0298,172.0,13838.0,2944.8828
2915,13.0259,12.165,2.2251,11.1358,174.0,8768.0,2944.8828
2916,11.252,11.0491,2.1058,13.4451,175.0,18176.0,2944.8828
2917,13.3621,11.0184,2.0892,11.4781,169.0,10616.0,2944.8828
2918,11.455,12.0978,2.2104,12.932,170.0,13188.0,2944.8828
2919,12.9498,12.0561,2.4979,11.6087,169.0,15260.0,2944.8828
2920,11.6168,11.2752,2.2346,12.4003,161.0,8219.0,2944.8828
2921,12.3835,11.8414,2.3425,11.731,177.0,23048.0,2944.8828
2922,11.7542,11.9719,2.2235,13.3482,169.0,10380.0,2944.8828
2923,13.3357,12.059,2.4562,12.2728,171.0,6907.0,2944.8828
2924,12.2647,11.1364,2.2172,11.5182,169.0,10008.0,2944.8828
2925,11.5187,11.7575,2.4079,12.3853,165.0,7543.0,2944.8828
2926,12.3442,11.8974,2.2498,12.1865,134.0,2936.0,2944.8828
2927,12.2295,11.9637,1.9112,13.5035,173.0,5662.0,2944.8828
2928,13.5314,11.0013,2.3517,11.8961,174.0,5674.0,2944.8828
2929,11.9491,11.8868,2.7103,11.8599,175.0,11051.0,2944.8828
2930,11.7757,11.8756,2.3687,12.118,174.0,10257.0,2944.8828
2931,12.1718,12.0303,2.4962,13.1269,172.0,5418.0,2944.8828
2932,13.2401,11.0696,2.7545,11.3869,173.0,7225.0,2944.8828
2933,11.2053,11.9429,2.4278,11.9397,169.0,5036.0,2944.8828
2934,12.0229,12.0711,2.6374,12.9079,169.0,5500.0,2944.8828
2935,12.8791,11.272,2.6195,12.9651,169.0,5500.0,2944.8828
2936,12.9701,12.0177,2.6306,12.2202,169.0,5848.0,2944.8828
2937,12.2606,12.0515,2.3857,11.407,169.0,5500.0,2944.8828
2938,11.3329,11.9397,2.4066,12.1749,169.0,6590.0,2944.8828
2939,12.1827,11.2117,2.3613,13.3135,170.0,6788.0,2944.8828
2940,13.3078,11.9201,2.1072,12.1345,169.0,7186.0,2944.8828
2941,12.1824,12.0822,2.6284,11.8211,170.0,5518.0,2944.8828
2942,11.8281,12.0612,2.4999,13.382,169.0,6730.0,2944.8828
2943,13.3783,11.1055,2.495,11.2786,173.0,6042.0,2944.8828
2944,11.3193,12.1727,2.2743,13.1578,174.0,6810.0,2944.8828
2945,13.0714,12.0689,2.1584,12.167,173.0,5196.0,2944.8828
2946,12.1732,11.9503,2.3277,11.9329,172.0,5206.0,2944.8828
2947,11.9776,11.1253,2.3222,12.1126,171.0,6418.0,2944.8828
2948,12.0237,11.7635,2.3275,11.9454,171.0,6046.0,2944.8828
2949,11.9616,11.7217,2.2473,14.5914,170.0,6878.0,2944.8828
2950,14.8204,11.5421,3.0544,14.4151,169.0,6710.0,2944.8828
2951,14.283,12.3515,2.861,9.3799,169.0,5964.0,2944.8828
2952,9.3397,11.9739,2.5022,12.1062,169.0,23348.0,2944.8828
2953,12.0813,12.0205,2.3292,11.9357,171.0,26088.0,2944.8828
2954,11.928,12.1762,2.0107,12.8204,170.0,21672.0,2944.8828
2955,12.8049,11.037,2.0402,12.2791,170.0,10902.0,2944.8828
2956,12.3143,12.0365,2.1035,11.3305,173.0,9225.0,2944.8828
2957,11.2978,12.1568,2.0037,13.2415,171.0,11886.0,2944.8828
2958,13.3212,12.0472,2.1766,12.8146,173.0,9340.0,2944.8828
2959,12.7406,11.244,2.1896,12.412,176.0,9728.0,2944.8828
2960,12.4448,12.4347,2.4732,13.9431,179.0,18615.0,2944.8828
2961,14.051,12.3465,2.3762,11.673,176.0,16040.0,2944.8828
2962,11.8776,12.5581,1.916,12.617,173.0,19118.0,2944.8828
2963,12.3095,11.0076,2.4954,12.1333,173.0,13850.0,2944.8828
2964,12.1439,12.1496,2.4152,13.0615,173.0,8756.0,2944.8828
2965,13.032,12.1234,2.378,11.849,173.0,18174.0,2944.8828
2966,11.8522,11.9215,1.9843,12.5612,170.0,10628.0,2944.8828
2967,12.5631,11.0039,2.4873,12.4168,169.0,13176.0,2944.8828
2968,12.4098,11.8927,1.9845,10.6847,169.0,15260.0,2944.8828
2969,10.6701,11.9959,2.2548,13.0401,164.0,8447.0,2944.8828
2970,13.0608,11.2899,2.5739,13.0486,177.0,23512.0,2944.8828
2971,13.0509,11.4466,2.0909,11.7705,169.0,9916.0,2944.8828
2972,11.7636,12.0754,2.497,12.3444,171.0,6907.0,2944.8828
2973,12.434,12.0583,2.8883,13.8654,170.0,10708.0,2944.8828
2974,13.7854,11.0993,2.4673,11.6384,162.0,6627.0,2944.8828
2975,11.6519,11.9749,2.3782,11.8485,138.0,2940.0,2944.8828
2976,11.8428,12.1003,2.5559,13.1809,173.0,5662.0,2944.8828
2977,13.2891,12.5273,2.6065,12.4306,173.0,5662.0,2944.8828
2978,12.9622,11.0245,2.6454,13.3285,173.0,11049.0,2944.8828
2979,12.7026,11.8685,2.4056,11.6077,174.0,10257.0,2944.8828
2980,11.697,12.3533,2.5464,13.6037,172.0,5418.0,2944.8828
2981,13.6632,12.5164,3.0443,12.2568,171.0,7223.0,2944.8828
2982,12.1765,11.2606,2.5128,13.3117,169.0,5036.0,2944.8828
2983,13.3073,13.3659,2.8792,14.2181,169.0,5500.0,2944.8828
2984,14.1879,13.3086,3.0662,14.1617,170.0,5512.0,2944.8828
2985,14.1745,13.0341,2.5914,13.8233,169.0,5848.0,2944.8828
2986,13.8608,13.6793,2.7147,13.1591,170.0,5512.0,2944.8828
2987,13.419,11.3815,3.2742,13.6216,169.0,6590.0,2944.8828
2988,13.3682,11.8337,2.8903,12.5141,169.0,6776.0,2944.8828
2989,12.4921,13.5997,2.6796,15.6517,170.0,7198.0,2944.8828
2990,15.6401,13.8847,2.6369,12.4605,170.0,5518.0,2944.8828
2991,12.4689,13.5664,2.649,14.3808,174.0,6746.0,2944.8828
2992,14.4395,13.5191,2.7208,13.2159,173.0,6042.0,2944.8828
2993,13.1549,11.6998,2.5919,14.416,174.0,6810.0,2944.8828
2994,14.3783,12.9053,2.5321,12.4748,171.0,5194.0,2944.8828
2995,12.4744,13.6232,2.5367,14.1064,171.0,5194.0,2944.8828
2996,14.2484,13.5008,2.5777,12.2255,171.0,6418.0,2944.8828
2997,12.1252,13.3621,2.5032,13.8615,169.0,6044.0,2944.8828
2998,13.797,13.2399,2.3377,13.6158,169.0,6866.0,2944.8828
2999,13.6598,11.3504,2.5175,13.4177,169.0,6710.0,2944.8828
3000,13.4239,13.0448,2.2214,13.1867,169.0,5964.0,2944.8828
3001,13.1322,13.0769,2.1844,13.108,170.0,23360.0,2944.8828
3002,13.1528,13.6667,2.3319,13.6781,170.0,26076.0,2944.8828
3003,13.601,13.3396,2.5839,14.6181,169.0,21660.0,2944.8828
3004,14.6097,11.5289,2.3184,14.163,171.0,10914.0,2944.8828
3005,14.2796,12.5027,2.3155,12.3732,173.0,9225.0,2944.8828
3006,12.3713,13.4597,2.3281,13.6117,171.0,11886.0,2944.8828
3007,13.5732,13.0761,2.3231,13.2376,176.0,9332.0,2944.8828
3008,13.3033,13.1516,2.687,13.3818,176.0,9728.0,2944.8828
3009,13.2764,12.7107,2.3741,14.0316,178.0,18603.0,2944.8828
3010,14.0701,11.775,1.977,11.303,174.0,16038.0,2944.8828
3011,11.2731,13.0104,1.9922,13.9228,173.0,19118.0,2944.8828
3012,13.9593,13.0695,2.0398,12.8408,174.0,13862.0,2944.8828
3013,12.7649,11.8354,1.9144,13.3585,171.0,8754.0,2944.8828
3014,13.3626,11.327,1.9327,12.8434,173.0,18174.0,2944.8828
3015,12.8856,12.3686,1.8537,12.0008,169.0,10616.0,2944.8828
3016,12.0011,12.5167,1.8986,12.7119,169.0,13176.0,2944.8828
3017,12.6614,12.4082,1.7631,12.994,170.0,15272.0,2944.8828
3018,13.0264,12.0659,1.8838,13.5866,173.0,14658.0,2944.8828
3019,13.6485,11.3598,2.1426,12.4885,175.0,17769.0,2944.8828
3020,12.549,12.6721,2.2387,12.4704,169.0,9916.0,2944.8828
3021,12.4025,12.6421,2.3482,12.8844,171.0,6907.0,2944.8828
3022,12.8123,11.9792,1.8484,11.9652,169.0,11004.0,2944.8828
3023,12.0188,11.2524,1.8557,12.9707,157.0,5831.0,2944.8828
3024,12.9342,12.1588,1.8488,11.7408,139.0,2952.0,2944.8828
3025,11.7809,12.4195,1.9121,13.0092,173.0,5662.0,2944.8828
3026,12.9673,12.0426,1.8176,12.6989,171.0,5660.0,2944.8828
3027,12.7049,11.2955,2.0298,11.965,173.0,11049.0,2944.8828
3028,11.9646,12.091,1.8667,12.9563,176.0,10281.0,2944.8828
3029,12.9235,12.2097,1.8645,12.8211,169.0,5404.0,2944.8828
3030,12.8694,12.1377,1.9035,12.1404,172.0,7235.0,2944.8828
3031,12.1077,11.2664,1.8045,12.0376,169.0,5036.0,2944.8828
3032,12.0846,12.0586,1.8039,12.686,169.0,5500.0,2944.8828
3033,12.7084,12.1511,2.135,12.6044,169.0,5500.0,2944.8828
3034,12.5851,12.2735,1.8719,12.88,170.0,5860.0,2944.8828
3035,12.8715,11.292,1.8075,12.0501,169.0,5500.0,2944.8828
3036,12.0367,12.4324,2.0538,13.5578,169.0,6590.0,2944.8828
3037,13.5923,11.9535,2.0148,12.3702,169.0,6776.0,2944.8828
3038,12.3293,12.359,2.1835,12.1311,169.0,7186.0,2944.8828
3039,12.2689,11.2714,2.5172,12.4767,173.0,5510.0,2944.9453
3040,12.3604,11.9292,2.3209,12.3624,173.0,6734.0,2944.9453
3041,12.4033,12.0967,2.3215,12.4889,174.0,6054.0,2944.9453
3042,12.4087,12.0444,1.817,13.2465,172.0,6808.0,2944.9453
3043,13.2736,11.381,2.0126,11.5484,172.0,5206.0,2944.9453
3044,11.5444,11.9128,2.0659,12.2235,171.0,5194.0,2944.9453
3045,12.2639,11.9227,2.0569,12.3794,169.0,6416.0,2944.9453
3046,12.3363,11.9968,1.8043,12.6239,169.0,6044.0,2944.9453
3047,12.6645,11.3258,1.8962,12.0344,169.0,6866.0,2944.9453
3048,12.0083,12.0122,1.98,11.8759,169.0,6710.0,2944.9453
3049,11.8474,12.0947,1.7677,13.0819,169.0,5964.0,2944.9453
3050,13.0907,11.902,2.416,12.1757,170.0,23360.0,2944.9453
3051,12.2125,11.271,2.0004,12.3016,170.0,26076.0,2944.9453
3052,12.2974,11.9908,1.8021,12.1327,170.0,21672.0,2945.0078
3053,12.0925,12.005,1.6559,12.651,171.0,10914.0,2945.0078
3054,12.6672,11.5662,2.0118,12.9395,173.0,9225.0,2945.0078
3055,12.982,11.7184,1.8721,12.1078,175.0,11890.0,2945.0078
3056,12.0723,12.0391,2.0669,12.2692,175.0,9320.0,2945.0078
3057,12.2561,12.2508,1.8139,13.4827,177.0,9740.0,2945.0078
3058,13.5097,11.5919,2.057,12.4298,176.0,18601.0,2945.0078
3059,12.446,12.4275,2.2328,12.6245,174.0,16038.0,2945.0078
3060,12.6572,12.3526,2.3744,12.5908,175.0,19142.0,2945.0078
3061,12.5866,12.7027,2.3529,12.9607,170.0,13836.0,2945.0078
3062,12.9189,12.3042,2.0034,13.2252,171.0,8754.0,2945.0078
3063,13.2065,11.369,1.9591,11.4026,173.0,18174.0,2945.0078
3064,11.4199,12.0591,2.1048,12.5366,170.0,10628.0,2945.0078
3065,12.5961,12.4449,2.0308,13.1788,170.0,13188.0,2945.0078
3066,13.125,12.2282,1.9068,12.7895,169.0,15260.0,2945.0078
3067,12.7725,11.3996,2.0669,13.1306,173.0,14658.0,2945.0078
3068,13.1752,12.0539,2.1674,12.0046,175.0,17769.0,2945.0078
3069,11.986,12.5549,2.0144,12.2919,169.0,9916.0,2945.0078
3070,12.2981,12.2259,1.8736,12.2149,171.0,6907.0,2945.0078
3071,12.1663,11.2744,1.8299,12.3907,173.0,11008.0,2945.0078
3072,12.4106,12.068,1.7867,12.7481,157.0,5831.0,2945.0078
3073,12.8126,12.6178,1.9006,12.6652,138.0,2940.0,2945.0078
3074,12.593,12.1487,1.7992,13.0929,171.0,5660.0,2945.0078
3075,13.1359,11.2688,1.8618,11.6616,171.0,5660.0,2945.0078
3076,11.6523,12.3305,1.9052,13.8264,173.0,11049.0,2945.0078
3077,13.8238,12.4015,2.1868,11.2061,173.0,10267.0,2945.0078
3078,11.1588,12.0067,2.0239,12.7929,169.0,5404.0,2945.0078
3079,12.8312,11.2935,1.9049,12.9002,171.0,7223.0,2945.0078
3080,12.879,12.1314,2.0818,12.1131,169.0,5036.0,2945.0078
3081,12.1845,12.3956,1.9433,13.263,169.0,5500.0,2945.0078
3082,13.1925,12.0229,1.8218,12.2656,169.0,5500.0,2945.0078
3083,12.2893,11.2835,1.7562,11.5479,169.0,5848.0,2945.0078
3084,11.5503,12.1654,1.8167,13.1377,169.0,5500.0,2945.0078
3085,13.149,12.3302,2.3242,12.2924,169.0,6590.0,2945.0078
3086,12.2626,11.9347,1.7874,12.9819,169.0,6776.0,2945.0078
3087,13.0075,11.3344,1.741,12.5406,173.0,7190.0,2945.0078
3088,12.5274,12.1586,1.9663,12.0426,173.0,5510.0,2945.0078
3089,12.061,12.4489,1.9619,12.8492,173.0,6734.0,2945.0078
3090,12.8993,12.1239,2.0867,12.3955,171.0,6040.0,2945.0078
3091,12.3245,11.2832,1.8722,12.1047,171.0,6796.0,2945.0078
3092,12.1261,12.4634,1.883,12.9917,171.0,5194.0,2945.0078
3093,12.9687,12.3602,1.8832,13.2617,170.0,5204.0,2945.0078
3094,13.3355,13.5581,2.1469,14.137,169.0,6416.0,2945.0078
3095,14.1084,11.5997,2.4511,12.3994,169.0,6044.0,2945.0078
3096,12.3862,12.0825,2.0665,11.654,169.0,6866.0,2945.0078
3097,11.6315,12.0157,1.7755,13.0785,169.0,6710.0,2945.0078
3098,13.0675,12.2358,1.8616,12.4436,170.0,5976.0,2945.0078
3099,12.4802,11.2828,1.961,12.9651,169.0,23348.0,2945.0078
3100,12.9638,12.2406,1.862,11.8237,171.0,26088.0,2945.0078
3101,11.8252,12.1779,2.0036,13.171,169.0,21660.0,2945.0078
3102,13.1407,12.4271,1.9312,12.4757,172.0,10926.0,2945.0078
3103,12.485,11.3026,2.029,12.6114,177.0,9229.0,2945.0078
3104,12.6176,11.8436,1.8793,12.1121,175.0,11890.0,2945.0078
3105,12.1467,12.3458,2.0118,12.6687,175.0,9320.0,2945.0078
3106,12.6493,12.4798,2.0014,13.5676,175.0,9738.0,2945.0078
3107,13.5666,12.0682,1.9494,11.9958,176.0,18601.0,2945.0078
3108,11.9865,11.5951,1.9918,12.858,174.0,16038.0,2945.0078
3109,12.8768,12.4016,1.9749,12.5724,172.0,19128.0,2945.0078
3110,12.5953,12.3447,2.0537,13.6371,171.0,13848.0,2945.0078
3111,13.6135,12.3134,2.2048,12.3441,171.0,8754.0,2945.0078
3112,12.382,11.3895,2.0926,11.3505,173.0,18174.0,2945.0078
3113,11.2717,12.2064,1.821,13.3248,169.0,10616.0,2945.0078
3114,13.3455,12.3557,2.1156,12.0886,170.0,13188.0,2945.0078
3115,12.1239,12.1221,1.9214,12.3588,169.0,15260.0,2945.0078
3116,12.3378,11.3182,1.7806,13.6466,173.0,14658.0,2945.0078
3117,13.6905,12.6159,2.0683,11.9311,175.0,17769.0,2945.0703
3118,11.9123,12.5288,1.7386,13.1534,169.0,9916.0,2945.0703
3119,13.1605,12.1143,1.9635,12.7616,175.0,6911.0,2945.0703
3120,12.7398,11.3461,1.7558,12.1288,174.0,11020.0,2945.0703
3121,12.1661,12.3803,1.9867,13.3395,158.0,5843.0,2945.0703
3122,13.2839,12.1659,1.8334,11.2017,136.0,2938.0,2945.0703
3123,11.2008,12.2492,1.6379,13.2472,171.0,5660.0,2945.0703
3124,13.2429,11.2667,2.0957,12.2696,171.0,5660.0,2945.0703
3125,12.3081,12.3868,2.1856,13.3467,175.0,28695.0,2945.0703
3126,13.3405,12.0493,2.0185,11.5485,173.0,10267.0,2945.0703
3127,11.5385,12.3037,1.8771,12.697,169.0,5404.0,2945.0703
3128,12.6841,11.364,1.7907,12.9714,171.0,7223.0,2945.0703
3129,12.9569,11.4541,1.8907,11.589,169.0,5036.0,2945.0703
3130,11.6688,12.0295,2.1726,12.4433,169.0,5500.0,2945.0703
3131,12.3816,12.3463,1.8444,13.1118,170.0,5512.0,2945.0703
3132,13.1321,11.3316,1.916,11.9893,169.0,5848.0,2945.0703
3133,11.9716,12.4164,1.9753,13.4034,169.0,5500.0,2945.0703
3134,13.4197,12.2812,1.9151,12.4459,170.0,6602.0,2945.0703
3135,12.4278,12.2358,1.9854,13.2091,173.0,6780.0,2945.0703
3136,13.2429,11.314,1.9623,11.9844,174.0,7202.0,2945.0703
3137,11.9652,12.2672,1.8715,12.4121,173.0,5510.0,2945.0703
3138,12.413,12.5378,1.8078,13.1847,171.0,6732.0,2945.0703
3139,13.1999,13.1377,1.9757,14.4682,172.0,6052.0,2945.0703
3140,14.4828,11.6021,2.3436,12.9351,171.0,6796.0,2945.0703
3141,12.9097,12.8197,1.9449,13.1958,169.0,5192.0,2945.0703
3142,13.2659,13.0481,2.329,12.192,169.0,5192.0,2945.0703
3143,12.2432,13.1178,2.1771,13.917,169.0,6416.0,2945.0703
3144,13.7933,13.0178,1.7526,12.9751,170.0,6056.0,2945.0703
3145,12.9717,11.6112,2.2174,14.3572,170.0,6878.0,2945.0703
3146,14.3921,13.2034,1.9724,12.1975,169.0,6710.0,2945.0703
3147,12.1839,13.4329,2.0146,14.0604,169.0,5964.0,2945.0703
3148,14.0384,13.0876,1.9611,13.5745,169.0,23348.0,2945.0703
3149,13.5932,12.9512,2.1131,13.0247,170.0,26076.0,2945.0703
3150,13.0564,11.7484,2.2615,14.0032,169.0,21660.0,2945.0703
3151,13.9811,12.5482,2.0283,12.5143,174.0,10906.0,2945.0703
3152,12.5316,13.1134,2.1494,13.4418,177.0,9229.0,2945.0703
3153,13.4467,13.2781,2.0635,13.2245,175.0,11890.0,2945.0703
3154,13.2184,13.642,2.1114,14.9158,173.0,9318.0,2945.0703
3155,14.9349,13.0555,2.4594,14.3568,175.0,9738.0,2945.0703
3156,14.3608,11.6895,2.0718,11.2728,176.0,18601.0,2945.0703
3157,11.2571,13.4022,1.8972,14.1526,173.0,16048.0,2945.0703
3158,14.1379,13.5463,2.1205,13.8971,171.0,19116.0,2945.0703
3159,14.0306,13.2856,2.5782,13.2714,170.0,13836.0,2945.0703
3160,13.14,13.3471,2.1544,14.0982,171.0,8754.0,2945.0703
3161,14.1044,11.3732,1.896,12.7638,174.0,18186.0,2945.0703
3162,12.7749,12.6102,1.9755,13.9505,171.0,10640.0,2945.0703
3163,13.949,13.3337,2.1349,13.363,169.0,13176.0,2945.0703
3164,13.481,13.4205,2.158,13.5704,169.0,15260.0,2945.0703
3165,13.4115,13.4026,2.0254,14.4194,174.0,14670.0,2945.0703
3166,14.4389,11.3738,2.4898,14.4388,175.0,17769.0,2945.0703
3167,14.4881,13.2846,2.481,12.7426,173.0,9920.0,2945.0703
3168,12.7415,13.5465,2.1902,13.491,175.0,6911.0,2945.0703
3169,13.4857,13.3616,2.134,13.5951,173.0,11008.0,2945.0703
3170,13.6198,12.9439,2.2471,13.5495,155.0,5829.0,2945.0703
3171,13.5476,13.3811,2.328,13.4142,136.0,2938.0,2945.0703
3172,13.3751,11.5138,2.1382,12.479,171.0,5660.0,2945.0703
3173,12.4556,12.495,2.0887,13.9662,170.0,5670.0,2945.0703
3174,14.0795,12.854,2.1863,12.0371,172.0,11059.0,2945.0703
3175,11.9438,13.0532,2.2563,13.967,172.0,10255.0,2945.0703
3176,13.9712,11.6166,2.4364,13.5065,169.0,5404.0,2945.0703
3177,13.6017,12.35,2.3843,12.2072,171.0,7223.0,2945.0703
3178,12.1241,13.0428,2.4576,12.8914,169.0,5036.0,2945.0703
3179,12.9562,13.0901,2.5685,13.7077,169.0,5500.0,2945.0703
3180,13.6545,12.7229,2.4134,13.3963,169.0,5500.0,2945.0703
3181,13.3898,11.3533,2.5451,12.5724,169.0,5848.0,2945.0703
3182,12.5421,12.3224,2.3407,13.2611,170.0,5512.0,2945.0703
3183,13.2925,13.0153,2.1195,12.0808,173.0,6594.0,2945.0703
3184,12.0662,12.6445,2.2474,13.4618,173.0,6780.0,2945.0703
3185,13.4215,12.9281,1.9998,13.7928,173.0,7190.0,2945.0703
3186,13.8465,11.3717,1.8712,12.5668,172.0,5520.0,2945.0703
3187,12.5144,12.6654,1.9782,13.96,171.0,6732.0,2945.0703
3188,14.0316,12.9204,2.0954,12.0948,172.0,6052.0,2945.0703
3189,12.0415,12.6859,1.8057,13.1739,169.0,6794.0,2945.0703
3190,13.1725,11.5126,2.2402,13.4233,169.0,5192.0,2945.0703
3191,13.4387,11.9369,2.2916,12.4699,169.0,5192.0,2945.0703
3192,12.4979,12.755,1.9979,12.6743,169.0,6416.0,2945.0703
3193,12.6713,12.8844,2.186,13.5815,170.0,6056.0,2945.0703
3194,13.5542,12.1544,2.1109,12.3012,169.0,6866.0,2945.0703
3195,12.3194,11.2891,1.9687,12.6322,169.0,6710.0,2945.0703
3196,12.6596,12.6125,2.0309,12.1718,170.0,5976.0,2945.0703
3197,12.1995,12.606,2.2381,13.0429,169.0,23348.0,2945.0703
3198,12.932,12.1232,1.7973,13.082,170.0,26076.0,2945.0703
3199,13.1476,11.3213,1.8853,12.5151,173.0,21664.0,2945.0703
3200,12.5031,12.3474,2.2494,12.7588,174.0,10906.0,2945.0703
3201,12.7449,12.1818,2.3962,12.2045,178.0,9241.0,2945.0703
3202,12.1868,12.1612,1.7013,12.6054,173.0,11888.0,2945.0703
3203,12.6754,11.3419,1.9154,12.0339,173.0,9318.0,2945.0703
3204,11.9711,11.8302,1.9719,13.2848,175.0,9738.0,2945.0703
3205,13.3257,12.2163,2.0289,11.8028,174.0,18599.0,2945.0703
3206,11.735,12.179,1.7607,12.8846,173.0,16048.0,2945.0703
3207,12.9542,11.376,1.9118,12.3531,171.0,19116.0,2945.0703
3208,12.3407,12.2576,2.0816,12.8284,171.0,13848.0,2945.0703
3209,12.852,12.04,1.9782,11.9472,171.0,8754.0,2945.0703
3210,12.0413,12.4576,2.0222,13.1405,174.0,18186.0,2945.0703
3211,13.0796,11.311,2.3051,12.4236,169.0,10616.0,2945.0703
3212,12.4005,11.9833,2.046,12.9296,170.0,13188.0,2945.0703
3213,12.8945,12.4257,1.8493,12.6053,170.0,15272.0,2945.0703
3214,12.555,12.5124,1.7116,13.197,173.0,14658.0,2945.0703
3215,13.2382,11.5646,1.9025,14.0097,179.0,17773.0,2945.0703
3216,14.1058,12.3117,2.5176,12.0576,174.0,9932.0,2945.0703
3217,11.9864,12.4251,2.3804,11.502,175.0,6911.0,2945.0703
3218,11.4739,12.4069,2.0847,13.6611,171.0,11006.0,2945.0703
3219,13.7082,12.2622,2.1807,11.8195,155.0,5829.0,2945.0703
3220,11.7845,11.2985,1.9398,12.6751,136.0,2938.0,2945.0703
3221,12.6705,12.0115,1.8699,11.7495,169.0,5658.0,2945.0703
3222,11.7434,12.4331,2.0554,13.204,169.0,5658.0,2945.0703
3223,13.2178,12.2534,2.0047,12.9413,171.0,11047.0,2945.0703
3224,12.9519,11.6685,2.0526,12.5822,172.0,10255.0,2945.0703
3225,12.5745,12.2829,2.0276,13.5616,169.0,5404.0,2945.0703
3226,13.5585,12.2975,2.1032,11.9063,172.0,7235.0,2945.0703
3227,11.8847,12.1729,1.9502,11.9724,169.0,5036.0,2945.0703
3228,12.0003,11.2632,1.6932,12.6467,169.0,5500.0,2945.0703
3229,12.6286,12.2661,1.7179,12.1772,169.0,5500.0,2945.0703
3230,12.1841,12.2472,1.952,13.0099,169.0,5848.0,2945.0703
3231,13.044,12.1523,2.0414,13.0253,174.0,5516.0,2945.0703
3232,13.0088,11.3172,2.1665,11.8656,173.0,6594.0,2945.0703
3233,11.8627,12.4518,2.2202,12.808,173.0,6780.0,2945.0703
3234,12.8419,12.3346,2.0839,12.6531,171.0,7188.0,2945.0703
