capture_frame,FrameTime,GPUTime,GameThreadTime,RenderThreadTime,RHI/DrawCalls,RHI/PrimitivesDrawn,GPUMem/LocalUsedMB
120,7.9675,6.6801,1.5506,7.9739,284.0,41467.0,2419.3125
121,8.1592,7.9049,2.0453,7.737,282.0,41443.0,2419.3125
122,7.5672,6.6286,1.7469,6.9835,283.0,41455.0,2419.3125
123,7.0505,8.0829,1.8476,8.619,282.0,41443.0,2419.3125
124,8.558,6.7785,1.5665,7.0329,281.0,41431.0,2419.3125
125,7.139,8.0164,1.7565,8.6751,287.0,41459.0,2419.3125
126,8.6226,6.7022,1.7264,7.6787,286.0,42475.0,2419.3125
127,7.5962,7.2661,1.525,8.3842,291.0,55521.0,2419.3125
128,8.4292,7.4298,1.7786,7.1749,297.0,87863.0,2419.3125
129,7.1574,6.7273,1.5271,8.3741,274.0,65393.0,2419.3125
130,8.3875,7.8323,1.7101,7.1589,286.0,48141.0,2419.3125
131,7.1686,6.6502,1.6059,7.6739,277.0,54343.0,2419.3125
132,7.6694,7.3931,1.6533,7.754,274.0,61891.0,2419.3125
133,7.7052,6.6768,1.4861,8.2588,258.0,55651.0,2419.3125
134,8.34,7.9885,1.6342,7.4949,245.0,39271.0,2419.3125
135,7.4476,6.6628,1.4395,7.8236,254.0,44995.0,2419.3125
136,7.8764,7.8489,1.7088,7.9898,247.0,39295.0,2419.3125
137,7.9546,6.5896,1.541,7.302,281.0,43134.0,2419.3125
138,7.3477,7.8238,1.701,7.7065,254.0,39763.0,2419.3125
139,7.6359,6.595,1.4659,7.0067,245.0,39271.0,2419.3125
140,7.0482,7.578,1.3521,8.2306,247.0,39295.0,2419.3125
141,8.2157,6.3926,1.6008,7.0928,294.0,48680.0,2419.3125
142,7.0864,6.446,1.5966,8.2808,282.0,42803.0,2419.3125
143,8.3164,7.9096,1.7004,6.7602,249.0,39275.0,2419.3125
144,6.7173,6.394,1.6071,7.7247,289.0,52662.0,2419.3125
145,7.7444,7.8323,1.6184,7.2097,284.0,47413.0,2419.3125
146,7.1935,6.4379,1.4588,7.5263,287.0,47976.0,2419.3125
147,7.5644,7.8822,1.8054,8.3971,283.0,51659.0,2419.3125
148,8.3548,6.4242,1.5512,7.4917,286.0,43677.0,2419.3125
149,7.5271,7.7813,1.6686,7.6454,285.0,41795.0,2419.3125
150,7.6102,6.4083,1.4426,6.6862,282.0,41917.0,2419.3125
151,6.7288,7.2173,1.3917,8.2734,282.0,42195.0,2419.3125
152,8.2399,6.819,1.9155,6.4954,289.0,50312.0,2419.3125
153,6.464,6.4552,1.5234,7.8266,283.0,45436.0,2419.3125
154,7.8811,7.6195,1.4871,7.6832,283.0,43005.0,2419.3125
155,7.629,6.4347,1.2471,7.4285,283.0,42383.0,2419.3125
156,7.4795,7.9056,1.4432,7.8329,282.0,41443.0,2419.3125
157,7.8088,6.4638,1.4732,7.61,288.0,42005.0,2419.3125
158,7.6543,7.6605,1.65,8.0479,287.0,56915.0,2419.3125
159,8.005,6.4426,1.5733,6.6134,285.0,49163.0,2419.3125
160,6.6836,7.3357,1.5738,8.3774,283.0,44009.0,2419.3125
161,8.3229,6.4059,1.5407,6.5177,265.0,40257.0,2419.3125
162,6.4798,6.6394,1.2485,8.5226,249.0,39345.0,2419.3125
163,8.5845,6.8792,1.6813,6.5547,248.0,39307.0,2419.3125
164,6.5378,6.371,1.4234,7.1922,246.0,39283.0,2419.3125
165,7.1936,7.6438,1.8033,7.8355,247.0,39295.0,2419.3125
166,7.789,6.4045,1.5962,7.5643,245.0,39271.0,2419.3125
167,7.6173,7.7495,1.5822,7.7543,246.0,39283.0,2419.3125
168,7.7027,6.4251,1.4278,7.0871,246.0,39283.0,2419.3125
169,7.2202,7.8155,1.6272,8.0703,245.0,39271.0,2419.3125
170,7.9971,6.3867,1.634,6.6818,247.0,39295.0,2419.3125
171,6.7335,6.7802,1.5364,8.1669,245.0,39271.0,2419.3125
172,8.0976,6.3593,1.6571,6.8911,245.0,39271.0,2419.3125
173,6.8352,6.4075,1.3455,7.6007,250.0,39287.0,2419.3125
174,7.712,7.264,1.624,7.4498,250.0,39287.0,2419.3125
175,7.3571,6.3743,1.3759,7.0299,249.0,39275.0,2419.3125
176,7.1609,7.7763,1.6126,7.8097,247.0,39273.0,2419.3125
177,7.6838,6.3822,1.4408,7.7468,247.0,39273.0,2419.3125
178,7.818,7.8212,1.5141,7.5071,247.0,39273.0,2419.3125
179,7.4107,6.3776,1.5269,6.8973,278.0,43059.0,2419.3125
180,6.9362,7.7727,2.0745,8.5946,261.0,40231.0,2419.3125
181,8.63,6.4508,1.784,7.1345,282.0,46467.0,2419.3125
182,7.1151,6.4032,1.4215,8.3874,285.0,48726.0,2419.3125
183,8.4171,6.6763,1.5308,7.1214,284.0,51243.0,2419.3125
184,7.0849,6.3873,1.3958,7.287,283.0,49519.0,2419.3125
185,7.3212,7.6729,1.595,7.719,284.0,41467.0,2419.3125
186,7.6721,6.3966,1.499,7.1441,281.0,41431.0,2419.3125
187,7.1731,7.8314,1.6208,7.8761,282.0,41443.0,2419.3125
188,7.8553,6.3784,1.4939,7.3117,284.0,41467.0,2419.3125
189,7.3271,7.6081,1.6209,7.6183,285.0,41573.0,2419.3125
190,7.7255,6.4399,1.6721,6.8874,285.0,41435.0,2419.3125
191,6.8024,7.1761,1.5036,8.146,285.0,41435.0,2419.3125
192,8.1397,6.8856,1.8801,6.8365,284.0,41445.0,2419.3125
193,6.7917,6.4065,1.3064,7.3444,286.0,41469.0,2419.3125
194,7.4093,7.1577,1.4521,7.4326,283.0,41433.0,2419.3125
195,7.3973,6.3924,1.3993,7.8559,283.0,41455.0,2419.3125
196,7.8939,7.5359,1.647,7.5478,283.0,42483.0,2419.3125
197,7.5154,6.4867,1.5481,7.5087,284.0,55481.0,2419.3125
198,7.5601,7.681,1.6615,7.5708,295.0,87861.0,2419.3125
199,7.5302,6.4605,1.6094,6.9136,270.0,65367.0,2419.3125
200,6.8892,7.8575,1.5876,8.3703,285.0,48151.0,2419.3125
201,8.4065,6.449,1.7853,6.9658,277.0,54343.0,2419.3125
202,6.9085,6.427,1.3564,8.0353,278.0,77827.0,2419.3125
203,8.1174,7.6409,1.6073,6.9699,255.0,39727.0,2419.3125
204,6.8775,6.4879,1.3319,7.3574,246.0,39283.0,2419.3125
205,7.4079,7.8736,1.7607,8.0455,257.0,44987.0,2419.3125
206,8.0728,6.4028,1.5421,7.5974,249.0,39275.0,2419.3125
207,7.5776,7.8609,1.5848,8.1507,287.0,43306.0,2419.3125
208,8.1247,6.3783,1.6189,6.4559,253.0,39633.0,2419.3125
209,6.5459,7.7505,1.8986,7.9792,249.0,39297.0,2419.3125
210,7.898,6.4257,1.662,7.0246,289.0,48642.0,2419.3125
211,7.0232,6.4442,1.5134,8.2654,279.0,42811.0,2419.3125
212,8.2918,6.8221,1.8024,6.6208,247.0,39295.0,2419.3125
213,6.6074,6.4295,1.3493,7.7864,287.0,52660.0,2419.3125
214,7.8256,7.6599,1.5965,7.0968,281.0,47399.0,2419.3125
215,7.1086,6.4666,1.5195,7.9066,284.0,47962.0,2419.3125
216,7.9141,7.7435,1.8334,7.6121,284.0,51671.0,2419.3125
217,7.5504,6.3901,1.4021,7.5471,286.0,43677.0,2419.3125
218,7.6328,7.5767,1.4931,7.5053,283.0,41771.0,2419.3125
219,7.3981,6.467,1.4995,7.0697,282.0,41917.0,2419.3125
220,7.2382,7.6617,1.998,8.2166,284.0,42219.0,2419.3125
221,8.1173,6.48,1.8652,6.9697,292.0,50304.0,2419.3125
222,6.9673,6.4543,1.607,7.9489,288.0,45452.0,2419.3125
223,7.9491,7.6758,1.7198,6.9497,286.0,42997.0,2419.3125
224,6.9146,6.4534,1.5293,7.1765,287.0,42409.0,2419.3125
225,7.1793,7.5722,1.5872,8.5772,284.0,41445.0,2419.3125
226,8.5587,6.3862,1.4058,6.9672,283.0,41967.0,2419.3125
227,7.0132,7.6685,1.6858,7.823,282.0,56899.0,2419.3125
228,7.8548,6.3095,1.6087,6.6661,281.0,49159.0,2419.3125
229,6.7066,7.3894,1.7578,7.6027,281.0,44007.0,2419.3125
230,7.5818,6.4009,1.6651,6.604,264.0,40267.0,2419.3125
231,6.4989,6.6594,1.4935,8.1258,246.0,39331.0,2419.3125
232,8.2174,7.3186,1.6564,6.9324,248.0,39307.0,2419.3125
233,6.8615,6.3577,1.5115,7.542,245.0,39271.0,2419.3125
234,7.5646,7.6704,1.735,7.5996,247.0,39295.0,2419.3125
235,7.6384,6.4455,1.4761,7.5565,249.0,39319.0,2419.3125
236,7.555,7.3185,1.6181,8.0414,247.0,39295.0,2419.3125
237,8.0216,6.3824,1.8692,6.0085,249.0,39275.0,2419.3125
238,6.0289,7.8999,1.8676,8.5427,250.0,39287.0,2419.3125
239,8.5377,6.4641,1.8202,6.7253,250.0,39287.0,2419.3125
240,6.7025,6.4197,1.5201,8.1018,248.0,39285.0,2419.3125
241,8.1675,7.5852,1.756,6.9089,247.0,39273.0,2419.3125
242,6.7811,6.3956,1.3738,8.1344,248.0,39285.0,2419.3125
243,8.2116,7.7685,1.7067,7.0972,248.0,39307.0,2419.3125
244,7.0409,6.4116,1.5745,7.2571,247.0,39295.0,2419.3125
245,7.3541,7.837,1.6242,8.0612,246.0,39283.0,2419.3125
246,8.1428,6.3719,1.5581,6.8971,246.0,39283.0,2419.3125
247,6.8201,7.597,1.7647,7.9585,246.0,39283.0,2419.3125
248,7.9045,6.3309,1.6982,6.8703,281.0,43143.0,2419.3125
249,6.8985,6.4004,1.3098,7.7487,261.0,40183.0,2419.3125
250,7.715,7.6096,1.9197,7.4836,283.0,46479.0,2419.3125
251,7.4564,6.4195,1.4953,7.417,287.0,48750.0,2419.3125
252,7.4911,7.9039,1.7424,7.8949,281.0,51207.0,2419.3125
253,7.837,6.4113,1.5234,7.1857,286.0,49511.0,2419.3125
254,7.2475,7.7667,1.8533,8.0254,286.0,41447.0,2419.3125
255,7.9566,6.4438,1.4646,7.0112,285.0,41435.0,2419.3125
256,7.0585,7.9062,1.5362,8.132,284.0,41445.0,2419.3125
257,8.1632,6.4081,1.6529,6.9361,285.0,41457.0,2419.3125
258,6.8919,7.6244,1.7144,7.9513,284.0,41583.0,2419.3125
259,7.9544,6.4654,1.8157,7.2308,283.0,41455.0,2419.3125
260,7.2018,6.4387,1.4286,7.9109,283.0,41455.0,2419.3125
261,7.9561,7.7738,1.7237,7.4276,284.0,41467.0,2419.3125
262,7.3907,6.4347,1.5139,7.2831,282.0,41443.0,2419.3125
263,7.3007,7.9704,1.8011,8.0459,282.0,41443.0,2419.3125
264,8.0317,6.4531,1.5791,7.7583,282.0,41443.0,2419.3125
265,7.8312,7.7809,1.799,7.6695,284.0,42495.0,2419.3125
266,7.6073,6.4154,1.6981,7.527,284.0,55481.0,2419.3125
267,7.5813,7.7623,1.7448,7.97,294.0,87849.0,2419.3125
268,7.9275,6.4159,1.6917,6.1236,272.0,65391.0,2419.3125
269,6.1138,7.4222,1.9809,9.1107,290.0,48167.0,2419.3125
270,9.1253,6.4951,2.0264,7.1085,282.0,54359.0,2419.3125
271,7.0827,6.5578,1.8091,8.2837,284.0,77999.0,2419.3125
272,8.3649,7.2518,2.1623,6.9551,253.0,39537.0,2419.3125
273,6.9037,6.5705,1.815,7.7301,248.0,39285.0,2419.3125
274,7.7664,7.2605,1.794,7.2054,257.0,45009.0,2419.3125
275,7.1119,6.4338,1.6737,7.6166,245.0,39271.0,2419.3125
276,7.7512,7.9567,2.1474,7.8873,284.0,43314.0,2419.3125
277,7.7972,6.3863,1.8122,6.7997,252.0,39643.0,2419.3125
278,6.9112,8.0638,2.0632,8.1156,248.0,39307.0,2419.3125
279,8.0183,6.4075,1.6845,7.1447,288.0,48652.0,2419.3125
280,7.2638,7.1661,1.6598,8.0614,278.0,42799.0,2419.3125
281,7.9991,6.4596,1.9083,6.6825,245.0,39271.0,2419.3125
282,6.6567,6.6686,1.5824,8.8854,290.0,52696.0,2419.3125
283,8.942,7.6088,1.6857,6.8295,281.0,47399.0,2419.3125
284,6.6986,6.4468,1.5697,7.4449,285.0,47974.0,2419.3125
285,7.4928,7.7212,1.6584,7.8173,289.0,51783.0,2419.3125
286,7.7982,6.4748,1.6103,7.6254,291.0,43693.0,2419.3125
287,7.7081,7.8788,1.8556,7.56,286.0,41763.0,2419.3125
288,7.4507,6.4566,1.5799,7.9552,284.0,42197.0,2419.3125
289,8.0825,8.0635,1.8466,7.7002,285.0,43778.0,2419.3125
290,7.5996,6.4001,1.5011,6.8664,287.0,48419.0,2419.3125
291,6.9117,6.5028,1.8559,8.1747,284.0,45448.0,2419.3125
292,8.1328,6.4191,1.8347,6.7792,281.0,42981.0,2419.3125
293,6.7824,6.4734,1.6594,8.5713,281.0,42359.0,2419.3125
294,8.6221,7.6618,1.9466,7.1912,281.0,41431.0,2419.3125
295,7.2066,6.4394,1.5619,7.1522,282.0,44553.0,2419.3125
296,7.1,7.7025,1.6691,8.2726,283.0,54335.0,2419.3125
297,8.2778,6.5003,1.8098,7.5475,283.0,49183.0,2419.3125
298,7.5941,7.5923,1.867,7.1619,282.0,44019.0,2419.3125
299,7.1129,6.4315,1.7072,7.8482,261.0,40135.0,2419.3125
300,7.9332,7.8406,1.7811,7.0111,247.0,39343.0,2419.3125
301,6.9165,6.3976,1.7201,6.7543,250.0,39287.0,2419.3125
302,6.7452,7.1907,1.4987,8.768,250.0,39287.0,2419.3125
303,8.8589,6.8779,1.7884,6.3476,250.0,39287.0,2419.3125
304,6.2614,6.4426,1.6874,7.0571,248.0,39285.0,2419.3125
305,7.1681,7.796,1.7467,8.2859,249.0,39297.0,2419.3125
306,8.1924,6.3894,1.9004,7.9045,248.0,39285.0,2419.3125
307,7.8944,7.8088,1.8978,7.6391,246.0,39283.0,2419.3125
308,7.6594,6.4026,1.9351,7.3903,246.0,39283.0,2419.3125
309,7.4655,7.7624,1.9855,7.7971,245.0,39271.0,2419.3125
310,7.7312,6.43,1.7188,6.7694,246.0,39283.0,2419.3125
311,6.7898,7.4269,1.9004,8.9697,246.0,39283.0,2419.3125
312,8.9356,6.4208,1.8329,7.61,248.0,39307.0,2419.3125
313,7.6141,6.618,1.6627,6.9945,247.0,39295.0,2419.3125
314,7.071,7.1957,1.942,6.8177,245.0,39271.0,2419.3125
315,6.7626,6.4066,1.6744,7.7329,247.0,39295.0,2419.3125
316,7.7495,7.7691,2.1244,7.4266,245.0,39271.0,2419.3125
317,7.5661,6.4424,1.7093,8.4284,283.0,43123.0,2419.3125
318,8.5137,7.7041,1.9722,7.2483,266.0,40199.0,2419.3125
319,7.0024,6.5137,1.9766,8.4475,285.0,46459.0,2419.3125
320,8.5113,8.1364,2.1246,7.3601,287.0,48728.0,2419.3125
321,7.2702,6.462,1.8591,7.7383,283.0,51209.0,2419.3125
322,7.7793,7.6578,2.0643,7.4252,285.0,49521.0,2419.3125
323,7.4372,6.4581,1.8366,7.0641,282.0,41443.0,2419.3125
324,7.0361,6.7394,1.9775,8.7121,283.0,41455.0,2419.3125
325,8.726,7.7444,2.2032,6.6058,282.0,41443.0,2419.3125
326,6.6308,6.4602,1.901,6.8572,281.0,41431.0,2419.3125
327,6.8446,7.638,1.9132,8.507,281.0,41569.0,2419.3125
328,8.4624,6.4163,1.6829,7.1104,282.0,41443.0,2419.3125
329,7.1839,7.7432,2.1179,7.8402,282.0,41443.0,2419.3125
330,7.7386,6.4081,1.6952,7.6129,281.0,41431.0,2419.3125
331,7.7234,8.1257,1.9759,8.3671,283.0,41455.0,2419.3125
332,8.303,6.4911,1.8038,7.3665,281.0,41431.0,2419.3125
333,7.3687,7.6686,2.0369,7.1198,285.0,41435.0,2419.3125
334,7.1959,6.485,1.5834,7.1149,287.0,42487.0,2419.3125
335,7.0082,6.547,1.7777,8.5217,287.0,55473.0,2419.3125
336,8.5705,6.5201,1.8853,6.6733,297.0,87863.0,2419.3125
337,6.6441,6.4464,1.5045,8.233,273.0,65381.0,2419.3125
338,8.2845,7.9884,1.8377,7.0912,286.0,48141.0,2419.3125
339,7.0816,6.4024,1.6998,7.6117,277.0,54343.0,2419.3125
340,7.6103,7.8291,1.8316,7.8559,283.0,78079.0,2419.3125
341,7.8249,6.4636,1.8194,7.6042,248.0,39451.0,2419.3125
342,7.648,7.6772,1.9651,7.1397,247.0,39295.0,2419.3125
343,7.0967,6.4015,1.547,6.7871,253.0,44983.0,2419.3125
344,6.8642,7.5669,1.8008,8.2975,247.0,39295.0,2419.3125
345,8.2213,6.375,1.6712,6.7963,284.0,43314.0,2419.3125
346,6.7818,6.384,1.6298,7.9437,251.0,39631.0,2419.3125
347,8.0087,7.4939,1.7472,6.6041,246.0,39283.0,2419.3125
348,6.5161,6.3576,1.4252,7.4658,289.0,48664.0,2419.3125
349,7.5435,7.7214,1.714,8.0131,282.0,42803.0,2419.3125
350,7.9623,6.4827,1.5162,7.4285,249.0,39275.0,2419.3125
351,7.4353,7.4333,1.7012,7.4835,293.0,52688.0,2419.3125
352,7.5412,6.4636,1.3698,7.3401,284.0,47413.0,2419.3125
353,7.367,7.582,1.7413,8.1431,285.0,47952.0,2419.3125
354,8.0898,6.4262,1.7503,6.6142,287.0,51781.0,2419.3125
355,6.5768,6.6012,1.538,8.2509,285.0,43665.0,2419.3125
356,8.2866,7.6106,1.7935,6.8269,281.0,41747.0,2419.3125
357,6.7632,6.4623,1.3596,7.0275,285.0,42231.0,2419.3125
358,7.1081,7.5373,1.5054,8.2962,283.0,43776.0,2419.3125
359,8.2345,6.4022,1.3981,6.9098,286.0,48429.0,2419.3125
360,6.9773,7.6149,1.582,7.2683,287.0,45484.0,2419.3125
361,7.2406,6.4055,1.5125,7.7628,281.0,42981.0,2419.3125
362,7.7754,7.5467,1.6076,7.6479,281.0,42359.0,2419.3125
363,7.5961,6.4676,1.4221,6.8452,282.0,41443.0,2419.3125
364,6.8708,7.2657,1.4467,8.0868,282.0,44553.0,2419.3125
365,8.1171,6.4389,1.7065,6.7748,286.0,54327.0,2419.3125
366,6.6968,6.4501,1.4559,7.2959,286.0,49175.0,2419.3125
367,7.3618,7.6822,1.5533,7.8142,287.0,44035.0,2419.3125
368,7.8737,6.493,1.4548,7.586,262.0,40125.0,2419.3125
369,7.5615,7.5754,1.6882,7.6516,251.0,39369.0,2419.3125
370,7.6144,6.5209,1.5807,7.2108,249.0,39297.0,2419.3125
371,7.2441,7.9231,1.6118,7.7347,245.0,39271.0,2419.3125
372,7.7414,6.3795,1.5902,6.831,246.0,39283.0,2419.3125
373,6.787,7.5231,1.5797,8.2873,246.0,39283.0,2419.3125
374,8.3276,6.464,1.7659,6.5236,247.0,39295.0,2419.3125
375,6.5336,6.3757,1.5487,8.8184,247.0,39295.0,2419.3125
376,8.8409,7.6067,1.5078,6.4417,248.0,39307.0,2419.3125
377,6.3441,6.3873,1.4287,7.993,245.0,39271.0,2419.3125
378,8.047,7.6267,1.7206,6.9676,246.0,39283.0,2419.3125
379,6.9523,6.3792,1.485,8.3231,245.0,39271.0,2419.3125
380,8.3451,7.5057,1.4639,6.7675,248.0,39307.0,2419.3125
381,6.7322,6.3756,1.5058,7.1257,249.0,39275.0,2419.3125
382,7.1783,7.8587,1.7712,8.4569,250.0,39287.0,2419.3125
383,8.4254,6.4157,1.9956,6.4613,250.0,39287.0,2419.3125
384,6.4375,6.4021,1.6775,8.8487,247.0,39273.0,2419.3125
385,8.8698,7.5939,1.6084,6.1,249.0,39297.0,2419.3125
386,6.0932,6.3875,1.5807,8.3453,284.0,43157.0,2419.3125
387,8.4153,7.752,1.8884,7.0252,261.0,40183.0,2419.3125
388,6.9632,6.3877,1.5364,8.0508,282.0,46467.0,2419.3125
389,8.0912,7.7504,1.8207,7.4165,284.0,48714.0,2419.3125
390,7.4405,6.3984,1.8646,7.1324,283.0,51231.0,2419.3125
391,7.091,7.5677,1.7315,7.9835,281.0,49495.0,2419.3125
392,7.9663,6.4234,1.7798,6.8756,282.0,41443.0,2419.3125
393,6.8358,7.349,1.5155,8.2264,282.0,41443.0,2419.3125
394,8.2648,6.4579,1.6955,6.7106,282.0,41443.0,2419.3125
395,6.6812,6.4366,1.5124,7.9369,281.0,41431.0,2419.3125
396,7.9594,7.6217,1.6524,7.1712,282.0,41581.0,2419.3125
397,7.1672,6.4333,1.4401,7.6017,285.0,41435.0,2419.3125
398,7.6353,7.7686,1.6156,7.9131,287.0,41459.0,2419.3125
399,7.8904,6.4628,1.5526,7.554,285.0,41435.0,2419.3125
400,7.6278,7.9253,1.6152,7.6562,284.0,41445.0,2419.3125
401,7.5543,6.455,1.4275,7.0132,284.0,41445.0,2419.3125
402,7.105,7.722,1.6047,8.2796,284.0,41445.0,2419.3125
403,8.2387,6.4207,1.6457,6.5461,282.0,42471.0,2419.3125
404,6.5058,6.4151,1.4855,8.9187,286.0,55505.0,2419.3125
405,8.9546,6.4495,1.7636,6.6347,295.0,87861.0,2419.3125
406,6.5999,6.4756,1.4324,7.1369,269.0,65355.0,2419.3125
407,7.1668,7.8686,1.8265,8.2023,283.0,48127.0,2419.3125
408,8.1737,6.4483,1.5182,7.3596,277.0,54343.0,2419.3125
409,7.4661,7.835,1.7275,7.7995,281.0,78055.0,2419.3125
410,7.7059,6.4029,1.4777,6.7447,248.0,39451.0,2419.3125
411,6.7933,7.8802,1.5558,8.3919,247.0,39295.0,2419.3125
412,8.3909,6.3981,1.5947,6.5034,254.0,44995.0,2419.3125
413,6.4413,7.6216,1.4863,8.4507,250.0,39287.0,2419.3125
414,8.4764,6.409,1.7131,7.0445,288.0,43318.0,2419.3125
415,7.0926,6.4286,1.3826,7.8845,257.0,39659.0,2419.3125
416,7.8466,6.5064,1.5818,7.0694,247.0,39273.0,2419.3125
417,7.014,6.4282,1.3488,9.0649,290.0,48654.0,2419.3125
418,9.134,7.4366,1.7111,5.7692,282.0,42825.0,2419.3125
419,5.74,6.4447,1.5266,7.9262,245.0,39271.0,2419.3125
420,7.9518,7.8346,1.5834,7.5966,289.0,52684.0,2419.3125
421,7.5571,6.4003,1.4744,7.1877,283.0,47423.0,2419.3125
422,7.277,7.6114,1.5299,7.7496,284.0,47962.0,2419.3125
423,7.7166,6.3667,1.3378,6.8133,285.0,51779.0,2419.3125
424,6.7806,6.4395,1.3866,8.225,285.0,43665.0,2419.3125
425,8.276,6.4548,1.8249,6.3347,285.0,41795.0,2419.3125
426,6.2836,6.4033,1.5702,8.0422,282.0,42195.0,2419.3125
427,8.0519,7.888,1.574,7.871,285.0,43800.0,2419.3125
428,7.8894,6.3588,1.5188,7.4815,286.0,48429.0,2419.3125
429,7.4878,7.6667,1.6853,7.4828,288.0,45452.0,2419.3125
430,7.5231,6.4193,1.4058,7.5916,286.0,42997.0,2419.3125
431,7.5803,8.0077,1.7203,8.275,286.0,42375.0,2419.3125
432,8.2016,6.4211,1.5343,6.7837,283.0,41433.0,2419.3125
433,6.8278,6.4142,1.5862,7.8891,284.0,44555.0,2419.3125
434,7.8761,6.4506,1.7373,7.0259,286.0,54349.0,2419.3125
435,6.9619,6.3928,1.362,8.0495,281.0,49159.0,2419.3125
436,8.1443,7.6913,1.6204,7.1757,282.0,44019.0,2419.3125
437,7.155,6.4185,1.5234,6.812,260.0,40123.0,2419.3125
438,6.8297,7.8813,1.5921,8.2164,248.0,39355.0,2419.3125
439,8.1833,6.4129,1.4594,7.2412,247.0,39295.0,2419.3125
440,7.3538,7.7586,1.7997,7.7905,245.0,39271.0,2419.3125
441,7.7236,6.4067,1.5926,6.6692,245.0,39271.0,2419.3125
442,6.9083,7.5774,1.9759,8.1456,245.0,39271.0,2419.3125
443,7.8787,6.4365,1.5398,6.8983,246.0,39283.0,2419.3125
444,6.8615,6.66,1.4314,8.236,248.0,39307.0,2419.3125
445,8.2711,6.4314,1.6803,7.1853,250.0,39287.0,2419.3125
446,7.2203,6.4771,1.6434,8.6623,251.0,39299.0,2419.3125
447,8.6191,7.6464,1.5516,6.0567,252.0,39311.0,2419.3125
448,6.0146,6.3407,1.6314,7.4577,248.0,39285.0,2419.3125
449,7.5482,7.6188,1.5726,7.5259,249.0,39297.0,2419.3125
450,7.5062,6.3748,1.4641,7.6504,248.0,39285.0,2419.3125
451,7.7076,7.7777,1.744,7.829,246.0,39283.0,2419.3125
452,7.7102,6.4259,1.3455,6.82,246.0,39283.0,2419.3125
453,7.0368,6.4334,2.1638,8.3942,247.0,39295.0,2419.3125
454,8.2373,6.8303,1.8209,6.5155,248.0,39307.0,2419.3125
455,6.4975,6.4317,1.5431,8.4829,279.0,43119.0,2419.3125
456,8.5353,7.6423,1.6377,6.5094,262.0,40195.0,2419.3125
457,6.4819,6.4255,1.61,7.3638,281.0,46455.0,2419.3125
458,7.4171,7.8042,1.9034,8.4412,284.0,48714.0,2419.3125
459,8.3608,6.396,1.6222,7.2107,283.0,51231.0,2419.3125
460,7.2298,7.6707,1.7189,7.6107,282.0,49507.0,2419.3125
461,7.6408,6.4221,1.7321,7.4085,287.0,41459.0,2419.3125
462,7.4788,7.157,1.7049,8.1797,286.0,41447.0,2419.3125
463,8.1325,6.4566,1.9851,6.4939,287.0,41459.0,2419.3125
464,6.4475,7.2748,1.8187,9.624,284.0,41445.0,2419.3125
465,9.6103,7.2317,1.7191,6.5856,285.0,41595.0,2419.3125
466,6.585,7.1486,1.7325,8.2848,283.0,41433.0,2419.3125
467,8.3166,7.0206,1.7688,7.0546,282.0,41443.0,2419.3125
468,6.9885,6.4377,1.4352,7.4888,282.0,41443.0,2419.3125
469,7.5434,7.8568,1.698,8.1437,281.0,41431.0,2419.3125
470,8.1108,6.412,1.5676,7.6065,281.0,41431.0,2419.3125
471,7.8037,7.6315,1.5973,7.5076,282.0,41443.0,2419.3125
472,7.3223,6.4258,1.471,7.1371,283.0,42483.0,2419.3125
473,7.2192,7.6982,1.8953,8.5252,283.0,55469.0,2419.3125
474,8.4427,6.4479,1.7827,6.3106,294.0,87849.0,2419.3125
475,6.2923,7.3479,1.7377,8.4194,269.0,65355.0,2419.3125
476,8.4809,6.4693,1.9356,6.6336,283.0,48127.0,2419.3125
477,6.6254,6.4887,1.6366,7.279,282.0,54359.0,2419.3125
478,7.2755,7.5427,1.6665,7.948,285.0,78059.0,2419.3125
479,7.9299,6.4719,1.5229,7.1173,253.0,39467.0,2419.3125
480,7.1804,7.6295,1.8309,7.7139,251.0,39321.0,2419.3125
481,7.6574,6.4011,1.5287,7.6079,257.0,45009.0,2419.3125
482,7.6437,7.6986,1.6901,7.6984,250.0,39309.0,2419.3125
483,7.6915,6.373,1.6024,6.9359,285.0,43326.0,2419.3125
484,6.904,7.5933,1.6848,7.6384,251.0,39631.0,2419.3125
485,7.6865,6.5318,1.8319,7.182,246.0,39283.0,2419.3125
486,7.1525,6.3906,1.5367,7.9033,290.0,48676.0,2419.3125
487,7.9238,7.5902,1.6355,7.1607,277.0,42787.0,2419.3125
488,7.1697,6.4274,1.5921,7.1865,245.0,39271.0,2419.3125
489,7.1859,7.7661,1.715,7.9577,287.0,52660.0,2419.3125
490,7.9373,6.3809,1.5983,7.5751,283.0,47423.0,2419.3125
491,7.6136,7.6516,1.72,7.68,285.0,47974.0,2419.3125
492,7.6033,6.4425,1.4965,6.4889,286.0,51791.0,2419.3125
493,6.5368,7.6084,1.8926,8.3662,288.0,43657.0,2419.3125
494,8.344,6.5031,1.808,6.9827,286.0,41763.0,2419.3125
495,7.0266,6.6742,1.4759,8.5728,286.0,42199.0,2419.3125
496,8.5717,6.7934,1.781,6.6462,286.0,43790.0,2419.3125
497,6.6707,6.4228,1.6279,7.9177,289.0,48443.0,2419.3125
498,7.8284,7.6661,1.4948,7.3092,286.0,45450.0,2419.3125
499,7.2764,6.4039,1.3816,7.6008,282.0,42993.0,2419.3125
500,7.6735,7.6701,1.7177,7.3582,281.0,42359.0,2419.3125
501,7.3297,6.4172,1.5805,7.4203,284.0,41467.0,2419.3125
502,7.5165,7.8652,1.9555,8.0297,281.0,44541.0,2419.3125
503,7.9346,6.3935,1.6676,6.6243,281.0,54311.0,2419.3125
504,6.6572,6.8225,1.6331,8.4016,281.0,49159.0,2419.3125
505,8.4044,7.1872,1.8065,6.5379,281.0,44007.0,2419.3125
506,6.4999,6.4354,1.3867,7.3896,260.0,40123.0,2419.3125
507,7.4322,7.624,1.7027,7.3699,247.0,39343.0,2419.3125
508,7.3373,6.457,1.4823,7.6988,245.0,39271.0,2419.3125
509,7.7173,7.7784,1.5865,7.674,251.0,39299.0,2419.3125
510,7.6136,6.426,1.5601,8.4464,251.0,39299.0,2419.3125
511,8.5517,7.6468,1.7213,6.6372,249.0,39275.0,2419.3125
512,6.5574,6.3909,1.4827,6.6181,247.0,39273.0,2419.3125
513,6.6502,7.7205,1.5134,8.4021,250.0,39309.0,2419.3125
514,8.404,6.3122,1.7607,7.2913,248.0,39285.0,2419.3125
515,7.281,6.3698,1.46,7.4215,246.0,39283.0,2419.3125
516,7.4518,7.7959,1.695,7.1867,248.0,39307.0,2419.3125
517,7.1351,6.3453,1.5674,7.382,245.0,39271.0,2419.3125
518,7.4113,7.7798,1.6708,7.5216,249.0,39319.0,2419.3125
519,7.4898,6.3834,1.4976,7.7328,245.0,39271.0,2419.3125
520,7.7641,7.5605,1.6459,7.3043,246.0,39283.0,2419.3125
521,7.2688,6.3964,1.6972,7.0258,247.0,39295.0,2419.3125
522,7.0686,7.9202,1.8256,8.3912,249.0,39319.0,2419.3125
523,8.377,6.4156,1.8895,6.5597,245.0,39271.0,2419.3125
524,6.5329,7.2204,1.5179,8.8428,278.0,43107.0,2419.3125
525,8.8936,6.7846,1.6066,6.6196,265.0,40187.0,2419.3125
526,6.5835,6.4493,1.4081,7.7067,285.0,46459.0,2419.3125
527,7.7427,7.6578,1.5773,7.5988,287.0,48706.0,2419.3125
528,7.5349,6.4513,1.4628,7.437,286.0,51245.0,2419.3125
529,7.4934,7.7817,1.6037,7.8044,284.0,49509.0,2419.3125
530,7.7677,6.3773,1.5087,7.2209,285.0,41457.0,2419.3125
531,7.3034,8.0205,1.5976,8.0521,282.0,41443.0,2419.3125
532,7.9614,6.3803,1.4213,7.0264,283.0,41455.0,2419.3125
533,7.1513,7.6622,1.7532,8.2095,285.0,41479.0,2419.3125
534,8.1367,6.3992,1.6739,6.6506,282.0,41581.0,2419.3125
535,6.6218,6.4193,1.4964,8.4697,281.0,41431.0,2419.3125
536,8.5326,7.7121,1.5503,6.4849,282.0,41443.0,2419.3125
537,6.4379,6.4219,1.6619,7.9871,282.0,41443.0,2419.3125
538,8.0315,7.8347,1.7364,8.0737,282.0,41443.0,2419.3125
539,8.0077,6.406,1.4359,7.146,281.0,41431.0,2419.3125
540,7.1976,7.5661,1.5399,7.535,283.0,41455.0,2419.3125
541,7.5126,6.4235,1.6631,6.8155,288.0,42499.0,2419.3125
542,6.8573,8.0287,2.0356,9.1472,290.0,55509.0,2419.3125
543,9.1319,6.4701,1.8701,5.9627,299.0,87865.0,2419.3125
544,5.922,7.5152,1.5834,9.0016,272.0,65369.0,2419.3125
545,9.0291,6.5169,1.8962,6.4689,286.0,48141.0,2419.3125
546,6.4223,6.4426,1.4594,8.9558,283.0,54393.0,2419.3125
547,9.0838,6.9434,1.6837,6.5427,282.0,78067.0,2419.3125
548,6.4484,6.433,1.5659,7.3579,249.0,39463.0,2419.3125
549,7.3983,7.6898,1.8238,7.7513,249.0,39319.0,2419.3125
550,7.6541,6.4245,1.4593,7.3153,253.0,44983.0,2419.3125
551,7.3889,7.695,1.6331,7.7147,246.0,39283.0,2419.3125
552,7.66,6.383,1.388,7.3655,284.0,43314.0,2419.3125
553,7.4628,7.7186,1.8474,8.1341,251.0,39631.0,2419.3125
554,8.0705,6.4438,1.6271,6.4989,247.0,39295.0,2419.3125
555,6.4884,7.3846,1.4749,8.7449,288.0,48652.0,2419.3125
556,8.7933,6.7522,1.7028,6.6747,279.0,42811.0,2419.3125
557,6.6202,6.4049,1.4832,7.1684,251.0,39299.0,2419.3125
558,7.2488,8.0788,1.7726,8.9943,292.0,52676.0,2419.3125
559,8.9392,6.4165,1.882,6.9464,288.0,47439.0,2419.3125
560,6.9433,8.3457,1.965,8.6719,286.0,47964.0,2419.3125
561,8.6872,6.4301,1.6963,7.2578,288.0,51793.0,2419.3125
562,7.234,8.2769,1.5104,8.6726,287.0,43667.0,2419.3125
563,8.7004,6.75,1.6854,7.3235,282.0,41759.0,2419.3125
564,7.3125,8.0619,1.7612,8.3886,282.0,42195.0,2419.3125
565,8.4778,6.8187,1.8111,7.8591,285.0,43800.0,2419.3125
566,8.0146,8.2872,2.0809,8.1332,289.0,48465.0,2419.3125
567,7.9202,6.8088,1.7345,7.5804,285.0,45460.0,2419.3125
568,7.591,8.0676,1.6339,9.3358,281.0,42981.0,2419.3125
569,9.2946,6.7202,1.7532,6.143,282.0,42371.0,2419.3125
570,6.2372,7.8962,2.0424,9.1845,282.0,41443.0,2419.3125
571,9.1212,7.1765,1.7493,7.0098,282.0,44553.0,2419.3125
572,7.0011,6.6155,1.8245,9.2108,283.0,54335.0,2419.3125
573,9.2244,7.079,1.954,6.8238,286.0,49175.0,2419.3125
574,6.7832,6.6686,1.579,9.4578,285.0,44011.0,2419.3125
575,9.4638,8.0639,1.7825,6.3898,265.0,40139.0,2419.3125
576,6.4236,6.4927,1.8194,7.669,250.0,39357.0,2419.3125
577,7.6674,8.4445,1.7736,8.3641,249.0,39297.0,2419.3125
578,8.3477,6.4074,1.6537,7.3902,247.0,39273.0,2419.3125
579,7.6746,8.3081,1.7065,8.4417,247.0,39295.0,2419.3125
580,8.1991,6.3238,1.7561,6.8082,246.0,39283.0,2419.3125
581,6.8469,8.5353,1.7254,9.4624,245.0,39271.0,2419.3125
582,9.3991,6.669,1.6552,7.1608,248.0,39307.0,2419.3125
583,7.1383,8.2031,1.7219,8.0394,246.0,39283.0,2419.3125
584,8.1022,6.6991,1.6476,7.6838,247.0,39295.0,2419.3125
585,7.6357,8.4133,1.6571,8.4188,247.0,39295.0,2419.3125
586,8.4974,6.6526,1.6732,7.0919,245.0,39271.0,2419.3125
587,7.1231,8.1969,1.6836,8.5492,245.0,39271.0,2419.3125
588,8.4075,6.4108,1.4358,7.2128,246.0,39283.0,2419.3125
589,7.3112,7.8858,1.8153,8.1627,249.0,39275.0,2419.3125
590,8.0913,6.3896,1.602,7.0222,249.0,39275.0,2419.3125
591,7.0029,6.8309,1.4263,8.4756,249.0,39275.0,2419.3125
592,8.5049,6.3946,1.5797,6.6356,248.0,39285.0,2419.3125
593,6.6042,6.3873,1.4717,8.6229,281.0,43169.0,2419.3125
594,8.7538,7.5592,1.6949,6.5776,263.0,40137.0,2419.3125
595,6.4625,6.3923,1.6932,7.1884,283.0,46479.0,2419.3125
596,7.1845,7.7627,1.5156,8.1534,285.0,48726.0,2419.3125
597,8.1435,6.4377,1.3844,6.6069,282.0,51219.0,2419.3125
598,6.6928,7.7005,1.8893,8.8607,282.0,49507.0,2419.3125
599,8.7827,6.4758,1.6657,6.4901,283.0,41455.0,2419.3125
600,6.4612,7.1804,1.5217,8.213,282.0,41443.0,2419.3125
601,8.2866,6.4233,1.8707,6.4219,281.0,41431.0,2419.3125
602,6.4193,6.3935,1.4433,7.426,282.0,41443.0,2419.3125
603,7.3889,7.5774,1.4987,8.174,283.0,41593.0,2419.3125
604,8.3873,6.6916,1.8622,7.6104,282.0,41443.0,2419.3125
605,7.4338,7.6909,1.7961,7.7931,287.0,41459.0,2419.3125
606,7.7698,6.4319,1.5995,7.5109,285.0,41435.0,2419.3125
607,7.5427,7.4751,1.7675,7.4489,285.0,41435.0,2419.3125
608,7.4461,6.4891,1.5845,6.4787,285.0,41457.0,2419.3125
609,6.4424,7.762,1.7328,9.211,285.0,41457.0,2419.3125
610,9.2479,6.4237,1.8224,6.0146,286.0,42497.0,2419.3125
611,5.9805,6.4112,1.4013,8.9389,284.0,55481.0,2419.3125
612,8.9789,7.5598,1.5747,6.5166,296.0,87873.0,2419.3125
613,6.4671,6.4198,1.5429,6.981,269.0,65355.0,2419.3125
614,7.0533,7.4088,1.7296,7.7779,283.0,48127.0,2419.3125
615,7.7892,6.3676,1.4911,6.9618,278.0,54355.0,2419.3125
616,6.9163,7.4323,1.6796,7.7466,283.0,78079.0,2419.3125
617,7.9566,6.4701,1.7348,7.1729,249.0,39463.0,2419.3125
618,6.9451,7.5246,1.6322,7.885,246.0,39283.0,2419.3125
619,7.9439,6.4035,1.7369,6.8259,254.0,44995.0,2419.3125
620,6.7974,6.4016,1.5055,7.7367,246.0,39283.0,2419.3125
621,7.7159,7.2131,1.4693,7.0811,290.0,43342.0,2419.3125
622,7.0742,6.438,1.6794,7.2488,257.0,39659.0,2419.3125
623,7.3444,7.4923,1.709,7.7179,250.0,39287.0,2419.3125
624,7.6637,6.5015,1.5583,7.5276,289.0,48642.0,2419.3125
625,7.4891,7.809,1.7117,8.0061,280.0,42801.0,2419.3125
626,8.0349,6.4458,1.7223,7.1913,247.0,39273.0,2419.3125
627,7.2105,7.3942,1.7827,7.6146,288.0,52672.0,2419.3125
628,7.6118,6.3741,1.6688,6.7069,281.0,47399.0,2419.3125
629,6.6793,6.6943,1.5686,8.0831,285.0,47974.0,2419.3125
630,8.0927,7.2461,1.7546,7.2095,284.0,51767.0,2419.3125
631,7.2056,6.4281,1.5805,6.6971,285.0,43665.0,2419.3125
632,6.6893,7.2379,1.4851,7.6222,281.0,41747.0,2419.3125
633,7.6094,6.5039,1.7566,7.7507,281.0,42183.0,2419.3125
634,7.7844,7.6857,1.7859,7.4674,286.0,43812.0,2419.3125
635,7.5067,6.7512,1.958,7.5366,285.0,48417.0,2419.3125
636,7.4897,8.3221,1.8193,8.7055,284.0,45448.0,2419.3125
637,8.9058,6.7024,1.9378,6.8553,285.0,42985.0,2419.3125
638,6.7906,7.2771,1.7511,9.3581,287.0,42387.0,2419.3125
639,9.2721,7.6882,1.7693,6.6372,285.0,41435.0,2419.3125
640,6.5629,6.6128,1.4841,9.411,285.0,44567.0,2419.3125
641,9.5248,6.7237,1.8916,6.8333,283.0,54313.0,2419.3125
642,6.7225,6.6404,1.6785,8.8854,285.0,49185.0,2419.3125
643,9.0003,8.4129,1.9707,7.2612,282.0,44019.0,2419.3125
644,7.1902,6.4246,1.8412,6.6993,259.0,40111.0,2419.3125
645,6.7393,8.6235,1.7342,9.3233,247.0,39343.0,2419.3125
646,9.2773,6.434,2.1708,6.9344,247.0,39295.0,2419.3125
647,6.9491,8.3557,2.0696,8.8405,246.0,39283.0,2419.3125
648,8.8396,6.7062,1.9303,7.1495,246.0,39283.0,2419.3125
649,7.1371,8.3102,1.855,8.767,246.0,39283.0,2419.3125
650,8.8649,7.1236,1.8773,8.6048,246.0,39283.0,2419.3125
651,8.5005,7.9786,1.8883,7.3416,245.0,39271.0,2419.3125
652,7.3723,6.759,1.8429,8.2101,246.0,39283.0,2419.3125
653,8.2283,8.2966,1.8699,7.9296,250.0,39287.0,2419.3125
654,7.8898,6.8437,1.8238,7.4535,251.0,39299.0,2419.3125
655,7.4727,8.3434,1.7814,9.2304,251.0,39299.0,2419.3125
656,9.2552,6.4426,1.988,6.7116,247.0,39273.0,2419.3125
657,6.732,7.9987,2.1121,8.6605,248.0,39285.0,2419.3125
658,8.6183,6.8159,1.8431,7.0805,251.0,39321.0,2419.3125
659,7.1103,7.9838,2.011,8.2174,245.0,39271.0,2419.3125
660,8.1984,6.948,1.8649,7.3666,245.0,39271.0,2419.3125
661,7.3192,7.4223,1.6314,8.9554,246.0,39283.0,2419.3125
662,8.9992,7.2074,2.0373,6.9418,280.0,43179.0,2419.3125
663,6.9077,6.3757,1.7314,7.5522,260.0,40123.0,2419.3125
664,7.5533,7.2683,1.8003,7.3389,283.0,46479.0,2419.3125
665,7.3151,6.4893,1.7248,7.5802,285.0,48726.0,2419.3125
666,7.6374,7.7115,1.821,8.1375,281.0,51207.0,2419.3125
667,8.1028,6.4663,1.7657,7.06,285.0,49543.0,2419.3125
668,7.0855,7.6526,1.7945,7.9409,282.0,41443.0,2419.3125
669,7.9815,6.4533,1.7589,7.558,285.0,41435.0,2419.3125
670,7.5505,7.9284,2.3167,8.1349,286.0,41447.0,2419.3125
671,8.0886,6.5096,2.691,6.4082,286.0,41447.0,2419.3125
672,6.4387,7.1885,2.5067,9.7386,286.0,41607.0,2419.3125
673,9.7392,7.6718,2.1772,6.8177,285.0,41457.0,2419.3125
674,6.8091,6.4832,2.0478,8.1575,285.0,41457.0,2419.3125
675,8.1834,7.921,2.465,8.3368,281.0,41431.0,2419.3125
676,8.2973,6.5009,2.2003,7.911,282.0,41443.0,2419.3125
677,7.9664,7.4706,2.3796,7.8199,282.0,41443.0,2419.3125
678,7.7419,6.4711,1.6546,7.8026,283.0,41455.0,2419.3125
679,7.9571,8.8487,2.1272,8.9543,282.0,42471.0,2419.3125
680,8.8329,6.4195,1.8706,7.5555,284.0,55481.0,2419.3125
681,7.5822,8.5153,1.9993,7.7739,295.0,87861.0,2419.3125
682,7.7047,6.4428,1.6881,7.4834,271.0,65379.0,2419.3125
683,7.4843,8.8028,1.9384,8.6631,287.0,48175.0,2419.3125
684,8.6842,6.413,2.019,7.0553,278.0,54355.0,2419.3125
685,7.1237,8.4359,1.8918,9.152,286.0,78071.0,2419.3125
686,9.1146,6.8956,1.8956,6.9574,254.0,39479.0,2419.3125
687,7.0107,8.2192,1.6932,9.7524,250.0,39287.0,2419.3125
688,9.7715,6.7494,2.1725,7.1183,256.0,44997.0,2419.3125
689,7.0666,8.3383,2.1351,8.331,247.0,39273.0,2419.3125
690,8.3444,6.7543,2.0136,7.7391,286.0,43316.0,2419.3125
691,7.7045,8.0158,1.9592,8.3405,253.0,39655.0,2419.3125
692,8.4133,6.7454,2.0954,6.5579,245.0,39271.0,2419.3125
693,6.6236,8.3134,2.3537,9.4463,288.0,48652.0,2419.3125
694,9.3585,6.6028,1.9793,6.4886,277.0,42787.0,2419.3125
695,6.4924,6.5363,1.7848,9.2789,247.0,39295.0,2419.3125
696,9.2638,7.4458,1.9255,6.9667,287.0,52660.0,2419.3125
697,6.8982,6.601,2.0733,9.2159,281.0,47399.0,2419.3125
698,9.3497,7.1042,2.2135,6.6321,284.0,47962.0,2419.3125
699,6.5339,6.5036,1.9727,7.6393,285.0,51779.0,2419.3125
700,7.6597,7.9985,2.3936,8.1479,285.0,43665.0,2419.3125
701,8.1698,6.6471,1.7538,6.753,286.0,41763.0,2419.3125
702,6.8179,7.7296,1.8699,8.5207,287.0,42211.0,2419.3125
703,8.4067,6.532,1.6853,7.3614,288.0,43792.0,2419.3125
704,7.3634,7.8579,1.8748,8.1778,287.0,48419.0,2419.3125
705,8.2149,6.5236,1.8001,7.8073,285.0,45438.0,2419.3125
706,7.7935,7.7513,1.713,7.3924,283.0,42983.0,2419.3125
707,7.4582,6.4078,1.8095,7.0675,281.0,42359.0,2419.3125
708,7.0449,7.5712,1.9692,8.1206,281.0,41431.0,2419.3125
709,8.1112,6.5018,1.8577,6.2972,283.0,44565.0,2419.3125
710,6.209,6.4363,1.8428,8.2168,283.0,54335.0,2419.3125
711,8.3385,7.7437,1.9839,7.1391,282.0,49171.0,2419.3125
712,7.0619,6.4206,1.8616,7.7606,283.0,44031.0,2419.3125
713,7.7728,8.1534,2.1386,8.1246,259.0,40111.0,2419.3125
714,8.1562,6.4729,2.0678,7.0055,246.0,39331.0,2419.3125
715,7.0055,7.6801,2.0358,8.1446,247.0,39295.0,2419.3125
716,8.1408,6.3955,1.883,6.7638,247.0,39295.0,2419.3125
717,6.7036,7.3987,2.1705,8.0188,250.0,39287.0,2419.3125
718,8.0623,6.4351,1.8591,6.2472,251.0,39299.0,2419.3125
719,6.2183,7.408,2.0256,9.4855,250.0,39287.0,2419.3125
720,9.5196,6.8263,2.4084,6.4733,249.0,39297.0,2419.3125
721,6.4224,6.5086,1.8999,8.1233,247.0,39273.0,2419.3125
722,8.3049,6.6915,2.2235,6.7873,250.0,39309.0,2419.3125
723,6.6929,6.3716,1.9672,6.9592,247.0,39295.0,2419.3125
724,6.938,7.6399,1.6938,7.5271,247.0,39295.0,2419.3125
725,7.4798,6.397,1.826,7.7273,247.0,39295.0,2419.3125
726,7.8087,7.3924,1.6949,7.5097,245.0,39271.0,2419.3125
727,7.448,6.4002,1.7067,6.3464,246.0,39283.0,2419.3125
728,6.2997,7.4241,1.721,8.5112,246.0,39283.0,2419.3125
729,8.578,6.378,1.8017,6.3321,246.0,39283.0,2419.3125
730,6.2712,6.2998,1.5354,7.8249,245.0,39271.0,2419.3125
731,7.8644,7.7614,1.8771,7.6539,281.0,43191.0,2419.3125
732,7.6233,6.4259,1.8132,7.289,261.0,40135.0,2419.3125
733,7.3689,7.6119,1.8223,8.8164,285.0,46459.0,2419.3125
734,8.8072,6.4434,1.94,7.357,288.0,48718.0,2419.3125
735,7.3673,7.8436,2.0064,7.383,287.0,51235.0,2419.3125
736,7.436,6.542,2.0084,6.4051,285.0,49521.0,2419.3125
737,6.4073,7.3792,2.1671,8.4329,285.0,41457.0,2419.3125
738,8.2942,6.4189,1.6898,6.6936,283.0,41433.0,2419.3125
739,6.7191,6.4507,1.8569,7.5505,281.0,41431.0,2419.3125
740,7.6011,7.3822,2.1076,7.0449,282.0,41443.0,2419.3125
741,7.1414,6.5091,1.8394,7.4303,283.0,41593.0,2419.3125
742,7.3026,7.8908,1.8523,8.4981,282.0,41443.0,2419.3125
743,8.5264,6.4461,1.7781,6.8487,282.0,41443.0,2419.3125
744,6.8628,7.4232,1.8634,7.7934,284.0,41467.0,2419.3125
745,7.7466,6.4338,1.75,6.8653,284.0,41467.0,2419.3125
746,6.9376,7.7341,2.0474,8.0701,282.0,41443.0,2419.3125
747,7.9894,6.3812,1.7383,7.1831,282.0,41443.0,2419.3125
748,7.1921,6.6712,1.8629,8.3362,283.0,42483.0,2419.3125
749,8.3713,7.4002,2.0379,6.5685,288.0,55485.0,2419.3125
750,6.5606,6.5305,1.7987,7.5981,300.0,87877.0,2419.3125
751,7.6055,7.9389,1.847,8.126,274.0,65371.0,2419.3125
752,8.0996,6.4975,1.5807,6.903,288.0,48165.0,2419.3125
753,6.9499,7.9735,2.0527,8.7478,282.0,54381.0,2419.3125
754,8.7463,6.4924,1.9923,6.8756,283.0,78057.0,2419.3125
755,6.8754,7.7804,2.0372,8.2495,248.0,39451.0,2419.3125
756,8.1756,6.5067,1.7112,6.9318,246.0,39283.0,2419.3125
757,7.0364,7.4312,1.9087,7.5751,255.0,45007.0,2419.3125
758,7.5687,6.4332,1.8278,6.9405,247.0,39295.0,2419.3125
759,6.8283,6.411,1.5708,8.5743,285.0,43326.0,2419.3125
760,8.6511,7.0997,1.8968,6.3852,252.0,39643.0,2419.3125
761,6.3919,6.4829,1.8079,7.9537,246.0,39283.0,2419.3125
762,7.949,7.7329,1.5825,7.7274,289.0,48664.0,2419.3125
763,7.6653,6.3588,1.5981,7.6481,278.0,42799.0,2419.3125
764,7.7644,7.4808,1.8525,7.191,245.0,39271.0,2419.3125
765,7.0887,6.6993,1.6819,7.2569,292.0,52676.0,2419.3125
766,7.386,7.408,2.0043,7.9099,286.0,47415.0,2419.3125
767,7.8342,6.4276,2.0613,6.8795,287.0,47954.0,2419.3125
768,6.8482,6.7086,2.1401,8.102,287.0,51781.0,2419.3125
769,8.1171,6.715,2.1773,7.7295,287.0,43667.0,2419.3125
770,7.6951,6.422,1.8285,7.4434,283.0,41749.0,2419.3125
771,7.6622,7.6806,2.2852,8.3167,281.0,42183.0,2419.3125
772,8.1413,6.6836,2.1005,7.9467,283.0,43776.0,2419.3125
773,8.0962,8.5786,2.4637,8.1875,285.0,48417.0,2419.3125
774,8.0129,6.4694,1.8893,7.156,283.0,45436.0,2419.3125
775,7.209,7.5567,1.8626,8.6265,282.0,42993.0,2419.3125
776,8.6937,7.7177,2.2453,7.644,282.0,42371.0,2419.3125
777,7.5708,7.4629,2.0207,8.777,281.0,41431.0,2419.3125
778,8.7595,7.6777,2.0715,7.0087,285.0,44589.0,2419.3125
779,7.0097,7.5711,2.013,8.9093,284.0,54347.0,2419.3125
780,8.963,7.75,1.934,7.641,284.0,49195.0,2419.3125
781,7.5826,7.2661,1.8525,7.9752,286.0,44023.0,2419.3125
782,8.048,7.763,2.2023,7.9529,264.0,40127.0,2419.3125
783,7.8521,7.4117,1.8396,7.8178,252.0,39359.0,2419.3125
784,7.8615,6.8524,1.9945,8.3816,248.0,39285.0,2419.3125
785,8.6947,8.2991,2.0371,7.7385,247.0,39273.0,2419.3125
786,7.5877,6.7336,1.9969,6.8947,247.0,39273.0,2419.3125
787,6.7124,8.0597,2.0265,8.5746,245.0,39271.0,2419.3125
788,8.5672,6.732,2.1176,7.5871,248.0,39307.0,2419.3125
789,7.5516,8.0029,1.6582,7.8983,246.0,39283.0,2419.3125
790,7.9626,6.7779,1.5746,6.8782,247.0,39295.0,2419.3125
791,6.902,7.4588,1.744,9.2628,245.0,39271.0,2419.3125
792,9.2632,7.5557,1.7977,7.82,247.0,39295.0,2419.3125
793,7.7721,7.2187,1.7536,6.8197,246.0,39283.0,2419.3125
794,6.809,7.3036,1.4028,8.0799,245.0,39271.0,2419.3125
795,8.092,6.8478,1.4626,6.8653,248.0,39307.0,2419.3125
796,6.8979,7.145,1.7738,7.8118,245.0,39271.0,2419.3125
797,7.7942,7.0159,1.7637,7.8292,250.0,39287.0,2419.3125
798,7.8003,7.4479,1.7229,7.9427,252.0,39311.0,2419.3125
799,7.9728,7.0484,1.77,7.2432,250.0,39287.0,2419.3125
800,7.3293,7.2269,1.8851,8.3279,281.0,43169.0,2419.3125
801,8.2481,6.9888,1.863,6.6339,261.0,40113.0,2419.3125
802,6.5858,6.4247,1.7012,8.1638,283.0,46457.0,2419.3125
803,8.2379,7.4529,2.0032,7.4076,283.0,48702.0,2419.3125
804,7.3464,6.7036,1.8196,7.5873,282.0,51219.0,2419.3125
805,7.619,7.475,1.7371,7.9788,282.0,49507.0,2419.3125
806,7.9408,6.9909,1.6167,6.8577,282.0,41443.0,2419.3125
807,6.9103,7.1604,1.8356,7.8229,283.0,41455.0,2419.3125
808,7.8075,6.889,1.7034,7.1871,282.0,41443.0,2419.3125
809,7.1541,7.4021,1.6539,7.6034,281.0,41431.0,2419.3125
810,7.5924,7.0514,1.6917,7.6206,282.0,41581.0,2419.3125
811,7.6682,7.2257,1.7807,8.0871,283.0,41455.0,2419.3125
812,8.0903,6.9831,1.8194,7.2856,282.0,41443.0,2419.3125
813,7.2408,6.4312,1.5571,7.6667,287.0,41459.0,2419.3125
814,7.7206,7.1968,1.7698,7.576,287.0,41459.0,2419.3125
815,7.5747,6.4882,1.8012,7.1392,287.0,41459.0,2419.3125
816,7.2282,7.4164,1.7716,7.9435,285.0,41457.0,2419.3125
817,7.8411,6.8194,1.6155,7.2676,284.0,42473.0,2419.3125
818,7.3071,7.1757,1.7796,7.9907,287.0,55495.0,2419.3125
819,7.9185,6.8157,1.4935,6.6919,297.0,87885.0,2419.3125
820,6.7251,7.1871,1.6889,7.8986,271.0,65379.0,2419.3125
821,7.915,6.8691,1.6656,6.7953,283.0,48127.0,2419.3125
822,6.765,7.3606,1.4755,8.61,277.0,54343.0,2419.3125
823,8.6499,7.0832,1.6626,7.2386,282.0,78067.0,2419.3125
824,7.1864,6.445,1.6192,6.3374,248.0,39451.0,2419.3125
825,6.4874,7.1735,1.7561,8.1834,245.0,39271.0,2419.3125
826,8.0624,6.3783,1.7524,6.8752,256.0,45019.0,2419.3125
827,6.8755,7.1397,1.6294,7.9188,247.0,39295.0,2419.3125
828,7.9309,6.8082,1.6118,7.6574,284.0,43314.0,2419.3125
829,7.6556,7.3398,1.6721,7.643,257.0,39659.0,2419.3125
830,7.6333,6.8421,1.6955,6.7487,252.0,39311.0,2419.3125
831,6.7684,7.1551,1.6183,8.467,293.0,48668.0,2419.3125
832,8.4767,7.0513,1.5919,7.1811,280.0,42801.0,2419.3125
833,7.1496,6.3623,1.3462,7.2071,248.0,39285.0,2419.3125
834,7.2881,7.1835,1.5931,8.1521,290.0,52674.0,2419.3125
835,8.0859,6.7784,1.6665,6.3911,281.0,47399.0,2419.3125
836,6.4041,7.3632,1.6014,8.3116,284.0,47962.0,2419.3125
837,8.32,6.5016,1.6517,7.2769,285.0,51779.0,2419.3125
838,7.2537,7.183,2.032,8.0801,287.0,43689.0,2419.3125
839,8.0998,6.9684,2.191,6.8465,281.0,41747.0,2419.3125
840,6.8391,7.171,1.6473,7.9895,284.0,42219.0,2419.3125
841,7.9782,7.0777,1.6321,7.152,284.0,43788.0,2419.3125
842,7.2081,6.5765,1.4487,8.0622,286.0,48429.0,2419.3125
843,8.0155,6.8204,1.65,7.0171,286.0,45472.0,2419.3125
844,6.9671,6.3854,1.3327,7.3731,283.0,43005.0,2419.3125
845,7.4315,7.5904,1.8111,7.5996,286.0,42375.0,2419.3125
846,7.542,6.4386,1.55,8.0877,288.0,41471.0,2419.3125
847,8.1926,7.3347,1.6784,7.0581,287.0,44569.0,2419.3125
848,7.0145,6.9347,1.6128,7.787,283.0,54313.0,2419.3125
849,7.9283,7.4637,1.9348,7.8091,284.0,49173.0,2419.3125
850,7.6801,6.4561,1.6621,6.9932,284.0,44021.0,2419.3125
851,7.0794,7.1769,1.7321,7.7052,259.0,40111.0,2419.3125
852,7.6602,6.8517,1.7856,7.0457,248.0,39355.0,2419.3125
853,6.9604,6.5886,1.5356,8.2555,247.0,39295.0,2419.3125
854,8.256,7.5304,1.5444,6.7827,247.0,39295.0,2419.3125
855,6.7974,6.3964,1.6113,7.337,246.0,39283.0,2419.3125
856,7.3583,7.6798,1.5993,7.8481,247.0,39295.0,2419.3125
857,7.8187,6.4228,1.6133,7.9219,247.0,39295.0,2419.3125
858,7.9475,7.1685,1.6674,7.0399,246.0,39283.0,2419.3125
859,7.0482,7.0492,1.6537,6.9214,246.0,39283.0,2419.3125
860,6.95,7.3139,1.8412,8.4365,247.0,39295.0,2419.3125
861,8.4218,6.9605,2.0872,6.7747,249.0,39275.0,2419.3125
862,6.7283,7.1211,1.5651,8.0888,250.0,39287.0,2419.3125
863,8.0933,6.8578,1.6941,6.8906,252.0,39311.0,2419.3125
864,6.9353,6.4252,1.6457,7.5372,250.0,39309.0,2419.3125
865,7.5153,7.6011,1.7542,7.6871,249.0,39297.0,2419.3125
866,7.6947,6.3535,1.7193,7.3873,247.0,39273.0,2419.3125
867,7.3939,7.7728,1.6624,8.1671,246.0,39283.0,2419.3125
868,8.2002,6.3591,1.8009,6.8092,247.0,39295.0,2419.3125
869,6.8204,6.4093,1.7055,8.0742,279.0,43167.0,2419.3125
870,7.9874,6.3632,1.6822,6.5008,261.0,40135.0,2419.3125
871,6.4859,6.4356,1.5024,8.3088,282.0,46467.0,2419.3125
872,8.3293,6.78,1.6183,6.6072,283.0,48702.0,2419.3125
873,6.5853,6.4528,1.4401,7.735,283.0,51231.0,2419.3125
874,7.7994,7.8301,1.6704,7.902,284.0,49531.0,2419.3125
875,7.8506,6.4437,1.5856,7.0534,282.0,41443.0,2419.3125
876,7.1017,7.5909,1.6546,7.5943,281.0,41431.0,2419.3125
877,7.5624,6.4211,1.4446,7.6036,287.0,41459.0,2419.3125
878,7.6494,7.5984,1.6809,7.5694,286.0,41447.0,2419.3125
879,7.56,6.4458,1.6555,6.9118,286.0,41585.0,2419.3125
880,6.9006,7.5021,1.5587,8.6043,285.0,41457.0,2419.3125
881,8.6278,6.81,1.8988,6.5858,284.0,41445.0,2419.3125
882,6.5362,6.3395,1.5419,7.8048,285.0,41457.0,2419.3125
883,7.8108,7.631,1.9342,7.3262,283.0,41455.0,2419.3125
884,7.3182,6.3889,1.3922,7.4967,281.0,41431.0,2419.3125
885,7.5507,7.8083,1.7346,7.6796,281.0,41431.0,2419.3125
886,7.6409,6.4408,1.6224,7.868,283.0,42483.0,2419.3125
887,8.0864,7.8289,1.8017,7.3344,283.0,55469.0,2419.3125
888,7.0893,6.4314,1.4082,7.593,294.0,87849.0,2419.3125
889,7.6891,7.7981,1.8072,7.4759,269.0,65355.0,2419.3125
890,7.4738,6.4135,1.5842,6.9922,284.0,48139.0,2419.3125
891,6.9682,7.3148,1.4865,8.02,278.0,54355.0,2419.3125
892,8.0223,6.8241,1.826,7.2566,283.0,78079.0,2419.3125
893,7.2473,6.4206,1.8217,8.4737,253.0,39467.0,2419.3125
894,8.5199,7.3174,2.2875,6.5199,251.0,39299.0,2419.3125
895,6.4828,6.4474,2.1147,7.5785,258.0,44999.0,2419.3125
896,7.5866,7.8734,2.0991,8.2532,247.0,39273.0,2419.3125
897,8.2521,7.1532,1.8939,7.6249,287.0,43328.0,2419.3125
898,7.6337,7.6783,1.9627,9.5078,254.0,39645.0,2419.3125
899,9.4824,7.219,1.9571,6.6055,246.0,39283.0,2419.3125
900,6.6183,7.4614,1.6904,8.0298,288.0,48652.0,2419.3125
901,7.9922,6.6662,1.5787,7.7161,279.0,42811.0,2419.3125
902,7.7533,7.4781,1.6362,7.5496,245.0,39271.0,2419.3125
903,7.5761,7.7374,1.8795,8.0356,289.0,52684.0,2419.3125
904,8.0368,7.9041,2.0356,8.039,281.0,47399.0,2419.3125
905,8.0158,6.7169,1.8821,6.8597,283.0,47950.0,2419.3125
906,6.8217,6.6773,1.6053,8.5952,286.0,51791.0,2419.3125
907,8.6374,7.4477,1.8037,6.6396,287.0,43689.0,2419.3125
908,6.6053,6.7318,1.7706,8.4857,283.0,41771.0,2419.3125
909,8.5379,6.9732,1.9086,7.8129,285.0,42187.0,2419.3125
910,7.7779,6.7327,1.6963,8.2337,289.0,43804.0,2419.3125
911,8.2589,7.956,1.6202,7.0223,289.0,48421.0,2419.3125
912,6.9632,6.6535,1.5403,7.9578,286.0,45450.0,2419.3125
913,8.0448,7.7724,1.8011,7.72,283.0,42983.0,2419.3125
914,7.6603,7.3594,1.6439,7.7344,284.0,42373.0,2419.3125
915,7.7147,7.7519,1.8598,7.5492,282.0,41443.0,2419.3125
916,7.5432,6.6511,1.6974,7.4294,282.0,44553.0,2419.3125
917,7.505,7.8681,2.2961,8.5912,449.0,57925.0,2421.6875
918,8.5168,6.7383,1.7699,7.0771,366.0,22859.0,2421.6875
919,7.1181,11.1997,1.9792,11.889,359.0,16495.0,2421.6875
920,11.9508,9.1756,2.0704,10.0763,396.0,28887.0,2421.6875
921,10.034,9.0356,1.9982,9.034,394.0,23675.0,2421.6875
922,8.9873,7.8469,1.6768,9.5645,387.0,20727.0,2421.6875
923,9.6744,9.1116,1.8721,7.9112,358.0,16363.0,2419.3125
924,7.8483,7.7947,1.6929,10.329,358.0,16363.0,2419.3125
925,10.372,9.0639,1.8826,7.8125,362.0,16355.0,2419.3125
926,7.7139,9.1449,1.5882,9.5936,364.0,16379.0,2419.3125
927,9.6351,7.7824,2.0591,8.3081,361.0,16355.0,2419.3125
928,8.3871,9.0277,2.0629,9.7605,360.0,16365.0,2419.3125
929,9.7131,7.7398,2.065,9.3798,359.0,16353.0,2419.3125
930,9.3806,9.1573,1.8346,8.6018,360.0,16365.0,2419.3125
931,8.5226,7.7524,1.8123,10.0072,359.0,16375.0,2419.3125
932,10.0828,9.213,1.8537,8.0343,389.0,20079.0,2419.3125
933,8.0279,7.7579,1.7211,9.8024,380.0,20827.0,2419.3125
934,9.7687,9.0196,1.9591,8.1851,390.0,22315.0,2419.3125
935,8.1662,7.7363,1.7249,9.5281,397.0,25506.0,2419.3125
936,9.5366,8.675,1.8464,8.2957,394.0,27403.0,2419.3125
937,8.2916,8.6355,1.6127,9.8166,395.0,22305.0,2419.3125
938,9.8306,7.8332,1.9732,8.0332,394.0,18523.0,2419.3125
939,8.1515,8.5526,2.1336,9.3334,393.0,18511.0,2419.3125
940,9.2354,7.8343,1.722,8.7633,394.0,18523.0,2419.3125
941,8.8189,8.4728,1.7317,8.9352,400.0,18689.0,2419.3125
942,8.9053,8.2025,1.8302,8.6565,397.0,18515.0,2419.3125
943,8.7719,9.3894,2.0782,9.8126,399.0,18539.0,2419.3125
944,9.6942,7.8277,1.7362,8.849,396.0,18525.0,2419.3125
945,8.8919,8.9081,1.8668,8.5762,395.0,18513.0,2419.3125
946,8.6213,7.8246,1.4898,9.5809,397.0,18537.0,2419.3125
947,9.5592,8.9259,1.771,8.262,393.0,18511.0,2419.3125
948,8.2005,7.9702,1.5848,9.4614,400.0,30797.0,2419.3125
949,9.528,9.1111,1.7857,8.9227,398.0,50409.0,2419.3125
950,9.0081,8.5091,2.1338,8.8074,390.0,50137.0,2419.3125
951,8.6763,8.1877,2.0112,9.3106,398.0,42835.0,2419.3125
952,9.3727,8.8059,2.1424,8.9953,372.0,32947.0,2419.3125
953,8.9532,8.5641,1.9359,9.1157,359.0,16363.0,2419.3125
954,9.1066,8.5979,1.8976,8.566,364.0,22003.0,2419.3125
955,8.6169,8.2309,1.9246,8.9545,358.0,16363.0,2419.3125
956,8.9746,8.5591,1.8717,9.2382,397.0,20406.0,2419.3125
957,9.2093,8.1289,1.9851,8.303,367.0,16667.0,2419.3125
958,8.3325,9.2924,1.6469,9.6696,362.0,16367.0,2419.3125
959,9.74,7.8262,1.7929,8.8758,407.0,25772.0,2419.3125
960,8.8171,8.4346,1.9501,9.4,391.0,19869.0,2419.3125
961,9.3012,8.5002,1.8594,8.9565,360.0,16365.0,2419.3125
962,8.9723,8.2162,1.7916,8.6139,402.0,29754.0,2419.3125
963,8.6572,8.7214,2.0324,10.2433,396.0,24515.0,2419.3125
964,10.2405,8.422,2.0123,8.2294,394.0,24874.0,2419.3125
965,8.2802,8.5804,1.845,9.3041,398.0,28871.0,2419.3125
966,9.2354,8.2001,1.9361,9.0305,397.0,20903.0,2419.3125
967,9.0169,8.5244,1.561,8.6468,393.0,18827.0,2419.3125
968,8.6835,8.388,1.7859,8.8445,398.0,21012.0,2419.3125
969,8.819,8.7541,1.8365,9.4381,397.0,23589.0,2419.3125
970,9.4924,8.2379,1.9344,9.0933,396.0,23754.0,2419.3125
971,9.0725,8.4916,2.278,8.7179,394.0,19915.0,2419.3125
972,8.6736,7.8948,1.9136,10.1799,395.0,19927.0,2419.3125
973,10.3194,8.5022,2.0469,8.1137,402.0,18575.0,2419.3125
974,7.9918,8.5192,2.1042,9.4066,398.0,21637.0,2419.3125
975,9.5233,8.4069,1.9355,8.2594,379.0,42005.0,2419.3125
976,8.1677,8.6224,1.9086,9.5733,396.0,23677.0,2419.3125
977,9.5699,8.1569,1.9288,8.6947,398.0,18809.0,2419.3125
978,8.6641,8.7563,1.7003,8.5981,369.0,17069.0,2419.3125
979,8.7111,8.1956,1.9092,9.1565,367.0,16903.0,2419.3125
980,9.1543,8.5325,1.6464,8.8631,394.0,28827.0,2419.3125
981,8.7658,9.0711,1.641,9.9691,394.0,23675.0,2419.3125
982,9.9586,8.6473,1.743,8.8218,390.0,20907.0,2419.3125
983,8.8049,10.0478,1.824,10.9637,359.0,16375.0,2419.3125
984,11.0114,8.1305,1.8427,8.5111,357.0,16351.0,2419.3125
985,8.4843,9.6312,1.8009,10.9716,358.0,16363.0,2419.3125
986,10.9848,9.1085,2.0441,9.7017,359.0,16363.0,2419.3125
987,9.7323,8.7852,1.9933,8.0889,358.0,16363.0,2419.3125
988,8.0924,9.0756,1.7985,9.4059,359.0,16375.0,2419.3125
989,9.4253,8.787,1.8323,10.0864,362.0,16367.0,2419.3125
990,10.0682,8.4598,1.9487,9.4589,361.0,16355.0,2419.3125
991,9.5459,8.0788,2.0633,9.5427,361.0,16355.0,2419.3125
992,9.4645,9.1446,2.1241,9.8277,391.0,20259.0,2419.3125
993,9.7805,9.0243,2.0553,9.5269,384.0,21079.0,2419.3125
994,9.5258,8.6678,1.9307,9.1538,393.0,22903.0,2419.3125
995,9.1614,9.193,1.6125,9.2001,398.0,27256.0,2419.3125
996,9.2192,8.5775,1.8684,9.2891,395.0,25111.0,2419.3125
997,9.268,10.0958,2.0568,10.6998,394.0,22169.0,2419.3125
998,10.7509,8.1438,2.0957,9.1381,395.0,18535.0,2419.3125
999,9.1543,9.5608,2.1701,9.5327,393.0,18511.0,2419.3125
1000,9.5214,9.1093,1.9836,9.7646,395.0,18581.0,2419.3125
1001,9.6859,8.582,1.7667,8.9399,396.0,18627.0,2419.3125
1002,8.9592,8.2449,1.9596,8.2279,395.0,18535.0,2419.3125
1003,8.244,8.6956,1.7498,9.6633,395.0,18535.0,2419.3125
1004,9.6806,8.6258,1.9695,9.1602,394.0,18523.0,2419.3125
1005,9.159,8.9458,2.0135,9.6131,398.0,18527.0,2419.3125
1006,9.6001,7.7827,1.9423,8.9355,401.0,18563.0,2419.3125
1007,9.027,9.0051,2.0464,8.7948,398.0,20123.0,2419.3125
1008,8.6929,8.7603,2.0227,9.506,401.0,31177.0,2419.3125
1009,9.5132,8.2186,1.8644,8.5703,404.0,55125.0,2419.3125
1010,8.5859,8.5591,1.8948,9.0852,383.0,43091.0,2419.3125
1011,9.0806,8.1632,1.8969,9.1151,395.0,42799.0,2419.3125
1012,9.1584,8.5616,1.9651,8.4226,373.0,32959.0,2419.3125
1013,8.3849,7.7069,1.7884,9.078,358.0,16363.0,2419.3125
1014,9.0682,10.0292,1.9377,10.0282,366.0,22027.0,2419.3125
1015,10.0394,7.7238,2.009,9.7279,357.0,16351.0,2419.3125
1016,9.8333,9.8753,1.7838,9.0949,396.0,20394.0,2419.3125
1017,8.9808,7.8726,1.5838,9.1503,364.0,16675.0,2419.3125
1018,9.1502,8.8584,1.9267,8.9779,357.0,16351.0,2419.3125
1019,9.0432,8.7699,1.8775,11.1967,401.0,25744.0,2419.3125
1020,11.1902,8.7009,1.99,8.107,389.0,19867.0,2419.3125
1021,8.0345,8.6126,1.8634,8.8134,361.0,16355.0,2419.3125
1022,8.8863,9.0879,1.9736,9.7892,405.0,29768.0,2419.3125
1023,9.71,8.7794,1.9171,10.4038,399.0,24507.0,2419.3125
1024,10.4669,9.8949,1.9356,9.5823,394.0,24852.0,2419.3125
1025,9.5795,8.0356,2.3083,9.6827,403.0,28909.0,2419.3125
1026,9.7763,9.6527,2.1468,9.2407,399.0,20905.0,2419.3125
1027,9.1436,9.2227,2.0062,9.4576,395.0,18851.0,2419.3125
1028,9.3934,8.7966,1.85,9.6538,396.0,20988.0,2419.3125
1029,9.7309,9.1453,2.1499,8.8911,398.0,23601.0,2419.3125
1030,8.8359,8.5779,1.7955,10.2834,398.0,23778.0,2419.3125
1031,10.347,9.7607,1.9297,9.9734,393.0,19903.0,2419.3125
1032,9.9875,7.8125,2.1679,9.5102,396.0,19939.0,2419.3125
1033,9.4241,9.7369,1.9461,9.2322,395.0,18535.0,2419.3125
1034,9.3203,9.0726,2.0243,9.2643,393.0,21621.0,2419.3125
1035,9.1594,8.595,1.9179,8.6891,375.0,42001.0,2419.3125
1036,8.7231,9.0582,1.8071,10.124,394.0,23675.0,2419.3125
1037,10.1278,9.0202,1.7215,9.8206,402.0,18835.0,2419.3125
1038,9.8194,8.0556,1.7863,8.4804,371.0,17071.0,2419.3125
1039,8.4914,8.9442,1.8978,10.0187,372.0,16919.0,2419.3125
1040,9.9915,8.6394,2.2038,7.9953,397.0,28841.0,2419.3125
1041,8.0676,8.2947,1.9434,9.3328,396.0,23677.0,2419.3125
1042,9.3278,8.525,1.6316,8.9192,392.0,20909.0,2419.3125
1043,9.0074,8.1651,1.9499,8.3708,359.0,16375.0,2419.3125
1044,8.2522,8.7923,1.6379,9.7629,357.0,16351.0,2419.3125
1045,9.7774,8.1124,1.7717,8.5843,357.0,16351.0,2419.3125
1046,8.5629,8.6405,1.9933,8.846,359.0,16375.0,2419.3125
1047,8.9479,8.8979,2.0277,10.1887,357.0,16351.0,2419.3125
1048,10.1834,8.6277,2.0138,8.4041,357.0,16351.0,2419.3125
1049,8.3252,7.6482,1.7884,9.2375,357.0,16351.0,2419.3125
1050,9.2351,9.037,1.7787,8.6977,357.0,16351.0,2419.3125
1051,8.6444,8.5489,1.7427,9.0646,358.0,16363.0,2419.3125
1052,9.1714,8.1657,1.6616,8.4671,389.0,20257.0,2419.3125
1053,8.3659,8.6757,2.171,9.99,399.0,24165.0,2419.3125
1054,10.0107,8.4082,2.4051,9.1632,397.0,21349.0,2419.3125
1055,9.2457,8.6234,1.6611,8.9028,402.0,26456.0,2419.3125
1056,8.838,8.7154,1.816,8.4124,398.0,25919.0,2419.3125
1057,8.3929,8.5579,1.6835,9.319,395.0,21253.0,2419.3125
1058,9.3469,8.2092,1.8414,8.4633,397.0,18537.0,2419.3125
1059,8.4425,8.6598,1.7131,9.9507,394.0,18523.0,2419.3125
1060,9.9793,7.8472,1.7768,8.2589,393.0,18557.0,2419.3125
1061,8.2474,8.2393,1.7975,9.8562,393.0,18603.0,2419.3125
1062,9.8523,7.7677,1.9776,8.7094,395.0,18535.0,2419.3125
1063,8.88,8.9203,2.2659,8.614,395.0,18535.0,2419.3125
1064,8.4664,8.496,1.9032,9.4482,396.0,18535.0,2419.3125
1065,9.4808,8.3979,2.1005,9.0464,393.0,18511.0,2419.3125
1066,8.9892,8.6096,1.8908,9.4395,395.0,20131.0,2419.3125
1067,9.5149,8.2654,2.0735,8.4594,396.0,25613.0,2419.3125
1068,8.4309,8.5609,1.7912,9.1246,398.0,38529.0,2419.3125
1069,9.1793,8.2111,1.8473,8.9724,405.0,51879.0,2419.3125
1070,8.8574,8.6837,1.7454,8.8782,375.0,31345.0,2419.3125
1071,8.9069,8.1775,1.8481,9.0717,401.0,42827.0,2419.3125
1072,9.1718,8.5603,1.7421,8.4406,375.0,32961.0,2419.3125
1073,8.3888,8.1842,1.9365,8.2752,359.0,16353.0,2419.3125
1074,8.2069,8.9542,1.7887,9.7174,366.0,22005.0,2419.3125
1075,9.8064,8.0264,1.884,9.5455,357.0,16351.0,2419.3125
1076,9.4566,8.5192,1.9438,9.352,396.0,20394.0,2419.3125
1077,9.3476,9.718,1.7239,8.6726,363.0,16663.0,2419.3125
1078,8.8266,8.2249,1.881,9.2071,359.0,16375.0,2419.3125
1079,9.0602,8.7607,1.6931,9.3784,401.0,25744.0,2419.3125
1080,9.5254,8.1587,1.9796,8.7296,389.0,19867.0,2419.3125
1081,8.5797,8.6351,1.8236,8.5187,357.0,16351.0,2419.3125
1082,8.5411,8.5712,1.9937,9.7144,402.0,29776.0,2419.3125
1083,9.7271,8.9702,2.1449,9.6946,394.0,24491.0,2419.3125
1084,9.6791,7.8377,1.9942,8.7209,394.0,24874.0,2419.3125
1085,8.7535,8.6168,1.9332,9.0409,402.0,28875.0,2419.3125
1086,9.0237,8.549,1.9466,9.5496,404.0,20943.0,2419.3125
1087,9.7224,8.2937,2.2755,8.4213,397.0,18831.0,2419.3125
1088,8.2913,8.5469,1.9255,10.4041,398.0,20990.0,2419.3125
1089,10.3519,8.3188,2.1508,7.9761,403.0,23639.0,2419.3125
1090,7.9573,8.8362,1.9566,9.2341,399.0,23768.0,2419.3125
1091,9.3378,8.2733,2.0631,8.7323,393.0,19903.0,2419.3125
1092,8.6738,8.523,1.8929,9.2898,394.0,19915.0,2419.3125
1093,9.2906,8.3475,1.8141,9.1292,393.0,18511.0,2419.3125
1094,9.1579,8.9334,1.9123,9.2122,393.0,21621.0,2419.3125
1095,9.1511,8.2154,2.2359,8.4812,377.0,42025.0,2419.3125
1096,8.5027,8.0064,1.807,9.5198,394.0,23675.0,2419.3125
1097,9.5558,8.2876,1.8391,9.6402,396.0,18807.0,2419.3125
1098,9.6303,8.991,1.7754,7.5903,368.0,17079.0,2419.3125
1099,7.5642,7.7992,1.5113,9.1069,371.0,16951.0,2419.3125
1100,9.0944,8.2348,1.6776,8.716,394.0,28827.0,2419.3125
1101,8.7197,8.7832,1.7966,9.5366,398.0,23679.0,2419.3125
1102,9.5301,8.1181,1.8508,9.0314,395.0,20923.0,2419.3125
1103,9.0364,8.5551,1.9438,8.4688,362.0,16367.0,2419.3125
1104,8.5054,8.411,1.8506,9.0388,359.0,16353.0,2419.3125
1105,9.0383,8.9272,1.8212,9.3105,361.0,16377.0,2419.3125
1106,9.2976,7.7312,1.7833,8.7909,361.0,16377.0,2419.3125
1107,8.8079,9.0502,1.8982,9.6959,360.0,16387.0,2419.3125
1108,9.6914,8.1084,1.8301,8.1631,358.0,16363.0,2419.3125
1109,8.1509,8.9629,1.7655,9.0842,359.0,16375.0,2419.3125
1110,9.0693,7.7683,1.6034,9.5568,360.0,16387.0,2419.3125
1111,9.5397,9.1682,1.7204,8.5272,358.0,16363.0,2419.3125
1112,8.5127,8.6965,1.7434,9.4593,391.0,20281.0,2419.3125
1113,9.4884,8.2378,2.1305,8.8598,395.0,24173.0,2419.3125
1114,8.9335,8.6776,1.8533,9.3995,390.0,21309.0,2419.3125
1115,9.3816,8.1635,1.9569,8.9172,396.0,26428.0,2419.3125
1116,8.976,8.7737,1.9685,8.9394,393.0,25881.0,2419.3125
1117,8.8599,8.4269,1.9342,9.559,400.0,21279.0,2419.3125
1118,9.64,9.1705,2.1568,9.1912,399.0,18539.0,2419.3125
1119,9.0845,7.8086,1.9537,8.5278,399.0,18539.0,2419.3125
1120,8.55,9.0236,1.9161,9.424,397.0,18583.0,2419.3125
1121,9.4005,8.3969,1.9685,10.4126,398.0,18641.0,2419.3125
1122,10.4227,9.5284,1.8964,8.614,395.0,18513.0,2419.3125
1123,8.636,9.1783,2.1773,10.1512,395.0,18535.0,2419.3125
1124,10.169,8.1299,2.2825,8.7088,394.0,18523.0,2419.3125
1125,8.6322,9.5179,2.0434,9.5511,393.0,18511.0,2419.3125
1126,9.6304,7.8077,1.7909,9.6377,394.0,20119.0,2419.3125
1127,9.6325,9.4008,2.0517,9.4405,399.0,25649.0,2419.3125
1128,9.3862,8.196,1.9369,10.2221,399.0,38541.0,2419.3125
1129,10.3152,9.6195,1.9107,8.7294,401.0,51863.0,2419.3125
1130,8.6799,9.7221,2.1416,10.1399,371.0,31341.0,2419.3125
1131,10.1773,8.4649,2.2313,9.4932,396.0,42811.0,2419.3125
1132,9.4648,9.743,2.0182,9.4584,372.0,32947.0,2419.3125
1133,9.4359,8.0979,2.0105,9.135,362.0,16367.0,2419.3125
1134,9.1916,9.6436,1.9782,9.5486,369.0,22019.0,2419.3125
1135,9.5546,8.0445,1.8048,9.3764,363.0,16379.0,2419.3125
1136,9.3295,9.3283,1.9713,9.7804,400.0,20420.0,2419.3125
1137,9.834,9.7625,2.1571,10.1909,365.0,16665.0,2419.3125
1138,10.1389,7.797,2.0893,8.8741,359.0,16353.0,2419.3125
1139,8.8785,9.8293,1.8729,10.066,402.0,25756.0,2419.3125
1140,10.0368,8.0056,1.9539,8.4593,389.0,19867.0,2419.3125
1141,8.4872,9.9227,1.9357,10.6325,361.0,16387.0,2419.3125
1142,10.6191,8.1832,1.9448,9.9585,400.0,29752.0,2419.3125
1143,9.9401,8.9228,1.8791,8.5864,395.0,24503.0,2419.3125
1144,8.6064,9.088,1.9024,9.2384,395.0,24934.0,2419.3125
1145,9.3161,7.8164,2.0201,8.6216,396.0,28847.0,2419.3125
1146,8.4983,9.4753,1.6863,10.1689,397.0,20903.0,2419.3125
1147,10.2222,7.8405,1.8034,8.8813,393.0,18827.0,2419.3125
1148,8.9021,9.1379,1.8345,8.8406,395.0,21134.0,2419.3125
1149,8.7836,7.7839,1.7898,8.842,401.0,23435.0,2419.3125
1150,8.8362,9.0568,1.8352,8.7641,400.0,23758.0,2419.3125
1151,8.7726,7.8824,1.8687,10.2491,399.0,19931.0,2419.3125
1152,10.292,9.1773,1.8575,8.3252,397.0,19929.0,2419.3125
1153,8.2753,8.6477,1.7058,9.6288,397.0,18537.0,2419.3125
1154,9.7492,8.1842,1.9659,8.2282,397.0,21647.0,2419.3125
1155,8.1214,9.1071,2.1179,10.1908,373.0,41929.0,2419.3125
1156,10.2099,7.799,2.041,8.0284,395.0,23687.0,2419.3125
1157,8.0597,9.4839,1.9759,9.7627,396.0,18807.0,2419.3125
1158,9.7665,7.8773,1.9469,8.704,368.0,17127.0,2419.3125
1159,8.7339,9.0934,1.9371,8.7745,368.0,16915.0,2419.3125
1160,8.7495,7.7501,2.0456,9.4526,394.0,31403.0,2419.3125
1161,9.4394,8.9827,2.0043,8.7671,395.0,21111.0,2419.3125
1162,8.7311,7.7908,1.8248,8.6776,390.0,20847.0,2419.3125
1163,8.7017,9.1905,1.9802,8.8882,358.0,16363.0,2419.3125
1164,8.8704,7.8578,1.9374,10.1416,359.0,16375.0,2419.3125
1165,10.1561,8.8728,1.9843,7.5379,364.0,16391.0,2419.3125
1166,7.5169,8.5564,1.7758,9.7107,362.0,16367.0,2419.3125
1167,9.7618,7.8797,2.1676,8.3108,364.0,16379.0,2419.3125
1168,8.3117,9.1006,2.0048,9.7241,359.0,16353.0,2419.3125
1169,9.737,7.7692,2.1259,8.8337,360.0,16365.0,2419.3125
1170,8.8813,8.8853,2.0124,8.8347,361.0,16377.0,2419.3125
1171,8.7762,7.7473,2.1213,8.6409,358.0,16363.0,2419.3125
1172,8.6109,9.2615,1.9809,9.5944,393.0,21043.0,2419.3125
1173,9.5517,7.806,1.8651,8.621,394.0,24161.0,2419.3125
1174,8.7219,9.0178,1.7637,9.7085,393.0,20923.0,2419.3125
1175,9.6303,7.8287,1.928,8.952,396.0,28116.0,2419.3125
1176,8.9759,8.2377,1.8199,8.4573,395.0,24093.0,2419.3125
1177,8.4282,7.9892,1.6072,9.5106,393.0,21251.0,2419.3125
1178,9.6101,8.86,1.7911,8.2359,394.0,18523.0,2419.3125
1179,8.1046,9.0575,1.6679,9.8059,393.0,18511.0,2419.3125
1180,9.8545,7.7385,2.0627,8.223,394.0,18569.0,2419.3125
1181,8.2548,8.9275,2.1011,9.759,399.0,18631.0,2419.3125
1182,9.7712,7.7698,1.9242,9.041,397.0,18515.0,2419.3125
1183,9.1323,9.322,1.8027,9.0001,398.0,18527.0,2419.3125
1184,8.9137,7.8392,1.559,8.4536,395.0,18513.0,2419.3125
1185,8.4412,9.0006,1.6871,9.2044,397.0,18525.0,2419.3125
1186,9.1448,7.7964,1.7328,8.7778,395.0,20013.0,2419.3125
1187,8.839,8.9466,1.9157,8.9887,396.0,25613.0,2419.3125
1188,8.9176,7.8122,1.821,9.4637,397.0,38931.0,2419.3125
1189,9.5289,8.701,1.9686,8.3418,401.0,51769.0,2419.3125
1190,8.3441,7.8942,1.512,9.8398,368.0,30901.0,2419.3125
1191,9.8331,8.2542,1.9464,8.0032,396.0,42811.0,2419.3125
1192,7.9693,9.0317,1.7578,9.7082,373.0,32959.0,2419.3125
1193,9.7676,7.8408,2.1204,8.1422,359.0,16375.0,2419.3125
1194,8.1063,9.264,1.8477,9.8429,364.0,22003.0,2419.3125
1195,9.8344,7.6995,1.778,8.89,358.0,16363.0,2419.3125
1196,8.9281,8.9478,1.8979,9.1617,396.0,20394.0,2419.3125
1197,9.1537,7.7322,1.87,8.7919,367.0,16667.0,2419.3125
1198,8.8182,9.1133,1.8817,8.6968,363.0,16379.0,2419.3125
1199,8.6792,7.8027,1.8157,9.2599,404.0,25736.0,2419.3125
1200,9.3405,9.0046,1.7477,8.6369,391.0,19869.0,2419.3125
1201,8.553,7.7955,1.7439,9.5965,360.0,16365.0,2419.3125
1202,9.5951,8.9993,1.9844,8.6467,402.0,29754.0,2419.3125
1203,8.583,8.7244,1.6598,9.6062,397.0,24527.0,2419.3125
1204,9.7531,8.1856,1.8683,8.2891,393.0,24910.0,2419.3125
1205,8.1706,9.048,2.0717,9.5418,397.0,28859.0,2419.3125
1206,9.5543,7.7522,2.0602,8.7211,400.0,20939.0,2419.3125
1207,8.7695,9.105,1.903,9.1164,393.0,18827.0,2419.3125
1208,9.143,7.8166,1.7938,8.8278,395.0,21134.0,2419.3125
1209,8.8491,9.1641,1.9254,9.3241,398.0,23443.0,2419.3125
1210,9.2409,7.7875,1.6816,8.3562,397.0,23766.0,2419.3125
1211,8.4482,8.5597,1.4865,9.316,394.0,19915.0,2419.3125
1212,9.2076,8.1604,1.508,8.7257,395.0,19927.0,2419.3125
1213,8.7632,8.9401,1.8397,9.0293,397.0,18515.0,2419.3125
1214,8.9932,7.8036,1.694,9.6876,402.0,21685.0,2419.3125
1215,9.9278,8.4243,1.8854,8.0901,377.0,41933.0,2419.3125
1216,7.8358,8.5543,1.5646,9.8633,395.0,23665.0,2419.3125
1217,9.9096,7.7927,1.9193,8.8177,399.0,18821.0,2419.3125
1218,8.8848,9.3409,2.0384,9.0156,371.0,17141.0,2419.3125
1219,8.9548,8.9912,1.9772,9.7775,369.0,16927.0,2419.3125
1220,9.8081,8.8743,1.891,9.145,395.0,31415.0,2419.3125
1221,9.0906,8.5462,1.8818,9.3721,393.0,21087.0,2419.3125
1222,9.3678,8.6063,1.8218,8.4462,390.0,20859.0,2419.3125
1223,8.5153,8.1652,1.8987,8.91,360.0,16387.0,2419.3125
1224,8.9118,8.9103,1.8772,9.602,357.0,16351.0,2419.3125
1225,9.5528,7.9627,1.8132,9.4017,359.0,16363.0,2419.3125
1226,9.3615,8.4095,1.8217,8.7547,359.0,16363.0,2419.3125
1227,8.7507,8.5633,1.9133,9.0182,360.0,16375.0,2419.3125
1228,9.1316,8.1292,2.0421,8.6507,362.0,16411.0,2419.3125
1229,8.6674,8.694,1.9205,9.4057,362.0,16367.0,2419.3125
1230,9.3201,8.3856,1.8647,9.0066,362.0,16367.0,2419.3125
1231,9.0061,8.9984,1.8314,9.1936,362.0,16367.0,2419.3125
1232,9.1746,7.788,1.9734,8.5912,396.0,21569.0,2419.3125
1233,8.6394,8.8838,1.9416,9.6801,395.0,23687.0,2419.3125
1234,9.7345,8.2392,1.8213,9.1346,394.0,21819.0,2419.3125
1235,9.0369,8.8369,1.6757,8.8485,396.0,27210.0,2419.3125
1236,8.8434,7.8649,1.7665,9.2179,393.0,24069.0,2419.3125
1237,9.2422,8.8876,1.8546,8.4175,394.0,21263.0,2419.3125
1238,8.4828,8.5325,1.5859,9.4925,395.0,18535.0,2419.3125
1239,9.4713,8.1036,1.9649,8.5073,393.0,18511.0,2419.3125
1240,8.5776,8.7548,2.0176,10.2653,394.0,18569.0,2419.3125
1241,10.1252,8.1091,1.8463,8.2058,394.0,18615.0,2419.3125
1242,8.2292,8.5748,1.9412,8.6901,394.0,18523.0,2419.3125
1243,8.6961,8.0959,1.879,9.4634,394.0,18523.0,2419.3125
1244,9.4873,9.0694,1.9584,8.8281,395.0,18535.0,2419.3125
1245,8.8168,7.7772,1.9261,8.7095,398.0,18527.0,2419.3125
1246,8.7206,7.9812,1.9053,9.0902,397.0,20051.0,2419.3125
1247,9.0532,8.2036,1.8743,8.7438,400.0,29693.0,2419.3125
1248,8.8406,8.9459,2.1386,9.2448,399.0,41117.0,2419.3125
1249,9.1487,7.7563,1.7973,9.3729,400.0,47201.0,2419.3125
1250,9.4036,8.2157,1.8055,8.1715,371.0,29093.0,2419.3125
1251,8.1244,8.6684,1.7173,9.7115,395.0,42799.0,2419.3125
1252,9.7609,8.2067,1.9881,8.2904,373.0,32959.0,2419.3125
1253,8.2682,8.6127,1.8082,9.3458,359.0,16375.0,2419.3125
1254,9.4058,8.5899,2.1038,9.6001,364.0,22003.0,2419.3125
1255,9.6006,8.418,2.1284,8.3679,359.0,16375.0,2419.3125
1256,8.4214,7.9901,2.0525,9.4133,397.0,20406.0,2419.3125
1257,9.3142,8.6865,1.8007,8.5615,364.0,16675.0,2419.3125
1258,8.6549,8.386,1.8949,9.0707,359.0,16375.0,2419.3125
1259,8.9691,8.4771,2.0274,10.1273,400.0,25732.0,2419.3125
1260,10.1914,8.3685,2.0347,8.876,390.0,19879.0,2419.3125
1261,8.8505,8.6591,1.8827,8.8374,364.0,16391.0,2419.3125
1262,8.819,8.5404,1.7375,9.2617,405.0,29768.0,2419.3125
1263,9.2484,8.2101,1.9677,8.6198,400.0,24519.0,2419.3125
1264,8.5584,8.606,1.9005,9.453,396.0,24924.0,2419.3125
1265,9.5562,8.1957,2.3796,8.4254,399.0,28861.0,2419.3125
1266,8.4395,8.7295,1.787,9.76,399.0,20905.0,2419.3125
1267,9.6927,8.1624,1.7858,8.23,394.0,18839.0,2419.3125
1268,8.2758,9.1088,1.8257,9.6597,395.0,21134.0,2419.3125
1269,9.6134,7.7893,1.782,8.3316,400.0,23467.0,2419.3125
1270,8.3471,9.1381,2.0038,9.752,397.0,23754.0,2419.3125
1271,9.7978,7.8305,2.1733,8.9267,395.0,19915.0,2419.3125
1272,8.8895,8.0666,1.9109,8.6853,395.0,19927.0,2419.3125
1273,8.7795,8.4527,1.8872,9.6547,394.0,18523.0,2419.3125
1274,9.53,7.7741,1.9935,8.2478,395.0,21645.0,2419.3125
1275,8.2405,9.1468,1.8367,9.8353,373.0,41929.0,2419.3125
1276,9.8444,8.4307,1.8686,8.5029,393.0,23663.0,2419.3125
1277,8.5606,8.7346,2.1701,9.444,400.0,18811.0,2419.3125
1278,9.3955,8.4519,2.1164,8.714,374.0,17143.0,2419.3125
1279,8.757,9.1648,1.776,9.7973,371.0,16907.0,2419.3125
1280,9.8362,7.8035,1.7295,8.6223,399.0,31441.0,2419.3125
1281,8.5957,8.8453,1.8764,9.2995,397.0,21113.0,2419.3125
1282,9.2738,7.7595,1.8882,8.9229,393.0,20873.0,2419.3125
1283,8.9084,7.9434,1.7279,8.7203,358.0,16363.0,2419.3125
1284,8.6905,8.1947,1.8443,9.0753,358.0,16363.0,2419.3125
1285,9.0971,8.9642,1.677,8.404,359.0,16375.0,2419.3125
1286,8.5202,7.7911,1.7231,9.2912,359.0,16375.0,2419.3125
1287,9.2471,8.1359,1.5774,8.6364,360.0,16387.0,2419.3125
1288,8.5527,8.7306,1.7788,9.6176,359.0,16375.0,2419.3125
1289,9.7588,8.5331,2.1679,8.6166,357.0,16351.0,2419.3125
1290,8.5346,8.5297,1.8846,9.2361,358.0,16363.0,2419.3125
1291,9.2146,8.3621,1.8273,8.8501,358.0,16363.0,2419.3125
1292,8.8677,9.0892,1.697,9.7959,396.0,21591.0,2419.3125
1293,9.7412,7.7228,2.0463,9.0005,398.0,23701.0,2419.3125
1294,9.0648,8.7877,1.8137,9.2386,399.0,22465.0,2419.3125
1295,9.1983,8.1915,1.7795,8.2031,400.0,26870.0,2419.3125
1296,8.2253,8.8911,1.916,9.1528,396.0,24087.0,2419.3125
1297,9.1621,8.7885,1.8347,9.6034,395.0,21129.0,2419.3125
1298,9.5452,8.4062,1.7857,8.7402,396.0,18525.0,2419.3125
1299,8.7545,8.4585,2.187,9.8872,394.0,18523.0,2419.3125
1300,9.8641,8.2003,1.789,7.7109,393.0,18557.0,2419.3125
1301,7.7301,8.1186,1.5734,9.9817,394.0,18615.0,2419.3125
1302,10.0213,8.0718,1.8876,8.4166,395.0,18523.0,2419.3125
1303,8.3641,8.6409,1.6875,8.9634,393.0,18511.0,2419.3125
1304,8.9973,8.2766,1.8192,8.7979,394.0,18511.0,2419.3125
1305,8.8633,8.5265,1.8074,9.19,393.0,20107.0,2419.3125
1306,9.1775,8.2723,1.8864,8.8505,395.0,18665.0,2419.3125
1307,8.7963,8.5552,2.0296,9.2311,396.0,33779.0,2419.3125
1308,9.2382,8.0288,1.8384,9.4212,397.0,38799.0,2419.3125
1309,9.4341,8.8803,1.7221,8.2036,405.0,47369.0,2419.3125
1310,8.1543,8.5537,1.5515,9.5749,378.0,27313.0,2419.3125
1311,9.7929,8.2304,1.8686,8.5007,401.0,53291.0,2419.3125
1312,8.3125,8.5353,1.6103,9.302,366.0,22005.0,2419.3125
1313,9.3091,8.2501,2.0423,8.2796,361.0,16365.0,2419.3125
1314,8.3419,8.7409,1.8655,10.0385,369.0,22041.0,2419.3125
1315,10.0668,8.091,1.9084,8.5035,357.0,16351.0,2419.3125
1316,8.4776,8.5828,1.7906,8.9264,395.0,20382.0,2419.3125
1317,8.8334,8.3924,1.8555,9.0491,363.0,16663.0,2419.3125
1318,9.1535,9.1815,1.783,8.9384,360.0,16387.0,2419.3125
1319,8.8857,7.7309,1.5911,9.0229,401.0,25744.0,2419.3125
1320,9.0018,8.8715,1.7555,9.0678,389.0,19867.0,2419.3125
1321,9.1039,7.8087,1.6919,8.87,359.0,16375.0,2419.3125
1322,8.8947,9.0944,1.8127,9.3812,400.0,29752.0,2419.3125
1323,9.3334,8.6606,1.6677,9.2957,394.0,24491.0,2419.3125
1324,9.2859,7.9964,1.7058,8.4797,395.0,24934.0,2419.3125
1325,8.4435,8.5373,1.888,8.8111,401.0,28863.0,2419.3125
1326,8.8389,7.7792,1.9504,8.6702,402.0,20919.0,2419.3125
1327,8.7122,8.9291,1.7257,9.3683,399.0,18855.0,2419.3125
1328,9.3132,7.7902,1.715,8.5847,397.0,21136.0,2419.3125
1329,8.876,8.9826,1.8844,9.4477,399.0,23433.0,2419.3125
1330,9.1774,7.782,1.6896,8.4521,397.0,23744.0,2419.3125
1331,8.5004,8.8977,1.8624,8.89,394.0,19915.0,2419.3125
1332,8.8479,7.7258,1.5757,8.6604,394.0,19915.0,2419.3125
1333,8.6447,8.8596,1.7067,8.8972,394.0,18523.0,2419.3125
1334,8.8852,7.7629,1.5594,9.059,396.0,21657.0,2419.3125
1335,9.1471,9.1868,1.7173,8.9062,373.0,41929.0,2419.3125
1336,8.8231,7.7475,1.3417,9.6402,393.0,23663.0,2419.3125
1337,9.6692,8.7591,1.6451,7.9728,398.0,18831.0,2419.3125
1338,7.9313,8.5129,1.4394,9.2829,368.0,17127.0,2419.3125
1339,9.3197,8.0913,1.7009,8.0073,368.0,16915.0,2419.3125
1340,7.9789,8.6902,1.5296,9.6499,395.0,31415.0,2419.3125
1341,9.6981,8.4103,1.8225,8.9829,400.0,21127.0,2419.3125
1342,8.9656,8.8428,1.7226,9.2751,394.0,20863.0,2419.3125
1343,9.2576,7.8133,2.0598,8.4247,362.0,16367.0,2419.3125
1344,8.4338,8.916,1.8311,8.9491,364.0,16401.0,2419.3125
1345,9.0789,7.7698,1.8204,8.7839,361.0,16377.0,2419.3125
1346,8.6584,8.9677,1.7095,8.9339,359.0,16353.0,2419.3125
1347,8.9444,7.7453,1.6808,9.0296,358.0,16363.0,2419.3125
1348,9.0634,8.7694,1.9044,8.6946,357.0,16351.0,2419.3125
1349,8.6454,7.7318,1.6425,8.6401,357.0,16351.0,2419.3125
1350,8.6512,9.0402,1.616,9.4767,360.0,16387.0,2419.3125
1351,9.4895,7.9686,1.7653,9.2036,358.0,16363.0,2419.3125
1352,9.2377,8.3628,1.9134,9.3837,394.0,21567.0,2419.3125
1353,9.3195,8.5958,2.0712,9.2602,395.0,23709.0,2419.3125
1354,9.4195,8.3004,2.2578,8.8467,397.0,22485.0,2419.3125
1355,8.8498,8.8227,1.973,9.604,397.0,26878.0,2419.3125
1356,9.4238,8.1518,1.7418,8.1723,393.0,24073.0,2419.3125
1357,8.2287,8.5149,1.8666,9.197,399.0,21155.0,2419.3125
1358,9.2081,8.0417,1.8173,8.7274,398.0,18527.0,2419.3125
1359,8.7331,8.5714,1.8774,8.9577,397.0,18515.0,2419.3125
1360,9.0034,8.1984,1.7038,8.6873,396.0,18571.0,2419.3125
1361,8.6785,9.1475,2.019,8.8727,398.0,18641.0,2419.3125
1362,8.8685,7.7199,1.6816,9.1928,398.0,18549.0,2419.3125
1363,9.169,9.2118,1.7715,9.0529,393.0,18511.0,2419.3125
1364,9.0103,8.5517,1.3628,9.5899,395.0,18535.0,2419.3125
1365,9.603,8.107,1.6874,8.2111,396.0,20143.0,2419.3125
1366,8.181,9.0518,1.6148,9.8476,396.0,18677.0,2419.3125
1367,9.8946,7.8425,1.8681,8.0981,397.0,33791.0,2419.3125
1368,8.1934,8.5925,1.9701,9.7602,399.0,38823.0,2419.3125
1369,9.6855,8.3732,1.8074,9.1952,398.0,47329.0,2419.3125
1370,9.2896,8.733,1.9734,8.4168,375.0,27465.0,2419.3125
1371,8.287,7.7432,1.6539,8.692,394.0,58483.0,2419.3125
1372,8.7018,9.288,1.9405,9.2089,363.0,16615.0,2419.3125
1373,9.2015,7.8694,1.7737,8.6168,363.0,16367.0,2419.3125
1374,8.6308,9.1386,1.9931,9.8399,371.0,22043.0,2419.3125
1375,9.8293,8.0096,1.7903,8.9935,363.0,16379.0,2419.3125
1376,9.0511,9.125,1.7927,8.9871,400.0,20420.0,2419.3125
1377,8.9509,8.459,1.6468,8.7923,364.0,16653.0,2419.3125
1378,8.794,8.3974,1.8151,8.6371,361.0,16377.0,2419.3125
1379,8.5702,8.4556,1.8499,9.5064,400.0,25732.0,2419.3125
1380,9.5725,8.3132,1.9556,9.337,390.0,19879.0,2419.3125
1381,9.3266,8.7554,1.8762,9.2579,358.0,16363.0,2419.3125
1382,9.2657,8.3291,1.837,8.4104,403.0,29788.0,2419.3125
1383,8.4452,8.9829,1.8383,9.1924,397.0,24515.0,2419.3125
1384,9.1389,7.7845,1.7137,9.2685,394.0,24922.0,2419.3125
1385,9.3801,9.2366,1.8313,8.9541,397.0,28859.0,2419.3125
1386,8.8517,7.7733,1.2817,9.6771,397.0,20903.0,2419.3125
1387,9.6656,8.6718,1.6285,8.625,394.0,18839.0,2419.3125
1388,8.5972,7.814,1.4135,9.3097,396.0,21146.0,2419.3125
1389,9.3834,8.5126,2.0843,8.4517,402.0,23447.0,2419.3125
1390,8.3923,8.4281,1.8263,9.6222,401.0,23770.0,2419.3125
1391,9.6545,8.2924,1.9931,8.7833,399.0,19931.0,2419.3125
1392,8.7771,8.812,1.8533,9.2505,397.0,19929.0,2419.3125
1393,9.2689,8.4605,1.878,9.0918,395.0,18513.0,2419.3125
1394,9.1242,8.5448,1.8658,8.8982,398.0,21659.0,2419.3125
1395,8.8341,7.7666,1.7091,8.5889,373.0,41929.0,2419.3125
1396,8.6949,8.9514,1.9738,9.1074,395.0,23687.0,2419.3125
1397,9.086,7.7519,1.8749,8.6268,397.0,18819.0,2419.3125
1398,8.5585,8.9889,1.7342,8.9958,370.0,17139.0,2419.3125
1399,8.9788,7.7849,1.5858,9.3041,367.0,16903.0,2419.3125
1400,9.336,9.1616,1.7337,8.9774,393.0,31391.0,2419.3125
1401,9.0639,8.6775,1.8137,9.4602,393.0,21087.0,2419.3125
1402,9.4208,7.7663,1.8708,8.1908,390.0,20859.0,2419.3125
1403,8.1646,8.5524,2.0069,8.7979,357.0,16351.0,2419.3125
1404,8.7599,7.9536,1.8128,8.1883,357.0,16351.0,2419.3125
1405,8.1605,8.4332,1.7418,9.2506,362.0,16367.0,2419.3125
1406,9.2404,8.4101,1.7284,9.3378,362.0,16367.0,2419.3125
1407,9.3659,9.1075,1.9077,9.2315,364.0,16391.0,2419.3125
1408,9.2483,7.7336,1.613,8.1506,361.0,16377.0,2419.3125
1409,8.2007,8.7762,1.7201,10.0881,360.0,16365.0,2419.3125
1410,10.0411,7.7139,1.6649,8.0399,360.0,16365.0,2419.3125
1411,8.0976,9.1226,1.7903,9.3184,359.0,16375.0,2419.3125
1412,9.304,7.7358,1.7523,9.7125,394.0,21567.0,2419.3125
1413,9.7647,9.1406,1.9196,8.4443,394.0,23697.0,2419.3125
1414,8.3651,8.3634,1.5527,9.4689,395.0,22461.0,2419.3125
1415,9.4601,8.1647,1.7829,8.1265,396.0,26866.0,2419.3125
1416,8.0953,8.486,1.6164,9.5873,395.0,24097.0,2419.3125
1417,9.6624,8.2177,1.9966,8.3618,393.0,21127.0,2419.3125
1418,8.4018,8.8023,1.8281,9.6569,394.0,18523.0,2419.3125
1419,9.5927,7.751,1.8541,8.5915,395.0,18523.0,2419.3125
1420,8.6891,8.4794,1.7526,9.0201,396.0,18593.0,2419.3125
1421,8.9324,8.2232,1.8804,8.9968,398.0,18619.0,2419.3125
1422,8.9957,8.5915,1.7682,9.2289,399.0,18539.0,2419.3125
1423,9.3657,8.23,2.1117,8.5623,397.0,18515.0,2419.3125
1424,8.4235,8.782,1.7665,9.1084,396.0,18525.0,2419.3125
1425,9.1074,8.5935,1.7863,9.7301,397.0,20133.0,2419.3125
1426,9.7299,9.2681,1.8619,9.0773,396.0,18655.0,2419.3125
1427,9.1634,7.99,1.66,9.4933,398.0,33803.0,2419.3125
1428,9.4149,8.3739,2.0257,7.9948,397.0,38799.0,2419.3125
1429,8.0636,8.5642,1.976,10.2955,400.0,47353.0,2419.3125
1430,10.3193,8.3595,1.8545,8.0805,379.0,30993.0,2419.3125
1431,8.0779,8.9962,1.721,9.1664,396.0,55171.0,2419.3125
1432,9.0842,7.7695,1.793,9.011,358.0,16411.0,2419.3125
1433,9.0348,9.2233,1.9362,9.1802,358.0,16363.0,2419.3125
1434,9.1283,7.7595,1.9357,8.4127,364.0,22003.0,2419.3125
1435,8.4355,8.9174,1.9511,9.2216,359.0,16363.0,2419.3125
1436,9.1897,7.6877,1.8045,9.0826,396.0,20394.0,2419.3125
1437,9.2206,9.1018,1.9676,8.534,367.0,16667.0,2419.3125
1438,8.4449,8.0196,1.8378,9.9979,362.0,16367.0,2419.3125
1439,10.0341,9.1724,1.8205,8.4757,403.0,25724.0,2419.3125
1440,8.3766,8.5776,1.5188,9.5487,392.0,19881.0,2419.3125
1441,9.6041,7.7707,1.8861,7.79,361.0,16377.0,2419.3125
1442,7.7469,8.4777,1.8094,10.3899,401.0,29742.0,2419.3125
1443,10.4646,8.3898,2.0175,8.1406,394.0,24491.0,2419.3125
1444,8.2269,8.7097,1.9721,9.249,395.0,24934.0,2419.3125
1445,9.1049,7.7976,1.7604,8.7275,397.0,28847.0,2419.3125
1446,8.7657,8.8988,1.9112,8.7588,398.0,20915.0,2419.3125
1447,8.6938,7.7624,1.6768,9.285,393.0,18827.0,2419.3125
1448,9.3731,9.3313,2.0052,8.7742,398.0,21170.0,2419.3125
1449,8.713,7.7594,1.7156,9.4675,397.0,23431.0,2419.3125
1450,9.5027,9.4096,1.7879,8.903,396.0,23754.0,2419.3125
1451,8.8502,7.7986,1.5807,9.4755,394.0,19915.0,2419.3125
1452,9.5367,9.051,1.7807,8.2779,394.0,19915.0,2419.3125
1453,8.2253,8.5795,1.832,9.5938,399.0,18539.0,2419.3125
1454,9.6619,8.1866,2.1063,8.6463,397.0,21625.0,2419.3125
1455,8.7444,8.7652,1.8592,9.071,378.0,41945.0,2419.3125
1456,9.0007,8.207,1.7949,9.2729,396.0,23677.0,2419.3125
1457,9.2355,8.9768,1.837,8.9487,398.0,18809.0,2419.3125
1458,9.0203,7.8091,1.7802,8.2754,372.0,17153.0,2419.3125
1459,8.2244,9.0057,1.8238,9.2871,367.0,16903.0,2419.3125
1460,9.3049,7.7724,1.8631,8.9415,394.0,31403.0,2419.3125
1461,8.8748,8.9893,1.9315,9.3831,398.0,21135.0,2419.3125
1462,9.4748,7.7585,1.8222,8.3302,389.0,20847.0,2419.3125
1463,8.2278,8.9724,1.7116,8.7869,357.0,16351.0,2419.3125
1464,8.7766,8.7272,1.6289,9.6437,358.0,16363.0,2419.3125
1465,9.6696,7.8224,1.52,8.3899,358.0,16363.0,2419.3125
1466,8.3626,8.499,1.7936,9.3737,359.0,16375.0,2419.3125
1467,9.4384,8.2209,2.0351,8.3002,359.0,16375.0,2419.3125
1468,8.2801,8.471,2.0523,9.4341,357.0,16351.0,2419.3125
1469,9.426,7.7829,1.9774,8.89,365.0,16403.0,2419.3125
1470,8.9946,8.9583,1.9687,9.4126,362.0,16367.0,2419.3125
1471,9.2988,7.7956,1.7474,8.5352,361.0,16355.0,2419.3125
1472,8.6149,8.9049,1.9077,9.5315,397.0,21581.0,2419.3125
1473,9.4584,7.7862,1.7995,8.886,396.0,23699.0,2419.3125
1474,8.9533,9.1892,1.9226,9.1012,397.0,22463.0,2419.3125
1475,9.1306,7.7668,1.7325,9.6947,397.0,26878.0,2419.3125
1476,9.6945,8.4691,1.8033,8.1066,393.0,24073.0,2419.3125
1477,7.9867,8.5797,1.5602,10.3325,394.0,21139.0,2419.3125
1478,10.4008,8.3347,1.8985,7.5555,395.0,18535.0,2419.3125
1479,7.5874,8.5241,1.8665,9.3801,394.0,18523.0,2419.3125
1480,9.3594,8.1556,1.881,8.4741,394.0,18569.0,2419.3125
1481,8.4987,8.8017,2.0204,9.4803,395.0,18615.0,2419.3125
1482,9.5358,8.1465,1.7063,9.2793,395.0,18535.0,2419.3125
1483,9.3179,8.8042,1.8381,8.7802,398.0,18571.0,2419.3125
1484,8.6016,7.8306,1.8438,8.9139,394.0,18523.0,2419.3125
1485,9.0407,9.1745,2.2722,9.2061,397.0,20111.0,2419.3125
1486,9.0658,7.7072,1.7399,8.6961,400.0,18681.0,2419.3125
1487,8.7319,9.3374,1.8151,9.3062,401.0,33795.0,2419.3125
1488,9.4087,7.8182,1.5911,9.5464,398.0,38789.0,2419.3125
1489,9.4714,9.0527,1.8196,8.8622,401.0,47343.0,2419.3125
1490,8.8028,8.7166,1.6382,9.2607,382.0,31055.0,2419.3125
1491,9.2592,8.0771,1.8023,8.3185,393.0,55135.0,2419.3125
1492,8.3543,8.5136,1.7317,9.485,358.0,16363.0,2419.3125
1493,9.5092,8.2804,1.9373,8.1063,359.0,16375.0,2419.3125
1494,8.0417,8.8364,1.6197,9.4311,364.0,22003.0,2419.3125
1495,9.4487,7.7611,1.7666,8.5423,358.0,16363.0,2419.3125
1496,8.618,9.0218,1.8213,9.7408,396.0,20394.0,2419.3125
1497,9.6597,7.7547,1.5358,8.3608,363.0,16663.0,2419.3125
1498,8.4259,9.1228,1.7377,9.1499,358.0,16363.0,2419.3125
1499,9.0912,7.7637,1.6293,8.4381,401.0,25744.0,2419.3125
1500,8.4599,8.929,1.6723,9.3473,389.0,19867.0,2419.3125
1501,9.3262,7.8503,1.3652,8.8172,361.0,16355.0,2419.3125
1502,8.8292,9.0411,1.46,9.4094,403.0,29744.0,2419.3125
1503,9.513,8.5479,1.4148,9.2039,397.0,24483.0,2419.3125
1504,9.1734,7.8077,1.8801,8.2598,395.0,24912.0,2419.3125
1505,8.1867,8.801,1.7089,9.523,401.0,28873.0,2419.3125
1506,9.5412,7.7692,1.7323,8.3447,400.0,20917.0,2419.3125
1507,8.3633,9.1773,1.7728,9.5253,394.0,18839.0,2419.3125
1508,9.5851,7.778,1.6894,8.6377,397.0,21158.0,2419.3125
1509,8.6539,9.076,1.7507,9.2419,397.0,23431.0,2419.3125
1510,9.141,7.7839,1.6719,8.5558,396.0,23754.0,2419.3125
1511,8.6725,9.1592,1.8269,9.4055,396.0,19939.0,2419.3125
1512,9.3619,7.769,1.7213,8.9824,394.0,19915.0,2419.3125
1513,8.94,9.0464,1.6303,9.0068,396.0,18547.0,2419.3125
1514,8.932,7.7784,1.3189,9.694,393.0,21621.0,2419.3125
1515,9.7159,8.854,1.5562,7.8382,375.0,41953.0,2419.3125
1516,7.8304,8.5143,1.2463,9.5566,396.0,23687.0,2419.3125
1517,9.6478,8.4091,1.6297,8.6744,402.0,18835.0,2419.3125
1518,8.6267,8.8153,1.6687,9.2651,373.0,17143.0,2419.3125
1519,9.2834,8.2177,1.76,9.6474,372.0,16919.0,2419.3125
1520,9.6976,8.8776,1.7328,9.0237,395.0,31393.0,2419.3125
1521,8.94,7.7444,1.4915,8.5063,397.0,21113.0,2419.3125
1522,8.5311,9.3222,1.5879,9.5553,392.0,20861.0,2419.3125
1523,9.5387,7.7724,1.6534,8.597,357.0,16351.0,2419.3125
1524,8.6013,8.771,1.7397,9.2897,359.0,16375.0,2419.3125
1525,9.2424,7.7917,1.6131,8.6232,358.0,16363.0,2419.3125
1526,8.6754,8.3969,1.8001,8.8689,358.0,16363.0,2419.3125
1527,8.9182,8.7322,1.6485,9.5708,358.0,16363.0,2419.3125
1528,9.4953,7.9641,1.6285,7.8899,359.0,16375.0,2419.3125
1529,7.8571,8.5046,1.5155,9.941,360.0,16387.0,2419.3125
1530,10.0314,7.7215,1.7819,8.0141,357.0,16351.0,2419.3125
1531,7.9817,8.7648,1.8361,9.3123,357.0,16351.0,2419.3125
1532,9.3144,7.6713,1.8827,8.9431,394.0,21567.0,2419.3125
1533,9.0933,9.0027,1.9965,9.1099,400.0,23725.0,2419.3125
1534,8.9437,7.8093,1.6406,8.5539,397.0,22441.0,2419.3125
1535,8.5872,9.1173,1.7969,9.4413,402.0,26894.0,2419.3125
1536,9.4007,7.8179,1.6008,8.5305,398.0,24111.0,2419.3125
1537,8.577,9.2687,1.8305,9.4003,396.0,21141.0,2419.3125
1538,9.3575,7.7208,1.5912,9.1533,397.0,18537.0,2419.3125
1539,9.3269,9.2824,2.0289,8.9651,394.0,18523.0,2419.3125
1540,8.8658,7.8458,1.6723,9.7319,394.0,18569.0,2419.3125
1541,9.6751,9.2069,1.8253,8.3959,395.0,18627.0,2419.3125
1542,8.3573,8.4916,1.6726,9.1862,398.0,18559.0,2419.3125
1543,9.2518,7.9825,1.918,8.1376,395.0,18535.0,2419.3125
1544,8.2219,8.7283,1.6261,9.861,394.0,18511.0,2419.3125
1545,9.7941,8.1611,1.6701,8.7217,394.0,20119.0,2419.3125
1546,8.7445,8.73,1.7102,8.8292,396.0,18677.0,2419.3125
1547,8.7658,7.7338,1.837,9.0391,399.0,33803.0,2419.3125
1548,9.0678,8.5459,1.896,8.6237,399.0,38811.0,2419.3125
1549,8.6785,8.1512,1.7001,8.5788,404.0,47357.0,2419.3125
1550,8.5001,9.0843,1.7987,9.3132,385.0,36337.0,2419.3125
1551,9.3567,7.8552,1.7173,9.783,399.0,49931.0,2419.3125
1552,9.7651,8.7726,1.8968,7.663,359.0,16353.0,2419.3125
1553,7.6115,7.8458,1.6303,9.702,367.0,22017.0,2419.3125
1554,9.7755,8.8896,1.7428,8.0165,360.0,16365.0,2419.3125
1555,7.9803,8.5148,1.5643,9.9105,395.0,20382.0,2419.3125
1556,9.8918,8.1645,1.7031,8.1797,364.0,16663.0,2419.3125
1557,8.1768,8.5309,1.6131,9.0455,358.0,16363.0,2419.3125
1558,9.1477,8.1231,1.7753,8.9547,399.0,25720.0,2419.3125
1559,8.8731,9.0072,1.8087,9.2705,389.0,19867.0,2419.3125
1560,9.2527,7.8422,1.6705,8.3312,357.0,16351.0,2419.3125
1561,8.3758,8.7836,1.6694,9.4186,400.0,29752.0,2419.3125
1562,9.45,7.7679,1.4597,8.3813,393.0,24479.0,2419.3125
1563,8.4208,8.9227,1.62,9.0585,394.0,24922.0,2419.3125
1564,8.9339,7.7354,1.6366,8.6782,400.0,28895.0,2419.3125
1565,8.6741,9.0136,1.6544,9.3452,402.0,20919.0,2419.3125
1566,9.363,7.8975,1.6839,9.7489,401.0,18879.0,2419.3125
1567,9.7553,8.3015,1.6329,8.221,399.0,21138.0,2419.3125
1568,8.1973,7.8124,1.5157,9.1864,400.0,23445.0,2419.3125
1569,9.28,8.8081,1.7815,8.4382,400.0,23780.0,2419.3125
1570,8.3354,8.6666,1.5521,9.0676,396.0,19905.0,2419.3125
1571,9.0987,7.8559,1.9426,8.2702,393.0,19903.0,2419.3125
1572,8.2463,8.4039,1.6179,8.7042,393.0,18511.0,2419.3125
1573,8.7609,8.1344,1.8989,9.2099,397.0,21669.0,2419.3125
1574,9.2218,8.5487,1.9687,8.2646,375.0,42001.0,2419.3125
1575,8.2942,7.5012,1.7692,8.586,394.0,23675.0,2419.3125
1576,8.5897,8.4878,1.7996,8.9879,397.0,18949.0,2419.3125
1577,8.9285,7.8706,1.6664,8.1702,367.0,16937.0,2419.3125
1578,8.2328,8.7525,1.9524,8.799,366.0,16891.0,2419.3125
1579,8.7728,7.483,1.8125,8.8336,396.0,31427.0,2419.3125
1580,8.8599,8.6487,1.8959,8.552,393.0,21087.0,2419.3125
1581,8.4984,7.4729,1.8209,8.4853,395.0,20875.0,2419.3125
1582,8.467,8.8341,1.6655,8.8443,364.0,16391.0,2419.3125
1583,8.8436,7.5179,1.7115,8.129,361.0,16355.0,2419.3125
1584,8.1317,8.5639,1.6744,8.7964,359.0,16353.0,2419.3125
1585,8.7938,7.495,1.5493,8.237,359.0,16353.0,2419.3125
1586,8.2704,9.0462,1.8908,9.2218,360.0,16365.0,2419.3125
1587,9.1566,7.4676,1.6178,8.0998,358.0,16363.0,2419.3125
1588,8.1233,8.5394,1.6318,8.4035,357.0,16351.0,2419.3125
1589,8.3924,7.5379,1.5319,8.2832,360.0,16387.0,2419.3125
1590,8.2949,8.1602,1.6305,9.1264,358.0,16363.0,2419.3125
1591,9.1386,7.4337,1.6295,8.8709,393.0,21555.0,2419.3125
1592,8.8954,9.1031,1.704,8.5371,395.0,23709.0,2419.3125
1593,8.5653,7.5373,1.3909,9.5472,395.0,22461.0,2419.3125
1594,9.5365,8.7279,1.8361,8.1549,397.0,26878.0,2419.3125
1595,8.0838,7.5163,1.5183,9.1902,394.0,24085.0,2419.3125
1596,9.2335,8.8388,1.7353,8.1052,396.0,21163.0,2419.3125
1597,8.2052,8.4794,1.7925,9.7438,398.0,18527.0,2419.3125
1598,9.6704,7.805,1.7825,7.5887,398.0,18527.0,2419.3125
1599,7.6039,8.2151,1.7407,9.319,400.0,18585.0,2419.3125
1600,9.2863,7.5317,1.9087,7.6983,399.0,18653.0,2419.3125
1601,7.7064,8.2208,1.7699,9.6124,395.0,18513.0,2419.3125
1602,9.6079,8.0635,1.8557,8.1207,396.0,18525.0,2419.3125
1603,8.1899,8.7406,1.7395,9.2013,393.0,18511.0,2419.3125
1604,9.088,7.4581,1.596,8.1118,393.0,20107.0,2419.3125
1605,8.1863,8.4883,1.6138,9.2429,397.0,18689.0,2419.3125
1606,9.2137,7.7935,1.6966,7.8639,397.0,33791.0,2419.3125
1607,7.8572,8.7563,1.6461,9.117,398.0,38811.0,2419.3125
1608,9.1777,7.4832,1.7843,8.4402,400.0,47353.0,2419.3125
1609,8.3609,8.5207,1.7064,8.2403,382.0,36357.0,2419.3125
1610,8.2785,7.4578,1.4203,8.2119,395.0,49927.0,2419.3125
1611,8.3127,8.6439,1.6785,8.7272,357.0,16351.0,2419.3125
1612,8.6044,7.5038,1.7229,8.1604,366.0,22027.0,2419.3125
1613,8.1603,8.7855,1.7338,9.0026,361.0,16355.0,2419.3125
1614,8.9575,7.3844,1.5172,9.22,400.0,20398.0,2419.3125
1615,9.2677,8.5382,1.7475,7.9413,367.0,16667.0,2419.3125
1616,7.9243,7.4776,1.6377,7.9752,362.0,16389.0,2419.3125
1617,7.9832,8.5391,1.7367,9.3608,404.0,25758.0,2419.3125
1618,9.3308,7.4282,1.4646,7.8917,391.0,19869.0,2419.3125
1619,7.9318,8.6956,1.5969,9.0783,358.0,16363.0,2419.3125
1620,9.1313,7.498,1.486,8.2837,402.0,29776.0,2419.3125
1621,8.2465,8.8424,1.6518,8.8138,395.0,24503.0,2419.3125
1622,8.7671,7.4625,1.582,8.941,397.0,24994.0,2419.3125
1623,8.9679,8.5296,1.6906,8.2542,399.0,28883.0,2419.3125
1624,8.2098,7.5007,1.4389,9.0524,396.0,20891.0,2419.3125
1625,9.1394,8.5294,1.9693,8.1359,394.0,18839.0,2419.3125
1626,8.1179,8.4956,1.5776,9.6619,396.0,21146.0,2419.3125
1627,9.6978,7.8012,1.844,7.7167,401.0,25314.0,2419.3125
1628,7.6433,7.4939,1.6899,9.0499,395.0,21895.0,2419.3125
1629,9.0828,7.4638,1.8654,7.8702,399.0,19931.0,2419.3125
1630,7.9001,8.5838,1.4182,9.4013,400.0,19943.0,2419.3125
1631,9.3732,8.1175,1.7684,8.2436,399.0,18539.0,2419.3125
1632,8.2129,8.4936,1.7178,9.3717,398.0,24995.0,2419.3125
1633,9.5017,7.6104,1.9265,7.5258,375.0,38595.0,2419.3125
1634,7.435,8.2964,1.8221,9.7409,396.0,23677.0,2419.3125
1635,9.7559,7.8578,2.0209,8.211,398.0,18961.0,2419.3125
1636,8.1713,8.2397,1.7991,8.5118,366.0,16925.0,2419.3125
1637,8.5506,7.6864,1.6789,8.3377,369.0,16927.0,2419.3125
1638,8.3626,8.4325,1.7315,8.9908,396.0,31427.0,2419.3125
1639,8.9534,7.4706,1.5929,8.6922,394.0,21099.0,2419.3125
1640,8.6919,8.2212,1.6561,8.1469,390.0,20859.0,2419.3125
1641,8.2391,8.1239,1.844,8.4136,358.0,16363.0,2419.3125
1642,8.317,8.8358,1.696,9.2135,358.0,16363.0,2419.3125
1643,9.1908,7.4747,1.6569,8.2614,358.0,16363.0,2419.3125
1644,8.3175,8.6182,1.8268,8.7941,357.0,16351.0,2419.3125
1645,8.726,7.4203,1.6747,8.3154,362.0,16367.0,2419.3125
1646,8.343,8.525,1.6889,8.58,364.0,16391.0,2419.3125
1647,8.5379,7.4741,1.6906,8.277,363.0,16379.0,2419.3125
1648,8.3665,8.7363,2.0072,9.0386,359.0,16353.0,2419.3125
1649,8.9979,7.4967,1.6994,9.6365,361.0,16377.0,2419.3125
1650,9.6602,8.8989,1.8313,8.0469,396.0,21569.0,2419.3125
1651,8.0722,7.457,1.5923,8.0863,395.0,23709.0,2419.3125
1652,8.0668,8.533,1.7115,8.8359,395.0,22461.0,2419.3125
1653,8.8071,7.8176,1.438,9.4701,397.0,26878.0,2419.3125
1654,9.483,8.6357,1.6733,8.1556,395.0,24097.0,2419.3125
1655,8.1603,7.5624,1.771,8.5403,393.0,21127.0,2419.3125
1656,8.5153,8.4662,1.741,8.1963,393.0,18511.0,2419.3125
1657,8.1658,8.1997,1.5309,9.1187,395.0,18523.0,2419.3125
1658,9.1632,7.7004,1.8294,7.8661,393.0,18557.0,2419.3125
1659,7.9048,8.4196,1.6183,9.1248,393.0,18603.0,2419.3125
1660,9.1224,8.0326,1.7179,8.1764,394.0,18523.0,2419.3125
1661,8.099,8.1628,1.5909,9.2155,398.0,18527.0,2419.3125
1662,9.3145,7.7613,1.6882,7.961,400.0,18551.0,2419.3125
1663,7.917,8.2432,1.8689,8.9612,398.0,20123.0,2419.3125
1664,8.9731,8.0491,1.7856,8.3976,398.0,18679.0,2419.3125
1665,8.4351,8.163,1.8431,9.1682,399.0,33793.0,2419.3125
1666,9.0577,7.8633,1.5737,8.2085,400.0,38813.0,2419.3125
1667,8.2278,8.5047,1.6299,9.571,399.0,47341.0,2419.3125
1668,9.601,7.8129,1.8672,8.3781,381.0,36393.0,2419.3125
1669,8.4354,8.5216,1.7279,8.885,394.0,49867.0,2419.3125
1670,8.8234,7.9029,1.9155,8.0133,358.0,16363.0,2419.3125
1671,8.1208,9.0598,1.8096,9.1382,366.0,22027.0,2419.3125
1672,9.1103,7.4456,1.6793,8.3094,357.0,16351.0,2419.3125
1673,8.212,8.7766,1.5359,9.285,395.0,20382.0,2419.3125
1674,9.3116,7.4553,1.5553,7.9924,365.0,16675.0,2419.3125
1675,8.0212,8.3838,1.6358,9.0761,360.0,16387.0,2419.3125
1676,9.0274,8.0145,1.7133,8.8119,401.0,25744.0,2419.3125
1677,8.8549,9.1005,1.7392,9.5433,395.0,19895.0,2419.3125
1678,9.5346,7.469,1.3592,8.4011,361.0,16355.0,2419.3125
1679,8.4666,8.9524,1.6909,8.688,404.0,29756.0,2419.3125
1680,8.6069,8.4126,1.6869,9.1507,397.0,24505.0,2419.3125
1681,9.1853,7.9286,2.1075,8.0943,396.0,24972.0,2419.3125
1682,8.0517,8.2773,1.7474,8.9776,400.0,28873.0,2419.3125
1683,9.0278,7.9855,1.9385,8.2453,397.0,20903.0,2419.3125
1684,8.1756,8.2916,1.6154,9.0462,395.0,18851.0,2419.3125
1685,9.1433,7.7326,1.8584,7.9307,397.0,21158.0,2419.3125
1686,7.859,8.8681,1.878,9.3318,401.0,25326.0,2419.3125
1687,9.3345,7.5029,1.86,8.1121,394.0,21883.0,2419.3125
1688,8.2175,8.233,1.6486,8.8451,393.0,19903.0,2419.3125
1689,8.7189,8.1806,1.5513,8.3948,394.0,19915.0,2419.3125
1690,8.4564,8.7483,2.1932,9.4011,394.0,18523.0,2419.3125
1691,9.3607,7.4978,1.5868,7.6483,395.0,24981.0,2419.3125
1692,7.6176,8.9893,1.5522,9.4855,373.0,38593.0,2419.3125
1693,9.5438,7.4699,1.5864,8.3423,397.0,23667.0,2419.3125
1694,8.2893,8.588,1.6705,8.8811,401.0,18953.0,2419.3125
1695,8.9399,7.5664,1.6983,8.7452,331.0,49393.0,2421.6875
1696,8.7036,8.5531,1.6958,8.9894,304.0,33115.0,2421.6875
1697,9.0037,7.5029,1.7421,8.195,306.0,31539.0,2421.6875
1698,8.3365,8.9165,2.2812,8.6139,311.0,34035.0,2421.6875
1699,8.5172,6.9533,1.6456,7.6923,299.0,31985.0,2421.6875
1700,7.6998,7.7677,1.7282,7.9397,302.0,31475.0,2421.6875
1701,7.881,6.7243,1.5634,7.8348,318.0,37457.0,2419.3125
1702,7.9926,7.7884,2.1575,7.9046,333.0,43557.0,2419.3125
1703,7.7974,7.0517,1.8854,8.0871,328.0,35529.0,2419.3125
1704,8.1027,7.9574,1.8271,7.971,335.0,35893.0,2419.3125
1705,7.9053,6.6748,1.7189,6.9092,312.0,34857.0,2419.3125
1706,6.938,7.5985,1.7464,8.4347,329.0,37167.0,2419.3125
1707,8.4101,6.9634,1.9725,7.0158,335.0,40891.0,2419.3125
1708,6.9834,7.4526,1.4857,8.8233,333.0,36177.0,2419.3125
1709,8.8838,6.9855,2.0668,7.2163,337.0,33257.0,2419.3125
1710,7.2685,6.9394,1.8742,8.5231,339.0,33373.0,2419.3125
1711,8.4545,7.1937,2.0698,7.3336,338.0,33315.0,2419.3125
1712,7.3207,6.7177,1.6102,7.8099,335.0,33255.0,2419.3125
1713,7.8629,8.1026,1.8104,8.4111,335.0,33255.0,2419.3125
1714,8.353,6.6891,1.7897,7.7658,336.0,34863.0,2419.3125
1715,7.8184,7.9837,1.8319,7.9772,334.0,35731.0,2419.3125
1716,7.9584,6.6994,1.7517,7.2541,336.0,39017.0,2419.3125
1717,7.3598,8.0984,1.9954,7.9413,319.0,58481.0,2419.3125
1718,7.8836,6.7547,1.8547,7.6616,315.0,33769.0,2419.3125
1719,7.7201,7.8449,1.8449,7.7082,297.0,31093.0,2419.3125
1720,7.5846,6.6921,1.7812,7.5591,302.0,31297.0,2419.3125
1721,7.6182,7.9196,1.8538,8.162,297.0,31093.0,2419.3125
1722,8.1198,6.6402,1.7734,7.1412,335.0,35076.0,2419.3125
1723,7.1663,7.0913,1.8798,7.7501,297.0,31093.0,2419.3125
1724,7.7087,7.0906,1.5287,7.8423,339.0,40462.0,2419.3125
1725,7.879,6.7203,1.5454,8.3241,330.0,34385.0,2419.3125
1726,8.2867,6.7189,1.7336,6.6693,302.0,31109.0,2419.3125
1727,6.6999,6.6613,1.6044,8.0152,341.0,42774.0,2419.3125
1728,8.0153,7.1849,1.7475,7.8017,337.0,35135.0,2419.3125
1729,7.8076,6.7114,1.5695,7.7397,340.0,43110.0,2419.3125
1730,7.7193,7.9165,1.6159,7.945,340.0,39245.0,2419.3125
1731,7.9468,6.6696,1.6205,7.7078,333.0,33253.0,2419.3125
1732,7.7061,7.8017,1.5748,7.8408,338.0,37563.0,2419.3125
1733,7.8359,6.7814,1.5237,7.9596,338.0,38491.0,2419.3125
1734,8.0754,7.5781,1.6273,8.5034,336.0,34169.0,2419.3125
1735,8.4593,6.7432,1.6631,6.9666,333.0,34645.0,2419.3125
1736,6.9637,7.4182,1.8115,7.8608,334.0,36601.0,2419.3125
1737,7.7999,7.2322,1.6014,7.6426,339.0,61069.0,2419.3125
1738,7.6956,7.4984,1.5502,8.677,336.0,33549.0,2419.3125
1739,8.6657,6.9561,1.7508,6.6153,318.0,39053.0,2419.3125
1740,6.6331,7.6052,1.4994,8.2807,311.0,41791.0,2419.3125
1741,8.2342,7.3139,1.7123,8.081,338.0,63481.0,2419.3125
1742,8.0432,6.6296,1.6735,7.7707,337.0,75179.0,2419.3125
1743,7.8117,7.9026,1.4955,7.3571,316.0,32517.0,2419.3125
1744,7.3454,6.6758,1.5983,7.6179,306.0,31467.0,2419.3125
1745,7.6931,8.087,1.9484,8.061,305.0,31407.0,2419.3125
1746,7.9741,6.6205,1.5885,7.6669,315.0,34263.0,2419.3125
1747,7.7351,8.1569,1.6621,8.1454,304.0,32153.0,2419.3125
1748,8.171,6.6205,1.7772,7.4376,306.0,31571.0,2419.3125
1749,7.3434,7.485,1.747,8.1664,324.0,43017.0,2419.3125
1750,8.191,7.2949,1.6881,7.922,333.0,40981.0,2419.3125
1751,7.9472,7.6865,1.6981,7.9463,324.0,32713.0,2419.3125
1752,7.9032,7.2644,1.6181,7.8301,334.0,36345.0,2419.3125
1753,7.8912,7.9359,1.7202,7.9633,315.0,34989.0,2419.3125
1754,7.9063,6.7076,1.5389,7.9921,327.0,36707.0,2419.3125
1755,7.9698,7.462,1.3926,7.7934,335.0,40767.0,2419.3125
1756,7.9432,7.1245,1.8122,7.4639,335.0,36201.0,2419.3125
1757,7.3605,6.701,1.5928,8.5318,338.0,33269.0,2419.3125
1758,8.5301,7.647,1.5254,7.1469,339.0,33373.0,2419.3125
1759,7.0995,6.7006,1.4584,8.1507,337.0,33303.0,2419.3125
1760,8.2097,7.7023,1.5883,7.0558,335.0,33255.0,2419.3125
1761,7.0393,6.7312,1.6455,7.749,336.0,33267.0,2419.3125
1762,7.8104,7.9832,1.8074,8.2154,335.0,34851.0,2419.3125
1763,8.1738,6.686,1.5588,7.4849,336.0,36735.0,2419.3125
1764,7.4617,8.03,1.5723,8.369,335.0,41477.0,2419.3125
1765,8.329,6.7408,1.3984,6.9047,315.0,54789.0,2419.3125
1766,6.9698,7.3784,1.917,8.0306,314.0,33709.0,2419.3125
1767,8.0172,6.6558,1.7467,7.094,298.0,31105.0,2419.3125
1768,7.0738,7.4437,1.7234,8.4597,300.0,31273.0,2419.3125
1769,8.4539,6.9167,1.7607,6.7501,298.0,31105.0,2419.3125
1770,6.7385,6.8669,1.6159,8.8764,335.0,35076.0,2419.3125
1771,8.8927,7.5681,1.6323,6.5612,298.0,31105.0,2419.3125
1772,6.5757,6.6937,1.4046,8.3989,344.0,40474.0,2419.3125
1773,8.4831,8.0982,1.7956,7.8288,329.0,34373.0,2419.3125
1774,7.7766,6.7287,1.6938,7.5774,302.0,31061.0,2419.3125
1775,7.5933,7.8359,1.8195,7.8601,343.0,42894.0,2419.3125
1776,7.8757,6.68,1.7293,7.5294,337.0,35599.0,2419.3125
1777,7.528,7.6595,1.7796,8.2304,338.0,42574.0,2419.3125
1778,8.2622,7.1167,1.5972,7.5814,341.0,39257.0,2419.3125
1779,7.5742,7.4391,1.945,9.4136,334.0,33265.0,2419.3125
1780,9.3295,6.7074,1.7216,5.6371,337.0,37551.0,2419.3125
1781,5.719,7.5297,2.0588,8.468,337.0,38479.0,2419.3125
1782,8.4246,6.9445,1.8601,6.7753,334.0,34193.0,2419.3125
1783,6.7586,6.8579,1.5159,8.4901,334.0,34657.0,2419.3125
1784,8.4851,7.1531,1.7165,7.2523,336.0,39961.0,2419.3125
1785,7.1969,6.7112,1.7334,7.3265,339.0,57815.0,2419.3125
1786,7.407,7.7103,1.5157,7.9618,335.0,33469.0,2419.3125
1787,7.9411,6.7236,1.8795,7.655,316.0,38871.0,2419.3125
1788,7.6693,8.0571,2.0076,7.9331,310.0,41779.0,2419.3125
1789,7.8831,6.6693,1.5697,7.722,337.0,63469.0,2419.3125
1790,7.8295,7.6849,1.6603,7.8472,339.0,75251.0,2419.3125
1791,7.7778,6.7137,1.6985,7.5936,314.0,32493.0,2419.3125
1792,7.6564,7.707,1.6326,7.6249,305.0,31455.0,2419.3125
1793,7.6209,6.7097,1.4973,7.1259,304.0,31395.0,2419.3125
1794,7.1183,7.6192,1.7303,9.0441,316.0,34275.0,2419.3125
1795,8.9869,6.9572,1.6288,6.749,303.0,32141.0,2419.3125
1796,6.8255,7.457,2.0184,8.9443,315.0,37359.0,2419.3125
1797,8.8551,6.9587,1.7341,6.4722,320.0,40201.0,2419.3125
1798,6.4697,6.7152,1.7599,8.7797,328.0,38105.0,2419.3125
1799,8.7737,8.2787,1.519,7.5859,334.0,35369.0,2419.3125
1800,7.6369,6.7711,1.6871,7.5233,328.0,33833.0,2419.3125
1801,7.4735,7.849,1.369,7.764,310.0,34737.0,2419.3125
1802,7.7046,6.7105,1.3783,7.6259,329.0,36779.0,2419.3125
1803,7.6578,7.6854,1.539,7.8839,333.0,40743.0,2419.3125
1804,7.9557,6.7397,1.7699,7.8884,333.0,36177.0,2419.3125
1805,8.0784,7.807,2.0062,7.8882,337.0,33257.0,2419.3125
1806,7.6697,6.7441,1.7229,7.4909,337.0,33349.0,2419.3125
1807,7.5095,7.9231,1.4969,7.9975,337.0,33303.0,2419.3125
1808,7.9566,6.7289,1.5044,7.4601,335.0,33255.0,2419.3125
1809,7.4694,7.5424,1.6132,8.3583,335.0,33255.0,2419.3125
1810,8.3839,6.6825,1.5811,6.9491,336.0,34863.0,2419.3125
1811,6.9716,7.3942,1.5598,8.5161,337.0,38391.0,2419.3125
1812,8.4951,6.976,1.7994,6.9203,332.0,39797.0,2419.3125
1813,6.9451,6.7108,1.5064,8.0624,316.0,54801.0,2419.3125
1814,8.0714,7.9262,1.7163,7.3602,315.0,33721.0,2419.3125
1815,7.333,6.7243,1.5461,7.8404,299.0,31117.0,2419.3125
1816,7.8888,8.1785,1.8182,8.3303,300.0,31273.0,2419.3125
1817,8.2235,6.6163,1.54,7.3834,297.0,31093.0,2419.3125
1818,7.5002,7.7453,1.6326,7.8583,334.0,35064.0,2419.3125
1819,7.7747,6.6886,1.4504,7.404,298.0,31105.0,2419.3125
1820,7.4754,8.2148,1.6824,8.5396,340.0,40474.0,2419.3125
1821,8.4664,6.7087,1.655,7.5662,331.0,34397.0,2419.3125
1822,7.6337,7.7467,1.9224,7.6757,301.0,31097.0,2419.3125
1823,7.6448,6.7094,1.6246,7.3985,344.0,42906.0,2419.3125
1824,7.3454,7.7555,1.5533,8.2675,337.0,35599.0,2419.3125
1825,8.3093,6.7369,1.6984,6.9298,339.0,42634.0,2419.3125
1826,6.9051,6.9064,1.5069,8.623,340.0,39245.0,2419.3125
1827,8.6512,8.0065,1.7093,7.3162,334.0,33265.0,2419.3125
1828,7.3422,6.7321,1.575,8.0732,338.0,37563.0,2419.3125
1829,8.0391,7.9227,1.5264,7.8605,337.0,38479.0,2419.3125
1830,7.8494,6.689,1.5595,7.8067,335.0,34205.0,2419.3125
1831,7.8834,8.4804,1.6505,8.2026,335.0,34669.0,2419.3125
1832,8.1714,6.7232,1.658,7.2623,335.0,39949.0,2419.3125
1833,7.2454,7.9343,1.6585,8.4625,340.0,57875.0,2419.3125
1834,8.4382,6.7204,1.4637,7.0822,337.0,33493.0,2419.3125
1835,7.0953,7.6522,1.6344,7.9105,316.0,38919.0,2419.3125
1836,7.8907,6.6709,1.518,7.2524,309.0,41719.0,2419.3125
1837,7.285,7.6712,1.5635,9.2018,337.0,63469.0,2419.3125
1838,9.2343,6.6025,1.4169,6.6471,338.0,75239.0,2419.3125
1839,6.6035,7.9434,1.7608,8.7405,315.0,32505.0,2419.3125
1840,8.7686,6.8048,1.6478,6.8619,306.0,31467.0,2419.3125
1841,6.8903,6.9392,1.5945,8.5406,304.0,31395.0,2419.3125
1842,8.5059,7.0887,1.767,7.196,315.0,34263.0,2419.3125
1843,7.1431,6.6227,1.62,7.8869,303.0,32141.0,2419.3125
1844,8.0141,7.0847,1.7314,7.3393,319.0,40175.0,2419.3125
1845,7.2318,6.6488,1.5639,7.9456,324.0,37769.0,2419.3125
1846,8.0056,7.9871,1.7063,7.7901,322.0,37745.0,2419.3125
1847,7.7411,6.6575,1.5969,7.7509,334.0,35417.0,2419.3125
1848,7.9054,8.1865,1.7979,8.3848,330.0,34589.0,2419.3125
1849,8.2277,6.6857,1.5484,7.0448,312.0,35519.0,2419.3125
1850,7.0736,7.4813,1.8061,8.1674,325.0,35361.0,2419.3125
1851,8.1717,6.6339,1.7646,7.3129,334.0,40635.0,2419.3125
1852,7.3645,7.304,1.8458,8.0592,335.0,36201.0,2419.3125
1853,7.982,7.4021,1.7017,7.9833,338.0,33269.0,2419.3125
1854,8.0123,7.6251,1.8245,8.4341,337.0,33349.0,2419.3125
1855,8.4571,7.0243,1.8664,6.7955,337.0,33303.0,2419.3125
1856,6.823,6.7294,1.6165,8.5245,335.0,33255.0,2419.3125
1857,8.4952,6.9684,1.7259,7.0435,336.0,33267.0,2419.3125
1858,7.0328,6.6833,1.7349,8.6561,335.0,36447.0,2419.3125
1859,8.6551,7.9028,1.8794,7.04,337.0,37103.0,2419.3125
1860,6.9814,6.694,1.5945,7.759,331.0,39429.0,2419.3125
1861,7.8068,8.0435,1.6625,7.8577,315.0,54789.0,2419.3125
1862,7.8864,6.7055,1.4519,7.7345,315.0,33721.0,2419.3125
1863,7.742,8.0121,1.7109,8.2762,300.0,31129.0,2419.3125
1864,8.2027,6.7477,1.4516,7.6734,301.0,31285.0,2419.3125
1865,7.842,8.1944,1.8895,8.161,298.0,31105.0,2419.3125
1866,8.0253,6.6983,1.7689,7.5363,335.0,35076.0,2419.3125
1867,7.5713,7.8459,1.7905,7.8278,297.0,31093.0,2419.3125
1868,7.8169,6.66,1.8747,7.4135,339.0,40462.0,2419.3125
1869,7.4144,7.6954,2.0172,8.3345,330.0,34385.0,2419.3125
1870,8.3478,7.2835,1.6825,7.2369,301.0,31097.0,2419.3125
1871,7.2272,7.6783,1.6866,8.9241,345.0,42870.0,2419.3125
1872,8.9212,6.7354,1.9716,7.4936,335.0,35575.0,2419.3125
1873,7.496,6.7861,1.7783,8.1639,340.0,42646.0,2419.3125
1874,8.1474,8.0684,1.8372,7.2689,341.0,39257.0,2419.3125
1875,7.2894,6.7502,1.7677,7.921,335.0,33277.0,2419.3125
1876,7.9043,7.9507,1.5889,7.9778,337.0,37551.0,2419.3125
1877,8.0964,6.7044,1.735,7.5275,339.0,38503.0,2419.3125
1878,7.4394,7.8907,1.7624,7.8583,333.0,34133.0,2419.3125
1879,7.8193,6.7235,1.5373,7.2077,333.0,34645.0,2419.3125
1880,7.2375,7.6037,1.6724,8.4931,335.0,39901.0,2419.3125
1881,8.4442,6.7259,1.6559,7.4075,340.0,57875.0,2419.3125
1882,7.4551,7.9552,1.6981,8.0592,336.0,33481.0,2419.3125
1883,8.088,6.6839,1.6788,6.6907,319.0,39065.0,2419.3125
1884,6.8662,7.7482,1.7415,9.5365,310.0,41669.0,2419.3125
1885,9.3121,7.2711,1.6228,7.0061,338.0,64015.0,2419.3125
1886,6.9609,7.5311,1.5569,8.3029,338.0,74705.0,2419.3125
1887,8.3625,7.4254,1.7553,7.1936,313.0,32433.0,2419.3125
1888,7.2773,7.7221,1.5613,8.4958,307.0,31479.0,2419.3125
1889,8.4025,6.9524,1.4368,7.0378,304.0,31395.0,2419.3125
1890,7.0613,6.7029,1.7421,8.6907,317.0,34287.0,2419.3125
1891,8.6931,7.5535,1.669,7.4938,302.0,32129.0,2419.3125
1892,7.5025,6.7085,1.4802,7.8265,321.0,40343.0,2419.3125
1893,7.838,7.8959,1.6811,7.9205,325.0,37925.0,2419.3125
1894,7.8845,6.6948,1.5586,7.7474,319.0,38029.0,2419.3125
1895,7.7894,8.0547,1.8034,8.2243,331.0,34773.0,2419.3125
1896,8.2224,6.7033,1.6453,7.697,331.0,34601.0,2419.3125
1897,7.6578,8.0188,1.7251,7.6068,313.0,35747.0,2419.3125
1898,7.5678,6.7033,1.6574,7.7867,322.0,35109.0,2419.3125
1899,7.8265,7.918,1.7871,8.0657,334.0,40635.0,2419.3125
1900,8.0555,6.6943,1.5788,7.2809,333.0,36177.0,2419.3125
1901,7.3523,7.6723,1.773,8.1727,338.0,33269.0,2419.3125
1902,8.1061,7.0171,1.63,7.6071,337.0,33349.0,2419.3125
1903,7.5574,7.4639,1.5655,7.7439,337.0,33303.0,2419.3125
1904,7.7949,7.1916,1.8288,8.2344,335.0,33207.0,2419.3125
1905,8.2718,6.9458,1.4806,7.9885,335.0,33255.0,2419.3125
1906,7.9522,8.0011,1.6888,7.6223,335.0,36447.0,2419.3125
1907,7.5956,6.7502,1.6369,7.4075,335.0,37079.0,2419.3125
1908,7.4532,8.2081,1.8113,8.6525,333.0,40529.0,2419.3125
1909,8.6076,6.7327,1.5543,7.121,315.0,53761.0,2419.3125
1910,7.1215,7.8115,1.5336,8.1327,313.0,33649.0,2419.3125
1911,8.1811,6.6569,1.6505,7.1352,297.0,31093.0,2419.3125
1912,7.1871,8.3451,1.8134,8.8222,301.0,31285.0,2419.3125
1913,8.7705,6.6791,1.8603,7.0859,299.0,31117.0,2419.3125
1914,7.0702,7.6107,1.7874,8.8885,336.0,35088.0,2419.3125
1915,8.8891,6.6775,1.7171,6.6588,298.0,31105.0,2419.3125
1916,6.6649,7.4568,1.7156,8.593,341.0,40486.0,2419.3125
1917,8.6337,7.1202,1.7814,6.9605,329.0,34373.0,2419.3125
1918,6.9273,7.6309,1.5416,8.4369,302.0,31061.0,2419.3125
1919,8.4565,7.1221,1.7795,7.5941,343.0,42894.0,2419.3125
1920,7.5318,7.6586,1.5081,8.8158,335.0,35575.0,2419.3125
1921,8.9037,7.1698,1.7778,7.0026,339.0,42634.0,2419.3125
1922,6.9319,6.6786,1.5546,8.335,343.0,39281.0,2419.3125
1923,8.3633,8.0654,1.6712,7.2713,333.0,33253.0,2419.3125
1924,7.231,6.6601,1.61,7.8765,337.0,37551.0,2419.3125
1925,7.9527,8.2675,1.6911,8.0349,337.0,38479.0,2419.3125
1926,7.9546,6.649,1.2754,7.2958,333.0,34181.0,2419.3125
1927,7.3975,7.8071,1.6361,8.6511,333.0,34645.0,2419.3125
1928,8.5876,7.1222,1.7711,7.322,335.0,39949.0,2419.3125
1929,7.3433,8.0325,1.8107,8.3476,342.0,57851.0,2419.3125
1930,8.3301,6.7079,1.6973,7.5253,336.0,33481.0,2419.3125
1931,7.5858,7.96,1.802,7.5909,318.0,39053.0,2419.3125
1932,7.5561,6.9149,1.5536,7.4212,310.0,41669.0,2419.3125
1933,7.4154,7.5846,1.6482,8.8857,337.0,64003.0,2419.3125
1934,8.8685,7.2154,1.6217,7.1029,337.0,74693.0,2419.3125
1935,7.1209,7.5892,1.7307,7.8983,314.0,32445.0,2419.3125
1936,7.9025,7.1877,1.735,7.2146,306.0,31467.0,2419.3125
1937,7.2382,7.6248,1.4512,9.5108,305.0,31407.0,2419.3125
1938,9.4212,6.6935,1.1081,6.6773,315.0,34263.0,2419.3125
1939,6.8181,6.6208,1.7142,8.5123,304.0,32201.0,2419.3125
1940,8.3782,7.8593,1.4072,6.9147,329.0,43303.0,2419.3125
1941,6.9061,6.6779,1.1821,7.5755,333.0,38869.0,2419.3125
1942,7.6392,7.7629,1.7107,8.3272,333.0,37517.0,2419.3125
1943,8.3305,6.6841,1.806,7.2823,334.0,34781.0,2419.3125
1944,7.3062,8.0099,1.8244,8.4087,320.0,36071.0,2419.3125
1945,8.4019,6.7082,1.5197,7.4803,325.0,35269.0,2419.3125
1946,7.5489,8.2283,1.7638,8.4552,333.0,40623.0,2419.3125
1947,8.4776,6.7308,1.6738,8.2696,333.0,36053.0,2419.3125
1948,8.2044,7.6041,1.6776,7.3726,333.0,33253.0,2419.3125
1949,7.3703,7.1012,2.0257,8.0812,337.0,33349.0,2419.3125
1950,8.1,7.6493,1.5761,7.2535,337.0,33303.0,2419.3125
1951,7.2169,7.3464,1.4096,7.9666,337.0,33257.0,2419.3125
1952,7.9272,7.5508,1.6486,8.3331,335.0,33255.0,2419.3125
1953,8.3048,6.997,1.6607,6.5059,336.0,36459.0,2419.3125
1954,6.5624,6.9188,1.2048,9.143,339.0,38547.0,2419.3125
1955,9.243,7.3137,1.5721,7.0078,333.0,44231.0,2419.3125
1956,6.891,6.7216,1.5481,8.6358,309.0,48353.0,2419.3125
1957,8.722,8.2612,1.8253,7.2194,315.0,33673.0,2419.3125
1958,7.1249,6.7074,1.6523,7.1823,299.0,31117.0,2419.3125
1959,7.2117,7.9737,1.9029,8.512,300.0,31273.0,2419.3125
1960,8.599,6.684,1.8059,7.6266,297.0,31093.0,2419.3125
1961,7.5386,7.6267,1.9162,8.5629,334.0,35064.0,2419.3125
1962,8.5472,7.0719,1.8183,6.8918,297.0,31093.0,2419.3125
1963,6.9207,7.9287,1.7714,8.6343,341.0,40486.0,2419.3125
1964,8.5952,6.6761,1.825,7.0641,326.0,34381.0,2419.3125
1965,7.0858,7.4042,1.9406,7.8799,302.0,31109.0,2419.3125
1966,7.8911,7.3291,1.5666,8.1734,343.0,42894.0,2419.3125
1967,8.159,7.7575,1.7921,7.9559,338.0,35589.0,2419.3125
1968,7.9619,7.3316,2.0225,8.1289,340.0,42598.0,2419.3125
1969,8.0741,6.9154,1.6856,8.1639,340.0,39245.0,2419.3125
1970,8.3977,7.3175,2.2245,7.9233,338.0,33291.0,2419.3125
1971,7.9141,6.9111,1.631,8.1712,338.0,37563.0,2419.3125
1972,8.0881,7.1675,1.6948,8.3852,337.0,38479.0,2419.3125
1973,8.2704,6.7741,1.7004,6.4694,333.0,34181.0,2419.3125
1974,6.554,8.0577,2.044,8.0232,334.0,34657.0,2419.3125
1975,7.9682,6.6932,1.4896,7.2649,336.0,39961.0,2419.3125
1976,7.2449,8.0056,1.2391,8.4872,342.0,57899.0,2419.3125
1977,8.5004,6.7091,1.4549,7.5355,336.0,33481.0,2419.3125
1978,7.5794,8.0916,1.6248,8.3418,318.0,39053.0,2419.3125
1979,8.3129,6.687,1.7333,7.3012,308.0,41645.0,2419.3125
1980,7.3032,7.6355,1.6618,8.1699,333.0,63999.0,2419.3125
1981,8.1919,6.636,1.7501,7.6175,338.0,74705.0,2419.3125
1982,7.6699,7.4172,1.706,7.5332,313.0,32433.0,2419.3125
1983,7.4654,7.4201,1.789,7.4522,307.0,31457.0,2419.3125
1984,7.3983,7.6739,1.6207,8.521,304.0,31395.0,2419.3125
1985,8.5728,7.3706,1.8118,7.517,316.0,34275.0,2419.3125
1986,7.503,7.62,1.6697,8.5274,307.0,32167.0,2419.3125
1987,8.5584,7.1727,1.8822,7.5646,330.0,43411.0,2419.3125
1988,7.5172,6.6919,1.5843,8.3827,334.0,38881.0,2419.3125
1989,8.4861,7.9227,1.6323,7.2997,334.0,37529.0,2419.3125
1990,7.2143,6.7174,1.5668,8.168,331.0,34649.0,2419.3125
1991,8.2072,8.1183,1.7337,7.5699,322.0,36191.0,2419.3125
1992,7.5313,6.7192,1.5612,7.5047,324.0,35257.0,2419.3125
1993,7.5486,8.2058,1.7297,8.3797,335.0,40647.0,2419.3125
1994,8.3007,6.6729,1.672,7.9592,334.0,36017.0,2419.3125
1995,8.0422,7.5028,1.6946,7.5305,334.0,33265.0,2419.3125
1996,7.4994,7.3748,1.7216,7.7232,333.0,33345.0,2419.3125
1997,7.7855,7.656,1.6782,8.8777,338.0,33315.0,2419.3125
1998,8.7412,6.9304,1.5188,7.2666,338.0,33269.0,2419.3125
1999,7.3283,7.6817,1.5899,8.193,337.0,34853.0,2419.3125
2000,8.2449,7.3497,1.5093,7.2237,336.0,34863.0,2419.3125
2001,7.2322,7.6754,2.0178,8.1096,337.0,38475.0,2419.3125
2002,8.0649,7.09,1.7871,8.0982,335.0,44185.0,2419.3125
2003,8.1214,7.6587,1.6354,7.5371,310.0,48365.0,2419.3125
2004,7.5122,7.2861,1.8142,8.0534,315.0,33673.0,2419.3125
2005,8.074,6.6872,1.5923,7.7433,298.0,31105.0,2419.3125
2006,7.7653,7.6888,1.5388,7.2263,301.0,31285.0,2419.3125
2007,7.2026,6.6382,1.7177,8.0173,299.0,31117.0,2419.3125
2008,8.0475,8.2607,1.7183,8.4747,335.0,35076.0,2419.3125
2009,8.4143,6.615,1.6132,7.1093,297.0,31093.0,2419.3125
2010,7.1716,8.2439,1.8089,8.7707,340.0,40474.0,2419.3125
2011,8.7078,6.6287,1.5817,7.0024,326.0,34381.0,2419.3125
2012,7.0816,7.9211,1.7838,7.8805,299.0,31117.0,2419.3125
2013,7.8065,6.7073,1.7494,8.1368,345.0,42918.0,2419.3125
2014,8.1662,7.5323,1.6916,7.7467,338.0,35589.0,2419.3125
2015,7.7438,7.1501,1.7282,7.6071,341.0,42636.0,2419.3125
2016,7.6908,8.0528,1.676,8.6111,340.0,39245.0,2419.3125
2017,8.4917,6.698,1.4469,6.5559,338.0,33291.0,2419.3125
2018,6.8589,7.3815,1.9079,8.5883,339.0,37553.0,2419.3125
2019,8.3658,7.3331,1.632,7.3428,337.0,38479.0,2419.3125
2020,7.329,7.6445,1.4267,8.5745,334.0,34193.0,2419.3125
2021,8.6233,7.2096,1.7526,7.0889,334.0,34657.0,2419.3125
2022,7.0198,6.8749,1.6083,8.8899,335.0,39949.0,2419.3125
2023,8.8053,8.0286,1.2427,6.8732,339.0,57863.0,2419.3125
2024,6.9546,6.7255,1.584,7.9544,336.0,33481.0,2419.3125
2025,7.9926,7.6286,1.9218,7.6373,319.0,39065.0,2419.3125
2026,7.6487,6.6542,1.6722,8.157,311.0,38489.0,2419.3125
2027,8.1399,7.6447,2.2383,7.9164,305.0,34813.0,2419.3125
2028,7.8611,7.5783,1.8446,8.2469,335.0,64557.0,2419.3125
2029,8.2953,7.8361,1.928,8.9585,338.0,74171.0,2419.3125
2030,8.9348,7.6672,1.7496,7.4818,309.0,32097.0,2419.3125
2031,7.5617,8.0235,1.8302,7.8112,310.0,31541.0,2419.3125
2032,7.6954,6.9048,1.6561,8.0242,304.0,31347.0,2419.3125
2033,8.0955,7.8613,1.7692,8.7993,315.0,34215.0,2419.3125
2034,8.7202,7.1816,1.7453,7.7414,306.0,32203.0,2419.3125
2035,7.8112,7.8761,1.7663,8.1716,333.0,44055.0,2419.3125
2036,8.147,6.9414,1.634,8.3568,330.0,38225.0,2419.3125
2037,8.3576,8.1295,1.7002,8.0281,335.0,37541.0,2419.3125
2038,7.9988,7.249,1.6975,7.9632,333.0,34769.0,2419.3125
2039,7.9911,8.324,1.6746,8.3252,320.0,36291.0,2419.3125
2040,8.2902,6.879,1.6316,7.421,326.0,35425.0,2419.3125
2041,7.4409,7.948,1.5643,8.0741,330.0,40223.0,2419.3125
2042,8.0541,6.8381,1.61,7.8377,335.0,36077.0,2419.3125
2043,8.0103,7.8504,2.1876,8.5253,335.0,33277.0,2419.3125
2044,8.4982,7.5627,2.2551,7.7224,334.0,33357.0,2419.3125
2045,7.5664,7.7892,1.5175,8.6109,338.0,33267.0,2419.3125
2046,8.7369,7.1129,1.8228,7.113,337.0,33257.0,2419.3125
2047,7.1004,7.0052,1.5986,8.6344,338.0,34865.0,2419.3125
2048,8.5835,8.0815,1.7914,7.5172,335.0,34851.0,2419.3125
2049,7.4636,6.9249,1.6013,8.4332,338.0,40131.0,2419.3125
2050,8.4896,7.253,1.686,7.7402,335.0,42589.0,2419.3125
2051,7.7578,6.9612,1.7002,7.8556,310.0,48365.0,2419.3125
2052,7.8466,8.1609,1.7558,7.9592,314.0,33661.0,2419.3125
2053,7.9122,6.9076,1.5685,7.7198,298.0,31105.0,2419.3125
2054,7.7882,8.4226,1.7503,8.8344,300.0,31273.0,2419.3125
2055,8.7618,6.8717,1.5115,8.5083,297.0,31093.0,2419.3125
2056,8.6233,7.9141,1.6762,7.9536,336.0,35088.0,2419.3125
2057,7.8504,7.3059,1.5676,7.7871,297.0,31093.0,2419.3125
2058,7.7957,8.6261,2.1215,8.7629,342.0,40498.0,2419.3125
2059,8.7313,6.9223,1.4953,7.6875,325.0,34369.0,2419.3125
2060,7.761,8.1451,1.8902,7.9479,298.0,31105.0,2419.3125
2061,7.9712,6.9758,1.6353,8.5971,343.0,42894.0,2419.3125
2062,8.6209,8.2897,1.9324,8.3817,338.0,35589.0,2419.3125
2063,8.2915,7.0106,1.682,8.3838,342.0,42648.0,2419.3125
2064,8.4162,8.3934,1.8062,7.7278,340.0,39245.0,2419.3125
2065,7.6783,7.0079,1.5743,8.4695,335.0,33255.0,2419.3125
2066,8.504,8.0281,1.6627,7.6517,341.0,37577.0,2419.3125
2067,7.6262,6.9433,1.589,8.2627,338.0,38491.0,2419.3125
2068,8.313,7.8827,1.7397,8.2218,334.0,34193.0,2419.3125
2069,8.1945,7.3537,1.6975,7.7367,334.0,34657.0,2419.3125
2070,7.7052,8.1782,1.8675,7.9374,336.0,39961.0,2419.3125
2071,7.9255,6.9483,1.6504,8.0104,341.0,57887.0,2419.3125
2072,8.179,7.9456,1.7416,8.5436,335.0,33469.0,2419.3125
2073,8.4792,6.9318,1.7127,7.4016,318.0,39053.0,2419.3125
2074,7.4241,8.0594,1.7422,8.55,310.0,38477.0,2419.3125
2075,8.5083,7.6151,1.9887,7.679,307.0,34981.0,2419.3125
2076,7.736,7.7591,2.0566,9.2262,334.0,69777.0,2419.3125
2077,9.1342,7.154,1.9523,7.1822,335.0,68807.0,2419.3125
2078,7.203,7.5589,2.013,9.1188,308.0,32133.0,2419.3125
2079,9.1153,7.6065,1.8398,7.3725,311.0,31697.0,2419.3125
2080,7.3349,7.8064,1.7088,8.6752,303.0,31703.0,2419.3125
2081,8.6946,7.3998,1.9227,7.2112,311.0,33607.0,2419.3125
2082,7.1898,6.9112,1.7522,8.7791,313.0,32575.0,2419.3125
2083,8.8287,6.9256,1.7396,7.875,326.0,43683.0,2419.3125
2084,7.8479,6.9885,1.8624,8.3203,330.0,38177.0,2419.3125
2085,8.3301,8.2577,2.0192,7.9073,336.0,37553.0,2419.3125
2086,7.9113,6.9922,1.7043,8.6192,333.0,35233.0,2419.3125
2087,8.8087,8.078,1.678,7.0753,321.0,35839.0,2419.3125
2088,6.9244,6.9878,1.755,8.1777,330.0,36791.0,2419.3125
2089,8.1696,8.2989,1.8895,8.673,325.0,39751.0,2419.3125
2090,8.6665,6.9304,1.6843,7.7522,334.0,35159.0,2419.3125
2091,7.7433,8.1395,2.0281,8.235,333.0,33253.0,2419.3125
2092,8.177,6.8904,1.625,7.5494,334.0,33357.0,2419.3125
2093,7.5971,7.9647,1.7945,8.5672,338.0,33315.0,2419.3125
2094,8.6586,6.8986,1.5033,8.1649,338.0,33269.0,2419.3125
2095,8.1128,8.4041,1.772,8.5004,337.0,34805.0,2419.3125
2096,8.4669,6.9953,1.8778,8.0711,336.0,36459.0,2419.3125
2097,8.0839,8.3301,1.8972,8.0715,339.0,40143.0,2419.3125
2098,8.0678,6.9815,1.7923,7.8584,336.0,44245.0,2419.3125
2099,7.9688,8.091,1.9393,8.2223,308.0,45053.0,2419.3125
2100,8.1271,6.9205,1.8547,8.0043,313.0,33649.0,2419.3125
2101,8.1035,7.939,1.781,7.5895,299.0,31117.0,2419.3125
2102,7.4486,6.9359,1.4981,7.7056,300.0,31225.0,2419.3125
2103,8.0164,7.3498,1.9856,8.2992,297.0,31093.0,2419.3125
2104,7.9752,6.9238,1.5814,7.7599,334.0,35064.0,2419.3125
2105,7.827,7.6294,1.8662,8.0357,298.0,31105.0,2419.3125
2106,7.9953,7.518,1.6992,7.5736,340.0,40474.0,2419.3125
2107,7.5322,7.9494,1.7812,9.1714,326.0,34381.0,2419.3125
2108,9.2285,7.2223,1.7692,6.9255,299.0,31117.0,2419.3125
2109,6.8813,7.6721,1.5417,9.2466,345.0,42918.0,2419.3125
2110,9.2748,7.1787,1.7881,7.2374,337.0,35577.0,2419.3125
2111,7.222,7.7584,1.6205,8.7064,340.0,42576.0,2419.3125
2112,8.8444,6.993,1.7705,7.6743,342.0,39269.0,2419.3125
2113,7.5176,7.2113,1.4885,8.5418,335.0,33207.0,2419.3125
2114,8.5772,7.8664,1.8277,7.5016,339.0,37505.0,2419.3125
2115,7.47,6.9697,1.5583,8.9062,338.0,38491.0,2419.3125
2116,8.9653,8.3371,1.6718,7.2364,333.0,34133.0,2419.3125
2117,7.1674,6.9308,1.6804,8.2682,335.0,34669.0,2419.3125
2118,8.3134,7.3407,1.5537,7.5893,335.0,39949.0,2419.3125
2119,7.5634,6.9799,1.5247,8.3725,339.0,57863.0,2419.3125
2120,8.419,8.5331,1.7244,8.3185,337.0,33493.0,2419.3125
2121,8.2586,6.9658,1.7455,8.0437,318.0,39053.0,2419.3125
2122,8.1027,8.2034,1.6349,8.0264,313.0,38609.0,2419.3125
2123,8.0308,6.9443,1.4577,7.671,308.0,35041.0,2419.3125
2124,7.6852,7.9136,1.7036,8.4399,334.0,69777.0,2419.3125
2125,8.4058,6.9082,1.6293,8.1331,334.0,68699.0,2419.3125
2126,8.1933,8.521,1.8346,8.1391,308.0,32085.0,2419.3125
2127,8.0631,7.005,1.3842,8.224,313.0,31769.0,2419.3125
2128,8.2574,8.365,1.5789,8.0626,306.0,32203.0,2419.3125
2129,8.0959,6.9214,1.6053,7.9337,309.0,33167.0,2419.3125
2130,8.0079,8.0631,1.7153,8.338,321.0,35727.0,2419.3125
2131,8.2647,6.9122,1.758,8.051,320.0,40699.0,2419.3125
2132,7.9908,8.5933,1.6755,8.441,328.0,38057.0,2419.3125
2133,8.4478,6.9836,1.6728,8.6804,333.0,38445.0,2419.3125
2134,8.7022,7.8874,1.517,6.9206,334.0,36005.0,2419.3125
2135,6.9972,6.9679,1.5994,7.6835,319.0,34079.0,2419.3125
2136,7.7069,7.8559,1.6629,9.1414,331.0,37973.0,2419.3125
2137,8.9952,7.2907,1.6109,8.2659,330.0,38929.0,2419.3125
2138,8.3491,8.1841,1.5399,7.6253,333.0,35099.0,2419.3125
2139,7.6227,6.9627,1.6749,8.1582,333.0,33253.0,2419.3125
2140,8.1679,7.362,1.7497,8.3598,334.0,33357.0,2419.3125
2141,8.2882,7.3053,1.7657,7.1241,337.0,33303.0,2419.3125
2142,7.1151,8.1642,1.6252,8.6295,337.0,34853.0,2419.3125
2143,8.7043,7.0194,1.9051,8.2844,337.0,34853.0,2419.3125
2144,8.2333,7.9499,1.7035,8.1691,337.0,35051.0,2419.3125
2145,8.1611,7.2082,1.9141,7.4553,339.0,44755.0,2419.3125
2146,7.4836,6.9336,1.4502,8.1051,332.0,45649.0,2419.3125
2147,8.1386,8.2193,1.8991,7.7502,303.0,38417.0,2419.3125
2148,7.7646,7.193,1.5523,8.4903,314.0,33661.0,2419.3125
2149,8.454,7.9627,1.6159,7.4196,297.0,31045.0,2419.3125
2150,7.3734,6.9879,1.5549,8.4985,301.0,31285.0,2419.3125
2151,8.5234,8.4984,1.7213,8.368,298.0,31105.0,2419.3125
2152,8.3692,6.9008,1.4939,7.6267,334.0,35064.0,2419.3125
2153,7.6402,7.9202,1.6394,7.9646,299.0,31117.0,2419.3125
2154,7.9456,6.9799,1.6037,8.4672,339.0,40462.0,2419.3125
2155,8.4862,8.1015,1.5225,7.9187,325.0,34369.0,2419.3125
2156,7.9225,7.0993,1.5924,7.9881,298.0,31105.0,2419.3125
2157,7.9921,8.7682,1.8461,8.8234,344.0,42858.0,2419.3125
2158,8.7711,7.0374,1.5266,8.1351,337.0,35577.0,2419.3125
2159,8.2006,8.1427,1.6572,8.3596,340.0,42624.0,2419.3125
2160,8.3125,7.0923,1.5937,7.9515,340.0,39197.0,2419.3125
2161,7.9826,8.6578,1.8228,8.9258,336.0,33267.0,2419.3125
2162,8.9177,6.9881,1.812,7.7096,340.0,37517.0,2419.3125
2163,7.6872,8.2784,1.7786,8.505,338.0,38491.0,2419.3125
2164,8.4685,7.0315,1.4164,7.8188,334.0,34193.0,2419.3125
2165,7.8656,8.0157,1.7478,8.608,333.0,34645.0,2419.3125
2166,8.6482,7.0622,1.8522,7.5348,336.0,39961.0,2419.3125
2167,7.5554,8.5542,2.0655,8.8718,340.0,57875.0,2419.3125
2168,8.8045,7.0318,1.905,7.6486,335.0,33469.0,2419.3125
2169,7.6723,8.5592,1.799,8.8568,324.0,39365.0,2419.3125
2170,8.856,6.9979,1.3794,7.7178,311.0,38489.0,2419.3125
2171,7.7446,8.3713,1.921,8.4574,314.0,52737.0,2419.3125
2172,8.4215,7.0467,1.7608,8.1882,334.0,52761.0,2419.3125
2173,8.1703,8.3138,1.5337,8.1267,328.0,68019.0,2419.3125
2174,8.1449,7.0447,1.6746,8.2978,307.0,32073.0,2419.3125
2175,8.3191,8.1607,1.8846,7.696,315.0,31793.0,2419.3125
2176,7.6662,7.0328,1.4702,8.2722,306.0,32203.0,2419.3125
2177,8.3068,8.391,1.6816,8.2667,309.0,33167.0,2419.3125
2178,8.2411,7.0622,1.8064,7.8186,322.0,35739.0,2419.3125
2179,7.9378,8.2839,1.791,9.0414,327.0,43743.0,2419.3125
2180,8.9701,7.0212,1.7162,7.4934,326.0,36241.0,2419.3125
2181,7.5136,7.8816,1.6521,8.6116,333.0,39109.0,2419.3125
2182,8.5677,7.445,1.6745,8.037,333.0,34257.0,2419.3125
2183,8.051,8.138,1.7963,9.0903,321.0,35229.0,2419.3125
2184,9.0628,7.0227,1.942,7.0283,333.0,37385.0,2419.3125
2185,7.0756,8.2639,1.8192,9.4979,331.0,39697.0,2419.3125
2186,9.4588,7.036,2.2255,6.8968,334.0,34129.0,2419.3125
2187,6.9504,7.7599,1.8476,9.1095,333.0,33253.0,2419.3125
2188,9.2222,7.4313,1.859,7.0744,334.0,33357.0,2419.3125
2189,6.8841,7.6767,1.9731,9.3137,338.0,33315.0,2419.3125
2190,9.3342,7.0159,1.8543,7.0639,339.0,36473.0,2419.3125
2191,7.0542,7.9848,1.5792,9.1547,337.0,33257.0,2419.3125
2192,9.2149,7.575,1.7845,7.6463,337.0,35419.0,2419.3125
2193,7.5649,7.8428,1.5584,8.7174,334.0,44135.0,2419.3125
2194,8.7548,7.295,1.7547,7.6512,337.0,52769.0,2419.3125
2195,7.6783,7.2694,1.5472,8.6197,315.0,33673.0,2419.3125
2196,8.6503,7.2991,1.884,7.0877,297.0,31093.0,2419.3125
2197,7.0374,7.3463,1.6965,8.8031,300.0,31273.0,2419.3125
2198,8.8114,8.1358,1.9161,7.934,297.0,31093.0,2419.3125
2199,7.9008,7.0469,1.6336,9.2452,336.0,35088.0,2419.3125
2200,9.3132,8.3229,1.9149,7.0387,297.0,31045.0,2419.3125
2201,7.0206,7.0805,1.7123,9.2176,341.0,40486.0,2419.3125
2202,9.2234,7.533,1.8906,7.6078,327.0,34393.0,2419.3125
2203,7.5698,7.0724,1.7133,8.2366,297.0,31093.0,2419.3125
2204,8.3008,8.2866,1.8437,8.0436,342.0,42926.0,2419.3125
2205,7.9714,7.0535,1.5536,8.6453,337.0,35577.0,2419.3125
2206,8.6727,8.1233,1.6831,8.0195,340.0,42624.0,2419.3125
2207,7.9733,7.1228,1.6678,8.1161,343.0,39259.0,2419.3125
2208,8.2896,8.6884,1.7389,8.2827,335.0,33255.0,2419.3125
2209,8.1451,7.0412,1.5984,7.9589,339.0,37553.0,2419.3125
2210,7.9845,8.2667,1.7003,8.4014,341.0,38505.0,2419.3125
2211,8.4682,7.0313,1.7959,7.8247,334.0,34193.0,2419.3125
2212,7.801,8.8166,1.9173,9.1085,333.0,34645.0,2419.3125
2213,9.0661,7.0772,1.5492,7.8695,336.0,39961.0,2419.3125
2214,7.8513,8.3422,1.6561,8.5967,339.0,57863.0,2419.3125
2215,8.5892,7.039,1.5026,7.4598,336.0,33481.0,2419.3125
2216,7.4601,8.0371,1.7114,8.5381,324.0,39365.0,2419.3125
2217,8.5777,7.0448,1.648,8.399,314.0,43853.0,2419.3125
2218,8.3921,8.6835,1.4707,8.5823,314.0,47409.0,2419.3125
2219,8.5793,7.1322,1.7668,7.7998,335.0,52773.0,2419.3125
2220,7.8134,8.3804,1.5577,8.2576,325.0,68027.0,2419.3125
2221,8.1892,7.0615,1.5156,7.7859,307.0,32073.0,2419.3125
2222,7.8441,8.2375,1.9673,9.2136,313.0,31769.0,2419.3125
2223,9.1778,7.1256,1.6742,7.6751,309.0,32633.0,2419.3125
2224,7.6982,8.3122,1.7135,8.2731,309.0,32703.0,2419.3125
2225,8.2745,7.0555,1.6336,8.467,321.0,35727.0,2419.3125
2226,8.459,8.2456,1.6703,7.9147,335.0,47097.0,2419.3125
2227,7.8654,7.0338,1.4647,7.7957,322.0,34745.0,2419.3125
2228,7.9515,8.0924,1.5769,8.5713,330.0,37289.0,2419.3125
2229,8.4706,7.0249,1.7083,8.5089,333.0,34429.0,2419.3125
2230,8.5401,8.2966,1.7328,7.7898,323.0,35177.0,2419.3125
2231,7.8208,7.0416,1.5393,8.1103,334.0,37445.0,2419.3125
2232,8.0685,8.6388,1.7474,8.8133,333.0,39865.0,2419.3125
2233,8.7815,7.0586,1.6476,9.0448,333.0,34117.0,2419.3125
2234,9.1132,8.2928,1.7552,7.4934,335.0,33325.0,2419.3125
2235,7.3869,7.0961,1.5865,7.8889,333.0,33345.0,2419.3125
2236,7.9115,8.3048,1.5387,8.4703,334.0,34907.0,2419.3125
2237,8.4919,7.0746,1.6792,7.7063,338.0,34817.0,2419.3125
2238,7.7355,7.6758,1.7575,8.6143,337.0,33257.0,2419.3125
2239,8.673,7.0705,1.6293,8.5205,338.0,37005.0,2419.3125
2240,8.467,7.6328,1.7492,7.9724,337.0,45717.0,2419.3125
2241,7.9032,7.0779,1.603,7.656,328.0,49327.0,2419.3125
2242,7.6972,8.0652,1.5483,8.9796,315.0,33651.0,2419.3125
2243,8.9494,7.4195,1.7444,7.2611,298.0,31105.0,2419.3125
2244,7.3975,7.8041,1.728,8.4605,300.0,31273.0,2419.3125
2245,8.3607,7.035,1.5418,7.3032,298.0,31105.0,2419.3125
2246,7.2844,8.0529,1.5556,9.1838,336.0,35088.0,2419.3125
2247,9.2111,7.0149,1.7977,7.2643,297.0,31093.0,2419.3125
2248,7.4958,8.0194,1.8291,8.8329,340.0,40474.0,2419.3125
2249,8.6462,7.4297,1.6887,7.6934,325.0,34369.0,2419.3125
2250,7.5927,7.8735,1.3438,8.5259,297.0,31093.0,2419.3125
2251,8.5736,7.3613,1.8115,7.9024,339.0,42890.0,2419.3125
2252,8.0154,7.9782,1.7604,8.6597,333.0,35525.0,2419.3125
2253,8.61,7.4711,2.054,7.7433,340.0,42624.0,2419.3125
2254,7.6678,8.0168,1.6519,9.0562,342.0,39247.0,2419.3125
2255,9.105,7.503,1.8961,7.3349,337.0,33257.0,2419.3125
2256,7.2846,7.8701,1.6425,8.8595,339.0,37505.0,2419.3125
2257,8.9146,7.3517,1.9412,7.5577,341.0,38505.0,2419.3125
2258,7.5069,7.1987,1.4982,8.952,336.0,34195.0,2419.3125
2259,8.9836,8.345,1.9482,7.7328,334.0,34657.0,2419.3125
2260,7.7383,7.2559,1.6833,9.0139,336.0,39961.0,2419.3125
2261,9.0834,7.3259,1.9506,7.3098,339.0,57863.0,2419.3125
2262,7.1797,7.1097,1.5723,8.7883,337.0,33493.0,2419.3125
2263,8.8746,8.246,1.7838,7.4638,324.0,39413.0,2419.3125
2264,7.4147,7.0876,1.6569,8.5491,313.0,43841.0,2419.3125
2265,8.6289,8.4749,1.8926,7.8874,314.0,49609.0,2419.3125
2266,7.8027,7.0723,1.5189,8.2464,334.0,55937.0,2419.3125
2267,8.2602,8.2169,1.854,8.0846,322.0,62567.0,2419.3125
2268,8.149,7.0163,1.6695,8.351,304.0,32081.0,2419.3125
2269,8.3066,8.1179,1.8015,8.4164,312.0,31757.0,2419.3125
2270,8.4201,7.0613,1.5867,7.7822,311.0,33025.0,2419.3125
2271,7.7968,8.5444,1.6611,8.1767,310.0,32325.0,2419.3125
2272,8.1203,7.0872,1.8292,8.5456,325.0,36335.0,2419.3125
2273,8.5334,8.6421,1.7642,8.6811,333.0,46513.0,2419.3125
2274,8.7298,7.0554,1.811,7.758,326.0,34771.0,2419.3125
2275,7.7393,8.1131,1.696,8.1981,330.0,37461.0,2419.3125
2276,8.17,7.067,1.4186,7.7769,332.0,34197.0,2419.3125
2277,7.807,8.1334,1.5594,8.568,330.0,35919.0,2419.3125
2278,8.5285,7.0244,1.5482,8.0367,333.0,37651.0,2419.3125
2279,8.1147,8.576,1.7462,9.3143,332.0,39169.0,2419.3125
2280,9.2959,7.0562,1.9221,9.6347,334.0,34129.0,2419.3125
2281,9.6293,8.3137,1.7379,6.56,334.0,33265.0,2419.3125
2282,6.5073,7.1013,1.5798,7.4654,333.0,34941.0,2419.3125
2283,7.5371,8.6186,1.7539,9.3645,333.0,33299.0,2419.3125
2284,9.3155,7.0413,1.5377,8.4083,334.0,34861.0,2419.3125
2285,8.446,8.0491,1.7534,7.9822,338.0,33269.0,2419.3125
2286,7.9275,7.0598,1.5399,7.7864,339.0,38613.0,2419.3125
2287,7.8485,8.2378,1.624,8.1202,338.0,47303.0,2419.3125
2288,8.0731,7.1366,1.534,7.6127,323.0,45835.0,2419.3125
2289,7.651,8.6081,1.7015,8.9946,315.0,33651.0,2419.3125
2290,8.9843,7.0484,1.6271,7.572,300.0,31107.0,2419.3125
2291,7.5992,8.1238,1.5331,8.3176,302.0,31297.0,2419.3125
2292,8.2951,7.0428,1.6426,8.0412,297.0,31093.0,2419.3125
2293,8.1155,8.5998,1.8532,8.6784,334.0,35064.0,2419.3125
2294,8.5771,7.0605,1.6285,7.9927,298.0,31105.0,2419.3125
2295,8.0196,8.463,1.4918,8.9009,339.0,40462.0,2419.3125
2296,8.8802,7.0701,1.5871,7.6759,327.0,34393.0,2419.3125
2297,7.6713,7.9319,1.2677,7.7437,297.0,31093.0,2419.3125
2298,7.782,7.0525,1.5067,8.2171,341.0,42866.0,2419.3125
2299,8.2235,8.0016,1.6842,8.6718,335.0,35597.0,2419.3125
2300,8.6548,7.4709,1.6659,8.2714,336.0,42620.0,2419.3125
2301,8.2768,8.3277,2.0464,8.2081,342.0,39247.0,2419.3125
2302,8.2257,7.0676,1.6108,8.1896,337.0,33257.0,2419.3125
2303,8.2039,8.0847,1.7441,8.7091,341.0,37555.0,2419.3125
2304,8.6785,7.5381,1.7623,7.8641,341.0,38553.0,2419.3125
2305,7.8764,8.3729,1.6778,8.6103,336.0,34195.0,2419.3125
2306,8.6573,7.1317,1.7012,7.8949,336.0,34659.0,2419.3125
2307,7.842,8.2615,1.657,8.5194,335.0,39949.0,2419.3125
2308,8.5515,7.0554,1.7384,7.8414,340.0,57875.0,2419.3125
2309,7.7952,8.048,1.662,8.5388,337.0,33493.0,2419.3125
2310,8.614,7.3391,1.8884,8.2251,326.0,39485.0,2419.3125
2311,8.1999,8.13,1.9148,8.5483,317.0,49265.0,2419.3125
2312,8.5557,7.0834,1.6448,7.1328,313.0,44851.0,2419.3125
2313,7.079,7.8263,1.6374,9.3961,334.0,55403.0,2419.3125
2314,9.3554,7.4769,1.9894,7.3023,319.0,62483.0,2419.3125
2315,7.4907,8.0313,1.7776,8.505,304.0,32081.0,2419.3125
2316,8.3742,7.1264,1.7433,7.3656,308.0,31753.0,2419.3125
2317,7.4179,8.1684,1.5281,9.4194,313.0,33609.0,2419.3125
2318,9.3945,7.0814,1.8515,7.0122,309.0,31897.0,2419.3125
2319,6.9773,7.7394,1.7528,8.9858,326.0,36277.0,2419.3125
2320,8.9841,7.4915,1.9324,7.9515,336.0,46693.0,2419.3125
2321,7.9406,7.997,1.8009,8.7979,324.0,34775.0,2419.3125
2322,8.8701,7.2788,1.6853,7.4263,336.0,37531.0,2419.3125
2323,7.3952,7.9512,1.537,8.8456,333.0,34257.0,2419.3125
2324,8.8123,7.5043,1.7242,7.353,334.0,37577.0,2419.3125
2325,7.4061,7.0753,1.8757,9.0487,333.0,37187.0,2419.3125
2326,9.0172,8.0899,1.6896,7.3453,331.0,38251.0,2419.3125
2327,7.3048,7.2668,1.4451,9.1093,334.0,34129.0,2419.3125
2328,9.1923,7.9674,1.6864,7.0901,333.0,34849.0,2419.3125
2329,7.0106,6.9887,1.5034,8.6873,334.0,33357.0,2419.3125
2330,8.7507,7.6931,1.714,7.8432,334.0,33311.0,2419.3125
2331,7.7938,7.0776,1.6351,7.8009,335.0,34873.0,2419.3125
2332,7.8255,7.4277,1.7515,8.207,333.0,34801.0,2419.3125
2333,8.1497,7.0196,1.567,8.1191,340.0,43893.0,2419.3125
2334,8.2529,8.2041,2.058,8.6547,334.0,43391.0,2419.3125
2335,8.567,7.08,1.5496,7.846,320.0,42345.0,2419.3125
2336,7.8693,8.3903,1.6832,8.5172,316.0,33663.0,2419.3125
2337,8.4547,7.0454,1.5354,7.8225,300.0,31107.0,2419.3125
2338,7.8645,8.065,1.6533,7.5875,302.0,31275.0,2419.3125
2339,7.5696,6.9865,1.357,8.564,297.0,31045.0,2419.3125
2340,8.7173,8.6628,2.0332,9.2147,334.0,35064.0,2419.3125
2341,9.0753,6.9749,1.8284,7.4013,298.0,31105.0,2419.3125
2342,7.4051,8.3383,1.7045,9.0431,340.0,40474.0,2419.3125
2343,9.0248,7.0295,1.6624,7.0942,325.0,34369.0,2419.3125
2344,7.1492,8.6067,1.765,8.8027,297.0,31093.0,2419.3125
2345,8.7647,6.983,1.6083,8.8589,340.0,42950.0,2419.3125
2346,8.8924,8.2449,1.7304,7.5797,334.0,35585.0,2419.3125
2347,7.526,7.0591,1.5679,7.9051,337.0,42632.0,2419.3125
2348,7.9829,8.0242,1.7608,8.1152,338.0,39243.0,2419.3125
2349,8.06,6.9792,1.7294,8.0151,337.0,33257.0,2419.3125
2350,8.0783,8.6238,1.6616,8.9875,341.0,37555.0,2419.3125
2351,8.955,7.1558,1.6486,8.3374,341.0,38483.0,2419.3125
2352,8.3203,8.1535,1.6807,7.9823,335.0,34183.0,2419.3125
2353,7.9447,7.1171,1.5609,8.0527,335.0,34647.0,2419.3125
2354,8.1127,8.3005,1.5971,8.211,337.0,39951.0,2419.3125
2355,8.164,7.0455,1.7775,8.3198,339.0,57863.0,2419.3125
2356,8.4299,8.2742,1.8089,8.3438,336.0,33481.0,2419.3125
2357,8.3241,7.081,1.6221,7.1387,328.0,39653.0,2419.3125
2358,7.0682,7.5229,1.6277,8.9666,316.0,49253.0,2419.3125
2359,8.9996,7.0779,1.7909,7.2197,312.0,44791.0,2419.3125
2360,7.2472,7.7996,1.6695,9.2883,336.0,60659.0,2419.3125
2361,9.3308,7.3702,1.8602,7.4752,319.0,57203.0,2419.3125
2362,7.3807,8.3025,1.6502,8.56,307.0,32213.0,2419.3125
2363,8.5854,7.1017,2.0879,7.9611,307.0,31645.0,2419.3125
2364,8.0063,8.1351,2.0145,8.572,309.0,33605.0,2419.3125
2365,8.521,7.6869,1.7332,8.5038,308.0,31885.0,2419.3125
2366,8.5861,8.0979,1.9019,8.2958,327.0,36433.0,2419.3125
2367,8.2172,7.1085,1.6928,8.0017,339.0,46879.0,2419.3125
2368,8.0419,8.32,1.8469,8.777,324.0,38963.0,2419.3125
2369,8.745,7.1212,1.8191,7.5283,337.0,33231.0,2419.3125
2370,7.5932,7.5056,1.8687,8.7954,335.0,34427.0,2419.3125
2371,8.7668,7.7106,2.0035,8.1483,333.0,37445.0,2419.3125
2372,8.246,7.985,2.0324,8.3764,333.0,37311.0,2419.3125
2373,8.2745,7.388,2.0595,7.9134,333.0,38371.0,2419.3125
2374,7.9339,8.0276,2.1859,9.0489,333.0,35589.0,2419.3125
2375,9.1737,7.5836,2.3639,8.2004,335.0,33277.0,2419.3125
2376,8.0942,7.1056,2.5307,8.6559,335.0,33369.0,2419.3125
2377,8.6905,8.0339,2.3071,6.9768,333.0,33299.0,2419.3125
2378,6.8969,7.3474,1.935,9.9764,334.0,34861.0,2419.3125
2379,9.9804,7.7258,2.3699,6.8711,334.0,35229.0,2419.3125
2380,6.8551,7.2587,2.2976,9.1633,336.0,45289.0,2419.3125
2381,9.2151,8.2344,2.2811,7.5863,338.0,48341.0,2419.3125
2382,7.5182,7.0623,1.9134,8.5997,325.0,37811.0,2419.3125
2383,8.6396,7.9275,2.4417,7.2912,302.0,31109.0,2419.3125
2384,7.2502,8.7585,2.3874,9.5637,302.0,31275.0,2419.3125
2385,9.655,7.4893,2.337,7.5173,299.0,31095.0,2419.3125
2386,7.4889,7.2354,2.1898,9.9023,338.0,35090.0,2419.3125
2387,9.8858,8.4981,2.3247,7.8147,297.0,31093.0,2419.3125
2388,7.8262,7.1142,1.9731,7.2341,339.0,40462.0,2419.3125
2389,7.2074,7.7152,2.0832,8.0011,326.0,34381.0,2419.3125
2390,8.0444,7.1566,2.1104,8.6875,297.0,31093.0,2419.3125
2391,8.8147,7.6012,2.2938,7.7515,342.0,42926.0,2419.3125
2392,7.6275,7.1709,2.3141,9.8333,303.0,31869.0,2419.3125
2393,9.8577,8.7928,2.8583,8.4153,328.0,34761.0,2419.3125
2394,8.5663,8.8562,2.7534,10.6576,336.0,42620.0,2419.3125
2395,10.4626,8.932,2.5636,8.0503,338.0,39243.0,2419.3125
2396,8.1544,8.2806,2.3727,8.9356,333.0,33253.0,2419.3125
2397,8.8157,7.6814,2.2944,8.5715,341.0,37555.0,2419.3125
2398,8.7082,8.7834,2.3066,8.0754,341.0,38483.0,2419.3125
2399,7.9918,7.1231,2.0845,8.3415,338.0,34149.0,2419.3125
2400,8.401,8.2405,3.0027,8.6722,335.0,34647.0,2419.3125
2401,8.58,7.6533,2.4165,8.9112,338.0,39963.0,2419.3125
2402,8.9709,8.429,2.3489,7.9811,341.0,57865.0,2419.3125
2403,7.9184,7.1738,2.1664,8.3418,337.0,33445.0,2419.3125
2404,8.36,7.4247,2.0531,7.8615,328.0,39653.0,2419.3125
2405,7.8569,7.1069,1.8062,7.5186,318.0,51013.0,2419.3125
2406,7.5018,8.0491,1.8446,8.7827,313.0,43163.0,2419.3125
2407,8.7922,7.6269,1.9644,8.4218,333.0,66389.0,2419.3125
2408,8.4263,7.5819,1.912,8.1087,316.0,51305.0,2419.3125
2409,8.0637,7.0986,1.8264,7.9844,306.0,32201.0,2419.3125
2410,8.0282,7.7441,1.6979,8.0464,308.0,31657.0,2419.3125
2411,8.1023,7.4569,1.7446,7.2666,309.0,33605.0,2419.3125
2412,7.2324,8.0243,1.7649,8.8579,307.0,32061.0,2419.3125
2413,8.8147,7.0745,1.7404,7.7214,331.0,41777.0,2419.3125
2414,7.7619,8.1557,1.6594,8.5809,339.0,44303.0,2419.3125
2415,8.6078,7.1137,1.807,6.986,321.0,36137.0,2419.3125
2416,6.9055,7.7456,1.5849,9.1502,336.0,33267.0,2419.3125
2417,9.1647,7.5169,1.7035,7.6736,338.0,34463.0,2419.3125
2418,7.6389,8.2795,1.5972,9.3353,335.0,37571.0,2419.3125
2419,9.3273,7.0213,1.7121,6.501,333.0,37651.0,2419.3125
2420,6.556,7.8962,1.6907,9.3917,334.0,37919.0,2419.3125
2421,9.3801,7.7338,1.9653,7.8994,334.0,35601.0,2419.3125
2422,7.8942,7.0415,1.6533,8.3605,336.0,33289.0,2419.3125
2423,8.3156,8.1996,1.6283,7.5884,334.0,33357.0,2419.3125
2424,7.6142,7.0612,1.3825,9.057,333.0,33299.0,2419.3125
2425,9.0984,8.2221,1.7836,7.3258,333.0,34849.0,2419.3125
2426,7.3167,7.2505,1.9081,9.3102,335.0,35645.0,2419.3125
2427,9.3046,8.3872,1.9179,7.593,338.0,45361.0,2419.3125
2428,7.5714,7.0772,1.7343,9.5966,333.0,48017.0,2419.3125
2429,9.6507,8.1075,1.8946,6.1355,306.0,31883.0,2419.3125
2430,6.179,7.0066,2.1067,9.5261,317.0,36845.0,2419.3125
2431,9.503,8.3969,1.8989,7.4304,301.0,31097.0,2419.3125
2432,7.3973,7.0818,1.8694,8.7481,305.0,31263.0,2419.3125
2433,8.7594,8.013,2.0057,7.4449,299.0,31095.0,2419.3125
2434,7.5132,7.0291,1.8759,9.0938,337.0,35078.0,2419.3125
2435,9.0096,7.4764,1.9971,7.6966,299.0,31117.0,2419.3125
2436,7.7402,7.0922,2.7862,8.8982,339.0,40414.0,2419.3125
2437,8.9976,8.748,2.35,8.9189,327.0,34393.0,2419.3125
2438,8.8253,7.2023,3.1402,7.5776,297.0,31045.0,2419.3125
2439,7.5887,8.5559,2.7875,9.0861,342.0,42926.0,2419.3125
2440,9.0866,7.1014,2.3592,7.7622,304.0,31881.0,2419.3125
2441,7.7623,8.8433,2.611,9.6855,329.0,34821.0,2419.3125
2442,9.7031,7.1397,3.1588,8.2181,336.0,42572.0,2419.3125
2443,8.3017,7.8149,2.6208,8.5683,338.0,39243.0,2419.3125
2444,8.5169,7.1346,2.528,10.0118,334.0,33265.0,2419.3125
2445,10.0127,8.3164,2.9033,7.7983,342.0,37567.0,2419.3125
2446,7.7525,7.3559,2.3795,8.9192,341.0,38483.0,2419.3125
2447,8.9621,8.6144,2.4247,8.7671,338.0,34197.0,2419.3125
2448,8.7024,8.3312,2.5104,8.27,335.0,34647.0,2419.3125
2449,8.297,7.4727,3.1907,7.4041,337.0,39951.0,2419.3125
2450,7.3765,7.5039,2.1198,8.7289,342.0,57877.0,2419.3125
2451,8.7554,7.7276,2.4462,8.5318,338.0,33505.0,2419.3125
2452,8.5247,8.0771,2.522,7.6093,326.0,41221.0,2419.3125
2453,7.6139,7.4525,2.423,8.3613,316.0,49205.0,2419.3125
2454,8.3581,8.0168,2.5666,8.5897,314.0,43127.0,2419.3125
2455,8.6293,7.3988,2.7167,9.7099,334.0,66401.0,2419.3125
2456,9.681,7.3082,2.6667,8.4598,317.0,51317.0,2419.3125
2457,8.4634,8.6183,2.7199,6.8594,306.0,32201.0,2419.3125
2458,6.8803,8.2669,2.44,8.5809,306.0,31633.0,2419.3125
2459,8.5907,7.4055,2.1175,9.2541,311.0,33581.0,2419.3125
2460,9.4841,7.8101,3.2022,8.1816,313.0,32373.0,2419.3125
2461,7.9665,7.6335,2.7537,7.5429,335.0,47757.0,2419.3125
2462,7.4971,8.1089,2.4389,9.4256,332.0,38191.0,2419.3125
2463,9.4469,7.5168,2.7986,7.9394,321.0,36041.0,2419.3125
2464,7.936,8.1894,2.6852,8.622,336.0,33219.0,2419.3125
2465,8.5999,7.7235,2.4042,9.5872,335.0,34379.0,2419.3125
2466,9.6334,7.9377,2.6857,8.2464,336.0,37583.0,2419.3125
2467,8.1964,7.7281,2.575,8.0717,333.0,37775.0,2419.3125
2468,8.0965,8.016,2.321,7.4119,334.0,37795.0,2419.3125
2469,7.421,7.7516,2.1725,8.4695,333.0,35589.0,2419.3125
2470,8.4037,8.1526,2.0616,8.4545,333.0,33205.0,2419.3125
2471,8.4481,7.6539,2.1442,8.6472,335.0,33369.0,2419.3125
2472,8.695,7.9253,2.3605,7.9335,333.0,33299.0,2419.3125
2473,7.8872,7.7208,2.1024,8.0409,335.0,34873.0,2419.3125
2474,8.1709,8.1084,1.8365,8.5575,333.0,35525.0,2419.3125
2475,8.4133,7.4685,1.6015,8.6477,338.0,45313.0,2419.3125
2476,8.6471,7.989,1.505,8.3593,335.0,48041.0,2419.3125
2477,8.3402,7.4611,1.6721,8.0625,310.0,32171.0,2419.3125
2478,8.3952,7.845,2.2722,9.0312,318.0,36761.0,2419.3125
2479,8.7548,7.7144,2.0258,6.6872,301.0,31097.0,2419.3125
2480,6.7546,8.1221,2.0378,9.6254,303.0,31287.0,2419.3125
2481,9.5103,7.6003,1.807,7.0321,300.0,31107.0,2419.3125
2482,7.1292,7.9358,2.0472,9.9216,337.0,35078.0,2419.3125
2483,9.8692,7.2751,2.2874,7.6155,297.0,31093.0,2419.3125
2484,7.6902,8.1167,2.2927,9.2873,341.0,40486.0,2419.3125
2485,9.2393,7.4381,2.8417,7.5536,325.0,34369.0,2419.3125
2486,7.5481,8.1006,1.9438,8.0587,298.0,31105.0,2419.3125
2487,8.0516,7.486,1.7641,8.1323,339.0,42890.0,2419.3125
2488,8.1366,7.7405,1.8421,8.3983,309.0,33061.0,2419.3125
2489,8.3671,7.4742,1.884,7.408,325.0,33653.0,2419.3125
2490,7.4484,7.9755,1.7774,9.5294,339.0,42656.0,2419.3125
2491,9.5025,7.3619,1.8691,6.9556,339.0,39255.0,2419.3125
2492,6.9896,8.0812,2.0669,10.1828,333.0,33253.0,2419.3125
2493,10.193,7.7205,2.1608,9.0375,341.0,37555.0,2419.3125
2494,9.0441,7.9577,2.8394,7.7395,342.0,38495.0,2419.3125
2495,7.7759,7.975,2.5561,8.0846,337.0,34185.0,2419.3125
2496,8.07,8.1285,2.5674,8.2539,336.0,34611.0,2419.3125
2497,8.1901,7.7227,2.0867,8.4838,337.0,39951.0,2419.3125
2498,8.4916,7.994,1.9284,8.3396,343.0,57889.0,2419.3125
2499,8.3269,7.6242,1.8054,8.8709,335.0,33469.0,2419.3125
2500,8.8853,7.8249,1.8156,7.6921,327.0,41233.0,2419.3125
2501,7.7607,7.0706,2.0381,8.2905,314.0,49181.0,2419.3125
2502,8.1993,8.1194,1.9504,7.8892,315.0,48515.0,2419.3125
2503,7.9255,7.5505,2.0407,9.802,335.0,62869.0,2419.3125
2504,9.7784,8.076,1.9949,6.8726,318.0,49641.0,2419.3125
2505,6.8684,7.7633,1.9599,8.5701,304.0,32081.0,2419.3125
2506,8.6488,8.042,1.9504,9.0272,308.0,31645.0,2419.3125
2507,8.967,7.6299,1.8514,7.2904,309.0,33593.0,2419.3125
2508,7.3161,8.0324,1.7911,9.4031,319.0,37873.0,2419.3125
2509,9.3827,7.7175,2.1003,7.9224,337.0,42617.0,2419.3125
2510,7.9709,7.8757,2.1565,8.9421,332.0,39771.0,2419.3125
2511,8.8921,7.595,1.9888,7.2895,320.0,34329.0,2419.3125
2512,7.2928,8.1144,2.1164,8.3668,337.0,33267.0,2419.3125
2513,8.3693,7.5343,1.9159,8.5957,333.0,34199.0,2419.3125
2514,8.5897,8.0986,1.9262,8.834,340.0,39155.0,2419.3125
2515,8.9287,7.491,1.8591,7.2572,337.0,38787.0,2419.3125
2516,7.199,8.1157,1.876,9.4327,336.0,37807.0,2419.3125
2517,9.3709,7.4237,2.0277,8.3117,334.0,35589.0,2419.3125
2518,8.4212,8.3159,1.9686,8.4567,336.0,33277.0,2419.3125
2519,8.3599,7.52,1.8909,8.3893,335.0,33869.0,2419.3125
2520,8.433,8.085,2.1009,8.0511,337.0,34871.0,2419.3125
2521,8.0086,7.7097,1.9323,8.8709,336.0,35897.0,2419.3125
2522,8.911,7.8765,1.8529,8.336,335.0,35537.0,2419.3125
2523,8.2762,7.7117,1.833,7.799,337.0,45289.0,2419.3125
2524,7.8326,8.0127,1.6501,8.8529,334.0,47969.0,2419.3125
2525,8.8506,7.4831,1.8282,8.1313,313.0,32291.0,2419.3125
2526,8.1561,7.2769,2.1762,7.7222,315.0,37129.0,2419.3125
2527,7.709,7.4795,1.7968,7.8151,304.0,31217.0,2419.3125
2528,7.7776,7.8991,1.5483,8.7853,304.0,31287.0,2419.3125
2529,8.7979,7.4771,1.7774,7.6127,301.0,31155.0,2419.3125
2530,7.6228,8.0255,1.7578,9.368,338.0,35078.0,2419.3125
2531,9.3612,7.6768,2.1395,7.2701,299.0,31105.0,2419.3125
2532,7.3545,8.0739,2.0285,9.4677,343.0,40546.0,2419.3125
2533,9.3434,7.3613,1.9538,8.6389,327.0,34381.0,2419.3125
2534,8.7496,7.9769,2.436,7.7352,299.0,31105.0,2419.3125
2535,7.7086,7.4281,1.7589,8.3262,341.0,42902.0,2419.3125
2536,8.3213,7.9962,1.8417,8.1966,308.0,33037.0,2419.3125
2537,8.188,7.6117,2.0365,7.9249,326.0,33701.0,2419.3125
2538,7.896,8.0904,1.846,9.2128,337.0,42620.0,2419.3125
2539,9.2069,7.4735,1.8584,8.0586,341.0,39267.0,2419.3125
2540,8.1646,8.064,2.112,7.6573,333.0,33531.0,2419.3125
2541,7.6488,7.5178,1.7804,8.6654,342.0,37289.0,2419.3125
2542,8.5977,8.0361,2.0051,8.4569,341.0,38483.0,2419.3125
2543,8.4548,7.3737,1.9583,7.7764,338.0,34197.0,2419.3125
2544,7.8195,7.4429,2.1283,7.4289,337.0,34671.0,2419.3125
2545,7.4333,7.8623,1.9937,9.5703,337.0,39951.0,2419.3125
2546,9.5691,7.8154,2.2559,7.9896,342.0,57877.0,2419.3125
2547,7.9482,7.432,2.1642,7.0812,336.0,36817.0,2419.3125
2548,7.1461,7.4584,2.172,8.5536,323.0,37657.0,2419.3125
2549,8.5555,7.5915,2.0041,6.5053,313.0,49073.0,2419.3125
2550,6.4083,6.7374,1.8506,9.1713,315.0,54281.0,2419.3125
2551,9.2366,8.1532,1.8065,7.52,333.0,57079.0,2419.3125
2552,7.4993,6.7555,1.7612,8.2268,316.0,49521.0,2419.3125
2553,8.2189,7.943,1.9845,7.6927,303.0,32069.0,2419.3125
2554,7.6692,6.7147,1.6966,8.2249,309.0,31669.0,2419.3125
2555,8.2675,8.2974,2.0123,7.1719,309.0,33605.0,2419.3125
2556,7.1291,6.7425,1.7215,8.2227,324.0,38185.0,2419.3125
2557,8.2257,7.9083,1.7867,8.7878,330.0,42353.0,2419.3125
2558,8.7948,6.7821,2.128,7.4165,333.0,39891.0,2419.3125
2559,7.4464,8.1773,2.2482,7.9188,319.0,34281.0,2419.3125
2560,7.8824,6.7784,1.777,7.3842,335.0,33375.0,2419.3125
2561,7.705,7.7349,2.289,8.5716,334.0,34371.0,2419.3125
2562,8.255,7.0872,1.8657,10.1091,336.0,38583.0,2419.3125
2563,10.1662,7.4702,2.1826,6.2502,334.0,36615.0,2419.3125
2564,6.2566,6.7667,1.7748,10.2706,362.0,44794.0,2421.6875
2565,10.3422,6.6872,2.286,9.9297,240.0,20459.0,2421.6875
2566,9.8025,6.6872,2.1385,8.0172,299.0,25463.0,2421.6875
2567,8.0259,7.5483,2.0511,6.2534,126.0,3501.0,2421.6875
2568,6.2457,6.0368,1.8376,5.857,120.0,3141.0,2421.6875
2569,5.9258,6.4114,2.023,8.0073,139.0,4329.0,2419.3125
2570,7.9689,5.916,1.9765,5.8697,132.0,3861.0,2419.3125
2571,5.8636,5.4453,1.8976,7.3421,164.0,5733.0,2419.3125
2572,7.3497,6.6643,1.987,7.3187,153.0,5121.0,2419.3125
2573,7.3757,6.3373,1.9017,7.5786,157.0,5125.0,2419.3125
2574,7.5537,6.1089,1.9819,6.5917,158.0,5137.0,2419.3125
2575,6.6588,6.1089,2.4137,5.0058,158.0,5267.0,2419.3125
2576,4.8748,5.4109,2.0487,6.5461,155.0,5123.0,2419.3125
2577,6.5635,5.402,2.2216,8.2298,159.0,8865.0,2419.3125
2578,8.2709,5.402,1.8962,5.9483,160.0,8897.0,2419.3125
2579,5.9592,6.4325,2.1098,7.3034,161.0,12634.0,2419.3125
2580,7.2926,5.8691,1.9377,5.4032,154.0,11609.0,2419.3125
2581,5.3889,5.4388,1.726,7.0293,157.0,8094.0,2419.3125
2582,7.0898,6.6464,2.5173,6.9052,155.0,7131.0,2291.3125
2583,6.8613,5.488,2.3422,6.1298,156.0,7024.0,2291.3125
2584,6.2191,6.5802,2.0214,7.8439,159.0,10205.0,2291.3125
2585,7.7473,5.4463,1.8973,5.4165,156.0,8416.0,2291.3125
2586,5.3835,5.4362,1.8255,6.6472,155.0,5629.0,2291.3125
2587,6.6229,6.0819,2.008,6.5621,154.0,6081.0,2291.3125
2588,6.5904,5.4977,2.3447,6.9412,158.0,23783.0,2291.3125
2589,6.9701,6.3685,2.1201,7.2591,134.0,3717.0,2291.3125
2590,7.2571,6.3235,2.1801,5.0253,128.0,3309.0,2291.3125
2591,4.9884,5.5021,1.5299,6.9286,159.0,16401.0,2291.3125
2592,6.9578,6.8539,1.3816,6.6555,157.0,15177.0,2291.3125
2593,6.6195,5.3988,1.5518,6.2589,156.0,6963.0,2291.3125
2594,6.3109,6.4492,1.8555,7.1933,157.0,8421.0,2291.3125
2595,7.1383,5.7763,1.7233,5.3732,154.0,8823.0,2291.3125
2596,5.4087,5.3558,1.3965,6.483,154.0,10179.0,2291.3125
2597,6.5054,6.2055,1.7709,6.292,154.0,24671.0,2291.3125
2598,6.2987,5.7474,1.7293,6.3874,154.0,5277.0,2291.3125
2599,6.347,5.659,1.4852,7.2244,154.0,5153.0,2291.3125
2600,7.2198,5.8215,1.6139,5.6845,156.0,7024.0,2291.3125
2601,5.6326,5.4088,1.5525,6.0996,154.0,5153.0,2291.3125
2602,6.1124,6.3466,1.4047,6.8148,137.0,4721.0,2291.3125
2603,6.7736,5.7548,1.4874,6.0531,159.0,23315.0,2291.3125
2604,6.1443,5.3893,1.5552,6.0545,158.0,17909.0,2291.3125
2605,6.0716,6.5069,1.7582,6.9763,158.0,7213.0,2291.3125
2606,6.9267,5.4367,1.8859,5.523,159.0,10101.0,2291.3125
2607,5.5598,5.6146,1.7049,6.9799,159.0,13735.0,2291.3125
2608,6.9634,6.1656,1.6851,6.2734,161.0,32361.0,2291.3125
2609,6.221,5.3715,1.8723,6.5784,160.0,23937.0,2291.3125
2610,6.6241,6.6235,1.5533,6.9282,156.0,16521.0,2291.3125
2611,6.9485,5.3707,1.5119,5.7491,154.0,9425.0,2291.3125
2612,5.8168,5.3952,1.5477,7.3248,154.0,6101.0,2291.3125
2613,7.3792,6.8116,1.8316,5.7214,154.0,8269.0,2291.3125
2614,5.5902,5.3381,1.5575,6.828,154.0,7847.0,2291.3125
2615,6.8354,6.3473,1.7008,5.8576,154.0,33223.0,2291.3125
2616,5.8622,5.8542,1.6994,6.1861,127.0,19229.0,2291.3125
2617,6.1146,5.4334,1.1964,6.2342,119.0,3005.0,2291.3125
2618,6.2324,6.7723,1.26,7.0464,122.0,3185.0,2291.3125
2619,7.0359,5.2971,1.2452,5.0892,118.0,2993.0,2291.3125
2620,5.1619,5.5608,1.5639,8.0944,121.0,3173.0,2291.3125
2621,8.0711,5.8378,2.3794,5.7993,122.0,2997.0,2291.3125
2622,5.8788,5.4302,2.1022,5.7591,122.0,2997.0,2291.3125
2623,5.6766,6.421,1.6582,7.0921,122.0,2997.0,2291.3125
2624,7.0584,5.9558,1.5765,5.8351,120.0,2995.0,2291.3125
2625,5.9272,5.3559,1.6212,6.0757,124.0,3235.0,2291.3125
2626,6.0411,6.5365,1.6652,6.6814,120.0,2995.0,2291.3125
2627,6.719,5.4185,1.5684,6.3201,127.0,3485.0,2291.3125
2628,6.3196,6.2522,1.8505,6.4365,118.0,2993.0,2291.3125
2629,6.4039,5.8029,1.5966,6.0923,132.0,3833.0,2291.3125
2630,6.1296,5.3351,1.9232,5.978,129.0,3653.0,2291.3125
2631,5.9921,6.4183,1.7951,7.5469,154.0,5153.0,2291.3125
2632,7.5037,5.3685,1.6875,5.8632,154.0,5153.0,2291.3125
2633,5.8641,5.4251,1.8041,6.2243,154.0,5153.0,2291.3125
2634,6.223,6.6797,1.7547,6.2962,154.0,5153.0,2291.3125
2635,6.2841,5.4727,1.5611,6.2231,155.0,5295.0,2291.3125
2636,6.2067,6.3807,1.5886,7.3306,155.0,5165.0,2291.3125
2637,7.3226,5.9997,1.6471,6.0676,162.0,8899.0,2291.3125
2638,6.1199,5.3848,1.7071,6.9072,162.0,8899.0,2291.3125
2639,6.9131,6.8294,1.9208,6.5903,164.0,10315.0,2291.3125
2640,6.6364,5.5155,1.9744,6.8108,158.0,13482.0,2291.3125
2641,6.8177,5.906,2.3059,6.7858,157.0,6225.0,2291.3125
2642,6.7634,6.0869,2.179,5.7502,158.0,9456.0,2291.3125
2643,5.7351,5.5334,1.7463,6.3009,156.0,7024.0,2291.3125
2644,6.2556,7.1482,1.5708,6.6105,156.0,8044.0,2291.3125
2645,6.6072,5.3891,1.5587,5.8576,156.0,8230.0,2291.3125
2646,5.8609,5.53,1.5262,6.9645,157.0,7964.0,2291.3125
2647,6.9471,6.6821,1.6056,6.2301,154.0,5617.0,2291.3125
2648,6.2407,5.3253,1.2439,6.6839,156.0,18941.0,2291.3125
2649,6.7526,5.8989,1.7468,6.9394,141.0,9607.0,2291.3125
2650,6.9431,6.0225,1.6393,5.5327,123.0,3293.0,2291.3125
2651,5.4794,5.4135,1.3994,6.6321,154.0,16385.0,2291.3125
2652,6.6976,6.9079,1.8125,6.4776,155.0,15175.0,2291.3125
2653,6.387,5.4781,1.4401,6.8971,158.0,6965.0,2291.3125
2654,7.001,6.2921,1.5882,6.2927,160.0,8435.0,2291.3125
2655,6.2126,6.0815,1.613,6.1579,158.0,8827.0,2291.3125
2656,6.2086,5.3895,1.3996,6.2016,156.0,10181.0,2291.3125
2657,6.3511,6.5535,1.939,6.9225,156.0,24673.0,2291.3125
2658,6.7279,5.4235,1.6732,5.592,156.0,5279.0,2291.3125
2659,5.6491,5.6055,1.9061,7.3583,154.0,5153.0,2291.3125
2660,7.315,6.7137,1.9688,6.6842,156.0,7024.0,2291.3125
2661,6.6651,5.6478,1.5921,6.8588,155.0,5165.0,2291.3125
2662,6.9332,6.4291,2.0604,6.5813,138.0,4733.0,2291.3125
2663,6.4839,6.265,1.6115,5.5333,159.0,23315.0,2291.3125
2664,5.5722,5.752,1.8842,7.9642,157.0,17897.0,2291.3125
2665,7.9339,7.0823,1.8609,6.3014,154.0,7209.0,2291.3125
2666,6.3144,5.5562,1.7862,6.3894,155.0,10097.0,2291.3125
2667,6.4521,6.5917,1.8766,6.7944,155.0,13731.0,2291.3125
2668,6.7062,5.5729,1.655,6.3178,159.0,32359.0,2291.3125
2669,6.3961,5.7013,2.109,7.271,161.0,23927.0,2291.3125
2670,7.2927,6.8355,2.1709,6.7293,160.0,16547.0,2291.3125
2671,6.6782,5.7749,2.1502,6.7577,158.0,9429.0,2291.3125
2672,6.7829,7.067,2.0401,7.9141,156.0,6103.0,2291.3125
2673,7.9556,5.6482,1.916,7.2053,157.0,8283.0,2291.3125
2674,7.2474,6.6902,2.766,6.5271,156.0,7849.0,2291.3125
2675,6.4531,6.3358,2.0262,6.3675,154.0,33223.0,2291.3125
2676,6.327,5.7216,1.6209,7.643,127.0,19229.0,2291.3125
2677,7.6829,7.2662,2.0169,7.3342,118.0,2993.0,2291.3125
2678,7.3339,5.7256,1.9885,6.5236,121.0,3173.0,2291.3125
2679,6.7473,6.8988,2.2738,7.37,118.0,2993.0,2291.3125
2680,7.1514,5.8879,2.0888,7.973,121.0,3173.0,2291.3125
2681,7.9922,5.8879,2.3089,6.8905,119.0,3005.0,2291.3125
2682,6.9365,5.7446,2.4723,5.4943,118.0,2993.0,2291.3125
2683,5.4158,6.0882,1.77,7.3384,118.0,2993.0,2291.3125
2684,7.3862,6.7448,1.9653,6.4776,118.0,2993.0,2291.3125
2685,6.4137,5.6428,1.7081,6.691,127.0,3249.0,2291.3125
2686,6.6917,6.6264,2.0599,6.8874,123.0,3009.0,2291.3125
2687,6.9065,6.2915,1.7288,7.4468,130.0,3477.0,2291.3125
2688,7.4212,5.6412,1.5874,5.9397,120.0,2995.0,2291.3125
2689,5.9707,6.8179,2.0386,7.4227,135.0,3847.0,2291.3125
2690,7.3983,5.5801,1.6778,6.7589,131.0,3655.0,2291.3125
2691,6.8121,5.62,2.0725,6.3718,154.0,5153.0,2291.3125
2692,6.3482,5.6588,1.8208,6.2717,154.0,5153.0,2291.3125
2693,6.2161,5.6892,1.6644,6.8179,154.0,5153.0,2291.3125
2694,6.8683,6.8077,1.9142,6.6711,154.0,5153.0,2291.3125
2695,6.6673,5.668,1.703,8.5471,156.0,5307.0,2291.3125
2696,8.586,6.8374,2.0372,5.7545,154.0,5153.0,2291.3125
2697,5.677,5.6135,1.948,6.2776,159.0,8907.0,2291.3125
2698,6.326,5.6413,1.8369,7.2433,158.0,8895.0,2291.3125
2699,7.2684,6.8488,2.256,6.022,158.0,10287.0,2291.3125
2700,5.9473,5.6363,1.645,7.2202,156.0,13480.0,2291.3125
2701,7.2961,6.6906,1.936,7.0824,159.0,6227.0,2291.3125
2702,7.0072,5.8603,2.1323,6.2182,161.0,9470.0,2291.3125
2703,6.2985,5.7313,1.9094,7.0394,160.0,7028.0,2291.3125
2704,7.0073,7.152,1.8721,6.3741,158.0,8046.0,2291.3125
2705,6.3139,5.613,1.7202,6.8273,158.0,8232.0,2291.3125
2706,6.9136,6.6387,1.9955,7.1764,158.0,7954.0,2291.3125
2707,7.1663,6.2831,1.8146,6.0453,154.0,5617.0,2291.3125
2708,6.0538,5.6079,1.8142,7.1541,156.0,18941.0,2291.3125
2709,7.1391,6.5132,2.002,6.1528,142.0,9619.0,2291.3125
2710,6.0859,5.6843,1.5484,6.4743,123.0,3293.0,2291.3125
2711,6.5699,6.5271,2.5966,7.0763,154.0,16385.0,2291.3125
2712,7.4364,5.5614,3.6353,6.1876,156.0,15187.0,2291.3125
2713,5.9978,5.8888,2.7867,7.7141,154.0,6961.0,2291.3125
2714,7.5546,7.0183,1.6321,6.2541,154.0,8407.0,2291.3125
2715,6.1673,5.6047,1.5815,6.2037,154.0,8823.0,2291.3125
2716,6.2938,6.4288,1.8594,6.7735,154.0,10179.0,2291.3125
2717,6.7208,5.9768,2.1307,6.173,158.0,24675.0,2291.3125
2718,6.1344,5.6086,1.5859,7.2993,158.0,5281.0,2291.3125
2719,7.3541,6.3327,2.242,6.5949,160.0,5181.0,2291.3125
2720,6.5702,5.6698,1.7073,6.1825,159.0,7038.0,2291.3125
2721,6.2518,6.8675,1.8654,7.6146,157.0,5167.0,2291.3125
2722,7.5668,5.6079,1.5726,5.6305,140.0,4783.0,2291.3125
2723,5.5901,5.6748,1.7258,7.6032,159.0,23315.0,2291.3125
2724,7.6395,6.1197,2.0715,6.0058,157.0,17897.0,2291.3125
2725,5.9715,5.7327,1.5798,6.8001,154.0,7209.0,2291.3125
2726,6.8871,6.3237,1.8455,6.7824,155.0,11693.0,2291.3125
2727,6.7076,6.0945,2.1977,5.825,155.0,12135.0,2291.3125
2728,5.8119,5.6303,1.4411,7.5792,160.0,32371.0,2291.3125
2729,7.6107,6.8188,1.8156,6.1031,157.0,23923.0,2291.3125
2730,6.0996,5.6032,1.5579,6.5183,154.0,16519.0,2291.3125
2731,6.5712,6.3829,1.8193,6.9646,154.0,9425.0,2291.3125
2732,6.9047,6.1078,1.7046,5.9178,155.0,6113.0,2291.3125
2733,5.8806,5.5377,1.4754,7.2337,159.0,8285.0,2291.3125
2734,7.3728,5.9749,2.2921,6.3013,160.0,13107.0,2291.3125
2735,6.2309,5.7313,2.0526,6.615,158.0,33227.0,2291.3125
2736,6.7708,6.5737,2.0985,6.3591,128.0,13939.0,2291.3125
2737,6.1648,6.1129,1.8981,7.5765,120.0,2995.0,2291.3125
2738,7.6003,5.6191,1.9444,6.8615,123.0,3175.0,2291.3125
2739,6.8532,6.5137,1.6824,6.5455,118.0,2993.0,2291.3125
2740,6.578,5.6186,2.323,6.8309,121.0,3173.0,2291.3125
2741,6.8712,6.3441,2.4017,6.1667,118.0,2993.0,2291.3125
2742,6.1104,6.1941,1.6101,6.2924,118.0,2993.0,2291.3125
2743,6.2509,5.6229,1.4864,7.6886,118.0,2993.0,2291.3125
2744,7.7358,6.9965,1.8696,5.9975,118.0,2993.0,2291.3125
2745,5.9985,5.56,1.6043,6.9677,123.0,3245.0,2291.3125
2746,6.9452,6.854,1.6147,6.6152,118.0,2993.0,2291.3125
2747,6.6114,5.5414,1.6469,5.9866,126.0,3473.0,2291.3125
2748,6.3172,5.5667,2.1396,7.0995,118.0,2993.0,2291.3125
2749,6.8149,6.9927,2.0271,6.4155,136.0,3837.0,2291.3125
2750,6.3776,5.6427,1.6075,6.6532,134.0,3669.0,2291.3125
2751,6.7226,6.6524,1.9141,7.3677,158.0,5157.0,2291.3125
2752,7.3074,5.6964,1.6514,5.9626,156.0,5155.0,2291.3125
2753,5.9224,5.545,1.3216,6.4846,157.0,5167.0,2291.3125
2754,6.5346,6.8513,1.6385,6.3605,156.0,5155.0,2291.3125
2755,6.3351,5.5701,1.5261,7.0186,155.0,5295.0,2291.3125
2756,7.0533,6.6667,2.0964,6.4626,154.0,5153.0,2291.3125
2757,6.4285,6.0561,1.5601,6.5194,159.0,8907.0,2291.3125
2758,6.5057,5.5894,1.9256,6.0638,158.0,8895.0,2291.3125
2759,6.1214,6.037,1.5584,7.1283,159.0,10299.0,2291.3125
2760,7.0998,5.6212,1.5269,6.5296,157.0,13492.0,2291.3125
2761,6.5379,6.3351,1.5104,6.7585,155.0,6223.0,2291.3125
2762,6.741,6.1472,1.507,6.447,156.0,9454.0,2291.3125
2763,6.4835,5.5611,1.4254,6.6816,156.0,7024.0,2291.3125
2764,6.7042,7.161,1.5901,7.2895,157.0,8056.0,2291.3125
2765,7.2166,5.626,1.5226,6.4017,160.0,8234.0,2291.3125
2766,6.443,6.342,1.6457,6.4198,160.0,7956.0,2291.3125
2767,6.4084,6.23,1.6218,6.6848,158.0,5621.0,2291.3125
2768,6.6662,5.7018,1.4776,7.2049,159.0,18955.0,2291.3125
2769,7.2489,6.465,2.0154,6.3105,145.0,9681.0,2291.3125
2770,6.2873,5.6468,1.6614,6.0968,126.0,3307.0,2291.3125
2771,6.1595,6.6228,1.8325,7.2308,154.0,18961.0,2291.3125
2772,7.1586,5.9846,1.7126,6.046,156.0,12611.0,2291.3125
2773,6.0181,5.5992,1.4214,7.5417,154.0,6961.0,2291.3125
2774,7.6113,6.8219,1.5758,5.9988,154.0,9313.0,2291.3125
2775,5.9428,5.6341,1.5684,5.7739,154.0,7917.0,2291.3125
2776,5.8087,5.6256,1.461,7.5158,154.0,11583.0,2291.3125
2777,7.5611,5.9968,1.8773,5.891,154.0,23267.0,2291.3125
2778,5.819,5.659,1.5188,6.5729,154.0,5277.0,2291.3125
2779,6.6212,6.8212,1.669,7.5331,154.0,5153.0,2291.3125
2780,7.5312,5.6047,2.1155,5.7574,156.0,7024.0,2291.3125
2781,5.7976,5.578,1.6422,7.296,158.0,5157.0,2291.3125
2782,7.2644,6.9846,1.7409,6.2902,143.0,4797.0,2291.3125
2783,6.2216,5.6189,1.4929,6.1927,163.0,23319.0,2291.3125
2784,6.3052,6.866,1.6864,7.4433,160.0,17911.0,2291.3125
2785,7.3524,5.6044,1.426,5.8725,156.0,7211.0,2291.3125
2786,5.9079,5.8663,1.7624,7.4355,157.0,11695.0,2291.3125
2787,7.4282,6.7378,1.6094,5.97,155.0,12135.0,2291.3125
2788,5.9778,5.6546,1.6253,6.746,159.0,33955.0,2291.3125
2789,6.7764,6.3251,1.7099,6.7682,159.0,22351.0,2291.3125
2790,6.6911,6.1203,1.6574,5.859,154.0,16519.0,2291.3125
2791,5.8457,5.6178,1.5088,7.3979,155.0,9437.0,2291.3125
2792,7.4453,6.8923,1.7282,6.1423,155.0,6269.0,2291.3125
2793,6.1217,5.5818,1.3631,6.8768,154.0,8113.0,2291.3125
2794,6.9436,6.6942,1.8474,6.9285,154.0,13079.0,2291.3125
2795,6.9005,5.9878,2.2768,5.9279,154.0,33223.0,2291.3125
2796,5.8955,5.6322,1.8066,6.825,126.0,13889.0,2291.3125
2797,6.8151,6.9681,1.52,6.5141,123.0,3009.0,2291.3125
2798,6.5694,5.6286,1.4444,6.5283,125.0,3177.0,2291.3125
2799,6.5362,6.5589,1.839,7.2879,122.0,2997.0,2291.3125
2800,7.27,6.2065,1.6891,5.8181,123.0,3175.0,2291.3125
2801,5.7678,5.523,1.3574,7.1389,120.0,2995.0,2291.3125
2802,7.2322,6.7303,1.5964,6.1881,120.0,2995.0,2291.3125
2803,6.1319,5.5328,1.4897,6.4307,118.0,2993.0,2291.3125
2804,6.7491,6.3096,1.9042,6.3988,118.0,2993.0,2291.3125
2805,6.0881,5.9398,1.4465,6.499,123.0,3245.0,2291.3125
2806,6.4747,5.6052,1.6258,6.3874,118.0,2993.0,2291.3125
2807,6.4388,6.9149,1.5291,7.9351,126.0,3473.0,2291.3125
2808,7.8901,5.5932,1.3703,5.5694,118.0,2993.0,2291.3125
2809,5.5794,6.4361,1.3308,7.3705,132.0,3833.0,2291.3125
2810,7.3587,5.6275,1.4672,5.7471,129.0,3653.0,2291.3125
2811,5.7273,5.6716,1.3573,6.732,154.0,5153.0,2291.3125
2812,6.8115,7.0947,1.5695,7.4936,155.0,5165.0,2291.3125
2813,7.4361,5.5929,1.5815,6.0389,159.0,5169.0,2291.3125
2814,6.0483,6.5996,1.4947,7.531,159.0,5169.0,2291.3125
2815,7.5324,6.3104,1.4161,6.2536,159.0,5299.0,2291.3125
2816,6.2838,5.6855,1.6659,6.2858,156.0,5155.0,2291.3125
2817,6.2585,6.7278,1.5136,7.0288,160.0,8897.0,2291.3125
2818,7.1355,5.5914,2.1619,5.864,160.0,8897.0,2291.3125
2819,5.8043,6.3204,1.6251,6.768,158.0,10287.0,2291.3125
2820,6.7437,6.0818,1.6261,6.5799,156.0,13480.0,2291.3125
2821,6.5641,5.574,1.5056,6.7524,156.0,6235.0,2291.3125
2822,6.7927,7.0058,1.5795,6.7738,156.0,9454.0,2291.3125
2823,6.7067,5.6175,1.2999,6.369,156.0,7024.0,2291.3125
2824,6.4184,6.3602,1.6505,6.6952,156.0,8044.0,2291.3125
2825,6.6861,6.1406,1.7419,6.3892,156.0,8230.0,2291.3125
2826,6.3453,5.6364,1.3424,6.3996,157.0,7964.0,2291.3125
2827,6.4716,6.343,1.6568,7.1468,154.0,5617.0,2291.3125
2828,7.1744,6.0312,2.0248,5.6149,156.0,18941.0,2291.3125
2829,5.5233,6.5718,1.5104,7.6129,146.0,9671.0,2291.3125
2830,7.6782,6.0858,1.8392,6.1314,132.0,4013.0,2291.3125
2831,6.0623,5.6422,1.4403,6.6111,159.0,18643.0,2291.3125
2832,6.6609,6.4888,1.4568,6.5158,157.0,12471.0,2291.3125
2833,6.5675,6.0695,1.5963,7.2411,156.0,7207.0,2291.3125
2834,7.2352,5.8654,1.6581,6.6367,157.0,9083.0,2291.3125
2835,6.5706,5.9523,1.5718,6.2122,155.0,7881.0,2291.3125
2836,6.1891,5.5917,1.4138,6.6579,155.0,14403.0,2291.3125
2837,6.7156,6.4158,1.7452,6.9098,154.0,20459.0,2291.3125
2838,6.8777,5.6853,1.4754,5.7188,154.0,5277.0,2291.3125
2839,5.6879,5.5791,1.3833,7.591,154.0,5153.0,2291.3125
2840,7.6482,7.0866,1.6569,6.1255,157.0,7036.0,2291.3125
2841,6.0979,5.6199,1.3517,6.6968,154.0,5617.0,2291.3125
2842,6.7338,7.1875,1.5192,6.8751,136.0,4197.0,2291.3125
2843,6.8312,5.5984,1.1594,6.2164,159.0,23315.0,2291.3125
2844,6.255,5.62,1.4833,6.9647,157.0,17897.0,2291.3125
2845,6.9922,6.7139,1.9639,6.9022,159.0,7225.0,2291.3125
2846,6.8575,5.5942,2.1971,6.628,159.0,11697.0,2291.3125
2847,6.6487,6.4009,1.7309,6.3846,160.0,12151.0,2291.3125
2848,6.3456,5.6771,1.4182,6.089,161.0,33957.0,2291.3125
2849,6.0601,5.8103,1.3494,7.4468,159.0,22329.0,2291.3125
2850,7.552,7.0292,1.6212,6.4559,156.0,16521.0,2291.3125
2851,6.375,5.5936,1.3228,6.6492,155.0,9437.0,2291.3125
2852,6.7109,6.7665,1.5826,7.1535,154.0,6415.0,2291.3125
2853,7.1025,5.6068,1.3808,5.6157,154.0,7955.0,2291.3125
2854,5.6503,5.7125,1.5844,7.6454,155.0,13091.0,2291.3125
2855,7.6809,6.8814,1.6998,6.1941,154.0,33223.0,2291.3125
2856,6.1454,5.715,1.6438,6.3453,124.0,13817.0,2291.3125
2857,6.3835,7.1558,1.5501,7.1537,118.0,2993.0,2291.3125
2858,7.0905,5.5973,1.2978,5.8176,121.0,3173.0,2291.3125
2859,5.7754,5.5389,1.1235,7.124,118.0,2993.0,2291.3125
2860,7.1988,6.7048,1.4925,6.0558,121.0,3173.0,2291.3125
2861,6.01,5.5484,1.3815,6.7142,122.0,2997.0,2291.3125
2862,6.7447,6.3494,1.647,6.431,123.0,3009.0,2291.3125
2863,6.4843,6.293,1.589,6.8166,122.0,2997.0,2291.3125
2864,6.7979,5.6326,1.4505,7.0544,120.0,2995.0,2291.3125
2865,7.054,6.8056,1.5605,6.2386,125.0,3247.0,2291.3125
2866,6.2099,5.5272,1.3871,6.111,120.0,2995.0,2291.3125
2867,6.119,6.3835,1.5192,7.3517,126.0,3473.0,2291.3125
2868,7.3421,5.9318,1.5779,5.9918,119.0,3005.0,2291.3125
2869,6.0283,5.6436,1.7014,6.4957,133.0,3893.0,2291.3125
2870,6.4675,6.6972,1.4609,6.4353,128.0,3593.0,2291.3125
2871,6.4274,5.6011,1.5017,6.8954,154.0,5153.0,2291.3125
2872,6.882,6.5073,1.4833,7.1026,154.0,5153.0,2291.3125
2873,7.1341,6.0173,1.5423,5.6749,154.0,5153.0,2291.3125
2874,5.6463,5.5948,1.4593,6.7019,154.0,5153.0,2291.3125
2875,6.7767,7.0837,1.6531,6.9961,155.0,5295.0,2291.3125
2876,6.9371,5.5961,1.5175,6.6856,155.0,5165.0,2291.3125
2877,6.7143,6.6691,1.7211,7.336,162.0,8899.0,2291.3125
2878,7.3339,5.9729,1.6461,6.0641,162.0,8899.0,2291.3125
2879,6.1597,5.6958,1.5399,6.3259,162.0,10291.0,2291.3125
2880,6.2551,6.8623,1.6988,7.1077,158.0,13482.0,2291.3125
2881,7.0485,5.6723,1.437,6.1883,157.0,6225.0,2291.3125
2882,6.2113,6.4846,1.7615,7.3346,158.0,9456.0,2291.3125
2883,7.3154,5.9068,1.5588,5.8731,157.0,7036.0,2291.3125
2884,5.8617,5.5803,1.4225,6.5342,156.0,8044.0,2291.3125
2885,6.5838,6.888,1.5031,6.6663,156.0,8230.0,2291.3125
2886,6.6377,5.6095,1.77,6.7089,156.0,7952.0,2291.3125
2887,6.7408,5.7014,1.7738,6.8992,154.0,5617.0,2291.3125
2888,6.8591,6.2428,1.6337,6.0255,156.0,18941.0,2291.3125
2889,5.9778,5.644,1.3991,6.4496,142.0,9667.0,2291.3125
2890,6.4353,6.7854,1.6194,7.2493,136.0,4537.0,2291.3125
2891,7.3513,5.6312,1.7308,6.0778,155.0,21215.0,2291.3125
2892,6.0385,5.7965,1.6948,7.3711,154.0,10125.0,2291.3125
2893,7.4124,6.0883,1.8788,6.2355,159.0,7883.0,2291.3125
2894,6.2332,5.5934,2.0384,6.5751,158.0,9073.0,2291.3125
2895,6.5537,6.7312,1.7785,6.6719,158.0,7139.0,2291.3125
2896,6.6857,5.6285,1.5594,6.0654,157.0,20485.0,2291.3125
2897,6.0252,5.6327,1.3638,7.0136,156.0,14381.0,2291.3125
2898,7.1726,6.5978,2.3627,6.2039,156.0,5155.0,2291.3125
2899,6.0845,5.7512,1.8397,6.6454,154.0,5153.0,2291.3125
2900,6.6796,6.5809,1.9913,7.1915,157.0,7036.0,2291.3125
2901,7.1473,6.0142,1.5734,5.9745,154.0,5741.0,2291.3125
2902,5.9243,5.5996,1.4641,7.1099,159.0,22639.0,2291.3125
2903,7.1953,6.6119,1.6681,6.1837,157.0,18205.0,2291.3125
2904,6.1589,5.6459,1.5474,6.4453,154.0,5889.0,2291.3125
2905,6.459,6.4367,1.3715,7.2507,155.0,13381.0,2291.3125
2906,7.2908,6.0079,1.5389,5.9087,155.0,11229.0,2291.3125
2907,5.8266,5.664,1.3302,7.4551,158.0,23389.0,2291.3125
2908,7.4915,6.9111,2.3319,6.0519,158.0,28437.0,2291.3125
2909,6.0545,5.6525,1.5359,6.7769,138.0,14455.0,2291.3125
2910,6.8319,6.7345,1.6024,6.7717,159.0,11303.0,2291.3125
2911,6.6814,5.6578,1.4814,5.9287,158.0,9745.0,2291.3125
2912,5.9671,5.5533,1.43,6.5461,156.0,6259.0,2291.3125
2913,6.5872,7.1115,1.7554,7.216,156.0,8579.0,2291.3125
2914,7.1265,5.6194,1.9763,6.5148,157.0,12847.0,2291.3125
2915,6.5676,6.8019,1.7192,7.3213,154.0,37921.0,2291.3125
2916,7.2671,5.9451,1.4719,5.5141,118.0,8225.0,2291.3125
2917,5.5058,5.7123,1.4353,7.2865,118.0,2993.0,2291.3125
2918,7.3758,6.9402,1.6985,6.4419,121.0,3173.0,2291.3125
2919,6.3915,5.5848,1.9891,6.0452,118.0,2993.0,2291.3125
2920,6.09,6.5179,1.5377,7.398,121.0,3173.0,2291.3125
2921,7.3498,5.943,1.4662,6.15,118.0,2993.0,2291.3125
2922,6.119,5.5349,1.2887,6.2745,118.0,2993.0,2291.3125
2923,6.3639,6.8862,1.7593,6.9088,118.0,2993.0,2291.3125
2924,6.8594,5.534,1.5483,5.7223,118.0,2993.0,2291.3125
2925,5.7428,6.3163,1.4976,7.0569,126.0,3237.0,2291.3125
2926,7.0648,6.1589,1.7251,6.5701,122.0,2997.0,2291.3125
2927,6.5303,5.6132,1.3254,6.2646,130.0,3477.0,2291.3125
2928,6.2619,7.1821,1.5927,7.6076,120.0,2995.0,2291.3125
2929,7.6519,5.6251,1.5658,5.7491,136.0,3955.0,2291.3125
2930,5.7421,5.5255,1.5084,7.2577,129.0,3535.0,2291.3125
2931,7.2566,6.124,1.5461,6.2363,154.0,5153.0,2291.3125
2932,6.3183,5.5703,1.7087,6.5658,154.0,5153.0,2291.3125
2933,6.5353,6.7924,1.4753,7.1237,154.0,5153.0,2291.3125
2934,7.04,5.5302,1.3959,5.7404,154.0,5153.0,2291.3125
2935,5.7702,5.8884,2.0302,7.0565,155.0,5295.0,2291.3125
2936,7.0169,6.7882,1.62,6.5495,154.0,5153.0,2291.3125
2937,6.521,5.6555,1.4097,6.472,159.0,8907.0,2291.3125
2938,6.5954,6.5571,1.5967,7.3461,159.0,8907.0,2291.3125
2939,7.2664,5.662,1.5094,5.8317,158.0,10287.0,2291.3125
2940,5.8561,5.6016,1.7365,7.1155,157.0,13492.0,2291.3125
2941,7.1551,6.7919,1.7239,6.1138,159.0,6227.0,2291.3125
2942,6.0435,5.5994,1.4394,6.4878,160.0,9458.0,2291.3125
2943,6.5667,7.0191,1.6525,7.3646,161.0,7040.0,2291.3125
2944,7.3358,5.5801,1.3639,5.7917,158.0,8046.0,2291.3125
2945,5.7406,5.5931,1.3243,7.8326,158.0,8232.0,2291.3125
2946,7.9878,6.7321,2.8786,6.4189,158.0,7954.0,2291.3125
2947,6.347,5.708,2.7347,6.5625,155.0,5629.0,2291.3125
2948,6.5544,6.7424,1.8901,6.3888,156.0,18941.0,2291.3125
2949,6.3131,5.7127,1.7156,5.9082,144.0,9787.0,2291.3125
2950,5.9293,5.6174,1.5141,7.4807,141.0,7413.0,2291.3125
2951,7.5201,7.2834,1.7889,6.1873,157.0,18783.0,2291.3125
2952,6.1486,5.5505,1.5811,7.1136,154.0,10005.0,2291.3125
2953,7.1409,7.014,1.7368,6.4922,152.0,8653.0,2291.3125
2954,6.4801,5.6108,1.5239,6.0861,154.0,8163.0,2291.3125
2955,6.089,5.6528,1.4685,7.1789,150.0,6895.0,2291.3125
2956,7.2084,6.9969,1.7665,6.4693,154.0,20471.0,2291.3125
2957,6.4109,5.615,1.501,6.8434,158.0,14383.0,2291.3125
2958,6.9123,6.4842,1.6661,6.9299,158.0,5157.0,2291.3125
2959,6.9227,5.9858,1.5124,5.8719,158.0,5157.0,2291.3125
2960,5.8197,5.5785,1.6287,6.3854,158.0,7026.0,2291.3125
2961,6.4044,6.8499,1.5797,7.033,155.0,5683.0,2291.3125
2962,6.9998,5.5565,1.3256,6.6359,162.0,22653.0,2291.3125
2963,6.7092,5.9182,1.7797,7.698,157.0,18205.0,2291.3125
2964,7.6674,6.0498,1.6624,5.7826,154.0,5889.0,2291.3125
2965,5.7617,5.7399,1.3992,7.3599,156.0,13393.0,2291.3125
2966,7.3832,7.1074,1.6148,6.1601,156.0,11241.0,2291.3125
2967,6.116,5.6414,1.5798,6.5296,157.0,23377.0,2291.3125
2968,6.6144,6.5582,1.7026,6.9571,157.0,28425.0,2291.3125
2969,6.8675,6.0245,1.5524,6.0846,139.0,14751.0,2291.3125
2970,6.1383,5.5783,1.5276,7.087,154.0,12355.0,2291.3125
2971,7.0764,6.9243,1.5815,6.9539,154.0,8829.0,2291.3125
2972,6.964,5.5992,1.5433,5.9146,155.0,7353.0,2291.3125
2973,5.942,7.1538,1.5563,7.1586,159.0,7665.0,2291.3125
2974,7.1131,5.664,1.4161,6.2934,158.0,17757.0,2291.3125
2975,6.4223,5.6333,1.8485,7.3533,155.0,37697.0,2291.3125
2976,7.238,6.9379,1.606,6.0998,120.0,2995.0,2291.3125
2977,6.0866,5.6984,1.4107,6.589,124.0,3187.0,2291.3125
2978,6.6108,6.7143,1.6277,6.9835,120.0,2995.0,2291.3125
2979,6.9842,5.6001,1.5869,5.6196,121.0,3173.0,2291.3125
2980,5.5834,5.5645,1.7997,6.8859,118.0,2993.0,2291.3125
2981,6.9582,6.885,1.6184,6.7291,118.0,2993.0,2291.3125
2982,6.6759,5.5245,1.3863,6.519,119.0,3005.0,2291.3125
2983,6.5513,7.3011,1.6211,7.5028,118.0,2993.0,2291.3125
2984,7.4718,5.5878,1.4695,5.8283,123.0,3245.0,2291.3125
2985,5.832,5.5933,1.3797,6.2851,118.0,2993.0,2291.3125
2986,6.305,6.0447,1.5196,7.0533,126.0,3473.0,2291.3125
2987,6.998,5.5663,1.3851,6.0459,118.0,2993.0,2291.3125
2988,6.0988,6.5262,1.4804,7.3661,135.0,4013.0,2291.3125
2989,7.3897,6.2404,1.6756,6.1645,133.0,3657.0,2291.3125
2990,6.0977,5.5916,1.1709,7.702,159.0,5169.0,2291.3125
2991,7.754,6.9799,1.476,6.3596,159.0,5169.0,2291.3125
2992,6.3758,5.5863,1.529,6.699,156.0,5155.0,2291.3125
2993,6.715,6.5662,1.5629,6.5329,157.0,5167.0,2291.3125
2994,6.5161,6.2765,1.667,6.413,157.0,5297.0,2291.3125
2995,6.3641,5.5762,1.4583,6.5262,154.0,5153.0,2291.3125
2996,6.8197,7.4248,1.5214,7.425,158.0,8895.0,2291.3125
2997,7.1928,5.6485,1.5365,7.1074,159.0,9371.0,2291.3125
2998,7.1286,6.2358,1.8754,6.5296,158.0,9823.0,2291.3125
2999,6.4878,5.5713,1.6618,5.8866,157.0,13956.0,2291.3125
3000,5.8529,5.6307,1.3737,6.8581,155.0,5759.0,2291.3125
3001,6.9142,6.796,1.5537,6.4037,157.0,9466.0,2291.3125
3002,6.3453,5.6149,1.4705,6.7191,156.0,7024.0,2291.3125
3003,6.7441,6.5589,2.0647,7.2877,156.0,8044.0,2291.3125
3004,7.2875,5.8755,1.4266,5.8242,157.0,8242.0,2291.3125
3005,5.8476,5.5564,1.4904,7.3218,160.0,7956.0,2291.3125
3006,7.2868,7.0053,1.5357,6.6966,158.0,5621.0,2291.3125
3007,6.726,5.6395,1.7012,6.4946,160.0,18945.0,2291.3125
3008,6.5477,6.6543,1.8303,7.1127,147.0,9849.0,2291.3125
3009,7.0253,6.1888,1.9996,6.159,140.0,7235.0,2291.3125
3010,6.1886,5.6969,1.6493,7.4161,158.0,18773.0,2291.3125
3011,7.4361,6.9099,1.7066,6.0202,154.0,10911.0,2291.3125
3012,6.0103,5.6414,1.7106,6.3297,154.0,7867.0,2291.3125
3013,6.3373,6.349,1.7668,6.7671,154.0,8163.0,2291.3125
3014,6.7532,6.2245,1.653,6.5429,148.0,6727.0,2291.3125
3015,6.535,5.6035,1.4069,6.4186,154.0,20471.0,2291.3125
3016,6.4642,7.1255,1.7499,7.3718,155.0,14391.0,2291.3125
3017,7.3031,5.5402,1.3805,5.8758,154.0,5153.0,2291.3125
3018,5.9646,6.3998,1.5958,7.0295,154.0,5153.0,2291.3125
3019,6.9838,6.1556,1.4522,6.2567,156.0,7024.0,2291.3125
3020,6.2465,5.5831,1.4782,6.3546,153.0,5681.0,2291.3125
3021,6.3479,6.941,1.4386,7.4543,163.0,22643.0,2291.3125
3022,7.4725,5.5856,1.6432,5.8431,161.0,18209.0,2291.3125
3023,5.8589,6.2277,1.6137,7.5959,158.0,5893.0,2291.3125
3024,7.5522,6.3751,1.596,5.7853,157.0,13383.0,2291.3125
3025,5.7778,5.6109,1.5098,6.6531,158.0,11243.0,2291.3125
3026,6.7187,7.2047,1.4843,7.3481,159.0,23379.0,2291.3125
3027,7.3067,5.6197,2.0694,5.895,157.0,28425.0,2291.3125
3028,5.9245,6.0778,1.9196,7.7004,146.0,15123.0,2291.3125
3029,7.7011,6.4053,1.7746,5.609,154.0,12355.0,2291.3125
3030,5.558,5.6978,1.4305,6.8509,155.0,9621.0,2291.3125
3031,6.9245,7.1835,1.5823,7.093,154.0,6561.0,2291.3125
3032,7.0343,5.6428,1.4373,5.7654,154.0,7649.0,2291.3125
3033,5.7916,6.2301,1.7316,7.7311,154.0,22985.0,2291.3125
3034,7.7386,6.2978,1.5935,6.11,144.0,32089.0,2291.3125
3035,6.0928,5.5423,1.6274,6.0771,118.0,2993.0,2291.3125
3036,6.0913,6.6026,1.7615,6.9102,122.0,3185.0,2291.3125
3037,6.9109,5.5129,1.8918,5.8311,122.0,2997.0,2291.3125
3038,5.8461,5.8594,1.8143,7.6219,125.0,3177.0,2291.3125
3039,7.5819,7.0018,1.7275,6.061,122.0,2997.0,2291.3125
3040,6.0391,5.6695,1.5133,6.2699,120.0,2995.0,2291.3125
3041,6.3394,6.7366,1.6237,7.3523,120.0,2995.0,2291.3125
3042,7.2927,5.6111,1.371,5.86,121.0,3007.0,2291.3125
3043,5.8285,5.5587,1.8735,7.2978,122.0,3233.0,2291.3125
3044,7.3668,6.951,1.8733,6.1762,118.0,2993.0,2291.3125
3045,6.1239,5.5579,1.377,6.8705,126.0,3473.0,2291.3125
3046,6.9569,6.8772,1.5908,6.6505,119.0,3005.0,2291.3125
3047,6.5749,5.5335,1.445,6.06,135.0,4013.0,2291.3125
3048,6.0978,5.6122,1.4572,7.2524,129.0,3653.0,2291.3125
3049,7.2657,6.2898,1.7958,6.3688,155.0,5165.0,2291.3125
3050,6.3164,5.672,1.539,6.5879,155.0,5165.0,2291.3125
3051,6.6362,6.2829,1.6797,6.8743,154.0,5153.0,2291.3125
3052,6.8579,6.0324,1.6175,6.5183,154.0,5153.0,2291.3125
3053,6.4907,5.5844,1.6354,6.0019,159.0,5299.0,2291.3125
3054,6.0692,6.9132,1.8976,7.0646,158.0,5157.0,2291.3125
3055,7.0157,5.5996,1.4092,6.5224,162.0,8899.0,2291.3125
3056,6.5662,6.4321,1.6442,6.7784,160.0,9361.0,2291.3125
3057,6.72,6.1979,1.6754,6.4788,160.0,9825.0,2291.3125
3058,6.5358,5.6632,2.3389,6.251,158.0,13946.0,2291.3125
3059,6.2376,6.8021,1.9521,7.0929,155.0,5759.0,2291.3125
3060,7.0826,5.5782,1.5502,6.6687,156.0,9454.0,2291.3125
3061,6.6602,7.0362,1.6368,7.0191,156.0,7024.0,2291.3125
3062,7.1067,5.639,1.4053,6.0149,156.0,8044.0,2291.3125
3063,5.946,5.6064,1.516,6.4752,157.0,8242.0,2291.3125
3064,6.4978,7.2499,1.7633,7.4749,156.0,7952.0,2291.3125
3065,7.4856,5.62,1.7235,6.4874,154.0,5617.0,2291.3125
3066,6.4726,6.6033,1.779,6.9177,156.0,18941.0,2291.3125
3067,6.9102,6.0484,2.0656,5.9889,149.0,9991.0,2291.3125
3068,5.9324,5.6887,1.4997,6.7642,141.0,10109.0,2291.3125
3069,6.8399,6.4565,1.6342,6.9761,160.0,17109.0,2291.3125
3070,6.9462,5.6565,1.5761,6.4632,158.0,9885.0,2291.3125
3071,6.4846,6.4311,1.6099,7.3791,153.0,7571.0,2291.3125
3072,7.4479,6.0455,1.8569,6.1469,156.0,8165.0,2291.3125
3073,6.0444,5.595,2.4029,6.5428,150.0,8181.0,2291.3125
3074,6.5994,6.2599,2.2039,6.9179,157.0,19081.0,2291.3125
3075,6.8466,5.601,1.558,6.5372,154.0,14379.0,2291.3125
3076,6.5808,6.7007,1.7528,6.95,154.0,5153.0,2291.3125
3077,6.936,6.0738,1.7318,6.2205,156.0,5177.0,2291.3125
3078,6.2283,5.5874,1.7768,6.4745,156.0,7024.0,2291.3125
3079,6.4809,6.9004,1.5031,6.9821,154.0,5693.0,2291.3125
3080,6.9604,5.7046,1.3734,6.8421,160.0,22651.0,2291.3125
3081,6.944,6.5135,1.8929,6.6794,158.0,18217.0,2291.3125
3082,6.6169,6.0912,1.9093,6.065,154.0,5889.0,2291.3125
3083,6.031,5.7106,1.6893,8.3696,156.0,13393.0,2291.3125
3084,8.5429,6.651,2.1097,6.27,155.0,12825.0,2291.3125
3085,6.1573,5.6047,1.8698,6.5265,161.0,21785.0,2291.3125
3086,6.4627,6.657,1.8618,6.7569,160.0,28369.0,2291.3125
3087,6.783,6.0353,2.283,5.7675,157.0,16081.0,2291.3125
3088,5.7233,5.7213,1.5099,8.0348,156.0,12357.0,2291.3125
3089,8.0543,7.1444,1.5946,5.9337,157.0,9865.0,2291.3125
3090,5.9483,5.6882,1.847,6.8106,156.0,6415.0,2291.3125
3091,6.8069,6.6068,1.7495,7.1428,154.0,7021.0,2291.3125
3092,7.1529,6.062,1.9574,5.789,154.0,33983.0,2291.3125
3093,5.7603,5.6076,1.4836,6.5664,138.0,20683.0,2291.3125
3094,6.576,6.812,1.6626,7.109,118.0,2993.0,2291.3125
3095,7.0842,5.6763,1.3915,6.9197,121.0,3173.0,2291.3125
3096,6.9481,7.1059,1.3543,6.5946,118.0,2993.0,2291.3125
3097,6.626,5.5516,1.6636,6.5799,121.0,3173.0,2291.3125
3098,6.6181,5.6477,1.8762,5.9417,119.0,3005.0,2291.3125
3099,5.9454,6.7266,1.9028,7.0191,118.0,2993.0,2291.3125
3100,6.9509,5.5652,1.479,6.3724,119.0,3005.0,2291.3125
3101,6.4599,6.6082,1.8105,6.9195,122.0,2997.0,2291.3125
3102,6.8329,6.0464,1.4971,6.2823,126.0,3237.0,2291.3125
3103,6.3123,5.5944,1.5011,7.29,123.0,3009.0,2291.3125
3104,7.2664,6.2856,1.6616,6.3564,128.0,3475.0,2291.3125
3105,6.3403,5.5938,1.5452,6.2992,120.0,2995.0,2291.3125
3106,6.3317,6.3711,1.5597,6.4787,137.0,4015.0,2291.3125
3107,6.5044,5.9699,1.5603,6.4297,129.0,3653.0,2291.3125
3108,6.3933,5.8857,1.6075,7.491,155.0,5165.0,2291.3125
3109,7.5185,7.0279,1.5246,7.4549,155.0,5165.0,2291.3125
3110,7.5027,5.627,1.9733,6.7933,155.0,5165.0,2291.3125
3111,6.8053,6.1308,1.9621,6.6817,154.0,5153.0,2291.3125
3112,6.615,5.6243,1.5654,6.1817,156.0,5307.0,2291.3125
3113,6.1565,5.6559,1.5875,7.3496,154.0,5153.0,2291.3125
3114,7.409,6.89,2.2038,6.1944,158.0,8895.0,2291.3125
3115,6.1919,5.701,1.9497,6.8435,160.0,9383.0,2291.3125
3116,6.8487,7.2614,2.1943,7.2185,158.0,9823.0,2291.3125
3117,7.1555,5.6298,1.5859,5.6449,160.0,13948.0,2291.3125
3118,5.6301,5.9257,1.5963,7.9913,159.0,5763.0,2291.3125
3119,8.0608,6.9948,2.0998,6.8002,160.0,9458.0,2291.3125
3120,6.755,5.7375,1.6752,6.2184,158.0,7026.0,2291.3125
3121,6.2662,6.9186,1.8239,6.9691,158.0,8046.0,2291.3125
3122,6.9336,5.6248,1.9171,5.78,158.0,8232.0,2291.3125
3123,5.764,5.7564,1.5481,7.7831,156.0,7952.0,2291.3125
3124,7.8085,6.7509,1.9048,5.7349,154.0,5617.0,2291.3125
3125,5.7044,5.7249,1.4268,6.9169,156.0,18941.0,2291.3125
3126,7.0209,6.578,1.7864,7.1261,156.0,13155.0,2291.3125
3127,7.0395,5.9458,1.7256,5.8453,141.0,8443.0,2291.3125
3128,5.8266,5.6217,1.5918,7.3647,156.0,16075.0,2291.3125
3129,7.4449,6.8914,2.0584,6.6036,154.0,10787.0,2291.3125
3130,6.5298,5.688,1.6794,7.616,150.0,7601.0,2291.3125
3131,7.7215,7.1093,2.1689,6.7359,154.0,8883.0,2291.3125
3132,6.6392,6.0508,2.1095,6.2778,154.0,11725.0,2291.3125
3133,6.3744,6.6393,2.1163,7.8154,158.0,16229.0,2291.3125
3134,7.7515,5.9532,1.8456,6.1244,159.0,12403.0,2291.3125
3135,6.1265,5.768,1.7981,6.462,159.0,5169.0,2291.3125
3136,6.4641,6.8928,1.8911,7.1367,157.0,5167.0,2291.3125
3137,7.0862,5.6475,2.1737,6.4755,158.0,7490.0,2291.3125
3138,6.5897,6.6,1.8278,6.6148,141.0,4379.0,2291.3125
3139,6.5864,6.1675,2.0855,6.9571,159.0,22639.0,2291.3125
3140,6.9516,5.65,2.0607,6.554,158.0,18217.0,2291.3125
3141,6.5495,6.9163,2.064,6.5749,154.0,5889.0,2291.3125
3142,6.5405,5.6514,1.7227,6.7023,155.0,13381.0,2291.3125
3143,6.8004,6.5868,2.1441,6.8463,155.0,12825.0,2291.3125
3144,6.7629,6.2287,2.2173,6.9663,158.0,21793.0,2291.3125
3145,6.9822,5.7139,2.3412,7.5123,158.0,28437.0,2291.3125
3146,7.5767,7.3876,2.3921,7.3297,156.0,16305.0,2291.3125
3147,7.2343,5.7511,2.2423,6.9596,154.0,12671.0,2291.3125
3148,7.1002,6.5454,2.2382,6.3806,154.0,9535.0,2291.3125
3149,6.282,5.9706,1.7703,5.7655,159.0,6429.0,2291.3125
3150,5.7132,5.9134,1.7405,7.8068,158.0,7025.0,2291.3125
3151,7.8785,6.8372,2.3876,5.9912,159.0,39231.0,2291.3125
3152,5.9363,5.7371,1.8211,6.8834,134.0,15141.0,2291.3125
3153,6.934,6.6596,1.931,7.1056,120.0,2995.0,2291.3125
3154,7.1035,5.9752,2.3229,5.6048,124.0,3187.0,2291.3125
3155,5.5377,5.6638,1.6017,7.0086,118.0,2993.0,2291.3125
3156,7.0704,6.9373,2.1346,6.4886,121.0,3173.0,2291.3125
3157,6.4225,5.5573,1.6857,6.5905,118.0,2993.0,2291.3125
3158,6.639,7.0189,1.6719,7.2344,118.0,2993.0,2291.3125
3159,7.1999,5.6832,1.8058,6.6289,118.0,2993.0,2291.3125
3160,6.6857,5.7738,1.8352,6.6533,118.0,2993.0,2291.3125
3161,6.6246,6.7332,1.7429,6.5185,122.0,3233.0,2291.3125
3162,6.5041,5.5475,2.2467,6.4399,119.0,3005.0,2291.3125
3163,6.5117,6.3784,2.1517,6.3184,126.0,3473.0,2291.3125
3164,6.2722,6.1288,1.9998,6.5164,118.0,2993.0,2291.3125
3165,6.4925,5.6345,1.6573,7.6906,140.0,4029.0,2291.3125
3166,7.7085,6.9361,1.6849,5.699,134.0,3717.0,2291.3125
3167,5.7229,5.6478,1.9068,7.0532,158.0,5157.0,2291.3125
3168,7.0861,6.6236,1.8681,6.6501,156.0,5155.0,2291.3125
3169,6.5818,5.9294,1.9118,6.2825,156.0,5155.0,2291.3125
3170,6.2471,5.6476,1.4445,7.3303,156.0,5155.0,2291.3125
3171,7.3899,6.8251,2.4372,6.2966,155.0,5295.0,2291.3125
3172,6.2495,5.6068,1.6651,6.6798,154.0,5153.0,2291.3125
3173,6.7613,6.5884,1.7442,6.9094,158.0,8895.0,2291.3125
3174,6.8854,5.9336,1.8973,5.9848,158.0,9359.0,2291.3125
3175,5.9097,5.6435,1.4353,7.8322,159.0,9835.0,2291.3125
3176,7.8938,6.974,1.8468,6.144,156.0,14408.0,2291.3125
3177,6.1196,5.687,1.6058,6.9222,155.0,5295.0,2291.3125
3178,6.9862,7.0301,1.8173,7.1024,156.0,9454.0,2291.3125
3179,7.0217,5.9338,1.5715,5.8659,157.0,7036.0,2291.3125
3180,5.8667,5.7841,2.2977,7.3567,156.0,8044.0,2291.3125
3181,7.4163,6.8106,2.17,6.9692,160.0,8234.0,2291.3125
3182,6.998,5.6446,2.0674,5.9832,160.0,7956.0,2291.3125
3183,5.9278,6.7682,1.6706,6.9161,158.0,5621.0,2291.3125
3184,6.8796,5.6556,1.5844,6.6806,158.0,18943.0,2291.3125
3185,6.7237,5.6638,2.122,6.2056,157.0,13145.0,2291.3125
3186,6.2143,6.7441,1.8801,6.9089,145.0,11141.0,2291.3125
3187,6.9538,5.6046,1.6883,6.2826,155.0,13487.0,2291.3125
3188,6.2095,6.5931,1.6703,6.9705,154.0,10787.0,2291.3125
3189,6.9851,6.1939,1.6835,6.2751,154.0,9417.0,2291.3125
3190,6.2644,5.6472,1.6299,7.1181,154.0,9755.0,2291.3125
3191,7.1153,6.7288,2.6429,6.3095,154.0,10231.0,2291.3125
3192,6.2959,5.6488,1.8898,6.1661,154.0,16349.0,2291.3125
3193,6.2412,6.6838,1.7413,8.0206,154.0,11357.0,2291.3125
3194,7.9908,5.9898,1.6665,5.9228,154.0,5153.0,2291.3125
3195,5.8621,5.8554,1.7163,7.3604,156.0,7024.0,2291.3125
3196,7.4456,6.8233,1.9768,6.4413,154.0,5617.0,2291.3125
3197,6.3983,5.6778,1.6315,6.3379,135.0,3901.0,2291.3125
3198,6.3722,6.6695,1.734,7.1042,163.0,22643.0,2291.3125
3199,7.0563,5.7234,1.4763,5.8285,161.0,18209.0,2291.3125
3200,5.8368,5.9144,1.511,7.909,156.0,5891.0,2291.3125
3201,7.9931,7.0837,2.0912,7.1436,158.0,13395.0,2291.3125
3202,7.1864,5.7146,2.0254,6.7855,157.0,12827.0,2291.3125
3203,6.7359,5.7786,2.1142,8.1213,157.0,21781.0,2291.3125
3204,8.1681,5.7786,2.3577,5.6125,157.0,28425.0,2291.3125
3205,5.563,6.44,1.792,7.919,156.0,16305.0,2291.3125
3206,7.8894,6.3565,1.73,5.8215,154.0,12671.0,2291.3125
3207,5.7667,5.6509,1.5687,6.418,154.0,9535.0,2291.3125
3208,6.5273,7.1566,1.5036,7.5528,155.0,6425.0,2291.3125
3209,7.5055,5.6229,1.6142,6.8346,154.0,7021.0,2291.3125
3210,6.867,6.7178,1.7109,6.4725,154.0,39215.0,2291.3125
3211,6.3813,6.0172,1.5821,6.2577,132.0,15139.0,2291.3125
3212,6.2214,5.6524,1.4276,8.6745,120.0,3017.0,2291.3125
3213,8.9123,5.844,2.8005,8.2618,125.0,3177.0,2291.3125
3214,8.3158,7.4283,3.5044,9.1102,124.0,3021.0,2291.3125
3215,9.0583,5.8992,3.4673,9.8892,125.0,3177.0,2291.3125
3216,9.9526,6.1573,2.9978,9.3357,120.0,2995.0,2291.3125
3217,9.1893,5.7685,2.2473,7.6789,122.0,3019.0,2291.3125
3218,7.7519,5.7685,2.5669,6.9546,120.0,2995.0,2291.3125
3219,6.8543,6.2217,1.9931,6.3386,119.0,3005.0,2291.3125
3220,6.3153,7.1941,2.0267,9.7048,123.0,3245.0,2291.3125
3221,9.9129,5.7765,2.765,8.9615,119.0,3005.0,2291.3125
3222,9.0183,6.6632,3.6726,10.1865,126.0,3473.0,2291.3125
3223,9.9625,5.9751,2.7391,8.3087,119.0,3005.0,2291.3125
3224,8.4963,6.2381,2.9196,8.6607,136.0,4025.0,2291.3125
3225,8.4687,6.2381,2.5245,6.6055,130.0,3713.0,2291.3125
3226,6.6683,6.5853,2.3727,9.4105,154.0,5153.0,2291.3125
3227,9.4086,5.7497,2.8718,8.1681,154.0,5153.0,2291.3125
3228,8.2308,6.245,2.0097,10.0059,154.0,5153.0,2291.3125
3229,9.8745,5.9609,2.0066,7.8834,158.0,5157.0,2291.3125
3230,7.9156,5.9609,2.3255,5.4292,159.0,5299.0,2291.3125
3231,5.3496,6.7327,1.6384,6.5644,158.0,5157.0,2291.3125
3232,6.5447,5.6143,1.4261,7.1366,161.0,8909.0,2291.3125
3233,7.2508,6.4616,2.5422,7.452,160.0,9361.0,2291.3125
3234,7.3862,6.2408,1.7334,6.0986,160.0,9825.0,2291.3125
3235,6.1013,6.3758,1.8825,6.9517,157.0,14420.0,2291.3125
3236,6.9143,6.2472,1.6757,6.578,157.0,5319.0,2291.3125
3237,6.5824,5.7062,1.7663,6.7452,156.0,9454.0,2291.3125
3238,6.7506,7.2332,1.6143,7.2498,156.0,7024.0,2291.3125
3239,7.2224,5.7641,1.7003,6.1466,156.0,8044.0,2291.3125
3240,6.21,6.2875,2.2124,6.8152,156.0,8230.0,2291.3125
3241,6.757,5.632,1.5647,5.8198,156.0,7952.0,2291.3125
3242,5.8704,5.5966,1.5422,6.6691,154.0,5617.0,2291.3125
3243,6.6338,6.1668,1.3782,7.1846,156.0,18941.0,2291.3125
3244,7.234,5.6753,1.9537,6.7212,155.0,13143.0,2291.3125
3245,6.7391,6.645,1.9494,6.6675,148.0,13779.0,2291.3125
3246,6.6256,6.0391,1.8445,6.7215,159.0,10915.0,2291.3125
3247,6.6782,5.7118,1.7228,6.3653,158.0,10791.0,2291.3125
3248,6.4535,7.0504,1.9532,6.9631,156.0,9543.0,2291.3125
3249,6.8801,5.7026,1.4711,6.885,156.0,9633.0,2291.3125
3250,6.9101,6.2852,1.4862,6.4274,156.0,10357.0,2291.3125
3251,6.4161,6.293,2.0066,6.5067,154.0,16225.0,2291.3125
3252,6.5038,5.6032,1.4237,6.6442,154.0,11357.0,2291.3125
3253,6.6733,6.9816,1.5227,6.9211,156.0,5177.0,2291.3125
3254,6.8689,5.6662,1.2263,6.627,156.0,7024.0,2291.3125
3255,6.8987,6.3849,1.5673,6.2765,155.0,5629.0,2291.3125
3256,6.0933,6.2903,1.3538,6.391,131.0,3849.0,2291.3125
3257,6.344,5.5112,1.3466,7.3779,159.0,22639.0,2291.3125
3258,7.4332,6.989,1.5637,7.4841,157.0,18205.0,2291.3125
3259,7.9241,5.6047,1.8169,5.8771,154.0,5889.0,2291.3125
3260,5.4113,6.0199,1.828,7.4564,155.0,13381.0,2291.3125
3261,7.4054,6.0041,1.6682,5.7604,159.0,12829.0,2291.3125
3262,5.7551,5.5995,1.4748,6.5731,163.0,21809.0,2291.3125
3263,6.665,6.8408,1.8245,7.1326,161.0,28429.0,2291.3125
3264,7.0458,5.6322,1.4884,6.6497,158.0,16307.0,2291.3125
3265,6.7115,6.8278,1.668,6.9302,156.0,12673.0,2291.3125
3266,6.8871,5.6025,1.3837,5.9367,156.0,9537.0,2291.3125
3267,5.9048,5.5874,1.3392,6.3352,154.0,6413.0,2291.3125
3268,6.3768,6.9436,1.9253,7.212,154.0,7021.0,2291.3125
3269,7.1784,5.5874,1.5804,6.4314,155.0,39227.0,2291.3125
3270,6.5031,6.4217,1.7039,6.689,132.0,15139.0,2291.3125
3271,6.6765,6.2781,1.5588,6.2466,119.0,3005.0,2291.3125
3272,6.2277,5.665,2.1383,6.6439,121.0,3173.0,2291.3125
3273,6.6646,6.1582,1.6487,7.3456,118.0,2993.0,2291.3125
3274,7.2894,5.5533,1.4351,5.7907,121.0,3173.0,2291.3125
3275,5.8765,6.3552,1.7071,6.751,119.0,3005.0,2291.3125
3276,6.7111,6.1237,1.6217,6.8426,118.0,2993.0,2291.3125
3277,6.8158,5.6008,1.4605,6.8765,122.0,2997.0,2291.3125
3278,6.9057,6.3657,1.7576,6.4234,122.0,2997.0,2291.3125
3279,6.4061,5.9653,1.8275,6.181,126.0,3237.0,2291.3125
3280,6.2228,6.5808,2.102,6.9171,120.0,2995.0,2291.3125
3281,6.9014,5.8125,1.7197,5.956,129.0,3487.0,2291.3125
3282,5.887,5.4313,1.3782,6.2138,121.0,3007.0,2291.3125
3283,6.2854,6.446,1.4859,6.7688,135.0,4013.0,2291.3125
3284,6.7193,5.2874,1.3357,5.2578,131.0,3725.0,2291.3125
3285,5.2396,5.3927,1.4542,7.4679,154.0,5153.0,2291.3125
3286,7.547,6.4825,1.8397,5.5805,154.0,5153.0,2291.3125
3287,5.5189,5.3322,1.5883,5.9171,154.0,5153.0,2291.3125
3288,5.9521,6.221,1.4286,6.834,154.0,5153.0,2291.3125
3289,6.8312,5.9965,1.5126,6.2895,155.0,5295.0,2291.3125
3290,6.3347,5.3114,2.1051,6.1146,155.0,5165.0,2291.3125
3291,6.0534,6.6668,1.4417,6.6707,158.0,8895.0,2291.3125
3292,6.6505,5.3158,1.3534,5.62,158.0,9359.0,2291.3125
3293,5.6456,5.3791,1.5389,6.6072,162.0,9827.0,2291.3125
3294,6.6191,5.7876,1.8761,6.63,161.0,14424.0,2291.3125
3295,6.6247,5.3562,1.6437,7.0501,160.0,5311.0,2291.3125
3296,7.1032,6.2088,1.879,5.9544,158.0,9456.0,2291.3125
3297,5.9198,6.0346,1.7385,6.7859,158.0,7026.0,2291.3125
3298,6.8515,5.5016,2.0929,6.9316,159.0,8058.0,2291.3125
3299,6.9949,6.3025,2.3353,6.9428,156.0,8230.0,2291.3125
3300,6.8747,5.402,1.8397,6.4176,156.0,7952.0,2291.3125
3301,6.4472,6.2626,1.9426,7.2678,154.0,5617.0,2291.3125
3302,7.1736,6.0555,1.8426,6.4166,156.0,18941.0,2291.3125
3303,6.4283,6.2718,1.3855,9.0283,155.0,13143.0,2291.3125
3304,9.127,5.441,2.1,6.7234,144.0,13775.0,2291.3125
3305,6.7251,5.441,2.0717,7.2253,155.0,10911.0,2291.3125
3306,7.1352,7.1182,2.0825,6.9137,154.0,10787.0,2291.3125
3307,7.0291,5.4768,2.1857,7.2011,154.0,9541.0,2291.3125
3308,7.1951,6.1232,2.6039,7.6267,154.0,9631.0,2291.3125
3309,7.5554,6.1232,1.9389,4.9053,158.0,10359.0,2291.3125
3310,4.8325,5.2964,1.4101,6.1172,158.0,16229.0,2291.3125
3311,6.1599,6.5109,1.6276,6.8629,158.0,11361.0,2291.3125
3312,6.7855,5.3585,1.9498,5.3215,156.0,5155.0,2291.3125
3313,5.514,5.3286,1.9371,6.8396,158.0,7026.0,2291.3125
3314,6.7182,5.8201,1.5851,6.0238,156.0,5619.0,2291.3125
3315,6.0312,5.3863,1.3976,5.865,133.0,4385.0,2291.3125
3316,5.8354,6.2999,1.43,7.3382,160.0,25619.0,2291.3125
3317,7.4138,5.3203,1.8241,5.3412,156.0,14857.0,2291.3125
3318,5.253,5.3197,1.4323,6.1815,155.0,5901.0,2291.3125
3319,6.234,6.5362,2.0842,6.8501,155.0,13381.0,2291.3125
3320,6.8294,5.3572,1.538,5.8591,155.0,12825.0,2291.3125
3321,5.8365,6.0783,1.5242,6.5195,159.0,26737.0,2291.3125
3322,6.5465,5.9545,1.6042,5.8618,153.0,23301.0,2291.3125
3323,5.8787,5.3079,1.7043,6.6832,156.0,16305.0,2291.3125
3324,6.6612,6.5242,1.549,6.8504,154.0,12671.0,2291.3125
3325,6.8394,5.3398,1.6977,5.5359,158.0,9539.0,2291.3125
3326,5.5234,5.3319,1.4834,6.4077,158.0,6417.0,2291.3125
3327,6.6239,6.5264,1.6418,6.3684,158.0,7025.0,2291.3125
3328,6.1323,5.2968,1.6919,6.0883,158.0,39241.0,2291.3125
3329,6.1283,6.0523,1.5004,6.3228,134.0,15141.0,2291.3125
3330,6.3217,5.9391,1.5156,5.8049,120.0,2995.0,2291.3125
3331,5.7802,5.2441,1.4112,6.4083,122.0,3185.0,2291.3125
3332,6.4582,6.7462,1.6009,6.5696,119.0,3005.0,2291.3125
3333,6.5659,5.3389,1.6052,5.3208,121.0,3173.0,2291.3125
3334,5.2492,5.2603,1.1191,7.5934,118.0,2993.0,2291.3125
3335,7.5977,6.5832,1.4225,5.7372,118.0,2993.0,2291.3125
3336,5.7403,5.3216,1.501,5.6939,118.0,2993.0,2291.3125
3337,5.719,6.2336,1.4107,7.0958,118.0,2993.0,2291.3125
3338,7.1391,5.7186,1.7589,5.7163,122.0,3233.0,2291.3125
3339,5.6699,5.353,1.5972,6.1536,118.0,2993.0,2291.3125
3340,6.2237,6.3293,1.5714,7.1261,126.0,3473.0,2291.3125
3341,7.1638,5.8425,1.3435,5.3507,122.0,2997.0,2291.3125
3342,5.2621,5.3117,1.271,6.3707,139.0,4017.0,2291.3125
3343,6.3577,6.5796,1.5064,6.5181,137.0,3849.0,2291.3125
3344,6.5023,5.2962,1.3826,6.2825,156.0,5155.0,2291.3125
3345,6.2789,6.1618,1.3329,6.8946,157.0,5167.0,2291.3125
3346,6.9644,5.6245,1.6475,5.8763,157.0,5167.0,2291.3125
3347,5.8492,5.3466,1.5272,5.5678,154.0,5153.0,2291.3125
3348,5.62,6.0857,1.7979,6.7983,155.0,5295.0,2291.3125
3349,6.7468,5.3639,1.5662,5.9175,155.0,5165.0,2291.3125
3350,5.9286,5.3825,1.5454,6.3812,160.0,10766.0,2291.3125
3351,6.4141,6.6743,1.8702,6.6983,158.0,9359.0,2291.3125
3352,6.6637,5.2729,2.1492,5.3245,157.0,7964.0,2291.3125
3353,5.3708,6.2262,1.6614,7.0736,156.0,14408.0,2291.3125
3354,7.05,5.9577,1.4562,5.9217,155.0,5295.0,2291.3125
3355,5.88,5.3641,1.486,6.2928,157.0,9466.0,2291.3125
3356,6.3655,6.0991,1.6073,7.107,156.0,7488.0,2291.3125
3357,7.0975,5.7784,1.8347,5.4137,161.0,8060.0,2291.3125
3358,5.3557,5.378,1.5391,6.4519,161.0,7782.0,2291.3125
3359,6.5305,6.6722,2.0121,6.6382,160.0,7956.0,2291.3125
3360,6.5729,5.3929,1.5179,6.0156,156.0,5619.0,2291.3125
3361,6.0545,6.3469,1.571,6.9841,158.0,18943.0,2291.3125
3362,7.0304,6.2501,1.8847,6.7107,157.0,15721.0,2291.3125
3363,6.6787,5.4308,1.9287,6.0598,148.0,11343.0,2291.3125
3364,6.0625,7.6389,1.7029,7.5224,152.0,10683.0,2291.3125
3365,7.487,5.339,1.7414,5.7519,154.0,10787.0,2291.3125
3366,5.7381,6.1136,1.5467,6.4325,155.0,9553.0,2291.3125
3367,6.4909,5.3574,1.8055,6.0133,154.0,9631.0,2291.3125
3368,5.939,6.0148,1.6457,6.8783,154.0,10355.0,2291.3125
3369,6.8886,7.2988,1.5862,7.0807,154.0,16225.0,2291.3125
3370,7.0489,5.3672,1.612,5.4405,154.0,11357.0,2291.3125
3371,5.4877,5.4452,1.8453,7.2077,154.0,5153.0,2291.3125
3372,7.2837,7.0581,1.8915,6.615,156.0,7024.0,2291.3125
3373,6.5274,5.3121,1.5965,6.6018,159.0,5633.0,2291.3125
3374,6.6204,7.0033,1.823,6.6184,137.0,4389.0,2291.3125
3375,6.5736,5.6233,1.5813,6.2423,165.0,25635.0,2291.3125
3376,6.3019,5.4121,1.7937,6.3715,158.0,14859.0,2291.3125
3377,6.3636,6.319,1.8159,7.1365,156.0,5891.0,2291.3125
3378,7.0945,5.3572,1.5288,6.38,158.0,13395.0,2291.3125
3379,6.7936,7.1535,2.2119,6.8028,157.0,12849.0,2291.3125
3380,6.4162,5.3609,1.5652,5.3643,158.0,26725.0,2291.3125
3381,5.3686,5.3758,1.6043,6.8932,158.0,23505.0,2291.3125
3382,7.0739,7.2021,1.6941,6.9582,156.0,16839.0,2291.3125
3383,6.8376,5.3061,2.1778,6.1221,154.0,13291.0,2291.3125
3384,6.1327,6.8583,1.8804,6.9276,154.0,8381.0,2291.3125
3385,6.9237,5.2555,1.5162,5.5848,154.0,6413.0,2291.3125
3386,5.4945,5.2944,1.3961,6.5063,154.0,7555.0,2291.3125
3387,6.5669,6.555,1.6405,6.4376,154.0,38681.0,2291.3125
3388,6.438,5.3151,2.2579,5.4589,129.0,14959.0,2291.3125
3389,5.5439,5.3245,1.5067,6.7093,122.0,2997.0,2291.3125
3390,6.6598,6.5803,1.9662,6.6093,125.0,3177.0,2291.3125
3391,6.5514,5.5265,1.6651,5.9961,122.0,2997.0,2291.3125
3392,5.983,5.7438,1.5193,6.8376,124.0,3187.0,2291.3125
3393,6.8371,5.3666,2.2391,5.6606,120.0,2995.0,2291.3125
3394,5.6785,5.2898,1.99,5.9665,120.0,2995.0,2291.3125
3395,6.0638,6.897,1.6931,7.2678,118.0,2993.0,2291.3125
3396,7.2198,5.3286,1.6816,4.9065,118.0,2993.0,2291.3125
3397,4.8375,5.4915,1.3378,7.0255,122.0,3233.0,2291.3125
3398,7.1092,7.0872,1.8868,7.1464,118.0,2993.0,2291.3125
3399,7.1159,5.3943,1.4984,5.8075,126.0,3473.0,2291.3125
3400,5.857,6.6975,1.8498,7.0475,118.0,2993.0,2291.3125
3401,6.981,5.2783,1.8639,5.4885,135.0,4013.0,2291.3125
3402,5.4834,5.231,1.6386,6.4254,132.0,3833.0,2291.3125
3403,6.5024,6.604,2.8216,6.7492,154.0,5153.0,2291.3125
3404,6.697,5.3401,1.9024,6.0025,155.0,5165.0,2291.3125
3405,6.0091,6.0166,1.9242,7.2784,160.0,5181.0,2291.3125
3406,7.2905,6.0882,1.7399,5.9049,158.0,5157.0,2291.3125
3407,5.8771,5.3989,1.5723,6.3853,159.0,5299.0,2291.3125
3408,6.3855,6.7906,1.7714,6.8124,156.0,5155.0,2291.3125
3409,6.8174,5.3622,2.1469,5.4727,163.0,10780.0,2291.3125
3410,5.4682,5.3165,1.5382,6.626,160.0,9361.0,2291.3125
3411,6.6769,6.6759,1.6985,6.3363,157.0,7964.0,2291.3125
3412,6.3422,5.3331,1.6493,6.7596,156.0,14408.0,2291.3125
3413,6.7001,6.9259,1.9629,6.6819,156.0,5307.0,2291.3125
3414,6.658,5.3384,2.2607,5.7155,156.0,9454.0,2291.3125
3415,5.7273,5.3784,1.6609,6.7265,156.0,7488.0,2291.3125
3416,6.8183,6.5738,1.9583,6.2367,156.0,8044.0,2291.3125
3417,6.1689,5.3663,1.9175,5.5707,156.0,7766.0,2291.3125
3418,5.5073,5.4877,1.6062,6.964,157.0,7964.0,2291.3125
3419,7.0421,6.1454,1.8321,5.8002,155.0,5629.0,2291.3125
3420,5.8729,5.33,1.444,6.5278,156.0,18941.0,2291.3125
3421,6.4683,6.4711,1.6448,6.1756,159.0,15723.0,2291.3125
3422,6.1167,5.3409,1.5867,5.7254,154.0,14091.0,2291.3125
3423,5.7403,5.3556,1.4631,8.0386,155.0,8051.0,2291.3125
3424,8.0468,7.0176,1.6711,5.4768,157.0,10801.0,2291.3125
3425,5.4657,5.4154,1.7453,7.4208,157.0,9675.0,2291.3125
3426,7.4763,6.5064,2.0115,5.9106,156.0,9465.0,2291.3125
3427,5.873,5.3945,2.283,5.5278,154.0,10355.0,2291.3125
3428,5.5759,5.364,1.7376,6.4737,154.0,16225.0,2291.3125
3429,6.4423,6.6561,2.0503,6.3159,155.0,11369.0,2291.3125
3430,6.3027,5.329,1.4882,5.8138,154.0,5153.0,2291.3125
3431,5.7861,5.3227,1.3983,6.1608,156.0,7488.0,2291.3125
3432,6.2275,6.5562,1.6626,7.1238,154.0,5521.0,2291.3125
3433,7.1497,5.4005,2.3235,5.5235,136.0,7485.0,2291.3125
3434,5.5162,6.3387,1.9031,7.4107,159.0,22271.0,2291.3125
3435,7.4322,5.7286,2.3287,5.2856,156.0,14857.0,2291.3125
3436,5.1609,5.3667,1.5226,6.4099,155.0,5901.0,2291.3125
3437,6.5406,6.5224,1.7267,6.9625,159.0,14981.0,2291.3125
3438,6.8903,5.3519,1.6282,5.2546,159.0,11233.0,2291.3125
3439,5.2462,5.3303,1.6239,6.5263,164.0,30089.0,2291.3125
3440,6.5461,6.4997,2.8993,6.5711,157.0,20135.0,2291.3125
3441,6.545,5.4304,2.1645,5.8731,156.0,16721.0,2291.3125
3442,5.8765,6.4405,1.7514,7.5615,156.0,13293.0,2291.3125
3443,7.5545,5.3288,1.6519,5.289,154.0,8381.0,2291.3125
3444,5.3133,5.3983,1.345,6.5904,155.0,6583.0,2291.3125
3445,6.5628,6.4044,1.446,6.1879,154.0,12629.0,2291.3125
3446,6.1722,5.2637,1.2649,5.5471,154.0,33449.0,2291.3125
3447,5.5996,5.3169,1.5697,6.1691,128.0,14899.0,2291.3125
3448,6.4153,6.6439,1.9081,6.1985,118.0,2993.0,2291.3125
3449,5.915,5.3346,1.3988,6.2281,121.0,3173.0,2291.3125
3450,6.2673,6.5314,1.6495,6.9007,118.0,2993.0,2291.3125
3451,6.8479,5.253,1.6137,5.2331,121.0,3173.0,2291.3125
3452,5.2661,5.3057,1.385,6.5731,119.0,3005.0,2291.3125
3453,6.7831,6.2579,1.7989,6.4374,122.0,2997.0,2291.3125
3454,6.2452,5.3434,1.6754,5.5119,123.0,3009.0,2291.3125
3455,5.4918,5.3007,1.519,6.3076,123.0,3009.0,2291.3125
3456,6.2879,6.6954,1.4789,6.5498,125.0,3247.0,2291.3125
3457,6.6004,5.2813,1.4997,5.3206,120.0,2995.0,2291.3125
3458,5.2665,5.5095,1.5554,7.3178,128.0,3475.0,2291.3125
3459,7.3514,5.926,1.9464,5.5432,118.0,2993.0,2291.3125
3460,5.578,5.3831,1.5097,6.6686,136.0,4025.0,2291.3125
3461,6.6116,6.3826,1.4266,6.0347,134.0,3905.0,2291.3125
3462,6.0662,5.3135,1.5958,6.6635,155.0,5165.0,2291.3125
3463,6.7536,5.2952,1.9496,6.7866,154.0,5153.0,2291.3125
3464,6.7007,6.2996,1.7068,5.9395,154.0,5153.0,2291.3125
3465,5.9277,5.3504,2.6773,5.9122,155.0,5165.0,2291.3125
3466,5.9424,5.3274,1.9296,6.7684,155.0,5295.0,2291.3125
3467,6.7132,6.2826,1.627,5.8221,156.0,7024.0,2291.3125
3468,5.8689,5.3297,1.4822,6.4996,158.0,8895.0,2291.3125
3469,6.4806,6.5478,1.6597,6.1729,163.0,9375.0,2291.3125
3470,6.1753,5.3037,1.4627,5.6333,160.0,7956.0,2291.3125
3471,5.6005,5.334,1.317,6.472,160.0,14412.0,2291.3125
3472,6.4843,6.5309,1.4649,6.4947,158.0,5309.0,2291.3125
3473,6.4597,5.3122,1.2669,5.4285,158.0,9456.0,2291.3125
3474,5.4972,5.311,1.588,7.0685,158.0,7490.0,2291.3125
3475,7.0504,6.439,1.7379,5.7103,157.0,8056.0,2291.3125
3476,5.6917,5.3706,1.4877,6.9272,157.0,7778.0,2291.3125
3477,7.0568,6.4038,1.5854,5.8787,156.0,7952.0,2291.3125
3478,5.7891,5.3657,1.6391,5.7332,155.0,5629.0,2291.3125
3479,5.7123,5.4025,1.7301,6.2393,156.0,18941.0,2291.3125
3480,6.2927,7.0559,1.6678,7.2011,155.0,15719.0,2291.3125
3481,7.1543,5.2735,2.2377,5.3973,151.0,14147.0,2291.3125
3482,5.3576,5.349,1.7199,6.721,155.0,10023.0,2291.3125
3483,6.7501,6.073,1.6732,5.7636,154.0,10503.0,2291.3125
3484,5.7274,5.3036,1.2654,7.1616,155.0,8393.0,2291.3125
3485,7.1852,6.0649,1.5227,5.4074,154.0,9615.0,2291.3125
3486,5.3809,5.7361,1.5287,6.1636,158.0,10143.0,2291.3125
3487,6.2045,5.3313,1.3765,6.5359,159.0,15993.0,2291.3125
3488,6.6152,6.6728,1.5836,6.7212,156.0,11359.0,2291.3125
3489,6.6485,5.3199,2.1083,5.8513,158.0,5179.0,2291.3125
3490,5.8478,5.3908,1.8954,6.3987,158.0,7858.0,2291.3125
3491,6.4225,6.4617,1.8943,6.0564,155.0,8501.0,2291.3125
3492,6.0672,5.3726,1.4023,6.4727,131.0,3897.0,2291.3125
3493,6.4796,6.4208,1.6389,6.9279,159.0,22271.0,2291.3125
3494,6.9036,5.9102,1.524,5.6555,156.0,14857.0,2291.3125
3495,5.6283,5.3113,1.3811,7.2197,154.0,5889.0,2291.3125
3496,7.2831,6.4549,1.9894,5.6141,156.0,14989.0,2291.3125
3497,5.6146,5.42,1.5363,5.7933,155.0,11229.0,2291.3125
3498,5.7948,5.4096,1.7597,6.9416,159.0,30073.0,2291.3125
3499,6.9189,6.3869,1.8689,6.2407,155.0,20133.0,2291.3125
3500,6.2718,5.3691,1.601,6.1369,157.0,17385.0,2291.3125
3501,6.1045,6.5594,1.563,6.808,158.0,12761.0,2291.3125
3502,6.7871,5.2999,1.4814,5.5732,158.0,8385.0,2291.3125
3503,5.628,5.3725,2.3749,6.3099,158.0,6575.0,2291.3125
3504,6.2973,6.3622,2.2069,6.5965,156.0,12631.0,2291.3125
3505,6.6032,5.3713,2.3004,5.5223,156.0,33451.0,2291.3125
3506,5.551,5.3234,1.605,6.3558,128.0,14781.0,2291.3125
3507,6.3253,6.6775,1.6842,6.1267,118.0,2993.0,2291.3125
3508,6.1096,5.3659,1.5151,6.1863,122.0,3185.0,2291.3125
3509,6.1716,6.5591,1.431,6.7885,119.0,3005.0,2291.3125
3510,6.8995,5.2582,1.7025,5.2695,121.0,3173.0,2291.3125
3511,5.1288,5.3186,1.4098,6.5132,118.0,2993.0,2291.3125
3512,6.5182,6.7281,1.3322,6.5905,118.0,2993.0,2291.3125
3513,6.634,5.2951,1.6131,5.6757,119.0,3005.0,2291.3125
3514,5.6073,5.2896,1.4126,7.1026,118.0,2993.0,2291.3125
3515,7.096,5.911,1.3464,5.4881,123.0,3245.0,2291.3125
3516,5.5404,5.2881,1.5813,6.0614,118.0,2993.0,2291.3125
3517,6.1197,6.438,1.5963,7.0872,130.0,3477.0,2291.3125
3518,7.1238,5.2987,1.7184,5.4947,123.0,3009.0,2291.3125
3519,5.4803,5.3472,1.4894,6.4966,140.0,4029.0,2291.3125
3520,6.4686,6.649,1.7703,6.0612,139.0,4135.0,2291.3125
3521,6.0239,5.2619,1.4961,6.0141,157.0,5167.0,2291.3125
3522,5.9881,5.3605,1.185,6.9348,156.0,5155.0,2291.3125
3523,6.9897,6.4111,2.4555,5.7388,155.0,5165.0,2291.3125
3524,5.7322,5.3344,1.7606,6.2783,154.0,5153.0,2291.3125
3525,6.2032,6.2663,1.4499,6.3497,157.0,7166.0,2291.3125
3526,6.4011,5.7712,1.5199,5.7519,154.0,5153.0,2291.3125
3527,5.7364,5.2895,1.34,6.3721,164.0,12661.0,2291.3125
3528,6.4352,6.4896,1.4827,6.8762,155.0,5629.0,2291.3125
3529,6.8034,5.2955,1.4727,5.4379,156.0,7952.0,2291.3125
3530,5.4666,5.3644,1.5031,6.3384,156.0,14408.0,2291.3125
3531,6.3918,6.5411,2.2781,6.8637,155.0,5295.0,2291.3125
3532,6.8013,5.3129,1.5441,5.9705,157.0,9930.0,2291.3125
3533,6.0016,6.2506,1.7353,6.2819,160.0,7028.0,2291.3125
3534,6.2979,5.7395,1.8396,5.8192,160.0,8048.0,2291.3125
3535,5.7579,5.3286,1.2946,6.7581,161.0,7782.0,2291.3125
3536,6.7643,6.41,1.196,5.871,158.0,7954.0,2291.3125
3537,5.8541,5.3383,1.4183,6.7816,157.0,5631.0,2291.3125
3538,6.8531,5.3208,1.7084,6.0296,158.0,21519.0,2291.3125
3539,6.0287,6.2574,1.8208,6.2923,151.0,12903.0,2291.3125
3540,6.2573,5.2714,1.5139,5.7483,152.0,14719.0,2291.3125
3541,5.7729,6.3115,1.5592,6.4475,155.0,10023.0,2291.3125
3542,6.4286,5.3468,1.5398,6.0129,155.0,10171.0,2291.3125
3543,6.0736,5.3019,1.4905,6.543,155.0,9179.0,2291.3125
3544,6.4957,6.3071,1.7095,5.6856,154.0,10473.0,2291.3125
3545,5.6539,5.3775,1.5925,5.9274,154.0,10015.0,2291.3125
3546,5.9778,5.2983,1.5381,6.4847,154.0,14573.0,2291.3125
3547,6.4216,6.9564,1.6467,7.0251,154.0,11357.0,2291.3125
3548,7.0994,5.2695,1.6701,5.8657,154.0,5153.0,2291.3125
3549,5.868,6.2997,1.7717,7.3446,162.0,11220.0,2291.3125
3550,7.3203,5.8781,1.4355,5.8473,158.0,5157.0,2291.3125
3551,5.8242,5.7063,1.4718,6.5101,140.0,10791.0,2291.3125
3552,6.5825,6.7769,1.7413,7.1185,159.0,18851.0,2291.3125
3553,7.0454,5.6152,1.5878,5.702,158.0,11891.0,2291.3125
3554,5.8563,6.6693,1.7145,7.9334,156.0,5523.0,2291.3125
3555,7.8423,5.856,2.0389,5.786,156.0,14989.0,2291.3125
3556,5.7475,5.6758,1.5325,6.4892,156.0,12455.0,2291.3125
3557,6.5899,6.8851,2.4216,7.7151,159.0,30455.0,2291.3125
3558,7.6904,5.6398,1.6826,5.6412,158.0,23867.0,2291.3125
3559,5.5574,6.3281,1.6023,6.9847,149.0,11707.0,2291.3125
3560,7.0042,6.2102,1.7063,6.1911,155.0,12769.0,2291.3125
3561,6.1797,5.5602,1.5273,6.6565,154.0,8697.0,2291.3125
3562,6.6867,6.8941,1.7262,7.137,155.0,6731.0,2291.3125
3563,7.1261,5.6067,1.4546,5.968,154.0,12165.0,2291.3125
3564,5.9359,5.6213,1.5048,6.8064,154.0,33983.0,2291.3125
3565,6.8343,7.0607,1.8596,6.759,128.0,14129.0,2291.3125
3566,6.7126,5.6587,1.9469,6.1764,122.0,2997.0,2291.3125
3567,6.2625,6.8075,1.8555,7.1413,125.0,3177.0,2291.3125
3568,7.0927,5.6295,1.5539,5.9796,120.0,2995.0,2291.3125
3569,5.9495,5.7603,1.4988,7.3747,123.0,3175.0,2291.3125
3570,7.4094,6.5117,1.7214,5.7274,121.0,3007.0,2291.3125
3571,5.7742,5.5275,1.4059,6.3678,118.0,2993.0,2291.3125
3572,6.3982,6.3173,1.5439,7.2587,119.0,3005.0,2291.3125
3573,7.1785,5.8727,2.2609,6.2787,118.0,2993.0,2291.3125
3574,6.2629,5.5321,1.3743,6.644,122.0,3233.0,2291.3125
3575,6.6838,6.307,1.7527,6.3015,118.0,2993.0,2291.3125
3576,6.2438,5.5631,1.6317,6.4672,127.0,3485.0,2291.3125
3577,6.5031,6.4656,1.5787,7.2262,118.0,2993.0,2291.3125
3578,7.2761,6.1598,1.5349,6.3691,135.0,4013.0,2291.3125
3579,6.3148,5.5171,1.8597,6.1175,139.0,4253.0,2291.3125
3580,6.1788,6.7335,2.3805,7.1369,155.0,5165.0,2291.3125
3581,7.0458,5.5174,1.6755,6.2799,159.0,5169.0,2291.3125
3582,6.3451,6.4101,1.7742,6.8249,158.0,5157.0,2291.3125
3583,6.7817,5.8284,1.4739,5.728,158.0,5157.0,2291.3125
3584,5.7164,5.6335,1.4954,6.7084,159.0,7168.0,2291.3125
3585,6.7781,7.0664,1.5908,7.0062,157.0,5167.0,2291.3125
3586,6.9243,5.5966,1.4761,5.7037,164.0,12639.0,2291.3125
3587,5.7649,6.3361,1.7114,7.4107,154.0,5617.0,2291.3125
3588,7.4164,5.5545,1.7768,6.0374,156.0,7952.0,2291.3125
3589,6.0017,5.6344,1.5898,6.397,156.0,14408.0,2291.3125
3590,6.5352,6.556,1.8368,7.3554,155.0,5573.0,2291.3125
3591,7.2476,5.6262,2.3235,6.1343,156.0,9640.0,2291.3125
3592,6.1537,5.6097,1.7196,6.8406,156.0,7024.0,2291.3125
3593,6.7948,6.5385,1.7459,5.9223,157.0,8056.0,2291.3125
3594,5.9118,5.6644,1.4408,6.2928,156.0,7766.0,2291.3125
3595,6.392,6.5742,1.7194,6.7405,156.0,7952.0,2291.3125
3596,6.6791,5.6056,1.7475,6.2656,154.0,8193.0,2291.3125
3597,6.2534,5.5582,1.5145,6.7702,162.0,18969.0,2291.3125
3598,6.7876,7.0714,1.832,6.7539,154.0,12847.0,2291.3125
3599,6.7265,5.6772,1.4803,6.5584,159.0,15319.0,2291.3125
3600,6.6094,6.6827,1.6447,6.9251,157.0,9681.0,2291.3125
3601,6.8419,5.578,1.4817,5.7306,156.0,10947.0,2291.3125
3602,5.7622,5.6053,1.5528,6.5924,157.0,9769.0,2291.3125
3603,6.6597,6.8776,1.6416,6.9877,154.0,8979.0,2291.3125
3604,6.9449,5.6221,1.4547,7.018,154.0,10015.0,2291.3125
3605,7.1302,7.0659,1.7327,6.6683,154.0,15037.0,2291.3125
3606,6.5593,5.677,1.6063,6.1649,154.0,10893.0,2291.3125
3607,6.1233,5.5909,1.5278,6.3101,155.0,8501.0,2291.3125
3608,6.3297,6.635,1.9026,6.8173,156.0,7856.0,2291.3125
3609,6.8066,5.5483,1.5726,6.2518,155.0,5165.0,2291.3125
3610,6.2814,6.4195,1.8418,6.6163,135.0,12323.0,2291.3125
3611,6.5964,6.0612,1.8256,6.1354,157.0,17561.0,2291.3125
3612,6.1786,5.5871,1.3924,6.9369,156.0,11581.0,2291.3125
3613,6.9133,6.9023,1.5318,6.6896,159.0,8873.0,2291.3125
3614,6.6595,5.6427,1.4379,6.2699,158.0,11941.0,2291.3125
3615,6.3052,5.6482,1.6772,7.3102,160.0,17083.0,2291.3125
3616,7.3557,6.527,1.7586,6.2123,160.0,32341.0,2291.3125
3617,6.1739,5.6294,1.644,6.6167,158.0,17017.0,2291.3125
3618,6.6453,6.7681,1.5972,6.8256,157.0,12753.0,2291.3125
3619,6.839,5.6219,1.5085,7.1726,155.0,12085.0,2291.3125
3620,7.178,6.5703,1.8291,6.4594,155.0,9023.0,2291.3125
3621,6.5688,5.9135,2.0954,5.8453,154.0,11951.0,2291.3125
3622,5.6759,5.6981,1.8438,6.7967,155.0,17095.0,2291.3125
3623,6.8752,6.9949,2.0032,6.6998,153.0,34231.0,2291.3125
3624,6.6231,5.6623,1.8416,6.2265,118.0,2993.0,2291.3125
