capture_frame,FrameTime,GPUTime,GameThreadTime,RenderThreadTime,RHI/DrawCalls,RHI/PrimitivesDrawn,GPUMem/LocalUsedMB
120,16.3666,15.9355,1.5732,16.9356,552.0,42120.0,2958.9062
121,16.9222,16.0881,1.5667,16.1927,561.0,31632.0,2958.9062
122,16.268,15.9664,1.8762,16.1926,554.0,18707.0,2958.9062
123,16.2348,15.8152,1.8802,16.5744,552.0,17104.0,2958.9062
124,16.5345,15.9953,1.7612,16.6201,552.0,18208.0,2958.9062
125,16.6492,15.6327,1.8665,16.4414,556.0,16004.0,2958.9062
126,16.4539,16.2521,2.293,16.5474,558.0,16028.0,2958.9062
127,16.5716,16.1711,2.4462,17.3464,556.0,16468.0,2958.9062
128,17.3516,15.8672,1.8984,16.1559,554.0,19250.0,2958.9062
129,16.1572,15.9285,1.7948,16.2838,555.0,16478.0,2958.9062
130,16.3398,15.8584,2.1234,15.9417,555.0,18604.0,2958.9062
131,15.8447,16.1722,1.9222,16.4647,553.0,18706.0,2958.9062
132,16.444,15.8947,1.7513,16.4831,552.0,21015.0,2958.9062
133,16.5121,15.8423,1.8068,16.4037,552.0,18444.0,2958.9062
134,16.3439,16.007,1.8031,16.1834,552.0,21638.0,2958.9062
135,16.1474,15.8425,1.6689,16.5941,552.0,19436.0,2958.9062
136,16.6243,15.8443,1.6015,16.4891,556.0,22422.0,2958.9062
137,16.5219,15.902,1.8847,16.536,560.0,31804.0,2958.9062
138,16.5591,16.0579,1.8889,16.4355,552.0,31990.0,2958.9062
139,16.4279,15.9632,2.1688,16.2677,552.0,22782.0,2958.9062
140,16.3274,16.0569,2.1052,16.4916,552.0,16000.0,2958.9062
141,16.4494,16.0265,1.8052,16.6775,556.0,16004.0,2958.9062
142,16.7274,15.9518,1.7985,16.5394,557.0,17806.0,2958.9062
143,16.5586,15.3724,1.8885,16.3951,556.0,20298.0,2958.9062
144,16.3249,15.1919,2.1542,16.3801,555.0,28124.0,2958.9062
145,16.4148,15.7616,2.2287,16.6111,555.0,25116.0,2958.9062
146,16.585,15.7735,1.8506,16.8095,555.0,36914.0,2958.9062
147,16.7496,16.1876,1.6526,16.2923,552.0,30749.0,2958.9062
148,16.332,15.9768,1.7327,16.5185,552.0,18166.0,2958.9062
149,16.4733,15.7916,1.672,16.3293,552.0,17856.0,2958.9062
150,16.3811,15.7977,1.6582,15.694,553.0,42328.0,2958.9062
151,15.7209,15.702,1.8172,16.6447,553.0,28638.0,2958.9062
152,16.7608,16.0829,2.0223,16.593,559.0,31191.0,2958.9062
153,16.4409,15.7746,1.8441,15.9376,553.0,16476.0,2958.9062
154,16.0404,16.3128,1.8994,16.6752,553.0,17404.0,2958.9062
155,16.6035,15.9593,1.7882,16.7321,553.0,16940.0,2958.9062
156,16.7495,15.6771,1.82,16.1081,552.0,16892.0,2958.9062
157,16.1364,16.2106,1.9843,17.2844,555.0,16462.0,2958.9062
158,17.215,15.9978,1.9237,16.2878,558.0,19853.0,2958.9062
159,16.3873,15.7876,2.1306,16.1861,557.0,18010.0,2958.9062
160,16.1036,15.951,1.7943,16.2604,554.0,16552.0,2958.9062
161,16.3068,15.8195,1.8745,16.2759,557.0,18253.0,2958.9062
162,16.2057,15.9443,1.7796,16.6336,555.0,17825.0,2958.9062
163,16.7252,15.9137,1.8558,16.287,548.0,15808.0,2958.9062
164,16.2173,15.8314,1.764,16.1802,553.0,16012.0,2958.9062
165,16.1753,15.9307,1.7341,16.7595,552.0,17688.0,2958.9062
166,16.8006,15.8288,1.9339,16.4573,552.0,25368.0,2958.9062
167,16.512,16.0893,1.858,16.6745,552.0,16928.0,2958.9062
168,16.596,15.9282,1.9511,16.1945,553.0,16012.0,2958.9062
169,16.1604,16.2933,1.7626,17.6937,555.0,17883.0,2958.9062
170,17.7601,15.7861,1.9405,15.5858,552.0,16000.0,2958.9062
171,15.6687,15.8718,1.8878,15.8855,552.0,17856.0,2958.9062
172,15.7955,16.1927,1.9501,16.8127,553.0,16012.0,2958.9062
173,16.887,15.9915,1.9,17.4288,567.0,38825.0,2958.9062
174,17.4283,16.366,2.4295,16.1191,564.0,75166.0,2958.9062
175,16.0628,16.0142,2.0029,16.075,560.0,79432.0,2958.9062
176,16.2419,15.9524,2.1361,17.596,555.0,16014.0,2958.9062
177,17.3944,16.2796,2.0947,15.6948,555.0,16014.0,2958.9062
178,15.7319,16.1783,1.9587,16.8648,555.0,16014.0,2958.9062
179,16.8395,16.1674,1.8286,16.619,552.0,16000.0,2958.9062
180,16.6372,15.9886,1.898,16.2224,552.0,16000.0,2958.9062
181,16.2091,15.6998,1.8149,16.6075,554.0,16024.0,2958.9062
182,16.6398,16.1919,1.8826,17.0403,552.0,16000.0,2958.9062
183,17.0361,16.0423,1.8663,16.6865,552.0,16000.0,2958.9062
184,16.7778,16.027,1.892,15.9318,552.0,16464.0,2958.9062
185,15.8182,16.0211,1.6018,16.673,551.0,15940.0,2958.9062
186,16.7098,16.121,2.0343,16.6964,551.0,15940.0,2958.9062
187,16.8561,16.0653,2.2482,16.3482,549.0,15832.0,2958.9062
188,16.1403,15.9477,1.8587,16.9417,547.0,17152.0,2958.9062
189,16.9845,16.1709,2.035,16.3512,555.0,15920.0,2958.9062
190,16.2962,15.7562,2.0835,15.9481,556.0,16004.0,2958.9062
191,16.0272,15.9231,1.8965,16.4049,557.0,16016.0,2958.9062
192,16.3592,16.0369,1.9056,17.2974,555.0,16014.0,2958.9062
193,17.3929,15.697,2.1151,16.102,554.0,16002.0,2958.9062
194,16.0457,16.0371,1.8949,16.4662,554.0,16002.0,2958.9062
195,16.4152,15.7251,1.8237,16.2601,554.0,20664.0,2958.9062
196,16.2323,15.8987,1.6966,15.9373,553.0,20652.0,2958.9062
197,15.9705,16.0827,1.7852,16.819,552.0,16000.0,2958.9062
198,16.8982,15.6453,1.7796,16.0899,552.0,27276.0,2958.9062
199,15.9675,15.9943,1.724,16.5679,553.0,42132.0,2958.9062
200,16.6516,16.0406,1.7577,16.4247,560.0,31620.0,2958.9062
201,16.4201,15.7105,1.6928,16.5812,554.0,18707.0,2958.9062
202,16.5687,16.2343,1.8353,16.2113,553.0,17116.0,2958.9062
203,16.1982,16.0325,1.7396,16.8651,553.0,18220.0,2958.9062
204,16.862,15.845,1.9171,16.4012,552.0,16000.0,2958.9062
205,16.4415,15.9554,1.7598,16.1415,556.0,16004.0,2958.9062
206,16.1617,15.9911,2.0123,16.9227,557.0,16480.0,2958.9062
207,16.8408,16.2945,1.6611,16.4181,556.0,19252.0,2958.9062
208,16.4368,15.9372,1.7226,16.4547,555.0,16478.0,2958.9062
209,16.4496,15.9745,1.7103,16.7322,554.0,18592.0,2958.9062
210,16.7554,15.9335,1.7732,16.124,555.0,18708.0,2958.9062
211,16.1321,15.3176,1.6715,16.737,552.0,21015.0,2958.9062
212,16.6755,15.8737,1.6722,16.2915,552.0,18444.0,2958.9062
213,16.3539,15.9055,2.3344,16.3565,552.0,21638.0,2958.9062
214,16.3467,16.0203,2.0792,16.9687,552.0,19436.0,2958.9062
215,16.973,15.6511,1.8781,16.1302,556.0,22422.0,2958.9062
216,16.1036,15.8663,1.8558,16.3808,561.0,31816.0,2958.9062
217,16.3887,16.183,1.8965,16.0597,552.0,31990.0,2958.9062
218,16.0751,15.9273,1.8161,16.5866,553.0,22794.0,2958.9062
219,16.6022,15.9245,1.491,16.139,552.0,16000.0,2958.9062
220,16.1947,15.8705,1.6802,16.6305,552.0,16000.0,2958.9062
221,16.4539,15.6318,1.5805,16.3421,556.0,17794.0,2958.9062
222,16.3439,15.5608,1.544,16.1892,556.0,20298.0,2958.9062
223,16.297,16.1438,1.7077,16.6683,556.0,28114.0,2958.9062
224,16.6482,16.016,1.7646,16.8501,554.0,25104.0,2958.9062
225,16.8644,16.006,1.8467,17.0733,555.0,36914.0,2958.9062
226,17.0674,15.3642,1.752,15.6732,554.0,30751.0,2958.9062
227,15.678,15.6934,1.8145,16.3779,552.0,18166.0,2958.9062
228,16.3616,16.1567,1.9921,17.3284,553.0,17868.0,2958.9062
229,17.2772,16.1486,1.5296,15.5524,552.0,42316.0,2958.9062
230,15.5948,15.9925,2.0285,16.187,553.0,28638.0,2958.9062
231,16.2509,15.9462,1.8916,16.6602,557.0,31167.0,2958.9062
232,16.7257,15.8184,1.9576,16.3955,552.0,16464.0,2958.9062
233,16.3488,16.085,1.7623,16.2404,552.0,17392.0,2958.9062
234,16.2081,15.9728,1.8628,17.3541,552.0,16928.0,2958.9062
235,17.3317,16.0916,1.6309,15.8812,551.0,16880.0,2958.9062
236,15.9805,15.7763,1.7791,16.8922,551.0,16458.0,2958.9062
237,16.7636,15.8905,1.7433,15.9218,558.0,19853.0,2958.9062
238,15.9958,16.2537,1.7809,16.5035,556.0,17998.0,2958.9062
239,16.5841,15.9351,1.7697,16.7032,556.0,16554.0,2958.9062
240,16.6175,16.0986,1.856,16.1799,556.0,18241.0,2958.9062
241,16.09,15.7216,1.4658,16.7553,555.0,17825.0,2958.9062
242,16.7859,15.9033,1.9114,16.8798,550.0,15810.0,2958.9062
243,16.9054,16.0203,1.7587,15.9472,552.0,16000.0,2958.9062
244,15.9699,15.7971,1.8734,16.606,552.0,17688.0,2958.9062
245,16.6116,16.2704,1.8202,16.9682,553.0,25380.0,2958.9062
246,16.9423,16.0249,1.9648,16.1076,552.0,16928.0,2958.9062
247,16.0882,15.6974,1.8992,16.0868,552.0,16000.0,2958.9062
248,16.0845,16.3893,1.8141,17.6638,554.0,17871.0,2958.9062
249,17.5911,15.9795,1.6849,16.2865,552.0,16000.0,2958.9062
250,16.3835,16.0737,2.1418,16.6158,553.0,17868.0,2958.9062
251,16.6118,16.0379,1.7131,15.7338,552.0,16000.0,2958.9062
252,15.6687,15.9421,1.7129,16.776,562.0,38809.0,2958.9062
253,17.0073,16.0881,1.8953,16.4495,565.0,75178.0,2958.9062
254,16.3173,16.1323,1.8912,17.495,560.0,79432.0,2958.9062
255,17.4929,16.4758,2.0011,16.5064,558.0,16028.0,2958.9062
256,16.4754,16.1028,1.9239,16.5216,554.0,16002.0,2958.9062
257,16.5315,15.9282,1.9668,16.4316,556.0,16026.0,2958.9062
258,16.4512,15.9067,2.0373,16.1936,555.0,16014.0,2958.9062
259,16.1549,16.0859,1.7683,16.1338,553.0,16012.0,2958.9062
260,16.2569,16.3605,2.0594,17.6337,553.0,16012.0,2958.9062
261,17.5249,15.8626,1.9942,16.5918,553.0,16012.0,2958.9062
262,16.6078,15.9393,1.8991,15.9193,552.0,16000.0,2958.9062
263,16.0301,16.3564,1.9096,17.2751,553.0,16476.0,2958.9062
264,17.2308,15.8935,1.8801,16.1663,552.0,16000.0,2958.9062
265,16.1725,16.35,2.03,16.7132,551.0,15952.0,2958.9062
266,16.8758,16.0879,1.9004,15.9936,552.0,16000.0,2958.9062
267,15.8294,15.7031,1.8707,16.7511,547.0,17152.0,2958.9062
268,16.7425,16.3672,1.9157,16.4399,551.0,15916.0,2958.9062
269,16.4112,16.2212,1.9147,17.9176,556.0,16004.0,2958.9062
270,17.8756,16.1806,2.1068,15.5918,557.0,16016.0,2958.9062
271,15.6555,16.0837,2.1835,16.666,557.0,16016.0,2958.9062
272,16.6415,16.1808,1.9947,16.9131,555.0,16014.0,2958.9062
273,16.9756,16.2888,1.9475,17.7819,554.0,16930.0,2958.9062
274,17.9273,16.0434,2.0443,16.117,554.0,21106.0,2958.9062
275,15.9126,16.1338,2.0124,16.2787,552.0,19248.0,2958.9062
276,16.2878,16.0762,1.9195,16.1144,552.0,16000.0,2958.9062
277,16.1058,16.1275,1.8647,16.5288,552.0,29048.0,2958.9062
278,16.5213,16.1844,1.9426,16.7875,554.0,42219.0,2958.9062
279,16.8155,16.096,1.9209,16.5429,558.0,29873.0,2958.9062
280,16.5921,16.2918,1.8929,16.6705,554.0,18583.0,2958.9062
281,16.6302,15.8112,1.9382,16.2812,552.0,17104.0,2958.9062
282,16.246,16.0487,1.9044,16.7225,552.0,18208.0,2958.9062
283,16.6996,16.1516,2.0725,16.8684,552.0,16000.0,2958.9062
284,17.0004,15.8152,2.2511,16.5844,554.0,16488.0,2958.9062
285,16.4818,16.3123,2.149,16.6575,556.0,16004.0,2958.9062
286,16.8305,16.2746,3.1883,16.4871,558.0,19276.0,2958.9062
287,16.3046,15.8463,2.3451,16.1322,556.0,17940.0,2958.9062
288,16.1371,16.2105,2.4542,17.516,554.0,17120.0,2958.9062
289,17.4832,16.0103,2.0013,15.9439,554.0,19064.0,2958.9062
290,15.9222,16.6543,1.7351,17.0123,554.0,20649.0,2958.9062
291,17.02,16.448,1.7579,16.5465,554.0,19204.0,2958.9062
292,16.5773,16.0474,2.2009,16.7493,552.0,22620.0,2958.9062
293,16.7027,16.1373,1.8945,16.8771,554.0,20118.0,2958.9062
294,16.9031,16.3827,2.0657,17.1795,554.0,20690.0,2958.9062
295,17.3815,16.3128,2.2153,15.9238,560.0,33004.0,2958.9062
296,15.8381,16.1224,2.122,16.9703,553.0,30134.0,2958.9062
297,16.8858,16.0222,2.0279,16.3657,552.0,22782.0,2958.9062
298,16.3635,16.2691,1.9828,16.6451,553.0,16012.0,2958.9062
299,16.7561,15.9365,2.1378,16.6263,552.0,16000.0,2958.9062
300,16.5893,16.2035,2.1429,16.6466,552.0,18386.0,2958.9062
301,16.6064,16.1651,2.3257,16.9165,557.0,21144.0,2958.9062
302,16.9483,16.0835,1.962,16.7899,556.0,27736.0,2958.9062
303,16.9446,16.428,2.2083,16.6671,556.0,24768.0,2958.9062
304,16.5303,16.3027,2.1648,16.9608,554.0,37388.0,2958.9062
305,17.1041,16.2579,2.3215,17.2181,555.0,29563.0,2958.9062
306,17.1661,16.2126,2.2486,16.5673,555.0,18180.0,2958.9062
307,16.5082,16.0369,2.0218,16.2857,553.0,17868.0,2958.9062
308,16.2225,16.3063,2.0954,16.776,552.0,42524.0,2958.9062
309,16.8879,16.127,2.3885,16.4405,553.0,28858.0,2958.9062
310,16.3723,16.4409,2.1511,16.7109,557.0,30739.0,2958.9062
311,16.6135,16.2703,2.2415,17.5041,552.0,16928.0,2958.9062
312,17.585,15.8851,2.3033,15.5484,553.0,16940.0,2958.9062
313,15.5121,16.2042,2.013,17.569,552.0,16928.0,2958.9062
314,17.5989,16.202,2.2416,16.419,551.0,16880.0,2958.9062
315,16.4262,16.2343,2.0046,16.6256,553.0,16850.0,2958.9062
316,16.5619,16.256,2.0142,16.4088,554.0,19481.0,2958.9062
317,16.4118,16.02,2.1313,17.0509,556.0,17998.0,2958.9062
318,17.0306,16.128,2.1128,16.4315,557.0,16566.0,2958.9062
319,16.5165,16.2974,2.3279,16.592,558.0,18243.0,2958.9062
320,16.6442,16.371,2.1343,18.4642,554.0,17777.0,2958.9062
321,18.4805,16.3759,1.9845,15.3138,551.0,15858.0,2958.9062
322,15.1596,16.0525,1.7971,16.4325,554.0,16002.0,2958.9062
323,16.4348,16.2627,2.0357,17.6493,552.0,17688.0,2958.9062
324,18.0646,16.1604,1.9796,16.1899,552.0,25832.0,2958.9062
325,15.8956,16.2039,1.919,16.8166,552.0,16464.0,2958.9062
326,16.7904,16.082,2.1234,16.9861,552.0,16000.0,2958.9062
327,17.0219,16.0635,1.962,15.7466,554.0,17871.0,2958.9062
328,15.6756,16.2616,2.0379,16.8527,552.0,16464.0,2958.9062
329,16.8633,16.1986,2.1299,16.995,552.0,17392.0,2958.9062
330,17.8203,16.3167,2.8289,16.3375,554.0,17871.0,2958.9062
331,15.4538,16.3433,1.6064,16.8666,560.0,41726.0,2958.9062
332,16.8287,15.901,2.0252,16.5899,561.0,78510.0,2958.9062
333,16.7692,16.5879,2.4316,18.1554,559.0,71296.0,2958.9062
334,18.2963,16.4424,2.1643,17.1579,556.0,16004.0,2958.9062
335,16.9395,15.9716,2.2517,15.5784,557.0,16016.0,2958.9062
336,15.5546,16.3552,2.2333,16.6208,554.0,16002.0,2958.9062
337,16.6727,15.8439,1.854,16.9135,554.0,16002.0,2958.9062
338,16.8654,16.2821,1.7433,17.2473,554.0,16002.0,2958.9062
339,17.3317,16.2834,2.0334,15.8941,552.0,16000.0,2958.9062
340,15.7801,16.3314,2.2292,16.7575,553.0,16012.0,2958.9062
341,16.854,16.4075,2.1023,17.6136,553.0,16476.0,2958.9062
342,17.5708,16.0542,2.2092,15.6822,552.0,16000.0,2958.9062
343,15.6774,16.3475,1.8405,17.5263,551.0,15856.0,2958.9062
344,17.6287,16.1565,1.977,16.518,552.0,16000.0,2958.9062
345,16.7789,16.2672,1.7599,16.658,551.0,15952.0,2958.9062
346,16.3464,16.1517,1.758,16.6575,548.0,17200.0,2958.9062
347,16.5898,16.056,1.8294,16.0161,550.0,15904.0,2958.9062
348,16.0705,16.1978,2.2963,16.5723,552.0,16000.0,2958.9062
349,16.5248,15.8362,1.8297,17.1852,556.0,16004.0,2958.9062
350,17.1854,16.248,1.9343,16.548,556.0,16004.0,2958.9062
351,16.5436,16.026,1.8857,16.7337,556.0,16004.0,2958.9062
352,16.705,15.9328,1.9163,15.9888,555.0,17406.0,2958.9062
353,16.0704,16.2829,2.0179,16.6896,555.0,20654.0,2958.9062
354,16.594,15.785,1.8405,16.8939,555.0,19262.0,2958.9062
355,17.075,16.356,1.9734,16.8757,552.0,17404.0,2958.9062
356,16.7573,16.1193,2.0002,16.2528,553.0,29060.0,2958.9062
357,16.2999,15.6965,1.9616,16.0103,554.0,40815.0,2958.9062
358,16.1113,16.3643,2.6707,16.6482,559.0,29885.0,2958.9062
359,16.5429,16.0478,2.1522,16.4449,554.0,18583.0,2958.9062
360,16.3964,16.1236,1.8633,16.6007,552.0,17472.0,2958.9062
361,16.6465,15.9922,2.0571,16.9928,553.0,17852.0,2958.9062
362,17.0067,15.9457,2.1464,16.0828,553.0,16476.0,2958.9062
363,16.024,16.242,1.8275,16.7071,553.0,16012.0,2958.9062
364,16.746,16.4266,1.9358,16.9766,552.0,16464.0,2958.9062
365,16.8339,16.3583,2.0229,17.3072,556.0,18788.0,2958.9062
366,17.4002,16.0401,2.2672,16.5202,557.0,17974.0,2958.9062
367,16.5632,15.9129,1.8396,15.8783,557.0,17112.0,2958.9062
368,15.9295,15.9072,1.7888,16.8719,555.0,19076.0,2958.9062
369,16.7609,16.033,1.7794,16.2327,555.0,21029.0,2958.9062
370,16.2375,16.2722,1.9055,16.5914,554.0,19716.0,2958.9062
371,16.6358,15.7779,1.9531,16.4942,553.0,22734.0,2958.9062
372,16.5092,16.0359,2.0261,16.2418,553.0,19470.0,2958.9062
373,16.1991,16.228,1.9442,17.1668,554.0,20888.0,2958.9062
374,17.19,15.7599,1.982,16.2664,561.0,33016.0,2958.9062
375,16.3367,16.3333,1.9759,16.4559,552.0,29556.0,2958.9062
376,16.3436,16.1193,1.816,16.9693,553.0,22794.0,2958.9062
377,17.075,15.6892,1.8461,16.2086,552.0,16000.0,2958.9062
378,16.2206,16.2867,1.9348,16.5763,554.0,16322.0,2958.9062
379,16.5237,16.0282,1.8256,16.4309,553.0,18634.0,2958.9062
380,16.3908,15.8251,1.9811,16.4905,554.0,22074.0,2958.9062
381,16.5493,15.9759,1.7838,16.3062,556.0,26594.0,2958.9062
382,16.3064,15.7062,1.845,16.4483,556.0,28540.0,2958.9062
383,16.4656,16.1123,1.8026,16.4799,556.0,33672.0,2958.9062
384,16.3973,16.01,1.8437,16.7713,554.0,29183.0,2958.9062
385,16.8254,15.8328,1.8576,16.0335,554.0,18168.0,2958.9062
386,15.9861,16.0318,1.7972,16.6388,554.0,18636.0,2958.9062
387,16.7103,15.9383,1.8123,16.2037,552.0,42002.0,2958.9062
388,16.1416,16.1012,1.7517,16.7614,554.0,30158.0,2958.9062
389,16.7409,16.3665,1.7367,17.2025,557.0,29195.0,2958.9062
390,17.211,16.636,1.8303,16.6907,552.0,16928.0,2958.9062
391,16.8383,16.1687,1.8692,16.5585,552.0,16928.0,2958.9062
392,16.509,15.9262,1.8382,16.4743,552.0,16928.0,2958.9062
393,16.4219,16.319,1.8804,16.8254,551.0,16880.0,2958.9062
394,16.7982,15.8106,1.7716,16.6429,551.0,16826.0,2958.9062
395,16.8253,16.2448,1.8243,16.4964,554.0,20409.0,2958.9062
396,16.3966,15.809,1.861,16.6214,552.0,17088.0,2958.9062
397,16.4301,15.9026,1.595,16.2128,557.0,16912.0,2958.9062
398,16.2256,16.1955,1.619,16.6782,559.0,17851.0,2958.9062
399,16.7473,15.8187,1.7175,15.8967,557.0,17827.0,2958.9062
400,16.1445,16.1068,2.2266,17.0575,551.0,15858.0,2958.9062
401,16.8456,16.0577,1.7645,16.7118,555.0,16014.0,2958.9062
402,16.7201,15.6817,1.7618,16.119,554.0,19378.0,2958.9062
403,16.1059,16.0358,1.8194,16.1546,553.0,24156.0,2958.9062
404,16.1684,16.0713,1.924,16.7966,553.0,16476.0,2958.9062
405,16.8077,16.0548,1.8197,16.5375,552.0,16000.0,2958.9062
406,16.513,16.0095,1.9203,16.4978,554.0,18335.0,2958.9062
407,16.4864,15.8506,2.0203,16.4247,552.0,16000.0,2958.9062
408,16.4222,16.0446,1.7215,16.1895,553.0,17404.0,2958.9062
409,16.2707,15.999,1.8101,16.3944,555.0,17883.0,2958.9062
410,16.4274,16.0432,1.8158,16.7318,560.0,45286.0,2958.9062
411,16.6123,15.9957,1.8557,16.3624,562.0,81790.0,2958.9062
412,16.3947,15.898,1.7359,16.5123,556.0,64476.0,2958.9062
413,16.5248,16.0166,1.819,16.6224,557.0,16016.0,2958.9062
414,16.6104,16.0049,2.0561,17.0419,556.0,16004.0,2958.9062
415,17.1002,16.1527,1.7761,16.5829,556.0,16004.0,2958.9062
416,16.617,16.0143,1.7499,16.1673,555.0,16014.0,2958.9062
417,16.0452,15.0839,1.7814,16.4961,554.0,16002.0,2958.9062
418,16.6288,15.3304,1.8359,15.9709,554.0,16002.0,2958.9062
419,15.9044,15.5433,1.9645,16.6407,552.0,16000.0,2958.9062
420,16.5866,15.2084,1.9795,16.1971,552.0,16464.0,2958.9062
421,16.2982,15.8015,1.9494,17.8157,551.0,15904.0,2958.9062
422,17.7568,15.4957,1.9258,15.7465,633.0,36038.0,2958.9062
423,15.721,18.7845,1.7118,18.1785,532.0,16108.0,2958.9062
424,18.2781,16.5408,1.8552,17.5491,531.0,16488.0,2958.9062
425,17.428,16.1672,1.9565,17.1405,527.0,16796.0,2958.9062
426,17.2076,16.6324,1.9394,17.1456,532.0,16108.0,2958.9062
427,17.0974,17.3784,1.9175,17.6615,533.0,16120.0,2958.9062
428,17.6829,16.3698,1.8924,16.6675,532.0,16108.0,2958.9062
429,16.6624,16.4026,1.9052,16.7816,536.0,16112.0,2958.9062
430,16.8351,16.6307,1.7857,17.1757,536.0,16112.0,2958.9062
431,17.1542,16.2181,1.7729,16.7208,536.0,18432.0,2958.9062
432,16.6788,16.2784,1.8239,16.6571,534.0,22142.0,2958.9062
433,16.6724,16.5725,2.0039,17.4891,535.0,18454.0,2958.9062
434,17.4552,16.1438,1.8118,16.2282,534.0,19110.0,2958.9062
435,16.2923,16.5346,1.4543,17.1396,535.0,36955.0,2958.9062
436,17.1663,16.0882,1.7204,16.5788,538.0,35430.0,2958.9062
437,16.4982,16.2531,1.4341,16.9159,534.0,25175.0,2958.9062
438,16.8763,16.6361,1.3413,17.0802,534.0,18595.0,2958.9062
439,17.1009,16.1024,1.4697,16.5488,533.0,18696.0,2958.9062
440,16.57,16.6106,1.8104,16.9614,533.0,16952.0,2958.9062
441,16.9765,16.3539,1.8304,16.9202,533.0,16120.0,2958.9062
442,16.9199,16.0312,1.8149,16.4565,532.0,16572.0,2958.9062
443,16.5583,16.5709,1.8086,17.0802,533.0,18440.0,2958.9062
444,16.9677,16.3016,1.7828,16.8427,532.0,18530.0,2958.9062
445,16.8538,16.3802,1.7849,17.0568,536.0,17144.0,2958.9062
446,17.0504,16.3361,1.8579,16.7943,537.0,18964.0,2958.9062
447,16.8818,16.2289,1.7997,16.6327,536.0,21221.0,2958.9062
448,16.6372,16.7187,1.9868,17.5389,534.0,19392.0,2958.9062
449,17.5197,16.2858,1.8799,16.5755,536.0,22792.0,2958.9062
450,16.5795,16.334,2.1342,17.044,535.0,20252.0,2958.9062
451,16.9924,16.6874,2.03,16.3837,536.0,21324.0,2958.9062
452,16.3738,16.2825,2.0388,16.6648,541.0,32890.0,2958.9062
453,16.7696,16.4267,2.0817,16.985,533.0,28678.0,2958.9062
454,16.8616,16.3896,2.1758,16.9106,532.0,22826.0,2958.9062
455,17.083,16.3759,2.1472,16.9276,533.0,16056.0,2958.9062
456,16.8235,16.2068,2.1313,16.6732,532.0,16876.0,2958.9062
457,16.6192,16.2343,1.8643,16.7577,533.0,18884.0,2958.9062
458,16.818,16.87,2.0153,17.2463,532.0,22388.0,2958.9062
459,17.3323,16.3227,2.0988,17.2397,533.0,26992.0,2958.9062
460,17.133,16.5815,2.0375,16.913,533.0,27544.0,2958.9062
461,16.9199,16.3008,1.8225,17.9907,538.0,39146.0,2958.9062
462,17.9921,16.5432,1.8206,17.2103,536.0,23123.0,2958.9062
463,17.2914,16.6154,1.8612,16.6422,536.0,18214.0,2958.9062
464,16.5863,16.1816,2.0077,16.475,534.0,24158.0,2958.9062
465,16.3958,16.4751,1.6862,16.4771,534.0,38534.0,2958.9062
466,16.4692,16.2875,1.7372,17.3513,536.0,31032.0,2958.9062
467,17.3911,15.9916,1.7832,16.3573,537.0,26911.0,2958.9062
468,16.3507,16.6056,1.7537,16.6729,532.0,16972.0,2958.9062
469,16.6636,16.282,1.7876,16.8602,533.0,16984.0,2958.9062
470,16.8809,16.1556,1.7621,16.6301,532.0,16508.0,2958.9062
471,16.6101,16.3137,1.8346,16.8667,530.0,17612.0,2958.9062
472,16.8814,16.5168,1.7687,16.7155,534.0,18191.0,2958.9062
473,16.8193,16.1359,1.7762,16.9035,532.0,18582.0,2958.9062
474,16.7883,16.1766,1.793,16.5887,532.0,16994.0,2958.9062
475,16.7427,16.3445,1.7746,16.8879,532.0,16904.0,2958.9062
476,16.6945,16.2958,1.6719,16.707,535.0,17927.0,2958.9062
477,16.7734,16.304,1.6272,16.8297,536.0,17823.0,2958.9062
478,16.8221,16.1057,1.5479,17.1516,534.0,15952.0,2958.9062
479,17.1409,16.1572,1.7283,16.1209,537.0,16060.0,2958.9062
480,16.1384,16.4089,1.7968,16.8656,535.0,20362.0,2958.9062
481,16.8302,16.0252,1.7266,16.6066,534.0,23262.0,2958.9062
482,16.7244,16.388,1.8518,16.9964,534.0,16510.0,2958.9062
483,16.8913,16.2585,1.736,16.5648,533.0,16520.0,2958.9062
484,16.6155,15.9869,2.1693,16.5206,535.0,17927.0,2958.9062
485,16.5673,16.5076,1.7229,17.4273,533.0,16520.0,2958.9062
486,17.3465,16.2925,1.9314,16.7006,532.0,16972.0,2958.9062
487,16.8016,16.13,1.986,16.2137,535.0,24187.0,2958.9062
488,16.1182,16.2224,1.8679,16.8122,541.0,64015.0,2958.9062
489,16.8195,16.1719,1.772,16.8247,537.0,76823.0,2958.9062
490,16.8947,16.5922,1.8973,17.1387,535.0,40832.0,2958.9062
491,17.1299,16.7065,1.8446,17.2077,533.0,16056.0,2958.9062
492,17.2213,16.2943,1.7934,16.3981,532.0,16044.0,2958.9062
493,16.261,16.3007,1.686,17.1313,537.0,16060.0,2958.9062
494,17.1945,16.2207,1.9624,16.2405,536.0,16048.0,2958.9062
495,16.2306,16.3295,1.7775,17.0334,536.0,16048.0,2958.9062
496,16.9809,16.2482,1.7835,16.8936,535.0,16058.0,2958.9062
497,16.9394,16.3768,1.9985,16.5654,535.0,16522.0,2958.9062
498,16.6545,16.0338,1.8552,16.8965,530.0,15818.0,2958.9062
499,16.8196,16.1502,1.6586,16.5776,534.0,18283.0,2958.9062
500,16.6222,15.9662,1.6898,16.9081,534.0,18655.0,2958.9062
501,16.9345,16.3371,1.8822,17.5447,534.0,16068.0,2958.9062
502,17.5732,16.2837,2.0626,17.3388,532.0,16168.0,2958.9062
503,17.2862,16.3056,1.8571,16.4568,531.0,16460.0,2958.9062
504,16.3796,16.1813,1.721,16.8742,530.0,15948.0,2958.9062
505,16.9061,16.1844,1.6076,17.1205,528.0,16780.0,2958.9062
506,17.1052,15.9045,1.7372,16.421,533.0,16056.0,2958.9062
507,16.4467,16.2588,1.7292,17.2259,532.0,16044.0,2958.9062
508,17.2818,16.0377,1.9902,16.1552,532.0,16044.0,2958.9062
509,16.0853,16.5066,1.8341,17.107,537.0,16060.0,2958.9062
510,17.0667,16.2825,1.6864,17.3084,537.0,16524.0,2958.9062
511,17.2995,16.3777,1.4512,16.6206,538.0,19784.0,2958.9062
512,16.668,16.2623,1.7636,16.741,534.0,21626.0,2958.9062
513,16.7571,16.1008,1.3479,16.4666,536.0,18770.0,2958.9062
514,16.4565,16.1823,1.6447,16.6653,537.0,22893.0,2958.9062
515,16.8199,16.4336,1.8159,17.0132,534.0,37971.0,2958.9062
516,16.8716,16.5359,1.8137,17.2688,535.0,29243.0,2958.9062
517,17.2804,16.3644,1.7737,16.5014,534.0,24647.0,2958.9062
518,16.4808,16.1621,1.851,16.6168,534.0,19879.0,2958.9062
519,16.6122,16.3734,1.6726,16.9271,532.0,17980.0,2958.9062
520,16.9317,16.2502,1.5307,16.9939,532.0,16044.0,2958.9062
521,16.9534,16.5268,1.3786,16.6889,532.0,16044.0,2958.9062
522,16.7251,16.004,1.8571,16.2104,533.0,17448.0,2958.9062
523,16.5187,16.1186,2.012,17.4193,532.0,18102.0,2958.9062
524,17.1509,16.4669,1.8148,16.6779,533.0,17970.0,2958.9062
525,16.6771,16.0578,1.825,16.5048,536.0,17818.0,2958.9062
526,16.5078,16.5615,1.8231,17.0764,537.0,19855.0,2958.9062
527,17.1085,16.4298,1.9759,16.9477,536.0,21088.0,2958.9062
528,16.8917,16.3092,1.6792,16.8738,535.0,19922.0,2958.9062
529,16.8679,16.4067,1.7701,16.6771,535.0,23148.0,2958.9062
530,16.7155,16.3127,1.7683,16.7119,538.0,21374.0,2958.9062
531,16.7734,16.2276,1.8172,16.7898,537.0,25426.0,2958.9062
532,16.7427,16.5237,1.8153,17.0763,535.0,29288.0,2958.9062
533,16.9893,16.5485,1.4765,17.1597,533.0,26254.0,2958.9062
534,17.1261,16.5444,1.5058,16.923,532.0,21128.0,2958.9062
535,16.9149,16.2649,1.5654,16.9915,532.0,16578.0,2958.9062
536,17.126,16.1494,2.0122,16.7047,532.0,17510.0,2958.9062
537,16.6689,16.466,1.9219,16.6702,532.0,22008.0,2958.9062
538,16.6832,16.33,1.7993,17.1093,532.0,24398.0,2958.9062
539,17.1048,16.3699,1.8464,16.6596,533.0,26499.0,2958.9062
540,16.6487,16.2275,1.7993,16.6956,533.0,33676.0,2958.9062
541,16.7513,16.562,1.7761,17.028,536.0,28999.0,2958.9062
542,16.9823,16.1905,1.7784,17.1013,538.0,23019.0,2958.9062
543,17.1593,16.4393,1.8075,16.7152,536.0,17904.0,2958.9062
544,16.6647,16.596,1.7672,17.0424,535.0,29602.0,2958.9062
545,17.0397,16.0441,1.7984,16.6602,535.0,38222.0,2958.9062
546,16.6826,16.5536,1.9353,16.9679,538.0,30282.0,2958.9062
547,16.9137,16.1579,1.8541,16.961,534.0,21149.0,2958.9062
548,17.0348,16.4052,1.7444,16.8173,532.0,17436.0,2958.9062
549,16.8288,16.5642,2.2357,16.753,532.0,16508.0,2958.9062
550,16.7114,16.0862,1.8621,16.622,531.0,17660.0,2958.9062
551,16.6342,16.3269,1.926,17.0846,534.0,18481.0,2958.9062
552,17.089,16.3778,1.7623,16.521,533.0,17394.0,2958.9062
553,16.4827,16.1786,1.7665,16.5897,533.0,18344.0,2958.9062
554,16.5768,16.3695,1.7139,17.0612,531.0,16386.0,2958.9062
555,17.0609,16.2925,1.5845,16.4333,532.0,16550.0,2958.9062
556,16.4258,16.14,1.6813,17.0624,533.0,17867.0,2958.9062
557,17.0987,16.4262,1.9001,16.9744,536.0,17823.0,2958.9062
558,17.1003,16.6805,2.0132,16.9552,536.0,16012.0,2958.9062
559,16.8091,16.203,1.992,16.7012,536.0,19888.0,2958.9062
560,16.7474,16.376,1.6123,16.9587,535.0,20362.0,2958.9062
561,16.9246,16.3507,1.6956,16.9964,535.0,19434.0,2958.9062
562,17.1241,16.4239,1.9817,16.8665,534.0,16510.0,2958.9062
563,16.7576,16.4633,1.8688,17.0203,534.0,18379.0,2958.9062
564,17.0356,16.2455,1.8049,16.7044,533.0,16056.0,2958.9062
565,16.6433,16.3939,1.866,16.816,532.0,16508.0,2958.9062
566,16.9575,16.7481,1.9332,17.4182,536.0,24759.0,2958.9062
567,17.4117,16.4814,1.9902,17.253,537.0,38676.0,2958.9062
568,17.2036,16.649,1.8644,17.2042,538.0,71371.0,2958.9062
569,17.179,16.5277,1.9647,16.9685,537.0,53391.0,2958.9062
570,17.0169,16.1267,1.8176,17.1509,533.0,34644.0,2958.9062
571,17.1625,16.5611,2.0402,16.6997,532.0,16044.0,2958.9062
572,16.6819,16.4063,1.7737,16.7603,532.0,16044.0,2958.9062
573,16.8343,16.1766,1.6998,17.0452,536.0,16048.0,2958.9062
574,16.9218,16.3938,1.7773,17.0203,536.0,16048.0,2958.9062
575,17.1245,16.3715,1.9164,17.3155,536.0,16048.0,2958.9062
576,17.2949,16.646,1.8382,16.3935,534.0,16046.0,2958.9062
577,16.2894,16.2791,1.6855,16.6609,533.0,16462.0,2958.9062
578,16.697,16.4,1.8296,16.9941,534.0,16414.0,2958.9062
579,17.0059,16.3544,1.8351,16.6504,535.0,17927.0,2958.9062
580,16.7688,16.2589,1.9167,17.0671,534.0,18655.0,2958.9062
581,16.8859,16.4468,1.624,16.9449,532.0,16168.0,2958.9062
582,16.9912,16.3945,1.8288,17.1241,531.0,16460.0,2958.9062
583,17.1382,16.3043,1.7886,16.5917,531.0,15996.0,2958.9062
584,16.6658,16.5434,1.7798,16.9822,528.0,15852.0,2958.9062
585,16.8921,16.5594,1.8038,17.7388,531.0,16924.0,2958.9062
586,17.8265,16.2775,1.7949,16.9298,532.0,16044.0,2958.9062
587,16.8512,16.243,1.8611,16.8709,532.0,16044.0,2958.9062
588,16.9171,15.9331,1.8598,16.5667,532.0,16044.0,2958.9062
589,16.5014,17.0445,1.7612,16.8225,536.0,16512.0,2958.9062
590,16.8555,15.5153,1.7562,17.2675,537.0,17916.0,2958.9062
591,17.3366,16.1627,1.7863,16.6575,536.0,22092.0,2958.9062
592,16.5417,16.1906,1.7811,16.8479,534.0,18842.0,2958.9062
593,16.8643,16.2459,1.5048,16.5914,536.0,20197.0,2958.9062
594,16.6156,16.381,1.7551,16.5625,536.0,29573.0,2958.9062
595,16.5936,16.3197,1.702,16.8812,533.0,29856.0,2958.9062
596,16.8431,16.305,1.6309,16.8871,535.0,28071.0,2958.9062
597,16.9586,15.9622,1.692,16.7991,535.0,25271.0,2958.9062
598,16.8328,16.5368,1.7016,16.6727,535.0,20135.0,2958.9062
599,16.5435,16.25,1.6145,16.6577,532.0,16876.0,2958.9062
600,16.7106,16.1384,1.7838,16.9096,532.0,16044.0,2958.9062
601,16.9713,16.3071,1.8428,16.6031,533.0,16984.0,2958.9062
602,16.5114,16.1912,1.9082,16.777,533.0,17650.0,2958.9062
603,16.798,16.1259,1.8058,16.9364,533.0,18276.0,2958.9062
604,16.9383,16.1544,1.7456,16.6893,532.0,17446.0,2958.9062
605,16.6869,16.1567,1.8149,16.9407,536.0,17406.0,2958.9062
606,16.9425,16.2646,1.9534,16.757,536.0,22771.0,2958.9062
607,16.6574,16.2001,1.7487,16.4963,538.0,20042.0,2958.9062
608,16.561,16.1482,1.9593,16.6924,535.0,22946.0,2958.9062
609,16.6923,16.2323,1.5641,16.6538,536.0,21104.0,2958.9062
610,16.691,16.3674,1.648,16.8045,539.0,25844.0,2958.9062
611,16.8026,16.0761,1.567,17.1712,535.0,24850.0,2958.9062
612,17.1852,16.1873,1.7663,16.1944,533.0,28806.0,2958.9062
613,16.1757,16.2966,1.8593,17.024,532.0,22986.0,2958.9062
614,17.0385,16.0428,1.9305,16.2076,532.0,17742.0,2958.9062
615,16.1416,16.4776,1.8324,17.0667,533.0,17628.0,2958.9062
616,17.1312,16.2571,1.936,16.4925,532.0,19740.0,2958.9062
617,16.4542,15.9699,1.8027,16.783,532.0,26354.0,2958.9062
618,16.8792,16.314,1.8873,16.4444,532.0,21589.0,2958.9062
619,16.4126,16.1994,1.8709,17.1105,533.0,24944.0,2958.9062
620,17.0354,16.3567,1.6713,16.6355,532.0,35615.0,2958.9062
621,16.5808,16.2851,1.6272,16.8996,537.0,28617.0,2958.9062
622,17.0002,16.0581,1.6841,16.4767,536.0,19116.0,2958.9062
623,16.4368,16.3561,1.6166,17.0462,537.0,24848.0,2958.9062
624,17.0903,16.2642,1.9197,16.3516,534.0,30134.0,2958.9062
625,16.4121,16.2686,1.8613,16.9669,538.0,36788.0,2958.9062
626,16.9108,16.286,1.9067,16.8553,536.0,25806.0,2958.9062
627,16.8628,16.1172,1.8258,16.4198,533.0,19583.0,2958.9062
628,16.4701,16.3395,1.8374,17.1195,532.0,16972.0,2958.9062
629,17.1029,16.263,1.8315,16.4307,533.0,17684.0,2958.9062
630,16.4731,16.6098,1.7535,17.2039,534.0,18053.0,2958.9062
631,17.1036,16.0873,1.7553,16.541,531.0,17660.0,2958.9062
632,16.5675,16.21,1.8659,16.8078,532.0,17520.0,2958.9062
633,16.8521,16.5338,1.7878,16.9913,531.0,16946.0,2958.9062
634,16.938,16.0247,1.8583,16.4604,532.0,16940.0,2958.9062
635,16.6601,16.4185,2.0316,17.1128,531.0,15996.0,2958.9062
636,16.963,16.145,1.8868,16.4212,535.0,19738.0,2958.9062
637,16.3447,16.1198,1.6115,16.8783,535.0,15964.0,2958.9062
638,16.9499,16.0366,1.7709,16.9782,537.0,19900.0,2958.9062
639,16.9323,16.1007,1.8758,16.5651,536.0,20352.0,2958.9062
640,16.6005,16.3902,1.8807,16.862,534.0,17734.0,2958.9062
641,16.724,16.2614,1.5692,16.6527,535.0,17746.0,2958.9062
642,16.7406,15.9806,1.8925,16.6129,535.0,16986.0,2958.9062
643,16.7132,16.5197,1.8,17.1241,535.0,17927.0,2958.9062
644,17.076,16.33,1.4188,16.6379,532.0,16508.0,2958.9062
645,16.6768,16.2179,1.5895,16.9261,536.0,23831.0,2958.9062
646,16.8417,16.2879,1.6998,16.729,536.0,36256.0,2958.9062
647,16.7414,16.446,1.8745,16.6297,540.0,50799.0,2958.9062
648,16.6865,16.2426,1.8718,17.1997,533.0,52839.0,2958.9062
649,17.1505,16.4031,1.8536,16.8186,533.0,43684.0,2958.9062
650,16.8044,16.5229,1.8592,16.6525,533.0,31452.0,2958.9062
651,16.7052,16.1291,1.7191,16.9748,534.0,16068.0,2958.9062
652,17.0558,16.1519,1.812,16.5707,532.0,16044.0,2958.9062
653,16.4493,16.5371,1.7235,17.0678,536.0,16048.0,2958.9062
654,17.078,16.2897,1.883,16.6146,536.0,16048.0,2958.9062
655,16.6361,16.4423,1.8667,17.0942,536.0,16048.0,2958.9062
656,17.0801,16.2529,1.8014,16.5843,533.0,16462.0,2958.9062
657,16.5873,16.1465,1.7633,16.8734,534.0,16414.0,2958.9062
658,16.9025,16.4904,1.6424,16.9227,537.0,17929.0,2958.9062
659,16.8386,16.1163,1.7301,16.463,534.0,18655.0,2958.9062
660,16.5172,16.5385,1.823,16.876,528.0,15804.0,2958.9062
661,16.963,16.2883,1.8774,17.1823,533.0,16644.0,2958.9062
662,17.1026,16.0199,2.0395,16.35,531.0,15960.0,2958.9062
663,16.2861,16.5544,1.4498,17.1893,529.0,15900.0,2958.9062
664,17.1849,16.2645,1.4784,16.9556,530.0,15948.0,2958.9062
665,16.9316,16.2265,1.3876,16.4408,532.0,16972.0,2958.9062
666,16.5557,16.2746,2.0615,16.8451,533.0,16056.0,2958.9062
667,16.8578,15.8989,1.7459,16.4635,532.0,16044.0,2958.9062
668,16.5024,16.5114,1.7773,16.9284,533.0,16520.0,2958.9062
669,16.8444,16.2811,1.7677,16.9784,536.0,17904.0,2958.9062
670,16.9591,16.4222,1.5878,17.008,536.0,19308.0,2958.9062
671,16.9413,16.3687,1.5297,16.8115,536.0,21628.0,2958.9062
672,16.8961,16.2522,1.8311,16.4452,535.0,16550.0,2958.9062
673,16.4154,16.4151,1.8004,16.959,538.0,26348.0,2958.9062
674,17.0577,16.3073,1.6508,16.9152,535.0,23530.0,2958.9062
675,16.7984,16.518,1.6695,17.2266,534.0,31251.0,2958.9062
676,17.3562,16.0848,2.0516,16.3255,533.0,26448.0,2958.9062
677,16.2978,16.3996,1.8416,16.9124,535.0,25635.0,2958.9062
678,16.8715,16.4256,2.0812,16.7304,535.0,19767.0,2958.9062
679,16.7661,16.065,1.8984,16.7373,532.0,16508.0,2958.9062
680,16.7268,16.5296,2.0583,16.9224,534.0,16532.0,2958.9062
681,16.8758,16.2968,1.9217,16.6622,532.0,17130.0,2958.9062
682,16.6399,15.9814,1.7985,16.7607,532.0,18308.0,2958.9062
683,16.8235,16.6064,1.922,17.0982,533.0,17912.0,2958.9062
684,17.1516,16.3487,2.1354,16.6654,532.0,17254.0,2958.9062
685,16.6109,16.3779,2.1271,17.212,536.0,18393.0,2958.9062
686,17.2506,16.3537,2.1216,16.7564,537.0,22064.0,2958.9062
687,16.6422,16.1137,1.8122,16.6554,537.0,23588.0,2958.9062
688,16.6607,16.6788,1.9568,17.309,536.0,21590.0,2958.9062
689,17.4237,16.3537,1.7395,16.9864,539.0,24664.0,2958.9062
690,16.9662,16.6556,1.9112,16.7421,535.0,23434.0,2958.9062
691,16.7277,16.0527,1.7821,16.679,534.0,23670.0,2958.9062
692,16.6917,16.493,2.1047,17.0007,533.0,28438.0,2958.9062
693,16.9868,16.4935,1.8441,17.041,532.0,20166.0,2958.9062
694,17.0104,16.1031,1.6992,16.657,533.0,18494.0,2958.9062
695,16.7009,16.5399,1.5502,16.8563,532.0,19482.0,2958.9062
696,16.7607,16.3246,1.6624,16.9591,532.0,20384.0,2958.9062
697,17.0089,16.1982,1.7187,16.672,532.0,26275.0,2958.9062
698,16.6993,16.5857,1.7463,16.9744,532.0,21888.0,2958.9062
699,16.9742,16.3319,1.9001,16.9263,532.0,27050.0,2958.9062
700,16.9667,16.3988,2.1095,16.8667,533.0,34600.0,2958.9062
701,16.8494,16.2196,1.8314,17.0147,537.0,26196.0,2958.9062
702,16.9836,16.171,1.8224,16.5284,536.0,17904.0,2958.9062
703,16.6694,16.3763,1.7766,17.1631,536.0,29296.0,2958.9062
704,17.0664,16.3145,1.7826,16.4065,535.0,30268.0,2958.9062
705,16.3277,16.3379,1.5526,16.8878,537.0,34306.0,2958.9062
706,16.9075,16.3473,1.8939,17.0314,535.0,23682.0,2958.9062
707,17.0478,16.3415,1.9108,16.5502,534.0,18667.0,2958.9062
708,16.569,16.3578,1.8269,17.464,531.0,18124.0,2958.9062
709,17.4667,16.2803,1.7726,16.1512,534.0,18517.0,2958.9062
710,16.1312,16.5569,1.714,17.0324,532.0,16876.0,2958.9062
711,17.1117,16.0665,1.8391,17.0333,531.0,18166.0,2958.9062
712,17.0226,16.1669,1.7915,16.449,531.0,16598.0,2958.9062
713,16.4193,16.3669,1.7385,16.7852,532.0,16530.0,2958.9062
714,16.8685,16.1212,1.9565,16.7817,531.0,16892.0,2958.9062
715,16.6956,16.5249,1.9041,16.7437,532.0,16008.0,2958.9062
716,16.7222,15.5904,1.7488,16.6222,535.0,19702.0,2958.9062
717,16.6043,16.2092,1.7699,16.8949,537.0,16524.0,2958.9062
718,16.9055,16.5227,1.9106,17.4049,536.0,23264.0,2958.9062
719,17.3945,16.5448,1.8174,16.7204,536.0,18200.0,2958.9062
720,16.8202,16.5137,1.8193,17.643,534.0,16046.0,2958.9062
721,17.5427,16.0832,1.8514,16.7001,534.0,18198.0,2958.9062
722,16.7034,16.3017,1.8166,17.1748,535.0,16522.0,2958.9062
723,17.2466,16.6238,1.8449,16.618,534.0,17915.0,2958.9062
724,16.56,15.5221,1.7147,16.4711,534.0,22307.0,2958.9062
725,16.48,16.8891,1.746,16.607,534.0,30596.0,2958.9062
726,16.5945,16.044,1.7191,17.1976,540.0,40895.0,2958.9062
727,17.2087,16.3978,1.8837,17.2767,533.0,53088.0,2958.9062
728,17.3698,16.8016,1.795,16.9998,537.0,42235.0,2958.9062
729,16.9742,16.4764,2.071,16.7545,532.0,40028.0,2958.9062
730,16.6804,16.0792,1.7334,16.7128,533.0,26220.0,2958.9062
731,16.809,16.1368,1.5479,16.3037,532.0,16044.0,2958.9062
732,16.2086,16.4823,1.6103,17.0354,532.0,16044.0,2958.9062
733,17.049,16.2186,1.8527,16.9931,537.0,16060.0,2958.9062
734,16.9845,16.373,1.7846,16.5631,537.0,16060.0,2958.9062
735,16.583,16.2535,1.8383,16.9503,535.0,16000.0,2958.9062
736,16.9566,16.1609,1.8454,16.3954,534.0,16878.0,2958.9062
737,16.4048,16.503,1.5472,17.3406,534.0,16046.0,2958.9062
738,17.3807,16.0702,1.6111,16.2412,536.0,18041.0,2958.9062
739,16.176,16.3777,1.8484,17.0722,534.0,18531.0,2958.9062
740,17.1437,16.3782,2.0561,16.6115,534.0,16656.0,2958.9062
741,16.5837,16.1344,1.9621,16.8808,531.0,15996.0,2958.9062
742,16.9032,16.4471,1.831,17.1347,529.0,15864.0,2958.9062
743,17.0716,16.2476,2.1652,16.2872,531.0,15996.0,2958.9062
744,16.3317,16.2738,1.7141,17.168,531.0,15996.0,2958.9062
745,17.1252,16.2068,1.8617,16.5425,532.0,16972.0,2958.9062
746,16.5679,16.1557,1.8526,16.643,532.0,16044.0,2958.9062
747,16.6114,16.3061,1.7578,16.6572,532.0,16508.0,2958.9062
748,16.6903,16.2092,1.9475,16.8965,533.0,17448.0,2958.9062
749,16.8757,16.3933,1.8032,17.0052,536.0,19772.0,2958.9062
750,17.0589,16.191,1.8094,16.4641,536.0,19308.0,2958.9062
751,16.3612,16.0182,1.6761,16.9007,537.0,18872.0,2958.9062
752,16.9267,16.5396,1.8313,16.754,537.0,20901.0,2958.9062
753,16.8007,16.3286,1.8385,25.9937,536.0,23197.0,3086.9062
754,26.2206,16.6849,4.2395,18.2282,988.0,114622.0,3086.9062
755,18.045,18.7113,6.0486,19.0458,645.0,32920.0,3086.9062
756,18.9878,17.2321,3.3868,18.1669,644.0,24936.0,3086.9062
757,18.0943,16.7841,2.1647,17.6004,746.0,105902.0,3086.9062
758,17.6413,18.5302,1.7125,19.5496,746.0,103706.0,3086.9062
759,19.6161,18.2294,1.9433,17.846,644.0,15796.0,3086.9062
760,17.8306,17.0739,2.0232,17.1202,644.0,16882.0,3086.9062
761,17.2082,17.7241,1.7112,18.0225,644.0,16668.0,3086.9062
762,17.9037,16.7638,1.6049,16.9507,645.0,17200.0,3086.9062
763,16.8981,16.789,1.7462,17.4053,645.0,16956.0,3086.9062
764,17.506,17.0257,2.0519,18.0693,644.0,16384.0,3086.9062
765,18.1369,17.1007,1.7916,17.4397,648.0,19666.0,3086.9062
766,17.3195,16.7068,1.8458,17.2524,648.0,21943.0,3086.9062
767,17.2713,16.882,1.9116,17.2696,648.0,20198.0,3086.9062
768,17.4141,16.8366,1.8548,17.2524,646.0,18824.0,3086.9062
769,17.1046,16.963,1.8996,17.7017,647.0,23458.0,3086.9062
770,17.687,16.824,1.7859,17.3533,646.0,20928.0,3086.9062
771,17.3548,16.7953,1.7987,16.797,644.0,25626.0,3086.9062
772,16.8081,16.7369,1.7713,18.4633,644.0,20906.0,3086.9062
773,18.6096,16.877,1.9258,17.3816,644.0,17770.0,2958.9062
774,17.1966,17.7626,1.833,18.0303,644.0,18342.0,2958.9062
775,18.1009,17.0664,2.2431,16.9936,644.0,20100.0,2958.9062
776,16.9785,16.5047,1.8988,17.229,645.0,25147.0,2958.9062
777,17.2872,16.8934,2.0036,17.4146,644.0,21604.0,2958.9062
778,17.3252,16.8199,1.805,16.9892,645.0,25574.0,2958.9062
779,17.0235,16.7477,1.7136,17.6049,644.0,30130.0,2958.9062
780,17.6067,17.1409,1.7427,17.5928,644.0,29622.0,2958.9062
781,17.5612,16.655,1.8945,17.1107,648.0,17096.0,2958.9062
782,17.2228,17.0146,2.0245,17.9264,648.0,26862.0,2958.9062
783,17.758,17.112,1.4519,17.4576,648.0,29466.0,2958.9062
784,17.5122,16.7793,1.6727,17.3977,646.0,31816.0,2958.9062
785,17.3965,17.0545,2.0225,17.0045,648.0,22300.0,2958.9062
786,17.0513,16.714,2.0511,17.6126,647.0,17471.0,2958.9062
787,17.6481,16.7611,1.862,17.0781,644.0,16960.0,2958.9062
788,17.0025,17.0899,1.6473,17.9623,644.0,15934.0,2958.9062
789,17.9798,16.9964,1.9309,17.517,644.0,16164.0,2958.9062
790,17.6054,16.6544,1.9505,16.9676,643.0,17454.0,2958.9062
791,16.9024,16.5627,2.0277,17.7207,643.0,15886.0,2958.9062
792,17.7559,17.0674,1.9442,17.805,644.0,15818.0,2958.9062
793,17.7703,16.76,1.7753,16.6903,643.0,16180.0,2958.9062
794,16.6542,16.9813,1.7715,18.0315,644.0,15296.0,2958.9062
795,18.0576,16.8674,1.7167,17.4779,642.0,15236.0,2958.9062
796,17.5163,16.9542,1.702,17.5061,644.0,17484.0,2958.9062
797,17.4637,16.7666,1.6751,17.3248,648.0,20864.0,2958.9062
798,17.3564,16.8486,2.1718,18.2329,649.0,17500.0,2958.9062
799,18.1839,16.7081,1.8337,17.2081,649.0,15348.0,2958.9062
800,17.2482,16.5856,1.8315,17.6974,647.0,17498.0,2958.9062
801,17.7175,16.8369,1.9007,16.6825,647.0,15810.0,2958.9062
802,16.6078,16.9495,2.0038,17.034,646.0,16166.0,2958.9062
803,17.068,16.6115,1.8296,17.3901,644.0,20856.0,2958.9062
804,17.4018,16.9678,1.7633,17.0722,644.0,22820.0,2958.9062
805,17.0546,16.7363,1.798,17.3817,643.0,34916.0,2958.9062
806,17.494,16.7976,1.8673,17.2362,644.0,38396.0,2958.9062
807,17.1693,17.0669,1.7967,18.3374,644.0,30372.0,2958.9062
808,18.3608,17.0137,2.7291,16.8121,644.0,34220.0,2958.9062
809,16.7858,17.0779,2.2467,17.8474,644.0,22160.0,2958.9062
810,17.8696,16.8004,2.0355,17.4103,644.0,15332.0,2958.9062
811,17.4588,17.0083,2.0993,17.5716,645.0,15344.0,2958.9062
812,17.5817,17.0356,1.8874,17.4501,644.0,15332.0,2958.9062
813,17.4422,16.7785,2.0212,17.2675,647.0,15288.0,2958.9062
814,17.1713,16.8065,1.8894,17.1401,648.0,15800.0,2958.9062
815,17.2029,16.6993,1.9753,17.8033,648.0,15336.0,2958.9062
816,17.7829,17.085,2.1489,17.9194,647.0,15346.0,2958.9062
817,17.8836,16.12,2.077,17.2391,646.0,15798.0,2958.9062
818,17.2609,17.5212,1.8722,16.9681,645.0,15286.0,2958.9062
819,16.9851,16.6319,1.8895,17.1665,615.0,13604.0,2958.9062
820,17.1125,16.9457,1.8114,17.4357,641.0,15152.0,2958.9062
821,17.4529,16.6879,1.7567,17.027,644.0,15332.0,2958.9062
822,17.0742,16.605,1.7464,17.4869,643.0,15284.0,2958.9062
823,17.4356,16.7761,1.8141,17.2567,645.0,16272.0,2958.9062
824,17.2751,16.4339,1.8369,17.1211,644.0,15796.0,2958.9062
825,17.1361,16.9854,2.2478,17.7578,645.0,15808.0,2958.9062
826,17.7035,16.6992,2.0696,16.9395,645.0,19068.0,2958.9062
827,16.9844,16.6979,1.7379,17.2585,644.0,19520.0,2958.9062
828,17.19,16.7711,1.712,17.2806,644.0,16288.0,2958.9062
829,17.3498,16.6686,1.9049,17.0021,648.0,17560.0,2958.9062
830,17.0329,16.8041,1.8814,17.661,649.0,18908.0,2958.9062
831,17.5901,16.7458,1.8221,17.0211,648.0,19660.0,2958.9062
832,17.0949,16.6078,2.1348,16.754,646.0,20666.0,2958.9062
833,16.656,16.7639,1.9353,17.1936,646.0,17966.0,2958.9062
834,17.1815,16.7091,2.0123,17.9688,647.0,34082.0,2958.9062
835,17.9965,16.9408,1.9781,17.191,645.0,23296.0,2958.9062
836,17.3227,16.7958,1.8976,17.3336,647.0,21850.0,2958.9062
837,17.2515,16.5945,1.9022,17.4096,690.0,87401.0,2958.9062
838,17.3918,16.7836,1.842,17.2773,655.0,26171.0,2958.9062
839,17.3584,16.733,1.8884,17.0256,644.0,15954.0,2958.9062
840,16.9631,16.7511,1.9225,17.1534,644.0,16724.0,2958.9062
841,17.1665,16.4717,1.98,16.907,644.0,16668.0,2958.9062
842,16.8849,16.5686,1.7768,17.2213,644.0,17188.0,2958.9062
843,17.2544,16.8781,1.7709,17.1365,644.0,16944.0,2958.9062
844,17.1165,16.5227,2.1081,17.6043,644.0,16384.0,2958.9062
845,17.583,16.2372,1.8501,17.4786,648.0,20402.0,2958.9062
846,17.4891,16.6241,2.1131,17.0929,648.0,21207.0,2958.9062
847,17.1035,17.5199,1.7813,17.8348,648.0,20348.0,2958.9062
848,17.9073,16.7327,2.1508,16.9187,646.0,18674.0,2958.9062
849,16.9076,16.7979,1.8329,16.9819,647.0,23458.0,2958.9062
850,16.8843,16.7108,1.6739,17.1703,646.0,20928.0,2958.9062
851,17.2597,16.5813,1.8271,17.5066,645.0,25638.0,2958.9062
852,17.4679,16.8482,1.8315,17.0499,644.0,20906.0,2958.9062
853,17.0134,16.6844,2.0393,17.2942,644.0,19070.0,2958.9062
854,17.3931,16.7449,1.983,17.5993,644.0,17042.0,2958.9062
855,17.5205,16.7224,1.8203,16.8311,646.0,20282.0,2958.9062
856,16.7948,16.621,1.8485,17.2331,644.0,25133.0,2958.9062
857,17.369,16.6224,1.7073,17.2539,644.0,21448.0,2958.9062
858,17.1911,16.712,1.8102,17.2113,646.0,25586.0,2958.9062
859,17.2027,17.0011,1.8697,17.5299,644.0,31705.0,2958.9062
860,17.5907,17.0062,1.85,17.335,644.0,28511.0,2958.9062
861,17.3511,16.6789,1.967,17.3204,648.0,16632.0,2958.9062
862,17.2437,16.9653,2.0323,17.591,649.0,28804.0,2958.9062
863,17.5727,16.5476,2.1211,17.3634,650.0,29866.0,2958.9062
864,17.3661,16.8729,2.1428,17.0619,646.0,29974.0,2958.9062
865,17.1033,16.7128,1.8245,17.5697,646.0,21812.0,2958.9062
866,17.5564,16.6191,1.7345,16.6262,646.0,17827.0,2958.9062
867,16.5952,16.8049,1.7674,17.7044,643.0,16580.0,2958.9062
868,17.8058,16.5705,1.8833,17.095,644.0,15934.0,2958.9062
869,17.0101,16.7746,1.8544,16.9109,644.0,16164.0,2958.9062
870,17.0059,16.6269,1.8311,17.5324,643.0,17454.0,2958.9062
871,17.4926,16.4031,1.8816,16.6814,643.0,15886.0,2958.9062
872,16.6139,17.0026,1.951,17.5664,645.0,15830.0,2958.9062
873,17.5999,16.5259,2.0121,18.3461,643.0,16180.0,2958.9062
874,18.3329,17.5918,2.2084,17.3895,642.0,15236.0,2958.9062
875,17.3802,16.0926,2.07,17.1768,643.0,15284.0,2958.9062
876,17.24,16.6688,2.1535,16.3742,644.0,17484.0,2958.9062
877,16.2992,16.6798,1.9928,17.7357,648.0,20864.0,2958.9062
878,17.7697,16.9923,2.0114,17.6305,649.0,17500.0,2958.9062
879,17.6913,16.9585,2.1791,17.3163,649.0,15348.0,2958.9062
880,17.2154,16.6632,1.9632,17.0721,647.0,17498.0,2958.9062
881,17.1834,16.6045,1.9959,17.3844,646.0,15798.0,2958.9062
882,17.3629,16.6489,2.038,16.9314,646.0,17762.0,2958.9062
883,16.8715,16.7748,2.3356,17.9642,644.0,19260.0,2958.9062
884,17.9621,16.5575,1.9544,16.8477,644.0,22820.0,2958.9062
885,16.9753,16.6629,1.9667,16.7991,643.0,35284.0,2958.9062
886,16.7735,16.8749,2.0401,17.0623,644.0,38028.0,2958.9062
887,16.9879,16.539,1.9048,17.2748,645.0,30384.0,2958.9062
888,17.2518,16.8071,1.9484,17.087,644.0,34220.0,2958.9062
889,17.215,16.9012,2.2195,17.2657,644.0,22160.0,2958.9062
890,17.2058,16.476,2.2004,16.8874,644.0,15332.0,2958.9062
891,16.9862,16.9838,2.1286,17.5164,644.0,15332.0,2958.9062
892,17.3771,16.7504,2.0371,17.5308,644.0,15332.0,2958.9062
893,17.6095,17.0047,1.9513,17.5189,648.0,15300.0,2958.9062
894,17.4186,16.7823,1.8113,17.8166,648.0,15800.0,2958.9062
895,17.8561,16.6787,1.8288,16.6434,648.0,15336.0,2958.9062
896,16.6026,16.8717,1.7588,17.7557,646.0,15334.0,2958.9062
897,17.8337,16.6923,1.9319,16.7893,647.0,15810.0,2958.9062
898,16.7328,16.7441,1.7535,17.2642,645.0,15250.0,2958.9062
899,17.2829,16.7402,1.8386,17.4705,614.0,13532.0,2958.9062
900,17.4475,16.6102,2.0924,17.3851,641.0,15152.0,2958.9062
901,17.3757,16.4757,1.8794,17.6722,646.0,15356.0,2958.9062
902,17.668,17.088,1.8173,17.2177,645.0,15308.0,2958.9062
903,17.2399,16.8604,1.7345,17.0086,644.0,16260.0,2958.9062
904,17.0071,16.5835,1.8211,16.927,644.0,15796.0,2958.9062
905,17.0093,16.9073,1.8248,17.4529,644.0,15796.0,2958.9062
906,17.3441,16.7487,1.7989,17.2837,645.0,19068.0,2958.9062
907,17.336,16.7567,1.764,17.1472,644.0,19520.0,2958.9062
908,17.1773,16.4664,1.9678,17.0538,644.0,16288.0,2958.9062
909,17.0003,16.6365,1.8188,17.2724,648.0,17560.0,2958.9062
910,17.2909,16.8922,2.4677,18.2255,648.0,18896.0,2958.9062
911,18.1995,16.557,1.9912,16.5418,649.0,19672.0,2958.9062
912,16.5342,16.8035,1.9898,17.0179,646.0,20666.0,2958.9062
913,17.0199,16.6823,1.836,17.2956,647.0,17978.0,2958.9062
914,17.3234,16.4072,1.8985,16.951,646.0,34070.0,2958.9062
915,16.9001,17.0258,1.691,17.161,644.0,23284.0,2958.9062
916,17.1872,16.7155,1.8904,17.5792,647.0,21850.0,2958.9062
917,17.6377,16.8082,1.918,17.0902,690.0,87401.0,2958.9062
918,17.0561,16.8058,1.9964,17.3753,654.0,26159.0,2958.9062
919,17.3721,16.6249,1.8122,17.1541,644.0,15954.0,2958.9062
920,17.2008,16.9401,2.2713,17.7339,644.0,16724.0,2958.9062
921,17.8446,16.7896,2.0778,17.5678,645.0,16680.0,2958.9062
922,17.4177,16.7846,1.857,16.9195,644.0,17188.0,2958.9062
923,16.9492,16.772,1.8097,17.4211,644.0,16944.0,2958.9062
924,17.4216,16.6263,1.8358,17.1669,644.0,16384.0,2958.9062
925,17.1522,16.7326,1.9282,17.2102,648.0,20402.0,2958.9062
926,17.174,16.7326,1.7543,17.5104,648.0,21207.0,2958.9062
927,17.545,16.7526,1.7179,16.8532,648.0,20348.0,2958.9062
928,16.8129,16.4965,1.7898,17.0774,647.0,18686.0,2958.9062
929,17.1969,16.5518,2.1998,17.7575,646.0,23446.0,2958.9062
930,17.6364,16.9941,1.8559,17.269,646.0,20928.0,2958.9062
931,17.3071,17.5823,1.9329,17.5747,644.0,25626.0,2958.9062
932,17.5961,16.6925,1.914,16.8606,645.0,20918.0,2958.9062
933,16.8148,16.4082,1.7756,17.0052,644.0,19070.0,2958.9062
934,17.0145,16.9899,1.8303,17.403,645.0,17054.0,2958.9062
935,17.3795,16.6803,2.1403,17.5984,644.0,20258.0,2958.9062
936,17.6182,16.7659,2.0101,17.1845,644.0,25133.0,2958.9062
937,17.2356,16.7179,1.8762,16.9445,644.0,21448.0,2958.9062
938,16.8284,16.3539,1.5934,17.0797,644.0,25562.0,2958.9062
939,17.1882,16.8949,1.8007,17.4626,644.0,31705.0,2958.9062
940,17.4284,16.7172,1.7919,17.5298,644.0,28511.0,2958.9062
941,17.5239,16.7246,1.809,17.3963,648.0,16632.0,2958.9062
942,17.4342,16.7938,1.9978,16.9628,649.0,28804.0,2958.9062
943,16.9853,16.6205,1.8426,17.0205,648.0,29842.0,2958.9062
944,16.9436,16.6879,1.6705,17.8944,646.0,29974.0,2958.9062
945,17.9815,16.7271,1.9885,16.5265,646.0,21812.0,2958.9062
946,16.465,16.956,2.2615,18.3544,646.0,17827.0,2958.9062
947,18.4104,16.5136,2.027,15.9994,643.0,16580.0,2958.9062
948,15.9701,16.6428,2.143,17.2052,644.0,15934.0,2958.9062
949,17.2487,16.7527,1.7995,17.6913,645.0,16176.0,2958.9062
950,17.5882,16.4867,2.1096,16.9813,644.0,17466.0,2958.9062
951,17.013,17.0443,2.2825,17.3491,643.0,15886.0,2958.9062
952,17.348,16.6933,1.8979,17.2287,644.0,15818.0,2958.9062
953,17.2263,16.3823,1.7682,16.8653,643.0,16180.0,2958.9062
954,16.879,17.0014,1.7776,17.7698,642.0,15236.0,2958.9062
955,17.7616,16.6539,1.7961,16.7656,643.0,15284.0,2958.9062
956,16.7761,17.052,1.9113,17.752,644.0,17484.0,2958.9062
957,17.7574,16.6919,1.8032,17.531,648.0,20864.0,2958.9062
958,17.5231,16.4534,1.9214,18.3145,648.0,17488.0,2958.9062
959,18.3044,17.4666,1.9489,16.753,649.0,15348.0,2958.9062
960,16.7847,16.7949,2.0728,17.2709,646.0,17486.0,2958.9062
961,17.2852,16.6765,1.6776,17.0334,646.0,15798.0,2958.9062
962,16.977,16.5968,1.6839,16.9278,646.0,17762.0,2958.9062
963,17.0015,16.7382,1.7726,17.4867,645.0,19272.0,2958.9062
964,17.453,16.7288,1.9794,17.2099,644.0,22820.0,2958.9062
965,17.1932,16.8783,1.8121,17.3148,643.0,35284.0,2958.9062
966,17.3036,16.4972,1.8277,17.2395,645.0,38040.0,2958.9062
967,17.2462,16.6254,1.7569,16.7281,644.0,30372.0,2958.9062
968,16.7886,17.049,1.7255,17.7296,644.0,34220.0,2958.9062
969,17.6765,16.4967,1.8344,17.2582,644.0,22160.0,2958.9062
970,17.3043,17.0056,1.8011,17.4983,644.0,15332.0,2958.9062
971,17.4645,16.7113,1.9443,17.3686,644.0,15332.0,2958.9062
972,17.3654,16.5687,1.8445,17.1772,644.0,15332.0,2958.9062
973,17.2444,16.994,1.8207,17.286,648.0,15300.0,2958.9062
974,17.216,16.5737,1.925,16.9151,648.0,15800.0,2958.9062
975,16.915,16.9966,2.0503,17.8197,649.0,15348.0,2958.9062
976,17.8952,16.8031,2.177,17.0855,647.0,15346.0,2958.9062
977,17.0366,16.4058,1.8221,17.3829,646.0,15798.0,2958.9062
978,17.489,16.7564,1.9117,17.0924,644.0,15238.0,2958.9062
979,17.0601,16.7317,2.2654,17.5702,616.0,13652.0,2958.9062
980,17.5693,16.6079,1.9281,17.071,640.0,15140.0,2958.9062
981,16.9994,17.0047,1.8449,17.4811,645.0,15344.0,2958.9062
982,17.4667,16.5831,1.8511,16.764,643.0,15284.0,2958.9062
983,16.7668,16.7353,1.7717,17.424,644.0,16260.0,2958.9062
984,17.5255,16.7318,1.8658,16.75,644.0,15796.0,2958.9062
985,16.6371,16.9496,1.8077,17.6364,644.0,15796.0,2958.9062
986,17.6569,16.9321,1.8087,17.9463,644.0,20460.0,2958.9062
987,17.9732,16.8491,1.8884,17.1614,644.0,18116.0,2958.9062
988,17.2091,16.7387,1.83,17.6835,644.0,16288.0,2958.9062
989,17.6817,16.8511,1.846,17.3137,648.0,17928.0,2958.9062
990,17.2411,16.8168,1.6947,17.7396,648.0,18528.0,2958.9062
991,17.7365,16.714,1.7198,16.9051,648.0,19660.0,2958.9062
992,16.9109,16.4938,1.7672,17.4213,646.0,20666.0,2958.9062
993,17.3889,16.5591,1.769,16.7225,646.0,19370.0,2958.9062
994,16.8164,16.8155,1.8313,17.5496,646.0,32666.0,2958.9062
995,17.5797,16.8876,1.8985,17.499,644.0,23284.0,2958.9062
996,17.391,16.8799,2.0333,17.7152,649.0,23816.0,2958.9062
997,17.7809,16.9385,1.7781,17.1225,689.0,87294.0,2958.9062
998,17.1015,16.6125,1.8566,17.2944,652.0,24288.0,2958.9062
999,17.2491,17.0229,1.8142,16.9877,644.0,15954.0,2958.9062
1000,16.9667,16.8363,1.9167,17.2866,644.0,16724.0,2958.9062
1001,17.3009,16.8472,2.0214,17.8368,644.0,16668.0,2958.9062
1002,17.9287,16.9667,2.3715,17.4175,644.0,17188.0,2958.9062
1003,17.3289,16.8346,1.9451,17.5558,645.0,16956.0,2958.9062
1004,17.6097,16.8535,1.9887,17.3496,645.0,16764.0,2958.9062
1005,17.3531,17.0505,1.8285,17.6188,648.0,20402.0,2958.9062
1006,17.5618,16.8863,1.6432,17.3774,648.0,20839.0,2958.9062
1007,17.4115,16.7821,1.7821,17.6688,649.0,20360.0,2958.9062
1008,17.6721,16.7986,1.8636,17.2881,646.0,19042.0,2958.9062
1009,17.3102,17.2269,1.8923,18.179,646.0,23446.0,2958.9062
1010,18.2319,17.8981,1.8677,17.6079,647.0,20572.0,2958.9062
1011,17.5203,16.6082,1.8341,16.5816,644.0,25626.0,2958.9062
1012,16.666,16.7703,1.8409,17.4586,644.0,22206.0,2958.9062
1013,17.392,16.8273,1.7829,17.1986,645.0,17782.0,2958.9062
1014,17.1777,16.8939,1.8502,17.8397,644.0,17128.0,2958.9062
1015,17.8889,16.9155,1.9214,16.9283,644.0,20484.0,2958.9062
1016,16.9225,17.1615,1.7416,17.5449,644.0,25249.0,2958.9062
1017,17.4818,16.5131,1.8691,16.9712,646.0,21044.0,2958.9062
1018,17.0965,16.9112,1.9055,17.9591,644.0,26913.0,2958.9062
1019,17.8826,16.9006,1.9538,17.4936,644.0,33639.0,2958.9062
1020,17.5029,16.8043,1.7466,16.9085,644.0,25690.0,2958.9062
1021,16.8659,17.0537,2.0313,18.1352,648.0,16168.0,2958.9062
1022,18.191,16.9825,2.3118,17.3091,648.0,31880.0,2958.9062
1023,17.3216,16.8082,2.2823,17.726,648.0,26754.0,2958.9062
1024,17.6872,16.8772,2.0516,17.1511,646.0,29974.0,2958.9062
1025,17.1414,16.731,1.7023,17.9766,646.0,22180.0,2958.9062
1026,17.9666,17.101,1.7846,17.0061,646.0,17827.0,2958.9062
1027,17.0524,16.7552,1.9029,17.1898,643.0,16212.0,2958.9062
1028,17.1599,16.685,1.8727,17.1501,645.0,15946.0,2958.9062
1029,17.1448,16.9283,1.8532,17.3355,644.0,16164.0,2958.9062
1030,17.4035,16.9287,1.8901,17.4013,644.0,17466.0,2958.9062
1031,17.338,16.6572,1.7371,18.2687,644.0,15898.0,2958.9062
1032,18.2618,16.6985,2.0206,17.4065,645.0,15830.0,2958.9062
1033,17.4341,17.7702,1.9611,17.5814,643.0,16180.0,2958.9062
1034,17.5714,16.7706,1.8347,17.0539,642.0,15236.0,2958.9062
1035,17.0541,17.1108,1.8932,17.4835,643.0,15284.0,2958.9062
1036,17.4921,16.5825,1.8564,17.504,644.0,17484.0,2958.9062
1037,17.4942,16.821,1.9941,17.3579,648.0,20864.0,2958.9062
1038,17.3737,16.9261,1.8384,17.1189,649.0,17500.0,2958.9062
1039,17.1808,16.8797,1.7725,17.243,649.0,15348.0,2958.9062
1040,17.1643,17.0185,2.0093,17.6497,646.0,17486.0,2958.9062
1041,17.6594,16.548,1.8861,17.2475,647.0,15810.0,2958.9062
1042,17.242,16.9424,1.8887,17.4089,646.0,17762.0,2958.9062
1043,17.5032,17.0541,1.8708,17.5207,645.0,19272.0,2958.9062
1044,17.4399,16.6436,2.1276,16.7848,644.0,28052.0,2958.9062
1045,16.8744,17.1106,2.256,18.4426,643.0,35284.0,2958.9062
1046,18.4007,16.8394,2.4883,17.0025,644.0,32796.0,2958.9062
1047,16.9328,16.9495,2.1622,18.5184,644.0,30372.0,2958.9062
1048,18.5564,17.0788,2.5455,17.2831,644.0,34220.0,2958.9062
1049,17.1965,16.8497,1.9455,16.5985,645.0,22172.0,2958.9062
1050,16.66,16.8405,1.9158,17.7069,645.0,15344.0,2958.9062
1051,17.8032,16.9507,1.8689,17.2833,644.0,15332.0,2958.9062
1052,17.2217,16.8811,1.8153,16.7895,644.0,15332.0,2958.9062
1053,16.7314,16.5239,1.7869,18.1044,647.0,15288.0,2958.9062
1054,18.1187,16.4823,1.8575,16.9431,648.0,15800.0,2958.9062
1055,16.9506,17.3275,1.8077,17.4789,648.0,15336.0,2958.9062
1056,17.5015,16.1528,1.9315,17.951,647.0,15346.0,2958.9062
1057,17.9155,16.5431,1.8572,16.4889,647.0,15810.0,2958.9062
1058,16.5022,17.0094,2.1426,17.3292,644.0,15190.0,2958.9062
1059,17.3655,16.7205,2.2276,17.7899,619.0,13844.0,2958.9062
1060,17.7483,16.529,2.2594,16.8731,642.0,15200.0,2958.9062
1061,16.983,17.0477,1.8666,17.6224,644.0,15332.0,2958.9062
1062,17.5671,16.7678,2.2141,17.5988,643.0,15284.0,2958.9062
1063,17.5207,16.6822,1.8404,16.2078,644.0,16724.0,2958.9062
1064,16.2504,16.7979,1.7945,17.6608,645.0,15344.0,2958.9062
1065,17.7131,16.6833,1.8085,17.0525,644.0,18128.0,2958.9062
1066,17.0097,16.7774,1.8633,17.4944,645.0,18140.0,2958.9062
1067,17.5413,16.729,2.313,17.3115,645.0,18128.0,2958.9062
1068,17.3548,16.6039,1.8773,17.1035,644.0,16752.0,2958.9062
1069,16.9948,16.8016,1.9912,17.3664,648.0,17464.0,2958.9062
1070,17.4019,16.7014,2.0627,17.1726,649.0,18540.0,2958.9062
1071,17.277,16.9357,2.063,17.4864,648.0,19660.0,2958.9062
1072,17.3467,16.8011,1.7259,17.4626,646.0,20666.0,2958.9062
1073,17.5441,17.0893,1.728,17.5714,646.0,19370.0,2958.9062
1074,17.5801,16.5877,1.7863,17.1745,646.0,32790.0,2958.9062
1075,17.0274,16.6654,2.2698,17.1966,645.0,24110.0,2958.9062
1076,17.2686,17.0254,2.105,18.8345,653.0,34781.0,2958.9062
1077,18.9878,16.8178,2.3927,16.658,728.0,117704.0,2958.9062
1078,16.5335,22.4539,1.9607,22.6061,554.0,31619.0,2958.9062
1079,22.5723,18.8874,1.8703,19.1412,548.0,23056.0,2958.9062
1080,19.1466,18.3474,1.9911,18.9326,552.0,24066.0,2958.9062
1081,19.04,17.9235,2.1171,18.7062,547.0,22930.0,2958.9062
1082,18.6954,18.4462,2.009,18.6036,547.0,23814.0,2958.9062
1083,18.5251,18.0987,1.807,18.79,548.0,24940.0,2958.9062
1084,18.8537,17.991,2.1671,18.9567,549.0,23340.0,2958.9062
1085,18.8419,18.5269,1.8533,19.1497,552.0,27504.0,2958.9062
1086,19.4294,18.0336,2.3113,18.8146,551.0,27155.0,2958.9062
1087,18.6599,18.1969,2.1471,18.3241,552.0,28480.0,2958.9062
1088,18.2885,17.9341,1.9001,18.2852,549.0,25320.0,2958.9062
1089,18.2223,17.9314,2.3581,18.2381,550.0,30746.0,2958.9062
1090,18.3587,18.0995,2.2772,19.1672,550.0,28784.0,2958.9062
1091,19.0757,18.4019,2.0966,19.4949,549.0,35172.0,2958.9062
1092,19.4834,17.9241,1.9987,18.8819,548.0,25018.0,2958.9062
1093,18.8772,19.1021,2.0449,18.1949,548.0,25184.0,2958.9062
1094,18.2125,18.1396,1.9875,18.8744,547.0,24220.0,2958.9062
1095,18.8793,18.1977,1.9759,18.4838,547.0,31490.0,2958.9062
1096,18.5519,17.9514,1.8975,18.3495,547.0,30345.0,2958.9062
1097,18.3385,18.1144,1.7834,18.8417,548.0,28334.0,2958.9062
1098,18.8018,18.42,2.2161,19.0375,547.0,44846.0,2958.9062
1099,19.04,17.8962,1.978,18.5006,549.0,33254.0,2958.9062
1100,18.4709,18.472,1.9816,19.3627,547.0,24198.0,2958.9062
1101,19.3721,18.3435,2.1031,18.5147,552.0,32068.0,2958.9062
1102,18.4946,18.3018,2.0187,18.3984,551.0,34104.0,2958.9062
1103,18.4571,18.0993,1.9138,18.704,554.0,40144.0,2958.9062
1104,18.685,18.1271,1.8404,18.7912,550.0,31834.0,2958.9062
1105,18.7544,18.0967,1.834,18.6905,550.0,24888.0,2958.9062
1106,18.7386,17.758,1.9656,18.217,549.0,24513.0,2958.9062
1107,18.1343,18.3936,1.9413,19.0205,548.0,23266.0,2958.9062
1108,19.0712,18.1264,1.9217,18.0793,546.0,23206.0,2958.9062
1109,18.0554,18.8012,1.8222,19.2211,546.0,22706.0,2958.9062
1110,19.2494,17.8244,2.0225,18.7827,546.0,24062.0,2958.9062
1111,18.7521,18.1783,1.8059,18.7551,549.0,23374.0,2958.9062
1112,18.7921,18.1321,1.8549,18.7834,548.0,29650.0,2958.9062
1113,18.6741,18.4001,1.608,18.8516,548.0,22434.0,2958.9062
1114,18.9627,17.9277,2.1292,18.6502,548.0,24586.0,2958.9062
1115,18.6575,18.0267,1.8849,18.4052,549.0,22910.0,2958.9062
1116,18.3833,18.3231,1.8285,18.9903,548.0,24862.0,2958.9062
1117,19.0302,18.0362,1.8306,19.5481,553.0,31610.0,2958.9062
1118,19.5287,18.1737,1.9513,18.303,551.0,35514.0,2958.9062
1119,18.3033,18.0032,1.8612,18.5843,550.0,46798.0,2958.9062
1120,18.56,18.3238,1.856,19.1658,549.0,36252.0,2958.9062
1121,19.1087,17.7825,1.7832,18.3453,550.0,32688.0,2958.9062
1122,18.3418,18.4059,2.0665,19.4091,550.0,46556.0,2958.9062
1123,19.4758,18.0649,1.9682,19.0279,548.0,22434.0,2958.9062
1124,19.0432,17.7558,2.1071,17.3086,549.0,22446.0,2958.9062
1125,17.3201,18.4623,2.3027,19.303,548.0,22434.0,2958.9062
1126,19.2529,18.1024,1.6485,18.2763,547.0,22386.0,2958.9062
1127,18.304,18.0854,1.4246,18.6791,547.0,22886.0,2958.9062
1128,18.6887,17.9664,1.5502,18.6935,549.0,22446.0,2958.9062
1129,18.6625,18.1073,1.3606,18.8557,547.0,22422.0,2958.9062
1130,18.9536,18.0162,1.9085,18.8989,547.0,22814.0,2958.9062
1131,18.8926,18.4281,2.0127,18.4028,542.0,22086.0,2958.9062
1132,18.3552,18.0343,1.971,18.8584,544.0,22278.0,2958.9062
1133,18.8249,18.023,1.6189,19.2767,551.0,22426.0,2958.9062
1134,19.3093,18.0448,1.8229,18.6554,550.0,22378.0,2958.9062
1135,18.5928,18.4522,1.9421,18.9475,553.0,23842.0,2958.9062
1136,18.9912,17.9035,1.963,18.1986,549.0,24292.0,2958.9062
1137,18.154,17.8712,1.7919,18.199,549.0,23352.0,2958.9062
1138,18.27,18.2928,1.9022,18.8603,549.0,25220.0,2958.9062
1139,18.9137,17.8618,2.1326,18.3952,548.0,26050.0,2958.9062
1140,18.3824,18.1087,1.8906,19.4618,547.0,23010.0,2958.9062
1141,19.4513,18.0004,1.875,18.4115,548.0,25026.0,2958.9062
1142,18.3654,18.8623,1.9552,18.2464,547.0,25886.0,2958.9062
1143,18.2628,18.0087,1.7604,18.8277,547.0,27334.0,2958.9062
1144,18.8755,18.0148,1.8104,18.4185,547.0,28326.0,2958.9062
1145,18.3963,18.0601,1.903,18.7151,547.0,37242.0,2958.9062
1146,18.6755,17.7858,1.8507,18.8881,548.0,30168.0,2958.9062
1147,18.9214,18.5653,2.1086,18.796,554.0,43883.0,2958.9062
1148,18.8861,18.1285,2.0013,18.2,555.0,38629.0,2958.9062
1149,18.0626,17.9405,1.8158,18.9949,575.0,61354.0,2958.9062
1150,19.1085,18.1966,1.877,19.3893,554.0,26417.0,2958.9062
1151,19.2962,18.178,1.9307,18.2436,551.0,23258.0,2958.9062
1152,18.2843,18.0861,1.8443,18.6859,552.0,25043.0,2958.9062
1153,18.6823,18.3257,1.8789,18.7491,553.0,24319.0,2958.9062
1154,18.7271,17.8777,1.7933,18.5237,557.0,29629.0,2958.9062
1155,18.5947,18.0039,2.1424,19.0799,553.0,27484.0,2958.9062
1156,19.1014,18.4613,2.1899,18.6227,549.0,23068.0,2958.9062
1157,18.4984,18.0644,1.9395,18.4687,536.0,22130.0,2958.9062
1158,18.5229,18.0027,1.8384,18.6893,548.0,23384.0,2958.9062
1159,18.762,17.8952,1.9256,18.6796,547.0,22908.0,2958.9062
1160,18.6005,18.3132,2.1349,18.9303,547.0,24340.0,2958.9062
1161,18.9354,17.8349,1.9507,18.0052,548.0,25308.0,2958.9062
1162,18.0175,18.4076,1.9962,19.4803,550.0,23080.0,2958.9062
1163,19.4481,18.1442,1.8212,18.2727,547.0,28949.0,2958.9062
1164,18.2623,18.0252,2.0667,18.5408,547.0,27652.0,2958.9062
1165,18.6445,18.3152,1.9212,19.0099,551.0,26988.0,2958.9062
1166,18.8854,18.1396,1.8451,18.8969,551.0,27272.0,2958.9062
1167,18.9109,18.7755,2.0435,18.4864,551.0,32558.0,2958.9062
1168,18.6048,17.9538,1.865,18.6622,549.0,29226.0,2958.9062
1169,18.574,17.9781,1.8301,18.3312,552.0,31356.0,2958.9062
1170,18.367,17.9905,1.8855,19.2409,550.0,25068.0,2958.9062
1171,19.2957,18.0867,1.9563,18.3884,547.0,24504.0,2958.9062
1172,18.3548,18.1831,2.1511,19.1468,549.0,30010.0,2958.9062
1173,19.1616,17.9066,1.8853,17.6413,547.0,28518.0,2958.9062
1174,17.6079,18.0859,1.8498,19.1269,547.0,28549.0,2958.9062
1175,19.1071,18.3054,1.961,18.6764,549.0,33440.0,2958.9062
1176,18.733,17.909,1.9557,18.7142,547.0,39402.0,2958.9062
1177,18.6725,18.0254,1.8987,18.403,548.0,32488.0,2958.9062
1178,18.3433,18.3505,1.8784,18.577,547.0,29148.0,2958.9062
1179,18.5882,17.8636,1.6729,18.6466,549.0,30400.0,2958.9062
1180,18.6222,18.2993,1.9867,18.999,547.0,36670.0,2958.9062
1181,19.037,17.9896,1.9525,18.8115,550.0,35294.0,2958.9062
1182,18.8239,17.745,1.8329,18.4941,550.0,29532.0,2958.9062
1183,18.4851,19.1039,1.8227,18.8039,550.0,22422.0,2958.9062
1184,18.8283,18.2521,1.7993,19.0797,550.0,24211.0,2958.9062
1185,19.1366,18.0326,1.7988,18.221,549.0,22598.0,2958.9062
1186,18.1981,17.6736,1.7795,18.3904,548.0,22062.0,2958.9062
1187,18.2735,18.1582,1.6348,18.3149,543.0,23604.0,2958.9062
1188,18.4333,18.0408,1.6441,18.5697,546.0,21692.0,2958.9062
1189,18.4834,17.9303,1.9262,18.6549,546.0,24308.0,2958.9062
1190,18.6907,18.0311,1.8241,18.7396,546.0,27220.0,2958.9062
1191,18.7325,18.1486,1.8195,18.8847,546.0,23844.0,2958.9062
1192,18.8766,18.9962,1.8993,18.8479,546.0,21692.0,2958.9062
1193,18.9257,18.1616,1.7444,18.5824,547.0,22168.0,2958.9062
1194,18.6167,17.8542,1.8716,18.8255,547.0,29732.0,2958.9062
1195,18.6978,17.874,1.7871,18.2819,546.0,34780.0,2958.9062
1196,18.4362,18.3845,1.8995,19.5234,546.0,33376.0,2958.9062
1197,19.5482,17.8388,1.972,19.0457,551.0,41160.0,2958.9062
1198,18.9103,18.4054,1.9378,17.7687,552.0,33952.0,2958.9062
1199,17.8074,18.1043,1.666,19.5373,550.0,38776.0,2958.9062
1200,19.4845,18.6195,1.7225,18.1411,548.0,37390.0,2958.9062
1201,18.1382,17.7909,1.7826,18.9191,548.0,21694.0,2958.9062
1202,18.8845,18.0776,1.6053,18.0692,549.0,21706.0,2958.9062
1203,18.0831,18.1254,1.836,18.7609,546.0,21656.0,2958.9062
1204,18.7183,17.6858,1.3394,17.8917,547.0,21704.0,2958.9062
1205,17.9236,18.258,1.6759,19.1536,547.0,22168.0,2958.9062
1206,19.2748,18.1162,1.873,18.6899,542.0,21404.0,2958.9062
1207,18.7345,18.0019,1.996,19.0907,548.0,21716.0,2958.9062
1208,18.982,18.2248,1.9359,18.3587,545.0,22072.0,2958.9062
1209,18.5081,18.1129,1.9075,19.0613,544.0,21596.0,2958.9062
1210,18.9032,18.1386,1.8633,18.148,547.0,21632.0,2958.9062
1211,18.1627,18.2456,1.7348,18.938,546.0,21656.0,2958.9062
1212,18.932,18.0544,1.857,18.9268,546.0,21692.0,2958.9062
1213,18.9539,17.9962,1.8439,18.5949,551.0,24968.0,2958.9062
1214,18.6422,18.394,1.8857,18.8949,551.0,22172.0,2958.9062
1215,18.7775,18.2242,1.7229,19.401,551.0,23576.0,2958.9062
1216,19.4403,18.311,1.834,18.4825,550.0,24406.0,2958.9062
1217,18.4852,18.8446,1.7567,18.4902,549.0,24026.0,2958.9062
1218,18.6178,18.2937,1.8615,19.288,548.0,22746.0,2958.9062
1219,19.119,18.0218,1.779,18.3296,546.0,24188.0,2958.9062
1220,18.4086,18.1681,1.7167,18.449,546.0,26112.0,2958.9062
1221,18.461,18.1814,1.7908,18.9375,547.0,28836.0,2958.9062
1222,18.9,17.8988,2.1151,18.5224,546.0,31660.0,2958.9062
1223,18.5333,18.4002,2.071,18.7819,547.0,35170.0,2958.9062
1224,18.816,18.1465,2.0136,19.5111,551.0,37595.0,2958.9062
1225,19.4424,19.2131,1.7627,18.3289,552.0,34893.0,2958.9062
1226,18.3552,18.1407,1.7058,18.91,563.0,53299.0,2958.9062
1227,18.9241,18.1076,1.7049,18.9785,561.0,40477.0,2958.9062
1228,18.9714,18.3426,1.8035,18.5712,550.0,24323.0,2958.9062
1229,18.6315,18.2169,1.9445,19.3302,552.0,24767.0,2958.9062
1230,19.34,18.456,2.0567,18.6085,552.0,23935.0,2958.9062
1231,18.5101,18.0354,1.8122,18.5562,554.0,24791.0,2958.9062
1232,18.5945,18.3775,1.8954,19.338,556.0,28531.0,2958.9062
1233,19.3946,18.2825,1.9236,19.1325,553.0,24065.0,2958.9062
1234,19.0857,17.9984,1.6155,18.2254,549.0,22328.0,2958.9062
1235,18.1301,18.0302,1.4626,18.6426,546.0,22642.0,2958.9062
1236,18.7237,18.379,1.8939,19.1935,546.0,22642.0,2958.9062
1237,19.2413,18.0197,2.1558,20.033,547.0,23158.0,2958.9062
1238,20.0844,18.1334,2.2181,17.692,547.0,24262.0,2958.9062
1239,17.6871,18.3633,2.1039,19.4411,546.0,22630.0,2958.9062
1240,19.3526,18.9586,2.1889,19.3493,547.0,26508.0,2958.9062
1241,19.4013,18.2297,1.9,17.5397,546.0,28223.0,2958.9062
1242,17.5898,18.0878,1.8941,18.7933,546.0,26088.0,2958.9062
1243,18.7205,18.1739,2.0097,18.8762,547.0,27234.0,2958.9062
1244,18.8252,17.7775,1.9033,18.4176,548.0,29564.0,2958.9062
1245,18.4694,18.2392,2.1772,19.1861,551.0,30794.0,2958.9062
1246,19.2757,18.5138,2.2508,19.3792,552.0,27042.0,2958.9062
1247,19.2839,18.5103,2.3543,19.071,551.0,27024.0,2958.9062
1248,19.1169,19.9574,2.1718,19.9872,549.0,24324.0,2959.0312
1249,19.9379,17.9087,1.9261,18.8161,549.0,29458.0,2959.0312
1250,18.8259,18.2752,1.8415,18.6939,548.0,27178.0,2959.0312
1251,18.6578,18.0044,1.8209,17.7952,547.0,27833.0,2959.0312
1252,17.8541,18.0598,2.0615,18.9294,549.0,32690.0,2959.0312
1253,18.8994,18.102,1.9588,19.7116,547.0,35138.0,2959.0312
1254,19.7168,17.9256,1.9053,17.5444,547.0,35182.0,2959.0312
1255,17.5237,18.6319,1.6598,19.7436,547.0,29202.0,2959.0312
1256,19.7457,18.2393,1.8526,18.5778,547.0,26898.0,2959.0312
1257,18.5518,18.0511,1.7671,18.1263,549.0,34134.0,2959.0312
1258,18.2491,17.9401,1.9745,19.0601,546.0,37628.0,2959.0312
1259,18.9856,18.1667,1.8855,18.8061,546.0,29790.0,2959.0312
1260,19.0858,18.0133,2.1053,18.536,546.0,24902.0,2959.0312
1261,18.2136,18.6281,1.9442,18.8957,551.0,24035.0,2959.0312
1262,18.9265,17.8681,2.1772,18.5112,550.0,23088.0,2959.0312
1263,18.6222,18.0319,1.9909,19.5298,549.0,22112.0,2959.0312
1264,19.3567,18.3607,2.2948,18.731,547.0,23666.0,2959.0312
1265,18.7835,18.156,2.1338,18.7034,548.0,22026.0,2959.0312
1266,18.7695,18.1124,2.2291,17.9627,549.0,23858.0,2959.0312
1267,17.899,18.1289,1.9634,18.9942,547.0,26008.0,2959.0312
1268,19.017,18.0299,2.237,18.8424,548.0,25556.0,2959.0312
1269,18.8715,18.0689,2.346,19.1926,547.0,21704.0,2959.0312
1270,19.1835,18.3816,2.3498,18.4047,547.0,22168.0,2959.0312
1271,18.445,18.7704,1.7508,18.8181,548.0,27684.0,2959.0312
1272,18.7467,17.9458,1.9773,17.8645,547.0,33660.0,2959.0312
1273,17.8461,18.1372,1.8136,19.2629,547.0,34984.0,2959.0312
1274,19.3607,18.0757,1.7826,18.8005,547.0,35592.0,2959.0312
1275,18.7757,18.0413,1.9008,18.0782,546.0,39488.0,2959.0312
1276,18.0062,17.6767,1.9706,18.1202,546.0,36808.0,2959.0312
1277,18.1753,18.3725,2.2583,19.0838,552.0,35744.0,2959.0312
1278,19.0747,18.2926,1.8849,18.9797,550.0,26928.0,2959.0312
1279,18.9737,18.3494,1.8273,19.5675,551.0,21708.0,2959.0312
1280,19.5086,18.4936,1.7804,18.4642,547.0,21646.0,2959.0312
1281,18.5094,18.2493,1.9014,18.5659,550.0,21718.0,2959.0312
1282,18.5686,17.8781,1.8665,18.0436,550.0,22182.0,2959.0312
1283,18.0049,18.1383,1.8626,19.0029,548.0,21716.0,2959.0312
1284,19.0093,18.0445,1.9286,18.6799,548.0,21716.0,2959.0312
1285,18.7653,18.4136,2.1564,18.9452,544.0,22060.0,2959.0312
1286,18.9585,18.2121,1.9351,19.1131,545.0,21644.0,2959.0312
1287,19.0181,17.8558,1.7397,18.4535,544.0,21560.0,2959.0312
1288,18.4547,19.317,2.0421,19.1564,546.0,21656.0,2959.0312
1289,19.1669,18.1801,1.866,18.191,546.0,21692.0,2959.0312
1290,18.2698,18.156,1.8552,18.8775,547.0,24964.0,2959.0312
1291,18.8196,17.8345,1.7005,18.7122,548.0,22180.0,2959.0312
1292,18.8129,18.0006,1.9871,17.8983,546.0,23560.0,2959.0312
1293,17.8761,18.471,2.2543,20.4094,551.0,24396.0,2959.0312
1294,20.375,18.5454,2.4115,18.6604,550.0,23552.0,2959.0312
1295,18.7073,18.3137,2.2769,19.2297,550.0,23212.0,2959.0312
1296,19.1806,18.0849,1.9514,18.2071,550.0,24214.0,2959.0312
1297,18.1558,18.3242,1.8931,18.6091,549.0,26002.0,2959.0312
1298,18.6994,18.3119,1.8474,19.8563,550.0,28238.0,2959.0312
1299,19.7443,17.9566,1.7659,17.5717,546.0,26656.0,2959.0312
1300,17.616,18.2024,1.85,19.0297,548.0,40554.0,2959.0312
1301,19.0363,18.4437,2.2474,18.776,549.0,35356.0,2959.0312
1302,18.7591,18.1238,1.9653,19.1732,552.0,36414.0,2959.0312
1303,19.1723,18.2968,1.875,19.1721,563.0,52419.0,2959.0312
1304,19.1504,18.8872,1.9462,18.3813,559.0,39544.0,2959.0312
1305,18.4769,18.2125,1.7681,18.8828,551.0,27186.0,2959.0312
1306,18.8868,17.9253,2.0037,18.5479,548.0,22548.0,2959.0312
1307,18.4951,18.3929,1.9788,18.6668,551.0,26182.0,2959.0312
1308,18.6764,18.2771,2.0678,19.1823,547.0,22072.0,2959.0312
1309,19.2584,18.0178,2.2083,18.3431,557.0,28985.0,2959.0312
1310,18.2399,18.3166,1.8179,18.4877,553.0,24411.0,2959.0312
1311,18.5937,18.888,1.8499,20.2279,554.0,24213.0,2959.0312
1312,20.0921,18.1715,1.7404,18.7978,548.0,22644.0,2959.0312
1313,18.8277,17.8097,2.3001,17.8095,548.0,22644.0,2959.0312
1314,17.8483,18.2497,1.7122,18.4951,548.0,22990.0,2959.0312
1315,18.4634,18.2264,1.739,19.1665,546.0,23944.0,2959.0312
1316,19.2909,18.0793,2.1183,18.3735,547.0,22790.0,2959.0312
1317,18.4459,18.3767,2.0746,19.0717,546.0,26444.0,2959.0312
1318,18.8778,17.9902,1.9213,18.7317,546.0,26847.0,2959.0312
1319,18.8647,19.0733,1.8778,19.2273,546.0,26994.0,2959.0312
1320,19.0893,18.5241,1.9746,18.7586,546.0,27692.0,2959.0312
1321,18.7931,18.1324,1.9213,18.5967,546.0,28974.0,2959.0312
1322,18.5809,18.1435,1.6334,19.1187,547.0,31356.0,2959.0312
1323,19.0747,18.0562,1.7554,18.5171,546.0,27014.0,2959.0312
1324,18.5606,18.3937,2.0813,19.8972,547.0,26822.0,2959.0312
1325,19.8785,18.3538,2.0389,17.6446,553.0,24398.0,2959.0312
1326,17.6571,18.0164,1.6986,19.424,550.0,29668.0,2959.0312
1327,19.423,18.9497,1.8659,18.4936,551.0,26798.0,2959.0312
1328,18.4884,18.1896,1.7434,18.7077,550.0,26846.0,2959.0312
1329,18.7073,18.1345,1.8363,18.4946,548.0,34035.0,2959.0312
1330,18.4731,18.3757,1.7467,19.1537,549.0,34436.0,2959.0312
1331,19.1496,17.8739,1.8295,19.0257,546.0,32887.0,2959.0312
1332,19.1264,18.4178,2.1172,18.4839,548.0,31683.0,2959.0312
1333,18.5401,18.272,1.803,18.4188,546.0,26430.0,2959.0312
1334,18.2696,18.354,1.7814,19.6006,547.0,32180.0,2959.0312
1335,19.652,18.6629,1.7267,18.7678,546.0,39740.0,2959.0312
1336,18.7419,18.2133,1.8258,18.7423,547.0,29718.0,2959.0312
1337,18.8385,18.0547,2.0579,18.6702,546.0,26092.0,2959.0312
1338,18.6083,17.7959,1.8608,18.0729,547.0,23269.0,2959.0312
1339,18.0849,18.1478,1.7298,18.6448,547.0,23858.0,2959.0312
1340,18.6536,18.0387,2.0105,18.689,545.0,22108.0,2959.0312
1341,18.6062,18.1844,1.8911,19.7713,551.0,23360.0,2959.0312
1342,19.8179,18.0384,1.771,18.3497,549.0,22384.0,2959.0312
1343,18.4539,18.8196,1.8914,18.1152,549.0,23336.0,2959.0312
1344,17.9986,18.0868,1.8686,18.9692,548.0,26462.0,2959.0312
1345,18.9572,18.3828,1.8669,18.482,549.0,25546.0,2959.0312
1346,18.4997,17.9174,1.7373,18.8244,549.0,21706.0,2959.0312
1347,18.8597,18.0137,1.7797,18.4636,547.0,22168.0,2959.0312
1348,18.4025,18.3447,1.9638,19.4018,548.0,27316.0,2959.0312
1349,19.4254,18.1663,1.99,18.1574,548.0,34040.0,2959.0312
1350,18.1432,18.1703,1.8296,18.7494,546.0,34604.0,2959.0312
1351,18.78,18.523,1.7795,19.495,546.0,35948.0,2959.0312
1352,19.5085,18.226,1.8232,18.7278,547.0,37596.0,2959.0312
1353,18.7121,17.8805,1.6844,18.0825,546.0,38712.0,2959.0312
1354,18.16,18.2286,1.8888,18.4518,546.0,32156.0,2959.0312
1355,18.2922,17.9491,1.5798,18.6746,547.0,25264.0,2959.0312
1356,18.7433,17.9657,1.9015,18.5128,546.0,26924.0,2959.0312
1357,18.6101,18.5874,2.1018,19.3583,551.0,21672.0,2959.0312
1358,19.3126,17.8827,1.8681,18.7633,550.0,21696.0,2959.0312
1359,18.7376,19.0487,1.8512,18.9693,551.0,22172.0,2959.0312
1360,18.953,17.9703,1.7963,18.6508,549.0,21706.0,2959.0312
1361,18.6451,17.8399,1.7488,17.9594,548.0,21694.0,2959.0312
1362,17.9559,18.0227,1.7385,18.7947,547.0,22074.0,2959.0312
1363,18.8944,18.161,1.8428,18.2201,546.0,21656.0,2959.0312
1364,18.1624,18.0252,1.867,20.166,545.0,21608.0,2959.0312
1365,20.2046,18.3135,1.8786,17.7393,545.0,21608.0,2959.0312
1366,17.6537,18.1099,1.7888,19.1204,547.0,21704.0,2959.0312
1367,19.1487,18.1377,1.7839,18.9713,548.0,24048.0,2959.0312
1368,18.8814,18.1476,1.7655,18.2307,547.0,23096.0,2959.0312
1369,18.3635,18.1077,2.3105,19.2981,546.0,23560.0,2959.0312
1370,19.2728,18.3365,1.9206,18.2729,546.0,24380.0,2959.0312
1371,18.3363,17.8856,1.8388,18.6181,546.0,23084.0,2959.0312
1372,18.5441,18.295,1.8733,18.6491,547.0,23684.0,2959.0312
1373,18.6352,18.2275,2.4361,18.9508,550.0,24192.0,2959.0312
1374,19.0648,17.6896,2.1096,22.0356,551.0,25636.0,2959.7812
1375,21.9754,18.2505,2.2081,18.3403,553.0,53466.0,2959.7812
1376,18.3215,14.8104,2.1223,15.0303,519.0,85124.0,2959.7812
1377,14.9633,14.4393,1.8664,13.1617,497.0,63544.0,2959.7812
1378,13.1812,13.2941,1.8526,13.0582,434.0,40532.0,2959.7812
1379,13.0321,12.9664,1.7467,13.2575,339.0,32186.0,2959.7812
1380,13.2931,13.4128,2.1261,15.3342,310.0,31046.0,2959.7812
1381,15.4209,12.9546,2.3529,12.0919,320.0,29610.0,2959.7812
1382,12.0627,12.4457,2.1917,14.0065,299.0,24046.0,2959.7812
1383,13.9223,12.9255,1.9933,12.9371,330.0,58528.0,2959.7812
1384,12.9987,13.0729,1.8159,12.7529,299.0,60072.0,2980.7188
1385,12.6844,12.2819,2.6425,13.8252,300.0,46597.0,2995.4062
1386,13.8693,13.2516,2.4081,13.6788,292.0,28628.0,2995.4062
1387,13.669,12.0647,2.3535,12.7511,285.0,23846.0,2995.4062
1388,12.7781,12.7983,1.9195,12.5286,293.0,30219.0,2966.0312
1389,12.5529,12.9868,1.8532,13.8849,286.0,24230.0,2924.6562
1390,13.793,12.9153,1.4999,13.1564,291.0,24802.0,2924.6562
1391,13.1726,12.2557,1.4768,13.2805,290.0,26562.0,2924.6562
1392,13.3104,12.2993,1.7517,12.9675,287.0,25674.0,2924.6562
1393,13.0064,12.7192,1.7265,13.5108,288.0,24868.0,2924.6562
1394,13.514,12.9984,1.9545,12.9591,289.0,23774.0,2924.6562
1395,12.8761,13.043,1.7283,13.6255,286.0,25378.0,2924.6562
1396,13.6786,11.9987,1.7212,13.3388,285.0,30274.0,2924.6562
1397,13.3301,12.8246,1.7243,12.5232,282.0,26186.0,2924.6562
1398,12.5295,12.7397,1.7598,13.1008,286.0,33322.0,2924.6562
1399,13.0668,12.8327,1.7779,13.6941,285.0,29078.0,2924.6562
1400,13.6993,12.5356,1.8098,13.4799,286.0,35350.0,2924.6562
1401,13.4987,12.1073,1.7411,12.7432,286.0,44362.0,2924.6562
1402,12.7466,13.127,1.9794,13.4658,287.0,42834.0,2924.6562
1403,13.4489,12.6637,1.8254,12.6317,286.0,41974.0,2924.6562
1404,12.6123,12.4639,1.6853,13.4098,285.0,37038.0,2924.6562
1405,13.5141,13.3176,1.8627,13.4556,290.0,28262.0,2924.6562
1406,13.3878,12.0448,2.2885,12.898,292.0,23054.0,2924.6562
1407,12.9386,12.8009,1.8779,13.6529,269.0,21842.0,2924.6562
1408,13.6451,13.0306,2.9498,13.0569,287.0,25348.0,2924.6562
1409,13.0636,12.9891,2.0836,14.241,288.0,28144.0,2924.6562
1410,14.2229,12.8476,1.7911,12.7416,288.0,26876.0,2924.6562
1411,12.7583,11.9082,1.5658,12.6871,286.0,26152.0,2924.6562
1412,12.7011,13.1687,1.6986,13.7772,287.0,25532.0,2924.6562
1413,13.7513,12.9904,1.7407,12.9523,286.0,24812.0,2924.6562
1414,12.967,13.1322,1.6243,13.4126,286.0,23768.0,2924.6562
1415,13.3665,12.6547,2.2,13.658,289.0,25900.0,2924.6562
1416,13.7237,12.2191,1.6317,12.7429,286.0,27992.0,2924.6562
1417,12.6951,12.8889,1.7805,13.8041,260.0,21638.0,2924.6562
1418,13.9052,13.151,1.9502,13.3086,253.0,21046.0,2924.6562
1419,13.2287,12.7012,1.842,13.5141,283.0,22846.0,2924.6562
1420,13.4939,13.0235,1.8479,13.105,283.0,23434.0,2924.6562
1421,13.0932,12.0442,1.6997,12.7271,285.0,32489.0,2924.6562
1422,12.7644,12.7057,1.7561,13.2656,292.0,30452.0,2924.6562
1423,13.2821,12.5854,1.8078,13.0865,289.0,45734.0,2924.6562
1424,13.0782,13.3216,1.803,13.6341,288.0,26740.0,2924.6562
1425,13.5964,12.0167,1.8794,13.5502,287.0,32728.0,2924.6562
1426,13.5641,12.0219,1.7733,11.9869,274.0,24913.0,2924.6562
1427,12.0,12.6987,1.886,13.4782,250.0,20914.0,2924.6562
1428,13.5602,12.9563,1.8517,13.4561,286.0,25426.0,2924.6562
1429,13.3628,12.5727,1.6616,12.9771,286.0,23308.0,2924.6562
1430,12.9934,12.0009,1.774,13.4725,286.0,27180.0,2924.6562
1431,13.5149,13.2494,1.6945,13.1833,289.0,27890.0,2924.6562
1432,13.1207,12.9025,1.8121,12.8601,287.0,26941.0,2924.6562
1433,12.8702,12.5182,1.862,13.1702,251.0,20926.0,2924.6562
1434,13.1587,12.7954,1.8512,13.9748,288.0,28230.0,2924.6562
1435,14.0115,12.1446,1.8702,12.4926,289.0,28029.0,2924.6562
1436,12.4433,12.5176,1.8886,12.9404,286.0,25104.0,2924.6562
1437,13.0701,12.9857,1.8121,13.6722,289.0,25722.0,2924.6562
1438,13.6205,12.8552,1.9642,13.7907,290.0,23420.0,2924.6562
1439,13.7693,12.9054,2.1827,13.0033,290.0,23398.0,2924.6562
1440,12.9892,12.0227,2.1079,12.1252,262.0,21468.0,2924.6562
1441,12.1472,12.6888,1.8261,14.3635,252.0,20916.0,2924.6562
1442,14.4078,12.8007,2.1595,12.6546,263.0,23867.0,2924.6562
1443,12.5525,12.9118,1.9758,14.3606,288.0,25145.0,2924.6562
1444,14.4692,12.9723,2.3646,12.9846,288.0,25021.0,2924.6562
1445,12.9437,11.8624,2.1123,12.1041,285.0,23014.0,2924.6562
1446,12.2715,13.0435,2.1061,13.9351,288.0,24897.0,2924.6562
1447,13.7235,12.7662,1.7515,12.5275,286.0,25426.0,2924.6562
1448,12.5168,12.6688,2.0587,13.3109,286.0,24130.0,2924.6562
1449,13.3295,11.9211,1.7823,13.6207,257.0,21286.0,2924.6562
1450,13.6064,12.9721,1.8342,12.2056,273.0,22662.0,2924.6562
1451,12.2798,12.6073,2.0391,13.3925,251.0,20926.0,2924.6562
1452,13.3911,13.0644,2.0873,13.5741,250.0,20914.0,2924.6562
1453,13.6009,12.7425,2.2195,13.572,254.0,20918.0,2924.6562
1454,13.5801,12.1666,1.9378,11.9392,289.0,24218.0,2924.6562
1455,11.8589,12.4972,1.879,13.7976,289.0,23386.0,2924.6562
1456,13.8029,12.9223,1.8072,13.6122,287.0,24216.0,2924.6562
1457,13.6315,12.852,1.9883,12.8148,289.0,23968.0,2924.6562
1458,12.7948,12.9144,1.8997,13.5186,289.0,23504.0,2924.6562
1459,13.5336,11.9913,1.8083,12.4354,286.0,23026.0,2924.6562
1460,12.4159,12.6808,1.9973,13.4394,262.0,21538.0,2924.6562
1461,13.4539,12.7508,1.8612,12.6626,250.0,20914.0,2924.6562
1462,12.6486,12.4968,1.7986,13.2738,250.0,20914.0,2924.6562
1463,13.2572,12.746,1.5743,13.2569,252.0,20938.0,2924.6562
1464,13.2618,11.7839,1.7881,12.7355,287.0,24414.0,2924.6562
1465,12.7482,12.908,1.6994,13.4922,285.0,26682.0,2924.6562
1466,13.6425,13.2959,1.7842,13.5275,288.0,23050.0,2924.6562
1467,13.4196,12.6516,1.7966,13.1124,286.0,24770.0,2924.6562
1468,13.0874,11.752,1.7559,13.9285,272.0,22186.0,2924.6562
1469,13.9261,13.0511,1.9348,12.3973,290.0,24436.0,2924.6562
1470,12.3672,12.8868,1.7918,12.9171,291.0,32648.0,2924.6562
1471,12.933,12.9274,1.7454,13.4521,291.0,33720.0,2924.6562
1472,13.4768,12.4193,1.8106,13.9271,288.0,29238.0,2924.6562
1473,13.8905,12.1119,1.5846,12.3991,264.0,23262.0,2924.6562
1474,12.3901,12.7752,1.6833,12.5551,253.0,20928.0,2924.6562
1475,12.624,13.0611,1.9054,13.4446,251.0,20926.0,2924.6562
1476,13.3833,12.427,1.7065,13.2825,286.0,24960.0,2924.6562
1477,13.3156,13.2698,1.8822,14.5924,286.0,27092.0,2924.6562
1478,14.6395,11.9697,1.8801,11.9781,283.0,38136.0,2924.6562
1479,11.9112,12.7084,1.6177,13.2447,264.0,23816.0,2924.6562
1480,13.2443,12.3124,1.8688,11.9983,288.0,28738.0,2924.6562
1481,11.9509,13.1938,1.6571,13.7971,257.0,21334.0,2924.6562
1482,13.8031,12.7044,1.537,13.6229,251.0,20926.0,2924.6562
1483,13.6624,11.936,1.779,12.4803,285.0,23846.0,2924.6562
1484,12.4866,12.6953,1.7149,13.086,257.0,21238.0,2924.6562
1485,13.1292,13.1648,1.9769,13.4663,291.0,27159.0,2924.6562
1486,13.4058,12.2542,1.9117,13.2726,289.0,31792.0,2924.6562
1487,13.3067,11.9104,1.6273,13.8352,291.0,45842.0,2924.6562
1488,13.8303,13.3031,1.7169,12.4497,302.0,63734.0,2924.6562
1489,12.4978,12.6242,1.8073,12.909,300.0,40595.0,2924.6562
1490,12.8517,12.6608,1.7794,13.3481,292.0,30256.0,2924.6562
1491,13.3604,12.7472,1.7306,13.5496,291.0,28152.0,2924.6562
1492,13.5583,12.1263,1.739,13.2488,294.0,30695.0,2924.6562
1493,13.2429,12.6649,1.6217,12.6266,288.0,23978.0,2924.6562
1494,12.5681,12.6969,1.5657,12.7352,286.0,25250.0,2924.6562
1495,12.7549,12.8038,1.7449,13.8273,286.0,26558.0,2924.6562
1496,13.8711,12.7625,1.6124,13.3929,286.0,25684.0,2924.6562
1497,13.3744,11.972,1.6459,12.1258,286.0,24866.0,2924.6562
1498,12.1264,12.3671,1.8036,12.752,287.0,23772.0,2924.6562
1499,12.726,12.6759,1.9143,13.8579,286.0,25378.0,2924.6562
1500,13.89,12.4971,1.7296,13.2929,287.0,30298.0,2924.6562
1501,13.2859,11.9529,1.5065,12.8302,288.0,26214.0,2924.6562
1502,12.8429,12.467,1.6593,12.7503,289.0,32850.0,2924.6562
1503,12.8515,13.0762,1.7845,13.4698,289.0,29546.0,2924.6562
1504,13.3736,12.9594,1.8466,13.2288,288.0,35352.0,2924.6562
1505,13.2225,12.6603,2.0148,13.1353,289.0,42780.0,2924.6562
1506,13.1382,11.7332,1.6814,13.0298,289.0,42836.0,2924.6562
1507,12.9968,13.2494,1.6772,14.7397,285.0,43250.0,2924.6562
1508,14.8231,12.6734,2.0908,12.4162,286.0,37358.0,2924.6562
1509,12.3716,12.7567,2.0272,13.0463,287.0,28270.0,2924.6562
1510,13.0781,13.1222,2.0287,13.5557,287.0,23038.0,2924.6562
1511,13.4991,12.1452,1.708,12.5988,277.0,22974.0,2924.6562
1512,12.6128,12.8652,1.7529,13.0343,285.0,27214.0,2924.6562
1513,13.0679,12.8097,1.8569,13.0871,286.0,26398.0,2924.6562
1514,13.0476,12.0028,1.4357,13.311,286.0,26286.0,2924.6562
1515,13.3177,12.7001,1.5458,13.8853,285.0,26388.0,2924.6562
1516,13.8678,11.969,1.5235,11.8963,286.0,25272.0,2924.6562
1517,11.9589,12.8145,1.6636,12.7411,290.0,25094.0,2924.6562
1518,12.6793,12.5913,1.8747,13.9941,289.0,24224.0,2924.6562
1519,14.0207,12.9854,2.3645,13.2908,289.0,26962.0,2924.6562
1520,13.295,12.2207,1.7801,12.8454,287.0,26258.0,2924.6562
1521,12.9253,11.9314,1.7735,12.9966,254.0,21036.0,2924.6562
1522,12.9766,12.4793,1.808,12.8478,252.0,20916.0,2924.6562
1523,12.8145,13.1579,1.842,14.0912,286.0,23026.0,2924.6562
1524,14.081,12.7963,1.7372,12.9009,278.0,23278.0,2924.6562
1525,12.9206,11.91,1.8712,13.5058,283.0,32605.0,2924.6562
1526,13.4571,12.657,1.749,12.6476,289.0,33178.0,2924.6562
1527,12.6779,13.0802,1.8168,12.748,288.0,43048.0,2924.6562
1528,12.6898,12.6039,1.5068,13.2954,288.0,28054.0,2924.6562
1529,13.3814,12.6582,1.5924,13.4309,286.0,34267.0,2924.6562
1530,13.4015,12.1238,1.6362,13.0628,266.0,21874.0,2924.6562
1531,13.1717,12.7022,1.7703,12.3252,252.0,20938.0,2924.6562
1532,12.1995,12.5071,1.8667,13.1767,287.0,25438.0,2924.6562
1533,13.1823,12.926,1.7042,13.7071,289.0,23300.0,2924.6562
1534,13.7114,12.3722,1.6528,13.4007,289.0,27172.0,2924.6562
1535,13.4113,12.6263,1.6862,12.4177,289.0,27846.0,2924.6562
1536,12.5077,12.8339,1.6464,13.4863,290.0,26955.0,2924.6562
1537,13.4006,12.7359,1.7379,13.3177,253.0,20928.0,2924.6562
1538,13.3729,12.8447,1.6965,12.9198,291.0,28292.0,2924.6562
1539,12.9011,11.9649,1.9904,13.0554,289.0,28077.0,2924.6562
1540,13.0115,12.7129,1.902,13.2643,287.0,25116.0,2924.6562
1541,13.2809,12.8332,1.8414,12.7966,286.0,25730.0,2924.6562
1542,12.8464,13.0141,1.4595,13.6496,285.0,23404.0,2924.6562
1543,13.604,12.5867,1.7218,12.8543,287.0,23406.0,2924.6562
1544,12.8119,11.7567,1.5295,12.2268,258.0,21346.0,2924.6562
1545,12.208,12.711,1.4392,13.3175,251.0,20926.0,2924.6562
1546,13.4087,13.2181,1.8686,13.4194,266.0,24241.0,2924.6562
1547,13.3618,12.5558,1.6083,13.8692,289.0,25033.0,2924.6562
1548,13.8333,11.9908,1.6218,12.9462,287.0,25009.0,2924.6562
1549,13.0071,12.1154,1.64,13.0304,289.0,23018.0,2924.6562
1550,13.017,12.798,1.6273,12.7763,291.0,25625.0,2924.6562
1551,12.7997,12.5049,1.8428,13.1799,289.0,24682.0,2924.6562
1552,13.1509,12.9226,1.9699,13.7938,288.0,24132.0,2924.6562
1553,13.8416,12.1382,1.6967,13.3445,278.0,22892.0,2924.6562
1554,13.2944,12.8053,1.7088,12.5518,252.0,20916.0,2924.6562
1555,12.5294,13.0166,1.6169,12.964,253.0,20950.0,2924.6562
1556,13.0025,12.7211,1.5703,14.0524,251.0,20926.0,2924.6562
1557,14.0856,12.8798,1.7212,13.1277,285.0,24214.0,2924.6562
1558,13.1207,11.966,1.915,12.6988,286.0,23394.0,2924.6562
1559,12.705,12.9121,1.8119,13.468,287.0,24238.0,2924.6562
1560,13.4893,12.9633,1.7399,13.2813,285.0,23942.0,2924.6562
1561,13.206,12.7973,1.6171,13.5431,287.0,23502.0,2924.6562
1562,13.5965,13.0439,1.6892,13.1336,287.0,23038.0,2924.6562
1563,13.0924,11.9342,1.5699,13.2456,262.0,21538.0,2924.6562
1564,13.3134,13.1746,1.7649,13.0312,252.0,20938.0,2924.6562
1565,13.0554,12.8908,1.8487,12.9035,254.0,20918.0,2924.6562
1566,12.8203,12.6968,1.6935,13.7488,256.0,20942.0,2924.6562
1567,13.7831,12.5547,1.6755,13.6055,292.0,24430.0,2924.6562
1568,13.5903,12.1188,1.7699,13.0227,289.0,26708.0,2924.6562
1569,13.0544,12.9728,1.9273,13.1101,287.0,23016.0,2924.6562
1570,13.0758,13.1297,1.823,13.056,287.0,24760.0,2924.6562
1571,13.1156,13.0251,1.9302,14.6758,286.0,24432.0,2924.6562
1572,14.6445,12.8896,1.8907,12.8513,285.0,26324.0,2924.6562
1573,12.843,11.9488,1.886,12.5013,273.0,33133.0,2924.6562
1574,12.498,12.8384,1.7341,13.3525,288.0,30307.0,2924.6562
1575,13.3351,12.846,1.6042,13.8102,287.0,28174.0,2924.6562
1576,13.7805,13.0939,1.8135,12.9648,260.0,23140.0,2924.6562
1577,13.0164,11.9758,1.5814,13.285,252.0,20938.0,2924.6562
1578,13.312,11.8536,1.6508,12.4151,253.0,21156.0,2924.6562
1579,12.3856,12.3963,1.8102,12.8896,288.0,24826.0,2924.6562
1580,12.8498,13.2715,1.6937,13.9768,286.0,27854.0,2924.6562
1581,14.0142,12.9393,1.9268,13.2539,287.0,37746.0,2924.6562
1582,13.2721,11.9324,1.5591,14.0448,286.0,27420.0,2924.6562
1583,14.0146,12.9532,1.4504,11.8302,277.0,25050.0,2924.6562
1584,11.8442,13.1644,1.6723,13.2068,253.0,20928.0,2924.6562
1585,13.1533,12.8287,1.3966,13.9475,252.0,20916.0,2924.6562
1586,14.0296,12.7778,1.9905,13.4669,288.0,23860.0,2924.6562
1587,13.4441,12.1145,1.6371,13.5644,286.0,26679.0,2924.6562
1588,13.5438,12.88,1.754,12.495,288.0,24918.0,2924.6562
1589,12.5487,12.4564,1.8366,13.0981,288.0,51324.0,2924.6562
1590,13.0431,12.8442,1.7035,13.2494,298.0,60584.0,2924.6562
1591,13.3252,13.2479,1.9031,13.9849,296.0,41837.0,2924.6562
1592,13.9073,11.9786,1.5108,12.5387,293.0,28698.0,2924.6562
1593,12.564,12.6256,1.6885,13.7502,292.0,31661.0,2924.6562
1594,13.8,13.0151,1.9207,12.8883,295.0,32186.0,2924.6562
1595,12.7998,13.1399,1.8574,13.661,288.0,24346.0,2924.6562
1596,13.6499,12.8939,1.8392,14.2028,285.0,24774.0,2924.6562
1597,14.3396,11.7858,1.86,12.7794,290.0,26098.0,2924.6562
1598,12.6914,13.1426,2.043,12.9546,290.0,26248.0,2924.6562
1599,12.9821,12.9636,2.0326,13.8006,289.0,24490.0,2924.6562
1600,13.7782,12.795,2.0163,12.5204,289.0,24360.0,2924.6562
1601,12.5479,12.785,2.1835,13.5711,289.0,24648.0,2924.6562
1602,13.5258,12.1992,1.9564,12.9729,288.0,28844.0,2924.6562
1603,13.012,13.041,1.9421,13.0175,284.0,26896.0,2924.6562
1604,13.0358,12.8688,2.0008,13.2028,286.0,31134.0,2924.6562
1605,13.1562,12.8874,1.7863,14.1665,286.0,32930.0,2924.6562
1606,14.2221,13.2144,1.7099,13.3808,287.0,33398.0,2924.6562
1607,13.3973,12.0711,1.721,13.2387,286.0,43134.0,2924.6562
1608,13.238,12.9086,1.8907,13.2573,287.0,38214.0,2924.6562
1609,13.2442,12.9036,2.0978,13.181,285.0,47906.0,2924.6562
1610,13.1774,13.0969,1.9442,13.032,285.0,35714.0,2924.6562
1611,13.0082,12.5227,2.1372,14.4202,288.0,26242.0,2924.6562
1612,14.4519,11.9662,1.9228,12.3288,288.0,28282.0,2924.6562
1613,12.3182,13.2809,2.0056,13.6795,289.0,23410.0,2924.6562
1614,13.7805,12.9906,2.2134,13.351,289.0,27218.0,2924.6562
1615,13.2247,12.7817,1.7002,13.6916,290.0,26402.0,2924.6562
1616,13.7108,12.8224,1.5747,13.3756,288.0,26288.0,2924.6562
1617,13.3891,12.0631,1.5099,11.8549,288.0,26402.0,2924.6562
1618,11.8214,12.8725,1.6789,13.196,289.0,25286.0,2924.6562
1619,13.2582,13.0289,2.0377,13.4651,286.0,25090.0,2924.6562
1620,13.3935,12.8727,1.6598,14.4164,285.0,24220.0,2924.6562
1621,14.4353,12.6576,1.7149,12.3556,287.0,26982.0,2924.6562
1622,12.3484,12.2909,1.5742,12.6767,288.0,26292.0,2924.6562
1623,12.6246,12.8854,1.5315,12.9756,253.0,21046.0,2924.6562
1624,12.9966,13.0488,2.1053,14.0259,261.0,21574.0,2924.6562
1625,14.035,13.1173,1.7389,14.3079,287.0,23406.0,2924.6562
1626,14.3603,12.1742,1.8172,12.8691,271.0,22442.0,2924.6562
1627,12.9308,12.1184,1.8238,12.8402,285.0,32725.0,2924.6562
1628,12.7486,12.6395,1.8781,13.3362,287.0,36150.0,2924.6562
1629,13.5114,13.1791,1.8643,13.408,290.0,40496.0,2924.6562
1630,13.2859,12.9472,1.8655,14.5252,291.0,28554.0,2924.6562
1631,14.463,11.8057,2.2644,12.0708,291.0,33311.0,2924.6562
1632,12.1098,12.9447,2.1891,13.0061,264.0,21636.0,2924.6562
1633,12.9984,12.9182,1.9474,12.5382,287.0,25048.0,2924.6562
1634,12.5192,13.096,1.8151,13.2816,288.0,23678.0,2924.6562
1635,13.2524,12.329,1.7109,13.3645,285.0,27168.0,2924.6562
1636,13.3917,12.1051,1.7607,12.8892,285.0,27842.0,2924.6562
1637,12.9371,13.027,1.7223,13.5871,286.0,26977.0,2924.6562
1638,13.6115,12.892,1.7722,12.6666,251.0,20926.0,2924.6562
1639,12.5867,12.3267,1.5758,13.2081,288.0,28278.0,2924.6562
1640,13.2422,13.2104,1.6328,13.7178,292.0,28113.0,2924.6562
1641,13.6863,11.9961,1.6957,12.8545,286.0,25104.0,2924.6562
1642,12.9344,12.7883,1.8269,12.9746,287.0,25742.0,2924.6562
1643,12.9812,12.817,1.9065,13.1531,286.0,23416.0,2924.6562
1644,13.0795,12.9591,1.8735,13.2059,285.0,23382.0,2924.6562
1645,13.2389,12.5037,1.8769,12.8914,263.0,21362.0,2924.6562
1646,12.8479,12.029,1.673,13.737,255.0,20930.0,2924.6562
1647,13.7907,13.2763,1.8516,13.5437,274.0,24533.0,2924.6562
1648,13.5508,12.9468,1.9318,13.2435,290.0,25023.0,2924.6562
1649,13.1885,12.4956,1.8835,14.0846,290.0,25023.0,2924.6562
1650,14.1331,11.9033,1.8142,12.1874,288.0,23764.0,2924.6562
1651,12.1925,12.9202,1.7939,12.3806,289.0,24909.0,2924.6562
1652,12.328,13.0051,1.8413,13.0201,285.0,24678.0,2924.6562
1653,12.9549,12.506,1.4349,13.0954,285.0,24118.0,2924.6562
1654,13.1884,12.9812,1.9136,13.7941,272.0,22602.0,2924.6562
1655,13.8159,12.139,1.6592,13.4604,252.0,20938.0,2924.6562
1656,13.4462,12.9242,1.7438,12.3471,252.0,20938.0,2924.6562
1657,12.3189,12.3183,1.6448,13.1364,250.0,20914.0,2924.6562
1658,13.1567,12.6787,1.8543,13.3771,287.0,24238.0,2924.6562
1659,13.3691,12.7497,1.7279,13.5964,285.0,23382.0,2924.6562
1660,13.6162,11.9706,1.8805,12.4582,286.0,24226.0,2924.6562
1661,12.4663,12.4041,1.69,13.12,290.0,23958.0,2924.6562
1662,13.2164,12.9712,1.8458,13.5498,290.0,23494.0,2924.6562
1663,13.5037,12.7284,1.6734,12.6415,290.0,23030.0,2924.6562
1664,12.5849,12.1559,1.5028,12.9247,263.0,21528.0,2924.6562
1665,12.9357,12.2844,1.7897,12.8939,253.0,20928.0,2924.6562
1666,12.8684,13.1884,1.612,13.2438,254.0,20940.0,2924.6562
1667,13.2495,12.5949,1.7468,13.5622,252.0,20938.0,2924.6562
1668,13.6059,13.047,1.9053,13.4821,287.0,24414.0,2924.6562
1669,13.4695,11.7879,1.7472,12.5356,286.0,26694.0,2924.6562
1670,12.4817,12.9293,1.5729,13.6908,285.0,23014.0,2924.6562
1671,13.7566,12.5608,1.7561,12.222,286.0,24770.0,2924.6562
1672,12.1768,12.8724,1.73,14.2848,285.0,24420.0,2924.6562
1673,14.3701,12.5112,1.7038,13.2577,286.0,26336.0,2924.6562
1674,13.1814,12.1653,2.1971,13.4537,278.0,36732.0,2924.6562
1675,13.4583,12.6759,1.9013,13.4326,286.0,27470.0,2924.6562
1676,13.505,12.8394,2.1011,11.5662,297.0,28336.0,2924.6562
1677,11.5139,13.0019,1.9446,13.7281,261.0,22964.0,2924.6562
1678,13.7232,12.3664,1.935,13.5601,254.0,20918.0,2924.6562
1679,13.539,12.7937,1.7387,12.6054,290.0,24964.0,2924.6562
1680,12.593,13.0357,1.6502,14.204,289.0,27868.0,2924.6562
1681,14.1984,13.3379,1.5969,13.06,285.0,37376.0,2924.6562
1682,13.0728,12.9353,1.7025,13.6641,288.0,28074.0,2924.6562
1683,13.6595,12.8803,1.5756,12.9157,270.0,24866.0,2924.6562
1684,12.9178,12.0478,1.7505,12.8391,252.0,20938.0,2924.6562
1685,12.8746,13.0025,1.7214,13.939,250.0,20914.0,2924.6562
1686,13.9174,13.0712,1.7937,13.0327,285.0,23846.0,2924.6562
1687,13.08,13.0575,1.7394,14.246,285.0,26667.0,2924.6562
1688,14.1409,12.7274,1.5575,13.2015,287.0,24906.0,2924.6562
1689,13.2651,12.1435,1.7223,12.904,288.0,51324.0,2924.6562
1690,12.8897,12.896,1.9032,13.1816,298.0,60584.0,2924.6562
1691,13.2118,13.3548,2.0967,13.6315,294.0,41813.0,2924.6562
1692,13.5972,12.8234,1.6388,13.3131,292.0,28686.0,2924.6562
1693,13.334,12.8793,1.7667,13.7711,296.0,31665.0,2924.6562
1694,13.8018,12.5763,1.8472,13.6342,299.0,32190.0,2924.6562
1695,13.6375,13.0386,1.8017,13.1797,289.0,24314.0,2924.6562
1696,13.1737,12.6951,1.7272,12.5035,288.0,24788.0,2924.6562
1697,12.471,13.1958,1.665,14.3964,287.0,26084.0,2924.6562
1698,14.4202,12.9654,1.7981,13.0593,289.0,26258.0,2924.6562
1699,13.0299,12.1254,1.7385,12.5301,285.0,24486.0,2924.6562
1700,12.5163,13.2127,1.6781,13.5304,288.0,24370.0,2924.6562
1701,13.6333,13.0151,1.8193,13.6159,286.0,24634.0,2924.6562
1702,13.5192,12.6482,1.6547,13.42,285.0,29662.0,2924.6562
1703,13.4345,13.194,1.7917,14.2415,283.0,26052.0,2924.6562
1704,14.2627,12.07,1.9191,12.5854,287.0,31610.0,2924.6562
1705,12.5903,12.9646,1.8804,12.9233,285.0,32822.0,2924.6562
1706,13.0037,13.0373,1.8887,13.3426,286.0,33482.0,2924.6562
1707,13.2158,12.9928,1.7126,13.6208,285.0,44254.0,2924.6562
1708,13.6811,12.8871,1.7084,13.5013,286.0,40166.0,2924.6562
1709,13.4835,12.0829,1.8401,12.7176,290.0,44362.0,2924.6562
1710,12.6894,13.0124,1.9063,13.7893,291.0,37338.0,2924.6562
1711,13.8391,12.9453,1.8984,13.2201,290.0,24626.0,2924.6562
1712,13.2338,13.261,2.0669,13.7461,288.0,28724.0,2924.6562
1713,13.6968,12.7551,1.7413,13.4758,289.0,22968.0,2924.6562
1714,13.4895,12.0603,1.8033,12.5872,287.0,27680.0,2924.6562
1715,12.5986,12.9207,1.8205,13.8455,285.0,25922.0,2924.6562
1716,13.8784,13.2067,1.8865,13.01,287.0,26422.0,2924.6562
1717,12.9297,12.9596,1.6383,13.5862,286.0,26554.0,2924.6562
1718,13.5995,13.0001,1.7593,13.4229,288.0,25018.0,2924.6562
1719,13.443,12.1516,1.8101,13.0096,287.0,25566.0,2924.6562
1720,12.9728,12.7726,1.7267,13.1167,286.0,25540.0,2924.6562
1721,13.2249,12.9079,1.7364,13.3349,285.0,25344.0,2924.6562
1722,13.2149,13.0166,1.7258,13.299,286.0,26110.0,2924.6562
1723,13.4154,12.7984,1.7891,13.8813,273.0,22614.0,2924.6562
1724,13.78,12.1039,1.7401,13.3221,287.0,23196.0,2924.6562
1725,13.4128,13.1034,1.9687,13.5332,272.0,24929.0,2924.6562
1726,13.4628,12.9721,1.7528,13.4096,287.0,31634.0,2924.6562
1727,13.4617,12.6935,1.9697,12.8697,290.0,38332.0,2924.6562
1728,12.8344,12.7053,1.8877,13.7465,289.0,37910.0,2924.6562
1729,13.7666,12.5269,1.7844,12.5789,292.0,29312.0,2924.6562
1730,12.5788,12.984,1.875,13.3947,282.0,30821.0,2924.6562
1731,13.4087,12.9914,1.9779,13.2453,265.0,21766.0,2924.6562
1732,13.1726,12.9305,1.837,13.464,286.0,25426.0,2924.6562
1733,13.5268,13.0553,1.6786,13.5396,286.0,23308.0,2924.6562
1734,13.566,12.1826,1.78,13.0024,286.0,27180.0,2924.6562
1735,12.9598,13.0614,1.7392,13.6116,285.0,27842.0,2924.6562
1736,13.6313,12.9146,1.8695,12.7994,285.0,26869.0,2924.6562
1737,12.8311,12.9548,1.7603,14.1865,252.0,20938.0,2924.6562
1738,14.1212,13.0652,1.6771,13.3932,287.0,28266.0,2924.6562
1739,13.3973,12.1325,1.955,13.0539,290.0,28089.0,2924.6562
1740,13.106,12.8557,1.7482,13.7555,285.0,25092.0,2924.6562
1741,13.8157,13.1365,1.7884,13.766,291.0,25746.0,2924.6562
1742,13.6467,13.0324,1.7353,13.0514,289.0,23408.0,2924.6562
1743,13.076,13.2531,1.8439,13.5913,290.0,23398.0,2924.6562
1744,13.5748,12.1987,1.8305,12.6105,260.0,21348.0,2924.6562
1745,12.6522,12.7443,1.6862,13.8183,253.0,20928.0,2924.6562
1746,13.8514,12.8258,1.9231,12.8861,278.0,26690.0,2924.6562
1747,12.8265,13.2447,1.864,13.581,287.0,23162.0,2924.6562
1748,13.6214,12.6706,1.7202,13.7941,288.0,25757.0,2924.6562
1749,13.7249,12.1987,1.8472,12.8039,287.0,23086.0,2924.6562
1750,12.8515,13.1997,1.9357,14.2779,289.0,25005.0,2924.6562
1751,14.303,12.9806,1.715,12.5093,285.0,25046.0,2924.6562
1752,12.4119,12.712,1.7706,13.1231,285.0,23750.0,2924.6562
1753,13.1927,12.9941,1.7697,13.1247,266.0,22338.0,2924.6562
1754,13.1541,12.0522,1.8431,12.9699,250.0,20914.0,2924.6562
1755,12.9589,12.7249,1.8279,14.1031,254.0,21010.0,2924.6562
1756,14.0674,13.1753,1.7468,12.8084,286.0,24226.0,2924.6562
1757,12.934,13.0228,1.8831,13.5604,290.0,23398.0,2924.6562
1758,13.5186,12.6615,1.6695,13.5728,291.0,24242.0,2924.6562
1759,13.5138,12.1857,1.8282,12.5131,289.0,23946.0,2924.6562
1760,12.5437,13.2706,1.6795,13.6486,287.0,23480.0,2924.6562
1761,13.6483,12.9181,2.0321,13.1489,290.0,23052.0,2924.6562
1762,13.0812,13.0121,1.8457,13.9146,264.0,21588.0,2924.6562
1763,13.9605,12.3492,1.789,13.3881,251.0,20926.0,2924.6562
1764,13.3397,12.0783,1.7882,12.4694,252.0,20938.0,2924.6562
1765,12.5293,12.8516,1.8276,13.19,250.0,20914.0,2924.6562
1766,13.2076,12.9937,1.8541,13.6233,287.0,24414.0,2924.6562
1767,13.5689,12.9795,1.7535,14.1408,285.0,26682.0,2924.6562
1768,14.1498,12.4354,1.7293,12.9525,289.0,23062.0,2924.6562
1769,12.9703,12.5565,1.79,13.3437,287.0,24830.0,2924.6562
1770,13.3546,12.6816,1.8045,12.5179,289.0,24564.0,2924.6562
1771,12.5289,12.9087,1.815,13.7277,287.0,26348.0,2924.6562
1772,13.6945,13.1562,1.8213,13.6574,278.0,36780.0,2924.6562
1773,13.6555,12.9601,1.6616,13.7063,290.0,27474.0,2924.6562
1774,13.7149,12.1481,1.7248,12.3347,291.0,27644.0,2924.6562
1775,12.339,13.2534,1.7855,13.9514,265.0,23252.0,2924.6562
1776,14.0405,12.7536,1.8966,13.2682,252.0,20916.0,2924.6562
1777,13.1445,12.8319,1.7385,13.7523,290.0,24986.0,2924.6562
1778,13.7583,12.1993,1.8498,13.1495,288.0,27856.0,2924.6562
1779,13.1766,12.6874,1.8811,12.8382,285.0,37446.0,2924.6562
1780,12.8281,12.9872,1.7515,13.4701,285.0,28060.0,2924.6562
1781,13.5065,13.1543,1.6736,13.6345,272.0,24890.0,2924.6562
1782,13.5939,13.0164,1.7077,13.5054,252.0,20938.0,2924.6562
1783,13.531,12.7029,1.4701,13.5885,252.0,20938.0,2924.6562
1784,13.5609,12.0729,1.4805,12.3008,283.0,23822.0,2924.6562
1785,12.3261,13.1369,1.6499,13.6659,285.0,26667.0,2924.6562
1786,13.6552,12.8935,2.0036,13.5316,286.0,24894.0,2924.6562
1787,13.5279,13.029,1.7507,13.5414,289.0,51336.0,2924.6562
1788,13.6391,12.8955,2.0324,13.5803,298.0,60584.0,2924.6562
1789,13.5231,12.1447,1.8175,12.5895,299.0,41829.0,2924.6562
1790,12.5358,12.8953,1.7336,13.4579,299.0,28726.0,2924.6562
1791,13.5192,13.307,1.8315,14.2658,295.0,31653.0,2924.6562
1792,14.2353,13.0382,1.9272,12.9441,296.0,32176.0,2924.6562
1793,12.9327,12.0764,1.7621,13.6131,288.0,24324.0,2924.6562
1794,13.6369,12.4541,1.742,13.0523,288.0,24788.0,2924.6562
1795,13.057,12.9756,1.9864,12.8211,287.0,26106.0,2924.6562
1796,12.7704,13.1168,1.7194,14.3892,287.0,26256.0,2924.6562
1797,14.4473,13.1017,1.8511,13.4647,349.0,27604.0,2924.6562
1798,13.4523,14.3875,1.8544,14.6195,281.0,10482.0,2924.6562
1799,14.5861,11.9834,1.826,12.9965,281.0,11650.0,2924.6562
1800,12.9949,12.5795,1.8166,12.8984,280.0,16250.0,2924.6562
1801,12.9151,12.2227,1.7007,12.0245,279.0,11332.0,2924.6562
1802,11.9896,12.3607,1.6511,13.2272,281.0,19326.0,2924.6562
1803,13.2843,11.586,1.6877,13.0218,282.0,17390.0,2924.6562
1804,13.0013,12.4254,1.7994,12.593,281.0,21118.0,2924.6562
1805,12.6231,12.3233,1.8702,12.2506,286.0,33610.0,2924.6562
1806,12.2328,12.7384,1.794,13.6189,285.0,21518.0,2924.6562
1807,13.6232,12.7515,1.749,14.5267,285.0,30498.0,2924.6562
1808,14.5873,11.7922,2.2637,11.6541,284.0,23104.0,2924.6562
1809,11.5864,12.367,1.9386,12.7301,283.0,11224.0,2924.6562
1810,12.7948,12.7415,2.1129,12.6776,283.0,14396.0,2924.6562
1811,12.6188,12.3139,1.707,12.9394,279.0,9530.0,2924.6562
1812,12.9254,11.6144,2.6613,12.9405,281.0,14290.0,2924.6562
1813,12.929,12.6856,1.8963,13.1973,281.0,11266.0,2924.6562
1814,13.2548,12.6169,2.7802,12.4194,281.0,14182.0,2924.6562
1815,12.3737,12.1347,1.7715,13.3588,281.0,11394.0,2924.6562
1816,13.3749,11.865,1.7818,12.9285,282.0,12326.0,2924.6562
1817,12.9615,12.6176,2.0453,12.0153,281.0,10832.0,2924.6562
1818,11.9839,12.4672,1.8885,13.1409,282.0,11796.0,2924.6562
1819,13.1566,12.3247,1.7072,12.7221,281.0,13602.0,2924.6562
1820,12.6648,12.4765,1.802,13.3047,281.0,9812.0,2924.6562
1821,13.4656,11.7062,2.2551,12.5229,286.0,12157.0,2924.6562
1822,12.4563,12.4365,1.865,12.7028,285.0,17902.0,2924.6562
1823,12.6541,12.5962,1.7882,13.2867,292.0,28530.0,2924.6562
1824,13.389,12.5479,1.9442,13.5918,283.0,23128.0,2924.6562
1825,13.5271,11.7163,1.9908,13.562,283.0,15400.0,2924.6562
1826,13.4986,12.747,1.8661,11.7331,277.0,16909.0,2924.6562
1827,11.7928,12.3142,1.8543,12.3378,259.0,8162.0,2924.6562
1828,12.3206,12.5458,2.1308,13.8448,281.0,11318.0,2924.6562
1829,13.8382,12.7418,2.0134,12.3793,283.0,9884.0,2924.6562
1830,12.3484,11.6455,1.8986,12.9987,281.0,13192.0,2924.6562
1831,13.0425,12.4716,1.748,12.0236,284.0,17241.0,2924.6562
1832,11.9722,12.5724,1.6562,13.3655,264.0,8558.0,2924.6562
1833,13.4157,12.3906,2.099,13.3189,247.0,7122.0,2924.6562
1834,13.3086,11.5586,1.6585,11.9394,283.0,14414.0,2924.6562
1835,11.9076,12.3638,1.9948,13.2403,285.0,14225.0,2924.6562
1836,13.2659,12.8209,1.7738,12.673,282.0,11252.0,2924.6562
1837,12.7811,12.3563,1.6347,13.233,285.0,12238.0,2924.6562
1838,13.1166,11.8423,1.6092,12.8262,287.0,9628.0,2924.6562
1839,12.8172,12.4456,1.4612,12.3189,277.0,8686.0,2924.6562
1840,12.3411,12.4495,1.6384,12.7148,254.0,10208.0,2924.6562
1841,12.6952,12.1385,1.7512,13.0666,283.0,13378.0,2924.6562
1842,13.0671,12.6871,1.7997,12.9565,284.0,10036.0,2924.6562
1843,12.9728,11.6267,1.5933,13.0184,283.0,11157.0,2924.6562
1844,13.073,12.545,1.8164,12.9757,282.0,9174.0,2924.6562
1845,13.0442,12.7085,1.9847,12.8514,283.0,11033.0,2924.6562
1846,12.7362,12.4106,1.7534,12.7103,282.0,11014.0,2924.6562
1847,12.6682,11.6178,1.6549,12.7094,282.0,9222.0,2924.6562
1848,12.7874,12.3673,1.7447,12.6285,250.0,7302.0,2924.6562
1849,12.7092,12.6763,1.7969,12.8777,247.0,7122.0,2924.9062
1850,12.7377,11.8718,1.3502,13.6619,250.0,7302.0,2924.9062
1851,13.6899,11.6083,1.9102,12.6168,281.0,9898.0,2924.9062
1852,12.6344,12.311,2.0091,12.0715,281.0,9898.0,2924.9062
1853,12.0709,12.4667,1.8745,12.9899,281.0,9758.0,2924.9062
1854,12.9594,12.3695,1.9948,13.2215,285.0,10094.0,2924.9062
1855,13.2655,12.6081,1.766,12.9889,286.0,9642.0,2924.9062
1856,12.945,11.649,1.8338,12.5729,283.0,9164.0,2924.9062
1857,12.6097,12.3764,1.7358,11.8238,259.0,7676.0,2924.9062
1858,11.8775,12.7676,1.827,13.3992,248.0,7064.0,2924.9062
1859,13.3196,12.1511,1.853,13.137,246.0,7062.0,2924.9062
1860,13.1531,11.5895,1.8598,13.2234,281.0,10538.0,2924.9062
1861,13.2308,12.4695,2.0513,12.1525,287.0,15974.0,2924.9062
1862,12.1725,12.625,1.8841,12.5207,281.0,9162.0,2924.9062
1863,12.4396,12.4802,1.6543,13.3074,281.0,10906.0,2924.9062
1864,13.3443,11.77,1.7548,13.2345,282.0,10942.0,2924.9062
1865,13.2406,12.5025,1.6106,12.2135,281.0,14979.0,2924.9062
1866,12.2335,12.5742,1.8454,13.1348,279.0,21247.0,2924.9062
1867,13.1092,12.6676,1.7785,13.2361,282.0,13998.0,2924.9062
1868,13.2497,12.5439,1.7005,12.6744,273.0,13738.0,2924.9062
1869,12.7045,11.6427,1.7687,12.3713,253.0,7246.0,2924.9062
1870,12.3459,12.3537,1.7628,12.7412,250.0,7066.0,2924.9062
1871,12.7762,12.6639,2.0693,13.463,286.0,11112.0,2924.9062
1872,13.4111,12.6392,1.9761,13.2804,283.0,17680.0,2924.9062
1873,13.2996,11.6648,1.8317,12.7125,281.0,20704.0,2924.9062
1874,12.6875,12.3405,1.9163,12.6366,268.0,12942.0,2924.9062
1875,12.6837,12.8041,1.9758,12.6603,259.0,10094.0,2924.9062
1876,12.661,12.3842,1.905,12.7918,246.0,7062.0,2924.9062
1877,12.7556,11.6051,1.7165,13.4697,263.0,8546.0,2924.9062
1878,13.4962,12.5203,1.7817,12.2801,281.0,12815.0,2924.9062
1879,12.4074,12.7692,2.1758,12.8815,287.0,14174.0,2924.9062
1880,12.8365,12.6959,1.9417,13.3449,282.0,29996.0,2924.9062
1881,13.2611,12.5183,1.7635,13.2845,290.0,40288.0,2924.9062
1882,13.2543,11.5803,1.6564,12.6648,292.0,34511.0,2924.9062
1883,12.6756,11.8714,1.7139,12.9851,285.0,19770.0,2924.9062
1884,13.1197,12.8839,1.9176,12.7797,290.0,20279.0,2924.9062
1885,12.7049,12.5203,2.0027,13.2036,291.0,16811.0,2924.9062
1886,13.1251,11.9245,1.6563,13.2881,287.0,11965.0,2924.9062
1887,13.3444,11.6457,2.0163,12.1729,285.0,11294.0,2924.9062
1888,12.1181,12.5989,1.754,13.5785,283.0,11768.0,2924.9062
1889,13.6081,12.4846,1.593,12.5285,283.0,10814.0,2924.9062
1890,12.5037,12.7031,1.874,13.3642,283.0,12492.0,2924.9062
1891,13.4808,11.6075,1.8251,12.9269,281.0,9898.0,2924.9062
1892,12.818,12.5193,1.822,12.3112,281.0,9994.0,2924.9062
1893,12.4217,12.855,2.1899,13.1766,281.0,9626.0,2924.9062
1894,13.0822,12.8169,1.8515,13.3007,283.0,10554.0,2924.9062
1895,13.3461,11.6467,1.8109,13.1123,281.0,11650.0,2924.9062
1896,13.1109,12.0247,1.9675,12.189,280.0,15250.0,2924.9062
1897,12.2007,12.6676,1.9598,12.6245,278.0,12112.0,2924.9062
1898,12.5198,12.7767,1.7612,13.5634,280.0,19058.0,2924.9062
1899,13.6313,12.3448,1.7965,12.8563,281.0,17842.0,2924.9062
1900,12.8515,11.5964,1.7303,12.4512,282.0,20298.0,2924.9062
1901,12.4553,12.7413,1.7619,13.686,285.0,32834.0,2924.9062
1902,13.6944,12.4932,1.8621,12.3293,285.0,22746.0,2924.9062
1903,12.3083,12.5206,2.0455,13.3895,285.0,25634.0,2924.9062
1904,13.4306,11.6644,1.7122,12.996,283.0,28360.0,2924.9062
1905,12.9727,12.5652,1.7868,12.4387,284.0,11200.0,2924.9062
1906,12.4813,12.5885,1.852,12.9955,284.0,14408.0,2924.9062
1907,12.9171,12.7054,1.5942,13.2925,281.0,9590.0,2924.9062
1908,13.363,12.4302,1.7109,14.5404,280.0,14242.0,2924.9062
1909,16.7515,11.6996,1.9233,11.635,282.0,11278.0,2924.9062
1910,9.3912,12.4218,2.1954,12.8531,282.0,14194.0,2924.9062
1911,12.8846,12.854,2.1244,13.7374,282.0,11406.0,2924.9062
1912,13.7304,12.7541,2.2799,12.4382,281.0,12266.0,2924.9062
1913,12.4423,11.6658,2.3294,13.456,282.0,10380.0,2924.9062
1914,13.5073,12.0773,2.4136,12.0546,281.0,12090.0,2924.9062
1915,12.0492,12.823,2.4324,13.4951,282.0,13772.0,2924.9062
1916,13.437,13.1046,2.6597,13.5664,281.0,9812.0,2924.9062
1917,13.5535,12.5157,1.93,15.2426,286.0,12157.0,2924.9062
1918,15.2731,11.9318,1.9439,14.0346,285.0,16742.0,2924.9062
1919,14.1447,12.9607,2.8404,11.6694,285.0,23410.0,2924.9062
1920,11.5161,13.0209,2.3379,12.1859,283.0,24538.0,2924.9062
1921,12.3021,12.8915,2.3989,13.2378,283.0,17782.0,2924.9062
1922,13.1229,12.8068,2.193,12.4873,283.0,19433.0,2924.9062
1923,12.4599,11.6806,1.8685,12.2289,267.0,9182.0,2924.9062
1924,12.3329,12.5558,1.6765,12.8456,282.0,11206.0,2924.9062
1925,12.7729,12.7933,1.5526,13.3544,281.0,10218.0,2924.9062
1926,13.3651,12.6344,1.9897,13.5735,281.0,12418.0,2924.9062
1927,13.5919,11.6698,1.6861,12.5132,284.0,17193.0,2924.9062
1928,12.5544,12.397,1.9297,12.6918,259.0,8258.0,2924.9062
1929,12.7133,12.8618,1.8391,13.2088,247.0,7074.0,2924.9062
1930,13.1057,12.5485,1.7269,12.7235,283.0,14414.0,2924.9062
1931,12.7078,12.4505,1.84,14.1448,285.0,14225.0,2924.9062
1932,14.1997,11.6558,1.6999,12.1936,281.0,11240.0,2924.9062
1933,12.1434,12.6227,1.5981,12.2768,285.0,12238.0,2924.9062
1934,12.283,12.5201,1.6882,12.9055,285.0,9556.0,2924.9062
1935,13.0191,12.5263,1.8351,12.9787,284.0,11890.0,2924.9062
1936,12.9405,11.5966,1.9415,13.1707,248.0,7064.0,2924.9062
1937,13.1521,12.5311,1.7412,12.6777,287.0,13986.0,2924.9062
1938,12.6424,12.5519,1.8016,12.5846,283.0,9656.0,2924.9062
1939,12.6126,12.2689,1.574,12.8852,283.0,11157.0,2924.9062
1940,12.858,11.822,1.5492,12.8221,281.0,9174.0,2924.9062
1941,12.8187,12.2439,1.6209,12.6666,283.0,11401.0,2924.9062
1942,12.6667,12.5835,1.7194,12.3556,279.0,10514.0,2924.9062
1943,12.4749,12.0821,1.7373,12.8969,281.0,9162.0,2924.9062
1944,12.7879,12.2764,1.6193,12.9888,249.0,7242.0,2924.9062
1945,13.0041,11.7252,1.552,12.392,246.0,7062.0,2924.9062
1946,12.3769,12.4902,1.6968,12.8171,255.0,7506.0,2924.9062
1947,12.7746,12.4597,1.5717,12.904,281.0,9898.0,2924.9062
1948,12.9627,12.3595,1.7575,13.5154,282.0,9910.0,2924.9062
1949,13.5233,11.658,1.698,11.9961,286.0,10010.0,2924.9062
1950,11.9812,12.4926,1.8212,12.9819,285.0,10094.0,2924.9062
1951,12.9616,12.1347,1.7612,12.7493,285.0,9630.0,2924.9062
1952,12.7396,12.5286,1.7019,12.7885,283.0,9164.0,2924.9062
1953,12.8062,11.6157,1.6799,13.0597,252.0,7304.0,2924.9062
1954,13.0783,12.4442,1.8143,12.5298,249.0,7076.0,2924.9062
1955,12.5477,12.2491,1.7867,12.1912,282.0,10550.0,2924.9062
1956,12.1475,11.705,1.7314,13.0753,281.0,15614.0,2924.9062
1957,13.1049,11.8477,1.768,13.0342,281.0,9162.0,2924.9062
1958,13.05,12.1127,1.7308,12.5037,281.0,10218.0,2924.9062
1959,12.484,12.3609,1.8959,12.6769,281.0,11570.0,2924.9062
1960,12.6536,12.5044,1.6983,12.6528,281.0,14823.0,2924.9062
1961,12.6564,12.2971,1.7861,12.8836,281.0,20839.0,2924.9062
1962,12.8742,11.6214,1.7387,12.1283,282.0,14012.0,2924.9062
1963,12.1601,12.242,1.5521,12.5749,281.0,14888.0,2924.9062
1964,12.606,12.3593,1.593,13.1265,248.0,7134.0,2924.9062
1965,13.1123,12.3426,1.7157,12.9234,250.0,7066.0,2924.9062
1966,13.0165,11.6181,1.8278,12.3459,285.0,11100.0,2924.9062
1967,12.2551,12.2402,1.678,12.5303,285.0,17682.0,2924.9062
1968,12.6074,12.6291,1.738,13.1726,282.0,20716.0,2924.9062
1969,13.0959,12.2624,1.7264,12.7717,274.0,13302.0,2924.9062
1970,12.7988,11.5384,1.6202,13.0215,255.0,9736.0,2924.9062
1971,13.0758,12.1481,1.6487,12.3384,249.0,7170.0,2924.9062
1972,12.2995,13.4931,2.0891,13.709,285.0,13863.0,2924.9062
1973,13.6517,12.2838,1.5878,12.6608,283.0,14302.0,2924.9062
1974,12.6422,11.6983,1.7394,13.2589,285.0,19194.0,2924.9062
1975,13.2981,12.6309,1.8599,12.4249,285.0,26540.0,2924.9062
1976,12.3797,12.4506,1.699,12.6641,293.0,35852.0,2924.9062
1977,12.7081,12.0968,1.6485,12.5325,293.0,33917.0,2924.9062
1978,12.6153,12.3425,1.9008,13.4051,291.0,25660.0,2924.9062
1979,13.3231,11.6388,1.81,12.5516,287.0,13759.0,2924.9062
1980,12.6016,12.4446,1.9705,12.8263,291.0,18430.0,2924.9062
1981,12.8521,12.5904,1.9586,13.1143,287.0,10486.0,2924.9062
1982,13.0006,12.4067,1.89,12.9335,287.0,11686.0,2924.9062
1983,12.9651,11.6428,2.0303,13.7274,288.0,10606.0,2924.9062
1984,13.7209,12.2915,1.7539,11.7776,285.0,11218.0,2924.9062
1985,11.8143,12.5249,1.8624,12.4373,285.0,12160.0,2924.9062
1986,12.4,12.4018,1.603,13.2137,285.0,9924.0,2924.9062
1987,13.2329,11.6109,1.7434,12.809,285.0,10506.0,2924.9062
1988,12.8138,12.4817,1.8797,12.172,287.0,9306.0,2924.9062
1989,12.1609,12.3096,1.7702,12.5893,284.0,11256.0,2924.9062
1990,12.5572,12.3403,1.5091,13.417,285.0,13696.0,2924.9062
1991,13.4818,11.636,1.6747,12.8223,283.0,14812.0,2924.9062
1992,12.8013,11.8898,1.8057,11.9871,281.0,12186.0,2924.9062
1993,11.9771,12.2264,1.7374,12.3362,283.0,17294.0,2924.9062
1994,12.2824,12.5078,1.6676,13.544,284.0,19378.0,2924.9062
1995,13.582,12.2923,1.8313,12.8771,284.0,29578.0,2924.9062
1996,12.9205,11.6108,1.9572,12.5294,284.0,23610.0,2924.9062
1997,12.4954,12.1429,1.7266,12.473,288.0,22170.0,2924.9062
1998,12.5487,12.7545,2.069,13.0689,288.0,36378.0,2924.9062
1999,13.0208,12.2712,1.7067,12.9416,287.0,16766.0,2924.9062
2000,12.9277,11.6463,1.5891,12.0779,283.0,10760.0,2924.9062
2001,12.0891,12.6568,1.719,13.293,283.0,14860.0,2924.9062
2002,13.2934,12.0637,1.7729,11.8811,282.0,10984.0,2924.9062
2003,11.8608,11.9332,1.5601,12.8913,280.0,12498.0,2924.9062
2004,12.8805,11.5883,1.7817,12.905,281.0,13366.0,2924.9062
2005,12.9279,12.5716,1.6527,12.0622,281.0,12604.0,2924.9062
2006,12.0739,11.88,1.6442,12.3212,281.0,12762.0,2924.9062
2007,12.3522,12.1218,1.5665,13.2341,281.0,11458.0,2924.9062
2008,13.1967,11.5612,1.6058,12.4028,281.0,11030.0,2924.9062
2009,12.6564,12.2441,1.9465,11.9359,281.0,11702.0,2924.9062
2010,11.6178,12.0247,1.5405,12.871,282.0,12574.0,2924.9062
2011,12.9111,12.3053,1.6914,12.3531,281.0,12351.0,2924.9062
2012,12.3723,11.4073,1.7267,13.1826,281.0,12973.0,2924.9062
2013,13.2195,12.3702,1.761,11.9025,285.0,19535.0,2924.9062
2014,11.8905,12.1398,1.7965,12.2762,286.0,23544.0,2924.9062
2015,12.2146,11.8886,1.4474,12.7486,285.0,21928.0,2924.9062
2016,12.7945,11.5589,1.7474,12.8883,283.0,14584.0,2924.9062
2017,12.9457,12.2587,1.8207,12.2002,283.0,16383.0,2924.9062
2018,12.1901,12.1452,1.7372,12.5029,283.0,11564.0,2924.9062
2019,12.5705,12.4456,1.6537,13.0747,281.0,10060.0,2924.9062
2020,12.9761,11.544,1.9198,12.6166,282.0,12588.0,2924.9062
2021,12.6342,12.2075,1.7077,12.1169,284.0,17193.0,2924.9062
2022,12.1125,12.1627,1.7435,13.4774,259.0,8306.0,2924.9062
2023,13.4538,12.3259,2.2162,12.1476,246.0,7062.0,2924.9062
2024,12.14,11.4213,1.8944,12.1225,284.0,14426.0,2924.9062
2025,12.1206,12.1585,1.6271,12.1387,286.0,14237.0,2924.9062
2026,12.1736,11.937,1.8,12.5678,281.0,11240.0,2924.9062
2027,12.529,11.8416,1.6259,12.8599,281.0,12234.0,2924.9062
2028,12.8591,11.4274,1.7325,12.6767,281.0,9552.0,2924.9062
2029,12.7427,12.0558,1.6935,11.5688,277.0,8686.0,2924.9062
2030,11.5303,11.7103,1.7517,12.8525,250.0,7066.0,2924.9062
2031,12.8693,11.8504,1.6916,12.6988,289.0,13988.0,2924.9062
2032,12.6702,11.4819,1.6979,12.8044,283.0,9656.0,2924.9062
2033,12.8376,12.0696,1.7314,12.4597,285.0,11159.0,2924.9062
2034,12.5231,12.0864,1.7227,12.0434,283.0,9164.0,2924.9062
2035,11.9844,12.4584,1.5511,12.9265,283.0,11401.0,2924.9062
2036,12.9172,11.4304,1.7298,12.4311,282.0,10646.0,2924.9062
2037,12.4222,12.0264,1.6729,12.537,279.0,9042.0,2924.9062
2038,12.5565,12.2695,1.6919,12.2904,247.0,7074.0,2924.9062
2039,12.3065,12.4265,1.449,12.8104,247.0,7074.0,2924.9062
2040,12.7807,11.3949,1.5576,12.6062,257.0,7722.0,2924.9062
2041,12.651,12.1687,1.8001,12.2379,281.0,9898.0,2924.9062
2042,12.1908,12.0471,1.6956,12.9429,282.0,9910.0,2924.9062
2043,12.9127,12.0745,1.6111,12.5512,281.0,9994.0,2924.9062
2044,12.5562,11.3867,1.8652,12.3416,281.0,10090.0,2924.9062
2045,12.3622,12.3626,1.7719,12.7223,286.0,9642.0,2924.9062
2046,12.7434,12.1015,1.8127,11.8425,280.0,8866.0,2924.9062
2047,11.8283,12.4014,1.603,12.8998,254.0,7306.0,2924.9062
2048,12.8774,11.4329,1.5089,13.1617,249.0,7076.0,2924.9062
2049,13.2498,12.1992,1.7219,11.8376,284.0,10552.0,2924.9062
2050,11.7882,11.933,1.7969,12.5695,284.0,12844.0,2924.9062
2051,12.5476,12.4338,1.5545,12.9554,281.0,9850.0,2924.9062
2052,12.9944,11.4374,1.6316,12.5378,281.0,10604.0,2924.9062
2053,12.5104,12.1084,1.6846,12.3214,281.0,10808.0,2924.9062
2054,12.3303,12.352,1.7726,12.409,281.0,16565.0,2924.9062
2055,12.4203,12.2325,1.6825,12.7713,282.0,19479.0,2924.9062
2056,12.7264,12.3015,1.6888,12.5426,282.0,14388.0,2924.9062
2057,12.5907,11.517,1.7759,12.3195,277.0,13542.0,2924.9062
2058,12.3274,12.1387,1.6789,12.4083,247.0,7074.0,2924.9062
2059,12.3697,12.1341,1.5722,12.9287,261.0,8934.0,2924.9062
2060,13.0356,11.6035,2.0367,12.5397,281.0,13418.0,2924.9062
2061,12.3904,12.0586,1.6511,12.2956,284.0,14708.0,2924.9062
2062,12.3073,11.9219,1.7786,12.1704,284.0,22560.0,2924.9062
2063,12.2722,12.3755,1.6127,13.1572,269.0,12962.0,2924.9062
2064,13.1484,12.4138,1.665,12.6545,248.0,7064.0,2924.9062
2065,12.5915,11.3605,1.8447,11.8253,284.0,12829.0,2924.9062
2066,11.8735,11.8424,1.727,12.5225,283.0,11496.0,2924.9062
2067,12.4613,12.5111,1.5511,12.7808,282.0,21286.0,2924.9062
2068,12.7813,12.2543,1.6848,13.2091,285.0,25404.0,2924.9062
2069,13.2765,11.463,1.5906,12.0513,292.0,37716.0,2924.9062
2070,11.9947,11.7927,1.7341,12.1767,288.0,30977.0,2924.9062
2071,12.2267,12.0566,1.6297,12.7404,293.0,27531.0,2924.9062
2072,12.691,12.3291,1.7356,13.2201,284.0,11876.0,2924.9062
2073,13.2102,11.4939,1.7126,12.2859,289.0,18774.0,2924.9062
2074,12.3018,11.9923,1.7574,11.8608,283.0,10482.0,2924.9062
2075,11.8455,12.2628,1.5559,12.6143,281.0,11658.0,2924.9062
2076,12.623,12.1406,1.8401,12.8511,281.0,10566.0,2924.9062
2077,12.8966,11.4362,1.5751,11.9444,285.0,11280.0,2924.9062
2078,11.9137,12.1113,1.5962,12.8616,285.0,11662.0,2924.9062
2079,12.8211,12.4329,1.5098,12.5094,285.0,10366.0,2924.9062
2080,12.5548,12.2321,1.8294,12.9896,283.0,9996.0,2924.9062
2081,13.0048,11.4277,1.8597,11.7378,283.0,9314.0,2924.9062
2082,11.7273,11.8173,1.6316,12.4594,283.0,12100.0,2924.9062
2083,12.4494,12.421,1.6438,12.8865,281.0,12596.0,2924.9062
2084,12.8971,11.3707,1.6973,12.4786,279.0,16404.0,2924.9062
2085,12.4446,12.1836,1.5209,12.0769,280.0,10522.0,2924.9062
2086,12.159,11.8308,1.8022,12.4466,280.0,18854.0,2924.9062
2087,12.3989,12.449,1.581,12.8648,281.0,23638.0,2924.9062
2088,12.8992,12.1397,1.652,12.6075,281.0,25246.0,2924.9062
2089,12.6351,12.0499,1.7476,11.8756,281.0,24250.0,2924.9062
2090,11.8273,11.7349,1.6562,12.3326,281.0,26686.0,2924.9062
2091,12.3262,12.5437,1.6494,13.1902,281.0,29510.0,2924.9062
2092,13.202,11.4921,1.7466,12.1519,280.0,16714.0,2924.9062
2093,12.1554,11.8609,1.7233,12.8433,285.0,10762.0,2924.9062
2094,12.8658,12.3242,1.84,12.0947,285.0,15326.0,2924.9062
2095,12.0477,11.8358,1.4568,12.8808,284.0,10646.0,2924.9062
2096,12.8727,11.5158,1.412,12.5531,282.0,13304.0,2924.9062
2097,12.6061,11.7631,1.6631,12.0134,285.0,12832.0,2924.9062
2098,11.9706,12.4435,1.5945,13.0507,284.0,12408.0,2924.9062
2099,13.0329,12.2388,1.7039,12.1446,281.0,12604.0,2924.9062
2100,12.2242,11.4383,1.6501,12.9904,281.0,11458.0,2924.9062
2101,12.9674,11.7503,1.6877,12.1333,281.0,11722.0,2924.9062
2102,12.2057,12.265,1.7037,12.7751,282.0,11022.0,2924.9062
2103,12.6656,12.2028,1.5593,12.6365,281.0,15383.0,2924.9062
2104,12.6385,11.4377,1.8569,12.2245,282.0,9542.0,2924.9062
2105,12.2295,12.2412,1.8385,12.5983,282.0,15806.0,2924.9062
2106,12.6392,12.3513,1.6839,12.4721,281.0,21124.0,2924.9062
2107,12.4366,12.2553,1.5764,12.6617,281.0,20584.0,2924.9062
2108,12.662,11.446,1.5814,12.6763,281.0,20918.0,2924.9062
2109,12.7024,11.1969,1.7874,12.1053,285.0,14614.0,2924.9062
2110,12.0841,12.2577,1.6505,12.5435,285.0,16261.0,2924.9062
2111,12.5122,12.4866,1.5864,12.8779,286.0,11210.0,2924.9062
2112,12.9154,11.4851,1.743,12.5253,284.0,10074.0,2924.9062
2113,12.5231,11.2665,1.7114,12.368,283.0,12888.0,2924.9062
2114,12.3835,12.5129,1.7951,12.1549,285.0,16873.0,2924.9062
2115,12.0993,12.1648,1.6089,12.31,254.0,7958.0,2924.9062
2116,12.3148,12.027,1.5705,13.0028,248.0,7086.0,2924.9062
2117,13.0391,11.276,1.6425,12.4206,284.0,14426.0,2924.9062
2118,12.4619,12.5206,1.7877,12.2613,285.0,14225.0,2924.9062
2119,12.1932,12.2347,1.466,13.148,282.0,11252.0,2924.9062
2120,13.1848,12.3444,1.6128,12.571,281.0,12234.0,2924.9062
2121,12.5426,11.2544,1.687,11.7372,282.0,9564.0,2924.9062
2122,11.7473,12.0882,1.6194,12.4592,273.0,8682.0,2924.9062
2123,12.4508,12.1708,1.5238,13.1034,246.0,7062.0,2924.9062
2124,13.1654,11.5706,1.7829,12.5695,285.0,13984.0,2924.9062
2125,12.5233,11.6172,1.7115,12.2388,285.0,9658.0,2924.9062
2126,12.2571,12.2384,1.8076,12.6259,287.0,11161.0,2924.9062
2127,12.5954,12.4622,1.4986,12.9899,285.0,9166.0,2924.9062
2128,13.0919,12.4882,1.6393,12.5953,286.0,11415.0,2924.9062
2129,12.5032,11.2461,1.6814,12.4582,283.0,10636.0,2924.9062
2130,12.4756,11.9078,1.6217,11.7574,282.0,9104.0,2924.9062
2131,11.8086,12.5647,1.6306,13.1568,246.0,7062.0,2924.9062
2132,13.1378,12.2403,1.8938,12.9054,248.0,7134.0,2924.9062
2133,12.8866,11.2015,1.7134,11.9754,260.0,7902.0,2924.9062
2134,12.0029,12.3802,1.869,12.6752,281.0,9898.0,2924.9062
2135,12.5953,12.2536,1.5185,12.7811,281.0,9898.0,2924.9062
2136,12.8265,12.1874,1.8584,12.4904,281.0,9994.0,2924.9062
2137,12.4938,11.2451,1.7178,12.2187,282.0,10102.0,2924.9062
2138,12.3245,12.4033,1.6732,12.6984,281.0,9626.0,2924.9062
2139,12.5629,12.2112,2.0053,12.1078,276.0,8862.0,2924.9062
2140,12.3404,12.3216,1.7867,12.9979,246.0,7062.0,2924.9062
2141,12.8302,11.1906,1.7792,11.9654,262.0,7786.0,2924.9062
2142,11.9338,12.0515,1.7455,13.4072,285.0,12314.0,2924.9062
2143,13.4197,12.2955,1.7982,11.9963,285.0,11062.0,2924.9062
2144,12.0649,11.4666,1.7899,12.7302,284.0,10938.0,2924.9062
2145,12.6383,11.2275,1.6837,11.949,283.0,10334.0,2924.9062
2146,11.9557,12.0599,1.7269,12.4421,283.0,12182.0,2924.9062
2147,12.4149,12.6102,1.6737,13.4113,282.0,18977.0,2924.9062
2148,13.4228,12.1145,1.9294,12.0106,279.0,16325.0,2924.9062
2149,12.0404,11.215,1.7822,12.2746,275.0,12940.0,2924.9062
2150,12.2919,11.9665,1.6762,11.923,272.0,12766.0,2924.9062
2151,11.8834,12.6078,1.5308,13.4362,246.0,7062.0,2924.9062
2152,13.5354,11.9902,1.7634,12.6771,267.0,9294.0,2924.9062
2153,12.5546,11.2021,1.5798,11.7915,277.0,13094.0,2924.9062
2154,11.8328,12.1574,1.7238,12.3089,281.0,14752.0,2924.9062
2155,12.2791,12.4105,1.4859,12.9515,281.0,22568.0,2924.9062
2156,12.9766,11.4638,1.7177,12.3068,264.0,12898.0,2924.9062
2157,12.2971,11.315,1.6562,12.4728,251.0,7078.0,2924.9062
2158,12.4793,12.3089,1.7667,12.5335,285.0,12819.0,2924.9062
2159,12.5009,12.6716,1.4414,13.0717,285.0,11498.0,2924.9062
2160,13.1095,12.3,1.7818,12.5875,284.0,21288.0,2924.9062
2161,12.5839,11.253,1.7166,11.961,287.0,25406.0,2924.9062
2162,11.9502,12.3799,1.717,12.8658,294.0,37718.0,2924.9062
2163,12.9224,12.4659,1.6424,12.9365,288.0,30977.0,2924.9062
2164,12.9061,12.3556,1.7282,12.5757,291.0,27507.0,2924.9062
2165,12.5584,11.2462,1.624,12.3789,284.0,11876.0,2924.9062
2166,12.3795,12.4843,2.335,14.276,289.0,18774.0,2924.9062
2167,14.329,12.55,1.9202,11.6632,281.0,10458.0,2924.9062
2168,11.6283,12.1762,2.3744,13.3173,283.0,11682.0,2924.9062
2169,13.5279,11.6197,2.0532,12.0,282.0,10578.0,2924.9062
2170,11.7402,12.3252,1.8994,12.6852,281.0,11276.0,2924.9062
2171,12.885,12.4064,1.7653,12.8457,282.0,11670.0,2924.9062
2172,12.7553,12.1912,1.3899,12.623,281.0,10362.0,2924.9062
2173,12.5124,11.5588,1.3653,12.6324,285.0,9998.0,2924.9062
2174,12.6644,12.5565,1.6094,12.8916,286.0,9328.0,2924.9062
2175,12.9484,12.4526,1.576,12.48,285.0,12102.0,2924.9062
2176,12.4218,12.1025,1.5857,12.861,283.0,12598.0,2924.9062
2177,12.8744,11.5515,1.6452,13.3092,282.0,16418.0,2924.9062
2178,13.3344,12.4274,1.8166,11.9837,281.0,10512.0,2924.9062
2179,12.0186,12.1854,1.835,12.5662,281.0,18866.0,2924.9062
2180,12.512,12.6552,1.658,13.3202,282.0,23650.0,2924.9062
2181,13.3501,12.5482,1.7469,12.9884,282.0,25258.0,2924.9062
2182,13.0515,11.7554,1.8469,12.7102,282.0,24262.0,2924.9062
2183,12.6142,12.4798,1.8105,12.4284,281.0,26686.0,2924.9062
2184,12.4761,12.6191,2.0451,13.3966,281.0,29510.0,2924.9062
2185,13.338,12.3389,1.7097,12.7435,280.0,16714.0,2924.9062
2186,12.816,11.575,1.759,12.9083,281.0,10758.0,2924.9062
2187,12.84,12.4106,1.7843,12.6875,281.0,15322.0,2924.9062
2188,12.7418,12.717,1.9589,12.58,280.0,10642.0,2924.9062
2189,12.5438,11.982,1.6916,13.491,285.0,13318.0,2924.9062
2190,13.4993,11.661,1.62,12.8187,285.0,12810.0,2924.9062
2191,12.8176,12.388,1.7219,12.6906,285.0,12398.0,2924.9062
2192,12.7143,12.5791,1.8774,12.1525,283.0,12606.0,2924.9062
2193,12.0809,12.2997,1.4908,12.992,284.0,11472.0,2924.9062
2194,13.0363,12.4992,1.628,13.1471,283.0,11724.0,2924.9062
2195,13.1451,11.6197,1.7281,12.6828,281.0,11010.0,2924.9062
2196,12.7263,12.6999,1.7799,12.7551,281.0,15383.0,2924.9062
2197,12.7376,12.432,2.0394,12.6912,281.0,9530.0,2924.9062
2198,12.6466,12.6601,1.9955,13.6508,281.0,15794.0,2924.9062
2199,13.8225,11.6073,1.9667,12.2359,281.0,21124.0,2924.9062
2200,12.133,12.5335,1.6266,12.5257,281.0,20584.0,2924.9062
2201,12.4838,12.4257,1.8505,13.11,282.0,20930.0,2924.9062
2202,13.1306,12.675,1.9299,13.2156,282.0,14622.0,2924.9062
2203,13.2147,11.5386,1.746,13.1487,281.0,16257.0,2924.9062
2204,13.1467,12.474,1.7726,12.1417,281.0,11194.0,2924.9062
2205,12.1568,12.261,2.0228,12.6266,286.0,10076.0,2924.9062
2206,12.6073,12.7518,1.7195,13.2193,285.0,12890.0,2924.9062
2207,13.2436,12.2862,1.7173,12.8306,288.0,16887.0,2924.9062
2208,12.812,11.6442,1.6954,12.2499,255.0,7948.0,2924.9062
2209,12.2798,12.3386,1.6975,12.802,248.0,7064.0,2924.9062
2210,12.7599,12.4847,1.8833,12.7688,285.0,14416.0,2924.9062
2211,12.755,12.1681,1.7523,12.8028,286.0,14237.0,2924.9062
2212,12.8239,11.6393,1.5656,12.85,281.0,11240.0,2924.9062
2213,12.8294,12.5047,1.6161,12.5991,281.0,12234.0,2924.9062
2214,12.7643,12.6049,1.8493,12.81,282.0,9564.0,2924.9062
2215,12.6637,12.3348,1.8502,12.7834,273.0,8682.0,2924.9062
2216,12.8042,11.5041,1.849,12.6903,247.0,7074.0,2924.9062
2217,12.7021,12.4405,1.8159,13.143,285.0,13984.0,2924.9062
2218,13.1381,12.4033,1.7579,12.037,281.0,9654.0,2924.9062
2219,12.0851,12.2742,1.7533,13.3443,284.0,11169.0,2924.9062
2220,13.2712,11.5619,1.9379,13.3802,281.0,9162.0,2924.9062
2221,13.4236,12.7385,1.8357,12.2927,288.0,11417.0,2924.9062
2222,12.3477,12.3806,1.9662,12.4514,285.0,10638.0,2924.9062
2223,12.3183,12.6174,1.7933,13.1443,284.0,9106.0,2924.9062
2224,13.2021,12.4079,2.1282,12.8335,249.0,7076.0,2924.9062
2225,12.7813,11.4984,1.9556,12.3225,250.0,7184.0,2924.9062
2226,12.3651,12.4084,1.8541,12.6449,271.0,8444.0,2924.9062
2227,12.7001,12.2902,1.8234,12.8847,281.0,10266.0,2924.9062
2228,12.8189,12.7026,1.7779,13.2736,282.0,9542.0,2924.9062
2229,13.2679,11.645,1.6502,12.2591,281.0,10458.0,2924.9062
2230,12.2464,12.5023,1.7006,12.865,282.0,9638.0,2924.9062
2231,12.9972,12.2695,1.935,12.7604,281.0,9626.0,2924.9062
2232,12.6505,12.555,1.9348,12.7916,266.0,8262.0,2924.9062
2233,12.8145,11.5197,1.7893,12.9706,246.0,7062.0,2924.9062
2234,12.9596,12.4922,1.8362,12.5059,265.0,8890.0,2924.9062
2235,12.5192,12.5431,2.1379,12.9754,283.0,13174.0,2924.9062
2236,12.9374,12.7188,1.6849,14.3211,281.0,10054.0,2966.2812
2237,14.3706,12.3174,1.8706,12.2038,317.0,13414.0,2995.6562
2238,12.1625,12.3174,1.9862,5.5981,271.0,9776.0,2995.6562
2239,5.6732,13.4557,1.745,7.2209,271.0,14824.0,0.0
2240,7.2588,13.6591,2.9424,8.9601,269.0,16871.0,2995.6562
2241,22.172,13.3616,2.4744,34.963,262.0,14381.0,2960.2812
2242,21.6702,13.3616,2.4622,5.9254,262.0,12166.0,2960.2812
2243,5.9594,13.2947,1.9893,5.1734,255.0,11630.0,2960.2812
2244,5.0927,12.3052,1.6337,28.8286,233.0,6606.0,2960.2812
2245,28.9114,13.129,1.9507,14.2829,261.0,10566.0,2960.2812
2246,14.2544,13.129,2.0348,6.3334,254.0,11242.0,2980.9688
2247,6.3357,13.1864,2.1143,20.9374,268.0,13928.0,2995.6562
2248,20.9085,13.0117,2.0234,13.2867,268.0,22462.0,2995.6562
2249,13.3591,13.0117,1.6489,4.9555,247.0,11900.0,2995.6562
2250,4.868,12.8985,1.5711,22.5013,233.0,6606.0,2966.2812
2251,22.5514,13.2713,1.8125,12.6296,268.0,12359.0,2924.9062
2252,12.5622,13.2713,1.8152,6.0695,266.0,13106.0,2924.9062
2253,6.1896,13.183,2.0692,5.9087,267.0,13150.0,2924.9062
2254,5.8084,13.183,1.8191,6.5738,275.0,25878.0,2924.9062
2255,6.6003,13.4053,1.6809,11.4857,282.0,37318.0,0.0
2256,11.5034,12.5512,1.7286,7.569,275.0,29863.0,2924.9062
2257,8.3697,13.1715,1.6877,44.6101,281.0,27701.0,2924.9062
2258,43.7941,13.1715,2.1345,5.8198,270.0,10846.0,2924.9062
2259,5.8107,12.6523,1.8986,20.7233,276.0,18318.0,2924.9062
2260,20.8195,12.6523,1.8275,5.0398,267.0,10262.0,2924.9062
2261,4.9282,13.2896,1.6979,21.8486,268.0,10466.0,2924.9062
2262,21.9014,13.2896,1.9233,5.2032,267.0,10098.0,2924.9062
2263,5.175,12.8284,1.4625,5.2981,267.0,10808.0,2924.9062
2264,5.2565,12.8284,1.5699,5.6339,267.0,11926.0,2929.9062
2265,5.6876,12.2024,1.798,37.1209,269.0,10014.0,2929.9062
2266,37.1239,12.2024,2.2214,5.3991,267.0,9580.0,2929.9062
2267,5.4045,12.2118,1.8282,5.1066,267.0,11560.0,2929.9062
2268,5.0629,12.2118,1.5487,5.3433,266.0,12264.0,2929.9062
2269,5.3377,12.8883,1.2635,38.3596,271.0,15150.0,2929.9062
2270,38.4154,12.8883,1.8983,4.8687,269.0,13330.0,2929.9062
2271,4.8867,12.2664,1.3703,5.7793,270.0,19034.0,2929.9062
2272,5.7821,12.2664,1.4745,5.2913,269.0,20840.0,2929.9062
2273,5.275,13.2678,1.7883,5.3633,269.0,25088.0,2930.0312
2274,5.3286,12.8504,1.5923,45.0578,270.0,28720.0,2930.0312
2275,45.0657,12.1666,2.0921,13.1981,268.0,19402.0,2930.0312
2276,13.2701,12.1666,1.93,5.1539,267.0,29042.0,2930.0312
2277,5.0509,12.847,1.5525,21.5492,268.0,16270.0,2930.0312
2278,21.5904,12.847,1.955,5.6157,267.0,10754.0,2930.0312
2279,5.6092,12.7784,1.8213,20.9528,268.0,14402.0,2930.0312
2280,20.9744,12.7784,1.7652,5.1844,265.0,11994.0,2930.0312
2281,5.1927,12.9504,1.6337,21.6487,268.0,12226.0,2930.0312
2282,21.6669,12.9504,1.798,5.4669,267.0,11296.0,2930.0312
2283,5.4064,12.8857,1.6816,5.9325,267.0,11768.0,2930.0312
2284,5.9599,12.8857,1.6893,5.5883,267.0,12600.0,2930.0312
2285,5.6009,12.8894,1.8716,5.4954,271.0,11064.0,2930.0312
2286,5.4604,12.8894,1.7604,5.9878,271.0,10724.0,2930.0312
2287,5.9851,12.7304,1.4606,51.2093,273.0,10728.0,2930.0312
2288,51.277,12.7304,2.0301,6.6638,269.0,14759.0,2930.0312
2289,6.6111,12.7477,1.8724,21.2346,270.0,9908.0,2930.0312
2290,21.2107,12.7477,1.8478,5.4623,269.0,14960.0,2930.0312
2291,5.4974,12.1273,1.7095,6.0239,267.0,22142.0,2930.0312
2292,6.0164,12.1273,1.9443,5.7089,267.0,19922.0,2930.0312
2293,5.7994,12.9779,1.9378,5.6587,267.0,19062.0,2930.0312
2294,5.6028,12.8778,1.8544,43.4685,267.0,14094.0,2930.0312
2295,43.4748,12.1653,2.0045,12.9545,268.0,15433.0,2930.0312
2296,12.9957,12.9981,1.9087,13.6713,268.0,10738.0,2930.0312
2297,13.5929,12.9981,1.7579,5.303,267.0,10328.0,2930.0312
2298,5.3095,13.0563,1.6432,5.118,267.0,13370.0,2930.0312
2299,5.0989,12.6727,1.4522,28.7902,270.0,15191.0,2930.0312
2300,28.8016,12.6727,1.5717,5.2579,232.0,6594.0,2930.0312
2301,5.2733,12.9038,1.6713,21.7504,275.0,13974.0,2930.0312
2302,21.7716,12.9038,1.9243,5.3567,275.0,13761.0,2930.0312
2303,5.3465,13.1668,1.834,4.9653,271.0,10776.0,2930.0312
2304,4.9885,12.7529,1.6773,29.8918,270.0,11780.0,2930.0312
2305,29.8888,12.1932,1.7523,12.2995,270.0,9098.0,2930.0312
2306,12.281,12.1932,1.9208,4.8899,257.0,7976.0,2930.0312
2307,4.8267,12.8996,1.698,5.3023,232.0,6594.0,2930.0312
2308,5.3634,12.8996,1.5412,5.231,271.0,13516.0,2930.0312
2309,5.2465,12.8996,1.7473,5.6283,267.0,9186.0,2930.0312
2310,5.6186,13.2529,1.938,5.1664,269.0,10689.0,2930.0312
2311,5.0948,13.0926,1.5262,12.7282,267.0,8694.0,0.0
2312,12.8152,13.0926,2.0832,5.8105,269.0,10933.0,2930.0312
2313,6.4039,13.8319,1.7702,10.9143,267.0,10166.0,2930.0312
2314,10.3198,12.7689,1.753,65.8597,267.0,8646.0,2930.0312
2315,65.873,12.7689,2.0603,5.3329,232.0,6594.0,2930.0312
2316,5.3252,12.2043,1.8437,6.0964,241.0,7134.0,2930.0312
2317,6.1245,12.2043,1.9521,4.8673,269.0,8946.0,2930.0312
2318,4.8495,12.8776,1.5182,4.7977,271.0,9434.0,2930.0312
2319,4.7636,12.8776,1.4268,5.5576,271.0,9066.0,2930.0312
2320,5.6271,12.8776,1.6614,4.9912,269.0,9992.0,0.0
2321,4.9489,13.247,1.7261,6.0645,255.0,8320.0,2930.0312
2322,6.9976,13.247,1.5225,8.3717,269.0,9160.0,2930.0312
2323,8.261,12.9033,1.7495,7.6879,249.0,7614.0,0.0
2324,6.9391,13.7662,1.9254,9.7371,232.0,6594.0,2930.0312
2325,17.0159,12.4687,1.9066,14.3196,260.0,10018.0,2931.0312
2326,6.9613,12.8382,1.7609,82.6163,268.0,12162.0,2931.0312
2327,82.6653,12.8382,2.3205,5.5192,267.0,9430.0,2931.0312
2328,5.4914,13.0616,1.9555,4.7374,250.0,7832.0,2931.0312
2329,4.7185,13.0616,1.714,4.9624,232.0,6594.0,2931.0312
2330,4.9599,12.1861,1.6228,38.1055,260.0,8226.0,2931.0312
2331,38.1136,12.2952,1.8317,13.3684,268.0,9944.0,2931.0312
2332,13.4047,12.2952,1.97,5.1497,267.0,9772.0,2931.0312
2333,5.098,12.7745,1.5754,21.2126,273.0,14160.0,2931.0312
2334,21.2935,12.7745,1.7568,5.2489,271.0,17561.0,2931.0312
2335,5.2507,13.4691,1.7795,5.7681,262.0,10258.0,2931.0312
2336,5.711,12.7992,1.6302,28.9528,256.0,12813.0,2931.0312
2337,28.9966,12.7992,1.7933,5.1047,255.0,10854.0,2931.0312
2338,5.0371,12.7848,1.5149,21.4494,257.0,11584.0,2931.0312
2339,21.5021,12.7848,1.7551,4.8281,232.0,6594.0,2931.0312
2340,4.8514,12.7934,1.7661,5.7317,266.0,11710.0,2931.0312
2341,5.6938,12.7934,1.7288,5.3248,253.0,10386.0,2931.0312
2342,5.3141,12.7623,1.6593,37.4782,268.0,15602.0,2931.0312
2343,37.4881,12.7623,1.9624,5.8374,266.0,23516.0,2931.0312
2344,5.8314,12.924,1.947,5.0232,242.0,8848.0,2931.0312
2345,5.0304,12.924,1.5487,4.8222,232.0,6594.0,2931.0312
2346,4.7774,12.7855,1.4815,38.0904,268.0,12359.0,2931.0312
2347,38.1412,13.0262,1.7626,12.863,268.0,13178.0,2931.0312
2348,12.8289,13.0262,1.52,5.3432,269.0,16184.0,2931.0312
2349,5.3835,12.9668,1.7237,5.1749,276.0,28460.0,2931.0312
2350,5.13,12.2345,1.6045,29.5216,280.0,33354.0,2931.0312
2351,29.567,12.2345,1.7747,4.8797,278.0,29477.0,2931.0312
2352,4.8765,13.1333,1.4997,5.1836,279.0,27137.0,2931.0312
2353,5.1438,13.1333,1.7543,5.6716,272.0,12717.0,2931.0312
2354,5.7516,13.0848,1.9296,37.6882,276.0,16353.0,2931.0312
2355,37.6434,13.0848,2.075,5.1657,267.0,9894.0,2931.0312
2356,5.1447,12.1265,1.6606,5.5497,267.0,10454.0,2931.0312
2357,5.5545,12.7828,1.6487,28.898,268.0,10110.0,2931.0312
2358,28.9214,13.0005,1.8216,13.3862,268.0,10820.0,2931.0312
2359,13.3969,13.0005,1.8982,5.6112,267.0,11926.0,2931.0312
2360,5.6327,12.1511,1.9762,20.564,268.0,10002.0,2931.0312
2361,20.5238,12.1511,1.9123,5.1031,267.0,10008.0,2931.0312
2362,5.0813,12.8258,1.788,5.0367,266.0,11382.0,2931.0312
2363,5.063,12.8258,1.6366,5.6697,267.0,12014.0,2931.0312
2364,5.6986,12.9554,1.9366,38.5117,267.0,16742.0,2931.0312
2365,38.4903,12.1754,2.1094,13.0506,270.0,14078.0,2931.0312
2366,13.0813,12.1754,1.8556,5.0509,270.0,17070.0,2931.0312
2367,5.0506,13.3366,1.5923,4.5402,271.0,20782.0,2931.0312
2368,4.4507,13.3366,1.5247,5.9469,269.0,30012.0,2931.0312
2369,5.9944,12.8826,2.1959,5.6389,269.0,23844.0,2931.0312
2370,5.6614,12.8826,1.9079,5.5736,269.0,19024.0,2931.0312
2371,5.5582,12.8826,1.6769,5.6695,267.0,29042.0,2931.0312
2372,5.6845,12.9112,1.8654,5.5324,266.0,16710.0,2931.0312
2373,5.4874,12.6718,1.7142,68.1557,268.0,10302.0,2931.0312
2374,68.2266,12.6718,1.8685,4.8715,266.0,14342.0,2931.0312
2375,4.9005,12.1161,1.6859,5.6403,266.0,12410.0,2931.0312
2376,5.5939,12.1161,1.8182,4.7576,267.0,11846.0,2931.0312
2377,4.7034,12.8155,1.6823,37.3014,269.0,11784.0,2931.0312
2378,37.3425,12.9281,1.7382,13.7954,268.0,12314.0,2931.0312
2379,13.8375,12.9281,1.7983,5.0022,267.0,11602.0,2931.0312
2380,4.95,12.7173,1.6705,21.212,268.0,11536.0,2931.0312
2381,21.3098,12.7199,2.1408,13.3152,272.0,10430.0,2931.0312
2382,13.2984,12.7199,1.8537,5.7384,271.0,10704.0,2931.0312
2383,5.7506,13.2366,1.7042,5.3849,271.0,15067.0,2931.0312
2384,5.2924,13.2366,1.446,4.9308,269.0,9432.0,2931.0312
2385,4.9819,13.0527,1.5149,5.8426,269.0,18906.0,2931.0312
2386,5.8359,12.7984,1.5226,45.1718,271.0,20940.0,2931.0312
2387,45.2306,12.7984,2.0529,5.7446,267.0,18574.0,2931.0312
2388,5.6411,12.9524,1.7985,5.1773,267.0,17692.0,2931.0312
2389,5.2564,12.9524,1.5857,5.3218,267.0,14142.0,2931.0312
2390,5.2902,13.1057,1.7356,6.1432,267.0,15421.0,2931.0312
2391,6.1191,13.1057,1.7447,4.8715,267.0,11094.0,2931.0312
2392,4.8259,13.1057,1.6528,5.663,267.0,10270.0,2931.0312
2393,5.7395,12.802,1.8021,59.9645,268.0,13072.0,2931.0312
2394,59.9559,12.802,2.0486,5.0468,263.0,14819.0,2931.0312
2395,4.9952,12.1278,1.4373,5.8224,232.0,6594.0,2931.0312
2396,5.8258,13.0303,1.5029,28.4848,270.0,13958.0,2931.0312
2397,28.5077,13.0303,2.0702,6.1963,275.0,13761.0,2931.0312
2398,6.2094,13.2732,1.9234,5.3629,271.0,10776.0,2931.0312
2399,5.3193,13.2732,1.3762,4.809,271.0,11770.0,2931.0312
2400,4.8626,13.2732,1.5516,5.125,269.0,9086.0,2931.0312
2401,5.12,13.0461,1.6124,45.2078,258.0,7988.0,2931.0312
2402,45.2625,13.0461,2.159,5.993,234.0,6596.0,2931.0312
2403,5.9718,12.7288,1.9795,20.5203,272.0,13528.0,2931.0312
2404,20.4761,12.7288,1.8316,4.8444,267.0,9186.0,2931.0312
2405,4.8246,12.2045,1.5083,5.332,269.0,10689.0,2931.0312
2406,5.4084,12.2045,1.7455,4.882,267.0,8694.0,2931.0312
2407,4.8862,13.0865,1.4013,37.8801,270.0,10945.0,2931.0312
2408,37.8546,13.0865,1.7486,5.3715,267.0,10166.0,2931.0312
2409,5.3975,12.1363,1.7323,20.8005,267.0,8646.0,2931.0312
2410,20.7954,12.1363,1.849,4.8568,232.0,6594.0,2931.0312
2411,4.8008,13.0636,1.779,22.028,257.0,8046.0,2931.0312
2412,22.0683,13.0636,1.8058,5.3755,259.0,8582.0,2931.0312
2413,5.4081,12.9927,1.963,21.5135,263.0,8906.0,2931.0312
2414,21.4582,12.9927,1.8745,5.3675,271.0,9066.0,2931.0312
2415,5.4281,12.663,1.935,21.2793,272.0,10006.0,2931.0312
2416,21.2463,13.1886,1.7907,12.9538,259.0,8512.0,2931.0312
2417,12.9152,13.1886,1.6638,6.0616,269.0,9160.0,2931.0312
2418,6.1159,12.8457,1.8545,20.733,249.0,7448.0,2931.0312
2419,20.7233,12.8457,2.0581,5.0581,232.0,6594.0,2931.0312
2420,5.0055,12.2524,1.5928,5.4911,267.0,10962.0,2931.0312
2421,5.4951,12.2524,1.6807,4.9518,267.0,11994.0,2931.0312
2422,5.009,12.2524,1.834,4.5053,267.0,9220.0,2931.0312
2423,4.468,13.0336,1.6129,4.8279,243.0,7254.0,2931.0312
2424,4.962,13.0336,1.7091,5.9829,232.0,6594.0,2931.0312
2425,5.8586,12.544,1.7308,62.1561,266.0,8586.0,2931.0312
2426,62.2305,12.544,2.0153,5.6383,267.0,10088.0,2931.0312
2427,5.5974,13.3357,1.6743,5.0821,267.0,10890.0,2931.0312
2428,5.0524,13.3357,1.6466,5.7643,267.0,14606.0,2931.0312
2429,5.8408,13.0513,1.8781,6.023,271.0,17075.0,2931.0312
2430,6.0163,12.7688,1.8608,44.2753,262.0,10024.0,2931.0312
2431,44.2358,12.7688,1.8424,5.197,256.0,11667.0,2931.0312
2432,5.1282,12.7818,1.7961,5.3301,257.0,11628.0,2931.0312
2433,5.4131,12.7818,1.6222,4.5797,250.0,10558.0,2931.0312
2434,4.5787,12.7818,1.6384,5.4401,234.0,6596.0,2931.0312
2435,5.4196,12.8639,1.879,45.5046,267.0,11722.0,2931.0312
2436,45.5354,13.0472,2.1667,13.2898,260.0,10758.0,2931.0312
2437,13.3254,13.0472,1.9224,6.1047,266.0,16042.0,2931.0312
2438,6.0589,12.7965,2.0917,5.5256,267.0,23528.0,2931.0312
2439,5.4411,12.7965,1.7601,5.0688,236.0,8024.0,2931.0312
2440,5.0899,12.19,1.631,5.5691,232.0,6594.0,2931.0312
2441,5.7208,12.19,1.9143,5.5695,267.0,12347.0,2931.0312
2442,5.425,12.19,1.7151,5.5159,267.0,13166.0,2931.0312
2443,5.532,12.066,1.4579,59.6661,271.0,16256.0,2931.0312
2444,59.6767,12.066,2.175,4.9581,272.0,28456.0,2931.0312
2445,4.936,12.6588,1.6088,5.5867,279.0,33342.0,2931.0312
2446,5.6268,12.6588,1.6736,5.067,280.0,31348.0,2931.0312
2447,5.0445,12.9231,1.794,5.105,279.0,25732.0,2931.0312
2448,5.0929,12.9231,1.5143,4.7701,272.0,12253.0,2931.0312
2449,4.7875,12.9231,1.9366,5.5137,275.0,16341.0,2931.0312
2450,5.5663,12.7297,1.8304,60.7276,270.0,9908.0,2931.0312
2451,60.664,12.7297,2.058,5.4742,267.0,10454.0,2931.0312
2452,5.5496,12.6846,1.8846,21.6505,269.0,10122.0,2931.0312
2453,21.5853,12.6846,1.6871,5.4152,267.0,10808.0,2931.0312
2454,5.4768,12.1666,1.6292,5.8269,267.0,11926.0,2931.0312
2455,5.7424,12.1666,1.735,5.6573,267.0,9990.0,2931.0312
2456,5.6589,13.3272,1.5338,5.2373,267.0,10008.0,2931.0312
2457,5.2057,13.2225,1.4147,44.1209,267.0,11394.0,2931.0312
2458,44.2142,13.2225,1.9367,4.8801,267.0,12014.0,2931.0312
2459,4.8384,12.1334,1.4888,5.3725,266.0,16730.0,2931.0312
2460,5.364,12.1334,1.7486,5.2797,265.0,14062.0,2931.0312
2461,5.2531,12.1334,1.8345,4.6125,270.0,18666.0,2931.0312
2462,4.6132,13.1991,1.6254,5.6618,271.0,19186.0,2931.0312
2463,5.708,12.103,1.7871,53.4818,273.0,30038.0,2931.0312
2464,53.525,12.103,1.8836,4.9332,269.0,23844.0,2931.0312
2465,4.8736,13.2335,1.3924,4.6878,269.0,19024.0,2931.0312
2466,4.7071,13.2335,1.324,5.1636,269.0,29044.0,2931.0312
2467,5.1994,13.2335,1.5031,4.7712,266.0,16710.0,2931.0312
2468,4.6857,12.0926,1.5089,46.8437,268.0,10302.0,2931.0312
2469,46.9173,12.6725,1.8258,12.7934,267.0,14354.0,2931.0312
2470,12.8246,12.6725,1.8539,5.4104,266.0,12410.0,2931.0312
2471,5.313,13.1952,1.6884,5.0532,267.0,11846.0,2931.0312
2472,5.0601,13.1952,1.7385,4.7061,267.0,11760.0,2931.0312
2473,4.7284,13.1952,1.4999,5.1221,267.0,12766.0,2931.0312
2474,5.1182,13.027,1.3237,5.7472,267.0,11138.0,2931.0312
2475,5.7413,12.7621,1.4912,53.9073,269.0,11548.0,2931.0312
2476,53.9395,12.7621,1.7279,5.3819,267.0,10414.0,2931.0312
2477,5.4822,12.9785,1.7798,5.2812,271.0,10704.0,2931.0312
2478,5.1501,12.8287,1.7234,28.9735,272.0,15079.0,2931.0312
2479,28.9968,12.8287,1.8682,5.1871,271.0,12255.0,2931.0312
2480,5.17,13.3926,1.2566,4.7025,269.0,16991.0,2931.0312
2481,4.6868,13.3926,1.0492,5.4262,269.0,20010.0,2931.0312
2482,5.5226,13.3926,1.7248,5.172,269.0,18576.0,2931.0312
2483,5.103,12.186,1.716,46.745,268.0,17704.0,2931.0312
2484,46.7925,12.186,1.8878,5.1095,267.0,14142.0,2931.0312
2485,5.0422,12.843,1.6845,4.7074,267.0,15421.0,2931.0312
2486,4.6985,12.843,1.4114,5.3306,267.0,11094.0,2931.0312
2487,5.5064,12.1584,1.7835,37.9177,269.0,10294.0,2931.0312
2488,37.8276,12.1584,1.9753,5.2786,267.0,13060.0,2931.0312
2489,5.2562,13.3376,1.5592,20.8189,263.0,14771.0,2931.0312
2490,20.787,13.3376,1.927,6.163,232.0,6594.0,2931.0312
2491,6.2625,13.012,1.9239,5.3304,269.0,13946.0,2931.0312
2492,5.1484,13.012,1.519,4.6137,271.0,13757.0,2931.0312
2493,4.705,13.012,1.5986,5.5073,271.0,10776.0,2931.0312
2494,5.5209,13.0214,1.6317,45.7258,272.0,11782.0,2931.0312
2495,45.9335,13.3084,2.4253,13.2203,272.0,9100.0,2931.0312
2496,13.0332,13.3084,2.0208,5.9827,257.0,7976.0,2931.0312
2497,6.0032,13.0994,1.7978,6.0167,234.0,6596.0,2931.0312
2498,5.9509,13.0994,1.611,4.9358,273.0,13518.0,2931.0312
2499,4.9426,13.113,1.5618,37.2762,268.0,9198.0,2931.0312
2500,37.3439,13.113,2.2401,6.239,269.0,10689.0,2931.0312
2501,6.3615,13.2606,2.2134,6.315,267.0,8694.0,2931.0312
2502,6.1,13.2606,1.737,5.5177,269.0,10933.0,2931.0312
2503,5.5736,12.9231,1.8096,5.2883,267.0,10166.0,2931.0312
2504,5.2691,12.9231,1.6181,5.1043,266.0,8634.0,2931.0312
2505,5.0697,12.7551,1.1589,50.9778,233.0,6606.0,2931.0312
2506,51.0313,12.7551,1.7248,5.4725,267.0,9062.0,2931.0312
2507,5.4863,12.0248,1.7269,21.1336,256.0,8354.0,2931.0312
2508,21.0962,12.0248,1.7231,4.9761,251.0,8102.0,2931.0312
2509,4.9726,12.9836,1.4469,4.9658,271.0,9066.0,2931.0312
2510,5.0428,12.9836,1.7773,5.7806,271.0,9994.0,2931.0312
2511,5.7645,12.9836,2.1426,4.9664,269.0,9042.0,2931.0312
2512,5.613,12.158,1.5118,47.0468,264.0,8764.0,2931.0312
2513,46.3625,12.747,1.6975,12.3433,248.0,7340.0,2931.0312
2514,12.3445,12.747,1.694,4.8753,234.0,6596.0,2931.0312
2515,4.8635,12.9881,1.5912,5.6826,267.0,10962.0,2931.0312
2516,5.6979,12.9881,1.5392,5.2349,267.0,11994.0,2931.0312
2517,5.2099,12.9881,1.6772,5.3709,267.0,9220.0,2931.0312
2518,5.3982,13.1166,1.8655,5.0878,243.0,7254.0,2931.0312
2519,5.1127,12.8081,1.9756,54.0903,233.0,6606.0,2931.0312
2520,54.1635,12.8081,2.1477,6.4009,267.0,8694.0,2931.0312
2521,6.3176,13.0939,1.9529,5.5637,267.0,10742.0,2931.0312
2522,5.5315,12.1624,1.6739,28.6684,269.0,10416.0,2931.0312
2523,28.6961,12.9119,1.6084,13.3331,268.0,15012.0,2931.0312
2524,13.3751,12.9119,1.8767,5.4626,267.0,16521.0,2931.0312
2525,5.4593,13.1279,1.5201,5.1397,267.0,11108.0,2931.0312
2526,5.085,13.1279,1.4289,4.9515,258.0,12779.0,2931.0312
2527,4.9656,13.0123,1.3671,5.6098,255.0,10368.0,2931.0312
2528,5.8767,13.0123,1.8972,4.6779,244.0,9492.0,2931.0312
2529,4.3545,13.0123,1.0968,4.8378,234.0,6596.0,2931.0312
2530,4.9348,13.2282,1.7423,5.0937,268.0,11712.0,2931.0312
2531,5.2303,12.6738,1.5817,68.2843,262.0,11246.0,2931.0312
2532,68.1102,12.6738,1.6712,5.5567,266.0,16024.0,2931.0312
2533,5.5754,11.7623,1.4815,5.0099,267.0,23606.0,2931.0312
2534,5.0103,11.7623,1.7757,5.0127,234.0,7476.0,2931.0312
2535,4.9666,12.8432,1.5891,37.2677,233.0,6606.0,2931.0312
2536,37.332,12.8432,1.6679,4.7155,267.0,12347.0,2931.0312
2537,4.6771,11.9907,1.8514,5.6625,267.0,13166.0,2931.0312
2538,5.6905,12.8945,1.9712,28.768,271.0,16256.0,2931.0312
2539,28.8478,12.8945,1.9792,5.4606,272.0,28456.0,2931.0312
2540,5.3575,12.7092,1.7481,21.2202,276.0,33350.0,2931.0312
2541,21.2117,12.7092,1.7394,4.5535,280.0,31348.0,2931.0312
2542,4.5281,12.2581,1.2951,23.6232,280.0,25744.0,2931.0312
2543,23.7754,12.9309,1.9522,11.9668,275.0,12267.0,2931.0312
2544,11.9718,12.7876,2.5498,8.2564,275.0,16341.0,2931.0312
2545,8.1535,13.1597,2.3574,19.5478,270.0,9908.0,2931.0312
2546,19.6019,12.1406,2.3385,7.6045,269.0,10456.0,2931.0312
2547,7.6634,12.1406,2.567,6.1582,267.0,10098.0,2931.0312
2548,6.0482,12.5014,2.2302,7.1524,267.0,10808.0,2931.0312
2549,7.2381,12.8901,1.8346,33.7095,269.0,11950.0,2931.0312
2550,33.6919,12.6392,2.6059,11.8038,268.0,10002.0,2931.0312
2551,11.7429,12.0963,1.9469,17.1089,268.0,10020.0,2931.0312
2552,17.253,12.644,2.4043,9.6292,267.0,11394.0,2931.0312
2553,9.475,12.8923,2.5613,7.3524,267.0,12014.0,2931.0312
2554,7.3738,12.8923,2.021,6.479,266.0,16730.0,2931.0312
2555,6.4793,12.6773,1.8301,7.9027,265.0,14062.0,2931.0312
2556,7.914,12.6773,2.046,5.7484,266.0,18662.0,2931.0312
2557,5.7911,12.6773,1.6172,5.0202,271.0,19186.0,2931.0312
2558,5.7803,13.2495,2.4854,4.9244,271.0,30014.0,2931.0312
2559,4.0373,12.8488,1.411,53.3191,272.0,23858.0,2931.0312
2560,53.4143,12.8488,1.9099,4.5306,269.0,19024.0,2931.0312
2561,4.544,11.684,1.5187,21.0715,270.0,29056.0,2931.0312
2562,21.0606,11.684,1.8295,5.0551,268.0,16712.0,2931.0312
2563,4.9616,12.4376,1.5605,4.9497,267.0,10290.0,2931.0312
2564,4.9592,12.6985,1.3187,29.3584,268.0,14366.0,2931.0312
2565,29.4361,12.6985,1.7267,4.7833,266.0,12410.0,2931.0312
2566,4.7716,12.0024,1.6899,21.8579,268.0,11858.0,2931.0312
2567,21.8722,12.8922,1.7288,12.7853,268.0,11772.0,2931.0312
2568,12.7963,12.8922,1.8004,4.9817,267.0,12766.0,2931.0312
2569,4.8506,12.7508,1.4708,21.2071,268.0,11150.0,2931.0312
2570,21.2752,11.8452,1.4468,13.4183,269.0,11548.0,2931.0312
2571,13.4402,11.8452,1.615,4.8937,267.0,10414.0,2931.0312
2572,4.9874,12.695,1.5183,5.555,267.0,10700.0,2931.0312
2573,5.4481,12.695,1.3616,5.7738,271.0,15067.0,2931.0312
2574,5.7677,12.8221,1.5559,5.0207,271.0,12255.0,2931.0312
2575,5.0177,12.8221,1.7673,5.0982,271.0,16993.0,2931.0312
2576,5.1016,12.8221,1.9692,5.1381,269.0,20010.0,2931.0312
2577,5.2086,12.9534,1.695,59.9961,270.0,18588.0,2931.0312
2578,59.9475,12.9534,1.5719,5.2679,269.0,17694.0,2931.0312
2579,5.3271,12.589,1.7174,5.068,267.0,14142.0,2931.0312
2580,5.0506,12.589,1.6851,5.4329,267.0,15421.0,2931.0312
2581,5.3564,13.0128,1.5186,36.1578,268.0,11106.0,2931.0312
2582,36.2009,12.5596,1.8374,12.3575,268.0,10282.0,2931.0312
2583,12.3515,12.9052,1.6883,14.1496,268.0,13072.0,2931.0312
2584,14.1892,12.9052,1.6217,4.3889,262.0,14759.0,2931.0312
2585,4.3021,11.9247,1.2474,5.8521,232.0,6594.0,2931.0312
2586,5.92,11.9247,1.855,5.6501,269.0,13946.0,2931.0312
2587,5.6252,13.018,1.7135,5.0609,271.0,13757.0,2931.0312
2588,5.0422,12.5033,1.294,43.8547,268.0,10784.0,2931.0312
2589,43.8874,12.5033,1.7154,5.2052,271.0,11770.0,2931.0312
2590,5.1895,12.0106,1.5451,6.0184,271.0,9088.0,2931.0312
2591,6.0618,12.0106,1.8351,4.9811,259.0,7978.0,2931.0312
2592,4.9159,12.9064,1.4856,36.4378,235.0,6608.0,2931.0312
2593,36.5148,12.9064,1.8348,4.7559,273.0,13518.0,2931.0312
2594,4.6831,12.034,1.6041,5.2975,269.0,9188.0,2931.0312
2595,5.3424,12.6951,1.5752,28.8208,270.0,10701.0,2931.0312
2596,28.821,12.9066,1.9307,13.2336,268.0,8706.0,2931.0312
2597,13.2351,12.9066,2.2959,4.6893,269.0,10933.0,2931.0312
2598,4.6737,11.8597,1.5741,21.8276,268.0,10178.0,2931.0312
2599,21.8235,13.1819,1.6869,13.1137,269.0,8670.0,2931.0312
2600,13.203,13.1819,1.8408,5.5452,232.0,6594.0,2931.0312
2601,5.4644,12.6981,2.0108,5.3236,267.0,9062.0,2931.0312
2602,5.2944,12.6981,1.414,4.6584,262.0,8762.0,2931.0312
2603,4.7878,12.5585,1.7005,36.298,252.0,8114.0,2931.0312
2604,36.2004,12.5585,1.9086,4.8108,267.0,9062.0,2931.0312
2605,4.9184,12.6414,1.649,5.0972,271.0,9994.0,2931.0312
2606,4.9846,12.5954,1.4783,30.3431,266.0,8814.0,2931.0312
2607,30.3439,12.5954,1.7979,5.2093,270.0,9102.0,2931.0312
2608,5.2556,12.7623,1.8303,21.1419,238.0,6788.0,2931.0312
2609,21.1544,12.7623,1.8641,4.8505,234.0,6596.0,2931.0312
2610,4.7892,12.8821,1.4813,5.0408,269.0,10964.0,2931.0312
2611,5.071,12.6684,1.5007,29.5231,268.0,12006.0,2931.0312
2612,29.5259,12.6684,1.7394,4.6725,267.0,9220.0,2931.0312
2613,4.6945,12.5186,1.5624,20.5732,244.0,7266.0,2931.0312
2614,20.6032,12.5186,1.9497,5.8011,232.0,6594.0,2931.0312
2615,5.7382,12.4711,1.7682,5.8878,267.0,8694.0,2931.0312
2616,5.8657,12.4711,1.5647,4.5191,267.0,10742.0,2931.0312
2617,4.5827,13.0725,2.0744,5.6098,267.0,10392.0,2931.0312
2618,5.564,13.0725,1.6877,4.6902,267.0,15000.0,2931.0312
2619,4.6733,12.6512,1.5836,51.9825,268.0,16533.0,2931.0312
2620,52.0243,12.6512,1.8769,5.1751,267.0,14321.0,2931.0312
2621,5.171,12.737,1.6654,4.9917,261.0,11252.0,2931.0312
2622,4.9536,12.7379,1.6906,29.3929,256.0,9268.0,2931.0312
2623,29.4394,13.1254,1.8029,12.8355,240.0,8928.0,2931.0312
2624,12.8181,13.1254,1.6356,6.0073,234.0,6596.0,2931.0312
2625,6.0594,12.9433,1.8707,4.8226,268.0,11712.0,2931.0312
2626,4.7722,12.9433,1.5536,5.2116,266.0,11892.0,2931.0312
2627,5.2034,12.9433,1.1716,4.7011,267.0,17860.0,2931.0312
2628,4.7243,12.3958,1.6158,5.0499,265.0,21996.0,2931.0312
2629,4.9986,12.3927,1.312,53.3765,233.0,6606.0,2931.0312
2630,53.4515,12.3927,2.0106,5.2513,232.0,6594.0,2931.0312
2631,5.1511,11.7766,1.6867,7.0346,267.0,12347.0,2931.0312
2632,7.113,11.7766,2.0634,5.2493,267.0,13166.0,2931.0312
2633,5.2151,12.9497,1.5739,4.5206,270.0,16244.0,2931.0312
2634,4.7894,12.9497,2.0079,5.1962,272.0,28456.0,2931.0312
2635,4.9208,11.8385,1.5827,50.9558,277.0,33362.0,2931.0312
2636,51.0958,11.8385,2.1284,4.6619,276.0,31344.0,2931.0312
2637,4.5008,12.5247,1.4828,4.7491,279.0,25732.0,2931.0312
2638,4.8879,12.5247,1.4287,5.3929,274.0,12255.0,2931.0312
2639,5.3361,12.5247,1.9271,4.7425,277.0,16343.0,2931.0312
2640,4.7448,12.6295,1.7226,4.6429,269.0,9896.0,2931.0312
2641,4.5659,12.6295,1.2265,5.922,269.0,10456.0,2931.0312
2642,5.9467,12.859,1.612,60.1455,270.0,10112.0,2931.0312
2643,60.2029,12.859,2.0019,5.178,267.0,10808.0,2931.0312
2644,5.2078,12.7782,1.8232,5.6664,267.0,11926.0,2931.0312
2645,5.6042,12.3954,1.5996,29.0854,268.0,10002.0,2931.0312
2646,29.2295,12.3954,2.0606,5.8728,267.0,10008.0,2931.0312
2647,5.7746,12.9596,2.0507,5.6191,266.0,11382.0,2931.0312
2648,5.592,12.5846,1.6089,28.0964,268.0,12026.0,2931.0312
2649,28.1292,12.5846,1.6873,4.9435,266.0,16730.0,2931.0312
2650,4.8674,12.2401,1.3704,5.6973,265.0,14062.0,2931.0312
2651,5.767,12.2401,1.8264,5.5236,266.0,18662.0,2931.0312
2652,5.4768,13.1837,1.7019,5.7348,267.0,19182.0,2931.0312
2653,5.7358,12.1782,1.5412,43.3993,272.0,30026.0,2931.0312
2654,43.4765,12.8148,1.8501,12.4022,272.0,23858.0,2931.0312
2655,12.4805,12.8148,1.936,6.1132,271.0,19026.0,2931.0312
2656,5.9676,12.6807,1.7067,5.3266,269.0,29044.0,2931.0312
2657,5.3133,12.6807,1.7264,6.2402,268.0,16712.0,2931.0312
2658,6.3795,12.0166,2.4972,36.1873,270.0,10304.0,2931.0312
2659,36.0467,12.3695,2.0516,11.165,266.0,14342.0,3100.4062
2660,11.4044,13.3979,2.9241,19.8617,1150.0,157221.0,3129.7812
2661,19.6744,21.2746,2.307,20.9667,883.0,106571.0,3129.7812
2662,21.011,22.4645,2.4884,20.7187,898.0,65363.0,3129.7812
2663,20.7169,18.1318,2.0588,17.4838,725.0,49570.0,3115.0938
2664,17.4204,17.9376,1.8767,18.1014,674.0,36154.0,3115.0938
2665,18.1482,17.4857,1.8948,18.0911,651.0,35086.0,3094.4062
2666,18.1238,17.9601,2.3345,18.7206,669.0,35614.0,3094.4062
2667,18.6414,17.6179,2.2525,18.8193,668.0,35934.0,3094.4062
2668,18.9277,17.2402,2.1435,20.9309,670.0,40158.0,3094.4062
2669,20.9056,18.4094,2.383,15.8255,674.0,36450.0,3094.4062
2670,15.8049,17.4022,1.989,18.0682,673.0,33534.0,3094.4062
2671,18.3435,17.9402,1.9483,18.2501,677.0,46948.0,3158.4062
2672,18.0757,17.5973,3.6117,18.7903,681.0,60276.0,3158.4062
2673,18.7104,17.9099,2.0159,17.7407,679.0,52535.0,3158.4062
2674,17.8414,17.6037,2.0656,18.345,679.0,55869.0,3158.4062
2675,18.2705,17.4993,1.8426,17.4674,677.0,43697.0,3158.4062
2676,17.4256,17.6765,1.7209,19.5219,674.0,39691.0,3158.4062
2677,19.5525,17.5948,1.7995,17.8626,670.0,34006.0,3158.4062
2678,17.7834,17.5785,1.8609,18.2704,668.0,33710.0,3158.4062
2679,18.307,17.5255,1.9723,17.5673,669.0,34294.0,3158.4062
2680,17.5753,17.7378,1.8665,19.1234,671.0,34196.0,3158.4062
2681,19.109,18.123,1.8776,18.2167,668.0,35374.0,3158.4062
2682,18.2382,17.958,1.8889,17.6139,667.0,33812.0,3158.4062
2683,17.5816,17.4106,1.8656,18.0194,670.0,34342.0,3158.4062
2684,18.0335,17.8509,1.8885,18.4694,669.0,36238.0,3158.4062
2685,18.4873,17.6285,1.8433,19.2497,676.0,41258.0,3158.4062
2686,19.3446,17.3498,2.1124,16.5766,673.0,41178.0,3158.4062
2687,16.4855,18.0481,1.9808,19.3805,673.0,41218.0,3158.4062
2688,19.4524,17.5404,1.9135,18.1219,671.0,53288.0,3158.4062
2689,18.0819,17.614,1.732,18.0732,672.0,52820.0,3158.4062
2690,18.0555,17.6385,1.849,18.3173,674.0,39128.0,3158.4062
2691,18.6059,17.5634,2.1467,18.5922,667.0,45982.0,3158.4062
2692,18.2593,18.2343,1.836,17.8295,669.0,50878.0,3158.4062
2693,17.9008,17.6341,1.6717,17.697,670.0,38346.0,3158.4062
2694,17.6361,17.5297,1.7694,18.468,668.0,40038.0,3158.4062
2695,18.4619,17.4776,1.7107,17.6327,670.0,35332.0,3158.4062
2696,17.5441,17.8853,1.5661,18.905,668.0,36530.0,3158.4062
2697,19.0227,17.6451,1.7957,18.1389,668.0,42883.0,3158.4062
2698,18.1983,17.9038,2.3996,18.0781,667.0,39236.0,3158.4062
2699,17.972,17.5386,1.771,18.3146,666.0,38135.0,3158.4062
2700,18.3314,17.5086,1.8236,18.6744,666.0,38861.0,3158.4062
2701,18.738,17.879,1.9509,18.7514,669.0,40318.0,3158.4062
2702,18.7864,17.902,2.043,18.5949,671.0,34512.0,3158.4062
2703,18.5047,17.6222,1.7331,18.1936,672.0,38434.0,3158.4062
2704,18.1781,17.2964,1.722,17.5141,670.0,37391.0,3158.4062
2705,17.5635,17.6426,1.6774,17.7888,673.0,39932.0,3158.4062
2706,17.7895,17.622,1.8219,18.598,674.0,51362.0,3158.4062
2707,18.6906,17.4116,1.7729,17.8587,669.0,33144.0,3158.4062
2708,17.7976,17.7111,2.2428,18.5285,670.0,39808.0,3158.4062
2709,18.6302,17.7303,2.7093,19.0338,668.0,38060.0,3158.4062
2710,18.8829,17.6487,2.0573,18.328,667.0,42798.0,3158.4062
2711,18.361,17.6042,2.1501,18.2078,670.0,37094.0,3158.4062
2712,18.1714,17.7102,1.9403,17.6019,670.0,35894.0,3158.4062
2713,17.5959,18.4089,1.9292,18.3876,668.0,34848.0,3158.4062
2714,18.4034,17.6428,1.7284,18.0797,669.0,35054.0,3158.4062
2715,18.2032,17.4795,1.9285,17.8708,666.0,33510.0,3158.4062
2716,17.7379,17.5877,1.7509,18.2508,667.0,35170.0,3158.4062
2717,18.343,17.3788,1.769,17.7172,675.0,34898.0,3158.4062
2718,17.698,17.549,1.6957,18.3163,670.0,37403.0,3158.4062
2719,18.3057,17.8462,1.9159,18.1699,671.0,34664.0,3158.4062
2720,18.0714,17.439,2.1675,18.4501,669.0,34552.0,3158.4062
2721,18.4564,17.7361,2.2276,18.0443,673.0,36999.0,3158.4062
2722,18.1646,17.5416,2.1893,18.459,673.0,36533.0,3158.4062
2723,18.3653,17.253,1.9626,18.0684,671.0,35585.0,3158.4062
2724,18.1594,18.3265,1.7544,18.2783,668.0,36311.0,3158.4062
2725,18.2989,17.8121,1.7665,19.2718,669.0,33126.0,3158.4062
2726,19.0951,17.5506,1.8243,16.8132,669.0,33626.0,3158.4062
2727,16.87,17.1936,1.7049,18.86,669.0,33258.0,3158.4062
2728,18.7975,17.8568,1.5429,17.8013,671.0,32818.0,3158.4062
2729,17.8877,17.6109,1.3726,18.4738,669.0,34186.0,3158.4062
2730,18.3652,17.7406,1.1764,18.3287,672.0,33294.0,3158.4062
2731,18.5736,17.5998,1.7373,18.049,667.0,32770.0,3158.4062
2732,17.9364,17.4644,1.816,17.7604,668.0,34174.0,3158.4062
2733,17.8343,17.6492,1.7639,18.7541,671.0,32774.0,3158.4062
2734,18.6861,17.1643,1.804,18.6662,674.0,33274.0,3158.4062
2735,18.67,17.5205,2.013,17.7758,674.0,36230.0,3158.4062
2736,17.7557,17.3716,1.744,18.3298,672.0,39755.0,3158.4062
2737,18.3461,17.7355,1.6905,18.215,674.0,38606.0,3158.4062
2738,18.3237,17.5151,2.2017,17.9359,670.0,35160.0,3158.4062
2739,17.8877,17.9025,1.6517,18.5559,668.0,35544.0,3158.4062
2740,18.4504,17.4266,1.9723,17.671,672.0,40613.0,3158.4062
2741,17.7394,17.5441,1.876,18.9377,673.0,36093.0,3158.4062
2742,18.8584,17.9013,1.9055,17.7258,670.0,39020.0,3158.4062
2743,17.7486,17.3592,1.8531,18.0719,670.0,38307.0,3158.4062
2744,18.1001,17.7272,1.8653,18.2097,651.0,32130.0,3158.4062
2745,18.2002,17.5017,1.6608,18.9659,648.0,33246.0,3158.4062
2746,18.9331,17.9301,1.7011,18.0901,672.0,37482.0,3158.4062
2747,18.0801,17.6131,1.6101,17.9294,667.0,36862.0,3158.4062
2748,17.9813,17.626,1.864,18.4291,669.0,36802.0,3158.4062
2749,18.4385,17.5796,1.8818,18.1539,675.0,36202.0,3158.4062
2750,18.1337,17.9468,1.8136,19.4069,679.0,52456.0,3158.4062
2751,19.4557,17.7499,2.1072,17.9443,681.0,58345.0,3158.4062
2752,17.9884,17.9815,2.0044,17.8959,679.0,54488.0,3158.4062
2753,17.8125,17.6778,1.7221,18.6623,682.0,51522.0,3158.4062
2754,18.6629,17.5979,1.7503,18.2237,675.0,40326.0,3158.4062
2755,18.2282,18.6157,1.7649,19.1136,675.0,39607.0,3158.4062
2756,19.1438,17.7726,1.8563,18.4219,670.0,33270.0,3158.4062
2757,18.3749,17.8086,1.9507,17.9536,672.0,34590.0,3158.4062
2758,18.0304,17.4405,1.8225,17.6293,667.0,33438.0,3158.4062
2759,17.5459,17.799,1.737,18.1625,670.0,34552.0,3158.4062
2760,18.2532,17.7211,1.6823,18.4565,669.0,35596.0,3158.4062
2761,18.3027,17.6514,1.9205,18.9003,668.0,34050.0,3158.4062
2762,19.0091,17.9932,2.806,18.8383,669.0,34400.0,3158.4062
2763,18.7751,17.6534,1.9266,17.5946,671.0,37352.0,3158.4062
2764,17.6671,17.6462,1.9368,18.2809,667.0,43250.0,3158.4062
2765,18.2621,18.0841,1.743,19.0081,674.0,37634.0,3158.4062
2766,19.0374,17.7183,1.7878,18.4333,674.0,44422.0,3158.4062
2767,18.3589,17.5429,1.7681,18.2463,674.0,52838.0,3158.4062
2768,18.2211,17.6637,1.679,17.8316,671.0,51212.0,3158.4062
2769,17.9109,17.8699,1.6896,18.1262,669.0,39068.0,3158.4062
2770,18.1215,17.9029,1.8276,18.42,670.0,51692.0,3158.4062
2771,18.5395,17.6748,2.1453,18.9763,667.0,43562.0,3158.4062
2772,18.8608,17.6797,2.0023,17.8325,667.0,43970.0,3158.4062
2773,17.8281,17.8903,1.9593,20.2139,669.0,35076.0,3158.4062
2774,20.3058,17.768,2.0786,19.3185,670.0,36514.0,3158.4062
2775,19.2401,18.9031,2.1416,16.6774,668.0,39812.0,3158.4062
2776,16.7206,17.6307,1.8675,18.3923,669.0,40740.0,3158.4062
2777,18.4118,17.7707,1.9724,18.6723,667.0,39490.0,3158.4062
2778,18.6255,17.5753,2.1125,17.7929,663.0,37927.0,3158.4062
2779,17.7922,17.8936,1.6906,18.4032,667.0,36320.0,3158.4062
2780,18.3823,17.6935,1.5869,18.2491,669.0,40418.0,3158.4062
2781,18.3275,17.3841,1.8465,18.1316,671.0,37630.0,3158.4062
2782,18.0837,17.7327,1.956,18.2957,673.0,36022.0,3158.4062
2783,18.2816,17.8446,1.8817,18.6861,676.0,37019.0,3158.4062
2784,18.6592,17.708,1.9057,19.1273,671.0,42564.0,3158.4062
2785,19.1229,17.9708,1.832,17.3904,669.0,48000.0,3158.4062
2786,17.5009,17.3752,1.7328,18.2973,671.0,35158.0,3158.4062
2787,18.2128,17.7776,1.6042,18.2072,669.0,38430.0,3158.4062
2788,18.2156,17.7683,1.5362,18.6502,668.0,40240.0,3158.4062
2789,18.6223,17.6765,1.7629,17.7239,670.0,39658.0,3158.4062
2790,17.7271,17.6385,1.7243,18.1181,671.0,38164.0,3158.4062
2791,18.1753,17.5662,1.9106,18.1747,668.0,35336.0,3158.4062
2792,18.1444,17.8006,2.0236,18.1918,668.0,34858.0,3158.4062
2793,18.1212,17.8342,2.0262,18.6044,668.0,34876.0,3158.4062
2794,18.6661,17.4254,1.9364,19.4339,666.0,33676.0,3158.4062
2795,19.411,17.9142,1.6948,17.4606,666.0,35150.0,3158.4062
2796,17.479,17.4642,1.6599,17.6474,667.0,34652.0,3158.4062
2797,17.6361,17.6622,1.7167,18.4612,671.0,37083.0,3158.4062
2798,18.64,17.7472,1.8451,18.6019,673.0,34688.0,3158.4062
2799,18.4148,17.6311,2.062,18.3614,672.0,34566.0,3158.4062
2800,18.4309,17.83,1.7715,17.9387,673.0,38103.0,3158.4062
2801,17.9129,17.6945,1.8317,18.1762,673.0,35429.0,3158.4062
2802,18.1203,17.954,1.94,18.6522,673.0,35955.0,3158.4062
2803,18.7151,17.5626,1.9039,18.3368,669.0,36323.0,3158.4062
2804,18.2909,17.3079,1.7739,17.7661,667.0,32734.0,3158.4062
2805,17.7994,17.4826,1.8595,18.908,670.0,33638.0,3158.4062
2806,18.9146,17.9184,1.8559,17.7174,669.0,33258.0,3158.4062
2807,17.6148,17.6782,1.3447,18.0931,668.0,32782.0,3158.4062
2808,18.1879,17.6383,1.557,18.811,668.0,34174.0,3158.4062
2809,18.8307,17.2758,1.5802,17.455,668.0,33246.0,3158.4062
2810,17.453,17.8637,1.6316,18.2721,671.0,32818.0,3158.4062
2811,18.3092,17.5501,1.7851,19.0006,668.0,34174.0,3158.4062
2812,18.9504,17.7858,1.8803,18.4421,671.0,32818.0,3158.4062
2813,18.4444,17.6404,1.8161,17.6205,672.0,34296.0,3158.4062
2814,17.5899,17.3887,1.8295,18.1661,672.0,39272.0,3158.4062
2815,18.1703,17.6009,1.8382,17.6197,673.0,37689.0,3158.4062
2816,17.6576,17.6027,1.8427,19.0249,672.0,37152.0,3158.4062
2817,19.0433,18.4083,2.0017,18.2396,673.0,35464.0,3158.4062
2818,18.1901,17.4494,1.7795,17.6114,674.0,40818.0,3158.4062
2819,17.6359,17.6096,1.6724,18.5449,669.0,34827.0,3158.4062
2820,18.5116,17.663,1.8079,17.8182,672.0,37769.0,3158.4062
2821,17.8697,17.8403,1.897,18.6548,670.0,37392.0,3158.4062
2822,18.6314,17.4361,1.7865,17.5983,669.0,38331.0,3158.4062
2823,17.565,17.6943,1.8564,18.2768,655.0,33714.0,3158.4062
2824,18.4442,18.2938,2.184,19.9638,642.0,33030.0,3158.4062
2825,19.8456,17.333,1.9064,17.2175,668.0,35578.0,3158.4062
2826,17.1611,17.8973,2.3895,19.19,670.0,36898.0,3158.4062
2827,19.2277,18.2591,1.7536,17.9055,675.0,39886.0,3158.4062
2828,17.8971,17.8397,1.8606,17.7652,672.0,38886.0,3158.4062
2829,17.996,17.3437,2.0035,18.3822,677.0,49995.0,3158.4062
2830,18.2065,17.7634,1.757,18.1913,677.0,56914.0,3158.4062
2831,18.1505,17.6594,1.5368,17.9099,682.0,56696.0,3158.4062
2832,17.891,17.321,1.5217,18.5479,678.0,47876.0,3158.4062
2833,18.5418,17.8823,1.9144,18.13,674.0,40218.0,3158.4062
2834,18.5685,17.5899,2.1815,18.3426,677.0,39241.0,3158.4062
2835,17.9155,17.6364,1.8498,18.0442,667.0,33698.0,3158.4062
2836,18.1161,17.585,1.9184,19.0306,669.0,34090.0,3158.4062
2837,19.0532,17.3811,1.8427,17.4844,668.0,34378.0,3158.4062
2838,17.3745,18.554,1.8583,18.2453,670.0,34238.0,3158.4062
2839,18.2678,17.6612,1.855,18.0923,668.0,35774.0,3158.4062
2840,18.2105,17.6183,1.8283,18.2615,667.0,33970.0,3158.4062
2841,18.1662,17.5163,1.7277,18.4305,667.0,35236.0,3158.4062
2842,18.4443,17.3424,1.9205,17.4538,669.0,40216.0,3158.4062
2843,17.4313,17.6229,1.7135,19.022,669.0,40478.0,3158.4062
2844,18.9989,17.9673,1.662,17.8141,670.0,40822.0,3158.4062
2845,17.8874,17.3796,1.7449,18.299,671.0,46334.0,3158.4062
2846,18.3477,17.5287,1.7213,17.9566,674.0,46010.0,3158.4062
2847,17.9551,17.8299,1.7869,19.1903,673.0,51214.0,3158.4062
2848,19.0475,17.396,1.728,18.4046,672.0,44800.0,3158.4062
2849,18.3863,18.5146,1.7894,17.5017,671.0,46008.0,3158.4062
2850,17.5178,17.1891,1.5863,17.6107,671.0,43552.0,3158.4062
2851,17.6541,18.0486,1.4954,18.7019,670.0,44162.0,3158.4062
2852,18.7395,17.5978,1.5035,17.6842,670.0,36084.0,3158.4062
2853,17.6817,17.5014,1.7199,18.5733,668.0,35374.0,3158.4062
2854,18.5386,17.6331,1.7935,18.1901,668.0,41974.0,3158.4062
2855,18.3162,17.2779,2.3695,18.0561,668.0,41507.0,3158.4062
2856,17.9159,17.9624,1.9733,18.2177,668.0,38471.0,3158.4062
2857,18.3577,17.6455,1.854,18.319,656.0,35597.0,3158.4062
2858,18.1727,17.5576,1.7433,17.7723,666.0,36308.0,3158.4062
2859,17.8541,17.7734,1.7777,19.3447,671.0,42694.0,3158.4062
2860,19.5023,18.1585,1.8019,17.9695,667.0,35374.0,3158.4062
2861,17.7773,17.5536,1.6898,18.0463,672.0,36378.0,3158.4062
2862,18.0416,17.8708,1.4873,18.1817,674.0,36627.0,3158.4062
2863,18.1667,17.4205,1.6731,18.2757,674.0,45178.0,3158.4062
2864,18.2545,17.5665,1.7787,17.4066,673.0,45448.0,3158.4062
2865,17.5756,17.9164,1.6217,18.635,671.0,35158.0,3158.4062
2866,18.5097,17.3304,1.8591,17.835,671.0,39038.0,3158.4062
2867,17.8757,17.7662,2.1583,18.7347,670.0,40346.0,3158.4062
2868,18.7508,17.6389,1.8154,18.289,670.0,39126.0,3158.4062
2869,18.3289,17.6978,1.8214,18.0788,670.0,37996.0,3158.4062
2870,17.9474,17.8319,1.6996,18.664,667.0,35324.0,3158.4062
2871,18.6787,18.4005,1.8769,18.124,670.0,34882.0,3158.4062
2872,18.1197,17.5656,2.0538,18.2367,669.0,34852.0,3158.4062
2873,18.2661,17.3214,2.0699,18.1352,667.0,33882.0,3158.4062
2874,18.0246,17.645,1.4206,17.8982,668.0,35384.0,3158.4062
2875,17.9676,17.8797,1.5713,18.3157,667.0,34284.0,3158.4062
2876,18.3442,17.5438,1.6749,18.1193,668.0,37459.0,3158.4062
2877,18.2801,17.6034,2.01,18.8953,671.0,34420.0,3158.4062
2878,18.8424,17.5547,1.8745,18.0469,672.0,34566.0,3158.4062
2879,17.9417,17.79,1.7718,19.1196,674.0,37969.0,3158.4062
2880,19.1282,17.664,1.706,17.9021,671.0,35529.0,3158.4062
2881,17.9472,18.7136,1.6556,18.0726,671.0,35807.0,3158.4062
2882,17.9948,17.5227,1.7186,18.0999,671.0,36325.0,3158.4062
2883,18.1281,17.4274,1.7786,18.2059,667.0,32734.0,3158.4062
2884,18.3145,17.6869,2.2129,18.7421,673.0,33674.0,3158.4062
2885,18.6834,17.6389,1.7449,17.6852,672.0,33294.0,3158.4062
2886,17.6713,17.4247,1.9402,18.1127,668.0,32782.0,3158.4062
2887,18.1092,17.5332,1.6916,17.7214,670.0,34198.0,3158.4062
2888,17.7382,17.9676,2.1985,18.7403,667.0,33234.0,3158.4062
2889,18.6896,17.4261,1.7366,17.7961,667.0,32770.0,3158.4062
2890,17.9111,17.8059,1.9326,19.0363,671.0,34210.0,3158.4062
2891,18.9824,17.5652,1.9512,18.6033,668.0,32782.0,3158.4062
2892,18.6078,18.569,1.8912,18.4918,669.0,34672.0,3158.4062
2893,18.4802,17.4794,1.7627,17.5532,672.0,39438.0,3158.4062
2894,17.5108,17.6912,1.6476,18.2873,674.0,37167.0,3158.4062
2895,18.3919,17.6281,1.5997,18.3087,672.0,37408.0,3158.4062
2896,18.3388,17.3352,2.01,17.7495,673.0,35186.0,3158.4062
2897,17.668,17.8426,1.76,18.5513,673.0,41116.0,3158.4062
2898,18.5545,17.6116,2.2364,18.0692,669.0,34495.0,3158.4062
2899,18.1093,17.611,1.9922,19.0804,670.0,38577.0,3158.4062
2900,19.0375,17.6652,1.7204,17.4647,667.0,37928.0,3158.4062
2901,17.4238,17.4954,1.814,17.7111,672.0,37427.0,3158.4062
2902,17.7757,17.6961,1.9707,18.9749,653.0,33178.0,3158.4062
2903,18.9578,18.2598,1.7655,18.1477,649.0,33498.0,3158.4062
2904,18.0484,17.3847,1.7936,17.9034,670.0,35602.0,3158.4062
2905,17.9635,17.4696,1.6687,17.9916,674.0,39958.0,3158.4062
2906,18.0615,17.7396,1.7204,18.6545,672.0,41522.0,3158.4062
2907,18.5735,17.6603,2.061,18.5156,671.0,38845.0,3158.4062
2908,18.5709,17.7997,2.1236,17.9221,673.0,51944.0,3158.4062
2909,17.9591,17.572,2.3645,18.1948,680.0,54142.0,3158.4062
2910,18.1276,17.5182,1.9091,18.0127,681.0,56220.0,3158.4062
2911,18.0184,17.8622,1.8257,19.289,678.0,44886.0,3158.4062
2912,19.2699,17.346,1.7823,17.2454,676.0,39874.0,3158.4062
2913,17.2819,18.5531,1.7781,19.1998,677.0,39705.0,3158.4062
2914,19.0673,17.2045,1.6712,17.445,671.0,33260.0,3158.4062
2915,17.4775,17.77,1.5133,18.2581,672.0,34590.0,3158.4062
2916,18.2747,17.6231,1.7585,17.906,669.0,34390.0,3158.4062
2917,17.9561,17.5922,1.7921,18.5568,668.0,33750.0,3158.4062
2918,18.5789,17.8333,1.7896,18.4309,669.0,36154.0,3158.4062
2919,18.459,17.6917,2.0246,17.6699,668.0,33822.0,3158.4062
2920,17.6394,17.5779,1.9674,18.5995,670.0,38420.0,3158.4062
2921,18.534,17.5122,1.729,17.5718,671.0,37384.0,3158.4062
2922,17.636,17.6826,1.7076,18.5229,668.0,43250.0,3158.4062
2923,18.5276,17.5747,1.8524,18.6751,672.0,44390.0,3158.4062
2924,18.7335,18.4099,1.7572,18.8864,669.0,39526.0,3158.4062
2925,18.835,17.625,1.8311,17.3384,675.0,46022.0,3158.4062
2926,17.2655,17.6728,1.6804,18.7949,672.0,56898.0,3158.4062
2927,18.9649,17.4366,1.8274,17.4923,672.0,39082.0,3158.4062
2928,17.3749,17.7213,1.7854,18.6463,670.0,45960.0,3158.4062
2929,18.6324,17.6882,1.624,17.6331,672.0,43600.0,3158.4062
2930,17.7058,17.2709,1.8126,17.9757,672.0,44714.0,3158.4062
2931,17.9881,17.9669,2.2093,18.8526,671.0,35720.0,3158.4062
2932,18.853,17.6332,2.0804,17.5287,668.0,35164.0,3158.4062
2933,17.3943,17.686,1.5876,18.48,669.0,43546.0,3158.4062
2934,18.5269,17.6344,1.7069,18.4511,668.0,43284.0,3158.4062
2935,18.5631,18.2467,1.7173,18.8006,670.0,35844.0,3158.4062
2936,18.6825,17.5154,1.6861,17.5079,667.0,37003.0,3158.4062
2937,17.5222,17.6479,1.8941,18.7661,666.0,40480.0,3158.4062
2938,18.7227,17.6031,1.3601,17.6572,669.0,38644.0,3158.4062
2939,17.6824,17.5103,1.5182,18.1587,669.0,35782.0,3158.4062
2940,18.2542,17.6687,1.8719,18.1071,668.0,38217.0,3158.4062
2941,18.1409,17.6115,1.8777,18.5103,675.0,38938.0,3158.4062
2942,18.8489,17.9904,2.4945,19.2901,673.0,48470.0,3158.4062
2943,18.8868,17.3825,1.9797,17.1288,673.0,36694.0,3158.4062
2944,17.2152,17.5406,1.8544,17.9733,670.0,37596.0,3158.4062
2945,17.9262,18.1222,1.7364,19.4429,672.0,38774.0,3158.4062
2946,19.5757,17.7273,1.7128,17.7638,672.0,41244.0,3158.4062
2947,17.6059,17.3484,1.5459,18.3243,669.0,36516.0,3158.4062
2948,18.2317,17.573,1.3901,17.869,667.0,38016.0,3158.4062
2949,17.9152,17.746,1.6913,18.1039,668.0,34926.0,3158.4062
2950,18.208,17.393,1.8141,18.011,667.0,35976.0,3158.4062
2951,17.9622,17.7313,1.731,18.2605,667.0,33384.0,3158.4062
2952,18.2818,17.5921,1.8782,18.0102,668.0,34452.0,3158.4062
2953,18.2675,17.2862,2.3244,19.1338,668.0,34578.0,3158.4062
2954,18.8044,17.7072,1.8772,17.307,669.0,35492.0,3158.4062
2955,17.3066,17.5898,1.9757,18.2308,668.0,36495.0,3158.4062
2956,18.2263,17.5204,1.8137,18.9688,668.0,34456.0,3158.4062
2957,18.8967,18.1459,1.3096,17.5207,676.0,37809.0,3158.4062
2958,17.5705,17.7365,1.424,18.2506,672.0,35020.0,3158.4062
2959,18.2602,17.6848,1.7859,18.3821,675.0,35589.0,3158.4062
2960,18.4287,17.7218,1.7225,17.8373,673.0,36970.0,3158.4062
2961,18.2993,17.6423,2.0453,18.6732,672.0,34366.0,3158.4062
2962,18.2976,17.5055,1.7717,17.89,671.0,33260.0,3158.4062
2963,17.8745,17.7824,1.9293,18.5213,669.0,33162.0,3158.4062
2964,18.4952,17.6809,2.4932,18.9079,668.0,33246.0,3158.4062
