capture_frame,FrameTime,GPUTime,GameThreadTime,RenderThreadTime,RHI/DrawCalls,RHI/PrimitivesDrawn,GPUMem/LocalUsedMB
120,17.2558,16.7432,2.5261,17.0645,312.0,13154.0,2795.0547
121,17.1284,16.6501,2.9555,17.772,313.0,10710.0,2795.0547
122,17.7178,16.6779,2.6528,16.7499,312.0,8378.0,2795.0547
123,16.8955,16.6701,2.5244,18.2705,313.0,11880.0,2795.0547
124,18.1003,16.7679,2.0755,16.4178,318.0,27486.0,2795.0547
125,16.3655,16.5643,2.1822,16.6637,320.0,33402.0,2795.0547
126,16.7364,16.6426,2.096,17.4626,274.0,6286.0,2795.0547
127,17.4158,16.4073,2.1062,16.7162,273.0,6274.0,2795.0547
128,16.6805,16.464,2.1266,17.0886,308.0,19996.0,2795.0547
129,17.1276,16.4183,1.9729,16.9981,312.0,15722.0,2795.0547
130,16.9734,16.6473,2.0011,16.8378,276.0,6406.0,2795.0547
131,16.8579,16.6171,1.9612,17.1209,273.0,6274.0,2795.0547
132,17.0703,16.7636,1.9581,17.1112,302.0,8414.0,2795.0547
133,17.1441,15.8717,1.9364,18.1111,274.0,6286.0,2795.0547
134,18.0747,16.5498,2.0982,18.028,282.0,6814.0,2795.0547
135,18.04,17.1388,2.1523,17.1419,312.0,22029.0,2795.0547
136,17.1501,17.3565,2.0614,16.9737,313.0,13622.0,2795.0547
137,17.0041,17.1389,2.1395,16.8826,315.0,10261.0,2795.0547
138,16.8558,16.4183,2.0022,16.9954,315.0,11259.0,2795.0547
139,17.1024,16.6432,2.0674,17.1576,310.0,22292.0,2795.0547
140,17.0964,16.5553,2.0944,16.8508,311.0,47914.0,2795.0547
141,16.8191,16.4404,1.9622,16.622,310.0,19158.0,2795.0547
142,16.7029,16.486,2.0503,17.7287,277.0,13040.0,2795.0547
143,17.6461,16.5583,2.1083,16.933,274.0,6286.0,2795.0547
144,16.9638,16.6605,1.9935,16.8763,274.0,6286.0,2795.0547
145,16.8696,16.6548,2.0423,17.115,275.0,6298.0,2795.0547
146,17.1171,16.666,2.0146,16.9995,274.0,6286.0,2795.0547
147,16.9678,16.5469,2.4264,17.6045,273.0,6274.0,2795.0547
148,17.6438,16.0574,2.4799,17.8337,309.0,8386.0,2795.0547
149,17.8252,16.7788,2.6655,17.1598,307.0,14698.0,2795.0547
150,17.1717,16.6696,3.0242,16.4478,299.0,14538.0,2795.0547
151,16.477,16.7421,2.9716,16.6644,317.0,19414.0,2795.0547
152,16.6638,16.5597,2.4639,17.2956,314.0,23414.0,2795.0547
153,17.2443,16.9996,2.7526,17.3968,313.0,8390.0,2795.0547
154,17.4708,16.308,2.4721,16.9065,312.0,8378.0,2795.0547
155,16.9403,16.8526,2.7171,18.4969,310.0,8376.0,2795.0547
156,18.411,16.5367,2.6051,17.0738,310.0,9444.0,2795.0547
157,17.0952,16.4008,2.585,16.9556,311.0,11052.0,2795.0547
158,17.0327,16.6537,2.7318,16.8621,308.0,19546.0,2795.0547
159,16.8721,16.83,2.669,17.522,309.0,17962.0,2795.0547
160,17.4052,16.675,2.2745,16.8076,308.0,8374.0,2795.0547
161,16.7909,16.661,2.0863,17.4336,308.0,8374.0,2795.0547
162,17.4685,16.4111,1.94,16.4041,308.0,8374.0,2795.0547
163,16.4093,16.4848,1.9812,16.7552,308.0,8838.0,2795.0547
164,16.7317,16.4838,2.0168,17.2191,309.0,8850.0,2795.0547
165,17.2915,16.512,2.0438,17.6676,309.0,8386.0,2795.0547
166,17.5876,16.5421,1.9338,16.2479,308.0,10230.0,2795.0547
167,16.2503,16.646,1.9817,17.6402,309.0,8850.0,2795.0547
168,17.6516,16.5268,1.8933,17.5156,313.0,8668.0,2795.0547
169,17.5215,16.6053,2.13,18.0032,314.0,11083.0,2795.0547
170,18.016,16.421,2.1521,16.8534,319.0,14467.0,2795.0547
171,16.8104,16.8354,2.0224,17.0638,311.0,8704.0,2795.0547
172,17.0694,15.4689,1.8747,17.1975,311.0,13164.0,2795.0547
173,17.2033,15.519,1.9074,16.3641,310.0,10696.0,2795.0547
174,16.3421,15.5922,1.9384,17.3659,308.0,8374.0,2795.0547
175,17.4008,16.4008,1.9682,16.7781,312.0,11890.0,2795.0547
176,16.755,16.5888,2.0268,16.8833,316.0,27484.0,2795.0547
177,16.8852,16.5417,1.9245,17.397,318.0,33400.0,2795.0547
178,17.4077,16.5727,2.0747,17.3284,274.0,6286.0,2795.0547
179,17.33,16.2654,2.0422,16.2643,273.0,6274.0,2795.0547
180,16.2579,16.4478,1.9754,17.2044,309.0,20008.0,2795.0547
181,17.2334,16.4423,1.9455,16.6374,312.0,15722.0,2795.0547
182,16.6061,16.4823,2.1393,17.0013,276.0,6406.0,2795.0547
183,17.0158,16.7226,2.0956,16.9472,273.0,6274.0,2795.0547
184,16.9084,16.4579,1.9345,17.1436,305.0,8406.0,2795.0547
185,17.2608,16.6211,2.1474,17.2615,278.0,6290.0,2795.0547
186,17.216,16.6079,1.9549,16.9272,286.0,6818.0,2795.0547
187,16.885,16.5506,1.8845,17.1703,313.0,22019.0,2795.0547
188,17.2085,16.7382,2.0545,17.4669,311.0,13620.0,2795.0547
189,17.4153,16.4431,2.0219,16.6798,312.0,10247.0,2795.0547
190,16.7094,16.9253,2.5275,17.2913,310.0,11243.0,2795.0547
191,17.3041,16.3173,2.6506,17.1473,310.0,22314.0,2795.0547
192,17.1334,16.6977,2.6304,17.3045,309.0,47912.0,2795.0547
193,17.4987,16.5667,2.7845,17.1509,309.0,19168.0,2795.0547
194,17.0662,16.7476,2.8924,18.4867,279.0,13064.0,2795.0547
195,18.4515,16.9335,2.6585,17.9022,273.0,6274.0,2795.0547
196,17.885,16.4928,2.3918,15.397,274.0,6286.0,2795.0547
197,15.3486,16.4604,2.2141,17.6798,273.0,6274.0,2795.0547
198,17.7034,16.6577,2.1667,16.5499,273.0,6274.0,2795.0547
199,16.5402,16.5574,1.9933,17.5222,273.0,6274.0,2795.0547
200,17.4986,16.5799,2.0405,16.6926,312.0,8378.0,2795.0547
201,16.7459,16.5705,1.9574,17.685,313.0,14774.0,2795.0547
202,17.6781,16.6964,2.031,17.6061,302.0,16218.0,2795.0547
203,17.5787,16.6534,2.0048,16.4776,319.0,17728.0,2795.0547
204,16.5176,16.7296,2.0319,18.2205,310.0,23388.0,2795.0547
205,18.259,16.4775,2.4236,16.1895,311.0,8388.0,2795.0547
206,16.1484,16.611,2.0986,17.9289,308.0,8374.0,2795.0547
207,17.9434,16.6295,2.1315,16.8606,309.0,8386.0,2795.0547
208,16.8,16.5259,1.972,17.9234,308.0,9442.0,2795.0547
209,17.9515,16.8655,1.989,16.889,308.0,11038.0,2795.0547
210,16.9342,16.5251,1.9903,16.7566,309.0,19558.0,2795.0547
211,16.7393,16.575,2.0266,17.1311,308.0,17950.0,2795.0547
212,17.0936,16.1008,2.0199,17.1115,308.0,8374.0,2795.0547
213,17.0749,16.3744,2.0143,16.7326,308.0,8374.0,2795.0547
214,16.7621,16.3084,1.9251,17.0431,308.0,8374.0,2795.0547
215,17.1702,16.4568,2.2988,17.1167,310.0,8862.0,2795.0547
216,17.0303,16.5281,2.1235,17.7037,312.0,8842.0,2795.0547
217,17.726,16.4357,2.1876,16.5497,314.0,8402.0,2795.0547
218,16.4767,16.6933,2.1323,17.5677,312.0,10234.0,2795.0547
219,17.6566,16.4932,2.2486,16.8144,311.0,8852.0,2795.0547
220,16.7468,16.7386,2.2067,16.3615,310.0,8654.0,2795.0547
221,16.3572,16.4898,2.0045,17.3858,313.0,11093.0,2795.0547
222,17.34,16.6131,1.9273,17.0232,314.0,14451.0,2795.0547
223,17.0865,16.5594,2.0183,16.7909,308.0,9154.0,2795.0547
224,16.7525,16.528,1.9763,16.9373,308.0,12686.0,2795.0547
225,17.0298,16.5509,1.9979,17.4073,310.0,10718.0,2795.0547
226,17.3474,16.6287,2.1829,17.1096,309.0,9414.0,2795.0547
227,17.0658,16.7951,2.665,17.5911,309.0,10826.0,2795.0547
228,17.7061,16.3216,3.1358,16.59,317.0,27558.0,2795.0547
229,16.5853,16.7272,3.4253,17.1559,316.0,33266.0,2795.0547
230,17.1765,16.7195,2.5117,17.6539,274.0,6286.0,2795.0547
231,17.6911,16.8107,2.6714,18.1833,273.0,6274.0,2795.0547
232,18.1471,16.6108,2.2678,16.4511,313.0,20012.0,2795.0547
233,16.4097,16.8593,2.4185,17.4118,316.0,15726.0,2795.0547
234,17.4187,16.7211,2.0629,16.8952,279.0,6398.0,2795.0547
235,16.8661,16.8007,2.0209,17.8103,276.0,6288.0,2795.0547
236,17.7945,16.5199,2.0254,16.7784,303.0,8404.0,2795.0547
237,16.734,16.5735,2.2329,16.9229,276.0,6288.0,2795.0547
238,17.2724,16.4903,2.5644,16.8911,282.0,6814.0,2795.0547
239,16.5737,16.499,2.1603,17.0997,313.0,22041.0,2795.0547
240,17.1163,16.5855,1.9242,17.3842,308.0,13606.0,2795.0547
241,17.3683,16.636,2.0056,17.6221,310.0,10245.0,2795.0547
242,17.6442,15.6961,2.1149,17.3763,310.0,11243.0,2795.0547
243,17.3353,16.0629,1.9906,17.6971,308.0,22290.0,2795.0547
244,17.6947,17.1518,2.0505,18.4726,308.0,47900.0,2795.0547
245,18.5051,17.7329,1.964,15.7112,308.0,19156.0,2795.0547
246,15.7595,15.0938,2.0811,16.6075,277.0,13040.0,2795.0547
247,16.5415,16.2721,1.9872,16.7527,274.0,6286.0,2795.0547
248,16.7642,16.4756,1.9831,17.0764,277.0,6278.0,2795.0547
249,17.0807,16.4387,1.9512,16.8919,277.0,6278.0,2795.0547
250,16.8883,16.3503,1.9122,16.8189,277.0,6278.0,2795.0547
251,16.8384,16.3441,2.2294,16.933,275.0,6276.0,2795.0547
252,16.8875,16.4846,2.1117,17.3819,310.0,8376.0,2795.0547
253,17.4092,16.3035,2.0251,16.8646,310.0,14760.0,2795.0547
254,16.8871,16.4443,2.2175,16.4677,298.0,16214.0,2795.0547
255,16.4295,16.4057,1.9835,17.015,316.0,17714.0,2795.0547
256,17.0238,16.5258,1.9125,17.0978,309.0,23398.0,2795.0547
257,17.1194,16.593,1.8895,16.9414,308.0,8374.0,2795.0547
258,16.9824,16.5223,2.1079,16.7072,308.0,8374.0,2795.0547
259,16.6379,16.3494,1.9835,17.1432,309.0,8386.0,2795.0547
260,17.1582,16.5636,2.1032,17.2198,308.0,9442.0,2795.0547
261,17.2189,16.6981,1.9568,17.2558,309.0,11050.0,2795.0547
262,17.2509,16.7159,1.9592,17.4774,309.0,19558.0,2795.0547
263,17.4563,16.5473,2.0588,17.0273,308.0,17950.0,2795.0547
264,17.0779,16.7547,2.5162,17.6629,313.0,8390.0,2795.0547
265,17.728,16.5845,3.0952,16.9445,312.0,8378.0,2795.0547
266,16.8836,17.0259,3.5674,17.8829,314.0,8402.0,2795.0547
267,18.0297,16.5941,2.481,16.6136,310.0,8840.0,2795.0547
268,16.5444,16.4621,2.2851,17.5797,310.0,8840.0,2795.0547
269,17.6257,16.4497,2.4145,16.488,311.0,8388.0,2795.0547
270,16.4549,16.678,2.3245,18.2622,308.0,10230.0,2795.0547
271,18.1868,16.2996,2.0834,16.1715,308.0,8838.0,2795.0547
272,16.1748,16.7415,2.2123,17.5077,309.0,8664.0,2795.0547
273,17.4805,16.3259,2.3163,16.7573,311.0,11091.0,2795.0547
274,16.8018,16.5245,2.1226,16.6752,314.0,14451.0,2795.0547
275,16.7222,16.5135,2.3693,17.4272,308.0,9154.0,2795.0547
276,17.3421,16.7387,2.1945,17.1728,309.0,12698.0,2795.0547
277,17.2351,16.4049,2.2567,17.26,308.0,10694.0,2795.0547
278,17.1575,16.7424,1.9616,16.3235,309.0,9414.0,2795.0547
279,16.3575,16.6482,1.9697,17.8518,310.0,10838.0,2795.0547
280,17.8736,16.8464,1.9411,17.1684,321.0,27562.0,2795.0547
281,17.1701,16.8178,2.0476,17.7195,321.0,33282.0,2795.0547
282,17.6992,17.1377,1.9702,17.6872,277.0,6278.0,2795.0547
283,17.6881,16.544,1.9783,16.9819,275.0,6276.0,2795.0547
284,16.9673,16.1562,2.0179,17.6771,311.0,20010.0,2795.0547
285,17.7009,15.0127,2.0673,16.2122,314.0,15724.0,2795.0547
286,16.2435,16.3512,1.9983,16.7383,275.0,6394.0,2795.0547
287,16.7088,16.4002,2.0154,17.2865,275.0,6298.0,2795.0547
288,17.2742,16.6166,1.9465,16.6121,300.0,8390.0,2795.0547
289,16.6076,16.5438,1.9112,17.6275,273.0,6274.0,2795.0547
290,17.6906,16.5919,1.9998,16.9142,282.0,6814.0,2795.0547
291,16.8764,16.6926,1.9519,17.3844,311.0,22017.0,2795.0547
292,17.3931,16.6794,1.995,16.9989,308.0,13606.0,2795.0547
293,16.9816,16.5025,1.9886,17.0493,310.0,10245.0,2795.0547
294,17.1233,16.683,2.0036,17.5675,312.0,11267.0,2795.0547
295,17.4745,16.519,2.0952,16.7788,308.0,22290.0,2795.0547
296,16.7872,16.345,2.132,17.2378,312.0,47904.0,2795.0547
297,17.2533,16.4884,1.9951,16.5404,314.0,19184.0,2795.0547
298,16.5477,16.3661,1.9356,16.5884,282.0,13056.0,2795.0547
299,16.7162,16.4893,2.131,17.3065,276.0,6288.0,2795.0547
300,17.1593,16.3254,1.8886,16.2333,276.0,6288.0,2795.0547
301,16.2207,16.7482,2.1918,17.2971,275.0,6276.0,2795.0547
302,17.3537,16.4022,2.1062,16.9221,273.0,6274.0,2795.0547
303,16.8388,16.6614,2.2862,17.4302,273.0,6274.0,2795.0547
304,17.4791,16.3601,2.4428,16.9655,309.0,8386.0,2795.0547
305,16.9828,16.6686,2.6276,17.0728,309.0,14770.0,2795.0547
306,17.1333,16.4158,2.4938,17.0555,298.0,16214.0,2795.0547
307,17.0886,16.541,2.426,17.4765,316.0,17714.0,2795.0547
308,17.4493,16.5536,2.6922,16.8363,308.0,23386.0,2795.0547
309,16.8477,16.808,2.3692,17.8243,308.0,8374.0,2795.0547
310,17.8361,16.6569,2.4475,17.1749,309.0,8386.0,2795.0547
311,17.1041,16.4449,2.1911,16.7027,308.0,8374.0,2795.0547
312,16.6735,16.4887,1.9458,16.7769,313.0,9458.0,2795.0547
313,16.8391,16.6124,2.0503,17.2506,313.0,11054.0,2795.0547
314,17.2142,16.4781,1.9908,17.0855,312.0,19550.0,2795.0547
315,17.0774,16.4767,1.9314,16.675,310.0,17952.0,2795.0547
316,16.7005,16.4209,2.0661,17.0727,311.0,8388.0,2795.0547
317,17.0292,16.4874,2.0103,16.6022,310.0,8376.0,2795.0547
318,16.6029,16.6328,1.9666,17.5907,309.0,8386.0,2795.0547
319,17.6144,16.8291,1.8857,17.2718,308.0,8838.0,2795.0547
320,17.2877,16.5609,1.9974,16.9083,308.0,8838.0,2795.0547
321,16.9121,16.6726,2.277,18.5662,309.0,8386.0,2795.0547
322,18.6976,16.7443,2.3737,17.5345,308.0,10230.0,2795.0547
323,17.4564,16.9591,2.1737,17.9149,309.0,8850.0,2795.0547
324,17.9164,16.462,2.3755,17.209,309.0,8664.0,2795.0547
325,17.1775,16.9766,2.2389,16.8561,311.0,11091.0,2795.0547
326,16.9101,16.6137,2.2726,16.8468,315.0,14463.0,2795.0547
327,16.7744,16.3013,2.1446,16.9852,308.0,9154.0,2795.0547
328,17.0907,16.5209,2.1788,16.5376,314.0,12714.0,2795.0547
329,16.3838,16.6078,2.0851,17.4746,312.0,10698.0,2795.0547
330,17.4969,16.5893,1.9961,16.8965,314.0,9430.0,2795.0547
331,16.905,16.6006,2.0253,16.9229,311.0,10828.0,2795.0547
332,16.9351,16.3892,2.1944,17.377,319.0,27560.0,2795.0547
333,17.318,16.4301,2.2323,16.5089,318.0,33268.0,2795.0547
334,16.4932,16.5303,2.3639,17.2259,273.0,6274.0,2795.0547
335,17.2847,16.3942,2.0918,16.9037,273.0,6274.0,2795.0547
336,16.8847,16.5335,2.0382,17.0165,309.0,20008.0,2795.0547
337,17.0562,16.364,2.0084,16.426,312.0,15722.0,2795.0547
338,16.3787,16.7967,1.9354,17.3393,275.0,6394.0,2795.0547
339,17.3829,16.1879,1.9159,16.6051,274.0,6286.0,2795.0547
340,16.5934,16.6548,2.0321,16.8544,300.0,8390.0,2795.0547
341,16.8339,16.3193,1.8652,17.0085,273.0,6274.0,2795.0547
342,17.0567,16.5258,1.9726,17.226,282.0,6814.0,2795.0547
343,17.1944,16.7196,2.3829,17.0169,311.0,22017.0,2795.0547
344,17.0171,16.6733,2.6999,17.6721,313.0,13622.0,2795.0547
345,17.7093,16.4813,2.6731,16.9838,315.0,10261.0,2795.0547
346,17.1512,16.8402,2.8058,18.0953,314.0,11247.0,2795.0547
347,17.9727,16.755,2.4474,17.3089,310.0,22292.0,2795.0547
348,17.2374,16.7128,2.3733,17.1363,310.0,47902.0,2795.0547
349,17.1454,16.7154,2.3296,17.2367,310.0,19158.0,2795.0547
350,17.2279,16.5372,2.1472,17.1024,278.0,13052.0,2795.0547
351,17.2549,16.416,2.3322,16.3861,273.0,6274.0,2795.0547
352,16.303,16.516,1.9914,16.9617,273.0,6274.0,2795.0547
353,16.933,16.4004,2.1966,16.7508,273.0,6274.0,2795.0547
354,16.7019,16.3925,1.9642,16.6817,273.0,6274.0,2795.0547
355,16.7137,16.5175,1.9787,17.1281,274.0,6286.0,2795.0547
356,17.1044,16.5767,1.9684,17.6866,308.0,8374.0,2795.0547
357,17.7108,16.4124,2.0618,16.747,310.0,14782.0,2795.0547
358,16.7296,16.6188,1.9886,16.9448,298.0,16214.0,2795.0547
359,16.8965,16.3586,2.0029,17.6393,316.0,17714.0,2795.0547
360,17.7399,16.6694,1.925,17.8293,312.0,23390.0,2795.0547
361,17.7658,16.4273,1.97,16.5711,313.0,8390.0,2795.0547
362,16.5868,16.8488,1.899,17.55,312.0,8378.0,2795.0547
363,17.5332,16.6266,1.9541,17.1059,310.0,8376.0,2795.0547
364,17.0508,17.919,1.9613,17.3248,310.0,9444.0,2795.0547
365,17.4406,14.6255,2.0606,17.1825,310.0,11040.0,2795.0547
366,17.1218,16.3959,1.9908,16.7292,310.0,19570.0,2795.0547
367,16.7587,16.3927,2.0085,16.8842,308.0,17950.0,2795.0547
368,16.8638,16.6402,2.0683,17.5435,308.0,8374.0,2795.0547
369,17.5576,16.3648,2.1162,16.581,308.0,8374.0,2795.0547
370,16.5717,16.3273,2.0791,17.1458,309.0,8386.0,2795.0547
371,17.1564,16.4753,2.0747,16.7108,309.0,8850.0,2795.0547
372,16.6822,16.4666,1.9689,17.3813,308.0,8838.0,2795.0547
373,17.4128,16.4319,1.9802,16.4902,308.0,8374.0,2795.0547
374,16.5171,16.3563,1.9291,16.9253,308.0,10230.0,2795.0547
375,16.8937,16.5908,1.9824,17.2812,309.0,8850.0,2795.0547
376,17.2895,16.2332,1.9666,16.7593,313.0,8668.0,2795.1797
377,16.7463,15.6161,2.0229,17.1417,314.0,11083.0,2795.1797
378,17.1305,16.609,2.0251,17.0075,319.0,14467.0,2795.1797
379,17.0804,16.5167,2.1031,17.0981,310.0,9156.0,2795.1797
380,17.0815,16.5733,2.3964,16.9895,310.0,12688.0,2795.1797
381,17.0104,16.4828,2.2663,17.3608,310.0,10696.0,2795.1797
382,17.2859,16.6,2.2035,17.0402,310.0,9426.0,2795.1797
383,17.1261,16.6256,2.6086,18.6214,309.0,10826.0,2795.1797
384,18.6648,16.5116,3.1164,15.0786,317.0,27558.0,2795.1797
385,14.9715,16.7304,3.0976,17.027,318.0,33290.0,2795.1797
386,17.0105,16.5667,2.8183,17.0484,273.0,6274.0,2795.1797
387,17.2394,16.5943,3.043,18.1074,274.0,6286.0,2795.1797
388,18.0415,16.7002,2.6427,17.4552,308.0,19996.0,2795.1797
389,17.3638,16.6966,2.3564,16.8798,312.0,15722.0,2795.1797
390,17.033,16.5562,2.2127,17.1707,275.0,6394.0,2795.1797
391,17.0431,16.4467,2.2181,18.0244,274.0,6286.0,2795.1797
392,17.9969,16.5861,2.122,16.9718,305.0,8406.0,2795.1797
393,17.0422,16.7684,2.0932,16.2082,277.0,6278.0,2795.1797
394,16.1087,16.4304,2.0082,17.5154,286.0,6818.0,2795.1797
395,17.5377,16.7584,2.0848,16.4756,314.0,22031.0,2795.1797
396,16.4758,16.4882,1.9236,17.3939,310.0,13608.0,2795.1797
397,17.4045,16.413,2.0748,16.6652,312.0,10247.0,2795.1797
398,16.6429,16.4622,1.9804,17.2697,310.0,11243.0,2795.1797
399,17.2318,16.7469,1.8982,17.0902,309.0,22302.0,2795.1797
400,17.166,16.4958,2.1309,16.8489,308.0,47900.0,2795.1797
401,16.9802,16.5414,2.0967,17.3099,309.0,19168.0,2795.1797
402,17.1837,15.2206,2.0717,18.109,277.0,13040.0,2795.1797
403,18.1135,16.0526,1.9337,16.8104,273.0,6274.0,2795.1797
404,16.7456,16.0341,1.9101,17.1109,273.0,6274.0,2795.1797
405,17.1709,15.7511,1.9561,17.1112,275.0,6298.0,2795.1797
406,17.0492,14.899,2.1091,17.5853,275.0,6298.0,2795.1797
407,17.6429,16.0937,2.0041,16.1617,273.0,6274.0,2795.1797
408,16.2203,16.5591,1.9931,17.2931,312.0,8378.0,2795.1797
409,17.2947,16.5278,2.0368,16.8472,312.0,14762.0,2795.1797
410,16.7394,16.6535,1.9693,18.1033,303.0,16230.0,2795.1797
411,18.1744,16.3367,2.0524,16.2295,318.0,17716.0,2795.1797
412,16.1708,16.5301,2.1771,17.0164,310.0,23388.0,2795.1797
413,17.0573,16.3981,2.3227,17.1276,312.0,8400.0,2795.1797
414,17.113,16.5445,2.4159,17.4123,373.0,21340.0,2795.1797
415,17.4129,18.4112,2.2224,18.4427,345.0,9598.0,2795.1797
416,18.4051,17.6216,2.0092,18.1505,341.0,10330.0,2795.1797
417,18.2297,16.6383,2.8668,17.1888,341.0,11926.0,2795.1797
418,17.2098,16.4832,2.5793,16.684,341.0,20434.0,2795.1797
419,16.7819,15.9512,2.8802,16.7059,341.0,18838.0,2795.1797
420,16.6441,16.3053,2.6393,16.7061,341.0,9262.0,2795.1797
421,16.695,16.0908,2.4753,16.6139,341.0,9262.0,2795.1797
422,16.6646,16.0863,2.6224,16.322,341.0,9262.0,2795.1797
423,16.3693,16.52,2.9081,16.9752,341.0,10190.0,2795.1797
424,16.9647,16.167,2.4337,16.6361,345.0,9266.0,2795.1797
425,16.5414,16.0677,2.7615,16.151,345.0,10658.0,2795.1797
426,16.1276,16.117,2.6983,16.7371,345.0,10194.0,2795.1797
427,16.7556,16.0189,2.8559,16.2709,343.0,9542.0,2795.1797
428,16.1874,16.2222,2.7683,17.043,345.0,11691.0,2795.1797
429,17.0735,15.8223,4.1548,16.2253,350.0,15631.0,2795.1797
430,16.3046,15.8932,2.5463,17.0707,340.0,10330.0,2795.1797
431,17.0208,15.9973,2.4495,16.0694,340.0,12634.0,2795.1797
432,16.0004,15.9948,2.2717,16.7798,341.0,12074.0,2795.1797
433,16.8834,15.922,2.9298,15.9119,340.0,9854.0,2795.1797
434,15.9013,15.92,2.6669,16.2864,346.0,22112.0,2795.1797
435,16.261,15.7563,2.2786,16.4284,356.0,36814.0,2795.1797
436,16.4129,16.0978,2.2997,16.4028,318.0,12400.0,2795.1797
437,16.3677,15.9312,2.0905,16.0615,305.0,7078.0,2795.1797
438,16.0576,15.8044,1.9389,16.7155,305.0,7078.0,2795.1797
439,16.8378,15.7472,1.9779,16.6158,340.0,21228.0,2795.1797
440,16.5152,16.1027,1.9491,16.3618,344.0,15554.0,2795.1797
441,16.3751,15.9456,2.0158,16.4075,311.0,7202.0,2795.1797
442,16.389,15.8004,2.1448,16.3717,309.0,7082.0,2795.1797
443,16.3553,15.9748,1.9823,16.0016,329.0,8896.0,2795.1797
444,16.0264,15.8873,1.9524,16.8218,308.0,7092.0,2795.1797
445,16.8215,15.904,1.9648,16.4067,316.0,7620.0,2795.1797
446,16.398,15.9134,1.9829,16.5411,343.0,22821.0,2795.1797
447,16.6181,15.7944,1.976,16.1813,342.0,16281.0,2795.1797
448,16.1002,16.204,1.9765,16.8366,340.0,9178.0,2795.1797
449,16.8468,15.8131,1.9966,16.8055,342.0,12047.0,2795.1797
450,16.8053,16.1059,1.9621,16.427,340.0,28326.0,2795.1797
451,16.4285,15.6795,2.2138,15.9013,340.0,48824.0,2795.1797
452,15.914,15.9616,2.1083,16.2255,334.0,14248.0,2795.1797
453,16.1833,15.4005,2.1494,15.7804,309.0,13844.0,2795.1797
454,15.7469,15.2839,2.1843,16.7956,305.0,7078.0,2795.1797
455,16.9682,14.8279,2.3528,16.3933,306.0,7090.0,2795.1797
456,16.3055,15.1698,2.4231,17.1658,309.0,7082.0,2795.1797
457,17.1309,16.0126,2.564,16.051,344.0,9182.0,2795.1797
458,16.0701,16.4247,2.3572,17.2864,344.0,15566.0,2795.1797
459,17.2871,16.7483,2.5535,17.4575,332.0,17020.0,2795.1797
460,17.4786,15.8623,2.1111,16.2554,350.0,23140.0,2795.1797
461,16.2849,16.0643,2.1428,16.3539,342.0,17344.0,2795.1797
462,16.3672,16.3056,2.1892,16.8325,340.0,9426.0,2795.1797
463,16.7619,16.2449,2.0633,17.3103,337.0,9122.0,2795.1797
464,17.3236,15.4281,2.1803,16.8559,340.0,9486.0,2795.1797
465,16.9021,17.1991,2.1026,16.3935,340.0,9178.0,2795.1797
466,16.3289,15.1968,2.0833,16.534,341.0,12922.0,2795.1797
467,16.5098,16.4087,1.9972,16.6528,340.0,13966.0,2795.1797
468,16.649,15.7437,2.1258,16.6927,340.0,18754.0,2795.1797
469,16.7335,15.3335,2.0168,16.615,340.0,15562.0,2795.1797
470,16.7219,16.2018,1.9922,16.9184,340.0,9178.0,2795.1797
471,16.7961,15.1278,2.4485,17.2918,340.0,9178.0,2795.1797
472,17.2869,16.0445,2.2731,16.6644,345.0,9658.0,2795.1797
473,16.7226,14.7729,2.1616,16.5884,344.0,9646.0,2795.1797
474,16.5459,17.029,2.0672,16.2817,344.0,10110.0,2795.1797
475,16.3115,15.9973,2.0578,16.7322,343.0,10120.0,2795.1797
476,16.713,15.3851,2.1298,16.6981,342.0,9644.0,2795.1797
477,16.7225,16.0331,2.0428,16.7747,344.0,11885.0,2795.1797
478,16.7716,15.1821,2.0881,16.6648,342.0,11791.0,2795.1797
479,16.6531,16.6567,2.1375,16.3601,344.0,14072.0,2795.1797
480,16.3372,14.806,2.0471,16.6034,340.0,11258.0,2795.1797
481,16.6006,17.216,1.9935,17.4605,341.0,12058.0,2795.1797
482,17.5047,16.251,2.2246,17.0473,340.0,11246.0,2795.1797
483,17.0897,15.9546,2.2781,16.3661,343.0,14008.0,2795.1797
484,16.3419,15.3009,2.4642,16.8671,356.0,40240.0,2795.1797
485,16.862,16.6185,2.2628,16.6722,320.0,12476.0,2795.1797
486,16.6477,15.7863,2.1392,16.4195,319.0,12412.0,2795.1797
487,16.4207,15.9759,2.7663,16.8804,305.0,7078.0,2795.1797
488,16.9143,15.6601,2.4171,17.2797,309.0,7082.0,2795.1797
489,17.2575,16.2257,2.4343,16.4611,344.0,21232.0,2795.1797
490,16.5094,16.2455,2.4074,16.5048,346.0,15674.0,2795.1797
491,16.5783,16.0096,2.2773,16.5616,307.0,7080.0,2795.1797
492,16.5054,16.017,2.3552,16.9827,307.0,7080.0,2795.1797
493,17.0141,16.191,2.3283,16.825,329.0,8896.0,2795.1797
494,16.7377,16.3586,2.2984,16.5259,305.0,7078.0,2795.1797
495,16.5226,16.0546,2.1556,16.4646,314.0,7618.0,2795.1797
496,16.5569,16.4788,2.3312,17.4794,343.0,22821.0,2795.1797
497,17.3737,16.1214,2.4846,17.2155,342.0,16281.0,2795.1797
498,17.2537,16.1525,2.3097,17.0653,340.0,9178.0,2795.1797
499,17.0407,16.7216,2.4122,17.2189,343.0,12059.0,2795.1797
500,17.1833,16.3266,2.7496,16.4099,340.0,28326.0,2795.1797
501,16.4492,16.3032,2.8382,17.4541,340.0,48824.0,2795.1797
502,17.4877,16.1349,2.4533,15.789,337.0,19612.0,2795.1797
503,15.8785,16.2464,2.3909,17.7583,307.0,8492.0,2795.1797
504,17.6375,15.9554,2.4988,17.0275,309.0,7082.0,2795.1797
505,17.0527,16.1984,2.4121,17.2081,309.0,7082.0,2795.1797
506,17.2793,16.4893,2.7548,16.6153,310.0,7094.0,2795.1797
507,16.655,16.0374,3.2411,16.35,342.0,9180.0,2795.1797
508,16.2158,16.3504,2.9375,16.9815,342.0,15564.0,2795.1797
509,17.0858,16.311,2.4717,16.7798,333.0,17032.0,2795.1797
510,16.6366,16.3691,3.1593,16.808,348.0,23138.0,2795.1797
511,16.8418,15.1072,2.7506,16.6577,341.0,17354.0,2795.1797
512,16.6041,16.5729,2.414,17.3283,340.0,9426.0,2795.1797
513,17.3702,16.1409,2.9323,16.4678,340.0,9302.0,2795.1797
514,16.5258,16.4782,2.9113,17.0735,340.0,9486.0,2795.1797
515,17.0661,16.245,3.1888,16.4314,340.0,10774.0,2795.1797
516,16.3833,16.2587,3.0822,17.3107,340.0,11314.0,2795.1797
517,17.3165,16.3762,3.2178,16.6664,340.0,17158.0,2795.1797
518,16.6585,16.3118,2.7946,17.1363,340.0,15562.0,2795.1797
519,17.2361,16.4523,3.0414,16.6342,340.0,15562.0,2795.1797
520,16.6524,16.4672,3.0605,17.5255,344.0,9182.0,2795.1797
521,17.4931,16.2508,3.1627,16.9661,344.0,9182.0,2795.1797
522,17.0545,16.6121,2.6334,17.4766,344.0,9646.0,2795.1797
523,17.3736,16.306,2.671,15.9797,342.0,9644.0,2795.1797
524,16.0083,16.6018,2.6504,17.5479,342.0,10108.0,2795.1797
525,17.5443,16.4521,2.7338,18.2475,342.0,10108.0,2795.1797
526,18.2388,16.4394,2.4691,17.119,340.0,9642.0,2795.1797
527,17.1241,16.2057,2.7229,16.0147,344.0,13754.0,2795.1797
528,16.0023,16.5333,2.636,16.7519,340.0,9920.0,2795.1797
529,16.7736,16.2293,2.9116,17.1906,344.0,14072.0,2795.1797
530,17.1499,16.4776,2.4418,17.4247,340.0,11258.0,2795.1797
531,17.4782,16.307,3.0813,16.7209,341.0,12104.0,2795.1797
532,16.7056,16.3703,2.3533,16.7293,340.0,11200.0,2795.1797
533,16.7003,16.4724,2.7894,17.2808,344.0,17356.0,2795.1797
534,17.2408,16.24,2.3365,15.9931,355.0,36892.0,2795.1797
535,15.9641,16.2996,2.3878,16.7436,332.0,17738.0,2795.1797
536,16.7929,16.563,2.2316,17.2987,309.0,7082.0,2795.1797
537,17.3303,16.1896,2.3205,16.647,309.0,7082.0,2795.1797
538,16.6561,16.4143,2.3956,16.9988,344.0,21232.0,2795.1797
539,16.983,16.3388,2.3246,16.2577,345.0,15732.0,2795.1797
540,16.211,16.2931,2.2602,17.4207,307.0,7080.0,2795.1797
541,17.4793,16.1651,2.5101,16.1884,326.0,8716.0,2795.1797
542,16.2934,16.4154,2.3388,16.6659,308.0,7210.0,2795.1797
543,16.4901,16.5058,2.0879,16.5725,305.0,7078.0,2795.1797
544,16.5655,16.4738,1.9928,17.1406,314.0,7618.0,2795.1797
545,17.1491,16.209,2.4249,17.3396,343.0,22821.0,2795.1797
546,17.3541,16.318,2.1187,16.7848,342.0,16281.0,2795.1797
547,16.7923,16.105,2.24,16.6479,340.0,9178.0,2795.1797
548,16.6593,16.4819,2.1373,17.1892,343.0,12059.0,2795.1797
549,17.1918,16.1424,2.1737,16.5152,340.0,28326.0,2795.1797
550,16.5166,15.8224,2.0526,17.3721,340.0,48824.0,2795.1797
551,17.3411,16.2692,2.1141,16.8636,338.0,19840.0,2795.1797
552,16.8947,16.0594,2.1051,17.6788,309.0,8256.0,2795.1797
553,17.6515,16.0812,2.0385,16.6576,309.0,7082.0,2795.1797
554,16.7129,15.8325,2.0087,17.2853,309.0,7082.0,2795.1797
555,17.2837,15.1909,2.0915,16.6837,307.0,7080.0,2795.1797
556,16.649,16.5426,2.1386,17.1973,342.0,9180.0,2795.1797
557,17.2196,14.6295,2.2852,16.6747,342.0,15564.0,2795.1797
558,16.6528,14.5768,2.1196,16.3659,330.0,17018.0,2795.1797
559,16.4057,14.5875,2.1059,17.6295,348.0,23138.0,2795.1797
560,17.6201,16.234,2.1141,16.3615,340.0,17342.0,2795.1797
561,16.4047,15.626,2.0747,16.9379,341.0,9438.0,2795.1797
562,16.8805,15.8512,2.1864,16.5391,341.0,9314.0,2795.1797
563,16.526,16.0298,2.1207,16.4687,340.0,9486.0,2795.1797
564,16.4453,15.928,1.8965,16.8821,340.0,10774.0,2795.1797
565,16.8852,14.8698,2.0497,17.2003,340.0,11314.0,2795.1797
566,17.1836,17.8439,2.1306,16.194,340.0,17158.0,2795.1797
567,16.259,16.1537,2.0769,17.4442,340.0,15562.0,2795.1797
568,17.4553,16.0753,2.0526,16.446,344.0,15566.0,2795.1797
569,16.386,16.2071,2.0944,16.696,345.0,9194.0,2795.1797
570,16.6936,15.978,2.0397,16.3213,344.0,9182.0,2795.1797
571,16.34,16.1453,2.3173,16.6887,343.0,9656.0,2795.1797
572,16.6862,16.3507,2.2206,19.6272,342.0,9644.0,2795.1797
573,19.6195,16.2677,2.3251,14.6073,342.0,10108.0,2795.1797
574,14.6244,16.1843,2.1576,17.4602,340.0,10106.0,2795.1797
575,17.4979,14.9936,2.318,16.271,340.0,9642.0,2795.1797
576,16.2466,16.6453,2.3173,17.4539,344.0,13754.0,2795.1797
577,17.4408,16.2554,2.6546,16.1208,340.0,9920.0,2795.1797
578,16.2011,16.2293,2.2861,17.0162,344.0,14072.0,2795.1797
579,17.0201,16.3909,2.3086,16.7375,340.0,11258.0,2795.1797
580,16.6708,16.1691,2.3599,17.3725,341.0,12104.0,2795.1797
581,17.3693,16.0881,2.2094,15.3487,340.0,11200.0,2795.1797
582,15.3281,16.0039,2.141,17.0427,345.0,17368.0,2795.1797
583,17.0667,16.2573,2.2226,16.9244,355.0,36892.0,2795.1797
584,16.97,16.2783,2.3039,16.6671,336.0,17742.0,2795.1797
585,16.6992,16.3832,2.2322,17.336,310.0,7094.0,2795.1797
586,17.293,16.235,2.3761,16.4298,309.0,7082.0,2795.1797
587,16.4499,16.46,2.3455,17.3274,342.0,21230.0,2795.1797
588,17.3195,16.161,2.8598,17.9352,345.0,15732.0,2795.1797
589,17.8881,16.3737,2.6945,17.0025,307.0,7080.0,2795.1797
590,17.0209,16.1567,3.3701,16.7372,327.0,8894.0,2795.1797
591,16.7915,16.3821,3.2301,15.4864,305.0,7078.0,2795.1797
592,15.4029,16.1056,2.7482,16.6761,307.0,7198.0,2795.1797
593,16.7051,16.92,2.3277,17.0729,328.0,11266.0,2795.1797
594,17.0073,16.3242,2.1518,16.6598,343.0,25245.0,2795.1797
595,16.7051,16.1661,2.0361,17.2659,342.0,11049.0,2795.1797
596,17.2527,16.0494,2.109,15.7875,340.0,9744.0,2795.1797
597,15.756,16.2177,2.2288,16.9788,342.0,28671.0,2795.1797
598,16.9716,16.0703,2.1763,16.6509,340.0,33120.0,2795.1797
599,16.701,16.3571,2.2198,17.3678,340.0,30632.0,2795.1797
600,17.3511,16.2258,2.0545,16.3622,326.0,16266.0,2795.1797
601,16.3635,16.1952,2.5483,16.6215,309.0,7082.0,2795.1797
602,16.6766,16.2904,2.4916,17.5326,309.0,7082.0,2795.1797
603,17.6129,15.7251,2.9881,16.3319,307.0,7080.0,2795.1797
604,16.2105,16.0983,2.7953,17.3973,318.0,7740.0,2795.1797
605,17.4687,16.2166,3.0333,16.5185,342.0,12372.0,2795.1797
606,16.4517,15.9943,2.6906,17.1863,330.0,11770.0,2795.1797
607,17.2433,16.2133,2.8968,15.2737,342.0,25965.0,2795.1797
608,15.3119,16.0441,2.3927,16.7865,346.0,17983.0,2795.1797
609,16.6565,16.2266,2.1815,16.549,340.0,14274.0,2795.1797
610,16.5819,16.0133,2.3504,17.078,340.0,9426.0,2795.1797
611,17.1097,16.2395,2.1769,16.6545,341.0,9190.0,2795.1797
612,16.5935,16.3193,2.4799,16.7349,340.0,11082.0,2795.1797
613,16.773,16.4117,2.5875,17.5047,340.0,9178.0,2795.1797
614,17.4987,16.2491,3.6076,16.5413,340.0,17698.0,2795.1797
615,16.5571,16.3849,2.7292,16.4712,340.0,12370.0,2795.1797
616,16.4467,16.3983,2.7764,17.2826,344.0,15566.0,2795.1797
617,17.3362,16.5398,3.2332,17.2589,344.0,13970.0,2795.1797
618,17.3649,16.3372,3.3182,17.4541,344.0,9182.0,2795.1797
619,17.5195,16.307,3.0082,17.0393,342.0,9180.0,2795.1797
620,16.9062,16.5128,2.9681,17.61,342.0,9644.0,2795.1797
621,17.6387,16.289,4.0524,15.3312,342.0,9644.0,2795.1797
622,15.3146,16.2791,2.8343,16.303,340.0,10106.0,2795.1797
623,16.4557,16.2687,2.8879,17.4443,340.0,10570.0,2795.1797
624,17.248,16.2117,2.7001,16.8963,342.0,11327.0,2795.1797
625,16.875,16.5271,2.3547,16.9593,342.0,12069.0,2795.1797
626,16.9785,16.2169,2.9713,16.8903,340.0,9456.0,2795.1797
627,17.013,16.6641,2.5079,17.5696,344.0,15688.0,2795.1797
628,17.5704,16.3932,2.4284,17.1968,341.0,11880.0,2795.1797
629,17.0104,16.3311,2.4653,16.3193,340.0,10592.0,2795.1797
630,16.3792,16.1334,2.4259,17.0879,345.0,18664.0,2795.1797
631,17.1057,16.2695,2.2788,16.3892,347.0,21734.0,2795.1797
632,16.4034,16.1065,2.4797,18.1718,359.0,29234.0,2795.1797
633,18.2951,16.9081,3.1071,16.242,318.0,12188.0,2795.1797
634,16.0752,16.2317,2.3653,18.7743,310.0,7094.0,2795.1797
635,18.872,16.7332,2.6524,15.3503,327.0,16048.0,2795.1797
636,15.2344,16.3954,2.932,16.4206,342.0,15222.0,2795.1797
637,16.5125,16.3666,2.3358,17.4613,325.0,12724.0,2795.1797
638,17.4766,16.132,2.2172,15.9722,305.0,7078.0,2795.1797
639,15.9331,16.1876,2.0822,16.6107,327.0,8894.0,2795.1797
640,16.5708,16.4902,2.1955,17.7903,305.0,7078.0,2795.1797
641,17.7755,16.4105,2.1708,16.6616,307.0,7198.0,2795.1797
642,16.7142,16.2439,2.1452,17.5539,330.0,11386.0,2795.1797
643,17.5643,16.1964,2.1595,15.8614,343.0,25245.0,2795.1797
644,15.8054,16.1887,2.1614,16.9156,342.0,11049.0,2795.1797
645,16.9333,16.6371,2.3525,17.0352,340.0,10052.0,2795.1797
646,17.0977,16.0548,2.2998,17.0155,342.0,28827.0,2795.1797
647,17.034,16.373,2.3068,16.6085,340.0,38352.0,2795.1797
648,16.5161,16.3378,2.1102,16.2629,344.0,24940.0,2795.1797
649,16.3143,16.4632,2.1129,17.616,324.0,16146.0,2795.1797
650,17.6767,16.422,2.2542,16.7756,309.0,7082.0,2795.1797
651,16.7052,15.5393,1.9815,17.8175,307.0,7080.0,2795.1797
652,17.8448,15.9774,2.1114,15.4596,307.0,7080.0,2795.1797
653,15.4045,16.2862,2.0087,18.3824,334.0,10296.0,2795.1797
654,18.3638,15.6987,2.0656,17.0435,324.0,9814.0,2795.1797
655,17.035,16.3121,1.9674,16.6054,331.0,11830.0,2795.1797
656,16.6358,16.1907,1.9913,17.0113,344.0,27836.0,2795.1797
657,17.065,15.4033,2.3962,16.6304,345.0,16124.0,2795.1797
658,16.5824,15.4505,2.1646,17.0498,340.0,14274.0,2795.1797
659,17.0023,14.6355,2.0351,16.4402,340.0,9426.0,2795.1797
660,16.5738,16.0559,2.0171,17.142,340.0,9178.0,2795.1797
661,17.0243,16.3767,2.0086,16.617,340.0,11082.0,2795.1797
662,16.644,15.0906,2.0226,16.7408,340.0,9178.0,2795.1797
663,16.6786,15.245,1.9837,16.831,340.0,17698.0,2795.1797
664,16.8547,15.583,2.0426,16.7142,344.0,12374.0,2795.1797
665,16.7361,15.6627,2.1971,16.592,344.0,15566.0,2795.1797
666,16.6039,14.8682,2.0588,16.7679,344.0,13970.0,2795.1797
667,16.7779,17.2535,2.0459,16.469,342.0,9180.0,2795.1797
668,16.4922,15.7549,2.0794,16.6554,342.0,9180.0,2795.1797
669,16.6751,15.5886,1.9887,16.9248,342.0,9644.0,2795.1797
670,16.8606,15.0096,1.9837,16.8412,340.0,9642.0,2795.1797
671,16.8286,17.0608,2.2148,16.3048,340.0,10106.0,2795.1797
672,16.321,15.74,2.1876,17.0981,340.0,10570.0,2795.1797
673,17.1521,15.8101,2.1392,16.1004,342.0,11327.0,2795.1797
674,16.0921,15.784,2.0896,16.7153,343.0,12081.0,2795.1797
675,16.8122,14.6043,2.1694,16.983,340.0,9456.0,2795.1797
676,16.815,15.5507,1.9855,16.752,344.0,16376.0,2795.1797
677,16.7974,16.0751,2.1056,16.3567,341.0,11192.0,2795.1797
678,16.3002,15.166,2.0024,17.3841,340.0,10592.0,2795.1797
679,17.4477,15.2166,2.1499,16.2673,344.0,18652.0,2795.1797
680,16.358,16.1976,2.1862,16.7722,352.0,21880.0,2795.1797
681,16.6865,16.8995,2.0482,16.7766,357.0,29032.0,2795.1797
682,16.7791,16.3137,2.0169,16.4088,318.0,12188.0,2795.1797
683,16.4416,15.9681,2.0249,17.0444,307.0,7080.0,2795.1797
684,16.9829,16.1076,1.9615,16.392,342.0,18320.0,2795.1797
685,16.4557,15.0851,2.0692,16.6834,330.0,14881.0,2795.1797
686,16.6514,15.7543,1.9565,16.7403,320.0,10791.0,2795.1797
687,16.8249,15.1582,2.4861,17.5564,305.0,7078.0,2795.1797
688,17.4464,15.2214,2.2644,16.4397,327.0,8894.0,2795.1797
689,16.4717,16.7694,2.4771,16.7396,305.0,7078.0,2795.1797
690,16.7628,15.8155,2.2108,16.9704,314.0,8974.0,2795.1797
691,16.923,16.083,2.2932,16.7606,327.0,9802.0,2795.1797
692,16.7393,16.1608,2.1476,16.1946,345.0,27116.0,2795.1797
693,16.2091,16.2836,2.0475,16.4602,340.0,9178.0,2795.1797
694,16.5906,16.1643,2.0546,16.6453,340.0,15748.0,2795.1797
695,16.485,14.786,2.0075,16.6852,342.0,28363.0,2795.1797
696,16.7034,16.2134,2.0346,16.8003,344.0,38476.0,2795.1797
697,16.8952,16.2227,2.2147,16.2427,345.0,19600.0,2795.1797
698,16.2217,16.2117,1.9782,17.0493,322.0,16026.0,2795.1797
699,17.0861,15.9927,2.0684,16.4716,308.0,7092.0,2795.1797
700,16.3965,16.4377,2.0306,16.9675,308.0,7092.0,2795.1797
701,16.9472,16.0884,2.0656,16.2423,319.0,7800.0,2795.1797
702,16.2475,16.1047,1.9675,16.9809,327.0,9946.0,2795.1797
703,17.0295,16.1278,2.1926,16.9132,323.0,9706.0,2795.1797
704,16.8626,16.1801,2.0436,16.9361,342.0,20717.0,2795.1797
705,16.9809,15.7422,2.0711,16.3806,344.0,24552.0,2795.1797
706,16.3287,16.1696,2.2693,17.0618,342.0,12769.0,2795.1797
707,17.0957,16.1048,2.1397,16.6497,340.0,12678.0,2795.1797
708,16.6883,16.1719,2.0817,16.5787,340.0,9302.0,2795.1797
709,16.5786,15.9556,2.111,16.3626,340.0,9178.0,2795.1797
710,16.2701,16.1997,2.1513,17.6245,340.0,11082.0,2795.1797
711,17.6572,15.9798,2.2098,16.2828,340.0,13966.0,2795.1797
712,16.2903,16.3203,1.9401,16.1766,344.0,14510.0,2795.1797
713,16.1919,16.0069,2.0972,16.9076,344.0,12374.0,2795.1797
714,16.9743,15.2073,2.2332,16.4028,344.0,13970.0,2795.1797
715,16.4094,16.3218,2.2004,16.8467,343.0,13980.0,2795.1797
716,16.7762,16.0098,1.9412,16.7054,342.0,9180.0,2795.1797
717,16.671,16.317,2.118,16.4199,342.0,9180.0,2795.1797
718,16.4203,16.2749,2.0004,17.0411,340.0,9642.0,2795.1797
719,17.0923,16.1525,2.0358,16.6164,340.0,9642.0,2795.1797
720,16.5855,16.3057,1.9809,16.9973,340.0,10106.0,2795.1797
721,17.0001,16.1502,2.0643,16.9994,342.0,12719.0,2795.1797
722,17.0397,16.2268,1.9711,16.1114,340.0,9642.0,2795.1797
723,16.075,16.0949,2.0484,16.6779,342.0,11605.0,2795.1797
724,16.666,16.1384,2.0617,16.7822,340.0,10608.0,2795.1797
725,16.7839,16.107,2.1155,16.8889,344.0,16198.0,2795.1797
726,17.0635,15.7,2.0798,16.5587,341.0,10480.0,2795.1797
727,16.433,15.8727,2.2101,16.7846,343.0,15992.0,2795.1797
728,16.7576,16.1792,2.1129,16.4578,350.0,15648.0,2795.1797
729,16.4622,15.8915,1.9778,15.9722,351.0,23238.0,2795.1797
730,15.9757,15.6225,2.0058,16.1087,340.0,24192.0,2795.1797
731,16.1253,16.3436,1.9961,17.171,316.0,12186.0,2795.1797
732,17.2767,14.3837,2.1054,15.9198,307.0,7080.0,2795.1797
733,15.8301,14.3441,2.0319,15.8505,342.0,18320.0,2795.1797
734,15.8211,15.7658,1.9191,17.4248,333.0,15225.0,2795.1797
735,17.4383,15.9582,2.0098,15.1485,315.0,10445.0,2795.1797
736,15.1107,16.1412,1.858,16.5949,305.0,7078.0,2795.1797
737,16.6186,16.1952,1.9996,17.5828,327.0,8894.0,2795.1797
738,17.6004,15.4888,2.0183,16.2373,305.0,7078.0,2795.1797
739,16.1924,15.7068,1.9484,17.0197,314.0,9022.0,2795.1797
740,17.0318,15.2703,2.0513,15.5428,336.0,15574.0,2795.1797
741,15.5699,16.1943,2.0173,17.7453,345.0,21884.0,2795.1797
742,17.7365,15.7731,1.9455,14.6358,340.0,9178.0,2795.1797
743,14.6213,16.104,2.0426,16.877,342.0,23417.0,2795.1797
744,16.9698,15.7564,2.0558,16.7341,344.0,26986.0,2795.1797
745,16.7407,16.127,2.0064,16.4284,344.0,33320.0,2795.1797
746,16.3696,16.0992,2.0746,16.786,344.0,26620.0,2795.1797
747,16.7662,16.0245,2.0367,24.7794,311.0,7320.0,2964.5547
748,25.154,16.1483,3.5318,18.6033,946.0,139256.0,2993.9297
749,18.3233,18.1878,5.6232,16.807,691.0,41848.0,2993.9297
750,16.8402,16.2905,4.0964,16.8207,768.0,55952.0,2993.9297
751,16.9612,15.1025,3.6005,16.1347,772.0,101148.0,2979.2422
752,15.8697,16.2348,2.9521,22.9682,777.0,69112.0,2958.5547
753,23.2311,15.8551,3.6773,14.0616,762.0,71358.0,2958.5547
754,13.9009,14.5565,3.0063,18.7653,768.0,63570.0,2958.5547
755,18.8253,15.2145,4.0719,16.4441,756.0,107912.0,2958.5547
756,16.3111,14.8146,3.2991,16.8022,756.0,38539.0,2963.3047
757,16.9619,16.0608,4.8467,11.1212,752.0,36370.0,2963.3047
758,11.1812,14.4578,4.0023,13.1396,576.0,22870.0,3027.3047
759,12.9295,15.2622,3.1934,15.36,459.0,14722.0,3027.3047
760,15.3269,13.0705,2.4182,14.923,462.0,13634.0,3027.3047
761,14.9539,13.3698,1.9489,14.2859,473.0,14294.0,3027.3047
762,14.2463,14.3004,1.9474,14.315,497.0,15734.0,3027.3047
763,14.3796,14.1196,2.009,14.7733,468.0,14064.0,3027.3047
764,14.8057,14.4833,2.1624,14.0934,460.0,13632.0,3027.3047
765,14.0912,14.6263,2.913,15.1131,461.0,13644.0,3027.3047
766,15.1054,14.429,3.5659,15.1556,459.0,15378.0,3027.3047
767,15.1324,14.3719,2.6196,15.1485,461.0,15498.0,2899.3047
768,15.1972,14.0817,2.0414,14.5696,458.0,13630.0,2899.3047
769,14.4642,12.1074,2.0073,14.0302,458.0,13630.0,2899.3047
770,14.0612,14.5559,2.0423,15.3736,458.0,13630.0,2899.3047
771,15.3278,14.5,1.9499,14.5533,493.0,15730.0,2899.3047
772,14.692,14.3354,2.0917,13.9172,462.0,13870.0,2899.3047
773,13.834,14.2939,2.5446,14.5762,460.0,13852.0,2899.3047
774,14.5279,14.7163,3.3674,15.3827,460.0,14678.0,2899.3047
775,15.4151,14.2721,2.318,14.9487,460.0,14214.0,2899.3047
776,14.9041,14.2935,2.1935,15.1022,465.0,14278.0,2899.3047
777,15.2165,13.1335,2.0301,15.1513,462.0,13634.0,2899.3047
778,15.0724,12.8464,1.8905,12.912,467.0,15012.0,2899.3047
779,12.9519,14.5306,2.0639,15.1385,461.0,13692.0,2899.3047
780,15.1044,14.0613,1.9288,15.298,465.0,14648.0,2899.3047
781,15.3716,14.4717,2.2087,16.0179,460.0,13632.0,2899.3047
782,16.1003,14.4898,2.5971,12.3447,458.0,13630.0,2899.3047
783,12.2112,14.1665,2.2859,15.6792,460.0,14214.0,2899.3047
784,15.6569,14.3796,2.1893,14.6933,458.0,13630.0,2899.3047
785,14.73,12.8037,2.0195,14.7781,460.0,13750.0,2899.3047
786,14.7818,12.8717,2.001,14.5706,458.0,13630.0,2899.3047
787,14.549,14.3143,2.1178,13.9021,493.0,16658.0,2899.3047
788,13.9751,14.4698,1.9878,14.7351,493.0,19442.0,2899.3047
789,14.7638,13.9737,2.3106,13.8929,493.0,19256.0,2899.3047
790,13.9887,14.4791,2.4431,15.1356,494.0,15742.0,2899.3047
791,14.9497,14.436,2.4813,14.8378,493.0,18514.0,2899.3047
792,14.916,13.9234,2.3689,14.4624,476.0,16294.0,2899.3047
793,14.4556,12.7515,1.9903,15.4492,462.0,13634.0,2899.3047
794,15.384,12.4655,2.0049,13.7048,463.0,13646.0,2899.3047
795,13.649,13.7998,2.0375,15.2702,460.0,13632.0,2899.3047
796,15.3097,14.458,2.3206,15.4037,476.0,16226.0,2899.3047
797,15.5069,14.1848,2.1182,14.0751,494.0,17076.0,2899.3047
798,14.1265,14.8102,2.1968,14.4987,494.0,18882.0,2899.3047
799,14.3838,14.4694,2.7961,14.8908,493.0,15854.0,2899.3047
800,14.8675,14.1142,2.2742,14.4505,493.0,15730.0,2899.3047
801,14.411,14.4537,2.4214,15.3805,493.0,17134.0,2899.3047
802,15.5102,12.3134,2.0272,14.0458,493.0,15730.0,2899.3047
803,13.9818,14.3159,2.1999,14.1496,493.0,17134.0,2899.3047
804,14.2078,14.6943,2.147,15.739,494.0,21482.0,2899.3047
805,15.732,14.4114,2.0887,14.6227,479.0,17098.0,2899.3047
806,14.6325,14.4373,2.1679,13.5794,459.0,13642.0,2899.3047
807,13.6157,14.3782,3.1376,15.1824,494.0,15742.0,2899.3047
808,15.0566,14.4096,2.2103,14.7485,497.0,17942.0,2899.3047
809,14.8417,14.3842,2.2812,15.1436,497.0,18678.0,2899.3047
810,15.1596,12.6266,1.8176,15.6014,497.0,26038.0,2899.3047
811,15.5406,14.2572,1.97,13.6029,495.0,21620.0,2899.3047
812,13.6867,14.3476,2.1047,14.8928,496.0,25708.0,2899.3047
813,14.7438,14.4662,2.1129,15.4681,493.0,33264.0,2899.3047
814,15.6327,14.4196,2.1883,14.9844,486.0,15310.0,2899.3047
815,14.9588,14.4527,2.3339,13.3786,493.0,16194.0,2899.3047
816,13.2576,14.3444,2.535,15.0347,493.0,16194.0,2899.3047
817,15.0647,14.3513,2.5385,14.6698,493.0,26482.0,2899.3047
818,14.8262,14.274,2.7426,14.3828,493.0,19778.0,2899.3047
819,14.1723,12.2915,2.3634,14.7819,506.0,33197.0,2899.3047
820,14.8682,14.2299,2.138,14.2723,488.0,18477.0,2899.3047
821,14.2304,14.576,2.1142,15.1601,493.0,16658.0,2899.3047
822,15.1478,14.5862,2.0404,14.9146,493.0,17418.0,2899.3047
823,14.9669,14.2868,2.0425,13.3488,493.0,21546.0,2899.3047
824,13.32,14.1861,2.3246,15.8987,497.0,15734.0,2899.3047
825,15.8831,14.2759,2.4668,14.5506,497.0,15734.0,2899.3047
826,14.5227,14.447,2.468,15.0238,497.0,26520.0,2899.3047
827,15.0391,12.418,2.2025,15.1667,501.0,21432.0,2899.3047
828,15.2117,14.0481,2.0826,13.4224,495.0,15732.0,2899.3047
829,13.4988,14.5053,2.1503,15.3175,495.0,31590.0,2899.3047
830,15.251,14.101,2.1494,15.2462,493.0,15730.0,2899.3047
831,15.3798,14.5734,1.9448,15.9037,493.0,15730.0,2899.3047
832,15.8415,14.8328,2.7065,12.6559,493.0,17586.0,2899.3047
833,12.6252,14.4425,2.546,16.6024,493.0,15730.0,2899.3047
834,16.8604,13.9538,3.7058,19.5459,499.0,23530.0,2899.3047
835,19.4852,13.3723,4.218,11.731,500.0,32234.0,2899.3047
836,11.4719,14.1896,3.0952,14.1847,494.0,17942.0,2899.3047
837,14.1646,13.1917,1.9734,16.7877,493.0,15730.0,2899.3047
838,16.8881,14.342,2.4694,12.495,494.0,19454.0,2899.3047
839,12.4021,14.5381,2.1818,15.1475,493.0,26142.0,2899.3047
840,15.1809,14.3914,2.0177,15.4606,497.0,33964.0,2899.3047
841,15.444,14.5708,2.1322,13.9114,498.0,27256.0,2899.3047
842,14.0077,14.5956,2.3206,14.8737,497.0,20374.0,2899.3047
843,14.8113,14.361,2.7332,14.2822,495.0,17124.0,2899.3047
844,14.2261,14.1807,2.178,15.4223,496.0,29036.0,2899.3047
845,15.4713,13.04,2.0933,14.2901,483.0,31938.0,2899.3047
846,14.2474,12.342,1.9734,14.3935,458.0,13630.0,2899.3047
847,14.4959,14.4758,2.1963,14.5826,493.0,15730.0,2899.3047
848,14.4685,14.3051,2.0357,15.6072,494.0,15742.0,2899.3047
849,15.8115,14.5844,2.3009,13.9029,494.0,17598.0,2899.3047
850,13.8264,14.1818,2.1651,14.4596,493.0,15730.0,2899.3047
851,14.3591,14.433,2.5237,14.7585,493.0,18551.0,2899.3047
852,14.7162,14.4619,2.3503,15.1376,493.0,16102.0,2899.3047
853,15.2457,14.3809,2.4346,14.7019,493.0,15730.0,2899.3047
854,15.1633,12.1361,2.5042,15.4953,493.0,17586.0,2899.3047
855,14.9952,14.4026,2.2196,14.0307,493.0,15854.0,2899.3047
856,14.0401,14.4632,2.1388,15.2729,497.0,16422.0,2899.3047
857,15.3611,14.5621,2.2415,15.0568,497.0,15734.0,2899.3047
858,15.0287,14.2545,2.2761,14.1229,497.0,14966.0,2899.3047
859,14.1803,14.6916,2.4671,14.1708,496.0,14016.0,2899.3047
860,14.0414,13.7697,2.5567,15.0366,495.0,14052.0,2899.3047
861,15.0712,14.1773,2.4808,15.4879,502.0,20765.0,2899.3047
862,15.5269,13.1816,2.4633,14.5046,496.0,18077.0,2899.3047
863,14.5757,12.9409,2.6716,13.7439,493.0,16882.0,2899.3047
864,13.5642,13.6664,2.3579,15.0126,494.0,17754.0,2899.3047
865,15.1566,14.8494,2.2719,15.2953,493.0,26042.0,2899.3047
866,15.1827,14.0681,2.2439,14.8861,496.0,28782.0,2899.3047
867,15.0142,14.6922,2.5617,13.7387,494.0,27734.0,2899.3047
868,13.744,14.3987,2.9996,14.6452,494.0,24418.0,2899.3047
869,14.4812,14.3022,2.4595,15.1635,494.0,20898.0,2899.3047
870,15.1881,14.3994,2.3337,15.1125,497.0,33510.0,2899.3047
871,15.2384,12.4054,2.1377,15.0065,497.0,31250.0,2899.3047
872,14.8697,14.0105,1.9676,13.9051,498.0,27762.0,2899.3047
873,13.919,14.5567,2.1843,15.876,497.0,20966.0,2899.3047
874,15.8729,14.4386,2.1749,14.2162,497.0,52358.0,2899.3047
875,14.4053,14.5396,2.1176,14.1268,470.0,24648.0,2899.3047
876,14.0135,14.5342,2.2049,14.3863,464.0,13872.0,2899.3047
877,14.3463,13.931,2.8346,15.0392,479.0,14772.0,2899.3047
878,15.0066,14.1444,2.7966,15.3071,485.0,15250.0,2899.3047
879,15.3132,14.2643,2.1821,13.8619,461.0,13810.0,2899.3047
880,13.9334,12.3407,2.3147,13.7567,459.0,13642.0,2899.3047
881,14.012,14.5471,2.5032,15.4317,460.0,15390.0,2899.3047
882,15.2224,14.3288,2.0362,15.6471,459.0,15378.0,2899.3047
883,15.8331,14.5684,3.0898,14.3338,459.0,13690.0,2899.3047
884,14.0627,14.2541,2.235,13.6282,458.0,13630.0,2899.3047
885,13.5588,13.6849,2.9052,15.9162,458.0,13630.0,2899.3047
886,15.9499,14.769,2.599,15.6988,458.0,13630.0,2899.3047
887,15.7692,14.3268,2.9308,14.8569,494.0,15742.0,2899.3047
888,14.9303,12.1853,2.6096,16.3056,467.0,13886.0,2899.3047
889,16.2492,14.5379,2.4786,12.3114,465.0,13916.0,2899.3047
890,12.2919,14.5853,2.4071,15.0874,465.0,14742.0,2899.3047
891,15.1188,14.1494,2.7429,16.1904,462.0,14168.0,2899.3047
892,16.2409,14.731,2.4838,13.157,463.0,14276.0,2899.3047
893,13.1312,14.5338,2.6509,13.7458,460.0,13632.0,2899.3047
894,13.6403,14.0874,2.4637,14.8821,462.0,14948.0,2899.3047
895,14.8394,14.3135,2.4946,14.8258,460.0,13702.0,2899.3047
896,14.919,14.2947,2.2042,14.7751,462.0,14634.0,2899.3047
897,14.7174,12.2634,2.0035,14.0031,459.0,13642.0,2899.3047
898,14.0158,14.1559,2.0166,14.7584,458.0,13630.0,2899.3047
899,14.8813,14.3762,2.0213,14.7227,461.0,14226.0,2899.3047
900,14.6803,14.456,2.1274,14.6696,461.0,13810.0,2899.3047
901,14.6151,14.371,2.6033,14.3635,459.0,13642.0,2899.3047
902,14.4326,13.6697,3.0852,14.9481,493.0,16658.0,2899.3047
903,14.8265,14.4227,2.1285,15.1167,493.0,18978.0,2899.3047
904,15.18,13.4575,2.0701,15.2761,497.0,19724.0,2899.3047
905,15.2349,12.4048,2.2792,15.8654,497.0,15734.0,2899.3047
906,15.9728,14.7448,2.2619,13.126,497.0,18518.0,2899.3047
907,13.1231,14.4219,2.2836,15.9998,475.0,16352.0,2899.3047
908,15.9431,14.5783,2.5959,14.3559,461.0,13644.0,2899.3047
909,14.5138,14.4285,2.4485,16.595,460.0,13632.0,2899.3047
910,16.4458,14.733,2.3107,12.1816,458.0,13630.0,2899.3047
911,12.1158,14.3116,2.3216,14.9243,494.0,18780.0,2899.3047
912,15.0563,14.1725,2.1505,15.1645,493.0,17630.0,2899.3047
913,15.1159,14.4416,2.1023,14.6612,493.0,16970.0,2899.3047
914,14.6138,12.3039,2.061,13.8172,494.0,15866.0,2899.3047
915,13.7883,14.1696,2.1365,15.2362,493.0,17134.0,2899.3047
916,15.2471,14.4788,2.0637,16.4098,493.0,15730.0,2899.3047
917,16.592,14.5402,2.4528,14.0041,493.0,15730.0,2899.3047
918,13.8888,14.0939,2.1557,12.8424,493.0,21470.0,2899.3047
919,12.8329,14.5151,2.4817,15.5971,493.0,19342.0,2899.3047
920,15.5569,14.3594,2.5181,14.5099,464.0,13754.0,2899.3047
921,14.5492,14.3434,2.3143,14.94,464.0,13754.0,2899.3047
922,14.872,12.1413,2.0607,15.0642,497.0,15734.0,2899.3047
923,15.1226,14.452,2.0148,13.5534,496.0,17952.0,2899.3047
924,13.572,14.4461,2.239,14.7353,495.0,19780.0,2899.3047
925,14.6525,14.2747,2.1193,15.4318,496.0,24944.0,2899.3047
926,15.5736,14.6301,2.1252,14.2648,493.0,24794.0,2899.3047
927,14.2573,14.2751,2.2874,14.7246,494.0,23934.0,2899.3047
928,14.6713,14.3642,2.4965,14.7526,493.0,31978.0,2899.3047
929,14.6806,13.9706,2.3797,14.4338,482.0,15070.0,2899.3047
930,14.4829,13.0893,2.0979,15.723,493.0,16194.0,2899.3047
931,15.7051,12.7531,2.1047,14.4074,493.0,16194.0,2899.3047
932,14.4646,14.4045,2.3127,14.2364,493.0,26850.0,2899.3047
933,14.1844,14.5221,2.1639,14.8777,493.0,19410.0,2899.3047
934,14.8926,14.2442,1.9879,14.1242,507.0,33209.0,2899.3047
935,14.1781,14.6808,2.2514,14.5606,490.0,18597.0,2899.3047
936,14.4542,14.9052,2.7756,15.7583,497.0,16662.0,2899.3047
937,15.8028,14.6584,2.9423,14.7196,497.0,17422.0,2899.3047
938,14.7743,14.3023,2.7756,14.3614,497.0,21550.0,2899.3047
939,14.2917,12.1425,1.9294,15.0488,496.0,15744.0,2899.3047
940,15.0727,14.0643,2.1098,13.7251,495.0,15732.0,2899.3047
941,13.7133,14.3686,2.2636,15.6315,495.0,26518.0,2899.3047
942,15.672,14.4516,2.0626,15.5549,499.0,21430.0,2899.3047
943,15.5282,14.5331,1.9947,14.5146,493.0,16636.0,2899.3047
944,14.7054,14.551,2.6785,14.3864,494.0,30694.0,2899.3047
945,14.275,13.1845,2.57,14.282,493.0,15730.0,2899.3047
946,14.2186,14.4027,2.4131,15.0766,493.0,15730.0,2899.3047
947,15.0288,14.2155,2.0042,14.7633,494.0,17598.0,2899.3047
948,14.7936,12.2691,1.9632,13.5692,494.0,15742.0,2899.3047
949,13.5703,14.3721,2.1924,15.0387,501.0,25562.0,2899.3047
950,15.1799,14.4317,2.4059,14.678,497.0,30190.0,2899.3047
951,14.6355,14.5683,2.4468,15.1414,493.0,17930.0,2899.3047
952,15.1387,14.1099,2.597,13.4327,497.0,15734.0,2899.3047
953,13.2917,13.7314,2.2565,15.084,497.0,19446.0,2899.3047
954,15.1326,14.332,2.4036,14.8576,497.0,27430.0,2899.3047
955,14.936,14.3925,2.0154,15.1829,495.0,34076.0,2899.3047
956,15.2207,12.3232,2.0081,14.3494,495.0,26308.0,2899.3047
957,14.3222,14.5051,1.9342,14.4794,495.0,20372.0,2899.3047
958,14.3617,14.5083,2.039,16.1198,493.0,18332.0,2899.3047
959,16.1106,14.1897,2.0564,14.0719,493.0,32990.0,2899.3047
960,14.1461,14.4447,2.1924,13.9008,478.0,26114.0,2899.3047
961,13.9995,14.4943,2.2007,15.2466,459.0,13642.0,2899.3047
962,15.1588,14.2685,2.5735,14.0902,493.0,15730.0,2899.3047
963,14.0703,13.6525,2.663,14.4947,493.0,15730.0,2899.3047
964,14.4693,12.4268,2.0468,13.6256,494.0,17598.0,2899.3047
965,13.6097,14.3971,2.1062,15.6852,494.0,15742.0,2899.3047
966,15.8208,14.2712,2.0409,14.4296,493.0,18551.0,2899.3047
967,14.3425,14.3696,1.9973,14.9318,494.0,16114.0,2899.3047
968,15.1064,14.3331,2.1791,13.2874,497.0,15734.0,2899.3047
969,13.1174,14.0703,2.4693,15.4014,497.0,17590.0,2899.3047
970,15.3622,14.334,2.0448,14.7967,497.0,15858.0,2899.3047
971,14.7672,14.5101,2.0635,14.9962,495.0,16420.0,2899.3047
972,14.9845,12.304,1.9937,14.5649,496.0,15744.0,2899.3047
973,14.5993,13.9221,1.9706,14.4641,495.0,14964.0,2899.3047
974,14.5998,14.5628,2.2039,14.751,493.0,14002.0,2899.3047
975,14.7162,14.4593,2.1435,15.4322,495.0,14074.0,2899.3047
976,15.371,14.5558,2.2449,12.886,500.0,20763.0,2899.3047
977,13.0292,14.0266,2.325,15.4745,495.0,18065.0,2899.3047
978,15.3186,14.5472,2.5095,14.4156,495.0,16906.0,2899.3047
979,14.4238,14.22,2.7519,15.1251,493.0,17742.0,2899.3047
980,15.1062,12.3753,2.0264,14.9219,494.0,26054.0,2899.3047
981,15.0044,13.9614,2.0855,13.7338,496.0,28782.0,2899.3047
982,13.6573,14.373,1.9235,14.942,494.0,27734.0,2899.3047
983,14.9547,14.3142,2.0907,15.0596,494.0,24418.0,2899.3047
984,15.0767,14.6963,1.918,14.7788,498.0,20902.0,2899.3047
985,14.7702,14.6316,2.3734,15.0457,501.0,33514.0,2899.3047
986,15.0785,14.7113,2.6335,14.4564,500.0,31242.0,2899.3047
987,14.4031,14.1658,2.286,15.5297,496.0,27760.0,2899.3047
988,15.5898,14.4221,1.9898,14.8925,495.0,20964.0,2899.3047
989,14.8305,12.2782,2.0795,14.2567,495.0,52356.0,2899.3047
990,14.4647,14.4127,2.2173,13.9563,468.0,24694.0,2899.3047
991,13.7676,14.3155,2.1135,14.6738,475.0,14602.0,2899.3047
992,14.7438,14.5484,2.0662,15.0515,467.0,14170.0,2899.3047
993,15.0546,14.2141,2.2265,13.4345,485.0,15250.0,2899.3047
994,13.3482,14.6916,2.242,15.8498,458.0,13630.0,2899.3047
995,15.8451,14.1933,2.3753,14.5425,458.0,13630.0,2899.3047
996,14.5341,14.3049,2.3228,14.5261,460.0,15390.0,2899.3047
997,14.5619,12.0725,2.0464,14.6187,460.0,15438.0,2899.3047
998,14.5587,13.5291,1.8359,15.0334,459.0,13642.0,2899.3047
999,15.2275,14.4626,2.3698,14.2787,458.0,13630.0,2899.3047
1000,14.1521,14.1912,2.0193,14.4779,462.0,13634.0,2899.3047
1001,14.4891,14.708,2.1753,16.5418,463.0,13646.0,2899.3047
1002,16.5787,14.5633,2.4156,12.5275,497.0,15734.0,2899.3047
1003,12.4735,14.325,2.1353,15.32,465.0,13932.0,2899.3047
1004,15.3048,14.1756,2.2285,15.3759,462.0,13902.0,2899.3047
1005,15.4327,13.0209,2.1055,14.5715,463.0,15204.0,2899.3047
1006,14.6576,12.6771,2.2303,13.3663,461.0,13762.0,2899.3047
1007,13.2078,14.1859,2.211,14.5523,461.0,14226.0,2899.3047
1008,14.5778,14.3792,1.9105,16.0119,459.0,13792.0,2899.3047
1009,15.9784,14.271,2.0174,13.0606,462.0,14798.0,2899.3047
1010,13.1816,14.5187,3.4846,16.0375,462.0,14286.0,2899.3047
1011,16.1008,14.1911,3.2164,13.4906,460.0,14050.0,2899.3047
1012,13.3586,14.3012,2.1634,15.1701,458.0,13630.0,2899.3047
1013,15.1991,12.9312,2.0094,14.5269,460.0,13654.0,2899.3047
1014,14.4778,12.2865,1.9243,13.5475,460.0,14214.0,2899.3047
1015,13.5555,14.0907,1.9355,16.3696,460.0,13750.0,2899.4297
1016,16.4008,14.1359,1.9848,13.9536,462.0,13634.0,2899.4297
1017,13.8832,14.3159,2.0695,15.7112,497.0,16662.0,2899.4297
1018,15.8832,14.538,2.387,13.5014,497.0,18982.0,2899.4297
1019,13.4309,15.6143,2.5956,15.4468,495.0,19722.0,2899.4297
1020,15.4007,14.1827,2.2399,14.0943,495.0,15732.0,2899.4297
1021,14.1196,13.5789,2.5178,15.2314,495.0,18516.0,2899.4297
1022,15.1835,12.4228,2.1095,13.2304,473.0,16350.0,2899.4297
1023,13.2627,14.4308,2.0453,15.1418,459.0,13642.0,2899.4297
1024,15.1017,14.3876,1.8488,14.9592,458.0,13630.0,2899.4297
1025,14.9823,14.4021,1.9055,15.0329,458.0,13630.0,2899.4297
1026,15.0845,14.5921,2.1831,14.4105,494.0,18780.0,2899.4297
1027,14.4927,14.3293,2.4507,14.4908,493.0,17630.0,2899.4297
1028,14.4531,14.3533,2.3083,15.8854,494.0,16982.0,2899.4297
1029,15.8694,13.8906,2.4389,14.3646,493.0,15854.0,2899.4297
1030,14.3885,12.3137,2.1233,15.601,493.0,17134.0,2899.4297
1031,15.6421,14.133,2.2485,12.9523,494.0,15742.0,2899.4297
1032,12.8767,14.4816,1.9932,14.7929,498.0,15746.0,2899.4297
1033,14.7433,14.654,1.947,14.8209,497.0,21474.0,2899.4297
1034,14.9135,14.4716,2.2338,13.676,498.0,19358.0,2899.4297
1035,13.5827,14.3841,2.6906,15.1326,464.0,13872.0,2899.4297
1036,15.1092,14.6312,2.6403,15.9691,464.0,13872.0,2899.4297
1037,16.0642,14.5937,2.2165,14.8136,496.0,15744.0,2899.4297
1038,14.73,12.5001,2.1013,14.6752,493.0,17938.0,2899.4297
1039,14.6833,13.4466,2.1365,13.3517,493.0,20146.0,2899.4297
1040,13.3123,14.4898,2.081,14.813,493.0,25666.0,2899.4297
1041,14.876,14.0687,1.8831,16.1659,494.0,26210.0,2899.4297
1042,16.2248,14.4868,2.0513,13.8275,493.0,21782.0,2899.4297
1043,13.7768,14.2876,2.1868,14.0172,494.0,31622.0,2899.4297
1044,14.0466,14.1606,2.1785,14.2677,493.0,16194.0,2899.4297
1045,14.1879,14.0613,2.1132,15.1171,493.0,15730.0,2899.4297
1046,15.104,13.3445,1.9013,14.9731,493.0,19278.0,2899.4297
1047,14.9651,12.7018,1.95,13.3042,494.0,26354.0,2899.4297
1048,13.4268,14.1948,1.9197,14.7325,507.0,26193.0,2899.4297
1049,14.643,14.4743,2.0011,15.4651,501.0,25154.0,2899.4297
1050,15.4974,14.2162,2.0617,13.71,499.0,18069.0,2899.4297
1051,13.6598,14.2093,2.2267,14.7583,496.0,17896.0,2899.4297
1052,14.7783,14.3879,2.1822,14.8159,495.0,20642.0,2899.4297
1053,14.8973,14.4599,2.3706,15.0088,495.0,16638.0,2899.4297
1054,14.9785,13.7914,2.0453,15.2521,493.0,15730.0,2899.4297
1055,15.1907,12.63,2.0837,13.3184,493.0,18972.0,2899.4297
1056,13.36,14.101,2.1951,15.1771,497.0,27074.0,2899.4297
1057,15.2435,14.3055,2.3095,14.9809,495.0,17630.0,2899.4297
1058,14.9809,14.328,2.2336,15.2251,493.0,20688.0,2899.4297
1059,15.2259,14.299,2.3816,13.3054,493.0,26630.0,2899.4297
1060,13.2523,14.7185,2.8728,15.0696,494.0,15742.0,2899.4297
1061,15.0526,14.2937,2.4327,14.6837,493.0,15730.0,2899.4297
1062,14.7184,13.6539,2.0329,15.2886,494.0,17598.0,2899.4297
1063,15.2329,12.9901,2.2158,14.5563,494.0,17172.0,2899.4297
1064,14.5403,12.9276,1.9714,13.3939,508.0,30616.0,2899.4297
1065,13.5551,14.3374,2.0621,15.5738,497.0,25586.0,2899.4297
1066,15.4042,14.6402,1.9545,15.0285,497.0,16050.0,2899.4297
1067,15.1279,14.5284,2.3311,13.5604,495.0,18980.0,2899.4297
1068,13.4631,14.1019,2.2973,15.244,495.0,23524.0,2899.4297
1069,15.3803,13.6909,2.2947,14.807,495.0,29028.0,2899.4297
1070,14.8059,14.2709,2.3564,15.4683,493.0,31496.0,2899.4297
1071,15.4179,12.3782,2.03,13.1859,493.0,20884.0,2899.4297
1072,13.1364,14.2637,2.1468,15.2151,494.0,19918.0,2899.4297
1073,15.2086,14.7822,2.063,16.0056,493.0,27812.0,2899.4297
1074,16.0354,14.3457,2.3291,13.2728,493.0,34330.0,2899.4297
1075,13.3047,14.4823,2.3673,13.66,459.0,13690.0,2899.4297
1076,13.7042,14.4912,3.066,16.1354,467.0,14122.0,2899.4297
1077,16.0588,13.714,2.4162,14.7547,493.0,15730.0,2899.4297
1078,14.732,14.4145,2.486,14.9533,493.0,16194.0,2899.4297
1079,14.9755,13.7849,2.022,14.6908,493.0,17122.0,2899.4297
1080,14.6694,13.05,1.9089,14.5548,497.0,15734.0,2899.4297
1081,14.5446,14.6483,2.0291,14.711,497.0,18555.0,2899.4297
1082,14.8684,14.0226,1.957,15.5085,497.0,16106.0,2899.4297
1083,15.3902,14.6258,2.0982,14.4579,495.0,16660.0,2899.4297
1084,14.4409,14.3209,2.1376,13.4767,495.0,16660.0,2899.4297
1085,13.4512,14.444,2.7596,15.3852,495.0,16544.0,2899.4297
1086,15.447,14.0745,2.2516,14.8788,493.0,15730.0,2899.4297
1087,14.9636,14.4032,2.4689,14.6581,493.0,15730.0,2899.4297
1088,14.5408,12.3251,2.2904,14.9702,493.0,14530.0,2899.4297
1089,15.0104,14.3578,1.8859,13.8139,493.0,14002.0,2899.4297
1090,13.8035,14.4826,1.992,14.3479,493.0,14050.0,2899.4297
1091,14.3663,14.2515,2.0328,14.5603,501.0,23518.0,2899.4297
1092,14.6579,14.3569,2.406,14.7667,493.0,16418.0,2899.4297
1093,14.6643,14.2142,2.4644,14.8648,493.0,16194.0,2899.4297
1094,14.8688,14.6406,2.4188,15.4176,493.0,20074.0,2899.4297
1095,15.3829,14.1394,2.458,15.0122,495.0,32002.0,2899.4297
1096,15.0361,12.1386,2.008,14.5572,498.0,23994.0,2899.4297
1097,14.6287,14.1769,2.3925,13.847,498.0,24606.0,2899.4297
1098,13.7415,14.4556,2.2821,16.0809,498.0,24054.0,2899.4297
1099,16.1912,14.5488,2.1993,14.7732,497.0,24248.0,2899.4297
1100,14.7254,14.2497,2.1561,13.8003,499.0,35476.0,2899.4297
1101,13.7969,14.5361,2.4195,13.7388,497.0,31160.0,2899.4297
1102,13.7436,14.124,2.279,14.8129,493.0,22514.0,2899.4297
1103,14.791,14.1541,2.544,14.893,493.0,26194.0,2899.4297
1104,14.9449,12.4468,2.309,14.3691,493.0,52354.0,2899.4297
1105,14.281,12.7091,2.2152,13.5666,487.0,20554.0,2899.4297
1106,13.5802,13.8797,2.0642,15.65,461.0,13810.0,2899.4297
1107,15.627,14.2643,2.0263,14.3266,483.0,15130.0,2899.4297
1108,14.3534,14.3497,2.1604,13.766,458.0,13630.0,2899.4297
1109,13.9472,14.3561,2.4608,15.3384,458.0,13630.0,2899.4297
1110,15.2452,14.1916,2.378,14.4092,465.0,17330.0,2899.4297
1111,14.2559,14.3967,2.4412,15.3808,459.0,13642.0,2899.4297
1112,15.5198,12.919,2.1584,14.6856,463.0,13646.0,2899.4297
1113,14.714,13.8414,2.2496,13.9386,462.0,13634.0,2899.4297
1114,13.8901,14.4313,2.1823,14.9295,507.0,16610.0,2899.4297
1115,14.9581,14.6053,2.299,16.1718,475.0,14148.0,2899.4297
1116,16.2076,14.6569,2.1593,13.3436,470.0,13950.0,2899.4297
1117,13.2673,14.5735,2.418,14.872,471.0,15300.0,2899.4297
1118,14.8574,14.673,2.9454,15.4201,472.0,14502.0,2899.4297
1119,15.3765,14.5177,3.5277,15.1368,467.0,13738.0,2899.4297
1120,15.1625,14.4271,2.4063,15.6522,474.0,15700.0,2899.4297
1121,15.6962,13.0029,2.3031,15.1501,470.0,14266.0,2899.4297
1122,15.1345,14.2055,2.441,14.0896,467.0,13738.0,2899.4297
1123,14.0899,13.8685,2.2899,14.4173,466.0,13726.0,2899.4297
1124,14.4314,14.9208,2.1226,15.6413,467.0,14250.0,2899.4297
1125,15.6051,14.148,2.1999,14.8073,469.0,13906.0,2899.4297
1126,14.8242,14.7986,2.4534,14.2767,466.0,13726.0,2899.4297
1127,14.335,14.6532,2.4117,14.9882,339.0,20550.0,2899.4297
1128,14.9426,17.685,3.0231,19.1123,322.0,18010.0,2899.4297
1129,19.1181,16.2214,2.6398,16.544,322.0,21072.0,2899.4297
1130,16.5801,15.859,2.7478,15.4758,323.0,17094.0,2899.4297
1131,15.4747,15.8408,2.7133,18.3203,319.0,16140.0,2899.4297
1132,18.2775,15.985,2.5618,14.1664,319.0,20594.0,2899.4297
1133,14.1464,15.5456,3.0102,16.1615,285.0,14250.0,2899.4297
1134,16.2098,15.7704,2.9007,16.073,282.0,14038.0,2899.4297
1135,16.0465,15.4933,2.5664,15.7763,285.0,14074.0,2899.4297
1136,15.7707,15.6856,2.5003,16.9497,283.0,14050.0,2899.4297
1137,16.9141,15.7098,1.9027,16.0372,318.0,19188.0,2899.4297
1138,16.0316,15.6233,2.0884,16.061,318.0,18050.0,2899.4297
1139,16.0824,15.2202,2.0352,16.1794,317.0,17378.0,2899.4297
1140,16.1225,15.7864,2.4374,16.2977,319.0,16286.0,2899.4297
1141,16.3995,15.6004,2.2167,15.977,318.0,17554.0,2899.4297
1142,15.9217,15.5893,2.6265,17.312,317.0,16138.0,2899.4297
1143,17.3329,15.5442,2.3514,15.5342,319.0,17566.0,2899.4297
1144,15.5325,13.6627,2.3781,16.4714,322.0,20858.0,2899.4297
1145,16.5641,14.2673,2.3011,16.384,321.0,19386.0,2899.4297
1146,16.2544,15.1031,2.0377,15.4102,289.0,14174.0,2899.4297
1147,15.4514,15.3005,2.1007,16.7352,293.0,14484.0,2899.4297
1148,16.7337,15.4241,2.0887,15.256,321.0,16164.0,2899.4297
1149,15.4884,15.9468,2.3866,17.1142,319.0,18716.0,2899.4297
1150,16.8849,15.5401,2.2077,15.2352,317.0,21290.0,2899.4297
1151,15.2031,15.6766,2.1782,16.8452,317.0,27478.0,2899.4297
1152,16.8652,15.6162,2.03,15.5444,317.0,25870.0,2899.4297
1153,15.6552,15.7952,2.022,17.3045,317.0,20786.0,2899.4297
1154,17.2617,15.67,2.2513,15.3544,318.0,31662.0,2899.4297
1155,15.3069,15.6917,2.2099,16.228,318.0,16614.0,2899.4297
1156,16.1878,16.0611,2.0438,16.3083,317.0,16602.0,2899.4297
1157,16.3649,15.5765,2.1124,16.1103,319.0,20888.0,2899.4297
1158,16.0852,15.5368,2.0845,16.7987,319.0,25132.0,2899.4297
1159,16.8275,15.9446,2.2118,15.7347,331.0,30803.0,2899.4297
1160,15.6868,15.6989,2.1209,17.246,321.0,21404.0,2899.4297
1161,17.3331,15.8154,2.3739,16.4356,323.0,18477.0,2899.4297
1162,16.3274,15.7751,2.425,16.4183,323.0,19006.0,2899.4297
1163,16.5006,16.2051,2.6677,17.2462,320.0,21280.0,2899.4297
1164,17.4345,15.6347,2.6419,14.6964,321.0,16164.0,2899.4297
1165,14.5539,15.9878,2.7452,17.4615,320.0,16310.0,2899.4297
1166,17.4388,15.3989,2.3134,14.1458,320.0,24975.0,2899.4297
1167,14.1374,15.8832,2.7573,16.4106,320.0,21753.0,2899.4297
1168,16.3488,15.6754,2.8333,16.4864,322.0,18980.0,2899.4297
1169,16.7016,15.832,3.608,16.4563,318.0,22014.0,2899.4297
1170,16.3604,15.7798,3.3647,15.5489,317.0,25226.0,2899.4297
1171,15.3935,15.8276,2.3301,16.3279,319.0,16162.0,2899.4297
1172,16.3411,15.5876,1.9112,16.3206,319.0,16162.0,2899.4297
1173,16.4468,15.8565,2.0561,17.3297,320.0,18030.0,2899.4297
1174,17.206,15.6153,1.9961,15.7512,324.0,24102.0,2899.4297
1175,15.7399,15.7134,2.5182,15.5709,322.0,29298.0,2899.4297
1176,15.5939,15.3594,2.3377,16.2571,322.0,21364.0,2899.4297
1177,16.2991,15.6216,2.1624,15.9432,321.0,16300.0,2899.4297
1178,15.9609,15.435,1.9971,16.3289,321.0,19546.0,2899.4297
1179,16.3286,14.7514,2.265,15.6737,319.0,24762.0,2899.4297
1180,15.7468,14.3278,2.2572,17.0255,322.0,33412.0,2899.4297
1181,16.902,14.9491,2.4758,15.6887,319.0,29514.0,2899.4297
1182,15.6652,14.3948,2.1958,16.2097,319.0,21102.0,2899.4297
1183,16.2725,14.323,2.1498,15.5862,318.0,18470.0,2899.4297
1184,15.5508,15.7186,2.3362,15.9961,318.0,29442.0,2899.4297
1185,16.049,15.7925,2.105,15.9671,310.0,32596.0,2899.4297
1186,15.926,15.8783,2.175,16.3199,286.0,14086.0,2899.4297
1187,16.3742,15.5185,2.2051,16.033,307.0,15442.0,2899.4297
1188,16.0083,15.614,2.0905,18.0661,317.0,16138.0,2899.4297
1189,18.0283,15.6009,2.0545,14.6583,317.0,17530.0,2899.4297
1190,14.725,15.8835,2.1854,17.2839,318.0,16614.0,2899.4297
1191,17.2604,15.8396,2.2935,16.1062,318.0,18971.0,2899.4297
1192,16.0548,15.8987,2.3448,15.9993,322.0,16526.0,2899.4297
1193,16.0671,16.0193,2.2398,16.8465,321.0,17534.0,2899.4297
1194,16.7872,15.8498,2.06,15.7327,322.0,17430.0,2899.4297
1195,15.7397,15.8754,1.9964,17.0976,321.0,16164.0,2899.4297
1196,17.1521,15.8069,2.1944,16.0897,320.0,16152.0,2899.4297
1197,16.1104,15.6533,2.2454,15.6835,321.0,15828.0,2899.4297
1198,15.7691,15.6413,2.2782,16.3416,319.0,14626.0,2899.4297
1199,16.3136,15.8045,2.4099,16.1654,318.0,14374.0,2899.4297
1200,16.1116,15.9855,2.4596,15.8426,319.0,16569.0,2899.4297
1201,15.8668,15.6735,2.7505,16.0988,325.0,22559.0,2899.4297
1202,16.0569,16.2203,2.7695,16.9883,320.0,16862.0,2899.4297
1203,17.0413,15.8422,2.7398,16.3193,322.0,38606.0,2899.4297
1204,16.3055,15.7219,2.7782,16.1553,318.0,19342.0,2899.4297
1205,16.0934,15.7015,2.9136,16.4179,323.0,34014.0,2899.4297
1206,16.3738,15.8213,2.4738,16.6667,318.0,23210.0,2899.4297
1207,16.7096,15.5483,2.8823,15.4655,318.0,23138.0,2899.4297
1208,15.4614,15.6284,2.5505,16.2182,323.0,27942.0,2899.4297
1209,16.21,15.7324,1.9959,16.3268,326.0,33566.0,2899.4297
1210,16.4316,15.7779,2.1935,16.3777,323.0,33594.0,2899.4297
1211,16.2423,15.6345,2.0153,15.9606,321.0,21712.0,2899.4297
1212,15.9704,15.8688,2.0854,16.3956,320.0,26264.0,2899.4297
1213,16.3971,15.6332,2.0784,16.0375,321.0,37092.0,2899.4297
1214,16.0782,15.6728,2.2809,16.4539,318.0,37078.0,2899.4297
1215,16.453,15.5815,2.318,16.0305,300.0,20254.0,2899.4297
1216,16.0851,15.0646,2.3105,15.8885,302.0,15190.0,2899.4297
1217,15.8506,14.4147,2.126,15.9169,285.0,14074.0,2899.4297
1218,15.8896,13.7054,2.0153,16.8828,283.0,14050.0,2899.4297
1219,16.8919,15.0923,2.1912,16.3206,288.0,17726.0,2899.4297
1220,16.3333,15.1337,2.2791,15.5883,283.0,14050.0,2899.4297
1221,15.5958,15.7985,2.2384,15.2245,283.0,14050.0,2899.4297
1222,15.1705,15.8264,1.9142,16.9619,283.0,14050.0,2899.4297
1223,17.08,15.0753,2.3532,15.8693,318.0,16150.0,2899.4297
1224,15.8068,15.6715,2.1518,16.5335,291.0,14342.0,2899.4297
1225,16.5042,15.9149,2.288,17.0188,291.0,14812.0,2899.4297
1226,17.0378,15.9697,2.1037,16.2968,296.0,15938.0,2899.4297
1227,16.2789,15.6338,2.2242,15.8219,286.0,14064.0,2899.4297
1228,15.8594,15.7054,2.1514,16.1539,285.0,14100.0,2899.4297
1229,16.133,15.7208,1.9504,16.1889,293.0,16422.0,2899.4297
1230,16.1972,15.6229,2.1195,16.0685,283.0,14050.0,2899.4297
1231,16.0895,15.8586,2.1352,16.9781,287.0,31698.0,2899.4297
1232,16.9586,15.7856,2.1538,16.0148,283.0,14050.0,2899.4297
1233,16.0279,15.8318,2.2339,15.886,286.0,14646.0,2899.4297
1234,15.9088,16.0123,2.1215,16.733,285.0,14170.0,2899.4297
1235,16.7181,15.6605,2.6403,15.8488,282.0,14038.0,2899.4297
1236,15.7771,15.9307,2.3093,16.5332,317.0,18922.0,2899.4297
1237,16.5511,15.9407,2.4734,16.3113,319.0,17090.0,2899.4297
1238,16.2946,15.7421,2.1881,15.9552,319.0,18482.0,2899.4297
1239,16.0076,15.9558,2.791,16.4731,318.0,20604.0,2899.4297
1240,16.5285,15.7576,2.6564,16.1453,322.0,16618.0,2899.4297
1241,16.0703,15.9109,2.7724,16.4698,321.0,17070.0,2899.4297
1242,16.4587,15.625,2.5096,15.9719,315.0,19314.0,2899.4297
1243,15.9955,15.6848,2.2778,16.2834,284.0,14040.0,2899.4297
1244,16.2848,15.5944,2.2826,16.0799,285.0,14052.0,2899.4297
1245,16.0968,15.7037,2.3037,16.4479,285.0,14052.0,2899.4297
1246,16.4568,15.573,2.0081,16.2984,282.0,14038.0,2899.4297
1247,16.2135,15.591,2.0631,16.2082,319.0,19200.0,2899.4297
1248,16.2557,15.7755,2.04,16.1073,318.0,18050.0,2899.4297
1249,16.096,15.8039,2.024,16.5359,319.0,17402.0,2899.4297
1250,16.5058,15.4305,1.8455,15.7728,317.0,16262.0,2899.4297
1251,15.7999,15.8091,2.1423,16.1099,317.0,17542.0,2899.4297
1252,16.1155,15.5633,2.1125,16.2416,317.0,16138.0,2899.4297
1253,16.2655,15.1066,2.1465,16.4558,318.0,17554.0,2899.4297
1254,16.633,14.7661,2.3045,16.3282,317.0,20842.0,2899.4297
1255,16.1694,15.037,2.4198,15.1069,317.0,19382.0,2899.4297
1256,15.0951,15.8177,2.0095,17.5119,290.0,14282.0,2899.4297
1257,17.5639,15.7379,2.0209,16.1402,302.0,14954.0,2899.4297
1258,16.1097,15.8068,2.0389,15.5332,321.0,16878.0,2899.4297
1259,15.5251,15.831,2.3274,15.8505,320.0,18728.0,2899.4297
1260,15.8806,15.877,2.2705,16.2793,322.0,23536.0,2899.4297
1261,16.2039,15.649,2.0152,16.528,320.0,29564.0,2899.4297
1262,16.6664,15.9466,2.543,16.2212,319.0,22650.0,2899.4297
1263,16.0993,15.7533,2.2287,16.8103,317.0,20786.0,2899.4297
1264,16.8524,15.8758,2.0779,16.8304,318.0,30354.0,2899.4297
1265,16.8044,15.8438,2.0179,15.9187,318.0,16150.0,2899.4297
1266,15.9427,15.9462,2.1816,17.1977,318.0,17660.0,2899.4297
1267,17.1846,16.0953,2.1964,16.2698,318.0,23424.0,2899.4297
1268,16.3205,15.9009,2.2453,15.5881,319.0,23753.0,2899.4297
1269,15.5236,15.6223,2.0262,17.2659,332.0,30911.0,2899.4297
1270,17.3485,15.8061,2.0517,14.8317,323.0,21664.0,2899.4297
1271,14.7135,15.5404,2.3822,16.7082,318.0,18526.0,2899.4297
1272,16.7727,15.6295,2.0576,15.923,321.0,20670.0,2899.4297
1273,15.9433,16.0319,2.2288,16.539,323.0,17230.0,2899.4297
1274,16.4929,15.76,2.2061,15.9413,321.0,16142.0,2899.4297
1275,15.9406,15.9379,2.5136,15.763,319.0,17698.0,2899.4297
1276,15.9024,15.8411,2.5543,16.6159,323.0,27292.0,2899.4297
1277,16.5708,15.5909,2.8692,16.2216,322.0,18990.0,2899.4297
1278,16.2423,15.7594,2.8585,16.1867,321.0,19718.0,2899.4297
1279,16.0766,15.7649,2.7554,15.8643,319.0,20338.0,2899.4297
1280,15.8547,15.8784,2.4251,16.8246,317.0,25226.0,2899.4297
1281,16.8074,15.6422,2.868,15.916,318.0,16150.0,2899.4297
1282,15.9522,15.7665,3.2854,15.9849,318.0,17542.0,2899.4297
1283,16.1363,15.6681,2.5947,16.601,317.0,16602.0,2899.4297
1284,16.4577,15.5934,2.6971,16.6435,326.0,27558.0,2899.4297
1285,16.6507,15.7393,2.2694,15.9815,322.0,29444.0,2899.4297
1286,16.0214,15.5772,2.392,16.5297,318.0,17940.0,2899.4297
1287,16.5243,15.6454,2.3268,16.4666,318.0,17698.0,2899.4297
1288,16.4098,15.7887,2.2626,16.0375,322.0,20678.0,2899.4297
1289,16.0302,15.6907,2.1504,16.0638,321.0,26482.0,2899.4297
1290,16.1839,15.7187,2.2365,16.4021,322.0,35358.0,2899.4297
1291,16.2522,15.1023,2.4025,15.9674,321.0,24720.0,2899.4297
1292,16.0415,14.2191,2.0433,16.8175,321.0,20960.0,2899.4297
1293,16.8373,13.6477,2.1998,15.9561,321.0,22578.0,2899.4297
1294,15.8804,14.5897,2.1743,15.6672,318.0,35240.0,2899.4297
1295,15.6809,15.4086,2.0035,16.1026,296.0,20520.0,2899.4297
1296,16.079,15.7362,2.0948,16.0538,301.0,15178.0,2899.4297
1297,16.1486,15.9825,2.1588,16.3842,310.0,15670.0,2899.4297
1298,16.3541,15.6613,2.0254,15.5662,317.0,17066.0,2899.4297
1299,15.5035,15.7409,1.9268,16.6928,318.0,17078.0,2899.4297
1300,16.7287,15.6969,1.9413,16.0178,317.0,18959.0,2899.4297
1301,16.0266,15.8684,2.0421,17.2368,318.0,16398.0,2899.4297
1302,17.2391,15.5764,2.0118,15.2133,318.0,17202.0,2899.4297
1303,15.1771,15.7085,1.9529,16.1958,317.0,17290.0,2899.4297
1304,16.2234,15.662,1.9908,16.2894,322.0,16742.0,2899.4297
1305,16.3461,15.8064,2.275,17.3116,321.0,16142.0,2899.4297
1306,17.3503,15.9805,2.2866,16.9564,321.0,16094.0,2899.4297
1307,16.9334,15.9555,2.1416,15.9274,320.0,14808.0,2899.4297
1308,15.9337,15.6464,2.2297,15.7847,321.0,14532.0,2899.4297
1309,15.7554,15.6469,2.3313,16.511,319.0,14460.0,2899.4297
1310,16.5622,15.8212,2.1949,15.6994,326.0,24034.0,2899.4297
1311,15.7365,16.0085,2.3431,17.0085,317.0,16826.0,2899.4297
1312,17.0008,16.0264,2.3083,16.3894,319.0,19422.0,2899.4297
1313,16.2927,15.8778,2.4221,17.0668,317.0,20878.0,2899.4297
1314,17.0546,15.6508,2.0376,14.0119,321.0,32578.0,2899.4297
1315,13.9916,15.7813,2.418,16.5069,318.0,22350.0,2899.4297
1316,16.4786,15.7141,2.165,16.9297,318.0,25410.0,2899.4297
1317,17.0271,15.8598,3.0989,15.4468,320.0,22794.0,2899.4297
1318,15.3803,15.5404,2.248,16.6471,319.0,25022.0,2899.4297
1319,16.6597,16.0386,2.8051,16.5716,321.0,40746.0,2899.4297
1320,16.575,15.5205,2.7775,15.9079,324.0,28254.0,2899.4297
1321,15.9371,15.6882,2.2094,16.0229,312.0,15602.0,2899.4297
1322,16.0081,15.6962,2.0321,16.4008,315.0,25798.0,2899.4297
1323,16.3925,15.8703,1.961,16.2053,320.0,42312.0,2899.4297
1324,16.1816,15.6586,1.957,16.4692,313.0,31476.0,2899.4297
1325,16.4891,15.2977,2.0913,15.7845,302.0,20256.0,2899.4297
1326,15.8843,15.6414,2.1172,16.5762,300.0,15118.0,2899.4297
1327,16.4424,15.5485,1.9589,16.5526,283.0,14050.0,2899.4297
1328,16.7704,15.6617,2.4212,15.8594,282.0,14038.0,2899.4297
1329,15.7143,14.06,2.1978,16.0804,288.0,17726.0,2899.4297
1330,16.0839,15.1221,2.0194,16.2562,283.0,14050.0,2899.4297
1331,16.2043,15.1746,2.0594,15.5906,282.0,14038.0,2899.4297
1332,15.5508,15.5717,1.9666,16.1296,286.0,14086.0,2899.4297
1333,16.1763,14.7234,2.1292,15.312,317.0,16138.0,2899.4297
1334,15.3093,15.2944,1.8737,16.4371,289.0,14560.0,2899.4297
1335,16.4691,15.6674,1.928,16.4686,291.0,16434.0,2899.4297
1336,16.5664,15.9448,2.293,16.3696,290.0,14090.0,2899.4297
1337,16.2701,15.7395,2.3177,16.5997,286.0,14042.0,2899.4297
1338,16.6241,15.9019,2.4789,16.6283,289.0,14836.0,2899.4297
1339,16.6298,15.6197,2.1369,15.9767,293.0,15760.0,2899.4297
1340,15.9689,15.8392,2.1373,17.2786,284.0,14040.0,2899.4297
1341,17.31,15.807,2.1741,15.2648,285.0,14052.0,2899.4297
1342,15.2295,15.7696,2.1352,16.7768,285.0,14634.0,2899.4297
1343,16.7956,15.671,2.3065,15.6129,285.0,14170.0,2899.4297
1344,15.7128,15.8527,2.5172,16.8572,284.0,14062.0,2899.4297
1345,16.7599,15.632,2.1786,16.2442,286.0,14694.0,2899.4297
1346,16.2024,15.7883,2.2815,17.2258,316.0,18350.0,2899.4297
1347,17.1958,15.8051,2.19,15.2051,320.0,17566.0,2899.4297
1348,15.2722,15.8291,2.784,15.5114,318.0,18006.0,2899.4297
1349,15.5528,15.9082,2.0585,16.857,317.0,20592.0,2899.4297
1350,16.8207,16.476,2.5538,15.8316,317.0,16602.0,2899.4297
1351,15.8567,16.0776,2.7773,17.3875,319.0,17090.0,2899.4297
1352,17.4225,15.8554,2.3442,15.1033,310.0,19158.0,2899.4297
1353,15.0065,15.6734,2.4332,16.1558,289.0,14078.0,2899.4297
1354,16.1515,15.5796,2.5822,16.5646,287.0,14054.0,2899.4297
1355,16.5363,15.6873,2.491,16.1422,287.0,14076.0,2899.4297
1356,16.1964,15.5942,2.9733,15.9459,284.0,14040.0,2899.4297
1357,15.8921,15.5208,2.3366,16.1323,319.0,19178.0,2899.4297
1358,16.1635,15.5036,2.0918,17.2769,318.0,18050.0,2899.4297
1359,17.2944,15.5764,2.0331,15.3436,317.0,17378.0,2899.4297
1360,15.318,15.7614,2.0956,16.2611,320.0,16298.0,2899.4297
1361,16.2311,15.6028,2.04,15.8279,317.0,17542.0,2899.4297
1362,15.857,15.7361,1.9966,16.8253,318.0,16150.0,2899.4297
1363,16.8539,15.5609,1.9183,15.9585,317.0,17542.0,2899.4297
1364,15.9246,15.2321,2.0837,16.1701,318.0,20854.0,2899.4297
1365,16.2884,16.1615,2.2284,16.0335,318.0,19394.0,2899.4297
1366,15.9434,14.9841,2.1411,16.5128,293.0,14554.0,2899.4297
1367,16.5307,14.1092,2.0163,16.2178,303.0,15154.0,2899.4297
1368,16.1798,15.5934,2.1106,15.8111,322.0,17258.0,2899.4297
1369,15.9552,15.0365,2.0118,16.6906,322.0,19834.0,2899.4297
1370,16.5076,15.6354,2.0354,15.0496,322.0,23514.0,2899.4297
1371,15.1273,15.882,2.5264,16.0718,320.0,29864.0,2899.4297
1372,16.0102,15.6807,2.4301,16.3322,320.0,22272.0,2899.4297
1373,16.3878,15.8148,2.3819,16.6254,319.0,21156.0,2899.4297
1374,16.6222,15.705,2.208,16.3324,317.0,28570.0,2899.4297
1375,16.2909,15.721,2.0438,15.9315,318.0,16150.0,2899.4297
1376,15.9419,15.7028,1.9762,16.9138,319.0,19314.0,2899.4297
1377,17.0988,16.0821,2.2298,16.6772,317.0,23044.0,2899.4297
1378,16.513,15.6698,2.1637,17.0917,325.0,28092.0,2899.4297
1379,17.0992,15.6843,2.0865,15.5144,326.0,25762.0,2899.4297
1380,15.6059,15.9146,2.153,16.1631,321.0,23552.0,2899.4297
1381,16.096,15.9807,2.0609,16.1574,319.0,17850.0,2899.4297
1382,16.1881,15.5196,2.1325,16.8691,317.0,18978.0,2899.4297
1383,16.842,15.7311,2.137,15.4017,317.0,17202.0,2899.4297
1384,15.3793,15.7127,2.2079,17.3661,322.0,16154.0,2899.4297
1385,17.4066,16.0587,2.4981,15.5318,322.0,20255.0,2899.4297
1386,15.5306,15.8712,2.4236,15.9867,324.0,24739.0,2899.4297
1387,15.9975,15.892,2.3197,17.1315,322.0,20678.0,2899.4297
1388,17.093,15.9198,2.6586,15.2276,321.0,18008.0,2899.4297
1389,15.273,15.9732,3.1567,16.8702,321.0,20340.0,2899.4297
1390,16.897,16.0576,2.649,16.4764,318.0,25238.0,2899.4297
1391,16.6179,16.4614,3.0393,15.8249,317.0,16138.0,2899.4297
1392,15.5882,15.4659,2.2948,16.6879,317.0,17530.0,2899.4297
1393,16.7321,15.7081,2.7557,15.7554,320.0,20076.0,2899.4297
1394,15.7022,15.5304,2.436,16.0726,324.0,26784.0,2899.4297
1395,16.1359,15.7278,2.3438,16.2148,319.0,26720.0,2899.4297
1396,16.1656,15.826,1.9965,16.4592,317.0,18392.0,2899.4297
1397,16.5222,15.63,1.9889,16.8523,319.0,18382.0,2899.4297
1398,16.8063,15.6582,2.0367,15.7222,318.0,20246.0,2899.4297
1399,15.7046,15.6972,2.0598,16.5649,318.0,29418.0,2899.4297
1400,16.5727,15.5184,1.9395,15.8672,322.0,33702.0,2899.4297
1401,15.8178,15.5931,2.0921,15.8426,323.0,24134.0,2899.4297
1402,15.939,15.715,1.9683,15.8996,321.0,20010.0,2899.4297
1403,15.8412,15.0305,2.0164,15.9858,319.0,22554.0,2899.4297
1404,16.0802,14.7767,1.9725,16.8705,319.0,37587.0,2899.4297
1405,16.8088,15.0189,2.0873,16.1326,298.0,17557.0,2899.4297
1406,16.135,15.795,1.9962,16.011,317.0,16090.0,2899.4297
1407,16.1444,15.8049,2.1771,16.3216,316.0,17006.0,2899.4297
1408,16.1884,14.9805,2.1633,16.1784,320.0,16638.0,2899.4297
1409,16.1492,15.6191,2.2339,14.9696,318.0,16614.0,2899.4297
1410,14.9821,15.7622,2.2176,16.5708,317.0,19083.0,2899.4297
1411,16.6317,15.6271,2.2239,15.9021,319.0,17338.0,2899.4297
1412,15.8235,15.7862,2.3015,18.3749,317.0,17290.0,2899.4297
1413,18.4148,15.6283,2.5631,14.6013,320.0,16298.0,2899.4297
1414,14.5668,15.8381,2.0738,16.8505,319.0,16626.0,2899.4297
1415,16.8998,15.6966,2.2162,16.3509,318.0,16102.0,2899.4297
1416,16.3106,15.8702,1.978,16.6522,323.0,15254.0,2899.4297
1417,16.7056,15.8117,2.0686,16.0551,322.0,14474.0,2899.4297
1418,16.0448,15.8111,2.0403,16.363,321.0,14510.0,2899.4297
1419,16.4817,15.9364,1.9916,16.2971,324.0,19494.0,2899.4297
1420,16.1727,15.6995,2.4884,15.8354,324.0,20950.0,2899.4297
1421,15.8699,15.811,2.4561,16.3683,320.0,18580.0,2899.4297
1422,16.3312,15.8356,2.4234,15.7246,317.0,21710.0,2899.4297
1423,15.7449,15.7267,2.1657,15.9112,320.0,32566.0,2899.4297
1424,15.9209,16.1022,2.7639,17.4965,319.0,20766.0,2899.4297
1425,17.6621,15.9181,2.449,16.7145,320.0,25342.0,2899.4297
1426,16.5819,16.6179,2.9937,15.0341,317.0,19422.0,2899.4297
1427,15.0793,15.7705,2.553,16.0512,319.0,26342.0,2899.4297
1428,15.8923,15.7125,2.3262,16.6673,321.0,39150.0,2899.4297
1429,16.7173,15.9331,2.5529,16.1109,321.0,29918.0,2899.4297
1430,16.0652,15.407,2.4949,16.1197,320.0,19818.0,2899.4297
1431,16.1766,15.4868,2.501,15.9641,319.0,31506.0,2899.4297
1432,15.9534,15.6175,2.3467,16.1022,316.0,36770.0,2899.4297
1433,16.1303,15.7492,2.0295,16.3374,314.0,31418.0,2899.4297
1434,16.2848,15.146,2.0789,16.0016,308.0,20594.0,2899.4297
1435,16.0258,15.5514,2.0449,16.3571,297.0,14772.0,2899.4297
1436,16.3109,15.7794,2.0385,15.9767,286.0,14064.0,2899.4297
1437,16.02,15.2628,2.3804,15.9182,285.0,14052.0,2899.4297
1438,15.9432,14.4436,2.0015,16.0947,288.0,17726.0,2899.4297
1439,16.121,14.897,2.0511,16.3694,284.0,14062.0,2899.4297
1440,16.33,15.0178,2.2718,15.1571,285.0,14074.0,2899.4297
1441,15.1469,15.5587,1.9865,16.431,283.0,14050.0,2899.4297
1442,16.4341,14.764,2.4072,15.8405,318.0,16150.0,2899.4297
1443,15.8447,15.0587,2.2497,15.718,297.0,15968.0,2899.4297
1444,15.7105,15.0355,2.1974,16.6831,284.0,15038.0,2899.4297
1445,16.7439,15.72,1.977,16.8839,282.0,14038.0,2899.4297
1446,16.8172,15.5821,2.465,15.5588,284.0,14062.0,2899.4297
1447,15.6268,15.8019,2.2574,16.2207,294.0,16040.0,2899.4297
1448,16.2176,15.6097,2.3941,16.0648,288.0,14578.0,2899.4297
1449,16.0634,15.7396,2.269,17.1566,288.0,14066.0,2899.4297
1450,17.1388,15.6614,2.1853,16.2251,287.0,14054.0,2899.4297
1451,16.2545,15.9424,2.0239,15.9373,288.0,14648.0,2899.4297
1452,15.8588,15.9115,1.9973,16.217,286.0,14160.0,2899.4297
1453,16.3048,15.8962,2.3286,15.9278,284.0,14040.0,2899.4297
1454,15.9081,15.8869,2.4587,17.2802,290.0,15398.0,2899.4297
1455,17.2729,15.6175,2.7768,15.4796,318.0,18422.0,2899.4297
1456,15.4987,15.6195,2.8059,16.6565,319.0,17090.0,2899.4297
1457,16.6758,15.9418,2.7032,15.3808,318.0,18934.0,2899.4297
1458,15.3369,15.952,2.9717,16.9146,318.0,19676.0,2899.4297
1459,16.9717,15.9376,3.266,15.9584,318.0,17078.0,2899.4297
1460,15.9083,15.838,2.8899,16.2963,318.0,17542.0,2899.4297
1461,16.2614,15.6435,2.5353,15.524,304.0,18010.0,2899.4297
1462,15.493,15.4335,2.2753,15.7772,283.0,14050.0,2899.4297
1463,15.774,15.5959,2.5692,16.8827,282.0,14038.0,2899.4297
1464,17.0407,15.8443,2.3143,16.7028,286.0,14042.0,2899.4297
1465,16.5937,15.1674,3.2631,15.8136,311.0,18056.0,2899.4297
1466,15.7842,15.6425,2.1284,15.9855,321.0,18470.0,2899.4297
1467,15.9842,15.67,2.0971,16.3904,319.0,16884.0,2899.4297
1468,16.4383,15.8057,1.9429,16.393,320.0,16772.0,2899.4297
1469,16.3432,15.6615,2.0899,16.0601,319.0,16140.0,2899.4297
1470,16.0505,15.6124,2.1337,16.4944,318.0,17554.0,2899.4297
1471,16.5347,15.1418,2.102,21.1446,317.0,17542.0,2899.4297
1472,21.4027,14.4406,4.3305,16.7953,528.0,72466.0,3027.4297
1473,16.7723,17.5967,5.329,17.2126,436.0,39913.0,3027.4297
1474,17.331,17.5111,4.9181,13.9393,338.0,37734.0,3027.4297
1475,13.6381,15.255,3.7082,16.2589,238.0,18802.0,3027.4297
1476,16.3082,14.0522,2.6939,15.3076,223.0,18710.0,3027.4297
1477,15.4095,13.2327,2.2333,14.9225,263.0,23898.0,3027.4297
1478,14.7583,14.3822,2.2057,15.2842,265.0,17390.0,3027.4297
1479,15.2981,14.2157,2.3646,14.307,263.0,23990.0,3027.4297
1480,14.2767,15.2329,2.4232,18.9887,264.0,21750.0,3027.4297
1481,19.5597,15.5946,3.4995,17.0329,267.0,17834.0,3048.1172
1482,16.5117,15.151,2.8658,14.7135,265.0,18738.0,3062.8047
1483,14.7328,15.5669,5.2466,14.6919,268.0,23032.0,3062.8047
1484,14.7081,15.3661,3.868,15.2998,262.0,17332.0,3062.8047
1485,15.2054,14.5964,3.0574,14.231,266.0,17380.0,3033.4297
1486,14.2815,14.9321,2.3558,14.7407,266.0,21418.0,2992.0547
1487,14.6502,15.5286,2.7096,15.9946,269.0,30890.0,2992.0547
1488,16.017,13.8369,3.9867,15.6897,262.0,26592.0,2992.0547
1489,15.7752,14.6428,2.3443,14.7435,261.0,28404.0,2992.0547
1490,14.6494,14.8263,2.0915,15.7444,262.0,19210.0,2992.0547
1491,15.7671,12.7209,2.0088,14.9402,261.0,18734.0,2992.0547
1492,14.9452,14.6991,2.0929,14.4038,264.0,18770.0,2992.0547
1493,14.4184,14.4456,1.9757,15.9658,260.0,17794.0,2992.0547
1494,15.914,14.7224,2.0095,15.4703,260.0,17330.0,2992.0547
1495,15.5309,14.8426,1.9667,15.6645,264.0,21072.0,2992.0547
1496,15.6831,14.7208,2.0258,13.4777,269.0,25876.0,2992.0547
1497,13.5722,14.9666,2.3272,15.154,268.0,38870.0,2992.0547
1498,15.003,14.9192,2.5366,15.9606,269.0,27514.0,2992.0547
1499,15.9926,15.025,3.278,14.9844,266.0,45716.0,2992.0547
1500,14.9073,14.7274,2.1661,15.8737,267.0,39332.0,2992.0547
1501,16.0048,14.9155,1.9346,15.276,264.0,58860.0,2992.0547
1502,15.2078,14.1538,2.0304,14.8829,262.0,31194.0,2992.0547
1503,14.9086,13.2848,1.9423,15.8793,263.0,19822.0,2992.0547
1504,16.0188,14.9955,2.2383,13.7884,264.0,19082.0,2992.0547
1505,13.6719,14.7611,2.051,16.2562,260.0,19106.0,2992.0547
1506,16.2298,14.7496,2.1821,14.9296,262.0,21994.0,2992.0547
1507,14.9409,14.8725,2.2013,15.7352,265.0,21376.0,2992.0547
1508,15.7389,14.9,2.2224,14.2237,260.0,18086.0,2992.0547
1509,14.4514,15.1661,2.5944,15.5812,261.0,30030.0,2992.0547
1510,15.4586,14.8853,2.8766,15.5601,260.0,29192.0,2992.0547
1511,15.4662,14.7361,3.3188,15.3834,263.0,19280.0,2992.0547
1512,15.3277,14.8759,2.7756,15.3536,266.0,21948.0,2992.0547
1513,15.3542,14.7624,2.1489,15.2794,265.0,22186.0,2992.0547
1514,15.3629,12.8055,2.415,15.9251,272.0,22859.0,2992.0547
1515,15.8858,14.974,2.3082,13.7519,266.0,16554.0,2992.0547
1516,13.6887,14.882,2.4522,16.0629,262.0,15652.0,2992.0547
1517,16.1283,15.2019,2.1125,15.097,264.0,16488.0,2992.0547
1518,15.0898,14.6583,2.2154,15.3373,261.0,22065.0,2992.0547
1519,15.4915,14.9148,2.3275,15.679,260.0,31340.0,2992.0547
1520,15.5639,14.5583,2.1538,13.5502,266.0,19909.0,2992.0547
1521,13.4664,14.7446,2.2875,15.8873,263.0,19718.0,2992.0547
1522,15.9526,14.8857,2.5271,15.2084,261.0,17982.0,2992.0547
1523,15.1635,14.7388,2.3093,15.846,262.0,20280.0,2992.0547
1524,15.8535,14.5381,1.9713,14.9552,264.0,20958.0,2992.0547
1525,14.9721,13.3498,2.1515,15.3552,262.0,25138.0,2992.0547
1526,15.3701,13.3503,2.1031,15.0395,264.0,22618.0,2992.0547
1527,15.0212,14.7253,2.0464,14.6237,261.0,19430.0,2992.0547
1528,14.6351,14.7813,2.1132,14.9387,265.0,20696.0,2992.0547
1529,14.9554,14.9053,2.0718,15.7145,264.0,20002.0,2992.0547
1530,15.7291,15.0064,2.0394,16.0427,271.0,23800.0,2992.0547
1531,15.9994,14.9636,2.275,14.4611,265.0,22836.0,2992.0547
1532,14.5363,15.1084,2.2408,15.3011,266.0,25211.0,2992.0547
1533,15.2024,14.7971,2.3802,15.3737,265.0,18080.0,2992.0547
1534,15.5857,14.7887,2.3043,15.5487,262.0,18282.0,2992.0547
1535,15.3635,14.6266,2.2081,15.0036,262.0,19325.0,2992.0547
1536,14.9937,14.3174,1.9606,15.0807,262.0,17354.0,2992.0547
1537,15.0679,12.8539,2.141,15.5556,262.0,18090.0,2992.0547
1538,15.606,13.3409,1.931,13.7088,265.0,18862.0,2992.0547
1539,13.6505,14.3108,1.9431,15.5793,262.0,20790.0,2992.0547
1540,15.611,14.8894,2.0964,15.7077,261.0,21514.0,2992.0547
1541,15.6941,14.7952,2.0564,15.8675,262.0,20026.0,2992.0547
1542,15.9001,14.766,2.0792,15.6277,262.0,20168.0,2992.0547
1543,15.6422,14.9916,2.2458,13.5825,261.0,17342.0,2992.0547
1544,13.5018,14.6108,2.2628,15.8798,265.0,17526.0,2992.0547
1545,15.9402,14.3704,2.6905,15.4238,267.0,19584.0,2992.0547
1546,15.4091,14.7787,2.3042,15.7353,266.0,20166.0,2992.0547
1547,15.8669,14.7253,2.0412,15.281,263.0,17344.0,2992.0547
1548,15.1614,13.382,2.1122,14.8233,264.0,17820.0,2992.0547
1549,14.8378,12.6811,2.0744,15.1314,264.0,20152.0,2992.0547
1550,15.1028,14.6652,1.9998,14.3293,262.0,17354.0,2992.0547
1551,14.3248,15.0909,2.0227,15.8142,262.0,17478.0,2992.0547
1552,15.8243,14.2219,2.0041,15.7891,262.0,17354.0,2992.0547
1553,15.7844,14.9335,2.1746,14.7305,260.0,23954.0,2992.0547
1554,14.7223,14.9818,2.1732,15.2701,261.0,21758.0,2992.0547
1555,15.3329,14.7274,2.5451,14.742,260.0,17794.0,2992.0547
1556,14.7201,14.7736,2.4998,15.178,260.0,18722.0,2992.0547
1557,15.1949,14.7754,2.3724,16.0819,267.0,23042.0,2992.0547
1558,16.065,14.9811,1.874,15.1527,264.0,17378.0,2992.0547
1559,15.1587,14.5913,2.0955,15.1699,262.0,17354.0,2992.0547
1560,15.1635,12.7012,2.0683,14.9312,270.0,21422.0,2992.0547
1561,14.9138,14.799,2.2423,14.1701,273.0,30894.0,2992.0547
1562,14.1993,14.7556,2.2451,15.3214,266.0,26596.0,2992.0547
1563,15.3025,15.0071,2.024,15.6968,263.0,28406.0,2992.0547
1564,15.7355,14.6696,2.1392,15.7675,264.0,19212.0,2992.0547
1565,15.6806,14.7313,2.3081,14.1398,263.0,18736.0,2992.0547
1566,14.2662,14.5986,2.3206,15.2054,262.0,18746.0,2992.0547
1567,15.1554,14.7847,2.5289,15.1892,260.0,17794.0,2992.0547
1568,15.1577,14.6995,2.3822,15.2563,262.0,17354.0,2992.0547
1569,15.259,14.9226,1.963,15.6875,268.0,21120.0,2992.0547
1570,15.7195,14.1431,2.0494,14.8922,265.0,25872.0,2992.0547
1571,14.8526,13.403,2.2617,15.0854,265.0,38878.0,2992.0547
1572,15.0966,15.0032,2.0034,15.3963,262.0,27474.0,2992.0547
1573,15.4331,14.2673,2.2529,15.3404,266.0,45738.0,2992.0547
1574,15.2841,14.8776,2.0517,15.7506,265.0,39330.0,2992.0547
1575,15.8456,14.8313,2.2845,15.6776,261.0,58846.0,2992.0547
1576,15.6368,14.8693,2.4949,13.4708,266.0,31198.0,2992.0547
1577,13.5161,14.9831,2.7767,16.0641,267.0,19826.0,2992.0547
1578,16.1225,14.9741,2.7568,14.8989,267.0,19074.0,2992.0547
1579,14.7115,14.9014,2.3333,16.0147,262.0,19108.0,2992.0547
1580,16.0804,14.9089,2.1818,16.0542,263.0,21984.0,2992.0547
1581,16.0422,14.9049,2.1866,14.5849,263.0,21330.0,2992.0547
1582,14.6146,13.1723,2.2128,15.6487,261.0,18098.0,2992.0547
1583,15.6805,14.3463,2.4279,14.0075,261.0,30030.0,2992.0547
1584,13.9411,14.8285,2.1699,15.011,261.0,29204.0,2992.0547
1585,14.9746,14.8561,2.1325,15.5855,260.0,19244.0,2992.0547
1586,15.6579,14.7089,2.1146,15.5842,263.0,21956.0,2992.0547
1587,15.5985,14.8281,2.1964,14.5057,260.0,22170.0,2992.0547
1588,14.543,14.9264,2.3946,15.0007,267.0,22843.0,2992.0547
1589,14.9648,14.9951,2.4765,15.2932,262.0,16528.0,2992.0547
1590,15.2502,14.8608,2.3182,15.3805,262.0,15674.0,2992.0547
1591,15.3523,14.973,2.3223,16.9331,260.0,16462.0,2992.0547
1592,16.9889,14.9164,2.1525,14.5528,267.0,22093.0,2992.0547
1593,14.5073,14.0275,2.0306,15.3936,264.0,31344.0,2992.0547
1594,15.416,13.562,2.2524,14.8853,268.0,19889.0,2992.0547
1595,15.1092,14.8578,2.4,14.8869,264.0,19708.0,2992.0547
1596,14.6743,14.2697,2.0053,15.317,264.0,17996.0,2992.0547
1597,15.4152,14.6877,2.1738,15.2593,263.0,20270.0,2992.0547
1598,15.1345,14.7349,2.027,15.4959,260.0,20910.0,2992.0547
1599,15.5717,14.8971,2.6157,14.0032,262.0,25138.0,2992.0547
1600,14.0059,15.1528,2.4111,16.1149,262.0,22594.0,2992.0547
1601,16.137,14.926,2.6389,15.4814,262.0,19442.0,2992.0547
1602,15.4405,14.9699,2.5977,15.4224,261.0,20692.0,2992.0547
1603,15.4312,14.8728,2.6344,16.2962,264.0,20046.0,2992.0547
1604,16.2646,14.8711,2.183,14.5124,264.0,23760.0,2992.0547
1605,14.4988,14.1785,2.006,15.5956,261.0,22810.0,2992.0547
1606,15.6224,13.2369,2.3121,14.7839,264.0,25209.0,2992.0547
1607,14.7337,15.0738,1.8816,14.6526,262.0,18066.0,2992.0547
1608,14.7057,14.4294,2.0028,16.8884,266.0,18286.0,2992.0547
1609,17.0181,14.9619,2.2651,14.489,269.0,19365.0,2992.0547
1610,14.3666,14.8284,2.2902,15.436,266.0,17358.0,2992.0547
1611,15.421,15.0437,2.0008,15.1528,262.0,18068.0,2992.0547
1612,15.1892,14.8878,2.1723,17.7569,264.0,18828.0,2992.0547
1613,17.7848,15.0794,2.7568,13.1717,266.0,20816.0,2992.0547
1614,13.0914,14.9216,2.9541,14.9649,263.0,21538.0,2992.0547
1615,14.9601,14.9935,2.4344,15.5409,260.0,20002.0,2992.0547
1616,15.5788,14.6941,2.7193,15.1271,261.0,20156.0,2992.0547
1617,15.1003,13.5886,2.019,15.027,263.0,17366.0,2992.0547
1618,15.0037,13.2407,2.341,14.5149,261.0,17522.0,2992.0547
1619,14.5274,13.285,2.1662,14.5622,261.0,19556.0,2992.0547
1620,14.5659,14.8987,2.0804,15.5697,262.0,20162.0,2992.0547
1621,15.6061,14.6776,1.9714,15.5416,265.0,17390.0,2992.0547
1622,15.547,14.9757,1.948,15.5646,261.0,17806.0,2992.0547
1623,15.5871,14.7043,2.2001,14.1188,262.0,20150.0,2992.0547
1624,14.0951,14.6325,2.2744,15.2458,266.0,17358.0,2992.0547
1625,15.2185,14.742,2.2334,15.4222,264.0,17458.0,2992.0547
1626,15.4342,14.7176,2.2337,15.311,266.0,17358.0,2992.0547
1627,15.2706,14.6654,1.8978,15.2366,263.0,23968.0,2992.0547
1628,15.2909,12.7141,1.9681,15.2669,263.0,21760.0,2992.0547
1629,15.2087,13.9738,1.9273,14.2305,264.0,17820.0,2992.0547
1630,14.2323,14.7749,1.9421,15.24,260.0,18722.0,2992.0547
1631,15.2788,14.8417,1.9684,15.4245,267.0,23042.0,2992.0547
1632,15.4294,14.1043,2.3337,15.4527,262.0,17354.0,2992.0547
1633,15.4,15.0041,2.2438,15.6327,260.0,17330.0,2992.0547
1634,15.7404,15.1138,2.0768,14.5647,267.0,21430.0,2992.0547
1635,14.5249,14.8818,2.6297,15.3639,269.0,30890.0,2992.0547
1636,15.3427,14.6114,3.3356,15.0539,260.0,26568.0,2992.0547
1637,15.0423,14.7069,2.3363,15.5341,260.0,28392.0,2992.0547
1638,15.5334,14.6659,1.9406,14.7512,260.0,19186.0,2992.0547
1639,14.7804,13.3243,2.035,16.2411,263.0,18758.0,2992.0547
1640,16.2558,13.78,2.083,15.1585,265.0,18738.0,2992.0547
1641,15.2463,13.4709,2.0621,14.2268,267.0,17834.0,2992.0547
1642,14.1265,14.9541,2.016,15.6648,264.0,17334.0,2992.0547
1643,15.6622,14.8419,2.011,15.4256,267.0,21086.0,2992.0547
1644,15.4534,14.9092,2.0811,15.3866,269.0,25898.0,2992.0547
1645,15.3906,14.9695,2.7205,14.8996,267.0,38880.0,2992.0547
1646,14.9614,15.0352,2.5049,15.0637,263.0,27486.0,2992.0547
1647,14.937,14.8007,2.6992,15.0417,266.0,45738.0,2992.0547
1648,15.1274,14.739,2.4176,15.5088,267.0,39354.0,2992.0547
1649,15.47,14.7692,2.1555,15.1056,262.0,58858.0,2992.0547
1650,15.0425,13.8789,2.0059,15.7035,263.0,31206.0,2992.0547
1651,15.7765,12.7614,1.8878,15.1885,261.0,19798.0,2992.0547
1652,15.1872,14.6311,1.9323,13.4612,262.0,19058.0,2992.0547
1653,13.4275,14.9058,1.9743,15.8256,261.0,19118.0,2992.0547
1654,15.831,14.6951,1.9995,15.455,261.0,21982.0,2992.0547
1655,15.4642,14.8269,2.0243,15.8144,263.0,21352.0,2992.0547
1656,15.8316,14.7096,2.0925,14.5702,265.0,18102.0,2992.0547
1657,14.7195,15.1795,2.2128,15.412,265.0,30034.0,2992.0547
1658,15.2826,14.8283,2.5283,15.072,266.0,29220.0,2992.0547
1659,15.0459,14.9539,2.2516,15.9467,264.0,19270.0,2992.0547
1660,15.9554,14.7854,2.1586,15.0092,262.0,21922.0,2992.0547
1661,14.993,14.1652,2.0012,15.3099,263.0,22184.0,2992.0547
1662,15.3178,13.3618,2.0723,15.2817,269.0,22867.0,2992.0547
1663,15.2453,13.5411,1.976,14.5547,261.0,16516.0,2992.0547
1664,14.6228,14.8736,1.9986,15.6536,265.0,15710.0,2992.0547
1665,15.6259,14.8575,1.9725,15.0921,262.0,16486.0,2992.0547
1666,15.1062,14.9309,2.0521,15.6599,262.0,22077.0,2992.0547
1667,15.7574,14.8139,2.039,14.989,261.0,31352.0,2992.0547
1668,14.914,15.1302,2.3319,14.9402,265.0,19897.0,2992.0547
1669,14.9459,14.7552,2.4989,15.0529,263.0,19718.0,2992.0547
1670,14.9947,14.1405,2.3433,15.4444,263.0,18006.0,2992.0547
1671,15.4329,14.8203,2.7,15.4699,260.0,20256.0,2992.0547
1672,15.5444,14.8067,2.4447,15.7152,265.0,20926.0,2992.0547
1673,15.6684,13.4785,2.1068,14.905,266.0,25142.0,2992.0547
1674,14.9414,14.1598,2.2392,14.7891,267.0,22610.0,2992.0547
1675,14.7962,15.0931,2.473,15.5675,264.0,19444.0,2992.0547
1676,15.5254,15.1442,2.2895,15.1764,264.0,20706.0,2992.0547
1677,15.136,14.8449,1.9303,15.1593,264.0,20024.0,2992.0547
1678,15.185,14.6837,2.293,15.8916,264.0,23760.0,2992.0547
1679,15.942,15.1549,2.2726,15.078,262.0,22822.0,2992.0547
1680,15.0864,14.8065,2.4338,14.3027,262.0,25185.0,2992.0547
1681,14.2553,14.8229,2.5656,16.0759,261.0,18054.0,2992.0547
1682,16.0744,14.7913,2.585,15.1753,261.0,18270.0,2992.0547
1683,15.1548,15.0708,2.493,15.3825,262.0,19325.0,2992.0547
1684,15.3964,14.4528,2.059,15.2972,260.0,17330.0,2992.0547
1685,15.3137,13.35,2.0625,15.4623,261.0,18078.0,2992.0547
1686,15.504,14.161,2.106,14.0659,260.0,18802.0,2992.0547
1687,14.0301,14.8687,2.3112,14.8718,263.0,20802.0,2992.0547
1688,14.8666,14.8395,1.966,15.6213,268.0,21554.0,2992.0547
1689,15.6212,14.7337,1.9634,15.4714,268.0,20054.0,2992.0547
1690,15.5218,14.9344,2.1218,15.4066,265.0,20160.0,2992.0547
1691,15.4549,15.0319,2.1344,15.7045,264.0,17356.0,2992.0547
1692,15.6721,14.9369,2.1119,14.8757,264.0,17536.0,2992.0547
1693,14.8142,13.9375,2.5567,14.8305,262.0,19546.0,2992.0547
1694,14.8187,14.8271,2.3458,16.0581,260.0,20138.0,2992.0547
1695,16.0674,14.8216,2.0165,15.0236,264.0,17378.0,2992.0547
1696,15.0276,13.3096,1.9622,15.3031,262.0,17818.0,2992.0547
1697,15.3445,12.7362,2.0858,15.5465,261.0,20138.0,2992.0547
1698,15.4882,13.9787,2.2709,13.3728,261.0,17342.0,2992.0547
1699,13.4079,14.3696,2.0184,15.8351,261.0,17466.0,2992.0547
1700,15.9171,14.6602,2.0047,15.1909,263.0,17366.0,2992.0547
1701,15.145,14.8546,2.1944,15.4919,261.0,23966.0,2992.0547
1702,15.5176,14.9081,2.3047,15.0328,263.0,21782.0,2992.0547
1703,15.1202,14.7988,2.3545,15.0183,261.0,17806.0,2992.0547
1704,14.8231,14.6189,3.0813,15.1099,264.0,18726.0,2992.0547
1705,15.1237,14.7742,2.5323,15.3947,270.0,23034.0,2992.0547
1706,15.4164,14.5952,2.0972,15.4598,265.0,17346.0,2992.0547
1707,15.4719,14.4119,2.1379,15.3565,263.0,17344.0,2992.0547
1708,15.317,13.2557,1.9442,15.3187,269.0,21432.0,2992.0547
1709,15.344,14.0783,2.0785,13.8177,271.0,30892.0,2992.0547
1710,13.8521,14.6603,2.0416,15.7339,260.0,26568.0,2992.0547
1711,15.7491,14.7073,2.1163,15.8091,263.0,28428.0,2992.0547
1712,15.827,14.8139,2.2297,15.0815,262.0,19210.0,2992.0547
1713,15.0881,14.9464,2.2041,14.2023,263.0,18758.0,2992.0547
1714,14.2868,15.1377,2.4853,15.4844,263.0,18758.0,2992.0547
1715,15.358,14.5681,2.8301,15.1141,261.0,17806.0,2992.0547
1716,15.0698,14.6888,2.9632,14.9487,262.0,17354.0,2992.0547
1717,15.0016,14.879,1.9797,15.9269,269.0,21132.0,2992.0547
1718,15.8805,14.0163,2.0594,14.8907,264.0,25860.0,2992.0547
1719,14.9953,12.7187,2.0548,14.8717,264.0,38866.0,2992.0547
1720,14.7761,14.1219,1.9527,14.9872,265.0,27466.0,2992.3047
1721,15.0514,14.9926,2.0727,15.3342,271.0,45754.0,2992.3047
1722,15.2794,14.85,2.3138,15.5927,269.0,39334.0,2992.3047
1723,15.5766,14.8055,1.9494,15.3393,264.0,58860.0,2992.3047
1724,15.3715,14.755,2.1732,15.3435,264.0,31196.0,2992.3047
1725,15.4177,15.1506,2.3045,14.6332,267.0,19848.0,2992.3047
1726,14.5219,14.6507,2.3851,15.2187,261.0,19046.0,2992.3047
1727,15.301,14.7777,2.1624,15.6899,262.0,19130.0,2992.3047
1728,15.6755,14.7369,2.1661,15.2543,261.0,21982.0,2992.3047
1729,15.3291,12.7191,2.4662,15.9105,260.0,21316.0,2992.3047
1730,15.858,14.8872,2.5043,14.8641,264.0,18134.0,2992.3047
1731,14.8069,13.1815,2.0848,12.8843,262.0,30042.0,2992.3047
1732,13.1045,14.6298,2.2922,16.0538,262.0,29216.0,2992.3047
1733,15.8507,14.3358,2.3172,14.989,262.0,19268.0,2992.3047
1734,15.0438,14.5005,2.3926,14.8723,264.0,21968.0,2992.3047
1735,14.8578,14.6346,2.7826,14.9675,262.0,22194.0,2992.3047
1736,15.0307,14.5946,2.5462,14.3944,274.0,22883.0,2992.3047
1737,14.3066,14.6822,2.2501,15.2278,264.0,16508.0,2992.3047
1738,15.2247,14.609,2.6431,14.5498,266.0,15678.0,2992.3047
1739,14.5488,12.4761,2.0266,16.5214,262.0,16464.0,2992.3047
1740,16.5646,13.6633,2.1059,13.5202,265.0,22091.0,2992.3047
1741,13.4765,14.6923,2.0089,14.7205,264.0,31366.0,2992.3047
1742,14.772,14.4183,2.0825,15.9063,265.0,19897.0,2992.3047
1743,15.8847,14.7455,2.1849,14.8906,263.0,19718.0,2992.3047
1744,14.8688,14.4018,2.382,14.3944,262.0,17994.0,2992.3047
1745,14.444,14.698,3.0975,15.3248,261.0,20268.0,2992.3047
1746,15.2835,14.5818,2.8234,14.9341,262.0,20934.0,2992.3047
1747,14.935,14.6317,2.2434,15.1319,261.0,25126.0,2992.3047
1748,15.1251,13.8849,2.1796,14.1845,265.0,22630.0,2992.3047
1749,14.1883,12.9485,2.2144,14.4294,263.0,19454.0,2992.3047
1750,14.4124,14.5724,2.5349,15.16,260.0,20680.0,2992.3047
1751,15.1353,15.3692,2.0832,19.1487,262.0,20022.0,2992.3047
1752,19.25,14.6561,2.3907,12.5588,271.0,23800.0,2992.3047
1753,12.5564,14.7298,2.5584,14.6304,265.0,22814.0,2992.3047
1754,14.7654,14.7014,2.461,15.0491,266.0,25189.0,2992.3047
1755,14.9167,13.8899,2.9714,15.1317,266.0,18092.0,2992.3047
1756,15.1172,14.648,3.4393,14.9445,264.0,18284.0,2992.3047
1757,14.9848,14.4794,2.6932,14.479,264.0,19327.0,2992.3047
1758,14.3517,13.4799,3.0053,15.3935,263.0,17366.0,2992.3047
1759,15.4666,13.0857,2.4879,13.2644,262.0,18090.0,2992.3047
1760,13.327,14.8989,2.2376,16.3155,262.0,18826.0,2992.3047
1761,16.2617,14.5104,2.1542,13.758,262.0,20790.0,2992.3047
1762,13.7396,14.5293,2.0401,19.1112,262.0,21526.0,2992.3047
1763,19.1744,14.958,2.8407,14.7527,260.0,20002.0,2992.3047
1764,14.9715,14.8098,3.3816,14.3304,261.0,20156.0,2992.3047
1765,14.1565,15.0178,3.3283,17.6823,260.0,17330.0,2992.3047
1766,17.7632,14.7553,3.1161,13.5009,260.0,17510.0,2992.3047
1767,13.4844,15.2982,3.1494,14.6776,261.0,19556.0,2992.3047
1768,14.4984,14.38,2.7451,13.6396,267.0,20178.0,2992.3047
1769,13.6416,13.0902,2.4511,14.734,265.0,17346.0,2992.3047
1770,14.7178,13.1426,2.2031,13.9822,266.0,17822.0,2992.3047
1771,13.9759,14.6818,1.9648,14.7758,263.0,20140.0,2992.3047
1772,14.7948,14.5914,2.1247,15.7407,264.0,17356.0,2992.3047
1773,15.6894,14.6026,2.2529,15.004,264.0,17480.0,2992.3047
1774,15.1182,14.6971,2.1433,14.0104,262.0,17354.0,2992.3047
1775,14.0003,14.5737,2.34,14.647,261.0,23966.0,2992.3047
1776,14.6081,14.4876,2.0132,15.6329,262.0,21770.0,2992.3047
1777,15.6498,14.5145,2.2112,15.3574,260.0,17794.0,2992.3047
1778,15.3053,13.5981,2.2207,14.5165,262.0,18746.0,2992.3047
1779,14.5144,12.9718,2.0263,14.8049,270.0,23078.0,2992.3047
1780,14.8281,14.5246,2.0985,14.9221,261.0,17342.0,2992.3047
1781,14.9586,14.5989,2.1163,14.7999,262.0,17354.0,2992.3047
1782,14.7861,14.5594,1.9703,16.6037,264.0,21394.0,2992.3047
1783,16.6813,14.6158,2.2462,14.4297,271.0,30914.0,2992.3047
1784,14.3789,14.4743,2.3888,17.2596,265.0,26584.0,2992.3047
1785,17.342,14.8664,2.5454,13.1192,265.0,28408.0,2992.3047
1786,13.0106,14.8061,2.7765,14.2424,266.0,19214.0,2992.3047
1787,14.2303,14.7571,2.4312,14.8395,265.0,18760.0,2992.3047
1788,14.8537,14.1766,2.2381,14.3755,264.0,18748.0,2992.3047
1789,14.3793,12.3454,2.0793,13.6885,263.0,17808.0,2992.3047
1790,13.6543,14.5008,1.8968,14.9099,261.0,17342.0,2992.3047
1791,14.9603,14.5966,2.1553,15.8886,265.0,21084.0,2992.3047
1792,15.8568,14.5233,2.1286,14.708,265.0,25872.0,2992.3047
1793,14.7182,14.749,2.3115,14.0497,264.0,38866.0,2992.3047
1794,14.0782,14.5014,2.1424,15.0903,262.0,27474.0,2992.3047
1795,15.0399,14.3608,3.0096,15.4018,264.0,45714.0,2992.3047
1796,15.4848,14.4679,2.156,14.4063,267.0,39354.0,2992.3047
1797,14.3858,12.3971,1.9581,14.8546,260.0,58834.0,2992.3047
1798,14.7886,14.4236,1.9504,14.0592,261.0,31182.0,2992.3047
1799,14.0637,14.4343,2.0657,14.837,262.0,19810.0,2992.3047
1800,14.8516,14.4933,2.0754,16.202,266.0,19062.0,2992.3047
1801,16.2334,14.6784,2.0372,14.2458,264.0,19110.0,2992.3047
1802,14.2356,14.9522,2.1282,15.0389,267.0,22010.0,2992.3047
1803,15.092,14.6494,2.6614,14.8384,262.0,21318.0,2992.3047
1804,15.1239,14.5164,2.8161,15.0234,263.0,18100.0,2992.3047
1805,14.6851,14.4079,2.5494,14.7634,265.0,30056.0,2992.3047
1806,14.77,12.8451,1.9957,14.982,261.0,29204.0,2992.3047
1807,15.2166,14.0957,2.3387,13.331,261.0,19256.0,2992.3047
1808,13.0588,14.6153,1.93,15.3438,261.0,21932.0,2992.3047
1809,15.3644,14.4023,2.0807,15.3697,262.0,22194.0,2992.3047
1810,15.3908,14.9551,1.9682,14.9104,267.0,22843.0,2992.3047
1811,14.9424,14.4598,2.2359,14.3041,263.0,16540.0,2992.3047
1812,14.2074,14.5213,2.6297,15.3323,261.0,15662.0,2992.3047
1813,15.4026,14.253,2.2856,14.5828,264.0,16510.0,2992.3047
1814,14.5407,13.7882,2.1424,14.7088,260.0,22053.0,2992.3047
1815,14.736,12.4889,2.0301,14.8601,261.0,31352.0,2992.3047
1816,14.8383,14.4151,2.1745,13.8541,267.0,19877.0,2992.3047
1817,13.87,14.5468,2.0558,15.7539,266.0,19710.0,2992.3047
1818,15.7543,14.5587,2.0408,14.6068,267.0,18010.0,2992.3047
1819,14.5939,14.7251,2.0841,13.7806,264.0,20282.0,2992.3047
1820,13.8314,14.5124,2.4412,15.5411,265.0,20948.0,2992.3047
1821,15.5236,14.4739,2.3666,14.7807,262.0,25116.0,2992.3047
1822,14.7475,14.2589,2.1096,14.7444,262.0,22594.0,2992.3047
1823,14.7539,14.423,1.9592,14.781,264.0,19466.0,2992.3047
1824,14.7833,12.3774,2.1373,14.7921,263.0,20716.0,2992.3047
1825,14.7956,14.4603,1.9258,14.4469,260.0,19998.0,2992.3047
1826,14.4468,14.4457,2.0062,15.4546,265.0,23772.0,2992.3047
1827,15.4225,14.5117,1.9864,14.3619,263.0,22834.0,2992.3047
1828,14.4376,14.6394,1.9925,14.8758,263.0,25197.0,2992.3047
1829,14.9516,14.4771,2.6709,14.569,261.0,18054.0,2992.3047
1830,14.4246,14.5459,2.2406,15.4809,262.0,18282.0,2992.3047
1831,15.5164,14.3405,2.2476,15.8322,267.0,19385.0,2992.3047
1832,15.9339,13.0253,2.3832,14.3143,265.0,17346.0,2992.3047
1833,14.253,13.8454,2.1475,13.7908,266.0,18094.0,2992.3047
1834,13.8043,14.5429,2.1508,15.3746,266.0,18830.0,2992.3047
1835,15.3609,14.6052,2.2194,14.7136,262.0,20768.0,2992.3047
1836,14.7324,14.5026,2.1438,15.5374,264.0,21528.0,2992.3047
1837,15.5265,14.3749,2.2618,13.0956,263.0,20016.0,2992.3047
1838,13.1056,14.686,3.0756,16.0324,261.0,20156.0,2992.3047
1839,15.9714,14.5092,4.2373,14.6475,261.0,17342.0,2992.3047
1840,14.654,14.3859,2.6441,15.812,261.0,17522.0,2992.3047
1841,15.8301,13.7991,2.6204,15.3407,404.0,23380.0,2992.3047
1842,15.3304,19.8561,2.2437,19.3553,332.0,18732.0,2992.3047
1843,19.4039,17.9652,2.3101,18.207,331.0,15252.0,2992.3047
1844,18.1943,15.699,2.6561,17.9049,333.0,16680.0,2992.3047
1845,17.9924,15.8155,2.7866,15.1331,331.0,15252.0,2992.3047
1846,15.0083,16.0067,2.5123,19.1154,330.0,15364.0,2992.3047
1847,19.1784,16.2696,3.6145,14.0525,333.0,15296.0,2992.3047
1848,13.9821,15.9964,2.6412,16.8897,338.0,19360.0,2992.3047
1849,16.8982,15.537,2.6851,16.479,337.0,20084.0,2992.3047
1850,16.4894,15.8868,2.735,16.7743,337.0,17972.0,2992.3047
1851,16.773,16.028,2.9329,15.8795,336.0,16702.0,2992.3047
1852,15.9365,15.7977,2.4597,16.5732,341.0,20998.0,2992.3047
1853,16.4711,15.9101,2.6691,16.7398,335.0,15298.0,2992.3047
1854,16.8173,15.6843,2.2153,16.1135,336.0,15332.0,2992.3047
1855,16.0687,15.851,2.1228,16.2912,342.0,23280.0,2992.3047
1856,16.3288,15.9885,2.11,16.8452,338.0,26144.0,2992.3047
1857,16.8435,15.8512,2.0814,15.6842,332.0,24668.0,2992.3047
1858,15.6634,15.8064,2.2021,16.908,335.0,23184.0,2992.3047
1859,16.9305,16.0264,2.1477,16.1221,332.0,16212.0,2992.3047
1860,16.11,15.7828,2.0527,16.4809,334.0,16700.0,2992.3047
1861,16.4871,15.8843,2.4153,16.6019,334.0,16236.0,2992.3047
1862,16.5851,15.7409,2.1386,16.1938,332.0,15284.0,2992.3047
1863,16.2341,15.7395,2.1054,16.3753,334.0,15308.0,2992.3047
1864,16.3142,15.6245,2.1802,16.2029,340.0,18528.0,2992.3047
1865,16.2257,15.3159,2.046,16.2565,341.0,33428.0,2992.3047
1866,16.2135,15.2033,1.8813,16.2873,341.0,33572.0,2992.3047
1867,16.5819,14.5417,2.0412,16.7203,341.0,33594.0,2992.3047
1868,16.4687,15.8819,2.0633,16.9126,338.0,23550.0,2992.3047
1869,16.9034,15.3761,2.1426,15.9067,335.0,15762.0,2992.3047
1870,15.9421,15.873,2.0485,16.665,334.0,18704.0,2992.3047
1871,16.6606,15.7702,2.0616,15.7724,334.0,15732.0,2992.3047
1872,15.7543,15.9079,2.1995,16.5735,334.0,19796.0,2992.3047
1873,16.6321,16.1378,2.3754,16.8394,333.0,16796.0,2992.3047
1874,16.8187,16.0252,2.5693,16.5095,332.0,18986.0,2992.3047
1875,16.505,16.1024,2.4839,16.8004,332.0,18575.0,2992.3047
1876,16.7919,15.3964,2.2663,17.1528,333.0,21637.0,2992.3047
1877,17.1359,16.0677,2.0671,16.8222,331.0,23328.0,2992.3047
1878,16.7898,16.0473,2.4612,15.211,331.0,17052.0,2992.3047
1879,15.2523,15.9514,2.2765,16.6159,332.0,18766.0,2992.3047
1880,16.6396,15.6159,2.2637,16.3239,343.0,23218.0,2992.3047
1881,16.2904,15.7471,2.2464,15.8906,343.0,17193.0,2992.3047
1882,15.8962,16.0612,2.2012,17.644,337.0,13956.0,2992.3047
1883,17.6818,16.4928,2.2969,16.4674,337.0,14022.0,2992.3047
1884,16.5442,15.4657,2.1564,17.1105,333.0,16888.0,2992.3047
1885,17.0075,15.9335,2.4495,16.6339,336.0,29033.0,2992.3047
1886,16.6892,16.1241,2.4252,16.6637,334.0,18846.0,2992.3047
1887,16.6851,16.0197,2.4101,16.594,335.0,19701.0,2992.3047
1888,16.5489,16.3635,2.3897,16.3365,332.0,15876.0,2992.3047
1889,16.309,15.9534,2.3398,16.3456,334.0,16594.0,2992.3047
1890,16.3412,16.2411,2.0605,16.7522,335.0,18336.0,2992.3047
1891,16.7352,15.6971,2.2091,16.3503,332.0,21366.0,2992.3047
1892,16.3675,16.0825,2.141,16.3671,331.0,21798.0,2992.3047
1893,16.3796,15.958,2.2167,16.4243,333.0,18402.0,2992.3047
1894,16.4086,15.8559,2.0022,16.6566,333.0,17928.0,2992.3047
1895,16.6662,16.0912,1.9592,16.7097,333.0,18032.0,2992.3047
1896,16.7008,15.9802,1.984,16.7913,342.0,23066.0,2992.3047
1897,16.8722,15.9052,2.3994,16.3087,338.0,19212.0,2992.3047
1898,16.2137,15.908,2.2043,16.1819,341.0,23083.0,2992.3047
1899,16.2777,15.8228,2.5079,17.0845,335.0,16746.0,2992.3047
1900,17.0258,16.0943,2.1167,15.5754,338.0,16262.0,2992.3047
1901,15.5973,15.9148,2.3038,17.4425,336.0,17281.0,2992.3047
1902,17.5284,16.1683,2.0767,16.2586,332.0,15284.0,2992.3047
1903,16.2027,16.0281,2.2814,16.8589,334.0,16044.0,2992.3047
1904,16.8264,16.0463,2.1819,16.7004,334.0,17516.0,2992.3047
1905,16.7255,16.1048,2.3953,16.057,333.0,18364.0,2992.3047
1906,16.047,15.9226,2.2622,18.3614,337.0,19272.0,2992.3047
1907,18.3684,15.8242,2.2397,14.4912,332.0,18200.0,2992.3047
1908,14.5876,15.9619,2.2877,16.335,333.0,16054.0,2992.3047
1909,16.2296,15.8703,2.3603,16.7715,334.0,15308.0,2992.3047
1910,16.7804,16.0131,2.299,16.8015,335.0,16796.0,2992.3047
1911,16.7531,15.7023,2.3201,15.561,333.0,16224.0,2992.3047
1912,15.5648,16.0014,2.2505,17.1353,340.0,17182.0,2992.3047
1913,17.1625,16.0572,2.2737,16.4613,342.0,20015.0,2992.3047
1914,16.4501,16.0475,2.758,16.2421,343.0,22601.0,2992.3047
1915,16.3116,16.218,2.6276,16.8049,334.0,15286.0,2992.3047
1916,16.7744,16.0645,2.5209,17.9833,336.0,16714.0,2992.3047
1917,17.9705,15.8799,2.2936,15.2654,337.0,15322.0,2992.3047
1918,15.3331,16.0463,2.4489,16.8144,334.0,15308.0,2992.3047
1919,16.744,15.8962,2.5936,15.9698,334.0,15432.0,2992.3047
1920,15.967,15.9891,2.3954,16.8154,333.0,17872.0,2992.3047
1921,16.8711,16.3752,2.9693,16.8852,335.0,20840.0,2992.3047
1922,16.8682,16.0629,2.7122,16.8428,336.0,17636.0,2992.3047
1923,16.8407,16.2564,2.5156,17.1711,332.0,17780.0,2992.3047
1924,17.1387,16.0135,2.3459,15.4778,339.0,20058.0,2992.3047
1925,15.4718,15.9425,2.3764,16.6453,334.0,16246.0,2992.3047
1926,16.6183,16.0667,2.3248,16.5269,335.0,15320.0,2992.3047
1927,16.5788,15.9508,2.6728,17.0412,340.0,22566.0,2992.3047
1928,17.0257,16.2378,2.4078,16.1238,342.0,25142.0,2992.3047
1929,16.1677,15.8908,2.5855,16.7883,339.0,25078.0,2992.3047
1930,16.7665,16.0919,2.2952,15.5716,338.0,23542.0,2992.3047
1931,15.55,16.0655,2.5275,16.8701,335.0,17186.0,2992.3047
1932,16.9999,16.3839,2.8127,17.0846,334.0,16214.0,2992.3047
1933,17.0923,16.2409,2.7611,16.8629,333.0,16666.0,2992.3047
1934,16.7438,16.0953,2.6537,16.1921,332.0,15284.0,2992.3047
1935,16.2769,16.364,2.9386,18.4269,335.0,15320.0,2992.3047
1936,18.4164,16.1794,3.4084,16.2181,334.0,18500.0,2992.3047
1937,16.1519,16.1222,2.6377,16.4134,336.0,31816.0,2992.3047
1938,16.4825,16.2146,2.4423,16.0116,336.0,28532.0,2992.3047
1939,15.9792,16.0372,2.6543,16.5276,338.0,36864.0,2992.3047
1940,16.5543,16.0641,2.4844,17.3152,335.0,23536.0,2992.3047
1941,17.2669,16.1564,2.4977,16.2339,332.0,19084.0,2992.3047
1942,16.2494,16.1223,2.4435,17.6597,335.0,18102.0,2992.3047
1943,17.6364,16.0238,2.6585,17.134,334.0,16346.0,2992.3047
1944,17.1806,16.0547,2.6009,14.6213,337.0,18384.0,2992.3047
1945,14.5997,16.2543,2.885,17.5083,337.0,18252.0,2992.3047
1946,17.4956,16.2228,2.6062,17.0381,337.0,19050.0,2992.3047
1947,17.0359,16.0491,3.4679,15.169,335.0,18541.0,2992.3047
1948,15.1803,15.9033,2.6412,16.1247,337.0,21145.0,2992.3047
1949,16.1736,16.1354,3.3015,16.3733,336.0,23542.0,2992.3047
1950,16.2338,16.022,2.9874,17.5523,332.0,17454.0,2992.3047
1951,17.749,16.1159,3.311,16.1042,332.0,18718.0,2992.3047
1952,15.9785,16.0428,2.8154,17.092,337.0,21646.0,2992.3047
1953,17.1633,15.4992,3.1121,16.4359,334.0,18257.0,2992.3047
1954,16.405,16.1352,2.9859,17.2578,334.0,14572.0,2992.3047
1955,17.2629,15.9624,2.7218,15.2319,332.0,14032.0,2992.3047
1956,15.1493,15.8572,2.4193,17.8973,333.0,15722.0,2992.3047
1957,17.9579,16.1974,3.4633,15.7871,333.0,30063.0,2992.3047
1958,15.7336,16.0647,2.6126,18.2416,333.0,18834.0,2992.3047
1959,18.3197,16.3741,3.6606,14.7781,335.0,19701.0,2992.3047
1960,14.6845,16.0438,2.589,17.5884,338.0,15856.0,2992.3047
1961,17.6468,15.8815,3.1589,16.3086,337.0,16122.0,2992.3047
1962,16.2681,16.3037,2.8251,16.1918,336.0,18032.0,2992.3047
1963,16.2268,15.8575,3.2041,16.5708,335.0,22116.0,2992.3047
1964,16.5385,16.2277,2.9396,17.0964,337.0,21896.0,2992.3047
1965,17.1138,15.8965,3.7102,17.5924,334.0,17880.0,2992.3047
1966,17.8168,16.3973,3.2261,16.6484,335.0,17606.0,2992.3047
1967,16.5194,15.8645,3.3159,15.8926,332.0,18830.0,2992.3047
1968,15.7939,16.075,2.7561,16.1647,337.0,20750.0,2992.3047
1969,16.1736,15.9951,2.8727,17.1877,335.0,21104.0,2992.3047
1970,17.1936,16.1447,3.0222,15.8776,338.0,22355.0,2992.3047
1971,15.856,15.8887,2.7345,16.7183,331.0,17700.0,2992.3047
1972,16.7242,16.2801,2.658,17.0437,335.0,16372.0,2992.3047
1973,17.019,16.0366,3.1526,16.2834,336.0,15456.0,2992.3047
1974,16.3251,15.9416,2.8253,16.0682,334.0,17155.0,2992.3047
1975,16.0468,15.7507,2.3957,17.3814,334.0,15676.0,2992.3047
1976,17.4006,15.9726,2.3338,15.1382,336.0,17128.0,2992.3047
1977,15.1391,15.941,2.4539,16.6452,337.0,18368.0,2992.3047
1978,16.5961,16.0106,1.9557,16.2412,341.0,19888.0,2992.3047
1979,16.2633,15.6704,2.0597,17.1005,336.0,18350.0,2992.3047
1980,17.1276,16.0123,2.0378,15.9852,335.0,16056.0,2992.3047
1981,15.9867,15.3601,2.1382,16.3073,334.0,15286.0,2992.3047
1982,16.3244,15.6164,2.0989,16.0971,333.0,16772.0,2992.3047
1983,16.0474,15.9034,2.3401,16.5983,332.0,16212.0,2992.3047
1984,16.6079,15.8704,2.1181,16.3982,333.0,17142.0,2992.3047
1985,16.3915,15.6194,2.1706,16.515,333.0,18104.0,2992.3047
1986,16.5744,15.8543,2.14,16.2774,338.0,20897.0,2992.3047
1987,16.2464,15.1581,2.2447,16.8354,337.0,18879.0,2992.3047
1988,16.8798,15.4464,2.0799,16.1669,331.0,15272.0,2992.3047
1989,16.1479,14.5926,2.2327,17.3818,331.0,16676.0,2992.3047
1990,17.4059,15.3421,2.4107,15.9068,333.0,15296.0,2992.3047
1991,15.8884,15.6342,2.5553,16.0517,334.0,15432.0,2992.3047
1992,16.0151,15.1182,2.0611,16.736,337.0,17876.0,2992.3047
1993,16.6596,15.947,2.2732,16.3066,338.0,20464.0,2992.3047
1994,16.3535,15.2015,2.2786,16.5142,338.0,17984.0,2992.3047
1995,16.4765,15.4148,2.0685,16.0824,335.0,17330.0,2992.3047
1996,16.1605,16.17,2.1562,17.1075,341.0,20524.0,2992.3047
1997,17.0778,16.0718,2.169,16.4197,339.0,16284.0,2992.3047
1998,16.4774,15.6322,2.0827,17.7407,334.0,15308.0,2992.3047
1999,17.7126,15.7987,2.0148,15.797,339.0,21550.0,2992.3047
2000,15.7729,14.9023,2.0255,15.4836,335.0,23786.0,2992.3047
2001,15.4967,16.0413,2.221,16.2844,338.0,27002.0,2992.3047
2002,16.3142,15.1029,2.0787,17.2093,332.0,22824.0,2992.3047
2003,17.2045,16.0865,2.3168,15.3051,335.0,17820.0,2992.3047
2004,15.2603,15.8709,2.0375,17.4056,333.0,16730.0,2992.3047
2005,17.4532,16.3092,2.5604,15.736,332.0,16212.0,2992.3047
2006,15.6961,15.5433,2.0358,16.8289,334.0,15772.0,2992.3047
2007,16.8649,16.0748,2.2193,16.5402,337.0,15344.0,2992.3047
2008,16.5312,15.9391,2.1858,16.9526,338.0,18504.0,2992.3047
2009,16.9461,16.177,2.1654,15.7933,338.0,26864.0,2992.3047
2010,15.7747,16.0468,2.0118,16.9073,343.0,33504.0,2992.3047
2011,16.9259,15.9973,2.1694,17.1924,341.0,35282.0,2992.3047
2012,17.2031,15.8857,2.1302,16.0882,336.0,21930.0,2992.3047
2013,16.0615,16.1905,2.1449,17.8626,337.0,22314.0,2992.3047
2014,17.9343,16.2606,2.1844,15.3293,335.0,18102.0,2992.3047
2015,15.2733,15.92,2.2935,16.3623,333.0,16184.0,2992.3047
2016,16.3868,15.9717,2.0114,17.119,334.0,18542.0,2992.3047
2017,17.1226,15.8353,2.2145,16.1602,333.0,16844.0,2992.3047
2018,16.1131,15.7903,2.2952,16.5691,331.0,20426.0,2992.3047
2019,16.66,16.1178,2.1607,16.4388,333.0,15718.0,2992.3047
2020,16.372,15.9186,2.0794,16.0878,331.0,23398.0,2992.3047
2021,16.121,16.0569,2.1756,16.759,331.0,23456.0,2992.3047
2022,16.7191,16.0183,2.156,16.2837,332.0,18020.0,2992.3047
2023,16.3482,16.3603,2.4305,19.0451,336.0,18766.0,2992.3047
2024,19.1313,16.1052,2.3111,17.6599,345.0,20154.0,2992.3047
2025,17.5585,16.2153,2.7333,15.48,336.0,17934.0,2992.3047
2026,15.4485,16.3379,2.3721,18.215,341.0,16091.0,2992.3047
2027,18.339,16.16,2.7231,15.79,333.0,14630.0,2992.3047
2028,15.751,15.8637,2.4304,15.7291,337.0,15556.0,2992.3047
2029,15.7097,16.1791,2.4794,16.5841,335.0,27889.0,2992.3047
2030,16.5582,16.0292,2.7787,16.8223,333.0,21010.0,2992.3047
2031,16.7853,16.1135,2.4744,16.807,335.0,19701.0,2992.3047
2032,17.02,16.0759,2.9228,18.0415,333.0,15792.0,2992.3047
2033,17.8959,16.2094,2.8623,14.7727,335.0,16238.0,2992.3047
2034,14.7463,15.8305,2.4415,16.3582,331.0,17920.0,2992.3047
2035,16.3439,15.9725,2.2084,15.398,331.0,21376.0,2992.3047
2036,15.379,15.9812,2.1259,17.3901,333.0,21532.0,2992.3047
2037,17.4513,15.7713,2.4154,16.4465,334.0,18468.0,2992.3047
2038,16.4055,15.9969,2.4998,18.1069,332.0,18104.0,2992.3047
2039,18.2669,16.2371,2.4631,15.6025,334.0,18342.0,2992.3047
2040,15.393,15.8111,2.1591,16.1485,342.0,21230.0,2992.3047
2041,16.213,16.0656,2.2637,16.5139,339.0,18856.0,2992.3047
2042,16.5084,16.1498,2.2836,17.0746,339.0,24207.0,2992.3047
2043,17.1539,16.5187,2.5759,17.1836,339.0,18142.0,2992.3047
2044,17.0772,15.7379,2.2027,16.4036,333.0,15862.0,2992.3047
2045,16.4265,15.9703,2.7346,16.6652,334.0,15874.0,2992.3047
2046,16.7054,16.0854,2.2615,16.5909,336.0,17179.0,2992.3047
2047,16.5542,15.9488,2.312,15.3869,334.0,15676.0,2992.3047
2048,15.416,16.0392,2.3434,16.8292,335.0,16792.0,2992.3047
2049,16.7871,16.0836,2.217,15.9088,335.0,18756.0,2992.3047
2050,15.9305,15.959,2.1775,16.755,333.0,19836.0,2992.3047
2051,16.7778,16.1751,2.5823,17.0523,332.0,18324.0,2992.3047
2052,17.164,16.1223,2.8961,16.0944,335.0,16078.0,2992.3047
2053,15.9906,16.091,2.368,17.3061,335.0,15320.0,2992.3047
2054,17.2732,15.9805,2.1754,16.4947,333.0,16750.0,2992.3047
2055,16.545,16.1366,2.2477,16.6458,336.0,16282.0,2992.3047
2056,16.6058,16.003,2.6807,16.732,340.0,17024.0,2992.3047
2057,16.7869,15.9465,2.6666,16.3271,336.0,18254.0,2992.3047
2058,16.2974,16.2527,2.5684,16.6404,342.0,20901.0,2992.3047
2059,16.6558,16.0755,2.658,15.894,337.0,15322.0,2992.3047
2060,15.8706,16.168,2.6357,17.1439,339.0,18881.0,2992.3047
2061,17.1198,15.9603,2.281,15.7063,336.0,16714.0,2992.3047
2062,15.7129,16.0031,2.2187,16.2399,334.0,15308.0,2992.3047
2063,16.2901,16.1222,2.5083,17.0632,333.0,15420.0,2992.3047
2064,17.061,15.9743,2.789,16.2462,336.0,17908.0,2992.3047
2065,16.2992,16.124,2.5334,16.4722,335.0,20472.0,2992.3047
2066,16.4132,15.832,2.6483,16.6448,333.0,16864.0,2992.3047
2067,16.6422,15.9814,2.5966,16.312,334.0,17980.0,2992.3047
2068,16.3539,16.5269,2.727,17.7669,336.0,20012.0,2992.3047
2069,17.7776,16.3143,2.8254,15.5824,337.0,17220.0,2992.3047
2070,15.5233,16.076,2.8318,16.2925,333.0,15296.0,2992.3047
2071,16.3568,15.8589,2.6688,16.0996,340.0,21562.0,2992.3047
2072,16.3059,15.77,2.7907,16.8446,340.0,22108.0,2992.3047
2073,16.5968,15.9826,2.6505,16.0948,342.0,28350.0,2992.3047
2074,16.1627,16.083,3.1752,16.5918,337.0,22726.0,2992.3047
2075,16.4715,15.8812,2.6552,18.1652,334.0,18094.0,2992.3047
2076,18.2317,16.0289,3.1449,15.4438,333.0,16708.0,2992.3047
2077,15.4096,16.0864,2.8815,16.5427,334.0,16370.0,2992.3047
2078,16.5528,16.1546,3.295,16.8044,335.0,15784.0,2992.3047
2079,16.8071,16.144,3.1393,16.6019,334.0,15308.0,2992.3047
2080,16.627,15.888,3.0858,16.2759,333.0,18488.0,2992.3047
2081,16.213,16.283,2.6895,16.7436,334.0,23524.0,2992.3047
2082,16.7871,15.782,3.0263,16.3278,337.0,28544.0,2992.3047
2083,16.2324,16.0929,2.5303,17.7179,339.0,40172.0,2992.3047
2084,17.7836,15.1722,2.8192,15.6121,332.0,25280.0,2992.3047
2085,15.6075,16.0649,2.5413,16.3587,337.0,22336.0,2992.3047
2086,16.42,15.7519,2.8184,16.8541,333.0,17314.0,2992.3047
2087,16.7822,15.9866,2.4989,16.1343,333.0,16484.0,2992.3047
2088,16.1641,15.7582,2.5195,16.8709,338.0,19010.0,2992.3047
2089,16.8318,16.2522,2.3585,16.2036,337.0,16848.0,2992.3047
2090,16.1448,16.0728,2.3074,16.917,337.0,20454.0,2992.3047
2091,17.0255,15.993,2.1053,16.163,338.0,15190.0,2992.3047
2092,16.1381,15.9905,2.3791,16.3519,334.0,19613.0,2992.3047
2093,16.4937,15.8953,2.4238,16.4367,334.0,27883.0,2992.3047
2094,16.3122,15.7908,2.1653,17.0094,332.0,18020.0,2992.3047
2095,16.9972,16.024,2.3492,16.7499,333.0,18426.0,2992.3047
2096,16.8502,15.8534,2.4937,16.245,336.0,18850.0,2992.3047
2097,16.1379,15.8566,2.1813,16.4445,334.0,17954.0,2992.3047
2098,16.4378,15.807,2.3338,15.5878,334.0,17595.0,2992.3047
2099,15.5911,15.8265,2.1163,16.8512,333.0,14284.0,2992.3047
2100,16.8531,15.6894,2.0811,16.1225,333.0,15300.0,2992.3047
2101,16.1126,15.6165,2.1686,16.8607,334.0,25676.0,2992.3047
2102,16.9189,15.8739,2.2514,16.3274,332.0,23269.0,2992.3047
2103,16.3475,15.1189,1.982,16.255,336.0,18589.0,2992.3047
2104,16.269,15.1766,2.1476,16.8303,337.0,17422.0,2992.3047
2105,16.7458,14.4732,2.093,16.2814,336.0,16206.0,2992.3047
2106,16.3494,16.2069,2.0988,16.8417,337.0,18044.0,2992.3047
2107,16.8274,15.8231,2.5472,16.1917,337.0,18880.0,2992.3047
2108,16.465,14.5982,2.4556,15.9931,335.0,24080.0,2992.3047
2109,15.6897,16.011,2.2078,17.4624,336.0,18374.0,2992.3047
2110,17.4679,15.5291,2.1687,16.7477,332.0,18104.0,2992.3047
2111,16.7339,15.3297,2.0226,16.1581,334.0,18342.0,2992.3047
2112,16.205,15.9362,2.3932,16.6185,338.0,21274.0,2992.3047
2113,16.5971,15.9314,2.2405,15.7584,336.0,18816.0,2992.3047
2114,15.7257,15.0739,2.2026,16.1609,334.0,24191.0,2992.3047
2115,16.196,15.9556,2.0932,16.1209,334.0,18104.0,2992.3047
2116,16.0658,15.9334,2.0916,15.3655,336.0,15920.0,2992.3047
2117,15.4914,16.0869,2.273,16.6216,332.0,15748.0,2992.3047
2118,16.5899,15.244,2.1933,17.4529,336.0,17303.0,2992.3047
2119,17.4041,15.8014,2.1499,16.6107,332.0,15284.0,2992.3047
2120,16.6362,16.3263,2.1942,16.5579,338.0,17152.0,2992.3047
2121,16.5752,16.0942,2.0989,17.2034,341.0,18416.0,2992.3047
2122,17.1732,15.391,2.2473,15.5703,337.0,19472.0,2992.3047
2123,15.544,16.0495,2.1624,16.0681,335.0,19074.0,2992.3047
2124,16.0997,16.112,2.0538,16.8993,335.0,15688.0,2992.3047
2125,16.8561,15.8236,1.9529,16.3427,334.0,15654.0,2992.3047
2126,16.3601,15.7727,2.1442,16.4861,332.0,16580.0,2992.3047
2127,16.5006,15.9124,2.1376,16.2561,333.0,16404.0,2992.3047
2128,16.2404,15.8387,2.0728,16.087,333.0,16984.0,2992.3047
2129,16.1329,15.8133,2.0873,17.3744,333.0,18104.0,2992.3047
2130,17.3091,16.035,1.9986,15.6476,339.0,21067.0,2992.3047
2131,15.7019,16.0617,2.119,17.0897,331.0,15272.0,2992.3047
2132,17.0987,16.0954,2.2794,17.6033,331.0,15272.0,2992.3047
2133,17.5792,15.7581,2.2133,14.9398,336.0,20271.0,2992.3047
2134,14.9967,15.7851,2.2794,16.9453,333.0,15296.0,2992.3047
2135,16.975,15.7527,2.254,17.2076,333.0,15296.0,2992.3047
2136,17.1427,15.9991,2.3483,15.7259,338.0,18012.0,2992.3047
2137,15.7088,16.0647,2.1951,16.2618,338.0,20096.0,2992.3047
2138,16.299,15.8359,2.327,16.2836,338.0,17248.0,2992.3047
2139,16.3442,15.8185,2.0452,16.0112,336.0,17246.0,2992.3047
2140,15.9396,16.3038,2.3544,17.1911,341.0,20786.0,2992.3047
2141,17.1871,15.7652,2.2364,16.6684,337.0,16260.0,2992.3047
2142,16.6546,16.1146,2.2133,15.3969,334.0,16246.0,2992.3047
2143,15.5272,16.1232,2.5432,17.7428,337.0,20522.0,2992.3047
2144,17.7194,16.1566,2.8132,16.8659,336.0,20600.0,2992.3047
2145,16.7903,16.1421,2.5771,15.9544,338.0,29472.0,2992.3047
2146,15.9397,16.1786,2.5105,17.0932,336.0,23440.0,2992.3047
2147,17.1302,16.2954,2.3263,16.0377,332.0,18328.0,2992.3047
2148,16.0262,16.0871,2.6237,17.7263,332.0,17182.0,2992.3047
2149,17.7159,15.8124,2.315,14.5755,335.0,16404.0,2992.3047
2150,14.6012,16.016,2.3583,16.955,336.0,15332.0,2992.3047
2151,16.9352,16.3606,2.672,18.4724,334.0,15772.0,2992.3047
2152,18.6294,16.118,2.6144,16.0988,337.0,18492.0,2992.3047
2153,15.9228,16.2134,2.2966,16.2931,339.0,21852.0,2992.3047
2154,16.3367,16.0848,2.5435,16.7046,344.0,28676.0,2992.3047
2155,16.658,15.9497,2.2973,16.0594,338.0,38398.0,2992.3047
2156,16.1529,16.1994,2.9001,17.6786,338.0,28666.0,2992.3047
2157,17.5871,15.9223,2.9791,15.823,338.0,20730.0,2992.3047
2158,15.9257,16.3761,2.6687,17.1097,334.0,18772.0,2992.3047
2159,17.1129,15.8756,3.0878,15.9035,333.0,16334.0,2992.3047
2160,15.8681,16.2855,2.3073,19.4832,333.0,19294.0,2992.3047
2161,19.461,16.1816,2.4155,13.8789,331.0,16820.0,2992.3047
2162,14.3722,16.0489,3.1778,17.0384,333.0,20450.0,2992.3047
2163,16.6315,15.9864,2.9222,15.8951,331.0,15128.0,2992.3047
2164,15.9216,16.1033,2.6276,16.393,331.0,19033.0,2992.3047
2165,16.3804,16.0363,2.9186,17.7831,332.0,26385.0,2992.3047
2166,17.7457,16.2669,2.9602,16.9713,336.0,20130.0,2992.3047
2167,16.936,16.1641,2.7902,16.2447,337.0,17908.0,2992.3047
2168,16.2279,16.0772,3.0307,16.8865,341.0,19432.0,2992.3047
2169,16.9637,16.086,3.0397,16.7868,338.0,16462.0,2992.3047
2170,16.7093,16.4048,3.0924,15.9455,337.0,17539.0,2992.3047
2171,15.9592,16.0701,2.594,18.0398,337.0,15950.0,2992.3047
2172,18.0415,16.1155,2.7169,15.1233,335.0,14886.0,2992.3047
2173,15.1028,16.1023,2.6313,17.152,335.0,21539.0,2992.3047
2174,17.1499,16.117,3.6496,15.9215,334.0,27620.0,2992.3047
2175,16.0311,16.0086,3.1687,17.3902,335.0,18515.0,2992.3047
2176,17.3889,16.2248,3.2288,17.1643,335.0,17768.0,2992.3047
2177,17.0838,15.9327,3.4289,16.0235,331.0,16046.0,2992.3047
2178,16.0389,16.1275,3.1819,16.0109,331.0,18016.0,2992.3047
2179,16.0702,16.1478,3.0238,19.3119,333.0,18092.0,3033.6797
2180,19.2522,16.3819,3.5844,16.9167,1286.0,146668.0,3063.0547
2181,16.8996,19.6135,3.5304,19.463,622.0,30292.0,3063.0547
2182,19.4004,15.6844,2.1129,15.6296,622.0,26272.0,3063.0547
2183,15.6272,15.2778,2.177,15.5741,620.0,26462.0,3063.0547
2184,15.6723,15.3855,2.2222,17.1111,631.0,29706.0,3048.3672
2185,17.1785,15.4125,2.2277,15.2037,626.0,29192.0,3027.6797
2186,15.0754,15.4505,2.2212,14.9699,629.0,30123.0,3027.6797
2187,15.0754,15.0657,2.3069,16.2633,626.0,25074.0,3027.6797
2188,16.1749,15.2465,2.5507,14.6483,622.0,23554.0,3027.6797
2189,14.6752,15.3588,2.2788,17.0601,627.0,25461.0,3027.6797
2190,16.9902,15.3615,2.9466,15.0131,624.0,23476.0,3027.6797
2191,15.0126,14.9722,2.6746,15.5102,620.0,25268.0,3027.6797
2192,15.4683,14.6425,2.2859,16.2785,621.0,27244.0,3027.6797
2193,16.3176,13.8083,2.3432,15.9029,620.0,27480.0,3027.6797
2194,15.9214,14.5086,2.3984,15.435,623.0,26624.0,3027.6797
2195,15.4568,15.4221,2.3493,16.9436,623.0,24222.0,3027.6797
2196,16.9209,15.4799,2.4814,16.368,622.0,23820.0,3027.6797
2197,16.4531,15.4879,2.8624,14.2489,625.0,23668.0,3027.6797
2198,14.2242,15.0789,2.3179,17.7675,621.0,25128.0,3027.6797
2199,17.7914,15.5221,2.7163,14.5366,623.0,25469.0,3027.6797
2200,14.4727,15.1245,2.4691,17.5005,630.0,27198.0,3027.6797
2201,17.5745,15.5416,2.6026,14.3641,624.0,23432.0,3027.6797
2202,14.2906,15.3279,2.4019,14.9378,630.0,25351.0,3027.6797
2203,14.9804,15.3583,2.6721,17.0376,624.0,25142.0,3027.6797
2204,17.0278,15.7307,3.0534,17.2178,624.0,23454.0,3027.6797
2205,17.6222,15.3783,3.0692,17.6833,624.0,25294.0,3027.6797
2206,17.2949,15.4842,2.7848,14.4044,624.0,28752.0,3027.6797
2207,14.4033,15.6494,3.0499,14.5698,622.0,25292.0,3027.6797
2208,14.5956,15.6135,2.7548,17.9029,625.0,25898.0,3027.6797
2209,17.9084,15.4728,3.0908,13.1302,624.0,27026.0,3027.6797
2210,13.0909,15.3715,2.8043,15.5494,623.0,25340.0,3027.6797
2211,15.5798,14.7516,2.8813,16.393,627.0,28690.0,3027.6797
2212,16.4215,14.5698,2.5613,16.5257,625.0,31056.0,3027.6797
2213,16.5177,13.6822,2.5386,15.0528,627.0,37514.0,3027.6797
2214,14.9855,15.1331,2.3707,15.818,623.0,30980.0,3027.6797
2215,15.9055,14.8435,2.2832,14.5797,622.0,26592.0,3027.6797
2216,14.479,14.3734,2.3383,15.5917,626.0,23920.0,3027.6797
2217,15.5876,15.286,2.2311,16.9327,626.0,24076.0,3027.6797
2218,17.0055,15.0575,2.5174,16.2406,625.0,23444.0,3027.6797
2219,16.2163,15.391,2.5918,14.492,627.0,23954.0,3027.6797
2220,14.4454,15.1758,2.4452,15.5685,627.0,30162.0,3027.6797
2221,15.6508,15.0518,2.2303,15.3351,627.0,38522.0,3027.6797
2222,15.2801,15.3861,2.2365,16.6578,627.0,43568.0,3027.6797
2223,17.1754,15.4893,2.4082,15.2619,623.0,28488.0,3027.6797
2224,14.7809,15.888,2.675,15.8122,621.0,23440.0,3027.6797
2225,15.7901,15.3569,2.7995,16.8762,622.0,24424.0,3027.6797
2226,16.932,15.5789,3.2232,16.8565,623.0,25452.0,3027.6797
2227,17.0518,15.6455,3.6414,14.5025,621.0,25870.0,3027.6797
2228,14.2038,15.1914,3.3195,18.6124,623.0,24800.0,3027.6797
2229,18.8079,15.868,3.4342,14.9233,620.0,23332.0,3027.6797
2230,15.1779,16.1,3.5398,16.1672,623.0,33913.0,3027.6797
2231,15.7879,14.7381,2.879,14.9289,623.0,31223.0,3027.6797
2232,14.9016,14.6106,3.1087,15.4577,626.0,23862.0,3027.6797
2233,15.3883,15.6592,2.3321,16.587,628.0,28846.0,3027.6797
2234,16.7005,13.2518,2.1827,14.7689,625.0,24898.0,3027.6797
2235,14.7386,15.3499,2.257,16.6793,624.0,24197.0,3027.6797
2236,16.6638,15.2504,2.5103,14.6585,622.0,25554.0,3027.6797
2237,14.6524,15.5114,2.3505,16.1594,623.0,22386.0,3027.6797
2238,16.16,15.0962,2.1388,16.0236,622.0,28975.0,3027.6797
2239,15.9931,15.3515,2.325,15.355,622.0,36554.0,3027.6797
2240,15.474,15.6108,2.0894,15.7336,624.0,26623.0,3027.6797
2241,15.6729,15.3833,2.2355,16.2582,622.0,25852.0,3027.6797
2242,16.2318,15.2391,2.3961,15.625,621.0,24262.0,3027.6797
2243,15.659,15.1441,2.6206,14.9537,621.0,26136.0,3027.6797
2244,14.9058,15.389,2.3832,16.7659,623.0,26260.0,3027.6797
2245,16.9529,15.3624,2.9419,14.534,622.0,26220.0,3027.6797
2246,14.3766,15.4648,3.695,17.1609,620.0,25284.0,3027.6797
2247,17.2659,15.3958,3.2614,15.1689,622.0,31226.0,3027.6797
2248,15.1125,15.1607,2.8958,14.8459,627.0,25560.0,3027.6797
2249,14.7519,15.1826,2.6117,16.1265,626.0,27016.0,3027.6797
2250,16.1441,15.0521,2.1681,15.5279,626.0,25812.0,3027.6797
2251,15.5579,12.9814,2.2351,15.7471,623.0,25746.0,3027.6797
2252,15.735,14.5582,2.316,15.0895,626.0,28897.0,3027.6797
2253,15.1496,15.119,2.053,14.752,626.0,29001.0,3027.6797
2254,14.6406,15.3189,2.0944,16.058,621.0,29004.0,3027.6797
2255,16.1037,15.13,2.0348,16.128,624.0,28759.0,3027.6797
2256,16.1288,15.5103,2.0767,15.9643,623.0,23956.0,3027.6797
2257,15.9759,15.2526,2.1142,16.7947,623.0,23588.0,3027.6797
2258,16.8993,15.5959,2.3597,16.2364,622.0,25299.0,3027.6797
2259,16.1406,15.3785,2.2793,16.5628,621.0,24176.0,3027.6797
2260,16.7628,15.2069,2.673,15.6499,621.0,26140.0,3027.6797
2261,15.5075,15.4777,2.5666,14.72,622.0,26520.0,3027.6797
2262,14.7207,15.4539,2.6353,15.1036,620.0,29412.0,3027.6797
2263,15.12,15.311,2.7775,15.1155,621.0,24566.0,3027.6797
2264,15.0208,15.1523,2.9581,16.337,625.0,23812.0,3027.6797
2265,16.3784,15.3025,2.5775,15.3128,626.0,23636.0,3027.6797
2266,15.2692,15.1992,2.4986,16.1827,625.0,23444.0,3027.6797
2267,16.1962,14.9278,2.1603,15.6585,626.0,27013.0,3027.6797
2268,15.681,14.0251,2.2141,15.3755,625.0,25471.0,3027.6797
2269,15.4265,14.5886,2.2229,16.6244,625.0,25313.0,3027.6797
2270,16.5697,15.4143,2.1993,14.0884,625.0,25335.0,3027.6797
2271,14.1476,14.9112,2.2171,16.0233,620.0,25116.0,3027.6797
2272,15.9741,15.1631,2.1227,15.9108,622.0,23452.0,3027.6797
2273,15.9023,15.2973,2.2382,14.5678,622.0,24188.0,3027.6797
2274,14.5929,15.1322,2.2046,16.7892,622.0,27868.0,3027.6797
2275,16.8611,15.2676,2.8524,15.9965,621.0,26508.0,3027.6797
2276,15.9408,15.4546,2.5526,15.1909,622.0,26230.0,3027.6797
2277,15.2702,15.4699,2.5333,15.9735,621.0,24176.0,3027.6797
2278,15.9241,14.7153,2.3319,15.0291,628.0,27644.0,3027.6797
2279,15.0231,15.3365,2.4208,14.9356,623.0,26568.0,3027.6797
2280,15.0005,14.927,2.5313,15.5842,633.0,31296.0,3027.6797
2281,15.5047,15.3053,2.839,16.1547,629.0,34316.0,3027.6797
2282,16.2101,15.3169,2.3163,15.633,626.0,33650.0,3027.6797
2283,15.5353,14.647,2.2127,15.2428,623.0,28664.0,3027.6797
2284,15.2222,13.7116,2.3915,15.8058,624.0,25160.0,3027.6797
2285,15.8146,14.5223,2.1981,15.5552,624.0,23610.0,3027.6797
2286,15.5531,15.4785,1.9588,14.2747,623.0,23928.0,3027.6797
2287,14.2724,14.983,1.9723,17.5677,623.0,23464.0,3027.6797
2288,17.5994,15.2422,2.2561,15.1058,622.0,30588.0,3027.6797
2289,15.164,15.1555,2.1263,15.3568,624.0,31836.0,3027.6797
2290,15.2465,15.2054,2.0579,15.597,629.0,41904.0,3027.6797
2291,15.7382,15.2641,2.1874,15.7253,626.0,36884.0,3027.6797
2292,15.6073,15.4756,2.0886,15.9321,621.0,23440.0,3027.6797
2293,16.0249,14.9853,2.2314,15.3486,620.0,23976.0,3027.6797
2294,15.6121,14.8591,3.3495,15.5864,623.0,24294.0,3027.6797
2295,15.4557,14.8365,2.7333,15.4777,621.0,26004.0,3027.6797
2296,15.263,15.3678,2.4302,16.1662,625.0,24844.0,3027.6797
2297,16.1641,14.8372,2.805,15.0799,629.0,24780.0,3027.6797
2298,15.1575,15.1064,2.5092,16.4306,627.0,33447.0,3027.6797
2299,16.3187,15.1873,2.1087,14.825,624.0,29363.0,3027.6797
2300,14.9367,12.9927,2.0387,15.9132,615.0,25698.0,3027.6797
2301,15.8519,14.8532,2.6199,16.3489,625.0,25159.0,3027.6797
2302,16.524,15.3597,2.4882,14.3277,624.0,26803.0,3027.6797
2303,14.2363,14.9941,2.3655,16.4124,621.0,24846.0,3027.6797
2304,16.3946,15.3434,2.3341,16.3855,623.0,25607.0,3027.6797
2305,16.437,15.5709,2.3063,15.8831,621.0,23972.0,3027.6797
2306,15.7633,15.1603,2.1397,16.0986,621.0,25709.0,3027.6797
2307,16.2252,15.4091,2.4419,15.5775,621.0,30517.0,3027.6797
2308,15.5677,15.3518,2.4421,14.6555,622.0,33393.0,3027.6797
2309,14.5872,15.2157,3.4413,15.3783,623.0,25517.0,3027.6797
2310,15.3824,15.6189,2.4762,15.7616,622.0,25900.0,3027.6797
2311,15.8853,15.4624,2.9557,15.6634,620.0,24842.0,3027.6797
2312,15.5742,15.1219,2.6836,16.2412,624.0,28380.0,3027.6797
2313,16.1939,15.4033,2.7033,15.9197,624.0,25404.0,3027.6797
2314,15.9234,15.2426,2.5838,15.7753,625.0,25120.0,3027.6797
2315,15.8019,15.2374,2.8046,15.2976,625.0,25156.0,3027.6797
2316,15.2606,14.6445,2.3255,16.1875,623.0,31468.0,3027.6797
2317,16.1992,13.6807,2.4472,16.6416,624.0,26736.0,3027.6797
2318,16.687,15.1718,2.3899,16.3279,620.0,25892.0,3027.6797
2319,16.3168,14.3535,2.3492,14.6548,624.0,25040.0,3027.6797
2320,14.6432,15.4652,2.3966,15.3952,624.0,30151.0,3027.6797
2321,15.3965,14.9505,2.2836,16.2412,622.0,25704.0,3027.6797
2322,16.2223,15.4065,2.6272,16.4452,624.0,30051.0,3027.6797
2323,16.5003,15.286,2.59,14.6231,625.0,30119.0,3027.6797
2324,14.5282,15.2492,2.4246,16.0116,622.0,25416.0,3027.6797
2325,16.0768,15.6981,2.5185,15.7487,622.0,23576.0,3027.6797
2326,15.7373,15.2716,2.442,16.4705,623.0,25435.0,3027.6797
2327,16.4677,15.1687,2.6388,16.0508,622.0,23820.0,3027.6797
2328,16.0773,15.177,2.7355,14.8614,625.0,24548.0,3027.6797
2329,14.929,15.7861,2.7927,16.5202,625.0,26880.0,3027.6797
2330,16.4461,15.3239,3.4652,14.9847,627.0,29084.0,3027.6797
2331,15.0314,15.4013,3.0253,15.498,623.0,25774.0,3027.6797
2332,15.4152,15.3644,2.6086,16.202,624.0,24212.0,3027.6797
2333,16.1855,14.9923,2.7674,15.7976,626.0,24004.0,3027.6797
2334,15.7942,15.2656,2.4759,16.2983,620.0,23450.0,3027.6797
2335,16.4351,13.6504,2.256,15.4803,621.0,23440.0,3027.6797
2336,15.4824,14.5527,2.4776,15.4005,625.0,27023.0,3027.6797
2337,15.3902,15.3466,2.6445,14.5892,623.0,25469.0,3027.6797
2338,14.5877,15.4332,2.3591,17.0985,627.0,25359.0,3027.6797
2339,17.011,15.1879,2.4276,16.9757,624.0,27011.0,3027.6797
2340,16.9895,15.293,2.3129,14.5192,622.0,23452.0,3027.6797
2341,14.5375,15.2841,2.748,17.2216,621.0,23808.0,3027.6797
2342,17.2033,15.2225,2.3115,14.212,623.0,25672.0,3027.6797
2343,14.2595,15.1824,2.5629,14.8931,623.0,26776.0,3027.6797
2344,14.9667,15.1989,2.7361,17.3961,627.0,26536.0,3027.6797
2345,17.2933,15.3946,2.6088,14.3992,625.0,25854.0,3027.6797
2346,14.4615,15.3394,2.4363,16.1538,628.0,25724.0,3027.6797
2347,16.0886,15.3567,2.879,15.0667,627.0,25892.0,3027.6797
2348,15.1905,15.3406,2.977,15.9116,629.0,29176.0,3027.6797
2349,15.7492,15.1072,3.8137,16.101,631.0,33762.0,3027.6797
2350,16.1068,15.3691,2.9012,16.202,622.0,32312.0,3027.6797
2351,16.1845,14.75,2.8791,15.222,622.0,32664.0,3027.6797
2352,15.3797,13.8961,2.8533,15.9857,622.0,26900.0,3027.6797
2353,15.7929,14.3173,2.5081,16.4253,620.0,24670.0,3027.6797
2354,16.444,13.3679,2.2903,15.7821,621.0,23596.0,3027.6797
2355,15.8886,15.2915,2.5804,14.2879,621.0,23904.0,3027.6797
2356,14.2544,15.3203,2.5474,16.0462,621.0,26776.0,3027.6797
2357,16.0186,15.4162,2.4282,16.0189,623.0,33936.0,3027.6797
2358,16.0001,15.7883,2.1082,16.1009,623.0,33512.0,3027.6797
2359,16.0923,15.2793,2.0744,16.4162,624.0,38508.0,3027.6797
2360,16.6083,15.66,2.7404,17.1755,629.0,31852.0,3027.6797
2361,17.0286,15.3694,2.3016,15.1155,629.0,23616.0,3027.6797
2362,15.1436,15.3011,2.4461,15.0563,628.0,24310.0,3027.6797
2363,15.1463,15.3204,2.4125,16.467,622.0,23758.0,3027.6797
2364,16.379,15.3328,2.5023,15.887,626.0,27682.0,3027.6797
2365,15.9047,15.4858,2.6494,14.508,622.0,23978.0,3027.6797
2366,14.4534,15.5254,2.8803,14.7961,620.0,24024.0,3027.6797
2367,14.7483,15.3452,3.2287,16.0096,623.0,37712.0,3027.6797
2368,15.9861,15.4569,2.6108,16.2791,621.0,26094.0,3027.6797
2369,16.3405,15.0216,2.3382,15.734,624.0,26853.0,3027.6797
2370,15.6921,15.2427,2.2012,15.5623,622.0,23010.0,3027.6797
2371,15.6861,14.5726,2.0941,16.0436,623.0,27117.0,3027.6797
2372,15.9936,14.3731,2.2585,15.4909,624.0,26163.0,3027.6797
2373,15.3993,14.7178,2.2549,15.3714,621.0,23972.0,3027.6797
2374,15.4188,14.6708,2.2993,15.231,623.0,27037.0,3027.6797
2375,15.2121,14.5197,2.3317,16.2881,621.0,29703.0,3027.6797
2376,16.3443,15.2108,2.1555,15.006,624.0,29691.0,3027.6797
2377,14.9826,15.1805,2.1018,15.4305,624.0,27712.0,3027.6797
2378,15.4327,15.2075,2.5791,17.2506,628.0,26149.0,3027.6797
2379,17.2599,14.9741,2.1133,14.4211,622.0,26108.0,3027.6797
2380,14.4712,15.0479,2.2132,14.5751,626.0,24614.0,3027.6797
2381,14.5318,14.7713,2.4288,16.089,622.0,29758.0,3027.6797
2382,16.0777,14.6286,2.4591,15.0333,622.0,24332.0,3027.6797
2383,14.9573,14.9619,2.5879,15.3918,622.0,25128.0,3027.6797
2384,15.4374,15.0732,2.3646,15.7785,623.0,30774.0,3027.6797
2385,15.8529,14.5527,2.0175,15.563,623.0,26020.0,3027.6797
2386,15.5331,14.3721,2.0715,15.3258,622.0,27228.0,3027.6797
2387,15.2926,13.7143,1.9828,15.6331,622.0,25036.0,3027.6797
2388,15.6623,15.2228,1.9485,14.8404,627.0,29277.0,3027.6797
2389,14.9321,15.061,1.9724,15.0743,620.0,27146.0,3027.6797
2390,14.933,15.1994,2.2774,18.2131,621.0,27188.0,3027.6797
2391,18.2887,15.3654,2.2507,13.9832,624.0,31778.0,3027.6797
2392,13.9431,15.0804,2.1024,15.4597,627.0,26168.0,3027.6797
2393,15.4746,15.2881,2.18,16.621,626.0,24316.0,3027.6797
2394,16.7456,15.3963,2.4904,15.1677,625.0,23444.0,3027.6797
2395,15.0789,15.404,2.3667,15.4507,628.0,25841.0,3027.6797
2396,15.3584,15.4915,2.6717,18.4391,626.0,24582.0,3027.6797
2397,18.5596,15.507,2.8762,13.2991,622.0,25270.0,3027.6797
2398,13.2908,15.5217,2.7865,16.595,622.0,28700.0,3027.6797
2399,16.5929,14.9389,2.9791,15.5482,621.0,27368.0,3027.6797
2400,15.4708,15.1538,2.3169,15.3197,621.0,24566.0,3027.6797
2401,15.4474,14.8515,2.6611,14.9799,623.0,23622.0,3027.6797
2402,14.9732,13.6949,2.5143,16.9913,623.0,23832.0,3027.6797
2403,16.92,14.0198,2.1427,14.6817,621.0,23462.0,3027.6797
2404,14.6493,14.5615,2.2719,15.478,626.0,25347.0,3027.6797
2405,15.47,15.2226,2.0581,15.2417,622.0,25140.0,3027.6797
2406,15.3466,14.9686,2.2485,15.1337,627.0,25517.0,3027.6797
2407,15.0428,15.3451,2.1178,15.9559,622.0,26987.0,3027.6797
2408,16.0242,15.3431,2.0844,16.2283,628.0,25327.0,3027.6797
2409,16.2155,15.2634,2.2373,15.8967,624.0,23800.0,3027.6797
2410,15.8344,15.2589,1.9564,14.9265,627.0,25676.0,3027.6797
2411,15.0414,15.2175,2.5243,16.7375,625.0,25306.0,3027.6797
2412,16.6715,15.3298,1.9327,14.22,624.0,26766.0,3027.6797
2413,14.3132,15.1878,2.7933,15.7189,626.0,26748.0,3027.6797
2414,15.5837,15.2753,2.3918,16.0191,625.0,26100.0,3027.6797
2415,16.0165,15.1479,2.3841,15.3969,623.0,24928.0,3027.6797
2416,15.3978,15.078,2.3406,15.9617,625.0,28146.0,3027.6797
2417,15.9389,14.5257,2.0297,15.258,630.0,33048.0,3027.6797
2418,15.2887,14.5291,1.8571,15.7082,626.0,31482.0,3027.6797
2419,15.7932,13.6528,1.9866,15.1262,621.0,31796.0,3027.6797
2420,15.0538,15.2965,2.0176,15.2038,623.0,28484.0,3027.6797
2421,15.2466,15.1401,2.0988,15.6183,621.0,26732.0,3027.6797
2422,15.5936,15.0565,2.0986,16.4286,623.0,24242.0,3027.6797
2423,16.3879,15.2125,2.0807,15.8549,620.0,23584.0,3027.6797
2424,15.8744,15.4108,2.09,15.2004,629.0,27292.0,3027.6797
2425,15.1406,15.2608,2.0308,16.3564,629.0,33500.0,3027.6797
2426,16.4536,15.6988,2.1547,16.3048,625.0,27284.0,3027.6797
2427,16.347,15.9024,2.0348,16.335,627.0,35186.0,3027.6797
2428,16.2944,16.036,2.5661,16.5564,628.0,36846.0,3027.6797
2429,16.5185,15.1968,2.4949,15.3567,625.0,28614.0,3027.6797
2430,15.5276,15.8855,2.394,15.8541,624.0,24156.0,3027.6797
2431,15.8996,15.5844,2.9604,16.6744,620.0,23606.0,3027.6797
2432,16.5401,15.3437,2.879,15.064,620.0,26984.0,3027.6797
2433,15.0264,15.2486,2.7339,15.6957,621.0,25032.0,3027.6797
2434,15.6425,14.8435,2.8942,16.0627,620.0,23976.0,3027.6797
2435,16.0942,15.4238,2.9308,16.6296,621.0,33389.0,3027.6797
2436,16.6723,15.423,2.2197,15.152,622.0,29583.0,3027.6797
2437,15.0608,15.1702,2.1178,15.9466,625.0,26995.0,3027.6797
2438,15.9791,13.7108,2.2209,17.0345,622.0,23664.0,3027.6797
2439,17.1025,14.964,2.1243,15.6528,621.0,23276.0,3027.6797
2440,15.6157,15.2863,2.4579,14.9164,630.0,28438.0,3027.6797
2441,14.9147,15.6112,2.4704,15.2565,626.0,25600.0,3027.6797
2442,15.2908,15.3525,2.4165,15.2954,626.0,24228.0,3027.6797
2443,15.2837,15.5246,2.0474,16.3881,623.0,29275.0,3027.6797
2444,16.3424,15.0519,2.3114,15.6267,624.0,30644.0,3027.6797
2445,15.6514,15.2198,2.3049,15.6229,622.0,27328.0,3027.6797
2446,15.5702,15.1083,2.2278,16.0991,623.0,26782.0,3027.6797
2447,16.1501,15.3613,2.1997,15.8119,626.0,26447.0,3027.6797
2448,15.828,15.21,2.1191,15.022,620.0,25684.0,3027.6797
2449,15.0432,15.3558,2.4681,14.95,622.0,26528.0,3027.6797
2450,14.944,15.1124,2.6662,15.8208,621.0,27700.0,3027.6797
2451,15.7649,14.9984,2.4044,15.8165,622.0,24844.0,3027.6797
2452,15.815,14.8217,2.3655,15.6083,622.0,25676.0,3027.6797
2453,15.617,15.2299,2.3169,15.9244,621.0,31328.0,3027.6797
2454,15.9597,14.1928,1.952,16.7663,623.0,24540.0,3027.6797
2455,16.76,13.7576,2.2919,14.7982,622.0,26812.0,3027.6797
2456,14.7756,14.6874,2.5991,14.5733,627.0,30391.0,3027.6797
2457,14.6018,15.0024,2.2959,15.1865,625.0,25648.0,3027.6797
2458,15.2034,15.6479,2.2647,18.0331,625.0,28658.0,3027.6797
2459,18.0907,15.5899,2.4013,15.3091,625.0,28205.0,3027.6797
2460,15.2408,14.9085,2.185,14.0823,625.0,29309.0,3027.6797
2461,14.0397,14.9102,1.9551,16.3621,623.0,24546.0,3027.6797
2462,16.4242,15.1456,2.1907,14.8449,620.0,23920.0,3027.6797
2463,14.8078,15.2502,2.2362,16.8899,625.0,25827.0,3027.6797
2464,16.9791,15.5317,2.7586,14.5423,621.0,24544.0,3027.6797
2465,14.4553,15.0066,2.6227,15.7195,620.0,25268.0,3027.6797
2466,15.7861,15.0032,2.554,16.5051,622.0,25784.0,3027.6797
2467,16.4434,15.7965,2.5168,15.4926,622.0,29192.0,3027.6797
2468,15.4849,15.4201,2.4432,16.1697,622.0,24924.0,3027.6797
2469,16.1922,14.732,2.5078,15.6861,621.0,24356.0,3027.6797
2470,15.6626,15.241,2.6562,15.6822,621.0,23440.0,3027.6797
2471,15.7643,15.1386,2.2392,15.6829,622.0,23820.0,3027.6797
2472,15.6167,13.9242,2.2323,16.6025,627.0,25337.0,3027.6797
2473,16.6088,14.502,2.2417,15.3806,626.0,23456.0,3027.6797
2474,15.3675,15.48,2.2961,15.0988,625.0,25290.0,3027.6797
2475,15.0754,14.641,2.1111,16.0842,626.0,27013.0,3027.6797
2476,16.102,15.4642,2.1568,15.4954,627.0,27184.0,3027.6797
2477,15.5841,15.3806,2.0065,18.4547,625.0,23834.0,3027.6797
2478,18.4094,15.1072,2.4322,13.9395,621.0,25648.0,3027.6797
2479,13.9075,15.5881,2.201,15.6869,624.0,25316.0,3027.6797
2480,15.721,14.9934,2.449,15.5772,620.0,25636.0,3027.6797
2481,15.8517,15.302,2.1259,15.595,621.0,26384.0,3027.6797
2482,15.3089,15.3372,2.2812,15.568,625.0,27162.0,3027.6797
2483,15.67,15.3014,2.6385,14.9798,624.0,25150.0,3027.6797
2484,14.7827,15.2786,2.4547,15.6538,624.0,27354.0,3027.6797
2485,15.6838,15.1707,2.3002,16.1948,631.0,31690.0,3027.6797
2486,16.1742,14.8958,2.496,15.6701,622.0,31280.0,3027.6797
2487,15.7534,15.0548,2.2784,14.7934,624.0,30408.0,3027.6797
2488,14.7697,14.747,2.1996,15.5381,626.0,28462.0,3027.6797
2489,15.5779,13.2197,2.0462,16.0026,629.0,29222.0,3027.6797
2490,15.9128,15.2132,2.2155,15.1069,625.0,24906.0,3027.6797
2491,15.1525,15.21,2.1671,15.1779,623.0,24220.0,3027.6797
2492,15.1732,15.2645,1.9245,16.4592,626.0,27434.0,3027.6797
2493,16.4716,15.4898,2.2605,16.5326,625.0,30138.0,3027.6797
2494,16.5203,15.348,2.1257,15.5884,622.0,30164.0,3027.6797
2495,15.5913,15.14,2.2037,15.786,623.0,28952.0,3027.6797
2496,15.7412,15.5152,2.4785,15.8246,628.0,33532.0,3027.6797
2497,15.8885,15.3788,2.1115,15.8631,626.0,36968.0,3027.6797
2498,15.892,15.5237,2.2763,15.4655,621.0,25684.0,3027.6797
2499,15.481,15.5229,2.7144,14.5611,622.0,23604.0,3027.6797
2500,14.5442,15.2577,2.5246,16.4844,621.0,26996.0,3027.6797
2501,16.4631,15.3874,2.5442,15.9395,622.0,24986.0,3027.6797
2502,15.9103,15.4957,2.3943,15.977,620.0,24232.0,3027.6797
2503,16.008,15.3758,2.4885,16.0521,621.0,24926.0,3027.6797
2504,16.0664,15.4222,2.6284,16.128,626.0,37414.0,3027.6797
2505,16.1093,16.0081,2.8673,17.1256,627.0,25711.0,3027.6797
2506,17.1571,15.6098,2.2415,15.4915,625.0,24864.0,3027.6797
2507,15.5609,15.3219,2.0306,16.2396,623.0,23932.0,3027.6797
2508,16.1938,14.595,2.1187,15.725,627.0,24655.0,3027.6797
2509,15.7142,13.1013,2.2504,15.0221,625.0,27857.0,3027.6797
2510,14.9742,14.8644,2.1089,13.7465,620.0,24552.0,3027.6797
2511,13.8566,15.1414,2.0297,16.1343,620.0,27145.0,3027.6797
2512,16.0238,15.1364,2.5136,16.6499,620.0,30437.0,3027.6797
2513,16.7176,15.1878,2.2319,14.7541,623.0,26945.0,3027.6797
2514,14.7858,15.1644,1.9799,16.3961,622.0,29688.0,3027.6797
2515,16.3769,15.3208,2.0569,15.3865,622.0,25374.0,3027.6797
2516,15.3299,15.3135,2.0719,15.2129,622.0,25977.0,3027.6797
2517,15.2939,15.3992,2.1617,16.0858,623.0,26660.0,3027.6797
2518,16.1392,15.3298,2.3267,15.8661,621.0,29436.0,3027.6797
2519,15.8654,15.6061,2.9529,16.6815,623.0,24248.0,3027.6797
2520,16.7229,15.3725,2.7133,15.1823,626.0,25098.0,3027.6797
2521,15.0139,15.4237,2.2078,16.4016,625.0,31204.0,3027.6797
2522,16.3671,15.7984,2.1674,15.9234,628.0,25108.0,3027.6797
2523,15.9421,15.1868,2.0862,16.2495,624.0,24720.0,3027.6797
2524,16.3859,15.5351,2.0759,15.7854,626.0,32119.0,3027.6797
2525,15.7605,14.1589,2.2342,15.9778,623.0,26376.0,3027.6797
2526,15.857,14.5372,2.0101,15.309,622.0,26784.0,3027.6797
2527,15.3323,14.8755,2.021,15.4288,622.0,30025.0,3027.6797
2528,15.5484,14.6712,2.1731,15.3887,624.0,26492.0,3027.6797
2529,15.2799,15.3665,2.167,16.137,623.0,27343.0,3027.6797
2530,16.1737,15.2831,2.0549,15.5849,622.0,24312.0,3027.6797
2531,15.6027,15.4116,2.0253,16.7708,622.0,23820.0,3027.6797
2532,16.7925,15.384,2.027,14.8448,624.0,26551.0,3027.6797
2533,14.7832,14.9651,2.1598,16.4279,620.0,24900.0,3027.6797
2534,16.4471,15.6516,2.3325,16.1051,622.0,25784.0,3027.6797
2535,16.1229,15.7115,2.3665,15.044,622.0,28088.0,3027.6797
2536,15.0102,15.4873,2.5938,16.0202,314.0,22924.0,3027.6797
2537,16.136,15.4909,2.5689,15.6704,301.0,22586.0,3027.6797
2538,15.6501,15.066,2.6124,15.1109,304.0,20330.0,3027.6797
2539,14.988,14.9613,2.7116,15.8047,302.0,20328.0,3027.6797
2540,15.804,14.9134,2.3154,15.6991,301.0,21795.0,3027.6797
2541,15.7143,14.8055,2.1488,14.3144,301.0,20106.0,3027.6797
2542,14.3277,12.9384,2.093,14.9837,297.0,23298.0,3027.6797
2543,14.9732,14.0351,1.9643,14.4409,304.0,25547.0,3027.6797
2544,14.4415,14.7539,2.0484,15.5403,298.0,20302.0,3027.6797
2545,15.572,14.8395,2.0023,14.6705,298.0,22142.0,3048.3672
2546,14.6755,14.483,2.1466,15.3983,299.0,21786.0,3063.0547
2547,15.3953,14.3885,2.2946,14.7227,299.0,22154.0,3063.0547
2548,14.7167,14.4262,2.3128,13.2825,299.0,23626.0,3063.0547
2549,13.241,13.7855,2.1966,15.4236,302.0,23288.0,3033.6797
2550,15.4577,14.0788,2.0092,14.7826,301.0,24946.0,2992.3047
2551,14.7745,12.3472,2.1126,14.0151,304.0,31150.0,2992.3047
2552,13.9945,13.6239,2.0048,15.1276,305.0,28994.0,2992.3047
2553,15.1053,14.5247,1.992,14.8366,302.0,24934.0,2992.3047
2554,14.9011,14.4118,1.9257,14.6186,303.0,25216.0,2992.3047
2555,14.6229,14.3965,2.1757,13.7706,302.0,21422.0,2992.3047
2556,13.7699,14.2887,2.3766,14.7059,300.0,24050.0,2992.3047
2557,14.7042,14.3552,2.1942,15.2818,302.0,26788.0,2992.3047
2558,15.2447,14.328,2.3295,14.432,300.0,26670.0,2992.3047
2559,14.4468,12.9068,1.866,14.9917,299.0,28306.0,2992.3047
2560,14.9609,12.8775,2.04,14.2486,300.0,26754.0,2992.3047
2561,14.2805,14.5971,2.0465,14.6204,301.0,33444.0,2992.3047
2562,14.6349,14.5184,2.1529,15.2101,296.0,21756.0,2992.3047
2563,15.308,14.7197,2.3251,15.3706,297.0,22460.0,2992.3047
2564,15.2758,14.3457,2.0592,13.1172,297.0,21436.0,2992.3047
2565,13.0791,14.4183,2.0729,14.9422,296.0,20588.0,2992.3047
2566,14.9797,14.1573,2.3048,15.1584,296.0,21290.0,2992.3047
2567,15.1418,14.3313,1.9435,14.7939,297.0,20612.0,2992.3047
2568,14.7857,12.2556,2.0828,14.3076,303.0,22125.0,2992.3047
2569,14.3183,14.2589,2.0993,14.5317,300.0,19830.0,2992.3047
2570,14.5364,14.3749,1.9341,15.4605,302.0,22207.0,2992.3047
2571,15.4521,14.4592,2.1286,14.4483,298.0,20562.0,2992.3047
2572,14.4966,14.5067,2.4503,13.6851,300.0,22667.0,2992.3047
2573,13.614,14.2271,2.162,15.2539,298.0,21972.0,2992.3047
2574,15.3138,14.348,2.1595,14.959,296.0,24713.0,2992.3047
2575,14.9823,14.2241,2.0371,15.6945,297.0,24765.0,2992.3047
2576,15.6229,12.3039,2.1332,13.1405,296.0,26833.0,2992.3047
2577,13.1821,13.7439,2.0353,14.0377,297.0,22972.0,2992.3047
2578,14.0104,14.4163,2.0848,17.0254,298.0,21692.0,2992.3047
2579,17.0744,14.5233,2.0496,13.7646,300.0,24553.0,2992.3047
2580,13.7426,14.2664,2.2891,13.6363,298.0,25862.0,2992.3047
2581,13.6457,14.4468,2.4468,14.6858,299.0,20710.0,2992.3047
2582,14.634,14.1933,2.1671,15.1672,297.0,22258.0,2992.3047
2583,15.2077,14.2161,2.3916,15.5987,296.0,26668.0,2992.3047
2584,15.6004,12.3127,2.1481,14.1832,301.0,20982.0,2992.3047
2585,14.1461,13.6281,1.9987,14.1671,304.0,25715.0,2992.3047
2586,14.2106,14.408,1.9622,14.313,301.0,25450.0,2992.3047
2587,14.3169,14.1759,2.0758,14.1459,298.0,22228.0,2992.3047
2588,14.2011,14.5626,2.1729,15.0418,298.0,24628.0,2992.3047
2589,15.0932,14.3971,2.5172,14.4218,300.0,25843.0,2992.3047
2590,14.304,14.379,2.264,15.2338,296.0,21616.0,2992.3047
2591,15.2004,14.1675,2.2894,14.2763,302.0,23501.0,2992.3047
2592,14.2956,12.2691,2.1247,14.8254,296.0,20258.0,2992.3047
2593,14.8375,13.7079,2.102,13.7672,300.0,23381.0,2992.3047
2594,13.7892,14.3038,2.3185,14.5938,296.0,22466.0,2992.3047
2595,14.5879,14.4734,1.9239,15.558,297.0,24534.0,2992.3047
2596,15.8525,14.7054,2.4874,13.7934,297.0,22110.0,2992.3047
2597,13.5791,14.1769,2.4742,15.6863,297.0,24559.0,2992.3047
2598,15.5897,14.2888,2.359,14.3232,296.0,19890.0,2992.3047
2599,14.3251,14.3233,2.4429,14.5829,298.0,20858.0,2992.3047
2600,14.5944,12.8812,1.9648,14.7922,301.0,27046.0,2992.3047
2601,14.7624,12.8721,1.919,14.0457,300.0,23987.0,2992.3047
2602,14.0891,14.5881,1.9959,15.5275,301.0,20274.0,2992.3047
2603,15.5271,14.2851,2.0461,15.3049,301.0,20296.0,2992.3047
2604,15.2647,14.9746,2.0956,15.121,301.0,21775.0,2992.3047
2605,15.1915,14.2552,2.1986,13.9617,298.0,20050.0,2992.3047
2606,14.0732,14.3517,2.7061,14.2622,296.0,23266.0,2992.3047
2607,14.1105,13.6941,2.2215,15.0969,302.0,25503.0,2992.3047
2608,15.0771,13.4362,1.9652,14.12,296.0,20626.0,2992.3047
2609,14.09,12.2939,1.9993,14.6333,296.0,21730.0,2992.3047
2610,14.6167,14.2541,1.8029,14.1569,297.0,21742.0,2992.3047
2611,14.1417,14.4498,1.7924,14.3815,296.0,22098.0,2992.3047
2612,14.5517,14.2947,2.0541,14.7852,296.0,23570.0,2992.3047
2613,14.7343,14.4337,2.1231,14.4684,301.0,23256.0,2992.3047
2614,14.3901,14.1231,2.2224,14.5381,303.0,25888.0,2992.3047
2615,14.5896,14.2086,2.3027,15.144,302.0,30168.0,2992.3047
2616,15.1716,14.3533,1.8392,14.7851,303.0,29108.0,2992.3047
2617,14.746,12.3204,2.0925,13.8714,300.0,25232.0,2992.3047
2618,13.8418,14.2778,1.9097,14.4112,303.0,24696.0,2992.3047
2619,14.4619,14.4541,1.9444,15.4032,300.0,21378.0,2992.3047
2620,15.3892,14.4199,1.8887,14.5163,300.0,24030.0,2992.3047
2621,14.5273,14.4052,2.1176,14.1951,301.0,26756.0,2992.3047
2622,14.1454,14.2732,2.1627,15.1416,299.0,26638.0,2992.3047
2623,15.1346,14.2593,2.0364,14.2227,299.0,28286.0,2992.3047
2624,14.2594,13.5042,1.9503,15.4162,301.0,26896.0,2992.3047
2625,15.4089,12.2114,1.9071,12.9459,300.0,33234.0,2992.3047
2626,12.9728,14.358,1.9479,15.0496,297.0,21816.0,2992.3047
2627,14.9766,13.387,1.7477,15.4281,297.0,22460.0,2992.3047
2628,15.5021,14.3109,1.988,14.3148,299.0,21460.0,2992.3047
2629,14.3671,14.635,2.1113,14.3032,298.0,20612.0,2992.3047
2630,14.2069,14.3585,2.4545,15.1588,296.0,22030.0,2992.3047
2631,15.1671,14.3105,2.7842,15.1108,296.0,19860.0,2992.3047
2632,15.1306,14.0535,2.1502,14.5765,303.0,22125.0,2992.3047
2633,14.5787,12.3935,2.015,14.4611,300.0,19782.0,2992.3047
2634,14.4862,13.6879,1.9079,14.9277,302.0,22293.0,2992.3047
2635,14.9045,14.4167,2.0124,14.2806,298.0,20428.0,2992.3047
2636,14.2864,14.4119,1.9605,15.5856,303.0,22751.0,2992.3047
2637,15.6528,14.548,2.2269,13.0003,299.0,21936.0,2992.3047
2638,12.957,14.3189,2.487,15.0926,298.0,24833.0,2992.3047
2639,15.0598,14.5731,2.3896,15.2896,296.0,24753.0,2992.3047
2640,15.372,14.105,2.4832,14.6466,298.0,27359.0,2992.3047
2641,14.5853,12.3459,2.1383,15.1265,297.0,22422.0,2992.3047
2642,15.1794,14.2313,2.2533,14.5939,300.0,21764.0,2992.3047
2643,14.6604,14.8078,2.0799,14.3739,299.0,24541.0,2992.3047
2644,14.2304,14.0669,2.1266,14.5745,296.0,25790.0,2992.3047
2645,14.7222,14.6618,2.0346,14.7707,297.0,20734.0,2992.3047
2646,14.709,14.4872,2.2972,14.9395,297.0,22466.0,2992.3047
2647,14.9572,14.8012,2.7098,15.5748,296.0,26460.0,2992.3047
2648,15.499,13.9624,2.5318,14.4211,301.0,20982.0,2992.3047
2649,14.4086,14.2175,2.3459,15.5883,302.0,25691.0,2992.3047
2650,15.6387,12.3464,1.9191,14.5593,301.0,25402.0,2992.3047
2651,14.5375,12.8223,2.0289,14.0329,301.0,22312.0,2992.3047
2652,14.0039,14.1632,2.049,15.4547,298.0,24628.0,2992.3047
2653,15.5229,14.0879,2.2923,15.3225,303.0,26247.0,2992.3047
2654,15.3315,14.9948,2.3915,14.6112,297.0,21260.0,2992.3047
2655,14.6455,14.4181,2.3969,13.5861,299.0,23465.0,2992.3047
2656,13.4754,14.4986,2.5361,15.593,297.0,20270.0,2992.3047
2657,15.6353,14.5333,2.2354,15.0,300.0,23749.0,2992.3047
2658,15.0049,14.359,2.5218,14.9147,298.0,22122.0,2992.3047
2659,14.8875,12.4567,2.1406,14.8213,297.0,24534.0,2992.3047
2660,14.8463,13.458,2.2317,14.0866,297.0,22110.0,2992.3047
2661,14.1258,14.5879,2.3367,16.3814,300.0,24595.0,2992.3047
2662,16.398,14.7906,2.4887,15.5325,296.0,20318.0,2992.3047
2663,15.4613,14.5727,2.3666,13.3588,296.0,20406.0,2992.3047
2664,13.4105,14.6813,2.6916,14.581,301.0,27046.0,2992.3047
2665,14.5818,14.7083,2.3438,15.4427,301.0,23999.0,2992.3047
2666,15.44,14.0127,2.6167,15.1223,300.0,20262.0,2992.3047
2667,15.0744,14.5126,2.9616,15.2867,300.0,20284.0,2992.3047
2668,15.3683,13.5247,2.1519,14.3362,301.0,21775.0,2992.3047
2669,14.3114,12.7837,2.3417,13.1394,299.0,20062.0,2992.3047
2670,13.0899,14.4524,2.0337,15.1415,298.0,23290.0,2992.3047
2671,15.1801,14.5518,2.1789,15.6938,303.0,25515.0,2992.3047
2672,15.6614,14.5766,2.1056,15.0112,297.0,20638.0,2992.3047
2673,14.9859,14.546,2.2707,13.6751,299.0,22134.0,2992.3047
2674,13.7095,14.6844,2.3329,15.4522,297.0,21374.0,2992.3047
2675,15.4788,14.4128,2.1807,16.1787,297.0,22110.0,2992.3047
2676,16.194,13.5327,2.467,13.9376,297.0,23582.0,2992.3047
2677,13.9171,14.5171,2.6216,14.6253,302.0,24206.0,2992.3047
2678,14.5981,12.3967,2.0618,13.8677,300.0,24914.0,2992.3047
2679,13.8542,14.569,2.0222,15.3692,303.0,30180.0,2992.3047
2680,15.4229,14.5337,2.104,15.1239,304.0,29418.0,2992.3047
2681,15.1474,14.6688,1.9631,14.6994,303.0,24970.0,2992.3047
2682,14.6317,14.8655,2.1614,14.5129,303.0,24696.0,2992.3047
2683,14.612,14.4733,2.9066,15.011,300.0,21378.0,2992.3047
2684,14.9777,14.2617,2.4885,15.2326,299.0,24018.0,2992.3047
2685,15.1661,14.5228,2.4928,14.1731,300.0,26744.0,2992.3047
2686,14.132,13.66,1.864,14.9591,299.0,26638.0,2992.3047
2687,15.0199,12.9687,1.9202,13.7828,299.0,28286.0,2992.3047
2688,13.7517,14.3948,1.9069,15.9344,298.0,26860.0,2992.3047
2689,15.9761,14.4522,2.3239,15.3873,302.0,33382.0,2992.3047
2690,15.4074,14.8078,2.3856,15.1009,297.0,21692.0,2992.3047
2691,15.1064,14.9145,2.3524,15.5623,296.0,22448.0,2992.3047
2692,15.6514,14.5218,2.4698,14.4454,297.0,21436.0,2992.3047
2693,14.3886,14.5493,2.9905,15.1671,297.0,20600.0,2992.3047
2694,15.1051,14.3008,2.4306,14.8524,298.0,22006.0,2992.3047
2695,14.9578,12.9605,2.7565,13.7661,297.0,19920.0,2992.3047
2696,13.7178,14.9533,2.1868,15.8946,302.0,22065.0,2992.3047
2697,15.8374,14.2787,2.08,14.0574,301.0,19880.0,2992.3047
2698,14.0323,14.5423,2.0755,14.8841,304.0,22183.0,2992.3047
2699,14.9563,14.4535,2.0634,14.8759,298.0,20476.0,2992.3047
2700,14.8446,14.5213,2.1398,15.1776,301.0,22775.0,2992.3047
2701,15.2481,14.5025,2.1734,13.9568,300.0,22636.0,2992.3047
2702,13.8235,14.1274,2.1194,14.6263,297.0,24133.0,2992.3047
2703,14.6843,14.2803,2.5034,14.6501,298.0,24777.0,2992.3047
2704,14.6264,12.9181,2.0361,14.8366,297.0,27347.0,2992.3047
2705,14.8534,12.6292,1.964,13.3977,297.0,22422.0,2992.3047
2706,13.4061,13.708,1.9016,15.1066,296.0,21716.0,2992.3047
2707,15.0664,14.2665,2.0202,15.8025,298.0,26781.0,2992.3047
2708,15.8368,14.7652,2.0416,13.8823,297.0,23550.0,2992.3047
2709,14.0317,14.4352,2.3962,14.686,296.0,20722.0,2992.3047
2710,14.4814,14.2921,2.4026,14.6364,296.0,22406.0,2992.3047
2711,14.743,14.3221,2.4448,14.9352,296.0,26508.0,2992.3047
2712,14.8712,13.7575,1.9171,15.1301,300.0,21338.0,2992.3047
2713,15.1217,12.909,1.8635,13.4478,303.0,25799.0,2992.3047
2714,13.4524,14.2767,1.968,15.1189,300.0,24926.0,2992.3047
2715,15.1132,14.4588,1.9102,14.4267,300.0,22668.0,2992.3047
2716,14.4966,14.2483,2.0133,14.672,300.0,25186.0,2992.3047
2717,14.7701,14.4589,2.2071,14.2599,301.0,25321.0,2992.3047
2718,14.1403,13.4868,1.9607,15.09,300.0,23143.0,2992.3047
2719,15.0114,14.4752,2.0364,14.6917,296.0,21950.0,2992.3047
2720,14.7315,14.2822,1.6808,15.2418,297.0,19902.0,2992.3047
2721,15.327,12.3266,2.0264,14.4395,299.0,23737.0,2992.3047
2722,14.3763,14.3298,1.9535,13.6434,297.0,22110.0,2992.3047
2723,13.6387,14.251,1.9883,15.312,297.0,24534.0,2992.3047
2724,15.3454,14.3908,1.9337,13.9634,297.0,22110.0,2992.3047
2725,14.0618,14.6479,2.3776,14.9943,296.0,24547.0,2992.3047
2726,14.8443,14.2223,2.6683,14.8911,297.0,20330.0,2992.3047
2727,14.9003,14.1651,2.1368,14.7625,296.0,20406.0,2992.3047
2728,14.7598,14.3308,1.8311,14.6651,301.0,27046.0,2992.3047
2729,14.6801,12.3408,1.8406,14.6954,301.0,23999.0,2992.3047
2730,14.6322,14.2391,2.0743,13.229,300.0,20262.0,2992.3047
2731,13.2568,14.4921,1.8201,15.8877,298.0,20260.0,2992.3047
2732,15.8968,14.3545,2.0746,14.3882,302.0,21787.0,2992.3047
2733,14.4378,14.8663,2.2311,14.6462,299.0,20062.0,2992.3047
2734,14.6799,14.1472,2.466,14.8426,298.0,23290.0,2992.3047
2735,14.7375,14.272,2.0923,14.7614,304.0,25527.0,2992.3047
2736,14.8011,14.2813,1.9187,14.5429,296.0,20626.0,2992.3047
2737,14.5516,12.2627,1.9544,13.9052,298.0,22122.0,2992.3047
2738,13.9432,14.4245,1.9999,15.4271,296.0,21362.0,2992.3047
2739,15.3916,14.4684,2.1302,15.0195,296.0,22466.0,2992.3047
2740,15.1373,14.5429,1.9506,14.6849,298.0,24164.0,2992.3047
2741,14.5995,14.5586,2.2023,14.2571,300.0,23244.0,2992.3047
2742,14.3387,14.5463,2.3575,14.7256,301.0,24926.0,2992.3047
2743,14.6438,14.3997,2.0626,15.3732,303.0,30636.0,2992.3047
2744,15.3132,14.1909,2.2774,14.582,304.0,29462.0,2992.3047
2745,14.6645,13.6807,2.0297,14.9659,300.0,24434.0,2992.3047
2746,14.9317,12.8725,2.0165,13.4857,303.0,25196.0,2992.3047
2747,13.4918,13.7461,1.9578,14.9934,299.0,20866.0,2992.3047
2748,14.948,14.2079,1.9705,14.3842,301.0,24042.0,2992.3047
2749,14.3718,14.4652,2.041,14.9535,302.0,26768.0,2992.3047
2750,15.0247,14.2089,2.2225,14.1966,299.0,29974.0,2992.3047
2751,14.1502,14.5795,2.3008,15.4069,297.0,25076.0,2992.3047
2752,15.4275,14.2609,2.3855,14.2108,298.0,26834.0,2992.3047
2753,14.3102,14.6167,2.2106,15.6064,301.0,33246.0,2992.3047
2754,15.4995,12.3476,1.9613,14.3931,296.0,21680.0,2992.3047
2755,14.4003,14.3284,1.9233,13.9198,297.0,22460.0,2992.3047
2756,13.9303,14.4527,2.0227,14.8071,296.0,21424.0,2992.3047
2757,14.8195,14.3586,2.2737,15.1816,298.0,20564.0,2992.3047
2758,15.192,14.7331,2.0826,14.55,296.0,21982.0,2992.3047
2759,14.5438,14.1183,2.4004,14.6198,296.0,19908.0,2992.3047
2760,14.5514,14.2492,1.8847,14.4561,303.0,22077.0,2992.3047
2761,14.5101,14.2609,1.9661,14.8459,300.0,19820.0,2992.3047
2762,14.8395,12.3423,1.9405,15.1062,302.0,22207.0,2992.3047
2763,15.1752,14.0961,1.9518,13.7685,300.0,20500.0,2992.3047
2764,13.6735,14.4032,1.9511,14.6498,301.0,24271.0,2992.3047
2765,14.6998,14.4403,1.9703,16.0772,298.0,21164.0,2992.3047
2766,16.1056,14.5016,2.1309,13.44,297.0,24085.0,2992.3047
2767,13.4725,14.5568,2.4804,15.5352,296.0,25079.0,2992.3047
2768,15.5211,13.3597,2.2582,14.4379,298.0,27033.0,2992.3047
2769,14.377,14.1825,2.1217,14.6181,296.0,22410.0,2992.3047
2770,14.6508,12.2928,1.6867,14.9448,298.0,22252.0,2992.3047
2771,14.9041,12.725,1.9507,13.298,298.0,26269.0,2992.3047
2772,13.3701,14.615,1.8849,15.2886,296.0,23586.0,2992.3047
2773,15.2444,14.4009,1.9934,14.9038,298.0,21668.0,2992.3047
2774,14.9274,14.5601,1.9845,14.2241,296.0,21484.0,2992.3047
2775,14.2725,14.4708,2.2847,14.9088,296.0,26508.0,2992.3047
2776,14.8005,14.8325,1.9132,15.6894,301.0,21884.0,2992.3047
2777,15.7251,14.2056,2.3795,14.7403,303.0,25265.0,2992.3047
2778,14.7203,14.57,2.0373,14.8577,301.0,25306.0,2992.3047
2779,14.8605,12.9222,2.1064,14.9502,299.0,22656.0,2992.3047
2780,14.9447,13.5874,2.0436,13.1892,299.0,25174.0,2992.3047
2781,13.1758,14.3358,1.9307,15.0163,303.0,26824.0,2992.3047
2782,15.0305,14.3076,1.9715,14.8732,296.0,21248.0,2992.3047
2783,14.9128,14.4072,1.9947,14.0101,297.0,21962.0,2992.3047
2784,13.9392,14.402,2.1844,14.9507,296.0,19890.0,2992.3047
2785,15.0092,14.2782,1.9332,15.166,300.0,23749.0,2992.3047
2786,15.1577,14.2335,1.9743,14.44,296.0,22098.0,2992.3047
2787,14.4566,12.2926,1.9175,15.9306,297.0,24902.0,2992.3047
2788,15.941,13.4503,2.05,15.3393,299.0,24587.0,2992.3047
2789,15.473,14.5573,2.8161,15.0515,296.0,21726.0,2992.3047
2790,14.9424,14.6492,2.2943,14.6139,297.0,20480.0,2992.3047
2791,14.5665,14.8407,2.5336,15.9902,297.0,20268.0,2992.3047
2792,16.1588,14.9212,3.2582,14.1866,303.0,27070.0,2992.3047
2793,14.1598,14.855,2.1758,13.8021,300.0,23987.0,2992.3047
2794,13.6391,14.4875,2.5676,15.4465,300.0,20262.0,2992.3047
2795,15.5584,13.9462,2.6407,16.2739,299.0,20272.0,2992.3047
2796,16.4374,16.1787,3.6274,15.5835,300.0,21763.0,2992.3047
2797,15.4182,13.7576,2.7098,14.626,299.0,20062.0,2992.3047
2798,14.5937,12.3812,2.3416,14.5539,297.0,23278.0,2992.3047
2799,14.5067,15.1488,2.3951,15.4325,303.0,25515.0,2992.3047
2800,15.5787,14.8692,2.7607,15.043,298.0,21018.0,2992.3047
2801,14.9673,14.5958,2.3368,16.4754,297.0,21742.0,2992.3047
2802,16.5108,15.5836,2.6292,13.8457,297.0,21742.0,2992.3047
2803,13.7579,14.2373,2.2644,13.9308,300.0,22146.0,2992.3047
2804,13.9548,14.552,2.2763,15.3152,297.0,24152.0,2992.3047
2805,15.2893,14.2731,2.079,14.8079,299.0,23232.0,2992.3047
2806,14.7777,14.1621,2.227,14.8601,300.0,25368.0,2992.3047
2807,14.8855,12.7997,1.9844,14.806,304.0,30194.0,2992.3047
2808,14.8136,12.8756,1.9446,13.27,304.0,29962.0,2992.3047
2809,13.2404,14.3479,2.0922,15.1355,303.0,24320.0,2992.3047
2810,15.1366,14.4334,1.9176,14.8912,301.0,24822.0,2992.3047
2811,14.9375,14.7896,2.2032,15.1651,301.0,20890.0,2992.3047
2812,15.235,14.3555,1.9157,14.1972,299.0,24018.0,2992.3047
2813,14.0639,14.3832,2.1889,14.9432,302.0,30104.0,2992.3047
2814,14.9751,14.2505,2.2129,14.8485,298.0,29962.0,2992.3047
2815,14.848,14.133,1.9871,14.5383,297.0,21864.0,2992.3047
2816,14.5735,12.2492,1.9728,13.7148,300.0,26734.0,2992.3047
2817,13.646,14.3518,1.8398,15.0094,300.0,33234.0,2992.3047
2818,15.0277,14.4568,1.9247,15.0812,297.0,21692.0,2992.3047
2819,15.1056,14.5469,1.953,14.5358,296.0,22448.0,2992.3047
2820,14.6991,14.2692,2.1739,14.3126,297.0,21388.0,2992.3047
2821,14.1728,13.7541,2.2024,14.9662,298.0,20564.0,2992.3047
2822,14.9542,13.5926,2.1048,14.6985,299.0,22066.0,2992.3047
2823,14.6857,14.2407,2.0044,14.7699,298.0,19884.0,2992.3047
2824,14.771,12.2858,1.868,14.0905,303.0,22029.0,2992.3047
2825,14.0758,14.4172,1.8581,14.276,301.0,19880.0,2992.3047
2826,14.2867,14.5266,1.8685,15.1082,303.0,22219.0,2992.3047
2827,15.1796,14.3529,2.0912,14.7075,299.0,20392.0,2992.3047
2828,14.7334,14.5262,2.0828,14.371,301.0,24271.0,2992.3047
2829,14.2518,14.4785,2.173,15.3196,298.0,21260.0,2992.3047
2830,15.4121,14.4618,2.0208,14.8485,297.0,24133.0,2992.3047
2831,14.7629,14.4192,1.9017,14.5758,297.0,25091.0,2992.3047
2832,14.5933,12.3361,1.8472,15.1613,297.0,26925.0,2992.3047
2833,15.2093,14.1045,2.0025,14.0303,296.0,22970.0,2992.3047
2834,13.9999,14.5696,2.1231,15.0356,296.0,24016.0,2992.3047
2835,14.9677,14.444,1.9927,14.8073,299.0,24029.0,2992.3047
2836,14.9341,14.5381,2.1065,14.4983,296.0,24556.0,2992.3047
2837,14.4909,14.398,2.1677,14.7039,298.0,20698.0,2992.3047
2838,14.6519,14.1955,2.3485,14.907,296.0,21484.0,2992.3047
2839,14.937,14.2972,2.3166,14.8368,296.0,27058.0,2992.3047
2840,14.7962,14.3598,1.82,14.5273,301.0,22096.0,2992.3047
2841,14.5372,12.3045,1.8846,14.1118,303.0,24967.0,2992.3047
2842,14.1533,14.6436,2.0183,15.5584,301.0,25210.0,2992.3047
2843,15.5324,14.3104,2.244,14.4397,298.0,22276.0,2992.3047
2844,14.4615,14.6376,2.0167,14.7937,304.0,28928.0,2992.3047
2845,14.8282,14.2452,2.2358,13.7429,299.0,23082.0,2992.3047
2846,13.652,14.2606,2.061,15.9239,297.0,21260.0,2992.3047
2847,16.0077,14.231,2.3048,13.9981,296.0,21950.0,2992.3047
2848,13.937,13.7769,2.5408,15.0727,296.0,19890.0,2992.3047
2849,15.0655,12.9054,2.0049,14.4316,298.0,23725.0,2992.3047
2850,14.4431,13.2595,2.0059,14.6287,296.0,22466.0,2992.3047
2851,14.6508,14.4557,2.0771,14.5625,296.0,27343.0,2992.3047
2852,14.6248,14.3862,1.932,14.6934,296.0,21730.0,2992.3047
2853,14.626,14.4166,1.9322,14.6731,298.0,21750.0,2992.3047
2854,14.6838,14.6896,2.4878,14.6824,296.0,20468.0,2992.3047
2855,14.7,14.248,2.1026,14.9008,297.0,20268.0,2992.3047
2856,14.8176,14.2721,2.1743,14.6063,300.0,27034.0,2992.3047
2857,14.6764,12.9566,1.8299,15.072,302.0,24011.0,2992.3047
2858,15.0254,13.8312,1.8882,13.1299,300.0,20262.0,2992.3047
2859,13.1306,14.3589,1.9752,15.7309,298.0,20260.0,2992.3047
2860,15.8101,14.2907,1.9387,14.8162,301.0,21775.0,2992.3047
2861,14.8216,14.6322,2.1498,14.2772,300.0,20074.0,2992.3047
2862,14.3569,14.7754,2.4018,14.9324,297.0,23278.0,2992.3047
2863,14.7856,14.3789,2.6238,15.2016,303.0,25515.0,2992.3047
2864,15.2986,14.4236,2.4142,15.2923,298.0,21754.0,2992.3047
2865,15.2263,14.223,2.2819,14.8997,297.0,21006.0,2992.3047
2866,14.9671,12.3421,2.0912,15.7771,296.0,21730.0,2992.3047
2867,15.7556,14.5266,2.3283,13.979,298.0,22490.0,2992.3047
2868,13.9646,14.7226,2.2891,15.1729,297.0,23784.0,2992.3047
2869,15.0953,14.7143,2.3947,14.5376,302.0,23566.0,2992.3047
2870,14.7334,14.5297,2.3926,14.7151,302.0,25094.0,2992.3047
2871,14.6488,14.3836,2.6159,13.6339,303.0,30682.0,2992.3047
2872,13.6874,14.3257,2.5536,14.9007,305.0,29824.0,2992.3047
2873,14.7268,14.4267,2.5781,15.0359,301.0,23946.0,2992.3047
2874,15.0543,14.1654,1.9284,15.0887,301.0,24822.0,2992.3047
2875,15.1135,12.2917,1.9987,13.3832,299.0,20866.0,2992.3047
2876,13.4511,14.6155,1.9537,15.1171,300.0,27366.0,2992.3047
2877,15.0658,13.7611,2.09,15.3214,302.0,30104.0,2992.3047
2878,15.2796,14.512,2.0197,14.0846,297.0,26614.0,2992.3047
2879,14.1703,14.4941,2.2192,14.7396,297.0,21864.0,2992.3047
2880,14.719,14.5103,2.4068,14.8016,301.0,30082.0,2992.3047
2881,14.7481,14.2947,2.4547,15.005,300.0,29898.0,2992.3047
2882,15.0389,13.8031,2.0486,15.0946,296.0,21804.0,2992.3047
2883,15.1103,12.3536,1.9831,14.9631,297.0,22336.0,2992.3047
2884,14.9373,14.3651,2.1203,13.8629,297.0,22128.0,2992.3047
2885,13.866,14.4144,2.0984,14.5908,297.0,19812.0,2992.3047
2886,14.6153,14.3792,2.1962,14.8097,298.0,22054.0,2992.3047
2887,14.807,14.5256,2.2806,14.2453,298.0,19836.0,2992.3047
2888,14.2057,14.4472,2.8469,15.0021,302.0,22017.0,2992.3047
2889,14.9753,14.4866,1.9859,14.6653,300.0,19868.0,2992.3047
2890,14.6891,14.5333,2.4726,15.3453,302.0,23751.0,2992.3047
2891,15.3695,13.6069,1.9592,14.8195,299.0,18752.0,2992.3047
2892,14.7872,12.3504,1.8716,13.6793,302.0,24379.0,2992.3047
2893,13.7339,13.6751,1.911,15.5227,299.0,21272.0,2992.3047
2894,15.4713,14.5317,1.9322,14.7405,297.0,24181.0,2992.3047
2895,14.7712,14.3099,2.0903,14.0145,299.0,25115.0,2992.3047
2896,14.0329,14.5743,2.306,15.2538,298.0,27401.0,2992.3047
2897,15.2149,14.4817,2.6836,14.8793,297.0,23206.0,2992.3047
2898,14.9191,13.957,2.1823,14.9462,297.0,23340.0,2992.3047
2899,14.9196,14.1248,2.3543,14.3381,299.0,24999.0,2992.3047
2900,14.5069,12.3674,2.1866,14.0639,297.0,23598.0,2992.3047
2901,13.9851,14.3346,1.9283,15.137,297.0,21448.0,2992.3047
2902,15.0958,14.4035,2.2055,14.3693,297.0,20734.0,2992.3047
2903,14.3405,14.5058,2.0447,15.3557,298.0,28002.0,2992.3047
2904,15.3543,14.5247,2.0083,13.5951,301.0,21176.0,2992.3047
2905,13.6197,14.7157,2.2984,15.4096,305.0,25359.0,2992.3047
2906,15.3615,14.206,2.1918,14.7225,302.0,25756.0,2992.3047
2907,14.6815,14.338,1.9187,14.9985,302.0,25116.0,2992.3047
2908,15.0667,13.6411,2.0189,14.6775,298.0,25162.0,2992.3047
2909,14.6433,12.3123,1.8509,13.5306,298.0,23070.0,2992.3047
2910,13.5513,14.594,1.7622,15.5489,298.0,21396.0,2992.3047
2911,15.6351,14.3363,2.0256,14.7801,297.0,21838.0,2992.3047
2912,14.737,14.288,1.9916,13.7834,298.0,19914.0,2992.3047
2913,13.8196,14.4632,2.7451,14.9799,299.0,23737.0,2992.3047
2914,14.8931,14.5243,2.6885,15.5868,297.0,25299.0,2992.3047
2915,15.5729,14.4229,2.3784,14.8319,199.0,17066.0,2992.3047
2916,14.8522,14.9706,2.0196,15.1412,200.0,13494.0,2992.3047
2917,15.129,12.7824,1.8997,14.7864,200.0,13490.0,2992.3047
2918,14.8187,12.4581,1.9925,12.8096,199.0,12220.0,2992.3047
2919,12.8195,13.9674,1.9786,14.6822,199.0,12008.0,2992.3047
2920,14.6459,14.1557,2.1826,15.3248,203.0,19214.0,2992.3047
2921,15.3667,14.2726,2.1313,13.4703,204.0,15323.0,2992.3047
2922,13.4184,13.8251,1.9488,14.346,203.0,12014.0,2992.3047
2923,14.383,13.9404,2.208,14.6945,204.0,13895.0,2992.3047
2924,14.667,11.8467,1.9025,13.5462,201.0,11644.0,2992.3047
2925,13.5382,13.9326,1.9499,13.6339,201.0,15178.0,2992.3047
2926,13.6281,14.1131,2.0046,14.6393,204.0,15396.0,2992.3047
2927,14.6962,14.0056,2.1885,14.1639,201.0,15353.0,2992.3047
2928,14.2141,14.0462,2.1799,14.2531,199.0,12378.0,2992.3047
2929,14.1473,13.9971,2.1637,14.9142,199.0,13482.0,2992.3047
2930,14.9404,14.102,1.7981,14.2871,199.0,13850.0,2992.3047
2931,14.2695,11.8934,1.9513,14.3045,200.0,15904.0,2992.3047
2932,14.345,14.043,2.2011,13.8103,202.0,15650.0,2992.3047
2933,13.7968,14.0437,2.1862,14.7635,203.0,17856.0,2992.3047
2934,14.8454,14.0671,2.295,12.9508,203.0,21090.0,2992.3047
2935,12.8859,14.1019,2.518,14.841,202.0,19310.0,2992.3047
2936,14.8011,13.9761,2.2415,14.6375,203.0,17024.0,2992.3047
2937,14.6731,13.4103,1.9325,14.5403,205.0,15098.0,2992.3047
2938,14.5463,12.1456,1.9481,13.5312,205.0,19382.0,2992.3047
2939,13.5266,14.1635,2.0244,14.5179,203.0,18846.0,2992.3047
2940,14.4999,14.084,2.016,14.5396,203.0,21716.0,2992.3047
2941,14.6617,14.1114,2.0633,13.6943,202.0,16954.0,2992.3047
2942,13.6799,14.0636,2.4908,14.7002,201.0,18414.0,2992.3047
2943,14.6115,13.8979,2.4011,14.8503,202.0,21762.0,2992.3047
2944,14.8285,13.3616,2.0619,13.6656,199.0,14070.0,2992.3047
2945,13.6888,12.2864,1.9644,13.4422,199.0,12436.0,2992.3047
2946,13.4135,13.8987,1.757,13.7956,199.0,12978.0,2992.3047
2947,13.7766,14.0873,2.0207,14.5609,200.0,12202.0,2992.3047
2948,14.6254,13.9854,2.517,13.6633,199.0,11430.0,2992.3047
2949,13.6241,13.925,1.9967,15.0765,201.0,13765.0,2992.3047
2950,15.1141,13.801,2.2089,13.7018,199.0,11286.0,2992.3047
2951,13.6799,11.8873,1.9569,14.6388,202.0,14431.0,2992.3047
2952,14.6707,12.4415,1.9922,13.3721,203.0,10494.0,2992.3047
2953,13.3387,14.0498,2.1521,14.8869,205.0,12973.0,2992.3047
2954,14.9493,14.1005,2.316,13.5227,203.0,11422.0,2992.3047
2955,13.561,14.0867,2.2585,14.4232,201.0,17501.0,2992.3047
2956,14.3065,13.8861,1.8456,14.49,201.0,17297.0,2992.3047
2957,14.5079,13.052,1.7794,14.3737,201.0,18911.0,2992.3047
2958,14.395,11.9088,1.8878,13.1898,199.0,15782.0,2992.3047
2959,13.1871,14.1065,1.9602,15.1676,201.0,15119.0,2992.3047
2960,15.2668,14.0679,2.2333,14.4174,199.0,14410.0,2992.3047
2961,14.3506,14.2309,2.2264,13.7269,199.0,16100.0,2992.3047
2962,13.6987,13.8696,2.2692,14.3866,199.0,12474.0,2992.3047
2963,14.3838,14.1145,2.0745,14.6085,199.0,16348.0,2992.3047
2964,14.6067,13.7254,2.089,14.1746,199.0,16294.0,2992.3047
2965,14.1836,11.8504,1.9138,12.7337,201.0,17071.0,2992.3047
2966,12.7013,14.122,1.9013,14.8887,199.0,13980.0,2992.3047
2967,14.846,13.8593,2.0005,13.6584,203.0,19854.0,2992.3047
2968,13.752,13.8776,2.1876,14.8597,203.0,16548.0,2992.3047
2969,14.8424,13.8471,2.7249,14.1931,203.0,14456.0,2992.3047
2970,14.238,14.0991,2.3281,14.8878,203.0,13242.0,2992.3047
2971,14.8264,11.9508,2.1298,14.0225,201.0,13274.0,2992.3047
2972,14.0427,13.3378,1.9708,13.5577,201.0,11644.0,2992.3047
2973,13.6485,13.9877,2.033,14.3878,204.0,19416.0,2992.3047
2974,14.2957,14.0331,1.988,13.2551,199.0,13264.0,2992.3047
2975,13.2343,14.2536,2.2929,15.0145,199.0,14584.0,2992.3047
2976,15.0695,14.1973,2.3181,14.211,200.0,13176.0,2992.3047
2977,14.1781,13.2603,2.2376,14.4636,201.0,15514.0,2992.3047
2978,14.4642,11.8797,2.0234,13.0537,199.0,13114.0,2992.3047
2979,13.039,13.3889,1.8573,14.4263,199.0,14056.0,2992.3047
2980,14.4565,14.1062,1.9285,15.2267,200.0,11812.0,2992.3047
2981,15.2686,14.0127,2.2545,13.4731,199.0,19050.0,2992.3047
2982,13.4239,14.1235,2.3648,14.5094,199.0,12646.0,2992.3047
2983,14.5356,13.8471,2.247,14.4967,199.0,15039.0,2992.3047
2984,14.4546,13.3666,2.0721,14.3567,206.0,13529.0,2992.3047
2985,14.387,12.6658,2.0339,13.8162,204.0,12026.0,2992.3047
2986,13.8123,14.1351,2.1625,13.8969,204.0,11816.0,2992.3047
2987,13.9288,13.9009,2.0679,14.5319,206.0,18774.0,2992.3047
2988,14.55,14.0669,2.1808,13.2152,201.0,13484.0,2992.3047
2989,13.1403,13.8422,1.84,14.7786,205.0,13907.0,2992.3047
2990,14.8022,13.7866,2.1519,14.5237,199.0,13482.0,2992.3047
2991,14.4861,11.8212,1.896,13.5048,200.0,13494.0,2992.3047
2992,13.54,12.9678,1.886,14.0654,201.0,14812.0,2992.3047
2993,14.0952,14.0323,2.176,14.8179,200.0,15222.0,2992.3047
2994,14.8301,14.2926,2.0936,13.5711,205.0,18594.0,2992.3047
2995,13.5812,13.8119,2.4111,14.1692,201.0,17404.0,2992.3047
2996,14.0948,13.8076,2.0668,14.2431,204.0,20400.0,2992.3047
2997,14.2381,13.2556,2.3084,14.5119,201.0,17786.0,2992.3047
2998,14.5544,11.7988,1.9122,13.2795,200.0,16392.0,2992.3047
2999,13.2546,14.0292,1.9298,15.0566,201.0,20568.0,2992.3047
3000,15.1096,14.2796,1.9314,14.0542,204.0,16384.0,2992.3047
3001,14.054,14.0662,2.3944,13.3626,204.0,16682.0,2992.3047
3002,13.311,14.0888,2.392,14.7376,206.0,23652.0,2992.3047
3003,14.7679,13.861,2.5191,14.5212,201.0,13408.0,2992.3047
3004,14.5027,12.4945,2.0161,14.637,206.0,25124.0,2992.3047
3005,14.6162,13.3585,1.9813,12.7785,202.0,15732.0,2992.3047
3006,12.8386,14.1074,1.9378,15.2265,199.0,14124.0,2992.3047
3007,15.2232,14.1169,2.1272,14.0435,200.0,11606.0,2992.3047
3008,14.0405,14.1251,2.3609,14.3369,200.0,12846.0,2992.3047
3009,14.3174,12.8264,2.5053,14.2611,200.0,12240.0,2992.3047
3010,14.239,14.0491,2.3235,14.5596,201.0,13631.0,2992.3047
3011,14.6055,12.3743,2.1861,14.4325,199.0,11324.0,2992.3047
3012,14.3851,13.5485,2.0575,12.8235,199.0,12410.0,2992.3047
3013,12.8909,13.9489,2.1136,15.0619,201.0,12873.0,2992.3047
3014,15.0268,14.0127,2.0793,13.2855,199.0,10586.0,2992.3047
3015,13.2902,14.2275,2.212,14.7711,201.0,13353.0,2992.3047
3016,14.7185,13.7176,1.9529,14.5909,203.0,16109.0,2992.3047
3017,14.6175,13.9096,2.1838,14.3544,203.0,18245.0,2992.3047
3018,14.3356,11.8094,1.955,12.4712,203.0,15740.0,2992.3047
3019,12.5215,13.9794,2.0094,14.5118,201.0,18035.0,2992.3047
3020,14.4801,14.069,2.1217,15.2312,203.0,15919.0,2992.3047
3021,15.2894,14.1701,2.2155,13.6166,201.0,15058.0,2992.3047
3022,13.5956,14.1843,2.1601,14.5632,199.0,12810.0,2992.3047
3023,14.5406,14.0633,2.2053,14.6402,199.0,14970.0,2992.3047
3024,14.6789,13.3207,2.0018,14.2256,199.0,14776.0,2992.3047
3025,14.1787,11.865,2.0506,12.5969,200.0,15354.0,2992.3047
3026,12.6023,13.9231,1.8498,15.2108,202.0,19401.0,2992.3047
3027,15.2114,14.1077,1.995,14.7344,200.0,14710.0,2992.3047
3028,14.748,13.8237,2.171,13.1743,204.0,16610.0,2992.3047
3029,13.187,14.1375,2.199,14.4274,199.0,19642.0,2992.3047
3030,14.4154,13.9501,2.5423,14.6086,199.0,13090.0,2992.3047
3031,14.6415,11.8495,1.9631,14.073,199.0,14342.0,2992.3047
3032,14.0878,13.3958,2.0514,13.6461,203.0,12908.0,2992.3047
3033,13.6445,14.1926,1.9915,14.7687,203.0,12750.0,2992.3047
3034,14.772,13.918,2.162,13.6579,204.0,15583.0,2992.3047
3035,13.7455,13.9601,2.4471,14.3665,204.0,16009.0,2992.3047
3036,14.2234,13.8233,2.0057,14.2634,201.0,12748.0,2992.3047
3037,14.2841,13.6629,2.0281,14.5362,202.0,15970.0,2992.3047
3038,14.5316,11.8572,1.9778,12.4745,199.0,11792.0,2992.3047
3039,12.4645,14.2805,2.0734,15.0398,201.0,15514.0,2992.3047
3040,15.0849,13.8386,2.3022,13.4843,199.0,14364.0,2992.3047
3041,13.5544,14.1742,2.3584,14.6288,200.0,12818.0,2992.3047
3042,14.5153,13.9988,2.3374,14.4979,199.0,12436.0,2992.3047
3043,14.4916,14.0577,2.6675,13.9311,199.0,18414.0,2992.3047
3044,13.9347,12.5186,1.9644,14.6362,200.0,13026.0,2992.3047
3045,14.6264,13.1758,1.8293,13.4733,201.0,16542.0,2992.3047
3046,13.5261,14.1651,1.9866,14.5897,199.0,11642.0,2992.3047
3047,14.5634,14.0705,1.958,13.8304,200.0,12022.0,2992.3047
3048,13.8757,14.1071,2.1156,14.9056,207.0,15546.0,2992.3047
3049,14.829,12.92,2.2507,13.837,203.0,16862.0,2992.3047
3050,13.9223,13.9644,2.1746,14.4316,203.0,12014.0,2992.3047
3051,14.3541,11.9276,1.7422,14.4815,203.0,14619.0,2992.3047
3052,14.5074,12.6907,2.0329,12.8157,201.0,13852.0,2992.3047
3053,12.8097,13.8338,1.9466,14.9308,203.0,14446.0,2992.3047
3054,14.9513,13.8345,2.0687,12.9183,200.0,14160.0,2992.3047
3055,12.8773,14.0123,2.2175,14.9896,204.0,18918.0,2992.3047
3056,15.0029,13.6717,2.1482,14.2957,202.0,17590.0,2992.3047
3057,14.2849,11.9247,1.8013,13.9217,200.0,16792.0,2992.3047
3058,13.924,12.3957,1.9859,14.071,204.0,19898.0,2992.3047
3059,14.1339,14.1357,2.2277,14.7529,200.0,15936.0,2992.3047
3060,14.7656,14.1269,2.365,13.7868,201.0,22634.0,2992.3047
3061,13.8151,13.9337,2.4391,14.0235,200.0,16466.0,2992.3047
3062,13.9336,13.0088,2.3247,14.1298,199.0,14406.0,2992.3047
3063,14.1419,13.7552,2.2356,14.2538,202.0,18624.0,2992.3047
3064,14.288,11.8828,1.8768,12.8234,205.0,20106.0,2992.3047
3065,12.7963,13.8108,1.9146,15.3654,204.0,16758.0,2992.3047
3066,15.3967,13.9424,1.9762,14.475,206.0,22430.0,2992.3047
3067,14.3882,13.8197,2.1493,13.1305,204.0,15118.0,2992.3047
3068,13.1615,13.9644,2.3111,14.7175,202.0,13988.0,2992.3047
3069,14.7645,13.9155,1.9856,14.3909,201.0,12192.0,2992.3047
3070,14.3775,13.2149,1.9805,13.9596,200.0,12240.0,2992.3047
3071,13.9726,12.5125,1.8205,12.8216,201.0,14381.0,2992.3047
3072,12.8036,14.0395,1.9727,15.2885,199.0,11190.0,2992.3047
3073,15.2841,14.0204,2.1284,14.0616,199.0,12448.0,2992.3047
3074,14.0832,14.1379,2.2244,14.3633,199.0,11328.0,2992.3047
3075,14.3086,14.051,2.4743,14.6567,201.0,12457.0,2992.3047
3076,14.7231,13.0475,2.5772,14.2036,199.0,11434.0,2992.3047
3077,14.1869,12.9114,2.2289,14.9872,201.0,17576.0,2992.3047
3078,14.9918,13.9607,2.0197,13.4294,199.0,16967.0,2992.3047
3079,13.4415,14.0369,2.165,14.0901,199.0,17026.0,2992.3047
3080,14.0834,13.8554,2.2302,12.6854,203.0,11598.0,2992.3047
3081,12.7616,14.2847,2.5163,15.3828,203.0,19103.0,2992.3047
3082,15.2495,13.9256,2.1773,14.9395,205.0,16945.0,2992.3047
3083,15.0518,14.3101,2.5644,14.0567,201.0,13730.0,2992.3047
3084,13.9544,11.8669,1.9539,14.1592,201.0,12194.0,2992.3047
3085,14.2162,13.4356,1.9207,13.9597,201.0,17116.0,2992.3047
3086,13.9404,14.2231,2.1156,14.3903,199.0,13928.0,2992.3047
3087,14.4484,13.9785,2.0508,14.0652,201.0,18437.0,2992.3047
3088,14.092,14.1328,2.3183,13.9746,199.0,17016.0,2992.3047
3089,13.9016,13.8707,2.0271,14.7485,203.0,17316.0,2992.3047
3090,14.716,13.8034,1.9663,14.0591,200.0,13902.0,2992.3047
3091,14.0445,11.881,2.1567,14.0517,199.0,18684.0,2992.3047
3092,14.0876,13.9761,1.9406,13.41,199.0,12980.0,2992.3047
3093,13.4641,13.9928,2.056,13.7993,200.0,14020.0,2992.3047
3094,13.7807,14.0275,2.3319,14.5505,199.0,12746.0,2992.3047
3095,14.478,13.9018,2.1285,14.3053,199.0,16303.0,2992.3047
3096,14.3523,13.8821,2.1368,14.7225,205.0,14035.0,2992.3047
3097,14.7157,12.6376,1.9619,14.5179,203.0,13610.0,2992.3047
3098,14.5216,13.2939,2.005,13.0979,203.0,15324.0,2992.3047
3099,13.178,13.8233,1.9819,13.8571,202.0,13396.0,2992.3047
3100,13.7924,13.8815,1.9772,14.2627,202.0,12174.0,2992.3047
3101,14.3324,13.997,2.4627,14.0137,204.0,16778.0,2992.3047
3102,14.056,14.0018,2.2851,14.4713,199.0,13174.0,2992.3047
3103,14.3601,13.7916,2.1435,14.4654,199.0,12806.0,2992.3047
3104,14.4365,11.9026,1.9783,13.5434,201.0,15615.0,2992.3047
3105,13.5509,14.2034,1.9341,14.3094,199.0,15199.0,2992.3047
3106,14.3472,13.9465,1.8456,15.5965,201.0,17546.0,2992.3047
3107,15.6485,14.2352,2.296,13.0953,199.0,11642.0,2992.3047
3108,13.0819,14.204,2.6845,14.6671,199.0,11642.0,2992.3047
3109,14.6342,13.9641,2.0815,14.4074,203.0,15910.0,2992.3047
3110,14.4223,12.406,2.2402,14.143,199.0,15170.0,2992.3047
3111,14.0778,11.8399,1.9547,12.575,199.0,13330.0,2992.3047
3112,12.5996,13.5867,1.8882,15.2193,203.0,13118.0,2992.3047
3113,15.2494,13.9129,2.1415,14.9437,205.0,14989.0,2992.3047
3114,14.9774,14.1714,2.0669,13.318,204.0,14436.0,2992.3047
3115,13.2355,13.871,2.2792,14.1306,201.0,13782.0,2992.3047
3116,14.1363,13.9128,2.1273,15.0465,204.0,15884.0,2992.3047
3117,15.0805,12.4687,2.0494,14.365,205.0,20102.0,2992.3047
3118,14.3473,12.3392,1.9559,12.6937,201.0,15630.0,2992.3047
3119,12.7502,13.999,2.0242,14.6964,202.0,17610.0,2992.3047
3120,14.6569,14.2937,2.014,14.193,204.0,18618.0,2992.3047
3121,14.2762,14.1667,2.2736,14.2044,201.0,21450.0,2992.3047
3122,14.0865,13.9696,2.103,14.5927,201.0,19114.0,2992.3047
3123,14.6261,13.9836,2.1625,14.224,199.0,14598.0,2992.3047
3124,14.2373,11.8665,1.9531,14.1404,201.0,16054.0,2992.3047
3125,14.1732,13.384,2.0294,14.2018,201.0,18414.0,2992.3047
3126,14.1569,13.9248,1.965,14.7278,201.0,19978.0,2992.3047
3127,14.7298,14.108,2.1505,13.3873,200.0,14206.0,2992.3047
3128,13.4189,14.2272,2.2552,14.3503,206.0,21792.0,2992.3047
3129,14.4032,13.5034,2.7477,14.5216,205.0,15698.0,2992.3047
3130,14.4127,13.0593,2.2699,14.2203,204.0,13846.0,2992.3047
3131,14.2782,12.0024,2.278,13.715,201.0,11538.0,2992.3047
3132,13.6488,13.5442,1.8102,14.3271,203.0,14527.0,2992.3047
3133,14.346,14.1625,1.9468,15.7277,201.0,11846.0,2992.3047
3134,15.7573,13.9445,2.1071,12.476,199.0,12314.0,2992.3047
3135,12.4632,14.1406,2.1916,14.4293,200.0,11474.0,2992.3047
3136,14.4376,13.9173,2.2339,14.6256,200.0,10828.0,2992.3047
3137,14.6164,13.1829,1.9599,14.1725,202.0,13221.0,2992.3047
3138,14.1598,11.896,1.9593,13.066,200.0,15717.0,2992.3047
3139,13.1549,13.8666,2.2681,15.0487,201.0,17806.0,2992.3047
3140,15.0163,13.9457,2.2408,13.8814,199.0,18106.0,2992.3047
3141,13.8639,14.1283,2.4087,13.7227,199.0,11210.0,2992.3047
3142,13.6797,13.9276,2.2354,14.7711,199.0,13162.0,2992.3047
3143,14.7826,13.985,2.2957,14.8555,199.0,19205.0,2992.3047
3144,14.8564,11.8464,1.9057,13.5934,205.0,16721.0,2992.3047
3145,13.5896,14.1226,1.9226,14.485,204.0,12902.0,2992.3047
3146,14.5159,14.2464,2.0801,14.7008,203.0,13364.0,2992.3047
3147,14.6738,13.8793,2.0002,13.8519,201.0,16018.0,2992.3047
3148,14.3587,13.5722,2.7868,13.4037,204.0,17799.0,2992.3047
3149,12.9306,13.8777,2.0455,14.7328,201.0,15650.0,2992.3047
3150,14.7768,13.789,2.2982,13.8574,204.0,19694.0,2992.3047
3151,13.7792,11.9708,1.9677,14.1093,201.0,15000.0,2992.3047
3152,14.1243,14.1284,1.996,13.8578,199.0,12774.0,2992.3047
3153,13.884,13.918,2.004,14.5045,200.0,18376.0,2992.3047
3154,14.5011,14.0795,1.9648,13.6912,200.0,13762.0,2992.3047
3155,13.6494,14.0187,2.4727,14.9792,199.0,13114.0,2992.3047
3156,14.9993,13.924,2.2062,14.643,199.0,16303.0,2992.3047
3157,14.6591,12.7433,2.1198,14.4284,201.0,14767.0,2992.3047
3158,14.4363,11.8485,2.1106,12.6797,199.0,12010.0,2992.3047
3159,12.6973,14.0595,2.1515,15.2613,199.0,13974.0,2992.3047
3160,15.2611,14.0912,2.1289,14.2355,203.0,15324.0,2992.3047
3161,14.29,14.0912,2.3354,13.5751,204.0,13030.0,2992.3047
3162,13.4517,14.0193,2.7174,14.5843,204.0,14430.0,2992.3047
3163,14.6593,14.0278,2.4384,14.5229,202.0,14560.0,2992.3047
3164,14.474,14.1178,2.0458,14.7465,202.0,13188.0,2992.3047
3165,14.8193,11.9687,2.1244,14.1293,201.0,12538.0,2992.3047
3166,14.0757,14.7949,2.2697,14.3242,199.0,15433.0,2992.3047
3167,14.3206,13.7655,2.0366,14.253,201.0,17278.0,2992.3047
3168,14.3165,14.0123,2.2476,13.6095,199.0,15467.0,2992.3047
3169,13.5536,14.0125,2.4432,15.4686,199.0,11642.0,2992.3047
3170,15.4869,14.2983,2.9623,14.3856,203.0,15542.0,2992.3047
3171,14.4395,11.9459,2.4894,14.2839,199.0,15538.0,2992.3047
3172,14.2691,12.9112,2.3532,14.5116,199.0,11642.0,2992.3047
3173,14.564,14.5604,2.7731,14.5243,199.0,14066.0,2992.3047
3174,14.4589,14.0255,2.6261,15.0279,199.0,13850.0,2992.3047
3175,15.0382,14.1068,2.3131,13.8504,202.0,15199.0,2992.3047
3176,13.867,14.0546,2.5356,14.0283,204.0,14164.0,2992.3047
3177,14.0531,14.1893,2.45,16.1811,206.0,13856.0,2992.3047
3178,16.1362,12.6404,2.7708,13.3515,206.0,19146.0,2992.3047
3179,13.329,12.6674,2.5898,13.574,203.0,17726.0,2992.3047
3180,13.563,14.1386,2.194,13.6654,203.0,16426.0,2992.3047
3181,13.6898,13.9622,2.0826,15.1527,204.0,17336.0,2992.3047
3182,15.1819,14.2326,2.1733,17.8083,205.0,23128.0,2992.3047
3183,18.0306,14.3371,2.933,12.9964,200.0,18452.0,2992.3047
3184,13.0834,14.1224,3.5725,15.8995,200.0,16570.0,2992.3047
3185,15.9056,14.3046,4.0154,12.9389,201.0,16388.0,2992.3047
3186,12.6722,13.1469,2.7378,12.8056,200.0,15844.0,2992.3047
3187,12.6972,13.5213,2.4109,13.2381,201.0,18290.0,2992.3047
3188,13.2711,13.9936,2.0401,14.7785,200.0,17418.0,2992.3047
3189,14.7519,14.1243,1.9802,14.0402,199.0,13406.0,2992.3047
3190,14.0662,14.1995,2.1205,14.4925,202.0,22576.0,2992.3047
3191,14.4565,13.8465,2.3711,14.519,202.0,14870.0,2992.3047
3192,14.5517,13.9758,2.2955,14.4169,203.0,13872.0,2992.3047
3193,14.3921,12.323,1.9664,14.3938,205.0,13741.0,2992.3047
3194,14.412,13.5317,2.0982,12.9087,203.0,11992.0,2992.3047
3195,12.9297,13.9402,2.1073,14.623,203.0,13090.0,2992.3047
3196,14.6396,13.9567,2.2296,13.6679,202.0,11342.0,2992.3047
3197,13.6889,13.9563,2.3475,14.4508,202.0,10964.0,2992.3047
3198,14.3563,13.835,2.0125,14.1388,200.0,11484.0,2992.3047
3199,14.1128,13.7596,1.9084,14.7855,201.0,17528.0,2992.3047
3200,14.8605,11.9373,2.0475,13.5784,199.0,15935.0,2992.3047
3201,13.5534,13.7666,2.0032,14.0268,202.0,18957.0,2992.3047
3202,14.0435,14.1622,2.1025,14.9252,199.0,12290.0,2992.3047
3203,15.0361,14.144,2.1122,14.0296,199.0,12826.0,2992.3047
3204,14.0017,14.1938,2.389,14.3508,199.0,13172.0,2992.3047
3205,14.2471,13.9261,2.4011,14.8724,201.0,20900.0,2992.3047
3206,14.8764,13.7791,2.1678,13.9419,199.0,14282.0,2992.3047
3207,14.0145,11.9959,2.1421,13.3618,199.0,13824.0,2992.3047
3208,13.352,13.4979,2.0821,15.2018,204.0,12230.0,2992.3047
3209,15.1893,14.3565,2.2984,14.8755,205.0,20341.0,2992.3047
3210,14.9107,13.9333,2.6677,13.1876,203.0,15346.0,2992.3047
3211,13.151,14.128,2.4872,14.8103,206.0,17470.0,2992.3047
3212,14.7766,13.2258,2.2168,14.0901,201.0,17856.0,2992.3047
3213,14.1113,14.8225,2.3365,15.2278,201.0,13030.0,2992.3047
3214,15.2359,11.8975,2.146,12.8867,199.0,13716.0,2992.3047
3215,12.8774,13.9823,2.4092,14.5918,199.0,18718.0,2992.3047
3216,14.5766,14.4567,2.1228,15.5326,200.0,12390.0,2992.3047
3217,15.5792,14.2725,2.1817,13.48,199.0,17039.0,2992.3047
3218,13.5366,14.1789,2.4344,14.8535,201.0,14249.0,2992.3047
3219,14.8168,14.357,2.5221,15.5415,199.0,12896.0,2992.3047
3220,15.5027,14.0965,2.8211,14.7462,199.0,12378.0,2992.3047
3221,14.6752,11.9571,2.0455,13.7558,199.0,16548.0,2992.3047
3222,13.8345,13.9761,2.1119,13.6199,199.0,12378.0,2992.3047
3223,13.6577,14.0672,2.2001,14.1756,201.0,15292.0,2992.3047
3224,14.1266,13.9887,2.0578,13.7683,205.0,13252.0,2992.3047
3225,13.9306,14.009,2.293,14.5982,203.0,13546.0,2992.3047
3226,14.3868,14.0972,2.5026,14.2366,204.0,13130.0,2992.3047
3227,14.2835,13.6781,2.449,14.376,202.0,15211.0,2992.3047
3228,14.3768,11.9678,2.013,13.8449,204.0,14497.0,2992.3047
3229,13.8411,14.7567,2.1475,14.458,201.0,15201.0,2992.3047
3230,14.4749,14.1309,1.924,14.0512,199.0,15467.0,2992.3047
3231,14.1144,14.1205,2.0429,14.6138,201.0,13671.0,2992.3047
3232,14.5843,13.9666,2.3642,14.1946,202.0,17053.0,2992.3047
3233,14.1529,14.0379,2.1255,14.5794,200.0,12022.0,2992.3047
3234,14.5937,13.8228,2.0503,14.2527,199.0,12010.0,2992.3047
3235,14.2179,11.9639,1.9077,14.6841,200.0,14814.0,2992.3047
3236,14.6964,14.0137,1.9244,13.5046,200.0,14432.0,2992.3047
3237,13.4978,13.9583,1.9557,14.5751,202.0,14927.0,2992.3047
3238,14.6314,14.1022,2.2687,13.278,200.0,14564.0,2992.3047
3239,13.2492,14.0619,2.5123,14.9262,201.0,16574.0,2992.3047
3240,14.9236,14.353,2.1938,14.1808,204.0,16394.0,2992.3047
3241,14.2058,13.3894,2.2921,14.8356,207.0,18782.0,2992.3047
3242,14.8602,12.4153,1.9361,12.9194,206.0,16306.0,2992.3047
3243,12.918,14.0745,2.1092,14.2672,205.0,23214.0,2992.3047
3244,14.2247,13.8038,2.0171,14.3412,204.0,18896.0,2992.3047
3245,14.4045,14.0578,2.2025,13.5273,202.0,14392.0,2992.3047
3246,13.4256,13.8525,2.1568,15.061,200.0,19866.0,2992.3047
3247,15.1101,13.8474,2.4484,13.9566,199.0,12830.0,2992.3047
3248,13.9281,12.4633,2.0212,14.0341,203.0,19092.0,2992.3047
3249,14.0183,13.3856,1.9234,14.0595,201.0,15742.0,2992.3047
3250,14.1326,14.1539,2.1927,14.3499,200.0,16678.0,2992.3047
3251,14.3491,14.0088,2.1058,14.0829,201.0,17506.0,2992.3047
3252,14.1394,14.0041,2.2351,14.0828,201.0,18392.0,2992.3047
3253,13.9811,14.2107,2.1265,14.8384,200.0,17360.0,2992.3047
3254,14.8513,13.9637,2.3214,14.6755,202.0,13605.0,2992.3047
3255,14.6908,11.9862,2.0971,14.2968,199.0,11940.0,2992.3047
3256,14.2809,14.1146,2.0197,13.8192,204.0,12484.0,2992.3047
3257,13.8261,14.2933,2.2382,14.611,203.0,12130.0,2992.3047
3258,14.6517,14.1861,2.068,13.5205,203.0,10906.0,2992.3047
3259,13.6166,14.2355,2.4937,14.7422,202.0,11022.0,2992.3047
3260,14.5747,13.7417,2.39,14.1179,202.0,14547.0,2992.3047
3261,14.1614,14.3448,2.2808,14.8153,205.0,19410.0,2992.3047
3262,14.8366,12.1737,2.053,14.4329,199.0,17170.0,2992.3047
3263,14.3909,13.5717,1.9493,13.1484,201.0,13177.0,2992.3047
3264,13.1797,14.0683,2.0176,15.2013,199.0,13858.0,2992.3047
3265,15.1794,14.5748,2.1807,15.216,199.0,12836.0,2992.3047
3266,15.2504,14.0526,2.1128,13.2941,199.0,13044.0,2992.3047
3267,13.2176,14.3817,2.0152,15.1432,201.0,22378.0,2992.3047
3268,15.1991,14.4638,2.1871,15.268,199.0,13130.0,2992.3047
3269,15.2463,13.932,2.0864,15.4714,200.0,12690.0,2992.3047
3270,15.4588,12.9192,1.9006,14.3945,201.0,14383.0,2992.3047
3271,14.4415,13.3438,2.1227,12.8608,199.0,20490.0,2992.3047
3272,12.8003,14.3745,2.0051,15.2109,208.0,17186.0,2992.3047
3273,15.2768,14.5252,2.5531,14.5871,203.0,15168.0,2992.3047
3274,14.5828,14.4231,2.2327,15.4527,203.0,15910.0,2992.3047
3275,15.4929,14.4992,2.518,15.4845,201.0,13814.0,2992.3047
3276,15.4839,14.4244,2.964,13.2831,201.0,14230.0,2992.3047
3277,13.1788,14.2713,2.3558,14.7077,201.0,17348.0,2992.3047
3278,14.7876,11.8762,2.0674,14.2766,199.0,15935.0,2992.3047
3279,14.2689,14.3132,2.0695,13.6472,201.0,15353.0,2992.3047
3280,13.5997,14.3231,2.0366,14.648,200.0,12390.0,2992.3047
3281,14.7166,14.1942,2.2123,15.0372,199.0,13264.0,2992.3047
3282,15.1431,14.2131,2.3156,13.6439,200.0,15182.0,2992.3047
3283,13.4342,13.7319,2.2137,14.5751,199.0,13388.0,2992.3047
3284,14.6044,13.8444,2.3472,14.1837,200.0,14644.0,2992.3047
3285,14.1901,11.8803,1.996,14.2818,202.0,14114.0,2992.3047
3286,14.2965,12.3791,1.9399,12.6977,199.0,12588.0,2992.3047
3287,12.7397,14.0366,1.9919,15.1747,200.0,13126.0,2992.3047
3288,15.183,14.0813,2.1511,13.3662,203.0,15729.0,2992.3047
3289,13.29,14.1534,2.2984,15.6343,205.0,14301.0,2992.3047
3290,15.6747,14.1483,2.5621,13.9453,204.0,12420.0,2992.3047
3291,13.912,12.3807,2.3721,14.8222,202.0,15421.0,2992.3047
3292,14.8567,11.8413,2.0133,11.9691,203.0,17132.0,2992.3047
3293,11.9821,13.8992,2.3144,14.7405,201.0,15330.0,2992.3047
3294,14.7413,13.8714,2.2516,14.2278,202.0,13525.0,2992.3047
3295,14.2786,14.0774,2.4491,14.272,200.0,12390.0,2992.3047
3296,14.1982,14.0831,2.4746,14.2127,199.0,12746.0,2992.3047
3297,14.2064,14.0769,2.4411,15.8222,200.0,15752.0,2992.3047
3298,15.8633,12.234,2.2412,13.5023,199.0,13412.0,2992.3047
3299,13.5044,13.6039,2.3245,13.9471,204.0,15723.0,2992.3047
3300,13.9596,13.9866,2.0939,14.5336,201.0,17310.0,2992.3047
3301,14.7028,14.244,2.4551,15.2785,200.0,13834.0,2992.3047
3302,15.111,14.0715,2.3166,13.0951,201.0,17432.0,2992.3047
3303,13.0738,14.1529,2.3658,15.0431,203.0,18294.0,2992.3047
3304,15.0106,14.0451,2.342,14.726,208.0,22338.0,2992.3047
3305,14.7565,13.8808,2.8014,15.2091,205.0,19358.0,2992.3047
3306,15.2214,13.2949,2.0866,12.7314,205.0,15168.0,2992.3047
3307,12.7424,13.8984,2.1925,14.8219,203.0,17356.0,2992.3047
3308,14.8094,14.0119,2.2014,17.3441,201.0,16166.0,2992.3047
3309,17.4504,13.623,2.6954,12.5688,848.0,146049.0,2992.3047
3310,12.5804,15.5001,2.6485,13.977,366.0,56154.0,2992.3047
3311,13.8003,14.5035,2.372,15.3019,282.0,16408.0,2992.3047
3312,15.3444,13.7797,2.2694,14.0207,280.0,14866.0,2992.3047
3313,14.07,11.6824,2.0606,14.3886,282.0,20654.0,2992.3047
3314,14.3563,13.7257,2.1282,13.1094,282.0,16558.0,2992.3047
3315,13.1068,13.7276,2.2478,14.6072,283.0,17470.0,2992.3047
3316,14.682,13.7134,2.1958,12.8075,284.0,17033.0,2992.3047
3317,12.7598,12.9489,2.4248,14.2188,280.0,11588.0,2992.3047
3318,14.2176,13.6091,3.3327,13.6411,279.0,12344.0,2992.3047
3319,13.6232,11.6678,1.9769,15.3015,281.0,11382.0,2992.3047
3320,15.2912,13.5856,2.2216,12.7252,284.0,11582.0,2992.3047
3321,12.731,13.7623,2.2748,14.0772,283.0,10792.0,2992.3047
3322,14.1083,13.5599,2.0132,14.1406,285.0,13973.0,2992.3047
3323,14.187,13.9981,2.493,13.9359,284.0,19786.0,2992.3047
3324,13.9014,13.7384,2.3385,14.9149,281.0,17000.0,2992.3047
3325,14.8853,11.5207,2.1846,13.0777,285.0,13031.0,2992.3047
3326,13.0985,12.527,2.3146,13.2427,281.0,13758.0,2992.3047
3327,13.2724,13.6883,2.2791,13.8391,280.0,13486.0,2992.3047
3328,13.799,13.8673,2.2087,13.5137,282.0,13993.0,2992.3047
3329,13.5443,13.6498,2.3766,14.7992,280.0,22123.0,2992.3047
3330,14.7449,13.5689,2.0997,13.7034,281.0,11884.0,2992.3047
3331,13.6832,11.5779,1.8361,14.456,281.0,14675.0,2992.3047
3332,14.4929,13.2593,2.0317,12.6907,281.0,13244.0,2992.3047
3333,12.6769,13.7101,2.2414,14.3071,284.0,23288.0,2992.3047
3334,14.3879,13.8313,2.307,13.0587,280.0,15388.0,2992.3047
3335,12.9733,13.7337,2.2019,14.473,281.0,13484.0,2992.3047
3336,14.4635,13.5026,2.1481,14.6097,285.0,16384.0,2992.3047
3337,14.612,11.6345,1.9291,13.2554,283.0,13582.0,2992.3047
3338,13.2452,13.8302,1.9957,14.2405,283.0,13104.0,2992.3047
3339,14.2471,13.6658,1.9639,14.3049,282.0,20425.0,2992.3047
3340,14.4009,13.6963,2.0522,13.6857,283.0,15231.0,2992.3047
3341,13.6973,13.6242,2.3721,13.3077,281.0,12624.0,2992.3047
3342,13.203,13.8276,2.1395,14.5065,279.0,14462.0,2992.3047
3343,14.5753,11.569,2.0685,12.9662,279.0,14310.0,2992.3047
3344,12.9144,13.476,1.9549,13.4569,280.0,14226.0,2992.3047
3345,13.5063,13.7721,1.914,14.0349,280.0,12754.0,2992.3047
3346,14.0438,13.7739,2.3091,13.8118,282.0,13026.0,2992.3047
3347,13.8045,13.4987,2.2483,14.4702,282.0,17692.0,2992.3047
3348,14.4482,13.6464,2.2092,13.7608,281.0,12118.0,2992.3047
3349,13.7492,11.6188,2.0753,13.0531,279.0,14915.0,2992.3047
3350,13.0327,13.7086,1.9709,14.5519,282.0,17018.0,2992.3047
3351,14.6263,13.7103,2.0755,13.8785,281.0,15596.0,2992.3047
3352,13.8519,13.7404,2.3537,14.1441,285.0,13393.0,2992.3047
3353,14.1355,13.7008,2.7863,13.5324,284.0,12638.0,2992.3047
3354,13.5022,13.5626,2.55,14.4933,284.0,12638.0,2992.3047
3355,14.4937,11.4741,1.9641,12.7322,284.0,15654.0,2992.3047
3356,12.7272,13.6963,2.0113,14.8986,283.0,14384.0,2992.3047
3357,14.9328,13.7935,2.0563,13.4618,283.0,15011.0,2992.3047
3358,13.4951,13.7427,2.2112,13.7741,283.0,16826.0,2992.3047
3359,13.8055,13.7753,2.935,14.6298,279.0,13698.0,2992.3047
3360,14.5865,12.9515,2.5404,14.6148,281.0,17176.0,2992.3047
3361,14.609,12.0767,2.6906,12.9801,285.0,17826.0,2992.3047
3362,12.968,14.0108,2.1407,13.4534,286.0,26488.0,2992.3047
3363,13.4544,13.4883,2.2892,14.3036,282.0,15488.0,2992.3047
3364,14.3348,13.8513,2.1796,13.3329,281.0,15074.0,2992.3047
3365,13.2851,13.6204,2.1313,15.5206,280.0,17218.0,2992.3047
3366,15.5267,13.5678,2.3308,13.7371,281.0,15530.0,2992.3047
3367,13.7231,11.7059,1.9104,12.7693,281.0,14462.0,2992.3047
3368,12.7501,13.0647,1.7221,14.166,285.0,22428.0,2992.3047
3369,14.2002,13.9367,1.8996,15.1069,284.0,18178.0,2992.3047
3370,15.1243,13.4824,2.1726,12.1689,284.0,11556.0,2992.3047
3371,12.1433,13.5905,2.1766,14.1414,282.0,48178.0,2992.3047
3372,14.201,13.5955,2.407,14.6791,282.0,11532.0,2992.3047
3373,14.5858,11.6035,2.1526,12.4729,282.0,12178.0,2992.3047
3374,12.5299,13.8893,1.9672,14.9665,280.0,13536.0,2992.3047
3375,15.0052,13.1328,2.1949,15.3205,282.0,14842.0,2992.3047
3376,15.3298,13.7286,2.1954,12.3138,282.0,11712.0,2992.3047
3377,12.2543,13.8687,2.4269,14.4852,280.0,24298.0,2992.3047
3378,14.4828,13.6419,2.1559,13.5377,279.0,34552.0,2992.3047
3379,13.5291,11.43,2.0157,13.5963,280.0,16384.0,2992.3047
3380,13.6475,13.7147,2.082,14.0938,281.0,14878.0,2992.3047
3381,14.0777,13.5348,2.1158,14.1586,282.0,20654.0,2992.3047
3382,14.1988,13.7526,2.2773,12.4029,280.0,16620.0,2992.3047
3383,12.3601,13.4484,2.1563,14.4604,283.0,19231.0,2992.3047
3384,14.4518,12.7448,2.342,14.0696,285.0,15010.0,2992.3047
3385,14.0468,11.7204,2.2556,13.4839,283.0,11954.0,2992.3047
3386,13.5981,13.7315,2.1484,14.5618,284.0,11938.0,2992.3047
3387,14.4924,13.6211,2.1893,13.9662,281.0,11542.0,2992.3047
3388,14.0737,14.1065,2.5432,14.6656,281.0,11434.0,2992.3047
3389,14.7292,13.5772,2.7805,13.1617,283.0,10814.0,2992.3047
3390,13.0938,13.7803,2.4488,14.0455,280.0,15727.0,2992.3047
3391,13.9241,11.5631,2.1811,12.3358,281.0,20370.0,2992.3047
3392,12.4152,13.6059,2.1469,15.2776,280.0,14690.0,2992.3047
3393,15.2103,13.6161,2.3058,13.9944,281.0,13053.0,2992.3047
3394,14.0618,13.6953,2.191,14.1329,281.0,14520.0,2992.3047
3395,14.1242,14.6211,2.4924,14.2656,281.0,14583.0,2992.3047
3396,14.2256,13.9696,2.3362,15.7377,281.0,12134.0,2992.3047
3397,15.68,11.5359,2.2755,13.4565,279.0,22111.0,2992.3047
3398,13.5632,13.5983,2.1584,12.7883,283.0,14267.0,2992.3047
3399,12.732,13.6753,2.0979,14.2576,280.0,12720.0,2992.3047
3400,14.2701,13.8528,1.9671,12.5428,283.0,12808.0,2992.3047
3401,12.4742,13.7875,2.8251,14.9126,288.0,23962.0,2992.3047
3402,14.9132,14.4084,2.7774,14.1021,285.0,14782.0,2992.3047
3403,14.1519,11.571,2.7978,14.3091,282.0,13474.0,2992.3047
3404,14.3115,13.5277,2.0331,13.9758,281.0,16884.0,2992.3047
3405,13.9769,13.8274,1.9782,13.5321,283.0,13446.0,2992.3047
3406,13.5265,13.7094,2.216,15.3015,279.0,15921.0,2992.3047
3407,15.3261,13.2465,2.5032,13.213,280.0,17602.0,2992.3047
3408,13.211,13.9626,3.1106,13.7189,281.0,15229.0,2992.3047
3409,13.6811,12.0318,2.5981,13.9718,281.0,13014.0,2992.3047
3410,14.1809,12.1947,2.2067,13.4111,279.0,14094.0,2992.3047
3411,13.1951,13.4989,2.2164,14.44,281.0,14334.0,2992.3047
3412,14.5788,13.8452,2.2809,15.9326,281.0,13870.0,2992.3047
3413,15.9997,13.8455,2.5763,11.6204,279.0,12742.0,2992.3047
3414,11.4771,13.6977,2.5035,15.3252,280.0,13002.0,2992.3047
3415,15.3454,11.6839,2.7966,13.0335,284.0,17716.0,2992.3047
3416,12.9611,13.6022,2.2728,13.5329,284.0,12110.0,2992.3047
3417,13.547,13.7837,2.0994,13.4207,283.0,15287.0,2992.3047
3418,13.4609,13.784,2.1614,12.9258,286.0,17390.0,2992.3047
3419,12.9758,13.878,2.5489,14.3723,281.0,14838.0,2992.3047
3420,14.2542,13.6255,2.2641,15.3368,284.0,13403.0,2992.3047
3421,15.457,11.5063,2.2056,13.2382,282.0,13004.0,2992.3047
3422,13.1367,12.3281,2.1201,13.5749,281.0,12646.0,2992.3047
3423,13.5748,13.6494,2.1827,15.6819,281.0,16070.0,2992.3047
3424,15.8631,13.8102,3.1521,12.2979,281.0,14468.0,2992.3047
3425,12.2057,13.0259,3.0116,13.6276,284.0,14161.0,2992.3047
3426,13.5032,13.7828,2.6772,14.3258,283.0,17326.0,2992.3047
3427,14.4432,12.1753,2.1626,13.8461,280.0,14214.0,2992.3047
3428,13.8023,13.0969,2.3623,13.3073,280.0,16160.0,2992.3047
3429,13.2804,13.8223,1.8918,14.303,286.0,21330.0,2992.3047
3430,14.3205,13.4863,2.0421,15.0932,286.0,24000.0,2992.3047
3431,15.1905,13.7178,2.2513,12.2718,281.0,15434.0,2992.3047
3432,12.129,13.5929,2.1468,14.3211,287.0,17750.0,2992.3047
3433,14.3745,12.1538,2.1143,15.4658,285.0,13624.0,2992.3047
3434,15.4945,12.3098,2.2681,13.6443,284.0,16676.0,2992.3047
3435,13.5801,14.3121,2.1826,12.9228,283.0,13774.0,2992.3047
3436,12.9162,14.1597,2.1484,15.1004,282.0,24214.0,2992.3047
3437,15.1248,14.1858,2.3951,14.2863,284.0,15936.0,2992.3047
3438,14.3247,13.8941,2.5972,14.0242,279.0,11562.0,2992.3047
3439,13.9893,13.5693,2.3296,13.9454,280.0,48154.0,2992.3047
3440,13.9692,11.6903,2.4317,14.3994,279.0,11518.0,2992.3047
3441,14.3792,13.8858,2.0181,12.8929,280.0,12176.0,2992.3047
3442,12.8696,14.0507,1.978,15.5099,281.0,13548.0,2992.3047
3443,15.6039,13.8622,2.224,13.1048,285.0,14878.0,2992.3047
3444,13.2665,13.8587,2.5189,14.5469,280.0,11688.0,2992.3047
3445,14.3347,13.9894,2.7011,15.58,279.0,24286.0,2992.3047
3446,15.7991,12.4,2.8743,14.3339,281.0,34576.0,2992.3047
3447,14.1079,11.9146,2.5984,12.4715,281.0,16396.0,2992.3047
3448,12.5784,13.8068,2.3996,13.8448,285.0,14882.0,2992.3047
3449,13.7466,13.8546,2.0988,14.2334,285.0,20732.0,2992.3047
3450,14.2177,13.9425,2.1682,13.5562,287.0,18421.0,2992.3047
3451,13.5876,13.7061,2.5594,15.4855,283.0,17266.0,2992.3047
3452,15.6935,13.5976,2.3633,13.5755,283.0,15094.0,2992.3047
3453,13.3143,11.6069,2.563,13.3572,281.0,11818.0,2992.3047
3454,13.4191,13.8251,2.4777,15.4447,280.0,11982.0,2992.3047
3455,15.4289,14.0661,2.4406,12.4287,279.0,11540.0,2992.3047
3456,12.4017,13.7427,2.5096,13.5197,281.0,11456.0,2992.3047
3457,13.491,13.5724,2.3557,13.6415,279.0,12510.0,2992.3047
3458,13.6964,13.443,2.2234,14.3653,279.0,15667.0,2992.3047
3459,14.3623,11.5603,2.0057,13.1093,282.0,18756.0,2992.3047
3460,13.1154,13.5924,1.9772,13.4673,280.0,14690.0,2992.3047
3461,13.4942,13.5275,2.1538,13.533,282.0,14515.0,2992.3047
3462,13.5284,13.892,2.2955,14.1857,281.0,14965.0,2992.3047
3463,14.2067,13.5057,2.5421,14.5649,282.0,12868.0,2992.3047
3464,14.4915,13.5757,2.6249,14.365,283.0,11946.0,2992.3047
3465,14.3511,11.6758,1.9385,12.0683,284.0,23125.0,2992.3047
3466,12.1222,13.748,2.2332,15.3033,285.0,13665.0,2992.3047
3467,15.3125,13.832,2.1162,15.2754,281.0,13104.0,2992.3047
3468,15.324,12.8965,2.1401,12.1558,281.0,12154.0,2992.3047
3469,12.0838,13.6627,2.1124,14.5373,285.0,24670.0,2992.3047
3470,14.5415,13.3977,2.7738,13.4026,279.0,13922.0,2992.3047
3471,13.3806,11.5104,2.0805,12.1979,281.0,13976.0,2992.3047
3472,12.202,13.4035,2.067,14.8213,280.0,17138.0,2992.3047
3473,14.9061,13.6562,2.0062,13.4063,281.0,15529.0,2992.3047
3474,13.3837,13.7032,2.1654,14.088,279.0,13100.0,2992.3047
3475,14.0292,13.5804,2.2314,14.4448,281.0,17614.0,2992.3047
3476,14.4456,13.025,1.9286,14.4914,281.0,15965.0,2992.3047
3477,14.4705,12.3176,1.8832,12.2487,279.0,12990.0,2992.3047
3478,12.243,13.6311,2.0374,14.1384,282.0,13394.0,2992.3047
3479,14.1215,13.8498,2.0491,13.4073,280.0,14322.0,2992.3047
3480,13.4983,13.275,2.2789,14.3498,284.0,14230.0,2992.3047
3481,14.306,13.7438,2.1529,14.2338,285.0,12402.0,2992.3047
3482,14.24,12.2105,1.9245,13.613,284.0,13006.0,2992.3047
3483,13.5892,12.6428,1.8803,13.4586,284.0,17694.0,2992.3047
3484,13.4858,13.7252,1.9692,15.0021,282.0,12476.0,2992.3047
3485,15.0331,13.6389,2.1026,12.6265,283.0,15309.0,2992.3047
3486,12.6059,13.6923,2.2479,14.2811,284.0,17042.0,2992.3047
3487,14.2788,13.5166,2.1847,14.0835,280.0,14848.0,2992.3047
3488,14.0833,11.5809,1.9471,14.1477,283.0,13413.0,2992.3047
3489,14.1624,13.2826,2.0055,13.498,280.0,13370.0,2992.3047
3490,13.4783,13.8282,2.0592,15.3708,279.0,14442.0,2992.3047
3491,15.4391,13.658,2.3014,13.074,282.0,15182.0,2992.3047
3492,13.0473,13.9022,2.8701,14.0328,281.0,13180.0,2992.3047
3493,14.0093,13.8073,2.2898,14.1381,281.0,14625.0,2992.3047
3494,14.2543,12.0603,2.5265,13.7899,282.0,17818.0,2992.3047
3495,13.72,13.4569,2.2267,13.1278,280.0,13210.0,2992.3047
3496,13.1138,13.6389,2.0737,14.3642,288.0,19704.0,2992.3047
3497,14.37,13.8547,2.1987,13.6212,289.0,20534.0,2992.3047
3498,13.6723,13.5461,2.3041,14.1053,287.0,21798.0,2992.3047
3499,14.0254,12.7594,2.2084,14.2545,282.0,15322.0,2992.3047
3500,14.2394,12.3244,1.9063,14.5259,285.0,17850.0,2992.3047
3501,14.52,11.7874,2.0114,13.2604,283.0,13088.0,2992.3047
3502,13.2737,14.3618,2.1659,14.4612,282.0,17700.0,2992.3047
3503,14.5116,13.7977,2.1307,14.5827,279.0,12744.0,2992.3047
3504,14.6291,13.9525,2.4511,13.5575,280.0,26068.0,2992.3047
3505,13.4535,13.8765,2.2332,14.0916,280.0,14054.0,2992.3047
3506,14.0986,13.5932,2.7255,14.3118,281.0,22050.0,2992.3047
3507,14.2976,11.4873,1.8728,13.4283,280.0,37690.0,2992.3047
3508,13.4813,13.7358,2.0644,13.9098,280.0,11654.0,2992.3047
3509,13.8811,13.7001,2.0792,14.2712,282.0,12076.0,2992.3047
3510,14.2807,13.6294,2.0414,13.1588,281.0,13548.0,2992.3047
3511,13.0995,12.981,2.3339,14.0181,281.0,14830.0,2992.3047
3512,14.0965,13.0334,2.3267,14.7876,285.0,13300.0,2992.3047
3513,14.8277,11.4956,2.1411,12.8667,284.0,22706.0,2992.3047
3514,12.7962,13.6882,2.0245,14.6059,283.0,34556.0,2992.3047
3515,14.6398,13.7138,2.1255,13.4614,284.0,16410.0,2992.3047
3516,13.4569,13.6356,2.4447,13.742,284.0,14892.0,2992.3047
3517,13.7101,13.8425,2.2118,14.3469,284.0,20742.0,2992.3047
3518,14.339,13.5348,2.2145,14.6999,284.0,18381.0,2992.3047
3519,14.7556,11.5519,2.0664,11.9779,283.0,17288.0,2992.3047
3520,12.1096,13.8497,2.1769,15.2938,280.0,14888.0,2992.3047
3521,15.1725,13.6068,2.4524,12.9384,279.0,12008.0,2992.3047
3522,12.9884,13.2105,2.3734,13.7861,280.0,11934.0,2992.3047
3523,13.6474,13.488,2.2739,14.5831,280.0,11552.0,2992.3047
3524,14.6199,13.3499,2.3714,13.9346,281.0,11456.0,2992.3047
3525,13.9449,12.0625,1.9934,12.4414,281.0,17077.0,2992.3047
3526,12.4221,13.7482,1.9931,14.8934,279.0,11076.0,2992.3047
3527,14.9692,13.8667,2.0891,14.3184,282.0,18804.0,2992.3047
3528,14.3055,13.7765,2.2887,13.0144,284.0,15552.0,2992.3047
3529,12.938,13.7553,1.9548,14.3272,287.0,13721.0,2992.3047
3530,14.3425,13.7124,2.371,14.3936,286.0,15101.0,2992.3047
3531,14.4743,11.6624,1.9583,13.5001,281.0,12714.0,2992.3047
3532,13.458,13.6378,1.8473,13.5414,282.0,12420.0,2992.3047
3533,13.5884,13.538,2.012,13.1071,282.0,23075.0,2992.3047
3534,13.0889,13.9187,2.5467,14.4659,281.0,13245.0,2992.3047
3535,14.3709,12.8933,2.3671,14.3775,279.0,13842.0,2992.3047
3536,14.4307,13.0384,2.1351,13.8241,282.0,13711.0,2992.3047
3537,13.7842,12.1059,1.9008,12.4539,282.0,22441.0,2992.3047
3538,12.4777,13.6775,1.9089,15.7183,279.0,14290.0,2992.3047
3539,15.7698,13.7365,2.1947,12.5933,279.0,14320.0,2992.3047
3540,12.617,13.6745,2.4144,14.2239,279.0,16342.0,2992.3047
3541,14.1431,13.6044,2.1427,14.65,279.0,15553.0,2992.3047
3542,14.6402,12.3029,2.2421,13.8439,279.0,13100.0,2992.3047
3543,13.8795,12.1189,1.9611,12.6412,280.0,18338.0,2992.3047
3544,12.6397,13.7529,1.9917,14.4777,285.0,15969.0,2992.3047
3545,14.5044,13.5045,2.1581,12.7077,284.0,12638.0,2992.3047
3546,12.6907,13.7586,2.3595,14.5742,287.0,13042.0,2992.3047
3547,14.5628,13.6813,2.1707,14.1469,283.0,14336.0,2992.3047
3548,14.1475,11.5257,1.9713,14.4944,284.0,14252.0,2992.3047
3549,14.5031,12.9225,2.0448,13.6028,283.0,12400.0,2992.3047
3550,13.6323,14.3792,2.2815,14.2632,279.0,13358.0,2992.3047
3551,14.2528,13.694,2.1347,13.3677,282.0,17692.0,2992.3047
3552,13.4337,13.5357,2.4569,13.9778,282.0,12498.0,2992.3047
3553,13.9204,13.7496,2.0553,13.9981,281.0,16786.0,2992.3047
3554,13.9724,12.1029,2.2439,13.9146,279.0,15503.0,2992.3047
3555,13.9049,13.0105,2.118,12.8353,279.0,14468.0,2992.3047
3556,12.8613,13.9083,1.9676,14.7537,281.0,13389.0,2992.3047
3557,14.7757,13.5791,2.0166,13.2146,281.0,13882.0,2992.3047
3558,13.2196,13.7168,2.2906,14.1944,281.0,14684.0,2992.3047
3559,14.1379,13.8021,2.2903,14.3351,282.0,14464.0,2992.3047
3560,14.3517,11.4651,1.9127,14.1119,284.0,13672.0,2992.3047
3561,14.1158,13.5707,1.9071,12.8424,287.0,15157.0,2992.3047
3562,12.8201,13.7918,2.1177,14.2577,286.0,16818.0,2992.3047
3563,14.2964,13.6037,2.1682,13.272,282.0,13902.0,2992.3047
3564,13.2439,13.6005,2.3442,14.0197,284.0,20688.0,2992.3047
3565,14.0144,13.762,2.2148,14.8469,289.0,19390.0,2992.3047
3566,14.8551,11.6002,1.9862,13.6927,282.0,22022.0,2992.3047
3567,13.7481,13.6484,2.141,14.4497,280.0,15236.0,2992.3047
3568,14.4354,13.5739,2.0932,14.1375,284.0,17326.0,2992.3047
3569,14.1323,13.6996,2.1352,12.3075,281.0,12930.0,2992.3047
3570,12.3222,13.9996,2.597,14.5597,281.0,17688.0,2992.3047
3571,14.562,13.433,2.5559,13.9014,279.0,14288.0,2992.3047
3572,13.8722,11.5736,2.3828,13.859,280.0,25090.0,2992.3047
3573,13.9268,13.7642,2.1033,13.5169,279.0,13476.0,2992.3047
3574,13.4411,13.8282,2.1646,14.9728,279.0,27258.0,2992.3047
3575,15.0368,13.9994,2.2839,12.8295,280.0,32458.0,2992.3047
3576,12.945,13.9249,2.9241,14.692,284.0,11658.0,2992.3047
3577,14.4952,13.8696,2.2638,14.5623,284.0,12056.0,2992.3047
3578,14.5901,12.3522,2.1544,14.4235,285.0,13552.0,2992.3047
3579,14.555,12.1002,2.0509,12.6719,283.0,16428.0,2992.3047
3580,12.5385,13.6509,2.0358,14.7978,281.0,11678.0,2992.3047
3581,14.8187,13.4744,2.2123,12.864,281.0,22692.0,2992.3047
3582,12.9406,13.9799,2.3045,14.1285,282.0,34588.0,2992.3047
3583,14.0299,13.4483,2.4106,13.9484,281.0,16396.0,2992.3047
3584,13.9492,12.1119,2.2383,14.3646,281.0,14878.0,2992.3047
3585,14.3625,13.2731,2.0024,12.9966,283.0,20704.0,2992.3047
3586,12.9714,13.6916,1.9294,14.4146,284.0,21717.0,2992.3047
3587,14.4778,13.5088,2.1332,12.6071,282.0,13930.0,2992.3047
3588,12.5665,13.6308,2.3247,14.3033,281.0,14910.0,2992.3047
3589,14.2981,13.7376,2.1324,14.4908,279.0,11960.0,2992.3047
3590,14.518,11.5952,2.0147,14.98,281.0,11946.0,2992.3047
3591,14.9995,13.5587,2.1258,11.7168,282.0,11528.0,2992.3047
3592,11.6931,13.6872,1.9764,14.6578,285.0,14904.0,2992.3047
3593,14.6333,13.4577,2.0777,12.9497,283.0,13613.0,2992.3047
3594,12.9252,13.8482,2.1037,14.7575,283.0,11406.0,2992.3047
3595,14.7906,13.6335,3.0353,13.6412,284.0,20538.0,2992.3047
3596,13.6348,11.6181,2.0242,14.0098,281.0,13624.0,2992.3047
3597,14.0285,13.2633,1.9503,13.9035,283.0,13599.0,2992.3047
3598,13.8733,13.5802,1.8514,14.2601,284.0,15073.0,2992.3047
3599,14.3288,13.7562,2.0213,12.7253,279.0,13320.0,2992.3047
3600,12.6592,13.8956,2.3068,14.45,281.0,13022.0,2992.3047
3601,14.4901,13.5416,2.8273,14.1719,282.0,23792.0,2992.3047
3602,14.1574,11.483,1.8479,13.631,281.0,11652.0,2992.3047
3603,13.633,13.6396,1.8687,13.7272,281.0,14028.0,2992.3047
3604,13.9076,13.9095,2.1525,14.6201,284.0,13415.0,2992.3047
3605,14.4751,13.7572,2.376,12.7479,282.0,22441.0,2992.3047
3606,12.691,12.8905,2.3229,14.2517,279.0,15394.0,2992.3047
3607,14.3119,13.4716,2.9989,13.5524,280.0,13692.0,2992.3047
3608,13.5008,11.4896,2.0113,14.045,284.0,15894.0,2992.3047
3609,14.0673,13.8394,1.8812,13.4112,284.0,15569.0,2992.3047
3610,13.4131,13.8568,1.9172,14.81,283.0,13936.0,2992.3047
3611,14.9046,13.7502,2.1662,12.9436,282.0,18244.0,2992.3047
3612,12.8228,13.4348,2.1592,15.0989,286.0,15267.0,2992.3047
3613,15.1334,13.5932,2.3384,13.4048,282.0,12636.0,2992.3047
3614,13.4409,11.5779,1.9435,12.1423,281.0,13382.0,2992.3047
3615,12.0883,13.6342,1.9012,14.8137,280.0,13954.0,2992.3047
3616,14.8241,14.1657,1.7821,15.3862,280.0,14226.0,2992.3047
3617,15.4217,13.518,1.9968,12.4831,280.0,12754.0,2992.3047
3618,12.434,13.86,1.8446,14.868,283.0,13406.0,2992.3047
3619,14.902,13.3077,2.4844,15.9184,282.0,17692.0,2992.3047
3620,15.9537,12.231,2.3769,13.0242,282.0,13977.0,2992.3047
3621,13.0265,14.0772,2.5067,15.3599,283.0,15699.0,2992.3047
3622,15.3276,13.8115,2.8975,13.4734,279.0,14767.0,2992.3047
3623,13.494,13.8351,2.3502,13.928,280.0,14480.0,2992.3047
3624,14.0424,14.2678,2.7635,14.9195,286.0,14273.0,2992.3047
3625,14.9715,13.9696,3.1509,14.5646,283.0,12994.0,2992.3047
3626,14.4149,13.0049,2.5384,12.7504,283.0,15400.0,2992.3047
3627,12.7052,12.1084,2.4174,13.6918,285.0,14242.0,2992.3047
3628,13.7164,14.2417,2.0972,14.6242,284.0,14198.0,2992.3047
3629,14.6005,13.8892,2.0975,13.9299,284.0,14139.0,2992.3047
3630,13.9632,14.084,2.0927,14.3123,283.0,17516.0,2992.3047
3631,14.4286,14.0095,2.8614,17.7537,281.0,14160.0,2992.3047
3632,17.7809,13.406,2.8741,11.8307,284.0,20306.0,2992.3047
3633,11.6571,12.6624,2.9287,13.7802,285.0,19454.0,2992.3047
3634,13.7878,13.2793,2.2584,12.8949,283.0,21774.0,2992.3047
3635,12.9744,13.8569,2.3254,15.1622,280.0,15028.0,2992.3047
3636,15.1074,13.8727,2.2227,14.0349,284.0,17482.0,2992.3047
3637,14.038,13.4937,2.1868,13.0064,279.0,12750.0,2992.3047
3638,12.9182,13.6783,2.6762,13.968,282.0,17544.0,2992.3047
3639,14.0081,13.0819,2.2588,13.9139,282.0,16434.0,2992.3047
3640,13.9796,12.2006,2.0878,13.0895,287.0,23020.0,2992.3047
3641,13.0902,13.8335,2.2405,15.0837,285.0,18736.0,2992.3047
3642,15.0572,13.8646,2.2433,13.6365,283.0,22030.0,2992.3047
3643,13.6692,13.8545,2.4565,13.8056,282.0,32584.0,2992.3047
3644,13.7337,13.585,2.2459,13.9541,282.0,11532.0,2992.3047
3645,13.9723,12.8986,2.3822,14.3997,282.0,12054.0,2992.3047
3646,14.4298,12.2237,2.0534,12.9763,281.0,13548.0,2992.3047
3647,12.9482,13.8613,2.1903,15.0799,280.0,16414.0,2992.3047
3648,15.105,13.7939,2.2224,13.034,280.0,11688.0,2992.3047
3649,13.0854,14.069,2.3873,13.7561,279.0,22690.0,2992.3047
3650,13.6764,12.7181,27.9913,15.538,282.0,37924.0,2992.3047
3651,27.9426,12.7181,2.9253,6.0575,282.0,13072.0,2992.3047
3652,5.5013,12.2344,5.1677,9.1517,281.0,14878.0,2992.3047
3653,9.1123,13.3409,3.2529,15.186,282.0,23932.0,2992.3047
3654,15.197,14.0452,3.518,13.6626,284.0,18333.0,2992.3047
3655,13.6843,13.6527,2.2283,13.8974,280.0,14002.0,2992.3047
3656,14.0115,13.8863,2.4257,15.0409,284.0,14806.0,2992.3047
3657,14.8921,14.0495,2.9098,15.0371,285.0,12084.0,2992.3047
3658,15.0403,12.4148,2.4426,14.8622,284.0,11842.0,2992.3047
3659,14.9296,12.622,2.5737,13.0912,283.0,14962.0,2992.3047
3660,13.0544,14.0798,2.8932,14.2454,282.0,11628.0,2992.3047
3661,14.4377,14.2191,2.4769,13.9577,283.0,13501.0,2992.3047
3662,13.7857,13.6371,2.502,14.1678,279.0,12212.0,2992.3047
3663,14.1747,13.6449,2.5213,12.3306,281.0,19810.0,2992.3047
3664,12.2484,13.6806,2.27,14.767,280.0,13538.0,2992.3047
3665,14.798,11.6226,1.9556,13.2204,281.0,13549.0,2992.3047
3666,13.1935,13.633,1.8537,13.6526,281.0,15085.0,2992.3047
3667,13.6669,13.4712,2.217,14.1652,279.0,13784.0,2992.3047
3668,14.2354,13.841,2.3268,13.5474,282.0,14929.0,2992.3047
3669,13.4276,13.9432,2.43,15.8986,279.0,21445.0,2992.3047
3670,16.1096,13.0084,2.9216,13.1852,281.0,11700.0,2992.3047
3671,13.0435,12.1667,2.7431,14.4236,281.0,14028.0,2992.3047
3672,14.4049,13.4318,2.0749,13.0135,288.0,15424.0,2992.3047
3673,13.0111,13.9804,2.0515,14.8102,284.0,21580.0,2992.3047
3674,14.8213,13.7627,2.4147,13.3696,284.0,14710.0,2992.3047
3675,13.4099,13.7749,2.8397,13.1368,281.0,13218.0,2992.3047
3676,13.1581,13.5883,2.2609,14.6987,283.0,15904.0,2992.3047
3677,14.6506,11.6192,2.0665,14.4783,282.0,16303.0,2992.3047
3678,14.5074,13.7105,2.1688,13.0877,279.0,14300.0,2992.3047
3679,13.044,13.5512,2.0642,13.9164,280.0,17506.0,2992.3047
3680,14.0423,13.5222,2.487,13.7215,283.0,14885.0,2992.3047
3681,13.7008,13.4525,2.6379,13.8083,280.0,13370.0,2992.3047
3682,13.7339,12.7363,2.3012,14.5898,280.0,12634.0,2992.3047
3683,14.5675,11.7008,2.3005,13.1254,280.0,13954.0,2992.3047
3684,13.1543,13.7384,2.2156,13.6024,279.0,14642.0,2992.3047
3685,13.5898,13.9748,2.0753,13.5977,280.0,13062.0,2992.3047
3686,13.641,13.5602,2.1546,13.536,280.0,13002.0,2992.3047
3687,13.4479,14.9318,2.0138,15.8065,286.0,19219.0,2992.3047
3688,15.8384,14.3951,2.3073,14.7586,285.0,12490.0,2992.3047
3689,14.767,13.2419,2.1359,15.4411,283.0,15287.0,2992.3047
3690,15.4609,13.0926,2.3087,15.0256,285.0,14795.0,2992.3047
3691,15.084,14.8982,2.4515,15.5764,281.0,14970.0,2992.3047
3692,15.5615,14.8949,2.6525,14.8594,283.0,14127.0,2992.3047
3693,14.8,14.84,2.2347,15.7742,282.0,13372.0,2992.3047
3694,15.8579,15.2414,2.3952,15.5015,281.0,15184.0,2992.3047
3695,15.4844,14.7753,2.6754,15.083,282.0,14732.0,2992.3047
3696,15.0914,14.943,2.6518,14.7203,281.0,13180.0,2992.3047
3697,14.7715,13.3102,2.784,14.1498,281.0,14815.0,2992.3047
3698,14.0893,13.223,2.843,14.0045,283.0,17764.0,2992.3047
3699,14.041,11.6637,3.0844,16.2152,281.0,13380.0,2992.3047
3700,16.1574,13.2244,2.4488,12.0188,283.0,21260.0,2992.3047
3701,12.0905,14.1754,2.6006,15.1085,286.0,18706.0,2992.3047
3702,15.0762,13.7024,2.3923,13.6098,282.0,21554.0,2992.3047
3703,13.6005,13.8931,2.6596,15.2261,279.0,15016.0,2992.3047
3704,15.219,14.0266,2.6645,12.6091,286.0,17306.0,2992.3047
3705,12.6395,12.1813,2.7971,14.8235,285.0,13782.0,2992.3047
3706,14.7199,11.5301,2.7012,13.3956,285.0,17294.0,2992.3047
3707,13.4824,13.5097,2.2852,13.9729,283.0,21500.0,2992.3047
3708,14.0769,13.8124,2.6074,21.0699,1424.0,189462.0,3033.6797
3709,21.0844,13.8124,3.1343,16.5225,738.0,57676.0,3063.0547
3710,16.526,15.4236,3.2878,13.2628,655.0,28086.0,3063.0547
3711,13.0894,14.8212,2.7216,15.1226,655.0,38382.0,3063.0547
3712,15.189,13.1902,2.758,13.0874,655.0,17454.0,3048.3672
3713,13.0602,12.8952,3.373,12.6046,656.0,17988.0,3027.6797
3714,12.5581,10.9535,2.3027,13.6128,655.0,19460.0,3027.6797
3715,13.612,12.579,2.9283,13.2511,657.0,22382.0,3027.6797
3716,13.3443,13.2353,2.3346,13.944,656.0,20836.0,3027.6797
3717,13.9368,13.0669,2.5454,13.2362,657.0,42970.0,3027.6797
3718,13.2304,12.62,2.7708,12.9109,657.0,27116.0,3027.6797
3719,12.9227,10.8401,2.5291,13.5318,663.0,21640.0,3027.6797
3720,13.5082,12.4367,2.6538,12.7932,662.0,26556.0,3027.6797
3721,12.7541,12.9439,2.2304,14.579,664.0,27505.0,3027.6797
3722,14.6684,13.1012,2.4754,12.4413,658.0,18246.0,3027.6797
3723,12.3924,13.059,3.0339,14.4352,660.0,22158.0,3027.6797
3724,14.5207,10.8484,3.8632,12.7415,658.0,17894.0,3027.6797
3725,12.7853,13.1098,3.0611,13.4709,656.0,18390.0,3027.6797
3726,13.3203,13.0504,2.6407,12.0706,657.0,21012.0,3027.6797
3727,12.1718,13.0825,2.6734,14.49,657.0,17738.0,3027.6797
3728,14.4067,12.9523,3.2002,12.8854,656.0,19347.0,2899.6797
3729,12.9164,10.9682,2.6324,11.9413,656.0,17236.0,2899.6797
3730,12.0192,13.2444,3.3656,14.441,660.0,25888.0,2899.6797
3731,14.3877,13.0621,2.4003,13.2908,656.0,19446.0,2899.6797
3732,13.2254,13.3136,2.5696,13.626,658.0,19517.0,2899.6797
3733,13.7,12.4821,3.1617,13.0616,658.0,20275.0,2899.6797
3734,12.9848,11.6334,2.63,13.0259,657.0,19572.0,2899.6797
3735,13.0313,13.3227,2.745,14.3218,663.0,20853.0,2899.6797
3736,14.3601,12.8704,2.4851,13.3355,661.0,26873.0,2899.6797
3737,13.3643,13.1225,2.7241,14.0227,660.0,18760.0,2899.6797
3738,14.0303,13.0993,2.6876,13.4751,662.0,21602.0,2899.6797
3739,13.5271,10.8583,3.1788,15.0462,658.0,24422.0,2899.6797
3740,15.0491,12.7339,3.6243,14.777,659.0,22100.0,2899.6797
3741,14.6917,13.4139,3.3208,12.7469,656.0,18862.0,2899.6797
3742,12.7004,13.2309,3.3153,14.1394,657.0,22226.0,2899.6797
3743,14.1973,13.5962,4.1385,16.0602,657.0,19912.0,2899.6797
3744,16.2139,14.7571,3.3392,11.6987,657.0,19816.0,2899.6797
3745,11.7494,11.5456,3.1427,13.5031,658.0,24597.0,2899.6797
3746,13.3496,12.5523,3.0345,12.3451,656.0,20062.0,2899.6797
3747,12.24,13.2069,3.7253,12.8916,657.0,18234.0,2899.6797
3748,13.0947,12.9399,2.5161,13.1099,657.0,20290.0,2899.6797
3749,12.9874,12.9429,2.886,12.7212,656.0,20186.0,2899.6797
3750,12.7785,11.4218,2.6891,13.3681,656.0,18222.0,2899.6797
3751,13.3176,11.4444,2.64,14.0576,661.0,19500.0,2899.6797
3752,14.0264,13.435,2.6336,13.7866,660.0,18226.0,2899.6797
3753,13.8451,13.1175,2.6632,13.6135,660.0,17858.0,2899.6797
3754,13.596,12.0243,2.7751,12.9192,659.0,19262.0,2899.6797
3755,12.9311,11.4452,3.1474,12.7828,658.0,19912.0,2899.6797
3756,12.6666,11.6237,2.5958,14.3808,659.0,18972.0,2899.6797
3757,14.4204,13.3741,2.6405,13.851,656.0,21496.0,2899.6797
3758,13.9061,13.1273,2.6558,13.2123,659.0,20700.0,2899.6797
3759,13.1589,13.0474,2.5894,12.8906,658.0,19838.0,2899.6797
3760,13.0008,11.6173,3.0722,13.7205,659.0,19886.0,2899.6797
3761,13.6417,11.3818,2.8778,12.4014,658.0,22238.0,2899.6797
3762,12.3284,13.0181,2.6021,14.3779,656.0,22776.0,2899.6797
3763,14.4655,13.2015,2.612,13.932,660.0,25990.0,2899.6797
3764,13.8861,12.7603,2.8357,13.1877,660.0,23324.0,2899.6797
3765,13.348,13.371,3.1363,13.0224,659.0,27548.0,2899.6797
3766,12.8651,11.312,2.6722,13.3919,658.0,20080.0,2899.6797
3767,13.4012,13.193,2.5337,14.6094,666.0,24314.0,2899.6797
3768,14.6442,13.3199,2.5812,14.1057,661.0,19856.0,2899.6797
3769,14.117,13.5879,2.6275,12.918,660.0,21960.0,2899.6797
3770,12.8683,12.4915,3.0583,13.1118,658.0,24232.0,2899.6797
3771,13.1101,11.6329,3.2068,13.1299,659.0,28012.0,2899.6797
3772,13.1858,12.6861,3.1218,14.3399,659.0,20132.0,2899.6797
3773,14.3681,13.1332,2.5607,13.082,656.0,22425.0,2899.6797
3774,13.108,13.3673,2.5594,15.9534,657.0,20710.0,2899.6797
3775,15.9173,13.23,2.5067,10.3246,656.0,20307.0,2899.6797
3776,10.2639,10.7919,3.0115,14.3024,657.0,22175.0,2899.6797
3777,14.3971,11.6991,2.7713,13.2066,656.0,17486.0,2899.6797
3778,13.0753,13.2262,2.2808,13.4379,657.0,20666.0,2899.6797
3779,13.461,13.2637,2.6662,12.5016,657.0,21509.0,2899.6797
3780,12.5363,13.2464,2.7998,13.9866,659.0,24781.0,2899.6797
3781,14.1113,11.6635,3.9423,13.6243,663.0,39273.0,2899.6797
3782,13.4699,11.5671,2.7793,14.1726,656.0,24442.0,2899.6797
3783,14.1786,13.6186,2.5607,13.2393,660.0,33230.0,2899.6797
3784,13.2299,13.387,2.2934,14.1703,662.0,33210.0,2899.6797
3785,14.179,13.0027,2.3877,11.419,662.0,17514.0,2899.6797
3786,11.741,12.8065,3.2243,14.3643,659.0,18022.0,2899.6797
3787,14.0599,11.4127,2.8671,13.0352,658.0,19494.0,2899.6797
3788,13.0401,13.1314,2.3082,14.7014,659.0,22542.0,2899.6797
3789,14.7139,13.2457,2.5021,13.982,656.0,23870.0,2899.6797
3790,13.9767,13.0558,2.8644,12.6078,657.0,40816.0,2899.6797
3791,12.734,12.6981,3.0451,14.6807,657.0,26078.0,2899.6797
3792,14.5726,11.2262,3.3543,12.9992,659.0,24876.0,2899.6797
3793,12.9669,12.4791,2.9623,13.9943,657.0,23156.0,2899.6797
3794,13.9986,13.3056,2.5706,13.0114,662.0,27573.0,2899.6797
3795,13.0612,12.9744,2.7037,12.9693,657.0,18112.0,2899.6797
3796,12.9766,13.4208,3.2622,13.2544,658.0,22578.0,2899.6797
3797,13.2325,11.3712,2.9727,13.8758,657.0,18318.0,2899.6797
3798,13.8611,12.0704,2.9919,15.2494,658.0,21118.0,2899.6797
3799,15.2544,13.8812,2.5946,13.4664,660.0,17694.0,2899.6797
3800,13.4861,12.917,2.472,12.8176,660.0,17548.0,2899.6797
3801,12.7668,12.5128,2.4924,12.7014,660.0,19629.0,2899.6797
3802,12.7691,13.2222,2.9677,14.1808,659.0,19302.0,2899.6797
3803,14.1414,10.8636,2.7676,12.9489,660.0,23584.0,2899.6797
3804,13.0383,13.4916,3.1373,15.1868,658.0,19304.0,2899.6797
3805,15.1707,13.2735,2.7603,13.1359,659.0,20439.0,2899.6797
3806,13.0495,13.4402,2.472,12.9809,659.0,20449.0,2899.6797
3807,13.0467,13.4525,2.6838,13.2286,657.0,19844.0,2899.6797
3808,13.1493,10.7985,2.6325,12.6054,658.0,19733.0,2899.6797
3809,12.6817,13.2316,2.8725,14.7782,656.0,27273.0,2899.6797
3810,14.7043,13.1089,2.295,13.5202,659.0,20429.0,2899.6797
3811,13.5808,12.6549,2.607,12.0738,658.0,20355.0,2899.6797
3812,12.0658,12.7171,3.5795,14.0716,656.0,26322.0,2899.6797
3813,14.015,11.6063,2.9781,14.2034,657.0,19780.0,2899.6797
3814,14.234,11.9538,2.9088,13.7738,656.0,18494.0,2899.6797
3815,13.7606,13.1395,2.3826,13.4608,662.0,22610.0,2899.6797
3816,13.5028,13.0063,2.2955,13.5431,660.0,19904.0,2899.6797
3817,13.5283,13.2561,2.5941,12.6295,666.0,23611.0,2899.6797
3818,12.7587,11.3127,2.962,13.9043,659.0,21224.0,2899.6797
3819,13.7802,12.6417,2.7003,13.3399,658.0,19696.0,2899.6797
3820,13.307,13.1124,2.3786,13.7277,659.0,19924.0,2899.6797
3821,13.7912,13.1471,2.7272,13.4159,656.0,19326.0,2899.6797
3822,13.4849,12.231,2.475,11.8856,657.0,19094.0,2899.6797
3823,12.2609,12.4668,3.4136,14.4114,657.0,18602.0,2899.6797
3824,14.1356,10.8382,2.5122,12.7208,656.0,19116.0,2899.6797
3825,12.5276,13.0102,2.3817,12.9376,657.0,18234.0,2899.6797
3826,12.9479,13.0256,2.5557,14.2524,656.0,17854.0,2899.6797
3827,14.2872,12.2023,2.4435,11.5741,657.0,19628.0,2899.6797
3828,11.5067,12.24,2.5787,14.0961,656.0,20278.0,2899.6797
3829,14.0865,11.5582,2.9052,13.4567,656.0,19090.0,2899.6797
3830,13.5043,13.1187,2.3424,13.5115,657.0,20938.0,2899.6797
3831,13.4733,12.8566,2.3796,12.6953,663.0,21998.0,2899.6797
3832,12.7056,12.9436,2.4608,12.7494,662.0,20090.0,2899.6797
3833,13.3611,11.4018,3.3248,14.496,661.0,18552.0,2899.6797
3834,14.0338,12.0608,2.9779,12.4136,660.0,23468.0,2899.6797
3835,12.284,13.0488,2.471,13.1988,661.0,26404.0,2899.6797
3836,13.3027,12.7875,2.3815,11.9696,659.0,21496.0,2899.6797
3837,11.9475,12.1518,3.0548,13.8812,660.0,22752.0,2899.6797
3838,13.7543,10.7732,2.3834,12.1494,659.0,27928.0,2899.6797
3839,12.2858,12.9205,2.3451,14.2778,656.0,19520.0,2899.6797
3840,14.1367,12.9315,2.2465,13.449,660.0,24280.0,2899.6797
3841,13.5207,12.816,2.3554,11.2745,659.0,20488.0,2899.6797
3842,11.5311,12.8102,2.8918,14.4387,656.0,21658.0,2899.6797
3843,14.1295,10.8058,2.398,12.071,656.0,25454.0,2899.6797
3844,12.0663,12.9979,2.2293,13.4349,657.0,26750.0,2899.6797
3845,13.4582,12.933,2.5459,13.1988,656.0,19690.0,2899.6797
3846,13.3079,13.2613,2.4747,13.4253,657.0,24887.0,2899.6797
3847,13.3582,10.8318,2.628,13.5559,660.0,18252.0,2899.6797
3848,13.4818,11.394,2.4806,13.0256,661.0,20323.0,2899.6797
3849,13.0956,13.1353,2.2943,13.7156,660.0,22167.0,2899.6797
3850,13.7624,12.9623,2.3717,12.621,659.0,17500.0,2899.6797
3851,12.626,12.8209,2.6973,13.3127,658.0,20656.0,2899.6797
3852,13.186,10.8131,2.5687,12.5629,660.0,23370.0,2899.6797
3853,12.6197,12.882,2.5668,13.7413,661.0,32056.0,2899.6797
3854,13.7027,12.9826,2.1751,13.352,660.0,30347.0,2899.6797
3855,13.486,13.2497,2.31,13.1432,656.0,24234.0,2899.6797
3856,13.1797,13.2377,2.9438,13.707,656.0,33226.0,2899.6797
3857,13.6749,10.8345,2.7011,12.7861,657.0,33194.0,2899.6797
3858,12.6786,13.0408,2.6198,14.1901,656.0,17486.0,2899.6797
3859,14.1915,13.1881,2.7065,12.3485,656.0,18472.0,2899.6797
3860,12.3557,12.856,2.2279,13.6342,656.0,19186.0,2899.6797
3861,13.6654,12.4148,2.6453,13.0964,657.0,22382.0,2899.6797
3862,13.0887,11.5458,2.5155,12.5754,656.0,24610.0,2899.6797
3863,12.6879,12.9145,2.3838,16.0256,661.0,40236.0,2899.6797
3864,16.0391,13.609,2.8547,13.2908,661.0,29612.0,2899.6797
3865,13.1566,14.0856,2.8243,15.384,661.0,20978.0,2899.6797
3866,15.4506,14.5263,2.6096,12.183,662.0,28473.0,2899.6797
3867,12.2666,13.9141,3.1444,14.0048,659.0,22236.0,2899.6797
3868,13.8123,10.7812,2.4705,12.337,660.0,21884.0,2899.6797
3869,12.3632,12.5613,2.1956,14.3307,657.0,19548.0,2899.6797
3870,14.3805,13.0379,2.4891,13.9656,657.0,19348.0,2899.6797
3871,13.8966,12.6097,2.3877,11.5009,657.0,19384.0,2899.6797
3872,11.5293,12.4938,2.3021,14.0532,656.0,17642.0,2899.6797
3873,14.0371,10.7983,2.6292,13.5495,657.0,17508.0,2899.6797
3874,13.6523,12.5391,2.3026,13.1357,656.0,22003.0,2899.6797
3875,13.105,12.9823,2.1043,15.1166,658.0,16982.0,2899.6797
3876,15.0871,12.7456,2.2461,10.9385,658.0,25424.0,2899.6797
3877,10.9934,13.0441,2.7666,13.6682,656.0,17676.0,2899.6797
3878,13.6726,10.8165,2.6888,13.11,658.0,20355.0,2899.6797
3879,13.0095,13.4352,2.2879,14.1012,662.0,20441.0,2899.6797
3880,14.1318,12.8996,2.2172,14.2651,661.0,19848.0,2899.6797
3881,14.4087,13.1389,2.5252,11.7462,663.0,23680.0,2899.6797
3882,11.635,12.8664,2.5267,13.6269,661.0,25275.0,2899.6797
3883,13.62,10.8266,2.4943,12.4081,659.0,19430.0,2899.6797
3884,12.4901,12.5482,2.3392,15.6887,660.0,20485.0,2899.6797
3885,15.5964,12.85,2.2182,10.6713,657.0,25994.0,2899.6797
3886,10.685,12.3733,2.3754,13.5105,657.0,19074.0,2899.6797
3887,13.5382,12.0104,2.4138,14.2167,657.0,18922.0,2899.6797
3888,14.2173,10.7931,2.3704,12.2548,657.0,23058.0,2899.6797
3889,12.1616,13.0848,2.0259,13.7535,656.0,22056.0,2899.6797
3890,13.8122,12.8393,2.0163,12.663,658.0,21307.0,2899.6797
3891,12.7013,13.129,2.3139,13.0464,658.0,20866.0,2899.6797
3892,12.9639,11.0075,2.4471,14.3932,656.0,21014.0,2899.6797
3893,14.4713,12.2302,2.7447,15.9187,656.0,18958.0,2899.6797
3894,16.0366,13.7473,3.5009,15.4838,657.0,18970.0,2899.6797
3895,15.5372,14.498,2.9548,12.3504,662.0,18742.0,2899.6797
3896,12.1661,13.5256,2.7114,13.046,662.0,18776.0,2899.6797
3897,13.0893,13.1598,2.5637,11.8888,660.0,18962.0,2899.6797
3898,11.931,10.8481,2.4799,13.9696,659.0,18236.0,2899.6797
3899,13.928,12.1808,2.3064,12.7358,659.0,18236.0,2899.6797
3900,12.71,13.1937,2.1184,14.0725,659.0,19630.0,2899.6797
3901,14.0498,13.1367,2.3955,12.7464,657.0,20790.0,2899.6797
3902,12.8016,13.6054,2.6957,14.3369,656.0,18870.0,2899.6797
3903,14.3098,10.7931,3.1321,13.3952,656.0,20968.0,2899.6797
3904,13.3386,11.8739,2.9178,13.1488,660.0,22622.0,2899.6797
3905,13.1721,13.19,2.3527,12.7714,657.0,18926.0,2899.6797
3906,12.7389,13.0116,2.3926,12.2526,657.0,20302.0,2899.6797
3907,12.2949,12.7439,2.414,14.2411,661.0,27302.0,2899.6797
3908,14.2919,10.8289,2.6022,11.6003,658.0,22566.0,2899.6797
3909,11.5361,12.5823,2.4539,13.7604,656.0,19906.0,2899.6797
3910,13.733,12.801,2.302,13.3743,659.0,23014.0,2899.6797
3911,13.4739,13.0359,2.3329,12.4584,663.0,27346.0,2899.6797
3912,12.3227,12.8462,2.2969,14.0265,661.0,19536.0,2899.6797
3913,14.0716,10.8492,2.5193,12.7108,665.0,24420.0,2899.6797
3914,12.6892,13.055,2.2964,13.119,661.0,20852.0,2899.6797
3915,13.2318,12.9427,2.3402,13.0371,658.0,23428.0,2899.6797
3916,13.0788,12.8641,2.583,12.9405,658.0,23202.0,2899.6797
3917,12.8811,12.1796,2.1125,14.1458,657.0,27214.0,2899.6797
3918,14.0692,11.3647,2.0334,11.8904,657.0,23249.0,2899.6797
3919,11.9116,13.0019,2.3099,13.8009,656.0,20864.0,2899.6797
3920,13.8837,12.8519,2.2245,12.0512,657.0,18260.0,2899.6797
3921,12.0283,13.1923,2.5606,13.8225,657.0,23140.0,2899.6797
3922,13.8479,10.7744,2.565,13.8018,656.0,19342.0,2899.6797
3923,13.7261,11.9093,2.2129,12.3362,658.0,18272.0,2899.6797
3924,12.3057,12.9603,2.2398,13.7936,659.0,21775.0,2899.6797
3925,13.8454,13.535,2.2871,13.1851,657.0,21717.0,2899.6797
3926,13.2918,12.9845,2.8315,14.3005,660.0,35236.0,2899.6797
3927,14.1895,10.8056,2.5718,13.0755,662.0,26927.0,2899.6797
3928,13.1654,12.4745,2.6919,14.4267,660.0,29470.0,2899.6797
3929,14.3969,13.3066,2.4915,13.053,660.0,27998.0,2899.6797
3930,13.4754,13.3542,3.0586,13.0308,658.0,33184.0,2899.6797
3931,12.582,13.3086,2.6186,14.0776,659.0,17964.0,2899.6797
3932,13.9872,10.7965,2.8357,13.3298,658.0,18168.0,2899.6797
3933,13.3811,12.9423,2.7052,13.1295,658.0,19052.0,2899.6797
3934,13.1686,13.1292,2.3424,13.2213,658.0,24730.0,2899.6797
3935,13.2862,13.2439,2.6185,13.9682,656.0,22430.0,2899.6797
3936,13.9264,12.6453,2.6596,13.7053,658.0,43774.0,2899.6797
3937,13.6768,11.3995,3.6656,12.9885,657.0,25730.0,2899.6797
3938,13.0156,12.5918,2.6685,14.9668,659.0,21142.0,2899.6797
3939,14.8899,13.4959,2.726,12.9367,661.0,28387.0,2899.6797
3940,13.017,13.2609,2.4332,13.2903,659.0,22306.0,2899.6797
3941,13.3316,12.5695,2.7236,13.3501,658.0,22574.0,2899.6797
3942,13.3003,12.6311,3.1319,13.7826,656.0,18796.0,2899.6797
3943,14.166,10.8361,3.0498,12.9673,661.0,19448.0,2899.6797
3944,12.5495,11.9419,2.3432,14.8927,661.0,19292.0,2899.6797
3945,14.932,13.2836,2.2987,12.1781,660.0,17550.0,2899.6797
3946,12.2345,13.3702,2.3698,13.0509,659.0,18166.0,2899.6797
3947,12.9508,12.5803,2.7286,14.2674,658.0,21445.0,2899.6797
3948,14.2344,10.8533,3.238,12.8184,658.0,17678.0,2899.6797
3949,12.8497,13.4003,2.8973,13.9502,659.0,24934.0,2899.6797
3950,13.9818,13.5163,2.261,13.9418,657.0,17568.0,2899.6797
3951,14.0147,13.1376,2.605,12.3239,659.0,20319.0,2899.6797
3952,12.2767,13.3836,3.0139,14.1664,659.0,20497.0,2899.6797
3953,14.0891,10.7776,2.817,13.532,656.0,23347.0,2899.6797
3954,13.5453,12.5262,2.7899,13.3589,662.0,21996.0,2899.6797
3955,13.3531,13.1468,2.1957,13.7561,657.0,24784.0,2899.6797
3956,13.7993,13.3419,2.3494,12.4679,657.0,19604.0,2899.6797
3957,12.4515,13.1286,2.9864,13.5189,660.0,21321.0,2899.6797
3958,13.9782,11.3461,3.8277,13.6351,656.0,23658.0,2899.6797
3959,13.2882,12.0063,2.9662,13.6772,660.0,19482.0,2899.6797
3960,13.6639,13.0805,2.2681,14.4565,660.0,19378.0,2899.6797
3961,14.369,13.3832,2.3567,12.3291,660.0,22906.0,2899.6797
3962,12.384,13.1337,2.7189,13.2284,661.0,23621.0,2899.6797
3963,13.1782,12.6573,2.6093,13.757,658.0,19438.0,2899.6797
3964,13.7498,11.2798,2.8193,13.1766,659.0,22544.0,2899.6797
3965,13.1568,12.7486,2.1944,14.5713,656.0,19326.0,2899.6797
3966,14.6992,13.2968,2.4185,15.5515,657.0,18970.0,2899.6797
3967,15.5451,13.3292,2.4773,12.6922,657.0,18726.0,2899.6797
3968,12.6255,12.5522,2.9666,12.9982,657.0,18970.0,2899.6797
3969,12.9833,10.9296,2.5791,14.2114,657.0,18392.0,2899.6797
3970,14.2642,13.6395,3.0963,14.9176,656.0,18958.0,2899.6797
3971,14.8889,13.171,2.9135,12.3367,657.0,18602.0,2899.6797
3972,12.3124,13.3128,2.7827,13.7469,657.0,18970.0,2899.6797
3973,13.8104,12.2906,2.6193,11.6622,656.0,19380.0,2899.6797
3974,11.6397,11.3594,2.4688,13.6938,657.0,20272.0,2899.6797
3975,13.7213,13.1568,2.898,13.5805,661.0,19594.0,2899.6797
3976,13.484,13.1043,2.4263,14.432,661.0,19926.0,2899.6797
3977,14.4896,13.2051,2.4343,13.5033,664.0,22784.0,2899.6797
3978,13.5112,12.5021,2.7345,12.2779,658.0,20170.0,2899.6797
3979,12.2044,11.389,2.7922,12.6039,661.0,24628.0,2899.6797
3980,12.6264,13.0478,2.7765,13.5887,661.0,23990.0,2899.6797
3981,14.0664,13.1528,2.8272,13.0795,657.0,20652.0,2899.6797
3982,12.7082,12.9549,2.4586,13.7699,657.0,19826.0,2899.6797
3983,13.7296,12.7184,2.7627,13.2154,659.0,23276.0,2899.6797
3984,13.1854,11.4003,3.057,12.5663,659.0,26808.0,2899.6797
3985,12.5723,13.214,4.0954,15.0061,657.0,20464.0,2899.6797
3986,15.0164,13.2906,2.4957,12.3285,660.0,25082.0,2899.6797
3987,12.3168,12.9496,2.2511,13.0657,657.0,21314.0,2899.6797
3988,13.052,12.7336,2.6676,14.8172,656.0,21172.0,2899.6797
3989,14.9407,11.6755,4.3676,12.2235,657.0,23640.0,2899.6797
3990,12.0934,12.4884,2.6566,12.9702,657.0,27548.0,2899.6797
3991,12.9599,13.0284,2.5694,13.4884,660.0,22943.0,2899.6797
3992,13.6379,12.8472,2.1566,13.5292,660.0,20404.0,2899.6797
3993,13.4774,12.5681,3.2294,12.6863,660.0,18252.0,2899.6797
3994,12.5941,10.8335,2.3067,12.6473,658.0,23130.0,2899.6797
3995,12.7401,12.8089,2.3795,12.8811,658.0,20106.0,2899.6797
3996,12.7986,12.9903,2.3595,14.336,660.0,19359.0,2899.6797
3997,14.4659,13.092,3.0139,12.3091,656.0,20100.0,2899.6797
3998,12.4017,12.3107,3.2736,14.1791,656.0,24689.0,2899.6797
3999,13.9838,11.5253,2.3832,11.4745,660.0,35236.0,2899.6797
4000,11.4643,12.8875,2.3526,13.4636,659.0,23743.0,2899.6797
4001,13.4489,13.0357,2.2539,13.3929,656.0,29466.0,2899.6797
4002,13.4475,11.7111,2.3348,12.6712,656.0,27994.0,2899.6797
4003,12.6028,12.8369,2.1981,13.269,657.0,33658.0,2899.6797
4004,13.2406,10.6803,2.5671,13.6175,656.0,17644.0,2899.6797
4005,13.7407,13.0554,2.3976,13.5068,656.0,18008.0,2899.6797
4006,13.6272,13.0821,2.2858,12.3322,659.0,22996.0,2899.6797
4007,12.2098,13.2723,2.6744,13.6193,662.0,22398.0,2899.6797
4008,13.5723,11.421,2.7608,14.763,663.0,25806.0,2899.6797
4009,14.7836,12.4587,3.087,15.0131,662.0,38654.0,2899.6797
4010,14.997,13.4886,2.9415,12.311,660.0,25840.0,2899.6797
4011,12.3355,13.5353,2.8382,13.1594,660.0,21084.0,2899.6797
4012,13.1846,13.3472,2.5515,13.2339,663.0,28533.0,2899.6797
4013,13.2368,12.9239,2.9981,13.9505,658.0,26274.0,2899.6797
4014,13.8904,11.94,2.9471,13.8754,656.0,18426.0,2899.6797
4015,13.8599,12.1145,2.685,16.1541,657.0,20578.0,2899.6797
4016,16.2475,14.2985,2.8213,13.7576,656.0,17710.0,2899.6797
4017,13.7063,13.1888,2.7262,14.0868,658.0,19338.0,2899.6797
4018,14.1142,14.3709,2.655,12.4405,657.0,17568.0,2899.6797
4019,12.5925,13.4563,3.3651,13.962,656.0,18104.0,2899.6797
4020,13.7307,10.8219,2.7422,12.3083,656.0,21993.0,2899.6797
4021,12.3181,13.3345,2.7194,15.5496,656.0,18030.0,2899.6797
4022,15.563,13.4747,2.2805,13.4689,658.0,24018.0,2899.6797
4023,13.4803,13.2573,2.4151,13.7183,660.0,18248.0,2899.6797
4024,13.7991,13.3735,2.7906,12.87,662.0,19671.0,2899.6797
4025,12.8279,12.0567,3.2719,14.214,662.0,23678.0,2899.6797
4026,14.1961,12.319,2.7081,12.9625,660.0,20872.0,2899.6797
4027,12.9029,13.4377,2.7234,14.2238,663.0,22336.0,2899.6797
4028,14.2741,13.478,2.462,13.1548,659.0,24794.0,2899.6797
4029,13.2089,12.9799,2.2983,12.5713,656.0,20870.0,2899.6797
4030,12.5329,13.1878,2.9351,13.7173,659.0,21041.0,2899.6797
4031,13.7053,10.8088,2.4628,13.5445,657.0,22030.0,2899.6797
4032,13.6901,12.0775,2.3102,12.2346,656.0,19574.0,2899.6797
4033,12.0448,13.2512,2.328,13.9343,656.0,19756.0,2899.6797
4034,14.0293,12.9772,2.4457,13.0034,657.0,23172.0,2899.6797
4035,12.8673,13.1123,2.8652,13.891,659.0,23619.0,2899.6797
4036,13.9654,10.8132,2.3207,12.6236,656.0,20388.0,2899.6797
4037,12.7306,11.8582,2.1399,13.7852,657.0,20854.0,2899.6797
4038,13.666,12.9836,2.3499,12.0716,656.0,19326.0,2899.6797
4039,12.1279,12.9022,2.3646,13.1796,660.0,19454.0,2899.6797
4040,13.1815,11.979,1.9621,14.1192,661.0,17870.0,2899.6797
4041,14.0483,10.8375,2.5027,11.9679,662.0,19354.0,2899.6797
4042,11.9643,13.0759,2.2633,13.8158,658.0,18014.0,2899.6797
4043,13.8477,12.8371,2.2546,12.1504,658.0,19328.0,2899.6797
4044,12.146,13.1778,2.7422,14.0635,658.0,19328.0,2899.6797
4045,14.0347,11.0331,2.4134,13.3228,657.0,18366.0,2899.6797
4046,13.4058,12.5528,2.3093,13.7975,656.0,19598.0,2899.6797
4047,13.8593,13.1107,2.3081,13.0736,659.0,20636.0,2899.6797
4048,13.0475,12.8053,2.3686,11.977,657.0,18532.0,2899.6797
4049,12.2916,12.9004,2.8187,14.3619,656.0,20068.0,2899.6797
4050,14.0188,10.8272,2.4333,13.2917,660.0,24034.0,2899.6797
4051,13.291,13.4149,2.5524,14.267,658.0,23488.0,2899.6797
4052,14.2051,13.4466,2.4388,13.5549,658.0,22328.0,2899.6797
4053,13.6795,13.3687,2.7415,13.4146,658.0,22074.0,2899.6797
4054,13.3032,13.2596,2.5556,13.1162,656.0,21054.0,2899.6797
4055,13.295,11.3717,2.7587,13.9652,660.0,19408.0,2899.6797
4056,13.7817,12.3444,2.6627,12.454,663.0,22912.0,2899.6797
4057,12.503,12.997,2.3179,13.3452,664.0,27756.0,2899.6797
4058,13.2827,13.1199,2.2324,12.9363,660.0,21280.0,2899.6797
4059,13.3194,13.1416,2.6937,13.3999,661.0,24870.0,2899.6797
4060,12.9939,10.7886,2.1362,14.1607,659.0,19628.0,2899.6797
4061,14.3684,12.3842,2.4704,12.3705,656.0,21600.0,2899.6797
4062,12.1959,13.0013,2.4146,13.4595,656.0,23962.0,2899.6797
4063,13.4951,12.8976,2.5138,14.9816,658.0,27226.0,2899.6797
4064,15.0278,12.6071,2.7625,11.8375,657.0,22523.0,2899.6797
4065,11.8584,11.0768,3.5077,13.7942,657.0,20412.0,2899.6797
4066,13.7837,12.3641,2.9463,13.3769,657.0,21081.0,2899.6797
4067,13.2961,13.9925,2.3809,13.7241,656.0,21069.0,2899.6797
4068,13.8341,12.7857,2.6077,11.5372,658.0,21213.0,2899.6797
4069,11.4972,13.1562,2.6953,14.8029,656.0,17950.0,2899.6797
4070,14.789,10.7387,3.0363,12.1494,656.0,21232.0,2899.6797
4071,12.1879,12.4562,2.5285,14.451,661.0,27897.0,2899.6797
4072,14.4144,13.1469,2.3044,13.0208,665.0,30464.0,2899.6797
4073,13.0041,13.1752,2.4079,13.3658,663.0,24335.0,2899.6797
4074,13.4516,13.121,2.716,13.3509,659.0,28892.0,2899.6797
4075,13.2671,11.2709,2.5947,14.8126,658.0,28460.0,2899.6797
4076,14.8546,11.8169,2.803,11.5468,659.0,33354.0,2899.6797
4077,11.5321,13.1625,2.3405,13.3181,657.0,17622.0,2899.6797
4078,13.2738,12.8137,2.3481,12.8343,658.0,21840.0,2899.6797
4079,12.8929,13.0609,2.8222,14.3048,656.0,20624.0,2899.6797
4080,14.2885,10.8524,2.655,11.5307,657.0,22382.0,2899.6797
4081,11.5715,12.9724,2.6374,15.1368,659.0,24014.0,2899.6797
4082,15.0456,13.2751,2.2197,12.5946,659.0,38758.0,2899.6797
4083,12.6574,13.4161,2.6655,13.1393,656.0,25814.0,2899.6797
4084,13.1412,12.0286,3.183,16.0645,657.0,21118.0,2899.6797
4085,16.2529,12.3407,3.9501,12.761,660.0,28423.0,2899.6797
4086,12.6505,12.9855,3.0769,14.8623,659.0,26334.0,2899.6797
4087,14.7821,13.8207,2.5485,12.7066,661.0,18490.0,2899.6797
4088,12.7259,13.1543,2.4462,13.3803,660.0,20570.0,2899.6797
4089,13.4086,13.2525,2.7418,12.3423,663.0,19462.0,2899.6797
4090,12.2812,11.2778,2.9258,13.6345,660.0,17628.0,2899.6797
4091,13.5948,11.7627,3.0357,14.0899,658.0,17510.0,2899.6797
4092,14.1713,13.5396,2.396,16.0905,658.0,18560.0,2899.6797
4093,16.1698,12.9279,3.0879,18.8695,656.0,22395.0,2899.6797
4094,19.0743,13.5084,5.2019,17.6289,656.0,18848.0,2899.6797
4095,17.4886,13.3996,4.9252,15.5767,658.0,22344.0,2899.6797
4096,15.5488,13.3996,4.1031,12.879,657.0,18304.0,2899.6797
4097,12.7024,13.3739,3.236,10.673,660.0,24823.0,2899.6797
4098,10.6934,13.2449,2.5556,13.5149,656.0,18470.0,2899.6797
4099,13.581,11.2228,2.7537,12.9212,658.0,23229.0,2899.6797
4100,12.9181,12.3109,2.5195,13.7052,658.0,21033.0,2899.6797
4101,13.7466,13.0737,2.4749,13.201,656.0,25594.0,2899.6797
4102,13.1737,13.271,2.7518,16.2055,659.0,21150.0,2899.6797
4103,16.2336,12.9048,3.4321,15.087,662.0,19345.0,2899.6797
4104,15.2201,12.2632,3.386,11.2887,661.0,22130.0,2899.6797
4105,11.057,13.9214,2.7589,13.9508,661.0,19814.0,2899.6797
4106,13.9955,12.9741,2.485,13.6607,659.0,19818.0,2899.6797
4107,13.637,13.0372,2.5329,13.7346,658.0,23320.0,2899.6797
4108,13.7498,13.1384,2.6926,12.2158,660.0,24929.0,2899.6797
4109,12.2986,12.4559,3.2583,13.3258,658.0,18566.0,2899.6797
4110,13.2993,11.3328,2.7926,14.5576,656.0,21210.0,2899.6797
4111,14.4907,13.4381,3.0375,12.9052,659.0,19730.0,2899.6797
4112,12.9118,12.967,2.541,13.7869,657.0,18358.0,2899.6797
4113,13.7622,13.0979,2.4769,13.4878,657.0,17866.0,2899.6797
4114,13.4901,12.6777,2.8153,13.169,657.0,19706.0,2899.6797
4115,13.253,10.8973,2.9337,11.7215,656.0,18380.0,2899.6797
4116,12.0185,13.0686,3.487,15.8082,656.0,19694.0,2899.6797
4117,15.4247,13.4953,2.7631,13.0155,657.0,18734.0,2899.6797
4118,13.203,12.6159,2.6645,11.175,656.0,18222.0,2899.6797
4119,11.1819,14.1732,3.2627,16.4801,661.0,20304.0,2899.6797
4120,16.4364,11.6023,3.081,12.557,660.0,20212.0,2899.6797
4121,12.4049,11.9852,2.5892,13.6916,660.0,18016.0,2899.6797
4122,13.6806,13.3089,2.4432,13.9084,659.0,21746.0,2899.6797
4123,14.0881,13.2362,2.5052,13.5267,664.0,26946.0,2899.6797
