capture_frame,FrameTime,GPUTime,GameThreadTime,RenderThreadTime,RHI/DrawCalls,RHI/PrimitivesDrawn,GPUMem/LocalUsedMB
120,8.5209,7.4149,1.8202,8.4613,446.0,27913.0,2395.0625
121,8.5101,8.369,1.6888,8.9223,445.0,27901.0,2395.0625
122,8.8506,7.2973,1.7791,7.3914,728.0,61255.0,2395.0625
123,7.4157,8.1573,1.8463,8.5274,455.0,28169.0,2395.0625
124,8.4769,7.4114,1.7095,7.7189,454.0,27965.0,2395.0625
125,7.7599,8.0069,1.4511,9.4283,453.0,29809.0,2395.0625
126,9.3739,7.7337,1.5128,8.0044,728.0,63297.0,2395.0625
127,8.1448,9.055,1.5917,9.0159,451.0,37203.0,2395.0625
128,8.919,7.2055,1.7118,7.7178,450.0,30639.0,2395.0625
129,7.7293,8.5369,1.8695,9.0316,447.0,41569.0,2395.0625
130,9.0225,7.0579,1.8856,9.4446,727.0,64449.0,2395.0625
131,9.5845,8.2069,2.079,7.9017,450.0,39839.0,2395.0625
132,7.7819,7.557,2.2631,9.0649,445.0,37513.0,2395.0625
133,9.0877,8.4267,2.2666,8.034,446.0,38791.0,2395.0625
134,8.0778,7.2875,2.1193,8.062,727.0,61237.0,2395.0625
135,8.0011,8.1795,1.9763,7.5136,447.0,28275.0,2395.0625
136,7.5541,7.0463,1.9522,8.7508,449.0,28141.0,2395.0625
137,8.7506,8.502,1.9971,8.6913,449.0,32295.0,2395.0625
138,8.6498,7.1392,2.6699,8.3326,449.0,36245.0,2395.0625
139,8.4434,8.4248,2.3008,8.6339,733.0,62139.0,2395.0625
140,8.6274,7.3741,2.0624,7.9153,451.0,45705.0,2395.0625
141,7.818,8.9131,1.9807,8.6955,450.0,28285.0,2395.0625
142,8.7083,7.0956,2.1797,8.3781,452.0,28675.0,2395.0625
143,8.3432,8.5578,2.1709,8.4241,730.0,61173.0,2395.0625
144,8.5059,7.2087,2.0733,8.75,453.0,26967.0,2395.0625
145,8.7943,8.5968,2.1307,8.5247,447.0,26437.0,2395.0625
146,8.4225,7.3526,2.2461,8.5303,447.0,27349.0,2395.0625
147,8.5378,8.5768,2.1552,8.2183,732.0,61303.0,2395.0625
148,8.2998,7.1567,2.3569,7.8082,448.0,53889.0,2395.0625
149,7.6753,8.4143,1.985,9.1617,457.0,33586.0,2395.0625
150,9.2204,7.0361,2.0521,9.7728,451.0,31212.0,2395.0625
151,9.7355,9.7291,2.1021,7.2821,728.0,61503.0,2395.0625
152,7.305,7.402,2.3595,8.2748,449.0,29325.0,2395.0625
153,8.2208,9.1263,1.7825,8.5893,449.0,26413.0,2395.0625
154,8.6213,7.0313,1.8782,8.0397,450.0,26185.0,2395.0625
155,8.0774,8.5283,1.9618,9.0845,452.0,27701.0,2395.0625
156,9.0344,7.1854,1.7793,8.0864,735.0,61295.0,2395.0625
157,8.0962,8.7339,1.9439,8.8111,453.0,29781.0,2395.0625
158,8.7807,7.5021,1.7344,9.564,450.0,27855.0,2395.0625
159,9.7847,8.2464,2.3202,7.4643,450.0,81407.0,2395.0625
160,7.2453,7.2626,2.2657,8.6458,729.0,58701.0,2395.0625
161,8.736,8.2774,3.3357,8.0259,448.0,27313.0,2395.0625
162,8.0303,7.1622,2.5945,9.4281,448.0,26209.0,2395.0625
163,9.3964,8.6078,2.3447,7.4455,449.0,27613.0,2395.0625
164,7.4274,7.8346,2.0717,9.5242,785.0,94747.0,2395.0625
165,9.6259,7.6538,2.1176,7.0981,458.0,73361.0,2395.0625
166,6.9943,8.2356,1.9789,9.555,444.0,66881.0,2395.0625
167,9.5941,7.4807,2.2167,6.9845,435.0,29075.0,2395.0625
168,6.9461,7.0911,1.7783,9.6803,703.0,60701.0,2395.0625
169,9.7344,8.6106,1.7405,7.5724,447.0,30503.0,2395.0625
170,7.5248,7.4178,1.8116,9.5322,448.0,29527.0,2395.0625
171,9.5392,7.9633,2.1276,7.2593,452.0,28939.0,2395.0625
172,7.2701,7.4666,2.1938,8.9547,451.0,28239.0,2395.0625
173,8.9349,7.4892,2.0992,7.6409,735.0,62958.0,2395.0625
174,7.6344,8.7645,1.6951,9.0656,449.0,32400.0,2395.0625
175,9.0873,7.2271,2.0446,7.3774,450.0,29785.0,2395.0625
176,7.3479,8.616,1.5466,9.0309,450.0,27939.0,2395.0625
177,9.0193,7.034,1.9009,7.1916,729.0,64035.0,2395.0625
178,7.3109,8.0356,1.4953,8.838,450.0,28153.0,2395.0625
179,8.7611,7.0791,1.6465,7.4283,446.0,29769.0,2395.0625
180,7.4338,7.4897,1.629,9.7493,447.0,29781.0,2395.0625
181,9.7405,8.4674,1.8364,7.4473,728.0,66043.0,2395.0625
182,7.4634,8.4732,1.6794,8.7041,446.0,52913.0,2395.0625
183,8.6705,7.0287,1.7027,7.4923,448.0,40817.0,2395.0625
184,7.5209,8.102,1.4666,9.3705,446.0,36481.0,2395.0625
185,9.3378,7.0894,1.6801,6.9467,726.0,62295.0,2395.0625
186,7.0828,7.1356,1.9778,9.584,468.0,32899.0,2395.0625
187,9.4563,8.6262,1.8939,7.124,425.0,26609.0,2395.0625
188,7.1261,8.2845,1.6525,9.3287,416.0,25781.0,2395.0625
189,9.4379,7.0698,1.7683,7.8202,416.0,25781.0,2395.0625
190,7.7086,7.2924,1.671,9.3474,730.0,65673.0,2395.0625
191,9.3843,8.3018,1.9894,7.207,451.0,28143.0,2395.0625
192,7.204,7.1868,1.8366,8.9006,448.0,27639.0,2395.0625
193,8.8907,8.3529,1.7488,7.4935,409.0,25657.0,2395.0625
194,7.5106,7.3922,1.5976,9.4705,689.0,58591.0,2395.0625
195,9.478,7.9504,1.7526,6.5381,449.0,28141.0,2395.0625
196,6.5167,7.2447,1.6647,9.3086,450.0,31209.0,2395.0625
197,9.4168,8.2802,1.9284,7.6044,447.0,32481.0,2395.0625
198,7.5357,7.133,1.7212,9.5946,695.0,57611.0,2395.0625
199,9.6481,8.7662,1.7352,7.2233,412.0,25969.0,2395.0625
200,7.1505,7.2036,1.7894,9.4188,412.0,25777.0,2395.0625
201,9.4886,8.412,1.9812,7.9102,441.0,28029.0,2395.0625
202,7.8548,7.3421,2.4543,8.174,697.0,59155.0,2395.0625
203,8.1859,7.9754,2.2052,9.2243,416.0,25973.0,2395.0625
204,9.1992,7.1448,1.9993,8.1182,451.0,29977.0,2395.0625
205,8.107,8.5538,2.1318,7.7115,439.0,29017.0,2395.0625
206,7.7175,7.3311,1.6608,8.0126,412.0,25755.0,2395.0625
207,8.0298,8.2395,1.9192,8.8549,694.0,59097.0,2395.0625
208,8.8558,7.2935,1.8068,7.6062,496.0,79209.0,2395.0625
209,7.6229,7.9632,2.0706,8.1825,426.0,33261.0,2395.0625
210,8.1975,6.9986,1.7884,8.0944,410.0,25753.0,2395.0625
211,7.9997,8.6949,1.6026,8.3813,690.0,59071.0,2395.0625
212,8.4051,7.324,1.6181,8.1451,412.0,25969.0,2395.0625
213,8.1877,7.9727,1.699,8.6571,413.0,25789.0,2395.0625
214,8.585,7.2524,1.4167,7.9451,409.0,25741.0,2395.0625
215,8.0508,8.0977,1.8782,8.2204,695.0,59131.0,2395.0625
216,8.1644,7.1515,1.6259,8.3557,412.0,25969.0,2395.0625
217,8.3714,8.7903,1.8605,9.2803,415.0,25813.0,2395.0625
218,9.2551,7.1816,1.6578,7.4585,441.0,35993.0,2395.1875
219,7.492,8.4113,2.0737,8.4274,783.0,94735.0,2395.1875
220,8.4193,7.3397,1.9178,8.4363,424.0,27237.0,2395.1875
221,8.4738,8.4133,2.0836,8.6649,453.0,30001.0,2395.1875
222,8.7177,7.0872,1.9682,8.2326,449.0,26843.0,2395.1875
223,8.1964,8.6879,2.0657,8.3221,450.0,26855.0,2395.1875
224,8.2118,7.2139,1.7335,8.8228,757.0,65185.0,2395.1875
225,8.9581,8.2936,1.9952,7.3806,449.0,33373.0,2395.1875
226,7.3539,7.2707,1.8085,8.6,451.0,30029.0,2395.1875
227,8.5629,8.3743,1.9037,7.9263,448.0,29657.0,2395.1875
228,7.9205,7.0505,1.7927,8.7117,726.0,63331.0,2395.1875
229,8.71,8.7146,1.9017,8.3258,450.0,28153.0,2395.1875
230,8.3068,7.2554,1.643,8.3549,447.0,27925.0,2395.1875
231,8.4766,8.4651,1.7261,9.2088,449.0,27949.0,2395.1875
232,9.0721,7.2136,1.915,9.5769,728.0,63199.0,2395.1875
233,9.96,8.8954,2.8856,8.9101,449.0,29997.0,2395.1875
234,8.5571,7.3187,2.7154,8.1379,447.0,27925.0,2395.1875
235,8.2332,7.9031,2.6102,10.8995,450.0,36977.0,2395.1875
236,11.0411,7.7336,2.8697,7.8672,731.0,66095.0,2395.1875
237,7.6296,7.8389,2.3201,6.972,449.0,41825.0,2395.1875
238,7.1141,8.589,2.3207,9.8937,448.0,33857.0,2395.1875
239,9.8522,7.2494,2.6509,8.0676,454.0,39673.0,2395.1875
240,8.0044,8.5218,2.1909,8.5182,451.0,36647.0,2395.1875
241,8.4885,7.3398,2.1226,7.6732,747.0,75589.0,2395.1875
242,7.8707,8.1572,2.3116,9.182,445.0,28567.0,2395.1875
243,9.0455,7.0294,1.9752,7.1515,449.0,28107.0,2395.1875
244,7.1847,8.612,2.9449,9.6633,447.0,27925.0,2395.1875
245,9.5842,7.1366,2.1097,7.6873,729.0,65613.0,2395.1875
246,7.7666,8.7172,1.8798,9.4109,448.0,36509.0,2395.1875
247,9.327,7.3184,1.7271,7.5767,450.0,29789.0,2395.1875
248,7.5744,8.7478,1.5665,9.5849,444.0,44473.0,2395.1875
249,9.637,7.1261,2.1575,7.7855,744.0,62895.0,2395.1875
250,7.8217,8.6356,2.1349,8.3762,448.0,28841.0,2395.1875
251,8.3782,7.0745,1.974,8.4205,451.0,28169.0,2395.1875
252,8.3371,8.5736,1.8756,9.0652,453.0,26753.0,2395.1875
253,9.0283,7.3589,2.8012,8.0931,734.0,61859.0,2395.1875
254,8.2591,8.7352,3.1942,8.6197,451.0,27567.0,2395.1875
255,8.4702,7.1357,1.9241,8.684,453.0,28167.0,2395.1875
256,8.8524,8.4252,2.5816,8.3719,447.0,52663.0,2395.1875
257,8.2398,7.1536,2.1261,9.0112,451.0,32514.0,2395.1875
258,9.0414,8.6628,3.3387,7.9103,749.0,65826.0,2395.1875
259,7.8282,7.5084,1.9383,8.434,449.0,28389.0,2395.1875
260,8.5525,8.7177,2.0001,8.2746,451.0,29157.0,2395.1875
261,8.3012,7.0977,1.7257,9.3637,447.0,26197.0,2395.1875
262,9.3178,8.6069,2.0367,8.0345,728.0,61543.0,2395.1875
263,7.9725,7.2326,1.998,8.6573,451.0,27925.0,2395.1875
264,8.7004,8.887,2.1125,7.8265,448.0,27937.0,2395.1875
265,7.862,7.2783,1.9303,9.0134,450.0,29597.0,2395.1875
266,8.9721,8.9127,2.2166,9.3987,731.0,61291.0,2395.1875
267,9.3544,7.2663,1.9654,7.4794,451.0,81673.0,2395.1875
268,7.5079,8.4501,1.959,9.0007,452.0,27941.0,2395.1875
269,9.0081,7.1484,2.33,7.9523,454.0,27149.0,2395.1875
270,7.9832,8.9616,2.1522,8.7023,733.0,59565.0,2395.1875
271,8.6909,7.3658,1.8519,8.086,450.0,27795.0,2395.1875
272,8.0391,8.4567,1.7818,8.4197,457.0,28587.0,2395.1875
273,8.5005,7.0923,1.9067,8.1429,462.0,73217.0,2395.1875
274,8.1543,8.2813,1.9696,8.376,447.0,66833.0,2395.1875
275,8.2872,7.1683,1.982,8.4357,768.0,92985.0,2395.1875
276,8.5079,8.922,2.1092,8.3882,420.0,27743.0,2395.1875
277,8.2889,7.2258,1.6304,9.2544,449.0,30179.0,2395.1875
278,9.4401,8.8911,1.9135,7.4411,448.0,29335.0,2395.1875
279,7.2592,7.1029,1.7048,8.6054,730.0,64341.0,2395.1875
280,8.6901,8.4358,1.8594,7.8085,449.0,28607.0,2395.1875
281,7.8099,7.0736,1.6006,9.7978,446.0,30617.0,2395.1875
282,9.797,8.7214,1.8022,7.8381,445.0,30985.0,2395.1875
283,7.8198,7.3081,2.0398,8.6889,732.0,65169.0,2395.1875
284,8.7045,8.3735,2.0668,7.6724,455.0,28169.0,2395.1875
285,7.6335,7.1692,1.7701,10.3321,451.0,28633.0,2395.1875
286,10.3754,7.5119,2.0518,6.7721,450.0,27939.0,2395.1875
287,6.7223,7.0827,1.9812,9.4888,731.0,65957.0,2395.1875
288,9.5651,8.8647,1.9498,7.3694,449.0,30439.0,2395.1875
289,7.2703,7.4888,1.6909,9.5744,449.0,32589.0,2395.1875
290,9.6392,8.1272,2.0887,6.9114,448.0,52621.0,2395.1875
291,6.9126,7.3499,2.0095,9.5768,448.0,41185.0,2395.1875
292,9.5812,8.354,2.1927,7.7758,777.0,103479.0,2395.1875
293,7.7396,7.75,2.0289,9.3683,448.0,32545.0,2395.1875
294,9.3747,7.2961,2.1836,6.9983,451.0,28507.0,2395.1875
295,7.0593,7.2521,1.6837,9.2224,420.0,26353.0,2395.1875
296,9.1387,8.1249,1.9413,7.4997,691.0,61015.0,2395.1875
297,7.4869,7.3771,1.6546,8.9449,411.0,25957.0,2395.1875
298,8.9871,8.0896,2.0676,8.4643,446.0,30265.0,2395.1875
299,8.5423,7.6658,2.2797,9.4114,452.0,27941.0,2395.1875
300,9.3515,8.5817,2.3463,6.4854,727.0,60683.0,2395.1875
301,6.4262,7.3936,1.8574,8.8944,416.0,25973.0,2395.1875
302,8.9569,7.0826,1.7053,7.9957,414.0,25779.0,2395.1875
303,7.933,7.1107,1.7555,9.2226,448.0,27915.0,2395.1875
304,9.3068,8.0998,2.4302,6.963,731.0,66581.0,2395.1875
305,6.8668,7.5294,2.0485,9.8933,448.0,32769.0,2395.1875
306,9.9547,8.6357,1.8317,7.0736,413.0,27005.0,2395.1875
307,7.0968,8.152,1.6482,8.9101,413.0,25789.0,2395.1875
308,8.9227,6.9675,1.8617,8.0501,414.0,25801.0,2395.1875
309,8.0031,7.3952,1.7688,8.9016,721.0,61347.0,2395.1875
310,8.9417,8.3496,2.165,7.3946,412.0,25969.0,2395.1875
311,7.3312,7.2776,1.7321,9.9428,412.0,25777.0,2395.1875
312,9.9664,7.8131,1.9199,8.2122,450.0,29817.0,2395.1875
313,8.2394,7.3045,2.1714,7.9933,715.0,64395.0,2395.1875
314,8.0912,8.3598,2.6137,7.6406,416.0,26017.0,2395.1875
315,7.6035,8.2926,1.8017,9.5245,414.0,25673.0,2395.1875
316,9.5273,7.476,2.1726,8.123,499.0,78947.0,2395.1875
317,8.0993,8.3462,2.1468,8.5644,707.0,64003.0,2395.1875
318,8.5094,7.3904,2.3805,8.0411,418.0,26019.0,2395.1875
319,8.0535,7.9625,2.1142,8.5346,413.0,24767.0,2395.1875
320,8.5524,7.4204,2.1206,7.9499,412.0,24755.0,2395.1875
321,7.9043,7.3057,2.0225,9.3424,690.0,55719.0,2395.1875
322,9.3789,8.2568,3.7186,7.4222,430.0,30181.0,2395.1875
323,7.4247,8.1949,2.0008,8.8489,411.0,25957.0,2395.1875
324,8.8878,7.6237,1.9431,7.9623,411.0,25765.0,2395.1875
325,7.9284,7.8873,2.1106,10.6103,413.0,25789.0,2395.1875
326,10.6977,7.9551,3.1742,11.1118,719.0,73931.0,2395.1875
327,11.082,8.7372,2.8248,7.5893,445.0,28829.0,2395.1875
328,7.562,7.3389,2.2365,6.8842,421.0,27053.0,2395.1875
329,6.8697,8.6088,2.0142,9.074,449.0,29805.0,2395.1875
330,9.1018,7.305,1.8125,8.3304,773.0,94543.0,2395.1875
331,8.3236,8.5805,1.8496,8.5671,454.0,28157.0,2395.1875
332,8.5254,7.0762,1.9618,7.6991,452.0,27941.0,2395.1875
333,7.7205,8.5987,2.2194,9.7447,455.0,33209.0,2397.5625
334,9.7308,7.129,2.3956,8.0213,527.0,54059.0,2397.5625
335,8.0216,9.822,2.0046,9.4748,322.0,24087.0,2397.5625
336,9.549,7.8889,1.7838,9.4617,388.0,27255.0,2397.5625
337,9.393,9.0142,1.8502,7.7714,326.0,23593.0,2397.5625
338,7.7491,7.5429,1.7832,9.5561,346.0,26945.0,2397.5625
339,9.5669,8.758,1.8949,7.9397,352.0,26137.0,2395.1875
340,7.9565,7.4416,1.6942,9.8523,352.0,25153.0,2395.1875
341,9.851,8.7829,1.8523,7.8389,355.0,25189.0,2395.1875
342,7.8636,8.4753,1.9899,10.0612,352.0,25153.0,2395.1875
343,10.0517,8.0894,2.2392,9.0656,355.0,25189.0,2395.1875
344,9.1483,8.4969,2.2217,8.8503,351.0,25141.0,2395.1875
345,8.7361,7.3739,1.8716,8.7766,353.0,25165.0,2395.1875
346,8.832,8.975,2.4006,7.9298,353.0,31529.0,2395.1875
347,7.8722,7.6096,2.0475,9.0128,355.0,33865.0,2395.1875
348,9.0483,9.1166,2.3225,8.3788,354.0,31461.0,2395.1875
349,8.3926,7.6353,1.94,8.0454,352.0,35035.0,2395.1875
350,8.0305,8.2989,1.7235,8.5136,351.0,33043.0,2395.1875
351,8.4729,7.3215,1.6059,9.8473,358.0,29841.0,2395.1875
352,9.9108,8.8854,2.0592,8.2608,355.0,25483.0,2395.1875
353,8.2428,7.6507,2.1789,8.4395,351.0,25141.0,2395.1875
354,8.4348,8.7931,1.9892,8.4597,352.0,25709.0,2395.1875
355,8.4363,7.5397,1.8847,8.6117,352.0,33539.0,2395.1875
356,8.629,8.3423,2.0346,8.8396,352.0,29927.0,2395.1875
357,8.9433,7.4116,1.977,8.4064,353.0,35547.0,2395.1875
358,8.2994,9.14,1.8843,9.4869,348.0,27897.0,2395.1875
359,9.4316,7.5857,1.6911,7.4408,350.0,25841.0,2395.1875
360,7.5065,8.4895,1.9201,8.6131,352.0,25105.0,2395.1875
361,8.5543,7.5691,1.6962,8.6894,353.0,23917.0,2395.1875
362,8.737,8.2521,1.8675,8.2928,355.0,24325.0,2395.1875
363,8.2602,7.407,1.6764,9.0758,357.0,25121.0,2395.1875
364,9.158,9.1065,1.7461,8.8036,355.0,45753.0,2395.1875
365,8.7481,8.4401,2.0063,9.5585,361.0,35910.0,2395.1875
366,9.6128,7.7501,2.1666,8.0587,357.0,28430.0,2395.1875
367,8.0627,8.0592,2.4216,9.4181,356.0,25891.0,2395.1875
368,9.4103,7.3538,2.298,8.3346,352.0,25755.0,2395.1875
369,8.3642,8.8242,2.1137,8.9175,352.0,24817.0,2395.1875
370,8.8537,7.6823,2.0456,9.0376,354.0,25177.0,2395.1875
371,9.0542,8.8394,2.1129,7.8727,354.0,26813.0,2395.1875
372,7.8971,7.3938,2.0525,7.0607,353.0,25165.0,2395.1875
373,7.0442,8.4477,1.9141,9.2898,351.0,78385.0,2395.1875
374,9.2353,7.4619,1.9993,8.531,354.0,25485.0,2395.1875
375,8.6996,8.9983,2.0765,9.2255,354.0,24409.0,2395.1875
376,9.0632,7.5701,1.9216,9.384,350.0,23381.0,2395.1875
377,9.4146,8.9023,1.8164,7.6441,355.0,24785.0,2395.1875
378,7.6027,7.2995,1.6703,8.5674,356.0,25553.0,2395.1875
379,8.612,8.2694,1.8517,8.3089,366.0,70369.0,2395.1875
380,8.2835,7.4204,1.6784,9.0594,355.0,64069.0,2395.1875
381,9.0453,9.0799,1.8654,8.5311,339.0,24633.0,2395.1875
382,8.6111,7.5925,1.8031,8.757,323.0,24053.0,2395.1875
383,8.8097,8.7396,1.8672,8.2836,352.0,27339.0,2395.1875
384,8.1495,7.3279,1.5963,8.8601,349.0,26317.0,2395.1875
385,9.0142,8.7325,2.3165,8.8125,352.0,26287.0,2395.1875
386,8.8046,7.4356,2.1094,9.219,351.0,27825.0,2395.1875
387,9.1877,9.1958,2.0931,8.694,350.0,26616.0,2395.1875
388,8.6337,7.5559,1.93,7.6211,351.0,27542.0,2395.1875
389,7.6719,7.6439,2.2052,8.6242,328.0,24895.0,2395.1875
390,8.5275,7.3922,1.8825,9.9377,352.0,25133.0,2395.1875
391,9.9913,8.6517,1.9703,7.1011,350.0,25109.0,2395.1875
392,7.084,7.7038,2.2743,10.3629,351.0,26513.0,2395.1875
393,10.3791,7.7289,2.2738,7.7698,352.0,26525.0,2395.1875
394,7.7385,8.5711,1.9827,9.2418,350.0,30949.0,2395.1875
395,9.3519,7.6023,2.4272,7.6661,353.0,46361.0,2395.1875
396,7.6067,8.9319,2.1764,10.0228,354.0,39209.0,2395.1875
397,9.9696,7.3876,1.9572,7.6471,354.0,35049.0,2395.1875
398,7.7383,8.9992,2.169,9.8806,352.0,30631.0,2395.1875
399,9.9039,7.6033,1.8914,6.9366,351.0,25633.0,2395.1875
400,6.898,8.2922,1.8469,9.3876,322.0,23263.0,2395.1875
401,9.4253,7.5192,1.8942,6.9193,314.0,22949.0,2395.1875
402,6.8806,8.7596,2.0253,10.7234,314.0,22949.0,2395.1875
403,10.7345,7.3635,2.3328,8.3649,353.0,27347.0,2395.1875
404,8.351,8.9766,2.2467,9.0209,352.0,25133.0,2395.1875
405,8.9929,7.6056,2.1536,8.0071,333.0,24185.0,2395.1875
406,7.9904,8.6062,2.2209,8.5027,316.0,22973.0,2395.1875
407,8.7053,7.5208,2.4211,10.2395,317.0,22985.0,2395.1875
408,10.1806,9.0389,3.1355,7.0702,349.0,25097.0,2395.1875
409,6.9908,7.461,2.2566,9.2889,354.0,29333.0,2395.1875
410,9.2882,9.0904,2.1524,8.0302,350.0,29701.0,2395.1875
411,7.9363,7.5357,1.8076,8.7691,317.0,22941.0,2395.1875
412,8.7932,8.4866,1.7394,8.3119,323.0,23013.0,2395.1875
413,8.2985,7.5339,1.6108,9.1549,345.0,24989.0,2395.1875
414,9.1918,8.5573,1.9817,7.3303,316.0,22951.0,2395.1875
415,7.2768,7.322,1.8074,8.9103,314.0,22927.0,2395.1875
416,9.0053,8.9107,1.8006,8.9335,352.0,25111.0,2395.1875
417,8.8706,7.5667,1.8563,8.9927,331.0,25777.0,2395.1875
418,9.0172,7.5723,1.8065,7.727,313.0,22937.0,2395.1875
419,7.6723,7.5206,1.6646,9.5647,311.0,22913.0,2395.1875
420,9.63,8.3683,1.8136,7.8734,399.0,76067.0,2395.1875
421,7.8587,7.4083,1.9762,9.3381,321.0,27193.0,2395.1875
422,9.3423,8.9408,2.9535,7.6453,317.0,22985.0,2395.1875
423,7.607,8.8114,1.804,9.4209,314.0,22949.0,2395.1875
424,9.4961,7.4811,2.0863,7.9387,319.0,23009.0,2395.1875
425,7.8591,8.7999,1.7097,9.6695,314.0,22949.0,2395.1875
426,9.7091,7.3229,1.8907,7.6462,314.0,22949.0,2395.1875
427,7.7916,8.7336,2.0884,9.4946,319.0,22965.0,2395.1875
428,9.3785,7.5889,1.8945,7.6398,320.0,22977.0,2395.1875
429,7.702,8.4561,2.4968,9.7008,318.0,22953.0,2395.1875
430,9.6779,7.5161,2.1374,8.9778,347.0,32763.0,2395.1875
431,8.9763,8.8742,2.156,10.1348,341.0,24771.0,2395.1875
432,10.1381,7.4134,2.4668,9.7041,323.0,23643.0,2395.1875
433,9.7896,8.8152,2.932,8.6343,352.0,26989.0,2395.1875
434,8.6022,7.7008,2.3952,7.8846,352.0,25133.0,2395.1875
435,7.7822,8.5107,2.3659,8.1186,351.0,27737.0,2395.1875
436,8.1014,7.5655,1.9048,8.7115,350.0,30439.0,2395.1875
437,8.756,8.7316,2.2626,9.02,350.0,26399.0,2395.1875
438,9.0833,7.4406,2.2532,8.8708,348.0,28333.0,2395.1875
439,8.8388,9.3439,2.6618,8.8028,348.0,26829.0,2395.1875
440,8.8086,7.7724,2.4197,9.5656,352.0,27831.0,2395.1875
441,9.5764,8.7292,2.7785,7.6762,330.0,24033.0,2395.1875
442,7.6868,8.8043,2.2915,9.3844,351.0,25121.0,2395.1875
443,9.4026,7.2834,2.1018,7.7148,354.0,25577.0,2395.1875
444,7.6801,9.3343,2.1392,10.2497,326.0,23433.0,2395.1875
445,10.1901,7.5668,1.9658,8.5442,350.0,26929.0,2395.1875
446,8.5376,8.906,1.8636,8.4963,354.0,26119.0,2395.1875
447,8.4989,7.3342,1.769,8.3815,351.0,25099.0,2395.1875
448,8.3923,8.3381,1.9306,8.7642,351.0,25099.0,2395.1875
449,8.8282,7.3626,1.8296,8.0242,351.0,25121.0,2395.1875
450,7.9997,9.1507,1.7985,8.9394,350.0,25109.0,2395.1875
451,8.9569,7.6138,1.8887,8.7758,352.0,25133.0,2395.1875
452,8.7335,9.1532,1.9017,9.5114,352.0,25133.0,2395.1875
453,9.4904,7.35,2.085,7.6909,353.0,31509.0,2395.1875
454,7.728,8.5227,1.9598,8.502,348.0,33805.0,2395.1875
455,8.4003,7.3949,1.6674,9.3555,353.0,31473.0,2395.1875
456,9.5171,9.159,1.85,8.4509,353.0,35071.0,2395.1875
457,8.3241,7.5542,1.7587,8.9188,350.0,33033.0,2395.1875
458,9.0223,9.2299,1.7981,8.6298,351.0,29759.0,2395.1875
459,8.5736,7.3455,1.7816,8.2211,356.0,25453.0,2395.1875
460,8.2031,8.5002,1.7826,9.0082,358.0,25161.0,2395.1875
461,9.0132,7.5897,1.7807,9.9718,356.0,25693.0,2395.1875
462,10.0749,9.0769,2.2595,9.0132,352.0,33497.0,2395.1875
463,9.0008,8.9864,2.6072,8.5723,355.0,29921.0,2395.1875
464,8.4398,7.5642,2.4883,8.1984,355.0,35529.0,2395.1875
465,8.3253,8.7382,2.0599,8.973,350.0,27901.0,2395.1875
466,8.8695,7.4093,2.0764,11.8686,355.0,25881.0,2395.1875
467,11.9794,9.0403,2.9206,9.0747,351.0,23873.0,2395.1875
468,8.9665,8.8956,2.0712,10.6441,352.0,24269.0,2395.1875
469,10.8141,8.8956,2.2916,7.9933,351.0,25073.0,2395.1875
470,7.9944,7.8498,3.1463,9.2695,352.0,45741.0,2395.1875
471,9.1783,8.7139,2.523,8.6131,356.0,35874.0,2395.1875
472,8.7437,9.0022,2.9172,9.302,350.0,28348.0,2395.1875
473,9.1904,8.0027,2.2621,8.7314,349.0,25809.0,2395.1875
474,8.7338,8.5714,2.1685,8.8084,357.0,25773.0,2395.1875
475,8.797,7.4264,2.1412,9.1145,355.0,24789.0,2395.1875
476,9.133,9.0539,2.3634,8.6543,355.0,25125.0,2395.1875
477,8.7145,7.6973,2.7187,8.8479,351.0,26735.0,2395.1875
478,8.853,9.3383,2.5529,9.7355,356.0,25159.0,2395.1875
479,9.7266,7.7149,2.4255,9.4939,351.0,78343.0,2395.1875
480,9.7334,8.8304,2.9405,7.7129,350.0,25417.0,2395.1875
481,7.4649,7.527,2.3399,8.3257,352.0,24365.0,2395.1875
482,8.2168,8.927,2.0936,8.6283,352.0,23405.0,2395.1875
483,8.5685,8.0278,1.8646,11.3214,349.0,24713.0,2395.1875
484,11.4733,8.8193,2.4462,7.332,355.0,25541.0,2395.1875
485,7.2659,7.4297,3.0484,9.1831,361.0,70353.0,2395.1875
486,9.1583,8.7282,3.0479,8.259,349.0,64245.0,2395.1875
487,8.3621,8.7486,2.549,9.4561,334.0,24413.0,2395.1875
488,9.3832,7.4183,3.0916,8.4605,319.0,24027.0,2395.1875
489,8.4694,9.0965,2.3744,9.2098,351.0,27349.0,2395.1875
490,9.1567,7.8254,2.085,8.8651,354.0,26355.0,2395.1875
491,8.9258,8.8477,2.2951,8.368,353.0,26255.0,2395.1875
492,8.3102,7.5908,1.9702,8.8179,356.0,27841.0,2395.1875
493,8.9359,8.8299,2.4066,9.0192,353.0,26630.0,2395.1875
494,8.9463,7.4009,2.2504,10.4359,353.0,27544.0,2395.1875
495,10.5027,9.0168,2.4428,8.2872,332.0,24921.0,2395.1875
496,8.18,7.5657,2.1169,8.2912,351.0,25121.0,2395.1875
497,8.3108,8.5918,2.1039,7.9072,354.0,25157.0,2395.1875
498,7.8928,7.5785,1.7654,8.5052,348.0,26477.0,2395.1875
499,8.5353,8.7493,2.2413,8.9784,351.0,26513.0,2395.1875
500,8.9298,7.7748,1.9924,8.9058,355.0,31009.0,2395.1875
501,9.0611,8.914,2.104,8.6142,351.0,46381.0,2395.1875
502,8.5261,7.8773,2.2123,10.1968,349.0,39193.0,2395.1875
503,10.2277,9.045,2.4549,7.3323,350.0,35045.0,2395.1875
504,7.3327,8.5425,2.4306,9.2984,349.0,30617.0,2395.1875
505,9.2546,7.4322,2.1559,7.6142,350.0,25643.0,2395.1875
506,7.6082,8.948,2.1273,9.5987,324.0,23265.0,2395.1875
507,9.5594,7.5138,1.7761,7.4017,315.0,22917.0,2395.1875
508,7.5392,8.8613,2.2533,9.5009,319.0,22965.0,2395.1875
509,9.3889,7.3368,2.1881,8.5186,352.0,27313.0,2395.1875
510,8.5382,9.0144,2.0889,9.164,353.0,25123.0,2395.1875
511,9.2517,7.3441,2.2507,9.4099,340.0,24247.0,2395.1875
512,9.3794,8.9309,2.2301,7.5819,317.0,22985.0,2395.1875
513,7.5928,7.5305,1.9985,9.7384,315.0,22961.0,2395.1875
514,9.7533,8.8953,2.3768,8.0886,349.0,25097.0,2395.1875
515,8.0839,7.3701,2.2641,9.0049,352.0,29309.0,2395.1875
516,8.9628,8.8845,2.4146,9.2283,352.0,29725.0,2395.1875
517,9.2359,7.3986,2.5909,9.6605,312.0,22925.0,2395.1875
518,9.7342,8.9067,2.7464,8.0021,317.0,22985.0,2395.1875
519,7.8962,7.6211,3.1459,9.4447,343.0,25009.0,2395.1875
520,9.4988,8.9898,3.9275,9.1293,316.0,22973.0,2395.1875
521,9.8355,7.5341,4.6678,9.3897,317.0,22985.0,2395.1875
522,8.6445,7.9087,3.084,9.717,354.0,25113.0,2395.1875
523,9.8024,9.1915,3.3431,9.2331,336.0,25793.0,2395.1875
524,9.1824,7.7408,2.8121,7.6671,319.0,22965.0,2395.1875
525,7.7044,8.8557,2.3383,9.7275,315.0,22939.0,2395.1875
526,9.7556,7.5854,2.4834,9.8307,398.0,76033.0,2395.1875
527,9.7499,8.4863,2.9264,8.3114,320.0,27159.0,2395.1875
528,8.3369,7.4326,2.6923,8.6421,313.0,22937.0,2395.1875
529,8.6031,9.2076,2.452,8.9192,321.0,23033.0,2395.1875
530,8.9512,7.6072,2.49,9.5899,315.0,22961.0,2395.1875
531,9.5733,8.7365,3.2276,7.9611,311.0,22913.0,2395.1875
532,8.0384,7.5377,3.2304,9.7803,317.0,22985.0,2395.1875
533,9.7445,8.6275,3.0146,7.7289,314.0,22949.0,2395.1875
534,7.75,8.5036,2.6018,10.4397,315.0,22961.0,2395.1875
535,10.4633,8.2856,2.7647,9.5406,314.0,22949.0,2395.1875
536,9.5723,8.9023,2.9862,9.2224,339.0,32689.0,2395.1875
537,9.1181,7.4218,2.6826,8.3198,339.0,25185.0,2395.1875
538,8.3068,8.5425,3.1255,7.6696,337.0,25485.0,2395.1875
539,7.6437,7.4107,2.7581,10.8091,358.0,25625.0,2395.1875
540,10.8783,7.6296,2.9322,9.8086,355.0,25125.0,2395.1875
541,9.8455,7.6296,2.9504,8.9499,356.0,28919.0,2395.1875
542,8.8936,8.6584,2.7942,9.1765,350.0,30195.0,2395.1875
543,9.5257,7.5124,2.7903,8.921,353.0,26883.0,2395.1875
544,8.5794,7.7575,3.0119,8.985,354.0,27171.0,2395.1875
545,9.0141,9.2375,2.425,8.1305,351.0,27977.0,2395.1875
546,8.1616,7.4726,2.5545,10.1012,336.0,25745.0,2395.1875
547,10.1514,8.9335,2.4233,7.0383,354.0,25473.0,2395.1875
548,6.9115,7.4266,1.886,8.1997,353.0,25145.0,2395.1875
549,8.176,8.9845,2.3385,8.4931,333.0,24361.0,2395.1875
550,8.5037,7.3527,2.0162,9.0911,316.0,23117.0,2395.1875
551,9.0929,9.0915,1.9875,9.0819,347.0,27109.0,2395.1875
552,9.0749,7.5112,1.8372,8.7192,354.0,26017.0,2395.1875
553,8.73,8.7173,2.0419,8.1828,352.0,25133.0,2395.1875
554,8.2821,7.356,1.9741,8.9593,356.0,25137.0,2395.1875
555,8.9499,8.807,1.9906,8.3663,356.0,25137.0,2395.1875
556,8.2728,7.4504,1.9389,8.573,355.0,25125.0,2395.1875
557,8.5389,8.9983,1.919,8.905,354.0,25135.0,2395.1875
558,8.9806,7.5543,2.0821,8.669,353.0,25123.0,2395.1875
559,8.7046,8.6419,2.2651,8.3634,353.0,31487.0,2395.1875
560,8.2812,7.3082,1.8565,8.7684,352.0,33853.0,2395.1875
561,8.926,8.6739,2.0731,8.7756,348.0,33665.0,2395.1875
562,8.6747,7.7826,1.9245,9.6085,348.0,33187.0,2395.1875
563,9.5774,8.2496,2.1018,7.4643,353.0,32779.0,2395.1875
564,7.4211,7.4151,1.7776,10.1224,351.0,29779.0,2395.1875
565,10.1289,8.7312,2.1784,6.9599,351.0,25279.0,2395.1875
566,6.9034,7.6248,2.2731,9.7391,349.0,25097.0,2395.1875
567,9.9067,7.4967,2.4223,7.7259,352.0,25689.0,2395.1875
568,7.5464,8.9817,1.9367,10.5741,351.0,33627.0,2395.1875
569,10.6976,7.58,2.584,9.3872,350.0,29763.0,2395.1875
570,9.3933,8.5535,2.6927,7.3423,354.0,35495.0,2395.1875
571,7.3109,7.5934,2.2269,9.116,357.0,27941.0,2395.1875
572,9.2419,8.8262,2.3878,7.8118,353.0,25765.0,2395.1875
573,7.6782,7.4268,1.9831,9.5972,352.0,25063.0,2395.1875
574,9.7179,9.0716,2.2752,9.4752,350.0,23887.0,2395.1875
575,9.4114,7.7207,2.5481,8.3126,353.0,24259.0,2395.1875
576,8.4526,8.8699,2.263,9.3816,349.0,25049.0,2395.1875
577,9.2884,7.5961,2.3956,8.8689,352.0,45741.0,2395.1875
578,9.2365,8.6212,4.2909,9.9445,356.0,35874.0,2395.1875
579,9.6419,9.0397,3.3764,12.3792,352.0,28372.0,2395.1875
580,12.2849,9.0397,4.2329,8.5441,350.0,25773.0,2395.1875
581,8.5729,9.1636,2.525,9.2129,351.0,25745.0,2395.1875
582,9.294,7.3952,2.3628,8.5709,352.0,24845.0,2395.1875
583,8.5183,9.1356,2.5386,8.8512,350.0,25109.0,2395.1875
584,8.8059,7.5083,2.5522,9.0352,351.0,26757.0,2395.1875
585,9.0026,8.9527,2.4031,8.64,352.0,30365.0,2395.1875
586,8.691,7.6635,2.4451,8.3298,357.0,73161.0,2395.1875
587,8.3421,8.9155,2.6251,8.8206,355.0,25433.0,2395.1875
588,8.7404,7.4749,2.3015,8.5238,354.0,24297.0,2395.1875
589,8.7115,8.6951,2.4967,8.8122,353.0,23395.0,2395.1875
590,8.6572,7.8022,2.5086,9.6197,358.0,24909.0,2395.1875
591,9.633,8.3702,2.8257,7.2318,355.0,25409.0,2395.1875
592,7.2339,8.4594,2.1084,10.125,362.0,70365.0,2395.1875
593,10.0838,7.5476,2.2098,7.5417,349.0,64245.0,2395.1875
594,7.6653,8.2703,2.1891,8.7725,333.0,24401.0,2395.1875
595,8.7459,7.7972,2.2963,7.6246,323.0,24267.0,2395.1875
596,7.528,8.6152,2.0183,9.7796,348.0,27777.0,2395.1875
597,9.8199,7.5946,2.1902,7.1297,350.0,26421.0,2395.1875
598,7.1581,8.5445,2.3201,10.3268,351.0,26938.0,2395.1875
599,10.4125,8.7192,2.7026,11.3107,351.0,26628.0,2395.1875
600,11.2175,8.7192,2.4151,6.2342,351.0,26628.0,2395.1875
601,6.2557,7.3081,2.0116,10.4667,354.0,27734.0,2395.1875
602,10.4319,8.749,2.2666,7.7512,328.0,24503.0,2395.1875
603,7.7156,7.5613,2.0493,8.3896,354.0,25113.0,2395.1875
604,8.5164,8.8179,2.4411,8.9989,355.0,25125.0,2395.1875
605,8.9137,7.6106,2.6254,8.4233,353.0,26515.0,2395.1875
606,8.3894,8.483,3.2588,8.285,352.0,26503.0,2395.1875
607,8.3687,7.3989,2.0394,9.4518,353.0,30963.0,2395.1875
608,9.394,8.8617,2.3043,7.8828,355.0,46429.0,2395.1875
609,7.8455,7.5876,2.1177,8.533,351.0,39217.0,2395.1875
610,8.4882,8.9122,1.8705,10.0303,353.0,35081.0,2395.1875
611,10.0532,7.5031,2.2183,8.8105,350.0,30629.0,2395.1875
612,8.8218,8.4972,2.2709,7.0764,353.0,25679.0,2395.1875
613,7.1239,7.9763,2.0532,9.5138,321.0,23273.0,2395.1875
614,9.4914,8.7454,2.2041,7.6857,313.0,22937.0,2395.1875
615,7.6818,8.6015,2.3416,9.2435,313.0,22937.0,2395.1875
616,9.2371,7.3445,2.3089,8.512,347.0,27275.0,2395.1875
617,8.5601,8.3233,2.289,8.5465,348.0,25085.0,2395.1875
618,8.5865,7.4039,1.9946,7.2667,345.0,24285.0,2395.1875
619,7.2585,8.9689,2.0542,9.9073,319.0,22965.0,2395.1875
620,9.8014,7.5825,2.1739,8.0244,318.0,22953.0,2395.1875
621,8.1058,8.8242,2.1486,9.9999,353.0,25123.0,2395.1875
622,9.9834,7.3528,2.1835,7.2821,353.0,29299.0,2395.1875
623,7.3131,8.5923,2.7453,9.1414,352.0,29703.0,2395.1875
624,9.0532,7.4083,1.7727,8.4228,316.0,22973.0,2395.1875
625,8.4419,8.8464,2.0328,8.5617,311.0,22913.0,2395.1875
626,8.5864,7.5468,2.0022,8.4038,339.0,24961.0,2395.1875
627,8.3801,8.5373,1.936,9.1344,315.0,22961.0,2395.1875
628,9.1574,7.4686,2.3482,7.6196,316.0,22973.0,2395.1875
629,7.6158,8.544,2.2827,9.5589,354.0,25157.0,2395.1875
630,9.6635,7.3729,2.2465,8.1573,332.0,25789.0,2395.1875
631,8.1484,8.9126,2.3519,8.7263,314.0,22949.0,2395.1875
632,8.6174,7.6177,2.0294,8.4223,314.0,22949.0,2395.1875
633,8.3749,8.9567,1.8858,8.8285,399.0,76067.0,2395.1875
634,8.8945,7.3298,1.8614,7.678,328.0,27233.0,2395.1875
635,7.6517,8.3337,1.6517,7.9449,318.0,22953.0,2395.1875
636,7.8944,7.3168,1.6356,9.4295,320.0,22977.0,2395.1875
637,9.4589,8.7118,2.0923,8.7371,318.0,22975.0,2395.1875
638,8.7626,7.5815,1.8338,8.5468,320.0,22999.0,2395.1875
639,8.6918,9.0361,2.2534,8.7687,318.0,22975.0,2395.1875
640,8.6571,7.3061,2.2647,8.9891,314.0,22949.0,2395.1875
641,8.9827,8.4504,2.1159,7.9131,318.0,22997.0,2395.1875
642,7.9126,7.9731,2.0148,9.3024,315.0,22961.0,2395.1875
643,9.2857,8.7993,2.0056,7.8847,343.0,32737.0,2395.1875
644,7.8239,7.3402,1.9319,8.935,342.0,25221.0,2395.1875
645,9.0048,8.5528,1.8615,7.8135,334.0,25493.0,2395.1875
646,7.724,7.5792,1.7982,9.9952,351.0,25585.0,2395.1875
647,10.0691,7.3911,2.1723,7.7528,351.0,25121.0,2395.1875
648,7.7332,8.3226,2.1461,10.0605,351.0,28881.0,2395.1875
649,10.0983,7.5905,1.9957,6.6593,353.0,30253.0,2395.1875
650,6.7307,7.958,2.2219,11.444,352.0,26849.0,2395.1875
651,11.4455,7.8035,2.309,6.9489,351.0,27091.0,2395.1875
652,6.883,8.7392,1.9422,8.7157,356.0,27993.0,2395.1875
653,8.6715,7.353,1.8013,8.6798,341.0,25831.0,2395.1875
654,8.7121,8.9019,1.9268,8.4101,353.0,25439.0,2395.1875
655,8.3697,7.5573,1.7201,8.919,354.0,25135.0,2395.1875
656,9.0751,8.2452,2.0175,8.3124,328.0,24301.0,2395.1875
657,8.1884,7.6289,1.9206,7.8839,327.0,24469.0,2395.1875
658,7.9593,8.8419,2.0333,8.9947,337.0,25721.0,2395.1875
659,8.9313,7.3186,1.7741,8.7981,351.0,25981.0,2395.1875
660,8.7926,8.873,1.835,8.0861,352.0,25133.0,2395.1875
661,8.1253,7.5659,1.7924,8.7447,350.0,25109.0,2395.1875
662,8.7384,8.7835,1.9183,9.2611,349.0,25097.0,2395.1875
663,9.2349,7.74,1.9228,8.2194,350.0,25109.0,2395.1875
664,8.2276,8.6792,1.9614,8.4746,350.0,25109.0,2395.1875
665,8.4252,7.3541,1.7328,9.2937,350.0,25109.0,2395.1875
666,9.3739,8.9622,1.9982,8.2489,354.0,31477.0,2395.1875
667,8.1756,7.58,1.7086,8.418,354.0,33833.0,2395.1875
668,8.5275,9.1188,1.8057,9.3054,355.0,33705.0,2395.1875
669,9.1962,7.7763,1.7603,9.5772,352.0,33213.0,2395.1875
670,9.6363,7.9918,1.784,8.0538,354.0,32769.0,2395.1875
671,7.9631,8.4434,1.6504,9.7482,354.0,29793.0,2395.1875
672,9.8251,7.5647,1.8628,7.3747,349.0,25255.0,2395.1875
673,7.3283,8.1665,1.714,9.7779,351.0,25121.0,2395.1875
674,9.8659,7.4179,2.1036,6.9225,353.0,25701.0,2395.1875
675,6.8272,8.6473,1.9014,10.383,351.0,33627.0,2395.1875
676,10.4201,7.6111,2.1643,7.1585,352.0,29787.0,2395.1875
677,7.3076,8.7822,2.2049,9.6034,350.0,35491.0,2395.1875
678,9.4783,7.5723,2.4167,7.944,349.0,27889.0,2395.1875
679,8.0286,8.772,2.1335,9.1423,355.0,25833.0,2395.1875
680,9.0446,7.5599,1.8148,8.7257,351.0,25073.0,2395.1875
681,8.7888,8.699,1.8813,8.6153,350.0,23909.0,2395.1875
682,8.5843,7.3897,1.923,8.9619,353.0,24237.0,2395.1875
683,9.0032,9.0908,1.9972,8.4082,354.0,25065.0,2395.1875
684,8.3416,7.5906,1.8255,9.0497,355.0,45733.0,2395.1875
685,9.1512,8.7812,1.9779,8.2115,356.0,35852.0,2395.1875
686,8.1332,7.5679,2.0366,8.7476,351.0,28338.0,2395.1875
687,8.7991,8.5293,1.9289,8.5923,354.0,25799.0,2395.1875
688,8.52,7.3495,1.7907,8.5584,350.0,25733.0,2395.1875
689,8.6725,9.0124,1.9835,8.6566,353.0,24857.0,2395.1875
690,8.5161,7.5419,1.7327,8.9755,351.0,25121.0,2395.1875
691,9.011,8.8125,1.8381,7.975,354.0,26793.0,2395.1875
692,7.9364,7.5068,1.7731,8.9456,351.0,30353.0,2395.1875
693,9.0211,8.5864,1.8703,8.9797,351.0,73133.0,2395.1875
694,8.9197,7.8261,1.8925,10.0685,350.0,25417.0,2395.1875
695,10.0957,8.6393,1.8364,7.0278,351.0,24305.0,2395.1875
696,7.0205,8.5428,1.8348,9.853,351.0,23393.0,2395.1875
697,9.8227,7.5944,1.9518,7.1711,355.0,24895.0,2395.1875
698,7.1486,8.3291,1.7971,9.7528,360.0,28831.0,2395.1875
699,9.8033,7.64,2.1737,7.9392,368.0,67057.0,2395.1875
700,7.9472,8.9933,1.943,10.0469,353.0,64201.0,2395.1875
701,10.0875,7.8551,2.0634,7.6757,338.0,24439.0,2395.1875
702,7.7904,9.0515,2.195,9.2323,328.0,24935.0,2395.1875
703,9.134,7.3849,2.0725,9.3609,352.0,27803.0,2395.1875
704,9.3654,8.5912,2.0758,8.1982,349.0,27072.0,2395.1875
705,8.1341,7.3869,2.0358,9.6968,348.0,25705.0,2395.1875
706,9.9162,9.2187,2.3974,8.439,348.0,26592.0,2395.1875
707,8.2569,7.7182,2.3524,8.6494,352.0,27174.0,2395.1875
708,8.6739,8.6136,2.2574,8.3823,354.0,27200.0,2395.1875
709,8.3448,7.4189,1.8948,8.6864,323.0,24439.0,2395.1875
710,8.6991,8.8988,2.1069,8.6989,351.0,25121.0,2395.1875
711,8.7003,7.3209,1.9039,8.9636,350.0,25109.0,2395.1875
712,8.9769,9.1511,1.9677,8.7852,351.0,26513.0,2395.1875
713,8.7341,7.6163,2.0642,10.049,352.0,26525.0,2395.1875
714,10.1847,8.7643,3.2064,7.6112,352.0,30929.0,2395.1875
715,7.5151,7.7783,2.2712,9.0888,353.0,46361.0,2395.1875
716,9.1643,8.6092,2.5742,7.9772,355.0,39221.0,2395.1875
717,7.9006,7.9768,2.2356,10.349,353.0,35427.0,2395.1875
718,10.3889,7.6206,3.0859,6.9723,353.0,30227.0,2395.1875
719,6.9686,8.5664,2.2762,9.8564,354.0,25669.0,2395.1875
720,9.9169,7.6072,2.1786,7.0126,321.0,23273.0,2395.1875
721,6.898,8.8168,2.2614,9.7604,312.0,22925.0,2395.1875
722,9.7673,7.4135,2.3731,7.3828,317.0,22985.0,2395.1875
723,7.4252,9.1482,2.3321,9.9857,355.0,27371.0,2395.1875
724,9.9499,7.5142,2.2043,7.9557,349.0,25097.0,2395.1875
725,7.9782,8.6014,1.8882,9.0593,337.0,24233.0,2395.1875
726,9.0316,7.5384,1.8951,8.2247,316.0,22973.0,2395.1875
727,8.5128,8.812,2.4259,9.209,317.0,22985.0,2395.1875
728,8.9407,7.4203,2.0622,8.6308,353.0,25145.0,2395.1875
729,8.6273,9.1376,2.143,8.9391,350.0,29285.0,2395.1875
730,9.0715,7.5715,2.1913,9.1767,356.0,29729.0,2395.1875
731,9.0799,8.8183,2.1789,8.0368,320.0,22977.0,2395.1875
732,7.9865,7.5749,2.003,8.8203,319.0,22965.0,2395.1875
733,8.8772,8.8266,1.9128,9.165,347.0,25035.0,2395.1875
734,9.1218,7.7596,2.2196,9.2665,316.0,22951.0,2395.1875
735,9.3456,9.069,3.3929,8.6051,316.0,22951.0,2395.1875
736,8.554,7.7444,2.5016,10.0276,353.0,25145.0,2395.1875
737,10.0959,8.497,3.9951,9.1188,330.0,25765.0,2395.1875
738,9.1272,7.8234,3.1325,9.2169,317.0,22985.0,2395.1875
739,9.2312,7.7268,3.353,8.2453,313.0,22937.0,2395.1875
740,8.1494,7.7618,3.2442,11.4877,395.0,76019.0,2395.1875
741,11.5005,7.7618,3.0116,7.2808,321.0,27193.0,2395.1875
742,7.2798,9.0715,2.8561,9.8769,317.0,22985.0,2395.1875
743,9.9193,7.6373,2.96,7.8527,314.0,22949.0,2395.1875
744,7.8537,9.0526,2.1359,8.348,315.0,22961.0,2395.1875
745,8.2742,7.6161,1.9465,8.8151,313.0,22937.0,2395.1875
746,8.8559,8.9793,2.1208,8.6621,322.0,23001.0,2395.1875
747,8.6435,7.7999,2.0375,9.4951,317.0,22941.0,2395.1875
748,9.4717,8.8116,1.8555,7.565,319.0,22965.0,2395.1875
749,7.5059,8.485,1.6967,9.801,318.0,22975.0,2395.1875
750,9.8543,8.0199,1.787,8.2459,344.0,32727.0,2395.1875
751,8.2365,8.2811,2.1319,9.5345,340.0,25175.0,2395.1875
752,9.5379,8.2798,2.1637,7.3149,332.0,25469.0,2395.1875
753,7.2878,8.9295,1.7271,9.8756,351.0,25585.0,2395.1875
754,9.9032,7.63,2.0546,7.9939,348.0,25085.0,2395.1875
755,8.0369,9.0261,2.3189,9.6478,351.0,28881.0,2395.1875
756,9.6416,7.6303,1.9415,9.1162,350.0,30217.0,2395.1875
757,9.1542,8.9037,2.1275,8.7259,351.0,26881.0,2395.1875
758,8.6689,7.6665,1.8627,8.8912,350.0,27123.0,2395.1875
759,9.0079,8.932,2.0263,8.5859,351.0,27977.0,2395.1875
760,8.4564,7.6269,1.8195,8.5576,339.0,25829.0,2395.1875
761,8.598,9.0015,1.8506,9.484,351.0,25437.0,2395.1875
762,9.5027,7.6599,1.9016,8.1298,355.0,25125.0,2395.1875
763,8.0585,8.1513,1.7482,8.5789,337.0,24365.0,2395.1875
764,8.5632,7.8453,1.6121,10.691,332.0,25141.0,2395.1875
765,10.7486,8.7586,1.823,7.9615,356.0,26455.0,2395.1875
766,7.9455,8.5477,2.0242,9.9704,351.0,25591.0,2395.1875
767,9.9628,7.9844,2.2362,8.203,352.0,25111.0,2395.1875
768,8.296,8.9961,2.2916,8.8278,355.0,25169.0,2395.1875
769,8.8457,7.735,2.2993,9.8623,351.0,25121.0,2395.1875
770,9.7782,8.2527,2.2597,8.2463,350.0,25109.0,2395.1875
771,8.2228,7.6671,2.0784,8.9236,349.0,25097.0,2395.1875
772,8.9631,8.9301,2.5117,8.3619,349.0,28279.0,2395.1875
773,8.4621,7.5796,1.9759,8.7326,350.0,31971.0,2395.1875
774,8.6369,9.0244,2.0615,9.1916,351.0,32001.0,2395.1875
775,9.1472,7.6907,1.8306,9.4454,347.0,36045.0,2395.1875
776,9.4556,9.1419,1.9381,9.0607,351.0,33023.0,2395.1875
777,9.0552,7.6359,1.9019,7.7815,335.0,28449.0,2395.1875
778,7.7962,8.9486,1.9696,9.5044,356.0,29157.0,2395.1875
779,9.5889,7.7007,1.8093,9.8497,356.0,25295.0,2395.1875
780,9.757,8.8804,2.2197,6.9952,357.0,25149.0,2395.1875
781,7.1176,8.6112,1.9946,10.7588,353.0,25799.0,2395.1875
782,10.6424,8.0553,2.2106,6.8102,352.0,33787.0,2395.1875
783,6.7788,8.6823,1.6339,9.9594,352.0,31163.0,2395.1875
784,10.0656,7.6662,2.183,7.89,353.0,33839.0,2395.1875
785,7.8595,8.9609,2.0451,9.5747,348.0,28465.0,2395.1875
786,9.5351,7.752,1.8863,8.6552,354.0,25233.0,2395.1875
787,8.743,8.956,2.0856,9.1164,352.0,24989.0,2395.1875
788,9.0167,7.655,2.0558,9.3072,352.0,23981.0,2395.1875
789,9.4543,8.6678,2.2175,8.8081,353.0,24329.0,2395.1875
790,8.716,7.6977,1.9442,8.6094,350.0,25061.0,2395.1875
791,8.6113,9.1882,1.9612,9.0222,353.0,45753.0,2395.1875
792,9.0276,7.7263,1.9724,9.0831,355.0,35862.0,2395.1875
793,9.0409,8.898,1.88,8.038,351.0,28360.0,2395.1875
794,8.0577,7.6766,1.843,9.3452,353.0,25717.0,2395.1875
795,9.4833,8.16,2.2932,8.702,351.0,25701.0,2395.1875
796,8.5533,8.0247,2.5493,10.9726,355.0,24885.0,2395.1875
797,11.0493,8.6699,2.786,8.5148,358.0,25183.0,2395.1875
798,8.4404,9.3567,1.9693,8.5775,353.0,26759.0,2395.1875
799,8.6249,7.6262,2.1172,9.3058,349.0,35539.0,2395.1875
800,9.2748,9.1021,2.2462,8.8488,353.0,67925.0,2395.1875
801,8.8484,7.6499,2.5075,9.0075,350.0,25321.0,2395.1875
802,9.0791,8.9312,2.2291,8.7767,351.0,24305.0,2395.1875
803,8.744,7.6867,1.8578,9.863,351.0,23489.0,2395.1875
804,9.8421,8.8694,1.9321,7.8953,349.0,24823.0,2395.1875
805,7.9456,7.7602,2.0347,9.3828,358.0,28851.0,2395.1875
806,9.3766,8.9756,1.9069,8.6176,360.0,70197.0,2395.1875
807,8.477,8.0895,1.849,8.5038,349.0,60909.0,2395.1875
808,8.6181,8.6024,2.0567,7.9309,336.0,24691.0,2395.1875
809,7.9385,8.44,2.1965,9.1815,327.0,24691.0,2395.1875
810,9.1005,7.6385,2.0572,8.1768,352.0,27781.0,2395.1875
811,8.1807,8.735,1.8584,9.7887,356.0,27112.0,2395.1875
812,9.802,7.661,2.1002,7.5942,358.0,25781.0,2395.1875
813,7.601,9.0185,1.8134,9.5742,353.0,26630.0,2395.1875
814,9.6566,7.6937,1.674,8.2966,351.0,27140.0,2395.1875
815,8.2458,8.5273,1.8214,8.9431,356.0,27202.0,2395.1875
816,8.9283,7.6245,1.6842,7.9767,326.0,24523.0,2395.1875
817,7.9444,8.6847,1.7326,9.8534,353.0,25145.0,2395.1875
818,9.9501,7.6444,1.7885,8.0583,349.0,25097.0,2395.1875
819,7.9406,9.1613,1.6264,9.4462,353.0,26537.0,2395.1875
820,9.4658,7.6566,1.6178,7.9854,353.0,26537.0,2395.1875
821,8.0337,8.8025,1.8593,8.9379,351.0,32365.0,2395.1875
822,8.9646,7.6313,1.6953,9.1182,354.0,45381.0,2395.1875
823,9.0881,8.8578,1.7723,8.8221,351.0,38849.0,2395.1875
824,8.7737,7.569,1.817,9.1814,351.0,35793.0,2395.1875
825,9.2211,8.8271,2.1177,8.146,350.0,29797.0,2395.1875
826,8.1181,7.7202,1.7593,9.4285,355.0,25659.0,2395.1875
827,9.5079,7.8121,1.7958,8.5186,324.0,23265.0,2395.1875
828,8.4332,7.9138,1.6132,9.3085,319.0,22965.0,2395.1875
829,9.3897,8.65,2.3905,7.2317,314.0,22927.0,2395.1875
830,7.1339,8.7712,1.8155,10.0191,350.0,27289.0,2395.1875
831,10.1511,7.645,2.1049,7.876,356.0,25159.0,2395.1875
832,7.7839,8.9301,2.0803,10.2098,335.0,24209.0,2395.1875
833,10.1849,7.9898,1.9517,7.9986,315.0,22961.0,2395.1875
834,8.0319,8.8801,1.8913,8.5409,314.0,22949.0,2395.1875
835,8.5757,7.6119,1.7632,9.4262,352.0,25133.0,2395.1875
836,9.405,8.5299,1.8648,8.7495,351.0,29297.0,2395.1875
837,8.7152,7.6853,1.8919,9.0709,349.0,29689.0,2395.1875
838,9.0958,8.849,1.7939,7.8632,315.0,22961.0,2395.1875
839,7.8618,7.6617,1.6321,8.1343,317.0,22985.0,2395.1875
840,8.1522,8.7442,1.8414,9.5883,338.0,24949.0,2395.1875
841,9.5993,7.5282,1.8142,8.1989,314.0,22949.0,2395.1875
842,8.1267,8.657,1.7234,8.4236,316.0,22929.0,2395.1875
843,8.4541,7.622,1.539,8.7688,355.0,25125.0,2395.1875
844,8.7374,8.7062,1.7072,7.9817,335.0,25781.0,2395.1875
845,7.9607,7.6487,1.6283,8.7422,316.0,22951.0,2395.1875
846,8.7765,7.6086,1.7118,8.8366,316.0,22951.0,2395.1875
847,8.8276,7.6483,1.5071,8.5819,399.0,76045.0,2395.1875
848,8.6282,8.9718,1.7487,8.9043,321.0,27193.0,2395.1875
849,8.8834,8.6683,1.6516,9.4123,316.0,22973.0,2395.1875
850,9.4091,7.8532,1.7218,7.8852,315.0,22961.0,2395.1875
851,7.8639,8.9664,1.6317,10.0635,314.0,22949.0,2395.1875
852,10.1052,7.5598,1.6943,7.5195,316.0,22973.0,2395.1875
853,7.5002,8.7421,1.6092,9.436,315.0,22961.0,2395.1875
854,9.4604,7.6491,1.9161,7.6489,317.0,22985.0,2395.1875
855,7.5503,7.8274,1.3786,9.9408,315.0,22961.0,2395.1875
856,10.0125,7.589,1.8661,7.6872,315.0,22961.0,2395.1875
857,7.8056,9.0041,2.0729,10.0467,344.0,32749.0,2395.1875
858,9.9133,7.582,1.6406,8.7679,345.0,25213.0,2395.1875
859,8.7691,8.7701,1.6826,8.3313,337.0,25485.0,2395.1875
860,8.3374,7.6577,1.7292,9.1835,353.0,25565.0,2395.1875
861,9.1762,9.1356,1.4771,8.5329,352.0,25111.0,2395.1875
862,8.6088,7.6652,1.7374,8.6524,352.0,28871.0,2395.1875
863,8.6028,8.5828,1.8021,8.3817,353.0,30231.0,2395.1875
864,8.3433,7.6119,1.6257,9.1108,347.0,26833.0,2395.1875
865,9.187,8.8052,1.7734,8.4788,350.0,27123.0,2395.1875
866,8.4919,7.6605,1.5757,8.733,351.0,27977.0,2395.1875
867,8.666,9.2075,1.5364,9.2553,340.0,25889.0,2395.1875
868,9.2548,7.5938,1.5889,9.1864,351.0,25437.0,2395.1875
869,9.3139,8.6388,1.6704,7.6503,354.0,25157.0,2395.1875
870,7.6364,9.0631,1.7148,10.2992,329.0,24265.0,2395.1875
871,10.229,7.6327,1.6579,7.5928,329.0,25149.0,2395.1875
872,7.5643,8.7102,1.7125,9.5895,351.0,26417.0,2395.1875
873,9.5876,7.6186,1.8959,7.5796,352.0,25625.0,2395.1875
874,7.5589,8.5027,1.924,9.6361,353.0,25101.0,2395.1875
875,9.6808,7.6833,1.9017,8.6001,356.0,25137.0,2395.1875
876,8.626,9.2138,1.8961,9.1661,358.0,25161.0,2395.1875
877,9.2247,7.6174,1.8213,9.632,353.0,25123.0,2395.1875
878,9.5699,8.7873,2.0876,7.4386,356.0,25159.0,2395.1875
879,7.4309,7.6055,1.7412,9.0976,352.0,28293.0,2395.1875
880,9.0862,8.739,1.7735,8.4413,352.0,31995.0,2395.1875
881,8.4001,7.6298,1.6737,8.89,352.0,32013.0,2395.1875
882,8.9861,8.9136,1.8979,8.5205,349.0,36069.0,2395.1875
883,8.423,7.6307,1.6156,9.6603,349.0,32999.0,2395.1875
884,9.7145,8.7806,1.8979,8.0484,338.0,28897.0,2395.1875
885,8.0144,7.6242,1.6107,9.0235,345.0,28753.0,2395.1875
886,9.0151,8.8121,1.615,8.3608,356.0,25339.0,2395.1875
887,8.3663,7.9347,1.6096,9.544,351.0,25121.0,2395.1875
888,9.65,8.6515,1.6556,7.8924,349.0,25773.0,2395.1875
889,7.8713,7.6248,1.5655,9.3824,352.0,33809.0,2395.1875
890,9.3422,8.0632,1.6891,8.0121,355.0,31545.0,2395.1875
891,7.9917,8.7611,1.669,9.2851,354.0,33807.0,2395.1875
892,9.2746,7.5942,1.9308,7.8391,356.0,28149.0,2395.1875
893,7.924,8.9669,1.8136,9.8147,349.0,25151.0,2395.1875
894,9.7495,7.6581,2.0189,8.1298,353.0,24931.0,2395.1875
895,8.2335,8.8059,2.0876,9.6707,351.0,23947.0,2395.1875
896,9.6629,7.6105,1.9209,8.1319,353.0,24377.0,2395.1875
897,8.1317,8.7087,1.8664,9.1153,353.0,25097.0,2395.1875
898,9.0988,7.6809,1.6716,9.033,354.0,45765.0,2395.1875
899,8.9403,8.912,1.6094,8.064,354.0,35850.0,2395.1875
900,8.1083,7.6827,1.6001,8.2804,352.0,28372.0,2395.1875
901,8.2508,8.554,1.7178,8.7099,352.0,25701.0,2395.1875
902,8.6928,7.6312,1.7474,9.3408,353.0,25769.0,2395.1875
903,9.4838,8.7156,1.8954,8.1583,350.0,24917.0,2395.1875
904,8.0506,7.6161,1.7013,8.7883,353.0,25145.0,2395.1875
905,8.7678,9.121,1.796,8.9307,351.0,31989.0,2395.1875
906,8.9797,7.5688,1.608,8.5161,359.0,30405.0,2395.1875
907,8.5245,8.5556,1.8448,8.666,355.0,67857.0,2395.1875
908,8.6112,7.6172,1.7193,10.2729,355.0,25337.0,2395.1875
909,10.2695,8.9562,1.7451,7.0763,356.0,24343.0,2395.1875
910,7.0871,8.8007,1.7499,10.0091,352.0,23527.0,2395.1875
911,10.0414,7.7012,1.7863,7.3851,356.0,24885.0,2395.1875
912,7.3089,8.479,1.5651,9.4688,360.0,35547.0,2395.1875
913,9.5504,7.6594,1.8853,7.5452,360.0,63893.0,2395.1875
914,7.4655,8.9796,1.9073,10.541,345.0,60603.0,2395.1875
915,10.5843,7.6454,2.0118,7.1664,338.0,25187.0,2395.1875
916,7.2208,9.0114,2.2196,9.8564,322.0,23953.0,2395.1875
917,9.7974,7.6384,2.1423,9.0628,353.0,27837.0,2395.1875
918,9.1637,9.0356,1.9606,8.6323,348.0,27060.0,2395.1875
919,8.6029,7.6514,1.6703,8.6432,348.0,25705.0,2395.1875
920,8.5812,8.7063,1.953,8.8252,352.0,26640.0,2395.1875
921,8.839,7.619,1.894,8.8229,350.0,27150.0,2395.1875
922,8.8491,8.641,2.0415,8.3792,355.0,27168.0,2395.1875
923,8.4092,7.6421,1.6876,8.5744,329.0,24515.0,2395.1875
924,8.5198,9.083,1.7867,9.3175,353.0,25101.0,2395.1875
925,9.3327,7.6555,1.7283,8.6356,355.0,25147.0,2395.1875
926,8.6207,7.8429,1.7895,8.3736,352.0,26503.0,2395.1875
927,8.3653,7.6397,1.6754,9.1209,352.0,26503.0,2395.1875
928,9.0972,8.7778,1.8461,8.2739,354.0,32401.0,2395.1875
929,8.2772,7.8451,1.8639,9.5471,349.0,45321.0,2395.1875
930,9.6783,8.5473,1.8463,7.6397,349.0,38825.0,2395.1875
931,7.5523,8.6829,1.6499,9.6149,349.0,35769.0,2395.1875
932,9.592,7.665,1.7703,7.6728,349.0,29833.0,2395.1875
933,7.7358,8.8872,1.4534,10.0136,350.0,25643.0,2395.1875
934,9.9521,7.6779,1.9305,7.1874,319.0,23201.0,2395.1875
935,7.1308,8.7806,1.6293,9.8243,313.0,22937.0,2395.1875
936,9.9228,7.6681,1.9666,7.549,316.0,22973.0,2395.1875
937,7.6119,9.028,1.8628,10.2522,349.0,27299.0,2395.1875
938,10.1519,7.601,1.8564,8.7957,356.0,25137.0,2395.1875
939,8.8559,8.7488,1.9801,8.4526,341.0,24237.0,2395.1875
940,8.414,7.6931,1.9223,8.4553,317.0,22941.0,2395.1875
941,8.4931,8.717,2.002,9.0614,318.0,22975.0,2395.1875
942,8.996,7.6511,1.8049,8.734,354.0,25135.0,2395.1875
943,8.7417,8.8046,1.8891,8.4142,353.0,29299.0,2395.1875
944,8.4816,7.6623,1.7661,9.1674,351.0,29713.0,2395.1875
945,9.1204,8.5383,1.7118,7.7675,315.0,22961.0,2395.1875
946,7.7231,7.6908,1.5955,9.2217,314.0,22949.0,2395.1875
947,9.2534,8.8669,1.6991,8.5213,344.0,25021.0,2395.1875
948,8.4852,7.6056,1.6839,9.4795,315.0,22961.0,2395.1875
949,9.5432,8.6921,1.7962,8.1746,314.0,22949.0,2395.1875
950,8.1501,7.8416,1.6819,9.2212,350.0,25109.0,2395.1875
951,9.2156,8.4459,1.7319,7.9681,329.0,25753.0,2395.1875
952,7.9157,8.8787,1.6466,9.1421,315.0,22961.0,2395.1875
953,9.2384,7.551,1.7218,7.9972,312.0,22925.0,2395.1875
954,7.9494,8.5227,1.5875,9.7698,399.0,76023.0,2395.1875
955,9.7883,7.6097,1.6262,7.5188,328.0,27233.0,2395.1875
956,7.5722,8.9679,2.0752,9.8096,317.0,22941.0,2395.1875
957,9.7371,7.6034,1.9195,7.8225,319.0,22987.0,2395.1875
958,7.8896,8.706,1.9012,8.7109,317.0,22963.0,2395.1875
959,8.6443,7.5965,1.7179,8.0766,320.0,22999.0,2395.1875
960,8.1117,8.5058,1.9909,9.9996,314.0,22949.0,2395.1875
961,10.0151,7.6275,1.7678,7.5831,315.0,22961.0,2395.1875
962,7.588,9.0626,1.8087,9.6603,314.0,22949.0,2395.1875
963,9.633,7.6389,2.1219,8.2461,315.0,22961.0,2395.1875
964,8.2394,8.9578,1.7586,9.7819,342.0,32725.0,2395.1875
965,9.7453,7.6225,1.7726,7.83,343.0,25233.0,2395.1875
966,7.8788,8.8397,1.8041,9.0106,333.0,25481.0,2395.1875
967,9.0379,7.6031,1.5901,8.5082,354.0,25621.0,2395.1875
968,8.5631,8.7982,1.7981,8.7042,350.0,25109.0,2395.1875
969,8.7091,7.5958,1.685,9.2936,353.0,28905.0,2395.1875
970,9.1779,8.5767,2.0032,8.721,356.0,30245.0,2395.1875
971,8.7946,7.619,1.8656,9.8377,388.0,33045.0,2395.1875
972,9.8102,8.9695,1.9609,7.9994,397.0,25541.0,2395.1875
973,7.9805,9.4975,1.8763,10.1294,346.0,19481.0,2395.1875
974,10.173,8.3626,2.094,8.5052,345.0,19373.0,2395.1875
975,8.5953,9.0873,2.2315,9.4221,346.0,19385.0,2395.1875
976,9.2677,7.7226,1.7876,9.0103,351.0,19467.0,2395.1875
977,9.0448,8.6033,1.8801,8.1813,346.0,19167.0,2395.1875
978,8.1587,7.664,1.8543,8.6412,345.0,19155.0,2395.1875
979,8.6352,8.8929,1.8169,8.8866,343.0,19131.0,2395.1875
980,8.8872,7.701,1.8309,9.4693,347.0,19179.0,2395.1875
981,9.4878,9.036,1.8351,8.6288,351.0,19563.0,2395.1875
982,8.583,7.6944,1.7589,9.4,378.0,22081.0,2395.1875
983,9.4764,8.6713,1.9153,8.9579,375.0,25123.0,2395.1875
984,8.9358,7.7834,1.6565,8.977,367.0,21131.0,2395.1875
985,9.0008,8.948,1.795,8.7575,362.0,19753.0,2395.1875
986,8.6828,8.6239,1.8748,8.3337,359.0,19241.0,2395.1875
987,8.3787,7.5736,2.0677,8.1883,365.0,19395.0,2395.1875
988,8.2135,8.8373,1.8394,9.6435,353.0,19151.0,2395.1875
989,9.7012,7.7118,2.2083,7.9928,380.0,22877.0,2395.1875
990,7.9816,9.2364,2.1591,10.5243,380.0,20773.0,2395.1875
991,10.4243,7.7325,1.7966,8.07,380.0,20281.0,2395.1875
992,8.0906,8.6347,1.8383,8.828,376.0,20255.0,2395.1875
993,8.8253,7.714,1.9062,8.518,379.0,20291.0,2395.1875
994,8.4555,9.0875,1.6982,9.1131,375.0,20159.0,2395.1875
995,9.1731,7.7018,1.6036,9.116,374.0,21053.0,2395.1875
996,9.1008,8.7489,1.7867,8.3061,379.0,23411.0,2395.1875
997,8.3326,7.7684,1.8173,9.9917,377.0,29317.0,2395.1875
998,10.0086,8.6054,1.5174,7.6044,380.0,29083.0,2395.1875
999,7.5817,7.7131,1.5496,9.1934,375.0,27299.0,2395.1875
1000,9.2028,9.055,1.52,8.3635,376.0,30115.0,2395.1875
1001,8.338,7.7583,1.6848,9.8577,376.0,23991.0,2395.1875
1002,9.8972,7.9945,1.8006,7.9135,363.0,20057.0,2395.1875
1003,7.8967,7.666,1.6942,9.5962,380.0,20175.0,2395.1875
1004,9.6331,7.7494,1.9884,9.0376,382.0,20247.0,2395.1875
1005,9.2891,8.7832,2.7453,8.6561,380.0,26789.0,2395.1875
1006,8.3765,7.7036,1.811,8.5521,377.0,26677.0,2395.1875
1007,8.659,8.9616,1.9111,8.7947,376.0,27469.0,2395.1875
1008,8.6945,7.712,1.828,9.6782,376.0,25167.0,2395.1875
1009,9.7937,8.8145,1.8482,8.1117,377.0,20235.0,2395.1875
1010,8.024,7.7069,1.5621,8.7422,377.0,20351.0,2395.1875
1011,8.7054,8.9492,1.7727,8.6556,376.0,20099.0,2395.1875
1012,8.6904,7.7525,1.7087,9.1268,374.0,30307.0,2395.1875
1013,9.1296,8.8738,1.7289,8.3987,377.0,34766.0,2395.1875
1014,8.3638,7.7233,1.6405,9.8768,382.0,27297.0,2395.1875
1015,9.9025,8.645,1.8226,8.3489,375.0,22450.0,2395.1875
1016,8.3678,7.7362,1.7266,9.9636,374.0,21983.0,2395.1875
1017,10.015,8.9016,2.5515,9.858,375.0,20015.0,2395.1875
1018,9.9601,8.0424,3.099,8.9646,378.0,25931.0,2395.1875
1019,8.8741,7.7945,2.2707,8.451,380.0,26207.0,2395.1875
1020,8.4677,8.9289,2.3683,8.0263,378.0,36011.0,2395.1875
1021,7.9256,7.7923,1.7641,9.8137,376.0,46781.0,2395.1875
1022,9.888,9.0503,2.2893,7.9112,377.0,20325.0,2395.1875
1023,7.8445,7.6831,1.862,9.2543,382.0,26777.0,2395.1875
1024,9.3525,9.1507,1.7653,8.3556,378.0,30371.0,2395.1875
1025,8.2752,7.7113,1.7539,9.0362,381.0,57329.0,2395.1875
1026,8.959,8.641,1.6646,8.1506,363.0,49919.0,2395.1875
1027,8.2622,7.7253,1.9239,9.3519,359.0,19997.0,2395.1875
1028,9.3112,8.882,1.7689,8.5663,344.0,18775.0,2395.1875
1029,8.5744,7.7456,1.5565,9.6507,375.0,23327.0,2395.1875
1030,9.6799,8.9599,1.7134,8.1446,374.0,20553.0,2395.1875
1031,8.141,7.6753,1.762,9.9346,372.0,20063.0,2395.1875
1032,9.9213,8.9993,1.8388,7.2346,374.0,21085.0,2395.1875
1033,7.2569,8.5985,1.7242,9.5987,374.0,20777.0,2395.1875
1034,9.5059,7.693,1.521,7.6503,362.0,20117.0,2395.1875
1035,7.6895,8.7507,1.835,9.8632,377.0,19923.0,2395.1875
1036,9.8391,7.7989,1.835,7.8361,380.0,20887.0,2395.1875
1037,7.8118,8.8024,1.7405,10.1297,375.0,20849.0,2395.1875
1038,10.1859,7.6948,1.8999,7.694,374.0,25161.0,2395.1875
1039,7.7761,8.83,1.9645,9.4249,375.0,33653.0,2395.1875
1040,9.3516,7.6891,1.9582,9.0467,373.0,36011.0,2395.1875
1041,9.01,9.0971,1.8608,8.5222,373.0,31751.0,2395.1875
1042,8.5399,7.7096,1.7541,8.7167,376.0,28051.0,2395.1875
1043,8.7001,8.662,1.6695,8.4114,372.0,22483.0,2395.1875
1044,8.3827,7.6771,1.4578,8.7849,350.0,19121.0,2395.1875
1045,8.8793,8.8131,1.8885,8.8768,336.0,17747.0,2395.1875
1046,8.7938,7.7801,1.7088,8.8218,337.0,17759.0,2395.1875
1047,8.8477,8.6943,1.6869,8.8977,372.0,22109.0,2395.1875
1048,9.0216,7.6986,1.7782,8.4381,372.0,19907.0,2395.1875
1049,8.3169,8.6944,1.7335,8.7096,358.0,19019.0,2395.1875
1050,8.7217,7.7717,1.7211,9.839,340.0,17751.0,2395.1875
1051,9.8702,8.8485,1.5669,7.814,341.0,17763.0,2395.1875
1052,7.7879,7.7891,1.8179,10.1932,377.0,19923.0,2395.1875
1053,10.2564,7.7443,2.0763,7.8864,376.0,24109.0,2395.1875
1054,7.8406,8.6037,2.0412,9.5977,373.0,24489.0,2395.1875
1055,9.5738,7.7412,2.112,7.9861,340.0,17773.0,2395.1875
1056,8.0014,9.511,1.8763,9.9049,337.0,17759.0,2395.1875
1057,9.9028,7.6431,2.0437,8.5522,362.0,19771.0,2395.1875
1058,8.6162,9.1803,1.8237,9.4783,337.0,17759.0,2395.1875
1059,9.3738,7.7323,1.5888,7.9532,339.0,17783.0,2395.1875
1060,7.9822,8.7833,1.6959,8.9008,372.0,19907.0,2395.1875
1061,8.8911,7.652,1.8231,8.4105,355.0,20599.0,2395.1875
1062,8.5776,9.0445,2.1063,9.6263,340.0,35395.0,2395.1875
1063,9.5097,7.7909,1.6921,8.2753,336.0,17747.0,2395.1875
1064,8.2233,8.8847,1.7141,8.8464,420.0,69489.0,2395.1875
1065,8.852,7.6899,1.7585,9.8696,337.0,17759.0,2395.1875
1066,9.911,8.9503,1.8785,7.6998,343.0,17787.0,2395.1875
1067,7.6732,8.7221,1.48,9.9832,340.0,17751.0,2395.1875
1068,10.0038,8.1127,1.6952,7.9423,342.0,17775.0,2395.1875
1069,7.8896,8.6707,1.5928,9.722,342.0,17797.0,2395.1875
1070,9.7813,7.704,1.902,8.4064,338.0,17749.0,2395.1875
1071,8.6216,8.8971,2.1085,9.0882,340.0,17773.0,2395.1875
1072,8.8745,7.6794,1.7558,8.1406,336.0,17747.0,2395.1875
1073,8.1707,9.0915,1.8352,9.5339,360.0,25939.0,2395.1875
1074,9.4677,7.6618,1.7433,8.5046,364.0,20339.0,2395.1875
1075,8.5705,9.0695,1.7389,9.1204,373.0,20847.0,2395.1875
1076,9.134,7.7289,1.7281,8.8593,373.0,20383.0,2395.1875
1077,8.7838,9.1065,1.7376,9.2322,372.0,22275.0,2395.1875
1078,9.2072,7.6996,1.6599,8.6915,374.0,24575.0,2395.1875
1079,8.7342,8.8873,1.7486,8.6028,365.0,25535.0,2395.1875
1080,8.6587,7.7704,1.8185,8.909,373.0,21005.0,2395.1875
1081,8.9372,9.3268,1.7463,9.6459,372.0,20275.0,2395.1875
1082,9.5947,8.3659,2.0243,9.6403,377.0,24976.0,2395.1875
1083,9.7374,7.7004,2.4678,7.4732,362.0,38788.0,2395.1875
1084,7.3387,8.9308,1.9868,10.4943,342.0,17775.0,2395.1875
1085,10.5031,7.7599,2.0096,7.2715,338.0,17749.0,2395.1875
1086,7.3052,9.1036,2.0285,10.0208,337.0,17737.0,2395.1875
1087,10.0301,7.6837,1.8412,8.2558,337.0,17737.0,2395.1875
1088,8.2307,9.1342,1.717,9.4469,339.0,17783.0,2395.1875
1089,9.4547,7.7717,1.9283,8.9902,338.0,17771.0,2395.1875
1090,8.9961,9.1473,1.9371,8.4787,335.0,17735.0,2395.1875
1091,8.4378,7.7146,1.9828,8.6479,339.0,17783.0,2395.1875
1092,8.6756,8.8193,1.9663,8.7317,338.0,18235.0,2395.1875
1093,8.7382,7.7126,1.6337,8.6705,337.0,17759.0,2395.1875
1094,8.6311,9.1201,1.6331,9.319,337.0,17759.0,2395.1875
1095,9.3485,7.7173,1.6254,9.524,343.0,18903.0,2395.1875
1096,9.5008,8.841,1.76,7.9847,338.0,17771.0,2395.1875
1097,7.9946,8.6466,1.4797,9.7921,336.0,17747.0,2395.1875
1098,9.8101,8.0309,1.7074,8.3662,341.0,17763.0,2395.1875
1099,8.3444,8.977,1.8288,9.1861,342.0,17775.0,2395.1875
1100,9.224,7.6685,1.9107,9.0606,341.0,17763.0,2395.1875
1101,9.1436,8.8889,1.8993,8.439,339.0,17761.0,2395.1875
1102,8.3345,7.6768,1.7621,8.8273,341.0,17785.0,2395.1875
1103,8.7921,9.2258,1.7747,9.2262,337.0,17737.0,2395.1875
1104,9.3236,7.6994,1.7961,9.006,337.0,17759.0,2395.1875
1105,8.9352,8.8436,1.8709,8.3147,338.0,17771.0,2395.1875
1106,8.3251,8.4643,1.6351,8.475,340.0,17795.0,2395.1875
1107,8.4944,8.8429,1.7217,9.2513,338.0,17771.0,2395.1875
1108,9.2217,7.7361,1.5012,8.6334,336.0,17747.0,2395.1875
1109,8.6414,8.8827,1.5996,9.0293,339.0,17783.0,2395.1875
1110,8.9995,7.6886,1.7528,10.37,339.0,17783.0,2395.1875
1111,10.4215,8.0772,1.7043,7.3256,337.0,17759.0,2395.1875
1112,7.2976,7.7719,1.435,9.446,337.0,17759.0,2395.1875
1113,9.4343,7.7231,2.0244,8.0041,339.0,17783.0,2395.1875
1114,8.0067,9.0947,1.5304,9.9441,341.0,17763.0,2395.1875
1115,9.9885,7.667,1.9637,7.9023,342.0,17775.0,2395.1875
1116,7.8649,8.8731,1.9588,9.4113,350.0,18351.0,2395.1875
1117,9.3784,7.7289,1.7023,8.7533,375.0,21471.0,2395.1875
1118,8.7617,8.8545,1.537,9.4364,373.0,24609.0,2395.1875
1119,9.4645,7.766,1.6197,8.3443,364.0,20689.0,2395.1875
1120,8.402,9.2043,1.841,9.0931,362.0,19513.0,2395.1875
1121,9.0406,7.7404,1.7061,9.0997,349.0,18733.0,2395.1875
1122,9.1315,8.9439,1.806,8.3525,357.0,19007.0,2395.1875
1123,8.3923,7.7365,1.7775,9.4556,347.0,18775.0,2395.1875
1124,9.4196,8.8885,1.668,8.4124,377.0,22563.0,2395.1875
1125,8.3564,7.7466,1.5888,9.4493,374.0,20423.0,2395.1875
1126,9.5181,9.0825,1.6794,8.1083,374.0,19931.0,2395.1875
1127,8.0178,8.1697,1.5723,9.6411,372.0,19907.0,2395.1875
1128,9.6795,8.3249,1.7475,7.858,371.0,19895.0,2395.1875
1129,7.8931,8.7267,1.6171,9.7894,375.0,19943.0,2395.1875
1130,9.8824,7.7247,2.0157,8.4337,376.0,21281.0,2395.1875
1131,8.356,8.7942,2.0265,9.3942,377.0,22663.0,2395.1875
1132,9.356,7.8144,1.9185,8.8487,377.0,29057.0,2395.1875
1133,8.9097,9.0139,1.7705,8.8307,375.0,28785.0,2395.1875
1134,8.7711,7.7841,1.6987,8.8767,377.0,27085.0,2395.1875
1135,8.9141,9.042,1.7189,8.9547,374.0,29853.0,2395.1875
1136,9.0638,7.7499,1.9591,9.6587,371.0,23715.0,2395.1875
1137,9.5198,8.7727,1.6878,9.079,359.0,20173.0,2395.1875
1138,9.0393,7.6997,1.5736,7.4724,373.0,19919.0,2395.1875
1139,7.5484,8.9652,1.5808,8.8713,374.0,20051.0,2395.1875
1140,8.8844,7.7213,1.5904,9.6005,371.0,27391.0,2395.1875
1141,9.5519,8.2928,1.7756,8.3838,375.0,25989.0,2395.1875
1142,8.3886,7.7924,1.6655,9.6273,375.0,27781.0,2395.1875
1143,9.7141,8.1652,1.916,8.203,375.0,24275.0,2395.1875
1144,8.0967,8.4732,1.7888,9.6456,372.0,20271.0,2395.1875
1145,9.7491,7.7763,2.038,8.5692,377.0,19967.0,2395.1875
1146,8.5089,9.1891,1.7856,9.3642,375.0,19899.0,2395.1875
1147,9.3939,7.713,1.8961,8.0428,378.0,34662.0,2395.1875
1148,8.0138,9.0394,1.4709,9.3212,376.0,32791.0,2395.1875
1149,9.2751,7.7822,1.5343,8.7792,383.0,26486.0,2395.1875
1150,8.8911,8.7845,1.9235,8.6313,376.0,20645.0,2395.1875
1151,8.5121,7.747,1.6235,9.2262,378.0,21813.0,2395.1875
1152,9.2693,9.0877,1.7204,8.5267,372.0,19907.0,2395.1875
1153,8.503,7.7555,1.6577,9.5193,373.0,31075.0,2395.1875
1154,9.5803,8.9811,1.7915,8.2886,372.0,20851.0,2395.1875
1155,8.2157,7.745,1.5946,10.2065,375.0,46411.0,2395.1875
1156,10.2755,9.1537,1.6726,7.5934,375.0,36255.0,2395.1875
1157,7.5652,8.9156,1.6303,9.8289,375.0,26923.0,2395.1875
1158,9.808,7.7783,1.6298,7.8911,378.0,26743.0,2395.1875
1159,7.8569,8.9712,1.7603,10.1693,380.0,29895.0,2395.1875
1160,10.1988,7.7228,1.8421,8.3104,380.0,55785.0,2395.1875
1161,8.3672,8.8581,1.8479,8.5622,361.0,45473.0,2395.1875
1162,8.5148,7.7383,1.77,8.6044,358.0,18939.0,2395.1875
1163,8.6337,9.023,1.7528,9.2502,348.0,18707.0,2395.1875
1164,9.245,7.6878,1.6482,8.9128,379.0,23259.0,2395.1875
1165,8.9854,9.1519,1.8193,9.2016,375.0,20543.0,2395.1875
1166,9.2051,7.7562,1.918,9.1537,376.0,20089.0,2395.1875
1167,9.1111,9.0695,2.0377,8.5835,375.0,21075.0,2395.1875
1168,8.5517,7.705,1.9443,8.4174,375.0,20789.0,2395.1875
1169,8.4321,8.1286,1.8269,9.546,366.0,20401.0,2395.1875
1170,9.5635,7.8481,1.7268,9.0625,373.0,19919.0,2395.1875
1171,9.1292,8.647,1.8016,7.8587,374.0,20859.0,2395.1875
1172,7.8151,9.1048,1.8754,10.5474,372.0,21299.0,2395.1875
1173,10.4807,7.7299,1.6953,7.2993,373.0,26479.0,2395.1875
1174,7.3061,8.8643,1.9098,10.476,375.0,35079.0,2395.1875
1175,10.519,7.7336,1.97,6.9945,373.0,34307.0,2395.1875
1176,6.9771,8.0643,1.9146,9.6505,373.0,30647.0,2395.1875
1177,9.6278,7.7608,1.8199,8.9131,374.0,27659.0,2395.1875
1178,8.9133,9.0655,1.7002,8.8567,379.0,22523.0,2395.1875
1179,8.9086,7.6916,1.6272,9.4902,349.0,18873.0,2395.1875
1180,9.4911,8.9637,1.97,8.1985,340.0,17751.0,2395.1875
1181,8.1072,7.7729,1.597,8.8711,337.0,17737.0,2395.1875
1182,8.9378,8.8305,1.8824,8.6569,374.0,22111.0,2395.1875
1183,8.5907,7.6487,1.6641,9.2132,377.0,19945.0,2395.1875
1184,9.2779,9.101,1.7617,8.178,359.0,19031.0,2395.1875
1185,8.1802,7.7205,1.4608,9.9417,336.0,17747.0,2395.1875
1186,9.9286,8.8567,1.6544,8.1911,337.0,17759.0,2395.1875
1187,8.1807,7.7669,1.9301,9.9174,373.0,19919.0,2395.1875
1188,9.9728,8.7178,2.2007,9.3343,373.0,24095.0,2395.1875
1189,9.3556,9.1057,1.9856,8.5376,372.0,24499.0,2395.1875
1190,8.4806,7.7089,1.9339,7.4722,337.0,17759.0,2395.1875
1191,7.629,9.0845,1.9851,9.4873,339.0,17783.0,2395.1875
1192,9.3485,7.6883,1.7416,8.7713,363.0,19783.0,2395.1875
1193,8.7706,9.4127,1.8813,9.7425,336.0,17747.0,2395.1875
1194,9.7091,7.706,1.679,9.011,342.0,17775.0,2395.1875
1195,9.0038,8.8926,1.5491,8.238,377.0,19923.0,2395.1875
1196,8.2043,7.7368,1.5482,8.8764,357.0,20579.0,2395.1875
1197,8.941,8.8249,1.6715,8.4988,340.0,17773.0,2395.1875
1198,8.5158,7.7663,1.4706,8.7198,340.0,17773.0,2395.1875
1199,8.689,8.868,1.7904,9.2497,419.0,69455.0,2395.1875
1200,9.2267,7.707,1.7628,9.9904,336.0,17747.0,2395.1875
1201,10.0285,8.9228,1.7641,8.1551,337.0,17759.0,2395.1875
1202,8.1085,7.7312,1.6212,9.1618,336.0,17747.0,2395.1875
1203,9.2164,7.9487,1.9907,7.3524,335.0,17735.0,2395.1875
1204,7.351,8.937,1.4736,10.241,338.0,17771.0,2395.1875
1205,10.2516,7.7492,1.8046,7.41,336.0,17747.0,2395.1875
1206,7.3381,8.8582,1.7827,9.8347,337.0,17759.0,2395.1875
1207,9.9337,7.6795,1.8503,7.7636,337.0,17759.0,2395.1875
1208,7.8655,8.8333,1.7723,9.7118,362.0,25963.0,2395.1875
1209,9.5234,7.7165,2.0194,8.7865,358.0,20267.0,2395.1875
1210,8.8254,8.9733,1.7742,9.5522,378.0,20863.0,2395.1875
1211,9.5658,7.6501,1.7376,8.3485,377.0,20387.0,2395.1875
1212,8.344,8.9453,1.7112,8.7137,376.0,22279.0,2395.1875
1213,8.6665,7.7398,1.604,9.228,375.0,24565.0,2395.1875
1214,9.2614,8.9013,1.8372,8.3138,369.0,25561.0,2395.1875
1215,8.3331,7.794,1.7813,8.8827,375.0,21007.0,2395.1875
1216,8.8972,8.9995,1.8438,9.3821,376.0,20323.0,2395.1875
1217,9.3723,7.7368,1.7255,9.6629,371.0,24948.0,2395.1875
1218,9.6845,9.3056,1.8989,8.2619,355.0,21148.0,2395.1875
1219,8.2814,8.8554,1.9856,9.0936,337.0,17759.0,2395.1875
1220,9.0729,7.7191,2.2174,7.9896,338.0,17771.0,2395.1875
1221,7.9331,8.8166,2.1338,9.6812,340.0,17795.0,2395.1875
1222,9.7166,7.6646,1.9467,8.3783,335.0,17735.0,2395.1875
1223,8.4439,8.933,2.0254,9.9086,338.0,17771.0,2395.1875
1224,9.8158,7.7172,2.0285,7.6765,339.0,17783.0,2395.1875
1225,7.7094,9.1136,1.892,9.7696,337.0,17759.0,2395.1875
1226,9.8244,7.7499,1.9,8.2674,341.0,17763.0,2395.1875
1227,8.2384,8.6571,1.957,8.6339,341.0,18227.0,2395.1875
1228,8.6592,7.668,1.905,9.4706,341.0,17763.0,2395.1875
1229,9.4751,8.7272,1.9077,8.1093,341.0,17785.0,2395.1875
1230,8.0536,7.7028,1.7483,8.857,344.0,18893.0,2395.1875
1231,8.8832,9.2218,1.6877,8.607,339.0,17761.0,2395.1875
1232,8.5453,7.7199,1.6357,10.2758,337.0,17759.0,2395.1875
1233,10.296,7.8069,1.8447,7.2705,337.0,17759.0,2395.1875
1234,7.2431,8.7254,1.6792,9.794,336.0,17747.0,2395.1875
1235,9.8613,7.7039,1.8008,7.587,336.0,17747.0,2395.1875
1236,7.5645,9.0626,1.5774,10.2717,337.0,17759.0,2395.1875
1237,10.3267,7.6854,1.8816,7.5653,336.0,17747.0,2395.1875
1238,7.5002,8.8591,1.9792,9.5887,337.0,17759.0,2395.1875
1239,9.5985,7.7006,2.1193,8.6384,338.0,17771.0,2395.1875
1240,8.6776,8.8832,1.9057,9.6783,336.0,17747.0,2395.1875
1241,9.6571,7.7099,1.9331,8.2133,335.0,17735.0,2395.1875
1242,8.2167,8.8974,1.8219,9.0035,339.0,17739.0,2395.1875
1243,9.0003,7.6961,1.9213,9.078,342.0,17775.0,2395.1875
1244,9.0451,8.8822,1.8874,8.013,341.0,17763.0,2395.1875
1245,8.0875,7.7017,1.8799,9.4048,339.0,17761.0,2395.1875
1246,9.4516,8.8412,2.0929,8.3027,340.0,17773.0,2395.1875
1247,8.2076,7.6467,1.7589,9.2522,339.0,17761.0,2395.1875
1248,9.2765,8.8912,1.9161,8.2917,338.0,17771.0,2395.1875
1249,8.2648,7.6892,1.6161,9.3754,337.0,17759.0,2395.1875
1250,9.3721,8.6835,1.8768,8.7336,340.0,17795.0,2395.1875
1251,8.7232,7.9105,1.6916,9.5992,348.0,18371.0,2395.1875
1252,9.5949,8.4991,2.1783,7.3243,373.0,21469.0,2395.1875
1253,7.3105,8.8078,1.7066,9.6608,373.0,24631.0,2395.1875
1254,9.7265,7.7168,1.9821,7.9725,364.0,20855.0,2395.1875
1255,7.9182,8.6556,1.8442,9.3757,366.0,19609.0,2395.1875
1256,9.3635,7.7411,1.9425,7.508,348.0,18577.0,2395.1875
1257,7.6083,9.0066,1.815,9.8856,359.0,18983.0,2395.1875
1258,9.7882,7.6881,1.7804,8.1496,349.0,18755.0,2395.1875
1259,8.1824,8.7273,1.7994,9.4623,376.0,22507.0,2395.1875
1260,9.4098,7.7245,1.5384,8.6631,378.0,20427.0,2395.1875
1261,8.7444,8.8124,1.992,8.908,378.0,19957.0,2395.1875
1262,8.852,7.7561,1.6704,8.7521,376.0,19933.0,2395.1875
1263,8.7871,8.9052,1.7733,8.5323,375.0,19921.0,2395.1875
1264,8.4989,7.7262,1.5915,9.0359,373.0,19919.0,2395.1875
1265,9.2018,8.5931,1.6527,8.4152,376.0,21325.0,2395.1875
1266,8.2198,7.7855,1.4882,9.4051,374.0,22671.0,2395.1875
1267,9.5082,8.9168,1.7529,8.1687,372.0,29041.0,2395.1875
1268,8.1277,7.9513,1.6746,10.1895,374.0,28795.0,2395.1875
1269,10.1869,8.752,1.7427,8.2898,374.0,27071.0,2395.1875
1270,8.311,8.8225,1.706,8.8596,374.0,29875.0,2395.1875
1271,8.8548,7.6484,1.9006,8.0917,372.0,23727.0,2395.1875
1272,8.1082,8.9478,1.9395,10.3299,367.0,20653.0,2395.1875
1273,10.3097,7.7194,1.8393,7.6361,372.0,19907.0,2395.1875
1274,7.6538,8.6787,1.8776,9.4859,377.0,20875.0,2395.1875
1275,9.4646,7.6451,1.7659,7.741,375.0,29041.0,2395.1875
1276,7.7174,8.9739,1.8754,9.6656,375.0,23835.0,2395.1875
1277,9.6875,7.7806,1.7794,8.6315,374.0,27747.0,2395.1875
1278,8.6607,8.8624,1.869,9.1707,374.0,23993.0,2395.1875
1279,9.1413,7.6699,1.7273,9.1711,379.0,20213.0,2395.1875
1280,9.1905,8.7767,1.927,8.1882,375.0,19943.0,2395.1875
1281,8.1341,7.6748,1.6843,9.3074,374.0,24354.0,2395.1875
1282,9.37,8.907,1.8971,8.1173,374.0,32811.0,2395.1875
1283,8.0659,7.7518,1.8285,9.2975,375.0,34405.0,2395.1875
1284,9.4893,9.1471,2.0053,8.1574,377.0,22742.0,2395.1875
1285,8.0965,7.6787,1.6651,10.4415,373.0,21095.0,2395.1875
1286,10.2892,7.8152,1.5577,7.1882,373.0,20847.0,2395.1875
1287,7.2325,8.8861,1.6695,10.7708,372.0,25139.0,2395.1875
1288,10.7869,7.7604,1.8674,6.9869,374.0,25855.0,2395.1875
1289,6.93,9.2086,1.7928,10.1263,374.0,36571.0,2395.1875
1290,10.1964,8.0057,1.9723,8.9372,377.0,35927.0,2395.1875
1291,8.9924,8.7776,1.8378,8.6546,377.0,37675.0,2395.1875
1292,8.6163,7.7562,1.8394,9.1197,376.0,23619.0,2395.1875
1293,9.0904,8.943,1.8418,8.757,378.0,29725.0,2395.1875
1294,8.8026,7.7977,1.944,9.4153,376.0,26789.0,2395.1875
1295,9.3809,9.4046,1.838,8.4771,380.0,53799.0,2395.1875
1296,8.4296,7.7044,1.6362,8.9408,363.0,43901.0,2395.1875
1297,9.0119,9.1167,2.0448,8.7306,351.0,18707.0,2395.1875
1298,8.7148,7.7959,1.8104,9.8593,344.0,18703.0,2395.1875
1299,9.8384,9.0015,1.7451,8.6176,373.0,23231.0,2395.1875
1300,8.5977,8.4766,1.7832,9.2742,376.0,20577.0,2395.1875
1301,9.3188,8.0846,2.0248,8.6414,373.0,20075.0,2395.1875
1302,8.6845,8.8111,1.875,9.6185,372.0,21061.0,2395.1875
1303,9.5789,7.9807,1.8948,7.8537,371.0,20741.0,2395.1875
1304,7.8984,9.134,1.9703,9.6426,370.0,20641.0,2395.1875
1305,9.5934,7.9837,1.8185,8.5365,373.0,19919.0,2395.1875
1306,8.5271,8.7084,1.9501,9.078,381.0,21363.0,2395.1875
1307,9.0699,7.5885,1.7516,8.5117,377.0,21219.0,2395.1875
1308,8.5286,8.7584,1.9091,8.984,377.0,27983.0,2395.1875
1309,8.9843,7.7906,1.7914,8.6142,374.0,33913.0,2395.1875
1310,8.6281,9.1531,1.8814,8.8796,377.0,34701.0,2395.1875
1311,8.8364,7.7315,1.702,8.9833,376.0,29557.0,2395.1875
1312,9.0073,8.8265,2.0521,9.2629,370.0,27467.0,2395.1875
1313,9.2491,7.7547,1.7355,9.2765,376.0,22531.0,2395.1875
1314,9.2554,8.8391,1.733,7.5412,346.0,18833.0,2395.1875
1315,7.6341,8.9803,1.7728,9.9381,339.0,17783.0,2395.1875
1316,9.9193,7.7744,2.054,7.5335,337.0,17759.0,2395.1875
1317,7.4827,8.9535,1.6577,9.9077,373.0,22121.0,2395.1875
1318,9.9067,7.6721,1.9016,8.1051,373.0,19919.0,2395.1875
1319,8.1513,8.6401,1.9528,9.2123,360.0,19043.0,2395.1875
1320,9.2094,7.6749,1.9311,8.5057,339.0,17783.0,2395.1875
1321,8.4986,9.1901,1.7938,9.2362,337.0,17759.0,2395.1875
1322,9.2475,7.7008,2.0096,9.0358,377.0,19923.0,2395.1875
1323,9.0037,8.8668,1.8307,8.7056,379.0,24123.0,2395.1875
1324,8.6925,7.7051,1.6041,9.0782,379.0,24539.0,2395.1875
1325,9.0915,8.9241,1.7749,8.3776,338.0,17749.0,2395.1875
1326,8.3504,7.9341,1.7363,9.4515,339.0,17761.0,2395.1875
1327,9.5146,8.9262,1.9234,8.5522,366.0,19797.0,2395.1875
1328,8.4834,7.7068,1.6125,9.6014,337.0,17759.0,2395.1875
1329,9.6686,8.8792,1.793,7.7921,338.0,17771.0,2395.1875
1330,7.7295,8.7587,1.7062,10.5208,372.0,19907.0,2395.1875
1331,10.5508,7.7073,1.8288,7.1358,354.0,20587.0,2395.1875
1332,7.1414,8.8863,1.6598,9.6001,338.0,17771.0,2395.1875
1333,9.627,7.6964,2.0227,7.7138,338.0,17771.0,2395.1875
1334,7.6856,8.8137,1.8032,10.0567,418.0,69465.0,2395.1875
1335,10.0505,7.7455,1.8469,7.7408,336.0,17747.0,2395.1875
1336,7.7251,9.1218,1.664,9.3493,335.0,17735.0,2395.1875
1337,9.2815,7.6418,1.3704,8.3188,336.0,17747.0,2395.1875
1338,8.3677,8.5581,1.5287,9.2521,341.0,17763.0,2395.1875
1339,9.3214,7.6702,1.7978,8.6341,343.0,17787.0,2395.1875
1340,8.6105,8.5704,1.8284,9.1476,341.0,17763.0,2395.1875
1341,9.1857,7.7326,1.7904,7.9973,339.0,17761.0,2395.1875
1342,7.9556,9.0846,1.8696,8.9833,339.0,17761.0,2395.1875
1343,8.9727,7.7217,1.5965,8.9872,364.0,25965.0,2395.1875
1344,9.0293,8.6318,1.887,8.3767,359.0,20279.0,2395.1875
1345,8.3303,7.7198,1.5769,9.3454,372.0,20835.0,2395.1875
1346,9.3638,8.9555,2.0504,8.2037,375.0,20407.0,2395.1875
1347,8.1756,7.7131,1.594,10.6678,373.0,22287.0,2395.1875
1348,10.7014,9.053,1.7666,7.2742,373.0,24563.0,2395.1875
1349,7.2405,8.3377,1.4783,9.3484,368.0,25667.0,2395.1875
1350,9.4366,7.694,1.8925,7.8085,374.0,21017.0,2395.1875
1351,7.7376,8.7546,1.5754,10.4811,373.0,20287.0,2395.1875
1352,10.5426,7.7061,1.9075,7.1479,374.0,24984.0,2395.1875
1353,7.1815,9.1594,2.1267,9.8444,355.0,21052.0,2395.1875
1354,9.764,7.6783,2.1707,8.6901,339.0,17739.0,2395.1875
1355,8.6914,9.2128,2.0635,9.0351,341.0,17763.0,2395.1875
1356,9.0159,7.7486,1.6397,9.0632,340.0,17751.0,2395.1875
1357,9.1174,8.7793,1.6727,8.312,338.0,17749.0,2395.1875
1358,8.2412,7.6792,1.5856,8.418,338.0,17749.0,2395.1875
1359,8.5114,8.813,1.7569,9.0181,340.0,17773.0,2395.1875
1360,8.9389,7.6357,1.4073,8.9213,336.0,17747.0,2395.1875
1361,9.0171,8.9315,1.761,8.624,337.0,17759.0,2395.1875
1362,8.5055,7.7137,1.5553,10.056,337.0,18223.0,2395.1875
1363,10.1684,8.8773,1.8598,8.5777,337.0,17759.0,2395.1875
1364,8.6269,7.7022,1.7299,8.9419,336.0,17747.0,2395.1875
1365,8.8403,8.9707,1.8437,8.361,341.0,18879.0,2395.1875
1366,8.4018,7.9136,1.7747,9.3334,336.0,17747.0,2395.1875
1367,9.2956,7.8493,2.0684,7.847,337.0,17759.0,2395.1875
1368,7.8433,8.8523,2.2123,9.4114,337.0,17759.0,2395.1875
1369,9.4058,7.6733,2.0671,8.6145,336.0,17747.0,2395.1875
1370,8.68,8.57,2.1978,9.0623,343.0,17787.0,2395.1875
1371,8.994,7.7048,1.7141,8.7533,341.0,17763.0,2395.1875
1372,8.7582,8.6406,1.9643,8.668,342.0,17775.0,2395.1875
1373,8.7976,7.7699,1.9127,9.1623,338.0,17749.0,2395.1875
1374,9.0422,8.8088,1.7162,7.7181,339.0,17761.0,2395.1875
1375,7.6847,7.6923,1.6163,8.7161,340.0,17773.0,2395.1875
1376,8.7566,8.4598,1.8807,8.5178,338.0,17777.0,2395.1875
1377,8.5044,7.6543,1.9048,10.193,333.0,18087.0,2395.1875
1378,10.2688,9.0098,2.264,8.0941,333.0,18087.0,2395.1875
1379,8.0243,8.8524,1.9365,9.9968,335.0,18111.0,2395.1875
1380,10.0732,9.0014,1.8863,8.621,334.0,18099.0,2395.1875
1381,8.5312,7.6789,1.4855,8.6017,332.0,18075.0,2395.1875
1382,8.5741,7.6027,1.725,8.5066,334.0,18099.0,2395.1875
1383,8.5532,8.8138,1.7898,9.7644,332.0,18075.0,2395.1875
1384,9.8011,7.6967,2.1816,8.0205,334.0,18099.0,2395.1875
1385,8.0584,9.8768,2.3457,9.8779,337.0,18135.0,2395.1875
1386,9.7928,7.686,2.4108,9.3051,347.0,18691.0,2395.1875
1387,9.3505,9.0999,1.9227,8.8586,373.0,21801.0,2395.1875
1388,8.9249,7.69,1.9075,8.6542,372.0,24951.0,2395.1875
1389,8.5997,9.0892,1.8051,8.8733,363.0,21197.0,2395.1875
1390,8.7904,7.7321,1.6172,8.9005,362.0,19915.0,2395.1875
1391,9.0398,9.0664,1.8334,9.301,350.0,19147.0,2395.1875
1392,9.2876,7.6158,1.7791,8.1915,348.0,19035.0,2395.1875
1393,8.1044,8.9208,1.7708,9.4994,342.0,19091.0,2395.1875
1394,9.5376,7.9001,1.6325,10.0455,369.0,22843.0,2395.1875
1395,10.0021,8.7943,1.8216,7.6251,369.0,20739.0,2395.1875
1396,7.6203,8.6985,2.0312,9.6544,367.0,20223.0,2395.1875
1397,9.6634,7.7012,2.2882,8.7337,367.0,20223.0,2395.1875
1398,8.9678,8.9775,2.262,9.1071,369.0,20247.0,2395.1875
1399,8.8951,7.7537,2.0316,7.3538,370.0,20259.0,2395.1875
1400,7.3793,9.1567,2.143,10.0248,369.0,21617.0,2395.1875
1401,10.0108,7.8057,1.9263,8.1675,368.0,22975.0,2395.1875
1402,8.285,8.6531,2.0317,9.0228,374.0,29397.0,2395.1875
1403,8.9634,7.6654,1.8221,8.4769,375.0,29139.0,2395.1875
1404,8.3823,8.9686,1.7585,8.8074,373.0,27391.0,2395.1875
1405,8.8303,7.7977,1.7352,8.7295,374.0,30229.0,2395.1875
1406,8.7446,9.358,1.9952,10.0398,372.0,24081.0,2395.1875
1407,10.011,7.7142,1.8773,8.6707,368.0,21163.0,2395.1875
1408,8.7117,8.5916,1.9177,8.2493,370.0,20627.0,2395.1875
1409,8.2086,7.6627,1.9413,10.3184,367.0,21271.0,2395.1875
1410,10.3318,7.756,1.8096,6.68,371.0,28949.0,2395.1875
1411,6.6316,8.7805,1.6239,9.9347,368.0,24171.0,2395.1875
1412,9.9832,7.7286,1.6652,7.6989,370.0,28097.0,2395.1875
1413,7.7548,8.0966,1.5638,9.8306,369.0,24331.0,2395.1875
1414,9.8082,7.7074,2.1106,8.1217,367.0,20467.0,2395.1875
1415,8.0959,8.6846,1.99,10.0464,371.0,20271.0,2395.1875
1416,10.0404,7.6997,1.953,7.4796,372.0,24706.0,2395.1875
1417,7.5082,9.0731,2.1,9.511,371.0,35727.0,2395.1875
1418,9.4699,7.7227,1.8542,8.9169,378.0,32197.0,2395.1875
1419,9.0361,8.6097,1.8482,8.4442,375.0,23050.0,2395.1875
1420,8.3443,7.726,1.7566,9.1067,374.0,21439.0,2395.1875
1421,9.0887,8.9203,2.0986,8.4595,374.0,26445.0,2395.1875
1422,8.4651,7.7275,1.9231,8.8643,369.0,20225.0,2395.1875
1423,8.8582,8.9884,1.6723,9.4366,372.0,26341.0,2395.1875
1424,9.4953,7.7146,1.7671,8.2429,370.0,36743.0,2395.1875
1425,8.1829,8.655,1.7798,8.7916,370.0,36263.0,2395.1875
1426,8.7861,7.7433,1.6402,9.3696,372.0,38569.0,2395.1875
1427,9.379,8.3747,1.7908,8.0889,368.0,27113.0,2395.1875
1428,8.0712,7.7841,1.7954,9.7574,373.0,29613.0,2395.1875
1429,9.8804,8.6727,1.7996,7.4501,372.0,30809.0,2395.1875
1430,7.3116,8.9202,1.5045,10.0293,374.0,49193.0,2395.1875
1431,10.091,7.7458,1.7945,7.4955,350.0,42081.0,2395.1875
1432,7.4734,8.8832,2.0865,9.8604,342.0,18879.0,2395.1875
1433,9.8959,7.6578,2.2641,7.704,338.0,19007.0,2395.1875
1434,7.76,8.5811,1.8262,10.0611,375.0,23587.0,2395.1875
1435,9.969,7.6916,1.9093,8.1039,377.0,20921.0,2395.1875
1436,8.2394,8.8928,1.8965,9.7246,372.0,20395.0,2395.1875
1437,9.5901,7.7192,1.868,8.2083,373.0,21427.0,2395.1875
1438,8.2769,9.212,1.8697,8.9672,369.0,21071.0,2395.1875
1439,8.904,7.7421,1.7057,8.8047,367.0,21007.0,2395.1875
1440,8.8437,9.0601,1.9581,8.8493,370.0,20259.0,2395.1875
1441,8.7802,7.7447,1.7021,9.0465,369.0,21639.0,2395.1875
1442,9.0956,8.8782,1.7516,8.5019,369.0,21543.0,2395.1875
1443,8.4971,7.7025,1.6168,9.5846,370.0,29723.0,2395.1875
1444,9.6193,8.8563,1.9918,8.2383,368.0,34239.0,2395.1875
1445,8.2722,7.7554,1.6599,9.9246,371.0,33623.0,2395.1875
1446,9.9101,8.9275,1.9706,7.4763,367.0,30215.0,2395.1875
1447,7.4396,8.9812,1.7053,10.0862,365.0,27831.0,2395.1875
1448,10.0761,7.7082,2.1739,7.9557,369.0,22455.0,2395.1875
1449,8.0454,9.0263,2.0846,9.9197,340.0,19041.0,2395.1875
1450,9.8291,7.7499,1.7359,8.5233,337.0,18091.0,2395.1875
1451,8.5665,8.8917,1.9329,8.5431,337.0,18091.0,2395.1875
1452,8.4856,7.7375,1.6997,9.9529,374.0,22465.0,2395.1875
1453,10.0893,9.1842,1.8757,8.9272,372.0,20261.0,2395.1875
1454,8.8843,7.7845,1.7833,8.3895,358.0,19373.0,2395.1875
1455,8.325,9.1039,1.8413,8.8829,335.0,18089.0,2395.1875
1456,8.8531,7.6508,1.7343,8.1066,336.0,18123.0,2395.1875
1457,8.1411,8.7482,1.7234,9.1628,368.0,20235.0,2395.1875
1458,9.2399,7.7607,1.8211,10.0904,367.0,24399.0,2395.1875
1459,9.9885,9.0981,1.8989,7.3813,369.0,24839.0,2395.1875
1460,7.3595,7.9282,1.5715,9.5793,334.0,18099.0,2395.1875
1461,9.6571,7.7505,1.6944,8.0764,334.0,18099.0,2395.1875
1462,7.9807,8.7856,1.7459,9.808,362.0,20147.0,2395.1875
1463,9.8621,7.6598,1.9654,7.6797,332.0,18075.0,2395.1875
1464,7.6453,9.1114,1.7291,10.0095,333.0,18087.0,2395.1875
1465,10.0397,7.6732,1.9842,8.7533,368.0,20235.0,2395.1875
1466,8.8338,8.9813,2.1961,8.8049,356.0,20943.0,2395.1875
1467,8.699,7.6126,1.772,8.6485,338.0,18103.0,2395.1875
1468,8.7428,8.9942,1.8916,9.3105,338.0,18103.0,2395.1875
1469,9.2896,7.7664,1.9966,9.054,418.0,69819.0,2395.1875
1470,9.0296,9.1586,2.1599,8.4335,337.0,18113.0,2395.1875
1471,8.5034,7.7041,1.7267,9.1631,334.0,18077.0,2395.1875
1472,9.1348,9.1694,1.8498,8.4401,332.0,18075.0,2395.1875
1473,8.3407,7.6053,1.6236,9.7176,335.0,18111.0,2395.1875
1474,9.8016,8.8429,1.8265,7.789,334.0,18099.0,2395.1875
1475,7.7317,7.9375,1.5507,9.9369,335.0,18111.0,2395.1875
1476,10.0721,8.0605,1.8961,7.4212,334.0,18099.0,2395.1875
1477,7.2937,9.0894,1.6359,10.4215,333.0,18087.0,2395.1875
1478,10.4806,7.7248,1.9411,7.6095,357.0,26279.0,2395.1875
1479,7.6975,8.7797,2.0565,9.668,359.0,20655.0,2395.1875
1480,9.5298,7.7579,2.2478,8.7651,368.0,21163.0,2395.1875
1481,8.7872,9.024,1.743,9.259,370.0,20723.0,2395.1875
1482,9.239,7.7195,1.9134,9.0046,373.0,22619.0,2395.1875
1483,9.0314,9.4072,2.021,9.1724,372.0,24883.0,2395.1875
1484,9.1499,7.8113,2.1393,9.9925,372.0,26047.0,2395.1875
1485,10.0375,8.6993,1.8772,7.6767,370.0,21323.0,2395.1875
1486,7.6326,7.7691,1.9297,9.0246,372.0,20629.0,2395.1875
1487,9.0689,9.1146,1.851,8.7688,372.0,25314.0,2395.1875
1488,8.793,7.7576,1.8616,9.3568,350.0,21368.0,2395.1875
1489,9.2502,8.7463,1.5884,7.4063,333.0,18087.0,2395.1875
1490,7.4553,8.9295,1.6925,9.9684,331.0,18063.0,2395.1875
1491,9.9991,7.6629,1.7581,7.9202,332.0,18075.0,2395.1875
1492,7.8622,9.1412,1.6844,9.954,331.0,18063.0,2395.1875
1493,9.9838,7.6899,1.8321,8.4153,333.0,18087.0,2395.1875
1494,8.4436,8.819,1.8719,8.9675,335.0,18111.0,2395.1875
1495,8.9671,7.6729,2.0937,8.2477,334.0,18099.0,2395.1875
1496,8.2978,9.0236,1.9556,9.1973,333.0,18087.0,2395.1875
1497,9.1237,7.7601,1.8179,8.8615,332.0,18539.0,2395.1875
1498,8.8348,9.0971,1.8601,9.5037,338.0,18103.0,2395.1875
1499,9.5102,7.6302,1.771,8.3155,338.0,18103.0,2395.1875
1500,8.5625,9.0162,2.0432,8.8446,338.0,19175.0,2395.1875
1501,8.6168,7.6706,1.5231,8.7064,336.0,18101.0,2395.1875
1502,8.7887,8.9412,1.9072,8.7565,337.0,18113.0,2395.1875
1503,8.6299,7.6755,1.8165,9.689,335.0,18089.0,2395.1875
1504,9.7298,8.8788,1.6773,7.6597,332.0,18075.0,2395.1875
1505,7.6967,7.8308,1.737,10.6545,333.0,18087.0,2395.1875
1506,10.6818,8.9324,1.9358,8.059,333.0,18087.0,2395.1875
1507,8.1179,7.7678,2.5651,11.6735,334.0,18099.0,2395.1875
1508,11.6121,7.9256,5.5257,8.7891,335.0,18111.0,2395.1875
1509,8.7591,8.8759,2.1551,8.4041,332.0,18075.0,2395.1875
1510,8.3435,7.6887,2.1379,9.3031,332.0,18075.0,2395.1875
1511,9.4926,9.6545,2.6213,10.0228,332.0,18075.0,2395.1875
1512,9.9378,7.7637,2.5252,9.5141,333.0,18087.0,2395.1875
1513,9.4962,8.9705,3.038,6.7744,332.0,18075.0,2395.1875
1514,6.7281,7.7671,2.1091,9.567,336.0,18079.0,2395.1875
1515,9.6366,8.8369,2.3006,9.3048,337.0,18091.0,2395.1875
1516,9.2982,8.9289,2.7396,9.4085,337.0,18091.0,2395.1875
1517,9.4514,8.0749,2.0232,8.4928,335.0,18089.0,2395.1875
1518,8.5465,8.8933,2.2586,9.7661,334.0,18077.0,2395.1875
1519,9.6219,8.2946,2.09,7.8386,336.0,18101.0,2395.1875
1520,7.8732,9.3186,2.1113,9.6905,332.0,18075.0,2395.1875
1521,9.6546,7.6684,1.7523,8.4124,344.0,18699.0,2395.1875
1522,8.4404,9.057,2.0858,9.8176,369.0,21797.0,2395.1875
1523,9.8634,7.7113,1.8563,8.5497,368.0,24947.0,2395.1875
1524,8.5776,8.9942,1.9125,8.7325,363.0,21473.0,2395.1875
1525,8.6384,7.7988,2.0612,9.1462,364.0,20009.0,2395.1875
1526,9.2025,9.0065,2.2107,9.0779,359.0,19695.0,2395.1875
1527,9.0294,7.6684,1.9977,9.7468,338.0,18291.0,2395.1875
1528,9.7591,9.1094,2.1452,7.2125,339.0,18959.0,2395.1875
1529,7.1964,7.6594,1.802,10.2072,369.0,22843.0,2395.1875
1530,10.241,8.6841,2.0119,8.4948,374.0,20755.0,2395.1875
1531,8.5129,8.4414,2.9981,8.9001,373.0,20251.0,2395.1875
1532,8.8644,7.8074,2.4806,7.8975,375.0,20275.0,2395.1875
1533,8.0006,8.8064,2.5016,10.4839,370.0,20237.0,2395.1875
1534,10.4488,7.7843,2.1136,9.6278,373.0,20273.0,2395.1875
1535,9.6062,9.0089,2.01,7.4827,373.0,21643.0,2395.1875
1536,7.4244,7.7522,2.0457,9.6922,368.0,22975.0,2395.1875
1537,9.7123,8.9521,1.9525,8.3648,370.0,29393.0,2395.1875
1538,8.3617,7.7726,1.8364,9.2595,368.0,29099.0,2395.1875
1539,9.2794,9.1724,1.9389,8.434,368.0,27375.0,2395.1875
1540,8.4386,7.7555,1.9777,8.4828,374.0,30251.0,2395.1875
1541,8.5267,8.9176,2.0275,9.2883,369.0,24067.0,2395.1875
1542,9.294,7.9823,2.0258,9.7131,369.0,21661.0,2395.1875
1543,9.6414,8.8097,2.1608,7.99,368.0,20235.0,2395.1875
1544,8.0022,8.3332,2.4562,9.7666,370.0,21307.0,2395.1875
1545,9.7525,7.6982,2.0297,7.7983,368.0,29377.0,2395.1875
1546,7.9573,8.9188,2.2737,9.6548,373.0,24091.0,2395.1875
1547,9.4815,7.7328,2.0886,8.6652,371.0,27697.0,2395.1875
1548,8.7377,9.3621,1.9976,9.459,373.0,24335.0,2395.1875
1549,9.4777,7.6956,1.7973,8.9061,371.0,20493.0,2395.1875
1550,8.833,8.8081,2.001,8.4275,374.0,22132.0,2395.1875
1551,8.4222,7.7053,1.954,8.9245,369.0,25377.0,2395.1875
1552,8.9979,8.8576,1.9238,8.5313,367.0,33103.0,2395.1875
1553,8.5095,7.74,1.6975,8.8925,372.0,32169.0,2395.1875
1554,8.8061,8.8516,2.0338,8.6855,372.0,23058.0,2395.1875
1555,8.6621,7.6927,1.5912,8.4588,370.0,26667.0,2395.1875
1556,8.5918,8.8879,1.9309,9.2941,367.0,21151.0,2395.1875
1557,9.2015,7.7051,1.7237,10.0911,371.0,20271.0,2395.1875
1558,10.091,8.7232,1.9218,7.2715,370.0,26339.0,2395.1875
1559,7.273,9.0058,1.8924,10.8246,369.0,36731.0,2395.1875
1560,10.9226,7.7511,2.2909,7.354,370.0,36263.0,2395.1875
1561,7.4633,8.8909,2.7181,9.5291,373.0,39115.0,2395.1875
1562,9.3922,7.8273,2.5123,8.5354,375.0,28215.0,2395.1875
1563,8.5534,9.0378,3.0254,10.0347,377.0,28021.0,2395.1875
1564,9.9672,7.8768,2.2589,8.3773,377.0,32469.0,2395.1875
1565,8.375,9.0533,2.1289,8.2149,375.0,47443.0,2395.1875
1566,8.237,7.7279,2.0884,9.068,355.0,42323.0,2395.1875
1567,9.1373,8.8881,2.0255,8.4181,345.0,18689.0,2395.1875
1568,8.327,7.6875,1.6678,9.7653,341.0,19091.0,2395.1875
1569,9.8315,8.9386,1.8608,8.283,367.0,23535.0,2395.1875
1570,8.1807,7.7855,1.653,9.5629,370.0,20881.0,2395.1875
1571,9.613,8.9962,1.7816,8.1914,369.0,20403.0,2395.1875
1572,8.1268,7.7243,1.5733,9.4001,373.0,21983.0,2395.1875
1573,9.4393,8.8656,1.7384,7.9077,369.0,20559.0,2395.1875
1574,7.8953,9.0641,1.6877,9.7322,366.0,21065.0,2395.1875
1575,9.7765,7.7044,2.1225,7.9009,370.0,20259.0,2395.1875
1576,7.8606,8.9512,1.7147,9.8058,371.0,21663.0,2395.1875
1577,9.8406,7.716,1.9826,8.1399,369.0,22947.0,2395.1875
1578,8.2271,8.8833,1.9954,9.4215,373.0,30179.0,2395.1875
1579,9.3624,7.6571,2.2138,8.6704,375.0,32779.0,2395.1875
1580,8.6428,9.0432,2.0375,9.2945,373.0,33603.0,2395.1875
1581,9.3087,7.7793,1.8087,8.7558,372.0,30621.0,2395.1875
1582,8.7522,8.8681,1.676,9.1142,368.0,27477.0,2395.1875
1583,9.1135,7.778,1.761,8.8493,371.0,22089.0,2395.1875
1584,8.9059,8.7992,1.8475,8.0949,337.0,18909.0,2395.1875
1585,8.0361,7.7106,1.6668,9.3629,332.0,18075.0,2395.1875
1586,9.3621,9.1038,1.8187,8.4998,331.0,18063.0,2395.1875
1587,8.5225,7.7499,1.8648,9.8738,367.0,22425.0,2395.1875
1588,10.0493,8.7688,1.9779,7.7787,368.0,20235.0,2395.1875
1589,7.5486,8.803,1.7308,9.5535,355.0,19359.0,2395.1875
1590,9.5899,7.6886,1.8536,7.5889,337.0,18135.0,2395.1875
1591,7.6181,8.8875,1.8694,9.9103,334.0,18099.0,2395.1875
1592,9.8753,7.7452,2.0686,7.9018,371.0,20271.0,2395.1875
1593,8.0404,8.8224,2.0227,9.6694,367.0,24399.0,2395.1875
1594,9.5239,7.6977,1.8274,8.4678,370.0,24807.0,2395.1875
1595,8.4482,8.932,1.809,8.8312,339.0,18115.0,2395.1875
1596,8.821,7.722,1.6459,8.5825,337.0,18091.0,2395.1875
1597,8.6479,9.106,1.7935,9.5312,361.0,20113.0,2395.1875
1598,9.4425,7.7235,1.5932,8.9247,336.0,18101.0,2395.1875
1599,9.1024,8.9971,1.9205,8.9154,334.0,18077.0,2395.1875
1600,8.8309,7.6283,1.9112,8.792,372.0,20283.0,2395.1875
1601,8.7694,8.7602,2.2824,8.7947,347.0,20879.0,2395.1875
1602,8.8044,7.9393,2.0598,12.3568,936.0,163635.0,2397.5625
1603,12.3944,8.5748,2.3625,6.5692,324.0,13389.0,2397.5625
1604,6.5159,8.312,2.0864,10.9671,520.0,47787.0,2397.5625
1605,11.0606,7.6536,2.0182,6.6029,313.0,10727.0,2397.5625
1606,6.5634,8.0432,1.9909,8.993,405.0,18071.0,2397.5625
1607,8.9159,6.485,1.7179,7.1008,472.0,25287.0,2395.1875
1608,7.1703,6.3538,2.21,8.5491,717.0,83673.0,2395.1875
1609,8.5198,7.8319,2.0967,6.465,354.0,36539.0,2395.1875
1610,6.4127,7.061,1.6726,9.294,341.0,13839.0,2395.1875
1611,9.3808,7.6521,2.295,8.2474,308.0,11871.0,2395.1875
1612,8.2361,6.5032,3.1797,8.8198,586.0,66301.0,2395.1875
1613,8.8035,8.3226,3.6343,8.585,355.0,15117.0,2395.1875
1614,8.6983,6.7279,3.5287,7.338,305.0,10129.0,2395.1875
1615,7.1975,7.5138,2.4314,6.8153,299.0,9433.0,2395.1875
1616,6.8877,6.3833,1.7714,7.3743,293.0,9319.0,2395.1875
1617,7.3271,7.91,3.3614,8.1303,574.0,68461.0,2395.1875
1618,8.1015,6.1855,2.0381,7.3491,329.0,17360.0,2395.1875
1619,7.4189,8.0138,1.8626,7.9645,332.0,16282.0,2395.1875
1620,7.9485,6.3537,1.7763,7.1974,603.0,68105.0,2395.1875
1621,7.1696,7.5459,2.0413,7.5743,330.0,11767.0,2395.1875
1622,7.6145,6.5089,1.9188,7.1453,334.0,16327.0,2395.1875
1623,7.1487,6.3422,2.8734,7.8766,331.0,22683.0,2395.1875
1624,7.8194,7.3447,2.191,6.5057,330.0,12747.0,2395.1875
1625,6.4719,6.3249,1.9377,8.1157,601.0,74213.0,2395.1875
1626,8.2228,7.399,1.7897,6.7839,334.0,19307.0,2395.1875
1627,6.7856,6.7123,1.9922,7.7376,335.0,17731.0,2395.1875
1628,7.6984,7.4403,2.3165,7.5753,339.0,13730.0,2395.1875
1629,7.5628,6.2778,2.3651,6.7541,604.0,68515.0,2395.1875
1630,6.8163,7.3852,2.365,7.5756,337.0,15987.0,2395.1875
1631,7.471,6.5103,2.4917,6.8952,337.0,19836.0,2395.1875
1632,6.8924,6.404,1.9874,8.4074,331.0,13227.0,2395.1875
1633,8.4144,7.2246,2.1855,6.036,333.0,12075.0,2395.1875
1634,6.0975,6.1872,1.6435,7.8604,601.0,72785.0,2395.1875
1635,7.8751,7.3817,1.859,6.9047,330.0,28153.0,2395.1875
1636,6.9031,6.4777,1.8215,7.5204,331.0,36383.0,2395.1875
1637,7.5322,7.1627,2.0818,7.3332,606.0,82337.0,2395.1875
1638,7.2774,6.271,1.7717,6.3532,333.0,20431.0,2395.1875
1639,6.3505,7.1999,2.014,8.8764,335.0,32031.0,2395.1875
1640,8.8871,6.1593,1.8982,6.0967,338.0,55717.0,2395.1875
1641,6.0492,6.2297,1.6183,7.9012,331.0,12967.0,2395.1875
1642,8.0006,7.431,1.7759,7.2732,606.0,70209.0,2395.1875
1643,7.2589,6.2577,1.7396,7.3569,334.0,12083.0,2395.1875
1644,7.4063,7.4284,2.0007,6.9455,337.0,12613.0,2395.1875
1645,6.8856,6.148,1.712,6.6952,335.0,19453.0,2395.1875
1646,6.6478,7.4339,1.6789,8.4527,602.0,89691.0,2395.1875
1647,8.4903,6.2296,2.5055,6.2527,333.0,27337.0,2395.1875
1648,6.2617,6.4876,2.3572,8.2418,330.0,19127.0,2395.1875
1649,8.212,6.7462,3.1447,6.3885,332.0,17383.0,2395.1875
1650,6.3535,6.1273,1.497,7.4069,329.0,15275.0,2395.1875
1651,7.5669,7.56,1.7341,7.0864,603.0,68665.0,2395.1875
1652,7.0734,6.204,1.6935,7.7914,331.0,15615.0,2395.1875
1653,7.6818,7.8559,2.1609,7.4315,335.0,26714.0,2395.1875
1654,7.5058,6.1562,1.7755,6.9131,603.0,71085.0,2395.1875
1655,6.8581,6.2538,1.8301,7.872,332.0,16469.0,2395.1875
1656,7.8473,7.668,1.8288,6.7381,333.0,26348.0,2395.1875
1657,6.7545,6.1232,1.5619,7.2118,334.0,21835.0,2395.1875
1658,7.204,7.3057,1.8407,7.2937,333.0,18473.0,2395.1875
1659,7.2483,6.1794,1.5081,7.7366,602.0,69077.0,2395.1875
1660,7.7603,7.4723,1.7004,7.4382,333.0,12127.0,2395.1875
1661,7.5392,6.5515,1.9526,7.2291,331.0,9837.0,2395.1875
1662,7.1345,7.2142,1.9568,6.917,332.0,10457.0,2395.1875
1663,6.9797,6.164,1.5737,6.7025,604.0,66483.0,2395.1875
1664,6.6439,6.2133,1.3668,8.2849,338.0,31121.0,2395.1875
1665,8.3087,7.5699,1.6714,6.6583,331.0,18687.0,2395.1875
1666,6.6293,6.2173,1.4514,7.377,330.0,12263.0,2395.1875
1667,7.5196,7.4022,1.7221,7.2791,311.0,11123.0,2395.1875
1668,7.1496,6.2415,1.5026,7.2548,575.0,71261.0,2395.1875
1669,7.3042,7.137,1.7088,7.1892,295.0,9619.0,2395.1875
1670,7.1687,6.4789,1.7476,6.4533,298.0,9655.0,2395.1875
1671,6.462,6.3905,1.518,8.569,566.0,67937.0,2395.1875
1672,8.6231,6.1066,1.9063,6.8109,330.0,11767.0,2395.1875
1673,6.7295,6.5125,1.7879,7.4786,331.0,11929.0,2395.1875
1674,7.5002,7.1441,2.1034,6.6469,337.0,11807.0,2395.1875
1675,6.5882,6.1526,1.4812,7.3413,334.0,10989.0,2395.1875
1676,7.3557,7.186,1.8593,7.2872,605.0,67849.0,2395.1875
1677,7.282,6.2703,1.8553,6.3428,332.0,11769.0,2395.1875
1678,6.3927,7.4361,1.9667,8.5268,330.0,11533.0,2395.1875
1679,8.4998,6.4942,1.8623,6.4949,333.0,11541.0,2395.1875
1680,6.518,6.1128,1.5817,7.693,601.0,72993.0,2395.1875
1681,7.6743,7.1861,1.603,6.6676,332.0,14819.0,2395.1875
1682,6.656,6.4984,2.1421,7.8368,332.0,11647.0,2395.1875
1683,7.866,7.2303,1.5881,6.9027,330.0,13671.0,2395.1875
1684,6.8983,6.1847,1.6809,6.4441,330.0,12121.0,2395.1875
1685,6.3962,7.3152,1.7667,8.1937,601.0,69893.0,2395.1875
1686,8.2702,6.1858,2.0513,6.5122,330.0,10455.0,2395.1875
1687,6.4999,6.5167,1.8078,7.1154,330.0,11027.0,2395.1875
1688,7.0763,7.0815,1.5283,7.2265,603.0,70551.0,2395.1875
1689,7.2531,6.2516,1.5559,7.5171,332.0,18061.0,2395.1875
1690,7.5135,7.8787,1.834,7.7602,336.0,16905.0,2395.1875
1691,7.773,6.1718,1.5306,6.778,334.0,17147.0,2395.1875
1692,6.7809,7.2513,1.7845,8.8252,335.0,15384.0,2395.1875
1693,8.7827,6.2496,1.6486,6.4961,626.0,99630.0,2395.4375
1694,6.489,6.1539,2.5278,7.7051,329.0,13611.0,2395.4375
1695,7.712,7.7026,2.2015,7.1896,333.0,12517.0,2395.4375
1696,7.2262,6.183,1.673,6.9203,330.0,12967.0,2395.4375
1697,6.9128,7.3558,1.8123,7.3295,601.0,68325.0,2395.4375
1698,7.2829,6.262,1.7626,7.4545,331.0,11779.0,2395.4375
1699,7.5255,7.3803,1.7975,7.2036,330.0,12231.0,2395.4375
1700,7.1609,6.1876,1.6391,6.1904,314.0,11469.0,2395.4375
1701,6.2012,6.9544,2.2645,8.8898,330.0,12503.0,2395.4375
1702,8.9307,6.583,1.8588,5.8973,602.0,70385.0,2395.4375
1703,5.8777,6.2235,1.7597,7.4327,330.0,14157.0,2395.4375
1704,7.4941,7.8746,2.1649,7.7207,332.0,11599.0,2395.4375
1705,7.6661,6.213,1.7371,7.2904,579.0,67539.0,2395.4375
1706,7.336,7.4729,1.9976,7.2558,326.0,11147.0,2395.4375
1707,7.2246,6.624,1.813,8.0749,333.0,13911.0,2395.4375
1708,8.0879,7.4298,2.0251,7.4661,328.0,17867.0,2395.4375
1709,7.4276,6.2706,1.438,6.2105,300.0,9609.0,2395.4375
1710,6.2161,6.4952,1.4535,8.3726,573.0,70975.0,2395.4375
1711,8.4014,7.1903,2.0674,6.2072,296.0,9609.0,2395.4375
1712,6.1795,6.4564,1.6556,7.8949,298.0,9463.0,2395.4375
1713,7.9608,7.3195,1.7856,6.9941,293.0,9403.0,2395.4375
1714,6.9103,6.1738,1.6304,7.2466,572.0,65609.0,2395.4375
1715,7.2871,7.319,1.6347,7.6566,331.0,17384.0,2395.4375
1716,7.6652,6.4822,1.8045,7.2021,333.0,16486.0,2395.4375
1717,7.2593,7.2616,2.6829,8.2587,330.0,12259.0,2395.4375
1718,8.1728,6.2651,2.1992,6.2366,330.0,11575.0,2395.4375
1719,6.2795,6.2436,2.02,8.4372,603.0,71933.0,2395.4375
1720,8.4397,7.8325,2.5578,8.0651,330.0,22671.0,2395.4375
1721,8.0685,6.6106,2.3456,6.359,330.0,12747.0,2395.4375
1722,6.4216,7.5071,1.8471,7.4305,606.0,74229.0,2395.4375
1723,7.312,6.2116,1.7531,7.4403,338.0,19355.0,2395.4375
1724,7.4836,7.9062,1.9965,7.6294,335.0,17923.0,2395.4375
1725,7.552,6.1926,1.5362,6.2897,334.0,13884.0,2395.4375
1726,6.4337,7.1348,2.0198,8.1177,333.0,11589.0,2395.4375
1727,7.9908,6.2073,1.6131,6.4072,607.0,71605.0,2395.4375
1728,6.4511,6.2355,1.6797,8.1009,333.0,19810.0,2395.4375
1729,8.0903,7.7475,1.753,7.2177,329.0,13119.0,2395.4375
1730,7.2053,6.2512,1.8695,6.725,330.0,11955.0,2395.4375
1731,6.7444,7.2695,1.683,7.7503,605.0,75661.0,2395.4375
1732,7.6909,6.2193,1.5443,6.3466,329.0,28141.0,2395.4375
1733,6.3762,7.3473,1.774,8.8116,332.0,36671.0,2395.4375
1734,8.8546,6.2963,1.9319,5.6541,331.0,24023.0,2395.4375
1735,5.6834,6.3996,1.6719,8.674,333.0,20239.0,2395.4375
1736,8.6457,7.3274,1.8352,6.288,605.0,90337.0,2395.4375
1737,6.2757,6.3186,1.8144,7.8304,334.0,55669.0,2395.4375
1738,7.8781,7.8375,1.9046,7.8642,333.0,12947.0,2395.4375
1739,7.8133,6.242,1.9025,8.1575,546.0,41961.0,2395.4375
1740,8.228,7.5191,2.4192,7.6376,335.0,12095.0,2395.4375
1741,7.6059,6.6504,2.2321,7.1752,333.0,12779.0,2395.4375
1742,7.2745,7.6473,2.4084,7.7618,334.0,19633.0,2395.4375
1743,7.624,6.2918,2.3139,5.7394,331.0,29453.0,2395.4375
1744,5.7255,6.2611,1.7998,9.0504,602.0,82965.0,2395.4375
1745,9.0493,7.2597,2.1849,6.5506,331.0,19139.0,2395.4375
1746,6.6055,6.5437,2.2071,7.9324,332.0,17383.0,2395.4375
1747,7.9507,7.6694,2.2107,7.1798,330.0,15287.0,2395.4375
1748,7.1465,6.1538,2.0661,7.5978,602.0,69265.0,2395.4375
1749,7.5784,7.4961,2.9526,7.2661,335.0,15663.0,2395.4375
1750,7.2854,6.5889,2.1499,7.7743,336.0,26918.0,2395.4375
1751,7.7584,7.2584,2.0158,7.157,332.0,15263.0,2395.4375
1752,7.1485,6.2162,1.9636,7.5492,330.0,16253.0,2395.4375
1753,7.6174,6.2273,2.549,8.5531,605.0,81990.0,2395.4375
1754,8.6173,6.9514,2.5249,7.5234,334.0,21791.0,2395.4375
1755,7.4157,6.6218,2.5621,7.5528,338.0,18581.0,2395.4375
1756,7.546,7.4308,2.255,7.3358,600.0,69005.0,2395.4375
1757,7.3083,6.3156,1.9469,7.2271,333.0,12149.0,2395.4375
1758,7.3097,7.7933,1.9436,7.8053,334.0,10065.0,2395.4375
1759,7.7528,6.2958,1.9797,8.0008,333.0,10661.0,2395.4375
1760,7.9975,7.6615,2.0457,6.8308,329.0,10635.0,2395.4375
1761,6.8714,6.2417,2.153,7.1639,607.0,86727.0,2395.4375
1762,7.16,7.3868,2.2581,8.1376,332.0,18699.0,2395.4375
1763,8.1457,6.5483,2.0998,6.6005,332.0,12287.0,2395.4375
1764,6.5481,6.2221,2.1263,8.2048,313.0,11147.0,2395.4375
1765,8.225,7.456,2.3627,6.4697,575.0,65789.0,2395.4375
1766,6.461,6.2629,2.1206,8.1419,294.0,9607.0,2395.4375
1767,8.1787,7.4139,2.1607,6.3619,299.0,9859.0,2395.4375
1768,6.3802,6.1102,2.0886,7.3781,295.0,9427.0,2395.4375
1769,7.3412,7.6629,1.8121,7.8744,333.0,11611.0,2395.4375
1770,7.8755,6.2002,1.7991,6.8089,606.0,67563.0,2395.4375
1771,6.9066,6.2209,2.4082,8.3415,334.0,11771.0,2395.4375
1772,8.2439,7.5111,2.4174,7.527,335.0,11001.0,2395.4375
1773,7.8246,6.2748,2.386,7.8561,545.0,41759.0,2395.4375
1774,7.6328,7.2833,2.5937,6.6504,333.0,11781.0,2395.4375
1775,6.5543,6.5566,1.9153,8.218,330.0,11725.0,2395.4375
1776,8.2633,7.2745,2.6903,6.5463,331.0,11731.0,2395.4375
1777,6.5137,6.2616,2.5583,7.6413,329.0,11603.0,2395.4375
1778,7.7231,6.2197,2.1472,9.2711,605.0,70613.0,2395.4375
1779,9.2146,6.2197,2.1783,9.0412,329.0,11611.0,2395.4375
1780,9.0391,8.2906,2.5177,7.776,331.0,13683.0,2395.4375
1781,7.7802,6.2103,2.1933,9.6169,329.0,12109.0,2395.4375
1782,9.6717,6.5498,2.7646,9.0885,600.0,72569.0,2395.4375
1783,9.0351,6.5498,2.7243,8.3476,329.0,10443.0,2395.4375
1784,8.491,7.9371,2.9504,7.3043,330.0,11219.0,2395.4375
1785,7.1603,6.2796,2.2308,8.39,332.0,14729.0,2395.4375
1786,8.4918,7.6265,2.3983,7.39,340.0,17921.0,2395.4375
1787,7.295,6.1864,2.3562,9.2674,608.0,72547.0,2395.4375
1788,9.3066,7.6442,2.7997,7.7027,336.0,17171.0,2395.4375
1789,7.7088,6.5851,2.3319,8.6048,334.0,15394.0,2395.4375
1790,8.6551,7.4986,2.4782,7.8161,627.0,94170.0,2395.4375
1791,7.7264,6.241,2.8331,8.5603,330.0,13767.0,2395.4375
1792,8.5961,8.0188,3.4896,6.752,329.0,12683.0,2395.4375
1793,6.7376,6.3827,2.2595,8.1128,333.0,13195.0,2395.4375
1794,8.1324,6.2715,1.9374,9.1938,331.0,12515.0,2395.4375
1795,9.2317,7.5675,2.4916,9.6347,600.0,67049.0,2395.4375
1796,9.686,6.6506,2.8789,10.8695,331.0,12243.0,2395.4375
1797,10.9821,6.6506,4.0011,8.6245,311.0,11337.0,2395.4375
1798,8.5326,6.2908,2.8673,9.1174,332.0,12527.0,2395.4375
1799,9.232,7.5351,2.9845,10.0764,543.0,42437.0,2395.4375
1800,9.9336,7.5351,2.7055,8.4343,333.0,14193.0,2395.4375
1801,8.4735,7.6362,2.6131,7.7286,329.0,11755.0,2395.4375
1802,7.6006,6.2431,2.1986,5.5928,310.0,11649.0,2395.4375
1803,5.6181,7.7473,1.6547,11.5581,322.0,10907.0,2395.4375
1804,11.5012,6.2872,2.0533,7.6891,606.0,69565.0,2395.4375
1805,7.722,6.2872,2.2,6.4025,327.0,17877.0,2395.4375
1806,6.4029,7.4402,1.9194,6.6833,300.0,9609.0,2395.4375
1807,6.642,6.2257,2.718,8.666,570.0,65467.0,2395.4375
1808,8.6867,7.5152,2.3035,5.8388,296.0,9631.0,2395.4375
1809,5.8358,6.4198,2.0709,7.3675,295.0,9619.0,2395.4375
1810,7.3748,7.3301,1.9953,7.3179,296.0,9631.0,2395.4375
1811,7.3348,6.1562,1.6472,6.569,302.0,9799.0,2395.4375
1812,6.4807,7.0231,1.6543,8.2794,541.0,46890.0,2395.4375
1813,8.3766,6.1845,2.0572,6.8334,331.0,16462.0,2395.4375
1814,6.7727,6.5019,1.6335,7.4345,334.0,12307.0,2395.4375
1815,7.5214,7.6821,2.5378,7.4329,329.0,11563.0,2395.4375
1816,7.3795,6.2676,2.1449,7.6965,601.0,71909.0,2395.4375
1817,7.7982,7.5663,2.3112,7.0989,329.0,22659.0,2395.4375
1818,6.9128,6.5482,1.7348,7.4684,336.0,12967.0,2395.4375
1819,7.5658,7.6889,1.91,7.3388,335.0,18407.0,2395.4375
1820,7.2857,6.2531,1.5713,6.7114,335.0,19127.0,2395.4375
1821,6.9464,6.9434,2.1161,8.1909,606.0,73575.0,2395.4375
1822,7.9528,6.1819,1.7949,6.4582,336.0,13908.0,2395.4375
1823,6.4579,6.4511,1.6605,8.0693,332.0,11493.0,2395.4375
1824,8.1218,7.0523,1.9145,6.9753,608.0,71779.0,2395.4375
1825,6.9168,6.1939,2.4753,7.0895,332.0,19798.0,2395.4375
1826,7.1543,7.9811,2.2045,7.4449,330.0,13407.0,2395.4375
1827,7.4063,6.1584,1.8108,7.64,332.0,12255.0,2395.4375
1828,7.622,7.3705,1.7378,6.8754,333.0,16999.0,2395.4375
1829,6.8938,6.2114,1.7219,7.258,601.0,83783.0,2395.4375
1830,7.2506,6.2966,1.9533,6.6514,334.0,36695.0,2395.4375
1831,6.6831,7.6039,2.2461,8.0708,332.0,24035.0,2395.4375
1832,8.0525,6.2189,1.7044,6.7011,335.0,20263.0,2395.4375
1833,6.7376,7.2894,1.8712,7.8768,603.0,87013.0,2395.4375
1834,7.8151,6.2318,1.6391,6.8164,340.0,55697.0,2395.4375
1835,6.8787,7.7376,2.0041,7.7928,333.0,13139.0,2395.4375
1836,7.7589,6.1904,1.6857,6.3831,336.0,11759.0,2395.4375
1837,6.3203,6.1717,1.5199,8.2315,334.0,11913.0,2395.4375
1838,8.2876,7.2862,1.8282,6.2204,604.0,68409.0,2395.4375
1839,6.2066,6.2829,1.6599,7.7313,335.0,19645.0,2395.4375
1840,7.834,7.6544,1.9072,7.3834,331.0,29475.0,2395.4375
1841,7.2971,6.2249,1.7743,7.2992,602.0,82965.0,2395.4375
1842,7.5125,7.7155,2.1518,8.1797,330.0,19127.0,2395.4375
1843,8.0202,6.5498,2.0173,7.9435,332.0,17575.0,2395.4375
1844,8.0219,7.1594,2.3751,7.7323,333.0,15515.0,2395.4375
1845,7.7185,6.2876,2.2868,5.6452,330.0,13431.0,2395.4375
1846,5.5517,6.4198,1.6779,9.4263,545.0,45673.0,2395.4375
1847,9.4987,7.1436,2.3616,6.9571,335.0,26906.0,2395.4375
1848,6.8769,6.4781,2.0999,7.1536,333.0,15275.0,2395.4375
1849,7.1839,7.4682,2.4164,6.9563,329.0,16241.0,2395.4375
1850,6.906,6.1992,1.8506,7.5131,611.0,84706.0,2395.4375
1851,7.564,7.596,1.8362,7.625,336.0,21815.0,2395.4375
1852,7.5801,6.4918,1.6991,7.3491,335.0,18737.0,2395.4375
1853,7.3489,7.5126,1.964,7.7136,329.0,13205.0,2395.4375
1854,7.7451,6.2142,2.5546,6.5647,333.0,11957.0,2395.4375
1855,6.5714,6.2835,2.0513,8.2726,604.0,71155.0,2395.4375
1856,8.2773,7.0384,2.2159,6.5026,333.0,10683.0,2395.4375
1857,6.5152,6.521,2.2283,7.2486,329.0,10635.0,2395.4375
1858,7.3655,7.3707,3.0244,7.5057,607.0,86727.0,2395.4375
1859,7.3561,6.3035,1.7057,7.8089,329.0,18663.0,2395.4375
1860,7.8709,7.8648,2.0094,7.3595,329.0,12443.0,2395.4375
1861,7.3021,6.1958,2.5733,6.3621,310.0,11303.0,2395.4375
1862,6.3923,7.4129,2.3204,8.2007,304.0,9967.0,2395.4375
1863,8.2044,6.2309,1.872,6.4864,567.0,67949.0,2395.4375
1864,6.4538,6.1318,1.8644,7.3509,299.0,9859.0,2395.4375
1865,7.3697,7.1693,2.1449,7.3033,294.0,9415.0,2395.4375
1866,7.257,6.1243,1.557,7.6311,335.0,11591.0,2395.4375
1867,7.695,7.5721,1.8645,7.5018,606.0,67563.0,2395.4375
1868,7.4472,6.2854,1.8151,7.2809,335.0,11783.0,2395.4375
1869,7.3285,7.4441,2.3265,7.1877,332.0,11179.0,2395.4375
1870,7.1326,6.2512,1.7502,6.5693,333.0,12037.0,2395.4375
1871,6.5484,6.4174,1.5012,8.7545,331.0,11565.0,2395.4375
1872,8.8215,7.5138,1.7971,6.246,602.0,70173.0,2395.4375
1873,6.1712,6.2385,1.6414,7.6078,333.0,11755.0,2395.4375
1874,7.7485,7.8502,2.0802,7.4849,330.0,11603.0,2395.4375
1875,7.3928,6.172,1.571,7.2368,601.0,70425.0,2395.4375
1876,7.2669,7.4526,1.7901,7.5356,330.0,12087.0,2395.4375
1877,7.4883,6.5165,1.6814,7.1416,331.0,13459.0,2395.4375
1878,7.2005,7.5735,2.2057,7.9033,331.0,12373.0,2395.4375
1879,7.9211,6.1882,1.6922,6.1918,330.0,13891.0,2395.4375
1880,6.1907,6.1269,1.4899,8.742,606.0,69117.0,2395.4375
1881,8.6961,7.3228,1.9207,6.1255,332.0,11339.0,2395.4375
1882,6.121,6.493,1.668,8.0431,336.0,14733.0,2395.4375
1883,8.1273,7.7361,1.8914,7.1011,337.0,17885.0,2395.4375
1884,7.0277,6.1602,1.5724,7.5799,605.0,75151.0,2395.4375
1885,7.6152,7.7232,1.6801,7.4119,331.0,17133.0,2395.4375
1886,7.4845,6.4985,1.6218,7.1899,335.0,15992.0,2395.4375
1887,7.1889,7.6656,2.1245,7.9268,351.0,37838.0,2395.4375
1888,7.8612,6.1694,1.8785,6.6295,327.0,13513.0,2395.4375
1889,6.5726,6.18,1.6234,8.2006,603.0,73821.0,2395.4375
1890,8.2126,7.0566,1.8721,6.9313,330.0,13159.0,2395.4375
1891,6.9758,6.5277,2.1391,8.016,329.0,12491.0,2395.4375
1892,7.9826,7.3299,1.693,7.0466,602.0,70561.0,2395.4375
1893,6.9848,6.2652,1.7154,6.9114,331.0,11779.0,2395.4375
1894,6.9848,7.7356,1.8924,7.3602,314.0,11661.0,2395.4375
1895,7.394,6.2085,2.0586,6.5203,330.0,12695.0,2395.4375
1896,6.4686,7.6126,1.8523,8.6435,330.0,11491.0,2395.4375
1897,8.6981,6.2096,1.9711,6.5951,605.0,69975.0,2395.4375
1898,6.543,6.2033,2.0094,7.4944,334.0,11771.0,2395.4375
1899,7.6181,8.0916,1.7774,7.5977,309.0,11493.0,2395.4375
1900,7.431,6.1633,1.5513,7.3426,323.0,10919.0,2395.4375
1901,7.399,7.5249,1.6995,8.4171,603.0,72239.0,2395.4375
1902,8.4446,6.208,1.958,6.6249,326.0,17865.0,2395.4375
1903,6.6133,7.7057,2.04,7.7859,302.0,9825.0,2395.4375
1904,7.717,6.1077,1.6529,5.6907,298.0,9655.0,2395.4375
1905,5.7691,6.5416,1.8996,9.0674,297.0,9451.0,2395.4375
1906,9.1066,7.2663,2.1338,6.1209,564.0,68057.0,2395.4375
1907,6.0395,6.1933,1.9463,8.1672,294.0,9607.0,2395.4375
1908,8.2133,7.7935,1.7581,7.0473,301.0,9787.0,2395.4375
1909,7.0824,6.2,1.8893,7.5433,602.0,73014.0,2395.4375
1910,7.5261,7.7092,2.2999,7.1774,331.0,16462.0,2395.4375
1911,7.1421,6.5439,1.9312,7.5294,333.0,12487.0,2395.4375
1912,7.5599,7.6578,1.6816,7.804,330.0,11767.0,2395.4375
1913,7.7596,6.2314,1.6613,6.6506,330.0,16087.0,2395.4375
1914,6.6412,6.1949,1.9606,8.5286,607.0,78329.0,2395.4375
1915,8.6479,6.7514,2.3451,6.2015,336.0,12967.0,2395.4375
1916,6.1186,6.4661,1.6276,7.7827,335.0,18407.0,2395.4375
1917,7.7999,7.4099,2.6064,6.9963,332.0,19113.0,2395.4375
1918,6.9693,6.1634,1.6769,7.1497,604.0,73551.0,2395.4375
1919,7.2511,7.5635,2.4677,7.4403,334.0,13884.0,2395.4375
1920,7.37,6.4247,1.8332,7.0918,330.0,11767.0,2395.4375
1921,7.1223,7.4393,1.9567,7.782,336.0,15805.0,2395.4375
1922,7.6991,6.2346,1.7794,6.7665,336.0,19654.0,2395.4375
1923,6.761,6.2044,2.1913,7.9913,601.0,69037.0,2395.4375
1924,7.9972,7.5602,1.9045,6.8739,331.0,12243.0,2395.4375
1925,6.901,6.4992,1.7712,7.3487,331.0,16975.0,2395.4375
1926,7.3369,7.06,1.6783,7.1272,601.0,89255.0,2395.4375
1927,7.1508,6.2436,1.739,7.0417,332.0,36671.0,2395.4375
1928,7.0845,7.0424,1.8922,7.8606,330.0,24203.0,2395.4375
1929,7.952,6.142,2.1399,6.9508,331.0,20407.0,2395.4375
1930,6.792,6.4636,2.1395,8.2276,339.0,31843.0,2395.4375
1931,8.3406,6.9086,2.1426,6.4332,609.0,110967.0,2395.4375
1932,6.2907,6.0476,2.5976,6.8068,335.0,13163.0,2395.4375
1933,6.923,7.5998,2.1724,7.4359,332.0,11733.0,2395.4375
1934,7.3395,5.8865,1.662,6.8144,334.0,11913.0,2395.4375
1935,6.9463,7.3285,1.9227,7.2966,603.0,68397.0,2395.4375
1936,7.1427,5.9457,1.7721,6.1115,329.0,19595.0,2395.4375
1937,6.117,6.3708,1.9994,7.6894,329.0,29643.0,2395.4375
1938,7.8487,5.9356,1.9291,6.1094,329.0,27119.0,2395.4375
1939,5.9648,5.8964,1.5655,7.4539,331.0,18947.0,2395.4375
1940,7.4652,7.2505,1.3974,6.9609,602.0,78665.0,2395.4375
1941,6.9384,5.9231,1.4569,6.4125,332.0,15503.0,2395.4375
1942,6.4949,6.9283,1.9251,8.0954,329.0,13419.0,2395.4375
1943,8.0665,6.2822,1.6949,5.8786,603.0,71257.0,2395.4375
1944,5.9605,5.9836,1.718,7.3128,336.0,26918.0,2395.4375
1945,7.2592,7.5644,1.7108,6.8249,333.0,15467.0,2395.4375
1946,6.7426,5.9157,1.526,7.3807,334.0,16449.0,2395.4375
1947,7.4088,7.3228,1.6412,6.9749,338.0,26172.0,2395.4375
1948,7.0486,5.8936,1.3809,6.273,610.0,77481.0,2395.4375
1949,6.1953,5.9835,1.5319,7.8336,334.0,18747.0,2395.4375
1950,7.9119,7.3201,1.6668,6.1977,329.0,13205.0,2395.4375
1951,6.0856,5.8722,1.335,7.4164,332.0,11861.0,2395.4375
1952,7.5248,7.0295,1.6097,6.8281,605.0,71329.0,2395.4375
1953,6.7504,5.9293,1.4478,6.2624,329.0,10635.0,2395.4375
1954,6.3563,7.5891,1.875,8.4322,332.0,10863.0,2395.4375
1955,8.3792,5.9111,1.8206,6.2734,336.0,30905.0,2395.4375
1956,6.2295,5.9203,1.5333,7.0419,330.0,18483.0,2395.4375
1957,7.0884,7.3481,1.7002,7.5352,603.0,70797.0,2395.4375
1958,7.5412,5.9648,1.9383,6.3787,312.0,11327.0,2395.4375
1959,6.4122,7.583,1.9045,7.4007,302.0,9943.0,2395.4375
1960,7.3053,5.9016,1.5407,6.5541,565.0,65237.0,2395.4375
1961,6.5652,6.1341,1.8257,8.2124,300.0,9871.0,2395.4375
1962,8.2828,6.6855,2.0398,5.8594,299.0,9623.0,2395.4375
1963,5.7867,5.8785,1.7895,7.5489,338.0,11819.0,2395.4375
1964,7.5757,7.3947,1.732,7.94,334.0,11729.0,2395.4375
1965,8.4834,5.8683,3.1889,6.6324,604.0,70051.0,2395.4375
1966,6.125,7.0719,1.9445,6.5364,333.0,11191.0,2395.4375
1967,6.5157,6.2802,2.0462,6.7322,333.0,12037.0,2395.4375
1968,6.7192,5.8652,1.8494,7.2042,333.0,11611.0,2395.4375
1969,7.3287,7.0459,2.0419,6.5064,601.0,70161.0,2395.4375
1970,6.3665,5.9574,1.644,7.0009,329.0,11707.0,2395.4375
1971,7.0419,7.612,1.7322,7.6735,332.0,11819.0,2395.4375
1972,7.6602,5.9394,1.5936,5.8855,332.0,14627.0,2395.4375
1973,5.9513,7.1623,1.6986,8.5468,330.0,11895.0,2395.4375
1974,8.4684,5.9329,1.8652,5.6627,603.0,69101.0,2395.4375
1975,5.6494,5.978,1.59,7.6751,331.0,12373.0,2395.4375
1976,7.7733,7.3535,1.4843,6.41,329.0,13963.0,2395.4375
1977,6.3386,5.8637,1.4187,7.7975,602.0,66097.0,2395.4375
1978,7.9097,7.369,1.9684,6.7999,333.0,11307.0,2395.4375
1979,6.6573,6.3448,2.1533,6.3039,337.0,14937.0,2395.4375
1980,6.3301,6.3782,1.5345,8.4442,336.0,18065.0,2395.4375
1981,8.5569,6.0168,1.912,5.818,331.0,16675.0,2395.4375
1982,5.6827,5.8822,1.4789,7.3421,602.0,72763.0,2395.4375
1983,7.4121,7.1953,1.5468,6.7747,334.0,15980.0,2395.4375
1984,6.7536,6.1883,1.4409,7.6462,349.0,37752.0,2395.4375
1985,7.6117,7.0061,1.4911,6.6384,333.0,13597.0,2395.4375
1986,6.6488,5.8376,1.5454,6.5538,607.0,68537.0,2395.4375
1987,6.591,5.946,1.5698,7.42,332.0,13183.0,2395.4375
1988,7.3892,7.5189,1.5175,6.5463,330.0,13159.0,2395.4375
1989,6.5003,5.9,1.3015,7.3586,332.0,11599.0,2395.4375
1990,7.4628,7.3576,1.7722,6.913,329.0,11563.0,2395.4375
1991,6.9316,5.8736,1.7445,6.5089,585.0,67387.0,2395.4375
1992,6.3931,6.1124,2.2775,7.5711,333.0,12731.0,2395.4375
1993,7.6566,6.7652,1.8973,7.6431,330.0,11491.0,2395.4375
1994,7.6557,5.9395,2.1137,7.2455,608.0,72655.0,2395.4375
1995,7.1819,7.1273,2.0758,5.9714,335.0,12781.0,2395.4375
1996,5.9892,6.231,1.5004,6.8621,307.0,10615.0,2395.4375
1997,6.8591,7.0626,1.702,7.3471,320.0,10953.0,2395.4375
1998,7.4344,5.8912,1.5373,6.459,332.0,13645.0,2395.4375
1999,6.3669,6.0984,1.6594,7.281,602.0,73695.0,2395.4375
2000,7.2883,7.3714,1.8664,7.2015,297.0,9787.0,2395.4375
2001,7.2199,6.2218,1.6546,7.0787,297.0,9643.0,2395.4375
2002,7.0684,6.9838,1.7001,6.5484,293.0,9403.0,2395.4375
2003,6.5236,5.857,1.4371,6.1121,565.0,65237.0,2395.4375
2004,6.0648,7.1917,1.4079,8.07,294.0,9607.0,2395.4375
2005,8.1636,6.1622,1.9137,6.1942,303.0,10003.0,2395.4375
2006,6.1604,5.8634,1.8883,7.0517,329.0,17168.0,2395.4375
2007,7.0799,6.9496,1.6098,6.8551,330.0,16258.0,2395.4375
2008,6.8757,5.878,1.7037,7.1138,603.0,68105.0,2395.4375
2009,7.0706,6.7733,1.5005,7.1627,332.0,11791.0,2395.4375
2010,7.1418,6.2011,1.6098,5.997,335.0,16103.0,2395.4375
2011,6.0173,5.9127,1.536,8.0045,607.0,78329.0,2395.4375
2012,8.0282,7.3488,1.5536,6.5135,334.0,12943.0,2395.4375
2013,6.4629,6.1991,1.3769,7.2229,335.0,18621.0,2395.4375
2014,7.3783,7.0173,1.7374,6.9003,333.0,19317.0,2395.4375
2015,6.7879,5.8977,1.7231,6.2768,332.0,17717.0,2395.4375
2016,6.2296,6.7833,1.5016,8.1789,602.0,69500.0,2395.4375
2017,8.255,6.2221,2.2419,5.6942,331.0,11779.0,2395.4375
2018,5.6297,6.2042,1.5293,7.2077,335.0,15793.0,2395.4375
2019,7.226,7.2801,1.487,7.554,333.0,19618.0,2395.4375
2020,7.6078,5.8903,1.6062,6.1883,603.0,69061.0,2395.4375
2021,6.2292,7.3863,1.8216,7.8969,334.0,12279.0,2395.4375
2022,7.8285,6.2541,1.7878,6.1377,329.0,17143.0,2395.4375
2023,6.3101,5.864,1.6221,7.3581,331.0,27973.0,2395.4375
2024,7.2151,7.3878,1.602,6.9643,331.0,36467.0,2395.4375
2025,6.9425,5.8978,1.4832,7.7389,602.0,82533.0,2395.4375
2026,7.7121,7.1229,1.5421,6.7894,337.0,20435.0,2395.4375
2027,6.831,6.3442,1.5717,6.9312,341.0,31867.0,2395.4375
2028,6.986,6.3669,1.8042,7.8041,610.0,114147.0,2395.4375
2029,7.7458,6.0254,2.0136,6.1482,335.0,13185.0,2395.4375
2030,6.1166,6.2413,1.635,7.382,333.0,11937.0,2395.4375
2031,7.358,7.3089,1.4267,6.7263,335.0,12117.0,2395.4375
2032,6.7619,5.896,1.5333,7.1933,330.0,12573.0,2395.4375
2033,7.2127,7.0819,1.6696,7.0542,602.0,75249.0,2395.4375
2034,7.0607,5.9078,2.5183,6.0144,329.0,29643.0,2395.4375
2035,6.0176,6.4308,1.9503,8.6917,332.0,27155.0,2395.4375
2036,8.682,5.9438,2.0236,6.3894,331.0,18947.0,2395.4375
2037,6.5009,5.921,1.6911,6.8327,603.0,73205.0,2395.4375
2038,6.6904,7.3599,1.9276,7.2069,332.0,15503.0,2395.4375
2039,7.2075,6.2283,1.7099,6.6538,331.0,13635.0,2395.4375
2040,6.6987,7.3575,1.7415,7.63,333.0,15447.0,2395.4375
2041,7.6202,5.8504,1.5852,5.7523,335.0,26714.0,2395.4375
2042,5.7869,5.8583,1.5792,6.9468,607.0,73729.0,2395.4375
2043,6.8786,6.8293,1.7117,7.1113,338.0,16497.0,2395.4375
2044,7.1366,6.3264,1.7178,7.3142,337.0,26076.0,2395.4375
2045,7.3355,7.0004,1.6436,6.9022,607.0,77607.0,2395.4375
2046,6.9,6.0196,1.6026,6.1963,334.0,18747.0,2395.4375
2047,6.2536,6.1687,1.6763,8.4985,329.0,13397.0,2395.4375
2048,8.449,6.2535,1.8684,5.699,330.0,12135.0,2395.4375
2049,5.6313,5.8374,1.5726,7.3497,331.0,9859.0,2395.4375
2050,7.5244,7.1672,1.8248,7.1286,603.0,66301.0,2395.4375
2051,7.0019,5.9771,1.6545,6.4799,330.0,10839.0,2395.4375
2052,6.5012,7.4981,1.9808,8.2779,338.0,30929.0,2395.4375
2053,8.3167,6.021,2.3963,6.049,330.0,18483.0,2395.4375
2054,5.9588,5.9554,1.8967,7.1005,603.0,70797.0,2395.4375
2055,7.1621,7.3385,2.1074,7.0517,311.0,11315.0,2395.4375
2056,7.0542,6.2142,1.6964,7.6316,304.0,10159.0,2395.4375
2057,7.6338,7.4064,1.9655,7.2933,293.0,9403.0,2395.4375
2058,7.2947,5.8693,1.9757,6.2808,302.0,9659.0,2395.4375
2059,6.3302,5.8688,2.2403,8.3903,568.0,65229.0,2395.4375
2060,8.2902,7.4131,1.9355,5.7886,334.0,11771.0,2395.4375
2061,5.8779,7.0555,1.7993,10.3945,332.0,11727.0,2395.4375
2062,10.6827,7.0555,3.5886,6.922,605.0,67423.0,2395.4375
2063,6.6227,6.0557,2.6277,8.6059,334.0,11203.0,2395.4375
2064,8.6888,7.3089,2.1198,6.2153,330.0,12215.0,2395.4375
2065,6.0697,5.8731,1.6779,6.2468,331.0,11779.0,2395.4375
2066,6.2768,7.4007,2.0081,7.2747,329.0,11555.0,2395.4375
2067,7.2511,5.8938,1.6044,6.4595,605.0,67537.0,2395.4375
2068,6.5125,6.8343,1.7806,7.4099,331.0,11807.0,2395.4375
2069,7.3471,6.181,1.725,6.2873,331.0,14615.0,2395.4375
2070,6.2879,5.8987,1.5154,6.7314,329.0,11799.0,2395.4375
2071,6.7503,7.2769,1.7086,8.1641,605.0,74737.0,2395.4375
2072,8.1406,5.9752,1.745,6.6801,332.0,12385.0,2395.4375
2073,6.7054,7.2023,1.581,6.7333,331.0,14179.0,2395.4375
2074,6.6987,5.8728,1.6413,6.442,335.0,10279.0,2395.4375
2075,6.5032,5.948,1.7744,7.0019,333.0,11115.0,2395.4375
2076,7.0259,7.176,1.8467,7.1092,609.0,76051.0,2395.4375
2077,7.0008,5.9931,1.5722,6.7378,335.0,18075.0,2395.4375
2078,6.7733,7.5479,1.4949,7.382,332.0,16687.0,2395.4375
2079,7.3927,5.8813,1.3394,6.3883,604.0,72787.0,2395.4375
2080,6.3792,6.7691,1.4858,7.2484,334.0,16002.0,2395.4375
2081,7.3204,6.2367,1.7019,6.3478,351.0,38052.0,2395.4375
2082,6.259,5.9165,1.4551,7.126,329.0,13825.0,2395.4375
2083,7.0946,7.0438,1.2714,6.6877,330.0,12503.0,2395.4375
2084,6.7394,5.9486,1.6614,6.756,601.0,68789.0,2395.4375
2085,6.7699,7.0318,1.6554,7.9136,331.0,13171.0,2395.4375
2086,7.9044,6.233,1.7563,6.3537,329.0,11563.0,2395.4375
2087,6.3154,5.8531,1.3964,7.3827,330.0,11575.0,2395.4375
2088,7.4135,7.06,1.5439,6.271,589.0,72843.0,2395.4375
2089,6.2699,5.9178,1.4413,6.7056,331.0,12243.0,2395.4375
2090,6.717,7.3025,1.6648,7.7203,334.0,11771.0,2395.4375
2091,7.6801,5.892,1.4405,6.2863,335.0,13981.0,2395.4375
2092,6.2947,6.0691,1.3739,7.591,335.0,12589.0,2395.4375
2093,7.6362,6.7525,1.8087,5.5674,575.0,66231.0,2395.4375
2094,5.5908,5.9605,1.5607,7.2669,317.0,10773.0,2395.4375
2095,7.3252,7.2065,1.4736,7.1471,331.0,13717.0,2395.4375
2096,7.0412,5.8818,1.5346,6.27,597.0,73517.0,2395.4375
2097,6.2969,6.5762,1.7246,7.4789,297.0,9787.0,2395.4375
2098,7.4729,6.2423,1.8261,6.5178,299.0,9859.0,2395.4375
2099,6.4888,5.8116,1.4519,6.9803,294.0,9607.0,2395.4375
2100,7.0517,7.1771,1.8795,7.0662,294.0,9331.0,2395.4375
2101,7.0273,5.864,1.5979,6.4394,568.0,65413.0,2395.4375
2102,6.4606,6.8891,1.5951,7.3243,303.0,10003.0,2395.4375
2103,7.307,6.1709,1.5373,7.2935,329.0,17084.0,2395.4375
2104,7.2634,5.8824,1.3565,6.4382,331.0,16186.0,2395.4375
2105,6.5429,7.218,1.578,7.8575,606.0,68281.0,2395.4375
2106,7.8594,5.9887,2.4878,6.0152,333.0,11759.0,2395.4375
2107,5.9591,7.3608,1.584,7.8518,335.0,16295.0,2395.4375
2108,7.8885,5.9379,1.4887,5.8377,334.0,22483.0,2395.4375
2109,5.797,6.8715,1.5776,7.5779,334.0,12773.0,2395.4375
2110,7.6013,5.9677,1.8606,6.3124,604.0,74227.0,2395.4375
2111,6.2736,6.0527,2.8752,7.088,335.0,19341.0,2395.4375
2112,7.1061,7.4506,1.5233,7.2763,329.0,17703.0,2395.4375
2113,7.2384,5.8807,1.5557,6.5407,604.0,69524.0,2395.4375
2114,6.5868,6.858,1.5833,7.4274,333.0,11803.0,2395.4375
2115,7.3683,6.1795,1.5548,6.0631,336.0,15997.0,2395.4375
2116,6.1141,5.9212,1.428,6.7882,331.0,19786.0,2395.4375
2117,6.793,6.839,1.791,6.8387,330.0,13215.0,2395.4375
2118,6.8069,5.9265,1.401,6.9149,603.0,70573.0,2395.4375
2119,6.9353,7.04,1.4361,7.0332,330.0,17155.0,2395.4375
2120,7.0304,6.1588,1.4494,6.5988,330.0,27961.0,2395.4375
2121,6.6343,6.1038,1.744,8.3759,333.0,36491.0,2395.4375
2122,8.3672,6.6612,1.8488,5.6569,610.0,79897.0,2395.4375
2123,5.6677,5.9305,1.4795,7.4978,335.0,20411.0,2395.4375
2124,7.5532,7.401,1.4973,7.7591,339.0,32035.0,2395.4375
2125,7.7071,5.9486,1.2984,5.2735,337.0,55491.0,2395.4375
2126,5.2469,5.9501,1.6253,7.7501,332.0,12957.0,2395.4375
2127,7.8273,5.9561,1.7194,6.0245,604.0,67567.0,2395.4375
2128,5.9094,5.8872,1.5607,7.3213,330.0,12079.0,2395.4375
2129,7.4224,7.2808,1.6246,7.3947,329.0,12561.0,2395.4375
2130,7.3393,5.9364,2.2322,6.6437,602.0,77937.0,2395.4375
2131,6.6593,7.2612,2.0957,7.0627,330.0,29655.0,2395.4375
2132,7.0362,6.1935,1.6275,6.227,331.0,27335.0,2395.4375
2133,6.2001,5.8949,1.4357,7.7377,329.0,19115.0,2395.4375
2134,7.8036,6.516,1.8154,6.5414,332.0,17383.0,2395.4375
2135,6.5334,5.8498,1.6438,7.0907,601.0,71109.0,2395.4375
2136,7.0632,7.2247,1.7141,6.9612,329.0,13611.0,2395.4375
2137,6.963,6.2276,1.5539,6.8052,330.0,15411.0,2395.4375
2138,6.8322,5.8631,1.7821,6.9262,338.0,26706.0,2395.4375
2139,6.9456,5.9099,1.6999,6.7914,608.0,71101.0,2395.4375
2140,6.7649,5.9008,1.5648,6.638,335.0,16461.0,2395.4375
2141,6.6387,7.2609,1.6682,7.2649,336.0,26362.0,2395.4375
2142,7.335,5.9081,1.702,6.7319,332.0,21597.0,2395.4375
2143,6.7228,6.9712,1.6569,7.0166,336.0,18579.0,2395.4375
2144,6.9975,5.8974,1.5919,6.4208,597.0,71845.0,2395.4375
2145,6.4261,5.9563,1.4877,7.3983,332.0,12159.0,2395.4375
2146,7.4213,7.2009,1.8868,6.8374,331.0,9775.0,2395.4375
2147,6.794,5.931,1.8863,7.0025,604.0,66453.0,2395.4375
2148,6.9333,6.7353,1.5742,7.3253,333.0,10875.0,2395.4375
2149,7.3293,6.2523,1.3398,5.8111,338.0,31121.0,2395.4375
2150,5.8198,6.0876,1.3755,7.9549,330.0,18675.0,2395.4375
2151,7.9344,6.7523,1.505,6.0716,331.0,12275.0,2395.4375
2152,6.1221,5.8977,1.6176,6.6792,581.0,66933.0,2395.4375
2153,6.6357,6.7932,2.2229,6.9141,303.0,10147.0,2395.4375
2154,6.9789,6.1851,1.8751,6.5197,300.0,9443.0,2395.4375
2155,6.5197,6.7228,1.38,7.6142,302.0,9575.0,2395.4375
2156,7.5945,5.8638,1.9205,6.193,573.0,68405.0,2395.4375
2157,6.1649,5.8971,1.4719,7.5809,334.0,11793.0,2395.4375
2158,7.635,7.5088,1.7956,7.088,332.0,11919.0,2395.4375
2159,7.0733,5.9053,1.6502,6.3488,331.0,11565.0,2395.4375
2160,6.4457,7.3021,2.3744,7.648,331.0,10997.0,2395.4375
2161,7.5628,5.8937,1.6747,6.7028,602.0,73329.0,2395.4375
2162,6.6879,5.9433,1.4989,6.485,333.0,11803.0,2395.4375
2163,6.5403,6.8035,1.7841,7.3454,330.0,11651.0,2395.4375
2164,7.3007,5.8974,1.4114,7.2106,602.0,70049.0,2395.4375
2165,7.1856,7.2562,1.4951,7.4874,330.0,11795.0,2395.4375
2166,7.5308,6.5065,1.8815,7.4429,331.0,14807.0,2395.4375
2167,7.4396,7.0939,2.4207,6.776,332.0,12111.0,2395.4375
2168,6.7438,5.9438,1.974,6.3629,333.0,13291.0,2395.4375
2169,6.3457,5.9007,1.9312,7.5817,601.0,70679.0,2395.4375
2170,7.6342,6.9523,2.3155,6.6782,334.0,14171.0,2395.4375
2171,6.7255,6.5547,1.9837,7.2815,335.0,10279.0,2395.4375
2172,7.2228,7.2093,1.6478,6.7712,336.0,11151.0,2395.4375
2173,6.7878,5.8979,1.5358,6.5257,607.0,70577.0,2395.4375
2174,6.4712,5.8862,1.5495,7.4877,336.0,18087.0,2395.4375
2175,7.4847,6.4597,1.687,6.4066,332.0,16879.0,2395.4375
2176,6.4849,5.8801,1.4301,6.5927,330.0,16951.0,2395.4375
2177,6.6065,6.9773,1.7023,7.7823,332.0,15786.0,2395.4375
2178,7.7879,5.9328,2.1866,6.3431,562.0,68698.0,2395.4375
2179,6.3194,6.1736,2.1396,7.4402,330.0,13837.0,2395.4375
2180,7.4762,7.363,1.9998,6.4068,329.0,12491.0,2395.4375
2181,6.3485,5.8602,1.5389,7.2005,600.0,68777.0,2395.4375
2182,7.2381,6.9131,1.8655,6.9743,329.0,13147.0,2395.4375
2183,6.9435,6.2316,1.7458,6.9573,330.0,11767.0,2395.4375
2184,7.0116,7.344,1.7381,7.2225,330.0,11767.0,2395.4375
2185,7.1327,5.8829,1.483,5.8832,328.0,12581.0,2395.4375
2186,5.9334,5.8901,1.4153,8.4094,608.0,67901.0,2395.4375
2187,8.3669,5.9416,1.5013,5.5497,334.0,12235.0,2395.4375
2188,5.5107,6.2209,1.5609,7.2542,335.0,13981.0,2395.4375
2189,7.4544,6.695,1.7414,6.7156,333.0,12587.0,2395.4375
2190,6.5259,5.894,1.4339,6.1202,571.0,65527.0,2395.4375
2191,6.1828,5.9104,1.8155,8.0915,314.0,10689.0,2395.4375
2192,8.0639,6.855,1.957,5.9906,332.0,13943.0,2395.4375
2193,5.9366,5.8788,1.5093,7.9081,325.0,17683.0,2395.4375
2194,8.0045,7.0331,1.8506,5.7985,297.0,9511.0,2395.4375
2195,5.7325,5.9097,1.6185,6.3087,573.0,65665.0,2395.4375
2196,6.4075,6.3923,1.8574,7.9288,295.0,9619.0,2395.4375
2197,7.8597,6.7503,1.9762,6.3861,294.0,9415.0,2395.4375
2198,6.4535,5.8401,1.5803,7.1322,566.0,65249.0,2395.4375
2199,7.0924,7.0579,1.7148,6.3873,302.0,9991.0,2395.4375
2200,6.3239,6.1258,1.4482,7.47,329.0,17360.0,2395.4375
2201,7.5472,7.1338,1.6752,7.115,329.0,16438.0,2395.4375
2202,7.0757,5.9483,1.7018,6.459,334.0,12263.0,2395.4375
2203,6.4351,5.9211,1.4761,7.693,605.0,68697.0,2395.4375
2204,7.7424,7.2294,2.8684,6.2797,335.0,16295.0,2395.4375
2205,6.3461,6.2459,1.718,7.0516,333.0,22409.0,2395.4375
2206,7.0214,7.3308,1.678,7.5421,331.0,12653.0,2395.4375
2207,7.488,5.8883,1.8055,6.1735,608.0,77391.0,2395.4375
2208,6.2147,7.2706,1.843,8.2838,331.0,19315.0,2395.4375
2209,8.2678,6.2403,1.7912,5.9667,332.0,17931.0,2395.4375
2210,5.9025,5.9447,1.5432,7.0672,334.0,13630.0,2395.4375
2211,7.1484,7.0521,1.737,7.0917,330.0,11491.0,2395.4375
2212,7.052,5.9055,1.6069,7.1785,609.0,77263.0,2395.4375
2213,7.1841,7.1656,1.6376,7.2203,336.0,19846.0,2395.4375
2214,7.2065,6.2365,1.6661,5.947,329.0,13203.0,2395.4375
2215,5.9641,6.0762,1.887,8.1766,601.0,73333.0,2395.4375
2216,8.1704,6.2725,2.7089,6.3683,329.0,17143.0,2395.4375
2217,6.4511,6.2292,1.9374,7.1075,332.0,28177.0,2395.4375
2218,7.0627,7.0221,1.6893,6.969,336.0,36675.0,2395.4375
2219,6.947,5.9715,1.6659,6.967,336.0,24039.0,2395.4375
2220,6.998,7.5565,1.849,8.9526,609.0,81549.0,2395.4375
2221,9.5778,6.9242,2.3552,5.3856,338.0,32045.0,2395.4375
2222,4.6859,6.454,1.523,8.1117,337.0,55407.0,2395.4375
2223,8.2267,7.1618,1.6479,5.8558,332.0,12873.0,2395.4375
2224,5.8078,5.8998,1.5508,7.212,604.0,67729.0,2395.4375
2225,7.1831,6.908,1.7062,6.9444,330.0,12079.0,2395.4375
2226,6.9261,6.2045,2.3419,6.4978,332.0,12789.0,2395.4375
2227,6.5064,7.2782,1.6022,7.7728,333.0,19451.0,2395.4375
2228,7.7802,5.9056,1.6254,6.2041,330.0,29463.0,2395.4375
2229,6.2497,5.8709,1.5316,7.6992,604.0,88461.0,2395.4375
2230,7.6636,7.2529,1.6367,6.5525,331.0,19139.0,2395.4375
2231,6.5169,6.2223,1.6102,7.3206,334.0,17407.0,2395.4375
2232,7.4036,7.3732,1.6846,7.2496,600.0,73737.0,2395.4375
2233,7.2182,5.8752,1.6741,6.4135,331.0,13635.0,2395.4375
2234,6.354,6.2411,1.5785,8.0043,334.0,15607.0,2395.4375
2235,8.0621,6.8508,2.7532,5.8974,341.0,26934.0,2395.4375
2236,5.8428,5.9686,1.8756,7.1192,337.0,15279.0,2395.4375
2237,7.459,7.3544,1.8315,7.2092,604.0,74921.0,2395.4375
2238,6.9365,5.9589,1.8553,6.513,337.0,26374.0,2395.4375
2239,6.5773,7.6798,1.7314,8.3124,335.0,21633.0,2395.4375
2240,8.185,5.9313,1.703,6.0077,333.0,18613.0,2395.4375
2241,6.0244,5.8908,1.5839,7.0932,596.0,68953.0,2395.4375
2242,7.1488,7.1013,1.7893,6.7741,332.0,12159.0,2395.4375
2243,6.7446,6.1798,2.4296,7.3704,333.0,10075.0,2395.4375
2244,7.3878,7.0183,1.7135,6.6354,330.0,10455.0,2395.4375
2245,6.6673,5.8573,1.6397,6.2901,331.0,10659.0,2395.4375
2246,6.1978,6.1957,1.4171,8.1232,607.0,86727.0,2395.4375
2247,8.1629,6.9552,2.0959,5.8832,332.0,18699.0,2395.4375
2248,5.9148,6.2037,1.5613,7.3478,329.0,12251.0,2395.4375
2249,7.3378,7.0201,1.525,7.4501,584.0,66969.0,2395.4375
2250,7.537,5.9252,2.0497,6.1125,308.0,10163.0,2395.4375
2251,6.1139,7.6011,1.8461,8.2641,298.0,9611.0,2395.4375
2252,8.1365,5.9812,1.6705,6.249,303.0,9863.0,2395.4375
2253,6.2791,5.9682,1.6695,7.3707,297.0,9429.0,2395.4375
2254,7.4953,7.0408,2.5709,7.4229,604.0,70051.0,2395.4375
2255,7.2639,5.9199,1.5623,5.9228,335.0,11955.0,2395.4375
2256,5.9188,7.4813,1.4917,7.7508,329.0,11563.0,2395.4375
2257,7.7378,5.8696,1.4711,5.7993,329.0,10973.0,2395.4375
2258,5.816,6.9331,1.5306,7.7874,601.0,67845.0,2395.4375
2259,7.8437,5.8824,1.927,6.5739,329.0,11755.0,2395.4375
2260,6.5933,6.1652,1.4188,7.2436,329.0,11831.0,2395.4375
2261,7.2267,7.1623,1.6876,6.8712,331.0,11539.0,2395.4375
2262,6.8844,5.9292,1.5742,6.4751,332.0,11627.0,2395.4375
2263,6.419,6.9734,1.5095,7.4406,602.0,70437.0,2395.4375
2264,7.5041,5.9712,1.7972,6.2512,330.0,12087.0,2395.4375
2265,6.2124,6.2388,1.5104,8.2556,331.0,13267.0,2395.4375
2266,8.271,6.8278,2.2125,5.815,606.0,68007.0,2395.4375
2267,5.7998,5.9418,2.2004,7.0303,335.0,14183.0,2395.4375
2268,7.2509,7.5689,2.5278,7.5995,334.0,10459.0,2395.4375
2269,7.5045,5.9036,1.9099,5.9798,333.0,11329.0,2395.4375
2270,5.8582,6.1269,1.7091,8.1015,333.0,14719.0,2395.4375
2271,8.1414,6.8072,1.8257,5.7546,607.0,73105.0,2395.4375
2272,5.6972,5.9747,1.7302,7.8379,333.0,16913.0,2395.4375
2273,7.8131,7.2682,1.6165,6.5993,329.0,16939.0,2395.4375
2274,6.6239,5.8647,1.67,6.4816,333.0,15798.0,2395.4375
2275,6.5818,7.1606,1.7202,7.7378,620.0,96346.0,2395.4375
2276,7.7471,5.977,1.7215,6.0971,331.0,13849.0,2395.4375
2277,5.992,6.2148,1.6178,7.4954,331.0,12707.0,2395.4375
2278,7.5455,7.073,1.8055,6.4879,330.0,12967.0,2395.4375
2279,6.4375,5.9133,1.5177,7.2895,332.0,12991.0,2395.4375
2280,7.364,7.2481,1.6435,7.0474,602.0,72881.0,2395.4375
2281,6.9529,5.9454,1.4813,6.4774,330.0,11767.0,2395.4375
2282,6.499,6.0951,1.3389,7.6305,334.0,12945.0,2395.4375
2283,7.6859,6.9682,1.5463,6.4878,605.0,67865.0,2395.4375
2284,6.5162,5.9845,1.6016,6.7954,334.0,12235.0,2395.4375
2285,6.74,7.3035,1.6111,7.1483,328.0,13919.0,2395.4375
2286,7.096,5.9111,1.4514,6.4218,329.0,12587.0,2395.4375
2287,6.533,7.209,1.8285,7.4431,300.0,9705.0,2395.4375
2288,7.3901,5.927,1.6285,6.3842,585.0,66341.0,2395.4375
2289,6.3502,5.8062,1.447,7.0555,330.0,13919.0,2395.4375
2290,7.15,7.3753,1.7583,7.2507,323.0,17659.0,2395.4375
2291,7.2103,5.8797,1.4485,6.49,298.0,9607.0,2395.4375
2292,6.4602,7.4189,1.6346,7.4656,570.0,65489.0,2395.4375
2293,7.4731,5.8943,1.5206,6.3973,295.0,9619.0,2395.4375
2294,6.4268,7.2652,1.5776,7.8941,294.0,9607.0,2395.4375
2295,7.9365,5.8454,1.927,5.8485,294.0,9415.0,2395.4375
2296,5.7687,5.7748,1.4934,6.9382,301.0,9787.0,2395.4375
2297,7.0149,6.741,1.5622,7.6427,601.0,73002.0,2395.4375
2298,7.5627,5.9307,1.6788,5.6576,335.0,16466.0,2395.4375
2299,5.7175,7.6529,1.63,8.6168,334.0,12263.0,2395.4375
2300,8.569,5.9705,1.7947,5.9957,606.0,67413.0,2395.4375
2301,5.9995,5.9341,1.6311,7.4411,332.0,16281.0,2395.4375
2302,7.4528,7.3931,1.7014,7.0368,334.0,22697.0,2395.4375
2303,6.9868,5.8932,1.4669,6.8595,332.0,12941.0,2395.4375
2304,6.9083,7.4215,1.5165,7.255,333.0,18427.0,2395.4375
2305,7.2365,5.829,1.4943,6.138,600.0,80393.0,2395.4375
2306,6.1458,6.1456,1.6589,7.8247,330.0,17907.0,2395.4375
2307,7.8401,6.1627,1.7333,6.3978,333.0,13702.0,2395.4375
2308,6.3564,5.9016,1.3836,6.7904,332.0,11599.0,2395.4375
2309,6.8507,6.9728,1.4328,7.1486,605.0,71603.0,2395.4375
2310,7.1176,5.9388,1.6311,6.1112,336.0,19846.0,2395.4375
2311,6.1329,7.1267,1.6209,7.9319,329.0,13395.0,2395.4375
2312,7.8996,5.8169,1.9098,6.2591,331.0,12051.0,2395.4375
2313,6.2282,5.8642,1.3987,7.3179,331.0,16975.0,2395.4375
2314,7.4178,7.0205,1.7921,7.1742,608.0,86655.0,2395.4375
2315,7.1062,5.9094,1.5856,6.9928,335.0,36663.0,2395.4375
2316,7.0079,7.8859,1.7914,7.8337,335.0,24027.0,2395.4375
2317,7.8585,5.9594,2.4836,6.8037,606.0,78703.0,2395.4375
2318,6.9047,6.077,2.518,7.9013,336.0,32021.0,2395.4375
2319,7.8165,6.9555,2.1486,7.2601,337.0,55683.0,2395.4375
2320,7.2503,5.9399,1.9068,7.0357,331.0,13159.0,2395.4375
2321,7.0281,7.5155,2.3791,7.0664,334.0,11779.0,2395.4375
2322,7.1194,6.027,2.182,6.9918,602.0,70409.0,2395.4375
2323,6.9471,7.2538,1.838,7.0903,330.0,12765.0,2395.4375
2324,7.1253,6.2889,2.0364,8.2827,331.0,19427.0,2395.4375
2325,8.4307,6.8272,2.4056,7.7343,330.0,29463.0,2395.4375
2326,7.5844,5.9591,2.2395,7.1676,602.0,85941.0,2395.4375
2327,7.2419,5.956,2.6083,8.0038,329.0,19115.0,2395.4375
2328,7.9941,5.9769,3.1876,8.4061,330.0,17551.0,2395.4375
2329,8.3676,5.9769,2.4926,6.9384,331.0,15299.0,2395.4375
2330,6.9324,6.278,2.7067,8.5741,334.0,13435.0,2395.4375
2331,8.6044,6.1371,3.1682,6.6886,606.0,74561.0,2395.4375
2332,6.623,7.2087,2.2284,7.0003,339.0,26910.0,2395.4375
2333,6.9819,6.272,1.8211,7.1229,335.0,15277.0,2395.4375
2334,7.1372,7.4076,1.845,7.512,603.0,72077.0,2395.4375
2335,7.4794,5.8944,1.8125,5.5943,334.0,26338.0,2395.4375
2336,5.5558,7.1065,1.5381,8.1723,330.0,21787.0,2395.4375
2337,8.2714,5.8625,1.6295,5.6651,331.0,18781.0,2395.4375
2338,5.5613,5.9275,1.4711,7.2185,327.0,13155.0,2395.4375
2339,7.2239,7.3134,1.5519,7.3614,602.0,67777.0,2395.4375
2340,7.4358,5.8936,1.7179,6.5184,331.0,10051.0,2395.4375
2341,6.4641,7.3802,1.6358,7.6849,329.0,10443.0,2395.4375
2342,7.7739,5.8618,1.7541,5.9821,332.0,10671.0,2395.4375
2343,5.9044,5.8985,1.4718,7.265,607.0,86727.0,2395.4375
2344,7.3595,6.8406,1.828,6.6282,332.0,18699.0,2395.4375
2345,6.5818,6.2053,1.9405,6.9824,331.0,12467.0,2395.4375
2346,6.9713,7.3727,1.7552,7.0975,314.0,11115.0,2395.4375
2347,7.149,5.8923,1.4051,6.4255,310.0,9995.0,2395.4375
2348,6.4171,5.9335,1.551,8.8016,570.0,65253.0,2395.4375
2349,8.7897,6.3032,1.905,5.2911,301.0,9861.0,2395.4375
2350,5.2201,6.2202,1.4788,8.0359,296.0,9417.0,2395.4375
2351,8.0934,6.9046,1.6253,6.2096,604.0,72883.0,2395.4375
2352,6.2281,5.9035,1.6586,6.54,329.0,11905.0,2395.4375
2353,6.5478,7.1455,1.8318,8.2791,333.0,11803.0,2395.4375
2354,8.3188,5.9381,1.8042,6.1534,330.0,11177.0,2395.4375
2355,6.076,5.9112,1.6425,6.6731,331.0,12035.0,2395.4375
2356,6.7112,6.8514,1.8867,7.4201,602.0,67409.0,2395.4375
2357,7.3669,5.9278,1.8387,6.5987,331.0,11855.0,2395.4375
2358,6.6369,7.5559,1.9074,7.7186,329.0,11563.0,2395.4375
2359,7.739,5.9064,1.8467,6.3872,331.0,11567.0,2395.4375
2360,6.3844,6.1984,2.3779,7.5664,602.0,70437.0,2395.4375
2361,7.6195,6.0857,2.3108,5.9896,333.0,12171.0,2395.4375
2362,5.8773,6.2511,1.8911,7.5012,336.0,13475.0,2395.4375
2363,7.6048,6.996,2.0258,6.5738,335.0,12257.0,2395.4375
2364,6.4759,5.8982,1.7873,7.5359,334.0,13691.0,2395.4375
2365,7.6165,7.0606,1.6532,6.7107,607.0,66323.0,2395.4375
2366,6.5844,5.972,1.6041,6.2668,334.0,12345.0,2395.4375
2367,6.2955,6.2426,1.5401,7.1894,336.0,14215.0,2395.4375
2368,7.2453,6.9551,1.6569,6.7169,605.0,73251.0,2395.4375
2369,6.7033,5.9547,1.7939,8.271,330.0,16877.0,2395.4375
2370,8.3227,7.4159,2.4083,6.3456,331.0,17155.0,2395.4375
2371,6.3983,5.9255,2.2352,5.9684,334.0,16002.0,2395.4375
2372,5.8965,5.8851,1.7678,8.2864,350.0,37848.0,2395.4375
2373,8.3166,6.875,2.2255,6.2669,602.0,69479.0,2395.4375
2374,6.2375,6.0679,1.9239,8.0272,331.0,12707.0,2395.4375
2375,8.0408,7.5641,1.9304,6.6186,329.0,12955.0,2395.4375
2376,6.5225,5.9394,1.7362,5.5518,331.0,12979.0,2395.4375
2377,5.5626,6.5088,1.8496,8.2041,600.0,70217.0,2395.4375
2378,8.3122,6.3173,2.4145,6.0476,335.0,11783.0,2395.4375
2379,6.1522,6.3843,2.0086,7.3793,333.0,13125.0,2395.4375
2380,7.2421,6.8926,1.9721,8.6594,818.0,94039.0,2397.8125
2381,8.7155,5.9482,2.7661,10.852,473.0,36841.0,2397.8125
2382,10.9405,7.9453,3.8447,9.5874,444.0,31949.0,2397.8125
2383,9.4966,7.3424,2.1979,8.0526,469.0,33849.0,2397.8125
2384,8.1463,7.0726,2.959,6.8939,468.0,35321.0,2397.8125
2385,6.7444,6.5271,2.9494,8.2721,469.0,35333.0,2395.4375
2386,8.3122,7.7162,3.0004,6.6717,435.0,31655.0,2395.4375
2387,6.6321,6.4443,1.8949,8.147,443.0,31991.0,2395.4375
2388,8.1653,7.728,3.1767,7.5176,472.0,35131.0,2395.4375
2389,7.4909,6.4262,2.2696,7.183,449.0,37319.0,2395.4375
2390,7.1873,7.2811,2.3916,7.1733,433.0,31343.0,2395.4375
2391,7.2862,6.6825,2.4624,6.8255,434.0,31259.0,2395.4375
2392,6.9988,7.0694,2.1777,8.2101,432.0,31235.0,2395.4375
2393,7.9764,6.4006,1.8711,6.2848,441.0,31631.0,2395.4375
2394,6.1688,6.6387,1.7743,10.3878,473.0,39016.0,2395.4375
2395,10.4885,7.0405,2.3774,6.1367,473.0,38094.0,2395.4375
2396,6.2426,6.3862,1.9426,7.6577,473.0,34095.0,2395.4375
2397,7.5207,7.9513,2.1259,7.6373,473.0,33433.0,2267.4375
2398,7.5904,6.4075,1.8961,8.0926,470.0,37909.0,2267.4375
2399,8.1567,8.0738,2.5626,6.7807,470.0,44301.0,2267.4375
2400,6.7064,6.3845,1.4104,8.5245,469.0,34579.0,2267.4375
2401,8.5858,7.4563,1.7292,6.3845,463.0,40151.0,2267.4375
2402,6.3583,6.4208,1.8037,7.7406,469.0,40943.0,2267.4375
2403,7.7794,7.539,1.713,7.7312,467.0,39523.0,2267.4375
2404,7.7407,6.4248,1.8865,7.3676,469.0,35498.0,2267.4375
2405,7.3322,6.6305,2.1813,7.9822,468.0,33395.0,2267.4375
2406,7.9942,7.5844,2.2887,6.5624,472.0,37601.0,2267.4375
2407,6.536,6.3963,1.8389,7.8297,469.0,41414.0,2267.4375
2408,7.9392,7.6883,2.114,7.2911,465.0,34999.0,2267.4375
2409,7.1539,6.3383,1.5127,6.8342,465.0,33823.0,2267.4375
2410,6.8551,7.6759,1.6441,8.3969,472.0,38787.0,2267.4375
2411,8.4123,6.3612,1.8893,6.4781,471.0,49773.0,2267.4375
2412,6.5514,8.0286,1.9676,9.3527,472.0,58279.0,2267.4375
2413,9.3317,6.4493,1.9692,6.1324,470.0,45833.0,2267.4375
2414,6.0487,6.4646,1.7615,7.7984,471.0,42037.0,2267.4375
2415,7.8566,6.6149,2.7747,7.5009,474.0,53649.0,2267.4375
2416,7.5195,6.4362,2.4523,7.3808,474.0,77321.0,2267.4375
2417,7.3858,7.5142,2.1369,7.9029,468.0,34775.0,2267.4375
2418,7.8773,6.4648,2.0629,7.0986,471.0,33587.0,2267.4375
2419,7.1309,7.7812,1.8728,7.0476,465.0,33671.0,2267.4375
2420,7.0161,6.3763,1.697,7.1351,466.0,34369.0,2267.4375
2421,7.1782,7.2848,1.7337,8.1222,465.0,41567.0,2267.4375
2422,8.0856,6.3735,2.3169,6.0118,466.0,50223.0,2267.4375
2423,5.9991,6.4,1.9662,9.1493,467.0,48815.0,2267.4375
2424,9.1561,7.4712,1.8681,5.6621,471.0,40669.0,2267.4375
2425,5.6687,6.3847,1.6915,8.2222,468.0,37637.0,2267.4375
2426,8.335,7.4945,1.8178,7.2408,471.0,36635.0,2267.4375
2427,7.1256,6.3731,1.9742,8.1555,472.0,35873.0,2267.4375
2428,8.1973,7.3073,2.3644,7.5027,478.0,41162.0,2267.4375
2429,7.4772,6.5279,2.0725,6.0618,472.0,44823.0,2267.4375
2430,6.085,7.8854,1.931,8.4098,471.0,33409.0,2267.4375
2431,8.381,6.3526,2.3295,5.7252,472.0,39075.0,2267.4375
2432,5.7185,6.56,1.7405,8.7932,466.0,39292.0,2267.4375
2433,8.8091,7.3301,1.6471,6.3044,465.0,41033.0,2267.4375
2434,6.3438,6.3718,2.2934,7.9914,453.0,34283.0,2267.4375
2435,8.0612,7.5565,1.6727,6.9343,468.0,33743.0,2267.4375
2436,6.7793,6.3266,1.5261,8.2083,466.0,31575.0,2267.4375
2437,8.2912,7.4867,1.556,6.4028,466.0,32183.0,2267.4375
2438,6.3409,6.3872,1.5407,6.8977,465.0,34051.0,2267.4375
2439,6.8803,6.3957,1.4675,7.9863,472.0,48009.0,2267.4375
2440,8.0088,6.4456,1.9873,7.4673,466.0,34385.0,2267.4375
2441,7.4837,6.4486,2.2166,6.9827,454.0,33223.0,2267.4375
2442,7.0067,7.8684,1.9085,6.8312,443.0,31735.0,2267.4375
2443,6.8331,6.3898,1.7016,8.4605,438.0,31243.0,2267.4375
2444,8.4241,7.7778,1.8516,6.7917,439.0,31447.0,2267.4375
2445,6.7883,6.2686,1.6635,6.6053,434.0,31217.0,2267.4375
2446,6.6533,7.5178,1.6642,8.4117,474.0,33575.0,2267.4375
2447,8.4852,6.3656,1.6832,6.7751,467.0,33341.0,2267.4375
2448,6.6828,7.4978,2.3539,8.177,470.0,33139.0,2267.4375
2449,8.1821,6.3631,1.9537,6.68,470.0,33145.0,2267.4375
2450,6.6681,6.4136,2.1763,8.0541,467.0,33735.0,2267.4375
2451,8.1123,7.4618,1.767,7.2862,467.0,33315.0,2267.4375
2452,7.2173,6.3919,1.6451,7.3308,443.0,32047.0,2267.4375
2453,7.3991,7.5097,1.8692,7.3845,465.0,33339.0,2267.4375
2454,7.3181,6.3493,2.4579,6.5604,465.0,33675.0,2267.4375
2455,6.7078,7.7248,1.9924,8.4072,467.0,35651.0,2267.4375
2456,8.2837,6.3848,1.953,6.4537,466.0,34039.0,2267.4375
2457,6.4822,6.5752,1.8851,8.8156,467.0,34121.0,2267.4375
2458,8.7842,6.9764,2.1794,6.4668,470.0,33951.0,2267.4375
2459,6.4784,6.3773,1.9505,8.6485,473.0,31855.0,2267.4375
2460,8.811,7.5982,3.1115,7.7647,467.0,32627.0,2267.4375
2461,7.6297,6.4461,2.2214,7.2051,467.0,34149.0,2267.4375
2462,7.3448,7.7736,2.3477,7.9914,468.0,36599.0,2267.4375
2463,8.3082,6.4453,2.2903,7.3118,467.0,35837.0,2267.4375
2464,6.8538,8.044,1.8982,7.4379,465.0,39141.0,2267.4375
2465,7.4697,6.4652,1.8989,7.21,474.0,43680.0,2267.4375
2466,7.1928,7.1902,2.2554,8.042,481.0,52080.0,2267.4375
2467,8.1051,6.451,2.3967,7.181,454.0,32951.0,2267.4375
2468,7.1167,6.6747,2.5507,8.4572,469.0,34779.0,2267.4375
2469,8.4585,7.747,3.5151,7.2621,465.0,34267.0,2267.4375
2470,7.2713,6.4227,2.1549,7.5546,469.0,34315.0,2267.4375
2471,7.5614,7.762,2.4735,7.6148,466.0,33351.0,2267.4375
2472,7.6529,6.5443,2.7021,7.7517,464.0,34159.0,2267.4375
2473,7.7861,7.5871,3.1135,7.0485,458.0,33967.0,2267.4375
2474,6.9355,6.397,2.0984,7.7822,459.0,35339.0,2267.4375
2475,7.8666,7.6581,2.1569,7.4337,472.0,37523.0,2267.4375
2476,7.352,6.4228,2.2077,6.5252,472.0,36389.0,2267.4375
2477,6.5223,6.4489,2.0983,8.4025,474.0,38737.0,2267.4375
2478,8.4724,7.4416,2.1903,6.7254,453.0,35987.0,2267.4375
2479,6.7195,6.3933,2.142,7.2836,457.0,49909.0,2267.4375
2480,7.2208,7.7792,2.266,7.5486,466.0,33815.0,2267.4375
2481,7.5403,6.4466,2.2728,8.1034,470.0,35325.0,2267.4375
2482,8.1123,7.8433,2.7674,7.3004,470.0,35325.0,2267.4375
2483,7.253,6.4991,1.8886,6.4476,439.0,31731.0,2267.4375
2484,6.5084,7.6603,1.6961,7.5823,442.0,31911.0,2267.4375
2485,7.5355,6.3346,1.4407,7.526,464.0,35015.0,2267.4375
2486,7.6241,7.1192,2.0685,7.9274,442.0,37215.0,2267.4375
2487,7.8774,7.0891,2.0615,6.1201,438.0,31383.0,2267.4375
2488,6.0705,6.4114,1.713,7.9127,428.0,31167.0,2267.4375
2489,8.0288,7.1792,2.0149,7.7926,433.0,31227.0,2267.4375
2490,7.7765,6.4085,1.9067,7.5595,442.0,31579.0,2267.4375
2491,7.5146,7.5023,1.9759,8.1333,465.0,38900.0,2267.4375
2492,8.1783,6.5069,2.0443,8.0905,469.0,38026.0,2267.4375
2493,8.0547,7.7616,2.2463,7.8474,474.0,34109.0,2267.4375
2494,7.9505,6.443,2.2701,6.9281,469.0,33365.0,2267.4375
2495,6.9291,7.7585,2.0005,7.687,467.0,37853.0,2267.4375
2496,7.5784,6.4405,1.9629,5.9444,470.0,44303.0,2267.4375
2497,5.9501,6.4598,1.8076,8.935,467.0,34535.0,2267.4375
2498,8.9148,6.9328,2.2297,6.1746,470.0,40215.0,2267.4375
2499,6.1685,6.4133,1.691,8.2569,468.0,40911.0,2267.4375
2500,8.4042,7.5776,2.5737,6.3845,468.0,39515.0,2267.4375
2501,6.1841,6.3811,1.547,7.5713,470.0,35490.0,2267.4375
2502,7.6553,7.7206,1.9739,7.7926,470.0,33399.0,2267.4375
2503,7.7663,6.4124,1.7889,7.1597,469.0,37545.0,2267.4375
2504,7.2203,7.5818,2.2282,7.5877,471.0,41418.0,2267.4375
2505,7.5048,6.4097,1.7417,6.5596,468.0,35015.0,2267.4375
2506,6.5744,6.6121,1.8761,8.6012,465.0,33759.0,2267.4375
2507,8.6947,7.6219,2.3113,7.0219,473.0,38779.0,2267.4375
2508,6.9449,6.3283,1.6687,7.2913,470.0,49741.0,2267.4375
2509,7.3148,7.5339,1.8921,6.7274,468.0,58233.0,2267.4375
2510,6.6903,6.3466,1.6512,7.5963,471.0,45825.0,2267.4375
2511,7.632,7.5413,1.7586,7.768,469.0,41993.0,2267.4375
2512,7.7174,6.4079,1.7951,6.6253,471.0,53615.0,2267.4375
2513,6.6701,7.5407,1.9002,7.8073,469.0,77241.0,2267.4375
2514,7.8219,6.437,1.6185,7.0961,464.0,34707.0,2267.4375
2515,7.0895,6.3318,1.7768,8.5591,467.0,33519.0,2267.4375
2516,8.5838,7.6866,3.1729,6.7414,465.0,33651.0,2267.4375
2517,6.647,6.3851,1.6314,6.8732,466.0,34349.0,2267.4375
2518,6.9544,7.8412,1.8229,7.7275,467.0,41571.0,2267.4375
2519,7.7572,6.3964,1.7347,7.2992,467.0,50215.0,2267.4375
2520,7.2883,7.6044,1.5915,7.5555,467.0,48795.0,2267.4375
2521,7.4847,6.3957,1.5451,6.7578,468.0,40613.0,2267.4375
2522,6.7938,7.2303,1.909,8.0053,471.0,37609.0,2267.4375
2523,8.0055,6.3662,1.8487,6.2524,474.0,36651.0,2267.4375
2524,6.2982,6.3644,1.7517,7.7502,469.0,35817.0,2267.4375
2525,7.7213,7.5705,1.6372,6.9776,469.0,41056.0,2267.4375
2526,7.0006,6.3519,1.5202,7.8328,468.0,44755.0,2267.4375
2527,7.8098,7.6217,1.7764,7.9899,466.0,33329.0,2267.4375
2528,7.941,6.4192,1.6437,7.2871,468.0,39049.0,2267.4375
2529,7.3051,7.6483,1.9133,7.9627,471.0,39352.0,2267.4375
2530,7.9676,6.4071,1.9558,6.3992,474.0,41237.0,2267.4375
2531,6.5053,6.3789,1.8232,7.8662,448.0,34127.0,2267.4375
2532,7.7456,7.4524,2.0564,6.3482,465.0,33707.0,2267.4375
2533,6.3539,6.4062,1.7398,8.2681,470.0,31623.0,2267.4375
2534,8.3652,7.5239,1.8978,6.8471,468.0,32207.0,2267.4375
2535,6.7424,6.4382,1.6968,8.8102,466.0,34063.0,2267.4375
2536,8.8667,7.7013,1.8501,6.1679,475.0,48045.0,2267.4375
2537,6.0908,6.3244,1.6255,7.9999,464.0,34361.0,2267.4375
2538,8.0245,7.7118,1.7675,7.4189,452.0,33155.0,2267.4375
2539,7.4289,6.388,1.942,6.7902,445.0,31759.0,2267.4375
2540,6.8102,6.8344,2.1541,8.9816,437.0,31231.0,2267.4375
2541,9.1114,6.9683,4.0938,6.1692,436.0,31433.0,2267.4375
2542,6.0261,6.3967,1.7511,7.478,432.0,31193.0,2267.4375
2543,7.5153,7.0503,1.8071,7.3953,467.0,33491.0,2267.4375
2544,7.4154,6.316,1.618,7.8429,464.0,33327.0,2267.4375
2545,7.9812,7.5012,1.842,7.2265,467.0,33103.0,2267.4375
2546,7.0525,6.4132,1.7974,7.5915,469.0,33133.0,2267.4375
2547,7.6238,8.0694,1.7727,8.7407,466.0,33723.0,2267.4375
2548,8.7304,6.4859,2.0291,6.9344,468.0,33327.0,2267.4375
2549,6.958,7.4746,2.0405,7.8532,445.0,32071.0,2267.4375
2550,7.8658,6.4514,2.2501,6.904,468.0,33375.0,2267.4375
2551,6.9361,6.6365,2.4543,8.8532,472.0,33759.0,2267.4375
2552,8.8942,8.1105,2.9587,6.2614,464.0,35615.0,2267.4375
2553,6.1307,6.4738,1.9116,9.2985,471.0,34099.0,2267.4375
2554,9.5055,7.6677,2.6861,7.1553,471.0,34125.0,2267.4375
2555,6.9902,6.4611,2.4029,7.829,472.0,33975.0,2267.4375
2556,7.8656,7.829,2.5965,6.9474,472.0,31843.0,2267.4375
2557,6.9195,6.5165,2.2026,7.9141,469.0,32673.0,2267.4375
2558,7.9449,7.9834,2.4412,7.771,467.0,34149.0,2267.4375
2559,7.7328,6.4857,2.3179,9.1116,468.0,36599.0,2267.4375
2560,9.1676,6.4433,2.9032,8.4048,466.0,35847.0,2267.4375
2561,8.3782,6.4433,2.5471,7.2193,467.0,39165.0,2267.4375
2562,7.4028,7.5815,3.3182,8.0124,474.0,43680.0,2267.4375
2563,8.3389,6.6164,2.7903,6.626,479.0,52056.0,2267.4375
2564,6.2089,7.1292,2.0242,7.8154,457.0,34059.0,2267.4375
2565,7.8448,7.845,2.4096,7.2717,463.0,33779.0,2267.4375
2566,7.074,6.6553,1.925,9.016,466.0,34279.0,2267.4375
2567,9.076,7.177,2.3345,6.1692,465.0,34267.0,2267.4375
2568,6.2118,6.4466,1.7684,8.2278,464.0,33327.0,2267.4375
2569,8.2048,7.5415,1.8299,6.3965,467.0,34791.0,2267.4375
2570,6.3271,6.3829,1.7299,7.9226,464.0,34303.0,2267.4375
2571,7.9594,7.7936,2.4327,8.2131,460.0,35355.0,2267.4375
2572,8.1827,6.4454,2.2154,7.4525,474.0,36543.0,2267.4375
2573,7.4638,7.8735,2.0116,7.7462,471.0,36399.0,2267.4375
2574,7.7747,6.4789,2.3705,7.3625,468.0,38665.0,2267.4375
2575,7.3807,7.4198,2.18,7.4483,457.0,35987.0,2267.4375
2576,7.3513,6.4293,1.9809,7.0976,453.0,49883.0,2267.4375
2577,7.1912,6.3722,2.8742,8.2896,464.0,33791.0,2267.4375
2578,8.2865,7.5615,2.5043,7.062,466.0,35277.0,2267.4375
2579,7.0694,6.3777,2.05,7.1208,461.0,35217.0,2267.4375
2580,7.1669,7.4997,1.9286,7.2539,440.0,31743.0,2267.4375
2581,7.25,6.4459,2.0389,7.3102,444.0,31935.0,2267.4375
2582,7.3985,7.7698,2.3922,7.8461,470.0,35087.0,2267.4375
2583,7.6494,6.344,2.8059,8.0745,445.0,37251.0,2267.4375
2584,8.1253,7.7574,3.4953,8.0575,434.0,31335.0,2267.4375
2585,8.5822,6.4047,3.1455,7.0282,431.0,31203.0,2267.4375
2586,7.0692,6.4001,2.7623,8.0253,437.0,31231.0,2267.4375
2587,7.4249,6.868,2.4595,7.1074,444.0,31603.0,2267.4375
2588,7.1237,6.5334,2.6984,8.1194,471.0,38972.0,2267.4375
2589,8.1846,7.6616,2.4702,6.7006,468.0,38036.0,2267.4375
2590,6.5927,6.4937,1.9543,8.1401,466.0,34013.0,2267.4375
2591,8.2205,7.7557,2.2211,6.8738,463.0,33293.0,2267.4375
2592,6.8,6.4298,1.7391,6.9758,472.0,37935.0,2267.4375
2593,7.1354,7.5239,1.9415,8.5203,464.0,44231.0,2267.4375
2594,8.4031,6.4652,2.158,6.2061,468.0,34547.0,2267.4375
2595,6.2704,7.1456,2.2422,8.7373,468.0,40191.0,2267.4375
2596,8.8561,6.3818,2.5237,8.956,462.0,40839.0,2267.4375
2597,8.8579,6.3818,1.9917,7.0995,465.0,39479.0,2267.4375
2598,7.0306,6.7383,2.092,6.5074,473.0,35526.0,2267.4375
2599,6.479,6.361,1.8313,8.9213,468.0,33375.0,2267.4375
2600,8.9728,7.5258,2.2587,7.0705,469.0,37545.0,2267.4375
2601,7.0696,6.3618,1.5234,8.2597,472.0,41430.0,2267.4375
2602,8.2249,7.6874,1.9656,6.6603,470.0,34995.0,2267.4375
2603,6.6537,6.4073,1.8855,7.3279,474.0,33867.0,2267.4375
2604,7.4064,7.5367,2.7945,7.169,472.0,38767.0,2267.4375
2605,7.1151,6.5006,2.182,6.4158,470.0,49763.0,2267.4375
2606,6.3854,7.043,2.0451,8.7455,471.0,58269.0,2267.4375
2607,8.7925,6.4345,2.6177,6.3905,472.0,45837.0,2267.4375
2608,6.3737,6.4228,1.8698,8.4242,467.0,41991.0,2267.4375
2609,8.4358,7.6246,1.9954,6.5462,473.0,53639.0,2267.4375
2610,6.5188,6.382,1.7463,8.195,473.0,77289.0,2267.4375
2611,8.3235,7.3226,1.8846,7.212,461.0,34671.0,2267.4375
2612,7.1147,6.3852,1.7228,7.4875,468.0,33531.0,2267.4375
2613,7.4907,7.6643,1.9738,7.6268,467.0,33675.0,2267.4375
2614,7.5502,6.3538,1.8771,6.5431,465.0,34337.0,2267.4375
2615,6.7217,7.5185,2.0263,7.5368,467.0,41571.0,2267.4375
2616,7.5063,6.3828,2.8358,6.4033,467.0,50215.0,2267.4375
2617,6.3185,6.3697,1.631,7.8003,467.0,48795.0,2267.4375
2618,7.8198,7.4658,1.7519,7.0157,468.0,40569.0,2267.4375
2619,7.0228,6.3218,1.7216,7.5114,468.0,37573.0,2267.4375
2620,7.458,7.7875,1.9763,7.9327,470.0,36603.0,2267.4375
2621,7.9447,6.3454,1.7855,7.8018,468.0,35827.0,2267.4375
2622,7.8641,7.3796,2.0652,6.8844,469.0,41056.0,2267.4375
2623,6.848,6.4218,1.8558,7.3172,473.0,44815.0,2267.4375
2624,7.3873,6.6795,2.2708,8.1847,466.0,33351.0,2267.4375
2625,8.1211,7.6668,2.1913,6.3813,469.0,39061.0,2267.4375
2626,6.3407,6.4221,1.8941,8.099,471.0,39352.0,2267.4375
2627,8.148,7.524,1.9402,6.8346,471.0,41201.0,2267.4375
2628,6.9097,6.3559,1.8727,7.4667,452.0,34175.0,2267.4375
2629,7.428,7.2356,1.8776,7.1572,465.0,33707.0,2267.4375
2630,7.1207,6.3334,1.8945,6.2967,464.0,31551.0,2267.4375
2631,6.3172,7.2411,1.9196,9.2354,465.0,32171.0,2267.4375
2632,9.1877,6.4051,1.8254,6.2596,464.0,34039.0,2267.4375
2633,6.2436,6.6464,1.6416,8.8176,473.0,48021.0,2267.4375
2634,8.9366,6.6513,2.1361,6.3451,471.0,34401.0,2267.4375
2635,6.2241,6.3495,1.7646,8.1292,459.0,33239.0,2267.4375
2636,8.2099,7.6677,2.0123,6.942,443.0,31735.0,2267.4375
2637,6.9173,6.4409,2.0641,7.0774,433.0,31205.0,2267.4375
2638,7.0993,7.9643,2.6156,8.0124,439.0,31469.0,2267.4375
2639,7.9856,6.2853,1.6321,6.1789,433.0,31205.0,2267.4375
2640,6.254,7.4186,1.7065,8.8376,469.0,33537.0,2267.4375
2641,8.7449,6.3133,2.3705,6.3943,468.0,33375.0,2267.4375
2642,6.3866,6.4341,2.1968,8.9751,465.0,33079.0,2267.4375
2643,9.019,7.7631,2.7512,6.6795,462.0,33049.0,2267.4375
2644,6.6297,6.4067,1.664,7.9048,466.0,33723.0,2267.4375
2645,7.9836,7.6634,2.141,7.0305,471.0,33363.0,2267.4375
2646,6.9755,6.4144,1.7974,7.0503,442.0,32083.0,2267.4375
2647,7.0631,7.7867,1.8292,7.7232,467.0,33315.0,2267.4375
2648,7.7063,6.3105,1.709,7.6149,465.0,33675.0,2267.4375
2649,7.673,7.1997,1.8438,7.048,464.0,35663.0,2267.4375
2650,6.9868,6.3462,1.8365,6.4491,471.0,34055.0,2267.4375
2651,6.5488,6.5729,1.8971,9.3691,472.0,34137.0,2267.4375
2652,9.3314,7.6093,2.4554,6.0577,471.0,33915.0,2267.4375
2653,6.1031,6.3227,1.7806,7.9162,470.0,31841.0,2267.4375
2654,7.8748,7.7606,1.9643,7.0733,470.0,32733.0,2267.4375
2655,7.0476,6.3619,1.6423,7.341,470.0,34137.0,2267.4375
2656,7.4061,7.4851,2.0042,7.6194,471.0,36657.0,2267.4375
2657,7.5221,6.4017,1.935,7.6378,466.0,35847.0,2267.4375
2658,7.7288,7.788,2.7003,7.3533,470.0,39201.0,2267.4375
2659,7.2733,6.3376,1.8418,7.1691,476.0,43704.0,2267.4375
2660,7.1515,6.3393,1.673,7.8339,481.0,52080.0,2267.4375
2661,7.9801,6.8694,2.1591,6.5412,462.0,34407.0,2267.4375
2662,6.4273,6.3571,1.7839,7.8119,467.0,33827.0,2267.4375
2663,7.9136,7.7497,2.3799,7.6517,466.0,34279.0,2267.4375
2664,7.5868,6.4259,1.9758,7.1069,463.0,34243.0,2267.4375
2665,7.251,7.7295,1.9947,7.5274,469.0,34351.0,2267.4375
2666,7.3764,6.3616,1.7202,6.9608,472.0,34651.0,2267.4375
2667,6.9067,7.43,1.7268,8.1633,461.0,34271.0,2267.4375
2668,8.219,6.4542,1.8473,6.791,457.0,34801.0,2267.4375
2669,6.7565,6.6998,2.0314,8.3962,471.0,35995.0,2267.4375
2670,8.5584,7.2323,2.9604,6.773,465.0,36327.0,2267.4375
2671,6.5693,6.3882,2.0445,7.9182,468.0,38665.0,2267.4375
2672,7.9992,7.3204,2.0427,6.7531,449.0,35865.0,2267.4375
2673,6.7,6.4939,2.0635,7.0132,453.0,49883.0,2267.4375
2674,7.0781,7.3963,1.8636,7.9321,466.0,33815.0,2267.4375
2675,7.9165,6.4012,2.5959,6.7901,467.0,35289.0,2267.4375
2676,6.8118,7.8715,2.0302,8.6001,466.0,35277.0,2267.4375
2677,8.5866,6.3649,1.8929,5.802,443.0,31779.0,2267.4375
2678,5.7465,6.6071,1.5411,8.6318,443.0,31923.0,2267.4375
2679,8.7457,7.2836,1.9956,6.5654,466.0,35039.0,2267.4375
2680,6.4953,6.371,1.8284,7.536,451.0,37323.0,2267.4375
2681,7.5372,7.6004,2.444,6.9579,431.0,31299.0,2267.4375
2682,6.9286,6.4312,1.7827,7.8928,433.0,31183.0,2267.4375
2683,7.8891,7.6447,1.7049,7.3919,434.0,31195.0,2267.4375
2684,7.384,6.3369,1.764,6.5017,435.0,31495.0,2267.4375
2685,6.4743,7.1654,2.4471,8.94,469.0,38970.0,2267.4375
2686,8.9984,6.3438,2.5296,6.3006,470.0,38060.0,2267.4375
2687,6.2711,6.3388,1.7703,7.6529,471.0,34073.0,2267.4375
2688,7.6867,7.6096,2.1404,7.0281,465.0,33339.0,2267.4375
2689,7.1281,6.3946,2.5234,7.7783,467.0,37875.0,2267.4375
2690,7.6258,7.4974,1.9279,7.2874,467.0,44267.0,2267.4375
2691,7.3449,6.3621,1.8938,6.9057,470.0,34571.0,2267.4375
2692,6.8957,7.4851,1.8655,7.7902,469.0,40203.0,2267.4375
2693,7.8265,6.3836,1.7242,6.8224,468.0,40911.0,2267.4375
2694,6.7796,6.559,1.8825,8.1224,466.0,39491.0,2267.4375
2695,8.1147,6.6746,2.0157,6.4287,466.0,35442.0,2267.4375
2696,6.4243,6.2852,1.7657,8.0422,461.0,33291.0,2267.4375
2697,8.0775,7.515,1.9179,6.9356,476.0,37629.0,2267.4375
2698,6.9759,6.3598,1.8795,8.4579,470.0,41362.0,2267.4375
2699,8.3962,7.3681,1.9512,6.2544,472.0,35019.0,2267.4375
2700,6.2292,6.4488,1.9111,7.2534,471.0,33831.0,2267.4375
2701,7.4231,7.6374,2.1164,7.8475,465.0,38705.0,2267.4375
2702,7.7394,6.4019,1.7675,6.668,467.0,49727.0,2267.4375
2703,6.7543,6.417,1.7333,8.5527,472.0,58281.0,2267.4375
2704,8.4688,7.4256,2.4432,6.4104,471.0,45847.0,2267.4375
2705,6.4182,6.4657,1.8418,7.7715,465.0,41967.0,2267.4375
2706,7.7547,7.5632,1.8936,7.3226,475.0,53663.0,2267.4375
2707,7.2192,6.3587,2.3679,7.0326,469.0,77241.0,2267.4375
2708,7.1355,7.5294,1.9446,7.9779,471.0,34791.0,2267.4375
2709,8.0326,6.4473,2.2697,7.2258,469.0,33543.0,2267.4375
2710,7.2054,7.6628,2.0873,8.285,468.0,33687.0,2267.4375
2711,8.2658,6.3613,2.0781,6.3978,469.0,34385.0,2267.4375
2712,6.3839,6.3949,2.1306,8.2769,469.0,41595.0,2267.4375
2713,8.2646,6.7984,2.4963,6.6089,466.0,50203.0,2267.4375
2714,6.5866,6.4205,1.9285,8.8476,472.0,48811.0,2267.4375
2715,8.8395,7.698,1.9286,6.2557,472.0,40617.0,2267.4375
2716,6.2939,6.4183,1.9819,7.231,465.0,37537.0,2267.4375
2717,7.2626,7.7994,2.1442,7.9711,470.0,36625.0,2267.4375
2718,7.8736,6.4132,2.3453,6.2381,469.0,35839.0,2267.4375
2719,6.3038,7.4375,1.7841,9.0947,470.0,41068.0,2267.4375
2720,9.1939,6.393,1.8591,6.339,469.0,44789.0,2267.4375
2721,6.2895,6.6226,1.9875,8.7396,466.0,33351.0,2267.4375
2722,8.8171,7.5402,2.4643,5.656,468.0,39049.0,2267.4375
2723,5.5363,6.4119,1.6946,8.2124,467.0,39304.0,2267.4375
2724,8.2506,7.6894,1.5181,6.7906,470.0,41189.0,2267.4375
2725,6.7111,6.3023,1.5724,7.7168,448.0,34127.0,2267.4375
2726,7.7916,7.6547,1.7941,6.8946,465.0,33707.0,2267.4375
2727,6.9188,6.4288,1.5906,8.1012,465.0,31563.0,2267.4375
2728,8.0726,7.4421,1.4908,7.1503,469.0,32219.0,2267.4375
2729,7.0447,6.326,1.5675,6.5538,466.0,34063.0,2267.4375
2730,6.4985,6.3069,1.1546,8.3322,478.0,48037.0,2267.4375
2731,8.4367,6.4865,1.5565,7.0631,472.0,34413.0,2267.4375
2732,7.1015,6.4542,1.6638,6.9415,455.0,33191.0,2267.4375
2733,6.9256,7.7898,1.6316,7.3766,446.0,31793.0,2267.4375
2734,7.3365,6.3757,1.5688,7.2473,430.0,31169.0,2267.4375
2735,7.3245,7.6273,1.9263,7.4086,435.0,31421.0,2267.4375
2736,7.3342,6.2703,1.6672,6.6675,429.0,31179.0,2267.4375
2737,6.6897,7.497,1.6988,8.4923,463.0,33465.0,2267.4375
2738,8.4712,6.2514,1.7829,7.0082,467.0,33363.0,2267.4375
2739,7.0397,6.3004,1.6313,6.7444,467.0,33103.0,2267.4375
2740,6.7711,7.6833,1.7595,7.5083,470.0,33145.0,2267.4375
2741,7.5607,6.3726,1.4795,6.9909,466.0,33723.0,2267.4375
2742,6.8685,7.4093,1.5411,8.0164,467.0,33315.0,2267.4375
2743,8.0019,6.3845,1.5174,7.0409,445.0,32119.0,2267.4375
2744,7.1195,7.7494,1.434,7.7079,468.0,33327.0,2267.4375
2745,7.9029,6.3116,1.7365,6.4393,468.0,33711.0,2267.4375
2746,6.2093,7.4799,1.3168,8.469,473.0,35727.0,2267.4375
2747,8.49,6.3796,1.4882,7.0804,469.0,34031.0,2267.4375
2748,7.0778,6.4153,1.8044,7.4794,466.0,34065.0,2267.4375
2749,7.5603,7.979,1.8627,7.8362,468.0,33901.0,2267.4375
2750,7.7806,6.4245,1.8756,6.8319,473.0,31877.0,2267.4375
2751,6.8317,7.3112,1.8063,8.0261,466.0,32685.0,2267.4375
2752,7.9848,6.3571,1.6495,5.8671,467.0,34171.0,2267.4375
2753,5.9065,7.6624,1.9557,8.9853,467.0,36609.0,2267.4375
2754,8.9641,6.41,1.7995,5.8772,464.0,35823.0,2267.4375
2755,5.8341,6.6274,1.4819,9.1289,466.0,39277.0,2267.4375
2756,9.0956,7.5162,1.3916,5.6156,476.0,43890.0,2267.4375
2757,5.6698,6.3421,1.7075,8.1873,481.0,51770.0,2267.4375
2758,8.2529,7.3444,1.7298,6.8236,465.0,34587.0,2267.4375
2759,6.7606,6.3872,1.5048,7.3828,468.0,33839.0,2267.4375
2760,7.4622,7.6812,1.6429,7.4415,468.0,34303.0,2267.4375
2761,7.3593,6.3819,1.4974,6.6838,470.0,34695.0,2267.4375
2762,6.713,7.5294,1.8175,8.6194,472.0,33975.0,2267.4375
2763,8.6322,6.3682,1.6602,6.9102,475.0,34687.0,2267.4375
2764,6.9001,6.4077,1.6113,6.6889,461.0,34757.0,2267.4375
2765,6.6906,7.5576,1.8365,7.7945,456.0,34181.0,2267.4375
2766,7.9081,6.3512,1.3865,7.5393,470.0,35983.0,2267.4375
2767,7.4334,7.7007,1.7203,8.0565,469.0,36375.0,2267.4375
2768,8.0471,6.2723,1.6371,6.7175,468.0,38687.0,2267.4375
2769,6.7536,7.73,1.7202,7.352,445.0,35769.0,2267.4375
2770,7.2904,6.3612,1.4535,7.1154,456.0,49919.0,2267.4375
2771,7.1581,6.5737,2.1467,8.1918,467.0,33827.0,2267.4375
2772,8.1922,7.5204,1.7891,6.5524,467.0,35289.0,2267.4375
2773,6.4942,6.3273,1.4279,6.8194,465.0,35265.0,2267.4375
2774,6.887,7.4769,1.6413,7.5769,443.0,31827.0,2267.4375
2775,7.5306,6.3845,1.4889,7.0808,441.0,31995.0,2267.4375
2776,7.0703,7.252,1.727,7.572,464.0,36703.0,2267.4375
2777,7.5892,6.3328,1.4497,7.2873,444.0,35455.0,2267.4375
2778,7.3395,7.8199,1.9591,8.7786,435.0,31255.0,2267.4375
2779,8.8339,6.474,2.5089,7.5505,434.0,31195.0,2267.4375
2780,7.5889,6.7166,2.3804,6.6499,434.0,31195.0,2267.4375
2781,6.4914,7.3259,1.2923,6.8627,438.0,31553.0,2267.4375
2782,6.8555,6.4195,1.3362,7.7341,472.0,39006.0,2267.4375
2783,7.8072,7.2054,1.5122,9.1786,468.0,38036.0,2267.4375
2784,9.3541,7.7605,1.9423,9.9813,467.0,34047.0,2267.4375
2785,9.8557,7.7605,2.4955,8.2246,470.0,33399.0,2267.4375
2786,8.2105,6.8215,2.7095,7.8104,465.0,37851.0,2267.4375
2787,7.8197,8.0146,2.4784,7.2713,465.0,44243.0,2267.4375
2788,7.2104,6.4404,2.0519,7.7271,465.0,34511.0,2267.4375
2789,7.7538,7.6347,2.0943,7.6067,462.0,40119.0,2267.4375
2790,8.2703,6.4376,2.2539,8.0978,467.0,40899.0,2267.4375
2791,7.4952,8.1125,2.5021,7.0837,467.0,39503.0,2267.4375
2792,7.0327,6.4603,1.9491,6.5202,471.0,35502.0,2267.4375
2793,6.5283,8.2996,1.8805,9.0637,466.0,33351.0,2267.4375
2794,9.0799,6.4376,2.297,6.5403,475.0,37573.0,2267.4375
2795,6.8264,6.3967,2.433,8.5709,472.0,41386.0,2267.4375
2796,8.2622,7.7465,2.1773,6.7871,475.0,35055.0,2267.4375
2797,6.8272,6.4653,2.0229,7.7946,471.0,33853.0,2267.4375
2798,7.7954,7.9574,1.9666,7.6706,469.0,38753.0,2267.4375
2799,7.5956,6.4634,1.9569,7.0105,469.0,49751.0,2267.4375
2800,7.1037,7.8891,1.9475,7.9196,465.0,58219.0,2267.4375
2801,7.9071,6.373,1.7622,9.0746,462.0,45739.0,2267.4375
2802,9.8498,7.875,2.9635,7.8693,473.0,42063.0,2267.4375
2803,7.0463,6.4491,2.703,8.6258,468.0,53579.0,2267.4375
2804,8.7298,7.9359,3.4626,8.2069,472.0,77277.0,2267.4375
2805,8.0834,6.5297,2.8282,8.4319,466.0,34731.0,2267.4375
2806,8.515,8.0128,2.7941,6.0352,464.0,33483.0,2267.4375
2807,5.9135,6.4433,1.6952,8.8561,466.0,33663.0,2267.4375
2808,8.9304,8.0808,2.3678,6.2131,468.0,34373.0,2267.4375
2809,6.2154,6.456,2.0553,7.6326,471.0,41619.0,2267.4375
2810,7.6743,7.1159,2.162,7.5665,468.0,50183.0,2267.4375
2811,7.568,6.8898,1.7416,7.1021,475.0,48847.0,2267.4375
2812,7.0518,6.3636,1.5369,6.8742,468.0,40569.0,2267.4375
2813,6.8701,7.5731,1.6029,7.8615,471.0,37631.0,2267.4375
2814,7.8392,6.3724,1.4827,7.282,473.0,36661.0,2267.4375
2815,7.2802,7.7439,1.6017,7.7527,470.0,35851.0,2267.4375
2816,7.7442,6.3238,1.5058,7.053,471.0,41102.0,2267.4375
2817,7.151,7.6564,1.7199,7.5787,471.0,44813.0,2267.4375
2818,7.5421,6.3189,1.6155,6.6788,466.0,33351.0,2267.4375
2819,6.6814,7.1148,1.8137,8.1187,469.0,39061.0,2267.4375
2820,8.104,6.2858,1.7608,6.6822,472.0,39364.0,2267.4375
2821,6.6816,6.362,2.215,7.8938,466.0,41141.0,2267.4375
2822,7.8237,7.5468,1.474,6.8545,450.0,34151.0,2267.4375
2823,6.9108,6.3528,1.422,7.3948,465.0,33707.0,2267.4375
2824,7.3963,7.8905,1.6976,8.0762,466.0,31575.0,2267.4375
2825,8.0399,6.284,1.4557,6.445,468.0,32207.0,2267.4375
2826,6.6179,7.7562,1.7132,8.4401,470.0,34067.0,2267.4375
2827,8.3609,6.3206,1.6388,6.7203,477.0,48025.0,2267.4375
2828,6.7112,7.1266,1.5653,8.2701,468.0,34365.0,2267.4375
2829,8.2119,6.7517,1.9376,6.3135,453.0,33189.0,2267.4375
2830,6.3314,6.3731,1.9453,7.7177,440.0,31721.0,2267.4375
2831,7.7317,7.8941,2.0389,7.4571,432.0,31193.0,2267.4375
2832,7.5281,6.3889,1.754,7.1531,433.0,31419.0,2267.4375
2833,7.0713,7.8032,1.9234,7.8692,433.0,31227.0,2267.4375
2834,7.8723,6.3324,1.5748,6.6682,466.0,33501.0,2267.4375
2835,6.6726,7.4196,1.7246,8.1692,467.0,33363.0,2267.4375
2836,8.1832,6.3681,1.5389,6.2111,469.0,33127.0,2267.4375
2837,6.1663,6.5322,1.4751,8.8253,465.0,33085.0,2267.4375
2838,8.8079,6.4538,1.4434,6.1345,471.0,33783.0,2267.4375
2839,6.1085,6.357,1.3063,7.7843,464.0,33279.0,2267.4375
2840,7.8634,7.5116,1.535,7.2067,443.0,32095.0,2267.4375
2841,7.0942,6.3106,1.2435,6.9981,465.0,33339.0,2267.4375
2842,7.1407,7.5668,1.6705,8.1721,467.0,34155.0,2267.4375
2843,8.0756,6.2725,1.5053,6.2207,470.0,35191.0,2267.4375
2844,6.253,7.645,1.6396,8.2611,472.0,34067.0,2267.4375
2845,8.3013,6.3774,1.6902,6.8643,471.0,34147.0,2267.4375
2846,6.8227,6.3217,1.4575,7.4091,469.0,33865.0,2267.4375
2847,7.4196,7.5708,1.5862,7.2464,469.0,31877.0,2267.4375
2848,7.1882,6.3116,1.3465,7.1249,467.0,32719.0,2267.4375
2849,7.1196,7.4701,1.4452,7.6314,469.0,34195.0,2267.4375
2850,7.6438,6.3861,1.36,6.6848,469.0,36633.0,2267.4375
2851,6.8046,7.6236,1.8548,8.1623,469.0,36007.0,2267.4375
2852,8.0805,6.3937,1.5401,7.2834,465.0,39141.0,2267.4375
2853,7.3004,6.4063,1.6173,7.8913,469.0,43806.0,2267.4375
2854,7.8867,7.5206,1.8007,7.0451,479.0,52210.0,2267.4375
2855,6.9963,6.3612,1.434,7.1428,468.0,34111.0,2267.4375
2856,7.2101,7.6145,1.937,7.2018,464.0,33791.0,2267.4375
2857,7.1842,6.3806,1.4191,7.2304,466.0,34279.0,2267.4375
2858,7.2934,7.6268,1.7505,8.3963,471.0,34663.0,2267.4375
2859,8.3106,6.3485,1.6492,6.0876,467.0,33915.0,2267.4375
2860,6.191,7.7667,2.3157,8.5032,473.0,34663.0,2267.4375
2861,8.4825,6.5849,1.5738,6.5931,462.0,34949.0,2267.4375
2862,6.5297,6.4028,1.4891,8.5078,453.0,33987.0,2267.4375
2863,8.52,7.4633,1.521,5.9639,468.0,35959.0,2267.4375
2864,5.8938,6.3739,1.2021,8.137,470.0,36409.0,2267.4375
2865,8.2821,7.6049,1.7535,7.0535,470.0,38711.0,2267.4375
2866,7.1125,6.3743,2.017,7.457,452.0,35853.0,2267.4375
2867,7.4163,7.5909,1.5698,6.9409,454.0,49895.0,2267.4375
2868,6.869,6.3176,1.6464,6.9037,470.0,33863.0,2267.4375
2869,6.9137,7.1389,1.6716,8.6107,468.0,35301.0,2267.4375
2870,8.6068,6.4117,1.7908,6.5077,469.0,35313.0,2267.4375
2871,6.5218,6.3694,2.0754,7.9682,442.0,31815.0,2267.4375
2872,7.8943,6.3643,1.424,6.5985,444.0,32079.0,2267.4375
2873,6.5557,6.2881,1.3634,7.4576,466.0,38415.0,2267.4375
2874,7.602,7.4903,1.6118,7.3598,445.0,33687.0,2267.4375
2875,7.2637,6.3141,1.3894,6.7205,437.0,31279.0,2267.4375
2876,6.7772,7.5405,1.5192,8.1461,434.0,31195.0,2267.4375
2877,8.1443,6.3709,1.5749,6.5207,435.0,31229.0,2267.4375
2878,6.4724,7.3802,1.317,8.2071,437.0,31541.0,2267.4375
2879,8.2453,6.6236,1.6971,6.6161,469.0,38970.0,2267.4375
2880,6.6515,6.304,1.5264,7.7506,465.0,38022.0,2267.4375
2881,7.7436,7.5229,1.7506,7.2604,463.0,33999.0,2267.4375
2882,7.2021,6.3589,1.4623,7.575,466.0,33351.0,2267.4375
2883,7.6266,7.7339,1.6764,7.272,465.0,37851.0,2267.4375
2884,7.2364,6.3469,1.512,7.4301,467.0,44267.0,2267.4375
2885,7.578,7.6443,1.7708,7.6981,466.0,34523.0,2267.4375
2886,7.5524,6.3927,1.478,6.8039,466.0,40167.0,2267.4375
2887,6.833,6.3392,1.4352,8.2817,469.0,40923.0,2267.4375
2888,8.2664,7.4007,1.7196,6.6325,468.0,39515.0,2267.4375
2889,6.6377,6.3434,1.5455,7.0059,469.0,35478.0,2267.4375
2890,7.0094,7.7562,1.6096,7.6801,473.0,33391.0,2267.4375
2891,7.6307,6.375,1.347,7.556,474.0,37561.0,2267.4375
2892,7.65,7.9457,1.6092,7.7263,471.0,41374.0,2267.4375
2893,7.6724,6.3167,1.4844,6.9005,466.0,34969.0,2267.4375
2894,6.9614,7.4897,1.7753,8.5175,465.0,33781.0,2267.4375
2895,8.4728,6.418,1.8338,6.1586,469.0,38753.0,2267.4375
2896,6.1163,7.5708,1.5417,8.6642,467.0,49749.0,2267.4375
2897,8.7244,6.7829,1.5275,6.5235,469.0,58267.0,2267.4375
2898,6.5002,6.4079,1.3987,7.3296,467.0,45799.0,2267.4375
2899,7.3304,7.5071,1.602,7.4622,468.0,42003.0,2267.4375
2900,7.4226,6.3023,1.5234,7.2845,469.0,53591.0,2267.4375
2901,7.43,7.5419,1.5246,7.6259,476.0,77325.0,2267.4375
2902,7.6228,6.381,1.521,6.1925,469.0,34767.0,2267.4375
2903,6.4225,7.5511,1.8192,8.3465,467.0,33519.0,2267.4375
2904,8.0549,6.3812,1.7401,6.5345,468.0,33687.0,2267.4375
2905,6.4783,6.3334,1.4278,7.9823,464.0,34325.0,2267.4375
2906,8.1561,7.5368,1.7625,6.9827,465.0,41503.0,2267.4375
2907,6.8194,6.4045,1.492,7.5153,476.0,50279.0,2267.4375
2908,7.5704,7.4065,1.6594,7.3147,468.0,48763.0,2267.4375
2909,7.2392,6.3112,1.345,7.6025,469.0,40603.0,2267.4375
2910,7.61,7.6529,1.4479,7.8935,468.0,37595.0,2267.4375
2911,7.8934,6.3133,1.5004,6.2291,466.0,36577.0,2267.4375
2912,6.2714,6.4007,1.7416,8.0361,467.0,35837.0,2267.4375
2913,7.9989,7.5705,1.4567,6.9297,470.0,41090.0,2267.4375
2914,7.1018,6.4343,1.5556,7.4342,473.0,44837.0,2267.4375
2915,7.292,7.5404,1.8413,7.5528,464.0,33327.0,2267.4375
2916,7.5204,6.6756,1.5108,7.3655,471.0,39085.0,2267.4375
2917,7.453,7.8613,1.7171,7.6807,467.0,39304.0,2267.4375
2918,7.6271,6.3779,1.4888,7.0046,475.0,41249.0,2267.4375
2919,7.0308,7.6673,1.6821,7.6905,453.0,34187.0,2267.4375
2920,7.661,6.317,1.5833,6.9242,467.0,33731.0,2267.4375
2921,6.9584,6.5612,1.4157,8.4088,468.0,31599.0,2267.4375
2922,8.4013,6.31,1.8308,6.5646,475.0,32247.0,2267.4375
2923,6.5073,6.3544,2.0686,6.9617,470.0,34067.0,2267.4375
2924,6.9983,7.6121,1.5165,7.6972,477.0,48025.0,2267.4375
2925,7.6944,6.364,1.3116,7.3951,470.0,34411.0,2267.4375
2926,7.3864,7.4758,1.5808,7.196,451.0,33165.0,2267.4375
2927,7.1742,6.3049,1.3608,6.85,442.0,31745.0,2267.4375
2928,6.9297,7.8702,1.9139,8.4398,430.0,31191.0,2267.4375
2929,8.3811,6.5548,1.6414,6.5379,433.0,31419.0,2267.4375
2930,6.5595,6.3079,1.8303,7.8285,433.0,31227.0,2267.4375
2931,7.8466,7.4499,1.721,7.5126,465.0,33489.0,2267.4375
2932,7.4892,6.4016,1.5826,7.2909,468.0,33375.0,2267.4375
2933,7.2428,7.5785,1.5312,7.8154,464.0,33067.0,2267.4375
2934,7.914,6.4259,1.5948,6.7546,464.0,33073.0,2267.4375
2935,6.9953,7.7155,1.9688,8.0697,465.0,33711.0,2267.4375
2936,7.8449,6.3765,1.6052,5.9935,467.0,33315.0,2267.4375
2937,5.9857,7.4406,1.5969,8.3441,445.0,32215.0,2267.4375
2938,8.4165,6.3235,1.8433,6.5875,473.0,33891.0,2267.4375
2939,6.5575,6.3951,2.1201,7.3445,469.0,33583.0,2267.4375
2940,7.3172,7.5435,1.9131,7.2863,471.0,35251.0,2267.4375
2941,7.1947,6.3874,1.4467,7.4934,470.0,34017.0,2267.4375
2942,7.5476,7.8793,1.6325,7.895,468.0,34159.0,2267.4375
2943,7.8383,6.3474,1.6076,7.4312,472.0,33901.0,2267.4375
2944,7.5325,7.4769,1.8124,7.8971,465.0,31803.0,2267.4375
2945,7.7963,6.3359,1.5012,5.8603,464.0,32855.0,2267.4375
2946,5.872,7.2664,1.348,9.2512,466.0,34035.0,2267.4375
2947,9.2909,6.7186,1.769,5.7357,464.0,36697.0,2267.4375
2948,5.7872,6.4365,1.4224,7.9961,465.0,35835.0,2267.4375
2949,7.9643,7.9912,1.7461,7.48,471.0,41060.0,2267.4375
2950,7.4759,6.362,1.5921,7.5026,474.0,42019.0,2267.4375
2951,7.5266,7.5121,1.7177,7.8889,481.0,52234.0,2267.4375
2952,7.828,6.3309,1.6156,6.6557,462.0,33991.0,2267.4375
2953,6.6944,8.1135,2.0336,8.6609,465.0,33803.0,2267.4375
2954,8.6325,6.3789,1.8338,6.8365,473.0,34319.0,2267.4375
2955,6.8959,6.4343,2.052,7.9496,473.0,34687.0,2267.4375
2956,7.8725,6.4531,1.7198,6.6766,473.0,33987.0,2267.4375
2957,6.6876,6.4638,1.5867,7.8303,469.0,34637.0,2267.4375
2958,8.0156,7.5893,1.534,6.8231,458.0,35531.0,2267.4375
2959,6.6394,6.3356,1.4721,6.9854,448.0,33345.0,2267.4375
2960,7.0051,7.6374,1.5816,8.3767,471.0,36017.0,2267.4375
2961,8.2885,6.3658,1.4599,6.6503,466.0,36361.0,2267.4375
2962,6.7732,6.6127,1.496,7.7757,467.0,39139.0,2267.4375
2963,7.7116,6.387,1.4751,6.3979,450.0,35317.0,2267.4375
2964,6.3851,7.1849,1.4316,7.7167,449.0,49835.0,2267.4375
2965,7.7602,6.2721,1.7408,6.5536,467.0,33827.0,2267.4375
2966,6.5251,6.3464,1.4376,7.7564,469.0,35313.0,2267.4375
2967,7.8309,7.1624,1.6217,7.2029,468.0,35301.0,2267.4375
2968,7.1454,6.4404,1.4951,7.1387,440.0,31791.0,2267.4375
2969,7.1948,7.5641,1.4303,7.6151,455.0,32499.0,2267.4375
2970,7.5289,6.3122,1.468,6.8001,468.0,39939.0,2267.4375
2971,6.8344,7.2426,1.5198,7.9654,449.0,31903.0,2267.4375
2972,7.9638,6.39,1.6559,6.4187,435.0,31255.0,2267.4375
2973,6.4058,6.3044,1.483,7.3094,437.0,31253.0,2267.4375
2974,7.3697,6.9119,1.5558,7.6283,432.0,31193.0,2267.4375
2975,7.6068,6.3637,1.3884,7.5283,442.0,31601.0,2267.4375
2976,7.5505,7.1963,1.4822,6.9271,468.0,38980.0,2267.4375
2977,6.9209,6.2826,1.502,6.4808,467.0,38046.0,2267.4375
2978,6.5321,7.2281,1.8253,8.8399,466.0,34035.0,2267.4375
2979,8.7308,6.3907,1.6018,5.829,462.0,33303.0,2267.4375
2980,5.8567,6.6121,1.3524,8.7169,468.0,37887.0,2267.4375
2981,8.7073,7.165,1.5679,6.1994,467.0,44267.0,2267.4375
2982,6.1862,6.3615,1.4072,8.0344,468.0,34547.0,2267.4375
2983,8.1936,7.5414,1.6481,6.8868,466.0,40167.0,2267.4375
2984,6.7443,6.3136,1.3649,7.7331,467.0,40899.0,2267.4375
2985,7.888,7.7269,1.6133,7.3341,465.0,39479.0,2267.4375
2986,7.2176,6.3019,1.3805,7.3315,469.0,35434.0,2267.4375
2987,7.3414,7.3974,1.6276,7.3062,470.0,33355.0,2267.4375
2988,7.2412,6.3551,1.6239,6.8378,473.0,37549.0,2267.4375
2989,6.8512,6.289,1.3434,7.4197,470.0,41384.0,2267.4375
2990,7.4659,7.3254,1.3742,6.8373,469.0,35005.0,2267.4375
2991,6.8093,6.3636,1.6346,7.5144,468.0,33817.0,2267.4375
2992,7.5044,7.6445,1.6527,7.5135,467.0,38751.0,2267.4375
2993,7.517,6.3439,1.4413,6.6778,469.0,49773.0,2267.4375
2994,6.7122,7.3374,1.666,8.0325,468.0,58255.0,2267.4375
2995,8.0085,6.3455,1.6357,6.2197,470.0,45835.0,2267.4375
2996,6.1834,6.3804,1.4299,8.3458,466.0,41979.0,2267.4375
2997,8.4538,7.4492,1.4815,6.9815,469.0,53591.0,2267.4375
2998,6.8927,6.4209,1.6198,7.6237,469.0,77241.0,2267.4375
2999,7.756,7.4839,1.8825,7.6497,464.0,34707.0,2267.4375
3000,7.5154,6.4158,1.6785,6.8664,467.0,33519.0,2267.4375
3001,6.8708,7.3478,1.7636,7.6817,466.0,33663.0,2267.4375
3002,7.7487,6.4226,1.6916,6.0687,473.0,34389.0,2267.4375
3003,6.0665,7.0578,2.0393,9.1123,471.0,41575.0,2267.4375
3004,9.1354,6.7341,2.2404,6.0,470.0,50207.0,2267.4375
3005,5.9252,6.398,1.4623,7.6151,468.0,48785.0,2267.4375
3006,7.6611,6.6545,2.1447,7.6973,473.0,40651.0,2267.4375
3007,7.6324,6.3649,2.2146,7.2238,470.0,37619.0,2267.4375
3008,7.2933,7.386,1.7126,7.2585,467.0,36611.0,2267.4375
3009,7.2007,6.4004,1.6797,7.7103,470.0,35873.0,2267.4375
3010,7.7346,7.3272,1.7608,6.816,465.0,41030.0,2267.4375
3011,6.8406,6.4413,1.5516,6.8316,463.0,44717.0,2267.4375
3012,6.818,6.6002,1.5214,8.4246,472.0,33423.0,2267.4375
3013,8.4317,6.5691,1.746,6.1542,466.0,39025.0,2267.4375
3014,6.1401,6.388,1.5894,9.2183,469.0,39328.0,2267.4375
3015,9.2061,7.5088,1.4498,6.2694,472.0,41213.0,2267.4375
3016,6.2835,6.3995,1.7045,6.5692,446.0,34103.0,2267.4375
3017,6.6204,7.6467,1.854,8.1039,466.0,33719.0,2267.4375
3018,8.0712,6.3394,1.68,6.343,472.0,31603.0,2267.4375
3019,6.3064,7.688,1.7294,8.704,475.0,32247.0,2267.4375
3020,8.7091,6.4505,1.8823,6.2448,466.0,34019.0,2267.4375
3021,6.2697,6.3876,1.5335,9.3717,480.0,48083.0,2267.4375
3022,9.458,7.2707,2.2089,6.004,466.0,34363.0,2267.4375
3023,5.9143,6.4158,2.1687,7.8078,458.0,33249.0,2267.4375
3024,7.8381,7.4936,1.6511,6.8759,443.0,31779.0,2267.4375
3025,6.8839,6.3782,1.7299,7.6775,430.0,31191.0,2267.4375
3026,7.6582,7.7756,1.7721,7.5667,438.0,31479.0,2267.4375
3027,7.5744,6.5816,1.8227,7.1707,435.0,31251.0,2267.4375
3028,7.2462,7.0883,1.943,7.9597,466.0,33501.0,2267.4375
3029,7.9053,7.2278,1.5788,7.2552,466.0,33351.0,2267.4375
3030,7.15,6.5632,1.8149,9.0721,469.0,33127.0,2267.4375
3031,9.1509,8.3333,2.8991,6.6898,463.0,33061.0,2267.4375
3032,6.6876,6.4325,1.5576,6.8984,466.0,33723.0,2267.4375
3033,6.8728,8.18,1.5866,9.8487,466.0,33303.0,2267.4375
3034,9.8709,6.359,1.9706,6.0569,451.0,32291.0,2267.4375
3035,6.0271,8.0888,1.6109,8.8859,473.0,33843.0,2267.4375
3036,8.9297,6.3879,1.6417,6.8603,469.0,33583.0,2267.4375
3037,6.9052,8.6391,1.7405,9.2239,470.0,35261.0,2267.4375
3038,9.1856,6.4251,1.809,6.9843,466.0,34065.0,2267.4375
3039,6.9325,8.2532,1.6891,8.5461,466.0,34293.0,2267.4375
3040,8.5953,6.6465,1.6475,7.3001,465.0,33633.0,2267.4375
3041,7.2747,7.9569,1.3947,8.1447,467.0,31951.0,2267.4375
3042,8.1999,6.6637,1.456,7.1762,465.0,32791.0,2267.4375
3043,7.0875,7.3701,1.5413,8.2779,468.0,34183.0,2267.4375
3044,8.39,7.4284,1.8903,6.9512,465.0,36585.0,2267.4375
3045,6.8452,6.4421,2.479,8.5819,470.0,37866.0,2267.4375
3046,8.6637,8.0501,2.7664,7.1604,469.0,39065.0,2267.4375
3047,7.0554,6.3638,1.5628,6.6016,470.0,42435.0,2267.4375
3048,6.6782,8.19,1.8019,8.8725,485.0,52282.0,2267.4375
3049,8.8722,6.6652,1.7937,8.2831,459.0,33443.0,2267.4375
3050,8.3387,8.3867,1.7212,7.5728,468.0,33795.0,2267.4375
3051,7.5053,6.6685,1.5732,8.2972,470.0,34283.0,2267.4375
3052,8.318,8.1626,1.6184,7.8892,466.0,34603.0,2267.4375
3053,7.9115,6.6223,1.7638,7.1053,469.0,33961.0,2267.4375
3054,7.0704,8.1221,1.7515,8.5163,472.0,34673.0,2267.4375
3055,8.5279,6.6716,1.8192,8.1954,466.0,35675.0,2267.4375
3056,8.2033,8.0312,1.9506,7.4416,447.0,33259.0,2267.4375
3057,7.4891,6.611,2.6535,7.1362,467.0,35969.0,2267.4375
3058,7.1603,7.2524,2.3254,8.3984,465.0,36349.0,2267.4375
3059,8.2939,7.0175,1.9681,7.1755,471.0,39187.0,2267.4375
3060,7.366,6.4166,2.961,8.5912,452.0,35341.0,2267.4375
3061,8.5257,8.0649,2.0415,6.9335,454.0,49895.0,2267.4375
3062,6.8552,6.3594,1.8803,8.3299,467.0,33827.0,2267.4375
3063,8.357,7.792,2.0251,7.4442,462.0,35229.0,2267.4375
3064,7.387,6.3058,1.8881,7.9985,462.0,35229.0,2267.4375
3065,8.0235,8.5474,1.9209,8.456,446.0,31863.0,2267.4375
3066,8.4609,6.455,2.0898,7.515,457.0,32527.0,2267.4375
3067,7.4874,8.2668,2.045,7.9676,465.0,39855.0,2267.4375
3068,8.0319,6.4226,2.8569,6.8763,448.0,31939.0,2267.4375
3069,6.8652,8.3479,2.3973,8.7545,428.0,31145.0,2267.4375
3070,8.8145,6.4413,2.0496,6.7713,433.0,31205.0,2267.4375
3071,6.7136,8.2822,2.0696,8.6454,435.0,31229.0,2267.4375
3072,8.6147,6.6437,1.9421,6.7188,438.0,31575.0,2267.4375
3073,6.7216,8.2368,1.9321,8.8897,466.0,38956.0,2267.4375
3074,8.8696,6.5591,1.9523,6.748,469.0,38070.0,2267.4375
3075,6.686,7.1997,2.3022,9.3529,467.0,34047.0,2267.4375
3076,9.3536,7.4987,2.0243,6.4186,470.0,33399.0,2267.4375
3077,6.4675,6.4237,1.7747,8.2294,467.0,37875.0,2267.4375
3078,8.2156,8.3876,1.7556,8.2194,471.0,44315.0,2267.4375
3079,8.2143,6.395,1.9088,6.5914,466.0,34523.0,2267.4375
3080,6.6583,8.2398,1.9085,9.2592,470.0,40215.0,2267.4375
3081,9.1854,6.7009,1.7509,6.7771,465.0,40875.0,2267.4375
3082,6.8065,8.0544,1.8398,8.1031,472.0,39519.0,2267.4375
3083,8.057,6.7395,1.6837,7.2844,473.0,35482.0,2267.4375
3084,7.3564,8.059,1.8652,8.5417,466.0,33307.0,2267.4375
3085,8.5518,6.7087,1.8091,7.4881,474.0,37583.0,2267.4375
3086,7.4868,8.2998,1.7971,8.3296,471.0,41396.0,2267.4375
3087,8.3306,6.6419,1.7943,7.1896,469.0,35005.0,2267.4375
3088,7.1781,8.0272,2.1735,8.5678,466.0,33815.0,2267.4375
3089,8.6179,6.629,1.7691,6.8123,467.0,38751.0,2267.4375
3090,6.8374,6.3693,2.2248,8.7831,466.0,49737.0,2267.4375
3091,8.7316,6.9882,1.9959,6.0814,464.0,58207.0,2267.4375
3092,6.0782,6.4258,1.5247,7.4664,467.0,45799.0,2267.4375
3093,7.6579,8.309,1.6152,8.6677,466.0,41979.0,2267.4375
3094,8.4512,6.3858,1.7857,7.1655,470.0,53603.0,2267.4375
3095,7.1954,8.5419,1.7649,8.7405,472.0,77277.0,2267.4375
3096,8.7432,6.3493,1.8164,7.1109,466.0,34731.0,2267.4375
3097,7.1556,8.2279,1.9639,8.8778,467.0,33519.0,2267.4375
3098,8.8052,6.6675,1.6647,6.7317,472.0,33691.0,2267.4375
3099,6.7521,8.2538,1.9045,8.4795,472.0,34377.0,2267.4375
3100,8.5033,6.6933,1.673,7.9532,474.0,41611.0,2267.4375
3101,7.9293,7.7408,1.7018,7.5853,467.0,50193.0,2267.4375
3102,7.5578,6.2914,1.5107,6.3039,466.0,48761.0,2267.4375
3103,6.3167,7.9227,2.3432,8.4359,467.0,40579.0,2267.4375
3104,8.4486,6.3112,1.7633,7.082,464.0,37569.0,2267.4375
3105,7.0507,6.3637,1.6256,7.9047,465.0,36587.0,2267.4375
3106,7.9429,7.8915,1.7867,7.0501,468.0,35849.0,2267.4375
3107,7.0551,6.4019,1.5651,7.2158,472.0,41114.0,2267.4375
3108,7.2087,7.4949,1.67,8.1893,469.0,44789.0,2267.4375
3109,8.1267,6.4485,1.5289,6.6557,465.0,33339.0,2267.4375
3110,6.6255,7.5768,1.5349,8.8887,468.0,39049.0,2267.4375
3111,9.0202,6.4015,1.8261,6.3106,473.0,39376.0,2267.4375
3112,6.2531,7.1244,1.7221,7.625,472.0,41213.0,2267.4375
3113,7.6611,6.3617,1.5842,6.4375,450.0,34151.0,2267.4375
3114,6.4071,6.3721,1.7373,7.108,473.0,33759.0,2267.4375
3115,7.0824,6.842,1.5496,7.7981,467.0,31543.0,2267.4375
3116,7.8407,6.3676,1.5968,6.7911,465.0,32127.0,2267.4375
3117,6.742,7.8728,1.5269,8.4436,473.0,34125.0,2267.4375
3118,8.4745,6.4259,1.7336,7.8687,474.0,48011.0,2267.4375
3119,7.8525,7.4714,1.5099,6.7718,468.0,34387.0,2267.4375
3120,6.827,6.2705,1.797,6.248,452.0,33199.0,2267.4375
3121,6.2382,7.1976,1.544,8.5895,438.0,31719.0,2267.4375
3122,8.6698,6.7375,1.8214,6.7567,430.0,31191.0,2267.4375
3123,6.6639,6.3583,1.5865,6.8447,436.0,31455.0,2267.4375
3124,6.8581,7.7448,2.2995,8.1746,433.0,31227.0,2267.4375
3125,8.1598,6.3836,1.7046,7.5803,463.0,33465.0,2267.4375
3126,7.5684,7.3125,1.6181,6.9328,472.0,33423.0,2267.4375
3127,6.9513,6.3813,1.6396,7.0979,465.0,33079.0,2267.4375
3128,7.2078,7.4755,2.5296,7.6838,469.0,33133.0,2267.4375
3129,7.5702,6.681,1.8126,6.6046,471.0,33783.0,2267.4375
3130,6.6053,7.42,1.7987,11.3769,1105.0,160225.0,2269.8125
3131,11.5168,7.42,2.3,8.7607,524.0,29943.0,2269.8125
3132,8.6407,8.9876,2.0726,7.487,488.0,49795.0,2269.8125
3133,7.5581,6.9789,2.2502,6.8319,450.0,17601.0,2269.8125
3134,6.7654,7.1328,1.7403,8.0778,487.0,24373.0,2269.8125
3135,8.1194,6.4427,1.844,5.9216,448.0,16933.0,2269.8125
3136,5.8451,6.1783,1.6788,9.4706,475.0,18719.0,2267.4375
3137,9.6062,6.2514,2.4709,9.5816,470.0,20671.0,2267.4375
3138,9.5487,6.2514,3.532,8.8241,735.0,67261.0,2395.4375
3139,9.2117,7.6765,2.8794,11.0938,471.0,18787.0,2395.4375
3140,10.7018,8.2903,2.1389,8.4285,472.0,17163.0,2395.4375
3141,8.3849,6.4675,2.892,7.6064,471.0,17727.0,2395.4375
3142,7.569,8.0591,2.0343,7.5897,472.0,18747.0,2459.4375
3143,7.5913,6.3986,2.3851,8.0316,474.0,23018.0,2459.4375
3144,8.1481,7.5396,2.1964,7.0297,733.0,71749.0,2459.4375
3145,6.9012,6.625,1.7706,6.9064,483.0,33350.0,2459.4375
3146,6.9627,6.6381,1.5557,8.2316,480.0,22895.0,2459.4375
3147,8.2096,7.0186,1.6043,7.3495,757.0,68301.0,2459.4375
3148,7.3898,6.322,2.0656,6.8765,475.0,19639.0,2459.4375
3149,6.8984,8.4849,1.7902,8.4871,473.0,19813.0,2459.4375
3150,8.4145,6.1564,1.7879,6.8773,473.0,19051.0,2459.4375
3151,6.8768,6.8129,1.7636,7.5186,473.0,18981.0,2459.4375
3152,7.5648,6.8036,1.8588,6.7328,467.0,18691.0,2459.4375
3153,6.7143,7.1811,1.8303,7.9871,463.0,18963.0,2459.4375
3154,7.9519,6.5092,1.6483,6.3266,471.0,20975.0,2459.4375
3155,6.3178,6.1959,2.0762,7.9516,731.0,68561.0,2459.4375
3156,7.9859,6.6034,1.7298,6.5102,446.0,17111.0,2459.4375
3157,6.5755,6.4954,1.9887,7.8125,446.0,18799.0,2459.4375
3158,7.8147,7.2426,1.7148,6.9393,452.0,22439.0,2459.4375
3159,6.8436,6.1441,1.3712,6.4264,435.0,16367.0,2459.4375
3160,6.455,7.2788,1.7084,8.2936,435.0,16271.0,2459.4375
3161,8.3037,6.0696,1.593,6.1378,702.0,65105.0,2459.4375
3162,6.1242,6.1606,1.4638,7.1489,446.0,16647.0,2459.4375
3163,7.1682,6.7712,1.4033,7.6708,475.0,24408.0,2459.4375
3164,7.573,6.088,1.3935,7.8118,742.0,71584.0,2459.4375
3165,7.9202,6.9135,1.6828,6.4445,474.0,19405.0,2459.4375
3166,6.4009,6.4464,1.4695,7.6415,472.0,19361.0,2459.4375
3167,7.6321,7.1922,1.5881,7.4482,472.0,27611.0,2459.4375
3168,7.4667,6.1611,1.6397,7.1613,473.0,23127.0,2459.4375
3169,7.2369,6.2222,2.3783,7.5358,472.0,24985.0,2459.4375
3170,7.4606,7.032,1.8185,6.4411,470.0,19491.0,2459.4375
3171,6.458,6.2312,1.8905,6.99,474.0,20314.0,2459.4375
3172,7.007,6.9195,1.7036,7.5026,747.0,71531.0,2459.4375
3173,7.4375,6.4957,1.7031,7.0567,472.0,26726.0,2459.4375
3174,7.0965,7.9222,2.1716,8.0297,473.0,19931.0,2459.4375
3175,7.983,6.1729,1.5574,5.7874,471.0,18979.0,2459.4375
3176,5.8203,6.2053,1.5367,7.9449,471.0,23747.0,2459.4375
3177,7.9965,6.6171,1.5494,7.2138,472.0,43407.0,2459.4375
3178,7.1069,6.1379,1.4997,8.1713,761.0,93745.0,2459.4375
3179,8.2295,7.5638,1.6468,6.4658,476.0,26055.0,2459.4375
3180,6.4841,6.5467,1.7185,7.5199,475.0,27147.0,2459.4375
3181,7.5788,7.5928,1.6443,8.0606,759.0,104451.0,2459.4375
3182,8.0416,6.1982,1.6763,5.9323,474.0,36933.0,2459.4375
3183,5.8568,7.8068,1.6993,8.6297,472.0,18505.0,2459.4375
3184,8.6228,6.1532,1.5336,6.0739,472.0,18527.0,2459.4375
3185,6.0919,6.0847,1.4208,7.9885,469.0,19419.0,2459.4375
3186,8.0154,7.322,1.6165,6.7521,468.0,28363.0,2459.4375
3187,6.7522,6.1989,1.6024,7.0438,472.0,35503.0,2459.4375
3188,7.0489,7.6152,1.6115,7.9396,471.0,30579.0,2459.4375
3189,7.8717,6.1888,1.4734,6.4222,753.0,74105.0,2459.4375
3190,6.5168,7.2408,1.8188,7.9461,472.0,21871.0,2459.4375
3191,7.9141,6.5102,1.7538,6.1401,471.0,20989.0,2459.4375
3192,6.1488,6.4117,1.5925,8.878,476.0,25172.0,2459.4375
3193,8.9272,7.2975,1.6158,6.1579,474.0,31741.0,2459.4375
3194,6.089,6.1877,1.4907,7.2285,474.0,18747.0,2459.4375
3195,7.2589,7.2865,1.6653,7.7002,758.0,71661.0,2459.4375
3196,7.6522,6.2526,1.6874,6.9722,478.0,25900.0,2459.4375
3197,7.0576,7.1163,1.7391,7.9846,477.0,23703.0,2459.4375
3198,7.9195,6.1942,1.7289,6.0585,729.0,69807.0,2459.4375
3199,6.0994,6.2443,1.8505,8.4246,452.0,18281.0,2459.4375
3200,8.3845,7.6452,1.7622,6.2551,473.0,18907.0,2459.4375
3201,6.3186,6.1351,1.5617,7.4673,471.0,16655.0,2459.4375
3202,7.4227,7.5094,1.5729,7.0466,474.0,17107.0,2459.4375
3203,6.9621,6.1215,1.4067,7.7554,471.0,20359.0,2459.4375
3204,7.9148,7.6286,1.6066,7.6316,478.0,32909.0,2459.4375
3205,7.5748,6.1642,1.4597,5.7746,472.0,19013.0,2459.4375
3206,5.7156,6.1628,1.9911,8.2539,719.0,66349.0,2459.4375
3207,8.3161,7.069,1.8475,6.4299,443.0,17075.0,2459.4375
3208,6.4071,6.5232,1.3734,7.4308,434.0,16343.0,2459.4375
3209,7.4521,7.2858,1.6279,7.5019,436.0,16559.0,2459.4375
3210,7.4555,6.1235,1.4768,7.5378,437.0,16335.0,2459.4375
3211,7.5862,7.546,1.7169,7.4706,476.0,18681.0,2459.4375
3212,7.4105,6.1264,1.5119,7.6883,761.0,67817.0,2459.4375
3213,7.731,6.9239,1.7291,6.4841,474.0,18179.0,2459.4375
3214,6.491,7.14,1.5691,7.4278,470.0,19841.0,2459.4375
3215,7.4286,6.3585,1.4621,7.7158,757.0,77387.0,2459.4375
3216,7.7049,6.9321,1.8789,6.7359,471.0,22777.0,2459.4375
3217,6.7044,6.4752,1.5658,7.4675,473.0,34499.0,2459.4375
3218,7.4472,7.2773,1.4634,6.872,472.0,26327.0,2459.4375
3219,6.9149,6.15,1.5598,7.036,473.0,25593.0,2459.4375
3220,7.0739,7.4611,1.7543,7.3245,453.0,23311.0,2459.4375
3221,7.2736,6.1226,1.4242,6.7663,470.0,21777.0,2459.4375
3222,6.7738,6.4309,1.4046,8.6767,472.0,20227.0,2459.4375
3223,8.7955,6.9817,2.1366,7.6378,753.0,68357.0,2459.4375
3224,7.5625,6.2896,2.3802,6.9237,472.0,19979.0,2459.4375
3225,6.9503,8.0241,1.7249,7.3035,456.0,18617.0,2459.4375
3226,7.2516,6.1134,1.5694,6.9985,479.0,25147.0,2459.4375
3227,7.045,7.1074,1.6968,7.5354,473.0,21071.0,2459.4375
3228,7.5124,6.2106,1.426,6.0592,475.0,23347.0,2459.4375
3229,6.0512,7.4455,1.4693,8.9072,754.0,72447.0,2459.4375
3230,8.8917,6.1708,2.0858,5.8341,478.0,27373.0,2459.4375
3231,5.8351,6.4755,1.4966,7.4191,472.0,24197.0,2459.4375
3232,7.4396,6.3874,1.6773,7.8422,739.0,69229.0,2459.4375
3233,7.7836,6.1261,1.5997,7.108,453.0,22547.0,2459.4375
3234,7.1985,7.4464,1.6604,7.2406,471.0,21903.0,2459.4375
3235,7.1853,6.1494,1.5025,6.3432,452.0,18955.0,2459.4375
3236,6.3159,7.5649,1.5162,8.4321,444.0,16799.0,2459.4375
3237,8.3833,6.0616,1.4452,6.2804,446.0,17063.0,2459.4375
3238,6.3779,6.0706,1.4125,8.5481,473.0,20027.0,2459.4375
3239,8.5604,6.2685,1.6368,6.2528,473.0,19379.0,2459.4375
3240,6.2469,6.1453,1.561,6.7771,726.0,66849.0,2459.4375
3241,6.7451,7.2795,1.7387,7.3482,472.0,18799.0,2459.4375
3242,7.3161,6.5372,1.4723,7.452,479.0,17203.0,2459.4375
3243,7.4675,7.4408,1.4206,7.5643,475.0,17731.0,2459.4375
3244,7.591,6.1768,1.6931,6.1406,475.0,18739.0,2459.4375
3245,6.1336,6.2113,2.0972,8.2711,476.0,22936.0,2459.4375
3246,8.3351,7.3938,1.7283,6.36,741.0,73421.0,2459.4375
3247,6.3609,6.1651,1.4786,7.3294,488.0,33304.0,2459.4375
3248,7.3661,7.8198,1.6316,7.8716,477.0,22819.0,2459.4375
3249,7.7335,6.1224,1.3598,6.9866,739.0,67741.0,2459.4375
3250,7.1338,7.5538,1.5182,7.4629,469.0,19611.0,2459.4375
3251,7.4297,6.4194,1.4986,6.6138,469.0,19787.0,2459.4375
3252,6.5228,6.1196,1.4326,8.2509,473.0,19073.0,2459.4375
3253,8.338,6.4777,1.9252,6.078,471.0,18979.0,2459.4375
3254,5.9964,6.1591,1.4022,7.6982,471.0,18979.0,2459.4375
3255,7.739,7.4256,1.574,6.6323,468.0,20213.0,2459.4375
3256,6.6516,6.1651,1.5308,7.5654,470.0,20429.0,2459.4375
3257,7.5366,7.7551,1.5326,7.8311,731.0,66465.0,2459.4375
3258,7.7999,6.2227,1.6341,6.2478,445.0,18551.0,2459.4375
3259,6.3404,7.7331,1.6883,8.3631,447.0,16887.0,2459.4375
3260,8.3401,6.1372,1.689,6.948,456.0,22443.0,2459.4375
3261,6.9423,6.0961,1.4583,6.8516,440.0,16489.0,2459.4375
3262,6.8557,6.8108,1.5882,7.1697,438.0,16285.0,2459.4375
3263,7.2426,6.0954,1.5142,7.1876,705.0,65119.0,2459.4375
3264,7.0905,7.2521,1.5427,7.2388,440.0,16619.0,2459.4375
3265,7.2301,6.4209,1.5884,6.7475,469.0,24380.0,2459.4375
3266,6.7307,7.2638,1.5107,8.1241,740.0,71604.0,2459.4375
3267,8.0809,6.2084,1.6403,6.6861,470.0,19379.0,2459.4375
3268,6.7127,6.7819,1.3984,7.9838,471.0,19371.0,2459.4375
3269,7.9916,7.1983,1.4858,6.6462,471.0,27621.0,2459.4375
3270,6.6392,6.1953,1.4992,6.9827,471.0,23103.0,2459.4375
3271,7.0471,7.3467,1.5828,7.7563,471.0,24973.0,2459.4375
3272,7.8183,6.8895,1.5664,6.4364,470.0,19491.0,2459.4375
3273,6.4285,7.237,2.2551,7.8573,474.0,20314.0,2459.4375
3274,7.7828,6.1966,1.4196,6.1914,747.0,71487.0,2459.4375
3275,6.1902,6.3845,1.4898,8.2145,478.0,26754.0,2459.4375
3276,8.2277,7.5922,1.8621,6.8571,475.0,19911.0,2459.4375
3277,6.8603,6.1876,1.3854,7.0837,474.0,18993.0,2459.4375
3278,7.2236,7.274,1.5648,7.1567,475.0,23773.0,2459.4375
3279,7.0273,6.1888,1.4701,6.842,473.0,43397.0,2459.4375
3280,6.8466,7.3161,1.5417,7.9317,741.0,91551.0,2459.4375
3281,8.0404,6.2045,1.7047,6.0906,470.0,26027.0,2459.4375
3282,5.9207,6.7207,1.4806,8.8358,473.0,27167.0,2459.4375
3283,8.9511,7.2493,1.5677,6.8577,757.0,104449.0,2459.4375
3284,6.7046,6.1639,1.4813,6.8711,477.0,36991.0,2459.4375
3285,7.0139,8.1786,1.4773,7.8683,471.0,18515.0,2459.4375
3286,7.7482,6.1116,1.4508,7.5833,471.0,18515.0,2459.4375
3287,7.6246,6.9944,1.4677,6.3951,469.0,19419.0,2459.4375
3288,6.3885,6.1776,1.4236,6.2293,470.0,28387.0,2459.4375
3289,6.2249,7.0783,1.3189,8.4753,471.0,35491.0,2459.4375
3290,8.5055,6.1157,1.8022,6.1615,475.0,30499.0,2459.4375
3291,6.0911,6.1378,1.2634,8.0665,742.0,73541.0,2459.4375
3292,8.1265,7.4784,1.6704,7.3039,472.0,21827.0,2459.4375
3293,7.2966,6.486,1.4509,7.6196,475.0,21015.0,2459.4375
3294,7.7247,7.6242,1.5958,7.5518,474.0,25126.0,2459.4375
3295,7.4784,6.1446,1.6894,6.0927,477.0,31755.0,2459.4375
3296,6.0635,7.3701,1.9619,8.0392,472.0,18767.0,2459.4375
3297,8.1217,6.168,1.9483,6.6577,755.0,71669.0,2459.4375
3298,6.5363,6.1977,1.4257,6.6321,476.0,25920.0,2459.4375
3299,6.6792,7.3247,1.4944,7.2847,474.0,23689.0,2459.4375
3300,7.2471,6.1408,1.4241,7.1537,729.0,71557.0,2459.4375
3301,7.3825,7.2539,1.6912,7.4131,446.0,18087.0,2459.4375
3302,7.2441,6.4688,1.4921,7.0486,472.0,18895.0,2459.4375
3303,7.0262,7.0339,1.535,7.4319,470.0,16727.0,2459.4375
3304,7.4628,6.1771,1.6053,6.3298,472.0,17167.0,2459.4375
3305,6.2991,6.174,1.3188,7.3862,475.0,20491.0,2459.4375
3306,7.3781,7.0253,1.4294,7.1239,481.0,32901.0,2459.4375
3307,7.1987,6.1687,1.5896,7.2389,476.0,19017.0,2459.4375
3308,7.1886,7.2301,1.6693,7.2175,726.0,66389.0,2459.4375
3309,7.1836,6.2127,1.521,6.0752,444.0,17065.0,2459.4375
3310,6.1261,7.2405,1.3708,8.0693,439.0,16381.0,2459.4375
3311,8.0297,6.1422,1.6343,6.2454,442.0,16609.0,2459.4375
3312,6.273,6.1352,1.4168,7.3464,434.0,16343.0,2459.4375
3313,7.3607,6.9305,1.455,7.4432,470.0,18653.0,2459.4375
3314,7.4794,6.0997,1.5085,6.7139,751.0,67741.0,2459.4375
3315,6.9766,7.1838,1.7941,7.2778,468.0,18129.0,2459.4375
3316,6.972,6.4514,2.1754,6.2686,469.0,19851.0,2459.4375
3317,6.2033,6.1901,1.3285,8.7559,758.0,77421.0,2459.4375
3318,8.8009,7.0075,1.763,5.6755,473.0,22801.0,2459.4375
3319,5.6349,6.4658,1.4467,7.6992,474.0,34511.0,2459.4375
3320,7.8343,7.218,1.6944,7.0595,469.0,26291.0,2459.4375
3321,7.0063,6.1672,1.422,6.842,475.0,25617.0,2459.4375
3322,6.8569,7.4793,1.6206,7.6544,462.0,23519.0,2459.4375
3323,7.6359,6.1977,1.4551,6.5235,476.0,22173.0,2459.4375
3324,6.4889,6.1955,1.4975,7.7013,476.0,19863.0,2459.4375
3325,7.7395,7.3269,1.4997,6.8413,752.0,68323.0,2459.4375
3326,6.8411,6.1937,1.4539,7.6191,471.0,20409.0,2459.4375
3327,7.6866,7.6683,1.7162,7.1156,455.0,17939.0,2459.4375
3328,7.0817,6.1777,1.4529,7.1541,470.0,24999.0,2459.4375
3329,7.1469,7.4833,1.5781,7.4045,473.0,21031.0,2459.4375
3330,7.336,6.1906,1.3999,6.4465,473.0,23283.0,2459.4375
3331,6.4901,6.2005,1.3407,8.6451,740.0,70329.0,2459.4375
3332,8.6765,7.3371,2.8839,5.8918,474.0,27263.0,2459.4375
3333,5.828,6.4774,1.7047,7.8031,468.0,24039.0,2459.4375
3334,7.8314,7.4796,1.5147,7.1429,731.0,70577.0,2459.4375
3335,7.2855,6.1997,1.6923,7.4535,448.0,20655.0,2459.4375
3336,7.2825,7.5868,1.4514,7.6035,475.0,21951.0,2459.4375
3337,7.5868,6.1306,1.5334,6.6078,448.0,18907.0,2459.4375
3338,6.6675,6.1864,1.7587,7.9178,451.0,17127.0,2459.4375
3339,7.8909,7.3157,1.7729,6.5165,453.0,17423.0,2459.4375
3340,6.559,6.2248,1.5597,7.2609,475.0,19363.0,2459.4375
3341,7.2896,7.5456,1.6031,7.4507,476.0,19393.0,2459.4375
3342,7.3445,6.1937,1.4548,7.136,730.0,67019.0,2459.4375
3343,7.2337,7.3288,1.7527,7.243,472.0,18681.0,2459.4375
3344,7.1685,6.4119,1.5463,6.7153,473.0,17395.0,2459.4375
3345,6.8015,6.8569,1.5746,7.7332,473.0,17833.0,2459.4375
3346,7.6698,6.54,2.1837,6.3985,469.0,18409.0,2459.4375
3347,6.3852,6.1239,1.5825,7.1503,474.0,23482.0,2459.4375
3348,7.1941,7.5449,1.5861,7.4665,755.0,73535.0,2459.4375
3349,7.397,6.2038,1.3899,7.2768,485.0,33374.0,2459.4375
3350,7.3297,7.6387,1.5501,7.6464,475.0,23343.0,2459.4375
3351,7.5951,6.1745,1.4524,6.6422,754.0,69429.0,2459.4375
3352,6.6568,7.3118,1.6588,8.1898,471.0,19635.0,2459.4375
3353,8.1873,6.4945,1.6612,6.342,471.0,19811.0,2459.4375
3354,6.3221,6.1196,1.3762,8.665,477.0,19077.0,2459.4375
3355,8.8267,7.1406,2.2079,5.7916,473.0,18959.0,2459.4375
3356,5.6651,6.2315,1.4509,7.0072,473.0,18959.0,2459.4375
3357,6.9558,7.2764,1.3644,7.2094,472.0,20431.0,2459.4375
3358,7.247,6.1373,1.4477,6.6063,472.0,20287.0,2459.4375
3359,6.5959,7.2333,1.5266,8.2336,733.0,69835.0,2459.4375
3360,8.3134,6.1809,1.9994,6.1505,445.0,17147.0,2459.4375
3361,6.0934,6.673,1.3678,8.6412,452.0,22355.0,2459.4375
3362,8.7019,7.4078,1.697,6.1131,436.0,16379.0,2459.4375
3363,6.1099,6.1586,1.6247,7.987,438.0,16307.0,2459.4375
3364,7.8981,7.235,1.3676,6.3724,435.0,16271.0,2459.4375
3365,6.4056,6.098,1.5087,6.7375,709.0,67061.0,2459.4375
3366,6.9185,7.4143,1.7317,8.2091,471.0,24404.0,2459.4375
3367,8.0597,6.3854,1.6074,6.5015,472.0,22758.0,2459.4375
3368,6.5103,6.1172,1.3258,7.9501,738.0,69853.0,2459.4375
3369,7.9051,6.6315,1.4295,6.3491,470.0,19551.0,2459.4375
3370,6.367,6.4379,1.643,7.9545,474.0,27613.0,2459.4375
3371,7.984,7.2984,1.6475,6.9339,473.0,23083.0,2459.4375
3372,6.8497,6.1378,1.3589,7.2155,475.0,25061.0,2459.4375
3373,7.3679,7.4861,1.7349,7.4868,473.0,19589.0,2459.4375
3374,7.408,6.1346,1.6478,6.1368,474.0,20376.0,2459.4375
3375,6.1144,6.1512,1.4376,7.904,477.0,22723.0,2459.4375
3376,7.9787,7.3378,1.494,7.1457,755.0,75864.0,2459.4375
3377,7.0966,6.2108,1.5549,7.0613,470.0,20087.0,2459.4375
3378,7.1154,7.6122,1.5037,7.2757,470.0,18967.0,2459.4375
3379,7.2426,6.1233,1.5651,7.0663,473.0,23771.0,2459.4375
3380,7.0697,7.5207,1.8393,7.3813,474.0,43431.0,2459.4375
3381,7.423,6.2035,1.3809,6.4509,470.0,44363.0,2459.4375
3382,6.4332,6.1218,1.3071,8.4929,753.0,75357.0,2459.4375
3383,8.4586,7.3655,1.6364,6.1709,473.0,27167.0,2459.4375
3384,6.1933,6.4966,1.7063,7.9273,477.0,55155.0,2459.4375
3385,7.9637,7.3901,1.574,7.4571,755.0,86069.0,2459.4375
3386,7.3547,6.279,1.5816,6.9542,477.0,18735.0,2459.4375
3387,7.0004,8.0186,1.675,7.7806,475.0,18519.0,2459.4375
3388,7.7391,6.1502,1.3527,6.4178,474.0,19435.0,2459.4375
3389,6.4518,6.9321,1.4935,7.9981,478.0,28461.0,2459.4375
3390,8.0046,6.1386,1.5701,6.2552,473.0,35409.0,2459.4375
3391,6.2751,6.1165,2.0503,7.5348,472.0,30485.0,2459.4375
3392,7.5466,7.201,1.4747,6.8058,471.0,24703.0,2459.4375
3393,6.7946,6.1603,1.5113,7.5822,738.0,70417.0,2459.4375
3394,7.6065,7.5476,1.729,7.484,471.0,21181.0,2459.4375
3395,7.3982,6.4303,1.5675,7.073,472.0,25124.0,2459.4375
3396,7.1594,6.1571,1.5297,7.9162,475.0,31753.0,2459.4375
3397,7.8896,6.209,1.6825,6.1588,468.0,18719.0,2459.4375
3398,6.1172,6.1472,1.5029,7.3839,470.0,22315.0,2459.4375
3399,7.4153,7.1933,1.5456,6.9672,756.0,75214.0,2459.4375
3400,6.8884,6.2028,1.3748,7.0292,473.0,23593.0,2459.4375
3401,7.1064,7.9008,1.5876,7.8276,454.0,21775.0,2459.4375
3402,7.8591,6.1053,1.5103,6.9467,717.0,65625.0,2459.4375
3403,6.9317,7.2233,2.2047,7.9778,478.0,19019.0,2459.4375
3404,7.9923,6.5171,1.7281,6.1982,476.0,16755.0,2459.4375
3405,6.1595,6.2171,1.556,8.4723,472.0,18785.0,2459.4375
3406,8.4447,7.3004,1.5273,6.4363,473.0,20361.0,2459.4375
3407,6.391,6.0992,1.5366,8.0684,479.0,31355.0,2459.4375
3408,8.1857,7.946,2.5664,7.1319,472.0,19013.0,2459.4375
3409,7.1001,6.1499,1.6426,7.3619,447.0,17359.0,2459.4375
3410,7.4332,7.4366,1.8552,7.0891,714.0,65681.0,2459.4375
3411,7.0191,6.1403,1.5858,6.5015,438.0,16583.0,2459.4375
3412,6.5144,7.503,1.7797,8.5548,440.0,16607.0,2459.4375
3413,8.6086,6.5402,1.9623,6.2961,435.0,16355.0,2459.4375
3414,6.1906,6.1699,1.4091,7.7815,474.0,18701.0,2459.4375
3415,7.8403,7.2969,1.5002,6.9,469.0,18423.0,2459.4375
3416,6.8446,6.1086,1.6134,7.0932,754.0,67495.0,2459.4375
3417,7.062,7.361,1.4867,7.3227,472.0,19887.0,2459.4375
3418,7.4079,6.4802,1.6425,6.5813,476.0,28059.0,2459.4375
3419,6.588,7.0543,1.7082,8.5689,755.0,71883.0,2459.4375
3420,8.6388,6.2208,1.938,6.3157,476.0,34683.0,2459.4375
3421,6.2874,6.5091,1.6882,7.3389,471.0,26293.0,2459.4375
3422,7.2935,7.3353,1.597,7.3893,472.0,25559.0,2459.4375
3423,7.4857,6.1606,1.7137,6.9275,465.0,23577.0,2459.4375
3424,6.7946,7.3835,1.6741,7.7718,473.0,22181.0,2459.4375
3425,7.7598,6.1684,1.4738,5.9713,472.0,19859.0,2459.4375
3426,6.0378,7.4402,1.7135,9.2926,468.0,19003.0,2459.4375
3427,9.2752,6.1818,2.0195,6.9986,756.0,72173.0,2459.4375
3428,6.9765,6.2786,2.485,7.2175,455.0,18381.0,2459.4375
3429,7.2639,7.91,2.2058,7.0793,472.0,25107.0,2459.4375
3430,7.0752,6.1795,1.7936,8.2013,472.0,23679.0,2459.4375
3431,8.2652,7.4092,2.6817,7.6063,469.0,20743.0,2459.4375
3432,7.5761,6.3267,2.0504,7.1633,469.0,21531.0,2459.4375
3433,7.199,7.7588,2.0693,7.2425,752.0,76617.0,2459.4375
3434,7.2601,6.239,2.4006,6.3802,470.0,23959.0,2459.4375
3435,6.3299,7.7335,1.8352,8.526,471.0,22011.0,2459.4375
3436,8.494,6.2243,1.7823,6.065,733.0,71261.0,2459.4375
3437,6.0666,6.3198,1.8775,8.8352,473.0,22465.0,2459.4375
3438,8.8568,7.5261,1.7088,5.9571,452.0,18517.0,2459.4375
3439,5.9289,6.1973,1.5444,7.5684,454.0,17841.0,2459.4375
3440,7.6699,7.2354,1.5582,6.9304,446.0,16871.0,2459.4375
3441,6.9085,6.1518,1.4277,6.925,472.0,19407.0,2459.4375
3442,6.818,7.4891,1.798,7.7517,474.0,19571.0,2459.4375
3443,7.7631,6.2099,1.7967,6.3203,455.0,18051.0,2459.4375
3444,6.2524,6.4489,2.0768,8.1473,753.0,67865.0,2459.4375
3445,8.2292,6.2206,1.7755,6.737,472.0,17527.0,2459.4375
3446,6.7132,6.5357,1.5511,7.5716,474.0,17941.0,2459.4375
3447,7.5859,7.2238,1.5623,6.8674,468.0,18169.0,2459.4375
3448,6.8496,6.1632,1.5594,7.1943,471.0,23362.0,2459.4375
3449,7.1539,7.2533,1.9222,6.8717,470.0,24097.0,2459.4375
3450,6.9073,6.1457,1.4584,6.8444,760.0,82176.0,2459.4375
3451,6.8522,6.3933,1.4059,7.5159,481.0,23287.0,2459.4375
3452,7.5366,6.6219,1.6176,6.7895,476.0,18447.0,2459.4375
3453,6.7584,6.1028,1.4721,7.9002,744.0,68231.0,2459.4375
3454,7.9537,7.2554,1.6422,6.7052,475.0,20029.0,2459.4375
3455,6.6935,6.4823,1.6098,7.8387,473.0,19051.0,2459.4375
3456,7.8003,7.1396,1.5281,6.5105,471.0,18979.0,2459.4375
3457,6.518,6.16,1.6215,6.7298,473.0,19003.0,2459.4375
3458,6.7312,6.4368,1.3228,8.3489,472.0,20453.0,2459.4375
3459,8.3779,7.1515,1.6391,6.5326,471.0,22045.0,2459.4375
3460,6.5428,6.1999,1.7845,7.3426,450.0,17075.0,2459.4375
3461,7.3503,7.4917,2.4258,7.1218,710.0,65633.0,2459.4375
3462,7.1119,6.1388,1.7312,6.8414,450.0,22607.0,2459.4375
3463,7.168,7.8932,2.3042,7.9242,436.0,16463.0,2459.4375
3464,7.5918,6.1444,1.5436,6.2267,438.0,16391.0,2459.4375
3465,6.2129,6.2854,1.366,8.1548,435.0,16271.0,2459.4375
3466,8.2115,6.1342,1.8198,6.4307,444.0,16623.0,2459.4375
3467,6.3335,6.1673,1.3795,7.6208,744.0,73266.0,2459.4375
3468,7.692,7.4176,1.7243,7.1344,474.0,22738.0,2459.4375
3469,7.1745,6.5279,1.4795,7.9738,476.0,19153.0,2459.4375
3470,7.9849,7.3742,1.7749,7.5209,742.0,69731.0,2459.4375
3471,7.546,6.2384,1.9851,6.0091,473.0,27815.0,2459.4375
3472,5.9584,7.8378,1.919,8.8901,470.0,23091.0,2459.4375
3473,8.8947,6.1698,1.9608,6.0211,473.0,25081.0,2459.4375
3474,5.9816,6.2172,1.5695,7.5442,471.0,19587.0,2459.4375
3475,7.6134,7.2635,1.6532,7.0252,472.0,20374.0,2459.4375
3476,6.9884,6.0821,1.6653,7.4399,474.0,22625.0,2459.4375
3477,7.4414,7.6247,1.8001,7.2196,471.0,26438.0,2459.4375
3478,7.1858,6.2187,1.8529,6.6745,740.0,68681.0,2459.4375
3479,6.6865,7.7277,1.8098,8.0508,471.0,19171.0,2459.4375
3480,8.0105,6.4985,1.7153,6.4274,470.0,23651.0,2459.4375
3481,6.4325,6.1174,1.4378,8.616,472.0,43323.0,2459.4375
3482,8.7098,7.2403,1.6934,5.8043,476.0,44307.0,2459.4375
3483,5.7266,6.1787,1.5033,7.8642,476.0,25971.0,2459.4375
3484,7.894,7.5654,1.6143,7.3715,744.0,75921.0,2459.4375
3485,7.3467,6.1611,1.4544,6.6398,480.0,55085.0,2459.4375
3486,6.6549,7.8172,1.7076,7.7747,473.0,36645.0,2459.4375
3487,7.7942,6.1421,1.325,6.8988,742.0,67291.0,2459.4375
3488,6.787,6.4021,1.3056,8.0164,471.0,18707.0,2459.4375
3489,8.0904,7.5709,1.8479,6.2741,472.0,19455.0,2459.6875
3490,6.2431,6.1981,1.2357,7.6287,473.0,28423.0,2459.6875
3491,7.6882,7.2973,1.5667,7.1715,471.0,35491.0,2459.6875
3492,7.1257,6.1802,1.6878,7.3202,474.0,30615.0,2459.6875
3493,7.3437,7.2459,1.4815,7.0168,469.0,24763.0,2459.6875
3494,7.0027,6.1593,1.4433,6.6896,472.0,21679.0,2459.6875
3495,6.6604,6.438,1.4989,8.9432,754.0,70319.0,2459.6875
3496,9.038,6.7359,1.9782,6.4481,475.0,25352.0,2459.6875
3497,6.3874,6.7696,1.6009,7.7291,474.0,31741.0,2459.6875
3498,7.7655,7.2495,1.6739,7.9682,475.0,18759.0,2459.6875
3499,7.9977,6.0908,1.7555,6.5618,474.0,22319.0,2459.6875
3500,6.5704,7.3206,1.8648,7.1337,477.0,25888.0,2459.6875
3501,7.0742,6.1942,1.5923,6.5501,757.0,72997.0,2459.6875
3502,6.6108,7.6482,1.7578,7.9074,462.0,22269.0,2459.6875
3503,7.8345,6.4796,1.5523,6.8209,441.0,16645.0,2459.6875
3504,6.8468,6.4008,1.4854,8.8809,749.0,67865.0,2459.6875
3505,8.8751,7.1487,1.8569,5.9973,473.0,16955.0,2459.6875
3506,5.9955,6.5455,1.7226,8.0922,470.0,20983.0,2459.6875
3507,8.1375,7.254,1.6101,6.8602,474.0,19629.0,2459.6875
3508,6.8903,6.1832,1.4956,7.215,476.0,30683.0,2459.6875
3509,7.1907,7.5911,1.7196,7.6611,474.0,18753.0,2459.6875
3510,7.7117,6.2035,1.8067,5.8263,454.0,17767.0,2459.6875
3511,5.7559,6.4157,1.7654,9.0023,434.0,16343.0,2459.6875
3512,9.0172,6.4268,1.8721,5.8474,719.0,65889.0,2459.6875
3513,5.7894,6.1534,1.6376,7.1116,436.0,16559.0,2459.6875
3514,7.1477,7.5634,1.738,7.702,477.0,18693.0,2459.6875
3515,7.6712,6.1421,1.5207,7.551,473.0,18427.0,2459.6875
3516,7.6083,7.5848,1.8619,7.7137,476.0,18181.0,2459.6875
3517,7.7121,6.2708,2.0216,6.6221,477.0,19925.0,2459.6875
3518,6.6394,7.5843,2.0644,8.5444,756.0,77375.0,2459.6875
3519,8.5195,6.238,2.0653,6.475,474.0,22515.0,2459.6875
3520,6.5155,6.5834,2.0309,7.5806,476.0,34451.0,2459.6875
3521,7.5615,7.4161,3.0729,6.9657,738.0,75077.0,2459.6875
3522,6.9272,6.2387,2.0903,7.3638,474.0,25797.0,2459.6875
3523,7.5007,7.9144,1.848,7.2113,460.0,23539.0,2459.6875
3524,7.0788,6.171,1.6511,7.5219,470.0,22145.0,2459.6875
3525,7.5539,7.4916,1.7105,7.2425,470.0,19835.0,2459.6875
3526,7.1971,6.1834,1.4719,6.3128,470.0,19027.0,2459.6875
3527,6.2625,6.1679,1.4246,8.4631,468.0,20203.0,2459.6875
3528,8.5667,7.2496,2.625,5.8581,458.0,18881.0,2459.6875
3529,5.8031,6.1432,1.8331,8.2207,756.0,73985.0,2459.6875
3530,8.2541,7.4699,1.5784,6.5031,477.0,23887.0,2459.6875
3531,6.5085,6.5648,1.5609,8.2173,476.0,20783.0,2459.6875
3532,8.1984,7.456,1.5835,6.8037,472.0,21987.0,2459.6875
3533,6.9442,6.1223,1.6583,6.3493,476.0,26885.0,2459.6875
3534,6.2183,7.1121,1.8759,8.6754,468.0,23909.0,2459.6875
3535,8.6597,6.0948,2.7469,6.0628,745.0,71111.0,2459.6875
3536,6.0636,6.1535,1.4983,7.1167,447.0,20355.0,2459.6875
3537,7.1535,7.8303,1.6991,7.7355,468.0,22235.0,2459.6875
3538,7.6733,6.1394,1.5644,7.0407,727.0,69357.0,2459.6875
3539,7.08,7.2765,2.3945,7.095,455.0,18067.0,2459.6875
3540,7.1233,6.4901,1.6107,8.0633,448.0,17443.0,2459.6875
3541,8.0867,7.6093,1.7678,6.9745,473.0,19461.0,2459.6875
3542,6.9042,6.1259,1.6266,6.6525,475.0,19089.0,2459.6875
3543,6.6588,6.1781,1.3123,8.3405,452.0,17967.0,2459.6875
3544,8.3677,7.2506,1.5563,6.4666,473.0,18659.0,2459.6875
3545,6.4138,6.1452,1.6099,6.8349,469.0,17249.0,2459.6875
3546,6.8808,7.2525,1.5486,8.0768,743.0,65385.0,2459.6875
3547,8.0936,6.1625,1.8243,6.115,471.0,18485.0,2459.6875
3548,6.1596,7.2126,1.5952,8.6822,480.0,23510.0,2459.6875
3549,8.6783,6.2011,1.7558,6.1684,475.0,26066.0,2459.6875
3550,6.2171,6.4647,1.5804,8.583,485.0,31505.0,2459.6875
3551,8.4863,7.2886,1.7919,5.8084,479.0,23369.0,2459.6875
3552,5.762,6.1748,1.4436,8.0669,754.0,67845.0,2459.6875
3553,8.3252,7.2767,1.8083,6.6775,475.0,19491.0,2459.6875
3554,6.4403,6.5232,1.5619,7.7336,470.0,20333.0,2459.6875
3555,7.7186,7.5054,1.6466,7.7348,751.0,67809.0,2459.6875
3556,7.7159,6.1503,1.6191,5.7098,470.0,18967.0,2459.6875
3557,5.7088,7.8675,1.4335,8.9324,472.0,18991.0,2459.6875
3558,9.0547,6.1665,1.8725,6.2608,472.0,20453.0,2459.6875
3559,6.1556,6.1803,1.6453,7.4197,473.0,22153.0,2459.6875
3560,7.5685,7.2273,1.6167,6.7556,449.0,17147.0,2459.6875
3561,6.6504,6.1896,1.5734,7.365,444.0,16895.0,2459.6875
3562,7.3981,7.6199,1.6962,7.3668,456.0,22443.0,2459.6875
3563,7.3133,6.1282,1.5859,6.5094,725.0,65821.0,2459.6875
3564,6.512,7.4114,1.6448,8.706,439.0,16551.0,2459.6875
3565,8.6917,6.5374,1.6867,6.0728,437.0,16273.0,2459.6875
3566,6.0859,6.3372,1.3591,8.2834,445.0,16657.0,2459.6875
3567,8.3608,7.3357,1.7199,6.5383,471.0,24382.0,2459.6875
3568,6.4482,6.0815,1.471,7.6311,468.0,22710.0,2459.6875
3569,7.6657,7.5299,1.6556,7.1871,740.0,67973.0,2459.6875
3570,7.2565,6.1508,1.6109,6.5909,473.0,19311.0,2459.6875
3571,6.5554,7.391,2.0665,7.6403,471.0,27537.0,2459.6875
3572,7.6168,6.0811,1.6077,6.9281,739.0,71865.0,2459.6875
3573,6.8954,6.4067,1.8325,8.6506,473.0,25273.0,2459.6875
3574,8.7145,7.5387,1.6433,6.2868,469.0,19563.0,2459.6875
3575,6.2426,6.1579,1.6665,7.5791,476.0,20422.0,2459.6875
3576,7.6623,7.4498,2.0472,7.1134,474.0,22709.0,2459.6875
3577,7.0206,6.2202,2.3939,7.1877,473.0,26546.0,2459.6875
3578,7.2588,7.0181,1.695,6.8613,475.0,19827.0,2459.6875
3579,6.8297,6.1303,1.7467,6.4797,476.0,18911.0,2459.6875
3580,6.4324,6.4847,1.8286,8.3027,744.0,72525.0,2459.6875
3581,8.3755,7.4762,1.9333,6.6118,473.0,43589.0,2459.6875
3582,6.5922,6.4242,1.6064,7.0866,473.0,44377.0,2459.6875
3583,7.0742,7.0981,1.5171,7.234,472.0,26029.0,2459.6875
3584,7.23,6.1653,1.4166,6.8132,473.0,27167.0,2459.6875
3585,6.7705,7.0371,1.5907,7.3273,475.0,55131.0,2459.6875
3586,7.4211,6.1648,1.6318,6.8274,753.0,86045.0,2459.6875
3587,6.7556,6.47,1.6979,7.7063,471.0,18515.0,2459.6875
3588,7.7228,7.3308,1.9148,6.7523,472.0,18527.0,2459.6875
3589,6.734,6.1508,1.6644,7.6555,752.0,68749.0,2459.6875
3590,7.6985,7.3678,1.7414,6.6844,470.0,28579.0,2459.6875
3591,6.7304,6.5528,1.6129,7.4864,472.0,35503.0,2459.6875
3592,7.3999,7.0719,1.3628,8.1039,473.0,30603.0,2459.6875
3593,8.0765,6.1996,1.6358,5.5456,469.0,24763.0,2459.6875
3594,5.5673,6.4257,1.3825,8.483,476.0,21683.0,2459.6875
3595,8.4679,7.3797,1.6901,6.0228,478.0,21029.0,2459.6875
3596,6.0307,6.1535,1.3913,7.9284,476.0,25128.0,2459.6875
3597,7.9487,7.3685,1.5562,6.9043,759.0,81073.0,2459.6875
3598,6.8975,6.1535,1.5251,7.2993,473.0,18949.0,2459.6875
3599,7.376,7.4454,1.718,7.3038,475.0,22353.0,2459.6875
3600,7.2948,6.1934,1.7443,6.5902,473.0,25884.0,2459.6875
3601,6.5615,6.3227,1.5825,8.2518,478.0,23737.0,2459.6875
3602,8.2278,7.3123,1.8609,5.8985,460.0,22267.0,2459.6875
3603,5.8854,6.2081,1.7061,7.9413,727.0,66225.0,2459.6875
3604,7.9704,7.6216,1.5442,7.1696,470.0,18391.0,2459.6875
3605,7.1968,6.4323,1.6406,7.5499,471.0,17299.0,2459.6875
3606,7.5512,7.2319,1.4566,7.2593,750.0,69765.0,2459.6875
3607,7.2509,6.2228,1.735,6.3839,474.0,21415.0,2459.6875
3608,6.3277,7.7361,1.6457,8.5941,474.0,29209.0,2459.6875
3609,8.5889,6.1656,2.2216,6.3382,468.0,18729.0,2459.6875
3610,6.3821,6.1421,1.7193,6.5421,452.0,17459.0,2459.6875
3611,6.5799,7.2677,1.746,7.4779,440.0,16371.0,2459.6875
3612,7.4804,6.2248,1.6194,7.0654,442.0,16503.0,2459.6875
3613,7.025,7.6011,1.7702,7.6806,438.0,16285.0,2459.6875
3614,7.6324,6.0624,1.6253,7.6715,743.0,67453.0,2459.6875
3615,7.7483,7.2565,1.7086,7.4226,475.0,18665.0,2459.6875
3616,7.4316,6.5536,1.6107,6.6716,472.0,18177.0,2459.6875
3617,6.6879,6.1964,1.573,7.3133,471.0,19875.0,2459.6875
3618,7.2922,7.3977,2.0084,7.4286,474.0,28079.0,2459.6875
3619,7.4574,6.1943,1.5852,7.1435,470.0,22573.0,2459.6875
3620,7.1464,7.4909,1.8217,7.8248,756.0,83829.0,2459.6875
3621,7.7736,6.2416,1.76,6.7363,470.0,26303.0,2459.6875
3622,6.7248,7.9599,1.8333,8.1084,473.0,25509.0,2459.6875
3623,8.1609,6.1936,1.8796,6.3175,732.0,72349.0,2459.6875
3624,6.2631,6.2499,1.9654,8.2551,470.0,22337.0,2459.6875
3625,8.2833,7.5902,2.0006,6.4605,474.0,19883.0,2459.6875
3626,6.4793,6.1681,1.7377,7.451,476.0,19055.0,2459.6875
3627,7.529,7.3748,1.718,7.1354,475.0,20243.0,2459.6875
3628,6.9974,6.1964,1.5331,6.969,467.0,18957.0,2459.6875
3629,6.9989,7.5058,1.4042,7.7482,475.0,27149.0,2459.6875
3630,7.7232,6.2684,1.4999,6.1726,471.0,20985.0,2459.6875
3631,6.1791,7.2981,1.5787,9.1687,740.0,69519.0,2459.6875
3632,9.1851,6.2242,1.9446,5.6315,469.0,22187.0,2459.6875
3633,5.6568,6.3847,1.6098,7.9336,468.0,26811.0,2459.6875
3634,7.905,7.4495,1.515,6.7253,465.0,23895.0,2459.6875
3635,6.6874,6.1496,1.2929,7.6475,467.0,21815.0,2459.6875
3636,7.7479,7.5845,1.5647,7.6188,445.0,20487.0,2459.6875
3637,7.5588,6.1386,1.7291,6.721,751.0,71361.0,2459.6875
3638,6.8278,7.2445,2.0283,7.5429,448.0,18491.0,2459.6875
3639,7.4181,6.4796,1.6209,6.1951,455.0,17839.0,2459.6875
3640,6.2021,6.3463,1.7075,7.8608,732.0,67631.0,2459.6875
3641,7.9122,6.1864,1.6718,7.1018,471.0,19755.0,2459.6875
3642,7.0607,6.4493,1.4609,7.9795,477.0,18045.0,2459.6875
3643,8.0474,7.4744,1.7092,7.0164,472.0,19435.0,2459.6875
3644,6.9091,6.1545,1.463,7.3593,474.0,17361.0,2459.6875
3645,7.3506,7.4468,1.5739,7.1214,474.0,17821.0,2459.6875
3646,7.1411,6.2121,1.5472,6.6727,471.0,18279.0,2459.6875
3647,6.7019,6.3704,1.7669,8.032,477.0,23412.0,2459.6875
3648,8.0578,7.1186,1.4836,6.418,745.0,74874.0,2459.6875
3649,6.4422,6.1551,1.5516,7.0522,482.0,31683.0,2459.6875
3650,7.0727,7.6728,1.6576,7.8208,477.0,23367.0,2459.6875
3651,7.7744,6.176,1.5885,7.3448,469.0,18491.0,2459.6875
3652,7.3168,7.4646,1.5122,6.9245,473.0,19467.0,2459.6875
3653,6.9421,6.1777,1.6231,6.3875,472.0,20357.0,2459.6875
3654,6.3702,6.5774,1.4998,8.718,754.0,67845.0,2459.6875
3655,8.7436,7.1285,1.8813,6.2304,470.0,18919.0,2459.6875
3656,6.2141,6.4693,1.6142,7.8855,472.0,18991.0,2459.6875
3657,7.936,7.4085,1.6304,7.4994,751.0,71223.0,2459.6875
3658,7.4673,6.1676,1.7259,6.7251,478.0,22361.0,2459.6875
3659,6.7832,8.0395,1.6368,8.2636,454.0,17115.0,2459.6875
3660,8.1449,6.1183,1.5083,5.6979,447.0,16803.0,2459.6875
3661,5.745,7.5847,1.6129,8.6885,454.0,22357.0,2459.6875
3662,8.7606,6.1973,1.8048,5.8876,441.0,16417.0,2459.6875
3663,5.8017,6.1945,1.4679,7.741,438.0,16285.0,2459.6875
3664,7.7655,7.3194,1.6614,6.7747,436.0,16283.0,2459.6875
3665,6.74,6.0434,1.5205,7.2958,712.0,65513.0,2459.6875
3666,7.3211,7.597,1.7367,7.659,472.0,24692.0,2459.6875
3667,7.6952,6.4184,1.6499,6.8567,471.0,22830.0,2459.6875
3668,6.8535,7.5237,1.7429,8.2369,471.0,19199.0,2459.6875
3669,8.2326,6.2256,1.515,5.7972,473.0,19395.0,2459.6875
3670,5.8002,6.185,1.5618,8.8508,472.0,27633.0,2459.6875
3671,8.8864,6.5882,1.5015,6.0498,752.0,72409.0,2459.6875
3672,6.0003,6.1657,1.7302,7.6476,473.0,25081.0,2459.6875
3673,7.689,7.6921,1.6812,7.0178,469.0,19563.0,2459.6875
3674,6.9588,6.1283,1.4768,7.3826,755.0,69660.0,2459.6875
3675,7.42,7.5694,1.6728,7.1388,479.0,22917.0,2459.6875
3676,7.1287,6.5297,1.5965,6.8459,479.0,26574.0,2459.6875
3677,6.8417,6.2433,1.4279,8.2507,473.0,19909.0,2459.6875
3678,8.3425,6.1661,1.6753,5.9768,473.0,18981.0,2459.6875
3679,5.8716,6.1818,1.4741,7.8573,474.0,23761.0,2459.6875
3680,7.9758,7.4606,1.6008,6.8632,471.0,43395.0,2459.6875
3681,6.7512,6.1186,1.4804,7.3331,474.0,44411.0,2459.6875
3682,7.3458,7.3214,1.6675,7.7854,752.0,75345.0,2459.6875
3683,7.7981,6.2229,1.5759,5.961,472.0,27347.0,2459.6875
3684,5.9237,6.6653,1.4935,8.8502,476.0,55143.0,2459.6875
3685,8.9113,6.5379,1.8796,6.3299,476.0,36703.0,2459.6875
3686,6.2854,6.1705,1.7144,7.5314,469.0,18407.0,2459.6875
3687,7.5276,7.5028,1.5887,6.9669,470.0,18419.0,2459.6875
3688,6.9891,6.1327,1.4499,7.5883,739.0,68205.0,2459.6875
3689,7.6659,7.2078,2.0947,7.2139,470.0,28303.0,2459.6875
3690,7.113,6.5363,1.6191,7.5082,475.0,35411.0,2459.6875
3691,7.5859,7.5065,1.727,7.4769,743.0,79345.0,2459.6875
3692,7.4125,6.29,1.7314,6.8345,475.0,24983.0,2459.6875
3693,6.8321,6.5219,1.5442,6.9303,473.0,21669.0,2459.6875
3694,6.9666,7.3278,1.9011,7.2939,474.0,21003.0,2459.6875
3695,7.2469,6.0954,1.58,8.0494,474.0,25126.0,2459.6875
3696,8.1058,7.454,1.7647,7.0391,473.0,31729.0,2459.6875
3697,7.011,6.2245,1.9519,6.264,472.0,18767.0,2459.6875
3698,6.3081,7.6563,1.9395,7.8439,474.0,22363.0,2459.6875
3699,7.8077,6.1224,1.6475,6.5262,753.0,75178.0,2459.6875
3700,6.553,6.2229,1.5041,7.8427,476.0,23905.0,2459.6875
3701,7.8816,7.6628,2.0266,7.2025,462.0,22291.0,2459.6875
3702,7.0891,6.1403,1.7928,7.3455,448.0,17087.0,2459.6875
3703,7.4495,7.4896,2.0992,7.522,473.0,18331.0,2459.6875
3704,7.4289,6.1535,1.8058,6.9786,472.0,18951.0,2459.6875
3705,7.0508,7.1481,1.6923,7.6207,753.0,69281.0,2459.6875
3706,7.5913,6.2434,1.795,5.6813,477.0,23041.0,2459.6875
3707,5.6555,7.8247,1.4829,9.1417,481.0,26399.0,2459.6875
3708,9.1745,6.1973,1.8584,5.9242,757.0,68087.0,2459.6875
3709,5.8874,6.2587,1.6112,7.3812,446.0,17457.0,2459.6875
3710,7.4464,6.8229,1.5362,7.0539,436.0,16345.0,2459.6875
3711,6.9516,6.1074,1.3742,7.3538,441.0,16597.0,2459.6875
3712,7.4627,6.9933,1.6805,6.7104,433.0,16247.0,2459.6875
3713,6.6412,6.0875,1.4208,6.6939,471.0,18581.0,2459.6875
3714,6.6205,7.1446,1.2086,7.6727,471.0,18363.0,2459.6875
3715,7.7543,6.1287,1.45,6.5724,468.0,18045.0,2459.6875
3716,6.5421,6.0603,1.4839,7.5128,739.0,68637.0,2459.6875
3717,7.614,7.2544,1.6342,6.8128,475.0,28283.0,2459.6875
3718,6.8894,6.4701,1.5644,7.2905,469.0,22561.0,2459.6875
3719,7.1909,7.2267,1.5496,6.9251,475.0,34523.0,2459.6875
3720,6.9071,6.1702,1.613,6.6171,473.0,26339.0,2459.6875
3721,6.568,6.1626,1.3739,7.9451,474.0,25521.0,2459.6875
3722,7.9929,6.9943,1.4936,6.7754,733.0,72317.0,2459.6875
3723,6.7969,6.1882,1.7847,6.6261,475.0,22077.0,2459.6875
3724,6.6004,7.7126,1.7481,8.5223,475.0,19767.0,2459.6875
3725,8.5065,6.2251,1.7034,7.0335,741.0,67803.0,2459.6875
3726,7.0772,7.3467,1.848,7.2524,476.0,20469.0,2459.6875
3727,7.2793,6.474,1.7741,6.2421,466.0,19243.0,2459.6875
3728,6.1935,6.1563,1.6818,8.1603,472.0,27219.0,2459.6875
3729,8.2299,6.9861,1.7116,6.3606,474.0,21127.0,2459.6875
3730,6.298,6.192,1.5918,7.0634,471.0,21231.0,2459.6875
3731,7.0732,7.2372,1.6152,7.3669,473.0,21579.0,2459.6875
3732,7.4601,6.16,1.4705,6.1649,473.0,26871.0,2459.6875
3733,6.1014,7.2553,1.6657,8.1182,745.0,73045.0,2459.6875
3734,8.0375,6.1435,1.6757,6.1049,461.0,21935.0,2459.6875
3735,6.1468,6.4456,1.553,8.1228,448.0,20571.0,2459.6875
3736,8.2494,7.1986,1.7437,7.0661,470.0,22103.0,2459.6875
3737,6.9088,6.1511,1.5688,6.2369,443.0,18287.0,2459.6875
3738,6.3467,7.4603,1.7517,7.5852,457.0,17819.0,2459.6875
3739,7.5787,6.1121,1.6177,6.8269,740.0,68851.0,2459.6875
3740,6.8609,7.417,1.6833,8.077,474.0,18351.0,2459.6875
3741,8.0093,6.492,1.7312,6.2881,474.0,17995.0,2459.6875
3742,6.1943,6.1699,1.4128,8.4467,742.0,68231.0,2459.6875
3743,8.5072,6.2011,1.6393,6.0723,474.0,17803.0,2459.6875
3744,6.1035,6.4636,1.5999,7.4631,470.0,17879.0,2459.6875
3745,7.4326,7.4806,1.5708,7.1734,472.0,18765.0,2459.6875
3746,7.1567,6.1544,1.5017,7.0172,475.0,24973.0,2459.6875
3747,7.121,7.2034,1.539,7.9721,471.0,24109.0,2459.6875
3748,7.894,6.1551,1.6239,5.9812,485.0,31443.0,2459.6875
3749,5.9327,6.1277,1.3459,7.8743,472.0,23223.0,2459.6875
3750,8.011,7.3003,1.5789,6.5251,738.0,67265.0,2459.6875
3751,6.3707,6.1719,1.4083,7.5167,473.0,19659.0,2459.6875
3752,7.5919,7.7258,1.772,7.5234,469.0,20321.0,2459.6875
3753,7.4714,6.133,1.4028,7.7815,472.0,18527.0,2459.6875
3754,7.9362,7.2878,1.6785,6.7752,477.0,18911.0,2459.6875
3755,6.696,6.1456,1.6976,6.6573,474.0,18971.0,2459.6875
3756,6.5626,6.2025,1.7055,7.3539,756.0,69655.0,2459.6875
3757,7.3639,7.7455,2.0792,7.6569,470.0,22047.0,2459.6875
3758,7.7129,6.4829,1.6622,7.3764,451.0,17101.0,2459.6875
3759,7.3816,7.2115,1.6747,7.2951,731.0,66395.0,2459.6875
3760,7.2796,6.2087,1.5961,6.9815,452.0,22535.0,2459.6875
3761,7.0201,7.6441,1.6991,7.7132,435.0,16355.0,2459.6875
3762,7.7378,6.2013,1.9344,7.1876,436.0,16367.0,2459.6875
3763,7.1979,7.2986,2.0347,7.3667,436.0,16283.0,2459.6875
3764,7.3231,6.4294,1.7938,6.2322,444.0,16667.0,2459.6875
3765,6.1942,6.1098,1.6695,8.2327,474.0,24440.0,2459.6875
3766,8.286,7.7343,2.1002,7.1585,470.0,22734.0,2459.6875
3767,7.1932,6.1537,1.8449,7.3739,739.0,67961.0,2459.6875
3768,7.4134,7.3941,1.9421,7.3953,474.0,19599.0,2459.6875
3769,7.3125,6.54,1.946,6.7665,472.0,27549.0,2459.6875
3770,6.8695,6.3905,2.0483,10.7072,476.0,23035.0,2459.6875
3771,10.7663,6.3905,2.0547,6.9962,477.0,25001.0,2459.6875
3772,6.9979,7.0098,2.305,7.1093,476.0,19519.0,2459.6875
3773,6.951,6.2192,2.6962,6.6369,744.0,69162.0,2459.6875
3774,6.6269,6.2428,1.8437,6.55,477.0,22639.0,2459.6875
3775,6.5963,7.6465,2.0252,7.7373,477.0,26488.0,2459.6875
3776,7.6498,6.1479,1.801,7.4914,740.0,68681.0,2459.6875
3777,7.6225,7.6473,1.8694,6.955,472.0,19183.0,2459.6875
3778,6.8338,6.3891,1.7038,7.0053,473.0,23687.0,2459.6875
3779,7.0365,7.3457,1.736,7.5199,469.0,43287.0,2459.6875
3780,7.5352,6.1608,1.6264,6.2346,470.0,44279.0,2459.6875
3781,6.2074,6.1748,1.3731,9.0674,470.0,25943.0,2459.6875
3782,9.1142,6.5244,1.6792,5.539,475.0,27107.0,2459.6875
3783,5.4653,6.1965,1.5014,7.1816,475.0,55047.0,2459.6875
3784,7.2471,7.3471,1.7258,7.7291,743.0,87121.0,2459.6875
3785,7.6943,6.1635,1.4603,6.597,471.0,18707.0,2459.6875
3786,6.6284,7.7995,1.5844,8.2732,474.0,18507.0,2459.6875
3787,8.2505,6.1509,1.7487,6.0182,477.0,19471.0,2459.6875
3788,5.9854,6.178,1.4078,8.6201,476.0,28415.0,2459.6875
3789,8.6388,6.5033,1.5791,5.9076,472.0,35481.0,2459.6875
3790,5.8778,6.0856,1.42,7.4017,754.0,79887.0,2459.6875
3791,7.5093,7.4921,1.514,7.3712,475.0,24813.0,2459.6875
3792,7.261,6.4452,1.3637,7.6294,471.0,21583.0,2459.6875
3793,7.6267,7.3084,1.794,7.6667,740.0,71347.0,2459.6875
3794,7.6984,6.2405,1.5411,5.7892,471.0,25304.0,2459.6875
3795,5.8232,6.938,1.4139,8.7356,472.0,31717.0,2459.6875
3796,8.6825,6.1738,1.7195,6.0031,471.0,18755.0,2459.6875
3797,5.9759,6.0969,1.3327,7.625,472.0,22339.0,2459.6875
3798,7.8211,7.5114,1.6391,7.1304,473.0,25800.0,2459.6875
3799,6.9825,6.1617,1.4402,7.2432,474.0,23605.0,2459.6875
3800,7.2654,7.34,1.6138,7.5184,462.0,22255.0,2459.6875
3801,7.4784,6.0543,1.3967,6.2022,717.0,65861.0,2459.6875
3802,6.2299,7.47,1.7312,8.0722,474.0,18443.0,2459.6875
3803,8.0622,6.5588,1.7168,7.2875,477.0,18967.0,2459.6875
3804,7.2583,6.1694,1.449,6.9739,476.0,19943.0,2459.6875
3805,7.0531,7.3042,1.4667,7.312,475.0,22955.0,2459.6875
3806,7.3148,6.1472,1.6625,6.8015,475.0,26563.0,2459.6875
3807,6.7931,7.2962,1.5998,7.2862,739.0,67635.0,2459.6875
3808,7.2458,6.1514,1.4342,6.655,446.0,17155.0,2459.6875
3809,6.7354,7.8178,1.8028,8.2393,434.0,16259.0,2459.6875
3810,8.1456,6.1427,1.502,7.0577,712.0,65417.0,2459.6875
3811,7.083,6.1479,1.6675,7.226,433.0,16523.0,2459.6875
3812,7.2407,6.86,1.9121,7.404,472.0,18677.0,2459.6875
3813,7.3779,6.1574,1.5214,6.868,471.0,18447.0,2459.6875
3814,6.885,7.2122,1.6284,6.7574,474.0,18201.0,2459.6875
3815,6.7777,6.1605,1.6149,7.014,472.0,19887.0,2459.6875
3816,6.9936,7.4713,1.5261,8.1,472.0,28055.0,2459.6875
3817,8.1279,6.1491,1.79,6.2348,470.0,22489.0,2459.6875
3818,6.2011,6.137,1.4753,6.9109,746.0,83265.0,2459.6875
3819,6.9329,7.1437,1.631,7.4032,476.0,26523.0,2459.6875
3820,7.3774,6.4664,1.5052,7.5034,476.0,25585.0,2459.6875
3821,7.5927,7.3361,1.705,7.7977,459.0,23505.0,2459.6875
3822,7.7767,6.1613,1.4486,6.5499,470.0,22123.0,2459.6875
3823,6.5301,7.4101,1.7189,7.8388,474.0,19861.0,2459.6875
3824,7.7764,6.1825,1.4326,7.0108,752.0,68345.0,2459.6875
3825,7.0404,6.1654,1.7127,7.6519,472.0,20251.0,2459.6875
3826,7.6606,8.0501,2.0715,7.7581,472.0,20041.0,2459.6875
3827,7.8029,6.2411,1.77,7.1896,753.0,76061.0,2459.6875
3828,7.2642,7.4088,1.9035,6.7631,474.0,21319.0,2459.6875
3829,6.6796,6.5203,1.7756,7.2593,471.0,21695.0,2459.6875
3830,7.2072,7.762,1.3869,8.0911,470.0,21079.0,2459.6875
3831,8.1083,6.1966,1.4421,6.0082,472.0,26811.0,2459.6875
3832,5.9716,7.2502,1.4965,8.1915,461.0,23607.0,2459.6875
3833,8.2755,6.1204,1.7213,6.1647,458.0,21659.0,2459.6875
3834,6.152,6.1898,1.4902,7.0971,451.0,20563.0,2459.6875
3835,7.0975,7.2727,1.6292,7.7954,759.0,71617.0,2459.6875
3836,7.6995,6.1706,1.4537,6.6421,449.0,18303.0,2459.6875
3837,6.7757,7.6594,1.4344,7.5634,457.0,17925.0,2459.6875
3838,7.4581,6.0912,1.3784,6.2171,476.0,20159.0,2459.6875
3839,6.2056,6.5392,1.4016,8.1717,471.0,18469.0,2459.6875
3840,8.2513,6.1378,1.984,6.1702,469.0,18041.0,2459.6875
3841,6.0993,6.1049,1.3339,7.9147,753.0,68725.0,2459.6875
3842,7.9987,7.4151,1.7123,6.8094,470.0,17633.0,2459.6875
3843,6.7713,6.5406,1.6584,8.1169,470.0,17879.0,2459.6875
3844,8.1548,7.4065,1.7122,6.796,751.0,68718.0,2459.6875
3845,6.731,6.1831,1.4812,6.7294,470.0,23626.0,2459.6875
3846,6.7748,7.595,1.7265,8.1744,469.0,23801.0,2459.6875
3847,8.141,6.1628,1.7087,6.1692,487.0,31551.0,2459.6875
3848,6.1617,6.1847,1.3973,8.0275,477.0,23367.0,2459.6875
3849,8.0357,6.7063,1.4562,6.4889,472.0,18527.0,2459.6875
3850,6.5715,6.1391,1.6494,7.1651,472.0,19945.0,2459.6875
3851,7.0423,6.9819,1.3532,7.1477,478.0,19851.0,2459.6875
3852,7.1646,6.1815,1.4752,6.3138,755.0,67813.0,2459.6875
3853,6.7309,7.0948,2.0519,8.0982,474.0,19185.0,2459.6875
3854,7.6893,6.5241,1.3393,6.7492,474.0,18993.0,2459.6875
3855,6.7429,6.1599,1.2441,7.3861,467.0,20179.0,2459.6875
3856,7.4713,7.2328,1.7614,7.6572,468.0,22045.0,2459.6875
3857,7.6782,6.1259,1.6867,6.2144,446.0,17015.0,2459.6875
3858,6.1559,7.0814,1.695,7.8154,711.0,64239.0,2459.6875
3859,7.8286,6.1671,1.4572,5.8089,451.0,22283.0,2459.6875
3860,5.8008,7.4171,1.7408,8.01,438.0,16307.0,2459.6875
3861,8.0259,6.1116,1.7372,6.2427,703.0,65117.0,2459.6875
3862,6.2152,6.1009,1.5202,7.4895,437.0,16571.0,2459.6875
3863,7.5426,7.479,1.6939,7.065,439.0,16691.0,2459.6875
3864,7.0425,6.0885,1.5985,7.1756,472.0,24500.0,2459.6875
3865,7.1461,6.9757,1.5604,7.0313,472.0,22842.0,2459.6875
3866,7.103,6.1444,1.596,6.4435,478.0,19239.0,2459.6875
3867,6.3558,6.1572,1.4214,8.2045,474.0,19363.0,2459.6875
3868,8.2295,6.9895,1.7672,5.7703,476.0,27637.0,2459.6875
3869,5.7604,6.1946,1.6143,7.3557,756.0,72435.0,2459.6875
3870,7.3718,7.2736,1.7867,7.6246,475.0,25275.0,2459.6875
3871,7.6161,6.488,1.4604,6.6436,477.0,19637.0,2459.6875
3872,6.6904,7.1079,1.6391,7.7385,471.0,20362.0,2459.6875
3873,7.704,6.1841,1.5167,5.9757,474.0,22709.0,2459.6875
3874,5.9956,6.1165,1.6303,8.3207,476.0,26582.0,2459.6875
3875,8.2659,7.3968,1.4724,6.4838,753.0,69225.0,2459.6875
3876,6.5031,6.2291,1.66,7.3228,472.0,18991.0,2459.6875
3877,7.4778,7.7293,1.7163,7.4784,473.0,23771.0,2459.6875
3878,7.3489,6.1583,1.3836,7.2105,754.0,92725.0,2459.6875
3879,7.3274,7.3998,1.577,7.5164,472.0,44579.0,2459.6875
3880,7.4141,6.4565,1.6731,6.7641,472.0,25967.0,2459.6875
3881,6.7561,6.3792,1.6129,8.2168,474.0,27095.0,2459.6875
3882,8.2147,7.2666,1.9938,6.1027,481.0,55075.0,2459.6875
3883,6.2118,6.2024,1.6614,7.523,477.0,36671.0,2459.6875
3884,7.4457,7.7052,1.5869,7.437,477.0,18459.0,2459.6875
3885,7.3641,6.1594,1.4598,6.7061,471.0,18409.0,2459.6875
3886,6.8257,7.2477,1.6835,7.5604,739.0,68183.0,2459.6875
3887,7.472,6.1724,1.5419,6.6112,472.0,28581.0,2459.6875
3888,6.671,7.4676,1.9105,8.1979,474.0,35527.0,2459.6875
3889,8.2001,6.4951,1.6291,6.8154,471.0,30579.0,2459.6875
3890,6.7726,6.17,1.5246,7.1511,470.0,24775.0,2459.6875
3891,7.1388,7.3619,1.6743,6.8438,473.0,21691.0,2459.6875
3892,6.8472,6.1559,1.3036,7.761,751.0,70283.0,2459.6875
3893,7.7965,7.3134,1.5363,6.7659,475.0,25160.0,2459.6875
3894,6.7173,6.4722,1.4932,7.7574,473.0,31729.0,2459.6875
3895,7.8347,7.1417,1.7864,7.7836,752.0,68061.0,2459.6875
3896,7.7221,6.1981,1.6622,6.0355,472.0,22531.0,2459.6875
3897,6.051,6.5165,1.4546,7.5365,477.0,25932.0,2459.6875
3898,7.515,7.2804,1.629,7.2057,476.0,23669.0,2459.6875
3899,7.2273,6.2246,1.3702,6.9345,468.0,22511.0,2459.6875
3900,6.9058,7.211,1.3928,7.1766,453.0,17663.0,2459.6875
3901,7.1326,6.185,1.4161,6.5531,471.0,19173.0,2459.6875
3902,6.5951,6.6885,1.5338,8.4723,475.0,18493.0,2459.6875
3903,8.488,6.2058,1.9232,6.3852,753.0,69819.0,2459.6875
3904,6.3513,6.1616,1.5923,9.1553,839.0,77313.0,2462.0625
3905,9.2178,7.6625,1.721,7.2046,614.0,42427.0,2462.0625
3906,7.1867,8.6863,1.8809,9.7013,553.0,24563.0,2462.0625
3907,9.7106,9.1101,1.528,7.9562,549.0,26263.0,2462.0625
3908,7.8853,7.8387,1.3839,9.302,545.0,25231.0,2462.0625
3909,9.3257,7.0491,1.4109,6.661,577.0,32913.0,2462.0625
3910,6.7113,6.9086,1.6061,8.6797,573.0,25399.0,2462.0625
3911,8.6775,7.9739,1.6343,6.8682,544.0,23099.0,2459.6875
3912,6.8286,6.8039,1.4817,8.0637,538.0,22979.0,2459.6875
3913,8.1582,6.8215,1.7779,11.0052,544.0,23243.0,2459.6875
3914,11.0257,6.8215,2.317,7.9686,542.0,22983.0,2459.6875
3915,7.934,7.4726,2.2595,8.7959,582.0,25341.0,2459.6875
3916,8.8623,8.7215,2.9337,11.2306,579.0,24991.0,2459.6875
3917,11.1638,8.644,3.9231,11.0222,575.0,25215.0,2459.6875
3918,11.0233,8.644,2.9892,6.319,576.0,29913.0,2459.6875
3919,6.3059,6.8653,1.7304,6.5952,576.0,31767.0,2459.6875
3920,6.5821,8.0932,1.5822,9.5594,575.0,36031.0,2459.6875
3921,9.7045,7.3882,2.4173,7.3314,572.0,34753.0,2459.6875
3922,7.2086,7.9707,1.729,8.7143,578.0,32241.0,2459.6875
3923,8.6832,6.9395,1.9586,6.8743,556.0,29257.0,2331.6875
3924,6.8975,8.2648,2.3722,8.9789,576.0,29825.0,2331.6875
3925,8.9813,6.8608,2.2074,6.7294,550.0,23875.0,2331.6875
3926,6.6989,7.9234,1.545,8.7364,574.0,27267.0,2331.6875
3927,8.7544,6.8139,1.8383,7.2299,569.0,30577.0,2331.6875
3928,7.2413,6.8026,2.0901,8.8775,577.0,30327.0,2331.6875
3929,8.8409,8.2562,1.6116,7.1456,572.0,28295.0,2331.6875
3930,7.1572,6.9121,1.481,8.7551,583.0,32607.0,2331.6875
3931,8.8125,7.1482,1.6539,6.9674,578.0,31127.0,2331.6875
3932,6.9293,6.8327,1.655,8.0622,571.0,31399.0,2331.6875
3933,8.1537,8.1348,1.609,7.8593,549.0,27101.0,2331.6875
3934,7.7848,6.8076,1.4861,7.9049,569.0,26989.0,2331.6875
3935,7.8658,7.9261,1.6308,7.6662,552.0,23653.0,2331.6875
3936,7.6792,6.8093,1.6659,8.6022,572.0,26577.0,2331.6875
3937,8.7465,7.9952,1.6211,7.7698,570.0,24719.0,2331.6875
3938,7.6098,6.8435,1.6242,7.5078,575.0,25321.0,2331.6875
3939,7.6583,7.9407,1.8303,7.939,578.0,24685.0,2331.6875
3940,7.7942,6.8034,1.5748,7.1259,574.0,24577.0,2331.6875
3941,7.1642,7.5175,1.6892,8.2312,576.0,27519.0,2331.6875
3942,8.2141,6.7815,1.6164,7.0736,573.0,27077.0,2331.6875
3943,7.0823,7.0028,1.727,9.0175,583.0,33406.0,2331.6875
3944,9.0547,6.8073,1.8202,6.8085,575.0,30763.0,2331.6875
3945,6.7386,6.7835,1.544,8.8137,574.0,25139.0,2331.6875
3946,8.8477,7.9563,1.6657,7.4514,577.0,26593.0,2331.6875
3947,7.4151,6.7714,1.5711,7.6523,581.0,26475.0,2331.6875
3948,7.6637,8.128,1.6002,7.8373,580.0,25631.0,2331.6875
3949,7.9754,6.8104,1.5474,8.0673,577.0,25105.0,2331.6875
3950,7.937,8.2556,1.6762,7.7796,576.0,26069.0,2331.6875
3951,7.8644,6.9511,1.5902,8.0483,581.0,28055.0,2331.6875
3952,7.9534,7.8152,1.5118,7.6236,563.0,25061.0,2331.6875
3953,7.6176,6.7586,1.43,7.3861,545.0,23351.0,2331.6875
3954,7.4283,8.2144,1.6804,8.7961,545.0,23255.0,2331.6875
3955,8.8284,6.7638,1.6669,6.2531,543.0,23039.0,2331.6875
3956,6.2316,7.8807,1.4825,8.6875,537.0,22967.0,2331.6875
3957,8.6041,6.739,1.3217,6.8975,541.0,23015.0,2331.6875
3958,6.9632,7.4702,1.6091,9.032,576.0,31136.0,2331.6875
3959,9.0759,7.1451,1.7589,6.73,577.0,30016.0,2331.6875
3960,6.6259,7.0092,1.4826,9.3033,576.0,25321.0,2331.6875
3961,9.4358,7.9232,1.7148,6.5902,574.0,28701.0,2331.6875
3962,6.5523,6.8231,1.4232,7.9158,580.0,28253.0,2331.6875
3963,7.9676,7.4932,1.6149,7.8303,582.0,27038.0,2331.6875
3964,7.7132,6.8242,1.4596,8.5931,583.0,29361.0,2331.6875
3965,8.6316,8.0174,1.6737,7.1586,575.0,33136.0,2331.6875
3966,7.1459,6.8058,1.5884,7.5253,577.0,26545.0,2331.6875
3967,7.6796,7.9714,1.7784,7.9025,576.0,25605.0,2331.6875
3968,7.7348,6.7814,1.5533,7.7222,576.0,55275.0,2331.6875
3969,7.7975,7.8756,1.9146,8.1052,575.0,51639.0,2331.6875
3970,8.1474,6.8328,1.4548,7.3705,578.0,33999.0,2331.6875
3971,7.2922,8.006,1.7305,8.4189,576.0,42231.0,2331.6875
3972,8.4371,6.8328,1.9132,6.7651,578.0,61611.0,2331.6875
3973,6.7245,8.032,1.687,9.1435,578.0,28379.0,2331.6875
3974,9.2043,6.8317,1.8934,6.4706,572.0,25115.0,2331.6875
3975,6.3933,6.7754,1.5708,8.8815,573.0,25127.0,2331.6875
3976,8.9221,7.7657,1.8148,6.9172,573.0,33335.0,2331.6875
3977,6.8865,6.7759,1.3633,8.0774,573.0,40727.0,2331.6875
3978,8.2032,7.9559,1.6995,7.5678,579.0,37247.0,2331.6875
3979,7.3879,6.837,1.4737,7.9193,578.0,30679.0,2331.6875
3980,7.9911,7.7387,1.5709,7.6332,578.0,27463.0,2331.6875
3981,7.5981,6.8048,1.6383,7.5325,578.0,28989.0,2331.6875
3982,7.5757,7.671,1.6869,8.0199,579.0,34279.0,2331.6875
3983,8.1764,6.7668,1.4993,7.4435,578.0,34260.0,2331.6875
3984,7.289,8.0056,1.5914,8.2711,579.0,27607.0,2331.6875
3985,8.3613,6.8139,1.4052,6.9572,577.0,33924.0,2331.6875
3986,6.9569,7.6389,1.7002,8.074,579.0,29645.0,2331.6875
3987,7.975,6.8265,1.5645,7.3753,566.0,28427.0,2331.6875
3988,7.3679,7.6906,1.5477,7.9757,579.0,25831.0,2331.6875
3989,8.0186,6.7785,1.8586,7.529,575.0,24553.0,2331.6875
3990,7.5107,6.8086,1.6046,8.3489,573.0,25637.0,2331.6875
3991,8.4343,7.8291,1.6547,6.8973,573.0,29275.0,2331.6875
3992,6.7853,6.8382,1.4163,7.8711,574.0,29635.0,2331.6875
3993,7.9286,7.7835,1.663,8.1448,574.0,27723.0,2331.6875
3994,8.1143,6.8356,1.5231,7.1539,576.0,27069.0,2331.6875
3995,7.1516,7.5612,1.5269,7.7472,568.0,28967.0,2331.6875
3996,7.739,6.8564,1.5327,7.8255,580.0,26966.0,2331.6875
3997,7.9334,7.8363,1.6735,7.9879,578.0,26269.0,2331.6875
3998,7.9187,6.8362,1.6623,7.1189,580.0,27933.0,2331.6875
3999,7.0313,7.6702,1.5708,8.647,578.0,32337.0,2331.6875
4000,8.6938,6.8051,1.6748,6.7427,575.0,30495.0,2331.6875
4001,6.7726,7.6072,1.4637,8.1886,576.0,27587.0,2331.6875
4002,8.3282,6.8064,2.1402,7.0921,575.0,31306.0,2331.6875
4003,6.9381,6.7763,1.5068,7.5748,560.0,25335.0,2331.6875
4004,7.5709,8.2442,1.5926,8.136,577.0,27022.0,2331.6875
4005,8.1114,6.7926,1.4408,8.0388,573.0,26638.0,2331.6875
4006,8.0799,8.0442,1.6402,7.57,544.0,23339.0,2331.6875
4007,7.5434,6.7894,1.4257,8.5867,549.0,26583.0,2331.6875
4008,8.7045,7.9404,1.624,7.2064,548.0,24971.0,2331.6875
4009,7.0905,6.829,1.5552,7.5201,574.0,32877.0,2331.6875
4010,7.5715,8.0543,1.8084,8.3761,574.0,25367.0,2331.6875
4011,8.3517,6.7682,1.602,6.9601,545.0,23067.0,2331.6875
4012,6.9797,8.0554,1.721,8.3248,546.0,23031.0,2331.6875
4013,8.2684,6.7743,1.4287,6.8237,543.0,23209.0,2331.6875
4014,6.8766,7.756,1.6459,8.8466,542.0,23005.0,2331.6875
4015,8.9904,6.771,1.7373,7.1052,576.0,25291.0,2331.6875
4016,6.9259,7.6873,1.5847,8.5251,576.0,24999.0,2331.6875
4017,8.5527,6.7441,1.7008,6.9193,571.0,25189.0,2331.6875
4018,6.9273,6.8438,1.584,8.2949,575.0,29923.0,2331.6875
4019,8.2997,7.2887,1.6503,7.4639,576.0,31789.0,2331.6875
4020,7.4955,6.7486,1.6498,8.829,577.0,36055.0,2331.6875
4021,8.8557,8.1222,1.8123,7.6595,580.0,34849.0,2331.6875
4022,7.5823,6.7958,1.6744,7.2281,574.0,32193.0,2331.6875
4023,7.2087,8.0539,1.7376,8.3313,557.0,29269.0,2331.6875
4024,8.3736,6.7595,1.4998,7.315,578.0,29849.0,2331.6875
4025,7.3865,7.8879,1.7318,7.8179,546.0,23827.0,2331.6875
4026,7.8383,6.7828,1.6697,7.7799,580.0,27295.0,2331.6875
4027,7.6701,7.9433,1.4794,7.8456,581.0,30917.0,2331.6875
4028,7.8207,6.7919,1.4227,6.8679,581.0,30331.0,2331.6875
4029,6.881,8.1193,1.5057,9.3781,576.0,28321.0,2331.6875
4030,9.579,6.8004,1.7191,6.7542,578.0,32985.0,2331.6875
4031,6.5574,7.509,1.6463,8.9478,579.0,30745.0,2331.6875
4032,8.9666,7.1275,1.7335,6.2041,562.0,32831.0,2331.6875
4033,6.1849,6.8565,1.3841,8.5496,549.0,25483.0,2331.6875
4034,8.584,7.9556,1.526,7.3285,563.0,26843.0,2331.6875
4035,7.3363,6.7481,1.4265,8.0953,551.0,23663.0,2331.6875
4036,8.0957,8.0121,1.6199,7.7268,576.0,26625.0,2331.6875
4037,7.6509,6.7756,1.4567,7.7739,575.0,24779.0,2331.6875
4038,7.8494,7.9864,1.6119,7.6124,571.0,25273.0,2331.6875
4039,7.571,6.7688,1.4851,7.9655,575.0,24649.0,2331.6875
4040,8.0765,8.0073,2.0545,8.1212,575.0,24589.0,2331.6875
4041,8.0439,6.7997,1.5451,7.6231,575.0,27507.0,2331.6875
4042,7.658,8.1966,1.8933,8.3004,577.0,27081.0,2331.6875
4043,8.2442,6.7418,1.5597,7.156,587.0,33410.0,2331.6875
4044,7.229,8.1972,1.8352,9.3752,581.0,30791.0,2331.6875
4045,9.3152,6.8244,1.8949,6.3758,577.0,25153.0,2331.6875
4046,6.3724,7.9228,1.8099,9.0917,579.0,26639.0,2331.6875
4047,9.1805,6.809,1.8541,7.045,574.0,26413.0,2331.6875
4048,6.9605,7.0158,1.4675,8.6028,573.0,25591.0,2331.6875
4049,8.5761,7.7475,1.8667,6.7936,573.0,25127.0,2331.6875
4050,6.8107,6.7825,1.5186,7.7529,575.0,26079.0,2331.6875
4051,7.8381,7.8897,1.6418,7.7735,573.0,27981.0,2331.6875
4052,7.6869,6.77,1.676,8.3065,564.0,25073.0,2331.6875
4053,8.3651,8.1612,1.7148,7.5808,544.0,23339.0,2331.6875
4054,7.6062,6.7624,1.6263,7.5285,542.0,23171.0,2331.6875
4055,7.5234,7.9635,1.6532,8.5042,539.0,22991.0,2331.6875
4056,8.4052,6.8096,1.6643,7.3597,540.0,23003.0,2331.6875
4057,7.4737,8.2019,1.695,7.8582,540.0,23003.0,2331.6875
4058,7.7388,6.736,1.6143,7.8036,580.0,31140.0,2331.6875
4059,7.8748,7.3068,1.7009,8.3154,578.0,29984.0,2331.6875
4060,8.3106,6.9412,1.8045,7.2723,578.0,25301.0,2331.6875
4061,7.2935,7.9423,1.9378,8.5707,581.0,28763.0,2331.6875
4062,8.556,6.8852,1.7875,6.638,576.0,28227.0,2331.6875
4063,6.6593,7.7326,1.5904,9.2462,577.0,27000.0,2331.6875
4064,9.2224,6.853,1.9752,7.0032,577.0,29333.0,2331.6875
4065,7.0069,6.8667,1.7627,8.4047,576.0,33170.0,2331.6875
4066,8.4121,7.9484,2.0068,7.5386,573.0,26519.0,2331.6875
4067,7.4782,6.7938,1.695,7.8671,572.0,25579.0,2331.6875
4068,7.9254,7.924,1.855,7.7428,576.0,55275.0,2331.6875
4069,7.7344,6.7952,1.6417,7.8405,576.0,51651.0,2331.6875
4070,7.8297,8.0773,1.836,7.8409,576.0,33975.0,2331.6875
4071,7.8445,6.7798,1.6427,7.6367,582.0,42303.0,2331.6875
4072,7.6549,8.1582,1.977,8.2314,577.0,61599.0,2331.6875
4073,8.2681,6.8247,1.6143,7.708,575.0,28343.0,2331.6875
4074,7.7311,7.936,1.8729,8.3501,580.0,25167.0,2331.6875
4075,8.3061,6.7505,1.7428,7.2444,578.0,25143.0,2331.6875
4076,7.2207,8.2619,1.673,8.3751,582.0,33399.0,2331.6875
4077,8.3919,6.7921,1.5076,7.148,576.0,40741.0,2331.6875
4078,7.1648,8.0784,1.8412,8.824,580.0,37281.0,2331.6875
4079,8.8081,6.779,2.0361,6.6162,577.0,30689.0,2331.6875
4080,6.5864,6.7822,1.524,8.9759,576.0,27483.0,2331.6875
4081,8.998,7.1281,1.9308,6.5276,574.0,28963.0,2331.6875
4082,6.5389,6.8266,1.4963,8.1131,574.0,34241.0,2331.6875
4083,8.1793,8.1393,1.7548,7.8688,573.0,34222.0,2331.6875
4084,7.7387,6.8471,1.4981,8.6237,578.0,27595.0,2331.6875
4085,8.6989,8.1416,1.6356,7.4124,579.0,33948.0,2331.6875
4086,7.3558,6.735,1.5775,8.0782,576.0,29609.0,2331.6875
4087,8.1709,8.2494,1.8294,8.3393,571.0,28631.0,2331.6875
4088,8.3281,6.8182,2.0647,7.2356,575.0,25687.0,2331.6875
4089,7.2593,8.0444,1.8978,7.8272,577.0,24711.0,2331.6875
4090,7.8051,6.8168,1.7111,8.1397,574.0,25723.0,2331.6875
4091,8.1093,7.9375,1.677,7.8756,579.0,29865.0,2331.6875
4092,7.891,6.8262,1.7707,7.5907,579.0,29467.0,2331.6875
4093,7.6116,8.1798,1.793,7.9791,580.0,27239.0,2331.6875
4094,7.9535,6.8322,1.6904,7.5692,578.0,27483.0,2331.6875
4095,7.5575,8.0795,1.6844,8.1777,565.0,28633.0,2331.6875
4096,8.1873,6.8015,1.8281,7.385,578.0,26986.0,2331.6875
4097,7.375,6.8334,1.7141,8.3907,578.0,26291.0,2331.6875
4098,8.4175,7.186,1.7468,7.3033,574.0,29749.0,2331.6875
4099,7.2606,7.024,1.5485,8.7176,578.0,31109.0,2331.6875
4100,8.7076,8.0913,1.738,7.2249,577.0,29903.0,2331.6875
4101,7.2445,6.9229,1.5618,7.8444,576.0,27587.0,2331.6875
4102,7.9474,8.1456,1.8393,8.0266,572.0,31078.0,2331.6875
4103,7.9868,6.7656,1.5751,7.8004,561.0,25395.0,2331.6875
4104,7.7775,7.9611,1.7711,7.9124,578.0,27034.0,2331.6875
4105,7.8747,6.7829,1.6755,7.5856,574.0,26698.0,2331.6875
4106,7.6251,8.2427,1.8313,7.9912,548.0,23807.0,2331.6875
4107,7.9893,6.8008,1.5814,7.8592,551.0,27027.0,2331.6875
4108,7.8442,7.9364,1.6326,7.7904,553.0,24011.0,2331.6875
4109,7.7229,6.7771,1.464,7.7521,580.0,32927.0,2331.6875
4110,7.8416,7.6249,1.644,7.88,576.0,25413.0,2331.6875
4111,7.8125,6.8182,1.4863,6.5088,537.0,22945.0,2331.6875
4112,6.4783,7.8138,1.4458,9.9111,539.0,22991.0,2331.6875
4113,10.0002,6.8054,2.2377,6.1775,544.0,23243.0,2331.6875
4114,6.1897,7.1038,2.1775,9.9573,538.0,22979.0,2331.6875
4115,9.9992,7.8908,2.2199,6.2923,573.0,25277.0,2331.6875
4116,6.1961,6.812,1.7476,7.6218,577.0,25011.0,2331.6875
4117,7.6618,7.8079,1.7454,7.891,575.0,25237.0,2331.6875
4118,7.9135,6.8011,1.6426,7.7181,575.0,29923.0,2331.6875
4119,7.6872,7.9594,1.8288,7.8888,577.0,31801.0,2331.6875
4120,7.9223,6.8009,1.5675,8.4946,573.0,36007.0,2331.6875
4121,8.479,7.8505,1.9601,7.3975,575.0,34789.0,2331.6875
4122,7.445,6.7679,1.7792,7.6199,579.0,32209.0,2331.6875
4123,7.5921,7.8603,1.9011,7.5314,560.0,29261.0,2331.6875
4124,7.4976,6.9243,1.665,7.9783,577.0,29793.0,2331.6875
4125,8.4186,7.9503,2.066,7.6779,549.0,23841.0,2331.6875
4126,7.2259,6.8168,1.6702,7.2511,576.0,27269.0,2331.6875
4127,7.2543,7.5625,1.7721,8.2191,577.0,30891.0,2331.6875
4128,8.2052,6.8079,1.5582,6.76,575.0,30303.0,2331.6875
4129,6.7592,6.7705,1.5899,8.9927,575.0,28331.0,2331.6875
4130,9.0443,8.005,1.5974,8.1071,576.0,32983.0,2331.6875
4131,8.0107,6.791,1.3656,6.9383,576.0,30731.0,2331.6875
4132,7.0157,8.0118,1.6202,7.7896,558.0,32783.0,2331.6875
4133,7.7098,6.8053,1.347,7.6701,550.0,25495.0,2331.6875
4134,7.7239,7.8038,1.6671,8.0403,567.0,26891.0,2331.6875
4135,8.0223,6.7966,1.4135,7.5551,549.0,23639.0,2331.6875
4136,7.7263,8.0628,1.7821,9.0523,574.0,26601.0,2331.6875
4137,8.9636,6.7884,1.9364,7.3213,572.0,24743.0,2331.6875
4138,7.3758,8.3406,2.2279,8.0742,579.0,25325.0,2331.6875
4139,8.0746,6.8852,1.9431,7.8954,576.0,24617.0,2331.6875
4140,7.8835,8.0109,1.7745,8.0756,577.0,24569.0,2331.6875
4141,7.995,6.8144,1.5568,6.877,576.0,27497.0,2331.6875
4142,6.9077,8.2824,1.8282,9.2347,578.0,27115.0,2331.6875
4143,9.2157,6.8091,1.8064,6.6228,583.0,33384.0,2331.6875
4144,6.6096,7.4641,1.7389,9.657,582.0,30847.0,2331.6875
4145,9.7591,6.829,2.0288,7.3772,573.0,25127.0,2331.6875
4146,7.3098,6.9028,2.4084,8.171,575.0,26613.0,2331.6875
4147,8.1443,8.1492,2.067,8.4146,576.0,26459.0,2331.6875
4148,8.4366,6.9199,2.7467,9.0696,574.0,25603.0,2331.6875
4149,9.0501,8.332,2.2762,7.0382,578.0,25187.0,2331.6875
4150,7.081,7.1781,2.6243,8.3943,576.0,26091.0,2331.6875
4151,8.3779,8.1952,2.533,7.5184,576.0,28017.0,2331.6875
4152,7.487,6.7846,1.7952,8.0206,566.0,25097.0,2331.6875
4153,8.0517,8.0918,2.1103,9.1246,546.0,23363.0,2331.6875
4154,9.1634,6.8857,2.2809,7.6937,543.0,23139.0,2331.6875
4155,7.6761,6.9148,2.8561,10.1743,540.0,22959.0,2331.6875
4156,10.1821,6.9148,1.9496,6.8163,539.0,22947.0,2331.6875
4157,6.7907,7.9532,1.8714,7.5291,544.0,23029.0,2331.6875
4158,7.4969,6.7586,1.7039,7.9189,578.0,31138.0,2331.6875
4159,7.9511,8.2759,1.776,7.9966,574.0,29958.0,2331.6875
4160,7.9348,6.7967,1.5336,7.988,576.0,25321.0,2331.6875
4161,8.0336,8.075,1.6321,7.4184,576.0,28725.0,2331.6875
4162,7.3706,6.8204,1.5283,8.4819,575.0,28237.0,2331.6875
4163,8.5206,7.9825,1.5625,7.3345,572.0,26962.0,2331.6875
4164,7.3468,6.7886,1.5394,7.781,580.0,29369.0,2331.6875
4165,7.8033,8.1335,1.628,8.2258,576.0,33170.0,2331.6875
4166,8.1752,6.7835,1.5744,7.3448,578.0,26579.0,2331.6875
4167,7.395,8.0877,1.5928,8.5295,577.0,25639.0,2331.6875
4168,8.5395,6.7463,1.6476,6.5583,572.0,55227.0,2331.6875
4169,6.5215,7.8845,1.6791,9.2404,577.0,51663.0,2331.6875
4170,9.2343,6.8621,1.9536,6.7632,583.0,34015.0,2331.6875
4171,6.7935,7.7533,1.6634,8.9477,580.0,42235.0,2331.6875
4172,9.0154,7.2192,1.7706,6.6564,585.0,61651.0,2331.6875
4173,6.55,7.0019,1.3283,9.9552,579.0,28369.0,2331.6875
4174,9.9609,8.1152,1.5516,6.2274,579.0,25177.0,2331.6875
4175,6.2792,6.8505,1.7143,7.9939,576.0,25141.0,2331.6875
4176,7.9793,7.4923,1.6605,7.8884,578.0,33395.0,2331.6875
4177,7.8782,6.8444,1.6538,8.1652,575.0,40751.0,2331.6875
4178,8.1404,8.1458,1.6143,7.3159,579.0,37291.0,2331.6875
4179,7.2939,6.7782,1.4971,7.8654,573.0,30663.0,2331.6875
4180,7.9199,8.1451,1.6783,8.0031,575.0,27471.0,2331.6875
4181,7.9916,6.784,1.4008,7.896,577.0,28999.0,2331.6875
4182,7.9128,8.0496,1.769,7.9968,577.0,34277.0,2331.6875
4183,8.0007,6.795,1.5197,7.6023,576.0,34258.0,2331.6875
4184,7.5954,8.1997,1.5969,8.5543,572.0,27523.0,2331.6875
4185,8.5507,6.8018,1.7002,7.025,579.0,33948.0,2331.6875
4186,6.9979,8.125,1.7498,8.6202,582.0,29637.0,2331.6875
4187,8.6244,6.7681,1.6694,7.2438,580.0,30431.0,2331.6875
4188,7.4869,7.5984,1.7562,8.1769,579.0,25075.0,2331.6875
4189,7.9405,7.1371,1.7969,7.2316,578.0,23881.0,2331.6875
4190,7.2078,7.0661,1.3957,8.8247,576.0,27153.0,2331.6875
4191,8.8669,8.0055,1.6627,6.9951,576.0,28611.0,2331.6875
4192,6.9286,6.8067,1.5329,7.4151,577.0,29487.0,2331.6875
4193,7.5003,7.8208,1.6687,8.2772,572.0,27699.0,2331.6875
4194,8.2459,6.8285,1.59,8.1826,573.0,27255.0,2331.6875
4195,8.2601,8.1162,1.6386,7.7232,561.0,27963.0,2331.6875
4196,7.6359,6.7525,1.464,7.5872,576.0,26962.0,2331.6875
4197,7.5997,8.1958,1.6582,8.1017,574.0,26243.0,2331.6875
4198,8.0449,6.7594,1.432,7.7923,575.0,31257.0,2331.6875
4199,7.8831,7.785,1.6375,7.7524,574.0,29933.0,2331.6875
4200,7.7038,6.8092,1.6018,7.1843,574.0,29499.0,2331.6875
4201,7.2461,8.1804,1.6953,9.1069,575.0,27575.0,2331.6875
4202,9.0689,6.7916,1.6516,6.6943,575.0,30974.0,2331.6875
4203,6.7098,8.1906,1.8496,8.7815,563.0,25375.0,2331.6875
4204,8.7333,6.8614,1.6712,7.0059,583.0,27050.0,2331.6875
4205,7.0628,7.8825,1.524,8.7028,571.0,26592.0,2331.6875
4206,8.6768,6.7782,1.6676,6.4871,550.0,24973.0,2331.6875
4207,6.4456,7.0247,1.4385,9.3689,551.0,25977.0,2331.6875
4208,9.4509,7.8916,1.5049,6.469,545.0,23911.0,2331.6875
4209,6.4194,6.7251,1.3788,8.4032,576.0,32901.0,2331.6875
4210,8.3436,8.1262,1.3146,8.0641,573.0,25399.0,2331.6875
4211,8.1819,6.7737,1.6257,7.059,539.0,22991.0,2331.6875
4212,7.0402,7.9019,1.8033,8.6406,535.0,22943.0,2331.6875
4213,8.636,6.7912,1.5852,7.297,541.0,23207.0,2331.6875
4214,7.2922,8.0101,2.0546,7.7942,538.0,22979.0,2331.6875
4215,7.8407,6.7443,1.5557,7.8122,577.0,25325.0,2331.6875
4216,7.8115,8.0639,1.8115,8.0338,576.0,24999.0,2331.6875
4217,7.9803,6.7917,1.5816,6.9564,576.0,25249.0,2331.6875
4218,7.0323,7.9875,1.8846,8.8334,578.0,29915.0,2331.6875
4219,8.797,6.8532,1.9446,6.993,580.0,31793.0,2331.6875
4220,6.9708,8.1031,1.7003,8.9513,581.0,36059.0,2331.6875
4221,8.9465,6.8636,1.9325,6.7272,578.0,34803.0,2331.6875
4222,6.7203,7.0273,1.5438,9.1158,582.0,32267.0,2331.6875
4223,9.1378,7.9212,1.7047,6.6684,559.0,29271.0,2331.6875
4224,6.6944,6.7682,1.6507,8.6286,576.0,29825.0,2331.6875
4225,8.5769,7.9785,1.8257,7.3852,548.0,23851.0,2331.6875
4226,7.3722,6.7888,1.5673,8.7168,576.0,27291.0,2331.6875
4227,8.7855,8.0594,1.7235,7.148,572.0,30853.0,2331.6875
4228,7.1609,6.8148,1.4901,8.2886,572.0,30267.0,2331.6875
4229,8.2703,7.8351,1.7332,7.1588,571.0,28283.0,2331.6875
4230,7.0561,6.7571,1.4978,8.0815,579.0,33019.0,2331.6875
4231,8.1779,8.0694,1.8471,7.9008,577.0,30743.0,2331.6875
4232,7.8608,6.7744,1.7024,7.2017,556.0,32759.0,2331.6875
4233,7.2577,8.1306,1.8109,8.1899,550.0,25495.0,2331.6875
4234,8.1305,6.7698,1.6311,7.3533,568.0,26859.0,2331.6875
4235,7.3998,7.8886,1.942,8.5667,554.0,23655.0,2331.6875
4236,8.5081,6.8677,1.595,7.372,575.0,26569.0,2331.6875
4237,7.4209,7.0848,1.8544,8.4703,577.0,24781.0,2331.6875
4238,8.476,6.8521,1.907,6.9396,576.0,25311.0,2331.6875
4239,6.8926,7.0952,1.6248,8.6688,580.0,24687.0,2331.6875
4240,8.8098,6.866,1.6411,7.5492,577.0,24613.0,2331.6875
4241,7.4019,6.7141,1.6288,7.068,571.0,27459.0,2331.6875
4242,7.0998,7.6237,1.7174,7.9955,576.0,27113.0,2331.6875
4243,8.0405,6.8569,1.644,7.7456,584.0,33418.0,2331.6875
4244,7.6497,7.8766,1.4792,7.6447,577.0,30787.0,2331.6875
4245,7.6642,6.8593,1.4369,7.7907,578.0,25187.0,2331.6875
4246,7.7868,8.046,1.5535,8.0357,577.0,26637.0,2331.6875
4247,8.0531,6.7881,1.6036,7.6523,576.0,26459.0,2331.6875
4248,7.6731,7.5803,1.5872,8.4395,575.0,25615.0,2331.6875
4249,8.4346,6.8396,1.6349,6.2623,577.0,25175.0,2331.6875
4250,6.3124,7.8039,1.4004,8.6058,579.0,26083.0,2331.6875
4251,8.6527,6.7888,1.5736,6.7061,583.0,28057.0,2331.6875
4252,6.6136,7.0285,1.4802,8.7234,567.0,25065.0,2331.6875
4253,8.6889,7.6719,1.2892,6.4936,547.0,23353.0,2331.6875
4254,6.5763,6.7781,1.4928,8.0198,546.0,23197.0,2331.6875
4255,8.0025,7.6196,1.8084,7.7603,542.0,23005.0,2331.6875
4256,7.6952,6.7436,1.4909,7.5725,536.0,22955.0,2331.6875
4257,7.6164,7.8214,1.5587,7.4996,536.0,22955.0,2331.6875
4258,7.4965,6.7545,1.3559,8.1556,576.0,31136.0,2331.6875
4259,8.1753,8.12,1.6635,8.4489,575.0,29992.0,2331.6875
4260,8.4545,6.8873,1.6134,6.6207,574.0,25297.0,2331.6875
4261,6.6765,7.9366,1.8067,8.7129,574.0,28701.0,2331.6875
4262,8.5965,6.8206,1.6245,6.8369,577.0,28261.0,2331.6875
4263,6.8606,8.2198,1.8437,8.941,575.0,26998.0,2331.6875
4264,9.0132,6.8195,1.7441,7.076,579.0,29357.0,2331.6875
4265,7.0348,7.4214,1.7252,8.8939,577.0,33182.0,2331.6875
4266,8.8822,6.825,1.7688,6.6356,577.0,26523.0,2331.6875
4267,6.6605,6.8457,1.4991,9.1659,576.0,25583.0,2331.6875
4268,9.1643,7.9624,1.5688,6.8345,579.0,55267.0,2331.6875
4269,6.8861,6.7895,1.6592,8.5504,577.0,51641.0,2331.6875
4270,8.5262,8.2489,1.6801,7.4079,577.0,33965.0,2331.6875
4271,7.3151,6.7712,1.4535,7.9499,580.0,42257.0,2331.6875
4272,8.0015,7.8156,1.4908,7.5694,577.0,61599.0,2331.6875
4273,7.5412,6.7684,1.6595,7.9283,576.0,28355.0,2331.6875
4274,7.928,8.0521,1.5455,8.4001,574.0,25139.0,2331.6875
4275,8.3689,6.7926,1.2889,7.2369,576.0,25163.0,2331.6875
4276,7.3439,8.1998,1.6679,8.4583,575.0,33359.0,2331.6875
4277,8.3792,6.8245,1.5757,7.4035,579.0,40799.0,2331.6875
4278,7.4125,7.8247,1.7549,8.484,574.0,37231.0,2331.6875
4279,8.5851,6.8237,1.6388,6.6454,573.0,30663.0,2331.6875
4280,6.5609,8.1477,1.8396,9.1206,579.0,27519.0,2331.6875
4281,9.0593,6.8994,1.6512,6.8265,574.0,28963.0,2331.6875
4282,6.8333,7.6942,1.3053,8.9027,579.0,34257.0,2331.6875
4283,9.0103,6.7557,1.6904,6.7978,579.0,34250.0,2331.6875
4284,6.7286,6.8381,1.3822,8.2995,580.0,27575.0,2331.6875
4285,8.3959,7.9884,1.6262,7.1913,576.0,33890.0,2331.6875
4286,7.0633,6.7875,1.3843,8.0242,579.0,29623.0,2331.6875
4287,8.1335,8.1449,1.747,7.7512,577.0,30417.0,2331.6875
4288,7.6881,6.7756,1.5485,8.1054,579.0,25167.0,2331.6875
4289,8.1049,7.9777,1.5933,7.6021,577.0,24391.0,2331.6875
4290,7.607,6.7988,1.5214,7.9264,574.0,26651.0,2331.6875
4291,7.9458,7.9781,1.7085,8.1907,574.0,29143.0,2331.6875
4292,8.1741,6.8838,1.7345,7.8742,577.0,28953.0,2331.6875
4293,7.9467,8.1754,2.02,7.825,574.0,27723.0,2331.6875
4294,7.7502,6.8359,1.6833,7.358,575.0,27647.0,2331.6875
4295,7.4164,8.2409,2.0507,8.9875,564.0,27583.0,2331.6875
4296,8.9489,6.8115,1.8303,6.772,578.0,26986.0,2331.6875
4297,6.806,8.1429,1.9586,8.7348,575.0,26255.0,2331.6875
4298,8.7254,6.7942,2.1095,7.3215,582.0,31297.0,2331.6875
4299,7.3115,6.7918,1.8854,9.1379,580.0,29961.0,2331.6875
4300,9.1234,7.9919,2.1157,6.3832,576.0,29479.0,2331.6875
4301,6.3899,6.9244,1.9571,9.0263,574.0,27541.0,2331.6875
4302,9.0153,7.971,1.673,6.6155,572.0,31104.0,2331.6875
4303,6.6015,6.779,1.687,8.204,566.0,25481.0,2331.6875
4304,8.2628,8.3342,1.8649,8.2227,578.0,27034.0,2331.6875
4305,8.4053,6.8052,1.5798,7.9372,564.0,26338.0,2331.6875
4306,7.7745,8.2699,1.7899,7.7946,550.0,25043.0,2331.6875
4307,7.8083,6.7782,1.7742,8.2344,543.0,25855.0,2331.6875
4308,8.1917,8.096,1.6326,8.9968,547.0,23935.0,2331.6875
4309,8.9803,6.8939,1.7681,7.3239,573.0,32865.0,2331.6875
4310,7.3523,8.0302,1.8829,7.742,575.0,25423.0,2331.6875
4311,7.7193,6.7996,1.7268,6.8157,539.0,22991.0,2331.6875
4312,6.7712,8.0971,1.5268,8.3779,541.0,23015.0,2331.6875
4313,8.6659,6.791,1.8738,7.4038,545.0,23255.0,2331.6875
4314,7.2099,8.0502,1.8371,8.2437,539.0,22947.0,2331.6875
4315,8.2419,6.7731,1.7483,7.336,581.0,25329.0,2331.6875
4316,7.2654,7.914,1.8756,8.7194,581.0,25015.0,2331.6875
4317,8.7681,6.8834,1.7946,6.8544,575.0,25215.0,2331.6875
4318,6.7736,7.0603,1.4733,9.1699,581.0,29973.0,2331.6875
4319,9.1859,7.8839,1.6606,6.3348,580.0,31815.0,2331.6875
4320,6.2982,6.7383,1.4596,7.9024,578.0,36067.0,2331.6875
4321,7.9052,8.4096,1.4999,8.0495,576.0,34801.0,2331.6875
4322,8.0986,6.7877,1.6523,8.4749,579.0,32253.0,2331.6875
4323,8.4732,7.6815,1.4424,7.0147,557.0,29269.0,2331.6875
4324,6.9599,6.766,1.2562,7.999,578.0,29849.0,2331.6875
4325,8.1484,8.2716,1.7568,8.276,547.0,23839.0,2331.6875
4326,8.21,6.7872,1.6264,7.6041,575.0,27279.0,2331.6875
4327,7.858,8.1806,2.105,8.1928,575.0,30889.0,2331.6875
4328,7.9771,6.7896,1.7317,7.3735,576.0,30315.0,2331.6875
4329,7.3125,8.2953,1.5903,8.4769,573.0,28307.0,2331.6875
4330,8.4572,6.7837,1.7657,7.8173,575.0,32927.0,2331.6875
4331,7.828,8.1957,1.8044,8.2739,581.0,30747.0,2331.6875
4332,8.398,6.8633,1.8011,7.0109,563.0,32847.0,2331.6875
4333,6.8258,8.1568,1.6721,8.6668,550.0,25425.0,2331.6875
4334,8.694,6.829,1.6006,7.0108,565.0,26845.0,2331.6875
4335,7.0263,6.7683,1.4843,8.8911,554.0,23677.0,2331.6875
4336,8.9671,7.9741,1.7904,7.1204,573.0,26589.0,2331.6875
4337,7.1462,6.7563,1.595,8.0889,576.0,24791.0,2331.6875
4338,8.0339,7.8584,1.6677,7.5973,574.0,25309.0,2331.6875
4339,7.6023,6.8065,1.723,7.8614,574.0,24637.0,2331.6875
4340,8.0192,7.8913,1.7018,7.8525,571.0,24541.0,2331.6875
4341,7.7857,6.7721,1.7546,7.9379,574.0,27495.0,2331.6875
4342,7.8824,8.126,1.8466,8.4393,574.0,27089.0,2331.6875
4343,8.3802,6.8228,1.6349,8.0386,580.0,33370.0,2331.6875
4344,8.08,8.1546,1.6855,7.3121,579.0,30811.0,2331.6875
4345,7.257,6.798,1.5352,7.7253,573.0,25127.0,2331.6875
4346,7.8363,7.9221,1.8165,8.2415,582.0,26653.0,2331.6875
4347,8.1532,6.8572,1.5271,7.0877,577.0,26427.0,2331.6875
4348,7.0886,8.1459,1.7106,8.5777,579.0,25619.0,2331.6875
4349,8.5495,6.7976,1.4201,6.4908,578.0,25165.0,2331.6875
4350,6.485,7.9896,1.5508,9.1548,580.0,26117.0,2331.6875
4351,9.2285,6.7984,1.9272,7.0671,576.0,27995.0,2331.6875
4352,7.068,6.8298,1.7195,8.0232,564.0,25073.0,2331.6875
4353,8.0345,7.8269,2.1134,6.9226,548.0,23387.0,2331.6875
4354,6.9669,6.7841,1.6235,7.9194,540.0,23147.0,2331.6875
4355,7.9751,8.1286,1.6163,8.0772,537.0,22967.0,2331.6875
4356,7.9731,6.7324,1.5646,7.5189,538.0,22979.0,2331.6875
4357,7.5083,8.1962,1.7107,8.5392,538.0,22979.0,2331.6875
4358,8.5654,6.9862,1.5987,7.6684,571.0,31076.0,2331.6875
4359,7.7481,7.9771,1.6629,8.2669,574.0,29980.0,2331.6875
4360,8.1629,6.8098,1.6225,7.4968,574.0,25297.0,2331.6875
4361,7.5148,8.2436,1.8748,8.4045,577.0,28737.0,2331.6875
4362,8.3773,6.7893,1.6998,7.5406,581.0,28265.0,2331.6875
4363,7.7719,8.1739,2.0246,8.0302,581.0,27026.0,2331.6875
4364,7.7896,6.8322,1.5697,8.0702,582.0,29349.0,2331.6875
4365,8.0991,7.6684,1.8865,8.1902,579.0,33184.0,2331.6875
4366,8.1538,6.8125,1.8778,6.8096,576.0,26533.0,2331.6875
4367,6.8097,7.8989,1.7999,8.1647,578.0,25629.0,2331.6875
4368,8.2743,6.7817,1.9459,6.6893,579.0,55311.0,2331.6875
4369,6.5709,6.8106,1.5176,8.549,577.0,51663.0,2331.6875
4370,8.6056,8.0671,1.9033,8.0993,576.0,33975.0,2331.6875
4371,8.1111,6.8527,1.6831,8.0245,579.0,42267.0,2331.6875
4372,8.0178,7.7443,1.7747,7.5767,579.0,61623.0,2331.6875
4373,7.5451,6.7868,1.5262,8.3516,573.0,28319.0,2331.6875
4374,8.3925,8.4263,1.8266,7.5915,571.0,25103.0,2331.6875
4375,7.5696,6.775,1.5371,7.9422,572.0,25115.0,2331.6875
4376,7.9861,7.832,1.7524,7.4666,580.0,33419.0,2331.6875
4377,7.3633,6.8194,1.4341,7.9019,575.0,40751.0,2331.6875
4378,7.9231,7.8478,1.6547,8.0375,578.0,37235.0,2331.6875
4379,8.031,6.805,1.4065,8.4014,578.0,30679.0,2331.6875
4380,8.4801,7.9153,1.6303,7.3296,578.0,27463.0,2331.6875
4381,7.326,6.8081,1.8806,7.0064,578.0,28989.0,2331.6875
4382,6.9924,7.7717,1.8742,8.1833,576.0,34243.0,2331.6875
4383,8.1114,6.7854,1.6302,7.1395,578.0,34260.0,2331.9375
4384,7.1218,7.0581,1.4976,8.5951,576.0,27571.0,2331.9375
4385,8.5918,7.5981,1.433,6.9941,580.0,33960.0,2331.9375
4386,7.0717,6.8365,1.7073,8.0433,580.0,29657.0,2331.9375
4387,8.056,7.7559,1.6589,8.3391,573.0,30391.0,2331.9375
4388,8.3185,6.9013,1.6742,8.0532,579.0,25167.0,2331.9375
4389,8.0866,7.9441,1.611,7.3562,577.0,24391.0,2331.9375
4390,7.4285,6.8081,1.5491,7.2408,573.0,26639.0,2331.9375
4391,7.1226,8.2217,1.6258,8.3723,578.0,29191.0,2331.9375
4392,8.342,6.8351,1.6291,7.7128,578.0,28965.0,2331.9375
4393,7.7671,7.9759,1.7488,7.8902,576.0,27747.0,2331.9375
4394,7.9032,6.7667,1.5994,7.6656,579.0,27651.0,2331.9375
4395,7.6834,8.0032,1.6299,7.7598,568.0,27635.0,2331.9375
4396,7.6971,6.8164,1.4534,7.0131,581.0,26978.0,2331.9375
4397,7.021,8.0683,1.4896,9.1842,580.0,26661.0,2331.9375
4398,9.2937,6.873,1.7334,6.8151,578.0,31271.0,2331.9375
4399,6.7221,7.708,1.6257,8.9939,579.0,29603.0,2331.9375
4400,9.0213,6.7915,1.7189,6.7566,574.0,29499.0,2331.9375
4401,6.7316,6.7834,1.4965,8.3125,576.0,27587.0,2331.9375
4402,8.3391,7.9307,1.7116,7.8488,571.0,31066.0,2331.9375
4403,7.8724,6.8027,1.3961,7.1626,562.0,27542.0,2331.9375
4404,7.1255,8.0874,1.4309,8.2683,577.0,25175.0,2331.9375
4405,8.2933,6.7996,1.57,8.166,560.0,26050.0,2331.9375
4406,8.2377,8.2264,1.7776,7.9594,551.0,25055.0,2331.9375
4407,7.8352,6.8082,1.5692,8.4141,544.0,25915.0,2331.9375
4408,8.5225,8.0865,1.7029,6.7751,546.0,23875.0,2331.9375
4409,6.6715,6.7079,1.5226,8.2113,576.0,32901.0,2331.9375
4410,8.238,8.0702,1.566,7.9558,580.0,25439.0,2331.9375
4411,7.9427,6.7936,1.4886,6.5469,542.0,22983.0,2331.9375
4412,6.6142,8.0352,1.6602,8.7583,541.0,22971.0,2331.9375
4413,8.7359,6.7573,1.5392,7.0084,542.0,23197.0,2331.9375
4414,6.9685,7.9423,1.5317,8.7389,540.0,22981.0,2331.9375
4415,8.7563,6.7489,1.5663,6.9315,577.0,25303.0,2331.9375
4416,6.9578,6.9865,1.6141,9.0623,574.0,24975.0,2331.9375
4417,9.0153,6.7477,1.54,6.9776,574.0,25225.0,2331.9375
4418,6.9857,6.8833,1.5421,7.8294,575.0,29923.0,2331.9375
4419,7.8539,7.9525,1.5328,8.0524,578.0,31813.0,2331.9375
4420,8.0934,6.7939,1.5778,7.7889,573.0,36007.0,2331.9375
4421,7.7461,8.0626,1.4604,7.8731,578.0,34825.0,2331.9375
4422,8.0173,6.831,1.7427,7.65,577.0,32229.0,2331.9375
4423,7.5392,8.0423,1.6125,7.8932,559.0,29293.0,2331.9375
4424,7.8735,6.8489,1.6836,8.1921,574.0,29801.0,2331.9375
4425,8.2324,7.9587,1.512,7.4399,546.0,23827.0,2331.9375
4426,7.3747,6.798,1.595,7.4739,582.0,27319.0,2331.9375
4427,7.4913,8.1054,1.5977,8.6386,578.0,30881.0,2331.9375
4428,8.5484,6.8302,1.2541,6.7991,577.0,30283.0,2331.9375
4429,6.9068,8.1006,1.5887,9.2248,575.0,28309.0,2331.9375
4430,9.2113,6.8213,1.6991,6.7342,577.0,32973.0,2331.9375
4431,6.8097,7.5023,1.6639,8.7253,572.0,30661.0,2331.9375
4432,8.6628,7.1531,1.7453,6.4793,561.0,32915.0,2331.9375
4433,6.4498,7.0018,1.4894,9.2931,549.0,25483.0,2331.9375
4434,9.2919,8.02,1.5811,6.8078,563.0,26747.0,2331.9375
4435,6.7591,6.7788,1.4639,9.0643,552.0,23675.0,2331.9375
4436,9.1858,8.3711,1.875,7.663,575.0,26613.0,2331.9375
4437,7.5959,6.7472,1.66,8.5475,576.0,24791.0,2331.9375
4438,8.5632,8.1237,1.7456,8.2876,573.0,25297.0,2331.9375
4439,8.339,6.8965,1.8503,7.1961,574.0,24637.0,2331.9375
4440,7.1999,8.2334,2.0406,7.822,578.0,24625.0,2331.9375
4441,7.76,6.853,1.5287,7.7411,576.0,27519.0,2331.9375
4442,7.7339,8.181,1.7917,8.3855,581.0,27129.0,2331.9375
4443,8.3811,6.8087,1.6789,8.0041,584.0,33374.0,2331.9375
4444,8.138,8.2036,1.7697,7.5006,585.0,30839.0,2331.9375
4445,7.4214,6.9135,1.5969,8.2066,576.0,25141.0,2331.9375
4446,8.1975,8.3961,1.7709,8.5065,575.0,26591.0,2331.9375
4447,8.4861,6.8088,1.6793,7.6644,573.0,26401.0,2331.9375
4448,7.712,7.9931,2.0612,7.9183,572.0,25579.0,2331.9375
4449,7.9,6.7988,1.8867,7.6032,581.0,25223.0,2331.9375
4450,7.7364,8.2163,2.2336,8.9549,574.0,26067.0,2331.9375
4451,8.7755,6.9292,1.9805,6.7369,574.0,27993.0,2331.9375
4452,6.8222,7.0849,2.1372,8.4763,565.0,25133.0,2331.9375
4453,8.4113,7.8855,1.8524,7.3278,544.0,23291.0,2331.9375
4454,7.3698,6.8336,1.628,7.9579,541.0,23159.0,2331.9375
4455,7.9032,8.157,1.8409,7.3233,536.0,22955.0,2331.9375
4456,7.3315,6.7361,2.031,8.8004,538.0,22979.0,2331.9375
4457,8.8607,8.1486,2.0709,7.9221,540.0,23003.0,2331.9375
4458,7.8465,6.7715,2.0039,7.2405,581.0,31152.0,2331.9375
4459,7.3227,8.2074,1.9092,9.1554,580.0,30008.0,2331.9375
4460,9.1351,6.8437,2.0797,7.3731,578.0,25301.0,2331.9375
4461,7.6874,8.132,2.1311,7.5487,577.0,28715.0,2331.9375
4462,7.178,6.8179,1.6028,8.1507,579.0,28263.0,2331.9375
4463,8.2802,8.331,1.8802,8.6991,578.0,27012.0,2331.9375
4464,8.6296,6.827,2.008,7.9473,581.0,29381.0,2331.9375
4465,7.9791,8.2974,2.036,7.622,580.0,33218.0,2331.9375
4466,7.5642,6.8599,1.8209,7.5804,575.0,26543.0,2331.9375
4467,7.6818,8.026,1.8609,8.3858,576.0,25627.0,2331.9375
4468,8.2441,6.7576,1.6321,8.042,578.0,55299.0,2331.9375
4469,8.1665,8.2649,2.0471,8.0185,575.0,51639.0,2331.9375
4470,7.9146,6.8811,2.0068,7.8486,579.0,34011.0,2331.9375
4471,7.9088,8.1889,2.2443,8.2103,578.0,42255.0,2331.9375
4472,8.121,6.8917,1.8316,7.0097,580.0,61635.0,2331.9375
4473,7.014,7.0434,1.7773,8.3898,574.0,28331.0,2331.9375
4474,8.4649,7.9008,1.9161,7.4859,582.0,25191.0,2331.9375
4475,7.4346,6.8006,1.6992,7.8,575.0,25107.0,2331.9375
4476,7.8331,8.3072,1.8566,8.2096,575.0,33315.0,2331.9375
4477,8.1799,6.8294,1.7113,7.8519,580.0,40789.0,2331.9375
4478,7.8993,7.9506,1.8894,7.7701,576.0,37233.0,2331.9375
4479,7.7745,6.859,1.5263,7.4924,577.0,30689.0,2331.9375
4480,7.482,8.1167,1.7159,8.7655,575.0,27471.0,2331.9375
4481,8.774,6.819,1.7803,6.8644,575.0,28975.0,2331.9375
4482,6.8294,8.3083,1.6953,8.5276,577.0,34277.0,2331.9375
4483,8.529,6.838,1.66,8.3697,578.0,34282.0,2331.9375
4484,8.3865,8.0557,1.7512,7.8794,574.0,27547.0,2331.9375
4485,7.9125,6.8223,1.5877,6.6521,576.0,33912.0,2331.9375
4486,6.6841,8.2306,1.8001,8.55,577.0,29621.0,2331.9375
4487,8.474,6.815,1.713,7.0205,575.0,30415.0,2331.9375
4488,6.9902,8.0495,1.6612,8.6171,575.0,25119.0,2331.9375
4489,8.745,6.8251,1.7356,6.8698,574.0,24355.0,2331.9375
4490,6.7558,7.8449,1.5464,9.0334,578.0,26655.0,2331.9375
4491,9.0739,6.8027,1.8127,6.8703,580.0,29171.0,2331.9375
4492,6.8412,7.0581,1.5113,8.9907,580.0,28945.0,2331.9375
4493,9.0066,7.511,1.699,6.6107,575.0,27713.0,2331.9375
4494,6.6044,6.773,1.5817,8.576,578.0,27661.0,2331.9375
4495,8.6181,7.9006,1.506,6.9637,564.0,27609.0,2331.9375
4496,6.878,6.7791,1.4072,9.059,579.0,26998.0,2331.9375
4497,9.0837,7.6356,1.5271,6.6972,574.0,26611.0,2331.9375
4498,6.7451,6.85,1.7002,8.2805,578.0,31293.0,2331.9375
4499,8.2571,7.986,1.5241,7.2579,577.0,29601.0,2331.9375
4500,7.3033,6.8109,1.6059,8.031,574.0,29499.0,2331.9375
4501,8.0367,7.8965,1.68,7.7092,573.0,27551.0,2331.9375
4502,7.6402,6.745,1.6412,6.946,575.0,31306.0,2331.9375
4503,6.9576,7.7722,1.6269,8.4084,576.0,28238.0,2331.9375
4504,8.4237,6.7744,1.7253,6.9661,572.0,26962.0,2331.9375
4505,6.9597,7.7714,1.5088,8.2144,544.0,23291.0,2331.9375
4506,8.2379,6.851,1.6558,7.2474,555.0,25059.0,2331.9375
4507,7.2543,6.7072,1.5478,8.915,549.0,25931.0,2331.9375
4508,8.894,7.7198,1.8737,6.5893,552.0,23903.0,2331.9375
4509,6.6128,6.8405,1.7364,8.785,579.0,32915.0,2331.9375
4510,8.7383,7.8661,1.6874,6.9773,577.0,25425.0,2331.9375
4511,6.9675,6.7795,1.5928,7.3057,541.0,22993.0,2331.9375
4512,7.3539,7.8109,1.4456,7.9292,537.0,22967.0,2331.9375
4513,7.9886,6.7809,1.6128,7.149,546.0,23267.0,2331.9375
4514,7.1194,7.9119,1.7971,8.9742,539.0,22991.0,2331.9375
4515,9.0351,6.7963,2.3248,7.5938,578.0,25337.0,2331.9375
4516,7.5724,7.7772,1.9171,8.4366,574.0,24975.0,2331.9375
4517,8.3657,6.8336,1.7716,7.8723,577.0,25261.0,2331.9375
4518,7.9226,7.6133,3.2302,8.4195,574.0,29911.0,2331.9375
4519,8.3965,6.8761,2.5355,7.2672,574.0,31765.0,2331.9375
4520,7.5933,6.9184,3.2614,9.4683,572.0,35995.0,2331.9375
4521,9.1647,8.0031,2.3657,6.5325,574.0,34777.0,2331.9375
4522,6.4837,7.0577,2.0345,8.7861,586.0,32293.0,2331.9375
4523,8.879,6.9296,2.4179,6.4294,560.0,29261.0,2331.9375
4524,6.3017,6.8673,1.812,8.6435,578.0,29805.0,2331.9375
4525,8.7306,8.0902,1.8139,7.1122,549.0,23841.0,2331.9375
4526,7.0399,6.7998,1.5616,9.4032,576.0,27269.0,2331.9375
4527,9.4387,7.8009,1.8127,6.617,576.0,30879.0,2331.9375
4528,6.5921,6.8107,1.5952,7.9532,572.0,30267.0,2331.9375
4529,8.0162,8.2062,1.8001,7.8136,574.0,28319.0,2331.9375
4530,7.7869,6.8336,1.7856,8.9167,578.0,33007.0,2331.9375
4531,8.932,8.1865,1.8847,6.6309,575.0,30719.0,2331.9375
4532,6.5571,6.8908,1.6791,8.3831,562.0,32927.0,2331.9375
4533,8.4296,7.9132,1.6249,7.4493,553.0,26247.0,2331.9375
4534,7.4249,6.78,1.4896,8.3768,560.0,25995.0,2331.9375
4535,8.4856,8.2038,1.9557,8.073,552.0,23723.0,2331.9375
4536,7.9638,6.8381,1.6889,6.9617,575.0,26565.0,2331.9375
4537,6.9872,6.9008,1.835,9.3069,576.0,24839.0,2331.9375
4538,9.3913,7.0992,1.9621,10.3783,583.0,25373.0,2331.9375
4539,10.3237,7.0992,2.3583,6.6123,577.0,24581.0,2331.9375
4540,6.6293,6.8008,2.0251,6.8831,581.0,24617.0,2331.9375
4541,6.8221,7.6467,1.9878,9.0465,579.0,27949.0,2331.9375
4542,9.0427,7.5026,2.3203,7.9347,577.0,26735.0,2331.9375
4543,7.9574,6.9077,2.1927,8.0844,585.0,33408.0,2331.9375
4544,8.1198,8.0576,2.2733,7.5359,579.0,30811.0,2331.9375
4545,7.5089,6.9156,2.2339,8.2696,576.0,25163.0,2331.9375
4546,8.3,8.2603,2.4359,7.6874,574.0,26601.0,2331.9375
4547,7.6712,6.8804,2.185,8.1461,577.0,26471.0,2331.9375
4548,8.1775,8.3747,2.1225,7.6743,571.0,25567.0,2331.9375
4549,7.6825,6.8309,1.9242,9.4688,572.0,25115.0,2331.9375
4550,9.6084,7.9398,3.1392,8.543,576.0,26043.0,2331.9375
4551,8.5368,6.9025,2.6379,8.8329,574.0,27993.0,2331.9375
4552,8.701,8.1301,2.9091,5.9509,566.0,25145.0,2331.9375
4553,5.9111,6.7699,1.5536,9.043,545.0,23303.0,2331.9375
4554,9.0488,8.1736,1.5882,6.9334,544.0,23151.0,2331.9375
4555,6.9409,6.7753,1.454,8.0319,543.0,22995.0,2331.9375
4556,7.9818,7.9425,1.7155,7.357,545.0,23019.0,2331.9375
4557,7.4281,6.79,1.7602,7.8037,538.0,22957.0,2331.9375
4558,7.8078,8.1168,1.6386,8.2215,575.0,31102.0,2331.9375
4559,8.1463,6.7508,1.5536,8.0566,576.0,29982.0,2331.9375
4560,8.0822,8.019,1.6168,7.73,573.0,25285.0,2331.9375
4561,7.6966,6.7995,1.5325,7.0279,575.0,28713.0,2331.9375
4562,7.012,7.9989,1.6575,8.5096,574.0,28225.0,2331.9375
4563,8.543,6.8039,1.6758,7.0304,575.0,26998.0,2331.9375
4564,7.0795,6.987,1.6183,8.7436,580.0,29369.0,2331.9375
4565,8.6808,7.1279,1.5308,7.2858,577.0,33182.0,2331.9375
4566,7.2922,7.0411,1.4759,8.913,573.0,26519.0,2331.9375
4567,8.9288,6.9,1.8883,6.6688,578.0,25651.0,2331.9375
4568,6.6939,6.7801,1.7285,7.921,574.0,55251.0,2331.9375
4569,7.8503,8.1335,1.5039,8.2727,578.0,51675.0,2331.9375
4570,8.3376,6.7487,1.3853,8.0948,580.0,33979.0,2331.9375
4571,8.1361,8.1072,1.8013,7.3054,585.0,42295.0,2331.9375
4572,7.265,6.8421,1.6068,7.9464,582.0,61615.0,2331.9375
4573,7.9942,7.9979,1.652,7.7555,576.0,28333.0,2331.9375
4574,7.6526,6.7894,1.5013,7.5494,575.0,25129.0,2331.9375
4575,7.6831,8.1005,1.6839,8.3933,575.0,25129.0,2331.9375
4576,8.4288,6.7958,1.6971,7.3949,574.0,33347.0,2331.9375
4577,7.3466,7.9678,1.7401,8.2361,570.0,40691.0,2331.9375
4578,8.5273,6.857,1.9054,6.8687,577.0,37267.0,2331.9375
4579,6.5212,7.8689,1.661,8.7289,574.0,30675.0,2331.9375
4580,8.742,6.7761,1.7747,7.0449,576.0,27483.0,2331.9375
4581,7.0094,6.9614,1.4656,8.6961,578.0,29011.0,2331.9375
4582,8.7821,7.0322,1.8063,7.2855,577.0,34277.0,2331.9375
4583,7.2346,6.9751,1.6999,8.2497,576.0,34258.0,2331.9375
4584,8.2509,7.8993,1.7349,7.1898,577.0,27583.0,2331.9375
4585,7.1418,6.7593,1.4861,8.2708,575.0,33900.0,2331.9375
4586,8.3296,7.9677,1.7402,7.8368,586.0,29685.0,2331.9375
4587,7.7806,6.7983,1.5141,8.1799,581.0,30443.0,2331.9375
4588,8.313,8.204,1.8341,7.6806,582.0,25159.0,2331.9375
4589,7.5267,6.8301,1.4354,7.6291,577.0,24369.0,2331.9375
4590,7.689,8.2293,1.5597,8.1723,578.0,26677.0,2331.9375
4591,8.0864,6.788,1.46,7.9402,576.0,29145.0,2331.9375
4592,8.1006,7.749,1.7026,7.9223,574.0,28917.0,2331.9375
4593,7.8298,6.8289,1.4466,6.7506,570.0,27675.0,2331.9375
4594,6.7391,8.0917,1.6769,8.7596,574.0,27635.0,2331.9375
4595,8.7884,6.82,2.0486,7.1741,572.0,28015.0,2331.9375
4596,7.1318,8.2156,1.9007,9.3587,576.0,26962.0,2331.9375
4597,9.4216,6.8536,1.9656,7.2949,575.0,27039.0,2331.9375
4598,7.2564,6.8115,1.7771,8.7183,575.0,30841.0,2331.9375
4599,8.7873,8.0806,2.0824,6.4573,576.0,30421.0,2331.9375
4600,6.4328,6.8593,1.8445,8.6291,573.0,28655.0,2331.9375
4601,8.5466,8.1217,1.5967,7.8392,572.0,27539.0,2331.9375
4602,8.0245,6.7954,1.7527,7.7291,578.0,31522.0,2331.9375
4603,7.6393,7.9938,1.8633,7.8176,583.0,27910.0,2331.9375
4604,7.7831,6.8455,1.8077,8.5761,579.0,26858.0,2331.9375
4605,8.7359,8.1875,1.6716,6.5393,547.0,23305.0,2331.9375
4606,6.3605,6.7861,1.6168,8.2139,551.0,25081.0,2331.9375
4607,8.2307,8.0373,1.5699,7.4785,552.0,26037.0,2331.9375
4608,7.5462,6.7861,1.9148,7.9679,543.0,23743.0,2331.9375
4609,7.9652,7.8774,1.8514,8.0408,577.0,32913.0,2331.9375
4610,7.9899,6.7462,1.7149,7.2766,576.0,25435.0,2331.9375
4611,7.3016,8.2462,1.9834,8.5847,544.0,23051.0,2331.9375
4612,8.6051,6.8318,1.7123,6.5937,536.0,22955.0,2331.9375
4613,6.5023,8.053,1.6492,8.9004,546.0,23267.0,2331.9375
4614,8.9835,6.79,2.0167,7.0605,540.0,23003.0,2331.9375
4615,6.9844,7.5362,1.642,9.224,576.0,25313.0,2331.9375
4616,9.2779,7.1209,2.1145,8.8104,1034.0,136198.0,2334.3125
4617,8.8435,6.8477,2.4822,9.7469,546.0,46387.0,2334.3125
4618,9.7616,10.0815,2.1011,10.5704,626.0,78271.0,2462.3125
4619,10.527,9.8366,1.947,10.8217,495.0,29579.0,2462.3125
4620,10.8147,7.9807,1.7827,11.1112,564.0,33263.0,2462.3125
4621,11.658,8.2976,2.2256,5.8963,442.0,27791.0,2462.3125
4622,5.3053,8.4446,1.5642,10.4475,463.0,37907.0,2459.9375
4623,10.4944,7.7528,1.8718,8.0762,505.0,34621.0,2459.9375
4624,8.1026,8.6815,2.0006,7.6607,390.0,15231.0,2459.9375
4625,7.6972,7.3716,1.7878,7.699,375.0,14271.0,2459.9375
4626,7.6027,8.262,1.5672,9.1411,377.0,14315.0,2459.9375
4627,9.1583,7.2507,1.8326,6.9143,373.0,14267.0,2459.9375
4628,6.9705,8.0591,1.6284,9.7765,375.0,14351.0,2459.9375
4629,9.7504,7.4804,1.6404,7.1413,383.0,21751.0,2459.9375
4630,7.1277,8.3036,1.543,9.7877,385.0,15959.0,2459.9375
4631,9.9578,7.174,1.8231,6.958,413.0,16963.0,2459.9375
4632,6.8537,8.3049,1.7398,9.8011,409.0,18255.0,2459.9375
4633,9.7485,7.1619,1.6711,6.8609,408.0,15443.0,2459.9375
4634,6.8844,7.3494,1.7359,9.0777,412.0,14643.0,2459.9375
4635,9.0186,8.3921,1.7071,8.4037,415.0,17518.0,2459.9375
4636,8.4138,7.3292,1.8048,8.6095,412.0,18131.0,2459.9375
4637,8.6561,8.023,2.7548,7.0991,408.0,17641.0,2459.9375
4638,7.0396,7.5684,1.7295,8.8813,377.0,14149.0,2459.9375
4639,8.957,8.1387,1.8307,7.6554,374.0,14113.0,2459.9375
4640,7.6061,7.3402,1.6451,10.1368,408.0,19231.0,2459.9375
4641,10.1438,8.21,1.7288,6.798,408.0,18661.0,2459.9375
4642,6.7621,7.4107,1.7733,9.0487,408.0,19415.0,2459.9375
4643,9.1766,8.1575,1.9239,7.3504,410.0,19256.0,2459.9375
4644,7.2543,7.5276,1.6296,9.7075,412.0,18630.0,2459.9375
4645,9.6934,8.2189,1.468,7.0075,411.0,23850.0,2459.9375
4646,6.9951,7.3111,1.719,9.9918,409.0,19522.0,2459.9375
4647,10.0362,7.5189,1.7719,6.804,407.0,17187.0,2459.9375
4648,6.7477,7.3233,1.5554,9.7483,409.0,30083.0,2459.9375
4649,9.8034,7.1419,1.7292,6.7827,407.0,38431.0,2459.9375
4650,6.7469,7.5027,1.5515,9.5622,412.0,40783.0,2459.9375
4651,9.5724,7.5637,1.7102,7.3261,414.0,27759.0,2459.9375
4652,7.3018,7.3884,1.548,9.9418,415.0,43467.0,2459.9375
4653,9.9922,8.6821,1.6297,7.1109,413.0,37713.0,2459.9375
4654,7.1231,8.3564,1.5183,8.9215,409.0,17857.0,2459.9375
4655,8.9249,7.2041,1.5626,7.3107,411.0,16285.0,2459.9375
4656,7.2994,8.2811,1.4203,10.1334,407.0,21767.0,2459.9375
4657,10.0578,7.151,1.4044,6.8608,409.0,28731.0,2459.9375
4658,6.8921,7.3337,1.7749,9.6383,408.0,31639.0,2459.9375
4659,9.6566,8.5224,1.791,7.4241,407.0,22339.0,2459.9375
4660,7.3857,7.3535,1.5421,8.7891,408.0,20159.0,2459.9375
4661,8.7984,8.0689,1.8535,7.4969,410.0,19543.0,2459.9375
4662,7.5171,8.189,1.6683,9.4747,412.0,24611.0,2459.9375
4663,9.4674,7.15,1.7119,7.1114,408.0,14591.0,2459.9375
4664,7.279,7.3324,1.8229,9.5964,407.0,14531.0,2459.9375
4665,9.5149,8.5055,1.6661,7.7005,410.0,17073.0,2459.9375
4666,7.6588,8.7358,1.6504,9.053,413.0,17439.0,2459.9375
4667,9.0315,7.1748,1.8615,7.4804,416.0,18469.0,2459.9375
4668,7.4711,8.7271,1.593,9.7932,410.0,17527.0,2459.9375
4669,9.8167,7.1687,1.8396,7.1641,412.0,17033.0,2459.9375
4670,7.1291,8.2437,1.5972,9.2702,415.0,18189.0,2459.9375
4671,9.3925,7.5076,1.9764,7.441,408.0,16435.0,2459.9375
4672,7.353,8.7316,1.3967,9.282,411.0,18292.0,2459.9375
4673,9.3139,7.1191,1.7975,7.1869,408.0,16299.0,2459.9375
4674,7.1095,8.3483,1.56,9.2506,407.0,16259.0,2459.9375
4675,9.3055,7.3398,2.034,8.9697,412.0,16223.0,2459.9375
4676,8.991,7.8884,2.0376,9.0496,408.0,19976.0,2459.9375
4677,9.035,7.5663,2.0686,7.4835,408.0,19203.0,2459.9375
4678,7.6216,7.6293,2.5991,10.5362,407.0,20559.0,2459.9375
4679,10.4709,7.4334,2.785,9.6341,415.0,28447.0,2459.9375
4680,9.6307,8.5213,3.0044,7.4823,407.0,19840.0,2459.9375
4681,7.4629,7.2096,2.6237,8.2526,408.0,23359.0,2459.9375
4682,8.2347,8.6413,2.273,9.4069,380.0,14403.0,2459.9375
4683,9.4477,7.5975,2.1525,8.4981,412.0,20079.0,2459.9375
4684,8.5138,9.3479,2.3764,9.325,412.0,19295.0,2459.9375
4685,9.2373,7.3234,1.8486,9.4497,426.0,41221.0,2459.9375
4686,9.5091,8.8891,2.065,7.3016,411.0,29029.0,2459.9375
4687,7.2586,7.0997,1.9011,9.1616,409.0,17489.0,2459.9375
4688,9.2553,8.6562,1.9233,7.586,409.0,20369.0,2459.9375
4689,7.4881,7.295,1.8409,8.5356,408.0,17227.0,2459.9375
4690,8.5286,8.7856,1.8448,7.9435,408.0,17959.0,2459.9375
4691,7.8881,7.2406,1.5933,9.491,409.0,19769.0,2459.9375
4692,9.5814,8.652,1.5949,7.5429,409.0,16603.0,2459.9375
4693,7.4975,7.1459,1.7286,8.8037,407.0,18267.0,2459.9375
4694,8.8244,8.6962,1.9648,7.9199,408.0,17629.0,2459.9375
4695,7.8956,7.3285,1.6617,9.515,411.0,18219.0,2459.9375
4696,9.5706,8.5653,1.7255,7.2434,410.0,17007.0,2459.9375
4697,7.2443,7.2755,1.7112,8.9031,407.0,16881.0,2459.9375
4698,8.8511,8.4724,1.6642,7.7713,412.0,18463.0,2459.9375
4699,7.7697,7.1152,1.3851,9.8023,392.0,15955.0,2459.9375
4700,9.8316,8.8908,1.6785,7.6262,412.0,19543.0,2459.9375
4701,7.5727,7.3833,1.4783,8.8046,411.0,25915.0,2459.9375
4702,8.857,8.3151,1.9721,7.606,417.0,24652.0,2459.9375
4703,7.5793,7.2699,1.6787,8.2765,412.0,20727.0,2459.9375
4704,8.3148,8.571,1.6555,9.1967,413.0,33434.0,2459.9375
4705,9.1505,7.3726,1.5843,9.0707,402.0,20920.0,2459.9375
4706,9.1243,8.6245,1.9356,7.2706,415.0,26467.0,2459.9375
4707,7.2103,7.5427,1.716,9.5576,409.0,19567.0,2459.9375
4708,9.6187,7.4335,1.8707,7.6753,408.0,19647.0,2459.9375
4709,7.5833,7.2691,1.4515,9.1404,409.0,21209.0,2459.9375
4710,9.2725,8.2533,1.8903,6.9677,411.0,21175.0,2459.9375
4711,6.8649,7.3559,1.5336,9.8929,409.0,23572.0,2459.9375
4712,10.0842,8.6405,1.8024,7.1828,409.0,18885.0,2459.9375
4713,7.0074,8.5426,1.5266,10.0386,415.0,17639.0,2459.9375
4714,10.0479,7.1067,1.8342,6.7458,414.0,27379.0,2459.9375
4715,6.7141,7.7713,1.6108,9.5293,412.0,16739.0,2459.9375
4716,9.5817,7.8102,1.7194,7.111,413.0,22243.0,2459.9375
4717,7.0734,7.3545,1.5597,9.4369,378.0,14913.0,2459.9375
4718,9.5144,7.8131,2.026,7.6415,374.0,14113.0,2459.9375
4719,7.5794,8.3627,1.4649,9.6582,373.0,14149.0,2459.9375
4720,9.6973,7.1355,1.6863,6.4993,370.0,14087.0,2459.9375
4721,6.5317,7.2533,1.6956,10.0102,382.0,14759.0,2459.9375
4722,9.9973,7.4664,1.7436,6.2909,373.0,14123.0,2459.9375
4723,6.2149,8.0725,1.5144,9.9443,376.0,14159.0,2459.9375
4724,9.8975,7.7636,1.4692,6.7512,373.0,14123.0,2459.9375
4725,6.7573,8.5955,1.3861,9.4458,374.0,14135.0,2459.9375
4726,9.4539,7.0746,1.5529,7.4699,370.0,14087.0,2459.9375
4727,7.6522,7.2289,1.6948,8.9332,371.0,14099.0,2459.9375
4728,8.8333,7.3956,1.8822,7.3206,373.0,14123.0,2459.9375
4729,7.2876,7.3614,1.5496,9.7133,373.0,14123.0,2459.9375
4730,9.7712,7.4651,1.7919,7.3136,376.0,14115.0,2459.9375
4731,7.2231,8.0083,1.5046,8.9475,377.0,14127.0,2459.9375
4732,8.932,7.4939,1.4719,7.6978,375.0,14103.0,2459.9375
4733,7.8035,8.3395,1.7449,9.1379,376.0,14137.0,2459.9375
4734,9.0982,7.1318,1.6817,7.3962,372.0,14089.0,2459.9375
4735,7.3917,7.1202,1.6167,9.1574,372.0,14089.0,2459.9375
4736,9.1753,8.5103,1.5847,7.5726,377.0,14411.0,2459.9375
4737,7.492,8.3441,1.5042,9.0077,389.0,18579.0,2459.9375
4738,9.0104,7.149,1.5316,7.5262,376.0,19511.0,2459.9375
4739,7.6391,7.457,1.7699,9.4216,386.0,15971.0,2459.9375
4740,9.5427,8.2143,1.9091,7.9611,410.0,16759.0,2459.9375
4741,7.836,7.208,1.9795,8.795,410.0,18315.0,2459.9375
4742,8.7521,8.45,2.0668,8.1877,408.0,15587.0,2459.9375
4743,8.2444,7.6301,1.9336,8.8858,411.0,14675.0,2459.9375
4744,8.9019,8.1761,3.0704,7.3722,407.0,15475.0,2459.9375
4745,7.2836,7.542,1.7297,8.4635,409.0,19938.0,2459.9375
4746,8.4844,7.1679,2.5451,7.1094,385.0,14607.0,2459.9375
4747,7.1334,7.1335,1.6538,10.0609,409.0,17439.0,2459.9375
4748,10.1104,8.4418,1.8074,7.0335,376.0,14115.0,2459.9375
4749,7.0349,7.358,1.5595,8.9459,378.0,14161.0,2459.9375
4750,8.8766,7.8827,1.7459,7.519,409.0,19221.0,2459.9375
4751,7.5208,7.213,1.5152,8.9249,410.0,18663.0,2459.9375
4752,8.9623,8.3677,1.6149,7.3159,407.0,19403.0,2459.9375
4753,7.3292,7.0831,1.4879,9.8124,413.0,19292.0,2459.9375
4754,9.7661,8.3411,1.5973,6.7662,411.0,18618.0,2459.9375
4755,6.7471,7.2421,1.4513,8.6944,412.0,23862.0,2459.9375
4756,8.7387,8.1267,1.77,7.8534,411.0,19546.0,2459.9375
4757,7.903,7.291,1.7458,9.5512,410.0,17223.0,2459.9375
4758,9.4946,8.5519,1.7643,7.089,409.0,30083.0,2459.9375
4759,7.0788,7.1371,1.629,10.0642,407.0,38431.0,2459.9375
4760,10.0656,8.2078,1.6914,6.8901,410.0,40803.0,2459.9375
4761,6.901,7.3403,1.7214,8.8073,412.0,27779.0,2459.9375
4762,8.8258,8.4351,1.8407,7.9578,418.0,43503.0,2459.9375
4763,7.9504,7.2793,1.6201,9.2337,414.0,37703.0,2459.9375
4764,9.2051,8.6088,1.8507,7.4743,413.0,17883.0,2459.9375
4765,7.4397,7.1779,1.5292,9.6733,412.0,16297.0,2459.9375
4766,9.7147,8.8355,1.6759,7.823,412.0,21805.0,2459.9375
4767,7.857,7.5275,1.4901,9.0208,410.0,28721.0,2459.9375
4768,9.0162,8.1214,1.5422,7.5917,409.0,31651.0,2459.9375
4769,7.4898,7.2991,1.4524,8.8288,407.0,22339.0,2459.9375
4770,8.8651,8.2016,1.4771,7.7613,410.0,20183.0,2459.9375
4771,7.8221,7.1227,1.5924,9.7778,408.0,19519.0,2459.9375
4772,9.756,8.7329,1.6077,7.6435,412.0,24611.0,2459.9375
4773,7.6409,7.6631,1.598,9.3556,408.0,14591.0,2459.9375
4774,9.4601,8.4979,1.7377,7.5414,410.0,14567.0,2459.9375
4775,7.4336,7.3057,1.6348,9.3415,409.0,17061.0,2459.9375
4776,9.3553,8.412,2.0873,6.7103,406.0,17399.0,2459.9375
4777,6.6715,8.1806,1.5816,10.5107,408.0,18417.0,2459.9375
4778,10.5504,7.8663,1.7514,6.7992,410.0,17527.0,2459.9375
4779,6.8232,8.6252,1.7649,10.0754,413.0,17023.0,2459.9375
4780,10.0254,7.1588,1.9137,6.8113,415.0,18167.0,2459.9375
4781,6.8019,7.3223,1.6078,9.0907,411.0,16471.0,2459.9375
4782,9.1771,7.1788,2.0442,7.4464,412.0,18282.0,2459.9375
4783,7.3678,8.0918,1.6881,9.9278,410.0,16301.0,2459.9375
4784,9.9902,7.8512,2.0081,6.9964,409.0,16283.0,2459.9375
4785,6.9254,7.5125,1.6896,10.1619,408.0,16223.0,2459.9375
4786,10.2385,7.178,2.3554,6.5134,407.0,19964.0,2459.9375
4787,6.5258,8.4061,1.9128,9.4643,410.0,19227.0,2459.9375
4788,9.4606,7.1954,2.0551,7.7676,408.0,21165.0,2459.9375
4789,7.735,8.2048,1.9369,9.6526,414.0,27997.0,2459.9375
4790,9.6943,7.8212,2.224,6.8757,409.0,19708.0,2459.9375
4791,6.8256,8.6949,2.1796,9.5363,408.0,23359.0,2459.9375
4792,9.5556,7.1818,2.2128,8.694,376.0,14351.0,2459.9375
4793,8.7668,8.4569,2.58,7.5652,410.0,20099.0,2459.9375
4794,7.4655,7.103,2.0537,7.6669,412.0,19295.0,2459.9375
4795,7.6778,8.3799,1.9453,10.0758,427.0,41211.0,2459.9375
4796,10.0924,7.507,1.9488,7.8714,414.0,29043.0,2459.9375
4797,8.0158,8.5678,2.007,8.0475,411.0,17513.0,2459.9375
4798,7.8762,7.1606,1.9178,7.6813,409.0,20347.0,2459.9375
4799,7.6897,8.5433,1.8791,9.3301,409.0,17217.0,2459.9375
4800,9.4627,7.1687,1.9109,7.204,409.0,17971.0,2459.9375
4801,7.1146,8.5007,1.9432,9.552,408.0,19757.0,2459.9375
4802,9.532,7.4727,2.0229,7.4731,408.0,16591.0,2459.9375
4803,7.4858,8.4015,2.1055,9.0606,407.0,18315.0,2459.9375
4804,9.0126,7.3081,2.16,7.4744,407.0,17617.0,2459.9375
4805,7.5144,8.5651,2.0142,9.3505,409.0,18195.0,2459.9375
4806,9.3395,7.2933,2.0457,7.2112,407.0,16971.0,2459.9375
4807,7.2183,8.445,2.1163,9.7314,409.0,16905.0,2459.9375
4808,9.7709,7.4714,1.8925,8.5859,407.0,18911.0,2459.9375
4809,8.63,8.5495,1.7887,8.1311,386.0,15463.0,2459.9375
4810,8.0846,7.2999,1.7674,7.4897,414.0,19567.0,2459.9375
4811,7.4246,8.3581,1.7038,10.0207,416.0,25953.0,2459.9375
4812,10.0201,7.2015,1.8126,6.9677,415.0,24606.0,2459.9375
4813,7.0092,8.4973,2.0077,8.951,414.0,20751.0,2459.9375
4814,9.028,7.5011,1.9588,8.4538,413.0,33364.0,2459.9375
4815,8.4183,8.5109,1.817,8.5312,408.0,22850.0,2459.9375
4816,8.5155,7.307,1.7296,7.4626,415.0,24779.0,2459.9375
4817,7.4554,8.0045,1.9799,9.2761,407.0,19543.0,2459.9375
4818,9.2412,7.1901,1.7922,7.4701,409.0,20027.0,2459.9375
4819,7.5631,8.4145,1.849,9.2452,411.0,21233.0,2459.9375
4820,9.1538,7.4797,1.9082,8.1282,408.0,22729.0,2459.9375
4821,8.1239,8.5903,1.8323,8.5502,411.0,21638.0,2459.9375
4822,8.5644,7.263,1.8444,7.7775,407.0,18861.0,2459.9375
4823,7.77,8.6758,1.7634,8.8468,414.0,21699.0,2459.9375
4824,8.8037,7.0876,1.7502,8.076,412.0,23791.0,2459.9375
4825,8.2313,8.4811,1.6816,9.0217,409.0,19619.0,2459.9375
4826,8.8962,7.5293,1.7735,8.3578,409.0,18667.0,2459.9375
4827,8.3773,8.5233,1.7474,8.2886,381.0,14927.0,2459.9375
4828,8.3353,7.2926,1.6632,8.3865,376.0,14115.0,2459.9375
4829,8.3808,8.5068,1.8215,8.3497,374.0,14161.0,2459.9375
4830,8.2837,7.1418,1.7829,8.4162,374.0,14113.0,2459.9375
4831,8.4498,8.164,1.8153,8.4287,384.0,14761.0,2459.9375
4832,8.4021,7.4526,1.7286,8.0837,372.0,14111.0,2459.9375
4833,8.1382,8.7252,1.6647,8.6579,373.0,14123.0,2459.9375
4834,8.6355,7.2749,1.8481,8.3075,371.0,14099.0,2459.9375
4835,8.2998,8.5439,1.766,8.2272,370.0,14087.0,2459.9375
4836,8.199,7.1066,1.8303,7.7671,370.0,14087.0,2459.9375
4837,7.8013,8.2941,1.5861,9.237,373.0,14123.0,2459.9375
4838,9.256,7.4438,1.9538,7.8569,372.0,14111.0,2459.9375
4839,7.834,8.4018,1.6268,8.7271,372.0,14111.0,2459.9375
4840,8.7344,7.2481,1.6076,7.7464,374.0,14135.0,2459.9375
4841,7.8292,8.4741,1.7977,8.8759,372.0,14111.0,2459.9375
4842,8.7434,7.1192,1.675,8.0537,377.0,14127.0,2459.9375
4843,8.0676,8.5119,1.5134,8.4601,376.0,14115.0,2459.9375
4844,8.4597,7.363,1.5217,8.2187,379.0,14151.0,2459.9375
4845,8.2583,8.4537,1.367,8.6498,375.0,14125.0,2459.9375
4846,8.6558,7.2992,1.7542,8.0963,380.0,14473.0,2459.9375
4847,8.0905,8.49,1.9408,8.3293,387.0,18485.0,2459.9375
4848,8.3852,7.0649,1.5906,8.4293,380.0,19559.0,2459.9375
4849,8.3713,8.8101,1.6866,8.744,384.0,15947.0,2459.9375
4850,8.723,7.3079,1.9761,8.2684,409.0,16747.0,2459.9375
4851,8.2655,8.3079,1.6517,8.4078,409.0,18303.0,2459.9375
4852,8.354,7.2996,1.4774,8.0482,406.0,15563.0,2459.9375
4853,8.0687,8.3744,1.454,8.3285,410.0,14663.0,2459.9375
4854,8.3734,7.1627,1.5817,8.5777,409.0,15499.0,2459.9375
4855,8.5485,8.3972,1.6517,8.1555,412.0,19974.0,2459.9375
4856,8.1848,7.3491,1.6261,8.3803,386.0,14903.0,2459.9375
4857,8.4291,8.2231,2.0728,8.1675,399.0,17123.0,2459.9375
4858,8.1944,7.2925,1.7908,8.2774,379.0,14151.0,2459.9375
4859,8.1598,8.4447,1.5528,8.2797,377.0,14127.0,2459.9375
4860,8.3809,7.0826,1.6568,8.5874,411.0,19223.0,2459.9375
4861,8.5563,8.9434,1.9391,8.9493,411.0,18675.0,2459.9375
4862,8.9157,7.3888,1.7146,8.0997,411.0,19429.0,2459.9375
4863,8.1603,8.5219,1.9273,8.3797,413.0,19270.0,2459.9375
4864,8.3288,7.3841,1.8887,8.5048,410.0,18606.0,2459.9375
4865,8.5619,8.3201,2.0754,8.2913,410.0,23838.0,2459.9375
4866,8.3241,7.2224,1.9619,8.3142,408.0,19510.0,2459.9375
4867,8.2482,8.7063,1.8185,9.0382,408.0,17199.0,2459.9375
4868,9.0293,7.3596,1.8583,7.6696,407.0,30059.0,2459.9375
4869,7.683,8.631,1.7517,8.8059,406.0,38419.0,2459.9375
4870,8.8932,7.3215,1.8379,8.0174,408.0,40779.0,2459.9375
4871,7.8761,8.2496,1.6169,8.3967,413.0,27791.0,2459.9375
4872,8.4335,7.1625,1.7177,8.3613,415.0,43511.0,2459.9375
4873,8.4934,8.8853,1.9283,8.7736,410.0,37699.0,2459.9375
4874,8.6403,7.4163,1.6896,8.648,414.0,17895.0,2459.9375
4875,8.6737,8.6455,1.9522,8.6049,410.0,16251.0,2459.9375
4876,8.5951,7.3775,1.9855,8.0996,412.0,21783.0,2459.9375
4877,8.1194,8.4235,1.9105,8.8637,412.0,28745.0,2459.9375
4878,8.8976,7.1991,1.8058,8.2994,409.0,31629.0,2459.9375
4879,8.3219,8.8161,1.9259,8.4649,410.0,22353.0,2459.9375
4880,8.3959,7.4099,1.7905,8.5802,409.0,20171.0,2459.9375
4881,8.6369,8.4228,1.8537,8.2253,408.0,19519.0,2459.9375
4882,8.1453,7.3569,1.6621,8.3009,412.0,24611.0,2459.9375
4883,8.4495,8.3021,2.0634,8.0509,406.0,14567.0,2459.9375
4884,7.9325,7.1398,1.8091,8.7616,407.0,14531.0,2459.9375
4885,8.8612,8.805,1.8226,8.1126,408.0,17049.0,2459.9375
4886,7.9721,7.3051,1.6044,8.7521,410.0,17447.0,2459.9375
4887,8.8118,8.613,1.7052,8.0204,407.0,18405.0,2459.9375
4888,7.9293,7.3442,1.5109,8.6961,410.0,17571.0,2459.9375
4889,8.7414,8.3074,1.6044,7.9317,410.0,17031.0,2459.9375
4890,7.898,7.0774,1.3916,9.2584,416.0,18179.0,2459.9375
4891,9.3187,8.7079,1.7895,7.9506,411.0,16449.0,2459.9375
4892,7.9256,7.4207,1.6504,8.6011,418.0,18332.0,2459.9375
4893,8.6571,8.5201,1.7775,8.2722,408.0,16277.0,2459.9375
4894,8.247,7.3546,1.615,8.944,409.0,16261.0,2459.9375
4895,8.9463,8.4696,1.7187,8.1318,411.0,16237.0,2459.9375
4896,8.1923,7.128,1.8647,9.6647,409.0,19988.0,2459.9375
4897,9.5725,7.722,1.8493,7.0314,409.0,19215.0,2459.9375
4898,7.0602,7.3487,1.9988,8.5752,411.0,21201.0,2459.9375
4899,8.5751,8.6096,1.8407,8.3342,413.0,27985.0,2459.9375
4900,8.3703,7.2733,1.8457,9.0447,408.0,19696.0,2459.9375
4901,9.022,7.4517,1.5397,7.7309,408.0,23359.0,2459.9375
4902,7.7769,7.0828,1.6684,8.0532,379.0,14387.0,2459.9375
4903,8.0356,8.7974,1.6727,8.4745,408.0,20075.0,2459.9375
4904,8.4086,7.2731,1.6676,9.4515,411.0,19327.0,2459.9375
4905,9.508,8.353,1.7779,7.4127,424.0,41219.0,2459.9375
4906,7.3708,7.5532,1.7284,9.3171,417.0,29079.0,2459.9375
4907,9.3558,8.0963,1.9028,7.4351,413.0,17515.0,2459.9375
4908,7.4223,7.1778,1.7965,9.6485,412.0,20361.0,2459.9375
4909,9.7055,8.2757,1.6627,7.1378,411.0,17241.0,2459.9375
4910,7.0969,7.3942,1.5623,9.9425,411.0,17973.0,2459.9375
4911,9.8768,7.5107,1.4232,6.8437,412.0,19783.0,2459.9375
4912,6.7873,7.6817,1.2309,9.7014,409.0,16603.0,2459.9375
4913,9.8163,8.1163,1.6966,7.0668,408.0,18327.0,2459.9375
4914,7.0195,7.4087,1.5869,9.8018,412.0,17677.0,2459.9375
4915,9.8789,8.4686,1.7216,7.5172,408.0,18183.0,2459.9375
4916,7.4549,7.3315,1.5379,10.3058,408.0,16983.0,2459.9375
4917,10.3513,8.3758,2.0021,6.7561,409.0,16905.0,2459.9375
4918,6.6801,8.2753,1.9036,9.4118,407.0,18911.0,2459.9375
4919,9.4701,7.5576,2.1946,6.9782,389.0,15499.0,2459.9375
4920,6.9969,8.4912,1.8535,10.701,408.0,19539.0,2459.9375
4921,10.7003,7.4928,2.4429,7.4359,410.0,25925.0,2459.9375
4922,7.4615,8.2513,2.6216,8.9605,418.0,24642.0,2459.9375
4923,8.9793,7.5625,2.1368,7.7462,417.0,20765.0,2459.9375
4924,7.7736,8.6981,2.6606,9.4027,415.0,33366.0,2459.9375
4925,9.3502,7.255,2.629,8.0053,409.0,23006.0,2459.9375
4926,8.0885,7.9419,2.4281,9.4759,412.0,25089.0,2459.9375
4927,9.3869,7.5448,2.389,8.1983,409.0,19545.0,2459.9375
4928,8.3453,8.7021,2.379,7.9575,408.0,21787.0,2459.9375
4929,7.7689,7.164,1.9763,8.8278,410.0,21723.0,2459.9375
4930,8.9227,8.7294,2.0833,7.9813,409.0,20563.0,2459.9375
4931,7.9181,7.198,1.913,8.6728,411.0,21174.0,2459.9375
4932,8.6885,8.3975,2.0697,8.8296,407.0,18861.0,2459.9375
4933,8.7769,7.5446,1.9733,7.9694,415.0,23313.0,2459.9375
4934,7.9979,8.6718,2.2556,8.4979,408.0,22141.0,2459.9375
4935,8.7091,7.3193,1.9918,8.3719,409.0,19619.0,2459.9375
4936,8.2136,8.5363,2.1714,8.1122,403.0,18495.0,2459.9375
4937,8.2111,7.1133,1.9751,8.7428,379.0,14947.0,2459.9375
4938,8.6737,8.6929,1.8092,8.9929,374.0,14091.0,2459.9375
4939,8.9223,7.3034,1.9283,7.739,378.0,14187.0,2459.9375
4940,7.7716,8.4863,2.4797,8.5348,376.0,14115.0,2459.9375
4941,8.5107,7.3894,2.0584,8.3818,385.0,14773.0,2459.9375
4942,8.3509,7.8395,1.9785,8.0302,377.0,14149.0,2459.9375
4943,8.1472,7.1297,1.8092,8.5186,373.0,14101.0,2459.9375
4944,8.4747,8.7002,2.019,8.3709,371.0,14099.0,2459.9375
4945,8.3564,7.3337,1.8257,8.4425,371.0,14099.0,2459.9375
4946,8.4221,8.5266,2.0735,8.462,372.0,14111.0,2459.9375
4947,8.458,7.3633,2.007,8.0763,371.0,14099.0,2459.9375
4948,8.0771,8.5637,1.9931,8.3314,373.0,14123.0,2459.9375
4949,8.3478,7.1295,1.9122,8.906,371.0,14099.0,2459.9375
4950,8.9372,8.4954,2.2303,8.6483,372.0,14111.0,2459.9375
4951,8.6678,7.3391,2.2349,8.1734,372.0,14111.0,2459.9375
4952,8.1305,8.5406,2.1431,8.367,372.0,14111.0,2459.9375
4953,8.3546,7.3115,1.9503,9.1333,371.0,14099.0,2459.9375
4954,9.2089,8.6826,2.1175,8.0049,377.0,14127.0,2459.9375
4955,7.9421,7.1504,2.0332,8.3139,376.0,14115.0,2459.9375
4956,8.4415,8.6955,2.2826,8.7423,382.0,14475.0,2459.9375
4957,8.6029,8.1695,1.9383,8.6393,387.0,18485.0,2459.9375
4958,8.6744,8.6397,2.2517,10.1489,381.0,19549.0,2459.9375
4959,10.1831,7.3941,2.1729,7.9465,387.0,15961.0,2459.9375
4960,7.8886,8.4189,2.7979,9.0781,411.0,16771.0,2459.9375
4961,9.1407,7.2977,2.6113,8.3962,406.0,18267.0,2459.9375
4962,8.3214,8.7926,2.7457,7.4983,408.0,15587.0,2459.9375
4963,7.4882,7.3348,1.9236,10.876,409.0,14651.0,2459.9375
4964,10.9553,7.6815,2.215,8.0659,408.0,15487.0,2459.9375
4965,8.0708,7.4016,2.791,8.2116,413.0,19986.0,2459.9375
4966,8.16,8.254,2.2296,8.3919,386.0,14999.0,2459.9375
4967,8.3623,7.3943,3.456,10.0961,399.0,17027.0,2459.9375
4968,10.0959,8.6685,3.0962,6.9618,374.0,14135.0,2459.9375
4969,7.0812,8.02,2.1457,9.099,371.0,14099.0,2459.9375
4970,8.9793,7.2383,2.1575,8.6895,413.0,19247.0,2459.9375
4971,8.7846,8.4009,2.8542,8.1136,411.0,18653.0,2459.9375
4972,8.0487,7.3379,2.2833,8.3833,413.0,19431.0,2459.9375
4973,8.398,8.3875,2.5069,8.8699,415.0,19294.0,2459.9375
4974,8.8408,7.6138,2.2893,8.2906,413.0,18620.0,2459.9375
4975,8.3719,8.4184,2.3962,8.2369,412.0,23840.0,2459.9375
4976,8.1171,7.2171,1.9773,7.4278,409.0,19522.0,2459.9375
4977,7.5395,8.2303,2.268,11.2872,408.0,17199.0,2459.9375
4978,11.2502,8.6843,2.4301,11.6488,408.0,30071.0,2459.9375
4979,11.7636,8.6843,3.6649,9.2302,408.0,38443.0,2459.9375
4980,9.102,7.5008,2.6228,7.1266,408.0,40779.0,2459.9375
4981,7.1932,8.2876,2.3285,10.7339,410.0,27755.0,2459.9375
4982,10.9949,7.7537,3.1373,11.7405,413.0,43487.0,2459.9375
4983,11.5005,7.7537,3.3537,8.8685,409.0,37687.0,2459.9375
4984,8.8206,8.4796,2.7637,7.6668,406.0,17843.0,2459.9375
4985,7.6467,7.5656,2.1316,7.6559,406.0,16247.0,2459.9375
4986,7.5994,8.2013,2.0344,8.1334,414.0,21807.0,2459.9375
4987,8.1362,7.3078,1.7072,7.9474,413.0,28735.0,2459.9375
4988,7.9856,8.0183,2.0777,8.5306,410.0,31619.0,2459.9375
4989,8.4945,7.2473,1.7897,7.914,412.0,22377.0,2459.9375
4990,7.9551,8.5271,1.9356,8.2007,411.0,20173.0,2459.9375
4991,8.1911,7.3062,1.7392,8.4053,411.0,19533.0,2459.9375
4992,8.4173,7.9743,1.7452,7.893,412.0,24611.0,2459.9375
4993,7.837,7.2705,1.4969,7.6449,410.0,14615.0,2459.9375
4994,7.7655,8.4886,2.2137,8.9953,408.0,14543.0,2459.9375
4995,8.8791,7.1128,1.708,8.749,409.0,17061.0,2459.9375
4996,8.7728,8.7436,2.1694,8.4128,407.0,17411.0,2459.9375
4997,8.4251,7.2921,1.7593,8.2675,411.0,18453.0,2459.9375
4998,8.2794,8.337,1.9868,8.1181,407.0,17535.0,2459.9375
4999,8.1485,7.3884,1.7496,8.6179,410.0,17031.0,2459.9375
5000,8.5395,8.3976,1.7126,8.0858,410.0,18151.0,2459.9375
5001,8.0906,7.1176,1.6507,8.7538,407.0,16445.0,2459.9375
5002,8.7342,8.7456,1.7421,8.338,415.0,18296.0,2459.9375
5003,8.3744,7.3311,1.7606,8.2284,414.0,16327.0,2459.9375
5004,8.2424,8.3282,1.6537,8.5883,414.0,16299.0,2459.9375
5005,8.5967,7.3764,1.6974,8.2202,410.0,16225.0,2459.9375
5006,8.2524,8.6084,2.2082,8.7869,411.0,19990.0,2459.9375
5007,8.725,7.1494,1.9166,10.1153,412.0,19229.0,2459.9375
5008,10.2545,8.5436,2.2284,9.008,409.0,21177.0,2459.9375
5009,8.9624,7.4344,2.4604,6.602,413.0,27985.0,2459.9375
5010,6.5343,8.417,2.1212,8.9588,410.0,19720.0,2459.9375
5011,8.9269,7.3177,1.7713,7.8862,409.0,23371.0,2459.9375
5012,7.9568,8.5997,2.1941,8.201,377.0,14363.0,2459.9375
5013,8.2132,7.1162,1.7897,8.2634,407.0,20063.0,2459.9375
5014,8.1853,8.4601,1.7911,8.5061,408.0,19291.0,2459.9375
5015,8.4831,7.3707,1.6008,7.8328,423.0,41207.0,2459.9375
5016,7.812,8.3139,1.6179,8.6882,410.0,29039.0,2459.9375
5017,8.7154,7.3202,1.5582,7.777,407.0,17487.0,2459.9375
5018,7.7831,8.4909,1.7403,10.7666,410.0,20337.0,2459.9375
5019,10.9141,7.1928,2.2271,9.0474,412.0,17231.0,2459.9375
5020,9.1686,8.7264,2.2669,7.0085,414.0,17987.0,2459.9375
5021,6.8476,7.4831,2.0031,10.2347,414.0,19807.0,2459.9375
5022,10.1758,8.3099,3.0438,7.584,410.0,16593.0,2459.9375
5023,7.6419,7.333,2.2648,8.6594,411.0,18341.0,2459.9375
5024,8.6098,8.7514,2.6786,7.1468,406.0,17605.0,2459.9375
5025,7.1136,7.1255,1.7598,8.969,409.0,18195.0,2459.9375
5026,8.9893,8.8439,2.0744,8.5503,409.0,16995.0,2459.9375
5027,8.5696,7.3711,1.7345,8.0911,408.0,16893.0,2459.9375
5028,8.098,8.3333,1.8655,7.9633,407.0,18911.0,2459.9375
5029,7.9807,7.3306,1.7814,9.7606,388.0,15487.0,2459.9375
5030,9.7285,8.6971,1.8087,7.0282,410.0,19563.0,2459.9375
5031,7.0759,7.147,1.6655,8.5427,408.0,25901.0,2459.9375
5032,8.5484,8.4042,1.8006,8.5286,411.0,24602.0,2459.9375
5033,8.5794,7.3274,1.7446,9.3252,411.0,20737.0,2459.9375
5034,9.2188,8.3903,1.7061,7.3832,416.0,33776.0,2459.9375
5035,7.3649,7.2613,1.7371,8.2207,415.0,23302.0,2459.9375
5036,8.2672,8.1347,1.8193,8.8131,415.0,24971.0,2459.9375
5037,8.9558,7.284,1.7682,8.0801,411.0,19201.0,2459.9375
5038,7.9163,8.7289,1.9992,8.5972,412.0,23709.0,2459.9375
5039,8.5992,7.3179,1.6455,8.6139,412.0,20293.0,2459.9375
5040,8.6167,7.8536,1.7931,7.8377,409.0,20099.0,2459.9375
5041,7.7616,7.2025,1.5555,8.1751,413.0,21198.0,2459.9375
5042,8.22,8.4781,1.7396,8.3046,406.0,18849.0,2459.9375
5043,8.3135,7.1227,1.6069,9.4092,413.0,23289.0,2459.9375
5044,9.4237,8.5658,1.7258,7.6306,409.0,22153.0,2459.9375
5045,7.6256,7.5394,1.6746,8.8565,410.0,19631.0,2459.9375
5046,8.8659,7.8342,1.8206,7.7802,401.0,18327.0,2459.9375
5047,7.791,7.3594,1.7504,9.1431,379.0,14947.0,2459.9375
5048,9.1364,7.6975,1.6089,7.392,372.0,14111.0,2459.9375
5049,7.3265,7.0801,1.7746,8.2162,372.0,14159.0,2459.9375
5050,8.2674,8.5483,2.0297,8.1772,378.0,14139.0,2459.9375
5051,8.2207,7.5356,1.675,9.495,388.0,14787.0,2459.9375
5052,9.4194,8.3097,1.678,7.4621,376.0,14115.0,2459.9375
5053,7.4772,7.3169,1.7357,8.8833,377.0,14149.0,2459.9375
5054,8.984,8.1693,2.0254,7.9055,376.0,14137.0,2459.9375
5055,7.829,7.0751,1.4975,9.0223,374.0,14113.0,2459.9375
5056,9.048,7.8704,1.7895,7.4497,372.0,14111.0,2459.9375
5057,7.3978,7.464,1.6302,9.2906,372.0,14111.0,2459.9375
5058,9.3313,7.414,1.8925,7.9494,374.0,14135.0,2459.9375
5059,7.9359,7.2819,1.5568,8.5391,374.0,14135.0,2459.9375
5060,8.5313,7.8521,1.7417,7.1783,373.0,14123.0,2459.9375
5061,7.1781,7.0743,1.6824,9.6125,373.0,14123.0,2459.9375
5062,9.6521,8.606,1.7806,7.7332,371.0,14099.0,2459.9375
5063,7.6285,7.3349,1.4625,9.4116,376.0,14159.0,2459.9375
5064,9.5245,8.9656,1.7765,7.3633,372.0,14111.0,2459.9375
5065,7.2889,7.084,1.5464,8.7801,373.0,14123.0,2459.9375
5066,8.8797,7.7865,1.7127,7.2823,383.0,14999.0,2459.9375
5067,7.2472,7.1093,1.6085,10.4263,389.0,19711.0,2459.9375
5068,10.4132,8.2786,1.7745,6.4901,384.0,17827.0,2459.9375
5069,6.4369,7.3581,1.6139,9.5963,386.0,15949.0,2459.9375
5070,9.6383,8.5343,1.8481,7.5242,411.0,16749.0,2459.9375
5071,7.5123,7.1107,1.65,9.6789,411.0,18305.0,2459.9375
5072,9.7599,7.8869,1.918,7.0955,409.0,15599.0,2459.9375
5073,7.1365,7.1508,1.8011,9.4375,408.0,14639.0,2459.9375
5074,9.4628,8.7745,2.243,7.5185,407.0,15475.0,2459.9375
5075,7.3628,7.5342,1.7903,9.6537,408.0,19926.0,2459.9375
5076,9.8156,7.2587,1.931,7.0907,392.0,15823.0,2459.9375
5077,6.9416,7.1367,1.7293,8.8884,392.0,16191.0,2459.9375
5078,8.9963,8.1377,1.8523,7.4266,373.0,14123.0,2459.9375
5079,7.4451,7.3626,1.8596,9.135,371.0,14099.0,2459.9375
5080,9.043,8.5464,1.9553,7.8544,409.0,19243.0,2459.9375
5081,7.9199,7.2964,1.6907,9.1485,408.0,18661.0,2459.9375
5082,9.0637,8.346,1.9086,7.3954,412.0,19419.0,2459.9375
5083,7.3859,7.1335,1.7306,9.0528,414.0,19260.0,2459.9375
5084,9.1657,8.1754,1.8109,7.2977,414.0,18610.0,2459.9375
5085,7.2814,7.3959,1.8335,9.4438,415.0,23876.0,2459.9375
5086,9.3937,8.6263,1.9517,7.6046,412.0,19536.0,2459.9375
5087,7.5438,7.3318,1.762,9.0727,409.0,17189.0,2459.9375
5088,9.16,8.4362,1.7195,7.7324,409.0,30083.0,2459.9375
5089,7.6547,7.1283,1.6441,8.9171,408.0,38443.0,2459.9375
5090,8.9768,8.3231,2.1242,7.5094,410.0,40803.0,2459.9375
5091,7.5272,7.4068,1.6279,8.8803,412.0,27779.0,2459.9375
5092,8.8368,7.5326,1.8091,8.3325,411.0,43463.0,2459.9375
5093,8.3807,7.3377,1.8754,8.959,409.0,37687.0,2459.9375
5094,8.961,8.1741,2.0679,7.1919,408.0,17867.0,2459.9375
5095,7.0967,7.2124,1.6321,8.4392,407.0,16259.0,2459.9375
5096,8.5446,8.0198,1.6896,7.4435,407.0,21767.0,2459.9375
5097,7.3779,7.1072,1.5641,9.4807,409.0,28731.0,2459.9375
5098,9.5664,8.3504,1.8519,7.2017,411.0,31631.0,2459.9375
5099,7.0985,7.3646,1.6646,9.2794,412.0,22355.0,2459.9375
5100,9.431,8.1136,1.8033,7.0291,412.0,20163.0,2459.9375
5101,6.9229,7.1571,1.4969,8.846,410.0,19521.0,2459.9375
5102,8.8429,8.2354,1.8197,7.6037,413.0,24601.0,2459.9375
5103,7.5621,7.1183,1.4881,9.634,411.0,14605.0,2459.9375
5104,9.6909,7.7553,1.664,7.2519,408.0,14543.0,2459.9375
5105,7.3248,7.3081,1.6653,8.147,408.0,17049.0,2459.9375
5106,8.0364,8.2063,1.6207,7.9426,408.0,17423.0,2459.9375
5107,7.9665,7.1375,1.5666,8.5117,411.0,18453.0,2459.9375
5108,8.4898,7.9803,1.782,7.7709,407.0,17535.0,2459.9375
5109,7.7545,7.1359,1.5826,8.7209,410.0,17031.0,2459.9375
5110,8.7751,8.7423,1.758,8.2525,409.0,18139.0,2459.9375
5111,8.1954,7.2899,1.6974,8.4093,407.0,16445.0,2459.9375
5112,8.4599,8.1401,1.6776,7.6769,412.0,18304.0,2459.9375
5113,7.6219,7.0865,1.6386,8.4157,409.0,16311.0,2459.9375
5114,8.4289,8.4674,1.6365,8.0893,413.0,16287.0,2459.9375
5115,8.1402,7.1344,1.9608,10.1851,412.0,16227.0,2459.9375
5116,10.199,8.5544,1.8943,7.1242,414.0,20004.0,2459.9375
5117,7.1345,7.3262,1.6768,8.7188,411.0,19217.0,2459.9375
5118,8.7976,8.413,1.7702,8.2326,409.0,21155.0,2459.9375
5119,8.0456,7.1371,1.5181,7.5345,417.0,28011.0,2459.9375
5120,7.5788,8.3953,1.597,8.9222,407.0,19684.0,2459.9375
5121,8.9099,7.088,1.5463,7.9326,409.0,23371.0,2459.9375
5122,7.9736,8.5898,1.7841,8.2135,380.0,14399.0,2459.9375
5123,8.2224,7.308,1.6199,8.4347,408.0,20075.0,2459.9375
5124,8.5281,8.4054,1.7367,8.3525,408.0,19291.0,2459.9375
5125,8.2228,7.1484,1.7364,7.7304,423.0,41207.0,2459.9375
5126,7.718,8.571,1.9733,9.1396,411.0,29051.0,2459.9375
5127,9.1922,7.1187,1.6381,9.0064,408.0,17499.0,2459.9375
5128,9.006,9.1016,1.6301,9.1399,408.0,20357.0,2459.9375
5129,9.1893,7.3431,1.6805,7.3279,408.0,17227.0,2459.9375
5130,7.3228,9.036,1.752,9.3321,411.0,17951.0,2459.9375
5131,9.2281,7.475,1.5036,9.1841,413.0,19773.0,2459.9375
5132,9.2774,8.4332,1.8802,8.948,411.0,16583.0,2459.9375
5133,8.9027,7.1879,1.7115,9.9113,408.0,18305.0,2459.9375
5134,9.9434,9.4204,2.1057,7.8725,409.0,17619.0,2459.9375
5135,7.8657,8.6351,2.0441,9.4711,411.0,18197.0,2459.9375
5136,9.4848,7.5575,2.0176,7.1776,409.0,16995.0,2459.9375
5137,7.2769,9.316,2.2085,10.0422,406.0,16869.0,2459.9375
5138,9.9568,7.183,1.8944,8.2138,410.0,18947.0,2459.9375
5139,8.2188,9.4168,2.0305,9.5872,389.0,15499.0,2459.9375
5140,9.5544,7.5717,1.7686,8.2768,408.0,19539.0,2459.9375
5141,8.3305,9.1796,1.7784,9.1085,411.0,25937.0,2459.9375
5142,9.0233,7.3579,1.6244,8.2596,415.0,24650.0,2459.9375
5143,8.3011,8.4727,1.8249,8.818,411.0,20737.0,2459.9375
5144,8.8031,8.4595,1.8951,9.2866,413.0,33784.0,2459.9375
5145,9.2592,8.4053,1.7941,9.1356,409.0,23274.0,2459.9375
5146,9.1914,8.5065,1.7896,7.8253,417.0,24995.0,2459.9375
5147,7.8773,8.1672,1.6857,9.872,411.0,19179.0,2459.9375
5148,9.7876,8.4835,1.8257,8.925,415.0,23723.0,2459.9375
5149,8.9862,8.2829,2.1036,9.0012,409.0,20257.0,2459.9375
5150,8.962,8.8662,2.0646,8.7398,410.0,20089.0,2459.9375
5151,8.7361,7.4948,1.9942,8.228,413.0,21176.0,2459.9375
5152,8.3173,9.3342,2.2336,9.9551,412.0,18921.0,2459.9375
5153,9.9047,8.2756,1.8717,8.8215,414.0,23301.0,2459.9375
5154,8.7076,8.1737,1.8082,8.5826,408.0,22141.0,2459.9375
5155,8.6976,8.3358,1.8218,8.8364,411.0,19643.0,2459.9375
5156,8.7302,8.3302,1.6567,8.9278,400.0,18363.0,2459.9375
5157,8.9023,8.0958,1.3045,7.8309,377.0,14875.0,2459.9375
5158,7.8812,8.362,1.5088,9.2785,372.0,14111.0,2459.9375
5159,9.2885,7.5594,1.5714,7.4087,375.0,14195.0,2459.9375
5160,7.427,7.9064,1.8057,8.7839,373.0,14123.0,2459.9375
5161,8.7634,7.657,1.6376,8.5323,383.0,14771.0,2459.9375
5162,8.5484,8.3909,1.7028,8.9716,375.0,14103.0,2459.9375
5163,8.98,8.0942,1.8073,8.3686,376.0,14115.0,2459.9375
5164,8.3612,8.2101,1.8289,8.2592,375.0,14103.0,2459.9375
5165,8.2865,7.6971,1.7915,8.241,373.0,14101.0,2459.9375
5166,8.2342,7.8802,1.6785,8.4726,372.0,14089.0,2459.9375
5167,8.4852,7.5318,1.5303,8.147,373.0,14101.0,2459.9375
5168,8.129,8.1233,1.7816,8.8376,371.0,14099.0,2459.9375
5169,8.8118,7.5095,1.6483,8.3214,376.0,14159.0,2459.9375
5170,8.2685,8.4847,1.736,8.6511,375.0,14147.0,2459.9375
5171,8.6666,7.4295,1.6154,7.606,371.0,14099.0,2459.9375
5172,7.6801,8.2617,1.9465,8.6801,373.0,14123.0,2459.9375
5173,8.7693,7.683,1.8046,8.7734,370.0,14087.0,2459.9375
5174,8.6512,7.9621,1.7003,8.8017,374.0,14135.0,2459.9375
5175,8.8134,7.6185,1.8116,7.5865,372.0,14111.0,2459.9375
5176,7.6157,8.4589,1.9184,9.0716,380.0,15519.0,2459.9375
5177,9.0594,7.4477,1.7349,7.8186,386.0,19255.0,2459.9375
5178,7.7877,7.6286,1.5564,8.7408,381.0,18325.0,2459.9375
5179,8.8136,7.157,1.7236,7.9261,390.0,15393.0,2459.9375
5180,7.854,8.7757,1.7687,9.1201,411.0,16727.0,2459.9375
5181,9.1411,7.374,1.745,7.8211,408.0,18269.0,2459.9375
5182,7.9603,8.0681,1.6493,8.8471,410.0,15589.0,2459.9375
5183,8.6939,7.138,1.7098,7.8242,410.0,14641.0,2459.9375
5184,7.9048,7.823,1.6551,8.3517,408.0,15487.0,2459.9375
5185,8.3691,7.6879,1.6212,7.8997,409.0,19938.0,2459.9375
5186,7.8508,9.3282,1.4473,9.6364,400.0,16159.0,2459.9375
5187,9.6302,7.3005,1.8077,7.5692,387.0,15891.0,2459.9375
5188,7.5129,7.8158,1.3846,8.9474,374.0,14135.0,2459.9375
5189,9.0052,7.1349,1.5776,7.7466,372.0,14111.0,2459.9375
5190,7.7124,7.9266,1.5126,9.1055,411.0,19267.0,2459.9375
5191,9.1313,7.6465,1.9138,7.9503,407.0,18649.0,2459.9375
5192,7.9135,9.0112,1.9105,9.0311,406.0,19391.0,2459.9375
5193,9.0534,7.3374,1.8457,8.828,411.0,19268.0,2459.9375
5194,8.8923,8.4747,1.8502,8.0303,415.0,18622.0,2459.9375
5195,8.098,7.295,1.5974,9.0291,418.0,23890.0,2459.9375
5196,8.9743,8.3641,1.6799,7.7179,414.0,19538.0,2459.9375
5197,7.7201,7.1674,1.5676,9.5838,410.0,17201.0,2459.9375
5198,9.5354,8.94,1.7377,7.3519,410.0,30073.0,2459.9375
5199,7.2977,7.8935,1.5731,9.2329,412.0,38469.0,2459.9375
5200,9.3071,7.5536,1.7254,7.3041,411.0,40815.0,2459.9375
5201,7.2269,7.324,1.5219,9.1039,410.0,27755.0,2459.9375
5202,9.1494,7.5972,1.6062,7.1081,414.0,43499.0,2459.9375
5203,7.0682,7.3004,1.5763,9.9374,414.0,37747.0,2459.9375
5204,10.0015,8.5281,1.7104,7.2374,407.0,17855.0,2459.9375
5205,7.1476,7.3506,1.4535,9.3503,407.0,16259.0,2459.9375
5206,9.4104,7.5037,1.9949,7.7249,409.0,21791.0,2459.9375
5207,7.7017,7.5142,1.5674,8.4083,409.0,28731.0,2459.9375
5208,8.4561,8.0914,1.8444,7.5887,411.0,31675.0,2459.9375
5209,7.5299,7.1221,1.3519,9.2369,408.0,22351.0,2459.9375
5210,9.3131,8.7833,1.7147,8.1171,413.0,20175.0,2459.9375
5211,8.1115,7.2962,1.5214,8.5158,412.0,19523.0,2459.9375
5212,8.4962,7.1089,1.6845,8.0419,419.0,24651.0,2459.9375
5213,8.0233,7.9134,1.7719,8.7328,409.0,14581.0,2459.9375
5214,8.7394,8.1367,1.684,7.835,411.0,14557.0,2459.9375
5215,7.8128,7.1604,1.7449,9.042,411.0,17063.0,2459.9375
5216,9.0713,8.6856,1.6864,7.9739,408.0,17423.0,2459.9375
5217,7.9944,7.3209,1.7255,8.1926,411.0,18453.0,2459.9375
5218,8.2666,7.4319,1.7628,7.8708,407.0,17535.0,2459.9375
5219,7.7724,7.5153,1.8083,9.1468,409.0,17019.0,2459.9375
5220,9.1627,8.2532,1.7843,7.5259,411.0,18163.0,2459.9375
5221,7.4953,7.1125,1.4937,9.734,410.0,16481.0,2459.9375
5222,9.751,8.8897,1.7043,7.4532,409.0,18268.0,2459.9375
5223,7.4501,7.5599,1.5577,8.5907,407.0,16287.0,2459.9375
5224,8.6056,7.9315,1.6668,7.691,406.0,16247.0,2459.9375
5225,7.671,7.4924,1.649,9.4439,407.0,16211.0,2459.9375
5226,9.4823,8.242,1.8286,7.2461,414.0,20004.0,2459.9375
5227,7.1901,7.199,1.602,9.2431,413.0,19219.0,2459.9375
5228,9.3808,8.3114,1.6418,7.672,412.0,21169.0,2459.9375
5229,7.5571,8.7299,1.7634,9.6996,416.0,27999.0,2459.9375
5230,9.7459,7.2287,1.7999,7.3284,411.0,19710.0,2459.9375
5231,7.3066,8.7171,1.9144,9.1347,410.0,23361.0,2459.9375
5232,9.116,7.6354,1.9032,7.4505,375.0,14339.0,2459.9375
5233,7.4354,7.8272,1.5933,9.8566,408.0,20075.0,2459.9375
5234,9.8816,7.6988,1.6994,6.9818,411.0,19327.0,2459.9375
5235,6.9598,8.0809,1.7393,9.4204,424.0,41219.0,2459.9375
5236,9.4349,7.6086,1.9435,7.2481,410.0,29039.0,2459.9375
5237,7.302,8.2632,1.5582,9.2228,409.0,17511.0,2459.9375
5238,9.2075,7.5331,1.7664,7.7973,408.0,20357.0,2459.9375
5239,7.8025,8.3498,1.6781,8.9534,410.0,17251.0,2459.9375
5240,8.9127,7.7662,1.9884,8.178,410.0,17983.0,2459.9375
5241,8.248,8.0848,1.7978,8.4758,406.0,19733.0,2459.9375
5242,8.4815,7.472,1.9645,7.5711,412.0,16595.0,2459.9375
5243,7.5324,8.056,1.5545,9.0608,412.0,18331.0,2459.9375
5244,9.0046,7.1687,1.6334,7.8601,410.0,17609.0,2459.9375
5245,7.9051,7.9628,1.6096,9.0216,409.0,18173.0,2459.9375
5246,9.0137,7.946,1.9979,7.9827,411.0,16997.0,2459.9375
5247,7.9586,8.107,1.8392,8.9956,409.0,16883.0,2459.9375
5248,9.0074,7.4554,1.6282,7.779,408.0,18923.0,2459.9375
5249,7.7432,8.0756,1.6957,8.7428,387.0,15475.0,2459.9375
5250,8.8477,7.6376,1.9164,7.8671,409.0,19551.0,2459.9375
5251,7.7566,8.2454,1.8886,9.6128,408.0,25901.0,2459.9375
5252,9.6632,7.359,1.6447,6.7806,414.0,24638.0,2459.9375
5253,6.8496,8.4654,1.7656,9.0007,412.0,20749.0,2459.9375
5254,8.924,7.1488,1.7806,7.4525,411.0,33760.0,2459.9375
5255,7.4085,7.8483,1.4601,9.1507,410.0,23286.0,2459.9375
5256,9.2289,7.788,1.7505,8.0122,414.0,25003.0,2459.9375
5257,7.9659,8.2353,1.8014,9.2301,407.0,19175.0,2459.9375
5258,9.2525,7.3773,1.7569,7.4429,414.0,23711.0,2459.9375
5259,7.5619,8.6518,1.8317,9.5098,411.0,20259.0,2459.9375
5260,9.407,7.6209,1.9365,7.2882,413.0,20103.0,2459.9375
5261,7.2299,7.9495,1.6713,8.8909,413.0,21176.0,2459.9375
5262,8.9636,7.1607,1.9938,7.7752,412.0,18899.0,2459.9375
5263,7.7393,8.2173,1.8276,9.4677,416.0,23303.0,2459.9375
5264,9.4788,7.54,1.8428,7.0874,408.0,22141.0,2459.9375
5265,7.0499,8.2614,1.6417,9.568,411.0,19643.0,2459.9375
5266,9.6474,7.8196,2.0541,7.2206,400.0,18363.0,2459.9375
5267,7.159,7.8738,1.9265,8.794,376.0,14863.0,2459.9375
5268,8.8387,7.2154,1.926,8.0105,373.0,14123.0,2459.9375
5269,7.9684,8.8135,1.9135,9.4342,373.0,14171.0,2459.9375
5270,9.5069,7.8952,1.9752,7.6349,373.0,14123.0,2459.9375
5271,7.5969,8.2443,1.8651,9.1132,386.0,14807.0,2459.9375
5272,9.0869,7.1435,1.8193,7.2608,372.0,14111.0,2459.9375
5273,7.2671,7.8887,1.5697,9.0601,372.0,14111.0,2459.9375
5274,9.0818,7.125,1.7722,7.9284,376.0,14115.0,2459.9375
5275,7.9251,8.3974,2.1688,9.2909,375.0,14103.0,2459.9375
5276,9.286,8.0838,2.234,8.0458,375.0,14103.0,2459.9375
5277,8.0617,8.08,1.73,8.6329,374.0,14113.0,2459.9375
5278,8.6179,7.4235,1.6628,7.547,374.0,14113.0,2459.9375
5279,7.5421,7.9944,1.7946,11.2308,444.0,36347.0,2462.3125
5280,11.2958,7.5889,2.3125,7.1315,260.0,11491.0,2462.3125
5281,7.4815,9.7348,2.5134,9.5051,265.0,10951.0,2462.3125
5282,9.1148,7.8558,1.8283,8.5502,283.0,12079.0,2462.3125
5283,8.5642,8.7173,1.7418,8.6223,256.0,10411.0,2462.3125
5284,8.6421,7.5742,1.461,7.6728,258.0,10435.0,2462.3125
5285,7.6533,8.698,1.7222,9.2167,257.0,10423.0,2459.9375
5286,9.2164,7.4502,1.6967,8.4921,256.0,10411.0,2459.9375
5287,8.4542,9.075,1.6758,9.0345,257.0,10423.0,2459.9375
5288,9.0698,7.6422,1.565,8.6707,256.0,10411.0,2459.9375
5289,8.7106,8.72,1.9259,8.6531,263.0,12519.0,2459.9375
5290,8.5735,7.4674,1.7984,8.4696,273.0,14543.0,2459.9375
5291,8.4626,7.7925,1.8043,8.5054,265.0,12375.0,2459.9375
5292,8.5707,7.4486,1.6744,9.11,269.0,10927.0,2459.9375
5293,9.0776,9.0001,1.5813,8.1359,295.0,13069.0,2459.9375
5294,8.1359,7.6788,1.4853,9.6259,295.0,14029.0,2459.9375
5295,9.6053,8.2788,1.6146,7.6702,295.0,11069.0,2459.9375
5296,7.6552,8.21,1.5141,9.2239,293.0,10971.0,2459.9375
5297,9.292,7.7456,1.734,7.5792,295.0,14282.0,2459.9375
5298,7.573,8.3545,1.6216,9.9955,257.0,10443.0,2331.9375
5299,10.0323,8.2548,1.7102,7.7134,259.0,10467.0,2331.9375
5300,7.6489,8.5588,1.6458,9.1173,258.0,10455.0,2331.9375
5301,9.1612,7.5804,1.6799,7.4945,293.0,15853.0,2331.9375
5302,7.4166,8.3676,1.6325,9.2413,294.0,15763.0,2331.9375
5303,9.2584,7.4207,1.8031,7.9619,293.0,14939.0,2331.9375
5304,8.0685,8.8557,1.9055,9.5906,296.0,15360.0,2331.9375
5305,9.5369,7.6238,1.9174,8.4146,297.0,22041.0,2331.9375
5306,8.3898,9.0826,1.9125,8.9868,299.0,13095.0,2331.9375
5307,9.0429,7.6067,1.7027,8.7999,299.0,15870.0,2331.9375
5308,8.7815,8.3804,1.7615,8.34,297.0,13535.0,2331.9375
5309,8.3356,8.0835,1.8687,9.2562,296.0,37497.0,2331.9375
5310,9.2152,8.7644,1.8348,8.8658,296.0,32229.0,2331.9375
5311,8.8303,7.6963,1.8039,7.7606,297.0,33549.0,2331.9375
5312,7.8067,8.5128,1.751,9.0815,295.0,22655.0,2331.9375
5313,9.161,7.6103,1.7156,7.8762,299.0,39523.0,2331.9375
5314,7.7678,8.7975,1.5655,9.0673,295.0,30839.0,2331.9375
5315,9.1295,7.4707,1.6859,8.4662,293.0,14199.0,2331.9375
5316,8.4214,8.9242,1.6678,8.3784,294.0,14387.0,2331.9375
5317,8.3645,7.593,1.566,9.0262,294.0,20263.0,2331.9375
5318,9.0759,8.8915,2.1165,8.5364,294.0,24451.0,2331.9375
5319,8.4854,7.4518,1.7287,8.6974,294.0,26251.0,2331.9375
5320,8.832,8.8905,1.8525,8.7751,293.0,17115.0,2331.9375
5321,8.6934,7.7839,1.6073,9.289,294.0,16967.0,2331.9375
5322,9.3317,8.544,1.9264,8.1131,299.0,14131.0,2331.9375
5323,8.0575,8.6721,1.8911,9.8373,297.0,10879.0,2331.9375
5324,9.8419,8.6415,1.8932,8.803,297.0,10975.0,2331.9375
5325,8.877,9.109,2.125,9.4579,296.0,12457.0,2331.9375
5326,9.3835,7.8012,1.7643,8.8299,298.0,14209.0,2331.9375
5327,8.8401,8.5716,1.7383,9.1738,296.0,13457.0,2331.9375
5328,9.1803,7.9994,1.7183,8.9906,293.0,14247.0,2331.9375
5329,9.0571,8.776,1.9191,9.0377,294.0,12887.0,2331.9375
5330,8.9675,7.8697,2.0247,8.1589,294.0,12643.0,2331.9375
5331,8.1493,8.3105,1.953,9.7281,294.0,12595.0,2331.9375
5332,9.7515,7.9072,2.1237,9.6608,296.0,14466.0,2331.9375
5333,9.6815,9.9223,2.2822,8.9441,293.0,12603.0,2331.9375
5334,8.9508,10.1094,2.1036,9.9333,293.0,13055.0,2331.9375
5335,10.1146,7.7921,2.3171,7.6558,294.0,16284.0,2331.9375
5336,7.3973,8.5349,1.9153,9.9548,293.0,14865.0,2331.9375
5337,9.9716,7.7905,1.8867,8.1001,295.0,18651.0,2331.9375
5338,8.1493,9.1058,1.9728,9.8574,301.0,19925.0,2331.9375
5339,9.784,7.846,1.6894,8.2012,297.0,18571.0,2331.9375
5340,8.1938,9.1767,1.7152,9.0481,285.0,14966.0,2331.9375
5341,9.0214,7.8048,1.4624,9.2647,295.0,16169.0,2331.9375
5342,9.38,8.9682,1.6299,8.4737,301.0,22601.0,2331.9375
5343,8.4527,7.8237,1.7277,8.8921,307.0,32271.0,2331.9375
5344,9.1424,9.0263,1.897,8.8332,297.0,17241.0,2331.9375
5345,8.5302,7.8358,1.5976,10.2938,294.0,16087.0,2331.9375
5346,10.356,9.1427,1.8339,7.5317,293.0,13865.0,2331.9375
5347,7.5303,8.5395,1.6233,10.3609,293.0,14291.0,2331.9375
5348,10.3318,8.1617,1.6935,7.1801,294.0,15943.0,2331.9375
5349,7.1863,8.9615,1.4529,9.9765,286.0,12503.0,2331.9375
5350,9.9674,7.8239,1.8699,8.2675,290.0,14479.0,2331.9375
5351,8.3837,9.2564,2.0465,9.9483,294.0,14929.0,2331.9375
5352,9.923,7.8097,1.9598,8.4927,294.0,14537.0,2331.9375
5353,8.3854,8.9432,1.9466,9.0529,293.0,14935.0,2331.9375
5354,9.0618,7.7941,1.7207,8.9243,266.0,10699.0,2331.9375
5355,8.979,9.2073,1.7437,8.6113,299.0,15523.0,2331.9375
5356,8.543,7.8305,1.7868,8.7473,298.0,22827.0,2331.9375
5357,8.7677,9.0536,1.6969,9.0393,302.0,22095.0,2331.9375
5358,9.0215,7.838,1.6883,8.5242,297.0,22940.0,2331.9375
5359,8.5778,9.0401,1.787,9.2763,290.0,22574.0,2331.9375
5360,9.2811,8.7246,1.7244,10.0935,293.0,17807.0,2331.9375
5361,10.1143,7.8328,1.7448,7.6836,293.0,17869.0,2331.9375
5362,7.6437,8.9165,1.9459,9.6564,294.0,19707.0,2331.9375
5363,9.6715,7.7922,2.0856,8.2176,293.0,17107.0,2331.9375
5364,8.2295,9.0731,2.0599,9.7067,295.0,16527.0,2331.9375
5365,9.6836,7.7135,2.0022,8.5481,295.0,16549.0,2331.9375
5366,8.4818,9.1806,1.8075,8.8523,293.0,15851.0,2331.9375
5367,8.9075,7.756,1.7056,8.3129,299.0,19037.0,2331.9375
5368,8.3329,8.906,1.9842,9.2338,294.0,16829.0,2331.9375
5369,9.2744,7.8195,1.703,8.3792,296.0,18227.0,2331.9375
5370,8.3169,8.936,1.8367,9.7227,292.0,14831.0,2331.9375
5371,9.7033,7.8203,1.6367,8.0162,267.0,11223.0,2331.9375
5372,8.0397,9.2047,1.9377,9.2503,261.0,10447.0,2331.9375
5373,9.2508,7.7737,1.775,9.385,260.0,10505.0,2331.9375
5374,9.3222,9.1908,1.3896,8.3188,260.0,10457.0,2331.9375
5375,8.3698,8.4609,1.3918,9.3016,271.0,11117.0,2331.9375
5376,9.336,7.816,1.6136,8.3088,257.0,10443.0,2331.9375
5377,8.2385,8.7114,1.5253,9.8036,258.0,10455.0,2331.9375
5378,9.8536,7.8988,1.7003,7.8815,257.0,10443.0,2331.9375
5379,7.8874,8.4615,1.8109,9.5869,258.0,10455.0,2331.9375
5380,9.5904,7.8236,1.8589,8.4681,258.0,10455.0,2331.9375
5381,8.4719,9.28,1.9639,9.5136,257.0,10443.0,2331.9375
5382,9.4971,7.7631,1.7109,8.2933,259.0,10467.0,2331.9375
5383,8.3255,9.1502,1.7364,9.81,297.0,16345.0,2331.9375
5384,9.7704,7.7792,1.8116,8.6986,294.0,14465.0,2331.9375
5385,8.7493,8.9564,1.7182,8.7007,297.0,16748.0,2331.9375
5386,8.6959,7.8367,1.8263,8.9542,298.0,14843.0,2331.9375
5387,8.9199,8.9265,1.8912,9.594,292.0,15450.0,2331.9375
5388,9.5804,7.8322,1.7881,9.014,299.0,13639.0,2331.9375
5389,9.0545,9.187,1.8272,8.5813,295.0,15251.0,2331.9375
5390,8.6308,8.6719,1.7774,9.3948,267.0,10925.0,2331.9375
5391,9.3094,8.1578,1.8513,8.064,263.0,10685.0,2331.9375
5392,8.1026,8.7905,2.0031,9.8142,257.0,10443.0,2331.9375
5393,9.8554,8.2345,2.0515,8.447,288.0,14111.0,2331.9375
5394,8.4251,8.5542,1.8147,8.8591,258.0,10455.0,2331.9375
5395,8.8292,8.3749,1.9422,9.0666,257.0,10443.0,2331.9375
5396,9.1138,9.0015,1.8102,9.2003,257.0,10443.0,2331.9375
5397,9.1619,7.8116,1.6578,8.0964,258.0,10455.0,2331.9375
5398,8.1042,9.3327,1.7215,9.3889,259.0,10467.0,2331.9375
5399,9.3372,7.7626,1.7796,8.6279,257.0,10443.0,2331.9375
5400,8.687,9.1723,1.7054,9.3616,267.0,14371.0,2331.9375
5401,9.2962,7.8051,1.6417,9.4561,269.0,14539.0,2331.9375
5402,9.5336,8.5494,2.1254,8.0104,266.0,10699.0,2331.9375
5403,7.9858,8.8441,2.0215,9.6904,268.0,10819.0,2331.9375
5404,9.7354,7.815,2.0034,8.575,297.0,13071.0,2331.9375
5405,8.5467,9.8307,2.0969,9.965,296.0,14041.0,2331.9375
5406,9.9677,7.8526,1.9933,8.4786,296.0,11081.0,2331.9375
5407,8.4677,8.984,1.8944,9.2752,296.0,10985.0,2331.9375
5408,9.3382,7.8275,1.7425,8.9439,295.0,14282.0,2331.9375
5409,8.8839,9.207,1.8769,8.4606,257.0,10443.0,2331.9375
5410,8.4113,7.8399,1.7266,9.3437,257.0,10443.0,2331.9375
5411,9.4268,9.0536,1.7899,8.5122,258.0,10455.0,2331.9375
5412,8.4626,7.7034,1.5626,9.3271,293.0,15853.0,2331.9375
5413,9.3938,9.1673,2.0335,8.709,294.0,15763.0,2331.9375
5414,8.6906,7.8035,1.6931,9.5557,293.0,14939.0,2331.9375
5415,9.4826,8.7375,1.5687,8.2542,295.0,15348.0,2331.9375
5416,8.2517,7.7977,1.5076,9.554,297.0,22041.0,2331.9375
5417,9.6338,8.9369,1.9528,8.1126,293.0,13067.0,2331.9375
5418,8.0632,9.3369,2.0452,9.913,300.0,15882.0,2331.9375
5419,9.9231,7.8018,1.9198,8.5971,297.0,13535.0,2331.9375
5420,8.5941,9.0732,1.631,9.527,299.0,37511.0,2331.9375
5421,9.5314,7.8546,1.9781,8.876,296.0,32229.0,2331.9375
5422,8.8571,9.0894,1.9041,8.7247,296.0,33537.0,2331.9375
5423,8.739,7.8326,1.8101,8.566,296.0,22645.0,2331.9375
5424,8.6368,9.0201,1.9183,9.172,297.0,39499.0,2331.9375
5425,9.0774,7.7808,1.742,8.5564,295.0,30839.0,2331.9375
5426,8.6049,8.7362,1.7784,8.7743,293.0,14199.0,2331.9375
5427,8.7677,7.764,1.7196,9.1426,293.0,14375.0,2331.9375
5428,9.1645,9.3089,1.8354,8.0572,293.0,20251.0,2331.9375
5429,8.0465,8.015,1.669,10.153,293.0,24439.0,2331.9375
5430,10.1715,8.7546,1.789,7.741,293.0,26239.0,2331.9375
5431,7.6734,7.8406,1.6216,9.9681,294.0,17127.0,2331.9375
5432,9.9926,7.8148,1.7906,7.7422,293.0,16955.0,2331.9375
5433,7.6944,8.767,1.6864,9.7479,294.0,14115.0,2331.9375
5434,9.8581,7.8024,1.8349,7.7788,298.0,10891.0,2331.9375
5435,7.8441,9.0039,1.8425,9.7256,297.0,10975.0,2331.9375
5436,9.594,7.8789,1.8792,9.162,299.0,12471.0,2331.9375
5437,9.1598,8.9911,1.9247,8.8602,296.0,14185.0,2331.9375
5438,8.9079,7.8384,1.8519,8.8098,295.0,13445.0,2331.9375
5439,8.8081,8.8685,1.7711,8.9459,297.0,14273.0,2331.9375
5440,8.901,7.7783,1.6789,8.738,295.0,12899.0,2331.9375
5441,8.742,9.1014,1.8243,8.505,294.0,12643.0,2331.9375
5442,8.6169,7.8165,1.8607,9.3439,295.0,12607.0,2331.9375
5443,9.2189,8.5484,1.62,8.4046,295.0,14454.0,2331.9375
5444,8.387,8.24,1.6804,9.802,293.0,12603.0,2331.9375
5445,9.8196,9.6296,1.7866,8.5458,293.0,13055.0,2331.9375
5446,8.6049,8.5124,1.639,9.5067,294.0,16284.0,2331.9375
5447,9.4768,8.0538,2.0149,8.1668,293.0,14865.0,2331.9375
5448,8.1613,8.545,1.9219,9.0849,297.0,18675.0,2331.9375
5449,9.0774,8.391,2.028,9.0007,296.0,19909.0,2331.9375
5450,9.0181,9.0596,1.9565,9.0291,297.0,18571.0,2331.9375
5451,9.0361,7.809,1.8538,8.8424,285.0,14966.0,2331.9375
5452,8.896,9.2029,1.9173,9.0303,297.0,16171.0,2331.9375
5453,8.9749,7.8209,1.6793,8.743,301.0,22601.0,2331.9375
5454,8.7566,8.9679,1.7964,9.4005,306.0,32259.0,2331.9375
5455,9.3807,7.8444,1.8698,8.6601,298.0,17231.0,2331.9375
5456,8.6562,8.272,1.7764,8.6874,293.0,16075.0,2331.9375
5457,8.6607,7.7904,1.6076,9.6317,295.0,13889.0,2331.9375
5458,9.6599,9.0505,1.8261,8.1879,295.0,14315.0,2331.9375
5459,8.1843,8.6384,1.5958,9.9466,293.0,15931.0,2331.9375
5460,9.9508,7.8916,1.7546,7.8116,287.0,12563.0,2331.9375
5461,7.7871,8.7675,1.9826,9.7335,293.0,14563.0,2331.9375
5462,9.8027,8.2068,2.0862,8.3442,293.0,14917.0,2331.9375
5463,8.3147,8.7232,1.9209,9.8337,293.0,14525.0,2331.9375
5464,9.8059,8.2109,1.7225,8.4192,290.0,14803.0,2331.9375
5465,8.5042,8.9019,1.6772,8.9328,263.0,10755.0,2331.9375
5466,8.8432,7.7725,1.6172,9.8545,298.0,15511.0,2331.9375
5467,9.9098,8.8135,1.9119,8.8564,298.0,22827.0,2331.9375
5468,8.8592,7.9158,1.9041,8.4745,305.0,22109.0,2331.9375
5469,8.5165,8.5553,2.0647,9.0772,297.0,22940.0,2331.9375
5470,9.2644,7.8984,2.3424,8.537,291.0,22634.0,2331.9375
5471,8.3776,9.7257,2.1182,10.3558,297.0,17833.0,2331.9375
5472,10.2664,9.1507,2.0695,9.5396,294.0,19569.0,2331.9375
5473,9.5441,7.8019,1.9976,7.4362,293.0,18007.0,2331.9375
5474,7.4097,9.3427,1.7806,10.5165,293.0,17107.0,2331.9375
5475,10.5209,7.81,2.1008,8.4589,294.0,16515.0,2331.9375
5476,8.4818,9.185,1.9342,9.4749,294.0,16537.0,2331.9375
5477,9.4481,7.8431,1.9302,8.6959,294.0,15863.0,2331.9375
5478,8.7011,9.1704,1.7425,8.8085,300.0,19583.0,2331.9375
5479,8.7952,7.8161,1.9161,8.9826,295.0,16307.0,2331.9375
5480,9.0412,9.1278,1.7756,8.4339,294.0,18203.0,2331.9375
5481,8.3873,7.741,1.7065,9.5459,284.0,14683.0,2331.9375
5482,9.5884,9.2136,1.6728,8.6633,266.0,11211.0,2331.9375
5483,8.6477,8.5842,1.5776,9.5774,261.0,10447.0,2331.9375
5484,9.6014,8.1623,1.6757,7.9325,262.0,10507.0,2331.9375
5485,7.9009,8.9197,1.6842,9.4073,259.0,10445.0,2331.9375
5486,9.4269,7.7703,1.99,8.3876,270.0,11105.0,2331.9375
5487,8.417,9.0755,1.8934,9.6958,259.0,10445.0,2331.9375
5488,9.6396,7.8011,1.8281,7.9541,257.0,10443.0,2331.9375
5489,7.992,9.4458,1.8613,10.363,258.0,10455.0,2331.9375
5490,10.3754,7.8196,1.7452,8.0879,257.0,10443.0,2331.9375
5491,8.0316,8.8495,1.769,8.8817,258.0,10455.0,2331.9375
5492,8.8818,7.783,1.7018,8.829,257.0,10443.0,2331.9375
5493,8.8509,9.1139,1.7123,9.0448,257.0,10443.0,2331.9375
5494,9.026,7.7443,1.5802,8.9986,299.0,16369.0,2331.9375
5495,9.0645,9.1212,1.8431,8.7686,293.0,14453.0,2331.9375
5496,8.6843,7.8025,1.6895,10.0953,297.0,16748.0,2331.9375
5497,10.1338,8.6936,1.8171,7.6203,293.0,14827.0,2331.9375
5498,7.6567,9.0596,1.6114,9.9934,295.0,15630.0,2331.9375
5499,9.9933,7.8006,1.7376,7.966,297.0,13773.0,2331.9375
5500,7.886,9.3505,1.7376,10.4984,295.0,14975.0,2331.9375
5501,10.5477,7.7873,1.9535,7.5192,270.0,11105.0,2331.9375
5502,7.6287,9.1836,2.0135,9.699,260.0,10457.0,2331.9375
5503,9.5949,7.768,1.7394,8.4741,261.0,10469.0,2331.9375
5504,8.426,9.0402,1.6506,9.3006,287.0,14099.0,2331.9375
5505,9.338,7.752,1.7306,8.4384,258.0,10455.0,2331.9375
5506,8.4344,9.1064,1.7,9.2895,258.0,10455.0,2331.9375
5507,9.2899,7.7082,1.6406,8.9089,257.0,10443.0,2331.9375
5508,8.917,8.9422,1.6813,8.1351,258.0,10455.0,2331.9375
5509,8.0981,7.7462,1.4748,9.7079,259.0,10467.0,2331.9375
5510,9.7671,8.5445,1.6829,8.7699,257.0,10443.0,2331.9375
5511,8.7547,8.4904,1.7402,8.9126,266.0,14359.0,2331.9375
5512,8.9005,7.8028,1.674,8.6558,272.0,14575.0,2331.9375
5513,8.6828,8.883,1.6955,9.4598,262.0,10695.0,2331.9375
5514,9.473,8.1902,1.8067,8.2985,267.0,10807.0,2331.9375
5515,8.2807,9.1581,1.9045,10.0923,297.0,13071.0,2331.9375
5516,10.0769,7.8236,1.9227,8.4872,297.0,14031.0,2331.9375
5517,8.51,9.183,1.9266,9.2664,296.0,11081.0,2331.9375
5518,9.2204,7.8017,1.6754,8.7376,296.0,10985.0,2331.9375
5519,8.81,9.0699,1.8369,9.3198,298.0,14296.0,2331.9375
5520,9.2599,7.7748,1.8201,8.0442,259.0,10467.0,2331.9375
5521,8.1063,8.573,1.766,9.1366,259.0,10467.0,2331.9375
5522,9.114,7.8081,1.804,9.2027,257.0,10443.0,2331.9375
5523,9.2231,8.5175,1.8179,8.7839,293.0,15853.0,2331.9375
5524,8.7632,8.5985,1.8385,10.0795,293.0,15751.0,2331.9375
5525,10.1007,8.2707,1.8397,7.2885,293.0,14939.0,2331.9375
5526,7.3173,9.091,1.7102,10.112,296.0,15360.0,2331.9375
5527,10.0296,7.7742,1.5985,7.4801,297.0,22041.0,2331.9375
5528,7.5001,9.1279,1.8106,10.7141,293.0,13067.0,2331.9375
5529,10.7275,7.8178,1.9307,7.8523,295.0,15866.0,2331.9375
5530,7.9006,8.9162,1.7124,9.944,297.0,13535.0,2331.9375
5531,9.8894,7.859,1.8865,8.5727,298.0,37499.0,2331.9375
5532,8.6203,9.2585,2.057,8.8708,299.0,32243.0,2331.9375
5533,8.8619,7.8742,1.9551,8.8349,298.0,33561.0,2331.9375
5534,8.8105,9.0036,1.7797,8.6559,296.0,22645.0,2331.9375
5535,8.6655,7.8038,1.4658,9.0406,300.0,39513.0,2331.9375
5536,9.0278,8.9942,1.786,8.9281,296.0,30851.0,2331.9375
5537,8.8918,7.7959,1.9121,10.0811,294.0,14211.0,2331.9375
5538,10.1674,8.9836,1.7712,7.5278,293.0,14375.0,2331.9375
5539,7.5151,8.5186,1.7664,10.0035,294.0,20263.0,2331.9375
5540,9.9874,7.7918,2.1639,7.6982,294.0,24451.0,2331.9375
5541,7.7606,8.5116,2.4028,9.9169,294.0,26251.0,2331.9375
5542,9.863,7.8341,2.2126,8.3517,295.0,17139.0,2331.9375
5543,8.4028,9.1953,2.0618,9.3605,295.0,16979.0,2331.9375
5544,9.2799,7.8464,1.9997,8.8037,294.0,14115.0,2331.9375
5545,8.753,9.1535,1.775,8.9952,294.0,10887.0,2331.9375
5546,9.0596,7.7743,2.1092,8.6718,297.0,10975.0,2331.9375
5547,8.6793,9.1825,1.889,9.6507,297.0,12447.0,2331.9375
5548,9.6499,7.8648,1.9541,9.0529,298.0,14187.0,2331.9375
5549,9.1135,8.9956,1.8806,8.3859,295.0,13445.0,2331.9375
5550,8.3154,7.8326,1.5939,8.7329,296.0,14261.0,2331.9375
5551,8.7482,8.9607,1.799,8.6719,295.0,12877.0,2331.9375
5552,8.6302,8.0123,1.7073,9.8009,294.0,12643.0,2331.9375
5553,9.8476,8.2737,2.1391,8.4278,293.0,12583.0,2331.9375
5554,8.394,8.9634,2.2917,9.5895,295.0,14454.0,2331.9375
5555,9.6259,7.8233,2.2636,7.4993,293.0,12603.0,2331.9375
5556,7.5712,9.0277,2.0414,10.6987,294.0,13067.0,2331.9375
5557,10.6094,7.7903,1.9777,7.9035,294.0,16284.0,2331.9375
5558,7.9223,9.1296,1.9278,9.0478,295.0,14889.0,2331.9375
5559,9.0012,7.75,1.7253,8.5027,294.0,18639.0,2331.9375
5560,8.5894,8.9349,1.8124,9.2475,297.0,19921.0,2331.9375
5561,9.1451,7.8531,1.7709,8.6021,295.0,18591.0,2331.9375
5562,8.6605,9.1761,1.9652,9.2472,287.0,15086.0,2331.9375
5563,9.1895,7.8448,1.801,9.1585,298.0,16183.0,2331.9375
5564,9.2153,9.0106,1.6472,8.9015,303.0,23509.0,2331.9375
5565,8.8808,7.8419,1.4909,9.5796,307.0,31365.0,2331.9375
5566,9.5701,9.0029,1.6956,7.6681,299.0,17707.0,2331.9375
5567,7.632,8.9209,1.6026,9.7477,295.0,15613.0,2331.9375
5568,9.8956,7.794,1.7821,7.6984,295.0,13889.0,2331.9375
5569,7.5363,9.1693,1.5971,10.5759,295.0,14315.0,2331.9375
5570,10.6252,7.8402,1.9419,8.4655,293.0,15931.0,2331.9375
5571,8.518,9.2005,1.8852,8.6918,286.0,12455.0,2331.9375
5572,8.6042,7.8114,1.7609,9.0758,294.0,14829.0,2331.9375
5573,9.1284,9.1156,1.7382,8.792,293.0,14759.0,2331.9375
5574,8.7642,7.8233,1.7736,9.0892,295.0,14549.0,2331.9375
5575,9.1183,9.079,1.8431,8.6954,289.0,14695.0,2331.9375
5576,8.6629,7.7769,1.6572,9.0565,262.0,10743.0,2331.9375
5577,9.1276,8.9178,1.7632,8.7483,293.0,15495.0,2331.9375
5578,8.6822,7.7389,1.7771,9.7885,299.0,22839.0,2331.9375
5579,9.827,8.8066,1.8582,8.465,304.0,22097.0,2331.9375
5580,8.6216,7.8516,1.8243,9.2419,300.0,22954.0,2331.9375
5581,9.0771,8.9546,1.9559,7.874,295.0,23374.0,2331.9375
5582,7.8665,8.8867,1.8102,9.7344,295.0,18997.0,2331.9375
5583,9.7123,7.8057,1.8238,7.8997,295.0,17871.0,2331.9375
5584,7.9202,9.0608,2.0255,10.0661,294.0,18019.0,2331.9375
5585,10.097,7.8513,2.1934,8.6323,294.0,17119.0,2331.9375
5586,8.6409,8.9676,2.0555,9.3387,293.0,16503.0,2331.9375
5587,9.3058,7.7858,1.7737,8.8207,295.0,16549.0,2331.9375
5588,8.87,8.93,1.891,8.5726,293.0,17637.0,2331.9375
5589,8.5094,7.8393,1.8904,8.5523,300.0,17859.0,2331.9375
5590,8.6047,9.1202,1.9868,8.8911,294.0,16233.0,2331.9375
5591,8.8259,7.8331,1.5557,8.9691,295.0,18215.0,2331.9375
5592,9.0286,9.066,1.5832,8.8884,281.0,14455.0,2331.9375
5593,8.8532,7.8027,1.5558,9.0834,262.0,11207.0,2331.9375
5594,9.0952,8.9322,1.8059,8.242,264.0,10483.0,2331.9375
5595,8.2143,8.7983,1.5593,10.1705,262.0,10507.0,2331.9375
5596,10.2091,8.1098,1.8351,7.7546,262.0,10459.0,2331.9375
5597,7.7472,8.8625,1.723,9.9637,270.0,11105.0,2331.9375
5598,9.9829,7.7887,2.0003,7.2664,260.0,10457.0,2331.9375
5599,7.2836,8.8837,1.7803,9.8741,260.0,10457.0,2331.9375
5600,9.8601,7.7871,1.9614,7.861,257.0,10443.0,2331.9375
5601,7.9348,9.3377,1.6998,9.7273,258.0,10455.0,2331.9375
5602,9.6127,7.7435,1.3736,8.9529,258.0,10455.0,2331.9375
5603,9.0189,9.1796,1.6912,9.1458,257.0,10443.0,2331.9375
5604,9.0872,7.7732,1.7152,8.9135,257.0,10443.0,2331.9375
5605,9.0403,8.938,1.8249,9.0592,298.0,16357.0,2331.9375
5606,9.0383,7.7352,1.7798,9.2179,293.0,14453.0,2331.9375
5607,9.1297,9.203,1.7416,8.0923,297.0,16748.0,2331.9375
5608,8.0393,7.8153,1.5878,10.1889,295.0,14851.0,2331.9375
5609,10.273,8.696,1.7011,7.9255,294.0,15710.0,2331.9375
5610,7.8442,8.6803,1.802,9.7177,298.0,14319.0,2331.9375
5611,9.766,8.1768,1.8658,8.5222,296.0,14453.0,2331.9375
5612,8.6791,9.1686,1.9711,9.4555,271.0,11047.0,2331.9375
5613,9.3654,7.8365,1.778,7.757,259.0,10445.0,2331.9375
5614,7.8266,8.9965,1.9206,9.5499,259.0,10445.0,2331.9375
5615,9.4134,7.7793,1.7295,9.1411,290.0,14113.0,2331.9375
5616,9.1555,9.1131,1.7827,8.5997,258.0,10455.0,2331.9375
5617,8.5758,7.808,1.7736,8.789,257.0,10443.0,2331.9375
5618,8.8854,8.9593,1.8899,8.7345,258.0,10455.0,2331.9375
5619,8.6568,7.7611,1.7589,9.2421,257.0,10443.0,2331.9375
5620,9.3083,8.9369,1.7429,8.3267,258.0,10455.0,2331.9375
5621,8.2319,7.8119,1.7118,8.8602,258.0,10455.0,2331.9375
5622,8.9098,8.8564,1.8375,9.105,267.0,14419.0,2331.9375
5623,9.1042,7.7875,1.605,9.6451,269.0,14491.0,2331.9375
5624,9.6791,8.9602,1.776,8.3623,262.0,10743.0,2331.9375
5625,8.2953,7.8019,1.815,9.1556,263.0,10803.0,2331.9375
5626,9.1808,7.7641,2.0357,8.0595,297.0,13071.0,2331.9375
5627,8.0588,9.1365,1.7043,10.2285,299.0,14007.0,2331.9375
5628,10.3286,7.8279,2.0621,8.0259,297.0,11071.0,2331.9375
5629,8.016,9.1777,1.8868,9.3912,297.0,11045.0,2331.9375
5630,9.2833,7.8335,1.8734,9.1999,298.0,14296.0,2331.9375
5631,9.2504,8.996,1.7978,8.5881,260.0,10457.0,2331.9375
5632,8.5466,7.798,1.7128,8.6457,257.0,10443.0,2331.9375
5633,8.6633,9.0512,1.888,8.9474,293.0,15853.0,2331.9375
5634,8.9828,7.7553,1.7018,9.0214,293.0,15751.0,2331.9375
5635,9.0124,9.0078,1.8975,9.0574,295.0,14963.0,2331.9375
5636,8.9963,7.8024,1.6201,9.4035,296.0,15360.0,2331.9375
5637,9.4877,9.0427,1.7841,8.0431,297.0,22041.0,2331.9375
5638,7.9435,8.7235,1.6314,9.8748,293.0,13067.0,2331.9375
5639,9.9273,7.8323,1.7597,8.0687,295.0,15866.0,2331.9375
5640,8.0197,8.8771,1.8549,9.6985,295.0,13555.0,2331.9375
5641,9.77,7.807,2.2196,7.7552,295.0,37507.0,2331.9375
5642,7.8201,8.9051,2.1117,10.1262,298.0,32231.0,2331.9375
5643,10.0495,7.8279,2.0469,9.026,299.0,33551.0,2331.9375
5644,9.0892,9.1962,2.0982,8.7048,299.0,22659.0,2331.9375
5645,8.6231,7.8365,1.9371,9.4077,300.0,39513.0,2331.9375
5646,9.4563,8.9843,2.04,8.2654,297.0,30841.0,2331.9375
5647,8.2225,7.7687,1.8324,9.6242,297.0,14225.0,2331.9375
5648,9.6455,8.9439,1.8706,7.885,293.0,14375.0,2331.9375
5649,7.8734,7.8343,1.9522,9.3114,293.0,20251.0,2331.9375
5650,9.3084,8.4987,1.9424,9.0962,293.0,24439.0,2331.9375
5651,9.123,7.8117,1.8656,9.4266,293.0,26239.0,2331.9375
5652,9.4486,9.0067,1.9428,8.2884,293.0,17115.0,2331.9375
5653,8.2396,8.0478,1.9683,9.4444,294.0,16967.0,2331.9375
5654,9.4567,7.8607,2.2237,8.4649,294.0,14115.0,2331.9375
5655,8.5217,9.0835,1.9816,9.4017,293.0,10875.0,2331.9375
5656,9.359,7.8244,2.051,8.4061,293.0,10971.0,2331.9375
5657,8.4434,9.0001,1.8477,9.3766,293.0,12443.0,2331.9375
5658,9.3442,7.7528,1.9459,8.6316,297.0,14175.0,2331.9375
5659,8.7027,9.1294,2.0565,9.4466,297.0,13447.0,2331.9375
5660,9.3748,7.9025,1.9865,8.8654,297.0,14251.0,2331.9375
5661,8.8796,9.1399,1.8992,8.6382,296.0,12889.0,2331.9375
5662,8.5953,7.8402,1.7767,8.9309,295.0,12633.0,2331.9375
5663,8.9373,9.1691,1.8999,8.8444,295.0,12585.0,2331.9375
5664,8.8813,8.0304,1.7438,11.3984,296.0,14466.0,2331.9375
5665,11.4104,9.0373,2.6367,8.5686,294.0,12615.0,2331.9375
5666,8.5856,8.9121,2.5159,7.9385,295.0,13079.0,2331.9375
5667,7.8798,8.2304,2.1078,7.9305,293.0,16272.0,2331.9375
5668,8.0245,8.5975,1.8514,9.9324,294.0,14877.0,2331.9375
5669,9.8867,8.241,2.1509,7.9733,295.0,18651.0,2331.9375
5670,7.9315,9.0765,1.8162,9.6038,297.0,19921.0,2331.9375
5671,9.6438,7.7799,1.7452,9.0288,293.0,18567.0,2331.9375
5672,8.9603,8.4518,1.7171,8.5058,285.0,15154.0,2331.9375
5673,8.5197,8.0939,1.854,8.3795,293.0,16167.0,2331.9375
5674,8.5153,8.8067,2.1915,8.9769,303.0,23509.0,2331.9375
5675,8.8427,7.7763,1.6466,9.572,310.0,31379.0,2331.9375
5676,9.6004,9.4123,1.7091,8.3109,300.0,17697.0,2331.9375
5677,8.2767,7.8315,1.7039,9.4778,296.0,15625.0,2331.9375
5678,9.5256,8.9069,1.8525,8.1757,295.0,13867.0,2331.9375
5679,8.1939,7.7932,1.7701,9.5987,295.0,14293.0,2331.9375
5680,9.6284,8.8116,1.8694,8.0086,294.0,15943.0,2331.9375
5681,7.914,8.6678,1.6457,9.7017,285.0,12443.0,2331.9375
5682,9.7418,8.1959,1.7293,7.961,295.0,14841.0,2331.9375
5683,7.9481,8.7959,1.7938,9.0602,293.0,14759.0,2331.9375
5684,9.0974,7.7819,1.5856,8.5075,294.0,14537.0,2331.9375
5685,8.5385,9.1138,1.8085,9.6434,287.0,14623.0,2331.9375
5686,9.5743,7.7637,1.8173,8.0269,263.0,10803.0,2331.9375
5687,8.0135,8.8615,1.6252,9.4059,295.0,15643.0,2331.9375
5688,9.3952,7.774,1.8129,8.5055,294.0,22699.0,2331.9375
5689,8.5014,8.8058,1.6723,9.1813,300.0,22093.0,2331.9375
5690,9.1962,7.8074,1.6573,8.367,301.0,24813.0,2331.9375
5691,8.4063,9.3449,1.8012,9.5583,299.0,23433.0,2331.9375
5692,9.6,7.8358,1.6701,9.0326,298.0,17323.0,2331.9375
5693,8.9721,8.806,1.648,8.4715,296.0,18251.0,2331.9375
5694,8.4204,7.8273,1.5955,9.2578,295.0,17641.0,2331.9375
5695,9.3109,9.1108,1.6647,8.328,297.0,17501.0,2331.9375
5696,8.2905,8.4896,1.7259,9.5453,294.0,16147.0,2331.9375
5697,9.6475,8.4405,1.7846,8.1899,295.0,17967.0,2331.9375
5698,8.0956,8.8087,1.6541,10.2284,295.0,16305.0,2331.9375
5699,10.2569,7.8093,1.8353,8.2314,298.0,17773.0,2331.9375
5700,8.2387,8.5775,1.7236,9.2121,293.0,16221.0,2331.9375
5701,9.1821,8.3706,1.8831,8.9751,296.0,18595.0,2331.9375
5702,8.9783,9.0964,1.648,8.9471,280.0,14539.0,2331.9375
5703,8.9581,7.8125,1.9284,7.8389,257.0,10443.0,2331.9375
5704,7.8478,8.7539,1.802,8.9509,257.0,10443.0,2331.9375
5705,8.9253,7.7931,1.6417,9.1965,258.0,10503.0,2331.9375
5706,9.2796,9.0834,1.9589,9.5302,262.0,10459.0,2331.9375
5707,9.483,7.8755,1.7244,8.3556,272.0,11107.0,2331.9375
5708,8.3656,8.0193,1.853,9.1004,263.0,10471.0,2331.9375
5709,9.1296,8.3347,1.912,9.4112,259.0,10445.0,2331.9375
5710,9.378,9.1209,1.9612,8.9139,259.0,10445.0,2331.9375
5711,8.8951,8.2861,2.2014,9.2211,260.0,10457.0,2331.9375
5712,9.294,8.0851,2.2906,11.0097,258.0,10455.0,2331.9375
5713,10.9905,8.8058,2.0097,7.8765,257.0,10443.0,2331.9375
5714,7.9181,8.182,2.6723,7.5306,257.0,10443.0,2331.9375
5715,7.4349,8.52,1.8864,9.2689,298.0,16357.0,2331.9375
5716,9.4208,8.4598,2.4234,8.9688,294.0,14465.0,2331.9375
5717,8.876,9.0886,1.7277,8.4206,295.0,16724.0,2331.9375
5718,8.459,7.7954,1.7566,8.9583,295.0,14851.0,2331.9375
5719,8.8624,9.14,1.7441,9.4651,295.0,15866.0,2331.9375
5720,9.4252,7.8391,1.4145,8.6989,293.0,14303.0,2331.9375
5721,8.8489,8.7194,1.6023,8.2937,291.0,14341.0,2331.9375
5722,8.1629,8.0175,1.5461,9.7543,270.0,10987.0,2331.9375
5723,9.7737,8.0137,1.7721,7.6877,262.0,10459.0,2331.9375
5724,7.6876,8.55,1.597,9.6822,261.0,10447.0,2331.9375
5725,9.7423,8.2219,1.3917,8.198,289.0,14101.0,2331.9375
5726,8.1021,8.7677,1.3784,9.7392,259.0,10445.0,2331.9375
5727,9.7024,7.7128,1.5675,7.5955,260.0,10457.0,2331.9375
5728,7.6766,8.7293,1.5259,10.6951,257.0,10443.0,2331.9375
5729,10.7115,8.3115,1.8903,7.2648,257.0,10443.0,2331.9375
5730,7.2634,8.7919,1.7577,9.1056,258.0,10455.0,2331.9375
5731,9.1143,7.7711,1.677,8.8093,257.0,10443.0,2331.9375
5732,8.807,8.5105,1.7202,9.2781,267.0,14419.0,2331.9375
5733,9.2917,8.373,1.6834,9.497,268.0,14479.0,2331.9375
5734,9.5471,9.4061,1.8444,8.4569,263.0,10755.0,2331.9375
5735,8.3421,7.8272,1.5953,8.9561,264.0,10815.0,2331.9375
5736,9.017,8.814,1.6089,8.6094,293.0,13067.0,2331.9375
5737,8.5322,7.7746,1.5681,9.5327,293.0,13979.0,2331.9375
5738,9.6066,8.9436,2.0592,8.6067,297.0,11071.0,2331.9375
5739,8.6138,8.7152,1.7514,9.3253,302.0,28683.0,2331.9375
5740,9.3092,8.084,1.7776,7.8756,299.0,14286.0,2331.9375
5741,8.0672,8.8584,1.8354,9.617,259.0,10445.0,2331.9375
5742,9.4348,7.8534,2.014,8.2266,259.0,10445.0,2331.9375
5743,8.2935,8.6793,2.0249,9.6572,295.0,15855.0,2331.9375
5744,9.5968,8.3693,1.9827,9.3285,294.0,15763.0,2331.9375
5745,9.2941,8.8283,1.7211,8.1975,295.0,14963.0,2331.9375
5746,8.2308,7.778,1.5407,8.3512,295.0,15348.0,2331.9375
5747,8.3195,8.9139,1.6608,9.4666,297.0,22041.0,2331.9375
5748,9.5225,7.8043,1.7373,8.8513,293.0,13067.0,2331.9375
5749,8.8219,8.9896,1.6599,8.9928,296.0,15878.0,2331.9375
5750,8.9482,7.7989,1.7571,8.6322,293.0,13531.0,2331.9375
5751,8.6896,8.9893,1.6689,8.8761,294.0,37495.0,2331.9375
5752,8.8637,7.7313,1.5553,9.3435,295.0,32239.0,2331.9375
5753,9.348,9.2388,1.804,9.7197,295.0,33547.0,2331.9375
5754,9.7995,8.8584,2.0289,8.0672,298.0,22647.0,2331.9375
5755,7.9929,8.1175,2.2924,9.7068,301.0,39503.0,2331.9375
5756,9.7484,8.772,1.9316,8.7199,301.0,30867.0,2331.9375
5757,8.6537,8.6142,1.8904,8.9699,295.0,14201.0,2331.9375
5758,8.9427,9.0811,1.8703,8.8479,295.0,14377.0,2331.9375
5759,8.8643,7.8427,1.6353,8.6156,295.0,20253.0,2331.9375
5760,8.6371,8.9276,1.7956,9.4165,294.0,24451.0,2331.9375
5761,9.4104,7.7985,1.9175,9.7177,294.0,26251.0,2331.9375
5762,9.7414,9.1936,1.7355,7.8604,298.0,34775.0,2331.9375
5763,7.839,7.8079,1.7241,9.9746,293.0,16955.0,2331.9375
5764,9.9648,8.0996,1.8201,7.3066,294.0,14115.0,2331.9375
5765,7.3233,7.7977,1.5436,10.0218,293.0,10875.0,2331.9375
5766,10.0187,9.1437,1.7043,8.7733,294.0,10983.0,2331.9375
5767,8.8166,7.7888,1.5675,8.9937,293.0,12443.0,2331.9375
5768,8.9569,8.0252,1.9569,7.8024,294.0,14183.0,2331.9375
5769,7.7662,8.7737,1.3989,9.4949,294.0,13455.0,2331.9375
5770,9.5155,7.8364,1.6963,8.162,298.0,14263.0,2331.9375
5771,8.1504,8.7798,1.7559,10.0913,297.0,12879.0,2331.9375
5772,10.108,8.3923,1.7966,8.9172,297.0,12635.0,2331.9375
5773,8.9172,8.8884,1.7861,8.5024,296.0,12597.0,2331.9375
5774,8.4377,7.8279,1.5753,8.8373,298.0,14468.0,2331.9375
5775,9.0227,9.107,1.763,9.1619,295.0,12605.0,2331.9375
5776,9.1252,7.7858,1.729,8.5165,293.0,13055.0,2331.9375
5777,8.4602,8.8167,1.6816,8.72,294.0,16284.0,2331.9375
5778,8.6523,7.7641,1.5583,8.8784,293.0,14865.0,2331.9375
5779,8.954,8.7951,1.7673,8.9853,294.0,18639.0,2331.9375
5780,8.9448,7.7513,1.7078,9.8888,297.0,19921.0,2331.9375
5781,9.9875,9.1423,1.8275,7.6437,293.0,18567.0,2331.9375
5782,7.6137,7.8079,1.652,9.4848,285.0,15154.0,2331.9375
5783,9.454,8.0339,1.7946,7.886,293.0,16167.0,2331.9375
5784,7.8788,8.5059,1.4168,9.8297,299.0,23505.0,2331.9375
5785,9.8538,8.1819,1.8272,7.7866,306.0,31375.0,2331.9375
5786,7.6915,9.0274,1.6321,10.0173,301.0,17709.0,2331.9375
5787,10.1048,7.8003,1.88,8.2089,297.0,15615.0,2331.9375
5788,8.2129,8.8275,1.7662,8.9557,297.0,13869.0,2331.9375
5789,8.9714,7.8064,1.6958,8.776,295.0,14293.0,2331.9375
5790,8.7397,8.5917,1.6789,9.5016,296.0,15945.0,2331.9375
5791,9.5014,8.323,2.0074,8.5959,287.0,12445.0,2331.9375
5792,8.6298,9.0462,1.9038,9.0208,295.0,14841.0,2331.9375
5793,8.9975,7.7735,1.8144,9.1528,295.0,14783.0,2331.9375
5794,9.1782,8.9409,1.9024,8.3174,293.0,14525.0,2331.9375
5795,8.253,7.798,1.6426,8.6004,287.0,14623.0,2331.9375
5796,8.7372,8.8959,1.8277,8.9554,264.0,10863.0,2331.9375
5797,8.8438,8.0807,1.5519,9.5454,293.0,15619.0,2331.9375
5798,9.5754,8.7441,1.8071,8.1794,295.0,22711.0,2331.9375
5799,8.1637,8.5421,1.6797,9.4598,302.0,23964.0,2331.9375
5800,9.522,8.1957,2.1219,8.2837,296.0,22950.0,2331.9375
5801,8.2842,8.5764,2.0159,9.3661,295.0,23429.0,2331.9375
5802,9.3048,8.0117,2.0106,8.6953,298.0,17323.0,2331.9375
5803,8.7279,8.9565,1.8497,9.6073,297.0,18241.0,2331.9375
5804,9.5817,8.4444,1.781,8.8057,298.0,17655.0,2331.9375
5805,8.8437,8.8981,1.8177,9.0894,296.0,17489.0,2331.9375
5806,9.0696,7.8131,2.1058,9.1007,296.0,16149.0,2331.9375
5807,9.0863,9.0671,2.0289,8.8232,297.0,17969.0,2331.9375
5808,8.7904,7.8244,1.7965,9.0055,294.0,16293.0,2331.9375
5809,9.0729,9.21,1.878,8.4606,298.0,17773.0,2331.9375
5810,8.3992,7.825,1.567,9.4413,295.0,16245.0,2331.9375
5811,9.4837,9.1077,1.7242,8.4803,296.0,19059.0,2331.9375
5812,8.4476,8.6172,1.7239,9.3939,280.0,14027.0,2331.9375
5813,9.3893,8.4161,2.0732,8.1687,257.0,10443.0,2331.9375
5814,8.1734,8.7941,1.8329,10.388,257.0,10443.0,2331.9375
5815,10.3898,7.7258,1.8702,7.1216,258.0,10503.0,2331.9375
5816,7.1421,8.7253,1.7914,9.3533,257.0,10443.0,2331.9375
5817,9.3427,7.7392,1.9544,8.1143,269.0,11115.0,2331.9375
5818,8.135,8.772,1.6785,9.9532,262.0,10459.0,2331.9375
5819,9.9342,8.1444,1.6152,8.3973,261.0,10447.0,2331.9375
5820,8.4349,8.8246,1.7772,8.7834,263.0,10471.0,2331.9375
5821,8.753,7.8097,1.7462,8.6883,260.0,10457.0,2331.9375
5822,8.7385,8.8875,2.0252,8.8896,260.0,10457.0,2331.9375
5823,8.8502,7.7663,1.6872,9.0401,260.0,10457.0,2331.9375
5824,9.0519,8.9265,1.6789,8.4845,259.0,10467.0,2331.9375
5825,8.4935,7.7056,1.5578,9.1297,297.0,16345.0,2331.9375
5826,9.1083,8.8394,1.7046,8.405,293.0,14453.0,2331.9375
5827,8.3439,7.7815,1.5801,9.6959,295.0,16724.0,2331.9375
5828,9.835,9.144,1.8797,8.5539,294.0,14839.0,2331.9375
5829,8.4828,8.7424,1.6568,9.3223,295.0,15866.0,2331.9375
5830,9.3085,8.0244,2.0679,8.0887,293.0,14303.0,2331.9375
5831,8.0768,8.5223,1.8215,8.9932,290.0,14329.0,2331.9375
5832,9.0045,8.1893,1.8712,9.2608,267.0,10995.0,2331.9375
5833,9.2633,9.0448,1.6859,8.8691,258.0,10455.0,2331.9375
5834,8.8827,7.7601,1.6956,8.2371,261.0,10447.0,2331.9375
5835,8.2617,8.8956,1.8377,9.354,291.0,14103.0,2331.9375
5836,9.357,7.7754,1.8855,8.3808,262.0,10459.0,2331.9375
5837,8.348,9.0323,1.8107,9.4323,259.0,10445.0,2331.9375
5838,9.4771,7.7967,1.9272,8.3896,259.0,10445.0,2331.9375
5839,8.3709,8.9661,1.8048,9.2898,260.0,10457.0,2331.9375
5840,9.2208,7.7396,1.7691,8.195,257.0,10443.0,2331.9375
5841,8.2827,8.8627,2.0222,9.2625,259.0,10467.0,2331.9375
5842,9.1818,7.7935,1.693,9.0199,267.0,14419.0,2331.9375
5843,9.0779,8.8165,1.7916,8.3609,272.0,14527.0,2331.9375
5844,8.361,8.6868,1.7984,9.1678,262.0,10743.0,2331.9375
5845,9.2014,8.0182,1.8675,8.1744,263.0,10803.0,2331.9375
5846,8.0832,8.4941,1.8234,9.8218,294.0,13079.0,2331.9375
5847,9.853,8.3634,2.1063,8.1586,293.0,13979.0,2331.9375
5848,8.1522,8.7448,1.7263,9.7094,294.0,11079.0,2331.9375
5849,9.7576,7.7498,1.9492,7.7693,294.0,11031.0,2331.9375
5850,7.7673,8.8145,1.9619,9.9202,299.0,14286.0,2331.9375
5851,9.8962,7.9739,1.9834,9.1445,262.0,10459.0,2331.9375
5852,9.1385,8.8376,1.7537,7.9447,261.0,10447.0,2331.9375
5853,7.923,7.7154,1.6948,10.0642,296.0,15867.0,2331.9375
5854,10.1017,9.0417,1.8434,7.9206,295.0,15753.0,2331.9375
5855,7.8639,7.7588,1.6096,8.9994,295.0,14941.0,2331.9375
5856,9.1509,9.3359,1.88,8.9371,296.0,15360.0,2331.9375
5857,8.8237,7.7197,1.7245,9.5299,297.0,22041.0,2331.9375
5858,9.5248,8.8783,1.7921,7.9758,294.0,13079.0,2331.9375
5859,8.0183,7.8195,1.5303,9.4074,296.0,15878.0,2331.9375
5860,9.3682,9.0905,1.9761,8.2618,293.0,13531.0,2331.9375
5861,8.2439,8.6804,1.5841,9.893,294.0,37495.0,2331.9375
5862,9.9289,7.7529,1.9178,7.6133,294.0,32227.0,2331.9375
5863,7.5734,8.7333,1.5993,9.3881,295.0,33547.0,2331.9375
5864,9.4056,7.7924,1.8651,8.8208,294.0,22643.0,2331.9375
5865,8.8894,8.6311,1.7714,8.7491,297.0,39499.0,2331.9375
5866,8.6702,8.3108,1.9513,9.3149,299.0,30843.0,2331.9375
5867,9.3273,9.0048,1.5742,8.4242,299.0,14227.0,2331.9375
5868,8.4537,7.8078,1.5868,8.8829,297.0,14379.0,2331.9375
5869,8.9092,8.8566,1.8685,9.0246,295.0,20253.0,2331.9375
5870,9.02,7.7452,1.728,9.0282,295.0,24441.0,2331.9375
5871,9.0192,9.0468,1.521,8.5866,295.0,26241.0,2331.9375
5872,8.5352,7.7033,1.6424,8.9804,294.0,17127.0,2331.9375
5873,9.0082,9.0096,1.9967,9.0777,293.0,16955.0,2331.9375
5874,9.0497,7.7964,1.6165,10.0407,295.0,14127.0,2331.9375
5875,10.1177,8.8996,1.7617,7.2825,293.0,10875.0,2331.9375
5876,7.2617,8.7264,1.6719,9.9278,294.0,10983.0,2331.9375
5877,10.0325,7.9851,1.9717,7.9537,293.0,12443.0,2331.9375
5878,7.924,8.7691,2.1017,9.6308,293.0,14171.0,2331.9375
5879,9.5524,8.178,1.8156,8.2043,294.0,13455.0,2331.9375
5880,8.2145,8.5157,1.9564,9.4687,295.0,14271.0,2331.9375
5881,9.434,7.7293,1.664,8.3692,293.0,12875.0,2331.9375
5882,8.4233,8.981,1.9612,10.0504,297.0,12635.0,2331.9375
5883,10.0408,7.8095,1.9248,7.7788,298.0,12599.0,2331.9375
5884,7.8301,8.7718,1.8575,9.2413,299.0,14458.0,2331.9375
5885,9.1341,8.1918,2.0009,8.7138,295.0,12605.0,2331.9375
5886,8.8232,9.0592,1.8799,8.7291,295.0,13057.0,2331.9375
5887,8.643,7.7825,1.7149,8.8219,295.0,16274.0,2331.9375
5888,8.897,8.9139,2.054,8.7923,293.0,14865.0,2331.9375
5889,8.6941,7.989,1.703,9.8807,294.0,18639.0,2331.9375
5890,9.9179,8.8135,1.9118,7.6808,296.0,19909.0,2331.9375
5891,7.6731,8.7111,1.7781,10.4231,293.0,18567.0,2331.9375
5892,10.4302,7.7786,2.1774,7.2619,284.0,15142.0,2331.9375
5893,7.2214,8.5231,1.7441,9.876,293.0,16167.0,2331.9375
5894,9.9395,8.1075,1.9503,7.6715,300.0,23517.0,2331.9375
5895,7.6841,9.0952,2.1198,10.0194,305.0,31363.0,2331.9375
5896,9.9497,7.789,1.7396,9.0116,297.0,17705.0,2331.9375
5897,9.0495,9.0494,1.8155,8.9541,294.0,15623.0,2331.9375
5898,8.9154,7.7541,1.7173,8.5878,297.0,13869.0,2331.9375
5899,8.6193,9.0175,1.9304,8.8895,298.0,14307.0,2331.9375
5900,8.9102,7.7731,1.5096,8.8256,297.0,15935.0,2331.9375
5901,8.8424,8.9688,1.7533,8.9844,293.0,14397.0,2331.9375
5902,8.8863,7.8198,1.4467,9.4631,292.0,12951.0,2331.9375
5903,9.5273,8.3848,1.791,8.8689,295.0,14761.0,2331.9375
5904,8.9062,7.9957,1.402,9.2185,293.0,14525.0,2331.9375
5905,9.1743,8.705,1.8574,7.9527,287.0,14623.0,2331.9375
5906,7.9527,8.7541,1.5997,9.4277,270.0,11333.0,2331.9375
5907,9.4625,8.3292,2.0745,8.4959,294.0,20625.0,2331.9375
5908,8.5064,8.8401,1.9124,12.0818,588.0,110377.0,2334.3125
5909,12.0879,7.759,2.1231,7.3874,319.0,20615.0,2334.3125
5910,7.3455,9.1364,1.8747,9.5919,308.0,17395.0,2462.3125
5911,9.5909,7.4969,1.8179,11.3916,291.0,17251.0,2462.3125
5912,11.4122,8.7263,2.3176,7.952,296.0,21541.0,2462.3125
5913,7.9298,7.1914,1.7187,9.3061,316.0,27730.0,2462.3125
5914,9.2911,8.0452,1.6847,7.6081,312.0,25960.0,2459.9375
5915,7.5857,7.7669,1.7691,9.648,314.0,28375.0,2459.9375
5916,9.6942,8.5423,1.8696,7.128,310.0,20761.0,2459.9375
5917,7.1129,7.6562,1.5532,9.508,310.0,20359.0,2459.9375
5918,9.5578,7.223,1.9548,7.4673,311.0,20479.0,2459.9375
5919,7.495,7.8947,1.6216,9.5095,308.0,21759.0,2459.9375
5920,9.4354,7.2628,1.9464,6.4934,308.0,20911.0,2459.9375
5921,6.4554,8.4738,1.71,9.7893,308.0,21177.0,2459.9375
5922,9.8506,7.8498,1.8764,7.4363,310.0,17683.0,2459.9375
5923,7.3888,8.374,1.46,9.3179,310.0,20627.0,2459.9375
5924,9.3529,7.2373,1.6845,7.2432,309.0,25181.0,2459.9375
5925,7.2974,7.9648,1.5445,9.5995,295.0,17505.0,2459.9375
5926,9.6172,7.6622,1.9474,7.5055,272.0,13873.0,2459.9375
5927,7.3939,8.1417,1.7187,9.103,271.0,13861.0,2459.9375
5928,9.1983,7.1591,2.0721,7.3517,272.0,13921.0,2459.9375
5929,7.2944,8.2872,1.9144,10.3199,272.0,13873.0,2459.9375
5930,10.4231,7.2477,2.249,7.9732,289.0,14561.0,2459.9375
5931,7.9838,8.1764,2.2862,8.1765,275.0,13865.0,2459.9375
5932,8.1665,7.3011,2.3005,8.479,275.0,13865.0,2459.9375
5933,8.5192,8.0716,2.246,7.5177,274.0,13875.0,2459.9375
5934,7.4603,7.2592,2.1719,7.9446,274.0,13875.0,2459.9375
5935,7.8781,7.8979,1.9894,9.9211,274.0,13875.0,2459.9375
5936,10.0407,7.7582,2.3127,7.3959,273.0,13885.0,2459.9375
5937,7.3308,7.5006,2.5026,9.2707,281.0,17789.0,2459.9375
5938,9.202,7.6038,3.0785,7.2973,277.0,14221.0,2459.9375
5939,7.3489,8.6791,2.2902,9.2244,280.0,17777.0,2459.9375
5940,9.1431,7.1769,2.1405,7.5825,276.0,14161.0,2459.9375
5941,7.6415,8.0194,3.0259,10.1391,307.0,16485.0,2459.9375
5942,10.1352,7.2141,3.148,8.7473,308.0,17409.0,2459.9375
5943,8.8324,8.2963,2.2921,7.9592,309.0,14557.0,2459.9375
5944,7.9096,8.2952,2.6903,8.92,308.0,14401.0,2459.9375
5945,8.9438,8.857,2.0135,9.782,309.0,17652.0,2459.9375
5946,9.7539,7.4245,2.3826,7.1855,277.0,13889.0,2459.9375
5947,7.1805,8.5638,1.995,8.3833,278.0,13901.0,2459.9375
5948,8.4439,7.2582,1.9442,9.2959,312.0,18615.0,2459.9375
5949,9.2311,8.7592,1.9247,8.1691,310.0,17479.0,2459.9375
5950,8.1736,7.3497,1.9702,8.9613,310.0,18541.0,2459.9375
5951,8.9651,8.4702,1.7659,7.2951,313.0,19885.0,2459.9375
5952,7.2824,7.2471,1.8553,8.7681,310.0,23600.0,2459.9375
5953,8.7556,8.389,1.9644,7.9016,308.0,16497.0,2459.9375
5954,7.9565,7.328,1.8734,8.6218,310.0,19296.0,2459.9375
5955,8.6159,8.6034,2.1022,8.6852,310.0,25861.0,2459.9375
5956,8.6455,7.3047,2.0901,9.3272,308.0,35277.0,2459.9375
5957,9.3345,8.5624,2.0835,7.9219,311.0,40933.0,2459.9375
5958,7.9547,7.2869,2.1158,8.932,308.0,30365.0,2459.9375
5959,8.9065,8.5053,2.2596,7.7491,311.0,30721.0,2459.9375
5960,7.7647,7.2601,2.0644,9.3617,311.0,41321.0,2459.9375
5961,9.2943,8.731,2.3337,8.2573,308.0,29313.0,2459.9375
5962,8.2559,7.3693,2.2189,8.2224,312.0,19405.0,2459.9375
5963,8.2905,8.6363,2.1584,8.742,312.0,19677.0,2459.9375
5964,8.6985,7.4979,2.101,8.5982,312.0,26837.0,2459.9375
5965,8.6463,8.5379,2.1981,7.8269,311.0,28931.0,2459.9375
5966,7.8225,7.245,1.9775,9.1645,310.0,24871.0,2459.9375
5967,9.2347,8.7771,2.1213,8.094,310.0,20291.0,2459.9375
5968,7.9629,7.3364,2.3044,8.8565,309.0,18057.0,2459.9375
5969,8.9311,8.8554,3.0269,8.7719,308.0,14545.0,2459.9375
5970,8.7345,7.3092,2.5137,8.0597,308.0,14449.0,2459.9375
5971,8.0913,9.0211,2.4292,9.1117,308.0,15681.0,2459.9375
5972,9.08,7.2467,1.9014,8.6209,308.0,17457.0,2459.9375
5973,8.6099,8.3959,2.0284,8.0743,307.0,16957.0,2459.9375
5974,8.0336,7.2692,1.735,7.8395,307.0,17201.0,2459.9375
5975,7.9677,8.1988,2.2952,7.8791,309.0,16685.0,2459.9375
5976,7.7831,7.2078,1.7364,8.7967,307.0,16097.0,2459.9375
5977,8.7964,8.3491,1.8694,8.1013,307.0,16001.0,2459.9375
5978,8.0522,7.1838,1.5677,8.6035,313.0,17828.0,2459.9375
5979,8.6686,7.3048,1.6986,7.6012,312.0,15989.0,2459.9375
5980,7.5631,7.411,1.5655,9.6577,305.0,17365.0,2459.9375
5981,9.7571,8.3319,1.8896,6.7995,309.0,20172.0,2459.9375
5982,6.7232,7.1637,1.7661,9.3527,312.0,24937.0,2459.9375
5983,9.3772,8.4868,1.6932,7.8469,310.0,22496.0,2459.9375
5984,7.831,7.2417,1.9579,9.5955,305.0,23433.0,2459.9375
5985,9.655,8.3521,1.9054,6.669,308.0,20949.0,2459.9375
5986,6.6176,7.3377,1.7495,9.5607,314.0,28269.0,2459.9375
5987,9.5915,8.1412,1.8912,7.2433,317.0,31417.0,2459.9375
5988,7.1985,7.1713,1.8943,8.9744,310.0,19809.0,2459.9375
5989,9.043,8.6888,2.0704,8.7258,307.0,18423.0,2459.9375
5990,8.6172,7.2841,2.5845,8.6615,300.0,17813.0,2459.9375
5991,8.7313,8.5249,2.4443,7.0636,309.0,17733.0,2459.9375
5992,7.0465,7.2831,1.9247,8.9513,309.0,19693.0,2459.9375
5993,9.0643,8.3691,1.8361,7.3396,292.0,14977.0,2459.9375
5994,7.2267,7.1889,1.6707,9.4424,306.0,16829.0,2459.9375
5995,9.4893,7.34,1.8502,8.3366,313.0,18055.0,2459.9375
5996,8.2612,7.1981,2.0469,9.4636,291.0,16431.0,2459.9375
5997,9.5039,7.8958,2.8412,7.702,286.0,14801.0,2459.9375
5998,7.7004,7.3565,2.7224,8.292,306.0,26875.0,2459.9375
5999,8.3145,8.4393,2.33,8.0553,313.0,24829.0,2459.9375
6000,8.0469,7.4211,1.8473,9.3254,307.0,36223.0,2459.9375
6001,9.3342,8.41,2.3621,7.1531,307.0,26053.0,2459.9375
6002,7.1655,7.5158,2.1111,10.039,307.0,20141.0,2459.9375
6003,10.004,7.9497,2.1562,7.9159,311.0,20209.0,2459.9375
6004,7.9147,7.5133,2.3731,9.0204,312.0,23511.0,2459.9375
6005,9.0015,7.7846,2.3762,7.4746,298.0,19733.0,2459.9375
6006,7.4709,7.4552,2.2045,8.5247,311.0,18984.0,2459.9375
6007,8.6133,7.284,1.864,7.4841,307.0,16337.0,2459.9375
6008,7.4711,7.239,1.911,9.1447,311.0,18284.0,2459.9375
6009,9.0904,8.027,1.9955,7.8462,307.0,16179.0,2459.9375
6010,7.8579,7.571,1.861,9.3612,303.0,19525.0,2459.9375
6011,9.4146,7.2853,1.9549,7.7947,312.0,16965.0,2459.9375
6012,7.7626,8.3136,2.2547,9.4243,312.0,15685.0,2459.9375
6013,9.4136,7.6048,2.1634,6.7441,309.0,16807.0,2459.9375
6014,6.6995,8.1472,1.8949,9.7663,310.0,20211.0,2459.9375
6015,9.8388,7.526,1.7792,7.5155,311.0,17439.0,2459.9375
6016,7.4691,7.5941,1.7457,8.7237,307.0,16757.0,2459.9375
6017,8.7427,7.225,1.8193,8.0951,308.0,16401.0,2459.9375
6018,8.0845,8.048,1.8729,9.1736,285.0,16461.0,2459.9375
6019,9.1624,7.32,1.9205,7.5962,296.0,20073.0,2459.9375
6020,7.5697,8.07,2.1923,9.5646,317.0,27762.0,2459.9375
6021,9.6573,7.6562,2.3768,7.0422,309.0,25988.0,2459.9375
6022,7.0567,8.3008,2.4708,9.2461,309.0,28379.0,2459.9375
6023,9.2088,7.2912,2.0775,7.2361,307.0,20789.0,2459.9375
6024,7.1977,8.5321,2.0437,9.6545,307.0,20365.0,2459.9375
6025,9.7345,7.2358,2.0198,7.0002,307.0,20473.0,2459.9375
6026,6.9194,8.2733,2.0069,10.1768,312.0,22173.0,2459.9375
6027,10.1979,7.2635,2.1491,6.8362,311.0,20833.0,2459.9375
6028,6.8887,8.6057,2.0808,9.8424,313.0,20935.0,2459.9375
6029,9.8128,7.2979,1.6803,7.2102,311.0,17881.0,2459.9375
6030,7.2698,8.6142,2.0776,9.4657,314.0,20445.0,2459.9375
6031,9.3783,7.3078,1.9133,7.2068,311.0,25135.0,2459.9375
6032,7.3808,8.2523,2.0925,9.6291,294.0,17493.0,2459.9375
6033,9.482,7.1991,1.9912,6.5085,271.0,13861.0,2459.9375
6034,6.475,8.6736,2.1391,9.4198,271.0,13861.0,2459.9375
6035,9.4666,7.2277,2.0207,7.6551,273.0,13933.0,2459.9375
6036,7.6718,8.2772,2.0969,8.9314,273.0,13885.0,2459.9375
6037,8.9041,7.2111,2.0254,7.2057,283.0,14533.0,2459.9375
6038,7.2599,8.3284,2.0264,9.3398,272.0,13873.0,2459.9375
6039,9.3,7.2877,2.1134,7.7449,273.0,13885.0,2459.9375
6040,7.8083,8.3438,2.119,10.0031,272.0,13873.0,2459.9375
6041,9.9497,7.2444,2.2467,6.8721,272.0,13873.0,2459.9375
6042,6.9,8.2489,2.2204,9.0325,277.0,13889.0,2459.9375
6043,9.0841,7.2287,1.9272,8.0015,275.0,13865.0,2459.9375
6044,7.964,8.5868,2.0642,8.8899,284.0,17781.0,2459.9375
6045,8.8572,7.2614,1.9723,8.0299,281.0,14295.0,2459.9375
6046,8.0617,8.2303,1.973,8.322,282.0,17731.0,2459.9375
6047,8.264,7.2122,1.8631,8.06,281.0,14199.0,2459.9375
6048,8.1473,8.2893,2.1174,9.4071,309.0,16509.0,2459.9375
6049,9.3025,7.2461,2.1861,7.4404,307.0,17397.0,2459.9375
6050,7.581,8.6798,2.3153,9.7904,307.0,14533.0,2459.9375
6051,9.7083,7.2888,2.4223,7.6114,308.0,14401.0,2459.9375
6052,7.6772,8.5214,2.1974,8.6574,308.0,17640.0,2459.9375
6053,8.5605,7.2635,1.9242,7.063,271.0,13861.0,2459.9375
6054,7.1376,8.3362,2.2531,8.8483,271.0,13861.0,2459.9375
6055,8.7269,7.2379,1.8107,8.6199,309.0,18623.0,2459.9375
6056,8.662,8.1417,1.8404,8.7634,308.0,17477.0,2459.9375
6057,8.7976,7.5781,1.9046,6.7579,308.0,18539.0,2459.9375
6058,6.8079,8.683,2.3753,10.1278,317.0,19911.0,2459.9375
6059,10.1133,7.3243,2.737,7.6191,313.0,23592.0,2459.9375
6060,7.5683,8.4747,2.3291,9.232,313.0,16513.0,2459.9375
6061,9.2436,7.3287,1.9656,8.3477,312.0,19298.0,2459.9375
6062,8.3875,8.5288,2.2947,8.4473,313.0,25875.0,2459.9375
6063,8.5057,7.2763,2.088,8.8367,312.0,35303.0,2459.9375
6064,8.7635,8.4356,2.1803,7.8913,308.0,40897.0,2459.9375
6065,7.7986,7.2909,1.7316,9.1366,307.0,30353.0,2459.9375
6066,9.172,8.2972,1.9516,7.903,310.0,30709.0,2459.9375
6067,7.9276,7.2929,1.9833,8.5824,312.0,41333.0,2459.9375
6068,8.6527,8.5864,2.1945,8.8131,308.0,29313.0,2459.9375
6069,8.7654,7.3219,1.846,7.737,308.0,19401.0,2459.9375
6070,7.7204,8.8003,2.0248,8.6411,307.0,19661.0,2459.9375
6071,8.6035,7.2571,1.8484,8.6094,308.0,26833.0,2459.9375
6072,8.6366,8.5706,2.0255,8.6607,310.0,28941.0,2459.9375
6073,8.649,7.1904,1.8401,8.9946,307.0,24857.0,2459.9375
6074,9.0305,8.6693,2.0429,7.8581,313.0,20305.0,2459.9375
6075,7.8353,7.4114,1.7984,8.9755,314.0,18073.0,2459.9375
6076,8.9772,8.2015,2.5815,6.9201,311.0,14537.0,2459.9375
6077,6.8629,7.2922,1.7514,8.6114,310.0,14451.0,2459.9375
6078,8.6566,8.4057,1.7849,8.4798,310.0,15683.0,2459.9375
6079,8.4327,7.2572,1.8005,8.244,312.0,17483.0,2459.9375
6080,8.3822,8.6439,2.8079,8.8462,308.0,16969.0,2459.9375
6081,8.8533,7.3232,2.212,8.7382,308.0,17213.0,2459.9375
6082,8.7165,8.5549,2.1765,8.2422,308.0,16673.0,2459.9375
6083,8.1805,7.2985,2.0054,8.1407,310.0,16133.0,2459.9375
6084,8.1904,8.508,2.2129,9.767,308.0,16013.0,2459.9375
6085,9.7016,7.2781,2.0351,7.7666,309.0,17824.0,2459.9375
6086,7.7784,8.5121,2.2028,8.3277,308.0,15985.0,2459.9375
6087,8.2972,7.3976,2.6045,7.645,302.0,17885.0,2459.9375
6088,7.7485,8.367,2.068,9.4806,307.0,19706.0,2459.9375
6089,9.3738,7.2545,1.7992,7.7401,310.0,24935.0,2459.9375
6090,7.8538,8.4458,2.2758,8.4943,314.0,22522.0,2459.9375
6091,8.4817,7.1812,1.8094,8.712,309.0,23389.0,2459.9375
6092,8.7016,8.6589,2.1552,8.6073,313.0,20965.0,2459.9375
6093,8.5577,7.4024,1.988,8.9648,317.0,28283.0,2459.9375
6094,8.9558,8.4998,1.9705,7.9487,321.0,31443.0,2459.9375
6095,7.9399,7.1902,1.9477,7.923,312.0,19811.0,2459.9375
6096,8.0214,8.4169,2.4516,7.8593,309.0,18447.0,2459.9375
6097,7.8131,7.1175,1.8553,9.6849,307.0,19921.0,2459.9375
6098,9.6664,8.7585,1.8822,7.2185,308.0,17721.0,2459.9375
6099,7.2185,7.3636,1.8182,9.0272,308.0,17993.0,2459.9375
6100,9.0964,8.5256,2.3358,7.7761,308.0,17233.0,2459.9375
6101,7.7207,7.2376,1.9819,9.6743,280.0,14305.0,2459.9375
6102,9.7507,8.2754,2.7882,8.3875,307.0,18801.0,2459.9375
6103,8.3085,7.2076,2.6282,7.2903,285.0,15485.0,2459.9375
6104,7.3109,8.439,2.3677,8.2065,294.0,21045.0,2459.9375
6105,8.149,7.3064,1.7535,8.5253,300.0,22525.0,2459.9375
6106,8.5454,8.203,1.8891,8.3591,314.0,25045.0,2459.9375
6107,8.3464,7.2014,1.923,9.3577,314.0,35363.0,2459.9375
6108,9.3819,8.6004,2.018,7.399,312.0,26069.0,2459.9375
6109,7.4704,7.2129,2.0225,9.146,312.0,22279.0,2459.9375
6110,9.0563,8.4873,2.0092,8.4656,313.0,19753.0,2459.9375
6111,8.4879,7.3552,2.956,8.325,313.0,21383.0,2459.9375
6112,8.2951,8.5322,2.5394,7.472,299.0,19405.0,2459.9375
6113,7.4783,7.1399,1.6755,8.5618,309.0,18960.0,2459.9375
6114,8.6979,8.5761,2.0315,8.3097,309.0,16361.0,2459.9375
6115,8.1559,7.2275,1.9675,8.501,309.0,18418.0,2459.9375
6116,8.5515,8.222,2.0979,7.9698,310.0,17904.0,2459.9375
6117,7.951,7.2938,1.8073,7.9731,290.0,17278.0,2459.9375
6118,8.0141,8.3738,1.8904,8.4343,309.0,16973.0,2459.9375
6119,8.3934,7.241,1.6383,9.4582,308.0,15681.0,2459.9375
6120,9.5098,8.6591,2.0382,8.013,309.0,16829.0,2459.9375
6121,7.9621,7.2589,1.9746,9.2596,308.0,20209.0,2459.9375
6122,9.3081,8.3385,2.8904,9.4537,311.0,17417.0,2459.9375
6123,9.4957,7.4926,2.9365,8.941,311.0,16761.0,2459.9375
6124,8.9884,8.7785,3.0558,6.7475,312.0,16357.0,2459.9375
6125,6.5658,7.4336,1.746,8.6894,288.0,16475.0,2459.9375
6126,8.7291,7.3423,1.9631,7.5468,295.0,20039.0,2459.9375
6127,7.5212,7.1557,1.4917,9.615,320.0,27776.0,2459.9375
6128,9.6725,7.2507,1.9981,7.2523,310.0,26000.0,2459.9375
6129,7.2164,7.763,1.6227,9.4231,310.0,28391.0,2459.9375
6130,9.4888,7.9761,2.1955,7.2494,309.0,20813.0,2459.9375
6131,7.1601,7.3841,1.8287,9.9598,308.0,20377.0,2459.9375
6132,10.0889,7.2459,2.1605,6.6211,308.0,20485.0,2459.9375
6133,6.4698,7.2234,1.701,9.3016,307.0,22157.0,2459.9375
6134,9.3984,7.2203,2.276,8.5412,307.0,20829.0,2459.9375
6135,8.4893,7.4895,1.8851,8.8723,308.0,20919.0,2459.9375
6136,8.857,8.1254,1.7153,7.0243,310.0,17891.0,2459.9375
6137,7.1323,7.2142,1.7714,9.5822,310.0,20419.0,2459.9375
6138,9.5307,7.6296,2.191,7.1575,311.0,25113.0,2459.9375
6139,7.1262,7.248,1.9359,8.4599,298.0,17497.0,2459.9375
6140,8.5063,7.305,1.9359,8.2122,275.0,13865.0,2459.9375
6141,8.154,7.5276,1.7393,8.8376,274.0,13875.0,2459.9375
6142,8.9214,7.2871,2.3726,7.9475,274.0,13923.0,2459.9375
6143,7.8837,7.177,1.8646,8.6903,274.0,13875.0,2459.9375
6144,8.7355,8.1148,1.9914,7.2282,285.0,14557.0,2459.9375
6145,7.3127,7.2387,1.9187,9.9165,271.0,13861.0,2459.9375
6146,9.8368,8.1477,2.9845,6.6504,273.0,13885.0,2459.9375
6147,6.6152,7.6382,1.9422,8.9715,272.0,13873.0,2459.9375
6148,8.9629,8.3047,1.6695,7.4444,272.0,13873.0,2459.9375
6149,7.4655,7.1601,1.78,9.5398,271.0,13861.0,2459.9375
6150,9.5658,8.1851,2.0995,7.3297,272.0,13873.0,2459.9375
6151,7.3184,7.1485,1.5626,8.2395,281.0,17789.0,2459.9375
6152,8.1996,7.648,1.8471,7.9787,279.0,14293.0,2459.9375
6153,8.0179,7.5492,1.7994,9.1132,279.0,17717.0,2459.9375
6154,9.1934,8.1656,1.9949,7.774,281.0,14177.0,2459.9375
6155,7.6674,7.1575,1.8381,9.1462,313.0,16513.0,2459.9375
6156,9.1373,8.1709,1.9269,8.0673,312.0,17413.0,2459.9375
6157,8.122,7.18,1.8712,7.7689,309.0,14535.0,2459.9375
6158,7.7147,8.4347,2.0797,8.2794,311.0,14415.0,2459.9375
6159,8.2735,7.3279,1.7259,9.9429,310.0,17642.0,2459.9375
6160,10.0588,8.2204,2.154,7.1255,271.0,13861.0,2459.9375
6161,7.0144,7.2415,1.9188,8.0009,271.0,13861.0,2459.9375
6162,8.0162,7.6128,1.9851,8.2998,309.0,18623.0,2459.9375
6163,8.2937,7.1683,1.6769,9.223,307.0,17465.0,2459.9375
6164,9.2508,8.2005,1.8233,7.8098,310.0,18563.0,2459.9375
6165,7.7355,7.3151,1.6897,8.606,313.0,19907.0,2459.9375
6166,8.6606,8.335,2.6131,8.0499,309.0,23588.0,2459.9375
6167,8.0202,7.2183,2.5478,9.1035,307.0,16485.0,2459.9375
6168,9.1512,7.6761,2.018,6.9789,311.0,19308.0,2459.9375
6169,6.9822,7.1826,1.8362,8.8029,308.0,25837.0,2459.9375
6170,8.8138,8.4681,2.0112,8.7786,312.0,35281.0,2459.9375
6171,8.714,7.4148,1.8713,7.7846,313.0,40913.0,2459.9375
6172,7.8255,8.7291,3.0925,7.9522,312.0,30369.0,2459.9375
6173,7.9408,7.2012,1.5858,9.3757,312.0,30711.0,2459.9375
6174,9.4078,8.3327,2.0692,7.6035,313.0,41323.0,2459.9375
6175,7.5846,7.1886,1.8784,9.2236,312.0,29339.0,2459.9375
6176,9.2415,8.3126,1.9672,7.3523,307.0,19389.0,2459.9375
6177,7.4836,7.3651,1.7167,10.2326,308.0,19673.0,2459.9375
6178,10.0899,9.1308,2.3386,7.7053,308.0,26833.0,2459.9375
6179,7.7138,7.1698,1.9093,9.0927,309.0,28929.0,2459.9375
6180,9.0859,8.4245,2.1214,7.64,308.0,24869.0,2459.9375
6181,7.6168,7.4405,1.8248,9.5856,309.0,20301.0,2459.9375
6182,9.5899,8.1686,1.9433,6.9155,309.0,18057.0,2459.9375
6183,6.9371,7.5432,1.8863,9.7186,307.0,14533.0,2459.9375
6184,9.7873,8.1742,1.9119,7.6413,307.0,14437.0,2459.9375
6185,7.5531,7.2643,2.0398,8.5805,308.0,15681.0,2459.9375
6186,8.5705,8.1112,2.1886,7.5758,311.0,17449.0,2459.9375
6187,7.7266,7.4613,2.152,9.5215,312.0,16973.0,2459.9375
6188,9.3798,8.1103,2.2606,8.3137,311.0,17205.0,2459.9375
6189,8.3634,7.3969,2.3876,8.5343,309.0,16663.0,2459.9375
6190,8.4931,8.433,1.8522,7.2171,311.0,16123.0,2459.9375
6191,7.3451,7.2325,1.9939,9.3127,309.0,16003.0,2459.9375
6192,9.2748,7.6418,2.4467,7.7454,309.0,17824.0,2459.9375
6193,7.6711,8.3098,2.3826,8.6562,308.0,15985.0,2459.9375
6194,8.6609,7.2691,2.2046,7.838,301.0,17873.0,2459.9375
6195,7.8232,7.3317,2.0556,9.6207,307.0,19706.0,2459.9375
6196,9.6928,7.3512,2.0755,6.8808,311.0,24947.0,2459.9375
6197,6.8162,7.2192,2.048,9.2802,310.0,22518.0,2459.9375
6198,9.272,7.6015,2.0053,6.7792,305.0,23433.0,2459.9375
6199,6.8248,7.3842,1.8233,10.4421,308.0,20949.0,2459.9375
6200,10.4241,7.2668,2.131,7.6938,315.0,28745.0,2459.9375
6201,7.7206,7.3548,2.0511,7.9699,317.0,31417.0,2459.9375
6202,7.8962,7.9241,1.9143,7.2458,315.0,19361.0,2459.9375
6203,7.3288,8.1219,1.653,9.6995,311.0,18427.0,2459.9375
6204,9.6997,7.3379,1.7888,7.1232,312.0,19985.0,2459.9375
6205,7.129,7.3869,2.1303,9.1335,310.0,17723.0,2459.9375
6206,9.0972,7.2765,2.0419,7.2776,308.0,17923.0,2459.9375
6207,7.2925,7.2962,1.8253,9.3539,311.0,17247.0,2459.9375
6208,9.3476,7.9475,2.0146,7.0053,279.0,14341.0,2459.9375
6209,6.9762,7.2374,1.6634,10.0768,308.0,18813.0,2459.9375
6210,10.1327,8.3755,1.747,6.446,283.0,15413.0,2459.9375
6211,6.4234,7.4042,1.7293,10.4559,295.0,21963.0,2459.9375
6212,10.4089,8.2811,1.8805,6.6438,299.0,22689.0,2459.9375
6213,6.6845,7.3079,1.9935,8.7622,309.0,25351.0,2459.9375
6214,8.7584,8.1489,2.8113,8.3029,308.0,34843.0,2459.9375
6215,8.3126,7.46,1.8802,8.9714,307.0,25141.0,2459.9375
6216,8.9558,8.131,2.0704,7.5766,312.0,22301.0,2459.9375
6217,7.5756,7.2446,1.51,8.7513,310.0,19739.0,2459.9375
6218,8.7726,8.4036,1.6834,8.0311,315.0,21385.0,2459.9375
6219,8.0286,7.4374,1.9038,9.2396,301.0,19337.0,2459.9375
6220,9.2698,8.2788,2.216,7.899,313.0,18964.0,2459.9375
6221,7.8318,7.6034,2.6562,8.5675,311.0,16363.0,2459.9375
6222,8.6152,8.4639,2.5827,8.1921,311.0,18420.0,2459.9375
6223,8.262,7.3207,2.9767,9.4965,311.0,17894.0,2459.9375
6224,9.4639,7.2294,2.4157,6.5644,295.0,17386.0,2459.9375
6225,6.4921,7.3602,1.8435,10.0009,307.0,16901.0,2459.9375
6226,10.238,8.2155,2.9516,7.073,307.0,15669.0,2459.9375
6227,6.9208,7.2513,1.9262,9.7462,308.0,17329.0,2459.9375
6228,9.7709,8.4018,2.3457,7.1363,309.0,19757.0,2459.9375
6229,7.1067,7.3769,2.2712,9.5955,309.0,17437.0,2459.9375
6230,9.5995,8.2167,2.468,7.5658,307.0,16757.0,2459.9375
6231,7.4632,7.3305,2.2113,8.781,306.0,16329.0,2459.9375
6232,8.8039,8.469,2.5215,7.4078,285.0,16413.0,2459.9375
6233,7.4154,7.4446,2.0647,10.0098,296.0,20217.0,2459.9375
6234,10.1362,7.2635,2.5831,7.797,321.0,27766.0,2459.9375
6235,7.7456,7.7909,2.3623,9.6369,314.0,26740.0,2459.9375
6236,9.6109,7.8114,2.6824,7.8906,314.0,28405.0,2459.9375
6237,7.9588,8.7653,2.2292,8.4648,310.0,20057.0,2459.9375
6238,8.4005,7.2377,2.0202,7.7422,309.0,22055.0,2459.9375
6239,7.753,8.5817,2.1802,9.207,310.0,18799.0,2459.9375
6240,9.1477,7.2032,1.7943,7.2346,309.0,22181.0,2459.9375
6241,7.2919,8.4764,2.1719,8.9194,310.0,21077.0,2459.9375
6242,8.8847,7.2917,1.8895,8.197,307.0,20903.0,2459.9375
6243,8.2874,8.577,2.4607,9.2564,309.0,17671.0,2459.9375
6244,9.24,7.2427,2.2913,8.5534,311.0,23767.0,2459.9375
6245,8.5031,8.1406,2.4554,8.2119,304.0,21593.0,2459.9375
6246,8.2698,7.3522,2.29,7.298,295.0,17505.0,2459.9375
6247,7.2838,8.5513,2.3129,8.9442,273.0,13885.0,2459.9375
6248,8.9196,7.2761,2.0786,6.754,273.0,13885.0,2459.9375
6249,6.8116,8.5446,2.4102,10.4269,273.0,13933.0,2459.9375
6250,10.333,7.3838,2.0172,6.4715,277.0,13889.0,2459.9375
6251,6.5565,8.3144,1.9273,10.1975,286.0,14525.0,2459.9375
6252,10.0871,7.2616,1.6424,8.5849,275.0,13865.0,2459.9375
6253,8.6585,8.125,1.5937,8.0771,274.0,13875.0,2459.9375
6254,8.0071,7.2446,1.8867,6.6284,273.0,13863.0,2459.9375
6255,6.7059,8.4371,2.3337,9.8661,276.0,13899.0,2459.9375
6256,9.8026,7.2257,2.1117,8.2065,271.0,13861.0,2459.9375
6257,8.2626,8.4481,2.8023,7.9,271.0,13861.0,2459.9375
6258,7.8464,7.0968,1.7448,7.0717,282.0,17849.0,2459.9375
6259,7.0991,8.1393,1.9168,9.0545,278.0,15969.0,2459.9375
6260,9.0728,7.345,1.9202,11.1937,279.0,15981.0,2459.9375
6261,11.3295,7.9085,2.36,11.1314,278.0,14185.0,2459.9375
6262,11.2374,7.9085,3.5678,9.9197,310.0,16521.0,2459.9375
6263,9.6822,8.6118,3.1987,7.8665,309.0,17421.0,2459.9375
6264,7.9077,7.3238,2.4512,9.1767,308.0,14545.0,2459.9375
6265,9.2687,8.457,2.7743,9.5666,307.0,14389.0,2459.9375
6266,9.4991,7.3919,2.4762,9.2448,314.0,17668.0,2459.9375
6267,9.794,7.6713,3.0391,8.5432,275.0,13865.0,2459.9375
6268,7.9417,8.1407,2.8052,8.4364,276.0,13877.0,2459.9375
6269,8.4641,7.1878,2.5431,8.2352,310.0,18613.0,2459.9375
6270,8.264,8.3274,2.5028,8.6611,309.0,17467.0,2459.9375
6271,8.6343,7.3943,2.7011,8.6602,310.0,18541.0,2459.9375
6272,8.6657,8.2716,2.7187,7.4557,311.0,19883.0,2459.9375
6273,7.4547,7.1618,2.1767,7.7835,311.0,23612.0,2459.9375
6274,7.7517,8.1344,2.3363,9.1613,307.0,16485.0,2459.9375
6275,9.2239,7.6859,2.3644,13.9002,309.0,19284.0,2459.9375
6276,13.896,7.6859,2.571,8.0805,309.0,25849.0,2459.9375
6277,7.9889,7.7942,2.4887,9.5988,308.0,35277.0,2459.9375
6278,9.716,8.2182,2.5266,7.0072,309.0,40909.0,2459.9375
6279,6.8632,7.1569,2.0804,8.3778,308.0,30365.0,2459.9375
6280,8.4252,8.0841,2.1904,7.0431,309.0,30697.0,2459.9375
6281,7.0037,6.949,1.8404,9.4418,311.0,41321.0,2459.9375
6282,9.4913,7.495,2.0179,7.6549,313.0,29329.0,2459.9375
6283,7.6462,7.437,2.0043,8.7987,312.0,19405.0,2459.9375
6284,8.8958,8.181,2.5106,8.3885,312.0,19677.0,2459.9375
6285,8.2533,7.1497,2.3375,8.0628,309.0,26823.0,2459.9375
6286,8.0922,8.2336,3.1103,7.8122,310.0,28919.0,2459.9375
6287,7.8231,6.9665,3.1087,8.6305,310.0,24871.0,2459.9375
6288,8.6739,7.8957,3.0081,7.6691,307.0,20277.0,2459.9375
6289,7.6809,7.322,1.9946,8.3706,309.0,18057.0,2459.9375
6290,8.3598,8.4651,2.1245,8.3091,307.0,14533.0,2459.9375
6291,8.2335,7.0916,1.9453,8.4456,307.0,14437.0,2459.9375
6292,8.5642,8.1212,2.3432,6.9693,307.0,15669.0,2459.9375
6293,6.8791,6.9677,2.0655,8.2897,307.0,17445.0,2459.9375
6294,8.2948,8.1391,1.9648,8.6606,307.0,16957.0,2459.9375
6295,8.6344,7.3608,1.8203,9.1048,307.0,17201.0,2459.9375
6296,9.1603,8.3872,2.2218,7.5444,308.0,16673.0,2459.9375
6297,7.6682,7.1449,2.6968,7.5295,308.0,16109.0,2459.9375
6298,7.4196,8.0958,2.8695,8.3611,312.0,16017.0,2459.9375
6299,8.3504,6.9487,1.9423,8.3426,314.0,17840.0,2459.9375
6300,8.2905,8.2193,2.067,9.1407,312.0,15989.0,2459.9375
6301,9.1759,7.3483,2.0694,8.6369,307.0,18019.0,2459.9375
6302,8.6597,8.1458,2.3479,7.447,310.0,20802.0,2459.9375
6303,7.4017,7.0853,2.1068,6.8226,311.0,23843.0,2459.9375
6304,6.9472,7.9715,2.1243,8.9551,308.0,22494.0,2459.9375
6305,8.8277,6.9181,1.7969,7.2707,309.0,25065.0,2459.9375
6306,7.2979,8.4701,2.0804,9.7067,309.0,20525.0,2459.9375
6307,9.7233,7.384,2.3905,8.3206,315.0,29625.0,2459.9375
6308,8.4539,8.2194,2.5068,8.0698,318.0,29497.0,2459.9375
6309,7.908,7.4438,2.1612,9.384,310.0,19297.0,2459.9375
6310,9.4351,8.2492,3.3313,6.8084,308.0,18483.0,2459.9375
6311,6.7639,7.0125,2.0252,8.7983,306.0,19909.0,2459.9375
6312,9.0483,7.8865,1.9445,7.6457,309.0,17733.0,2459.9375
6313,7.3809,7.3532,2.0511,8.3431,303.0,17741.0,2459.9375
6314,8.3862,8.299,2.4,8.3803,313.0,17249.0,2459.9375
6315,8.3365,7.1186,2.1223,9.1587,286.0,14381.0,2459.9375
6316,9.223,8.3866,2.3461,7.1583,311.0,18805.0,2459.9375
6317,7.213,6.9582,2.3372,7.8228,287.0,15439.0,2459.9375
6318,7.8394,8.0399,2.3156,8.3489,301.0,22885.0,2459.9375
6319,8.3675,7.4243,2.3165,8.7198,299.0,22001.0,2459.9375
6320,8.5909,8.5595,2.5989,8.2687,307.0,26075.0,2459.9375
6321,8.3058,8.1182,3.7813,10.3865,308.0,34849.0,2459.9375
6322,10.3894,8.1182,2.1756,7.4147,308.0,24241.0,2459.9375
6323,7.4042,7.0662,2.6686,8.371,312.0,23239.0,2459.9375
6324,8.3577,8.0078,2.3966,8.2707,309.0,18789.0,2459.9375
6325,8.3679,7.3851,2.4655,8.9502,310.0,21369.0,2459.9375
6326,8.9556,8.4738,2.424,7.4022,298.0,19345.0,2459.9375
6327,7.315,7.1603,1.9752,7.8948,312.0,18996.0,2459.9375
6328,7.9496,7.9403,2.1844,8.4491,307.0,16337.0,2459.9375
6329,8.3835,6.9831,2.1801,8.8677,310.0,18430.0,2459.9375
6330,8.9355,8.1388,2.5494,8.3634,313.0,17896.0,2459.9375
6331,8.3113,7.4779,2.3722,7.3187,295.0,17294.0,2459.9375
6332,7.2637,8.3778,2.2794,8.4856,312.0,16917.0,2459.9375
6333,8.5588,7.2094,2.036,7.5649,311.0,15695.0,2459.9375
6334,7.5478,7.5387,2.4141,9.43,311.0,17343.0,2459.9375
6335,9.4389,6.9949,2.2771,8.1275,309.0,19735.0,2459.9375
6336,8.1505,8.0863,2.3017,8.4623,307.0,17413.0,2459.9375
6337,8.4156,7.4315,2.4502,7.4952,307.0,16757.0,2459.9375
6338,7.4992,8.0078,2.3038,9.0473,307.0,16341.0,2459.9375
6339,9.0183,7.1538,2.1197,9.1184,284.0,16401.0,2459.9375
6340,9.1469,8.1069,2.2636,7.3604,300.0,20361.0,2459.9375
6341,7.3705,6.9797,2.344,7.9549,317.0,27762.0,2459.9375
6342,8.0017,7.9843,2.6494,7.9666,310.0,27086.0,2459.9375
6343,7.9025,7.4355,1.9507,8.3029,311.0,28443.0,2459.9375
6344,8.3379,8.2972,2.2304,8.3999,310.0,21387.0,2459.9375
6345,8.3727,7.234,2.5193,7.8902,308.0,20805.0,2459.9375
6346,7.9652,8.1202,2.6956,7.5285,312.0,19119.0,2459.9375
6347,7.4408,6.9681,1.888,8.0157,312.0,21945.0,2459.9375
6348,8.0159,7.1354,2.3227,9.4527,313.0,20551.0,2459.9375
6349,9.4778,7.6561,2.6772,7.1583,309.0,20905.0,2459.9375
6350,7.1505,7.1738,1.9978,8.1677,312.0,17685.0,2459.9375
6351,8.165,7.5625,1.8599,7.9633,314.0,23781.0,2459.9375
6352,7.9491,7.1221,1.941,8.0283,303.0,21485.0,2459.9375
6353,8.1071,7.8898,2.3583,7.345,295.0,17505.0,2459.9375
6354,7.2543,6.9792,1.9786,8.7269,273.0,13885.0,2459.9375
6355,8.8047,8.0619,2.1266,7.5978,272.0,13873.0,2459.9375
6356,7.5462,7.2455,1.7924,8.0303,274.0,13945.0,2459.9375
6357,8.062,8.2955,1.928,8.7231,271.0,13861.0,2459.9375
6358,8.8133,7.1848,2.0563,7.742,282.0,14521.0,2459.9375
6359,7.6565,7.8381,2.2091,7.8317,272.0,13873.0,2459.9375
6360,7.7979,6.9887,1.8468,7.9708,272.0,13873.0,2459.9375
6361,8.0143,8.2761,2.0092,8.4576,272.0,13873.0,2459.9375
6362,8.4158,7.2997,2.0718,8.5644,277.0,13889.0,2459.9375
6363,8.5584,8.1351,1.9258,8.3548,276.0,13877.0,2459.9375
6364,8.4051,7.1649,2.0299,7.829,276.0,13877.0,2459.9375
6365,7.8495,7.8611,2.3012,7.9937,284.0,17851.0,2459.9375
6366,7.9068,6.9927,2.0201,8.2087,281.0,15983.0,2459.9375
6367,8.4368,8.6187,2.223,9.0536,281.0,15983.0,2459.9375
6368,8.8899,7.3217,2.7465,7.7329,277.0,14173.0,2459.9375
6369,7.7993,8.0941,2.3631,8.1298,308.0,16497.0,2459.9375
6370,8.0306,7.1661,1.83,8.5189,307.0,17397.0,2459.9375
6371,8.546,8.1119,1.8156,8.0227,307.0,14533.0,2459.9375
6372,8.0066,7.0557,2.1728,8.4204,309.0,14413.0,2459.9375
6373,8.4499,8.1445,2.3792,7.5809,308.0,17640.0,2459.9375
6374,7.5396,7.3685,1.9173,7.8311,271.0,13861.0,2459.9375
6375,7.8596,8.0042,1.9374,8.0831,271.0,13861.0,2459.9375
6376,8.1022,7.094,1.8214,8.4185,308.0,18611.0,2459.9375
6377,8.5081,8.1774,1.9,7.9293,308.0,17477.0,2459.9375
6378,7.7609,6.9756,1.8848,8.0623,311.0,18531.0,2459.9375
6379,8.1672,8.0936,2.0196,8.4554,315.0,19887.0,2459.9375
6380,8.3833,7.3593,1.8085,8.4221,313.0,23592.0,2459.9375
6381,8.5502,8.3967,2.1118,8.1307,309.0,16487.0,2459.9375
6382,7.9783,7.0888,1.6254,6.817,311.0,19286.0,2459.9375
6383,6.8859,8.2055,2.1711,8.8169,310.0,25839.0,2459.9375
6384,8.8583,6.9165,1.9368,7.6248,309.0,35289.0,2459.9375
6385,7.6716,7.5669,2.0247,10.0478,308.0,40897.0,2459.9375
6386,9.9273,8.2616,2.6074,9.0761,307.0,30353.0,2459.9375
6387,9.1281,7.7501,2.6399,7.4403,310.0,30709.0,2459.9375
6388,7.43,7.7784,2.1675,6.5354,313.0,41345.0,2459.9375
6389,6.7961,8.0631,2.3305,9.0328,310.0,29337.0,2459.9375
6390,8.7696,7.015,2.2288,10.5308,309.0,19413.0,2459.9375
6391,10.6698,7.6282,3.3506,15.1288,309.0,19685.0,2459.9375
6392,15.2532,7.6791,3.767,13.5177,309.0,26845.0,2459.9375
6393,13.5535,8.8898,4.5931,17.022,307.0,28905.0,2459.9375
6394,16.8276,8.8898,4.0876,9.5861,311.0,24861.0,2459.9375
6395,9.7804,8.5759,3.89,9.2558,312.0,20293.0,2459.9375
6396,9.2143,7.812,3.8757,11.5963,315.0,18085.0,2459.9375
6397,11.4702,8.772,2.8821,14.1122,309.0,14535.0,2459.9375
6398,14.2356,7.098,3.9305,9.8104,309.0,14439.0,2459.9375
6399,9.6875,7.2662,3.2624,10.1366,309.0,15671.0,2459.9375
6400,10.1839,8.7301,3.547,16.6806,307.0,17445.0,2459.9375
6401,16.7512,8.6012,4.6208,12.4954,307.0,16957.0,2459.9375
6402,12.4432,7.0852,4.3772,10.2751,310.0,17237.0,2459.9375
6403,10.3203,7.0852,2.9051,8.6273,308.0,16673.0,2459.9375
6404,8.4196,7.2322,2.226,8.0005,307.0,16097.0,2459.9375
6405,8.1293,8.6378,2.1062,8.017,309.0,16025.0,2459.9375
6406,7.963,7.2557,2.0203,8.0237,309.0,17824.0,2459.9375
6407,7.9393,8.105,2.3917,8.1085,308.0,15985.0,2459.9375
6408,8.1822,7.1881,2.1413,8.1216,307.0,18719.0,2459.9375
6409,8.1763,7.8427,2.9944,8.9896,310.0,21836.0,2459.9375
6410,8.9215,7.4267,2.539,7.0672,312.0,22443.0,2459.9375
6411,7.012,8.0894,2.2181,8.7584,314.0,22366.0,2459.9375
6412,8.7154,7.5947,2.2461,7.7169,312.0,25521.0,2459.9375
6413,7.701,7.8778,2.015,9.1721,310.0,20515.0,2459.9375
6414,9.2114,7.3433,2.0631,6.8556,319.0,30415.0,2459.9375
6415,6.8525,7.0012,2.0706,9.712,317.0,28187.0,2459.9375
6416,9.7444,8.7145,3.1261,9.7583,312.0,19369.0,2459.9375
6417,9.7659,7.3059,2.5665,9.5337,308.0,20123.0,2459.9375
6418,9.5834,8.347,3.4638,10.6227,307.0,18329.0,2459.9375
6419,10.6088,7.071,3.0692,10.537,307.0,17709.0,2459.9375
6420,10.8649,8.1772,3.735,9.9347,299.0,17501.0,2459.9375
6421,9.7831,8.7549,3.3934,12.1336,307.0,17221.0,2459.9375
6422,11.9092,8.7549,3.234,7.8794,282.0,14521.0,2459.9375
6423,8.0093,7.1581,2.9802,8.6736,305.0,18633.0,2459.9375
6424,8.571,8.2747,2.7956,7.7581,284.0,15425.0,2459.9375
6425,7.7869,6.9912,2.2848,7.5062,299.0,22931.0,2459.9375
6426,7.4309,7.9915,1.9516,8.1475,303.0,22329.0,2459.9375
6427,8.0973,7.4208,1.5735,8.8448,313.0,26857.0,2459.9375
6428,8.8918,8.2718,1.6094,8.0617,313.0,35777.0,2459.9375
6429,8.0592,6.9474,1.876,7.9271,310.0,23357.0,2459.9375
6430,8.2766,8.4544,2.2891,7.9224,312.0,22279.0,2459.9375
6431,7.5554,6.8877,1.7987,8.7131,311.0,19493.0,2459.9375
6432,8.8019,7.9192,1.9555,8.3448,307.0,20439.0,2459.9375
6433,8.2848,7.3364,2.1738,7.1415,299.0,19357.0,2459.9375
6434,7.1754,8.7951,1.87,8.6874,310.0,18972.0,2459.9375
6435,8.5969,6.8869,1.4969,8.7858,308.0,16349.0,2459.9375
6436,9.4809,7.2554,3.2805,13.7191,311.0,18442.0,2459.9375
6437,13.2301,7.2662,4.1295,17.2941,310.0,17904.0,2459.9375
6438,17.4865,7.2662,6.9329,10.6184,291.0,17290.0,2459.9375
6439,10.3222,8.2634,2.6179,7.4904,309.0,16925.0,2459.9375
6440,7.5089,8.2849,2.1409,9.0973,307.0,15669.0,2459.9375
6441,9.3574,6.904,2.6311,6.7971,307.0,17317.0,2459.9375
6442,6.5962,8.7987,2.3415,10.7393,312.0,19749.0,2459.9375
6443,10.8105,7.4195,2.6238,9.6157,313.0,17441.0,2459.9375
6444,9.5291,8.2323,2.8456,8.3814,313.0,16785.0,2459.9375
6445,8.3548,7.1714,2.9272,9.0464,310.0,16403.0,2459.9375
6446,8.9896,8.5492,3.1088,6.6446,285.0,16343.0,2459.9375
6447,6.6496,6.9835,1.8131,7.3658,300.0,20339.0,2459.9375
6448,7.3661,8.3155,1.8885,9.5715,317.0,27762.0,2459.9375
6449,9.6289,7.5105,1.7997,8.3628,309.0,27074.0,2459.9375
6450,8.3259,8.2001,2.4942,9.6538,309.0,28419.0,2459.9375
6451,9.7152,7.192,3.1642,6.8883,307.0,21351.0,2459.9375
6452,6.8018,8.1741,2.3017,7.9537,310.0,20829.0,2459.9375
6453,8.015,6.8893,2.0633,8.227,307.0,19103.0,2459.9375
6454,8.2002,8.0421,1.9711,7.8852,308.0,21941.0,2459.9375
6455,7.8209,7.3175,1.5908,8.6042,310.0,20559.0,2459.9375
6456,8.6137,8.0144,1.6318,7.7045,307.0,20903.0,2459.9375
6457,7.7172,6.9361,1.8757,9.1488,311.0,17695.0,2459.9375
6458,9.1577,8.2723,2.661,8.0426,317.0,23795.0,2459.9375
6459,8.1577,7.0604,2.7394,7.7855,308.0,21501.0,2459.9375
6460,7.7165,8.3246,2.3061,8.5989,299.0,17509.0,2459.9375
6461,8.5613,7.4123,2.1628,8.9014,273.0,13863.0,2459.9375
6462,8.8891,8.4015,1.9072,6.7801,273.0,13863.0,2459.9375
6463,6.8249,6.869,1.7348,7.81,275.0,13935.0,2459.9375
6464,7.8164,8.152,2.4761,7.9201,272.0,13873.0,2459.9375
6465,7.9211,6.8957,1.9194,8.1728,283.0,14533.0,2459.9375
6466,8.197,7.8924,2.2921,8.1706,271.0,13861.0,2459.9375
6467,8.1108,7.3923,2.0091,7.6096,271.0,13861.0,2459.9375
6468,7.6624,7.9971,2.0387,8.9804,272.0,13873.0,2459.9375
6469,8.9197,7.22,2.0506,7.2325,274.0,13897.0,2459.9375
6470,7.2448,8.1684,2.087,8.5787,271.0,13861.0,2459.9375
6471,8.5912,6.9508,2.6437,7.6717,273.0,13885.0,2459.9375
6472,7.7278,6.8874,2.09,9.001,283.0,17861.0,2459.9375
6473,8.908,8.3893,2.207,7.0952,278.0,15969.0,2459.9375
6474,7.0619,7.1706,2.3426,8.9243,283.0,15985.0,2459.9375
6475,8.9849,8.1381,1.7295,7.4335,281.0,14177.0,2459.9375
6476,7.393,7.3857,1.74,9.3369,314.0,16525.0,2459.9375
6477,9.3756,7.6638,1.6745,6.5552,310.0,17411.0,2459.9375
6478,6.5768,6.9833,1.7898,8.725,310.0,14547.0,2459.9375
6479,8.7726,8.0152,1.9584,7.6553,310.0,14403.0,2459.9375
6480,7.6547,7.2717,1.9158,8.7055,312.0,17688.0,2459.9375
6481,8.6639,8.0437,1.7442,6.9402,271.0,13861.0,2459.9375
6482,6.9198,6.8832,1.9483,8.4042,271.0,13861.0,2459.9375
6483,8.4179,8.4953,1.8118,8.2817,308.0,18611.0,2459.9375
6484,8.2459,6.942,1.867,9.6142,308.0,17477.0,2459.9375
6485,9.6676,8.2104,1.9762,7.3007,307.0,18527.0,2459.9375
6486,7.246,7.3804,1.9477,8.8339,311.0,19883.0,2459.9375
6487,8.9771,8.3381,1.9418,7.6373,311.0,23612.0,2459.9375
6488,7.6027,7.0051,1.8103,7.757,308.0,16497.0,2459.9375
6489,7.6854,8.4184,1.8162,8.5063,310.0,19296.0,2459.9375
6490,8.5437,6.9225,1.7727,8.128,314.0,25865.0,2459.9375
6491,8.1504,8.2519,2.1132,8.225,313.0,35293.0,2459.9375
6492,8.1817,7.3796,2.0938,8.4263,325.0,41633.0,2459.9375
6493,8.4266,8.4584,2.0655,8.131,311.0,30379.0,2459.9375
6494,8.0739,7.292,1.831,9.1045,312.0,30711.0,2459.9375
6495,9.2034,8.4462,2.2878,8.9085,314.0,41335.0,2459.9375
6496,8.8359,7.3072,3.0882,7.7835,309.0,29325.0,2459.9375
6497,7.8091,8.6068,2.2092,8.3457,308.0,19401.0,2459.9375
6498,8.32,7.3386,1.8459,8.8235,309.0,19685.0,2459.9375
6499,8.8799,8.8015,2.01,7.9642,307.0,26821.0,2459.9375
6500,7.9504,7.2726,1.7243,8.9928,308.0,28917.0,2459.9375
6501,9.015,8.5788,1.7607,8.7192,307.0,24857.0,2459.9375
6502,8.7156,7.3802,2.0414,8.5038,310.0,20313.0,2459.9375
6503,8.6281,8.6371,2.2095,8.2097,310.0,18069.0,2459.9375
6504,8.0557,7.3055,1.8228,8.7403,309.0,14557.0,2459.9375
6505,8.7124,8.537,2.3909,8.1175,308.0,14449.0,2459.9375
6506,8.1101,7.2575,1.7732,8.3767,311.0,15673.0,2459.9375
6507,8.4797,8.1783,2.0932,7.9223,312.0,17461.0,2459.9375
6508,7.8346,7.3411,1.6894,9.0902,312.0,16973.0,2459.9375
6509,9.1661,8.5651,1.9144,8.2538,310.0,17215.0,2459.9375
6510,8.1795,7.3569,1.9129,8.4299,309.0,16663.0,2459.9375
6511,8.5143,8.6842,1.9614,8.4408,314.0,17695.0,2459.9375
6512,8.3493,7.2642,1.7492,8.8287,307.0,16001.0,2459.9375
6513,8.972,7.7945,2.2493,8.187,312.0,18884.0,2459.9375
6514,8.1274,7.3555,2.0302,9.3499,307.0,15973.0,2459.9375
6515,9.3341,8.8543,2.2837,8.3656,309.0,18743.0,2459.9375
6516,8.3475,7.4985,1.9023,8.7142,310.0,21884.0,2459.9375
6517,8.6807,8.2925,2.1508,7.5552,309.0,22607.0,2459.9375
6518,7.5802,7.33,1.972,9.4544,310.0,22718.0,2459.9375
6519,9.4778,8.4233,2.22,8.1736,307.0,25969.0,2459.9375
6520,8.163,7.5691,2.3481,9.8237,308.0,20049.0,2459.9375
6521,9.8699,8.5688,2.6271,6.9833,319.0,30437.0,2459.9375
6522,6.871,7.3078,2.221,9.5987,319.0,28189.0,2459.9375
6523,9.6757,7.4381,2.5133,8.1852,313.0,19337.0,2459.9375
6524,8.257,7.4607,2.4956,8.6636,313.0,20139.0,2459.9375
6525,8.5876,8.5895,1.8974,7.4222,310.0,18343.0,2459.9375
6526,7.5356,8.4614,2.1194,9.8353,300.0,17123.0,2459.9375
6527,9.6643,7.4346,2.2273,7.8817,279.0,14591.0,2459.9375
6528,7.9963,8.4795,2.7366,9.8945,309.0,18981.0,2459.9375
6529,9.8576,7.4027,3.3593,8.4038,278.0,14697.0,2459.9375
6530,8.5326,8.4326,2.8716,8.2747,308.0,17745.0,2459.9375
6531,8.141,7.4094,2.2547,8.0793,277.0,14221.0,2459.9375
6532,8.1266,8.0473,2.3,8.727,304.0,18621.0,2459.9375
6533,8.6773,7.4073,2.0401,7.583,284.0,15425.0,2459.9375
6534,7.6022,8.5128,1.8781,9.5667,302.0,23575.0,2459.9375
6535,9.5188,7.3407,2.0359,8.3829,298.0,23171.0,2459.9375
6536,8.4214,8.3281,2.1871,8.3885,307.0,25923.0,2459.9375
6537,8.3944,7.3951,2.4988,9.3561,308.0,36699.0,2459.9375
6538,9.4285,8.8457,2.5576,8.5125,312.0,22421.0,2459.9375
6539,8.5787,7.5566,2.2132,8.6616,314.0,22281.0,2459.9375
6540,8.582,8.6694,2.2701,7.5908,315.0,19519.0,2459.9375
6541,7.512,7.397,2.1899,9.0805,314.0,21115.0,2459.9375
6542,9.1061,8.6864,2.7237,7.6449,299.0,18865.0,2459.9375
6543,7.5942,7.2848,1.8065,8.9527,312.0,18974.0,2459.9375
6544,8.9808,8.6472,2.0103,9.1653,309.0,16409.0,2459.9375
6545,9.1756,7.2812,1.962,8.7548,310.0,18430.0,2459.9375
6546,8.7975,8.2868,2.7397,8.6101,309.0,17892.0,2459.9375
6547,8.5445,7.3607,2.3899,8.2712,302.0,17854.0,2459.9375
6548,8.3989,8.4801,2.7992,9.2098,307.0,17029.0,2459.9375
6549,9.0742,7.3928,2.1779,9.2128,308.0,16065.0,2459.9375
6550,9.2616,8.46,2.6663,7.4768,307.0,18245.0,2459.9375
6551,7.4101,7.5193,2.1715,9.0607,308.0,19281.0,2459.9375
6552,9.1213,8.6474,2.8211,8.0131,296.0,15729.0,2459.9375
6553,7.9924,7.5989,2.2962,9.204,278.0,14233.0,2459.9375
6554,9.2063,7.8072,2.4372,8.3082,311.0,17129.0,2459.9375
6555,8.3576,7.3622,2.4595,9.7575,293.0,14849.0,2459.9375
6556,9.7305,8.6833,2.5407,8.1697,294.0,16301.0,2459.9375
6557,8.1701,8.3647,2.3097,9.4445,281.0,14807.0,2459.9375
6558,9.4474,7.7798,2.5704,9.5395,303.0,20887.0,2459.9375
6559,9.6652,8.7597,2.7677,8.2375,320.0,29984.0,2459.9375
6560,8.1562,7.3397,2.6462,9.3675,309.0,29650.0,2459.9375
6561,9.3792,8.5739,2.4609,7.5637,312.0,23803.0,2459.9375
6562,7.4793,7.4163,2.8027,9.0261,309.0,21303.0,2459.9375
6563,9.0898,8.6886,2.325,7.9526,306.0,21051.0,2459.9375
6564,8.007,7.3452,2.6338,10.5217,307.0,19093.0,2459.9375
6565,10.5349,8.519,3.0609,7.6796,309.0,21585.0,2459.9375
6566,7.547,8.5552,2.943,10.8641,563.0,80645.0,2459.9375
6567,11.0856,8.5552,2.2796,7.3325,315.0,15707.0,2459.9375
6568,7.1431,7.3751,2.0874,10.1062,366.0,26815.0,2459.9375
6569,10.0629,6.5158,2.6621,9.6619,381.0,29515.0,2459.9375
6570,9.7072,6.5158,2.1394,6.4238,286.0,36783.0,2459.9375
6571,6.3737,6.696,1.8967,7.8053,290.0,15643.0,2459.9375
6572,7.8443,6.5903,2.5442,7.0739,263.0,10439.0,2459.9375
6573,7.0811,7.9997,2.105,8.3243,284.0,17075.0,2459.9375
6574,8.3113,6.4233,1.8509,7.3356,279.0,19531.0,2459.9375
6575,7.3791,7.5,2.0924,7.202,309.0,13305.0,2459.9375
6576,7.232,6.394,1.8178,7.8018,269.0,10879.0,2459.9375
6577,7.7384,7.4648,2.0339,7.0767,269.0,18003.0,2459.9375
6578,7.0597,6.2862,1.9948,7.1358,247.0,9559.0,2459.9375
6579,7.1976,7.8214,2.1226,8.0473,276.0,9763.0,2459.9375
6580,8.0034,6.3988,2.6657,7.2645,277.0,9727.0,2459.9375
6581,7.2989,6.6695,2.2419,8.4753,278.0,12594.0,2459.9375
6582,8.4857,7.5921,2.6227,6.2452,249.0,9631.0,2459.9375
6583,6.1446,6.4173,1.7655,6.8328,240.0,9139.0,2459.9375
6584,6.8591,7.352,1.7464,7.5854,240.0,9139.0,2459.9375
6585,7.6065,6.2846,1.636,7.4858,277.0,13889.0,2331.9375
6586,7.561,7.2509,1.9709,7.9347,279.0,12735.0,2331.9375
6587,7.8237,6.4113,1.9412,7.5665,281.0,13821.0,2331.9375
6588,7.608,7.764,2.4703,7.2859,285.0,15177.0,2331.9375
6589,7.2778,6.4857,2.1112,6.991,280.0,18868.0,2331.9375
6590,6.9678,6.4244,2.3433,8.2412,278.0,11765.0,2331.9375
6591,8.263,6.7724,1.7965,6.8727,281.0,14576.0,2331.9375
6592,6.8213,6.3861,1.7168,7.5942,277.0,21115.0,2331.9375
6593,7.6545,7.6093,1.9377,6.8399,278.0,30567.0,2331.9375
6594,6.8285,6.3869,1.7962,7.4058,276.0,32827.0,2331.9375
6595,7.3936,7.6617,1.7849,8.2673,276.0,28967.0,2331.9375
6596,8.3028,6.3796,1.9739,7.7946,279.0,24391.0,2331.9375
6597,7.8247,7.4915,2.3877,7.468,280.0,36231.0,2331.9375
6598,7.4184,6.4162,2.2476,5.9286,278.0,21635.0,2331.9375
6599,5.9117,6.3814,1.6651,8.726,277.0,18207.0,2331.9375
6600,8.7766,7.5018,2.1009,6.076,279.0,16379.0,2331.9375
6601,6.0776,6.3499,1.7469,8.9909,275.0,22087.0,2331.9375
6602,8.9941,7.7234,1.8722,6.3557,280.0,21951.0,2331.9375
6603,6.2891,6.3308,1.6988,7.7115,281.0,20663.0,2331.9375
6604,7.7741,7.5841,1.6641,7.4952,280.0,17331.0,2331.9375
6605,7.571,6.4366,1.743,7.2152,281.0,13349.0,2331.9375
6606,7.1307,7.7209,1.9217,7.8914,278.0,9909.0,2331.9375
6607,7.8473,6.3369,1.6307,6.656,281.0,9705.0,2331.9375
6608,6.6861,6.5567,2.3021,8.7302,275.0,11831.0,2331.9375
6609,8.75,7.3338,2.0954,6.1205,278.0,14776.0,2331.9375
6610,6.1349,6.3905,1.7967,8.3304,277.0,16995.0,2331.9375
6611,8.2906,7.4668,1.8392,6.7861,279.0,13717.0,2331.9375
6612,6.7836,6.4263,2.08,8.6062,278.0,14917.0,2331.9375
6613,8.6196,7.4946,2.1636,6.3732,276.0,21241.0,2331.9375
6614,6.3371,6.3866,1.7483,7.2763,280.0,15487.0,2331.9375
6615,7.3249,7.7785,1.9085,7.7019,281.0,16549.0,2331.9375
6616,7.7329,6.3895,1.69,6.9186,281.0,16852.0,2331.9375
6617,7.0508,6.3837,2.6478,7.9414,277.0,14386.0,2331.9375
6618,7.7295,7.4392,2.0869,6.7815,280.0,11123.0,2331.9375
6619,6.7883,6.3128,1.6658,7.832,284.0,13507.0,2331.9375
6620,7.8626,6.6598,1.7898,8.0438,279.0,14519.0,2331.9375
6621,8.0977,6.3706,2.6093,6.3766,263.0,10845.0,2331.9375
6622,6.3294,7.5822,1.7904,8.3739,268.0,10729.0,2331.9375
6623,8.4028,7.1139,1.7052,7.4552,260.0,11697.0,2331.9375
6624,7.5589,7.3567,2.3187,7.7613,278.0,16261.0,2331.9375
6625,7.7498,6.445,2.2496,6.5312,278.0,21859.0,2331.9375
6626,6.4091,6.646,2.2836,8.1443,274.0,17287.0,2331.9375
6627,8.1134,7.4962,2.2854,6.6882,275.0,17225.0,2331.9375
6628,6.7066,6.4287,1.9691,7.1107,278.0,18504.0,2331.9375
6629,7.1235,7.3192,2.4146,7.0154,275.0,15285.0,2331.9375
6630,6.9943,6.363,1.6455,7.1661,279.0,30215.0,2331.9375
6631,7.2332,7.2402,1.6408,7.4154,277.0,12401.0,2331.9375
6632,7.3642,6.3333,1.6851,6.7509,274.0,11799.0,2331.9375
6633,6.7812,7.6052,1.7421,8.2517,279.0,18580.0,2331.9375
6634,8.2537,6.3174,2.3398,6.6604,268.0,13879.0,2331.9375
6635,6.6033,6.3322,1.6469,8.1628,278.0,12187.0,2331.9375
6636,8.1728,6.611,1.783,6.6301,278.0,11723.0,2331.9375
6637,6.594,6.4015,1.5227,7.1178,253.0,10341.0,2331.9375
6638,7.2977,7.5577,1.8764,8.0202,277.0,13239.0,2331.9375
6639,7.8843,6.3917,1.9399,7.672,278.0,13497.0,2331.9375
6640,7.7196,7.6997,1.8948,7.3619,276.0,14113.0,2331.9375
6641,7.305,6.3972,1.647,7.7128,276.0,12743.0,2331.9375
6642,7.7924,7.2863,1.9444,8.3259,274.0,12499.0,2331.9375
6643,8.4104,6.4069,2.1663,6.6772,274.0,12923.0,2331.9375
6644,6.6778,6.4198,2.0655,7.787,276.0,13081.0,2331.9375
6645,7.6173,7.5849,2.0279,6.4476,277.0,14767.0,2331.9375
6646,6.4905,6.3284,1.5526,9.6036,274.0,11571.0,2331.9375
6647,9.68,7.5912,2.1631,7.5548,276.0,15023.0,2331.9375
6648,7.5383,6.3224,2.5383,8.1906,276.0,12427.0,2331.9375
6649,8.1396,7.4813,2.9913,6.7743,255.0,10717.0,2331.9375
6650,6.7755,6.3805,1.9729,7.6306,281.0,26751.0,2331.9375
6651,7.7328,7.5634,1.9782,7.242,279.0,17749.0,2331.9375
6652,7.0821,6.5058,2.1011,8.4554,279.0,14741.0,2331.9375
6653,8.6643,7.5333,2.9385,7.1369,268.0,14729.0,2331.9375
6654,7.0435,6.4438,2.0366,7.0578,276.0,14022.0,2331.9375
6655,7.0797,6.4166,2.2792,7.3266,280.0,17083.0,2331.9375
6656,7.287,7.5499,1.9385,7.429,282.0,19336.0,2331.9375
6657,7.3953,6.3624,2.3668,7.3738,274.0,17095.0,2331.9375
6658,7.4053,7.5836,1.8587,6.8501,254.0,9959.0,2331.9375
6659,6.7491,6.3345,1.4879,7.9517,241.0,9131.0,2331.9375
6660,8.0253,7.4701,1.6971,7.1584,254.0,10007.0,2331.9375
6661,7.1439,6.397,2.0027,7.2053,238.0,9095.0,2331.9375
6662,7.2665,7.4697,2.0887,7.4247,254.0,10021.0,2331.9375
6663,7.3669,6.3655,2.3048,6.7082,277.0,11291.0,2331.9375
6664,6.6791,6.5427,2.0272,9.0285,276.0,12849.0,2331.9375
6665,9.14,7.4666,2.3623,6.6286,279.0,11779.0,2331.9375
6666,6.5661,6.4403,2.9031,8.3653,281.0,13995.0,2331.9375
6667,8.4033,7.8067,2.8134,7.1555,279.0,12013.0,2331.9375
6668,7.1415,6.5795,2.1779,8.2824,280.0,11879.0,2331.9375
6669,8.3407,7.5505,2.5758,7.3056,270.0,18279.0,2331.9375
6670,7.205,6.5515,2.0375,7.2579,279.0,16821.0,2331.9375
6671,7.2345,7.8321,1.9042,8.0225,279.0,14373.0,2331.9375
6672,8.0688,6.4493,2.0209,6.5615,250.0,9719.0,2331.9375
6673,6.5926,7.4815,2.0324,8.1075,259.0,10355.0,2331.9375
6674,8.1138,6.3769,2.2202,6.7509,269.0,17983.0,2331.9375
6675,6.7547,6.2972,1.9228,7.4113,248.0,9551.0,2331.9375
6676,7.4529,7.3144,2.0925,7.061,276.0,9743.0,2331.9375
6677,7.0072,6.4098,1.8631,7.7204,276.0,9695.0,2331.9375
6678,7.7241,7.8397,2.002,7.2374,277.0,12562.0,2331.9375
6679,7.2328,6.434,1.7153,7.7815,250.0,9623.0,2331.9375
6680,7.7412,7.3844,2.0055,7.179,238.0,9095.0,2331.9375
6681,7.224,6.4536,1.9486,6.2731,240.0,9119.0,2331.9375
6682,6.2289,6.5907,2.0603,8.5721,278.0,13837.0,2331.9375
6683,8.558,7.3871,2.2368,6.686,279.0,12715.0,2331.9375
6684,6.6696,6.4621,1.7004,7.7097,279.0,13777.0,2331.9375
6685,7.8708,7.5366,1.8809,7.3419,280.0,15119.0,2331.9375
6686,7.1983,6.45,1.5992,7.7821,278.0,18824.0,2331.9375
6687,7.819,7.2319,1.9631,6.6758,276.0,11721.0,2331.9375
6688,6.6355,6.357,1.9007,7.4899,277.0,14530.0,2331.9375
6689,7.5655,7.7305,1.9637,7.6821,276.0,21083.0,2331.9375
6690,7.5765,6.4094,1.6029,7.1048,279.0,30559.0,2331.9375
6691,7.3433,6.3609,2.1734,7.9736,278.0,32831.0,2331.9375
6692,7.7755,7.0072,2.0222,6.7344,278.0,28971.0,2331.9375
6693,6.7476,6.4355,1.6872,7.0874,276.0,24335.0,2331.9375
6694,7.1755,7.8133,1.6446,8.1659,281.0,36223.0,2331.9375
6695,8.0594,6.3606,1.469,7.4186,275.0,21579.0,2331.9375
6696,7.4771,7.5312,1.6733,7.8558,275.0,18163.0,2331.9375
6697,7.791,6.3706,1.7245,7.2793,274.0,16299.0,2331.9375
6698,7.3951,7.2123,2.1192,7.3987,282.0,22107.0,2331.9375
6699,7.3147,6.4317,2.4673,6.7595,280.0,21931.0,2331.9375
6700,6.7462,6.4176,2.7579,8.6438,278.0,20191.0,2331.9375
6701,8.7353,7.593,3.0417,6.8229,278.0,17213.0,2331.9375
6702,6.7386,6.4919,2.3304,7.7989,278.0,13757.0,2331.9375
6703,7.8987,7.6018,2.2568,7.1981,279.0,9949.0,2331.9375
6704,7.1255,6.3694,2.0143,7.4162,274.0,9623.0,2331.9375
6705,7.4043,7.4797,1.9016,7.5785,277.0,11835.0,2331.9375
6706,7.5657,6.5209,1.9512,6.9421,278.0,14756.0,2331.9375
6707,6.9912,7.3636,1.9002,7.3736,274.0,16153.0,2331.9375
6708,7.3768,6.4338,1.5425,7.2389,274.0,13841.0,2331.9375
6709,7.2069,7.4064,1.9752,8.5849,274.0,13647.0,2331.9375
6710,8.626,6.3597,2.1582,7.7566,277.0,21517.0,2331.9375
6711,7.7553,6.4378,2.5778,8.2956,278.0,16723.0,2331.9375
6712,8.2668,7.0779,2.4928,7.9598,281.0,16355.0,2331.9375
6713,7.9341,6.5622,2.377,7.9305,280.0,17118.0,2331.9375
6714,8.029,7.4577,2.6961,7.4312,278.0,12507.0,2331.9375
6715,7.3849,6.404,2.6614,7.8416,283.0,13054.0,2331.9375
6716,7.8281,7.7829,2.1107,6.9087,280.0,12947.0,2331.9375
6717,6.8613,6.4083,1.8111,7.3643,279.0,15005.0,2331.9375
6718,7.4253,7.3141,1.8924,7.0323,270.0,11265.0,2331.9375
6719,6.98,6.3804,2.4187,7.2699,279.0,12789.0,2331.9375
6720,7.499,7.4506,2.3148,7.8758,249.0,10075.0,2331.9375
6721,7.7088,6.3949,1.9395,6.8963,280.0,18455.0,2331.9375
6722,6.8186,6.3673,1.7775,7.1612,278.0,20057.0,2331.9375
6723,7.2069,6.4692,2.3706,12.9456,274.0,17655.0,2331.9375
6724,13.0216,6.641,2.7852,11.7153,275.0,16361.0,2331.9375
6725,11.806,6.641,2.7714,8.0434,277.0,19334.0,2331.9375
6726,7.9285,7.9479,2.3684,6.7342,277.0,18859.0,2331.9375
6727,6.622,6.4109,1.8119,7.6864,280.0,25595.0,2331.9375
6728,7.7452,7.5288,1.8793,7.0587,276.0,12389.0,2331.9375
6729,7.0202,6.4945,1.6535,11.0171,277.0,11921.0,2331.9375
6730,11.1397,6.4945,2.1992,6.5618,284.0,19076.0,2331.9375
6731,6.4686,6.3626,1.9503,7.2976,262.0,12953.0,2331.9375
6732,7.2932,7.9682,1.828,7.5221,279.0,12199.0,2331.9375
6733,7.4855,6.4289,1.7096,7.5404,278.0,11745.0,2331.9375
6734,7.6531,6.5128,2.3366,7.9928,257.0,10581.0,2331.9375
6735,7.9192,7.003,1.7331,7.178,278.0,13251.0,2331.9375
6736,7.1965,6.4224,1.7024,7.6609,277.0,14485.0,2331.9375
6737,7.6671,7.6131,2.6355,6.9732,277.0,13611.0,2331.9375
6738,6.9287,6.4301,1.8465,9.1544,275.0,12425.0,2331.9375
6739,9.3196,6.521,2.8878,11.4702,277.0,12377.0,2331.9375
6740,11.5036,6.9567,3.3796,10.4618,275.0,12935.0,2331.9375
6741,10.3144,6.9567,3.7142,6.5827,276.0,13081.0,2331.9375
6742,6.7371,6.7747,2.1992,8.6774,277.0,14767.0,2331.9375
6743,8.5467,6.4736,2.4487,6.2612,275.0,11741.0,2331.9375
6744,6.3311,6.4118,2.6464,9.0586,275.0,15317.0,2331.9375
6745,8.9927,7.6699,2.4086,6.2438,275.0,11951.0,2331.9375
6746,6.1764,6.3976,2.0496,7.3866,254.0,10469.0,2331.9375
6747,7.5734,7.5851,2.1272,7.9836,279.0,26727.0,2331.9375
6748,7.8087,6.4066,1.6307,7.4225,281.0,17773.0,2331.9375
6749,7.4952,7.6358,1.8867,7.5135,279.0,14763.0,2331.9375
6750,7.4656,6.4548,1.7851,7.6658,267.0,14717.0,2331.9375
6751,7.7597,7.4559,2.2463,7.2649,278.0,14046.0,2331.9375
6752,7.284,6.4009,2.7625,6.438,278.0,17081.0,2331.9375
6753,6.2635,6.4259,1.7071,8.9914,281.0,19324.0,2331.9375
6754,9.0664,7.6179,2.4389,6.5434,277.0,17131.0,2331.9375
6755,6.6049,6.4213,1.9782,8.0402,255.0,9971.0,2331.9375
6756,8.0082,7.7623,2.1863,7.2183,239.0,9107.0,2331.9375
6757,7.169,6.3981,2.0229,8.7777,254.0,10007.0,2331.9375
6758,8.8457,7.6844,2.3759,6.7927,240.0,9119.0,2331.9375
6759,6.7232,6.3567,1.8734,7.0789,258.0,10213.0,2331.9375
6760,7.1373,7.6726,1.9915,7.9095,275.0,11267.0,2331.9375
6761,7.8561,6.4152,1.9952,8.1128,276.0,12849.0,2331.9375
6762,8.1048,7.8785,2.3847,7.2862,281.0,11759.0,2331.9375
6763,7.3913,6.4204,2.6862,7.6541,282.0,14007.0,2331.9375
6764,7.6132,6.5146,2.2394,7.42,279.0,12013.0,2331.9375
6765,7.4328,7.6759,2.043,7.8928,279.0,11889.0,2331.9375
6766,7.8837,6.4198,1.971,7.5297,266.0,18087.0,2331.9375
6767,7.4938,7.4831,2.0658,6.9045,278.0,16809.0,2331.9375
6768,6.8782,6.3931,1.6833,7.467,277.0,14371.0,2331.9375
6769,7.4799,7.7717,1.6163,8.5382,253.0,9899.0,2331.9375
6770,8.606,6.4754,1.8974,6.7849,256.0,10175.0,2331.9375
6771,6.7085,6.4505,2.0508,10.1725,268.0,17971.0,2331.9375
6772,10.1932,6.4505,2.1144,7.1055,245.0,9515.0,2331.9375
6773,7.1857,7.2804,2.1919,7.4342,274.0,9719.0,2331.9375
6774,7.3524,6.5063,2.3646,8.0874,275.0,9683.0,2331.9375
6775,8.106,7.719,2.0155,7.5596,277.0,12562.0,2331.9375
6776,7.5555,6.3229,2.3656,6.0218,251.0,9635.0,2331.9375
6777,5.9979,6.4579,2.9772,8.4934,241.0,9131.0,2331.9375
6778,8.5307,6.4639,2.6111,6.6627,243.0,9111.0,2331.9375
6779,6.6206,6.3358,2.0025,7.5754,279.0,13849.0,2331.9375
6780,7.6056,7.4802,1.9889,8.8636,280.0,12727.0,2331.9375
6781,8.9128,6.5772,2.521,7.6644,277.0,13775.0,2331.9375
6782,7.6208,7.7007,2.1245,7.5829,282.0,15143.0,2331.9375
6783,7.5543,6.3874,2.2574,6.3393,279.0,18836.0,2331.9375
6784,6.3549,7.4166,2.1844,7.7119,276.0,11743.0,2331.9375
6785,7.7018,6.5871,1.7988,11.0919,276.0,14518.0,2331.9375
6786,11.3116,6.5871,2.7851,7.0187,277.0,21095.0,2331.9375
6787,6.8259,6.4558,2.2905,7.5895,278.0,30547.0,2331.9375
6788,7.6451,7.5186,2.5092,7.3299,276.0,32807.0,2331.9375
6789,7.3574,6.5025,2.3338,7.5932,277.0,28959.0,2331.9375
6790,7.6135,6.4603,2.3999,7.8851,276.0,24335.0,2331.9375
6791,7.7638,6.418,1.9621,6.7928,279.0,36199.0,2331.9375
6792,6.7821,6.4231,2.6722,8.2903,276.0,21591.0,2331.9375
6793,8.3162,7.5792,2.0674,7.3031,276.0,18175.0,2331.9375
6794,7.26,6.4583,2.1186,7.6197,279.0,16315.0,2331.9375
6795,7.6561,7.4104,2.5084,7.7952,280.0,22083.0,2331.9375
6796,7.782,6.3638,1.9721,8.2228,281.0,21943.0,2331.9375
6797,8.3329,7.5457,2.0704,6.8992,279.0,20225.0,2331.9375
6798,6.7899,6.4882,1.9328,7.1114,276.0,17189.0,2331.9375
6799,7.0834,7.4506,2.4878,7.4475,278.0,13757.0,2331.9375
6800,7.4613,6.4474,2.1917,6.8475,275.0,9923.0,2331.9375
6801,6.8947,6.5705,1.9441,8.7845,274.0,9623.0,2331.9375
6802,8.8181,7.5322,2.416,8.0197,276.0,11823.0,2331.9375
6803,8.0901,6.4062,2.8445,8.7726,277.0,14744.0,2331.9375
6804,8.6616,6.8749,2.2877,6.66,274.0,16153.0,2331.9375
6805,6.6617,7.4718,1.7462,9.2362,275.0,13853.0,2331.9375
6806,9.2808,7.4718,2.4298,6.9256,276.0,13671.0,2331.9375
6807,6.9357,6.3941,1.9085,8.4622,276.0,21505.0,2331.9375
6808,8.4482,7.8301,2.5525,7.1982,278.0,16723.0,2331.9375
6809,7.2187,6.4033,2.1179,8.4672,279.0,16331.0,2331.9375
6810,8.406,7.3545,2.1214,7.1777,286.0,17146.0,2331.9375
6811,7.1903,6.3828,2.0434,8.2436,278.0,12507.0,2331.9375
6812,8.2442,7.8899,2.0492,6.8898,283.0,13054.0,2331.9375
6813,6.8588,6.4911,2.4152,8.4205,276.0,12921.0,2331.9375
6814,8.4525,7.7047,2.7301,6.3852,278.0,14993.0,2331.9375
6815,6.3457,6.3619,1.7189,7.0065,276.0,11993.0,2331.9375
6816,7.0199,6.6293,1.9753,8.3441,271.0,12107.0,2331.9375
6817,8.3719,7.4384,2.1771,6.7152,259.0,13581.0,2331.9375
6818,6.7419,6.376,1.7988,8.1077,278.0,17485.0,2331.9375
6819,8.0808,7.7864,2.0237,7.2353,278.0,19201.0,2331.9375
6820,7.261,6.4318,1.8972,7.6557,274.0,17527.0,2331.9375
6821,7.6381,7.5903,2.1294,7.0993,273.0,15121.0,2331.9375
6822,7.0921,6.4242,1.895,8.0779,278.0,20696.0,2331.9375
6823,8.1155,7.8742,1.9318,8.1258,277.0,18447.0,2331.9375
6824,8.1331,6.4013,2.0818,6.9709,279.0,24645.0,2331.9375
6825,6.9484,6.2811,31.1816,8.6537,275.0,12377.0,2331.9375
6826,31.3743,6.2811,4.1856,7.2521,280.0,16900.0,2331.9375
6827,6.6002,6.2811,3.9286,7.3204,281.0,14053.0,2331.9375
6828,7.3323,6.4726,3.5487,7.2751,261.0,12797.0,2331.9375
6829,7.12,7.5885,2.0591,7.0795,277.0,12197.0,2331.9375
6830,7.0526,6.4463,1.8958,7.0522,276.0,11577.0,2331.9375
6831,7.1537,7.1641,1.9636,8.771,261.0,11259.0,2331.9375
6832,8.7041,6.458,1.7767,5.941,274.0,12691.0,2331.9375
6833,5.8886,6.5815,1.524,9.1569,276.0,14473.0,2331.9375
6834,9.6915,6.4307,2.4835,5.7363,278.0,13623.0,2331.9375
6835,5.2759,6.3094,2.0121,8.1151,277.0,12449.0,2331.9375
6836,8.1024,7.3663,1.8862,7.6167,274.0,12341.0,2331.9375
6837,7.6242,6.3841,2.3739,7.6106,275.0,13187.0,2331.9375
6838,7.5759,7.6038,1.8751,6.8582,276.0,13293.0,2331.9375
6839,6.8926,6.4046,1.7683,8.3885,275.0,14375.0,2331.9375
6840,8.4588,7.7168,2.1623,8.0757,275.0,11989.0,2331.9375
6841,8.0037,6.4591,2.4234,8.1145,275.0,15069.0,2331.9375
6842,8.1342,7.3409,2.779,7.3852,279.0,11811.0,2331.9375
6843,7.3361,6.8055,2.2397,6.8717,258.0,10613.0,2331.9375
6844,6.9414,6.4074,3.1064,8.3934,279.0,26727.0,2331.9375
6845,8.77,7.7639,2.7593,6.7929,277.0,17747.0,2331.9375
6846,6.3436,6.4478,1.717,7.985,278.0,15119.0,2331.9375
6847,8.0981,7.5084,2.0813,6.8444,265.0,14645.0,2331.9375
6848,6.7566,6.3667,1.9824,7.5541,276.0,14044.0,2331.9375
6849,7.5611,7.5703,1.8999,6.9018,279.0,18572.0,2331.9375
6850,6.8918,6.4162,2.0373,7.1958,279.0,17453.0,2331.9375
6851,7.2869,7.5696,1.8698,7.5018,272.0,16975.0,2331.9375
6852,7.4261,6.3603,1.7125,6.9192,253.0,9947.0,2331.9375
6853,6.9493,6.4127,2.1202,8.5884,239.0,9107.0,2331.9375
6854,8.5874,7.5599,2.9155,7.07,254.0,10007.0,2331.9375
6855,7.0204,6.4865,2.6423,7.8833,239.0,9107.0,2331.9375
6856,7.9231,7.539,3.0735,7.5449,263.0,10513.0,2331.9375
6857,7.6719,6.4186,2.8245,8.762,276.0,12093.0,2331.9375
6858,8.7056,7.5238,2.8105,8.0152,279.0,12027.0,2331.9375
6859,8.004,6.3772,2.4305,8.3984,279.0,11797.0,2331.9375
6860,8.4694,7.8766,2.3133,7.3855,279.0,13909.0,2331.9375
6861,7.2589,6.4787,2.3765,8.6403,276.0,11999.0,2331.9375
6862,8.6698,7.3851,2.9611,7.1368,280.0,11901.0,2331.9375
6863,7.0856,6.3671,2.1769,7.2189,267.0,21475.0,2331.9375
6864,7.4637,7.8469,2.3014,9.4676,276.0,13431.0,2331.9375
6865,9.3356,6.5037,2.5217,8.2224,269.0,14035.0,2331.9375
6866,8.2165,7.5719,2.4853,7.4708,255.0,10067.0,2331.9375
6867,7.4376,6.2894,2.237,8.4288,256.0,10031.0,2331.9375
6868,8.419,6.6127,2.1661,8.5138,269.0,17983.0,2331.9375
6869,8.5184,7.7746,2.3515,9.7441,247.0,9539.0,2331.9375
6870,9.8472,6.3634,3.0191,8.6622,276.0,9743.0,2331.9375
6871,8.6103,7.6837,2.3892,9.4954,274.0,9671.0,2331.9375
6872,9.542,6.3685,2.6377,8.057,281.0,12610.0,2331.9375
6873,7.9355,6.3685,2.472,8.4031,250.0,9623.0,2331.9375
6874,8.4405,7.8783,3.3407,7.8781,244.0,9123.0,2331.9375
6875,7.853,6.4321,2.1048,8.4832,243.0,9111.0,2331.9375
6876,8.5042,7.7352,2.5335,7.1896,280.0,13861.0,2331.9375
6877,7.1329,6.4105,2.4444,7.3498,276.0,12701.0,2331.9375
6878,7.4193,7.1709,2.5963,7.9971,277.0,13775.0,2331.9375
6879,7.9208,6.4385,2.5476,8.577,283.0,15155.0,2331.9375
6880,8.717,7.8247,3.2286,7.0146,277.0,18834.0,2331.9375
6881,6.961,6.4161,2.0371,7.0869,276.0,11743.0,2331.9375
6882,7.0022,6.7131,2.2349,8.2774,278.0,14542.0,2331.9375
6883,8.2804,6.7189,2.2488,6.8354,277.0,21095.0,2331.9375
6884,6.9132,6.4085,2.3807,7.8348,275.0,30511.0,2331.9375
6885,7.8149,7.4186,2.2304,7.56,275.0,32795.0,2331.9375
6886,7.5193,6.4483,2.1909,8.6492,278.0,28971.0,2331.9375
6887,8.7115,7.5112,2.49,7.2994,277.0,24347.0,2331.9375
6888,7.2639,6.4884,2.3939,7.9599,282.0,36235.0,2331.9375
6889,8.1243,6.4353,2.4479,8.9012,276.0,21591.0,2331.9375
6890,8.7365,7.4942,2.5734,10.3142,281.0,18203.0,2331.9375
6891,10.3239,6.6188,2.8499,9.332,279.0,16315.0,2331.9375
6892,9.39,7.726,2.7091,9.7533,280.0,22083.0,2331.9375
6893,9.7234,7.726,2.529,8.4989,278.0,21929.0,2331.9375
6894,8.4851,6.4498,2.5887,9.5823,280.0,20237.0,2331.9375
6895,9.5449,7.0478,2.6561,9.1946,278.0,17213.0,2331.9375
6896,9.2789,6.4465,2.8436,9.1748,275.0,13755.0,2331.9375
6897,9.1008,6.4465,2.5175,9.1406,275.0,9923.0,2331.9375
6898,9.2124,7.7315,2.6563,7.2309,276.0,9647.0,2331.9375
6899,7.1677,6.3857,2.3344,8.6266,277.0,11835.0,2331.9375
6900,8.6654,7.7245,2.2576,8.1663,278.0,14756.0,2331.9375
6901,8.1194,7.5197,2.0815,10.7103,276.0,16177.0,2331.9375
6902,10.8373,7.5197,2.4336,7.6664,276.0,13865.0,2331.9375
6903,7.5426,6.378,2.1029,8.4681,274.0,15335.0,2331.9375
6904,8.49,7.8355,2.2499,7.6887,277.0,19829.0,2331.9375
6905,7.6493,6.3291,2.0999,8.9518,278.0,16847.0,2331.9375
6906,9.0024,7.2793,2.5571,7.6342,282.0,16199.0,2331.9375
6907,7.8699,6.3445,2.5061,8.9068,285.0,17134.0,2331.9375
6908,8.6678,6.3998,2.3714,8.2826,278.0,12459.0,2331.9375
6909,8.3521,6.3998,2.478,9.128,278.0,13016.0,2331.9375
6910,9.1062,7.9303,3.434,7.9037,276.0,12969.0,2331.9375
6911,7.8337,7.3523,2.386,8.9145,277.0,14981.0,2331.9375
6912,8.9392,7.3523,2.6135,7.9861,275.0,12223.0,2331.9375
6913,8.0226,6.3116,2.7567,8.1847,271.0,13623.0,2331.9375
6914,8.1174,7.8199,3.0928,8.1447,279.0,15597.0,2331.9375
6915,8.1521,6.3939,2.1576,7.3629,280.0,17351.0,2331.9375
6916,7.4811,7.5161,3.055,7.8908,264.0,16135.0,2331.9375
6917,7.7848,6.4128,2.3238,8.45,276.0,17679.0,2331.9375
6918,8.4329,7.3281,2.7135,6.5272,276.0,16871.0,2331.9375
6919,6.4481,6.4113,1.8908,7.2696,275.0,20266.0,2331.9375
6920,7.3945,7.7857,1.7475,7.5386,275.0,20207.0,2331.9375
6921,7.4939,6.3108,1.8241,6.6523,281.0,21341.0,2331.9375
6922,6.5761,6.5752,1.7201,8.4409,279.0,12381.0,2331.9375
6923,8.4816,7.4649,2.6031,6.7769,282.0,19030.0,2331.9375
6924,6.7298,6.384,1.6579,7.7417,272.0,11455.0,2331.9375
6925,7.7767,7.6501,1.736,7.0525,260.0,12951.0,2331.9375
6926,7.0392,6.3839,1.6965,7.9815,278.0,12209.0,2331.9375
6927,8.1196,7.5066,1.8406,7.0401,272.0,11433.0,2331.9375
6928,6.9196,6.3344,1.9267,7.5631,258.0,11245.0,2331.9375
6929,7.5874,7.5531,1.778,7.6065,277.0,12727.0,2331.9375
6930,7.5716,6.3754,2.2153,7.43,274.0,14449.0,2331.9375
6931,7.6486,6.5934,2.5229,8.0136,274.0,13575.0,2331.9375
6932,7.8905,6.3471,2.0371,7.0353,274.0,12413.0,2331.9375
6933,7.0717,6.4112,1.8152,7.5139,275.0,12353.0,2331.9375
6934,7.4033,7.625,2.0329,7.6699,276.0,13615.0,2331.9375
6935,7.7247,6.4521,1.5752,8.2019,276.0,12925.0,2331.9375
6936,8.1513,7.5449,1.7941,7.3539,276.0,14387.0,2331.9375
6937,7.4277,6.3719,2.2745,7.8961,274.0,11977.0,2331.9375
6938,7.8715,7.5815,2.2603,7.5276,281.0,15097.0,2331.9375
6939,7.4999,6.3881,1.9244,5.9979,278.0,11847.0,2331.9375
6940,6.06,7.5246,1.9212,7.9456,253.0,10409.0,2331.9375
6941,7.8942,6.4208,2.1914,7.2129,278.0,26737.0,2331.9375
6942,7.1858,6.4237,1.9732,7.9873,279.0,17771.0,2331.9375
6943,8.0707,7.6567,2.3531,7.0131,277.0,15107.0,2331.9375
6944,6.9153,6.3148,1.9274,7.9729,266.0,14679.0,2331.9375
6945,8.049,7.4432,2.2053,7.2265,277.0,14056.0,2331.9375
6946,7.2298,6.4925,2.6238,7.8734,278.0,18560.0,2331.9375
6947,7.889,7.845,2.0174,7.7653,279.0,17453.0,2331.9375
6948,7.7485,6.662,2.105,7.384,271.0,16963.0,2331.9375
6949,7.3769,7.3004,2.069,6.7983,255.0,9971.0,2331.9375
6950,6.7949,6.4439,1.9822,6.3786,239.0,9107.0,2331.9375
6951,6.3111,6.3747,1.8175,9.5576,255.0,10019.0,2331.9375
6952,9.6462,6.5606,2.1065,6.914,240.0,9119.0,2331.9375
6953,6.8812,6.5463,1.9192,7.8111,270.0,10789.0,2331.9375
6954,7.8251,7.661,2.318,7.3977,279.0,12363.0,2331.9375
6955,7.3497,6.3878,1.9519,8.1297,280.0,11761.0,2331.9375
6956,8.2301,7.4257,2.2532,6.7928,280.0,11809.0,2331.9375
6957,6.7049,6.9595,1.8965,9.8583,278.0,13919.0,2331.9375
6958,9.9384,6.9595,2.2614,6.082,277.0,12545.0,2331.9375
6959,5.9738,6.2861,2.1514,8.1601,276.0,11127.0,2331.9375
6960,8.3055,7.7525,2.1779,7.155,271.0,23473.0,2331.9375
6961,7.0422,6.3723,2.0145,7.1555,276.0,13431.0,2331.9375
6962,7.2232,6.4469,2.5321,7.6667,267.0,12179.0,2331.9375
6963,7.6744,7.6255,3.2611,6.5394,259.0,10163.0,2331.9375
6964,6.4875,6.3308,1.7375,8.3935,252.0,9839.0,2331.9375
6965,8.4121,7.7881,1.9821,7.7231,270.0,17995.0,2331.9375
6966,7.6945,6.4056,1.9425,7.3569,245.0,9515.0,2331.9375
6967,7.4092,7.3871,1.9645,6.7118,276.0,9743.0,2331.9375
6968,6.6693,6.3746,2.044,8.379,274.0,9671.0,2331.9375
6969,8.4013,7.5536,1.9579,7.5966,278.0,12574.0,2331.9375
6970,7.5945,6.4391,2.262,8.1642,252.0,9507.0,2331.9375
6971,8.239,7.4646,2.3944,7.2013,245.0,9135.0,2331.9375
6972,7.0828,6.4341,1.9205,6.3059,245.0,9135.0,2331.9375
6973,6.3174,6.387,2.1338,8.7168,278.0,13859.0,2331.9375
6974,8.7684,7.7953,2.0782,6.6857,278.0,12725.0,2331.9375
6975,6.6129,6.3617,1.8335,7.2089,278.0,13787.0,2331.9375
6976,7.3137,7.476,1.9563,8.1846,279.0,15129.0,2331.9375
6977,8.099,6.3135,2.4361,6.4969,278.0,18846.0,2331.9375
6978,6.5383,7.7082,1.8769,8.1376,279.0,11779.0,2331.9375
6979,8.1553,6.3448,1.7242,7.3775,277.0,14530.0,2331.9375
6980,7.3524,7.3822,1.8302,7.5073,276.0,21083.0,2331.9375
6981,7.4479,6.4036,2.2685,7.2806,277.0,30535.0,2331.9375
6982,7.2931,6.6359,1.884,7.5345,276.0,32807.0,2331.9375
6983,7.6693,7.05,1.9349,6.5609,276.0,28947.0,2331.9375
6984,6.4581,6.3401,1.8136,7.9006,276.0,24335.0,2331.9375
6985,7.9054,7.4461,1.7639,6.7825,282.0,36235.0,2331.9375
6986,6.7132,6.3558,1.5895,7.9326,280.0,21595.0,2331.9375
6987,8.0285,7.5619,1.9189,7.014,279.0,16571.0,2331.9375
6988,6.9712,6.454,1.6662,8.0617,281.0,17935.0,2331.9375
6989,8.0825,7.6187,1.9342,8.506,277.0,22069.0,2331.9375
6990,8.5292,6.5018,3.1191,7.0738,278.0,21561.0,2331.9375
6991,7.0745,6.5266,2.1506,9.0593,279.0,20593.0,2331.9375
6992,9.1825,7.0822,2.5982,6.5492,276.0,17211.0,2331.9375
6993,6.4129,6.2807,2.1475,8.3823,275.0,13791.0,2331.9375
6994,8.4483,7.7188,2.3378,7.0415,274.0,9911.0,2331.9375
6995,6.9623,6.353,1.7858,8.5273,275.0,9635.0,2331.9375
6996,8.5378,7.4498,2.2535,6.3544,274.0,11799.0,2331.9375
6997,6.4288,6.3025,1.8758,7.658,277.0,14162.0,2331.9375
6998,7.6178,7.6109,2.2102,7.4566,274.0,16187.0,2331.9375
6999,7.3527,6.4046,1.8042,7.5098,278.0,14389.0,2331.9375
7000,7.5926,7.727,1.9799,7.7971,276.0,15359.0,2331.9375
7001,7.78,6.3792,1.8585,6.6558,276.0,19817.0,2331.9375
7002,6.6886,7.0716,2.0882,8.6176,283.0,16863.0,2331.9375
7003,8.5901,7.0081,2.3655,6.7883,283.0,16211.0,2331.9375
7004,6.795,6.5033,2.3815,7.0392,285.0,17134.0,2331.9375
7005,7.0623,7.6769,2.2205,7.8241,278.0,12529.0,2331.9375
7006,7.7829,6.3519,1.8143,7.6011,280.0,12992.0,2331.9375
7007,7.6577,7.6633,2.1626,7.9062,278.0,12993.0,2331.9375
7008,7.9494,6.4278,2.5245,6.6921,274.0,14503.0,2331.9375
7009,6.7003,7.6798,1.9908,7.8477,276.0,12699.0,2331.9375
7010,7.7616,6.3468,1.8833,7.2318,277.0,14351.0,2331.9375
7011,7.2862,6.4289,2.9085,9.2329,277.0,16319.0,2331.9375
7012,9.2106,6.4289,2.15,6.9909,277.0,16201.0,2331.9375
7013,7.069,6.5703,2.2738,9.0152,265.0,16123.0,2331.9375
7014,8.9535,6.5585,2.2236,8.9219,275.0,17667.0,2331.9375
7015,8.9427,6.5585,2.3422,7.5964,276.0,16871.0,2331.9375
7016,7.5352,6.4553,2.8515,7.1858,278.0,22028.0,2331.9375
7017,7.2451,6.3375,2.8043,8.0153,277.0,22456.0,2331.9375
7018,7.9516,7.1191,2.4916,8.2189,282.0,17454.0,2331.9375
7019,8.2586,6.3491,2.5707,8.8093,282.0,13549.0,2331.9375
7020,8.7896,7.5923,2.5875,6.8664,282.0,17898.0,2331.9375
7021,6.8986,6.3824,2.3947,8.5543,268.0,12925.0,2331.9375
7022,8.5663,7.9469,2.784,6.9068,261.0,11467.0,2331.9375
7023,6.8597,6.353,1.9505,8.5606,277.0,12197.0,2331.9375
7024,8.6446,8.0849,2.5293,7.026,267.0,11299.0,2331.9375
7025,7.0594,6.3412,1.9436,7.0471,260.0,11317.0,2331.9375
7026,7.0167,7.7595,1.841,8.1206,274.0,12691.0,2331.9375
7027,8.0753,6.4465,2.1603,8.2466,275.0,14461.0,2331.9375
7028,8.2375,7.647,2.44,7.726,274.0,13575.0,2331.9375
7029,7.6896,6.3805,2.3463,7.6169,277.0,12449.0,2331.9375
7030,7.6308,7.7422,2.1343,8.8777,275.0,12353.0,2331.9375
7031,8.9255,6.4405,2.3128,6.7202,273.0,13483.0,2331.9375
7032,6.7207,6.5085,2.3655,8.6255,276.0,13133.0,2331.9375
7033,8.7096,6.3995,2.549,6.6845,276.0,14179.0,2331.9375
7034,6.5555,6.3765,2.3742,8.2067,278.0,11981.0,2331.9375
7035,8.2368,7.2017,2.7054,7.0337,281.0,15097.0,2331.9375
7036,6.9951,6.4442,2.917,7.5188,276.0,11823.0,2331.9375
7037,7.5893,7.8944,2.135,8.1511,250.0,10395.0,2331.9375
7038,8.1424,6.3816,2.219,8.1801,279.0,26749.0,2331.9375
7039,8.1645,7.5859,2.6805,6.7615,276.0,17735.0,2331.9375
7040,6.707,6.3392,2.0,8.1415,276.0,18061.0,2331.9375
7041,8.269,7.7663,2.3821,6.9849,263.0,11651.0,2331.9375
7042,6.8608,6.3889,2.0596,6.082,275.0,14032.0,2331.9375
7043,6.07,6.5717,1.9574,8.8096,279.0,18572.0,2331.9375
7044,8.9259,7.6154,2.382,6.4768,282.0,17489.0,2331.9375
7045,6.327,6.3798,1.6509,7.8031,270.0,16903.0,2331.9375
7046,7.9581,7.8401,2.0192,7.7043,254.0,9959.0,2331.9375
7047,7.6116,6.3455,1.8863,8.2926,241.0,9131.0,2331.9375
7048,8.341,7.6179,2.4856,7.3272,253.0,9995.0,2331.9375
7049,7.3089,6.3653,2.2698,8.2726,239.0,9107.0,2331.9375
7050,8.252,7.7162,2.3744,7.9202,271.0,10757.0,2331.9375
7051,7.9685,6.4244,2.1171,7.9471,279.0,12363.0,2331.9375
7052,7.9003,7.5894,2.9421,8.1186,282.0,11785.0,2331.9375
7053,8.1764,6.4328,1.9182,6.3744,279.0,11819.0,2331.9375
7054,6.445,6.9489,2.3642,8.4668,280.0,13943.0,2331.9375
7055,8.3347,6.3564,2.357,6.0689,276.0,12533.0,2331.9375
7056,6.0201,6.3472,2.6057,8.693,273.0,11113.0,2331.9375
7057,8.7724,7.4564,2.357,6.8696,273.0,23641.0,2331.9375
7058,6.8271,6.2942,1.8381,7.5401,277.0,13443.0,2331.9375
7059,7.526,7.5477,1.9349,7.5288,267.0,12131.0,2331.9375
7060,7.5178,6.4419,2.2512,6.8398,257.0,10187.0,2331.9375
7061,6.9543,7.6612,2.0249,7.4212,248.0,9647.0,2331.9375
7062,7.3789,6.3335,1.7113,6.5829,269.0,17983.0,2331.9375
7063,6.655,7.6225,1.9881,8.6541,246.0,9527.0,2331.9375
7064,8.5481,6.4119,2.0746,6.6099,275.0,9731.0,2331.9375
7065,6.6014,6.3246,1.8679,8.0005,276.0,9695.0,2331.9375
7066,7.991,6.741,2.1119,6.5095,285.0,12614.0,2331.9375
7067,6.568,6.3592,1.8215,8.3794,250.0,9483.0,2331.9375
7068,8.6381,6.4856,2.7721,10.3392,244.0,9123.0,2331.9375
7069,10.1041,6.4856,2.7043,9.7302,242.0,9121.0,2331.9375
7070,9.8609,7.8373,2.652,6.9666,276.0,13835.0,2331.9375
7071,6.7971,7.4862,2.0419,9.7866,278.0,12725.0,2331.9375
7072,10.0068,7.4862,2.9672,7.9665,275.0,13773.0,2331.9375
7073,7.8335,6.3597,2.6446,8.7637,279.0,15129.0,2331.9375
7074,8.7776,6.3873,2.564,8.6133,276.0,18822.0,2331.9375
7075,8.6699,6.3873,2.7897,9.3391,276.0,11743.0,2331.9375
7076,9.3376,7.0952,2.6137,8.2898,276.0,14518.0,2331.9375
7077,8.2947,6.8298,2.1737,7.7571,277.0,21095.0,2331.9375
7078,7.5815,6.3965,2.505,8.1948,276.0,30523.0,2331.9375
7079,8.3043,6.3914,2.2553,7.3526,275.0,32795.0,2331.9375
7080,7.2296,6.9646,2.1514,7.1375,277.0,28959.0,2331.9375
7081,7.2033,6.3723,1.9956,7.3238,277.0,24347.0,2331.9375
7082,7.3266,7.4824,2.1469,7.5943,282.0,36191.0,2331.9375
7083,7.5185,6.4084,1.7223,7.2874,278.0,21571.0,2331.9375
7084,7.3126,7.4855,1.983,7.6686,279.0,16571.0,2331.9375
7085,7.626,6.4009,1.7695,6.803,278.0,17921.0,2331.9375
7086,6.9687,7.8495,1.9757,8.6342,278.0,22081.0,2331.9375
7087,8.5739,6.4063,1.8884,7.3708,278.0,21561.0,2331.9375
7088,7.3972,7.6483,2.202,8.9452,275.0,20567.0,2331.9375
7089,8.9055,6.3704,2.044,6.2476,274.0,17187.0,2331.9375
7090,6.2095,6.5954,2.3051,8.5347,279.0,13839.0,2331.9375
7091,8.574,7.6936,2.3781,6.3327,275.0,9923.0,2331.9375
7092,6.3317,6.4126,1.7241,8.111,277.0,9659.0,2331.9375
7093,8.1945,7.4554,2.1097,6.5501,275.0,11811.0,2331.9375
7094,6.3601,6.4138,1.7617,8.8854,277.0,14162.0,2331.9375
7095,9.0717,7.8247,2.1458,7.4543,279.0,16247.0,2331.9375
7096,7.3865,6.4377,2.3628,7.3811,275.0,14353.0,2331.9375
7097,7.3764,7.4201,2.238,7.2468,277.0,15371.0,2331.9375
7098,7.2486,6.4173,1.9987,6.4927,279.0,19809.0,2331.9375
7099,6.6897,6.5929,2.3332,9.5549,284.0,16875.0,2331.9375
7100,9.366,6.7698,2.3887,6.2832,282.0,16199.0,2331.9375
7101,6.2722,6.6497,2.1711,8.3527,283.0,17132.0,2331.9375
7102,8.2948,7.2522,2.3856,7.5355,279.0,12541.0,2331.9375
7103,7.9876,6.3832,3.1424,8.2689,279.0,12980.0,2331.9375
7104,7.9125,7.1708,2.3523,6.7195,274.0,12967.0,2331.9375
7105,6.7129,6.1462,2.145,7.1293,277.0,14539.0,2331.9375
7106,7.0576,7.3884,1.9304,8.3004,277.0,12711.0,2331.9375
7107,8.4504,6.1045,2.0996,6.6903,275.0,14327.0,2331.9375
7108,6.632,7.273,2.0047,7.2066,274.0,16283.0,2331.9375
7109,7.0956,6.1178,2.0562,6.7969,280.0,16237.0,2331.9375
7110,6.8718,6.1117,2.5889,7.3229,266.0,17345.0,2331.9375
7111,7.2981,7.2483,2.1978,6.7501,278.0,17939.0,2331.9375
7112,6.7446,6.0052,1.9456,7.2113,278.0,18171.0,2331.9375
7113,7.2148,7.3065,1.8983,7.6562,278.0,19402.0,2331.9375
7114,7.6499,6.0829,2.2198,6.628,281.0,22460.0,2331.9375
7115,6.653,6.91,2.7203,8.0089,282.0,18020.0,2331.9375
7116,8.0355,6.088,2.211,6.2778,281.0,12971.0,2331.9375
7117,6.2217,6.147,2.3821,7.9721,279.0,17788.0,2331.9375
7118,8.0234,7.6289,2.1175,6.4708,269.0,12889.0,2331.9375
7119,6.4014,6.0232,1.9316,7.9616,264.0,11695.0,2331.9375
7120,8.0223,7.4188,2.8877,7.1441,275.0,12195.0,2331.9375
7121,7.1627,6.1023,2.058,7.8494,264.0,11023.0,2331.9375
7122,7.7719,6.1335,1.9096,7.6288,263.0,11983.0,2331.9375
7123,7.8133,6.1335,2.6449,7.6611,275.0,12169.0,2331.9375
7124,7.5545,7.4861,2.4007,7.9111,276.0,14473.0,2331.9375
7125,7.9762,6.1087,2.3813,6.2293,276.0,13599.0,2331.9375
7126,6.1153,6.2795,2.3766,8.5755,275.0,12425.0,2331.9375
7127,8.6342,6.6914,2.2765,5.9191,275.0,12721.0,2331.9375
7128,5.907,6.054,1.8341,8.0056,274.0,13127.0,2331.9375
7129,7.9773,7.3095,2.1929,6.8563,275.0,13277.0,2331.9375
7130,6.8041,6.0676,2.0498,7.4296,279.0,14015.0,2331.9375
7131,7.4615,7.1163,2.2748,6.6459,278.0,11981.0,2331.9375
7132,6.7193,6.1493,2.393,5.6818,278.0,15061.0,2331.9375
7133,5.587,6.0298,1.8833,7.8791,272.0,11701.0,2331.9375
7134,7.9369,7.2835,2.3691,6.4724,253.0,10575.0,2331.9375
7135,6.4618,6.0284,1.766,7.7414,276.0,26713.0,2331.9375
7136,7.8915,7.1853,2.6423,7.1725,276.0,21437.0,2331.9375
7137,7.0525,6.113,2.3302,8.5963,279.0,15153.0,2331.9375
7138,8.643,6.1008,2.6499,7.7327,261.0,10651.0,2331.9375
7139,7.6451,6.1008,2.0744,6.4343,275.0,14032.0,2331.9375
7140,6.5121,6.107,2.4718,7.8306,279.0,18572.0,2331.9375
7141,7.7857,6.2589,2.1482,6.841,281.0,17477.0,2331.9375
7142,6.8029,6.0506,2.1752,7.0593,269.0,16843.0,2331.9375
7143,7.0941,7.3399,2.4409,6.7976,252.0,9935.0,2331.9375
7144,6.7741,6.0626,1.9729,7.2104,240.0,9119.0,2331.9375
7145,7.2255,7.653,2.0217,8.3472,255.0,10019.0,2331.9375
7146,8.3348,6.007,1.9661,6.0568,244.0,9123.0,2331.9375
7147,6.1241,6.9752,2.5706,8.279,277.0,11165.0,2331.9375
7148,8.2313,6.0462,2.8271,6.4447,281.0,12657.0,2331.9375
7149,6.3869,6.0229,1.8601,7.5457,277.0,11477.0,2331.9375
7150,7.6707,7.547,2.5824,6.8658,279.0,11819.0,2331.9375
7151,6.8222,6.1177,1.8896,6.9093,278.0,15195.0,2331.9375
7152,6.8895,7.2072,2.1098,7.8549,277.0,11291.0,2331.9375
7153,7.8822,6.0951,2.4445,6.1357,265.0,10681.0,2331.9375
7154,6.116,6.9688,2.1924,8.2493,276.0,23917.0,2331.9375
7155,8.2877,6.0306,2.0384,6.0741,274.0,13407.0,2331.9375
7156,6.0793,6.0479,3.0899,8.6527,263.0,11939.0,2331.9375
7157,8.665,7.5614,2.3751,6.5524,256.0,10127.0,2331.9375
7158,6.4701,6.0509,2.1705,8.3138,248.0,9599.0,2331.9375
7159,8.4078,7.3704,2.4342,7.0997,268.0,17923.0,2331.9375
7160,7.0494,5.923,2.0767,7.3179,245.0,9515.0,2331.9375
7161,7.8006,7.4294,3.3601,6.9641,276.0,9743.0,2331.9375
7162,6.4541,6.1082,1.8815,6.3972,280.0,9699.0,2331.9375
7163,6.3683,6.0736,1.9173,7.3375,282.0,12578.0,2331.9375
7164,7.3629,7.1265,2.0383,6.5318,252.0,9507.0,2331.9375
7165,6.4843,6.0333,1.6729,6.5021,244.0,9145.0,2331.9375
7166,6.597,7.0742,1.9858,7.2237,240.0,9097.0,2331.9375
7167,7.1242,5.9927,1.6151,8.0005,278.0,13859.0,2331.9375
7168,8.067,7.2915,1.9477,7.0861,279.0,12759.0,2331.9375
7169,7.046,6.308,1.6842,6.655,274.0,13761.0,2331.9375
7170,6.6571,6.0828,1.7536,6.8422,279.0,15129.0,2331.9375
7171,6.855,6.3151,2.0254,7.3506,276.0,18822.0,2331.9375
7172,7.3189,5.9917,1.8623,6.947,275.0,11731.0,2331.9375
7173,7.0369,7.1309,2.4286,6.5533,279.0,14554.0,2331.9375
7174,6.5561,5.9895,1.9185,6.1978,277.0,21095.0,2331.9375
7175,6.1054,6.2838,1.9122,7.6913,277.0,30535.0,2331.9375
7176,7.7248,6.0064,1.8972,7.0671,279.0,36179.0,2331.9375
7177,7.0526,5.9973,1.8299,7.1652,276.0,27207.0,2331.9375
7178,7.2289,7.0791,2.6305,7.392,281.0,22755.0,2331.9375
7179,7.3911,6.0802,2.4392,6.795,283.0,36571.0,2331.9375
7180,6.8098,7.3033,2.0035,7.347,280.0,24563.0,2331.9375
7181,7.3534,6.0931,2.1068,5.5836,277.0,14829.0,2331.9375
7182,5.5421,6.0677,1.6997,8.3762,279.0,17169.0,2331.9375
7183,8.3537,6.9854,1.9848,5.8039,279.0,21753.0,2331.9375
7184,5.8235,6.0311,1.8399,7.138,275.0,23783.0,2331.9375
7185,7.257,7.3741,1.77,7.2622,276.0,18683.0,2331.9375
7186,7.1035,6.0194,1.5845,6.5608,278.0,16355.0,2331.9375
7187,6.6742,6.0259,1.7643,8.8689,277.0,13623.0,2331.9375
7188,8.7847,6.5481,1.9653,5.7578,278.0,9911.0,2331.9375
7189,5.7746,5.9486,1.7164,8.5994,274.0,9623.0,2331.9375
7190,8.7994,6.1464,2.3231,8.419,278.0,13790.0,2331.9375
7191,8.3822,6.1464,2.1475,6.3662,274.0,14729.0,2331.9375
7192,6.2722,7.5209,2.0238,7.2646,276.0,14609.0,2331.9375
7193,7.2055,6.0274,1.8147,6.5795,276.0,15931.0,2331.9375
7194,6.6142,6.9032,1.7866,7.926,282.0,15507.0,2331.9375
7195,7.9787,6.142,2.0082,6.0436,282.0,19511.0,2331.9375
7196,5.9929,6.6849,2.0174,10.0733,283.0,15005.0,2331.9375
7197,10.2628,6.1777,2.8996,10.2095,281.0,16011.0,2331.9375
7198,10.0302,6.1777,2.6738,6.8952,284.0,17144.0,2331.9375
7199,6.7855,6.3076,1.6796,6.4815,276.0,12969.0,2331.9375
7200,7.4816,5.9399,2.9294,7.5335,278.0,12526.0,2331.9375
7201,6.6015,7.0056,1.9894,5.8989,279.0,13075.0,2331.9375
7202,5.8621,6.0584,1.5452,7.4198,276.0,14991.0,2331.9375
7203,7.4546,7.3862,1.7898,6.7759,274.0,12579.0,2331.9375
7204,6.7417,6.0174,1.4626,6.8687,273.0,14243.0,2331.9375
7205,6.9095,7.0334,1.5712,7.453,275.0,15795.0,2331.9375
7206,7.4372,6.0032,1.6378,6.1756,279.0,16545.0,2331.9375
7207,6.1291,6.0152,1.5162,6.8437,266.0,17025.0,2331.9375
7208,6.8777,7.4311,1.6069,7.158,276.0,17915.0,2331.9375
7209,7.1632,5.9846,1.7214,6.966,278.0,18171.0,2331.9375
7210,7.0027,7.1286,1.9312,7.2618,281.0,20744.0,2331.9375
7211,7.174,5.9442,1.4239,6.2726,283.0,21134.0,2331.9375
7212,6.3873,6.057,1.6115,7.8656,280.0,17996.0,2331.9375
7213,7.8284,6.9175,2.0928,6.0333,280.0,12981.0,2331.9375
7214,6.0275,5.9396,1.5815,6.5368,275.0,17644.0,2331.9375
7215,6.508,7.552,1.5378,7.9614,276.0,13261.0,2331.9375
7216,7.9419,5.9705,1.6231,6.458,264.0,11813.0,2331.9375
7217,6.5425,6.3669,1.8756,7.5765,274.0,12183.0,2331.9375
7218,7.5496,6.0073,1.6474,5.8598,255.0,10531.0,2331.9375
7219,5.9465,6.0139,1.6164,7.8278,260.0,11947.0,2331.9375
7220,7.7067,7.6128,1.5109,6.893,274.0,12157.0,2331.9375
7221,6.9048,5.9645,1.6022,6.9742,275.0,14461.0,2331.9375
7222,6.9671,6.9622,1.5493,7.5787,277.0,13611.0,2331.9375
7223,7.7748,5.9816,2.2709,6.0506,276.0,12437.0,2331.9375
7224,5.8342,6.2237,1.4172,7.9299,276.0,12733.0,2331.9375
7225,7.9478,6.2145,1.5618,5.6994,276.0,13247.0,2331.9375
7226,5.6975,6.0343,1.4543,7.2068,280.0,13293.0,2331.9375
7227,7.2804,7.1284,1.6064,7.0185,279.0,14015.0,2331.9375
7228,6.9309,5.9864,1.433,6.6324,280.0,12005.0,2331.9375
7229,6.6751,7.2629,1.61,7.9605,278.0,15083.0,2331.9375
7230,7.9692,5.9434,2.4261,5.7997,273.0,12411.0,2331.9375
7231,5.8073,5.9201,1.7749,7.2756,252.0,9817.0,2331.9375
7232,7.2673,7.367,1.5446,7.09,275.0,27091.0,2331.9375
7233,7.0414,5.9018,1.3977,7.4347,276.0,21069.0,2331.9375
7234,7.479,6.866,1.5664,6.5809,278.0,15141.0,2331.9375
7235,6.5737,5.9768,1.5709,5.6375,260.0,11151.0,2331.9375
7236,5.6198,5.9671,1.4506,8.7559,276.0,14210.0,2331.9375
7237,8.821,6.9049,1.7602,6.1253,278.0,18026.0,2331.9375
7238,6.0489,6.0262,1.5755,7.6875,280.0,17465.0,2331.9375
7239,7.7564,7.3834,1.7699,6.247,267.0,16675.0,2331.9375
7240,6.1791,5.9225,1.6646,6.2915,253.0,9899.0,2331.9375
7241,6.3242,7.2873,1.8419,8.0071,239.0,9107.0,2331.9375
7242,8.0146,5.9962,1.9179,6.9317,260.0,10035.0,2331.9375
7243,6.9126,5.9287,2.1363,6.2465,245.0,9135.0,2331.9375
7244,6.2797,7.4573,1.7692,7.6625,281.0,11419.0,2331.9375
7245,7.6501,5.9474,1.6439,7.1227,276.0,12557.0,2331.9375
7246,7.2225,6.8586,1.7817,6.1864,277.0,11477.0,2331.9375
7247,6.0297,5.9287,1.428,6.1081,278.0,12271.0,2331.9375
7248,6.1483,5.9176,1.4014,7.2197,277.0,14741.0,2331.9375
7249,7.2484,7.0961,1.4599,7.4807,274.0,11255.0,2331.9375
7250,7.4366,5.9995,1.5292,6.8323,262.0,10501.0,2331.9375
7251,6.8603,7.3866,1.6012,6.9572,276.0,23917.0,2331.9375
7252,6.949,5.9691,1.5934,5.816,277.0,13443.0,2331.9375
7253,5.7831,5.932,1.3208,7.703,262.0,11927.0,2331.9375
7254,7.7246,6.0053,1.587,6.4117,257.0,10187.0,2331.9375
7255,6.3808,5.9922,1.5336,6.4851,247.0,9539.0,2331.9375
7256,6.5293,7.2028,1.5071,7.5908,267.0,17911.0,2331.9375
7257,7.5566,5.9847,1.51,6.4172,246.0,9527.0,2331.9375
7258,6.4585,7.0,1.646,7.7827,280.0,9747.0,2331.9375
7259,7.7809,5.98,1.4903,6.239,279.0,9687.0,2331.9375
7260,6.192,6.041,1.1768,7.6312,281.0,12566.0,2331.9375
7261,7.6831,6.9456,2.0332,5.5239,249.0,9493.0,2331.9375
7262,5.5573,6.0473,1.6673,7.0746,241.0,9109.0,2331.9375
7263,7.0398,7.2554,1.3987,8.3118,242.0,9121.0,2331.9375
7264,8.4509,5.9585,2.4969,5.8733,275.0,13845.0,2331.9375
7265,5.7573,6.2985,1.7099,9.8033,275.0,12711.0,2331.9375
7266,9.9123,7.336,2.6367,7.1218,275.0,13773.0,2331.9375
7267,7.1211,6.1211,1.97,5.9599,281.0,15153.0,2331.9375
7268,5.8766,7.2723,1.7091,6.9308,277.0,18834.0,2331.9375
7269,6.935,5.9657,1.3706,7.2486,275.0,11731.0,2331.9375
7270,7.2347,7.1397,1.5183,6.844,280.0,14566.0,2331.9375
7271,6.8226,5.9328,1.4815,6.2858,275.0,21071.0,2331.9375
7272,6.2772,6.2426,1.4496,8.1055,276.0,30523.0,2331.9375
7273,8.1256,6.21,1.6595,6.0585,276.0,36143.0,2331.9375
7274,5.9656,5.9967,1.3821,7.4081,280.0,27211.0,2331.9375
7275,7.4845,7.3986,1.6716,6.995,282.0,22767.0,2331.9375
7276,7.0145,5.9823,1.4803,6.5124,284.0,36583.0,2331.9375
7277,6.4734,7.3038,1.4765,8.3736,281.0,24597.0,2331.9375
7278,8.3866,5.9161,1.6226,5.7688,276.0,14817.0,2331.9375
7279,5.7442,6.0246,1.4642,6.6398,277.0,17145.0,2331.9375
7280,6.6836,7.2649,1.4923,7.8203,277.0,21751.0,2331.9375
7281,7.802,5.982,1.4645,6.9086,276.0,23795.0,2331.9375
7282,6.936,7.1432,1.6829,7.0394,277.0,18695.0,2331.9375
7283,6.9938,5.9798,1.4087,5.8152,275.0,16319.0,2331.9375
7284,5.8111,6.815,1.3057,7.8624,275.0,13599.0,2331.9375
7285,7.9086,6.206,1.6713,6.2718,277.0,9899.0,2331.9375
7286,6.2808,5.9421,1.6585,7.7012,275.0,9635.0,2331.9375
7287,7.6745,7.0767,1.395,6.3228,277.0,13778.0,2331.9375
7288,6.3068,6.035,1.3887,6.3294,276.0,14753.0,2331.9375
7289,6.3887,7.068,1.6236,8.2464,279.0,14645.0,2331.9375
7290,8.2035,6.2851,2.158,6.5034,279.0,15923.0,2331.9375
7291,6.5357,5.9604,2.0047,7.0174,281.0,15495.0,2331.9375
7292,6.9653,7.2285,1.4249,6.8723,281.0,19499.0,2331.9375
7293,6.9043,5.9582,1.4745,7.1053,279.0,14979.0,2331.9375
7294,7.1096,6.9281,1.4824,7.3032,280.0,15999.0,2331.9375
7295,7.2393,5.9201,1.3092,5.2659,284.0,17144.0,2331.9375
7296,5.3335,5.9956,1.3932,8.5775,274.0,12967.0,2331.9375
7297,8.5355,6.8494,1.9604,5.5188,277.0,12514.0,2331.9375
7298,5.591,6.0588,1.8228,7.2064,276.0,13039.0,2331.9375
7299,7.2182,7.4123,1.5026,7.3551,274.0,14967.0,2331.9375
7300,7.317,5.9799,1.5196,5.998,275.0,12591.0,2331.9375
7301,6.0044,7.0799,1.4901,8.2771,277.0,14851.0,2331.9375
7302,8.2637,6.0258,1.672,5.8824,275.0,15795.0,2331.9375
7303,5.8779,6.0173,1.433,7.9634,274.0,15925.0,2331.9375
7304,7.9703,7.1077,1.6768,6.656,272.0,18687.0,2331.9375
7305,6.6635,5.9646,1.7393,7.1469,275.0,18003.0,2331.9375
7306,7.214,7.1501,1.8477,8.0216,689.0,96569.0,2459.9375
7307,8.0142,5.9682,1.9219,10.3868,307.0,14039.0,2459.9375
7308,10.3855,8.2996,1.9254,8.1971,337.0,23084.0,2459.9375
7309,8.1711,6.6279,1.7344,7.6198,326.0,19795.0,2459.9375
7310,7.6093,7.7108,2.2871,8.1132,336.0,22216.0,2459.9375
7311,8.0652,6.287,1.6915,6.5229,336.0,20658.0,2459.9375
7312,6.5937,7.1204,2.325,7.8406,336.0,19498.0,2459.9375
7313,7.8339,6.2265,2.8852,6.2563,327.0,16259.0,2459.9375
7314,6.2021,6.213,1.5432,7.7108,332.0,16067.0,2459.9375
7315,7.7821,6.8114,1.6813,6.6682,600.0,61135.0,2459.9375
7316,6.6309,6.2008,1.6139,7.3264,336.0,16471.0,2459.9375
7317,7.3239,7.8874,1.8664,8.1756,310.0,14543.0,2459.9375
7318,8.199,6.2875,1.8068,7.4033,323.0,16343.0,2459.9375
7319,7.4297,7.1002,1.9176,7.777,337.0,16807.0,2459.9375
7320,7.7166,6.2157,1.8076,6.3385,336.0,18387.0,2459.9375
7321,6.3402,6.4747,2.4444,8.1944,336.0,17863.0,2459.9375
7322,8.2242,7.5296,2.5603,6.1967,340.0,16705.0,2459.9375
7323,6.1251,6.3715,1.3927,8.4523,338.0,16977.0,2459.9375
7324,8.5662,7.4998,1.9538,6.8288,344.0,17867.0,2459.9375
7325,6.7428,6.3253,1.8956,8.5773,338.0,19135.0,2459.9375
7326,8.6863,7.4226,2.297,6.4496,338.0,16037.0,2459.9375
7327,6.3653,6.2963,1.8471,6.7547,337.0,16719.0,2459.9375
7328,6.8312,7.483,2.4391,8.1909,336.0,19785.0,2459.9375
7329,8.124,6.3259,2.224,8.8682,318.0,14717.0,2459.9375
7330,9.0739,6.4415,2.6316,9.4466,311.0,14459.0,2459.9375
7331,9.2759,6.4658,2.2207,9.2845,337.0,33587.0,2459.9375
7332,9.3172,6.4658,2.5642,6.8319,335.0,23113.0,2459.9375
7333,6.7543,6.5332,2.1261,6.4668,363.0,29725.0,2459.9375
7334,6.5385,7.5051,2.0919,7.991,320.0,15119.0,2459.9375
7335,7.9347,6.4816,1.8963,6.8581,366.0,30054.0,2331.9375
7336,6.8208,6.4564,1.597,8.057,338.0,22542.0,2331.9375
7337,8.1272,7.7895,1.9103,7.1427,341.0,21993.0,2331.9375
7338,7.1933,6.4595,2.5006,8.0024,331.0,21195.0,2331.9375
7339,7.9949,7.6961,2.4018,7.2274,320.0,14455.0,2331.9375
7340,7.1144,6.443,2.3684,8.9409,326.0,14503.0,2331.9375
7341,9.1236,7.6572,2.7552,6.7726,318.0,14717.0,2331.9375
7342,6.7126,6.5516,2.3276,8.3492,302.0,13805.0,2331.9375
7343,8.3528,7.8994,2.3348,7.3047,340.0,16113.0,2331.9375
7344,7.1983,6.4697,2.1852,6.9574,338.0,17287.0,2331.9375
7345,7.0166,6.919,2.1328,8.1247,336.0,16171.0,2331.9375
7346,8.0779,7.4401,2.2201,6.7623,337.0,16965.0,2331.9375
7347,6.8551,6.4427,1.9336,8.8791,338.0,18903.0,2331.9375
7348,8.8356,7.8725,2.4313,6.4575,336.0,15879.0,2331.9375
7349,6.4345,6.5977,2.0467,7.714,321.0,14993.0,2331.9375
7350,7.7803,7.3915,2.9647,7.6,339.0,28553.0,2331.9375
7351,7.5657,6.4565,2.0092,7.1101,334.0,17543.0,2331.9375
7352,7.1528,7.5942,1.9454,8.3385,319.0,14859.0,2331.9375
7353,8.3338,6.4569,2.2862,7.4829,317.0,14787.0,2331.9375
7354,7.4823,7.2801,2.3531,7.6377,310.0,14131.0,2331.9375
7355,7.6127,6.5941,2.0865,7.5184,330.0,22503.0,2331.9375
7356,7.542,7.1249,2.4061,8.9449,309.0,14119.0,2331.9375
7357,9.0749,7.0418,2.5072,6.6079,337.0,14333.0,2331.9375
7358,6.419,6.5323,2.1589,9.6793,337.0,14285.0,2331.9375
7359,9.7694,7.4219,2.5725,6.8134,342.0,17200.0,2331.9375
7360,6.6713,6.4811,2.066,8.965,311.0,14139.0,2331.9375
7361,9.112,7.6981,2.4879,6.3469,300.0,13719.0,2331.9375
7362,6.2307,6.5006,1.8103,8.0112,300.0,13719.0,2331.9375
7363,8.036,7.4489,1.9709,6.7837,336.0,18457.0,2331.9375
7364,6.7519,6.4372,1.8331,7.8178,334.0,17299.0,2331.9375
7365,7.9229,7.8019,1.7133,7.4842,337.0,18397.0,2331.9375
7366,7.4593,6.4865,1.7799,7.7312,363.0,19729.0,2331.9375
7367,7.7278,6.695,2.0015,7.804,338.0,23614.0,2331.9375
7368,7.7209,6.5158,2.4128,6.4155,336.0,16511.0,2331.9375
7369,6.477,6.7508,2.1734,9.1253,354.0,22714.0,2331.9375
7370,9.1652,6.8417,2.5423,7.1609,375.0,49871.0,2331.9375
7371,7.0852,6.7043,2.0368,7.6127,383.0,41451.0,2331.9375
7372,7.6437,7.5234,2.0965,7.1914,399.0,64931.0,2331.9375
7373,7.169,6.5644,1.7719,7.6612,337.0,34673.0,2331.9375
7374,7.6816,7.9705,2.059,9.0841,340.0,30241.0,2331.9375
7375,9.1351,6.5138,2.3049,8.7454,340.0,44033.0,2331.9375
7376,8.7895,7.9501,3.5166,7.4472,339.0,32071.0,2331.9375
7377,7.4115,6.6352,2.424,8.1784,338.0,22339.0,2331.9375
7378,8.1449,6.5726,2.8559,9.8369,336.0,24631.0,2331.9375
7379,9.8441,6.5726,2.1511,7.4207,339.0,29251.0,2331.9375
7380,7.404,7.7357,2.4454,7.881,334.0,31247.0,2331.9375
7381,7.9728,6.6387,2.3312,8.0107,356.0,27695.0,2331.9375
7382,7.9379,7.7557,2.3395,7.0962,336.0,23891.0,2331.9375
7383,7.1096,6.6157,2.2576,9.2153,341.0,21231.0,2331.9375
7384,9.2012,7.8129,2.4739,8.5332,336.0,17447.0,2331.9375
7385,8.5856,6.591,2.6851,9.4161,334.0,17183.0,2331.9375
7386,9.4679,7.9164,2.3659,6.5339,345.0,20654.0,2331.9375
7387,6.4041,6.6413,2.2724,8.1577,341.0,22807.0,2331.9375
7388,8.2085,8.1823,2.4871,7.7505,342.0,23009.0,2331.9375
7389,7.7613,6.7362,2.1768,8.1421,341.0,23903.0,2331.9375
7390,8.0787,8.1124,1.9851,7.3889,339.0,23965.0,2331.9375
7391,7.4409,6.6365,2.3419,8.5244,340.0,24811.0,2331.9375
7392,8.4814,7.5774,2.1446,7.2514,340.0,21371.0,2331.9375
7393,7.2507,6.6553,2.0001,6.9169,340.0,23581.0,2331.9375
7394,6.9461,7.3717,3.4201,8.9677,342.0,25118.0,2331.9375
7395,8.9451,6.646,2.1987,6.7391,389.0,32891.0,2331.9375
7396,6.6966,6.6706,1.9719,9.1538,338.0,21458.0,2331.9375
7397,9.2606,8.2258,2.7708,6.6047,336.0,21411.0,2331.9375
7398,6.6601,6.7422,2.0993,8.4238,336.0,21779.0,2331.9375
7399,8.3572,8.0121,2.4317,7.4227,330.0,20007.0,2331.9375
7400,7.2978,6.6891,1.9069,8.3331,339.0,22687.0,2331.9375
7401,8.4304,8.046,2.0808,7.951,338.0,25015.0,2331.9375
7402,7.9792,6.6201,2.3481,8.8347,341.0,23531.0,2331.9375
7403,8.8492,7.6408,2.3146,7.7181,341.0,28671.0,2331.9375
7404,7.669,6.5929,2.0732,6.7482,339.0,25857.0,2331.9375
7405,6.769,7.8827,2.1096,8.3252,323.0,19913.0,2331.9375
7406,8.3459,6.6879,2.2355,7.3199,309.0,18921.0,2331.9375
7407,7.2693,7.9472,1.8843,8.2438,340.0,27978.0,2331.9375
7408,8.2266,6.5654,2.324,6.8778,333.0,24977.0,2331.9375
7409,6.959,7.461,2.0585,8.7941,338.0,28102.0,2331.9375
7410,8.6971,6.6255,2.0439,5.9409,339.0,24548.0,2331.9375
7411,5.9577,6.7538,1.8031,9.2036,338.0,24530.0,2331.9375
7412,9.2618,7.7914,2.9032,6.5827,326.0,20671.0,2331.9375
7413,6.5436,6.5603,2.3709,8.262,336.0,20955.0,2331.9375
7414,8.3614,7.6759,2.7498,7.0689,328.0,19437.0,2331.9375
7415,7.0251,6.5309,1.9795,7.6357,334.0,19663.0,2331.9375
7416,7.5961,7.3848,2.0809,7.2631,308.0,17639.0,2331.9375
7417,7.2785,6.6081,2.1459,7.9023,326.0,19835.0,2331.9375
7418,8.0694,8.0869,2.4811,8.6355,339.0,20281.0,2331.9375
7419,8.536,6.664,2.6964,7.6664,339.0,21317.0,2331.9375
7420,7.5853,7.7406,1.9828,7.3116,339.0,21221.0,2331.9375
7421,7.2967,6.6495,1.9672,6.5024,337.0,19757.0,2331.9375
7422,6.4698,6.7683,1.8107,9.2018,337.0,20667.0,2331.9375
7423,9.2607,7.6421,2.0416,6.4894,338.0,22821.0,2331.9375
7424,6.4473,6.5716,1.8913,8.9919,334.0,20197.0,2331.9375
7425,9.0211,7.6783,2.4222,6.0456,337.0,19139.0,2331.9375
7426,6.0609,6.5795,1.5101,8.6422,336.0,19945.0,2331.9375
7427,8.6816,7.7247,1.7161,7.1105,335.0,22989.0,2331.9375
7428,7.1344,6.5548,2.3669,8.8321,319.0,18265.0,2331.9375
7429,8.9404,8.0036,2.8153,6.5701,310.0,17151.0,2331.9375
7430,6.352,6.8175,2.0704,8.7921,336.0,36791.0,2331.9375
7431,8.9047,7.8896,2.2512,8.2697,337.0,26353.0,2331.9375
7432,8.2154,6.8687,2.2928,7.6418,335.0,22585.0,2331.9375
7433,7.7716,7.785,3.3187,7.707,317.0,18083.0,2331.9375
7434,7.5967,6.6245,2.6024,7.3712,344.0,21742.0,2331.9375
7435,7.3665,7.0509,2.4161,11.4873,343.0,25522.0,2331.9375
7436,11.4635,7.0509,2.8988,7.0761,343.0,24937.0,2331.9375
7437,7.1626,7.9107,2.1003,7.624,329.0,24205.0,2331.9375
7438,7.5009,6.579,1.9408,7.474,313.0,17309.0,2331.9375
7439,7.6398,7.9122,2.4412,8.347,300.0,16577.0,2331.9375
7440,8.2817,6.5456,2.3785,7.4297,315.0,17499.0,2331.9375
7441,7.4143,6.6851,2.4601,8.3371,297.0,16563.0,2331.9375
7442,8.3274,6.559,2.3418,6.8301,334.0,18859.0,2331.9375
7443,6.7399,6.4583,2.1432,7.5578,336.0,20059.0,2331.9375
7444,7.6534,7.6813,2.4743,7.5449,335.0,18955.0,2331.9375
7445,7.5098,6.5774,2.1667,8.4236,337.0,19761.0,2331.9375
7446,8.4541,7.7826,2.5667,7.1448,337.0,21687.0,2331.9375
7447,7.1124,6.5989,2.1868,7.3254,339.0,18795.0,2331.9375
7448,7.3798,7.9263,2.2135,8.3858,320.0,17873.0,2331.9375
7449,8.28,6.5047,1.9441,8.0565,336.0,31409.0,2331.9375
7450,8.1532,7.9672,2.4478,6.9623,339.0,20451.0,2331.9375
7451,6.8919,6.1532,2.3919,6.2216,320.0,17719.0,2331.9375
7452,6.2397,6.8546,2.0228,8.4712,322.0,17695.0,2331.9375
7453,8.5632,6.5467,2.1665,6.2209,307.0,17105.0,2331.9375
7454,6.0861,6.1541,2.072,8.1641,329.0,25309.0,2331.9375
7455,8.2183,7.4344,2.0766,5.6344,310.0,17045.0,2331.9375
7456,5.6169,6.0338,1.6403,8.7877,334.0,17211.0,2331.9375
7457,8.8562,7.1529,1.9851,6.3019,337.0,17199.0,2331.9375
7458,6.2026,6.193,1.8139,7.0729,336.0,20042.0,2331.9375
7459,7.2143,6.0963,2.6418,7.2279,308.0,16995.0,2331.9375
7460,7.1351,7.0703,2.1086,6.301,299.0,16599.0,2331.9375
7461,6.2438,6.1198,1.6471,7.9862,297.0,16575.0,2331.9375
7462,8.0878,7.5703,2.1071,6.6771,333.0,21313.0,2331.9375
7463,6.7108,6.0456,2.0546,8.1276,333.0,20179.0,2331.9375
7464,8.1117,7.5578,2.2376,7.1335,331.0,21217.0,2331.9375
7465,7.0932,6.1545,2.3764,7.291,337.0,22597.0,2331.9375
7466,7.3005,6.9452,2.7191,8.0319,346.0,26390.0,2331.9375
7467,8.0289,6.236,3.0468,9.3366,338.0,19215.0,2331.9375
7468,9.3729,6.1216,3.04,7.8173,340.0,22014.0,2331.9375
7469,7.7709,6.1216,2.6322,7.3671,338.0,28577.0,2331.9375
7470,7.4932,6.1135,2.4426,8.2837,337.0,38005.0,2331.9375
7471,8.1719,6.9603,2.2837,6.3844,337.0,43625.0,2331.9375
7472,6.3863,6.1638,2.1617,7.6701,334.0,34675.0,2331.9375
7473,7.6865,7.611,2.6345,7.4751,337.0,30243.0,2331.9375
7474,7.4336,6.1784,2.3178,6.8981,336.0,44023.0,2331.9375
7475,6.9412,7.5476,2.4307,7.2276,335.0,32039.0,2331.9375
7476,7.1991,6.1238,1.9607,7.2001,333.0,22295.0,2331.9375
7477,7.3147,7.3837,2.1898,7.8413,336.0,24647.0,2331.9375
7478,7.7215,6.4661,2.4968,6.835,338.0,29255.0,2331.9375
7479,6.8378,6.3705,2.1501,7.1124,333.0,31251.0,2331.9375
7480,7.1261,7.1988,2.1742,8.6679,336.0,26175.0,2331.9375
7481,8.6927,6.1077,1.9628,7.1983,332.0,23775.0,2331.9375
7482,7.2578,7.5141,2.377,7.0978,342.0,21131.0,2331.9375
7483,7.0369,6.1876,2.429,7.6874,341.0,17395.0,2331.9375
7484,7.6835,7.5281,2.266,6.7296,338.0,17119.0,2331.9375
7485,6.6988,6.1301,1.9385,6.4311,337.0,20512.0,2331.9375
7486,6.4968,7.2815,2.0447,8.3044,339.0,22737.0,2331.9375
7487,8.3141,6.3685,2.2082,6.4469,337.0,22903.0,2331.9375
7488,6.3523,6.0605,1.9545,8.0219,338.0,23821.0,2331.9375
7489,8.0779,7.4234,2.3727,7.2637,338.0,23907.0,2331.9375
7490,7.7678,6.1378,2.9226,7.2097,335.0,24705.0,2331.9375
7491,6.7644,7.1207,2.2035,7.5775,337.0,21267.0,2331.9375
7492,7.5306,6.2166,2.2051,8.088,338.0,23489.0,2331.9375
7493,8.1786,7.2552,2.9614,7.7563,341.0,25038.0,2331.9375
7494,7.7007,6.0958,2.7448,7.7575,336.0,19827.0,2331.9375
7495,7.7512,6.3015,2.4846,8.4295,338.0,21138.0,2331.9375
7496,8.3483,6.1688,2.3254,7.4212,335.0,21079.0,2331.9375
7497,7.6465,6.0697,3.4943,7.7663,334.0,21435.0,2331.9375
7498,7.6034,6.1168,2.4131,6.473,333.0,19727.0,2331.9375
7499,6.4279,6.0207,2.0504,10.1635,338.0,22263.0,2331.9375
7500,10.1976,7.6034,2.5058,6.2871,342.0,24699.0,2331.9375
7501,6.2919,6.1261,2.5635,7.9851,337.0,23281.0,2331.9375
7502,7.9722,7.4891,2.4679,6.0897,337.0,28613.0,2331.9375
7503,6.1441,7.1773,1.947,9.8446,334.0,25787.0,2331.9375
7504,9.8877,6.1317,2.9526,8.1127,319.0,19855.0,2331.9375
7505,7.9507,7.3339,2.4741,8.6987,305.0,18863.0,2331.9375
7506,8.798,7.3339,2.2734,6.0554,335.0,27908.0,2331.9375
7507,5.9982,6.0403,1.8667,8.1539,333.0,24945.0,2331.9375
7508,8.2658,7.3533,2.1454,6.3786,336.0,28046.0,2331.9375
7509,6.3313,6.0689,2.3673,6.8181,337.0,24492.0,2331.9375
7510,6.7611,6.1317,1.9697,6.2,335.0,24462.0,2331.9375
7511,6.2256,6.5435,1.7298,7.108,323.0,20603.0,2331.9375
7512,7.1412,6.0282,1.672,7.0689,335.0,20955.0,2331.9375
7513,6.9987,7.2663,1.7798,7.003,336.0,19881.0,2331.9375
7514,6.9735,6.0826,1.6125,7.7912,336.0,20119.0,2331.9375
7515,7.8564,6.8049,1.8047,6.8607,314.0,17311.0,2331.9375
7516,6.8316,6.1703,1.7294,7.3432,326.0,19937.0,2331.9375
7517,7.3274,6.2006,2.1,7.87,336.0,20159.0,2331.9375
7518,7.9066,7.4183,2.3458,5.9823,336.0,21307.0,2331.9375
7519,5.9637,6.1439,1.7674,7.099,335.0,21057.0,2331.9375
7520,7.1701,7.4232,1.742,7.9488,334.0,20683.0,2331.9375
7521,7.8733,6.0635,2.4256,6.4624,335.0,20235.0,2331.9375
7522,6.4918,7.6367,1.8841,7.9182,335.0,22333.0,2331.9375
7523,7.9434,6.0489,1.5251,6.1788,333.0,20565.0,2331.9375
7524,6.1295,6.0495,1.6594,7.8062,335.0,18759.0,2331.9375
7525,7.8313,7.1132,1.9649,7.1747,336.0,20325.0,2331.9375
7526,7.3273,6.1181,3.541,8.5681,333.0,22977.0,2331.9375
7527,8.4277,7.419,2.5548,6.3147,312.0,17537.0,2331.9375
7528,6.2472,6.0886,1.7908,7.055,310.0,17163.0,2331.9375
7529,7.1164,7.4413,1.9522,9.0808,333.0,36767.0,2331.9375
7530,9.099,6.165,2.6165,5.6047,342.0,26381.0,2331.9375
7531,5.5831,6.0982,2.5841,8.4231,336.0,22565.0,2331.9375
7532,8.3898,6.7387,2.0636,5.8901,324.0,18231.0,2331.9375
7533,5.9135,6.0717,1.5527,8.1215,339.0,21716.0,2331.9375
7534,8.1627,7.4626,2.1289,6.6547,342.0,26446.0,2331.9375
7535,6.6627,6.1064,1.9312,7.2262,338.0,23961.0,2331.9375
7536,7.267,7.5081,1.9921,7.1089,326.0,24155.0,2331.9375
7537,7.0424,6.1417,1.9912,6.1388,309.0,17295.0,2331.9375
7538,6.1824,6.0956,2.264,9.3144,297.0,16575.0,2331.9375
7539,9.2665,6.9902,2.5514,5.925,313.0,17487.0,2331.9375
7540,5.9745,5.9984,1.9421,8.0978,298.0,16587.0,2331.9375
7541,8.0414,7.3601,2.3208,6.924,333.0,18859.0,2331.9375
7542,6.8866,6.1094,2.0124,7.9463,334.0,20047.0,2331.9375
7543,8.0004,7.556,2.1848,6.4477,335.0,18967.0,2331.9375
7544,6.4121,6.1005,1.8192,7.5591,336.0,19761.0,2331.9375
7545,7.6084,7.3783,1.9582,7.0897,336.0,21687.0,2331.9375
7546,7.1098,6.1157,2.068,7.2603,339.0,18763.0,2331.9375
7547,7.2952,6.1046,2.4116,7.2676,327.0,17961.0,2331.9375
7548,7.171,7.4332,2.6061,6.683,340.0,31413.0,2331.9375
7549,6.7961,6.0918,1.9375,7.2671,335.0,20425.0,2331.9375
7550,7.2651,7.8071,2.034,7.05,319.0,17681.0,2331.9375
7551,6.957,6.0578,1.6974,7.6796,321.0,17705.0,2331.9375
7552,7.7622,7.4577,2.2885,7.1328,305.0,17103.0,2331.9375
7553,7.0355,6.0632,2.7452,6.8519,325.0,25283.0,2331.9375
7554,6.8734,6.3024,2.322,6.9617,309.0,17055.0,2331.9375
7555,6.9729,7.4994,2.1287,7.8792,334.0,17211.0,2331.9375
7556,7.8821,6.0867,1.9926,7.5921,337.0,17199.0,2331.9375
7557,7.6038,7.2389,2.1135,6.3494,336.0,20042.0,2331.9375
7558,6.3573,6.1136,2.0792,7.0062,308.0,16995.0,2331.9375
7559,6.9373,7.5273,1.9825,7.5286,299.0,16599.0,2331.9375
7560,7.5257,6.077,1.9665,5.9965,298.0,16587.0,2331.9375
7561,6.0222,6.0224,2.0252,8.2315,333.0,21313.0,2331.9375
7562,8.2711,6.5817,2.2738,6.4982,337.0,20183.0,2331.9375
7563,6.5444,6.0875,1.9546,7.9795,335.0,21221.0,2331.9375
7564,7.9453,7.4105,2.1166,7.1492,340.0,22589.0,2331.9375
7565,7.1005,6.1625,2.0487,6.8583,343.0,26376.0,2331.9375
7566,6.8514,7.5062,2.0331,8.0198,337.0,19225.0,2331.9375
7567,8.0304,6.1517,1.9036,6.5121,339.0,22024.0,2331.9375
7568,6.5436,6.2707,2.1913,8.1145,335.0,28563.0,2331.9375
7569,8.1451,6.9583,2.1129,6.4787,335.0,38003.0,2331.9375
7570,6.4443,6.082,2.1519,7.261,335.0,43623.0,2331.9375
7571,7.2759,7.306,2.3039,7.0101,335.0,34687.0,2331.9375
7572,7.0235,6.1343,2.9495,7.6039,337.0,30243.0,2331.9375
7573,7.5794,6.159,2.0236,8.3736,335.0,44011.0,2331.9375
7574,8.3878,6.159,2.2332,6.0495,334.0,32027.0,2331.9375
7575,6.0674,7.2896,1.8937,7.8073,335.0,22319.0,2331.9375
7576,7.7836,6.0737,1.9505,6.0724,335.0,24635.0,2331.9375
7577,6.0427,6.0409,1.6292,7.757,336.0,29231.0,2331.9375
7578,7.7757,7.2525,2.0096,7.0888,339.0,31279.0,2331.9375
7579,7.068,6.0932,2.3277,7.4808,341.0,26191.0,2331.9375
7580,7.5123,7.5119,1.9057,7.6028,336.0,23779.0,2331.9375
7581,7.6158,6.1783,2.015,6.6618,338.0,21105.0,2331.9375
7582,7.3433,7.4252,2.4414,7.1245,339.0,17393.0,2331.9375
7583,6.4663,6.0342,1.753,6.3335,337.0,17129.0,2331.9375
7584,6.2803,6.0237,1.7553,7.4767,336.0,20522.0,2331.9375
7585,7.5284,7.2291,2.7443,7.3038,335.0,22711.0,2331.9375
7586,7.251,6.0826,2.174,7.537,336.0,22913.0,2331.9375
7587,7.5676,7.4399,2.1935,6.8392,338.0,23821.0,2331.9375
7588,6.8348,6.0581,2.0448,6.7947,338.0,23907.0,2331.9375
7589,6.7919,6.7517,1.935,7.9678,334.0,24693.0,2331.9375
7590,7.9707,6.4451,2.3229,6.7553,338.0,21279.0,2331.9375
7591,6.9993,6.2271,3.2241,7.0112,339.0,23501.0,2331.9375
7592,6.7656,8.279,1.9869,8.0254,342.0,25050.0,2331.9375
7593,8.0626,7.6246,1.9275,9.5011,335.0,19815.0,2331.9375
7594,9.5412,7.6246,2.2741,7.4934,342.0,21142.0,2331.9375
7595,7.4582,6.0441,2.5322,7.67,338.0,21071.0,2331.9375
7596,7.6563,7.0349,2.9423,7.5889,338.0,21439.0,2331.9375
7597,7.5771,6.123,1.8973,7.7962,334.0,19809.0,2331.9375
7598,7.8311,6.0838,2.2187,8.1952,337.0,22321.0,2331.9375
7599,8.1727,6.0838,2.1855,7.4021,338.0,24673.0,2331.9375
7600,7.4267,6.1397,1.9716,7.7885,337.0,24991.0,2331.9375
7601,7.7786,6.0817,2.1498,7.8581,335.0,27659.0,2331.9375
7602,7.8408,6.0817,2.2717,7.2473,332.0,25573.0,2331.9375
7603,7.2162,6.6741,2.1401,6.0038,316.0,19199.0,2331.9375
7604,6.0829,6.0381,2.1751,7.5505,305.0,18863.0,2331.9375
7605,7.5253,7.2878,2.5138,7.5892,335.0,27908.0,2331.9375
7606,7.5914,6.0845,2.66,8.2029,334.0,26597.0,2331.9375
7607,8.2215,6.0697,2.7846,8.2481,336.0,26502.0,2331.9375
7608,8.213,6.0697,2.1638,6.9196,339.0,24602.0,2331.9375
7609,6.9487,7.3031,2.2588,7.4556,335.0,24376.0,2331.9375
7610,7.4851,6.0783,2.1697,6.2086,332.0,20907.0,2331.9375
7611,6.1769,6.3408,2.2083,11.2639,333.0,20647.0,2331.9375
7612,11.2647,7.0415,2.83,10.0928,339.0,19825.0,2331.9375
7613,10.2011,6.1574,2.7722,7.9737,334.0,20069.0,2331.9375
7614,7.8121,6.1574,2.2461,8.6488,317.0,17705.0,2331.9375
7615,8.7225,6.1477,2.2352,7.9493,322.0,20069.0,2331.9375
7616,7.8471,7.2541,1.8367,8.8441,334.0,19807.0,2331.9375
7617,9.1067,6.1639,2.6511,9.9086,332.0,21281.0,2331.9375
7618,9.8575,6.1639,2.8896,8.1534,335.0,21079.0,2331.9375
7619,8.0041,7.5011,2.4366,6.2773,334.0,20891.0,2331.9375
7620,6.4601,6.1192,2.1188,6.6441,334.0,20015.0,2331.9375
7621,6.43,7.2556,1.781,7.1344,335.0,22825.0,2331.9375
7622,7.1902,6.0385,1.7483,6.6757,334.0,20085.0,2331.9375
7623,6.6351,6.3185,1.781,7.6681,335.0,18759.0,2331.9375
7624,7.6513,6.1008,1.7875,6.8896,336.0,20693.0,2331.9375
7625,6.8915,6.0592,1.4795,6.9212,332.0,22597.0,2331.9375
7626,7.009,7.0368,2.016,6.9362,314.0,17373.0,2331.9375
7627,6.8607,6.0704,2.4547,7.0034,316.0,17287.0,2331.9375
7628,6.965,7.2991,1.9358,7.5748,337.0,36771.0,2331.9375
7629,7.7017,6.038,1.9922,6.372,338.0,26355.0,2331.9375
7630,6.3198,6.3038,1.9361,7.8619,336.0,22587.0,2331.9375
7631,7.8043,7.1635,2.062,6.9131,319.0,18097.0,2331.9375
7632,6.9409,6.1378,2.1538,6.8821,335.0,21690.0,2331.9375
7633,6.9731,7.0663,2.1001,7.4339,341.0,26456.0,2331.9375
7634,7.3624,6.0824,2.126,6.4442,339.0,24043.0,2331.9375
7635,6.4708,7.4084,2.3264,8.1072,326.0,24155.0,2331.9375
7636,8.0529,6.1122,2.5478,6.2416,307.0,17223.0,2331.9375
7637,6.2846,6.2445,2.2764,7.8142,297.0,16575.0,2331.9375
7638,7.8163,6.1155,2.2487,6.1009,313.0,17487.0,2331.9375
7639,6.0574,6.0313,1.6375,6.8526,299.0,16599.0,2331.9375
7640,6.896,7.1006,2.0108,7.7402,333.0,18859.0,2331.9375
7641,7.782,6.0924,2.0386,5.8789,334.0,20047.0,2331.9375
7642,5.8925,6.7243,2.1313,8.1533,339.0,18971.0,2331.9375
7643,8.1683,6.9379,2.6065,6.8011,338.0,19741.0,2331.9375
7644,6.7803,6.1152,2.3983,7.9004,341.0,21703.0,2331.9375
7645,7.8625,7.2386,2.2661,6.4106,336.0,18749.0,2331.9375
7646,6.399,6.0813,1.7222,7.1687,326.0,17971.0,2331.9375
7647,7.2607,7.0666,2.0107,7.1898,338.0,31411.0,2331.9375
7648,7.1474,6.1114,2.533,6.7827,333.0,20423.0,2331.9375
7649,6.8625,6.9727,2.2812,7.4645,318.0,17691.0,2331.9375
7650,7.3955,6.5094,2.1295,6.222,317.0,17679.0,2331.9375
7651,6.148,6.1027,1.8623,7.5756,306.0,17115.0,2331.9375
7652,7.5734,7.055,3.219,6.5532,325.0,25283.0,2331.9375
7653,6.5171,6.0282,1.9193,7.8506,309.0,17055.0,2331.9375
7654,7.9393,7.2297,2.0562,6.4614,334.0,17211.0,2331.9375
7655,6.4608,6.0011,1.8607,6.7979,336.0,17187.0,2331.9375
7656,6.7471,6.3006,2.3417,6.8888,338.0,20066.0,2331.9375
7657,6.926,7.0738,2.1548,6.4511,306.0,16971.0,2331.9375
7658,6.3659,6.0848,1.6331,6.892,304.0,16615.0,2331.9375
7659,6.9568,7.2915,1.7861,7.4045,302.0,16591.0,2331.9375
7660,7.3831,5.9828,1.6775,8.1199,337.0,21317.0,2331.9375
7661,8.1825,7.3856,1.9709,6.5542,335.0,20181.0,2331.9375
7662,6.4697,6.1043,1.9816,6.8818,333.0,21219.0,2331.9375
7663,6.9377,6.1048,2.0694,6.5475,338.0,22587.0,2331.9375
7664,6.5466,7.1662,2.111,6.9381,338.0,26338.0,2331.9375
7665,6.9395,6.0331,1.4345,6.7885,338.0,19259.0,2331.9375
7666,6.7866,7.2521,1.5909,7.7402,337.0,22022.0,2331.9375
7667,7.7142,6.0334,1.6856,5.6292,332.0,28527.0,2331.9375
7668,5.6388,6.2111,1.7305,7.9052,338.0,38039.0,2331.9375
7669,7.9598,6.0587,1.8735,6.2162,335.0,43623.0,2331.9375
7670,6.1721,6.026,1.6607,6.9554,334.0,34675.0,2331.9375
7671,6.9652,7.4439,1.3669,8.4925,338.0,30255.0,2331.9375
7672,8.4671,6.0949,2.0102,5.9438,335.0,44011.0,2331.9375
7673,5.9496,6.9714,1.8686,7.6604,334.0,32027.0,2331.9375
7674,7.6833,6.0107,1.4722,6.0264,339.0,22323.0,2331.9375
7675,6.0134,6.1356,1.6607,8.4347,338.0,24627.0,2331.9375
7676,8.4644,6.5652,1.8256,6.5019,340.0,29235.0,2331.9375
7677,6.448,6.0598,1.7733,6.9193,337.0,31277.0,2331.9375
7678,7.1018,7.1289,1.9199,8.1116,340.0,26201.0,2331.9375
7679,7.9615,6.0618,1.9049,5.9486,334.0,23777.0,2331.9375
7680,5.9913,7.2941,1.9352,8.2646,335.0,21091.0,2331.9375
7681,8.2411,6.1311,2.0491,5.9082,336.0,17379.0,2331.9375
7682,5.8587,6.0542,1.7293,7.5861,337.0,17151.0,2331.9375
7683,7.641,7.3385,2.5744,7.2852,336.0,20522.0,2331.9375
7684,7.2308,5.9874,1.6602,6.7637,335.0,22711.0,2331.9375
7685,6.8888,7.4483,1.7303,7.5924,335.0,22901.0,2331.9375
7686,7.4756,6.0471,1.7165,6.1441,338.0,23821.0,2331.9375
7687,6.1762,6.2165,1.9268,8.4149,339.0,23919.0,2331.9375
7688,8.3828,6.5007,1.8536,6.4103,334.0,24693.0,2331.9375
7689,6.5102,6.068,1.5988,7.3749,336.0,21255.0,2331.9375
7690,7.2456,7.2514,1.3927,6.5167,345.0,23529.0,2331.9375
7691,6.5985,6.0614,1.6893,6.9663,344.0,25030.0,2331.9375
7692,7.0423,7.3696,1.6384,7.534,338.0,19807.0,2331.9375
7693,7.4383,6.1001,1.8306,6.1362,343.0,21176.0,2331.9375
7694,6.0609,7.0187,1.7284,8.387,336.0,21069.0,2331.9375
7695,8.4453,6.4167,1.8499,6.5991,336.0,21437.0,2331.9375
7696,6.5724,6.1072,1.7654,7.276,333.0,19915.0,2331.9375
7697,7.3672,7.3721,2.0953,7.6388,336.0,22699.0,2331.9375
7698,7.6083,6.1782,2.1146,7.4102,335.0,24291.0,2331.9375
7699,7.453,6.0745,2.2084,8.1816,338.0,25003.0,2331.9375
7700,8.173,6.0745,2.2884,6.257,335.0,27659.0,2331.9375
7701,6.3404,7.4835,1.955,8.0658,331.0,25929.0,2331.9375
7702,7.9297,6.1596,1.8451,5.9641,314.0,18711.0,2331.9375
7703,5.9121,6.0427,1.5974,7.641,306.0,18875.0,2331.9375
7704,7.803,6.7388,3.3092,6.5847,335.0,27908.0,2331.9375
7705,6.4716,6.0529,1.7138,7.4645,337.0,27733.0,2331.9375
7706,7.5359,7.1733,2.0313,7.17,339.0,25490.0,2331.9375
7707,7.1126,6.1266,1.9486,6.16,341.0,24582.0,2331.9375
7708,6.1813,6.2989,2.0862,8.9558,341.0,24404.0,2331.9375
7709,8.9658,6.7182,2.3189,5.843,329.0,20845.0,2331.9375
7710,5.8434,6.0236,1.7064,8.1328,333.0,20937.0,2331.9375
7711,8.1213,7.4644,2.0171,7.089,333.0,19507.0,2331.9375
7712,7.0818,6.0732,1.9791,7.8223,332.0,20019.0,2331.9375
7713,7.8974,7.36,2.1798,6.7255,322.0,18703.0,2331.9375
7714,6.688,6.1037,2.3464,7.9703,320.0,19487.0,2331.9375
7715,7.9474,7.4487,2.2368,7.3292,333.0,19795.0,2331.9375
7716,7.336,6.1153,2.5505,6.9226,334.0,21769.0,2331.9375
7717,6.9212,6.0487,3.1892,8.6434,335.0,21821.0,2331.9375
7718,8.6564,6.9464,2.6325,6.5764,334.0,19685.0,2331.9375
7719,6.5128,6.1937,1.6132,7.4366,333.0,20495.0,2331.9375
7720,7.4886,7.3291,2.0089,7.4286,333.0,22165.0,2331.9375
7721,7.4583,6.1711,2.0369,6.6352,333.0,20073.0,2331.9375
7722,6.858,7.5679,1.9144,7.4631,340.0,19143.0,2331.9375
7723,7.1772,6.0189,1.9137,7.8406,338.0,20305.0,2331.9375
7724,7.9096,7.1027,2.2562,7.211,338.0,22625.0,2331.9375
7725,7.1607,6.1537,2.1731,6.3582,319.0,17887.0,2331.9375
7726,6.3589,6.3786,2.327,7.771,338.0,36805.0,2331.9375
7727,7.7365,6.1359,2.2207,8.9589,336.0,26331.0,2331.9375
7728,9.0716,6.1359,3.2533,7.8734,337.0,22621.0,2331.9375
7729,7.8791,7.3092,2.3134,7.5123,318.0,18571.0,2331.9375
7730,7.4207,6.1948,1.7939,7.5536,334.0,21214.0,2331.9375
7731,7.5844,7.2194,1.8073,6.8093,337.0,26776.0,2331.9375
7732,6.8064,6.0656,2.53,7.5434,343.0,24920.0,2331.9375
7733,7.6524,7.5742,2.1698,7.4626,325.0,22898.0,2331.9375
7734,7.372,6.2195,2.2463,6.2141,309.0,17247.0,2331.9375
7735,6.3363,6.3811,2.2924,8.6593,297.0,16575.0,2331.9375
7736,8.5665,6.6849,2.2517,6.121,312.0,17475.0,2331.9375
7737,6.0958,5.9795,2.4951,7.0175,298.0,16587.0,2331.9375
7738,7.0487,7.3232,2.3896,7.5064,340.0,18899.0,2331.9375
7739,7.4667,6.0962,2.1815,7.8742,336.0,20027.0,2331.9375
7740,7.8857,7.5104,2.2703,7.5761,336.0,18935.0,2331.9375
7741,7.4989,6.2702,2.2244,6.032,338.0,19763.0,2331.9375
7742,6.1256,7.3563,2.2993,8.266,337.0,21677.0,2331.9375
7743,8.2507,6.1765,1.906,6.6045,338.0,18773.0,2331.9375
7744,6.5696,6.1649,2.2007,8.5892,321.0,17933.0,2331.9375
7745,8.6237,7.2475,2.302,5.7558,339.0,31445.0,2331.9375
7746,5.6923,6.0381,1.7933,8.1428,334.0,20435.0,2331.9375
7747,8.2757,7.442,2.1705,6.7247,316.0,17667.0,2331.9375
7748,6.7105,6.1696,2.2239,7.5935,317.0,17679.0,2331.9375
7749,7.4889,6.9859,2.6819,7.1588,307.0,17127.0,2331.9375
7750,7.2096,6.1246,2.6886,5.8514,325.0,25283.0,2331.9375
7751,5.8998,6.032,1.9446,8.1384,306.0,17019.0,2331.9375
7752,8.0854,7.3009,2.6029,6.7845,337.0,17247.0,2331.9375
7753,6.7785,6.0441,2.1382,7.8845,335.0,17175.0,2331.9375
7754,7.9246,7.5882,2.2682,6.9482,341.0,20058.0,2331.9375
7755,6.9139,6.2088,2.1586,7.8189,313.0,17011.0,2331.9375
7756,7.9347,7.581,2.7861,6.2917,301.0,16579.0,2331.9375
7757,6.1771,6.0761,2.0167,6.7637,302.0,16613.0,2331.9375
7758,6.7787,6.2994,2.3433,8.5354,338.0,21351.0,2331.9375
7759,8.5418,7.3173,2.3659,6.1025,335.0,20181.0,2331.9375
7760,6.0124,6.1193,2.063,7.7129,332.0,21229.0,2331.9375
7761,7.7972,7.5684,2.1456,7.4785,336.0,22585.0,2331.9375
7762,7.5814,6.0464,2.1929,7.9065,334.0,26290.0,2331.9375
7763,7.9291,7.2164,2.4357,7.6971,335.0,19223.0,2331.9375
7764,7.6109,6.1002,2.3184,7.5224,341.0,22070.0,2331.9375
7765,7.5189,7.3213,2.3327,7.4911,336.0,28575.0,2331.9375
7766,7.4726,6.1264,2.1791,6.0643,332.0,37967.0,2331.9375
7767,6.0042,6.2924,1.8078,7.1048,337.0,43647.0,2331.9375
7768,7.199,7.1887,2.0936,6.563,334.0,34675.0,2331.9375
7769,6.4419,6.0277,1.7426,7.762,337.0,30243.0,2331.9375
7770,7.8015,7.1856,1.8753,6.8183,344.0,44075.0,2331.9375
7771,6.8097,6.1682,2.1199,6.4251,336.0,32007.0,2331.9375
7772,6.4774,7.5274,1.822,8.5458,337.0,22299.0,2331.9375
7773,8.5322,6.0865,2.0053,5.892,337.0,24637.0,2331.9375
7774,5.8648,6.1102,1.4854,7.3453,335.0,29197.0,2331.9375
7775,7.3695,7.3274,1.6019,7.395,339.0,31301.0,2331.9375
7776,7.3059,6.0328,1.5564,7.7329,335.0,26163.0,2331.9375
7777,7.8354,7.0797,2.1187,6.5305,338.0,23847.0,2331.9375
7778,6.4659,6.0794,1.7817,6.1703,333.0,21067.0,2331.9375
7779,6.2906,7.0537,2.1456,8.4173,334.0,17355.0,2331.9375
7780,8.3681,6.4877,3.1769,6.6608,334.0,17115.0,2331.9375
7781,6.7029,6.1172,2.7657,7.4559,341.0,20582.0,2331.9375
7782,7.4066,7.5216,2.3522,6.6274,333.0,22687.0,2331.9375
7783,6.5968,6.0954,1.7897,6.8061,333.0,22877.0,2331.9375
7784,6.8445,7.3011,1.9612,7.0628,339.0,23833.0,2331.9375
7785,7.0349,6.066,1.5854,6.6176,338.0,23907.0,2331.9375
7786,6.6998,6.9834,2.0523,8.2733,343.0,24757.0,2331.9375
7787,8.2631,6.1286,2.0105,6.8529,338.0,21235.0,2331.9375
7788,6.7874,6.0982,1.9109,6.7609,341.0,23481.0,2331.9375
7789,6.8488,7.2811,1.9204,7.3019,344.0,25052.0,2331.9375
7790,7.2872,6.0382,1.8085,6.4904,339.0,19841.0,2331.9375
7791,6.3837,7.3183,1.7278,7.3435,338.0,21116.0,2331.9375
7792,7.4223,6.0287,1.7241,6.327,338.0,21115.0,2331.9375
7793,6.226,6.2538,1.7889,8.0572,334.0,21435.0,2331.9375
7794,8.1063,7.0407,2.1999,6.0133,335.0,20083.0,2331.9375
7795,5.9998,6.0489,1.741,7.6207,336.0,22699.0,2331.9375
7796,7.6496,7.2475,1.7164,6.8692,333.0,25521.0,2331.9375
7797,6.8294,6.0674,1.6608,6.3704,337.0,24009.0,2331.9375
7798,6.3977,7.2867,1.6732,8.0325,340.0,27507.0,2331.9375
7799,8.0685,6.0736,1.7067,6.0708,332.0,26153.0,2331.9375
7800,6.1026,6.0567,1.5347,7.9963,308.0,18223.0,2331.9375
7801,7.9621,7.4473,1.6454,6.0654,305.0,18863.0,2331.9375
7802,5.9913,6.0088,1.5454,7.5705,341.0,27936.0,2331.9375
7803,7.6304,7.175,1.9082,7.0746,340.0,27725.0,2331.9375
7804,7.0534,6.0531,1.8238,6.3018,341.0,25514.0,2331.9375
7805,6.3915,7.4015,1.5866,8.8376,337.0,24556.0,2331.9375
7806,8.7673,6.072,1.9417,5.4918,338.0,24390.0,2331.9375
7807,5.562,6.01,1.4906,7.3663,335.0,21109.0,2331.9375
7808,7.3349,7.4171,1.629,6.907,328.0,20755.0,2331.9375
7809,6.9075,6.0432,1.5314,7.3367,332.0,19613.0,2331.9375
7810,7.3464,7.1927,1.6538,7.211,329.0,19839.0,2331.9375
7811,7.1312,6.1157,1.7658,6.7105,335.0,20455.0,2331.9375
7812,6.6961,6.2514,1.8859,7.4883,312.0,18473.0,2331.9375
7813,7.5131,7.2843,1.9523,6.8165,333.0,19261.0,2331.9375
7814,6.8523,6.0394,1.7206,6.8527,332.0,21745.0,2331.9375
7815,6.864,7.5079,2.0134,7.1561,335.0,21821.0,2331.9375
7816,7.1103,6.0213,1.6437,7.0712,333.0,19797.0,2331.9375
7817,7.134,7.2377,1.9954,7.3655,335.0,20763.0,2331.9375
7818,7.3181,5.9707,1.7284,6.2333,338.0,22325.0,2331.9375
7819,6.2099,6.2458,1.5503,8.2675,338.0,20089.0,2331.9375
7820,8.3079,7.3542,1.8433,6.3869,338.0,19215.0,2331.9375
7821,6.4155,6.0247,1.6696,6.8126,337.0,20779.0,2331.9375
7822,6.7463,7.5103,1.5548,7.8653,334.0,21575.0,2331.9375
7823,7.8606,6.026,1.5139,5.986,319.0,17839.0,2331.9375
7824,5.9917,7.0756,1.7488,7.9496,334.0,36779.0,2331.9375
7825,8.0005,6.0233,1.7521,5.9079,335.0,26341.0,2331.9375
7826,5.8695,6.0134,1.4477,7.2297,336.0,23073.0,2331.9375
7827,7.2676,7.2732,1.6036,7.0468,315.0,17927.0,2331.9375
7828,7.0102,6.0578,1.5213,7.3103,336.0,21238.0,2331.9375
7829,7.3452,7.4203,1.6679,7.7455,339.0,26800.0,2331.9375
7830,7.7275,6.0056,1.6137,5.6955,337.0,24848.0,2331.9375
7831,5.6616,6.019,1.7953,7.6957,331.0,23066.0,2331.9375
7832,7.7331,6.8914,1.7743,6.1999,308.0,17139.0,2331.9375
7833,6.1584,6.0397,1.423,7.0018,297.0,16575.0,2331.9375
7834,7.1148,7.4072,1.7332,7.3559,316.0,17479.0,2331.9375
7835,7.3101,5.9952,1.7056,6.1573,302.0,16591.0,2331.9375
7836,6.1447,7.2182,1.6427,8.7387,339.0,18887.0,2331.9375
7837,8.6829,6.0367,1.6788,5.682,337.0,20061.0,2331.9375
7838,5.7825,6.035,1.6631,7.9928,334.0,18933.0,2331.9375
7839,7.8894,6.0805,1.4615,6.3171,334.0,19715.0,2331.9375
7840,6.315,6.2372,1.2651,7.3327,337.0,21699.0,2331.9375
7841,7.4047,7.3945,1.6503,7.1754,333.0,18735.0,2331.9375
7842,7.1202,6.0284,1.6176,6.5394,324.0,21401.0,2331.9375
7843,6.5621,6.2189,1.8224,7.6397,337.0,28085.0,2331.9375
7844,7.656,6.0754,1.8554,6.0633,337.0,20471.0,2331.9375
7845,6.0389,6.0444,1.6483,7.3634,315.0,17559.0,2331.9375
7846,7.4422,7.2892,1.9,7.2377,316.0,17667.0,2331.9375
7847,7.2059,6.0609,1.7977,7.1826,308.0,17139.0,2331.9375
7848,7.1512,7.297,2.3464,7.2182,324.0,25271.0,2331.9375
7849,7.1916,6.0373,1.5472,6.0817,306.0,17019.0,2331.9375
7850,6.115,6.0375,1.6614,7.8926,337.0,17203.0,2331.9375
7851,7.9689,6.053,1.8293,6.4769,341.0,17203.0,2331.9375
7852,6.3931,6.1437,1.7538,7.2832,342.0,20070.0,2331.9375
7853,7.3036,7.4165,1.846,7.0758,308.0,16973.0,2331.9375
7854,7.135,6.0448,2.0496,6.2898,304.0,16637.0,2331.9375
7855,6.2961,7.2356,2.0144,8.5029,299.0,16577.0,2331.9375
7856,8.4996,6.0132,1.9839,6.0041,336.0,21349.0,2331.9375
7857,5.9861,6.0446,1.8047,6.6329,336.0,20215.0,2331.9375
7858,6.6938,7.3517,2.091,7.8637,333.0,21241.0,2331.9375
7859,7.8337,6.0524,2.1142,6.7441,337.0,22597.0,2331.9375
7860,6.7357,7.4299,1.927,7.4092,334.0,26290.0,2331.9375
7861,7.3911,6.134,1.6813,6.8217,331.0,19175.0,2331.9375
7862,6.8574,6.4541,1.8667,7.9342,335.0,21998.0,2331.9375
7863,7.9185,6.1092,1.7132,6.2099,342.0,28647.0,2331.9375
7864,6.1605,6.0807,1.7947,7.4517,335.0,38003.0,2331.9375
7865,7.4702,7.4079,2.0068,6.7732,334.0,43611.0,2331.9375
7866,6.7309,6.055,1.6557,7.2553,339.0,34691.0,2331.9375
7867,7.3382,7.2106,2.0911,7.2151,340.0,30235.0,2331.9375
7868,7.1506,6.1543,2.145,6.525,343.0,44063.0,2331.9375
7869,6.5122,6.3652,1.9692,8.1676,338.0,32053.0,2331.9375
7870,8.1956,7.3108,2.441,6.5257,335.0,22297.0,2331.9375
7871,6.4839,6.0683,1.9185,8.2974,334.0,24601.0,2331.9375
7872,8.3745,7.2722,2.0673,5.8445,334.0,29207.0,2331.9375
7873,5.7856,6.0932,1.762,8.3819,333.0,31251.0,2331.9375
7874,8.4235,6.8312,2.0975,6.0802,337.0,26187.0,2331.9375
7875,6.0375,6.1459,1.832,6.7587,337.0,23835.0,2331.9375
7876,6.808,6.3662,2.1029,7.795,337.0,21115.0,2331.9375
7877,7.7959,7.4109,2.1321,7.0001,333.0,17343.0,2331.9375
7878,6.9761,6.0287,2.0013,7.4711,332.0,17091.0,2331.9375
7879,7.5014,7.1829,1.9938,6.5891,339.0,20558.0,2331.9375
7880,6.6003,6.0284,1.898,6.8016,338.0,22747.0,2331.9375
7881,6.7437,7.5256,1.7898,7.3854,334.0,22889.0,2331.9375
7882,7.4117,5.9672,1.7959,6.8797,337.0,23765.0,2331.9375
7883,6.848,6.0529,1.7454,6.8968,344.0,23935.0,2331.9375
7884,6.9322,6.3616,1.9031,7.5922,339.0,24709.0,2331.9375
7885,7.5695,6.0464,1.811,7.3257,341.0,21293.0,2331.9375
7886,7.3494,7.228,1.7802,6.3645,340.0,23491.0,2331.9375
7887,6.3265,5.9804,1.8643,7.0534,342.0,25028.0,2331.9375
7888,7.1697,7.3609,2.2895,8.5122,337.0,19839.0,2331.9375
7889,8.4998,6.1199,2.388,7.3698,338.0,21138.0,2331.9375
7890,7.4229,6.1355,2.537,7.7729,334.0,21067.0,2331.9375
7891,7.7359,6.8229,2.1195,6.4915,338.0,21483.0,2331.9375
7892,6.4292,6.0475,2.0854,7.6395,334.0,20071.0,2331.9375
7893,7.6988,7.7136,2.309,6.8867,336.0,22699.0,2331.9375
7894,6.8183,6.123,2.1237,7.6333,335.0,25641.0,2331.9375
7895,7.7306,7.3975,3.124,7.3777,337.0,24009.0,2331.9375
7896,7.3382,6.2212,2.5081,8.2887,338.0,27607.0,2331.9375
7897,8.4352,6.1311,2.4574,7.7437,336.0,26077.0,2331.9375
7898,7.6981,6.9256,2.6407,10.0037,312.0,18131.0,2331.9375
7899,9.9038,6.9256,2.4054,7.3297,307.0,18843.0,2331.9375
7900,7.2956,6.6343,2.1035,6.6717,338.0,27900.0,2331.9375
7901,6.6754,7.3217,1.9651,7.3896,341.0,27759.0,2331.9375
7902,7.401,6.1442,1.8929,7.0749,338.0,25500.0,2331.9375
7903,7.0262,6.1999,2.2206,7.5075,337.0,24556.0,2331.9375
7904,7.5786,7.5506,2.4585,6.6635,337.0,24400.0,2331.9375
7905,6.6209,6.133,1.984,7.771,334.0,21311.0,2331.9375
7906,7.7546,7.2597,2.2496,6.2902,330.0,20731.0,2331.9375
7907,6.2902,6.1271,1.91,8.1802,329.0,19481.0,2331.9375
7908,8.2732,7.1478,2.2451,6.4665,329.0,19839.0,2331.9375
7909,6.3415,5.9925,1.9692,6.1668,335.0,20455.0,2331.9375
7910,6.1762,6.0057,1.5672,6.9246,314.0,18449.0,2331.9375
7911,7.0114,7.4207,1.8464,7.1761,332.0,19249.0,2331.9375
7912,7.0762,5.9654,1.4862,7.0158,334.0,21769.0,2331.9375
7913,7.0505,7.2952,1.599,7.5939,332.0,21785.0,2331.9375
7914,7.5699,6.0144,1.7006,5.9054,338.0,19813.0,2331.9375
7915,5.965,6.0237,1.6388,7.9777,338.0,20755.0,2331.9375
7916,8.0091,6.6974,2.0318,5.9763,338.0,22325.0,2331.9375
7917,5.8942,6.0752,1.595,6.9697,336.0,20087.0,2331.9375
7918,6.927,7.0918,1.3519,8.0,337.0,19225.0,2331.9375
7919,7.9899,6.008,1.5935,5.5249,336.0,20767.0,2331.9375
7920,5.6567,7.2144,1.96,8.5696,333.0,21681.0,2331.9375
7921,8.5859,6.0871,1.9215,5.8634,319.0,17909.0,2331.9375
7922,5.7795,6.1122,1.7207,6.5799,335.0,36791.0,2331.9375
7923,6.6328,7.2153,1.7064,8.2728,333.0,26317.0,2331.9375
7924,8.2383,6.0752,1.9743,6.551,336.0,23073.0,2331.9375
7925,6.5512,7.1401,1.7907,7.4111,314.0,17819.0,2331.9375
7926,7.4275,6.0613,1.6822,5.6916,333.0,21202.0,2331.9375
7927,5.7037,6.3953,1.8133,8.1557,342.0,26836.0,2331.9375
7928,8.1478,6.9868,1.9901,5.7718,336.0,24788.0,2331.9375
7929,5.707,6.0308,1.4351,7.9284,327.0,23018.0,2331.9375
7930,7.9536,6.9153,1.4217,5.8407,316.0,17191.0,2331.9375
7931,5.8421,5.9799,1.519,6.6238,302.0,16591.0,2331.9375
7932,6.601,7.3176,1.3472,8.1939,316.0,17479.0,2331.9375
7933,8.2123,6.0565,1.5556,6.2401,300.0,16589.0,2331.9375
7934,6.2811,6.0712,1.5831,8.2505,338.0,18897.0,2331.9375
7935,8.2183,7.1338,1.5611,6.3347,335.0,20037.0,2331.9375
7936,6.3045,6.0432,1.41,6.8502,334.0,18955.0,2331.9375
7937,6.9478,7.1582,1.4456,6.8852,334.0,19737.0,2331.9375
7938,6.8018,6.0212,1.4864,6.6837,332.0,21639.0,2331.9375
7939,7.0162,6.699,1.9093,8.0821,335.0,18759.0,2331.9375
7940,7.8006,6.0363,1.8147,6.3075,323.0,21389.0,2331.9375
7941,6.2725,6.0227,1.6722,7.0548,336.0,28073.0,2331.9375
7942,7.0984,6.9225,1.5245,6.3691,335.0,20447.0,2331.9375
7943,6.3656,6.0674,1.6039,6.5346,317.0,17583.0,2331.9375
7944,6.5643,7.0751,1.7343,7.4473,318.0,17691.0,2331.9375
7945,7.4231,5.9814,1.6941,6.5474,307.0,17127.0,2331.9375
7946,6.479,5.9948,1.4247,7.7696,327.0,25263.0,2331.9375
7947,7.8962,6.7716,1.9296,8.7747,309.0,17011.0,2331.9375
7948,8.7358,6.0824,2.2452,7.6774,341.0,17251.0,2331.9375
7949,7.7683,7.1679,2.2984,5.9831,334.0,17141.0,2331.9375
7950,5.8917,6.1387,1.5394,6.5617,339.0,20056.0,2331.9375
7951,6.5922,7.3712,1.5529,7.2789,312.0,17021.0,2331.9375
7952,7.1848,6.042,1.431,6.2197,299.0,16599.0,2331.9375
7953,6.2421,6.1265,1.2595,7.6947,300.0,16611.0,2331.9375
7954,7.7185,5.9716,1.4203,6.7613,333.0,21313.0,2331.9375
7955,6.7279,5.9719,1.5502,7.0308,337.0,20227.0,2331.9375
7956,7.0862,6.9546,1.8596,6.8306,334.0,21253.0,2331.9375
7957,6.7913,6.0684,1.6255,6.2175,338.0,22609.0,2331.9375
7958,6.1827,7.1405,1.4825,8.4047,335.0,26302.0,2331.9375
7959,8.4977,6.2694,1.8534,6.0869,333.0,19199.0,2331.9375
7960,5.984,5.99,1.259,6.6676,333.0,21974.0,2331.9375
7961,6.7323,7.1408,1.4125,6.9911,334.0,28551.0,2331.9375
7962,6.9436,6.0456,1.5107,6.7367,344.0,38067.0,2331.9375
7963,6.8751,7.1963,1.6522,7.8677,340.0,43639.0,2331.9375
7964,7.7581,6.097,1.4625,6.6226,338.0,34679.0,2331.9375
7965,6.6314,6.2194,1.2749,7.2749,339.0,30245.0,2331.9375
7966,7.2715,7.009,1.5169,6.4313,339.0,44037.0,2331.9375
7967,6.4686,6.023,1.3863,7.0506,337.0,32041.0,2331.9375
7968,7.1439,7.0756,1.71,6.8787,335.0,22319.0,2331.9375
7969,6.7164,6.0004,1.3927,6.4565,335.0,24635.0,2331.9375
7970,6.4364,6.8289,1.4401,7.8293,331.0,29171.0,2331.9375
7971,7.901,6.4685,1.7785,6.0003,335.0,31275.0,2331.9375
7972,6.0148,6.0115,1.529,7.9389,333.0,26139.0,2331.9375
7973,7.9219,7.2051,1.4259,6.5474,336.0,23823.0,2331.9375
7974,6.5407,6.0282,1.4037,6.9291,338.0,21127.0,2331.9375
7975,7.0233,7.6594,1.7494,8.389,334.0,17355.0,2331.9375
7976,8.3201,5.9359,1.7883,5.8064,336.0,17139.0,2331.9375
7977,5.7517,6.0015,1.5746,8.0574,334.0,20498.0,2331.9375
7978,8.1882,7.0883,1.9192,5.9862,340.0,22727.0,2331.9375
7979,5.854,6.062,1.4735,6.6865,341.0,22929.0,2331.9375
7980,6.7711,7.4388,1.6953,7.7308,340.0,23801.0,2331.9375
7981,7.6648,6.0279,1.4475,7.0272,337.0,23873.0,2331.9375
7982,7.0891,6.643,1.5184,6.5542,339.0,24731.0,2331.9375
7983,6.4731,6.0097,1.4425,6.8237,339.0,21269.0,2331.9375
7984,6.87,5.9244,1.3315,6.8848,340.0,23513.0,2331.9375
7985,6.9567,7.3956,1.5285,7.3216,342.0,25050.0,2331.9375
7986,7.3,6.0712,1.6115,7.2085,333.0,19791.0,2331.9375
7987,7.1662,7.3693,1.429,6.8189,338.0,21138.0,2331.9375
7988,6.7455,5.9155,1.3731,6.2483,337.0,21103.0,2331.9375
7989,6.3199,6.1348,1.3973,7.6296,335.0,21447.0,2331.9375
7990,7.6167,6.8565,1.7222,6.5474,336.0,20095.0,2331.9375
7991,6.5733,6.0063,1.3769,6.7198,336.0,22699.0,2331.9375
7992,6.7586,7.2546,1.5984,7.1966,336.0,25653.0,2331.9375
7993,7.0975,6.0013,1.346,7.4214,335.0,23985.0,2331.9375
7994,7.4679,7.3154,1.6861,6.9695,344.0,27635.0,2331.9375
7995,6.922,6.0819,1.4195,6.8351,338.0,26057.0,2331.9375
7996,6.8287,6.0934,1.5884,6.638,315.0,18167.0,2331.9375
7997,6.7061,7.2016,1.6096,7.0023,307.0,18865.0,2331.9375
7998,7.0208,5.9943,1.5116,6.9124,335.0,27886.0,2331.9375
7999,6.8987,7.1891,1.485,7.3549,336.0,27699.0,2331.9375
8000,7.3799,6.0773,1.5438,6.0798,338.0,25522.0,2331.9375
8001,6.0285,7.1494,1.363,8.4924,335.0,24554.0,2331.9375
8002,8.5745,5.9984,1.468,5.7088,337.0,24400.0,2331.9375
8003,5.6162,6.0211,1.5034,7.4696,335.0,21323.0,2331.9375
8004,7.5355,6.8944,1.5376,6.2198,331.0,20887.0,2331.9375
8005,6.1613,5.9849,1.568,6.1055,331.0,19457.0,2331.9375
8006,6.0918,7.2388,1.5847,8.6425,326.0,19707.0,2331.9375
8007,8.6379,6.0163,1.6611,5.7092,334.0,20443.0,2331.9375
8008,5.7073,6.0203,1.2768,7.3939,315.0,18557.0,2331.9375
8009,7.4275,7.1659,1.4049,7.3963,336.0,19297.0,2331.9375
8010,7.3946,6.0098,1.3084,6.3801,337.0,21761.0,2331.9375
8011,6.3867,7.1142,1.4508,7.8035,337.0,21925.0,2331.9375
8012,7.8327,5.9846,1.4948,5.725,337.0,19677.0,2331.9375
8013,5.6599,6.1762,1.2968,7.7867,336.0,20753.0,2331.9375
8014,7.862,6.9519,1.5153,6.2427,336.0,22323.0,2331.9375
8015,6.1765,6.0227,1.4719,7.197,336.0,20087.0,2331.9375
8016,7.2794,7.0784,1.5639,7.1691,334.0,19675.0,2331.9375
8017,7.1242,5.9328,1.4524,6.2316,335.0,20313.0,2331.9375
8018,6.3258,5.9617,1.6891,7.9743,333.0,21681.0,2331.9375
8019,7.8571,6.9814,1.6131,5.8289,316.0,17825.0,2331.9375
8020,5.8803,6.0452,1.4397,7.4859,335.0,36791.0,2331.9375
8021,7.403,7.1921,1.3403,6.6679,336.0,26353.0,2331.9375
8022,6.6919,6.0374,1.5254,7.506,333.0,23037.0,2331.9375
8023,7.5767,7.1888,1.4882,6.5707,314.0,17867.0,2331.9375
8024,6.5507,5.9354,1.3925,6.5386,337.0,21250.0,2331.9375
8025,6.5098,5.972,1.2529,7.777,337.0,26776.0,2331.9375
8026,7.8061,7.2271,1.542,6.3584,343.0,24732.0,2331.9375
8027,6.3383,6.0021,1.5284,6.6721,329.0,22998.0,2331.9375
8028,6.6669,7.268,1.6978,7.4725,312.0,17143.0,2331.9375
8029,7.4984,6.0637,1.4276,6.4149,300.0,16589.0,2331.9375
8030,6.3924,7.0576,1.4847,7.7646,319.0,17537.0,2331.9375
8031,7.7406,5.9861,1.6158,6.4427,300.0,16589.0,2331.9375
8032,6.4586,6.0415,1.5309,7.361,336.0,18895.0,2331.9375
8033,7.3887,7.1376,1.6542,7.1949,332.0,20023.0,2331.9375
8034,7.1575,6.0149,1.4891,6.5685,334.0,18955.0,2331.9375
8035,6.5715,7.2257,1.4321,7.5218,334.0,19737.0,2331.9375
8036,7.4927,5.9703,1.2945,6.1849,336.0,21687.0,2331.9375
8037,6.2474,6.2371,1.1324,7.3379,331.0,18711.0,2331.9375
8038,7.3551,6.0766,1.1991,6.3655,323.0,21389.0,2331.9375
8039,6.3191,6.0135,1.0882,7.3321,336.0,28073.0,2331.9375
8040,7.4497,7.3083,1.6061,7.588,334.0,20435.0,2331.9375
8041,7.4844,5.9364,1.4878,5.6265,316.0,17571.0,2331.9375
8042,5.5915,6.0401,1.5272,7.7196,322.0,17791.0,2331.9375
8043,7.8139,6.056,1.8783,6.3507,313.0,17059.0,2331.9375
8044,6.3111,6.048,1.4429,7.8256,328.0,25275.0,2331.9375
8045,7.8417,7.3829,1.5267,6.8725,306.0,16997.0,2331.9375
8046,6.8304,5.9979,1.4082,7.3958,337.0,17225.0,2331.9375
8047,7.4326,7.3093,1.4621,6.9882,338.0,17189.0,2331.9375
8048,6.9624,5.9797,1.5553,6.3272,334.0,20018.0,2331.9375
8049,6.2837,5.9691,1.282,7.3202,307.0,16983.0,2331.9375
8050,7.4544,6.99,1.638,6.3444,302.0,16635.0,2331.9375
8051,6.2767,6.0272,1.4206,6.4698,298.0,16587.0,2331.9375
8052,6.4696,7.0329,1.516,7.3492,337.0,21361.0,2331.9375
8053,7.3343,5.9964,1.6897,6.1972,335.0,20203.0,2331.9375
8054,6.1996,7.2809,1.4488,8.304,335.0,21265.0,2331.9375
8055,8.3139,5.9491,1.6567,6.0738,340.0,22633.0,2331.9375
8056,6.0237,6.0035,1.3175,7.2843,336.0,26314.0,2331.9375
8057,7.3561,7.1143,1.5166,6.7014,333.0,19199.0,2331.9375
8058,6.6818,6.0171,1.4868,6.1802,339.0,22002.0,2331.9375
8059,6.261,7.2594,1.7044,7.9348,336.0,28531.0,2331.9375
8060,7.8653,5.9696,1.596,6.192,337.0,37983.0,2331.9375
8061,6.1477,6.0295,1.289,7.5968,341.0,43673.0,2331.9375
8062,7.6198,7.3442,1.629,7.0061,338.0,34701.0,2331.9375
8063,6.9741,5.9807,1.4565,7.3506,339.0,30245.0,2331.9375
8064,7.4113,6.8776,1.5661,6.5633,337.0,44035.0,2331.9375
8065,6.5483,5.9828,1.1937,6.6257,336.0,32051.0,2331.9375
8066,6.627,6.2838,1.6769,7.7856,334.0,22307.0,2331.9375
8067,7.7598,7.2542,1.7976,6.3466,334.0,24623.0,2331.9375
8068,6.3206,6.0447,1.4521,6.9013,336.0,29231.0,2331.9375
8069,6.9584,6.9898,1.554,6.5235,331.0,31227.0,2331.9375
8070,6.5513,6.0298,1.4264,7.1918,333.0,26139.0,2331.9375
8071,7.1938,7.6574,1.877,8.0039,335.0,23811.0,2331.9375
8072,7.9684,6.0341,1.6563,6.2534,336.0,21103.0,2331.9375
8073,6.2408,6.2824,1.4061,7.5295,335.0,17367.0,2331.9375
8074,7.5404,6.8825,1.6007,6.4177,340.0,17143.0,2331.9375
8075,6.5175,6.0807,1.4276,7.5131,343.0,20562.0,2331.9375
8076,7.5805,6.8747,1.6767,6.7568,336.0,22679.0,2331.9375
8077,6.5749,6.0567,1.4364,6.1801,337.0,22903.0,2331.9375
8078,6.2292,6.6623,1.5343,8.0114,338.0,23799.0,2331.9375
8079,7.9773,5.9439,1.6561,6.028,341.0,23921.0,2331.9375
8080,6.0071,6.004,1.3059,7.3985,335.0,24705.0,2331.9375
8081,7.4241,7.1833,1.6515,6.5596,336.0,21255.0,2331.9375
8082,6.6309,6.0474,1.5069,7.2839,339.0,23501.0,2331.9375
8083,7.2613,7.0453,1.6466,6.9681,343.0,25062.0,2331.9375
8084,6.9707,6.0798,1.4938,6.1814,336.0,19827.0,2331.9375
8085,6.1287,6.2492,1.5432,7.9528,335.0,21102.0,2331.9375
8086,7.9797,6.9962,1.4598,6.4286,335.0,21079.0,2331.9375
8087,6.4047,6.0439,1.3149,7.0398,338.0,21483.0,2331.9375
8088,7.076,7.1127,1.5906,7.2248,334.0,20071.0,2331.9375
8089,7.165,5.9774,1.3276,5.8779,337.0,22711.0,2331.9375
8090,5.8474,6.5467,1.5339,8.7394,342.0,25681.0,2331.9375
8091,8.8188,6.615,2.0644,5.5274,340.0,24001.0,2331.9375
8092,5.4776,6.0598,1.4579,7.9192,341.0,27599.0,2331.9375
8093,7.9751,7.412,1.5772,6.3653,338.0,26079.0,2331.9375
8094,6.332,5.9861,1.4488,6.9996,312.0,18153.0,2331.9375
8095,7.0146,7.4181,1.4904,7.749,308.0,18877.0,2331.9375
8096,7.7809,5.9583,1.4673,6.6952,336.0,27920.0,2331.9375
8097,6.6828,6.1457,1.4976,7.1555,334.0,27697.0,2331.9375
8098,7.1364,6.2823,1.8,6.4164,334.0,25474.0,2331.9375
8099,6.3804,5.9802,1.7101,7.237,336.0,24566.0,2331.9375
8100,7.3328,7.3647,1.7971,6.9715,337.0,24400.0,2331.9375
8101,6.9507,6.0117,1.5114,6.1516,335.0,21323.0,2331.9375
8102,6.1901,7.2099,1.5388,8.2714,332.0,20899.0,2331.9375
8103,8.1762,5.9388,1.6414,6.0081,330.0,19589.0,2331.9375
8104,6.0515,6.0095,1.5067,7.3016,327.0,19575.0,2331.9375
8105,7.2885,7.1062,1.5519,6.5364,334.0,20443.0,2331.9375
8106,6.474,6.0136,1.336,7.1854,321.0,18729.0,2331.9375
8107,7.3449,7.4974,1.5397,7.5138,338.0,19741.0,2331.9375
8108,7.45,6.0605,1.3777,6.2947,341.0,21897.0,2331.9375
8109,6.2439,6.9089,1.3422,7.4995,334.0,21359.0,2331.9375
8110,7.5481,6.0383,1.6202,6.5205,335.0,19675.0,2331.9375
8111,6.4943,6.0632,1.5321,6.6187,336.0,20753.0,2331.9375
8112,6.683,7.0923,1.7191,7.6578,335.0,22333.0,2331.9375
8113,7.6013,6.0226,1.556,5.8597,332.0,20061.0,2331.9375
8114,5.8289,7.3214,1.708,8.6046,335.0,19687.0,2331.9375
8115,8.6292,5.9736,1.8169,5.9869,334.0,20301.0,2331.9375
8116,5.9846,6.0642,1.5818,7.1811,334.0,21693.0,2331.9375
8117,7.1942,6.9939,1.6219,6.8004,314.0,17705.0,2331.9375
8118,6.7791,6.074,1.5356,6.7029,333.0,36767.0,2331.9375
8119,7.3995,7.2851,2.2042,7.8506,336.0,26353.0,2331.9375
8120,7.1743,6.0398,1.4997,5.8169,336.0,23073.0,2331.9375
8121,5.7774,6.23,1.359,8.3031,313.0,17951.0,2331.9375
8122,8.296,7.1686,1.4072,5.9706,339.0,21230.0,2331.9375
8123,5.9446,5.9526,1.3846,7.5078,346.0,28687.0,2331.9375
8124,7.5131,6.8764,1.2762,6.1558,336.0,22753.0,2331.9375
8125,6.1988,6.0012,1.6401,6.322,329.0,22924.0,2331.9375
8126,6.3316,7.3506,1.5579,8.1411,310.0,17141.0,2331.9375
8127,8.1881,6.0668,1.7691,6.2297,300.0,16589.0,2331.9375
8128,6.1569,5.9897,1.3482,7.2955,313.0,17487.0,2331.9375
8129,7.3821,7.0998,1.544,6.4088,303.0,16647.0,2331.9375
8130,6.3271,5.987,1.4291,7.9284,337.0,18907.0,2331.9375
8131,7.9692,7.1794,1.5618,6.8234,333.0,20035.0,2331.9375
8132,6.7683,6.0429,1.3903,6.0803,333.0,18943.0,2331.9375
8133,6.0816,6.1671,1.1939,7.8583,334.0,19737.0,2331.9375
8134,7.9782,6.9478,1.4909,6.3451,335.0,21675.0,2331.9375
8135,6.2906,5.9829,1.4736,7.1712,335.0,18759.0,2331.9375
8136,7.1346,7.2964,1.5357,6.9945,320.0,21353.0,2331.9375
8137,6.9769,6.0514,1.5506,6.9057,334.0,28049.0,2331.9375
8138,7.0431,6.0042,1.809,7.5024,339.0,20451.0,2331.9375
8139,7.4174,7.1443,1.9932,5.9038,317.0,17539.0,2331.9375
8140,5.8685,6.0041,1.5122,8.0069,325.0,17827.0,2331.9375
8141,8.1211,7.3358,1.8547,6.1968,309.0,17129.0,2331.9375
8142,6.0805,6.0029,1.2593,7.036,327.0,25189.0,2331.9375
8143,7.0792,7.1637,1.4086,7.3561,308.0,17021.0,2331.9375
8144,7.3379,5.9569,1.4912,6.52,333.0,17199.0,2331.9375
8145,6.4812,5.9857,1.2747,7.5041,335.0,17175.0,2331.9375
8146,7.5996,5.9939,1.6293,5.8753,337.0,20054.0,2331.9375
8147,5.8208,6.0697,1.5621,7.1168,306.0,16971.0,2331.9375
8148,7.0841,7.1373,1.5295,7.0828,299.0,16599.0,2331.9375
8149,7.1473,5.9697,1.6087,6.2264,302.0,16635.0,2331.9375
8150,6.1654,6.911,1.4107,8.0794,334.0,21325.0,2331.9375
8151,8.0905,5.9446,1.5487,6.6676,335.0,20203.0,2331.9375
8152,6.7192,5.9761,1.5496,6.6503,337.0,21289.0,2331.9375
8153,6.6481,7.1383,1.6307,7.2394,338.0,22609.0,2331.9375
8154,7.159,6.0041,1.4201,6.6983,341.0,26330.0,2331.9375
8155,6.7891,7.2697,1.4707,7.0835,340.0,19239.0,2331.9375
8156,7.0773,6.0276,1.3423,6.7845,339.0,22002.0,2331.9375
8157,6.7582,5.9761,1.3047,6.7912,336.0,28553.0,2331.9375
8158,6.7872,6.5976,1.4636,7.198,334.0,37969.0,2331.9375
8159,7.2371,6.0417,1.4619,6.6849,335.0,43601.0,2331.9375
8160,6.6773,7.3113,1.8191,7.6218,336.0,34699.0,2331.9375
8161,7.609,6.029,1.7218,5.7847,340.0,30279.0,2331.9375
8162,5.7315,7.2008,1.3812,8.2656,339.0,44059.0,2331.9375
8163,8.303,6.2949,1.6398,6.1431,332.0,32003.0,2331.9375
8164,6.2474,5.9958,1.4317,7.325,337.0,22343.0,2331.9375
8165,7.1979,7.0007,1.3662,7.056,333.0,24611.0,2331.9375
8166,7.0261,5.9676,1.4788,6.2086,335.0,29219.0,2331.9375
8167,6.3565,7.4646,1.8067,7.9596,336.0,31287.0,2331.9375
8168,7.8762,6.0508,1.6994,6.1047,331.0,26115.0,2331.9375
8169,6.0705,6.043,1.4316,8.0402,333.0,23787.0,2331.9375
8170,8.0631,6.9531,1.5004,6.0456,340.0,21107.0,2331.9375
8171,5.9975,5.9712,1.3422,6.9186,338.0,17359.0,2331.9375
8172,7.0341,6.9368,1.6721,7.8095,340.0,17143.0,2331.9375
8173,7.7219,5.9925,1.5451,5.8432,339.0,20536.0,2331.9375
8174,5.9486,7.0908,1.399,8.2541,340.0,22749.0,2331.9375
8175,8.2035,6.3443,1.6765,5.8995,334.0,22867.0,2331.9375
8176,5.8529,5.9839,1.3931,7.2272,335.0,23785.0,2331.9375
8177,7.3336,7.1509,1.5355,7.008,337.0,23895.0,2331.9375
8178,6.9764,6.0093,1.4368,6.7576,339.0,24753.0,2331.9375
8179,6.8272,7.0974,1.8095,7.3908,334.0,21231.0,2331.9375
8180,7.3233,5.9768,1.5542,6.3547,337.0,23477.0,2331.9375
8181,6.299,5.9897,1.2674,7.6247,343.0,25062.0,2331.9375
8182,7.6466,7.1535,1.6324,5.9896,337.0,19839.0,2331.9375
8183,5.9258,6.0111,1.4328,7.2106,339.0,21150.0,2331.9375
8184,7.2899,7.3759,1.6138,7.1365,333.0,21055.0,2331.9375
8185,7.1529,6.0299,1.4755,7.1319,335.0,21447.0,2331.9375
8186,7.0947,6.8673,1.6404,7.3206,340.0,20099.0,2331.9375
8187,7.3807,5.9198,1.6678,6.2079,341.0,22715.0,2331.9375
8188,6.2001,6.0311,1.3856,7.5627,339.0,25645.0,2331.9375
8189,7.515,7.1261,1.4428,7.0901,343.0,24059.0,2331.9375
8190,7.0363,5.9987,1.4672,6.1549,338.0,27585.0,2331.9375
8191,6.2381,7.1279,1.5129,7.2418,337.0,26067.0,2331.9375
8192,7.2628,6.0238,1.9012,6.767,310.0,18151.0,2331.9375
8193,6.7131,6.043,1.6217,7.2899,306.0,18875.0,2331.9375
8194,7.2833,7.0583,1.5435,6.5732,336.0,27920.0,2331.9375
8195,6.5472,6.0029,1.3714,7.2168,338.0,27745.0,2331.9375
8196,7.3589,7.3148,1.5521,7.2008,334.0,25474.0,2331.9375
8197,7.056,5.9496,1.4297,5.7696,332.0,24518.0,2331.9375
8198,5.7944,6.4787,1.2819,8.2353,337.0,24400.0,2331.9375
8199,8.2647,6.0096,1.667,5.9012,336.0,21335.0,2331.9375
8200,5.8237,6.037,1.4616,7.5348,333.0,20959.0,2331.9375
8201,7.624,7.1804,1.6161,7.0005,333.0,19721.0,2331.9375
8202,6.9722,5.9603,1.4286,5.8276,325.0,19363.0,2331.9375
8203,5.8785,7.3413,1.5716,8.5174,339.0,20459.0,2331.9375
8204,8.5403,6.019,1.6107,6.0121,323.0,18801.0,2331.9375
8205,5.9257,5.9908,1.2432,7.3369,334.0,20143.0,2331.9375
8206,7.3868,6.0469,1.4444,6.7663,337.0,21943.0,2331.9375
8207,6.775,5.9747,1.5162,7.3573,338.0,20907.0,2331.9375
8208,7.3612,7.2744,1.5673,7.1485,334.0,20053.0,2331.9375
8209,7.1389,6.0637,1.6436,6.0312,333.0,20371.0,2331.9375
8210,5.9952,6.2926,1.8391,8.4379,333.0,22261.0,2331.9375
8211,8.4703,7.1257,1.8089,6.0412,332.0,20061.0,2331.9375
8212,5.9681,6.0314,1.5429,7.2587,335.0,19687.0,2331.9375
8213,7.3367,7.1218,1.6613,6.7083,333.0,20289.0,2331.9375
8214,6.668,5.9934,1.4044,7.0072,335.0,21705.0,2331.9375
8215,7.1061,7.3338,1.7467,6.864,313.0,17693.0,2331.9375
8216,6.7683,6.0326,1.4869,6.4139,335.0,36791.0,2331.9375
8217,6.3794,6.0283,1.3565,7.6883,333.0,26317.0,2331.9375
8218,7.7401,6.9448,1.6009,6.488,340.0,23077.0,2331.9375
8219,6.5396,5.9911,1.4807,6.9168,319.0,17979.0,2331.9375
8220,6.9161,7.1285,1.7056,7.0974,338.0,21218.0,2331.9375
8221,7.0388,6.0315,1.559,6.1668,342.0,28661.0,2331.9375
8222,6.1317,6.9668,1.3367,8.2728,339.0,23953.0,2331.9375
8223,8.3816,5.923,1.5994,6.1593,325.0,21734.0,2331.9375
8224,6.0636,5.9961,1.4575,6.4555,310.0,17163.0,2331.9375
8225,6.4804,7.1867,1.5562,7.4318,298.0,16587.0,2331.9375
8226,7.4645,5.9897,1.5604,6.7816,314.0,17499.0,2331.9375
8227,6.8234,7.2688,1.6557,7.4625,297.0,16575.0,2331.9375
8228,7.4028,6.0287,1.5517,6.1582,341.0,18955.0,2331.9375
8229,6.0957,5.9802,1.4588,8.0348,334.0,20047.0,2331.9375
8230,8.1236,7.409,1.6812,6.1687,333.0,18943.0,2331.9375
8231,6.1249,6.0061,1.3506,7.6681,335.0,19749.0,2331.9375
8232,7.7045,7.008,1.5229,6.8867,334.0,21663.0,2331.9375
8233,6.9235,6.0505,1.5464,6.0451,334.0,18747.0,2331.9375
8234,5.9466,7.152,1.2497,8.7709,327.0,21393.0,2331.9375
8235,8.8495,6.4518,1.7784,5.8238,337.0,28041.0,2331.9375
8236,5.7815,6.093,1.5743,7.5194,335.0,20403.0,2331.9375
8237,7.6729,7.34,1.7838,6.906,318.0,17573.0,2331.9375
8238,6.7887,5.98,1.4107,6.8952,320.0,17837.0,2331.9375
8239,6.8667,7.2172,1.5476,7.1146,312.0,17213.0,2331.9375
8240,7.1664,6.0297,1.5853,6.0677,322.0,25055.0,2331.9375
8241,5.9773,6.1952,1.4952,8.2903,307.0,17031.0,2331.9375
8242,8.33,6.9578,1.5295,6.2421,335.0,17223.0,2331.9375
8243,6.2548,5.9624,1.5718,7.0302,334.0,17163.0,2331.9375
8244,7.0404,7.1037,1.6388,6.995,337.0,20054.0,2331.9375
8245,6.9877,6.102,1.5538,5.9856,306.0,16971.0,2331.9375
8246,5.8837,6.9957,1.3983,8.4937,299.0,16599.0,2331.9375
8247,8.626,6.0373,1.9898,6.0167,298.0,16587.0,2331.9375
8248,5.9601,5.9539,1.6035,8.4979,337.0,21361.0,2331.9375
8249,8.5676,7.2108,1.6532,5.9745,335.0,20203.0,2331.9375
8250,5.935,5.9431,1.5933,6.8902,339.0,21269.0,2331.9375
8251,6.8796,7.4641,1.5315,7.3854,346.0,22661.0,2331.9375
8252,7.3727,6.048,1.582,6.3945,338.0,26294.0,2331.9375
8253,6.3794,6.2686,1.3736,8.1344,339.0,19249.0,2331.9375
8254,8.1736,5.9939,1.7151,6.3641,339.0,22024.0,2331.9375
8255,6.3535,5.9908,1.3352,6.5892,336.0,28553.0,2331.9375
8256,6.6092,7.4229,1.7285,7.3433,334.0,37991.0,2331.9375
8257,7.3061,5.9657,1.3755,7.0963,333.0,43599.0,2331.9375
8258,7.4757,7.1838,1.9901,7.0222,331.0,34639.0,2331.9375
8259,6.7259,6.0493,1.654,6.4016,336.0,30231.0,2331.9375
8260,6.3366,6.0081,1.4195,7.1503,344.0,44119.0,2331.9375
8261,7.1677,7.396,1.57,7.429,336.0,32051.0,2331.9375
8262,7.4167,6.0378,1.3856,6.7436,332.0,22283.0,2331.9375
8263,6.7117,7.4302,1.3999,7.3131,335.0,24635.0,2331.9375
8264,7.33,6.0163,1.7905,6.4686,335.0,29219.0,2331.9375
8265,6.4688,6.011,1.5717,8.1392,335.0,31275.0,2331.9375
8266,8.2447,6.3584,1.859,5.7347,339.0,26167.0,2331.9375
8267,5.6509,6.063,1.6137,7.1213,336.0,23779.0,2331.9375
8268,7.199,7.4306,1.6581,7.7308,337.0,21071.0,2331.9375
8269,7.6474,6.0707,1.4908,7.1313,338.0,17381.0,2331.9375
8270,7.1388,7.4917,1.6219,7.5813,334.0,17093.0,2331.9375
8271,7.5794,5.9972,1.5931,5.8249,340.0,20548.0,2331.9375
8272,5.8467,5.9941,1.322,8.0103,337.0,22735.0,2331.9375
8273,7.9737,7.048,1.8764,6.3595,336.0,22913.0,2331.9375
8274,6.4326,6.1196,2.3018,7.3889,335.0,23785.0,2331.9375
8275,7.4479,7.2355,1.7739,6.9121,334.0,23859.0,2331.9375
8276,6.7777,6.04,1.7663,6.938,337.0,24729.0,2331.9375
