capture_frame,FrameTime,GPUTime,GameThreadTime,RenderThreadTime,RHI/DrawCalls,RHI/PrimitivesDrawn,GPUMem/LocalUsedMB
120,7.8785,7.67,2.1915,8.1495,806.0,93251.0,2393.5625
121,8.1851,7.1566,1.8488,8.1586,473.0,32353.0,2393.5625
122,8.1574,7.9426,2.4222,8.6758,453.0,28141.0,2393.5625
123,8.6992,7.5655,2.6512,7.5044,453.0,27949.0,2393.5625
124,7.4347,7.8673,2.2071,7.6559,453.0,27949.0,2393.5625
125,7.6487,7.1883,2.0284,8.54,814.0,99899.0,2393.5625
126,8.6377,8.0059,2.1435,7.6109,444.0,27509.0,2393.5625
127,7.5904,7.2873,2.2066,8.1659,453.0,27905.0,2393.5625
128,8.1503,7.7381,1.8222,8.3481,457.0,28439.0,2393.5625
129,8.3121,7.4514,1.8287,8.248,809.0,97461.0,2393.5625
130,8.2487,7.8017,2.1,8.4411,455.0,41345.0,2393.5625
131,8.4772,7.3228,2.3433,8.1029,452.0,32299.0,2393.5625
132,8.1091,7.9233,2.3327,8.3005,451.0,38507.0,2393.5625
133,8.3066,7.2149,3.0999,8.0882,772.0,83503.0,2393.5625
134,8.0856,7.8561,2.3748,9.0026,452.0,40747.0,2393.5625
135,9.0456,7.6213,2.6275,7.7756,455.0,30915.0,2393.5625
136,7.7699,7.801,2.2349,7.9126,453.0,28423.0,2393.5625
137,7.8606,7.1678,2.3641,8.7312,805.0,100717.0,2393.5625
138,8.7798,8.0695,2.4951,7.4226,453.0,32305.0,2393.5625
139,7.3794,7.2335,2.2408,7.7065,453.0,39235.0,2393.5625
140,7.7252,7.8998,2.1836,7.7682,454.0,32639.0,2393.5625
141,7.7294,7.3807,1.7245,8.4599,456.0,43841.0,2393.5625
142,8.5457,7.7568,1.845,7.8561,776.0,74891.0,2393.5625
143,7.7649,7.1989,1.9046,7.9315,457.0,28145.0,2393.5625
144,7.9607,8.1384,1.9647,8.6026,454.0,28651.0,2393.5625
145,8.5881,7.1626,2.1741,7.2182,454.0,28633.0,2393.5625
146,7.4554,7.7583,2.0624,8.9813,706.0,59921.0,2393.5625
147,8.7226,7.1096,1.8562,7.6918,451.0,26869.0,2393.5625
148,7.8199,8.1994,2.1107,8.0007,452.0,27409.0,2393.5625
149,7.9703,7.3558,1.6935,7.9968,454.0,27877.0,2393.5625
150,8.0273,7.7399,2.2329,8.9114,770.0,93263.0,2393.5625
151,8.8122,7.3235,2.254,7.4985,458.0,42291.0,2393.5625
152,7.5818,7.1932,2.4008,7.817,449.0,29469.0,2393.5625
153,7.7488,7.5774,2.1436,8.2085,452.0,28401.0,2393.5625
154,8.1785,7.6937,1.9299,8.2415,808.0,94767.0,2393.5625
155,8.2449,7.7492,2.085,7.8562,452.0,26449.0,2393.5625
156,7.8595,7.2669,1.7454,8.2566,451.0,26533.0,2393.5625
157,8.3299,7.9385,1.9199,7.4561,456.0,27653.0,2393.5625
158,7.3931,7.17,1.9356,7.844,455.0,28087.0,2393.5625
159,7.7965,7.6199,1.7794,8.8838,812.0,94243.0,2393.5625
160,8.9571,7.5627,1.873,7.7602,454.0,29727.0,2393.5625
161,7.7709,8.0513,2.0472,8.1482,453.0,99971.0,2393.5625
162,8.1163,7.1201,1.8499,8.3551,454.0,44559.0,2393.5625
163,8.4015,7.9463,2.1411,8.1992,806.0,94119.0,2393.5625
164,8.1872,7.1897,2.0279,7.6999,454.0,26665.0,2393.5625
165,7.6906,7.6709,2.0334,7.7953,450.0,26617.0,2393.5625
166,7.8095,7.369,1.9106,8.0423,459.0,55243.0,2393.5625
167,8.0141,7.9321,1.9511,8.344,815.0,110175.0,2393.5625
168,8.3088,7.1412,1.8575,7.7287,450.0,33381.0,2393.5625
169,7.7456,8.0436,2.2396,8.04,441.0,28345.0,2393.5625
170,8.0744,7.0925,1.8122,8.0022,452.0,28559.0,2393.5625
171,8.1149,7.5296,2.03,8.8078,805.0,96027.0,2393.5625
172,8.6753,7.4905,2.0583,7.4614,452.0,29215.0,2393.5625
173,7.5671,8.0942,2.2356,9.1351,443.0,27401.0,2393.5625
174,9.107,7.1295,2.3836,8.8419,456.0,28721.0,2393.5625
175,8.7693,7.9692,2.351,7.3581,455.0,28463.0,2393.5625
176,7.3228,7.2011,1.9186,8.3183,807.0,94673.0,2393.5625
177,8.3915,7.6175,2.0107,7.825,455.0,31987.0,2393.5625
178,7.8589,7.5872,2.0917,8.8274,456.0,32869.0,2393.5625
179,8.8128,7.9988,2.2151,7.6317,450.0,33717.0,2393.5625
180,7.6403,7.1291,2.2535,8.1485,769.0,80371.0,2393.5625
181,8.2269,7.8492,1.9954,8.0361,452.0,37196.0,2393.5625
182,7.9587,7.289,2.9668,8.7663,476.0,35522.0,2393.5625
183,8.8034,7.3883,2.2877,7.5795,450.0,30733.0,2393.5625
184,7.484,7.4845,2.6172,7.9625,719.0,66331.0,2393.5625
185,8.0061,8.1042,2.2748,9.0342,452.0,32233.0,2393.5625
186,9.0569,7.3383,2.6459,10.6101,452.0,33477.0,2393.5625
187,10.6207,7.3383,3.4395,8.1473,451.0,47765.0,2393.5625
188,8.1663,7.065,2.3644,9.1417,695.0,62523.0,2393.5625
189,9.1267,7.8815,2.4779,7.9742,454.0,29831.0,2393.5625
190,7.9324,7.7093,2.4752,8.3148,420.0,26021.0,2393.5625
191,8.2934,8.1309,2.3529,8.1866,420.0,25781.0,2393.5625
192,8.2254,7.2137,2.3681,8.8254,416.0,25755.0,2393.5625
193,8.8457,7.7896,2.64,8.6197,807.0,94205.0,2393.5625
194,8.636,7.1679,2.4933,8.1597,427.0,26559.0,2393.5625
195,8.1713,7.9895,2.5555,8.808,416.0,25777.0,2393.5625
196,8.7884,7.5295,2.3815,8.2223,414.0,24753.0,2393.5625
197,8.1976,7.3759,2.5047,10.5779,826.0,103087.0,2393.5625
198,10.6192,7.3759,2.7465,9.4451,450.0,30353.0,2393.5625
199,9.5573,7.2847,3.0434,9.8854,474.0,32173.0,2393.5625
200,9.79,7.2656,3.0505,10.7581,450.0,26913.0,2393.5625
201,10.7311,7.2656,2.9148,9.1052,798.0,97995.0,2393.5625
202,9.0935,8.2371,2.7298,8.6881,417.0,25981.0,2393.5625
203,8.6835,7.4142,2.4399,8.7738,416.0,25777.0,2393.5625
204,8.8236,7.5547,2.5347,8.4713,433.0,28509.0,2393.5625
205,8.4384,7.8402,2.3341,11.4485,774.0,92059.0,2393.5625
206,11.6015,7.871,2.9953,10.3376,419.0,25961.0,2393.5625
207,10.3325,7.547,3.3866,11.7123,457.0,30705.0,2393.5625
208,11.7418,10.907,3.7786,14.6727,450.0,44883.0,2393.5625
209,14.5256,7.7907,3.4362,9.875,421.0,25815.0,2393.5625
210,9.8861,7.2549,2.6629,9.1798,769.0,92021.0,2393.5625
211,9.2231,7.2549,2.5836,8.9958,448.0,42001.0,2393.5625
212,8.9187,8.032,2.4582,7.9776,420.0,25825.0,2393.5625
213,7.9339,7.3409,2.2175,8.3304,415.0,25681.0,2393.5625
214,8.337,7.8604,2.4341,9.4427,763.0,89745.0,2393.5625
215,9.5049,7.3749,2.6696,8.3302,419.0,26005.0,2393.5625
216,8.3355,7.8548,2.7732,8.5176,415.0,25765.0,2393.5625
217,8.6015,7.4453,2.7126,9.6986,417.0,25789.0,2393.5625
218,9.6067,7.6587,3.2993,10.0302,771.0,94419.0,2393.5625
219,10.0347,7.3569,3.0039,10.7723,434.0,35945.0,2393.5625
220,10.7567,7.3569,2.9245,10.0182,415.0,25765.0,2393.5625
221,10.1288,7.5271,2.8635,10.4984,418.0,25757.0,2393.5625
222,10.4124,7.5271,3.0382,9.5625,808.0,99955.0,2393.5625
223,9.5297,7.7991,2.7705,7.2825,453.0,33329.0,2393.5625
224,7.289,8.4594,2.4989,11.3596,452.0,30459.0,2393.5625
225,11.3473,8.4594,2.7019,7.92,451.0,29135.0,2393.5625
226,7.9899,7.2536,2.5124,9.1284,458.0,27987.0,2393.5625
227,9.119,7.2536,2.5127,9.2744,807.0,98883.0,2393.5625
228,9.241,7.5432,2.9597,10.1832,449.0,28093.0,2393.5625
229,10.1855,7.5432,2.6005,9.3786,442.0,30665.0,2393.5625
230,9.4067,7.8341,2.87,8.7138,450.0,26829.0,2393.5625
231,8.6966,7.2754,2.8308,8.7158,793.0,79291.0,2393.5625
232,8.719,7.7754,2.5466,8.6363,451.0,27117.0,2393.5625
233,8.7563,7.7064,2.3595,10.1374,475.0,32101.0,2393.5625
234,10.0181,7.7064,2.5599,9.5894,449.0,26817.0,2393.5625
235,9.7553,7.7458,3.3266,8.7661,789.0,80039.0,2393.5625
236,8.583,7.1167,2.9908,8.6361,441.0,27517.0,2393.5625
237,8.6537,8.0288,2.6327,8.9828,457.0,27953.0,2393.5625
238,8.9505,7.5152,2.3947,9.1058,456.0,28405.0,2393.5625
239,9.1521,7.7562,2.458,8.0423,811.0,97463.0,2393.5625
240,8.0292,7.1696,2.3645,9.3535,456.0,41357.0,2393.5625
241,9.4401,7.1638,2.572,9.753,454.0,32493.0,2393.5625
242,9.6852,7.7655,2.5566,9.1987,454.0,37605.0,2393.5625
243,9.215,7.5007,2.6103,10.8183,449.0,37725.0,2393.5625
244,10.759,7.4322,2.6185,9.1299,828.0,115389.0,2393.5625
245,9.1315,8.0193,2.4311,11.2594,453.0,31083.0,2393.5625
246,11.3877,7.2902,2.803,10.4799,454.0,27435.0,2393.5625
247,10.4028,7.6408,2.9623,10.1349,450.0,33427.0,2393.5625
248,10.2142,7.8328,2.77,10.7455,827.0,103995.0,2393.5625
249,10.6599,7.5875,2.8466,9.8823,452.0,38223.0,2393.5625
250,9.9452,7.5875,2.7062,8.8681,475.0,36863.0,2393.5625
251,8.7174,7.9708,2.4871,8.6154,454.0,42945.0,2393.5625
252,8.6478,7.6808,2.2861,9.7872,829.0,102063.0,2393.5625
253,9.9735,7.6808,2.6942,10.1228,456.0,28133.0,2393.5625
254,10.1701,8.0782,2.732,9.2106,455.0,28641.0,2393.5625
255,9.0948,7.3547,2.4367,8.4819,458.0,28659.0,2393.5625
256,8.4915,7.3795,2.1808,9.0341,810.0,92849.0,2393.5625
257,8.9165,7.3795,2.3367,8.6125,454.0,26883.0,2393.5625
258,8.7146,7.6701,2.4919,7.9841,454.0,27603.0,2393.5625
259,7.9082,7.5365,2.387,8.4451,456.0,27985.0,2393.5625
260,8.4563,7.9928,2.1186,8.9113,450.0,47521.0,2393.5625
261,8.8655,7.3429,2.1092,7.9262,837.0,112121.0,2393.5625
262,7.997,7.3282,2.4372,10.4665,450.0,29673.0,2393.5625
263,10.5288,7.6477,2.9027,10.4398,454.0,28425.0,2393.5625
264,10.4031,7.464,2.9723,9.8894,452.0,28381.0,2393.5625
265,9.8884,7.3725,2.6495,10.0199,770.0,72895.0,2393.5625
266,9.9858,7.3725,2.56,8.1614,453.0,26557.0,2393.5625
267,8.097,7.0758,2.3832,10.1222,451.0,27637.0,2393.5625
268,10.1695,7.5977,2.2717,10.2215,450.0,28071.0,2393.5625
269,10.2312,7.5977,2.5513,8.4329,704.0,60847.0,2393.5625
270,8.3949,8.2333,2.3364,10.0302,457.0,29741.0,2393.5625
271,10.1818,8.2333,2.4435,8.6118,457.0,99997.0,2393.5625
272,8.5439,7.1417,2.6586,8.5067,453.0,44547.0,2393.5625
273,8.5337,7.1863,3.5005,9.2294,808.0,94121.0,2393.5625
274,9.2625,7.7721,2.7959,9.6806,455.0,26655.0,2393.5625
275,9.6009,7.7148,2.4489,9.7033,450.0,26809.0,2393.5625
276,9.7861,7.7518,2.69,11.1925,463.0,55291.0,2393.5625
277,11.104,7.7518,2.8302,9.5608,461.0,43897.0,2393.5625
278,9.5957,8.0932,2.7275,8.5441,805.0,99479.0,2393.5625
279,8.5001,7.9258,2.4225,9.5143,447.0,28897.0,2393.5625
280,9.5411,7.9258,2.6493,8.1432,451.0,27547.0,2393.5625
281,8.2493,7.4724,2.527,8.3111,453.0,26949.0,2393.5625
282,8.2661,7.342,3.0216,8.7127,721.0,66117.0,2393.5625
283,8.6696,7.2793,2.4616,9.057,434.0,26193.0,2393.5625
284,9.0546,7.8708,2.5332,8.5716,470.0,32761.0,2393.5625
285,8.5723,7.1961,2.7369,9.2652,453.0,27439.0,2393.5625
286,9.263,7.1961,2.3596,9.215,832.0,98395.0,2393.5625
287,9.1803,7.9669,2.4775,8.7322,456.0,31977.0,2393.5625
288,8.7555,7.4684,2.2478,7.6678,453.0,32917.0,2393.5625
289,7.6936,7.5768,2.2684,8.8979,454.0,33827.0,2393.5625
290,8.8856,7.3138,2.3807,9.443,808.0,101945.0,2393.5625
291,9.4705,7.6517,2.9563,9.2463,452.0,38196.0,2393.5625
292,9.2506,7.7865,2.4264,10.4893,450.0,31430.0,2393.5625
293,10.5487,7.5518,2.9955,9.7145,451.0,31829.0,2393.5625
294,9.6645,7.5518,2.6978,8.3864,451.0,31885.0,2393.5625
295,8.3527,7.4164,2.4826,9.7892,807.0,96247.0,2393.5625
296,9.7667,7.4164,2.4703,8.1734,450.0,35169.0,2393.5625
297,8.1441,7.606,2.5863,9.1294,453.0,47169.0,2393.5625
298,9.2921,7.8135,2.7801,8.5921,435.0,28225.0,2393.5625
299,8.5577,7.7939,2.5692,9.9268,804.0,95913.0,2393.5625
300,9.8332,7.7939,2.6529,7.815,418.0,26041.0,2393.5625
301,7.7428,7.3544,2.4583,7.9636,422.0,25805.0,2393.5625
302,8.0857,7.8505,2.3844,8.7324,418.0,25757.0,2393.5625
303,8.6038,7.5291,1.9573,8.8904,809.0,96967.0,2393.5625
304,8.9316,7.8161,2.3942,7.0747,427.0,26559.0,2393.5625
305,7.0643,7.4085,2.1019,9.0736,422.0,25827.0,2393.5625
306,9.098,8.0555,2.4176,7.1745,417.0,24767.0,2393.5625
307,7.2122,7.0586,2.3468,8.29,805.0,97479.0,2393.5625
308,8.2479,7.6415,2.4374,8.1236,473.0,35601.0,2393.5625
309,8.1818,7.8195,2.2105,8.9468,450.0,28105.0,2393.5625
310,8.9181,7.8452,2.2978,8.001,451.0,27925.0,2393.5625
311,7.9927,7.1895,2.2386,8.1064,421.0,26077.0,2393.5625
312,8.1199,7.9152,1.9088,7.8851,770.0,92055.0,2393.5625
313,7.8303,7.1341,2.161,8.7608,414.0,25945.0,2393.5625
314,8.8515,7.7041,2.3064,8.4576,427.0,28437.0,2393.5625
315,8.849,7.5089,3.2258,9.2976,417.0,25789.0,2393.5625
316,8.9467,7.805,2.6823,7.286,770.0,96999.0,2393.5625
317,7.1449,7.1251,2.0167,7.9324,454.0,29669.0,2393.5625
318,8.0305,8.2039,2.0776,8.3947,477.0,49157.0,2393.5625
319,8.3346,7.5743,2.3108,9.8708,533.0,56713.0,2395.9375
320,10.1217,7.5743,2.5191,7.8339,322.0,23991.0,2395.9375
321,7.6004,8.6748,2.2182,10.8512,394.0,27231.0,2395.9375
322,10.9309,8.4636,2.4088,7.6456,327.0,23439.0,2395.9375
323,7.613,7.365,2.3782,7.9392,316.0,22797.0,2395.9375
324,7.91,8.0779,2.1842,8.2339,347.0,38817.0,2393.5625
325,8.1755,7.2369,2.0592,7.1323,319.0,22833.0,2393.5625
326,7.2118,7.6217,2.1635,7.9967,316.0,22797.0,2393.5625
327,7.961,7.5111,1.9685,9.3827,349.0,42095.0,2393.5625
328,9.3841,7.7942,2.0753,7.4061,317.0,22809.0,2393.5625
329,7.4356,7.1954,2.207,8.7946,317.0,22809.0,2393.5625
330,8.7772,8.0293,2.3407,8.1365,319.0,22833.0,2393.5625
331,8.3064,7.7424,2.6961,10.9797,317.0,22809.0,2393.5625
332,10.8367,7.5751,2.5193,9.7267,334.0,32261.0,2393.5625
333,9.7608,7.5751,2.921,8.5115,320.0,22801.0,2393.5625
334,8.5005,8.0139,2.8216,9.2369,319.0,22789.0,2393.5625
335,9.2728,7.3557,2.8245,9.6586,343.0,29461.0,2393.5625
336,9.6326,7.1354,2.9201,9.1694,352.0,27287.0,2393.5625
337,9.2488,7.1354,2.5018,8.2142,334.0,24399.0,2265.5625
338,8.1086,7.5065,2.4005,9.2182,358.0,25007.0,2265.5625
339,9.2162,7.991,2.1521,6.1319,353.0,24969.0,2265.5625
340,6.1025,7.3683,1.9198,8.3987,351.0,24945.0,2265.5625
341,8.3911,7.5897,2.0741,7.8862,339.0,27505.0,2265.5625
342,7.8086,7.1033,1.7827,7.3135,353.0,24969.0,2265.5625
343,7.389,7.2537,1.5107,8.6655,353.0,24969.0,2265.5625
344,8.6466,7.444,1.9453,8.3093,352.0,24957.0,2265.5625
345,8.3148,7.5373,2.0321,7.9692,351.0,24945.0,2265.5625
346,7.9992,7.6911,2.2746,7.2759,350.0,26645.0,2265.5625
347,7.3422,7.3155,2.2445,7.9683,338.0,24117.0,2265.5625
348,7.8778,7.5555,1.9741,8.3637,354.0,24981.0,2265.5625
349,8.4451,7.2135,1.9584,7.6907,358.0,25449.0,2265.5625
350,7.6781,7.6238,1.8,9.2148,359.0,28229.0,2265.5625
351,9.1086,7.6092,1.8602,8.0442,354.0,35721.0,2265.5625
352,8.1135,8.0132,1.8749,7.2415,357.0,29417.0,2265.5625
353,7.192,7.1142,1.8057,8.6996,358.0,35237.0,2265.5625
354,8.7339,7.937,2.0388,7.5415,354.0,35373.0,2265.5625
355,7.5904,7.1552,2.0289,7.9404,352.0,31951.0,2265.5625
356,7.8732,7.5335,2.0295,8.8173,355.0,26477.0,2265.5625
357,8.932,7.6055,2.3469,8.4145,355.0,32653.0,2265.5625
358,8.4394,8.1094,3.1414,7.7776,355.0,29645.0,2265.5625
359,7.6791,7.1932,3.047,9.0186,351.0,28111.0,2265.5625
360,9.2216,7.8296,2.4709,6.9295,355.0,37011.0,2265.5625
361,6.6863,7.2354,1.8945,8.4166,355.0,27201.0,2265.5625
362,8.5285,7.6885,2.1873,8.1906,353.0,25093.0,2265.5625
363,8.0998,7.5464,2.2221,8.4802,357.0,25749.0,2265.5625
364,8.4736,8.0071,2.0618,6.8538,352.0,23901.0,2265.5625
365,6.8155,7.1718,1.8017,9.4596,357.0,24013.0,2265.5625
366,9.546,7.2086,2.1873,9.5047,357.0,24617.0,2265.5625
367,9.5311,7.2086,2.0664,8.9852,356.0,32669.0,2265.5625
368,9.0171,7.8405,2.224,8.0043,356.0,42424.0,2265.5625
369,7.9597,7.5722,2.5135,8.8834,360.0,35396.0,2265.5625
370,8.991,8.1335,2.5394,8.4065,351.0,26059.0,2265.5625
371,8.3271,7.1927,2.3231,8.3312,350.0,26113.0,2265.5625
372,8.3298,7.9869,2.124,6.6235,354.0,24193.0,2265.5625
373,6.6459,7.3035,1.8243,8.3011,352.0,24951.0,2265.5625
374,8.2112,7.8667,2.6271,8.9884,352.0,24937.0,2265.5625
375,8.9635,7.4605,1.8111,7.3993,350.0,24913.0,2265.5625
376,7.4628,7.6892,1.8621,7.8797,354.0,60117.0,2265.5625
377,7.7584,7.0691,1.5701,7.8959,351.0,74181.0,2265.5625
378,7.9705,7.7808,1.8183,7.6874,351.0,30725.0,2265.5625
379,7.711,7.1933,1.9037,7.8444,352.0,24121.0,2265.5625
380,8.032,7.7932,2.0777,8.8229,354.0,23665.0,2265.5625
381,8.618,7.438,1.755,7.4141,358.0,37589.0,2265.5625
382,7.4431,7.7763,1.8678,8.2037,364.0,46903.0,2265.5625
383,8.2293,7.1856,1.7038,7.3009,358.0,36467.0,2265.5625
384,7.3178,7.717,1.9755,8.4785,336.0,25011.0,2265.5625
385,8.388,7.1314,1.8047,7.3843,354.0,24939.0,2265.5625
386,7.3522,7.3356,1.6397,8.5795,353.0,25391.0,2265.5625
387,8.6521,7.5274,1.8921,7.7698,352.0,25865.0,2265.5625
388,7.7157,7.4958,1.7636,7.3494,344.0,24505.0,2265.5625
389,7.4205,7.8882,1.8113,8.0413,344.0,25017.0,2265.5625
390,7.9143,7.3083,1.4043,8.6794,353.0,25483.0,2265.5625
391,8.7637,7.5914,1.7301,8.0496,352.0,25561.0,2265.5625
392,8.0662,7.1256,1.6918,7.4653,349.0,29277.0,2265.5625
393,7.4669,7.88,1.7174,7.9495,354.0,29487.0,2265.5625
394,8.0144,7.4472,1.6918,9.8824,351.0,31549.0,2265.5625
395,9.8584,7.7549,2.1224,7.8382,356.0,32655.0,2265.5625
396,7.7889,7.3599,2.1168,7.6673,349.0,34018.0,2265.5625
397,7.7137,9.1382,2.1534,8.7407,356.0,28266.0,2265.5625
398,8.6674,7.1193,1.7134,8.2222,360.0,31797.0,2265.5625
399,8.2937,7.815,1.9858,8.2707,350.0,27017.0,2265.5625
400,8.3043,7.514,2.7138,7.7604,353.0,28935.0,2265.5625
401,7.7085,7.3123,1.9232,10.7033,353.0,41215.0,2265.5625
402,10.723,7.3123,2.1511,8.007,339.0,30743.0,2265.5625
403,8.0473,7.8779,2.4719,7.5938,345.0,26233.0,2265.5625
404,7.5038,7.2156,2.6988,7.5554,317.0,22837.0,2265.5625
405,7.6484,7.5973,1.8819,7.4851,312.0,22729.0,2265.5625
406,7.4007,7.4115,1.6846,7.419,316.0,22777.0,2265.5625
407,7.4206,7.7325,1.6216,8.4276,351.0,24925.0,2265.5625
408,8.4234,7.0567,1.7126,7.4058,320.0,23017.0,2265.5625
409,7.3673,7.9353,1.6633,7.9075,318.0,22801.0,2265.5625
410,8.0049,7.0767,1.7593,7.8684,317.0,22789.0,2265.5625
411,7.8558,7.5985,1.8142,9.9024,353.0,27269.0,2265.5625
412,9.8588,7.4186,1.7849,6.7728,350.0,28161.0,2265.5625
413,6.8418,7.7203,1.9233,8.5441,357.0,24953.0,2265.5625
414,8.5193,7.1729,2.749,7.2769,356.0,24845.0,2265.5625
415,7.3454,7.9762,2.0976,8.3716,317.0,22745.0,2265.5625
416,8.3049,7.1636,1.8446,7.3435,319.0,22791.0,2265.5625
417,7.3023,7.1556,2.2224,9.3838,331.0,23415.0,2265.5625
418,9.4554,7.9367,2.536,7.39,318.0,22779.0,2265.5625
419,7.3314,7.374,2.4005,9.8397,319.0,22813.0,2265.5625
420,9.9066,7.1621,2.4111,7.4441,357.0,33549.0,2265.5625
421,7.516,7.4817,2.5149,8.7149,362.0,36039.0,2265.5625
422,8.5957,7.2696,2.0542,7.2403,352.0,26329.0,2265.5625
423,7.1758,7.131,1.7152,8.7117,350.0,28155.0,2265.5625
424,8.7603,7.9565,2.0437,7.6691,350.0,27713.0,2265.5625
425,7.6273,7.3946,2.0011,8.5228,348.0,27745.0,2265.5625
426,8.5909,7.632,2.4248,6.9123,345.0,25507.0,2265.5625
427,6.902,7.2785,1.9017,8.7166,358.0,25009.0,2265.5625
428,8.7375,7.8769,2.0029,7.0887,338.0,24513.0,2265.5625
429,7.0483,7.1553,1.8606,9.6155,324.0,23213.0,2265.5625
430,9.7437,7.6227,2.1248,7.4669,322.0,22805.0,2265.5625
431,7.3432,7.4517,1.8979,8.3793,319.0,22769.0,2265.5625
432,8.3974,7.8899,2.5507,7.7668,349.0,38799.0,2265.5625
433,7.8071,7.3643,2.7158,8.4327,318.0,22779.0,2265.5625
434,8.4037,7.8927,2.2398,6.6138,314.0,22731.0,2265.5625
435,6.6374,7.1328,2.2084,9.5658,345.0,42027.0,2265.5625
436,9.6354,7.5519,2.4603,7.6443,315.0,22765.0,2265.5625
437,7.5849,8.634,2.1907,9.6737,318.0,22801.0,2265.5625
438,9.6625,7.9507,2.1475,7.6937,317.0,22789.0,2265.5625
439,7.6781,7.269,1.9805,7.7212,319.0,22813.0,2265.5625
440,7.7207,7.5399,2.0488,7.5103,329.0,32181.0,2265.5625
441,7.5503,7.1138,2.0092,7.7619,316.0,22777.0,2265.5625
442,7.7942,7.5965,2.1156,8.0482,319.0,22813.0,2265.5625
443,8.0399,7.4067,2.4712,8.2926,347.0,29869.0,2265.5625
444,8.2221,7.9883,1.8039,8.48,344.0,26905.0,2265.5625
445,8.5863,7.6482,2.1018,9.7427,336.0,24333.0,2265.5625
446,9.7529,7.1924,2.5498,8.8311,357.0,24953.0,2265.5625
447,8.8006,7.634,2.4905,10.4099,359.0,24977.0,2265.5625
448,10.4166,7.634,2.3734,7.7984,352.0,24915.0,2265.5625
449,7.7421,7.5542,2.5085,8.7769,340.0,27475.0,2265.5625
450,8.8681,8.0831,2.5878,8.4037,357.0,24975.0,2265.5625
451,8.3115,7.2758,2.3829,7.2333,353.0,24949.0,2265.5625
452,7.2345,7.6209,2.3417,8.1223,353.0,24949.0,2265.5625
453,8.1056,7.2643,2.2899,7.4221,353.0,24949.0,2265.5625
454,7.4392,7.5805,2.0048,7.6681,349.0,26613.0,2265.5625
455,7.6126,7.4534,1.8366,8.5748,350.0,24769.0,2265.5625
456,8.6376,7.9347,1.5583,7.453,352.0,24937.0,2265.5625
457,7.4273,7.2515,1.6603,8.1261,352.0,25865.0,2265.5625
458,8.2924,7.5733,1.8965,7.7844,353.0,31741.0,2265.5625
459,7.6548,7.3588,1.9688,8.2295,349.0,31661.0,2265.5625
460,8.2657,7.1246,2.434,7.9098,349.0,32341.0,2265.5625
461,7.7832,7.5049,1.728,7.8196,357.0,35995.0,2265.5625
462,7.8885,7.9999,2.0785,8.341,357.0,33589.0,2265.5625
463,8.3089,7.3316,1.746,7.895,355.0,30029.0,2265.5625
464,7.9747,7.5834,1.9572,8.721,354.0,28703.0,2265.5625
465,8.6508,7.213,2.0508,7.0968,354.0,31089.0,2265.5625
466,7.1214,7.3318,1.9135,8.5062,355.0,29813.0,2265.5625
467,8.514,7.9237,1.9206,7.8355,351.0,29741.0,2265.5625
468,7.7644,7.5412,1.9875,8.0223,351.0,34891.0,2265.5625
469,8.0993,7.3044,1.8294,8.1468,354.0,26557.0,2265.5625
470,8.0999,7.1864,1.7984,6.9779,350.0,25501.0,2265.5625
471,7.0091,7.5806,1.9259,8.5252,351.0,24925.0,2265.5625
472,8.491,7.054,1.8888,7.6818,349.0,23749.0,2265.5625
473,7.8217,7.7599,1.915,8.6697,352.0,24025.0,2265.5625
474,8.6165,7.5334,2.0192,7.5404,350.0,24769.0,2265.5625
475,7.6039,7.8319,2.0648,7.4263,352.0,35399.0,2265.5625
476,7.3056,7.072,1.6168,8.9096,356.0,42121.0,2265.5625
477,8.9147,7.1262,2.0985,9.2347,359.0,33645.0,2265.5625
478,9.391,7.1262,2.313,7.3518,355.0,25393.0,2265.5625
479,7.194,7.8653,1.9248,7.9979,356.0,25661.0,2265.5625
480,7.9742,7.5395,1.7359,7.5468,355.0,24615.0,2265.5625
481,7.516,7.8482,1.6708,7.7617,352.0,24977.0,2265.5625
482,7.8323,7.117,1.658,7.7209,355.0,24951.0,2265.5625
483,7.6858,7.6903,1.6259,8.956,353.0,39757.0,2265.5625
484,9.0047,7.1379,2.0037,7.0902,354.0,60561.0,2265.5625
485,7.0689,7.9073,1.8485,8.2845,352.0,64481.0,2265.5625
486,8.2709,7.4147,1.7443,8.115,351.0,24993.0,2265.5625
487,8.1474,7.8045,1.6004,8.039,352.0,23977.0,2265.5625
488,7.9461,7.1469,1.2217,7.1558,355.0,23725.0,2265.5625
489,7.2881,7.7495,1.76,8.4659,358.0,41915.0,2265.5625
490,8.3454,7.1191,1.7318,7.167,358.0,44353.0,2265.5625
491,7.2306,7.3912,1.8184,9.1045,355.0,35371.0,2265.5625
492,9.1422,7.48,1.9258,7.2319,325.0,24149.0,2265.5625
493,7.2053,7.4148,1.781,8.7545,356.0,24941.0,2265.5625
494,8.7259,7.5705,1.8999,7.4611,353.0,25369.0,2265.5625
495,7.4742,7.3545,1.7796,7.7891,354.0,25845.0,2265.5625
496,7.8325,8.0408,2.0446,8.2687,347.0,24471.0,2265.5625
497,8.2047,7.1562,1.7452,8.2534,349.0,25103.0,2265.5625
498,8.2555,7.7947,1.6297,7.5659,354.0,25473.0,2265.5625
499,7.556,7.3725,1.2412,8.7141,354.0,25585.0,2265.5625
500,8.7224,7.7639,1.6039,7.2506,348.0,29169.0,2265.5625
501,7.2898,7.3324,1.8312,8.9291,351.0,29451.0,2265.5625
502,8.9464,7.5661,2.3362,7.0897,352.0,31561.0,2265.5625
503,7.0612,7.2657,2.0113,8.9781,352.0,32607.0,2265.5625
504,8.9983,7.893,2.1091,8.6164,351.0,34042.0,2265.5625
505,8.6151,7.4152,1.9751,9.1965,352.0,28262.0,2265.5625
506,9.2346,7.8243,1.9367,7.4494,355.0,31781.0,2265.5625
507,7.4167,7.2625,2.3386,8.6559,352.0,27693.0,2265.5625
508,8.6693,7.9788,2.0708,9.2379,355.0,30385.0,2265.5625
509,9.3881,7.5986,2.6607,9.6349,355.0,42563.0,2265.5625
510,9.5045,7.5986,2.2378,7.7716,340.0,27375.0,2265.5625
511,7.775,7.4877,2.1208,8.2265,350.0,26249.0,2265.5625
512,8.22,7.8246,2.1707,8.6761,317.0,22767.0,2265.5625
513,8.6749,7.3987,2.1951,8.4594,316.0,22755.0,2265.5625
514,8.547,7.7891,3.1658,7.8062,314.0,22731.0,2265.5625
515,7.7187,7.2029,2.3404,7.7425,349.0,24901.0,2265.5625
516,7.7254,7.6954,2.0445,7.9931,324.0,23065.0,2265.5625
517,8.0,7.5534,2.1795,7.7235,317.0,22789.0,2265.5625
518,7.7218,7.7995,2.1646,7.8472,315.0,22765.0,2265.5625
519,7.7955,7.3242,1.8144,8.1444,352.0,27257.0,2265.5625
520,8.1543,7.8857,1.8229,8.5037,352.0,28185.0,2265.5625
521,8.5632,7.2165,2.1436,8.029,352.0,24937.0,2265.5625
522,8.0821,7.5165,1.9617,7.8943,351.0,24829.0,2265.5625
523,7.8637,7.4845,1.7858,8.6511,312.0,22729.0,2265.5625
524,8.6429,7.7944,1.8442,7.0506,314.0,22753.0,2265.5625
525,7.0258,7.2964,1.8966,7.454,330.0,23381.0,2265.5625
526,7.4735,7.7464,1.9553,8.7195,321.0,22793.0,2265.5625
527,8.6935,7.0859,1.8815,6.7265,322.0,22805.0,2265.5625
528,6.7329,7.4887,1.9338,9.4772,361.0,33575.0,2265.5625
529,9.4324,7.4597,1.6811,7.3984,362.0,36017.0,2265.5625
530,7.4859,7.7818,1.8103,8.3077,353.0,26319.0,2265.5625
531,8.2522,7.3588,2.0203,7.1984,353.0,28191.0,2265.5625
532,7.1843,7.6774,2.3577,10.9751,354.0,27761.0,2265.5625
533,10.9902,7.6774,2.9964,6.6106,351.0,27781.0,2265.5625
534,6.5678,7.5594,2.1527,8.6458,351.0,25771.0,2265.5625
535,8.6294,7.5192,2.3684,8.4504,354.0,25425.0,2265.5625
536,8.5958,7.3752,2.2545,7.4901,336.0,23881.0,2265.5625
537,7.4089,7.6194,2.1664,7.3885,324.0,23209.0,2265.5625
538,7.3709,7.5572,2.1459,8.6773,316.0,22777.0,2265.5625
539,8.7213,7.5669,2.2681,7.4894,317.0,22789.0,2265.5625
540,7.4442,7.1426,1.9022,8.7696,349.0,38821.0,2265.5625
541,8.8328,7.4703,2.621,10.9717,320.0,22781.0,2265.5625
542,11.0162,7.4703,2.6924,8.2734,323.0,22817.0,2265.5625
543,8.3653,7.3158,2.8303,8.7008,348.0,42019.0,2265.5625
544,8.574,7.9454,2.4184,7.0581,318.0,22779.0,2265.5625
545,7.0387,7.2224,2.0035,8.2677,319.0,22791.0,2265.5625
546,8.3008,7.1149,2.4454,8.1189,318.0,22779.0,2265.5625
547,8.0524,7.4515,1.9479,8.4414,318.0,22801.0,2265.5625
548,8.5692,7.2789,2.4451,10.8371,330.0,32193.0,2265.5625
549,10.7743,7.2789,2.4489,7.9253,312.0,22729.0,2265.5625
550,8.0278,7.9646,3.1028,8.9839,317.0,22789.0,2265.5625
551,8.9826,7.8513,2.4804,9.5422,352.0,30633.0,2265.5625
552,9.5074,7.8513,2.4536,7.7548,344.0,26393.0,2265.5625
553,7.7229,7.9313,2.4285,13.3525,325.0,24053.0,2265.5625
554,13.3853,7.2585,2.7956,9.6014,351.0,24925.0,2265.5625
555,9.6689,7.7265,2.7989,10.119,353.0,24949.0,2265.5625
556,10.0308,7.6197,2.5895,11.602,351.0,24925.0,2265.5625
557,11.6199,7.6197,2.6143,8.7387,342.0,27477.0,2265.5625
558,8.8305,7.5357,2.6995,8.7879,356.0,24941.0,2265.5625
559,8.7451,7.8757,2.4771,7.4025,355.0,24929.0,2265.5625
560,7.259,7.3454,1.8845,8.3853,352.0,24915.0,2265.5625
561,8.3092,7.6389,1.8476,7.1246,353.0,24927.0,2265.5625
562,7.22,7.1459,1.6517,8.2092,350.0,26603.0,2265.5625
563,8.1476,7.5514,1.8129,7.4615,348.0,24745.0,2265.5625
564,7.5837,7.4642,2.0463,8.5107,350.0,24913.0,2265.5625
565,8.4978,7.7317,2.6968,7.37,352.0,25865.0,2265.5625
566,7.3459,7.2539,1.9915,8.3785,352.0,31729.0,2265.5625
567,8.3229,7.6988,1.9095,7.3742,350.0,31673.0,2265.5625
568,7.3711,7.0693,1.7363,8.4849,354.0,32401.0,2265.5625
569,8.5958,7.593,1.9501,7.5208,353.0,35991.0,2265.5625
570,7.4591,7.4709,2.0159,8.4135,349.0,33537.0,2265.5625
571,8.4357,7.7441,1.9732,7.8879,353.0,30049.0,2265.5625
572,7.7653,7.3409,1.7404,7.2747,354.0,28725.0,2265.5625
573,7.3238,7.8032,1.8857,8.0285,356.0,31091.0,2265.5625
574,8.0452,7.0773,1.8038,8.9659,357.0,29815.0,2265.5625
575,9.0534,7.1864,2.2017,8.1327,356.0,29757.0,2265.5625
576,8.0486,7.9053,1.71,7.6934,352.0,34881.0,2265.5625
577,7.7274,7.5298,2.1271,8.461,358.0,26583.0,2265.5625
578,8.3999,7.7179,1.9328,7.4779,354.0,25527.0,2265.5625
579,7.4897,7.2057,1.623,7.776,351.0,24925.0,2265.5625
580,7.7971,7.8645,1.8298,8.3175,349.0,23749.0,2265.5625
581,8.3183,7.1307,1.7824,8.2318,351.0,24013.0,2265.5625
582,8.2448,7.9873,2.0286,7.7201,352.0,24793.0,2265.5625
583,7.7055,7.3423,1.8425,7.7485,350.0,35375.0,2265.5625
584,7.7365,8.0088,1.739,8.0978,352.0,42073.0,2265.5625
585,8.1441,7.0876,1.8644,7.9422,357.0,33665.0,2265.5625
586,7.9289,7.5232,1.9216,8.1614,351.0,25389.0,2265.5625
587,8.1746,7.1377,2.783,7.2146,354.0,25681.0,2265.5625
588,7.4068,7.5893,1.9934,8.3847,351.0,24589.0,2265.5625
589,8.1412,7.4797,1.8777,8.2184,360.0,25051.0,2265.5625
590,8.2875,7.9392,1.8985,8.1325,355.0,24929.0,2265.5625
591,8.0963,7.1903,2.2529,7.7818,356.0,39749.0,2265.5625
592,7.769,7.7509,2.0957,7.7709,353.0,60527.0,2265.5625
593,7.7579,7.1775,1.7907,8.2988,355.0,64495.0,2265.5625
594,8.3284,7.5246,2.0154,7.6694,353.0,24995.0,2265.5625
595,7.7463,7.5105,1.958,7.3116,355.0,24013.0,2265.5625
596,7.2598,8.0345,1.6612,8.8106,352.0,23689.0,2265.5625
597,8.8126,7.1942,1.654,7.2032,360.0,41939.0,2265.5625
598,7.1845,7.3344,1.8479,8.3624,360.0,44377.0,2265.5625
599,8.3429,7.1844,1.5552,7.0373,357.0,35395.0,2265.5625
600,7.1107,7.0906,1.4624,8.5814,330.0,24305.0,2265.5625
601,8.4309,7.9479,1.8668,7.9474,351.0,24925.0,2265.5625
602,7.9748,7.2997,1.5008,8.6222,350.0,25377.0,2265.5625
603,8.7172,7.6304,1.7961,7.5339,349.0,25829.0,2265.5625
604,7.4703,7.3006,1.8819,8.3028,346.0,25185.0,2265.5625
605,8.3497,7.5798,1.8701,7.3942,353.0,24713.0,2265.5625
606,7.3818,7.1356,1.718,8.8806,359.0,25511.0,2265.5625
607,8.9268,7.9454,1.9679,7.8508,356.0,27455.0,2265.5625
608,7.823,7.5717,1.98,7.9869,341.0,26837.0,2265.5625
609,7.9312,8.0131,1.8784,7.5831,354.0,29833.0,2265.5625
610,7.5626,7.2928,1.3932,8.3608,354.0,31563.0,2265.5625
611,8.3612,7.6186,1.3648,7.2258,353.0,32251.0,2265.5625
612,7.2734,7.1392,1.5775,7.8483,349.0,34018.0,2265.5625
613,7.889,7.7758,1.8881,8.6931,350.0,28238.0,2265.5625
614,8.7336,7.4483,1.6934,7.8364,352.0,31745.0,2265.5625
615,7.7327,7.7046,1.6189,8.0652,351.0,27681.0,2265.5625
616,8.1679,7.3146,1.7495,7.9305,353.0,30895.0,2265.5625
617,7.898,7.7002,1.9841,7.4142,354.0,42061.0,2265.5625
618,7.3603,7.1626,1.6095,8.3048,335.0,27359.0,2265.5625
619,8.3914,7.7691,1.782,7.8473,342.0,26149.0,2265.5625
620,7.8488,7.4672,1.9199,7.4695,318.0,22801.0,2265.5625
621,7.3636,7.6682,1.5715,8.3283,324.0,22829.0,2265.5625
622,8.3104,7.2158,1.4785,8.2701,318.0,22757.0,2265.5625
623,8.2371,7.0767,1.5759,7.335,357.0,24953.0,2265.5625
624,7.4708,7.5011,1.7988,7.5865,323.0,23031.0,2265.5625
625,7.5014,7.1303,1.5776,8.4553,320.0,22803.0,2265.5625
626,8.4538,7.6068,1.2114,7.5972,319.0,22791.0,2265.5625
627,7.557,7.2698,1.4341,8.2406,351.0,27245.0,2265.5625
628,8.2357,7.7365,1.5844,7.8673,354.0,28209.0,2265.5625
629,8.0416,7.2007,1.7042,7.8043,354.0,24961.0,2265.5625
630,7.7223,7.5389,1.7295,8.1536,350.0,24817.0,2265.5625
631,8.0964,7.0768,1.5841,7.2786,320.0,22825.0,2265.5625
632,7.3043,7.7825,1.4844,9.0852,315.0,22765.0,2265.5625
633,9.087,7.4051,1.5297,7.0239,325.0,23365.0,2265.5625
634,7.0109,7.7014,1.7487,7.77,318.0,22801.0,2265.5625
635,7.8356,7.0859,1.7008,7.7664,315.0,22765.0,2265.5625
636,7.7866,7.6954,1.7368,7.9955,360.0,33585.0,2265.5625
637,7.9775,7.0955,1.7536,7.3408,363.0,36007.0,2265.5625
638,7.3258,7.7524,1.8976,8.723,353.0,26297.0,2265.5625
639,8.7236,7.5653,1.709,8.3105,355.0,28171.0,2265.5625
640,8.405,7.7904,1.8268,8.3472,355.0,27751.0,2265.5625
641,8.2474,7.1083,1.584,7.0819,354.0,27795.0,2265.5625
642,7.206,7.4583,1.7889,8.8001,354.0,25833.0,2265.5625
643,8.6887,7.5839,1.9778,7.3461,350.0,25377.0,2265.5625
644,7.3584,7.1043,1.9654,8.0258,336.0,23833.0,2265.5625
645,8.0032,8.175,1.8201,7.8545,321.0,23173.0,2265.5625
646,7.8931,7.3249,1.5857,7.6855,316.0,22777.0,2265.5625
647,7.6468,7.6033,1.7938,7.801,316.0,22777.0,2265.5625
648,7.8056,7.2403,1.5902,8.035,348.0,38809.0,2265.5625
649,8.037,7.7557,1.7438,7.8672,314.0,22753.0,2265.5625
650,7.8844,7.127,1.504,7.6946,314.0,22753.0,2265.5625
651,7.6759,7.4813,1.6259,8.4386,343.0,42003.0,2265.5625
652,8.4887,7.4277,1.7573,7.6399,315.0,22765.0,2265.5625
653,7.6194,7.7083,1.7748,8.3563,320.0,22781.0,2265.5625
654,8.3424,7.2468,1.6933,7.3143,319.0,22769.0,2265.5625
655,7.2558,7.7606,1.4376,8.2234,320.0,22781.0,2265.5625
656,8.2712,7.114,1.6097,7.0993,333.0,32207.0,2265.5625
657,7.2537,7.5047,1.8398,8.7332,316.0,22755.0,2265.5625
658,8.6256,7.4777,1.8153,7.1582,319.0,22791.0,2265.5625
659,7.1338,7.7498,1.8343,9.1866,353.0,30645.0,2265.5625
660,9.1498,7.2602,1.7558,7.0717,347.0,26941.0,2265.5625
661,7.0778,7.7651,1.3335,8.5498,325.0,23541.0,2265.5625
662,8.6032,7.0618,1.5603,7.1031,351.0,24925.0,2265.5625
663,7.1082,7.0899,1.3003,9.0181,355.0,24973.0,2265.5625
664,8.9256,8.0044,1.2929,7.1205,350.0,24913.0,2265.5625
665,7.106,7.3127,1.4732,10.2718,337.0,27461.0,2265.5625
666,10.306,7.5074,1.4655,6.0494,356.0,24985.0,2265.5625
667,6.0887,7.2791,1.4402,8.9097,352.0,24937.0,2265.5625
668,8.8538,7.7805,1.234,6.6767,350.0,24913.0,2265.5625
669,6.7746,7.1272,1.6653,9.2785,355.0,24929.0,2265.5625
670,9.3214,7.6405,1.9448,7.8104,352.0,26653.0,2265.5625
671,7.8181,7.5366,1.9479,8.332,351.0,24689.0,2265.5625
672,8.3094,8.0036,1.9891,7.9735,354.0,24939.0,2265.5625
673,7.921,7.3086,1.977,7.7794,350.0,25819.0,2265.5625
674,7.7744,7.5963,1.756,8.3203,354.0,31731.0,2265.5625
675,8.2494,7.132,1.639,7.571,351.0,31685.0,2265.5625
676,7.6068,7.5288,1.6066,7.9454,353.0,32389.0,2265.5625
677,8.0298,7.4922,1.8478,8.1785,353.0,35991.0,2265.5625
678,8.1907,8.0341,2.1021,8.7893,354.0,33597.0,2265.5625
679,8.8051,7.3112,2.1331,7.282,352.0,30037.0,2265.5625
680,7.2287,7.5561,1.9195,7.7722,351.0,28689.0,2265.5625
681,7.7797,7.121,1.8185,7.5451,352.0,31087.0,2265.5625
682,7.555,7.5044,2.061,8.131,354.0,29823.0,2265.5625
683,8.2871,7.5175,2.4838,7.5966,349.0,29717.0,2265.5625
684,7.5139,7.9377,1.9222,8.4591,354.0,34927.0,2265.5625
685,8.37,7.212,1.8167,7.9238,358.0,26561.0,2265.5625
686,7.8864,7.1053,1.8156,8.4063,357.0,25541.0,2265.5625
687,8.4713,7.1695,1.9733,7.0,358.0,24965.0,2265.5625
688,6.9493,7.1259,1.7093,8.6769,353.0,23775.0,2265.5625
689,8.726,7.9623,1.7729,7.1208,356.0,24051.0,2265.5625
690,7.0636,7.2882,1.751,8.4307,353.0,24783.0,2265.5625
691,8.4082,7.9624,1.4626,7.562,350.0,35375.0,2265.5625
692,7.573,7.0487,1.4272,7.7386,354.0,42097.0,2265.5625
693,7.9212,7.5503,1.6662,8.0032,352.0,33605.0,2265.5625
694,7.8424,7.1309,1.7184,8.0367,350.0,25377.0,2265.5625
695,8.0752,7.6132,2.0104,8.393,359.0,25741.0,2265.5625
696,8.3838,7.4985,1.6823,7.7317,352.0,24601.0,2265.5625
697,7.7656,7.993,1.9002,7.868,348.0,24951.0,2265.5625
698,7.8881,7.115,1.95,7.5309,354.0,24961.0,2265.5625
699,7.4584,7.7619,1.8805,8.5917,351.0,39733.0,2265.5625
700,8.6762,7.1535,1.6798,7.1276,352.0,60537.0,2265.5625
701,7.0972,7.547,1.7396,8.7506,356.0,64485.0,2265.5625
702,8.7852,7.5025,1.619,7.7225,353.0,24973.0,2265.5625
703,7.7139,8.0514,1.7746,7.8891,356.0,23981.0,2265.5625
704,7.8501,7.1735,1.7753,7.73,352.0,23667.0,2265.5625
705,7.6931,7.7236,1.5442,8.508,364.0,41965.0,2265.5625
706,8.4957,7.3603,1.844,7.6905,361.0,44367.0,2265.5625
707,7.7197,7.151,1.896,8.1828,359.0,35419.0,2265.5625
708,8.3222,7.8371,2.0551,7.7867,326.0,24257.0,2265.5625
709,7.7182,7.5785,1.7288,8.6854,353.0,24949.0,2265.5625
710,8.594,7.6065,1.6533,7.4542,355.0,25437.0,2265.5625
711,7.4269,7.2629,1.6985,7.4241,351.0,25853.0,2265.5625
712,7.5424,7.4942,1.6689,7.649,351.0,25389.0,2265.5625
713,7.6859,7.1344,1.5442,8.4561,355.0,24973.0,2265.5625
714,8.4049,8.1376,1.9825,8.2333,354.0,25807.0,2265.5625
715,8.2026,7.3206,1.6327,7.976,354.0,27633.0,2265.5625
716,7.9186,7.5719,1.4531,7.8981,336.0,26969.0,2265.5625
717,8.0452,7.2977,1.7098,7.9891,357.0,29847.0,2265.5625
718,7.8773,7.5411,1.6164,7.748,359.0,31601.0,2265.5625
719,7.7663,7.107,1.5274,7.4061,356.0,31507.0,2265.5625
720,7.3952,7.7689,1.8018,8.732,357.0,34556.0,2265.5625
721,8.7517,7.4785,1.7084,7.6719,353.0,29192.0,2265.5625
722,7.6442,7.7634,1.634,8.2412,354.0,30343.0,2265.5625
723,8.2328,7.2525,1.581,7.3594,353.0,29643.0,2265.5625
724,7.3816,7.5075,1.6042,8.1129,352.0,29193.0,2265.5625
725,8.1075,7.1055,1.6962,7.109,352.0,41913.0,2265.5625
726,7.2407,7.3473,1.765,8.5194,330.0,26935.0,2265.5625
727,8.352,7.4573,1.5273,8.1761,342.0,26149.0,2265.5625
728,8.1594,7.2696,1.664,8.0624,313.0,22741.0,2265.5625
729,8.1724,7.6729,2.8165,7.0983,318.0,22801.0,2265.5625
730,6.9841,7.0411,1.4967,7.7427,316.0,22777.0,2265.5625
731,7.8544,7.5259,1.8519,8.3998,352.0,24937.0,2265.5625
732,8.3887,7.0487,1.8092,7.6858,319.0,23005.0,2265.5625
733,7.6613,8.1297,1.991,8.2276,321.0,22793.0,2265.5625
734,8.231,7.3253,1.7057,7.8863,320.0,22781.0,2265.5625
735,7.8879,7.7806,1.8997,8.1633,355.0,27249.0,2265.5625
736,8.1844,7.0874,1.7336,8.1333,353.0,28175.0,2265.5625
737,8.145,7.5338,1.6336,6.9036,357.0,24975.0,2265.5625
738,6.9239,7.0674,1.7066,8.7128,349.0,24783.0,2265.5625
739,8.6944,7.7302,1.771,7.3267,315.0,22765.0,2265.5625
740,7.2657,7.4796,2.3,7.8971,313.0,22741.0,2265.5625
741,7.9132,7.7275,1.7045,8.0155,326.0,23377.0,2265.5625
742,7.973,7.0536,1.5473,7.3137,315.0,22765.0,2265.5625
743,7.3995,8.0469,1.799,9.0949,316.0,22777.0,2265.5625
744,9.0548,7.0492,1.5755,7.0589,357.0,33549.0,2265.5625
745,7.0777,7.5389,1.8242,8.4856,360.0,36015.0,2265.5625
746,8.4547,7.4557,1.6498,7.6781,351.0,26317.0,2265.5625
747,7.6376,7.3554,1.3125,8.2652,352.0,28179.0,2265.5625
748,8.3572,7.6022,1.3464,7.792,353.0,27749.0,2265.5625
749,7.7155,7.2787,1.3876,7.7362,355.0,27785.0,2265.5625
750,7.8558,7.7707,1.7917,8.4681,356.0,25835.0,2265.5625
751,8.3475,7.0981,1.4725,7.6854,357.0,25417.0,2265.5625
752,7.7367,8.0505,1.7438,7.9669,338.0,23883.0,2265.5625
753,7.9877,7.3168,1.7239,8.0683,324.0,23139.0,2265.5625
754,7.9689,7.4011,1.535,8.6754,318.0,22779.0,2265.5625
755,8.8631,7.3593,2.3935,8.542,316.0,22777.0,2265.5625
756,8.464,8.1189,2.0566,6.7852,350.0,38833.0,2265.5625
757,6.722,7.4615,2.4341,9.379,314.0,22753.0,2265.5625
758,9.4446,7.7928,1.7299,7.1513,315.0,22765.0,2265.5625
759,7.0656,7.4002,1.5952,7.5145,344.0,42015.0,2265.5625
760,7.6483,7.8707,1.7835,8.9219,315.0,22765.0,2265.5625
761,8.7678,7.4665,1.6205,7.6221,316.0,22777.0,2265.5625
762,7.8084,8.0545,1.7416,8.6762,312.0,22729.0,2265.5625
763,8.5172,7.3844,1.7009,7.5592,315.0,22765.0,2265.5625
764,7.6464,7.8056,1.9545,8.5167,332.0,32217.0,2265.5625
765,8.4217,7.4811,1.6132,7.0046,320.0,22781.0,2265.5625
766,7.068,7.8877,1.5622,8.8963,320.0,22781.0,2265.5625
767,8.8146,7.4603,1.5832,8.5936,359.0,30673.0,2265.5625
768,8.6395,8.0507,1.8044,7.9499,350.0,26955.0,2265.5625
769,7.9464,7.4025,1.5696,7.6233,323.0,23495.0,2265.5625
770,7.7296,7.7748,1.9882,9.0963,354.0,24939.0,2265.5625
771,9.0843,7.4362,1.6056,7.084,353.0,24949.0,2265.5625
772,7.1707,7.8236,1.9634,8.7545,350.0,24913.0,2265.5625
773,8.6239,7.4097,1.5336,7.084,339.0,27485.0,2265.5625
774,7.0389,7.9471,1.8409,9.3096,355.0,24973.0,2265.5625
775,9.3814,7.3927,1.9116,8.0097,352.0,24937.0,2265.5625
776,8.0185,7.8081,2.0868,7.7577,354.0,24961.0,2265.5625
777,7.726,7.4748,1.8028,7.9303,351.0,24925.0,2265.5625
778,7.9642,7.6018,1.7569,8.4696,352.0,26697.0,2265.5625
779,8.398,7.7941,1.5402,7.7934,349.0,24709.0,2265.5625
780,7.7922,7.3846,1.4748,9.0399,350.0,24913.0,2265.5625
781,9.0256,7.8456,1.4921,7.2664,354.0,25845.0,2265.5625
782,7.4663,7.3789,1.6849,8.963,352.0,31685.0,2265.5625
783,8.8229,7.9224,1.5459,7.4255,354.0,31677.0,2265.5625
784,7.4718,7.4315,1.39,8.8322,358.0,32427.0,2265.5625
785,8.7547,7.6905,1.2951,8.9158,354.0,35981.0,2265.5625
786,8.9521,7.4567,1.8348,7.7206,353.0,33563.0,2265.5625
787,7.7974,7.8887,2.1196,7.7834,352.0,30037.0,2265.5625
788,7.8371,7.4171,1.8163,8.4591,352.0,28701.0,2265.5625
789,8.3241,7.5511,1.7529,8.1629,352.0,31087.0,2265.5625
790,8.1366,7.4714,1.4524,8.0341,353.0,29811.0,2265.5625
791,8.0846,8.0393,1.5471,8.4595,348.0,29705.0,2265.5625
792,8.4738,7.4458,1.6252,7.9482,351.0,34891.0,2265.5625
793,7.8867,7.8527,1.8941,7.8175,351.0,26521.0,2265.5625
794,7.8317,7.456,2.3707,8.0029,353.0,25537.0,2265.5625
795,8.0347,7.9097,1.5265,9.1487,355.0,24973.0,2265.5625
796,9.0816,7.4581,1.6473,8.0612,354.0,23809.0,2265.5625
797,8.0363,8.0754,1.6045,7.656,354.0,24005.0,2265.5625
798,7.7683,7.4739,1.6673,9.1447,355.0,24785.0,2265.5625
799,9.058,7.9977,1.8625,7.1762,357.0,35415.0,2265.5625
800,7.2126,7.4664,1.5994,9.719,360.0,42147.0,2265.5625
801,9.7346,7.8914,2.0241,6.8539,357.0,33643.0,2265.5625
802,6.8278,7.5421,1.9644,9.1004,356.0,25427.0,2265.5625
803,9.1837,8.4366,2.1892,8.1292,352.0,25657.0,2265.5625
804,8.028,7.4808,2.0128,8.2057,356.0,24649.0,2265.5625
805,8.3053,7.9549,1.9716,7.7414,352.0,24999.0,2265.5625
806,7.7616,7.4542,1.8116,8.4171,351.0,24925.0,2265.5625
807,8.3798,8.0359,1.901,8.1385,355.0,39781.0,2265.5625
808,8.0685,7.499,1.7565,8.8297,352.0,60537.0,2265.5625
809,8.8758,7.8768,1.8678,7.5351,353.0,64493.0,2265.5625
810,7.551,7.5059,1.8854,8.2778,354.0,25029.0,2265.5625
811,8.2282,7.8629,1.704,7.7993,353.0,23989.0,2265.5625
812,7.8933,7.3738,1.8594,8.1812,351.0,23677.0,2265.5625
813,8.1128,8.0265,1.5366,8.3141,363.0,41931.0,2265.5625
814,8.4063,7.48,1.7586,9.9121,364.0,44381.0,2265.5625
815,9.8476,7.9496,1.807,7.3975,362.0,35411.0,2265.5625
816,7.4314,7.4359,2.2009,7.7933,328.0,24259.0,2265.5625
817,7.7693,7.9204,2.1288,9.0613,350.0,24891.0,2265.5625
818,9.0416,7.4238,2.6027,7.5011,355.0,25415.0,2265.5625
819,7.5433,8.0485,1.9436,8.3494,352.0,25865.0,2265.8125
820,8.2837,7.5155,1.7705,8.2042,352.0,25401.0,2265.8125
821,8.2612,7.9568,2.2109,8.3653,353.0,24949.0,2265.8125
822,8.2955,7.4889,1.8262,7.4814,350.0,25759.0,2265.8125
823,7.5191,7.8439,1.811,9.0762,353.0,27621.0,2265.8125
824,9.0544,7.3771,1.5601,7.6273,339.0,27469.0,2265.8125
825,7.6267,8.0333,1.5586,8.8293,352.0,29831.0,2265.8125
826,8.902,7.5438,2.0148,8.0587,354.0,31217.0,2265.8125
827,8.0356,7.9133,1.9615,7.6179,351.0,31955.0,2265.8125
828,7.5893,7.4298,1.6668,8.4622,350.0,34030.0,2265.8125
829,8.5014,7.8276,1.9506,9.4788,354.0,29182.0,2265.8125
830,9.4685,7.4866,2.9813,7.1325,355.0,30457.0,2265.8125
831,7.202,8.0684,1.7093,8.4794,355.0,29499.0,2265.8125
832,8.3753,7.5255,1.7728,8.4116,354.0,29195.0,2265.8125
833,8.5117,7.8404,2.1498,7.4943,352.0,42015.0,2265.8125
834,7.4118,7.4523,1.5115,7.5868,333.0,26873.0,2265.8125
835,7.6319,7.7943,1.9278,8.8213,340.0,25981.0,2265.8125
836,8.8099,7.3682,1.4196,7.1691,317.0,22789.0,2265.8125
837,7.0464,8.0058,1.1856,9.2032,317.0,22789.0,2265.8125
838,9.35,7.3896,1.8581,7.1811,314.0,22753.0,2265.8125
839,7.1173,7.4135,2.4323,8.8535,353.0,24949.0,2265.8125
840,8.8649,7.3741,2.0386,7.4458,321.0,23029.0,2265.8125
841,7.4362,7.4168,1.7644,8.6172,316.0,22777.0,2265.8125
842,8.6187,7.783,2.6156,7.323,317.0,22789.0,2265.8125
843,7.3857,7.5808,1.829,9.0423,352.0,27257.0,2265.8125
844,8.9385,7.8157,1.834,7.6557,351.0,28173.0,2265.8125
845,7.734,7.4178,1.7076,8.0676,359.0,24977.0,2265.8125
846,8.0577,7.4479,1.5402,8.3606,354.0,24821.0,2265.8125
847,8.3435,7.3994,1.7519,7.6432,319.0,22769.0,2265.8125
848,7.6639,8.247,1.7136,8.5732,317.0,22767.0,2265.8125
849,8.5852,7.3674,1.7407,8.0932,326.0,23355.0,2265.8125
850,8.1631,7.8201,1.8012,7.7211,318.0,22779.0,2265.8125
851,7.6311,7.3987,1.7317,8.3592,313.0,22741.0,2265.8125
852,8.2774,7.8428,1.5974,8.791,355.0,33525.0,2265.8125
853,8.8767,7.397,1.9342,7.5442,361.0,36027.0,2265.8125
854,7.5249,8.1163,2.2238,8.8219,352.0,26329.0,2265.8125
855,8.8189,7.3947,1.9416,7.7225,354.0,28203.0,2265.8125
856,7.7936,8.0282,2.0102,8.7544,351.0,27725.0,2265.8125
857,8.777,7.4329,1.7626,8.4231,356.0,27841.0,2265.8125
858,8.3588,7.923,2.1077,8.0916,351.0,25819.0,2265.8125
859,8.0725,7.4373,1.9131,7.6647,352.0,25401.0,2265.8125
860,7.681,8.0924,1.8021,8.2401,333.0,23845.0,2265.8125
861,8.1832,7.4335,1.6013,7.7267,326.0,23141.0,2265.8125
862,7.7882,7.8829,1.6619,8.0643,320.0,22781.0,2265.8125
863,8.0704,7.4547,1.739,7.9066,323.0,22817.0,2265.8125
864,7.8419,7.8079,1.514,8.6031,348.0,38787.0,2265.8125
865,8.675,7.4556,1.709,8.1297,321.0,22815.0,2265.8125
866,8.1116,8.5947,1.8021,9.6224,317.0,22767.0,2265.8125
867,9.6476,7.482,2.0338,8.4878,347.0,42051.0,2265.8125
868,8.5245,7.8805,2.1724,8.6468,316.0,22777.0,2265.8125
869,8.6304,7.61,2.2472,7.3249,315.0,22765.0,2265.8125
870,7.3648,7.8739,2.0235,7.4078,314.0,22753.0,2265.8125
871,7.3124,7.4086,1.9567,8.517,313.0,22741.0,2265.8125
872,8.5506,8.0698,1.8207,8.9931,329.0,32181.0,2265.8125
873,9.0163,7.3653,2.6099,8.1289,319.0,22813.0,2265.8125
874,8.2498,8.5475,2.1645,8.4873,317.0,22789.0,2265.8125
875,8.3403,7.5401,2.1835,8.8448,352.0,30633.0,2265.8125
876,8.8977,8.2285,2.0834,8.1371,348.0,26953.0,2265.8125
877,8.064,7.459,1.8069,8.3298,325.0,23497.0,2265.8125
878,8.3749,8.2598,2.0503,8.0326,357.0,24953.0,2265.8125
879,7.9897,7.4463,2.1004,8.1779,356.0,24941.0,2265.8125
880,8.2763,8.1536,2.2258,8.3454,351.0,24903.0,2265.8125
881,8.3565,7.5406,2.348,8.5063,338.0,27451.0,2265.8125
882,8.4643,8.2119,2.4063,8.2255,354.0,24939.0,2265.8125
883,8.2774,7.4662,2.1036,8.0318,352.0,24937.0,2265.8125
884,7.9677,8.1469,2.0548,8.5153,354.0,24961.0,2265.8125
885,8.5982,7.4845,2.4272,8.4112,352.0,24937.0,2265.8125
886,8.3174,7.9505,2.5583,8.5108,353.0,26805.0,2265.8125
887,8.5482,7.5248,2.5225,7.4669,343.0,24541.0,2265.8125
888,7.4805,8.097,2.0847,8.6863,354.0,24961.0,2265.8125
889,8.6735,7.4073,2.8065,8.4134,356.0,25913.0,2265.8125
890,8.4411,7.8501,2.301,8.5381,350.0,31705.0,2265.8125
891,8.4991,7.4981,2.3005,9.2366,353.0,31709.0,2265.8125
892,9.314,8.0349,2.1108,8.6434,353.0,32389.0,2265.8125
893,8.6005,7.5396,2.362,8.21,358.0,36007.0,2265.8125
894,8.1653,8.3483,2.264,8.6018,358.0,33601.0,2265.8125
895,8.6673,7.4692,2.9088,8.6703,355.0,30029.0,2265.8125
896,8.6406,7.9372,2.5,8.6143,356.0,28727.0,2265.8125
897,8.6248,7.4929,2.5663,7.9858,355.0,31101.0,2265.8125
898,7.9574,7.6885,2.4665,10.0633,354.0,29801.0,2265.8125
899,10.0496,7.6885,2.3719,8.4102,356.0,29801.0,2265.8125
900,8.4807,8.1314,2.4042,7.6438,351.0,34891.0,2265.8125
901,7.6008,7.5239,2.2878,8.4549,351.0,26521.0,2265.8125
902,8.4772,8.2303,2.2344,8.0044,354.0,25549.0,2265.8125
903,7.9608,7.5163,2.1654,8.9899,351.0,24925.0,2265.8125
904,8.9831,8.3328,2.3356,7.7452,354.0,23809.0,2265.8125
905,7.7495,7.5611,2.0327,9.9468,350.0,24001.0,2265.8125
906,10.0685,8.2324,2.3805,8.2256,349.0,24757.0,2265.8125
907,8.1309,7.4254,2.6087,8.388,351.0,35387.0,2265.8125
908,8.4134,7.9286,2.3407,7.92,358.0,42145.0,2265.8125
909,7.8696,7.4884,1.9607,7.9935,359.0,33645.0,2265.8125
910,8.082,7.5466,2.2282,11.1476,356.0,25405.0,2265.8125
911,11.2053,7.5466,2.6026,7.8369,354.0,25637.0,2265.8125
912,7.7058,7.4545,2.1056,7.8478,357.0,24639.0,2265.8125
913,7.8132,7.5606,2.1373,8.7223,352.0,24977.0,2265.8125
914,8.7098,7.8714,2.1867,8.834,354.0,24939.0,2265.8125
915,8.8888,7.6708,2.4247,8.1997,353.0,39757.0,2265.8125
916,8.1498,7.8914,2.2201,7.4975,352.0,60537.0,2265.8125
917,7.5353,7.587,2.3398,7.9893,350.0,64457.0,2265.8125
918,7.985,7.9531,2.0834,8.114,350.0,24981.0,2265.8125
919,8.1798,7.4659,1.7618,8.6214,352.0,23977.0,2265.8125
920,8.5461,7.8296,1.6708,7.7205,349.0,23653.0,2265.8125
921,7.6844,7.4777,1.7885,8.9429,359.0,41927.0,2265.8125
922,8.9723,8.1204,1.7675,7.348,358.0,44353.0,2265.8125
923,7.3538,7.4815,1.8338,9.4646,356.0,35383.0,2265.8125
924,9.5058,8.0389,2.1979,7.0413,329.0,24341.0,2265.8125
925,6.9393,7.423,1.9684,8.2111,356.0,24941.0,2265.8125
926,8.2304,7.4004,1.7003,8.0474,357.0,25417.0,2265.8125
927,8.1673,7.496,1.9243,10.8915,355.0,25857.0,2265.8125
928,10.9199,8.1625,2.1778,8.3803,354.0,25403.0,2265.8125
929,8.8229,7.4762,3.1073,9.0635,357.0,24975.0,2265.8125
930,8.5882,7.9005,2.5486,7.8989,352.0,25761.0,2265.8125
931,7.8859,7.4318,2.3436,9.3837,355.0,27645.0,2265.8125
932,9.3422,7.4318,2.2446,8.1366,340.0,28431.0,2265.8125
933,8.2537,8.0663,2.1353,9.8199,351.0,29285.0,2265.8125
934,9.7905,7.8926,2.7301,10.3418,355.0,31229.0,2265.8125
935,10.3319,7.8926,3.146,7.3572,352.0,31599.0,2265.8125
936,7.2832,7.4289,2.0688,8.8239,351.0,34042.0,2265.8125
937,8.9534,7.934,2.5021,7.9224,350.0,29670.0,2265.8125
938,7.7864,7.4706,2.41,8.7051,351.0,29961.0,2265.8125
939,8.8089,8.1643,2.1869,8.3944,350.0,29483.0,2265.8125
940,8.3103,7.5601,2.778,8.3453,352.0,29561.0,2265.8125
941,8.3627,8.0035,2.2047,7.6382,352.0,41625.0,2265.8125
942,7.596,7.4596,2.2225,8.7505,333.0,26803.0,2265.8125
943,8.9,8.2474,2.2949,7.9437,344.0,25937.0,2265.8125
944,7.8295,7.4948,2.1173,8.3654,320.0,22803.0,2265.8125
945,8.3737,8.1628,2.4942,8.0036,318.0,22779.0,2265.8125
946,7.9536,7.3861,2.8539,8.831,321.0,22815.0,2265.8125
947,8.8689,7.9166,2.3073,9.0555,351.0,24925.0,2265.8125
948,9.145,7.4313,2.5332,8.3636,319.0,23005.0,2265.8125
949,8.4296,8.2431,2.5509,9.4342,316.0,22777.0,2265.8125
950,9.3591,7.7083,2.5289,8.2092,318.0,22801.0,2265.8125
951,8.1594,7.8923,2.4189,8.5533,349.0,27221.0,2265.8125
952,8.522,7.5059,2.2177,7.3693,355.0,28221.0,2265.8125
953,7.4613,7.838,2.063,8.5309,354.0,24961.0,2265.8125
954,8.4521,7.4374,2.3871,8.061,350.0,24817.0,2265.8125
955,8.1831,8.1368,2.0515,8.0505,318.0,22801.0,2265.8125
956,7.9113,7.483,2.0726,8.2341,315.0,22765.0,2265.8125
957,8.2326,7.9818,2.165,8.9277,332.0,23405.0,2265.8125
958,8.9692,7.4678,2.3714,7.9367,319.0,22769.0,2265.8125
959,7.9139,7.9023,2.1476,8.2854,318.0,22757.0,2265.8125
960,8.4137,7.5116,2.8587,7.8129,358.0,33539.0,2265.8125
961,7.687,8.1392,2.1026,9.3667,359.0,35981.0,2265.8125
962,9.3534,7.4365,2.1223,8.3042,354.0,26331.0,2265.8125
963,8.365,7.9381,2.2555,7.9468,357.0,28239.0,2265.8125
964,7.8842,7.4596,2.099,8.2375,352.0,27737.0,2265.8125
965,8.3238,7.9159,2.1068,7.5051,349.0,27757.0,2265.8125
966,7.4348,7.4909,2.0016,8.3921,353.0,25843.0,2265.8125
967,8.512,8.1132,2.1212,9.1181,351.0,25389.0,2265.8125
968,8.9953,7.4964,2.1896,7.5522,334.0,23857.0,2265.8125
969,7.6627,7.8626,2.5275,8.262,322.0,23137.0,2265.8125
970,8.2991,7.6201,2.2464,8.6473,313.0,22741.0,2265.8125
971,8.5266,7.8719,2.6933,8.4996,317.0,22789.0,2265.8125
972,8.5561,7.4149,2.3792,8.0512,346.0,38785.0,2265.8125
973,8.2227,8.13,3.3857,8.4856,321.0,22793.0,2265.8125
974,8.2153,7.667,2.2089,9.1388,321.0,22793.0,2265.8125
975,9.2598,7.9954,2.4259,8.4519,351.0,42055.0,2265.8125
976,8.4046,7.543,2.258,8.3663,315.0,22743.0,2265.8125
977,8.2979,7.9933,2.4534,8.513,320.0,22803.0,2265.8125
978,8.5478,7.3861,2.3931,8.2541,321.0,22815.0,2265.8125
979,8.3681,8.2078,2.6995,7.8468,315.0,22765.0,2265.8125
980,7.7336,7.4291,2.0788,9.0698,330.0,32193.0,2265.8125
981,9.0484,8.0547,2.4871,6.4668,319.0,22813.0,2265.8125
982,6.6194,7.5147,1.9084,10.3521,318.0,22801.0,2265.8125
983,10.3213,8.2404,2.0642,7.1961,354.0,30657.0,2265.8125
984,7.0823,7.4028,2.0759,8.6665,346.0,26929.0,2265.8125
985,8.7481,8.4526,2.1909,8.3704,324.0,23529.0,2265.8125
986,8.2992,7.4362,1.9898,8.6725,354.0,24961.0,2265.8125
987,8.6591,7.8115,1.5616,8.3039,352.0,24937.0,2265.8125
988,8.2436,7.5098,1.4909,7.476,355.0,24973.0,2265.8125
989,7.5227,8.1151,1.5958,8.2747,342.0,27477.0,2265.8125
990,8.3009,7.4156,1.8484,8.436,356.0,24941.0,2265.8125
991,8.4062,7.4267,1.9209,10.0481,357.0,24953.0,2265.8125
992,10.2639,7.4267,2.3047,8.5732,354.0,24939.0,2265.8125
993,8.4405,7.9929,2.3774,8.3149,354.0,24939.0,2265.8125
994,8.3157,7.4337,2.0332,8.2906,354.0,26795.0,2265.8125
995,8.2635,8.0637,2.0561,8.9428,343.0,24541.0,2265.8125
996,8.9836,7.5316,2.2714,8.435,349.0,24901.0,2265.8125
997,8.4073,7.9068,2.0346,7.2868,355.0,25901.0,2265.8125
998,7.266,7.5908,1.9145,9.5954,351.0,31717.0,2265.8125
999,9.6573,8.0359,2.3741,7.7378,352.0,31697.0,2265.8125
1000,7.6735,7.4207,2.1839,8.2149,351.0,32365.0,2265.8125
1001,8.3196,7.5117,2.2234,10.4823,353.0,35991.0,2265.8125
1002,10.553,7.5117,3.077,8.539,352.0,33573.0,2265.8125
1003,8.4604,7.5709,2.584,9.4488,390.0,33113.0,2393.8125
1004,9.3855,7.4533,2.3622,13.2176,423.0,31567.0,2393.8125
1005,13.2246,8.7072,2.7149,9.5439,358.0,19309.0,2393.8125
1006,9.5523,9.0328,2.9342,8.374,354.0,19055.0,2393.8125
1007,8.3285,7.8363,2.3669,8.8123,352.0,18875.0,2393.8125
1008,8.8671,8.3341,2.5929,8.5166,351.0,18885.0,2393.8125
1009,8.5725,7.842,2.6466,9.3285,348.0,18225.0,2393.8125
1010,9.231,8.2945,2.5634,7.9261,350.0,18249.0,2393.8125
1011,7.9648,7.992,2.2187,9.0807,346.0,18223.0,2393.8125
1012,9.012,8.1506,2.2148,10.2417,347.0,18235.0,2393.8125
1013,10.442,8.2425,2.8169,9.0498,354.0,18655.0,2393.8125
1014,9.1175,7.7763,3.6761,9.2862,381.0,23819.0,2393.8125
1015,9.0937,7.7758,2.5184,10.1451,381.0,25795.0,2393.8125
1016,10.1421,7.7758,2.251,8.758,379.0,23789.0,2393.8125
1017,8.7609,8.2237,2.3477,8.8817,381.0,27227.0,2393.8125
1018,8.8612,7.7594,2.4001,9.1359,380.0,27873.0,2393.8125
1019,9.223,7.7557,3.2634,8.7368,382.0,21331.0,2393.8125
1020,8.8479,7.7203,2.8518,9.689,378.0,20447.0,2393.8125
1021,9.4749,8.2089,2.1551,8.4485,385.0,20263.0,2393.8125
1022,8.6223,8.1999,2.4459,8.5087,380.0,25305.0,2393.8125
1023,8.4,7.837,2.5282,8.7945,381.0,28017.0,2393.8125
1024,8.7849,8.2896,2.3151,8.3482,386.0,36834.0,2393.8125
1025,8.3615,7.7994,2.3388,8.8684,382.0,26706.0,2393.8125
1026,8.8093,8.506,2.19,9.4679,379.0,20933.0,2393.8125
1027,9.5828,7.8993,2.4145,8.9148,377.0,20467.0,2393.8125
1028,8.8163,8.1603,2.6449,8.4676,379.0,20185.0,2393.8125
1029,8.5212,7.8534,2.5429,8.6149,378.0,23207.0,2393.8125
1030,8.5935,8.221,2.5656,7.3101,376.0,40031.0,2393.8125
1031,7.2543,7.7228,1.9954,10.8656,378.0,55615.0,2393.8125
1032,10.9126,8.4751,2.2221,9.5333,376.0,51111.0,2393.8125
1033,9.6834,7.7314,2.6012,8.8632,379.0,20287.0,2393.8125
1034,8.6808,8.1878,2.393,9.3753,387.0,37413.0,2393.8125
1035,9.4613,8.1922,2.6636,10.3642,384.0,39347.0,2393.8125
1036,10.4496,8.1922,2.8626,9.2952,381.0,30365.0,2393.8125
1037,9.1236,8.4111,2.4396,8.5129,360.0,19447.0,2393.8125
1038,8.5292,8.2722,2.2543,11.3865,381.0,19923.0,2393.8125
1039,11.46,8.2722,2.3868,8.5851,380.0,20839.0,2393.8125
1040,8.5619,8.265,2.4084,11.188,379.0,20849.0,2393.8125
1041,11.1657,7.8814,2.885,11.5339,378.0,19909.0,2393.8125
1042,11.5372,7.8814,2.5408,8.6049,374.0,19777.0,2393.8125
1043,8.5809,7.7031,2.3568,10.6401,378.0,20777.0,2393.8125
1044,10.669,9.895,3.0152,9.2373,376.0,25899.0,2393.8125
1045,9.2015,9.3012,2.8873,10.1079,347.0,19737.0,2393.8125
1046,10.3196,8.3779,2.9551,11.7865,375.0,23791.0,2393.8125
1047,11.6946,9.8453,3.2522,8.9485,378.0,25819.0,2393.8125
1048,8.8961,8.2418,2.6509,10.4978,377.0,26949.0,2393.8125
1049,10.6131,8.0935,3.0963,11.727,377.0,28427.0,2393.8125
1050,11.6192,8.0935,3.0048,8.1215,378.0,22535.0,2393.8125
1051,8.0414,7.7977,3.0681,9.2991,377.0,24867.0,2393.8125
1052,9.3733,8.2593,2.3387,8.1981,378.0,23723.0,2393.8125
1053,8.1804,7.8041,2.9985,8.695,381.0,31935.0,2393.8125
1054,8.6138,8.1432,1.917,7.4127,383.0,30957.0,2393.8125
1055,7.3745,7.7533,1.7583,9.2836,366.0,20643.0,2393.8125
1056,9.3739,8.4278,1.9522,8.3278,343.0,17761.0,2393.8125
1057,8.2704,7.7296,1.9616,7.6387,343.0,17761.0,2393.8125
1058,7.6098,8.1471,1.6906,9.6462,378.0,19909.0,2393.8125
1059,9.671,7.6811,1.6747,9.0797,346.0,18011.0,2393.8125
1060,9.1631,8.1064,2.3071,7.8643,340.0,17747.0,2393.8125
1061,7.8021,7.6904,2.7673,8.7175,344.0,17795.0,2393.8125
1062,8.7506,8.602,2.1685,7.7493,376.0,22227.0,2393.8125
1063,7.7012,7.6169,1.851,8.4345,376.0,23155.0,2393.8125
1064,8.4463,8.14,1.3993,7.7745,378.0,19931.0,2393.8125
1065,7.8246,7.648,1.4484,9.1813,376.0,19811.0,2393.8125
1066,9.1711,8.1671,1.5092,7.5304,343.0,17783.0,2393.8125
1067,7.5714,7.6271,1.6381,8.6905,341.0,17759.0,2393.8125
1068,8.5753,8.3288,1.5696,8.7064,351.0,18359.0,2393.8125
1069,8.6883,7.5939,1.5943,8.4577,348.0,17799.0,2393.8125
1070,8.5585,8.1834,1.9529,9.1685,346.0,17775.0,2393.8125
1071,9.1604,7.7934,2.1667,8.6664,386.0,28535.0,2393.8125
1072,8.7308,8.4176,2.228,9.0847,387.0,29995.0,2393.8125
1073,8.9768,7.7002,1.8841,7.2145,381.0,22729.0,2393.8125
1074,7.3665,8.0988,2.1122,8.9553,379.0,22463.0,2393.8125
1075,8.8051,7.5981,1.8127,8.1847,378.0,23467.0,2393.8125
1076,8.228,8.2422,1.6926,8.5986,356.0,20135.0,2393.8125
1077,8.5622,7.6756,1.8433,8.1772,372.0,20561.0,2393.8125
1078,8.2385,8.2558,1.7102,9.1102,374.0,20203.0,2393.8125
1079,9.042,7.8771,1.603,8.3143,344.0,18035.0,2393.8125
1080,8.4745,7.8382,1.9822,7.4955,339.0,17735.0,2393.8125
1081,7.3582,7.7114,1.7207,9.2548,340.0,17747.0,2393.8125
1082,9.2968,8.0428,1.6616,8.4909,370.0,33707.0,2393.8125
1083,8.5288,7.9059,1.9757,8.5398,345.0,17807.0,2393.8125
1084,8.477,8.1014,1.8988,7.9882,343.0,17783.0,2393.8125
1085,7.9515,7.5711,1.7614,9.5118,373.0,37001.0,2393.8125
1086,9.5727,8.0558,2.7626,7.0419,346.0,17775.0,2393.8125
1087,6.9342,7.7231,1.5651,8.5343,343.0,17739.0,2393.8125
1088,8.6419,8.1552,1.7549,9.234,345.0,17785.0,2393.8125
1089,9.4481,7.8835,3.2391,9.1654,343.0,17761.0,2393.8125
1090,8.9408,7.6533,3.0141,7.3684,356.0,25629.0,2393.8125
1091,7.3126,7.6032,2.0329,8.7057,340.0,17747.0,2393.8125
1092,8.7734,7.7036,3.3083,8.2648,346.0,35419.0,2393.8125
1093,8.3644,7.727,2.2338,9.0828,377.0,24595.0,2393.8125
1094,8.9516,7.8043,1.8942,6.9569,364.0,20879.0,2393.8125
1095,6.9517,8.3395,1.9461,9.8207,375.0,19895.0,2393.8125
1096,9.8289,7.6987,1.9261,7.1579,375.0,19895.0,2393.8125
1097,7.2317,8.4496,1.97,10.3045,377.0,19919.0,2393.8125
1098,10.2586,7.7403,1.8451,6.8095,352.0,21699.0,2393.8125
1099,6.8253,8.3983,1.9129,9.2864,375.0,19895.0,2393.8125
1100,9.2542,7.7461,1.6832,9.6566,378.0,19931.0,2393.8125
1101,9.6741,8.2707,1.9477,7.4607,382.0,19935.0,2393.8125
1102,7.4048,7.7006,1.7132,8.5804,383.0,19947.0,2393.8125
1103,8.5767,8.1095,1.6426,8.3347,380.0,21719.0,2393.8125
1104,8.4072,7.7227,1.2062,9.0797,377.0,19705.0,2393.8125
1105,9.1034,8.3418,1.6298,7.9646,380.0,20397.0,2393.8125
1106,7.9859,7.6778,1.6384,8.9191,378.0,22393.0,2393.8125
1107,8.8403,8.3859,1.6659,8.0658,375.0,27779.0,2393.8125
1108,8.0715,7.6681,1.5154,9.5031,379.0,29361.0,2393.8125
1109,9.4916,8.436,1.8184,7.9991,377.0,29583.0,2393.8125
1110,7.932,7.7297,2.3407,8.6821,381.0,27415.0,2393.8125
1111,8.7861,8.3327,1.8383,8.5882,377.0,26475.0,2393.8125
1112,8.5315,7.7241,1.7651,8.7206,377.0,25952.0,2393.8125
1113,8.7982,8.1817,1.972,8.9855,376.0,20851.0,2393.8125
1114,8.98,7.737,1.8935,7.6624,382.0,40632.0,2393.8125
1115,7.616,8.3944,1.915,9.1573,379.0,24843.0,2393.8125
1116,9.149,7.6729,1.6565,7.7799,356.0,20957.0,2393.8125
1117,7.7758,8.3933,1.7342,9.2409,348.0,17799.0,2393.8125
1118,9.192,7.6816,1.4148,7.5777,345.0,17763.0,2393.8125
1119,7.7226,8.1355,1.6695,9.0435,347.0,17787.0,2393.8125
1120,8.963,7.7168,1.8428,8.0705,343.0,17761.0,2393.8125
1121,8.1296,8.3951,1.7069,8.4803,342.0,17749.0,2393.8125
1122,8.5642,7.7426,2.0233,9.0061,344.0,17773.0,2393.8125
1123,9.032,8.3599,1.8702,8.4855,343.0,17783.0,2393.8125
1124,8.3003,7.7119,1.8526,9.1263,343.0,17783.0,2393.8125
1125,9.1943,8.1555,1.9752,7.5881,341.0,17759.0,2393.8125
1126,7.5479,7.6768,1.7552,9.0621,341.0,17759.0,2393.8125
1127,9.186,8.3398,1.9124,8.07,347.0,19415.0,2393.8125
1128,7.9642,7.6756,1.7857,9.3719,344.0,17795.0,2393.8125
1129,9.3757,8.1001,1.7811,7.2878,340.0,17747.0,2393.8125
1130,7.2414,7.7294,1.5022,9.3653,341.0,17759.0,2393.8125
1131,9.4193,8.1897,1.7625,8.6089,342.0,17771.0,2393.8125
1132,8.6344,7.6532,2.0948,7.9465,340.0,17747.0,2393.8125
1133,7.8757,7.9403,1.9208,7.9436,347.0,17787.0,2393.8125
1134,7.9662,7.9091,1.4998,9.7572,344.0,17751.0,2393.8125
1135,9.8295,8.1771,1.9614,7.278,346.0,17775.0,2393.8125
1136,7.2573,7.7624,1.8875,8.728,344.0,17773.0,2393.8125
1137,8.6922,8.0934,1.9301,8.7318,344.0,17773.0,2393.8125
1138,8.7102,7.8217,1.918,8.4365,343.0,17761.0,2393.8125
1139,8.4224,7.6342,1.8182,8.2461,340.0,17747.0,2393.8125
1140,8.2897,7.8341,1.8735,8.1408,339.0,17735.0,2393.8125
1141,8.0774,7.6752,1.7792,9.2196,340.0,17747.0,2393.8125
1142,9.2795,8.2931,1.662,8.2344,341.0,17759.0,2393.8125
1143,8.3059,7.647,1.7721,8.026,343.0,17783.0,2393.8125
1144,7.8802,8.3826,1.6943,8.8056,341.0,17759.0,2393.8125
1145,8.8467,7.6641,1.7967,8.3151,341.0,17759.0,2393.8125
1146,8.4235,8.1143,2.0023,8.6884,341.0,17759.0,2393.8125
1147,8.6528,7.7212,1.5898,7.8516,342.0,17771.0,2393.8125
1148,7.8201,8.301,1.7776,8.7169,351.0,18359.0,2393.8125
1149,8.7063,7.6323,1.7191,9.1016,379.0,23491.0,2393.8125
1150,9.155,7.9362,1.7836,8.8083,384.0,25579.0,2393.8125
1151,8.776,7.7717,1.4014,8.4173,381.0,23561.0,2393.8125
1152,8.453,8.2029,1.7235,9.2046,379.0,26973.0,2393.8125
1153,9.1349,7.7577,1.7805,7.6806,378.0,27703.0,2393.8125
1154,7.6706,8.3819,1.7838,8.6585,380.0,21161.0,2393.8125
1155,8.6519,7.658,1.6886,7.9666,377.0,20383.0,2393.8125
1156,8.034,8.3387,1.4426,9.0451,378.0,20171.0,2393.8125
1157,9.0333,7.6919,1.1867,7.8741,379.0,25253.0,2393.8125
1158,7.8128,8.1537,1.1677,9.2881,375.0,27905.0,2393.8125
1159,9.3426,7.7651,1.6878,7.8973,383.0,36736.0,2393.8125
1160,7.8714,8.3996,1.8395,8.7953,378.0,26596.0,2393.8125
1161,8.7578,7.7651,1.6073,8.4034,376.0,20835.0,2393.8125
1162,8.5019,8.3818,1.4859,9.5858,376.0,20371.0,2393.8125
1163,9.4726,7.6905,1.5396,7.9705,378.0,20089.0,2393.8125
1164,7.9976,8.1433,1.3741,8.3051,376.0,23099.0,2393.8125
1165,8.3923,7.6359,1.7086,9.5147,381.0,39963.0,2393.8125
1166,9.5741,8.3607,2.296,8.0727,381.0,55523.0,2393.8125
1167,8.038,7.7131,2.0769,8.7429,381.0,51043.0,2393.8125
1168,8.7516,8.4606,1.9669,7.6647,378.0,20169.0,2393.8125
1169,7.563,7.7316,1.7227,9.3723,387.0,37307.0,2393.8125
1170,9.4065,8.2177,1.7059,7.5884,385.0,39337.0,2393.8125
1171,7.5999,7.7622,1.7823,8.7405,381.0,30365.0,2393.8125
1172,8.7989,8.3344,1.5435,8.1697,358.0,19515.0,2393.8125
1173,8.1045,7.7512,1.7163,8.83,376.0,20371.0,2393.8125
1174,8.802,8.3674,1.5252,8.4336,379.0,20407.0,2393.8125
1175,8.4013,7.6811,1.6656,8.8046,377.0,20847.0,2393.8125
1176,8.8764,8.3832,2.16,8.7583,377.0,19871.0,2393.8125
1177,8.7648,7.685,1.81,8.6118,376.0,20597.0,2393.8125
1178,8.6063,8.3073,1.6187,8.1777,377.0,21281.0,2393.8125
1179,8.1761,7.6631,1.7153,8.5592,378.0,26239.0,2393.8125
1180,8.5478,8.4052,1.9022,8.1359,364.0,21361.0,2393.8125
1181,8.1335,7.9386,1.8839,9.0822,373.0,22649.0,2393.8125
1182,9.1731,8.1015,1.8748,8.536,381.0,25811.0,2393.8125
1183,8.4528,8.3768,1.9011,8.8869,383.0,27197.0,2393.8125
1184,8.9032,7.7717,1.9327,7.9078,380.0,27213.0,2393.8125
1185,7.8928,8.1735,1.9048,9.0428,378.0,22881.0,2393.8125
1186,9.0282,7.6831,1.8996,7.5285,375.0,23749.0,2393.8125
1187,7.5966,8.1601,1.9044,8.949,376.0,24067.0,2393.8125
1188,8.9868,7.7435,2.1479,9.7755,378.0,32601.0,2393.8125
1189,9.6956,8.155,2.1105,8.3645,375.0,30221.0,2393.8125
1190,8.3468,7.6649,1.8551,7.601,361.0,20045.0,2393.8125
1191,7.643,8.1459,1.8572,8.8179,341.0,17759.0,2393.8125
1192,8.7736,7.6062,1.5898,7.2753,340.0,17747.0,2393.8125
1193,7.2831,8.3326,1.6893,9.9866,377.0,19919.0,2393.8125
1194,10.0247,7.723,1.7057,7.5565,344.0,17987.0,2393.8125
1195,7.5387,8.3962,1.9041,9.0627,341.0,17759.0,2393.8125
1196,9.0313,7.6099,1.7489,7.8525,340.0,17747.0,2393.8125
1197,7.8566,8.0638,1.712,8.8203,381.0,22243.0,2393.8125
1198,8.8437,7.6613,1.5398,8.9401,381.0,23171.0,2393.8125
1199,9.0117,8.3422,1.5866,7.8826,381.0,19923.0,2393.8125
1200,7.8044,7.7392,1.6436,9.0168,375.0,19777.0,2393.8125
1201,9.1323,8.3543,1.9913,7.8284,341.0,17737.0,2393.8125
1202,7.7191,7.6409,1.6543,8.763,343.0,17761.0,2393.8125
1203,8.7742,8.0697,1.7485,8.5771,352.0,18371.0,2393.8125
1204,8.6353,7.6184,1.6243,8.1483,341.0,17759.0,2393.8125
1205,8.093,8.3787,1.6681,9.242,340.0,17747.0,2393.8125
1206,9.2265,7.6739,1.6926,8.0855,384.0,28555.0,2393.8125
1207,8.1133,8.3983,1.6222,8.7522,387.0,30017.0,2393.8125
1208,8.7237,7.6663,1.7722,8.715,377.0,22703.0,2393.8125
1209,8.8293,8.3975,1.692,8.0585,379.0,22485.0,2393.8125
1210,7.9601,7.6573,1.5505,8.467,378.0,23467.0,2393.8125
1211,8.4531,8.3853,1.8049,8.3448,358.0,20207.0,2393.8125
1212,8.3619,7.6645,1.658,9.1649,376.0,20705.0,2393.8125
1213,9.1879,8.145,1.9878,7.8078,373.0,20003.0,2393.8125
1214,7.7681,7.6375,1.742,8.5806,352.0,18087.0,2393.8125
1215,8.7017,9.2493,1.9484,9.7875,344.0,17751.0,2393.8125
1216,9.7261,7.6437,1.8214,7.9908,344.0,17773.0,2393.8125
1217,7.9637,8.3288,1.8946,8.8939,373.0,33721.0,2393.8125
1218,8.8654,7.6372,1.3869,7.3882,341.0,17737.0,2393.8125
1219,7.3347,8.1368,1.2469,8.853,343.0,17783.0,2393.8125
1220,8.9828,7.6133,1.5228,8.7818,371.0,37021.0,2393.8125
1221,8.7133,8.2893,1.6102,8.3908,343.0,17783.0,2393.8125
1222,8.3491,7.6526,1.4935,9.1225,341.0,17759.0,2393.8125
1223,9.0827,7.8597,1.6773,7.5564,342.0,17771.0,2393.8125
1224,7.5666,7.6232,1.8517,9.5612,342.0,17771.0,2393.8125
1225,9.6675,8.1714,1.8061,7.6578,357.0,25663.0,2393.8125
1226,7.5576,7.8172,1.5087,8.7149,339.0,17735.0,2393.8125
1227,8.8334,8.1098,1.819,7.7804,342.0,17771.0,2393.8125
1228,7.7208,7.8115,1.535,9.8633,378.0,24607.0,2393.8125
1229,9.8758,8.1079,1.6432,7.8041,368.0,20883.0,2393.8125
1230,7.827,7.694,1.3588,8.3814,382.0,19935.0,2393.8125
1231,8.3207,8.1347,1.6071,8.1305,379.0,19899.0,2393.8125
1232,8.203,8.3187,1.7378,8.9493,379.0,19921.0,2393.8125
1233,8.8946,7.7089,1.8191,7.4224,351.0,21665.0,2393.8125
1234,7.4608,7.821,1.6882,9.688,378.0,19909.0,2393.8125
1235,9.6698,7.685,1.7245,7.782,375.0,19895.0,2393.8125
1236,7.7906,7.6295,2.4816,8.6702,375.0,19895.0,2393.8125
1237,8.7315,7.7031,2.0093,8.599,377.0,19919.0,2393.8125
1238,8.5608,8.3581,1.8025,8.4738,378.0,21739.0,2393.8125
1239,8.4623,7.6519,1.8817,8.4112,381.0,19967.0,2393.8125
1240,8.4281,8.2941,1.3931,8.328,376.0,20371.0,2393.8125
1241,8.2421,7.7291,1.4853,9.2167,379.0,22891.0,2393.8125
1242,9.211,8.2993,1.4475,7.9747,375.0,28227.0,2393.8125
1243,8.0072,7.6453,1.2901,9.1988,377.0,29187.0,2393.8125
1244,9.1592,8.3439,1.128,7.7774,377.0,30449.0,2393.8125
1245,7.8655,7.6946,1.1661,9.2204,381.0,25695.0,2393.8125
1246,9.2058,8.1174,1.545,7.3728,379.0,26359.0,2393.8125
1247,7.3504,7.7498,1.4098,9.0874,382.0,25968.0,2393.8125
1248,9.0901,8.3231,1.1759,8.2004,378.0,20853.0,2393.8125
1249,8.2934,7.7342,1.1157,9.5265,381.0,22998.0,2393.8125
1250,9.4375,8.3398,1.331,8.3923,377.0,24797.0,2393.8125
1251,8.3665,7.6409,1.1849,8.1441,353.0,20873.0,2393.8125
1252,8.2305,8.1699,1.5613,8.2709,341.0,17759.0,2393.8125
1253,8.2285,7.7931,1.6574,8.6582,341.0,17759.0,2393.8125
1254,8.6706,8.2882,1.6537,9.1331,341.0,17759.0,2393.8125
1255,9.1176,7.7202,1.563,7.2474,341.0,17759.0,2393.8125
1256,7.3131,8.2981,1.6106,8.5086,342.0,17771.0,2393.8125
1257,8.412,7.7358,1.7074,8.0936,342.0,17771.0,2393.8125
1258,8.0604,8.2498,1.4724,9.0196,343.0,17783.0,2393.8125
1259,9.0036,7.6423,1.6101,8.2312,341.0,17759.0,2393.8125
1260,8.3178,8.2271,1.9536,8.5367,344.0,17795.0,2393.8125
1261,8.6209,7.6691,1.6954,8.5292,343.0,17739.0,2393.8125
1262,8.4003,8.3353,1.5291,8.6188,348.0,19383.0,2393.8125
1263,8.7517,7.6776,1.8462,9.1021,346.0,17775.0,2393.8125
1264,8.9982,8.1507,1.6198,8.9234,344.0,17773.0,2393.8125
1265,9.072,7.7187,2.3789,7.597,344.0,17773.0,2393.8125
1266,7.4969,8.3268,1.8483,8.2347,346.0,17797.0,2393.8125
1267,8.1958,7.7015,1.4545,8.5657,340.0,17747.0,2393.8125
1268,8.6018,8.2574,1.6137,8.8412,341.0,17759.0,2393.8125
1269,8.7946,7.6062,1.4098,8.0916,340.0,17747.0,2393.8125
1270,8.0836,8.5111,1.5535,8.6922,344.0,17795.0,2393.8125
1271,8.6892,7.6172,1.621,8.3996,341.0,17759.0,2393.8125
1272,8.4301,8.0304,1.6763,8.7301,343.0,17783.0,2393.8125
1273,8.7705,7.6041,1.7486,8.5349,342.0,17771.0,2393.8125
1274,8.5246,8.0773,1.6856,8.3463,344.0,17795.0,2393.8125
1275,8.3137,7.6232,1.5558,7.8649,340.0,17747.0,2393.8125
1276,7.9359,8.265,1.6341,9.1862,340.0,17747.0,2393.8125
1277,9.1079,7.5756,1.6527,8.0203,346.0,17775.0,2393.8125
1278,8.2641,8.2899,1.9588,8.4349,347.0,17787.0,2393.8125
1279,8.1956,7.7267,1.703,8.1843,347.0,17787.0,2393.8125
1280,8.2082,8.1636,1.6814,8.2652,344.0,17773.0,2393.8125
1281,8.2699,7.7041,1.73,8.8466,343.0,17761.0,2393.8125
1282,8.8071,8.3309,1.501,8.2391,343.0,17761.0,2393.8125
1283,8.2538,7.6613,1.3666,9.6737,355.0,18407.0,2393.8125
1284,9.7029,7.7101,1.5757,8.1279,376.0,23499.0,2393.8125
1285,8.0911,7.6948,1.7217,9.3909,378.0,25551.0,2393.8125
1286,9.3773,8.0961,1.8584,7.0266,377.0,23557.0,2393.8125
1287,7.0459,7.8859,1.7337,8.828,376.0,26959.0,2393.8125
1288,8.8878,8.1116,1.4192,7.8202,378.0,27725.0,2393.8125
1289,7.8147,7.8532,1.5715,9.7946,377.0,21147.0,2393.8125
1290,9.8047,7.6543,1.6587,7.4928,378.0,20395.0,2393.8125
1291,7.4865,8.1241,1.4721,8.5383,377.0,20159.0,2393.8125
1292,8.4889,7.7382,1.2778,8.5984,379.0,25253.0,2393.8125
1293,8.6557,8.2681,1.6297,9.022,381.0,27933.0,2393.8125
1294,8.9707,7.6972,1.3507,8.0084,385.0,36716.0,2393.8125
1295,8.0978,7.9472,1.9019,9.4127,382.0,26600.0,2393.8125
1296,9.3504,7.6439,1.7281,7.2257,377.0,20825.0,2393.8125
1297,7.2408,8.0965,1.3787,8.9138,379.0,20385.0,2393.8125
1298,8.9827,7.8766,1.7224,8.9613,381.0,20103.0,2393.8125
1299,8.9531,8.3248,1.7589,8.1088,378.0,23123.0,2393.8125
1300,8.0438,7.6923,1.7279,8.6255,377.0,39959.0,2393.8125
1301,8.6131,8.0965,1.4521,8.2604,376.0,55507.0,2393.8125
1302,8.2212,7.6529,1.2978,8.5317,378.0,51051.0,2393.8125
1303,8.6537,8.3819,1.6488,8.2276,378.0,20191.0,2393.8125
1304,8.2451,7.614,1.659,8.9642,382.0,37269.0,2393.8125
1305,8.9138,7.9249,1.6228,8.0688,384.0,39347.0,2393.8125
1306,8.045,7.7244,1.5016,8.9575,384.0,30401.0,2393.8125
1307,8.8859,8.045,1.5929,7.6145,359.0,20039.0,2393.8125
1308,7.6995,7.6896,1.7028,8.9548,376.0,19907.0,2393.8125
1309,8.9989,8.3048,1.8035,8.5962,381.0,20387.0,2393.8125
1310,8.6293,7.6886,1.6745,8.8065,381.0,20851.0,2393.8125
1311,8.6774,8.2637,1.4314,8.4326,382.0,20091.0,2393.8125
1312,8.4481,7.7151,1.5663,8.1975,381.0,20847.0,2393.8125
1313,8.1625,8.1117,1.5895,8.7459,378.0,21271.0,2393.8125
1314,8.7771,7.6689,1.4696,8.273,378.0,26005.0,2393.8125
1315,8.2475,8.2676,1.4636,8.9577,360.0,21477.0,2393.8125
1316,8.9867,7.6676,1.4088,8.1827,377.0,24229.0,2393.8125
1317,8.3086,8.3602,1.9421,8.6159,376.0,26015.0,2393.8125
1318,8.4718,7.7086,2.2276,8.1477,376.0,25833.0,2393.8125
1319,8.2551,8.0967,1.8309,8.3804,377.0,26831.0,2393.8125
1320,8.3212,7.6809,1.6854,8.3931,376.0,24283.0,2393.8125
1321,8.3383,8.3333,1.7077,8.7153,372.0,23811.0,2393.8125
1322,8.7453,7.6749,1.4439,8.2532,376.0,23275.0,2393.8125
1323,8.331,8.3753,1.8166,9.7074,378.0,34051.0,2393.8125
1324,9.6918,7.7426,1.8179,8.5627,363.0,27507.0,2393.8125
1325,8.6091,8.1609,2.1918,7.4397,365.0,20049.0,2393.8125
1326,7.3647,7.7128,1.8312,9.119,345.0,17763.0,2393.8125
1327,9.1827,8.3391,1.6521,7.7028,344.0,17751.0,2393.8125
1328,7.719,7.6412,1.7648,9.0089,379.0,19921.0,2393.8125
1329,8.9385,8.3979,1.6659,7.9123,349.0,18025.0,2393.8125
1330,8.1802,7.6747,2.0007,8.8891,342.0,17749.0,2393.8125
1331,8.6392,8.0752,1.6743,8.2875,343.0,17783.0,2393.8125
1332,8.3615,7.5769,1.6496,8.5234,376.0,22227.0,2393.8125
1333,8.4333,8.7146,1.6373,8.3385,376.0,23155.0,2393.8125
1334,8.472,7.7042,1.7796,9.9992,379.0,19943.0,2393.8125
1335,9.8757,8.3285,1.5506,6.9025,375.0,19799.0,2393.8125
1336,6.8911,7.7224,1.439,9.4314,343.0,17783.0,2393.8125
1337,9.3737,8.2678,1.4005,7.8483,340.0,17747.0,2393.8125
1338,7.9306,7.8303,1.7343,8.6711,353.0,18383.0,2393.8125
1339,8.7409,7.9634,1.5735,8.0806,343.0,17783.0,2393.8125
1340,7.9264,7.6738,1.4679,8.7051,340.0,17747.0,2393.8125
1341,8.7953,8.1025,1.9561,8.7496,388.0,28559.0,2393.8125
1342,8.7399,7.8906,1.7616,8.5954,388.0,29985.0,2393.8125
1343,8.5693,8.0743,1.7741,7.7356,380.0,22695.0,2393.8125
1344,7.7841,7.762,1.5508,8.9653,384.0,22523.0,2393.8125
1345,8.9824,8.0509,1.9709,8.1218,379.0,23457.0,2393.8125
1346,8.0294,7.7221,1.5356,8.4262,361.0,20317.0,2393.8125
1347,8.4239,8.0648,1.4769,8.5183,375.0,20741.0,2393.8125
1348,8.5636,8.3088,1.7006,9.0455,369.0,19855.0,2393.8125
1349,9.0551,7.686,2.117,7.2676,345.0,18047.0,2393.8125
1350,7.2247,8.1232,1.4577,8.7118,340.0,17747.0,2393.8125
1351,8.7072,7.62,1.4732,8.07,340.0,17747.0,2393.8125
1352,8.159,8.0227,1.8037,8.7601,371.0,33719.0,2393.8125
1353,8.8047,7.6626,1.9884,8.8792,340.0,17747.0,2393.8125
1354,8.8824,8.2318,1.7813,8.0273,342.0,17771.0,2393.8125
1355,7.8896,7.5617,1.575,7.8983,369.0,36997.0,2393.8125
1356,7.9708,8.0448,1.7779,9.1217,339.0,17735.0,2393.8125
1357,9.1387,7.6591,1.9234,7.5267,344.0,17751.0,2393.8125
1358,7.4779,8.0831,1.6513,9.4223,346.0,17775.0,2393.8125
1359,9.4632,7.7209,1.7796,7.6061,346.0,17775.0,2393.8125
1360,7.5754,8.2887,1.6159,9.1301,354.0,25605.0,2393.8125
1361,9.1394,7.5675,1.7622,8.3738,345.0,17785.0,2393.8125
1362,8.4339,8.0243,1.8686,8.0047,344.0,17773.0,2393.8125
1363,7.9175,7.6027,1.6244,8.587,377.0,24595.0,2393.8125
1364,8.6773,8.0859,1.8961,8.2034,364.0,20879.0,2393.8125
1365,8.1217,7.7224,1.8148,7.9999,379.0,19943.0,2393.8125
1366,8.032,8.3124,1.7323,9.25,378.0,19931.0,2393.8125
1367,9.2344,7.6179,1.9883,8.437,377.0,19919.0,2393.8125
1368,8.5157,8.1469,1.9611,8.1121,349.0,21663.0,2393.8125
1369,8.0302,7.606,1.831,8.9331,378.0,19931.0,2393.8125
1370,8.9534,8.1247,1.6713,8.1154,377.0,19919.0,2393.8125
1371,8.1952,7.7296,1.7133,9.3046,377.0,19919.0,2393.8125
1372,9.2504,8.1244,1.6502,7.7418,379.0,19943.0,2393.8125
1373,7.6358,7.601,1.4882,8.4154,378.0,21695.0,2393.8125
1374,8.5062,8.1482,1.9755,8.3001,382.0,19935.0,2393.8125
1375,8.2794,7.6704,1.5918,8.73,381.0,20387.0,2393.8125
1376,8.8048,8.3477,2.3284,9.0432,383.0,22917.0,2393.8125
1377,9.0111,7.7872,1.9704,8.4485,379.0,28253.0,2393.8125
1378,8.4117,8.1309,2.004,8.6544,378.0,29177.0,2393.8125
1379,8.6243,7.6175,1.7063,8.1945,379.0,30473.0,2393.8125
1380,8.2641,8.1877,1.8762,8.4942,379.0,25763.0,2393.8125
1381,8.4247,7.6454,1.6392,8.4269,375.0,26889.0,2393.8125
1382,8.4342,8.3935,1.5242,8.186,377.0,25418.0,2393.8125
1383,8.2697,7.6779,1.5797,8.2324,379.0,21351.0,2393.8125
1384,8.1475,8.1545,1.7191,8.5847,377.0,22632.0,2393.8125
1385,8.5571,7.6083,1.4635,8.1018,378.0,25613.0,2393.8125
1386,8.0965,8.1397,1.6273,8.4168,353.0,19919.0,2393.8125
1387,8.536,7.6305,1.8446,8.3962,341.0,17759.0,2393.8125
1388,8.3977,8.4211,1.7887,9.231,340.0,17747.0,2393.8125
1389,9.1654,7.6654,1.6991,7.8191,344.0,17751.0,2393.8125
1390,7.8348,8.1837,1.8814,8.1117,343.0,17739.0,2393.8125
1391,8.1094,7.6513,1.6637,8.4749,343.0,17739.0,2393.8125
1392,8.482,8.1482,1.8674,8.721,342.0,17749.0,2393.8125
1393,8.745,7.6618,1.8114,8.7989,344.0,17773.0,2393.8125
1394,8.8278,8.4938,1.893,10.0116,347.0,17809.0,2393.8125
1395,10.068,7.6826,2.2878,7.7938,342.0,17771.0,2393.8125
1396,7.7216,7.955,2.1217,7.7288,342.0,17771.0,2393.8125
1397,7.7083,7.6622,2.0037,9.7793,344.0,19379.0,2393.8125
1398,9.7818,8.1388,2.1877,6.9963,339.0,17735.0,2393.8125
1399,6.9984,7.6676,2.03,8.6048,343.0,17783.0,2393.8125
1400,8.6047,8.3391,1.6347,7.9326,341.0,17759.0,2393.8125
1401,7.8942,7.6575,1.3364,9.7198,341.0,17759.0,2393.8125
1402,9.7867,8.3812,1.6805,8.1059,342.0,17771.0,2393.8125
1403,8.0547,7.6359,2.0663,8.1131,340.0,17747.0,2393.8125
1404,8.2377,8.3242,2.0452,8.0954,343.0,17783.0,2393.8125
1405,7.9619,7.5882,1.8596,8.5801,344.0,17751.0,2393.8125
1406,8.7754,8.3587,2.0244,8.3391,343.0,17739.0,2393.8125
1407,8.2635,7.6937,1.8753,8.3152,344.0,17751.0,2393.8125
1408,8.2404,8.1186,1.566,8.9112,343.0,17761.0,2393.8125
1409,8.9215,7.6491,1.6709,9.5933,344.0,17773.0,2393.8125
1410,9.6332,8.3102,2.3471,8.4186,342.0,17749.0,2393.8125
1411,8.3515,7.6877,1.9922,7.1688,342.0,17771.0,2393.8125
1412,7.1642,7.7458,1.9474,8.8479,343.0,17783.0,2393.8125
1413,8.853,7.6719,1.7146,8.4066,343.0,17783.0,2393.8125
1414,8.4306,7.9897,1.6358,8.2658,340.0,17747.0,2393.8125
1415,8.2169,7.6584,1.6384,8.7035,345.0,17807.0,2393.8125
1416,8.7517,8.3907,2.0008,8.3223,339.0,17735.0,2393.8125
1417,8.3025,7.624,1.7123,8.5024,340.0,17747.0,2393.8125
1418,8.5358,8.0963,1.8956,8.0421,351.0,18359.0,2393.8125
1419,7.9992,7.6876,1.981,9.3009,378.0,23523.0,2393.8125
1420,9.3241,8.1234,2.1005,7.4998,378.0,25551.0,2393.8125
1421,7.4819,7.8619,1.5862,9.2206,383.0,23555.0,2393.8125
1422,9.2291,7.6853,1.5737,8.2362,376.0,27291.0,2393.8125
1423,8.348,7.6679,1.9645,8.8746,377.0,28045.0,2393.8125
1424,8.858,8.1085,2.048,8.0976,374.0,21465.0,2393.8125
1425,7.9755,7.6881,2.4674,8.4024,377.0,20737.0,2393.8125
1426,8.4645,7.6472,1.8205,8.0325,377.0,20513.0,2393.8125
1427,8.0252,7.8073,2.0929,9.2183,373.0,25557.0,2393.8125
1428,9.1934,7.6205,1.8188,7.2877,376.0,28293.0,2393.8125
1429,7.4265,8.089,2.1184,9.4494,382.0,37100.0,2393.8125
1430,9.3909,7.7849,1.6104,8.2142,374.0,26924.0,2393.8125
1431,8.1381,8.0806,1.3372,8.3747,372.0,21163.0,2393.8125
1432,8.4134,7.7055,1.4887,7.6067,373.0,20711.0,2393.8125
1433,7.5863,8.2424,1.9944,9.175,375.0,20429.0,2393.8125
1434,9.2158,7.6821,1.5338,7.6897,375.0,23463.0,2393.8125
1435,7.6731,8.0564,1.4129,9.0427,374.0,40299.0,2393.8125
1436,9.0461,7.6488,1.4828,7.6669,374.0,55859.0,2393.8125
1437,7.6808,8.2241,1.1596,10.328,376.0,51359.0,2393.8125
1438,10.3881,7.7238,1.8519,9.166,380.0,20547.0,2393.8125
1439,9.2278,8.3771,2.5143,8.2759,385.0,37637.0,2393.8125
1440,8.1034,8.281,2.2073,10.9305,382.0,39677.0,2393.8125
1441,10.9549,8.281,2.363,7.2828,380.0,30707.0,2393.8125
1442,7.3267,7.6863,1.7654,8.6103,356.0,20357.0,2393.8125
1443,8.5757,8.4806,2.0105,7.9619,373.0,20247.0,2393.8125
1444,7.9688,7.6171,1.9808,8.7183,375.0,20735.0,2393.8125
1445,8.6812,8.1226,1.6846,8.2721,373.0,21175.0,2393.8125
1446,8.4718,7.6715,1.9365,8.5962,373.0,20403.0,2393.8125
1447,8.5018,8.2408,1.9062,8.6837,374.0,21161.0,2393.8125
1448,8.5795,7.6667,1.7326,7.6806,375.0,21633.0,2393.8125
1449,7.6911,8.3099,1.8591,8.839,371.0,26319.0,2393.8125
1450,8.8277,7.6476,1.6817,8.5107,357.0,21865.0,2393.8125
1451,8.4901,8.8915,1.7934,9.4883,371.0,24901.0,2393.8125
1452,9.4903,7.6032,1.5644,7.8661,372.0,25975.0,2393.8125
1453,7.8941,7.9979,1.6716,8.7174,379.0,26201.0,2393.8125
1454,8.6824,7.6676,1.4984,7.5496,378.0,27175.0,2393.8125
1455,7.6234,8.3613,1.3724,9.1619,376.0,24615.0,2393.8125
1456,9.1355,7.6457,1.7676,9.0203,372.0,24997.0,2393.8125
1457,9.0534,8.1585,1.5611,7.6866,375.0,24943.0,2393.8125
1458,7.6777,7.662,1.8855,9.4792,375.0,32307.0,2393.8125
1459,9.4672,8.2149,2.0243,7.2998,358.0,27727.0,2393.8125
1460,7.2576,7.7031,1.8738,9.2288,355.0,20301.0,2393.8125
1461,9.2674,7.6892,1.6495,7.3211,339.0,18111.0,2393.8125
1462,7.3241,7.6386,1.4335,9.0016,337.0,18087.0,2393.8125
1463,9.0622,8.1318,1.9534,8.1365,372.0,20235.0,2393.8125
1464,7.9837,7.615,1.5052,9.7689,342.0,18339.0,2393.8125
1465,9.8761,8.1362,2.1991,7.0442,337.0,18087.0,2393.8125
1466,7.0105,7.8677,2.1223,8.4698,337.0,18087.0,2393.8125
1467,8.5638,8.0411,1.6995,8.2635,374.0,22579.0,2393.8125
1468,8.1593,7.604,1.4504,9.2667,374.0,23507.0,2393.8125
1469,9.3247,7.9007,1.9369,8.1346,376.0,20239.0,2393.8125
1470,8.1859,7.8933,1.7751,9.0983,374.0,20119.0,2393.8125
1471,9.0441,7.7027,2.225,7.1178,341.0,18091.0,2393.8125
1472,7.1109,7.9228,1.9475,9.3146,338.0,18077.0,2393.8125
1473,9.2594,7.5722,1.7452,8.8876,347.0,18665.0,2393.8125
1474,8.978,7.667,2.0973,7.5879,340.0,18101.0,2393.8125
1475,7.5291,7.6702,2.0217,8.334,336.0,18075.0,2393.8125
1476,8.3764,7.8226,1.8321,8.7505,379.0,28871.0,2393.8125
1477,8.775,7.6945,1.6368,8.598,381.0,30321.0,2393.8125
1478,8.5687,8.1131,1.6622,8.6956,374.0,23043.0,2393.8125
1479,8.6648,7.6616,1.6413,8.2086,372.0,22777.0,2393.8125
1480,8.264,7.6291,1.9223,7.7774,374.0,23795.0,2393.8125
1481,7.7163,7.6795,1.6841,9.3349,358.0,21301.0,2393.8125
1482,9.5029,8.3361,1.9797,8.1894,371.0,20543.0,2393.8125
1483,8.0211,7.6887,1.978,8.5765,362.0,20051.0,2393.8125
1484,8.6292,8.158,1.8133,8.2099,343.0,18399.0,2393.8125
1485,8.2035,7.7042,1.6419,8.264,340.0,18079.0,2393.8125
1486,8.2471,8.0851,1.9086,8.8996,344.0,18127.0,2393.8125
1487,8.8915,7.7373,1.9054,8.4642,369.0,34027.0,2393.8125
1488,8.4637,8.4073,1.8718,7.9133,339.0,18089.0,2393.8125
1489,7.8373,7.6624,1.5707,8.6197,339.0,18089.0,2393.8125
1490,8.7998,8.073,1.9556,9.1032,369.0,37351.0,2393.8125
1491,8.9848,7.6141,1.6916,7.1687,340.0,18123.0,2393.8125
1492,7.1578,8.0686,1.5456,9.1417,335.0,18063.0,2393.8125
1493,9.1148,7.6886,1.2702,8.1692,339.0,18111.0,2393.8125
1494,8.2616,8.1358,1.6329,8.9173,339.0,18111.0,2393.8125
1495,8.8707,7.6524,1.7215,7.983,349.0,25943.0,2393.8125
1496,7.9677,8.157,1.856,8.6378,337.0,18087.0,2393.8125
1497,8.6508,7.6335,1.7726,7.6401,337.0,18087.0,2393.8125
1498,7.6612,8.0694,1.8249,8.9583,373.0,24923.0,2393.8125
1499,8.9421,7.6191,1.8747,8.7251,362.0,21231.0,2393.8125
1500,8.7231,8.3362,1.5245,8.9791,374.0,20259.0,2393.8125
1501,8.9059,7.6996,1.4249,8.6046,377.0,20251.0,2393.8125
1502,8.7062,7.7033,1.6754,8.3797,377.0,20251.0,2393.8125
1503,8.3942,7.7116,1.6346,7.903,350.0,22007.0,2393.8125
1504,7.8265,8.2923,1.7574,8.3268,374.0,20237.0,2393.8125
1505,8.4105,7.6927,1.8805,9.3079,374.0,20237.0,2393.8125
1506,9.3874,8.4001,1.9413,8.3656,375.0,20249.0,2393.8125
1507,8.3377,7.6408,1.8137,8.3152,373.0,20247.0,2393.8125
1508,8.2417,8.0775,1.7342,8.1022,371.0,22031.0,2393.8125
1509,8.0609,7.6747,2.2561,8.6829,374.0,20259.0,2393.8125
1510,8.6939,8.305,1.8384,8.2785,372.0,20699.0,2393.8125
1511,8.4254,7.695,1.8532,9.6764,371.0,23171.0,2393.8125
1512,9.6266,8.152,1.8761,8.2054,371.0,28555.0,2393.8125
1513,8.1849,7.7044,2.7814,7.7224,374.0,29527.0,2393.8125
1514,7.6683,8.0911,2.0557,9.1859,373.0,30777.0,2393.8125
1515,9.2358,7.685,1.5077,7.7723,373.0,26067.0,2393.8125
1516,7.7201,8.442,1.5907,8.9108,372.0,27229.0,2393.8125
1517,8.8755,7.7053,1.3485,8.0014,378.0,25762.0,2393.8125
1518,8.0094,8.2888,1.4048,8.3081,377.0,21659.0,2393.8125
1519,8.2799,7.7739,1.432,9.1744,376.0,22952.0,2393.8125
1520,9.1919,8.187,1.6099,7.8769,378.0,25967.0,2393.8125
1521,7.9435,7.7494,1.6546,8.7642,354.0,20285.0,2393.8125
1522,8.7848,8.327,1.7396,8.2371,338.0,18077.0,2393.8125
1523,8.1978,7.693,1.5104,8.7136,337.0,18087.0,2393.8125
1524,8.7335,8.1345,1.6443,7.7117,336.0,18075.0,2393.8125
1525,7.6816,7.6591,1.8135,9.4449,338.0,18099.0,2393.8125
1526,9.3947,8.0951,1.4615,7.4392,337.0,18087.0,2393.8125
1527,7.5381,7.6513,1.8843,8.9807,339.0,18111.0,2393.8125
1528,9.0088,8.3233,1.8539,8.5771,336.0,18075.0,2393.8125
1529,8.4962,7.6006,1.6713,7.7757,336.0,18075.0,2393.8125
1530,7.7308,8.1842,1.5381,8.1004,338.0,18099.0,2393.8125
1531,8.1995,7.6363,1.8215,8.9877,340.0,18123.0,2393.8125
1532,9.0486,8.2614,1.6262,8.3317,342.0,19731.0,2393.8125
1533,8.2585,7.613,1.7761,8.6651,341.0,18091.0,2393.8125
1534,8.6983,8.5141,1.9571,8.6622,342.0,18103.0,2393.8125
1535,8.665,7.6825,1.7942,8.5222,343.0,18115.0,2393.8125
1536,8.5654,8.1154,2.0028,8.6231,340.0,18101.0,2393.8125
1537,8.5419,7.6814,1.9322,8.2722,338.0,18077.0,2393.8125
1538,8.2223,7.9592,2.3385,8.3263,340.0,18101.0,2393.8125
1539,8.4639,7.6326,1.7217,8.1012,338.0,18099.0,2393.8125
1540,7.99,7.6036,1.7828,8.3796,338.0,18099.0,2393.8125
1541,8.3841,7.6289,1.6017,8.4084,337.0,18087.0,2393.8125
1542,8.5119,8.1204,1.7199,8.1606,337.0,18087.0,2393.8125
1543,8.0859,7.887,1.6331,8.9303,335.0,18063.0,2393.8125
1544,8.8612,8.0952,1.6512,7.8572,337.0,18087.0,2393.8125
1545,7.8756,7.6231,1.6944,8.5625,335.0,18063.0,2393.8125
1546,8.6475,8.026,1.8223,8.0833,335.0,18063.0,2393.8125
1547,8.037,7.6165,1.5566,8.9234,336.0,18075.0,2393.8125
1548,8.9765,8.065,1.875,7.7818,336.0,18075.0,2393.8125
1549,7.7038,7.8458,1.5768,9.2926,345.0,18139.0,2393.8125
1550,9.338,7.6738,1.5806,8.4003,344.0,18127.0,2393.8125
1551,8.3546,8.0799,1.6984,8.4518,340.0,18079.0,2393.8125
1552,8.4873,7.6359,1.8622,7.5912,340.0,18101.0,2393.8125
1553,7.6361,8.0471,1.6736,9.0934,347.0,18665.0,2393.8125
1554,9.0123,7.6748,1.5341,7.8132,377.0,23865.0,2393.8125
1555,7.7856,8.3924,1.21,8.865,373.0,25867.0,2393.8125
1556,9.041,7.6409,1.7096,8.1216,373.0,23885.0,2393.8125
1557,8.0956,8.0366,1.9404,8.9314,372.0,27287.0,2393.8125
1558,8.8714,7.638,1.704,7.907,374.0,28053.0,2393.8125
1559,7.9456,8.2052,1.7746,9.2093,374.0,21487.0,2393.8125
1560,9.2054,7.7829,1.861,9.0291,373.0,20711.0,2393.8125
1561,8.9825,8.0812,1.9681,7.5714,371.0,20463.0,2393.8125
1562,7.5663,7.6272,1.5641,8.6385,372.0,25545.0,2393.8125
1563,8.6508,8.0893,1.4465,8.4705,372.0,28245.0,2393.8125
1564,8.3921,7.5985,1.5336,8.7998,381.0,37088.0,2393.8125
1565,8.9205,8.418,1.5987,8.0336,377.0,26916.0,2393.8125
1566,7.9953,7.6846,1.8776,8.9857,378.0,21191.0,2393.8125
1567,9.0007,8.4136,1.7932,7.8913,378.0,20727.0,2393.8125
1568,7.8674,7.6464,1.6427,8.8397,377.0,20431.0,2393.8125
1569,8.9035,8.3256,1.8269,8.8,375.0,23441.0,2393.8125
1570,8.8174,7.6688,1.8498,8.301,378.0,40325.0,2393.8125
1571,8.1894,8.3859,2.3918,8.2802,373.0,55847.0,2393.8125
1572,8.2913,7.71,1.6912,8.894,372.0,51355.0,2393.8125
1573,8.9617,8.137,1.4809,8.3828,371.0,20483.0,2393.8125
1574,8.2602,7.6698,1.1754,8.4883,382.0,37645.0,2393.8125
1575,8.7595,8.1075,1.8695,8.899,380.0,39675.0,2393.8125
1576,8.7107,7.7371,1.9981,8.032,381.0,30741.0,2393.8125
1577,8.0451,8.3813,1.8028,8.3875,358.0,20547.0,2393.8125
1578,8.3828,7.7005,1.4041,8.5515,373.0,20247.0,2393.8125
1579,8.5757,8.0129,1.6396,8.404,372.0,20699.0,2393.8125
1580,8.3837,7.6488,2.4335,7.6552,375.0,21199.0,2393.8125
1581,7.6267,8.076,1.4499,9.866,377.0,20359.0,2393.8125
1582,9.9607,7.713,1.7478,8.3278,377.0,21521.0,2393.8125
1583,8.3161,8.4561,1.7723,8.0839,380.0,21437.0,2393.8125
1584,8.1113,7.6795,1.5621,8.8918,375.0,26141.0,2393.8125
1585,8.8137,8.0992,1.4767,7.832,364.0,22807.0,2393.8125
1586,7.871,7.6542,1.4321,8.9514,375.0,24559.0,2393.8125
1587,8.8644,8.1175,1.6744,7.9058,373.0,25619.0,2393.8125
1588,7.9106,7.6144,1.6343,8.8705,373.0,26637.0,2393.8125
1589,8.8896,8.4034,1.7784,8.0943,375.0,27087.0,2393.8125
1590,8.0815,7.6813,1.7448,8.4403,375.0,26515.0,2393.8125
1591,8.4171,8.1046,1.4417,8.1292,370.0,23341.0,2393.8125
1592,8.1901,7.6982,1.4939,9.3407,373.0,24995.0,2393.8125
1593,9.2844,8.1184,1.8434,8.1535,375.0,33269.0,2393.8125
1594,8.2209,7.701,2.5567,8.28,357.0,25995.0,2393.8125
1595,8.3374,8.363,1.9087,8.4112,353.0,20229.0,2393.8125
1596,8.4074,7.6824,1.9455,8.6052,337.0,18087.0,2393.8125
1597,8.5692,8.1275,1.8368,8.0307,342.0,18103.0,2393.8125
1598,8.0382,7.6584,1.9832,8.8398,377.0,20251.0,2393.8125
1599,8.861,8.0615,1.9166,8.5312,346.0,18343.0,2393.8125
1600,8.5031,7.6973,1.8212,8.5347,339.0,18089.0,2393.8125
1601,8.5806,8.164,1.7858,8.3737,339.0,18089.0,2393.8125
1602,8.3062,7.6671,1.7077,8.4876,376.0,22581.0,2393.8125
1603,8.5252,8.0876,1.8482,8.1482,374.0,23507.0,2393.8125
1604,8.0646,7.6664,1.7243,8.2186,373.0,20247.0,2393.8125
1605,8.2315,8.2919,1.5032,8.7661,370.0,20115.0,2393.8125
1606,8.7549,7.6469,1.188,7.7645,335.0,18063.0,2393.8125
1607,7.7584,8.1452,1.2043,8.2665,336.0,18075.0,2393.8125
1608,8.2374,7.6784,1.4777,8.3391,348.0,18699.0,2393.8125
1609,8.3669,8.0849,1.8634,8.5197,338.0,18099.0,2393.8125
1610,8.5094,7.6396,1.6276,8.2412,337.0,18087.0,2393.8125
1611,8.2521,8.2304,1.6952,9.6049,379.0,28871.0,2393.8125
1612,9.6555,7.6299,1.8214,9.1359,381.0,30321.0,2393.8125
1613,9.1617,7.7782,2.6064,7.3702,378.0,23047.0,2393.8125
1614,7.3491,7.6884,1.6605,8.6333,377.0,22793.0,2393.8125
1615,8.7265,8.1131,1.803,7.7301,376.0,23775.0,2393.8125
1616,7.6884,7.947,1.7541,9.5979,362.0,21327.0,2393.8125
1617,9.5514,8.145,1.8208,7.7868,375.0,20617.0,2393.8125
1618,7.852,7.7059,1.8447,9.4397,362.0,19981.0,2393.8125
1619,9.3573,8.1466,1.8924,7.513,342.0,18387.0,2393.8125
1620,7.544,7.7047,1.9583,8.3332,337.0,18087.0,2393.8125
1621,8.3592,8.1202,2.0763,8.1076,337.0,18087.0,2393.8125
1622,8.0925,8.2797,1.6219,9.3069,368.0,34059.0,2393.8125
1623,9.3028,7.6552,1.9895,8.0347,339.0,18111.0,2393.8125
1624,8.3017,7.6843,2.2002,8.4822,335.0,18063.0,2393.8125
1625,8.2246,8.3104,2.1159,8.3507,366.0,37337.0,2393.8125
1626,8.391,8.2656,1.7969,8.495,336.0,18075.0,2393.8125
1627,8.507,7.6501,2.0575,7.8376,336.0,18075.0,2393.8125
1628,7.749,8.2866,1.4977,9.0646,336.0,18075.0,2393.8125
1629,9.1136,7.6201,1.7418,7.995,342.0,18103.0,2393.8125
1630,7.9176,8.1246,1.5387,9.0631,353.0,25947.0,2393.8125
1631,9.1599,7.6772,1.7773,8.1433,341.0,18091.0,2393.8125
1632,8.1305,8.3877,1.908,8.813,339.0,18089.0,2393.8125
1633,8.9168,7.6282,1.7877,8.8,375.0,24925.0,2393.8125
1634,8.8267,8.1237,1.9017,9.1922,360.0,21185.0,2393.8125
1635,9.0351,7.6585,1.8424,7.5645,374.0,20259.0,2393.8125
1636,7.5189,8.1202,1.7124,8.8059,372.0,20235.0,2393.8125
1637,8.8659,7.7258,1.8401,8.3901,374.0,20259.0,2393.8125
1638,8.4804,8.3401,1.952,8.222,345.0,21991.0,2393.8125
1639,8.1884,7.6212,1.8011,8.6194,372.0,20235.0,2393.8125
1640,8.5675,8.0327,1.7993,8.3128,375.0,20271.0,2393.8125
1641,8.3007,7.6294,2.1249,7.923,374.0,20259.0,2393.8125
1642,7.9539,8.1057,1.7914,8.6599,373.0,20247.0,2393.8125
1643,8.644,7.665,1.8902,8.7996,372.0,22091.0,2393.8125
1644,8.8108,8.3183,1.9077,8.1734,373.0,20247.0,2393.8125
1645,8.1806,7.6441,1.8618,9.3794,379.0,20739.0,2393.8125
1646,9.4272,8.1124,1.8796,7.7843,379.0,23867.0,2393.8125
1647,7.8004,7.6576,1.8552,8.1957,376.0,27927.0,2393.8125
1648,8.2137,8.1559,1.7828,8.593,375.0,29673.0,2393.8125
1649,8.5709,7.6641,1.6588,8.6931,377.0,31127.0,2393.8125
1650,8.6172,8.2833,1.6414,8.3188,376.0,26507.0,2393.8125
1651,8.3212,7.5846,1.8397,9.0746,370.0,27211.0,2393.8125
1652,9.1267,8.33,2.3527,7.9458,374.0,24846.0,2393.8125
1653,7.9767,7.6362,1.8823,8.5377,372.0,21767.0,2393.8125
1654,8.4993,8.1292,1.8213,7.6347,374.0,22848.0,2393.8125
1655,7.65,7.7297,1.6217,9.8297,377.0,25977.0,2393.8125
1656,9.8197,8.3259,1.7581,7.2007,349.0,20199.0,2393.8125
1657,7.1861,7.6902,1.9522,9.3155,337.0,18087.0,2393.8125
1658,9.2752,7.5603,1.7951,11.0702,933.0,157457.0,2396.1875
1659,11.1334,7.5603,2.2842,8.5612,326.0,13401.0,2396.1875
1660,8.4745,7.2331,1.9748,10.7203,516.0,41953.0,2396.1875
1661,10.8229,7.2331,2.046,6.2723,316.0,10707.0,2396.1875
1662,6.1912,6.6502,1.6737,8.271,409.0,17967.0,2396.1875
1663,8.2823,6.968,1.7324,8.8351,793.0,85869.0,2393.8125
1664,8.8828,6.968,1.9842,7.7736,448.0,28721.0,2393.8125
1665,8.194,7.0614,2.8789,7.209,352.0,31805.0,2393.8125
1666,6.7338,6.9223,2.3304,7.1337,339.0,13825.0,2393.8125
1667,7.2321,6.3216,2.2014,7.6854,623.0,67781.0,2393.8125
1668,7.6812,6.6727,2.3027,10.3986,310.0,10643.0,2393.8125
1669,10.5059,6.7008,2.5869,8.8259,353.0,15103.0,2393.8125
1670,8.7288,6.3958,2.859,8.4302,303.0,9943.0,2393.8125
1671,8.3311,6.3958,2.2902,7.1108,330.0,15311.0,2393.8125
1672,7.131,6.8998,2.4361,7.3147,650.0,76477.0,2393.8125
1673,7.2829,6.3073,2.041,6.9102,332.0,19105.0,2393.8125
1674,6.9388,7.4984,2.0273,8.4372,333.0,14515.0,2393.8125
1675,8.5803,6.679,2.6239,7.3913,648.0,70845.0,2393.8125
1676,7.3072,6.6052,2.0069,7.4155,332.0,11779.0,2393.8125
1677,7.3689,6.6101,1.7666,6.4707,340.0,15929.0,2393.8125
1678,6.471,6.3579,1.7878,7.5964,341.0,18083.0,2393.8125
1679,7.5883,6.769,2.0609,6.9547,335.0,12507.0,2393.8125
1680,6.9406,6.3012,1.6502,7.4671,652.0,67895.0,2393.8125
1681,7.4561,6.8807,1.5725,7.2614,337.0,21837.0,2393.8125
1682,7.3373,6.5696,1.9389,6.867,334.0,33225.0,2393.8125
1683,6.8365,6.6373,1.8333,7.0594,332.0,47495.0,2393.8125
1684,7.0577,6.2521,1.9005,6.7219,649.0,92493.0,2393.8125
1685,6.7131,6.4973,1.9828,8.4466,335.0,22131.0,2393.8125
1686,8.4578,7.107,1.8664,6.2802,338.0,39963.0,2393.8125
1687,6.2403,6.1543,1.7415,7.7536,335.0,18763.0,2393.8125
1688,7.7732,6.8828,1.8341,6.4606,330.0,11563.0,2393.8125
1689,6.4277,6.2023,1.5781,6.9423,650.0,71591.0,2393.8125
1690,7.038,7.2991,1.8563,8.2134,333.0,12471.0,2393.8125
1691,8.2132,6.5606,1.6623,6.9646,332.0,17705.0,2393.8125
1692,6.9371,6.3681,1.6815,7.9009,646.0,72173.0,2393.8125
1693,7.8725,6.2057,1.7803,6.2906,335.0,19815.0,2393.8125
1694,6.2716,6.5952,1.7617,7.6454,337.0,23439.0,2393.8125
1695,7.6173,6.859,1.5287,6.4822,337.0,26671.0,2393.8125
1696,6.4745,6.2197,1.5239,7.2305,336.0,21077.0,2393.8125
1697,7.3475,6.7599,1.7438,6.971,652.0,68359.0,2393.8125
1698,6.8993,6.2502,1.8151,6.9793,335.0,16245.0,2393.8125
1699,7.1288,6.7506,1.8129,7.0809,328.0,19949.0,2393.8125
1700,6.9344,6.1945,1.4483,7.0381,296.0,9343.0,2393.8125
1701,7.0435,6.2551,1.4964,6.793,602.0,62585.0,2393.8125
1702,6.8221,6.6464,1.9522,6.7744,309.0,10399.0,2393.8125
1703,6.6942,6.4636,1.6735,7.7687,330.0,11755.0,2393.8125
1704,7.796,6.8505,1.6855,6.9685,333.0,11599.0,2393.8125
1705,7.0133,6.2799,1.8864,6.8072,333.0,19437.0,2393.8125
1706,6.8354,6.2382,2.6198,6.8927,635.0,74560.0,2393.8125
1707,6.851,6.6668,1.8613,7.093,332.0,17658.0,2393.8125
1708,7.0701,6.4201,1.7046,7.1888,335.0,19607.0,2393.8125
1709,7.1712,6.6685,1.4554,7.3514,656.0,75359.0,2393.8125
1710,7.4298,6.1867,1.871,6.8317,336.0,23279.0,2393.8125
1711,6.8322,7.1656,1.8345,7.1117,334.0,11759.0,2393.8125
1712,7.0801,6.1702,1.7684,6.768,336.0,26035.0,2393.8125
1713,6.8103,6.5368,1.4798,8.811,335.0,18715.0,2393.8125
1714,8.8446,6.5368,1.8793,6.9326,651.0,68357.0,2393.8125
1715,6.8907,6.1278,1.9936,6.5676,324.0,13251.0,2393.8125
1716,6.5044,6.9706,1.6547,7.2237,331.0,12631.0,2393.8125
1717,7.2484,6.2887,1.747,6.4721,331.0,9847.0,2393.8125
1718,6.4426,6.7688,1.7315,8.6813,651.0,66273.0,2393.8125
1719,8.7937,6.2542,2.0219,6.3898,335.0,10791.0,2393.8125
1720,6.2598,6.7177,1.7987,8.004,333.0,25631.0,2393.8125
1721,8.0333,6.6598,1.9935,7.2773,331.0,18225.0,2393.8125
1722,7.3378,6.1214,2.0235,6.454,333.0,12063.0,2393.8125
1723,6.4799,6.6582,1.6677,7.0175,628.0,69309.0,2393.8125
1724,7.019,6.2661,2.4343,6.4414,294.0,9595.0,2393.8125
1725,6.3545,7.2554,1.8164,7.7204,302.0,9455.0,2393.8125
1726,7.7016,6.0768,1.6144,7.0359,628.0,65921.0,2393.8125
1727,7.1022,6.2868,2.0771,7.2998,299.0,9611.0,2393.8125
1728,7.3142,6.6342,1.8668,6.7597,334.0,11781.0,2393.8125
1729,6.7023,6.2342,1.6783,7.4544,333.0,11919.0,2393.8125
1730,7.4984,6.6473,1.5711,6.3412,334.0,11939.0,2393.8125
1731,6.3295,6.248,1.395,7.4514,649.0,66945.0,2393.8125
1732,7.3992,6.8403,1.5924,6.8508,334.0,11803.0,2393.8125
1733,6.9158,6.5532,1.7529,7.1118,330.0,11763.0,2393.8125
1734,7.0789,6.2195,1.7331,6.9526,330.0,11563.0,2393.8125
1735,6.9873,6.8741,1.7731,7.391,648.0,67773.0,2393.8125
1736,7.4311,6.2979,2.1849,7.6848,332.0,12099.0,2393.8125
1737,7.6701,7.0723,1.8863,7.0684,331.0,17627.0,2393.8125
1738,7.038,6.258,1.8099,6.6706,333.0,10767.0,2393.8125
1739,6.6241,6.7888,1.6595,6.6517,330.0,12375.0,2393.8125
1740,6.6827,6.1836,1.3773,7.5188,650.0,68653.0,2393.8125
1741,7.6039,6.2793,1.7017,7.0827,338.0,12857.0,2393.8125
1742,7.0477,6.537,1.6054,7.6253,337.0,10339.0,2393.8125
1743,7.5857,6.2394,1.8652,7.649,655.0,69461.0,2393.9375
1744,7.6785,6.9228,2.0561,7.4644,335.0,15533.0,2393.9375
1745,7.4829,6.6601,1.8236,7.0281,328.0,15907.0,2393.9375
1746,7.0125,6.8105,1.9109,6.7419,337.0,14487.0,2393.9375
1747,6.706,6.2195,1.7312,6.7708,330.0,15165.0,2393.9375
1748,6.8186,6.2422,1.9571,7.1577,651.0,71042.0,2393.9375
1749,7.1127,6.8103,2.1053,7.5298,342.0,34243.0,2393.9375
1750,7.4835,6.6704,1.9043,7.0566,335.0,16500.0,2393.9375
1751,7.1309,6.8858,1.9072,7.3054,332.0,12051.0,2393.9375
1752,7.3185,6.1441,1.8973,7.0137,649.0,67417.0,2393.9375
1753,7.0059,6.9009,2.0312,7.4886,335.0,13363.0,2393.9375
1754,7.5853,6.5707,2.101,6.5194,333.0,12623.0,2393.9375
1755,6.3654,6.2265,1.8715,6.7822,331.0,13741.0,2393.9375
1756,6.7815,6.8937,1.8117,7.193,309.0,10565.0,2393.9375
1757,7.2585,6.2958,1.7289,7.8404,653.0,68349.0,2393.9375
1758,7.8522,6.8948,1.9653,6.7489,336.0,13709.0,2393.9375
1759,6.7015,6.5885,1.8321,7.6239,337.0,12601.0,2393.9375
1760,7.6195,6.6242,1.7102,6.7383,653.0,68441.0,2393.9375
1761,6.7183,6.3427,1.6312,6.8176,323.0,11633.0,2393.9375
1762,6.865,6.5068,1.7559,6.8791,321.0,10905.0,2393.9375
1763,6.8948,6.2198,1.7659,6.7201,333.0,12255.0,2393.9375
1764,6.6592,6.1226,1.6984,6.8584,328.0,19311.0,2393.9375
1765,6.8973,6.9561,1.5175,7.8343,600.0,63677.0,2393.9375
1766,7.8515,6.2163,1.6645,6.2612,300.0,9859.0,2393.9375
1767,6.2137,6.6055,1.634,7.8166,330.0,15311.0,2393.9375
1768,7.8661,6.5901,1.8159,6.8663,333.0,20647.0,2393.9375
1769,6.866,6.2597,2.1633,6.7506,651.0,74767.0,2394.1875
1770,6.7607,6.5987,2.161,7.0691,332.0,14695.0,2394.1875
1771,7.0247,6.6374,1.9993,7.6087,333.0,12495.0,2394.1875
1772,7.6885,6.7779,1.9307,7.7311,333.0,11599.0,2394.1875
1773,7.7134,6.4283,1.9524,6.1522,340.0,15737.0,2394.1875
1774,6.1019,6.3883,1.8145,7.5174,657.0,73245.0,2394.1875
1775,7.5316,6.7602,2.2373,6.5522,337.0,13187.0,2394.1875
1776,6.5079,6.5819,1.767,7.9259,336.0,11993.0,2394.1875
1777,8.001,6.6831,1.6102,6.7712,637.0,74731.0,2394.1875
1778,6.6939,6.1507,1.7156,7.3576,334.0,33417.0,2394.1875
1779,7.4124,7.1288,1.765,6.8034,331.0,47675.0,2394.1875
1780,6.8007,6.1369,1.5183,6.4506,332.0,28887.0,2394.1875
1781,6.4503,6.4976,1.5297,7.4143,334.0,27159.0,2394.1875
1782,7.4034,6.6725,1.9495,6.7305,659.0,95649.0,2394.1875
1783,6.7303,6.2651,1.8472,7.5124,334.0,18943.0,2394.1875
1784,7.5349,7.2125,2.0313,6.923,330.0,11563.0,2394.1875
1785,6.882,6.1952,1.6806,7.0132,333.0,13025.0,2394.1875
1786,7.0212,6.8277,1.5629,7.6136,650.0,70845.0,2394.1875
1787,7.5981,6.2142,1.5807,6.9153,332.0,17529.0,2394.1875
1788,6.9041,6.5459,1.4858,6.9048,333.0,17039.0,2394.1875
1789,6.9987,7.0011,2.0017,7.8148,335.0,19991.0,2394.1875
1790,8.2986,6.2116,2.3452,6.4893,334.0,23211.0,2394.1875
1791,5.9735,6.8744,1.8036,7.514,653.0,85033.0,2394.1875
1792,7.4732,6.2604,1.7212,6.6088,332.0,21221.0,2394.1875
1793,6.6772,7.1703,2.0533,7.1155,333.0,12505.0,2394.1875
1794,7.0692,6.2029,1.7218,7.0168,653.0,71895.0,2394.1875
1795,7.113,6.2905,2.432,7.1531,330.0,20297.0,2394.1875
1796,7.0704,6.9754,2.2703,6.913,297.0,9631.0,2394.1875
1797,6.9405,6.2536,1.8547,6.7461,295.0,9607.0,2394.1875
1798,6.7125,6.8236,1.6227,7.7178,309.0,10207.0,2394.1875
1799,8.1039,6.1716,3.2079,6.528,649.0,71689.0,2394.1875
1800,6.1391,6.4164,1.7193,7.1104,333.0,11791.0,2394.1875
1801,7.1954,6.9862,1.8073,6.9234,331.0,19497.0,2394.1875
1802,6.8375,6.1969,1.3855,6.8371,332.0,21438.0,2394.1875
1803,6.8115,6.6387,1.1517,7.0817,648.0,73284.0,2394.1875
1804,7.1689,6.2924,1.7519,7.1276,334.0,19787.0,2394.1875
1805,7.0647,7.1392,1.522,7.1668,343.0,19769.0,2394.1875
1806,7.2179,6.2179,1.5291,7.0996,334.0,23063.0,2394.1875
1807,7.0345,6.4469,1.8319,7.3886,336.0,11591.0,2394.1875
1808,7.4702,6.6611,1.8743,6.7927,654.0,81685.0,2394.1875
1809,6.7705,6.3041,2.3376,6.8053,336.0,18919.0,2394.1875
1810,6.8903,6.9228,1.891,7.031,335.0,12455.0,2394.1875
1811,7.0296,6.2277,1.951,7.7296,629.0,66205.0,2394.1875
1812,7.6603,6.8586,2.0658,7.498,332.0,12835.0,2394.1875
1813,7.4894,6.4953,2.0613,6.1813,334.0,10075.0,2394.1875
1814,6.1678,6.1767,2.2282,7.7513,331.0,10599.0,2394.1875
1815,7.7731,6.8388,2.1375,6.7259,330.0,10539.0,2394.1875
1816,6.751,6.1482,1.8056,7.102,650.0,81269.0,2394.1875
1817,7.0153,6.6547,1.59,7.1421,330.0,18405.0,2394.1875
1818,7.1685,6.4693,1.6342,6.977,332.0,12051.0,2394.1875
1819,6.9403,6.8537,1.6852,6.9843,311.0,10743.0,2394.1875
1820,7.0264,6.2402,1.3315,7.2333,608.0,67981.0,2394.1875
1821,7.2778,6.2894,1.7881,6.5987,301.0,9635.0,2394.1875
1822,6.4929,7.213,1.2519,7.2948,309.0,10259.0,2394.1875
1823,7.4014,6.1709,1.6247,7.8273,299.0,9419.0,2394.1875
1824,7.7752,6.8923,2.0459,6.1989,334.0,11589.0,2394.1875
1825,6.1831,6.1814,1.63,7.4705,650.0,70797.0,2394.1875
1826,7.4567,6.9055,1.8821,6.9869,332.0,12107.0,2394.1875
1827,6.9788,6.4874,1.6283,7.5484,333.0,11127.0,2394.1875
1828,8.1612,6.212,2.0084,7.0705,649.0,67417.0,2394.1875
1829,6.5214,6.734,1.9741,7.5495,332.0,11979.0,2394.1875
1830,7.5589,6.571,1.8893,6.7123,331.0,11767.0,2394.1875
1831,6.6569,7.0654,1.6158,7.3138,332.0,12147.0,2394.1875
1832,7.4636,6.1784,1.9548,7.3997,331.0,11895.0,2394.1875
1833,7.308,6.7802,1.8209,7.2352,649.0,73277.0,2394.1875
1834,7.1862,6.3168,1.6762,6.5259,331.0,10935.0,2394.1875
1835,6.5843,6.5305,1.6796,6.9974,334.0,12423.0,2394.1875
1836,6.9452,6.7,1.8114,6.8634,331.0,12715.0,2394.1875
1837,6.8697,6.1487,1.629,7.1932,643.0,65811.0,2394.1875
1838,7.2169,6.8804,1.8305,7.177,334.0,10495.0,2394.1875
1839,7.1248,6.5612,1.6902,6.6886,336.0,13799.0,2394.1875
1840,6.8345,6.4357,2.0934,7.8573,334.0,15329.0,2394.1875
1841,7.7986,6.6383,1.8647,6.3461,329.0,15775.0,2394.3125
1842,6.3041,6.2292,1.4749,7.6895,653.0,70113.0,2394.3125
1843,7.7307,6.7411,1.914,6.7247,333.0,15761.0,2394.3125
1844,6.6672,6.5601,1.9334,7.2367,334.0,14844.0,2394.3125
1845,7.2883,6.8181,1.708,7.8045,661.0,89905.0,2394.3125
1846,7.8105,6.2655,1.918,6.1761,334.0,16680.0,2394.3125
1847,6.255,7.0399,1.9216,7.9265,333.0,12255.0,2394.3125
1848,7.7885,6.1716,1.6295,6.7668,333.0,11791.0,2394.3125
1849,6.805,6.2115,1.5347,7.0077,331.0,13123.0,2394.3125
1850,7.0591,6.6762,2.1645,6.9609,649.0,68249.0,2394.3125
1851,6.8966,6.2755,1.659,6.8533,332.0,13945.0,2394.3125
1852,6.8972,7.1591,1.7375,7.3329,311.0,10685.0,2394.3125
1853,7.2736,6.2008,1.7237,6.9049,336.0,12519.0,2394.3125
1854,6.9593,6.2805,2.0411,7.7385,658.0,69407.0,2394.3125
1855,8.1505,6.7865,2.7476,6.6896,335.0,12769.0,2394.3125
1856,6.2613,6.5752,2.6425,7.8328,334.0,12779.0,2394.3125
1857,7.903,6.6303,1.9652,5.9387,321.0,11273.0,2394.3125
1858,5.8788,6.1862,1.7104,6.7847,317.0,10665.0,2394.3125
1859,6.7896,6.8325,1.7039,7.8437,650.0,67893.0,2394.3125
1860,7.7727,6.1994,1.2784,6.2802,324.0,19539.0,2394.3125
1861,6.3604,6.5316,1.3561,6.8825,298.0,9595.0,2394.3125
1862,6.9065,6.8946,1.5679,7.1826,618.0,65509.0,2394.3125
1863,7.0987,6.1196,1.6124,7.1882,330.0,15503.0,2394.3125
1864,7.2547,7.1346,1.6548,7.2612,332.0,20827.0,2394.3125
1865,7.2046,6.0955,1.8956,7.075,331.0,19093.0,2394.3125
1866,7.1457,6.3355,1.5649,7.1679,332.0,14419.0,2394.3125
1867,7.0938,6.1951,1.3587,6.8319,635.0,65413.0,2394.3125
1868,6.7919,6.2749,1.7311,6.7678,331.0,11767.0,2394.3125
1869,6.8898,6.9049,1.8519,7.4153,338.0,15713.0,2394.3125
1870,7.3587,6.2379,1.6803,6.7993,338.0,17391.0,2394.3125
1871,6.7685,6.7615,1.3988,7.6318,654.0,68825.0,2394.3125
1872,7.6975,6.2707,1.7316,5.9819,334.0,12245.0,2394.3125
1873,5.9512,6.7936,1.7177,7.8474,333.0,21789.0,2394.3125
1874,7.861,6.5852,1.6775,7.103,334.0,33225.0,2394.3125
1875,7.0665,6.154,1.3406,6.8734,331.0,47483.0,2394.3125
1876,6.8923,6.5407,1.3725,6.9316,651.0,84549.0,2394.3125
1877,6.896,6.3264,1.2245,7.2686,335.0,27363.0,2394.3125
1878,7.2769,7.2373,1.4596,7.0738,340.0,39711.0,2394.3125
1879,7.0898,6.169,1.6009,6.898,637.0,71873.0,2394.3125
1880,6.9617,6.2226,1.9916,7.3181,333.0,11791.0,2394.3125
1881,7.2619,6.704,1.7859,6.8971,333.0,13217.0,2394.3125
1882,6.8921,6.3015,1.4359,7.2059,332.0,12459.0,2394.3125
1883,7.2529,6.6393,1.5239,7.0401,331.0,17325.0,2394.3125
1884,7.0544,6.2125,1.5688,6.8671,650.0,72677.0,2394.3125
1885,6.9038,6.8104,2.1189,7.0104,335.0,20183.0,2394.3125
1886,6.9979,6.6974,1.6992,7.2567,335.0,23223.0,2394.3125
1887,7.3061,6.1858,2.5729,7.2227,337.0,26395.0,2394.3125
1888,7.0811,6.8471,2.2479,6.8034,637.0,74175.0,2394.3125
1889,6.8718,6.2747,2.1263,7.1209,334.0,12709.0,2394.3125
1890,7.077,6.994,1.5398,7.4357,338.0,16281.0,2394.3125
1891,7.4774,6.2335,1.6109,6.377,327.0,20069.0,2394.3125
1892,6.3987,6.7833,1.8343,7.4239,294.0,9403.0,2394.3125
1893,7.3998,6.128,1.7632,6.469,611.0,68017.0,2394.3125
1894,6.4297,6.1334,1.4152,7.2732,309.0,10399.0,2394.3125
1895,7.2695,7.1002,1.4427,7.2911,335.0,11623.0,2394.3125
1896,7.2739,6.2158,2.2602,7.3116,650.0,67429.0,2394.3125
1897,7.3172,6.4532,1.3728,7.326,331.0,19689.0,2394.3125
1898,7.2972,6.5957,1.4085,6.4027,332.0,21630.0,2394.3125
1899,6.5284,6.3738,1.9204,7.9057,333.0,17670.0,2394.3125
1900,7.8962,6.2584,1.7948,6.2055,335.0,19607.0,2394.3125
1901,6.1545,6.2055,1.6074,7.7563,659.0,75395.0,2394.3125
1902,7.7056,6.8893,1.7883,7.2062,334.0,23255.0,2394.3125
1903,7.2865,6.696,1.6963,8.492,336.0,11591.0,2394.3125
1904,8.4773,6.696,1.5918,5.7518,338.0,25867.0,2394.3125
1905,5.7487,6.1822,1.6716,6.6538,654.0,74569.0,2394.3125
1906,6.6594,6.4366,1.7283,7.0802,335.0,12731.0,2394.3125
1907,7.0353,6.9253,1.485,6.7289,326.0,13275.0,2394.3125
1908,6.7968,6.1986,1.5552,7.9806,331.0,12631.0,2394.3125
1909,7.9763,6.8565,1.6851,6.2363,332.0,9859.0,2394.3125
1910,6.2195,6.1705,1.7953,7.5743,648.0,66237.0,2394.3125
1911,7.5612,6.8962,1.5248,6.7594,331.0,10743.0,2394.3125
1912,6.7466,6.5462,1.2412,7.2448,331.0,25415.0,2394.3125
1913,7.2471,6.426,1.257,7.514,648.0,74055.0,2394.3125
1914,7.581,6.7682,2.0465,7.5709,330.0,12219.0,2394.3125
1915,7.9461,6.4442,2.3425,6.73,310.0,10923.0,2394.3125
1916,6.3163,6.6527,1.8496,6.0367,295.0,9607.0,2394.3125
1917,6.0244,6.1784,1.5812,6.854,301.0,9443.0,2394.3125
1918,7.0129,6.8514,1.8581,7.608,632.0,71153.0,2394.3125
1919,7.4848,6.2591,1.7921,7.1339,302.0,9647.0,2394.3125
1920,7.182,6.514,1.8352,7.1842,332.0,11565.0,2394.3125
1921,7.2086,6.6653,1.9374,7.3091,336.0,11763.0,2394.3125
1922,7.1832,6.2387,1.5394,6.7604,650.0,67757.0,2394.3125
1923,6.8143,6.6136,1.817,7.5841,330.0,11283.0,2394.3125
1924,7.5713,6.5581,1.9134,6.4981,332.0,11779.0,2394.3125
1925,6.5556,6.8227,1.6103,7.4626,332.0,11787.0,2394.3125
1926,7.4328,6.2384,1.7978,6.3061,332.0,11587.0,2394.3125
1927,6.2534,6.1601,1.5821,7.2391,650.0,67797.0,2394.3125
1928,7.2971,6.8719,1.467,6.9631,331.0,12087.0,2394.3125
1929,6.9433,6.571,2.0249,7.9488,333.0,17459.0,2394.5625
1930,7.9905,6.9803,1.9406,7.2223,649.0,66585.0,2394.5625
1931,7.1572,6.4061,1.8495,6.6952,333.0,12603.0,2394.5625
1932,6.7426,7.0816,1.7314,7.3828,331.0,12991.0,2394.5625
1933,7.4326,6.1226,1.6501,6.9182,335.0,12821.0,2394.5625
1934,6.8688,6.1944,1.7999,7.1544,334.0,10303.0,2394.5625
1935,7.1545,6.8932,2.4135,6.9517,654.0,69449.0,2394.5625
1936,6.8712,6.2891,2.0186,6.5694,334.0,15521.0,2394.5625
1937,6.6171,6.9255,1.5587,7.7186,332.0,16017.0,2394.5625
1938,7.7582,6.2135,1.7536,6.5941,332.0,14077.0,2394.5625
1939,6.5796,6.4054,1.5735,7.5057,649.0,71387.0,2394.5625
1940,7.4847,6.6849,2.2066,6.4532,335.0,15048.0,2394.5625
1941,6.4876,6.5862,1.7853,7.4793,345.0,34279.0,2394.5625
1942,7.4054,6.8415,1.468,7.1063,334.0,16488.0,2394.5625
1943,7.09,6.2409,1.6863,7.0324,333.0,12063.0,2394.5625
1944,7.0483,6.6255,1.3312,6.8387,649.0,67881.0,2394.5625
1945,6.9608,6.2413,1.6903,6.3086,334.0,12887.0,2394.5625
1946,6.2935,6.7725,1.8545,8.3227,332.0,12335.0,2394.5625
1947,8.2493,6.68,1.682,6.8534,635.0,66875.0,2394.5625
1948,6.9021,6.1641,1.9322,6.7855,311.0,10925.0,2394.5625
1949,6.7058,7.1469,1.6129,7.216,335.0,12699.0,2394.5625
1950,7.1971,6.2228,1.1439,7.1125,337.0,13721.0,2394.5625
1951,7.2439,6.9119,1.6233,6.8575,336.0,12589.0,2394.5625
1952,6.7822,6.1611,2.2548,7.4648,652.0,68429.0,2394.5625
1953,7.7573,6.2718,2.2566,6.6788,322.0,11381.0,2394.5625
1954,6.4112,7.1267,1.8652,7.3185,318.0,10677.0,2394.5625
1955,7.3008,6.2025,2.1202,6.8485,332.0,12051.0,2394.5625
1956,6.8724,6.5715,1.405,6.8907,643.0,77937.0,2394.5625
1957,6.8187,6.2876,1.5663,7.0338,298.0,9787.0,2394.5625
1958,7.2272,6.7183,1.7273,7.4712,301.0,9871.0,2394.5625
1959,7.3227,6.2099,1.4152,6.8817,333.0,15347.0,2394.5625
1960,6.8812,6.1106,1.5279,7.568,332.0,20635.0,2394.5625
1961,7.6327,6.2303,1.7674,8.1253,651.0,74767.0,2394.5625
1962,8.1082,6.2303,1.9957,7.0975,333.0,14707.0,2394.5625
1963,7.1117,6.9758,1.9049,7.8684,333.0,12303.0,2394.5625
1964,7.8747,6.0339,1.7939,7.2308,650.0,67429.0,2394.5625
1965,7.1934,6.8566,1.9246,7.3534,340.0,15929.0,2394.5625
1966,7.3938,6.612,1.8483,6.9409,338.0,17583.0,2394.5625
1967,6.9272,6.4368,1.5261,6.3927,336.0,13175.0,2394.5625
1968,6.3765,6.2198,1.4846,6.8128,335.0,12065.0,2394.5625
1969,6.7611,6.1855,1.35,7.0244,653.0,77463.0,2394.5625
1970,7.0144,6.6276,1.0949,7.2974,335.0,33429.0,2394.5625
1971,7.4051,6.6132,1.581,7.4079,332.0,47495.0,2394.5625
1972,7.2771,7.2129,1.627,7.7088,332.0,28695.0,2394.5625
1973,7.8186,6.1599,1.9329,6.5213,652.0,83001.0,2394.5625
1974,6.4953,6.4384,1.9093,7.6398,341.0,39999.0,2394.5625
1975,7.6647,7.029,2.1271,6.6577,336.0,18967.0,2394.5625
1976,6.6345,6.184,1.8146,7.0175,331.0,11575.0,2394.5625
1977,6.9646,6.6796,1.5314,7.0212,331.0,13001.0,2394.5625
1978,7.0913,6.197,2.2574,7.0315,650.0,68109.0,2394.5625
1979,6.9954,6.8407,1.5835,7.1963,332.0,17529.0,2394.5625
1980,7.2338,6.502,1.5527,6.8646,331.0,16823.0,2394.5625
1981,6.8032,6.2035,1.751,8.1298,654.0,75845.0,2394.5625
1982,8.18,6.827,1.9844,6.4152,337.0,23439.0,2394.5625
1983,6.3862,6.5104,1.3599,7.3936,335.0,26647.0,2394.5625
1984,7.4551,6.6265,1.3301,6.6107,335.0,21257.0,2394.5625
1985,6.5208,6.1561,1.3775,6.7895,333.0,12505.0,2394.5625
1986,6.9409,6.3646,1.3429,7.0199,655.0,71919.0,2394.5625
1987,6.9327,6.3044,1.7476,6.6349,329.0,20285.0,2394.5625
1988,6.591,6.4579,1.6884,7.415,296.0,9427.0,2394.5625
1989,7.4724,6.8988,1.7834,6.4353,294.0,9403.0,2394.5625
1990,6.3619,6.0845,1.6987,7.437,626.0,66037.0,2394.5625
1991,7.5125,6.8613,1.8571,7.4248,330.0,11755.0,2394.5625
1992,7.3651,6.5292,1.8833,6.5397,331.0,11767.0,2394.5625
1993,6.7326,6.404,2.0996,7.2818,331.0,19497.0,2394.5625
1994,7.1287,6.5865,2.3047,7.6922,333.0,21450.0,2394.5625
1995,7.6753,6.2461,2.2708,7.3223,542.0,42520.0,2394.5625
1996,7.2874,6.6497,2.5973,7.3254,333.0,19775.0,2394.5625
1997,7.3122,6.5503,1.743,6.7085,340.0,19541.0,2394.5625
1998,6.7185,6.878,1.6118,7.5906,653.0,78917.0,2394.5625
1999,7.6594,6.3826,2.3494,6.6639,336.0,11783.0,2394.5625
2000,6.6964,7.1332,1.8289,7.1909,337.0,26047.0,2394.5625
2001,7.1014,6.1679,1.5277,7.5413,336.0,18919.0,2394.5625
2002,8.1723,6.1781,2.8222,6.9068,333.0,12431.0,2394.5625
2003,6.2854,6.5215,1.7127,6.6222,630.0,66217.0,2394.5625
2004,6.6545,5.9671,1.7583,6.792,333.0,12847.0,2394.5625
2005,6.8041,6.9438,1.4736,7.2449,332.0,9775.0,2394.5625
2006,7.2616,5.9324,2.5352,6.3139,332.0,10335.0,2394.5625
2007,6.2749,5.8758,1.8201,6.644,635.0,66793.0,2394.5625
2008,6.6554,6.6434,1.735,6.4413,333.0,25631.0,2394.5625
2009,6.4271,6.2543,1.6176,6.9922,331.0,18417.0,2394.5625
2010,7.0832,6.3006,1.7974,6.643,331.0,12039.0,2394.5625
2011,6.5543,5.9005,1.7509,5.7999,312.0,10755.0,2394.5625
2012,5.8235,5.9363,1.6555,7.1587,615.0,65281.0,2394.5625
2013,7.3402,6.6474,1.8066,6.7594,301.0,9635.0,2394.5625
2014,6.5692,6.3048,1.6748,6.7611,309.0,10067.0,2394.5625
2015,6.6986,6.5344,2.4004,7.5358,617.0,65261.0,2394.5625
2016,7.5987,5.969,1.8506,7.165,333.0,11769.0,2394.5625
2017,7.1867,6.1924,1.9383,6.879,334.0,11931.0,2394.5625
2018,6.8271,6.1516,1.5464,6.8766,332.0,12107.0,2394.5625
2019,6.9134,5.9501,1.816,6.8828,331.0,11103.0,2394.5625
2020,6.9298,6.3916,2.0074,7.0237,649.0,67417.0,2394.5625
2021,6.9935,6.0426,1.9506,7.8554,332.0,11979.0,2394.5625
2022,7.8746,6.7047,2.1944,6.3826,331.0,11575.0,2394.5625
2023,6.3644,5.859,1.908,6.2597,332.0,11955.0,2394.5625
2024,6.2813,5.9528,1.6152,7.2581,648.0,67269.0,2394.5625
2025,7.2477,6.5597,2.3154,6.2246,330.0,17615.0,2394.5625
2026,6.1622,6.3352,1.7739,7.4384,333.0,10959.0,2394.5625
2027,7.5278,6.6068,2.1115,6.3131,330.0,12375.0,2394.5625
2028,6.2659,5.9578,1.8974,6.8041,332.0,12811.0,2394.5625
2029,6.8667,5.9311,2.0067,6.8934,655.0,68495.0,2394.5625
2030,6.8821,6.3711,2.3361,6.3465,336.0,10519.0,2394.5625
2031,6.3387,6.3829,1.9218,7.7792,336.0,13607.0,2394.5625
2032,7.7292,5.9897,1.8523,7.8696,652.0,71171.0,2394.5625
2033,7.8162,5.9897,1.8532,7.3943,333.0,17603.0,2394.5625
2034,7.5099,6.9683,2.1461,6.0342,336.0,13127.0,2394.5625
2035,5.9951,6.0043,1.8119,7.07,330.0,16093.0,2394.5625
2036,7.0931,5.9671,2.096,6.713,335.0,14488.0,2394.5625
2037,6.6903,6.4165,2.7943,6.7031,662.0,90679.0,2394.5625
2038,6.709,5.9565,1.9544,7.0001,332.0,16310.0,2394.5625
2039,7.056,6.9287,1.4965,6.9793,331.0,11575.0,2394.5625
2040,7.2565,5.8763,2.5327,6.4188,332.0,12051.0,2394.5625
2041,6.1981,5.9405,1.9814,7.9887,651.0,68525.0,2394.5625
2042,8.5716,6.0152,2.9697,6.792,332.0,12611.0,2394.5625
2043,6.1181,6.2457,1.832,6.4239,333.0,13957.0,2394.5625
2044,6.4326,6.415,1.9307,7.2863,308.0,10553.0,2394.5625
2045,7.2858,5.9898,2.0091,5.8875,336.0,12519.0,2394.5625
2046,5.867,6.1176,1.7768,8.19,656.0,69383.0,2394.5625
2047,8.224,6.507,1.8564,6.5769,337.0,12793.0,2394.5625
2048,6.5364,6.2656,2.1613,7.4263,333.0,12491.0,2394.5625
2049,7.4512,6.6951,1.9181,7.2392,619.0,65031.0,2394.5625
2050,7.199,5.9574,1.8931,7.3341,320.0,10893.0,2394.5625
2051,7.3961,6.6151,2.2159,7.4923,331.0,12231.0,2394.5625
2052,7.5071,5.9991,2.2676,5.7936,325.0,19551.0,2394.5625
2053,5.7908,6.1381,2.2068,7.1092,302.0,9643.0,2394.5625
2054,7.0938,6.4049,1.8983,7.2439,619.0,65521.0,2394.5625
2055,7.2472,5.9514,1.8952,6.8502,332.0,15527.0,2394.5625
2056,6.9347,6.9395,2.2411,7.3464,331.0,20539.0,2394.5625
2057,7.1996,6.0318,1.8721,7.1709,331.0,18817.0,2394.5625
2058,7.7633,6.3291,2.372,7.5618,636.0,67625.0,2394.5625
2059,7.1377,5.8884,2.0281,5.8514,332.0,12483.0,2394.5625
2060,5.8519,6.668,2.0426,8.6281,331.0,11767.0,2394.5625
2061,8.704,6.668,2.2815,7.1312,338.0,15713.0,2394.5625
2062,7.0444,6.6916,2.4012,8.404,340.0,17415.0,2394.5625
2063,8.2973,6.6916,2.4145,7.0707,653.0,68813.0,2394.5625
2064,7.0837,5.9991,2.0577,7.5133,334.0,12245.0,2394.5625
2065,7.4887,6.9524,1.9936,7.1487,332.0,21585.0,2394.5625
2066,7.1935,5.9524,2.2522,7.6883,653.0,89079.0,2394.5625
2067,7.707,6.5726,2.1804,7.5449,331.0,47675.0,2394.5625
2068,7.5492,5.9773,1.9027,8.1565,330.0,28863.0,2394.5625
2069,8.2096,5.9351,2.1901,8.6407,333.0,27339.0,2394.5625
2070,8.6262,5.9292,2.434,6.8867,338.0,39771.0,2394.5625
2071,6.8975,6.2403,2.3828,9.3553,652.0,74593.0,2394.5625
2072,9.2941,6.2403,2.4458,7.4997,332.0,11779.0,2394.5625
2073,7.555,6.3353,2.3051,8.4049,332.0,13013.0,2394.5625
2074,8.3285,6.3353,2.2817,6.9936,330.0,12243.0,2394.5625
2075,6.9727,5.9265,2.1325,7.6106,651.0,77955.0,2394.5625
2076,7.6391,6.4286,2.2044,6.8849,331.0,17015.0,2394.5625
2077,6.8681,6.5556,1.7983,8.9029,337.0,20207.0,2394.5625
2078,8.888,6.5556,1.8355,6.2835,336.0,23235.0,2394.5625
2079,6.2951,5.9787,1.7426,7.8068,335.0,26455.0,2394.5625
2080,7.8605,6.5573,1.8974,6.7159,653.0,81671.0,2394.5625
2081,6.7067,6.0172,1.9914,6.1003,335.0,12721.0,2394.5625
2082,6.4118,6.1761,2.7819,7.4385,335.0,16053.0,2394.5625
2083,7.1356,6.0267,2.1093,7.5939,647.0,75935.0,2394.5625
2084,7.6015,6.0267,2.1371,7.5667,295.0,9607.0,2394.5625
2085,7.5527,6.8879,2.3435,6.7854,295.0,9607.0,2394.5625
2086,6.7289,5.8777,2.1154,7.6832,310.0,10411.0,2394.5625
2087,7.8274,6.5254,2.2403,6.6788,331.0,11575.0,2394.5625
2088,6.5746,5.9358,1.9249,7.4216,539.0,36149.0,2394.5625
2089,7.4841,5.9358,2.1861,7.7134,333.0,19713.0,2394.5625
2090,7.6591,6.6471,2.1666,6.9452,331.0,21342.0,2394.5625
2091,7.1952,5.8563,2.7314,7.413,330.0,17358.0,2394.5625
2092,7.1734,6.5958,2.336,7.3235,638.0,72729.0,2394.5625
2093,7.3268,5.9554,1.9371,7.5392,340.0,19733.0,2394.5625
2094,7.5705,6.9521,2.1033,7.4079,338.0,23303.0,2394.5625
2095,7.3795,5.9571,1.7582,7.3065,336.0,11591.0,2394.5625
2096,7.2889,5.9507,1.9961,7.2237,337.0,25855.0,2394.5625
2097,7.3039,5.995,2.0151,7.3505,653.0,74557.0,2394.5625
2098,7.3582,5.995,1.9398,7.3677,335.0,12731.0,2394.5625
2099,7.2901,6.7116,2.1158,6.9266,327.0,13011.0,2394.5625
2100,6.9365,5.933,2.0917,6.8001,637.0,66557.0,2394.5625
2101,6.7894,6.3786,2.1462,7.3251,332.0,10051.0,2394.5625
2102,7.3589,6.2851,2.0558,7.0391,331.0,10599.0,2394.5625
2103,7.0084,6.5616,2.1115,6.5188,332.0,10755.0,2394.5625
2104,6.6054,5.9925,2.1918,6.9664,333.0,25439.0,2394.5625
2105,6.8248,5.9465,1.9313,7.5002,649.0,77391.0,2394.5625
2106,7.5775,6.5339,2.2944,5.3744,332.0,12243.0,2394.5625
2107,5.3164,6.164,2.1868,6.5614,312.0,10755.0,2394.5625
2108,6.5929,6.2767,2.5587,6.4561,294.0,9319.0,2394.5625
2109,6.3709,5.9385,1.9068,6.65,602.0,63333.0,2394.5625
2110,6.6521,5.8848,1.4615,6.7187,309.0,10259.0,2394.5625
2111,6.7865,6.8573,1.5174,7.3378,300.0,9623.0,2394.5625
2112,7.3019,5.9389,1.4421,6.6335,332.0,11565.0,2394.5625
2113,6.7171,6.8558,1.8701,7.6797,332.0,11715.0,2394.5625
2114,7.644,5.9475,1.8315,7.071,650.0,67757.0,2394.5625
2115,7.0936,5.9175,1.7888,6.4363,331.0,11295.0,2394.5625
2116,6.4139,6.6947,1.5321,6.3512,331.0,11491.0,2394.5625
2117,6.4096,5.9515,1.8186,7.042,638.0,64945.0,2394.5625
2118,6.9156,6.6025,1.395,6.8642,334.0,11803.0,2394.5625
2119,6.9383,6.2585,1.494,6.0787,333.0,12159.0,2394.5625
2120,6.0235,6.1454,1.3516,7.1912,331.0,12087.0,2394.5625
2121,7.2485,6.2992,1.6874,6.2447,333.0,17459.0,2394.5625
2122,6.1665,5.8895,1.6048,7.761,648.0,66573.0,2394.5625
2123,8.5465,6.4199,2.3898,6.2304,330.0,12567.0,2394.5625
2124,5.4763,6.233,1.655,6.5683,334.0,12835.0,2394.5625
2125,6.5884,6.0306,2.4077,6.712,337.0,12653.0,2394.5625
2126,6.6571,6.2796,2.0765,6.9617,653.0,66157.0,2394.5625
2127,7.0688,6.0286,1.6238,6.7033,337.0,13811.0,2394.5625
2128,6.6672,6.9741,1.7614,6.6371,334.0,15521.0,2394.5625
2129,6.6414,5.9735,1.4271,6.3303,335.0,17483.0,2394.5625
2130,6.3757,6.2468,1.6544,6.6957,333.0,12899.0,2394.5625
2131,6.7469,5.8964,1.5624,6.7936,652.0,71791.0,2394.5625
2132,6.6735,5.9137,1.7477,7.0273,332.0,15406.0,2394.5625
2133,7.0599,6.8547,1.7053,6.4635,342.0,34515.0,2394.5625
2134,6.4323,5.9005,1.6264,6.485,648.0,75696.0,2394.5625
2135,6.5374,6.1515,1.7071,6.6826,332.0,11779.0,2394.5625
2136,6.7389,6.711,1.476,6.7141,332.0,12243.0,2394.5625
2137,6.6486,5.9156,1.1918,7.0309,332.0,12863.0,2394.5625
2138,7.061,6.5773,1.5139,6.5429,330.0,12395.0,2394.5625
2139,6.4559,5.8983,1.6562,7.2333,651.0,69607.0,2394.5625
2140,7.2579,6.5705,2.4297,6.3687,311.0,10829.0,2394.5625
2141,6.5045,6.2653,1.8134,6.9725,337.0,12531.0,2394.5625
2142,6.8318,5.9567,1.5159,7.2086,337.0,13529.0,2394.5625
2143,7.4072,6.3576,2.3463,6.6764,653.0,68419.0,2394.5625
2144,6.4962,5.9877,1.972,6.9325,333.0,12719.0,2394.5625
2145,6.8806,6.9309,1.507,5.8874,322.0,11381.0,2394.5625
2146,6.0411,5.9306,1.8054,7.004,317.0,10665.0,2394.5625
2147,6.8722,5.9699,1.9747,6.5634,331.0,12039.0,2394.5625
2148,6.5395,6.5392,1.5949,6.7703,642.0,75189.0,2394.5625
2149,6.7882,5.9433,1.3322,5.7869,300.0,9811.0,2394.5625
2150,5.8708,6.6426,1.6892,7.1255,301.0,9679.0,2394.5625
2151,7.0353,5.9451,1.5316,7.0748,650.0,71177.0,2394.5625
2152,7.1568,5.9653,1.6313,6.5549,334.0,20851.0,2394.5625
2153,6.6024,6.9458,1.823,7.4709,332.0,19105.0,2394.5625
2154,7.9921,5.985,2.8208,6.2628,331.0,14683.0,2394.5625
2155,5.696,6.5179,1.7054,6.5933,331.0,12279.0,2394.5625
2156,6.5269,5.9107,1.7499,6.305,649.0,67417.0,2394.5625
2157,6.293,5.9076,1.547,6.7463,341.0,15941.0,2394.5625
2158,6.8198,6.7867,1.7238,6.9267,341.0,17427.0,2394.5625
2159,6.9343,5.9103,1.5519,7.2133,336.0,12983.0,2394.5625
2160,7.1899,6.5224,1.7763,6.9534,651.0,71207.0,2394.5625
2161,6.947,5.9703,1.9685,6.482,336.0,21825.0,2394.5625
2162,6.4589,6.2366,1.8829,7.1704,334.0,33417.0,2394.5625
2163,7.3219,6.4311,2.7333,6.3484,334.0,47519.0,2394.5625
2164,6.2807,5.9428,1.7602,7.1279,331.0,28683.0,2394.5625
2165,7.0481,6.4387,1.8076,6.7154,648.0,85737.0,2394.5625
2166,7.4185,5.9807,2.3943,5.8999,339.0,39975.0,2394.5625
2167,5.2211,6.3329,1.5961,7.7712,334.0,18751.0,2394.5625
2168,7.8418,6.4678,1.9805,6.1038,650.0,70165.0,2394.5625
2169,6.0362,5.975,1.7067,7.4117,334.0,13229.0,2394.5625
2170,7.5268,6.8367,1.7418,6.4164,332.0,12459.0,2394.5625
2171,6.2904,5.9174,1.7881,5.7703,332.0,17529.0,2394.5625
2172,5.8258,5.9209,1.5539,7.5084,332.0,16751.0,2394.5625
2173,7.5812,6.3755,1.8653,6.3709,639.0,73125.0,2394.5625
2174,6.2759,5.885,1.8041,7.0365,338.0,23451.0,2394.5625
2175,7.0052,6.9607,1.6188,7.0449,338.0,26407.0,2394.5625
2176,7.0911,5.9582,1.956,6.7968,332.0,20945.0,2394.5625
2177,6.7768,6.1381,1.721,6.3324,638.0,65651.0,2394.5625
2178,6.3647,6.4362,1.8787,6.591,335.0,16245.0,2394.5625
2179,6.6142,6.2404,1.7746,6.704,330.0,20297.0,2394.5625
2180,6.6452,6.5275,1.7991,6.2452,294.0,9403.0,2394.5625
2181,6.3237,5.9261,1.8181,6.3917,298.0,9451.0,2394.5625
2182,6.2891,6.087,2.32,7.4395,627.0,66049.0,2394.5625
2183,7.5071,6.3076,1.953,6.9324,331.0,11767.0,2394.5625
2184,6.9927,6.2602,1.8416,6.7681,332.0,11587.0,2394.5625
2185,6.6806,6.4047,1.7982,6.6308,650.0,75351.0,2394.5625
2186,6.6235,5.9127,1.8724,6.6132,332.0,21630.0,2394.5625
2187,6.7144,6.4684,1.8551,6.911,334.0,17682.0,2394.5625
2188,6.7847,5.9165,1.739,6.6394,332.0,19763.0,2394.5625
2189,6.6423,5.8595,1.7296,6.5845,338.0,19517.0,2394.5625
2190,6.6351,6.5895,1.655,7.2945,653.0,78917.0,2394.5625
2191,7.2969,5.9871,1.9827,6.7858,334.0,11759.0,2394.5625
2192,6.821,6.714,1.9757,6.7627,336.0,25843.0,2394.5625
2193,6.8006,5.9593,2.5571,6.234,336.0,18727.0,2394.5625
2194,6.1117,5.9087,1.681,7.4765,654.0,68393.0,2394.5625
2195,7.5169,6.6583,1.908,6.4913,326.0,13275.0,2394.5625
2196,6.5238,6.2702,1.9496,6.3234,331.0,12823.0,2394.5625
2197,6.2527,5.9576,1.5918,7.1754,332.0,9859.0,2394.5625
2198,7.1518,5.9331,1.5261,5.7443,332.0,10419.0,2394.5625
2199,5.8426,5.9413,1.808,7.6687,650.0,66405.0,2394.5625
2200,7.5678,6.4003,2.2993,6.4799,331.0,25607.0,2394.5625
2201,6.54,6.2825,1.8847,6.9095,332.0,18237.0,2394.5625
2202,6.9846,6.2486,2.2113,6.5982,648.0,67869.0,2394.5625
2203,6.5184,5.962,2.4536,5.8331,313.0,10959.0,2394.5625
2204,5.8189,6.3392,1.6079,7.396,298.0,9643.0,2394.5625
2205,7.3758,6.5785,1.6362,6.3326,298.0,9599.0,2394.5625
2206,6.3661,5.8386,1.7906,6.7563,311.0,10091.0,2394.5625
2207,6.748,6.3258,1.6633,6.7963,617.0,65261.0,2394.5625
2208,6.8661,5.9873,1.7568,6.6875,334.0,11781.0,2394.5625
2209,6.7254,6.2497,1.6101,7.3582,334.0,11739.0,2394.5625
2210,7.2947,6.4186,1.7668,6.4317,333.0,11927.0,2394.5625
2211,6.402,6.2836,2.0911,8.5011,649.0,69513.0,2394.5625
2212,8.5645,6.2836,2.7742,6.7101,332.0,11779.0,2394.5625
2213,6.6504,6.2777,1.92,7.1004,331.0,11967.0,2394.5625
2214,7.2023,6.1147,2.0948,7.3903,331.0,11575.0,2394.5625
2215,7.3285,5.9542,2.2516,6.7296,331.0,11859.0,2394.5625
2216,6.7395,5.9365,2.0364,7.5187,632.0,64537.0,2394.5625
2217,7.5315,6.7234,2.3527,7.1176,332.0,17639.0,2394.5625
2218,7.0792,6.2366,2.2383,7.5075,331.0,10743.0,2394.5625
2219,7.5569,6.5824,2.1928,6.4428,648.0,68217.0,2394.5625
2220,6.5263,6.0028,2.8066,6.4667,333.0,13015.0,2394.5625
2221,6.3813,6.2436,1.892,7.0813,335.0,12821.0,2394.5625
2222,7.0051,6.4071,1.828,6.7324,335.0,10507.0,2394.5625
2223,6.7317,5.9073,1.6714,6.5168,337.0,13619.0,2394.5625
2224,6.5393,6.3951,1.8276,6.596,653.0,71183.0,2394.5625
2225,6.6312,5.9921,2.015,6.6571,335.0,17675.0,2394.5625
2226,6.6888,6.8898,1.7496,7.444,333.0,12899.0,2394.5625
2227,7.3577,5.9361,1.7546,6.3991,331.0,15829.0,2394.5625
2228,6.414,5.8364,1.3823,6.7397,638.0,68372.0,2394.5625
2229,6.7302,6.6306,1.653,6.7264,343.0,34719.0,2394.5625
2230,6.8328,6.1938,1.8268,6.4775,334.0,15918.0,2394.5625
2231,6.37,6.2807,1.698,6.4261,331.0,11491.0,2394.5625
2232,6.43,5.9484,1.7182,6.7947,331.0,11955.0,2394.5625
2233,6.8394,5.9843,1.9933,6.9395,635.0,66561.0,2394.5625
2234,6.9039,6.6542,1.6696,6.7313,334.0,12635.0,2394.5625
2235,6.7899,6.2314,1.676,7.0693,330.0,13597.0,2394.5625
2236,6.9547,6.3052,1.5327,6.4329,621.0,64595.0,2394.5625
2237,6.5288,5.9356,2.0261,6.4433,336.0,12247.0,2394.5625
2238,6.3794,6.3516,1.5423,7.3763,335.0,13697.0,2394.5625
2239,7.4942,6.4519,1.989,5.9202,335.0,12769.0,2394.5625
2240,5.8073,5.9151,1.5915,6.6729,334.0,13051.0,2394.5625
2241,6.7206,6.4535,1.6947,7.2326,632.0,66183.0,2394.5625
2242,7.1833,6.0154,1.7659,5.7775,317.0,10761.0,2394.5625
2243,5.8234,6.2304,1.6932,7.6447,333.0,12063.0,2394.5625
2244,7.6547,6.5818,1.8348,6.4785,324.0,19347.0,2394.5625
2245,6.5213,5.9884,1.8249,6.5402,617.0,65449.0,2394.5625
2246,6.5506,6.5976,1.7773,7.2122,302.0,9883.0,2394.5625
2247,7.265,6.2517,1.9744,6.2505,333.0,15539.0,2394.5625
2248,6.116,5.8858,1.663,7.2146,331.0,20539.0,2394.5625
2249,7.2207,6.3589,1.8466,6.6659,330.0,18805.0,2394.5625
2250,6.6886,5.8879,1.891,7.5419,637.0,67649.0,2394.5625
2251,7.5387,6.5592,1.8476,6.2183,331.0,12471.0,2394.5625
2252,6.1952,6.2458,1.9517,6.9793,331.0,11575.0,2394.5625
2253,6.9806,5.9778,2.0607,6.6675,658.0,74819.0,2394.5625
2254,6.6264,6.6316,1.8591,6.5551,342.0,17631.0,2394.5625
2255,6.6107,6.2718,1.7794,7.1631,336.0,13175.0,2394.5625
2256,7.2122,6.6272,1.7201,6.4548,333.0,12233.0,2394.5625
2257,6.399,5.9195,2.2437,6.4199,333.0,21597.0,2394.5625
2258,6.4047,5.9143,1.9232,7.4159,651.0,89055.0,2394.5625
2259,7.4192,6.6429,2.16,6.3973,332.0,47687.0,2394.5625
2260,6.469,6.2433,1.6897,7.4641,331.0,28683.0,2394.5625
2261,7.4676,7.086,2.1932,6.3461,334.0,27159.0,2394.5625
2262,6.2939,5.9131,2.2795,6.0899,657.0,95625.0,2394.5625
2263,6.1081,5.9626,2.6116,7.0166,332.0,18919.0,2394.5625
2264,7.026,6.5885,2.3127,7.1738,332.0,11779.0,2394.5625
2265,7.1637,5.8964,1.6124,6.3281,331.0,13001.0,2394.5625
2266,6.382,6.5936,1.7289,6.3927,332.0,12267.0,2394.5625
2267,6.3454,5.9436,1.5166,6.8172,649.0,73167.0,2394.5625
2268,6.7812,5.9358,1.7073,7.1247,330.0,17003.0,2394.5625
2269,7.081,6.6241,1.7615,6.2194,334.0,19979.0,2394.5625
2270,6.3683,5.8667,1.5191,6.9613,652.0,79053.0,2394.5625
2271,7.0013,6.4368,1.7678,6.6961,337.0,26671.0,2394.5625
2272,6.5836,6.2515,1.7125,6.2262,334.0,21245.0,2394.5625
2273,6.2117,6.135,1.8213,7.1345,334.0,12709.0,2394.5625
2274,7.1235,6.2617,1.6162,6.8266,334.0,16041.0,2394.5625
2275,6.849,5.914,1.8131,6.6003,649.0,78695.0,2394.5625
2276,6.6433,6.5899,1.8036,6.2417,295.0,9607.0,2394.5625
2277,6.2073,6.2974,1.8901,6.4113,297.0,9439.0,2394.5625
2278,6.3895,5.8379,1.6,7.4933,309.0,10207.0,2394.5625
2279,7.5451,6.2231,1.7382,6.157,648.0,70645.0,2394.5625
2280,6.073,5.9388,2.2372,6.9768,333.0,11791.0,2394.5625
2281,7.1247,6.888,2.2748,6.9839,333.0,19713.0,2394.5625
2282,6.8903,5.8668,1.7825,6.1491,331.0,21426.0,2394.5625
2283,6.1624,6.0151,1.7948,7.383,332.0,17466.0,2394.5625
2284,7.3726,5.9609,1.919,6.6401,651.0,75425.0,2394.5625
2285,6.772,5.9587,1.8222,6.8482,339.0,19721.0,2394.5625
2286,6.7028,6.8042,1.6069,6.7263,337.0,23099.0,2394.5625
2287,6.7288,5.9796,1.8252,7.2146,653.0,67421.0,2394.5625
2288,7.3052,6.5814,1.9066,6.488,337.0,26047.0,2394.5625
2289,6.3864,6.2367,1.7062,6.0504,338.0,18943.0,2394.5625
2290,6.0635,5.9142,1.5563,7.6296,333.0,12707.0,2394.5625
2291,7.6312,6.5555,1.7153,6.4091,324.0,13059.0,2394.5625
2292,6.4409,5.833,1.2976,7.6677,651.0,68497.0,2394.5625
2293,7.6219,6.333,1.3883,6.136,332.0,10051.0,2394.5625
2294,6.2578,6.2596,2.4629,6.406,335.0,10455.0,2394.5625
2295,6.325,5.895,1.9508,6.6757,332.0,10563.0,2394.5625
2296,6.68,6.378,1.7124,6.8165,540.0,53097.0,2394.5625
2297,6.8893,5.9824,2.3642,7.4721,332.0,18429.0,2394.5625
2298,7.3926,6.7217,1.7669,6.0428,333.0,12255.0,2394.5625
2299,6.0377,5.9743,1.7783,6.5576,313.0,10767.0,2394.5625
2300,6.5392,5.9652,1.7151,6.3295,297.0,9355.0,2394.5625
2301,6.3738,6.5491,1.8306,6.7461,602.0,63309.0,2394.5625
2302,6.6563,5.8915,1.5618,7.069,310.0,10271.0,2394.5625
2303,7.0786,6.9131,1.8237,6.581,301.0,9443.0,2394.5625
2304,6.6398,5.9157,1.6204,7.1773,653.0,67443.0,2394.5625
2305,7.1948,5.9099,1.7474,7.3531,334.0,11931.0,2394.5625
2306,7.2889,6.5926,1.621,6.4035,334.0,12131.0,2394.5625
2307,6.4425,5.8767,1.8826,6.4425,331.0,11295.0,2394.5625
2308,6.4809,6.5397,1.6696,6.728,331.0,11575.0,2394.5625
2309,6.6828,5.9209,1.6989,6.3161,649.0,67617.0,2394.5625
2310,6.308,5.9662,1.5306,7.0224,331.0,11767.0,2394.5625
2311,7.1105,6.8766,1.8925,7.1605,331.0,11943.0,2394.5625
2312,7.1,5.8996,1.6566,6.1712,330.0,11883.0,2394.5625
2313,6.1277,6.3308,1.5135,6.5117,648.0,73265.0,2394.5625
2314,6.5643,5.9291,1.4246,6.4529,330.0,10923.0,2394.5625
2315,6.4692,6.2302,1.6597,7.7807,331.0,12579.0,2394.5625
2316,7.7347,5.8429,1.9634,7.8812,332.0,12811.0,2394.5625
2317,7.914,5.8429,2.2026,5.9409,340.0,12689.0,2394.5625
2318,5.9792,6.4987,2.0198,7.0246,656.0,68929.0,2394.5625
2319,7.0303,6.0293,1.743,6.1513,336.0,13799.0,2394.5625
2320,6.1416,6.7455,1.6456,7.3999,336.0,15353.0,2394.5625
2321,7.3472,5.9082,2.3046,6.3328,652.0,73313.0,2394.5625
2322,6.3032,5.9903,1.6562,7.1007,332.0,13079.0,2394.5625
2323,7.312,6.8769,2.0925,6.3196,332.0,16117.0,2394.5625
2324,6.217,5.9205,1.4096,6.4114,334.0,15430.0,2394.5625
2325,6.3881,6.1467,1.7057,7.6781,344.0,34539.0,2394.5625
2326,7.6732,5.9291,1.7798,6.1786,652.0,71568.0,2394.5625
2327,6.1032,5.9319,1.4478,6.7397,331.0,11767.0,2394.5625
2328,6.8881,6.7187,1.8153,6.594,333.0,12063.0,2394.5625
2329,6.542,5.8893,1.693,6.5035,330.0,12647.0,2394.5625
2330,6.4646,6.6574,1.7254,7.3888,652.0,68285.0,2394.5625
2331,7.418,5.9736,2.2798,6.108,331.0,13933.0,2394.5625
2332,6.0524,6.2476,1.4192,7.2932,323.0,12109.0,2394.5625
2333,7.2976,6.3614,1.6083,6.6566,334.0,12959.0,2394.5625
2334,6.6945,5.9518,2.2056,6.6678,335.0,13111.0,2394.5625
2335,6.6427,6.3525,2.0182,6.6102,653.0,67885.0,2394.5625
2336,6.6381,5.9734,1.6205,5.9351,328.0,12787.0,2394.5625
2337,5.872,6.1976,1.344,7.2827,311.0,10305.0,2394.5625
2338,7.3044,6.5376,1.3585,6.4743,633.0,66339.0,2394.5625
2339,6.4641,5.8986,1.5064,7.1423,333.0,12255.0,2394.5625
2340,7.1354,6.7659,1.4753,6.3827,326.0,19563.0,2394.5625
2341,6.4094,5.9431,1.5328,6.442,299.0,9799.0,2394.5625
2342,6.4412,5.8708,1.5832,6.8322,302.0,9691.0,2394.5625
2343,6.802,6.3286,1.3196,6.5109,649.0,71165.0,2394.5625
2344,6.6389,5.9249,2.3302,6.7836,334.0,20851.0,2394.5625
2345,6.6736,6.8467,2.2201,6.761,332.0,18913.0,2394.5625
2346,6.765,5.8965,1.5449,6.3618,331.0,14491.0,2394.5625
2347,6.313,5.9005,1.3758,7.6349,648.0,68109.0,2394.5625
2348,8.4029,6.4353,2.6143,5.8955,331.0,11767.0,2394.5625
2349,5.2107,6.2805,1.9587,7.2371,341.0,15941.0,2394.5625
2350,7.236,6.6225,1.8116,6.3518,340.0,17415.0,2394.5625
2351,6.3936,5.9891,1.5609,6.6077,336.0,12899.0,2394.5625
2352,6.566,5.898,1.6857,7.1431,641.0,65991.0,2394.5625
2353,7.1721,6.6061,1.8152,6.4972,333.0,21789.0,2394.5625
2354,6.4734,6.2432,1.5608,6.639,334.0,33225.0,2394.5625
2355,6.6269,6.3375,1.7378,6.457,649.0,103325.0,2394.5625
2356,6.4519,5.9256,1.6094,6.9046,330.0,28863.0,2394.5625
2357,6.8812,6.3986,1.917,6.5686,337.0,27387.0,2394.5625
2358,6.573,6.5741,1.4702,7.3896,341.0,39999.0,2394.5625
2359,7.437,5.963,1.7918,6.8476,333.0,18655.0,2394.5625
2360,6.7985,6.5841,2.1676,6.5276,633.0,64229.0,2394.5625
2361,6.5847,5.9662,2.2055,6.3123,334.0,13229.0,2394.5625
2362,6.2865,6.1545,1.5238,6.8131,332.0,12183.0,2394.5625
2363,6.8762,6.4357,2.7573,6.3443,334.0,17277.0,2394.5625
2364,6.3128,5.9271,1.4413,7.4628,635.0,70725.0,2394.5625
2365,7.4746,6.5934,1.922,7.424,335.0,20183.0,2394.5625
2366,7.3704,6.4851,1.9281,6.2365,336.0,23427.0,2394.5625
2367,6.2521,6.1652,1.5721,6.9753,336.0,26467.0,2394.5625
2368,7.011,6.3523,1.8354,6.3039,335.0,21065.0,2394.5625
2369,6.2625,5.9224,1.5446,7.1757,653.0,68371.0,2394.5625
2370,7.2034,6.4162,1.7737,7.071,336.0,16257.0,2394.5625
2371,7.0209,6.173,1.4413,6.3162,329.0,20093.0,2394.5625
2372,6.4042,5.9836,1.5816,6.8769,612.0,68485.0,2394.5625
2373,6.7904,6.4582,1.7166,6.1654,295.0,9607.0,2394.5625
2374,6.1507,6.1686,1.526,7.3589,311.0,10423.0,2394.5625
2375,7.3663,6.4133,1.2919,6.6385,334.0,11803.0,2394.5625
2376,6.7826,5.9255,1.8442,6.4153,330.0,11479.0,2394.5625
2377,6.3474,6.1272,1.7822,7.1534,636.0,72643.0,2394.5625
2378,7.133,5.9813,1.7464,6.9084,333.0,21642.0,2394.5625
2379,6.8905,6.2283,1.5642,6.8569,331.0,17454.0,2394.5625
2380,6.8677,6.6064,2.3045,6.666,333.0,19583.0,2394.5625
2381,6.7484,5.9484,1.9973,7.8211,660.0,75407.0,2394.5625
2382,7.768,6.349,1.6877,5.9183,335.0,23267.0,2394.5625
2383,5.8812,6.2365,1.5794,6.9676,336.0,11783.0,2394.5625
2384,6.9213,6.1749,1.524,6.4126,336.0,25843.0,2394.5625
2385,6.5054,6.4856,1.92,6.5043,337.0,18739.0,2394.5625
2386,6.4131,5.9095,1.4215,7.2472,654.0,68393.0,2394.5625
2387,7.3634,6.6783,2.2474,6.7498,326.0,13275.0,2394.5625
2388,6.7529,6.2773,1.7339,6.5598,330.0,12619.0,2394.5625
2389,6.5418,5.9599,1.8834,6.8337,649.0,65689.0,2394.5625
2390,6.8269,6.3963,1.8845,6.8525,330.0,10587.0,2394.5625
2391,6.9716,6.2618,2.2161,6.6455,330.0,10731.0,2394.5625
2392,6.5168,6.5408,1.5763,6.5407,331.0,25607.0,2394.5625
2393,6.5151,5.9164,1.8342,6.5629,334.0,18261.0,2394.5625
2394,6.7117,5.983,2.551,6.776,649.0,70617.0,2394.5625
2395,6.6537,6.5934,1.819,6.8772,313.0,10959.0,2394.5625
2396,6.8325,6.1828,1.6234,6.6505,295.0,9415.0,2394.5625
2397,6.7492,6.3226,1.6916,6.3996,300.0,9431.0,2394.5625
2398,6.4463,5.8594,2.3266,6.7103,628.0,65921.0,2394.5625
2399,6.5925,6.0849,1.8944,6.3715,300.0,9623.0,2394.5625
2400,6.4063,6.9212,1.9212,7.675,334.0,11781.0,2394.5625
2401,7.6741,5.9547,1.6378,6.7054,333.0,11727.0,2394.5625
2402,6.7574,6.5618,1.7837,6.5279,333.0,11927.0,2394.5625
2403,6.4562,5.8944,1.682,6.1944,652.0,66981.0,2394.5625
2404,6.1732,5.9423,1.6289,6.6216,332.0,11779.0,2394.5625
2405,6.5906,6.7803,1.6894,7.0311,332.0,11703.0,2394.5625
2406,7.1546,5.8832,1.6073,6.8055,634.0,64697.0,2394.5625
2407,6.7536,6.5805,1.5998,7.337,331.0,12135.0,2394.5625
2408,7.3231,6.2587,2.0666,5.9634,332.0,12099.0,2394.5625
2409,5.9022,5.9466,1.6349,7.1867,332.0,17639.0,2394.5625
2410,7.3919,6.7818,2.1787,6.2285,332.0,10755.0,2394.5625
2411,6.0966,5.8837,1.7218,6.6982,651.0,68253.0,2394.5625
2412,6.7286,6.3141,1.8671,6.6187,332.0,13003.0,2394.5625
2413,6.5457,6.2023,1.7607,6.6805,336.0,12641.0,2394.5625
2414,6.7216,5.9163,1.7877,6.7935,335.0,10315.0,2394.5625
2415,6.7872,6.4509,1.8476,6.5742,654.0,69449.0,2394.5625
2416,6.5311,5.9613,1.3932,7.0664,334.0,15521.0,2394.5625
2417,7.1213,6.8808,1.7243,6.9574,334.0,17663.0,2394.5625
2418,6.9773,5.9211,1.8798,6.1448,333.0,12899.0,2394.5625
2419,6.081,5.9298,1.713,7.4179,330.0,15901.0,2394.5625
2420,7.4247,6.4093,1.8202,5.8396,651.0,74308.0,2394.5625
2421,5.8406,5.9737,1.4901,7.2978,343.0,34719.0,2394.5625
2422,7.4247,6.8944,1.8445,6.231,333.0,15714.0,2394.5625
2423,6.1032,5.9211,1.7428,6.5271,649.0,67417.0,2394.5625
2424,6.5105,6.1279,1.8432,7.598,332.0,12243.0,2394.5625
2425,7.5991,6.6632,1.5233,6.2286,332.0,12863.0,2394.5625
2426,6.1894,5.9251,2.0308,6.6697,331.0,12599.0,2394.5625
2427,6.7615,6.5462,2.9358,6.5278,331.0,13741.0,2394.5625
2428,6.509,5.88,2.1076,6.9292,651.0,68215.0,2394.5625
2429,6.9868,6.1612,1.9041,7.3281,335.0,14161.0,2394.5625
2430,7.2797,6.3251,1.5555,6.789,335.0,12113.0,2394.5625
2431,6.9038,6.0212,1.8391,6.4964,335.0,12507.0,2394.5625
2432,6.3548,6.3891,1.3251,6.0191,638.0,67589.0,2394.5625
2433,6.1076,5.9097,1.6932,7.0813,313.0,10521.0,2394.5625
2434,7.0622,6.9355,2.356,7.103,315.0,10641.0,2394.5625
2435,7.0684,5.887,2.9111,6.5747,331.0,12039.0,2394.5625
2436,6.5431,5.9405,1.8776,6.1133,328.0,19395.0,2394.5625
2437,6.1511,6.5958,1.909,7.3123,615.0,65425.0,2394.5625
2438,7.3108,5.9392,1.5987,5.9816,300.0,9859.0,2394.5625
2439,6.0006,6.7057,1.7725,7.4039,331.0,15323.0,2394.5625
2440,7.4532,5.8475,1.7548,6.5572,651.0,76489.0,2394.5625
2441,6.5086,5.9265,1.7701,6.4909,331.0,19093.0,2394.5625
2442,6.4676,6.8353,1.6362,7.0452,335.0,14731.0,2394.5625
2443,7.0489,5.9013,1.8192,6.3227,330.0,12459.0,2394.5625
2444,6.3927,6.5115,1.7582,6.7069,332.0,11587.0,2394.5625
2445,6.652,5.8875,1.6757,6.2469,657.0,71111.0,2394.5625
2446,6.2112,5.9557,1.5594,7.4106,342.0,17631.0,2394.5625
2447,7.422,6.7229,1.7193,6.6661,334.0,12959.0,2394.5625
2448,6.6669,5.9717,2.0357,6.2868,333.0,12041.0,2394.5625
2449,6.3227,5.9013,1.8388,9.0726,653.0,77463.0,2394.5625
2450,9.0874,6.3487,1.9946,8.804,333.0,33405.0,2394.5625
2451,8.8197,6.3487,2.398,7.1305,331.0,47675.0,2394.5625
2452,7.1115,6.0886,2.1794,7.0153,332.0,28695.0,2394.5625
2453,7.0545,6.2834,1.8155,7.8249,338.0,27123.0,2394.5625
2454,7.8198,5.9942,2.1953,8.0581,643.0,97297.0,2394.5625
2455,8.0284,5.9942,2.0922,7.5914,333.0,18931.0,2394.5625
2456,7.582,6.8894,2.3968,7.3158,331.0,11575.0,2394.5625
2457,7.3432,6.6483,2.0088,8.813,649.0,68843.0,2394.5625
2458,9.1776,6.6483,2.8642,6.7639,332.0,12459.0,2394.5625
2459,6.3817,6.3276,2.0893,8.3937,849.0,110415.0,2396.9375
2460,8.4535,6.3276,2.2682,9.7474,513.0,44343.0,2396.9375
2461,9.7575,7.9979,2.3812,10.6084,445.0,31755.0,2396.9375
2462,10.6064,7.7792,2.2721,8.0652,470.0,43495.0,2396.9375
2463,7.9857,6.7543,2.2621,8.4365,475.0,44703.0,2396.9375
2464,8.5057,7.0314,2.4238,6.844,476.0,47395.0,2394.5625
2465,6.8259,6.4147,2.0822,7.5236,477.0,39499.0,2394.5625
2466,7.5037,6.9216,1.8784,6.6477,473.0,35549.0,2394.5625
2467,6.6217,6.3879,1.5908,7.3508,479.0,43469.0,2394.5625
2468,7.4644,6.9589,1.9408,6.5068,445.0,33595.0,2394.5625
2469,6.3707,6.4412,1.8285,6.9432,439.0,31283.0,2394.5625
2470,7.0339,6.3684,1.6465,6.6679,439.0,31283.0,2394.5625
2471,6.5587,6.3232,1.6348,7.5516,449.0,32027.0,2394.5625
2472,7.6714,6.3602,1.6427,8.4384,471.0,33395.0,2394.5625
2473,8.3811,6.9933,1.9899,6.2599,468.0,33359.0,2394.5625
2474,6.3109,6.3832,1.8978,7.9506,467.0,41269.0,2394.5625
2475,7.9082,7.3303,1.9353,6.4278,477.0,43318.0,2394.5625
2476,6.379,6.3388,1.6593,7.7913,470.0,39262.0,2266.5625
2477,7.8546,6.4524,2.2972,7.1092,478.0,41179.0,2266.5625
2478,7.0866,6.4785,1.7352,7.2866,481.0,42537.0,2266.5625
2479,7.2676,6.3841,1.5674,6.5918,471.0,35715.0,2266.5625
2480,6.5991,7.0475,1.3182,7.421,472.0,35294.0,2266.5625
2481,7.5185,6.3154,2.1888,7.2763,482.0,41655.0,2266.5625
2482,7.2479,6.8592,1.7998,6.4463,476.0,36640.0,2266.5625
2483,6.3674,6.3557,1.7145,6.514,455.0,32387.0,2266.5625
2484,6.5177,6.3104,1.6284,7.4606,457.0,34267.0,2266.5625
2485,7.4764,6.7794,1.5885,7.2018,471.0,34451.0,2266.5625
2486,7.1861,6.3454,1.637,7.2898,475.0,31667.0,2266.5625
2487,7.4513,7.0479,2.2846,7.894,473.0,32203.0,2266.5625
2488,7.7383,6.4072,2.1425,7.1932,473.0,32491.0,2266.5625
2489,7.141,6.7957,1.6628,6.7164,474.0,43501.0,2266.5625
2490,6.8132,6.4066,1.6226,6.3861,474.0,34577.0,2266.5625
2491,6.3693,6.4151,1.4284,8.0998,459.0,32995.0,2266.5625
2492,8.2047,6.9647,2.0981,6.4038,436.0,31247.0,2266.5625
2493,6.2756,6.4104,2.1159,7.7859,452.0,31923.0,2266.5625
2494,7.8103,7.0283,2.0228,7.2278,434.0,31179.0,2266.5625
2495,7.2417,6.5129,1.9534,7.2504,477.0,33423.0,2266.5625
2496,7.401,6.8426,2.8051,7.6044,474.0,33559.0,2266.5625
2497,7.5937,6.442,2.4957,6.6887,473.0,33603.0,2266.5625
2498,6.5666,6.3463,2.1189,7.7394,473.0,33069.0,2266.5625
2499,7.7377,6.831,2.1673,7.2683,472.0,33407.0,2266.5625
2500,7.2713,6.4304,1.9318,7.3399,471.0,33595.0,2266.5625
2501,7.3178,7.1298,2.2685,6.8365,469.0,33371.0,2266.5625
2502,6.7951,6.914,2.3186,8.9027,469.0,33691.0,2266.5625
2503,9.1745,6.4926,2.3862,8.5231,472.0,39731.0,2266.5625
2504,8.4098,8.0517,2.1677,11.6614,471.0,32467.0,2266.5625
2505,11.6331,6.4562,3.0063,8.0895,472.0,34385.0,2266.5625
2506,8.0113,7.1404,2.3776,11.0828,470.0,33917.0,2266.5625
2507,11.147,7.1404,2.5294,7.565,472.0,32447.0,2266.5625
2508,7.6457,6.3491,2.0181,7.7147,473.0,32007.0,2266.5625
2509,7.6031,6.3714,2.2086,8.0056,475.0,34515.0,2266.5625
2510,8.0243,6.8379,2.08,8.844,475.0,34651.0,2266.5625
2511,8.8586,6.5043,2.1295,10.0514,477.0,34551.0,2266.5625
2512,10.0256,6.5043,2.2861,7.0079,470.0,37145.0,2266.5625
2513,6.9653,6.3732,1.9183,7.1551,473.0,38450.0,2266.5625
2514,7.2123,6.5237,2.1723,7.386,482.0,53717.0,2266.5625
2515,7.3046,6.5294,2.0055,6.8234,456.0,34604.0,2266.5625
2516,6.851,6.3867,1.7592,7.0148,470.0,33363.0,2266.5625
2517,7.0032,7.0164,1.7888,7.0623,474.0,33875.0,2266.5625
2518,7.1262,6.334,1.6815,7.324,471.0,34923.0,2266.5625
2519,7.3627,6.7924,1.9153,6.42,470.0,34195.0,2266.5625
2520,6.2974,6.3829,1.5401,6.9559,470.0,35065.0,2266.5625
2521,6.915,6.408,1.5188,7.9862,475.0,34661.0,2266.5625
2522,8.0153,6.8163,2.0613,6.4875,471.0,35835.0,2266.5625
2523,6.4661,6.3243,1.8684,7.1935,472.0,33851.0,2266.5625
2524,7.2642,7.0132,1.9659,7.3135,466.0,34441.0,2266.5625
2525,7.4085,6.3823,2.8333,6.7018,451.0,32131.0,2266.5625
2526,6.5918,6.7717,2.0008,6.8564,446.0,31879.0,2266.5625
2527,6.961,6.4353,1.7781,7.0865,477.0,36779.0,2266.5625
2528,7.0848,6.4086,1.7898,6.9958,455.0,35625.0,2266.5625
2529,6.8818,6.6059,1.989,8.0612,472.0,37113.0,2266.5625
2530,8.1371,6.9945,1.8959,8.9512,472.0,42413.0,2266.5625
2531,8.8727,6.9945,1.7189,7.1983,469.0,40127.0,2266.5625
2532,7.3075,6.3511,2.0089,7.051,470.0,36829.0,2266.5625
2533,7.0,6.774,1.9606,7.0355,470.0,34067.0,2266.5625
2534,7.0861,6.4486,1.9871,8.1228,473.0,33399.0,2266.5625
2535,8.1244,6.4095,2.5106,8.9228,471.0,35626.0,2266.5625
2536,8.9248,6.9999,2.4022,8.4069,481.0,40654.0,2266.5625
2537,8.4184,6.3344,2.2839,8.9574,470.0,34755.0,2266.5625
2538,9.0919,6.3344,2.3958,6.7506,473.0,34327.0,2266.5625
2539,6.5581,6.7969,2.1089,6.5963,475.0,43443.0,2266.5625
2540,6.6269,6.3499,1.689,6.5972,469.0,54987.0,2266.5625
2541,6.5309,6.37,1.5411,8.0483,478.0,67727.0,2266.5625
2542,8.2677,6.679,2.5947,7.1394,478.0,50523.0,2266.5625
2543,6.9419,6.4862,1.7975,6.9546,478.0,50559.0,2266.5625
2544,6.9354,7.1766,1.7061,7.4457,480.0,58237.0,2266.5625
2545,7.4738,6.4834,2.0177,7.2111,475.0,43509.0,2266.5625
2546,7.2151,7.2451,1.8132,7.2443,471.0,33721.0,2266.5625
2547,7.2279,6.8538,1.8091,6.5212,469.0,34777.0,2266.5625
2548,6.4528,6.3356,1.6768,7.723,471.0,34055.0,2266.5625
2549,7.7239,6.8526,2.6388,6.4214,476.0,37369.0,2266.5625
2550,6.4912,6.3675,1.6421,7.425,468.0,37519.0,2266.5625
2551,7.4629,6.9586,1.6928,6.795,471.0,37749.0,2266.5625
2552,6.8315,6.2907,1.4747,7.6631,474.0,38983.0,2266.5625
2553,7.6911,6.8002,1.8434,7.5162,468.0,36291.0,2266.5625
2554,7.3977,6.4086,1.7562,5.8812,469.0,38181.0,2266.5625
2555,5.8974,6.4168,1.763,6.8943,458.0,37735.0,2266.5625
2556,6.8906,6.5544,1.6089,7.0846,455.0,49775.0,2266.5625
2557,7.0897,6.3813,1.4986,7.2054,472.0,43499.0,2266.5625
2558,7.2086,6.8364,1.6039,7.0604,475.0,44683.0,2266.5625
2559,7.094,6.3832,1.7659,7.2909,475.0,47341.0,2266.5625
2560,7.3272,7.1053,1.8992,7.0524,474.0,39443.0,2266.5625
2561,7.0265,6.4005,1.6716,7.4683,476.0,35565.0,2266.5625
2562,7.4467,6.3778,2.4734,6.6059,476.0,43391.0,2266.5625
2563,6.657,6.9867,2.3254,6.946,450.0,33635.0,2266.5625
2564,6.8723,6.3838,1.4097,6.9755,434.0,31203.0,2266.5625
2565,7.0108,6.8103,1.6275,7.1666,431.0,31167.0,2266.5625
2566,7.1945,6.2592,1.5497,7.1589,447.0,31983.0,2266.5625
2567,7.1004,6.57,1.7171,7.2318,465.0,33303.0,2266.5625
2568,7.2572,6.3305,2.3187,6.834,471.0,33375.0,2266.5625
2569,6.8228,6.326,2.7102,7.2573,472.0,41309.0,2266.5625
2570,7.2989,6.9862,2.3837,7.7162,475.0,43274.0,2266.5625
2571,7.711,6.3806,2.1561,7.3213,468.0,39218.0,2266.5625
2572,7.2832,6.872,1.8313,7.3882,475.0,41167.0,2266.5625
2573,7.8063,6.4238,2.0394,7.6563,477.0,42469.0,2266.5625
2574,7.3103,6.5838,2.2977,7.2777,478.0,35779.0,2266.5625
2575,7.6927,6.4362,2.4109,6.7255,478.0,35324.0,2266.5625
2576,6.2647,6.3892,1.7864,6.8413,477.0,41575.0,2266.5625
2577,6.7839,6.9811,1.7481,7.4111,474.0,36596.0,2266.5625
2578,7.4618,6.3947,1.4236,6.5692,452.0,32309.0,2266.5625
2579,6.559,6.7927,1.6753,6.6839,449.0,34151.0,2266.5625
2580,6.6894,6.365,1.4997,7.2937,475.0,34479.0,2266.5625
2581,7.28,6.5337,1.7184,7.7544,469.0,31575.0,2266.5625
2582,7.7531,6.84,1.8777,6.3829,472.0,32171.0,2266.5625
2583,6.328,6.36,1.518,7.2721,472.0,32459.0,2266.5625
2584,7.3485,7.027,2.2049,6.7923,466.0,43385.0,2266.5625
2585,6.78,6.306,1.5229,7.5439,469.0,34497.0,2266.5625
2586,7.6032,6.8056,1.8272,6.3589,462.0,33011.0,2266.5625
2587,6.3184,6.4197,1.8001,6.6184,435.0,31215.0,2266.5625
2588,6.6287,6.609,1.4362,7.4861,445.0,31863.0,2266.5625
2589,7.4173,7.1882,1.3831,7.367,441.0,31243.0,2266.5625
2590,7.4109,6.2819,1.5083,7.3323,475.0,33379.0,2266.5625
2591,7.3154,6.6535,2.3919,7.2272,478.0,33565.0,2266.5625
2592,7.2775,6.3971,2.4118,7.366,474.0,33595.0,2266.5625
2593,7.3099,7.0194,1.9619,6.6739,474.0,33061.0,2266.5625
2594,6.6587,6.3332,1.5357,6.7691,474.0,33389.0,2266.5625
2595,6.7368,6.3497,1.7011,7.2499,474.0,33611.0,2266.5625
2596,7.277,6.7891,1.8679,6.889,470.0,33363.0,2266.5625
2597,6.9422,6.4054,2.4767,7.4092,472.0,33707.0,2266.5625
2598,7.5952,6.7521,2.2979,6.7354,472.0,39711.0,2266.5625
2599,6.5171,6.3454,2.0952,7.2582,465.0,32375.0,2266.5625
2600,7.2577,6.6393,1.7275,6.8977,473.0,34377.0,2266.5625
2601,6.849,6.3735,1.6269,6.8745,470.0,33897.0,2266.5625
2602,6.8657,6.3482,1.3428,7.2205,469.0,32391.0,2266.5625
2603,7.3066,6.9157,1.6493,7.4933,472.0,31995.0,2266.5625
2604,7.4548,6.3787,1.5205,6.9323,470.0,34499.0,2266.5625
2605,6.9441,6.8416,1.5778,6.947,475.0,34651.0,2266.5625
2606,7.1104,6.354,1.784,7.2812,472.0,34491.0,2266.5625
2607,7.157,6.9912,1.676,6.9947,472.0,37147.0,2266.5625
2608,6.983,6.4069,2.0866,6.4562,475.0,38474.0,2266.5625
2609,6.4668,6.3908,1.7807,7.6873,484.0,53741.0,2266.5625
2610,7.7905,6.9723,1.6219,6.9116,461.0,34786.0,2266.5625
2611,6.7875,6.3898,1.5221,6.7193,471.0,33375.0,2266.5625
2612,6.7749,6.7771,1.3752,7.5392,471.0,34303.0,2266.5625
2613,7.4824,6.6358,1.3133,6.3331,471.0,34459.0,2266.5625
2614,6.3542,6.5039,1.6849,7.6633,472.0,34219.0,2266.5625
2615,7.6736,6.7857,1.8307,7.1115,471.0,35541.0,2266.5625
2616,7.1082,6.3642,1.8757,6.9184,474.0,34185.0,2266.5625
2617,6.9145,7.0368,1.9784,7.1635,468.0,35799.0,2266.5625
2618,7.2672,6.3455,1.7813,6.8254,467.0,33695.0,2266.5625
2619,6.8079,6.3619,1.7482,7.3717,460.0,34321.0,2266.5625
2620,7.2975,6.3551,1.5477,6.1025,448.0,32139.0,2266.5625
2621,6.0755,6.2772,1.5461,7.1891,451.0,31939.0,2266.5625
2622,7.2212,6.9528,1.6037,7.6466,477.0,36779.0,2266.5625
2623,7.6585,6.3577,1.6282,6.9904,457.0,35627.0,2266.5625
2624,7.0127,7.0785,1.9143,7.3828,472.0,37113.0,2266.5625
2625,7.3365,6.37,2.193,6.4664,472.0,42413.0,2266.5625
2626,6.507,6.3234,1.7883,7.3749,476.0,40189.0,2266.5625
2627,7.4251,6.4592,2.5338,7.0112,472.0,36853.0,2266.5625
2628,6.9419,6.3527,2.3554,7.6436,471.0,34079.0,2266.5625
2629,7.6868,7.0919,2.4179,7.1024,473.0,33399.0,2266.5625
2630,7.0131,6.3586,1.4678,6.6247,470.0,35614.0,2266.5625
2631,6.6274,6.9624,1.3941,6.4637,472.0,40546.0,2266.5625
2632,6.4998,6.3432,1.1551,8.1624,472.0,34779.0,2266.5625
2633,8.2227,6.8103,1.6873,6.5112,473.0,34327.0,2266.5625
2634,6.451,6.3491,1.6338,6.5961,470.0,43383.0,2266.5625
2635,6.5807,6.3445,1.4371,7.2513,470.0,54999.0,2266.5625
2636,7.3201,7.0005,1.5375,7.2242,469.0,67663.0,2266.5625
2637,7.2485,6.3557,1.5336,7.3968,473.0,50463.0,2266.5625
2638,7.4184,6.4176,2.4029,6.7777,477.0,50547.0,2266.5625
2639,6.6733,6.3855,1.7587,7.3603,484.0,58263.0,2266.5625
2640,7.4471,6.5614,1.9887,7.1408,474.0,43497.0,2266.5625
2641,7.0732,6.8713,1.7241,7.4674,475.0,33769.0,2266.5625
2642,7.469,6.3696,1.5156,7.9,474.0,34815.0,2266.5625
2643,7.9311,7.0904,2.2746,6.5383,472.0,34067.0,2266.5625
2644,6.5978,6.49,2.0268,7.7054,482.0,37441.0,2266.5625
2645,7.6992,7.3311,2.0437,6.7239,466.0,37495.0,2266.5625
2646,6.6737,6.4187,2.0754,8.0143,475.0,37797.0,2266.5625
2647,7.9946,6.9239,2.1936,6.7179,475.0,38995.0,2266.5625
2648,6.6902,6.3887,2.0661,7.857,471.0,36327.0,2266.5625
2649,7.9317,6.3887,2.1125,7.5601,472.0,38217.0,2266.5625
2650,7.5215,6.8338,1.822,7.2704,461.0,37819.0,2266.5625
2651,7.2283,6.442,1.7061,6.4923,453.0,49703.0,2266.5625
2652,6.5078,6.7619,1.8137,7.271,469.0,43507.0,2266.5625
2653,7.2344,6.4153,1.7458,7.2446,475.0,44683.0,2266.5625
2654,7.334,7.0515,1.768,7.9128,474.0,47329.0,2266.5625
2655,7.9517,6.4225,1.6677,6.5855,475.0,39433.0,2266.5625
2656,6.5268,6.401,1.7362,7.3487,473.0,35529.0,2266.5625
2657,7.4096,6.4067,2.374,8.7151,480.0,43439.0,2266.5625
2658,8.72,6.4067,2.4504,7.7561,445.0,33553.0,2266.5625
2659,7.9599,6.4478,2.8291,9.2087,433.0,31191.0,2266.5625
2660,8.9835,6.4478,2.5801,9.0166,433.0,31191.0,2266.5625
2661,9.2427,7.9614,2.6491,7.2027,445.0,31959.0,2266.5625
2662,6.9717,6.9675,2.187,9.786,470.0,33363.0,2266.5625
2663,9.8942,6.9675,2.471,7.5903,471.0,33375.0,2266.5625
2664,7.6429,6.3219,2.5556,7.9483,470.0,41285.0,2266.5625
2665,7.806,6.8635,2.445,6.9523,474.0,43262.0,2266.5625
2666,6.9049,6.3861,1.8473,7.495,473.0,39278.0,2266.5625
2667,7.4841,7.1182,1.6618,6.681,471.0,41119.0,2266.5625
2668,6.6629,6.3955,1.7509,7.1914,477.0,42513.0,2266.5625
2669,7.2358,6.7965,1.7689,6.4195,474.0,35731.0,2266.5625
2670,6.3812,6.3743,1.6559,7.8961,472.0,35252.0,2266.5625
2671,7.9313,6.6285,1.87,6.8671,478.0,41565.0,2266.5625
2672,6.9275,6.8024,1.6765,6.6283,469.0,36536.0,2266.5625
2673,6.5788,6.3664,1.3755,6.9814,456.0,32357.0,2266.5625
2674,6.9494,6.9674,1.6811,7.1594,457.0,34225.0,2266.5625
2675,7.1662,6.3637,1.7285,7.3878,474.0,34467.0,2266.5625
2676,7.3668,6.9127,2.2592,7.1852,469.0,31575.0,2266.5625
2677,7.137,6.3903,1.9185,6.8216,472.0,32171.0,2266.5625
2678,6.8965,6.3949,2.0113,6.6137,470.0,32435.0,2266.5625
2679,6.61,6.9298,1.947,7.3138,474.0,43481.0,2266.5625
2680,7.3499,6.3054,1.6443,6.7437,474.0,34557.0,2266.5625
2681,6.7418,7.0296,1.6986,7.4781,457.0,32951.0,2266.5625
2682,7.5475,6.3899,1.7009,6.4852,434.0,31203.0,2266.5625
2683,6.5165,6.814,1.6781,7.2051,443.0,31839.0,2266.5625
2684,7.0646,6.2935,1.5284,6.897,429.0,31143.0,2266.5625
2685,6.8852,6.3789,1.3805,8.1202,480.0,33439.0,2266.5625
2686,8.1124,7.3191,1.5155,7.0872,472.0,33493.0,2266.5625
2687,7.2285,6.4699,2.5893,7.0583,476.0,33597.0,2266.5625
2688,6.9684,6.7856,2.3125,7.444,474.0,33061.0,2266.5625
2689,7.3976,6.4166,1.7706,6.4962,468.0,33317.0,2266.5625
2690,6.5152,6.8059,1.4161,7.2263,471.0,33553.0,2266.5625
2691,7.3345,6.3644,2.0369,6.8331,475.0,33423.0,2266.5625
2692,6.7483,6.3395,1.9754,6.876,472.0,33707.0,2266.5625
2693,6.9016,6.8356,1.6258,7.3902,469.0,39675.0,2266.5625
2694,7.4033,6.3627,1.4289,7.0709,474.0,32483.0,2266.5625
2695,6.9873,7.0397,1.4429,7.1722,471.0,34353.0,2266.5625
2696,7.151,6.499,1.7799,6.6217,474.0,33945.0,2266.5625
2697,6.7088,6.3992,1.415,7.5293,471.0,32415.0,2266.5625
2698,7.5736,6.7956,2.1629,6.6739,471.0,31983.0,2266.5625
2699,6.5591,6.4025,1.278,7.1122,472.0,34523.0,2266.5625
2700,7.1149,7.0263,1.3785,7.2979,473.0,34671.0,2266.5625
2701,7.3542,6.4234,1.7771,6.6996,474.0,34515.0,2266.5625
2702,6.7136,6.7397,1.9138,7.3221,477.0,37207.0,2266.5625
2703,7.2718,6.4092,2.1627,6.5437,478.0,38488.0,2266.5625
2704,6.5115,6.4086,1.6888,7.5639,479.0,53681.0,2266.5625
2705,7.7219,6.7708,1.7099,6.4029,468.0,35062.0,2266.5625
2706,6.2959,6.4077,1.4187,7.462,473.0,33377.0,2266.5625
2707,7.4711,7.0066,1.5693,6.7128,469.0,34279.0,2266.5625
2708,6.6317,6.4014,1.0564,7.5675,471.0,34459.0,2266.5625
2709,7.7353,6.8259,1.5776,6.6935,471.0,34207.0,2266.5625
2710,6.6315,6.3264,1.7563,7.3563,471.0,36005.0,2266.5625
2711,7.3569,6.3429,1.6154,6.9713,468.0,34647.0,2266.5625
2712,6.9589,7.0991,1.7528,6.7481,468.0,34801.0,2266.5625
2713,6.691,6.4328,1.2766,7.1051,466.0,33587.0,2266.5625
2714,7.1364,6.7714,1.4406,7.262,460.0,34225.0,2266.5625
2715,7.2243,6.3588,2.1293,6.7958,450.0,32259.0,2266.5625
2716,6.9084,6.382,2.0596,6.9415,447.0,31839.0,2266.5625
2717,6.8374,6.3072,1.5822,7.4872,475.0,36755.0,2266.5625
2718,7.5707,6.3431,1.6584,6.8861,456.0,35615.0,2266.5625
2719,6.8617,7.0159,1.6659,7.1699,476.0,37139.0,2266.5625
2720,7.1515,6.3191,1.6159,7.5566,473.0,42425.0,2266.5625
2721,7.6039,6.8233,2.0941,6.4828,476.0,40189.0,2266.5625
2722,6.4512,6.4312,1.8908,6.5811,470.0,36807.0,2266.5625
2723,6.5607,6.3136,1.5344,7.1868,468.0,34043.0,2266.5625
2724,7.2753,6.7258,1.7468,7.2457,469.0,33351.0,2266.5625
2725,7.1334,6.4743,1.5663,6.4289,470.0,35614.0,2266.5625
2726,6.5385,7.0147,1.7147,7.7434,477.0,40606.0,2266.5625
2727,7.6553,6.3834,1.603,7.1107,471.0,34767.0,2266.5625
2728,7.0843,6.8181,1.6191,7.3947,473.0,34327.0,2266.5625
2729,7.4063,6.3868,1.5651,7.3652,470.0,43383.0,2266.5625
2730,7.4401,6.3988,2.365,7.4277,471.0,55011.0,2266.5625
2731,7.4151,6.5038,1.8953,6.3901,474.0,67723.0,2266.5625
2732,6.3595,6.4435,1.5968,7.0596,471.0,50483.0,2266.5625
2733,7.1645,6.9367,1.6118,7.5734,479.0,50571.0,2266.5625
2734,7.581,6.3472,1.6908,7.0306,484.0,58263.0,2266.5625
2735,6.9469,6.7547,1.9044,7.4312,474.0,43475.0,2266.5625
2736,7.5862,6.5217,2.7172,6.3122,468.0,33685.0,2266.5625
2737,6.2384,6.3939,1.7515,7.4366,474.0,34815.0,2266.5625
2738,7.36,6.9288,1.8778,6.8668,475.0,34081.0,2266.5625
2739,6.9777,6.373,1.6481,8.2511,476.0,37369.0,2266.5625
2740,8.1156,6.876,1.7997,6.3602,467.0,37507.0,2266.5625
2741,6.488,6.412,2.3548,7.5451,470.0,37737.0,2266.5625
2742,7.457,6.7873,2.158,7.4221,469.0,38923.0,2266.5625
2743,7.4172,6.3462,1.9604,6.6843,471.0,36327.0,2266.5625
2744,6.7071,6.4217,2.3988,7.1307,474.0,38241.0,2266.5625
2745,7.0532,6.9798,1.8252,6.4392,460.0,37807.0,2266.5625
2746,6.4374,6.4229,1.3284,6.9395,456.0,49739.0,2266.5625
2747,6.9613,7.0523,1.5897,7.4666,472.0,43543.0,2266.5625
2748,7.4203,6.3667,1.5106,7.7072,473.0,44703.0,2266.5625
2749,7.7395,6.7902,2.2371,6.9689,480.0,47401.0,2266.5625
2750,7.0937,6.3624,2.3262,7.044,472.0,39397.0,2266.5625
2751,6.9734,6.3823,1.4393,6.5204,479.0,35579.0,2266.5625
2752,6.4988,6.4908,1.6896,7.4447,480.0,43439.0,2266.5625
2753,7.5018,6.3947,1.5719,6.864,449.0,33601.0,2266.5625
2754,6.8848,6.6925,1.8078,6.3295,439.0,31241.0,2266.5625
2755,6.2135,6.3518,1.9421,7.0246,434.0,31203.0,2266.5625
2756,7.0877,6.727,1.6639,7.1842,447.0,31983.0,2266.5625
2757,7.1564,6.3447,1.5226,7.1916,467.0,33327.0,2266.5625
2758,7.1932,6.2887,1.5666,7.0446,472.0,33387.0,2266.5625
2759,7.0434,6.9662,1.6248,7.4153,471.0,41297.0,2266.5625
2760,7.4262,6.308,1.5481,6.858,471.0,43226.0,2266.5625
2761,6.8646,6.7853,1.6295,6.5979,469.0,39230.0,2266.5625
2762,6.5773,6.3472,1.7774,7.6345,475.0,41167.0,2266.5625
2763,7.641,6.4787,1.9605,6.7271,471.0,42441.0,2266.5625
2764,6.8255,6.7517,1.7866,7.244,468.0,35703.0,2266.5625
2765,7.1332,6.4276,1.6109,6.8128,474.0,35276.0,2266.5625
2766,6.8609,6.9677,1.6853,7.3619,477.0,41553.0,2266.5625
2767,7.3385,6.3877,2.1036,6.9848,476.0,36598.0,2266.5625
2768,6.9731,6.7532,1.8456,6.528,456.0,32357.0,2266.5625
2769,6.5345,6.3921,1.4796,6.609,454.0,34189.0,2266.5625
2770,6.6929,6.2336,1.764,7.4983,476.0,34469.0,2266.5625
2771,7.443,6.8289,1.7255,6.8332,473.0,31623.0,2266.5625
2772,6.7948,6.3601,1.7238,6.8988,468.0,32123.0,2266.5625
2773,6.9556,7.1457,1.7913,8.0178,474.0,32483.0,2266.5625
2774,7.9581,6.3959,1.4656,6.9603,469.0,43421.0,2266.5625
2775,7.0145,6.7142,1.5934,6.9537,469.0,34497.0,2266.5625
2776,6.9586,6.3897,1.6872,6.5976,457.0,32951.0,2266.5625
2777,6.5573,6.3301,1.5458,7.1406,429.0,31143.0,2266.5625
2778,7.3005,6.7966,1.8615,6.8568,446.0,31875.0,2266.5625
2779,6.6917,6.3827,1.7053,6.3738,436.0,31227.0,2266.5625
2780,6.4048,6.9433,1.599,8.4309,474.0,33411.0,2266.5625
2781,8.3883,6.3687,1.8085,6.4857,472.0,33493.0,2266.5625
2782,6.5521,6.4307,2.0762,7.824,476.0,33597.0,2266.5625
2783,7.7557,6.9548,1.9775,6.5182,474.0,33039.0,2266.5625
2784,6.5559,6.3949,1.3936,7.7427,476.0,33413.0,2266.5625
2785,7.728,7.1096,1.8837,6.6856,475.0,33601.0,2266.5625
2786,6.747,6.3434,1.7192,6.4283,474.0,33389.0,2266.5625
2787,6.331,7.0232,1.471,7.7644,470.0,33683.0,2266.5625
2788,7.7427,6.3246,1.3437,6.7378,468.0,39663.0,2266.5625
2789,6.8641,6.3559,1.5798,6.6736,465.0,32375.0,2266.5625
2790,6.6315,6.8841,1.7903,7.1732,476.0,34413.0,2266.5625
2791,7.1316,6.3948,1.3944,7.9699,468.0,33873.0,2266.5625
2792,8.0417,6.8618,2.0944,6.7994,472.0,32427.0,2266.5625
2793,6.7717,6.3453,1.86,7.6964,472.0,31995.0,2266.5625
2794,7.7396,7.033,1.8616,6.7543,466.0,34451.0,2266.5625
2795,6.7291,6.4224,1.6977,6.7337,469.0,34623.0,2266.5625
2796,6.7258,6.4028,1.8572,6.8868,474.0,34559.0,2266.5625
2797,6.8606,6.928,1.8795,7.6249,477.0,37207.0,2266.5625
2798,7.6766,6.3346,1.8389,6.8752,474.0,38440.0,2266.5625
2799,6.8313,7.0221,1.7565,6.7777,491.0,53803.0,2266.5625
2800,6.8171,6.3734,1.7043,7.1708,470.0,35374.0,2266.5625
2801,7.2554,6.7558,1.9437,7.2823,477.0,33425.0,2266.5625
2802,7.168,6.3308,1.5595,6.5491,474.0,34317.0,2266.5625
2803,6.5636,6.3462,1.5959,7.7334,472.0,34471.0,2266.5625
2804,7.7236,6.8843,1.7546,6.988,473.0,34695.0,2266.5625
2805,7.0677,6.4547,2.0835,7.4236,473.0,35565.0,2266.5625
2806,7.3158,7.1236,1.8196,6.2917,465.0,34371.0,2266.5625
2807,6.3302,6.4482,1.6565,7.5205,473.0,34861.0,2266.5625
2808,7.6971,6.7989,1.6733,6.525,470.0,33731.0,2266.5625
2809,6.3234,6.371,1.6539,6.9164,452.0,33985.0,2266.5625
2810,6.9425,6.4565,1.6645,7.3687,457.0,32487.0,2266.5625
2811,7.3944,6.8185,1.8348,7.2325,441.0,31623.0,2266.5625
2812,7.191,6.3416,2.2188,7.1845,470.0,36739.0,2266.5625
2813,7.1606,6.9659,1.6113,6.9082,456.0,35615.0,2266.5625
2814,6.915,6.3316,1.6684,7.0864,474.0,37115.0,2266.5625
2815,7.1624,6.4398,1.9731,7.6614,476.0,42439.0,2266.5625
2816,7.5773,6.8809,1.5748,6.9921,469.0,40105.0,2266.5625
2817,6.9952,6.3809,1.4473,6.4924,471.0,36819.0,2266.5625
2818,6.4705,6.8374,1.2296,7.6414,472.0,34069.0,2266.5625
2819,7.651,6.3698,1.6556,6.9293,469.0,33351.0,2266.5625
2820,7.0385,7.0238,1.9174,7.0056,471.0,35626.0,2266.5625
2821,6.9553,6.3768,1.782,6.6776,479.0,40630.0,2266.5625
2822,6.661,6.3457,2.3156,7.7503,470.0,34755.0,2266.5625
2823,7.7128,6.8266,1.5984,6.1394,472.0,34315.0,2266.5625
2824,6.1294,6.3721,1.5201,7.632,472.0,43407.0,2266.5625
2825,7.6186,6.8505,2.1814,6.7907,470.0,54999.0,2266.5625
2826,6.8941,6.3727,1.6189,6.9137,474.0,67723.0,2266.5625
2827,7.0071,7.1786,1.7519,8.1087,469.0,50459.0,2266.5625
2828,8.0083,6.4144,1.7031,6.4301,471.0,50519.0,2266.5625
2829,6.3817,6.3808,1.7125,7.1715,480.0,58215.0,2266.5625
2830,7.2515,6.4986,1.7203,6.8414,474.0,43475.0,2266.5625
2831,6.7366,6.4012,1.3105,8.1187,475.0,33747.0,2266.5625
2832,8.2169,6.8726,1.6639,6.1644,472.0,34791.0,2266.5625
2833,6.1247,6.363,1.5688,7.5038,476.0,34093.0,2266.5625
2834,7.5559,7.021,1.8025,7.1446,478.0,37371.0,2266.5625
2835,7.0692,6.351,1.7917,6.2842,469.0,37579.0,2266.5625
2836,6.3532,6.3297,1.7615,7.3484,473.0,38141.0,2266.5625
2837,7.2722,6.4808,1.5641,6.8848,473.0,38603.0,2266.5625
2838,6.9324,6.3457,1.5604,7.5015,472.0,36767.0,2266.5625
2839,7.4944,7.0314,1.5977,6.6051,474.0,38575.0,2266.5625
2840,6.5989,6.3468,1.5566,7.6578,458.0,36973.0,2266.5625
2841,7.716,6.7486,1.6928,6.4918,450.0,49667.0,2266.5625
2842,6.4377,6.3549,1.6717,6.7885,470.0,43519.0,2266.5625
2843,6.7988,6.3827,1.5236,7.2984,475.0,44727.0,2266.5625
2844,7.2714,6.7911,1.7066,6.5747,468.0,47301.0,2266.5625
2845,6.5786,6.2726,1.7718,8.1771,476.0,39445.0,2266.5625
2846,8.2232,7.0202,1.7364,6.4349,473.0,35507.0,2266.5625
2847,6.4435,6.414,1.5436,6.9517,477.0,43381.0,2266.5625
2848,6.88,6.396,1.4954,6.9069,448.0,33589.0,2266.5625
2849,6.8926,6.7906,1.2643,6.913,439.0,31241.0,2266.5625
2850,6.9257,6.3601,1.114,7.5256,437.0,31217.0,2266.5625
2851,7.5865,6.782,1.5699,6.6804,449.0,32007.0,2266.5625
2852,6.6796,6.3171,1.809,6.9214,472.0,33387.0,2266.5625
2853,6.8939,7.0407,1.925,7.2285,473.0,33399.0,2266.5625
2854,7.2598,6.3675,2.3188,6.5249,474.0,41333.0,2266.5625
2855,6.4901,6.3481,1.7051,7.6431,470.0,43214.0,2266.5625
2856,7.6497,6.8065,2.1704,6.6097,474.0,39290.0,2266.5625
2857,6.5944,6.3448,2.0445,6.7825,474.0,41155.0,2266.5625
2858,6.7647,6.8082,1.3657,7.2757,476.0,42501.0,2266.5625
2859,7.3314,6.3853,1.398,7.0657,472.0,35751.0,2266.5625
2860,7.0456,6.5599,1.5437,7.5823,471.0,35284.0,2266.5625
2861,7.5433,6.3916,1.3484,6.741,478.0,41565.0,2266.5625
2862,6.806,6.3479,1.5279,7.8191,473.0,36562.0,2266.5625
2863,7.7508,6.9608,1.8036,6.5011,459.0,32371.0,2266.5625
2864,6.6447,6.3863,2.2353,6.3173,456.0,34213.0,2266.5625
2865,6.1938,6.7749,1.814,7.693,473.0,34433.0,2266.5625
2866,7.7072,6.3424,1.6329,6.6983,471.0,31577.0,2266.5625
2867,6.6449,6.5305,1.5605,7.278,473.0,32183.0,2266.5625
2868,7.3781,6.4024,1.8726,6.8572,467.0,32399.0,2266.5625
2869,6.8712,6.4283,1.6657,7.382,468.0,43409.0,2266.5625
2870,7.4976,6.7832,1.8503,7.1475,469.0,34497.0,2266.5625
2871,6.9671,6.3152,1.6982,6.6033,457.0,32951.0,2266.5625
2872,6.6481,6.7736,1.7159,7.3642,434.0,31203.0,2266.5625
2873,7.3866,6.4356,1.9557,5.8505,445.0,31863.0,2266.5625
2874,5.8244,6.3273,1.5853,6.8326,435.0,31215.0,2266.5625
2875,6.8408,6.7198,1.5384,7.468,474.0,33411.0,2266.5625
2876,7.469,6.2757,1.5081,7.1519,471.0,33525.0,2266.5625
2877,7.1231,6.7898,1.629,7.3256,474.0,33573.0,2266.5625
2878,7.3293,6.3681,1.7019,7.0149,478.0,33087.0,2266.5625
2879,7.0259,7.0393,1.6339,7.2612,473.0,33355.0,2266.5625
2880,7.3151,6.3509,1.5998,6.6559,471.0,33553.0,2266.5625
2881,6.5982,6.3017,1.6328,7.2692,471.0,33353.0,2266.5625
2882,7.308,6.81,1.8225,6.524,468.0,33637.0,2266.5625
2883,6.4697,6.3252,1.7638,7.5982,471.0,39699.0,2266.5625
2884,7.5821,6.7993,1.5816,6.7319,472.0,32459.0,2266.5625
2885,6.7174,6.4074,1.5698,7.1908,473.0,34377.0,2266.5625
2886,7.3,6.6225,2.8249,7.5358,469.0,33885.0,2266.5625
2887,7.5402,6.8221,1.8332,7.0055,471.0,32415.0,2266.5625
2888,7.0187,6.4556,2.0769,6.856,471.0,31983.0,2266.5625
2889,6.8906,6.8808,1.8845,7.0902,474.0,34547.0,2266.5625
2890,7.107,6.3497,1.9126,7.4635,473.0,34671.0,2266.5625
2891,7.32,6.7017,1.6817,6.4419,471.0,34523.0,2266.5625
2892,6.4791,6.3635,1.5721,6.4747,471.0,37179.0,2266.5625
2893,6.4811,6.4481,1.8064,7.2417,474.0,38440.0,2266.5625
2894,7.284,6.5835,1.6366,7.6992,481.0,53683.0,2266.5625
2895,7.6677,6.6897,1.8264,6.6317,482.0,35592.0,2266.5625
2896,6.6328,6.8013,1.6647,7.9882,470.0,33341.0,2266.5625
2897,8.0111,6.3261,1.972,6.2219,474.0,34317.0,2266.5625
2898,6.195,6.7572,1.8504,7.6186,472.0,34449.0,2266.5625
2899,7.624,6.4105,2.4629,6.6431,467.0,34623.0,2266.5625
2900,6.6193,6.2672,1.5772,6.8567,470.0,36063.0,2266.5625
2901,6.8696,7.0503,1.7095,6.8856,469.0,33981.0,2266.5625
2902,6.8521,6.291,1.319,7.121,475.0,34885.0,2266.5625
2903,7.1717,6.784,1.7692,6.9254,467.0,33743.0,2266.5625
2904,6.8895,6.3818,1.5321,7.2627,457.0,33805.0,2266.5625
2905,7.3271,6.4189,2.0125,7.4138,453.0,32439.0,2266.5625
2906,7.3565,6.3859,1.7972,6.474,446.0,31683.0,2266.5625
2907,6.4988,6.3156,1.7378,7.6213,473.0,36775.0,2266.5625
2908,7.622,6.958,2.0751,6.5716,452.0,35611.0,2266.5625
2909,6.5686,6.3528,1.7322,7.8161,478.0,37163.0,2266.5625
2910,7.8471,6.7706,2.4019,6.373,477.0,42451.0,2266.5625
2911,6.3122,6.443,1.6044,6.4552,474.0,40143.0,2266.5625
2912,6.5021,6.408,1.5534,8.1668,474.0,36855.0,2266.5625
2913,8.1149,6.8399,1.6541,6.2088,475.0,34105.0,2266.5625
2914,6.3277,6.3716,1.7151,8.07,467.0,33305.0,2266.5625
2915,8.0022,6.9946,1.5841,6.1922,474.0,35662.0,2266.5625
2916,6.1274,6.2816,1.6027,7.714,475.0,40582.0,2266.5625
2917,7.9214,7.0267,2.336,6.8777,470.0,34755.0,2266.5625
2918,6.7155,6.3687,2.5954,7.0986,472.0,34315.0,2266.5625
2919,7.0553,6.5637,2.0244,7.0368,470.0,43383.0,2266.5625
2920,7.034,6.8567,1.7588,6.7993,471.0,55011.0,2266.5625
2921,6.9763,6.4204,1.5884,7.3308,468.0,67651.0,2266.5625
2922,7.1984,6.8701,1.7058,7.3767,469.0,50459.0,2266.5625
2923,7.3586,6.4397,1.7665,7.8137,473.0,50543.0,2266.5625
2924,7.866,7.0619,2.1134,6.9912,476.0,58211.0,2266.5625
2925,6.9336,6.3627,1.7379,6.6561,475.0,43487.0,2266.5625
2926,6.7147,6.5577,1.9732,7.903,477.0,33771.0,2266.5625
2927,7.9598,7.1677,2.0545,7.6509,474.0,34793.0,2266.5625
2928,7.6085,6.3923,1.9383,7.2681,473.0,34057.0,2266.5625
2929,7.204,6.7746,1.5923,6.4794,481.0,37407.0,2266.5625
2930,6.5205,6.3469,1.6434,6.9267,469.0,37557.0,2266.5625
2931,6.9726,7.0011,1.8205,6.9883,476.0,38177.0,2266.5625
2932,6.9959,6.3227,1.8678,6.4621,469.0,38555.0,2266.5625
2933,6.3882,6.6486,1.4693,8.1458,469.0,36731.0,2266.5625
2934,8.1889,6.7828,1.3708,6.5948,470.0,38527.0,2266.5625
2935,6.6088,6.3839,1.2694,6.9803,456.0,36949.0,2266.5625
2936,6.958,6.8108,1.5346,7.199,455.0,49727.0,2266.5625
2937,7.2064,6.3094,2.3602,7.1628,471.0,43531.0,2266.5625
2938,7.1573,7.0286,1.6836,7.3598,474.0,44715.0,2266.5625
2939,7.4056,6.3761,2.0961,7.6096,470.0,47325.0,2266.5625
2940,7.6772,6.6051,1.9834,7.0762,471.0,39429.0,2266.5625
2941,6.9678,6.8437,1.6114,6.1056,476.0,35543.0,2266.5625
2942,6.1205,6.3668,1.7036,7.5576,482.0,43441.0,2266.5625
2943,7.5148,6.7814,1.5263,6.9336,452.0,33615.0,2266.5625
2944,6.9528,6.5085,2.1464,6.7462,439.0,31241.0,2266.5625
2945,6.8028,6.9787,2.537,7.9055,435.0,31193.0,2266.5625
2946,7.8596,6.2458,1.7569,6.1392,445.0,31937.0,2266.5625
2947,6.1412,6.326,1.7685,8.2187,470.0,33363.0,2266.5625
2948,8.2516,7.0043,1.9415,6.7657,475.0,33423.0,2266.5625
2949,6.738,6.3485,1.8553,7.1517,468.0,41261.0,2266.5625
2950,7.1825,6.7941,1.7142,6.696,471.0,43226.0,2266.5625
2951,6.6345,6.4004,1.6838,6.706,470.0,39242.0,2266.5625
2952,6.765,6.6056,1.8371,7.288,469.0,41095.0,2266.5625
2953,7.2547,6.3941,1.8963,7.078,475.0,42489.0,2266.5625
2954,7.1299,6.3298,1.4972,8.2682,473.0,35763.0,2266.5625
2955,8.2665,6.9792,1.8676,6.6205,471.0,35284.0,2266.5625
2956,6.6059,6.3339,1.8831,7.6057,475.0,41573.0,2266.5625
2957,7.6096,6.8745,1.7552,6.5945,479.0,36634.0,2266.5625
2958,6.5599,6.3839,1.7243,6.6506,459.0,32371.0,2266.5625
2959,6.6885,7.0014,1.8754,7.5274,460.0,34239.0,2266.5625
2960,7.5386,6.3573,1.7155,7.3432,473.0,34433.0,2266.5625
2961,7.3074,6.4484,1.8128,6.5723,477.0,31649.0,2266.5625
2962,6.5417,6.8014,1.7913,7.0772,473.0,32161.0,2266.5625
2963,7.0563,6.3835,1.2995,7.0468,473.0,32471.0,2266.5625
2964,7.0989,6.9804,1.3177,6.9164,472.0,43457.0,2266.5625
2965,6.9365,6.4122,1.5951,7.6569,471.0,34521.0,2266.5625
2966,7.7776,6.6371,2.1302,6.3116,456.0,32939.0,2266.5625
2967,6.1596,6.3681,1.7719,7.0382,431.0,31167.0,2266.5625
2968,7.0214,6.3678,1.5708,7.3278,448.0,31899.0,2266.5625
2969,7.3674,7.0336,1.8254,7.8761,434.0,31203.0,2266.5625
2970,7.8826,6.305,1.7413,6.7117,472.0,33387.0,2266.5625
2971,6.7199,6.9468,1.6289,6.5843,469.0,33501.0,2266.5625
2972,6.5729,6.3543,1.5265,6.7655,472.0,33593.0,2266.5625
2973,6.7625,6.5665,1.4501,7.798,472.0,33015.0,2266.5625
2974,7.7825,6.8131,1.8535,7.9054,471.0,33331.0,2266.5625
2975,7.878,6.456,1.9278,6.3918,474.0,33567.0,2266.5625
2976,6.4414,6.8509,1.7416,7.2774,472.0,33365.0,2266.5625
2977,7.3443,6.3806,2.236,7.2399,472.0,33685.0,2266.5625
2978,7.2275,7.0605,1.6682,7.1508,472.0,39689.0,2266.5625
2979,7.0887,6.3931,2.6208,6.568,470.0,32435.0,2266.5625
2980,6.7831,6.5283,2.0191,7.6687,474.0,34389.0,2266.5625
2981,7.492,6.9073,2.3785,6.669,471.0,33909.0,2266.5625
2982,6.6421,6.3719,1.8453,7.2513,471.0,32415.0,2266.5625
2983,7.2277,6.7728,1.5348,6.8429,473.0,32007.0,2266.5625
2984,6.8606,6.4186,1.8128,7.2456,470.0,34499.0,2266.5625
2985,7.1912,7.0123,2.0491,7.4224,469.0,34623.0,2266.5625
2986,7.4448,6.3518,1.3637,6.8567,468.0,34487.0,2266.5625
2987,6.8989,6.5611,1.6685,6.7,467.0,37131.0,2266.5625
2988,6.689,6.8173,1.4995,7.5349,473.0,38472.0,2266.5625
2989,7.4756,6.361,1.5761,7.1352,487.0,53755.0,2266.5625
2990,7.2163,6.8077,1.5583,6.8162,479.0,35556.0,2266.5625
2991,6.7578,6.3771,1.4832,6.9714,474.0,33367.0,2266.5625
2992,7.1048,6.9912,2.1636,7.1989,473.0,34305.0,2266.5625
2993,7.1033,6.3497,1.6141,6.385,471.0,34437.0,2266.5625
2994,6.3701,6.2527,1.6727,7.4697,477.0,34721.0,2266.5625
2995,7.5281,7.0546,1.7906,7.0577,473.0,36099.0,2266.5625
2996,7.0109,6.365,1.6544,7.4207,471.0,34149.0,2266.5625
2997,7.4896,6.7776,2.0005,6.4678,472.0,34849.0,2266.5625
2998,6.4195,6.3759,1.7154,7.1999,468.0,34267.0,2266.5625
2999,7.2402,6.5673,1.8837,6.8341,443.0,32981.0,2266.5625
3000,6.7723,6.3768,1.6072,6.9038,461.0,32535.0,2266.5625
3001,6.9575,6.3702,1.5067,6.7676,439.0,31599.0,2266.5625
3002,6.7083,6.6998,1.4741,7.5053,471.0,36751.0,2266.5625
3003,7.4576,6.2922,1.5463,7.292,451.0,35599.0,2266.5625
3004,7.407,6.5282,1.7803,7.1024,468.0,37087.0,2266.5625
3005,7.1099,6.3068,1.5181,6.3887,474.0,42415.0,2266.5625
3006,6.4688,6.5755,2.5706,7.8384,476.0,40167.0,2266.5625
3007,7.7322,6.7967,1.9938,6.5159,479.0,36893.0,2266.5625
3008,6.4582,6.4355,1.6483,7.2673,470.0,34045.0,2266.5625
3009,7.3085,6.7913,1.7144,8.0076,477.0,33425.0,2266.5625
3010,8.6055,6.3863,2.2347,6.946,472.0,35616.0,2266.5625
3011,6.3902,6.9975,1.7327,7.2645,479.0,40630.0,2266.5625
3012,7.2404,6.5024,1.7412,6.3382,475.0,34815.0,2266.5625
3013,6.355,6.5989,1.9563,7.6789,471.0,34303.0,2266.5625
3014,7.6056,6.8274,1.7325,6.6375,473.0,43419.0,2266.5625
3015,6.6499,6.4752,1.7929,7.2251,474.0,55047.0,2266.5625
3016,7.2021,6.8897,1.4861,7.1543,470.0,67675.0,2266.5625
3017,7.1344,6.3951,1.2428,7.2766,472.0,50495.0,2266.5625
3018,7.4317,7.05,1.4326,7.3301,475.0,50567.0,2266.5625
3019,7.2693,6.3994,1.7126,6.3343,473.0,58175.0,2266.5625
3020,6.3264,6.6031,1.6884,8.1028,473.0,43507.0,2266.5625
3021,8.1378,6.8998,2.1934,6.415,474.0,33735.0,2266.5625
3022,6.4581,6.4003,1.7238,7.4466,473.0,34781.0,2266.5625
3023,7.3943,6.8213,1.6272,6.7794,477.0,34083.0,2266.5625
3024,6.7397,6.4422,1.5281,7.3431,477.0,37359.0,2266.5625
3025,7.3101,6.9979,1.341,7.9257,472.0,37593.0,2266.5625
3026,8.0249,6.4315,1.7427,6.1824,471.0,38095.0,2266.5625
3027,6.1291,6.5351,1.7318,7.9012,470.0,38567.0,2266.5625
3028,7.9181,6.8595,1.7542,6.2812,468.0,36719.0,2266.5625
3029,6.2457,6.3815,1.3326,7.6605,472.0,38551.0,2266.5625
3030,7.7473,6.9101,1.6717,6.3921,458.0,36973.0,2266.5625
3031,6.2887,6.4727,1.4679,7.2735,457.0,49751.0,2266.5625
3032,7.3768,7.03,1.6748,7.2765,469.0,43507.0,2266.5625
3033,7.2133,6.3229,1.6701,6.7391,472.0,44691.0,2266.5625
3034,6.7215,6.4356,1.5427,7.781,472.0,47349.0,2266.5625
3035,7.7622,6.914,1.4219,6.4375,470.0,39417.0,2266.5625
3036,6.4834,6.3685,1.614,8.4149,475.0,35575.0,2266.5625
3037,8.3702,6.8308,1.85,6.3524,478.0,43393.0,2266.5625
3038,6.3529,6.3572,1.5632,7.1452,448.0,33567.0,2266.5625
3039,7.1553,7.0748,2.0684,6.684,438.0,31207.0,2266.5625
3040,6.6615,6.3213,1.4101,6.6528,432.0,31157.0,2266.5625
3041,6.7656,6.3071,1.6003,7.557,449.0,31985.0,2266.5625
3042,7.5084,6.8065,1.6281,6.9891,474.0,33389.0,2266.5625
3043,6.9947,6.3042,1.8069,7.3989,473.0,33399.0,2266.5625
3044,7.3822,7.0732,2.5963,6.7136,471.0,41297.0,2266.5625
3045,6.7411,6.3656,1.7768,7.3047,471.0,43226.0,2266.5625
3046,7.3037,7.0388,1.6224,7.2997,470.0,39242.0,2266.5625
3047,7.2679,6.3622,1.5601,6.7901,475.0,41167.0,2266.5625
3048,6.7861,6.4365,1.5656,7.0578,477.0,42513.0,2266.5625
3049,7.191,6.834,1.7,7.5431,473.0,35763.0,2266.5625
3050,7.372,6.4048,1.5171,6.9611,469.0,35260.0,2266.5625
3051,7.0433,6.9903,1.8279,6.7485,470.0,41513.0,2266.5625
3052,6.6926,6.4066,1.7877,7.8114,470.0,36570.0,2266.5625
3053,7.8858,6.633,2.7394,7.1345,463.0,32419.0,2266.5625
3054,7.1053,6.4026,2.2614,6.8452,456.0,34191.0,2266.5625
3055,6.8155,6.4824,1.6813,6.7902,474.0,34423.0,2266.5625
3056,6.8946,6.9134,1.6487,7.1715,473.0,31601.0,2266.5625
3057,7.057,6.3701,2.0047,6.9836,468.0,32101.0,2266.5625
3058,6.9888,7.0245,1.5643,7.2929,473.0,32449.0,2266.5625
3059,7.3084,6.3626,1.7114,6.7372,473.0,43469.0,2266.5625
3060,6.7433,6.5074,1.545,7.8536,472.0,34533.0,2266.5625
3061,7.8863,6.4285,1.5596,5.9865,457.0,32951.0,2266.5625
3062,6.0891,6.342,1.6343,7.8305,438.0,31251.0,2266.5625
3063,7.707,6.8116,1.5827,6.3543,447.0,31887.0,2266.5625
3064,6.3445,6.3223,1.6423,7.3497,437.0,31239.0,2266.5625
3065,7.397,6.409,1.855,9.449,470.0,33363.0,2266.5625
3066,9.5185,6.409,1.551,6.0084,475.0,33573.0,2266.5625
3067,6.0519,6.5588,2.6982,7.5483,471.0,33581.0,2266.5625
3068,7.4298,7.1187,2.0513,6.7669,474.0,33083.0,2266.5625
3069,6.7884,6.4568,1.6233,7.3313,475.0,33379.0,2266.5625
3070,7.2753,6.8341,1.8725,7.0151,475.0,33579.0,2266.5625
3071,7.0637,6.4048,1.7365,7.0682,474.0,33367.0,2266.5625
3072,7.0428,7.0213,1.6798,7.0556,468.0,33637.0,2266.5625
3073,7.0,6.3944,1.5594,6.7855,475.0,39725.0,2266.5625
3074,6.8656,6.5481,1.6867,7.3762,472.0,32437.0,2266.5625
3075,7.2808,6.8381,1.5244,6.6314,472.0,34365.0,2266.5625
3076,6.6807,6.3649,1.9414,7.5274,470.0,33897.0,2266.5625
3077,7.5334,7.0278,1.981,7.19,471.0,32415.0,2266.5625
3078,7.1968,6.3283,1.6878,7.1348,469.0,31959.0,2266.5625
3079,7.1074,7.0742,1.6265,7.1242,467.0,34463.0,2266.5625
3080,7.1702,6.3398,1.411,6.7712,470.0,34635.0,2266.5625
3081,6.818,6.4183,2.3154,6.9806,469.0,34499.0,2266.5625
3082,6.8835,6.8157,2.0546,7.6717,471.0,37179.0,2266.5625
3083,7.73,6.4508,1.6884,6.7896,472.0,38460.0,2266.5625
3084,6.7737,6.9909,1.6414,6.9358,482.0,53739.0,2266.5625
3085,6.937,6.4395,1.6853,7.7343,479.0,35556.0,2266.5625
3086,7.8451,7.0192,1.857,6.9132,476.0,33391.0,2266.5625
3087,6.8215,6.4394,1.7457,7.768,475.0,34307.0,2266.5625
3088,7.727,6.5009,2.4648,6.5115,475.0,34485.0,2266.5625
3089,6.6448,6.4314,2.2463,7.0587,471.0,34649.0,2266.5625
3090,6.952,6.3822,1.6419,7.0934,472.0,36065.0,2266.5625
3091,7.1139,7.0237,1.8349,7.2948,467.0,34101.0,2266.5625
3092,7.2712,6.3729,1.7629,6.8744,468.0,34801.0,2266.5625
3093,6.8739,6.9836,1.455,7.379,470.0,34291.0,2266.5625
3094,7.4271,6.4016,1.6646,6.2818,448.0,33041.0,2266.5625
3095,6.212,6.3212,1.5523,6.7005,459.0,32559.0,2266.5625
3096,6.6971,6.9975,1.8494,7.7745,441.0,31575.0,2266.5625
3097,7.8108,6.36,1.9795,7.5597,470.0,36739.0,2266.5625
3098,7.6255,6.8751,1.976,6.975,451.0,35599.0,2266.5625
3099,6.8532,6.4554,2.117,7.593,475.0,37171.0,2266.5625
3100,7.6092,7.0708,1.6077,6.9309,473.0,42447.0,2266.5625
3101,6.9749,6.418,1.764,6.3703,474.0,40143.0,2266.5625
3102,6.3544,6.3534,1.6808,7.6079,477.0,36869.0,2266.5625
3103,7.6441,6.9311,2.5559,7.0277,471.0,34035.0,2266.5625
3104,6.986,6.4664,1.7483,6.7151,468.0,33317.0,2266.5625
3105,6.8664,7.0072,1.8253,6.9198,479.0,35700.0,2266.5625
3106,6.8306,6.3207,1.7062,6.6401,477.0,40584.0,2266.5625
3107,6.6668,7.0641,1.7903,7.8434,471.0,34767.0,2266.5625
3108,7.7758,6.4456,1.4097,6.7454,470.0,34291.0,2266.5625
3109,6.7993,6.4187,1.4368,7.6873,468.0,43359.0,2266.5625
3110,7.6575,6.6843,2.5097,7.0267,470.0,54999.0,2266.5625
3111,6.9814,6.3944,1.6117,7.0696,472.0,67699.0,2266.5625
3112,7.1203,7.0867,1.867,7.2505,475.0,50531.0,2266.5625
3113,7.1961,6.4119,1.6845,6.9813,471.0,50519.0,2266.5625
3114,7.0202,7.0212,1.5862,7.1672,481.0,58271.0,2266.5625
3115,7.1353,6.4088,1.6258,6.5636,470.0,43471.0,2266.5625
3116,6.5955,6.3154,1.6361,7.8159,474.0,33779.0,2266.5625
3117,7.8081,6.9504,1.5046,6.5994,478.0,34841.0,2266.5625
3118,6.6531,6.3295,1.3865,8.1402,475.0,34059.0,2266.5625
3119,8.1445,7.0551,1.622,6.838,483.0,37409.0,2266.5625
3120,6.8032,6.4365,1.8066,8.0185,475.0,37629.0,2266.5625
3121,8.0199,7.0086,1.8741,7.0174,473.0,38119.0,2266.5625
3122,6.972,6.4215,1.7481,6.365,473.0,38581.0,2266.5625
3123,6.4209,6.3718,1.6474,7.0844,473.0,36779.0,2266.5625
3124,7.1668,7.016,1.9559,7.4217,468.0,38503.0,2266.5625
3125,7.3164,6.3882,1.6473,6.5069,459.0,36985.0,2266.5625
3126,6.5657,7.0693,1.6048,7.1746,455.0,49727.0,2266.5625
3127,7.153,6.4136,1.6043,7.3664,469.0,43507.0,2266.5625
3128,7.3937,6.8289,1.6528,6.8214,473.0,44703.0,2266.5625
3129,6.7767,6.3709,1.481,7.0928,469.0,47313.0,2266.5625
3130,7.0617,6.3627,1.6432,6.9944,472.0,39441.0,2266.5625
3131,6.9747,6.8119,1.6448,7.6658,469.0,35503.0,2266.5625
3132,7.7249,6.3787,1.6523,6.7805,473.0,43377.0,2266.5625
3133,6.7371,7.0211,1.769,7.6697,449.0,33579.0,2266.5625
3134,7.6489,6.3887,1.6003,6.0424,439.0,31219.0,2266.5625
3135,6.1909,6.4084,1.9596,7.6711,437.0,31195.0,2266.5625
3136,7.6837,6.3329,1.6882,6.266,452.0,32021.0,2266.5625
3137,6.1708,6.4088,1.6957,7.6884,470.0,33341.0,2266.5625
3138,7.7662,7.0148,1.7472,7.4162,474.0,33389.0,2266.5625
3139,7.325,6.5018,1.9617,6.9906,473.0,41321.0,2266.5625
3140,7.0082,7.0874,1.8522,7.2338,470.0,43214.0,2266.5625
3141,7.2502,6.4328,1.8336,6.91,474.0,39290.0,2266.5625
3142,6.9836,6.3628,2.2848,7.5308,471.0,41119.0,2266.5625
3143,7.4714,6.8332,1.7963,6.722,472.0,42453.0,2266.5625
3144,6.6675,6.4145,1.7201,7.4092,470.0,35727.0,2266.5625
3145,7.4715,7.0584,1.7262,6.5572,466.0,35224.0,2266.5625
3146,6.4659,6.449,1.5385,7.2471,474.0,41561.0,2266.5625
3147,7.337,7.02,1.9007,7.3383,475.0,36630.0,2266.5625
3148,7.2662,6.3475,1.6499,6.1911,456.0,32379.0,2266.5625
3149,6.1533,6.3524,1.4152,7.7471,458.0,34215.0,2266.5625
3150,7.7541,6.8205,1.5798,6.7187,475.0,34435.0,2266.5625
3151,6.6946,6.4145,1.3841,7.6701,473.0,31579.0,2266.5625
3152,7.7514,7.0389,1.6622,6.8926,476.0,32197.0,2266.5625
3153,6.8518,6.3816,1.5182,6.9895,475.0,32473.0,2266.5625
3154,6.9733,7.0199,1.5658,7.4924,474.0,43459.0,2266.5625
3155,7.6537,6.426,1.8901,6.619,470.0,34509.0,2266.5625
3156,6.5215,6.4097,1.7615,7.4467,453.0,32903.0,2266.5625
3157,7.5412,6.8817,1.7329,6.3137,430.0,31155.0,2266.5625
3158,6.1964,6.4092,1.661,7.8706,451.0,31935.0,2266.5625
3159,7.9248,6.9386,1.7472,6.3792,435.0,31215.0,2266.5625
3160,6.3292,6.362,1.6204,8.3466,469.0,33351.0,2266.5625
3161,8.4353,6.7773,1.9501,7.2018,472.0,33537.0,2266.5625
3162,7.1824,6.3317,1.8486,7.9497,466.0,33521.0,2266.5625
3163,7.9991,6.5969,2.1818,7.0568,471.0,33047.0,2266.5625
3164,6.9356,6.8187,1.5949,6.5832,473.0,33399.0,2266.5625
3165,6.575,6.4176,1.3194,7.1812,476.0,33591.0,2266.5625
3166,7.1687,7.0912,1.3094,7.1635,474.0,33367.0,2266.5625
3167,7.3098,6.4411,1.7719,7.2697,477.0,33723.0,2266.5625
3168,7.2389,6.8789,2.4501,6.8168,474.0,39713.0,2266.5625
3169,6.8377,6.4194,2.1062,6.6688,475.0,32473.0,2266.5625
3170,6.5722,6.6272,1.77,7.2731,473.0,34355.0,2266.5625
3171,7.2873,6.8414,1.9346,7.4215,475.0,33957.0,2266.5625
3172,7.4852,6.3821,1.8466,6.9443,470.0,32403.0,2266.5625
3173,6.9582,6.7689,2.1877,6.9016,474.0,32019.0,2266.5625
3174,6.8664,6.4017,1.9105,6.981,472.0,34523.0,2266.5625
3175,6.9934,6.9654,1.9091,7.5812,470.0,34635.0,2266.5625
3176,7.527,6.3507,2.432,6.8698,471.0,34523.0,2266.5625
3177,6.819,6.4907,1.9131,7.3515,466.0,37119.0,2266.5625
3178,7.4396,6.8581,1.8517,6.7443,474.0,38484.0,2266.5625
3179,6.6789,6.3946,1.6024,6.6579,483.0,53751.0,2266.5625
3180,6.6941,6.9948,1.4998,7.3657,473.0,35528.0,2266.5625
3181,7.3155,6.3635,1.7828,7.3896,474.0,33367.0,2266.5625
3182,7.3796,6.8047,1.4967,7.2831,476.0,34319.0,2266.5625
3183,7.3494,6.4055,1.5763,6.4786,473.0,34439.0,2266.5625
3184,6.3811,6.3828,1.4844,7.157,469.0,34625.0,2266.5625
3185,7.1916,7.0788,1.5387,6.9726,472.0,36065.0,2266.5625
3186,6.9661,6.3348,1.4678,7.1745,471.0,34127.0,2266.5625
3187,7.1875,7.0225,1.5002,7.5046,470.0,34825.0,2266.5625
3188,7.591,6.3727,1.6337,7.0939,471.0,34303.0,2266.5625
3189,7.0591,6.9898,1.6556,7.0877,448.0,33041.0,2266.5625
3190,7.019,6.4073,1.4702,6.1179,459.0,32607.0,2266.5625
3191,6.22,6.3699,1.6389,7.765,442.0,31587.0,2266.5625
3192,7.7501,6.8604,1.5015,7.1775,472.0,36763.0,2266.5625
3193,7.0849,6.288,1.5427,7.4195,453.0,35575.0,2266.5625
3194,7.4507,7.0272,1.4112,6.9902,469.0,37099.0,2266.5625
3195,6.9702,6.3991,1.561,6.3358,468.0,42387.0,2266.5625
3196,6.6666,6.9919,1.8467,7.586,469.0,40127.0,2266.5625
3197,7.3261,6.394,1.4894,7.1263,472.0,36809.0,2266.5625
3198,7.1063,6.4269,1.4541,6.8193,473.0,34059.0,2266.5625
3199,6.8914,7.0872,1.4319,7.14,476.0,33391.0,2266.5625
3200,7.0022,6.3864,1.3809,7.9297,477.0,35676.0,2266.5625
3201,8.0568,7.069,1.5155,6.3498,478.0,40596.0,2266.5625
3202,6.2762,6.3605,1.5426,7.5586,471.0,34745.0,2266.5625
3203,7.6937,6.358,1.9631,7.2468,471.0,34303.0,2266.5625
3204,7.1712,6.8521,1.8072,6.5203,474.0,43431.0,2266.5625
3205,6.4889,6.4441,1.8521,7.2708,472.0,55023.0,2266.5625
3206,7.2808,7.0515,1.7608,7.049,472.0,67699.0,2266.5625
3207,7.0759,6.3871,1.7482,7.9885,473.0,50507.0,2266.5625
3208,8.0005,7.1368,1.8168,7.0906,470.0,50507.0,2266.5625
3209,7.0126,6.3874,1.7706,6.6791,472.0,58163.0,2266.5625
3210,6.7451,6.4187,1.6649,6.7785,477.0,43555.0,2266.5625
3211,6.7611,6.8225,1.7058,7.4286,470.0,33731.0,2266.5625
3212,7.3731,6.4396,1.4763,6.9623,470.0,34789.0,2266.5625
3213,6.9858,7.0141,1.376,7.1541,475.0,34059.0,2266.5625
3214,7.2011,6.4169,1.3907,7.403,478.0,37349.0,2266.5625
3215,7.4124,7.0503,1.6382,7.2697,472.0,37571.0,2266.5625
3216,7.2928,6.3943,1.4868,6.4894,475.0,38143.0,2266.5625
3217,6.467,6.3623,1.9401,7.2235,477.0,38629.0,2266.5625
3218,7.2163,6.8597,1.7727,7.4965,468.0,36697.0,2266.5625
3219,7.4871,6.4983,2.1534,7.2921,478.0,38623.0,2266.5625
3220,7.2866,7.0281,1.7201,6.6379,457.0,36961.0,2266.5625
3221,6.6132,6.4244,1.7608,6.621,457.0,49751.0,2266.5625
3222,6.6363,7.1401,2.2304,8.2451,475.0,43579.0,2266.5625
3223,8.215,6.3741,1.5177,5.952,470.0,44667.0,2266.5625
3224,5.9767,6.3795,1.4526,7.7665,474.0,47373.0,2266.5625
3225,7.737,6.8078,1.3921,6.477,475.0,39477.0,2266.5625
3226,6.5168,6.3665,1.6324,7.8088,470.0,35515.0,2266.5625
3227,7.853,7.0553,2.4266,6.6918,476.0,43413.0,2266.5625
3228,6.664,6.3482,1.8357,6.9746,449.0,33623.0,2266.5625
3229,6.9397,7.0441,1.5557,7.3157,435.0,31171.0,2266.5625
3230,7.3111,6.4177,1.3913,6.5946,438.0,31207.0,2266.5625
3231,6.5547,6.4113,1.4675,7.7547,451.0,31987.0,2266.5625
3232,7.8071,6.8633,2.4544,6.6882,472.0,33365.0,2266.5625
3233,6.6847,6.3761,1.7166,7.3051,475.0,33401.0,2266.5625
3234,7.334,7.0132,2.0066,7.0018,471.0,41275.0,2266.5625
3235,7.0328,6.3976,1.6329,8.2408,472.0,43238.0,2266.5625
3236,8.2438,7.0954,1.6916,6.2243,468.0,39218.0,2266.5625
3237,6.2852,6.4064,1.6878,7.0425,470.0,41107.0,2266.5625
3238,7.0338,6.3742,2.0035,6.8067,473.0,42465.0,2266.5625
3239,6.8152,6.9733,1.9907,7.1241,471.0,35739.0,2266.5625
3240,6.9781,6.3472,1.3526,7.2797,468.0,35248.0,2266.5625
3241,7.3515,7.0166,2.0044,6.8836,478.0,41609.0,2266.5625
3242,6.8898,6.8033,1.7742,10.254,1076.0,161145.0,2268.9375
3243,10.2596,6.8033,1.7464,8.6474,527.0,30997.0,2268.9375
3244,8.5842,7.8478,1.588,7.9828,722.0,81697.0,2396.9375
3245,8.0398,7.7036,2.0411,10.2863,448.0,17007.0,2396.9375
3246,10.3204,6.7031,1.7755,7.7811,494.0,24471.0,2396.9375
3247,7.78,6.9401,1.7611,6.2769,452.0,16851.0,2396.9375
3248,6.2007,6.238,1.5097,7.6588,479.0,19806.0,2394.5625
3249,7.6505,6.2129,1.7257,7.9678,450.0,17361.0,2394.5625
3250,8.0559,6.5304,2.3502,8.0252,742.0,70755.0,2394.5625
3251,7.9939,6.9327,2.1106,8.1474,479.0,19619.0,2394.5625
3252,8.2591,6.5251,2.0729,9.4789,476.0,16751.0,2394.5625
3253,9.4174,6.4882,2.3943,10.0954,735.0,65859.0,2394.5625
3254,10.021,6.4882,3.181,8.0267,475.0,17827.0,2394.5625
3255,8.0104,6.5012,1.8156,9.0824,473.0,28561.0,2458.5625
3256,9.1486,7.132,1.6225,8.8323,471.0,19469.0,2458.5625
3257,8.8783,6.2361,2.3175,7.5282,458.0,17863.0,2458.5625
3258,7.5289,6.2361,1.9192,6.8028,440.0,16367.0,2458.5625
3259,6.7668,7.0803,2.0697,7.5006,447.0,16979.0,2458.5625
3260,7.5186,6.3257,1.9199,7.0538,437.0,16331.0,2458.5625
3261,6.9705,6.6548,1.6447,6.6358,767.0,70649.0,2458.5625
3262,6.6756,6.2771,1.4027,7.464,478.0,19151.0,2458.5625
3263,7.4003,6.9633,1.6828,7.5251,481.0,18167.0,2458.5625
3264,7.6504,6.9539,1.893,6.79,478.0,18681.0,2458.5625
3265,6.768,6.3251,1.4905,6.5401,480.0,18553.0,2458.5625
3266,6.4831,6.9791,1.505,6.9725,478.0,24147.0,2458.5625
3267,6.9248,6.2162,1.7171,7.5162,762.0,71115.0,2458.5625
3268,7.5015,6.2189,1.4647,6.392,474.0,18563.0,2458.5625
3269,6.4644,6.6717,1.9423,7.46,475.0,17891.0,2458.5625
3270,7.4061,6.2516,1.8137,7.2287,765.0,69277.0,2458.5625
3271,7.2328,6.8568,1.3108,6.2999,472.0,18123.0,2458.5625
3272,6.4491,6.5105,1.6864,8.189,452.0,16991.0,2458.5625
3273,8.0549,6.9055,1.4969,6.6518,479.0,20107.0,2458.5625
3274,6.74,6.2226,2.2987,7.1654,477.0,21038.0,2458.5625
3275,7.1916,6.4395,1.7483,7.2187,484.0,32319.0,2458.5625
3276,7.1082,6.6677,1.5799,7.4607,482.0,22955.0,2458.5625
3277,7.5815,6.1814,1.8862,6.5197,480.0,20294.0,2458.5625
3278,6.4876,6.9459,1.6728,7.0999,769.0,71293.0,2458.5625
3279,7.0776,6.3311,1.754,7.029,480.0,20271.0,2458.5625
3280,6.9992,6.9182,1.6786,7.1092,476.0,19253.0,2458.5625
3281,7.1486,6.2338,1.5184,6.5636,475.0,21109.0,2458.5625
3282,6.5281,6.3082,2.0306,7.4489,476.0,20193.0,2458.5625
3283,7.441,6.4407,2.2003,7.2844,472.0,18859.0,2458.5625
3284,7.3209,6.2665,1.9425,7.3559,762.0,74219.0,2458.5625
3285,7.3651,6.91,1.6744,6.7484,456.0,17099.0,2458.5625
3286,6.704,6.581,1.7213,6.725,454.0,17075.0,2458.5625
3287,6.7646,6.6148,1.6484,7.2907,735.0,68561.0,2458.5625
3288,7.2823,6.2719,1.5954,6.4479,456.0,24463.0,2458.5625
3289,6.4481,6.4314,1.8278,7.8365,477.0,22495.0,2458.5625
3290,7.8337,6.8821,2.5482,6.4009,475.0,23147.0,2458.5625
3291,6.4447,6.2411,1.7635,6.9031,476.0,21869.0,2458.5625
3292,6.8092,6.9244,1.1326,7.1996,476.0,19231.0,2458.5625
3293,7.2865,6.2516,1.4474,6.3414,479.0,20366.0,2458.5625
3294,6.2523,6.2446,1.3235,8.1152,481.0,23165.0,2458.5625
3295,8.1364,6.6602,1.3037,6.1254,768.0,73900.0,2458.5625
3296,6.0701,6.2991,1.0205,7.3659,476.0,19161.0,2458.5625
3297,7.6399,7.1864,1.5156,7.2091,479.0,29025.0,2458.5625
3298,7.0263,6.1885,2.0086,7.5782,479.0,52545.0,2458.5625
3299,7.6355,6.9052,2.0176,6.4574,476.0,40779.0,2458.5625
3300,6.3447,6.2108,1.319,6.3269,479.0,42259.0,2458.5625
3301,6.3487,6.2117,1.3836,8.0841,765.0,87565.0,2458.5625
3302,8.1037,6.858,1.6791,6.1967,479.0,34475.0,2458.5625
3303,6.2625,6.546,1.6533,8.0533,479.0,27359.0,2458.5625
3304,7.9614,6.8546,1.6847,7.1633,767.0,70385.0,2458.5625
3305,7.2866,6.3343,2.0692,7.0945,474.0,18695.0,2458.5625
3306,7.013,7.0147,1.6957,6.6927,474.0,22195.0,2458.5625
3307,6.7462,6.2446,2.1771,7.0341,478.0,23347.0,2458.5625
3308,6.9698,6.251,1.8176,6.763,475.0,28303.0,2458.5625
3309,6.8486,6.8246,2.2611,7.9993,482.0,33223.0,2458.5625
3310,7.9221,6.259,2.3343,7.697,481.0,28863.0,2458.5625
3311,7.682,6.8919,1.8512,6.2481,477.0,21745.0,2458.5625
3312,6.2391,6.3131,1.3917,7.3093,770.0,75460.0,2458.5625
3313,7.3343,6.8819,1.7275,7.5475,473.0,24428.0,2458.5625
3314,7.5328,6.5679,1.7357,6.2548,441.0,16357.0,2458.5625
3315,6.3151,6.198,1.4585,6.7792,439.0,16271.0,2458.5625
3316,6.7013,6.7986,1.5414,6.7578,456.0,17051.0,2458.5625
3317,6.8109,6.234,1.3179,6.8395,474.0,18419.0,2458.5625
3318,6.871,6.7762,1.492,8.4757,765.0,75721.0,2458.5625
3319,8.4194,6.3076,1.5102,5.944,474.0,26780.0,2458.5625
3320,6.0659,6.6679,1.8617,7.2286,476.0,25726.0,2458.5625
3321,7.1109,6.2618,1.7656,7.0153,721.0,58219.0,2458.5625
3322,7.0243,6.275,1.8076,6.8593,481.0,26471.0,2458.5625
3323,6.8666,7.2364,1.6795,7.0974,474.0,20387.0,2458.5625
3324,7.0963,6.2366,2.1275,6.8174,475.0,22912.0,2458.5625
3325,6.8909,6.8675,1.7139,7.6189,479.0,25837.0,2458.5625
3326,7.5071,6.2374,1.5117,6.639,483.0,27669.0,2458.5625
3327,6.7181,6.2194,1.7729,6.8598,482.0,24889.0,2458.5625
3328,6.8618,6.701,1.6603,6.7096,477.0,28835.0,2458.5625
3329,6.7154,6.2122,1.6731,7.17,768.0,82327.0,2458.5625
3330,7.105,6.9081,1.5574,6.8371,478.0,28491.0,2458.5625
3331,6.8743,6.5592,1.6892,7.3027,476.0,22347.0,2458.5625
3332,7.348,6.7728,1.6277,7.1922,476.0,19979.0,2458.5625
3333,7.1418,6.258,1.5727,6.3547,474.0,21061.0,2458.5625
3334,6.3521,6.2114,1.2821,7.4332,476.0,19523.0,2458.5625
3335,7.4633,6.661,1.4986,6.4168,726.0,62797.0,2458.5625
3336,6.3644,6.2173,1.4013,6.8076,477.0,21191.0,2458.5625
3337,6.7769,7.1584,1.1965,7.9931,473.0,21995.0,2458.5625
3338,8.0444,6.2312,1.5686,6.4022,762.0,81541.0,2458.5625
3339,6.3926,6.506,1.5022,7.7056,473.0,19147.0,2458.5625
3340,7.6702,6.9749,1.4765,6.5136,475.0,26243.0,2458.5625
3341,6.6091,6.1938,1.4491,7.6622,477.0,28431.0,2458.5625
3342,7.5738,6.6931,1.4314,6.0771,467.0,17667.0,2458.5625
3343,6.2319,6.2841,1.771,7.0438,453.0,20251.0,2458.5625
3344,6.9458,6.8687,1.7871,6.9697,468.0,20189.0,2458.5625
3345,6.898,6.1999,1.7787,6.784,465.0,20529.0,2458.5625
3346,6.8673,6.1462,1.6385,7.7815,736.0,68647.0,2458.5625
3347,7.7779,7.159,1.9009,6.7695,476.0,19984.0,2458.5625
3348,6.9152,6.5102,1.4633,7.0193,449.0,17419.0,2458.5625
3349,6.8821,6.6634,1.6975,6.4861,454.0,18515.0,2458.5625
3350,6.3983,6.1007,1.1911,7.8115,474.0,19475.0,2458.5625
3351,7.9313,6.3805,1.8941,6.574,476.0,16667.0,2458.5625
3352,6.5075,6.243,1.5534,6.8049,767.0,69121.0,2458.5625
3353,6.9183,6.2838,1.7501,6.8599,474.0,17539.0,2458.5625
3354,6.7317,7.1712,1.4022,7.0947,477.0,28525.0,2458.5625
3355,7.2233,6.1553,1.512,8.3136,763.0,71435.0,2458.5625
3356,8.2862,6.9994,2.6459,6.2024,456.0,17935.0,2458.5625
3357,6.1033,6.5702,1.3916,7.1469,442.0,16347.0,2458.5625
3358,7.1656,6.4101,1.3476,7.5098,459.0,17079.0,2458.5625
3359,7.5921,6.6336,1.8353,6.3903,443.0,16359.0,2458.5625
3360,6.2748,6.3271,1.559,7.2365,476.0,18505.0,2458.5625
3361,7.2412,6.6435,1.4588,6.6447,476.0,18957.0,2458.5625
3362,6.8045,6.1995,1.88,6.6345,477.0,18141.0,2458.5625
3363,6.4954,6.8229,1.5109,7.8072,761.0,72693.0,2458.5625
3364,7.7925,6.1834,1.6609,6.384,475.0,18707.0,2458.5625
3365,6.3788,6.5635,1.3381,8.1172,474.0,24121.0,2458.5625
3366,8.2333,6.8557,1.5609,6.6421,472.0,18961.0,2458.5625
3367,6.5665,6.2315,1.6394,7.6033,476.0,18587.0,2458.5625
3368,7.6706,6.7257,1.9076,6.8355,475.0,17891.0,2458.5625
3369,6.8136,6.237,1.9881,6.0169,763.0,69253.0,2458.5625
3370,6.0166,6.4978,1.6193,7.9229,476.0,17979.0,2458.5625
3371,7.9984,6.5549,1.7728,6.6965,461.0,18153.0,2458.5625
3372,6.5386,6.2223,1.494,7.5808,766.0,74035.0,2458.5625
3373,7.5931,6.8891,1.3549,6.3697,483.0,24633.0,2458.5625
3374,6.4241,6.5977,1.6162,7.2578,486.0,30571.0,2458.5625
3375,7.3195,6.715,2.2681,7.1286,482.0,21148.0,2458.5625
3376,7.0905,6.2088,1.3575,6.9281,479.0,20388.0,2458.5625
3377,6.8529,6.4251,1.3194,7.3856,478.0,19457.0,2458.5625
3378,7.4355,6.6927,1.4623,6.4405,477.0,20065.0,2458.5625
3379,6.4598,6.2255,1.6401,6.9121,468.0,18831.0,2458.5625
3380,6.8309,6.7997,1.5428,7.4062,764.0,73357.0,2458.5625
3381,7.3954,6.2655,1.5438,7.1781,475.0,20479.0,2458.5625
3382,7.255,6.8811,1.163,6.7794,478.0,19015.0,2458.5625
3383,6.7918,6.1932,1.569,6.3487,474.0,20429.0,2458.5625
3384,6.3288,6.1827,1.3218,7.6893,453.0,17051.0,2458.5625
3385,7.7155,6.8591,1.6065,6.2841,452.0,17135.0,2458.5625
3386,6.2832,6.1796,1.5116,7.1398,732.0,68833.0,2458.5625
3387,7.1734,6.9314,1.6056,7.4668,458.0,24295.0,2458.5625
3388,7.418,6.4746,1.5113,6.537,474.0,22459.0,2458.5625
3389,6.5613,6.1696,1.89,8.0186,763.0,77201.0,2458.5625
3390,7.9886,7.1292,1.9917,6.2574,477.0,22029.0,2458.5625
3391,6.2774,6.5168,1.4497,7.8382,481.0,19247.0,2458.5625
3392,7.9069,6.8475,1.7213,6.4701,483.0,20436.0,2458.5625
3393,6.4044,6.173,1.6835,7.0309,482.0,23199.0,2458.5625
3394,7.094,6.8802,1.6861,7.0765,476.0,21660.0,2458.5625
3395,6.9726,6.2315,1.575,6.7323,476.0,18907.0,2458.5625
3396,6.8257,6.2391,1.8382,6.5359,475.0,28915.0,2458.5625
3397,6.4431,6.7101,1.6075,7.0168,765.0,104365.0,2458.5625
3398,7.0133,6.2412,1.3849,7.8534,474.0,40947.0,2458.5625
3399,7.9111,7.227,1.4487,6.3926,478.0,42247.0,2458.5625
3400,6.3721,6.218,1.3696,7.3151,475.0,35635.0,2458.5625
3401,7.3702,6.682,1.5357,6.9447,478.0,34463.0,2458.5625
3402,6.9374,6.2104,1.6215,6.8323,478.0,27347.0,2458.5625
3403,6.8532,6.2537,1.673,6.7702,764.0,70349.0,2458.5625
3404,6.71,6.7398,1.7579,7.4541,477.0,18455.0,2458.5625
3405,7.4179,6.5223,1.5143,7.0849,480.0,22223.0,2458.5625
3406,7.1865,6.8089,1.5871,6.8377,772.0,75281.0,2458.5625
3407,6.8968,6.2317,1.8066,7.3269,477.0,28559.0,2458.5625
3408,7.2618,6.5665,1.654,6.7725,475.0,33245.0,2458.5625
3409,6.7439,6.2343,1.5396,6.898,479.0,28945.0,2458.5625
3410,6.9124,6.2755,1.5524,6.9224,481.0,21899.0,2458.5625
3411,6.9256,6.8851,1.6041,7.1422,476.0,23588.0,2458.5625
3412,7.0938,6.2365,1.3937,6.9232,467.0,24102.0,2458.5625
3413,6.9389,6.8713,1.6672,7.4832,441.0,16295.0,2458.5625
3414,7.5242,6.269,1.7491,6.6594,729.0,68201.0,2458.5625
3415,6.606,6.223,1.5355,6.6305,454.0,17303.0,2458.5625
3416,6.6768,7.0068,1.7344,7.732,477.0,18539.0,2458.5625
3417,7.6853,6.1986,1.4732,6.8118,474.0,23863.0,2458.5625
3418,6.7918,6.7999,1.5532,6.7304,476.0,26888.0,2458.5625
3419,6.7841,6.6773,2.2739,6.8852,478.0,25834.0,2458.5625
3420,6.8866,6.8263,1.9416,7.5868,766.0,77959.0,2458.5625
3421,7.6705,6.2539,2.1174,6.1832,482.0,26247.0,2458.5625
3422,6.0571,6.5548,1.3718,8.4197,483.0,20451.0,2458.5625
3423,8.4664,6.7082,1.7094,6.4063,768.0,75058.0,2458.5625
3424,6.4023,6.2253,1.4971,7.2334,479.0,26051.0,2458.5625
3425,7.1809,7.1485,1.5135,6.854,480.0,27739.0,2458.5625
3426,6.961,6.2171,1.6908,6.8779,480.0,24971.0,2458.5625
3427,6.855,6.4235,1.6247,7.2469,475.0,28917.0,2458.5625
3428,7.3328,6.1789,2.3723,6.2344,479.0,30515.0,2458.5625
3429,6.1108,6.2632,1.451,7.3751,476.0,28297.0,2458.5625
3430,7.3897,6.8356,1.7374,6.7914,473.0,22311.0,2458.5625
3431,6.7071,6.1937,1.5912,7.5013,760.0,72061.0,2458.5625
3432,7.5612,6.8415,1.6309,6.6833,477.0,21289.0,2458.5625
3433,6.7098,6.4497,1.683,6.968,475.0,19427.0,2458.5625
3434,6.9447,6.2234,1.558,6.9201,465.0,18941.0,2458.5625
3435,6.9202,6.738,1.7732,6.819,476.0,21095.0,2458.5625
3436,6.8042,6.2271,1.5291,6.7903,474.0,21923.0,2458.5625
3437,6.8422,6.8269,1.4251,7.3394,768.0,81261.0,2458.5625
3438,7.2655,6.253,1.3422,7.935,480.0,18911.0,2458.5625
3439,8.0119,7.1961,1.4211,6.3207,479.0,26163.0,2458.5625
3440,6.2301,6.1816,1.3238,10.2647,766.0,80371.0,2458.5625
3441,10.342,6.1816,1.6712,6.1011,464.0,17929.0,2458.5625
3442,6.0926,6.5278,1.6329,6.9281,454.0,20369.0,2458.5625
3443,6.8614,6.208,1.6982,6.8642,465.0,20259.0,2458.5625
3444,6.9944,6.8361,2.0927,6.7585,461.0,20587.0,2458.5625
3445,6.6517,6.1847,1.4116,6.621,447.0,16883.0,2458.5625
3446,6.6486,6.8755,1.5531,7.8727,475.0,19696.0,2458.5625
3447,7.8799,6.1963,1.4367,6.3434,446.0,17251.0,2458.5625
3448,6.3843,6.1624,1.76,7.0238,743.0,70433.0,2458.5625
3449,6.9445,6.7091,1.8631,7.0635,475.0,19763.0,2458.5625
3450,7.1062,6.5009,1.3982,6.9802,473.0,16715.0,2458.5625
3451,6.967,6.884,1.663,7.3688,476.0,17263.0,2458.5625
3452,7.3759,6.2016,1.7637,6.6815,474.0,17623.0,2458.5625
3453,6.7398,6.4921,1.7257,7.2732,479.0,28589.0,2458.5625
3454,7.1818,6.64,1.3933,6.8485,767.0,71795.0,2458.5625
3455,7.0399,6.2797,1.951,7.0423,460.0,17699.0,2458.5625
3456,6.8759,7.1945,1.6782,6.7915,440.0,16345.0,2458.5625
3457,6.7757,6.1692,1.4664,7.662,741.0,69159.0,2458.5625
3458,7.6705,6.7652,1.6805,6.2356,443.0,16573.0,2458.5625
3459,6.2349,6.4695,1.5042,6.6281,474.0,18503.0,2458.5625
3460,6.5971,6.1647,1.2454,7.5877,479.0,19015.0,2458.5625
3461,7.7334,6.7029,2.4543,6.523,473.0,18115.0,2458.5625
3462,6.3965,6.2463,1.6414,7.9665,476.0,18679.0,2458.5625
3463,8.025,6.6914,1.6239,7.0307,475.0,18515.0,2458.5625
3464,7.0003,6.1295,1.6682,6.6724,478.0,24169.0,2458.5625
3465,6.6718,6.8647,1.4791,7.3976,763.0,71127.0,2458.5625
3466,7.4363,6.2947,1.8099,6.3995,474.0,18755.0,2458.5625
3467,6.3269,6.5594,1.1224,7.1653,474.0,17879.0,2458.5625
3468,7.1849,6.6573,1.1667,6.7715,474.0,17111.0,2458.5625
3469,6.7555,6.1875,1.2885,7.167,479.0,17971.0,2458.5625
3470,7.3765,6.9483,2.0587,7.2495,471.0,18469.0,2458.5625
3471,7.0496,6.2615,1.6246,7.6618,764.0,71999.0,2458.5625
3472,7.7324,6.4447,1.8225,6.3972,480.0,26432.0,2458.5625
3473,6.3332,6.9163,1.6117,7.2931,484.0,28564.0,2458.5625
3474,7.3003,6.2176,1.2816,7.0568,766.0,73252.0,2458.5625
3475,7.1142,6.7619,2.1194,7.1615,478.0,20590.0,2458.5625
3476,7.1315,6.5419,1.5983,6.6657,476.0,19455.0,2458.5625
3477,6.6974,6.8627,1.2982,6.818,476.0,20075.0,2458.5625
3478,6.7588,6.2425,1.0007,6.3743,472.0,19487.0,2458.5625
3479,6.3612,6.4517,0.9926,7.9763,470.0,20415.0,2458.5625
3480,7.9608,6.5683,1.0612,6.1914,474.0,20191.0,2458.5625
3481,6.2464,6.1991,1.17,7.0289,476.0,18907.0,2458.5625
3482,7.0888,6.6256,1.5503,7.3661,761.0,72095.0,2458.5625
3483,7.2893,6.23,2.1581,6.586,450.0,17159.0,2458.5625
3484,6.7234,7.1271,1.7573,7.1915,452.0,17135.0,2458.5625
3485,7.1582,6.1634,1.7682,6.1865,453.0,16815.0,2458.5625
3486,6.1085,6.223,1.5099,7.9604,480.0,27177.0,2458.5625
3487,7.9524,6.6784,1.5939,6.6327,479.0,21769.0,2458.5625
3488,6.6166,6.2789,1.5209,7.2667,769.0,75351.0,2458.5625
3489,7.2861,6.9358,2.1317,7.0572,476.0,20195.0,2458.5625
3490,7.082,6.7543,1.7685,6.3338,481.0,20912.0,2458.5625
3491,6.3334,6.3698,1.5313,8.3856,769.0,74103.0,2458.5625
3492,8.3753,6.6005,1.7011,6.093,477.0,22434.0,2458.5625
3493,6.0443,6.6357,1.5876,7.1224,474.0,18967.0,2458.5625
3494,7.1787,6.7465,1.5597,7.6659,474.0,22623.0,2458.5625
3495,7.6498,6.3296,1.6062,7.0236,472.0,43751.0,2458.5625
3496,7.0778,6.7797,1.5037,6.3843,473.0,38839.0,2458.5625
3497,6.3203,6.1946,1.5216,6.502,476.0,44723.0,2458.5625
3498,6.4781,6.2158,1.4288,7.3432,484.0,40711.0,2458.5625
3499,7.3836,6.7231,1.3497,7.2385,766.0,89065.0,2458.5625
3500,7.224,6.2388,1.7111,7.166,474.0,27943.0,2458.5625
3501,7.2252,6.9233,1.7256,6.9824,482.0,25963.0,2458.5625
3502,6.9827,6.1861,1.5169,6.4786,479.0,18519.0,2458.5625
3503,6.4893,6.4367,1.5978,7.9335,480.0,19731.0,2458.5625
3504,7.8763,6.2746,1.571,6.0016,476.0,23753.0,2458.5625
3505,6.0944,6.2543,1.7275,7.6752,765.0,78803.0,2458.5625
3506,7.611,6.9484,1.6637,6.4645,474.0,33849.0,2458.5625
3507,6.5098,6.4762,1.5521,7.8243,474.0,27051.0,2458.5625
3508,7.7648,6.6021,1.6314,6.8967,763.0,78145.0,2458.5625
3509,6.8703,6.2944,1.6021,7.4054,478.0,24546.0,2458.5625
3510,7.4801,6.6816,1.6921,7.281,478.0,24654.0,2458.5625
3511,7.288,6.6495,1.7968,6.1084,451.0,19299.0,2458.5625
3512,6.0228,6.2254,1.3785,6.7291,442.0,16307.0,2458.5625
3513,6.6915,6.8946,1.3465,6.8166,437.0,16247.0,2458.5625
3514,6.9459,6.169,1.7141,8.0006,451.0,16991.0,2458.5625
3515,7.9258,6.7854,1.3885,6.8955,475.0,18431.0,2458.5625
3516,6.9907,6.2267,1.9206,7.6654,768.0,75757.0,2458.5625
3517,7.5412,6.1269,1.863,6.901,479.0,27072.0,2458.5625
3518,7.1467,6.6235,1.9634,8.2397,477.0,25778.0,2458.5625
3519,8.0343,6.2904,1.8073,6.5315,485.0,25869.0,2458.5625
3520,6.5437,6.7285,1.6942,7.1547,481.0,26257.0,2458.5625
3521,7.1928,6.3061,1.8376,6.7835,480.0,20437.0,2458.5625
3522,6.7914,6.8762,1.6741,7.1095,767.0,75068.0,2458.5625
3523,7.0578,6.2998,1.6431,6.8656,476.0,25845.0,2458.5625
3524,6.8657,6.7881,1.5683,7.7749,480.0,27761.0,2458.5625
3525,7.8621,6.7161,1.7111,6.7813,767.0,77111.0,2458.5625
3526,6.6842,6.2541,1.5267,6.832,475.0,29109.0,2458.5625
3527,6.8811,7.0605,1.5804,7.3117,476.0,30479.0,2458.5625
3528,7.2648,6.2751,1.727,6.5577,482.0,28369.0,2458.5625
3529,6.6123,6.8167,1.7864,7.1101,474.0,22323.0,2458.5625
3530,7.0924,6.1665,2.1734,6.7849,476.0,19979.0,2458.5625
3531,6.7508,6.2018,1.5095,7.9665,475.0,21073.0,2458.5625
3532,7.993,7.1557,2.2614,6.8429,474.0,19415.0,2458.5625
3533,6.8186,6.3492,1.7814,7.2868,759.0,70875.0,2458.5625
3534,7.5342,6.6831,2.4841,6.5157,481.0,21387.0,2458.5625
3535,6.3488,6.5959,1.7882,7.2079,478.0,22011.0,2458.5625
3536,7.0964,6.7788,1.2006,7.3912,475.0,29401.0,2458.5625
3537,7.4517,6.2085,1.6405,6.0904,475.0,18957.0,2458.5625
3538,6.071,6.2539,1.4807,7.6565,479.0,26185.0,2458.5625
3539,7.7843,6.9105,2.4174,6.384,764.0,80369.0,2458.5625
3540,6.332,6.2616,1.6995,7.1964,466.0,21267.0,2458.5625
3541,7.2344,6.9351,1.9932,7.5685,446.0,16643.0,2458.5625
3542,7.4696,6.2586,1.7786,6.2548,755.0,72105.0,2458.5625
3543,6.2549,6.4551,1.4747,7.5944,464.0,20815.0,2458.5625
3544,7.6169,6.555,1.5954,6.3527,449.0,16823.0,2458.5625
3545,6.2631,6.2242,1.4448,7.5355,473.0,19672.0,2458.5625
3546,7.6296,6.8133,1.6509,6.4817,450.0,17811.0,2458.5625
3547,6.4561,6.1978,1.7433,7.2951,452.0,17979.0,2458.5625
3548,7.3372,6.6275,1.4794,6.7386,477.0,19511.0,2458.5625
3549,6.6467,6.1738,1.5896,6.777,477.0,16635.0,2458.5625
3550,6.7936,6.1638,1.3675,7.1993,767.0,69077.0,2458.5625
3551,7.3602,6.8975,2.3863,7.0204,478.0,17819.0,2458.5625
3552,6.8735,6.603,2.0241,6.9772,477.0,28587.0,2458.5625
3553,7.1016,6.8905,1.858,7.938,475.0,19639.0,2458.5625
3554,7.9054,6.2345,2.2206,7.7575,458.0,17697.0,2458.5625
3555,7.727,6.826,2.579,6.1809,439.0,16355.0,2458.5625
3556,6.1007,6.2344,1.649,6.9259,736.0,69121.0,2458.5625
3557,6.9914,6.2437,1.9332,6.7868,440.0,16367.0,2458.5625
3558,6.8018,7.1538,1.7018,7.0618,473.0,18491.0,2458.5625
3559,7.0937,6.1974,1.6759,7.4217,763.0,71097.0,2458.5625
3560,7.3671,6.7541,2.1055,7.1572,475.0,18331.0,2458.5625
3561,7.1844,6.622,1.9301,7.3071,476.0,18679.0,2458.5625
3562,7.3295,6.5229,2.1393,6.7931,475.0,18515.0,2458.5625
3563,6.8209,6.687,1.7589,7.4675,476.0,24145.0,2458.5625
3564,7.4501,6.2406,1.4877,7.2345,477.0,19021.0,2458.5625
3565,7.9872,6.8548,2.7944,6.8445,478.0,18567.0,2458.5625
3566,6.0793,6.326,1.7467,6.9146,483.0,17943.0,2458.5625
3567,6.9599,6.7757,1.7623,7.5878,764.0,69221.0,2458.5625
3568,7.7887,6.3401,2.0061,6.9296,478.0,18173.0,2458.5625
3569,6.743,6.8327,1.9955,7.5101,474.0,18767.0,2458.5625
3570,7.5625,6.6835,2.0231,6.7519,482.0,21968.0,2458.5625
3571,6.6893,6.2757,2.5017,7.9929,480.0,24449.0,2458.5625
3572,7.9955,6.9256,2.0404,6.6218,480.0,28538.0,2458.5625
3573,6.5869,6.2805,1.5966,7.6934,763.0,73238.0,2458.5625
3574,7.6905,6.6898,1.8326,7.3375,476.0,20290.0,2458.5625
3575,7.3065,6.5957,1.8966,6.7369,475.0,19359.0,2458.5625
3576,6.7302,6.5003,1.895,7.1813,764.0,71897.0,2458.5625
3577,7.1293,6.2727,1.4841,6.8377,463.0,19379.0,2458.5625
3578,6.9823,6.5247,1.6811,7.0873,470.0,20595.0,2458.5625
3579,7.0591,6.8559,2.013,6.9702,476.0,20299.0,2458.5625
3580,6.9269,6.2028,1.7916,7.0893,475.0,18979.0,2458.5625
3581,7.0702,6.249,1.79,6.3157,474.0,20097.0,2458.5625
3582,6.2805,6.2054,1.5224,6.4298,455.0,16947.0,2458.5625
3583,6.483,6.2057,1.3389,8.1026,457.0,17115.0,2458.5625
3584,8.121,6.7365,1.7465,6.1638,739.0,68539.0,2458.5625
3585,6.1297,6.3205,1.9298,7.6174,476.0,27427.0,2458.5625
3586,7.7024,7.1832,2.2808,7.0157,476.0,21839.0,2458.5625
3587,6.9688,6.2105,1.6069,7.8193,476.0,23491.0,2458.5625
3588,7.8707,6.6201,1.6711,7.4092,476.0,20301.0,2458.5625
3589,7.3413,6.2195,1.4675,6.3187,477.0,20886.0,2458.5625
3590,6.2629,6.199,1.0881,7.2147,768.0,74091.0,2458.5625
3591,7.3109,7.0048,1.9835,6.622,479.0,22182.0,2458.5625
3592,6.5332,6.605,1.5216,7.9992,477.0,18919.0,2458.5625
3593,8.0246,6.8851,1.5094,7.2099,764.0,74469.0,2458.5625
3594,7.2531,6.2579,1.8012,6.9075,478.0,44015.0,2458.5625
3595,6.8349,7.2124,1.4528,6.8807,474.0,38851.0,2458.5625
3596,6.879,6.1947,1.688,7.1705,477.0,44735.0,2458.5625
3597,7.1759,6.325,1.5191,7.1614,484.0,40667.0,2458.5625
3598,7.1315,6.7014,1.8914,7.0379,482.0,36939.0,2458.5625
3599,7.143,6.5206,1.9661,7.275,480.0,27779.0,2458.5625
3600,7.3402,6.6594,2.4997,6.6101,478.0,25937.0,2458.5625
3601,6.4863,6.2675,1.8177,7.0539,761.0,70599.0,2458.5625
3602,7.1573,6.572,1.8566,7.3198,475.0,19885.0,2458.5625
3603,7.2538,6.5508,2.2471,6.8576,477.0,23703.0,2458.5625
3604,6.8643,6.251,1.5831,6.8818,479.0,24667.0,2458.5625
3605,6.8082,6.7925,1.4714,7.1831,476.0,33811.0,2458.5625
3606,7.2293,6.2696,1.9885,6.9939,472.0,26943.0,2458.5625
3607,6.9641,6.5893,1.6964,6.9664,765.0,77861.0,2458.5625
3608,7.05,6.2727,1.7698,6.8822,477.0,24258.0,2458.5625
3609,6.9055,6.7493,1.9388,7.5298,476.0,24546.0,2458.5625
3610,7.4572,6.2357,1.6628,6.3969,739.0,71121.0,2458.5625
3611,6.4015,6.2813,2.0392,7.1176,440.0,16559.0,2458.5625
3612,7.1255,7.2026,1.7397,7.6849,436.0,16319.0,2458.5625
3613,7.6375,6.2222,1.6405,7.0052,454.0,17067.0,2458.5625
3614,7.0347,6.618,1.5095,6.9548,480.0,18531.0,2458.5625
3615,6.9346,6.3056,1.4707,6.5288,479.0,23879.0,2458.5625
3616,6.4892,6.2255,1.2167,6.9738,479.0,26902.0,2458.5625
3617,7.093,6.8525,1.7517,7.0249,478.0,25728.0,2458.5625
3618,6.9894,6.257,1.6888,7.635,773.0,77713.0,2458.5625
3619,7.5986,6.9676,1.8567,7.0785,476.0,26411.0,2458.5625
3620,7.0542,6.5727,1.7382,6.4749,473.0,20375.0,2458.5625
3621,6.4775,6.6205,1.4515,8.0424,479.0,22960.0,2458.5625
3622,8.0918,6.2057,1.4477,6.2512,481.0,25821.0,2458.5625
3623,6.2346,6.1759,2.0393,7.1431,477.0,27641.0,2458.5625
3624,7.2414,6.6616,1.9551,7.1621,765.0,76779.0,2458.5625
3625,7.1017,6.306,1.6951,7.1104,476.0,28845.0,2458.5625
3626,7.1388,7.2375,1.8227,7.5826,478.0,30419.0,2458.5625
3627,7.6415,6.2209,2.1377,7.0131,769.0,80179.0,2458.5625
3628,6.9734,6.7451,1.9235,7.2048,477.0,22551.0,2458.5625
3629,7.231,6.576,2.4951,6.683,478.0,19959.0,2458.5625
3630,6.6673,6.2232,1.7453,7.895,480.0,21089.0,2458.5625
3631,7.8442,7.2199,1.9384,7.664,481.0,19539.0,2458.5625
3632,7.6365,6.1514,1.4894,6.942,469.0,19051.0,2458.5625
3633,6.9077,6.8453,1.5098,6.5748,477.0,21169.0,2458.5625
3634,6.5865,6.3013,1.6368,7.6498,481.0,22069.0,2458.5625
3635,7.7274,6.6826,1.6475,7.3871,761.0,81529.0,2458.5625
3636,7.3612,6.2077,1.8572,6.1603,476.0,19183.0,2458.5625
3637,6.2369,6.5603,1.7802,8.1641,475.0,26243.0,2458.5625
3638,8.1444,7.0286,2.3665,7.0059,476.0,28547.0,2458.5625
3639,6.9464,6.2426,1.8852,6.6637,468.0,21471.0,2458.5625
3640,6.783,6.9584,1.7273,6.9334,445.0,16619.0,2458.5625
3641,6.8207,6.2112,1.6985,8.1927,754.0,72401.0,2458.5625
3642,8.2225,6.859,1.6564,6.7793,460.0,20575.0,2458.5625
3643,6.7558,6.4696,1.328,6.8422,446.0,16871.0,2458.5625
3644,6.8453,6.2254,1.8996,6.8544,763.0,71910.0,2458.5625
3645,6.8733,6.8822,2.0815,7.4248,454.0,18091.0,2458.5625
3646,7.4232,6.6458,2.2454,7.1002,456.0,17983.0,2458.5625
3647,7.0732,6.698,2.0787,7.3152,479.0,19491.0,2458.5625
3648,7.4403,6.2833,2.0158,7.2029,477.0,16657.0,2458.5625
3649,7.1087,6.7502,1.9618,6.9843,477.0,17169.0,2458.5625
3650,6.9432,6.2321,1.6682,6.48,478.0,17565.0,2458.5625
3651,6.4571,6.3357,2.2026,6.6353,475.0,28501.0,2458.5625
3652,6.6833,6.8811,1.8844,8.2818,763.0,71483.0,2458.5625
3653,8.2932,6.339,1.5008,6.6572,455.0,17875.0,2458.5625
3654,6.6166,6.8504,1.6846,7.244,442.0,16391.0,2458.5625
3655,7.2211,6.1846,1.5241,6.7732,448.0,16991.0,2458.5625
3656,6.9249,6.8033,1.9711,6.8933,438.0,16343.0,2458.5625
3657,6.7992,6.2255,1.716,7.3845,474.0,18503.0,2458.5625
3658,7.3602,6.1834,1.801,7.1391,762.0,71085.0,2458.5625
3659,7.1713,6.9469,2.214,7.3822,473.0,18115.0,2458.5625
3660,7.4148,6.6012,1.7509,8.0226,476.0,18679.0,2458.5625
3661,8.0814,6.6477,1.8789,7.0593,766.0,70637.0,2458.5625
3662,7.0241,6.3313,1.799,7.6296,477.0,24305.0,2458.5625
3663,7.6143,7.2098,1.6649,7.1305,480.0,19013.0,2458.5625
3664,7.0331,6.295,1.6754,6.3487,476.0,18565.0,2458.5625
3665,6.4129,6.2282,1.7106,6.8623,478.0,17905.0,2458.5625
3666,6.9577,6.7018,1.8895,7.2429,477.0,17125.0,2458.5625
3667,7.1703,6.2423,1.4402,6.5916,476.0,17979.0,2458.5625
3668,6.5722,6.6467,1.4195,7.4391,476.0,20804.0,2458.5625
3669,7.5094,6.3541,1.5017,6.8481,764.0,72201.0,2458.5625
3670,6.7799,6.9601,1.6207,7.5118,481.0,24653.0,2458.5625
3671,7.5065,6.5583,1.7353,6.5804,480.0,28538.0,2458.5625
3672,6.5286,6.2844,1.6188,7.6295,481.0,21180.0,2458.5625
3673,7.7037,6.9756,1.917,6.7355,475.0,20362.0,2458.5625
3674,6.7588,6.2965,1.8685,6.6447,476.0,19455.0,2458.5625
3675,6.5952,6.6771,1.6856,6.8809,762.0,72181.0,2458.5625
3676,6.8233,6.2939,1.2148,6.5085,468.0,19247.0,2458.5625
3677,6.6086,6.7419,1.097,7.6408,480.0,22229.0,2458.5625
3678,7.6377,6.2652,1.4323,7.177,765.0,70935.0,2458.5625
3679,7.1669,6.2875,1.4212,7.2787,478.0,19163.0,2458.5625
3680,7.2723,7.0214,1.7573,6.6225,466.0,19831.0,2458.5625
3681,6.6214,6.2498,1.7389,6.8078,451.0,16957.0,2458.5625
3682,6.8278,6.6908,1.5958,6.8387,455.0,17197.0,2458.5625
3683,6.8204,6.2658,1.8638,6.5738,442.0,16631.0,2458.5625
3684,6.5495,6.2069,1.4661,7.7487,472.0,27209.0,2458.5625
3685,7.7527,6.8165,1.6847,6.5411,476.0,21861.0,2458.5625
3686,6.5452,6.2458,1.7757,7.5217,762.0,75597.0,2458.5625
3687,7.5254,6.724,1.7147,6.6478,476.0,20493.0,2458.5625
3688,6.6505,6.5415,1.6637,7.4951,478.0,20982.0,2458.5625
3689,7.5274,6.3876,1.7538,6.8243,480.0,22185.0,2458.5625
3690,6.7326,6.2178,1.5068,6.3287,480.0,22194.0,2458.5625
3691,6.3289,6.277,1.4072,7.6068,474.0,18883.0,2458.5625
3692,7.7301,6.647,1.9343,6.9918,763.0,76425.0,2458.5625
3693,6.9546,6.3614,1.9435,6.7753,480.0,43719.0,2458.5625
3694,6.7647,7.0352,1.691,7.2418,479.0,38783.0,2458.5625
3695,7.3087,6.2842,2.6814,7.3669,769.0,96561.0,2458.5625
3696,8.0804,6.6316,3.0312,7.4211,481.0,40845.0,2458.5625
3697,6.6494,6.6267,1.734,6.6563,482.0,36961.0,2458.5625
3698,6.6226,6.2465,1.4871,7.5784,481.0,27729.0,2458.5625
3699,7.5867,6.7312,1.6091,6.4022,477.0,25863.0,2458.5625
3700,6.3457,6.6013,1.3569,6.6031,478.0,18467.0,2458.5625
3701,6.6551,6.6837,1.1974,7.3742,474.0,19619.0,2458.5625
3702,7.3229,6.2169,1.1328,6.1344,476.0,23691.0,2458.5625
3703,6.1554,6.1372,1.2232,7.9843,766.0,76561.0,2458.5625
3704,8.0938,6.7309,1.595,7.0972,475.0,34075.0,2458.5625
3705,7.2023,6.4574,2.2072,6.7542,474.0,26967.0,2458.5625
3706,6.7744,6.5867,1.8237,7.0037,474.0,25919.0,2458.5625
3707,6.8375,6.2508,2.0261,6.7493,474.0,24222.0,2458.5625
3708,6.7968,6.2022,2.0605,7.2902,474.0,24522.0,2458.5625
3709,7.3385,6.6682,1.9809,7.289,741.0,71101.0,2458.5625
3710,7.2101,6.2722,1.7577,6.6309,450.0,16359.0,2458.5625
3711,6.7108,7.1575,1.6751,6.9606,442.0,16263.0,2458.5625
3712,6.8639,6.1526,1.5602,6.6666,742.0,68911.0,2458.5625
3713,6.6952,6.3274,1.6166,7.7051,478.0,18721.0,2458.5625
3714,7.78,6.5049,2.2574,7.3036,476.0,23781.0,2458.5625
3715,7.375,6.2255,2.0655,7.6842,475.0,26792.0,2458.5625
3716,7.56,6.4586,1.8427,6.3564,475.0,25714.0,2458.5625
3717,6.2989,6.222,1.7654,7.6479,480.0,25769.0,2458.5625
3718,7.63,7.0102,1.7527,6.7845,475.0,26123.0,2458.5625
3719,6.8235,6.2497,1.4358,6.6858,474.0,20303.0,2458.5625
3720,6.6873,6.6789,1.6377,7.3378,767.0,74782.0,2458.5625
3721,7.3505,6.2903,1.8631,6.4103,475.0,26025.0,2458.5625
3722,6.3964,6.4483,1.7747,7.2118,480.0,27761.0,2458.5625
3723,7.2841,6.8488,1.8508,7.2409,480.0,24993.0,2458.5625
3724,7.0993,6.2141,1.4861,6.7274,475.0,28917.0,2458.5625
3725,6.8401,6.7861,1.8021,7.5937,481.0,30495.0,2458.5625
3726,7.4847,6.3381,1.6727,6.2204,766.0,80407.0,2458.5625
3727,6.3262,6.3219,1.7997,7.3559,481.0,22363.0,2458.5625
3728,7.2813,6.5566,1.6503,7.1292,480.0,20005.0,2458.5625
3729,7.3779,6.193,2.4575,7.353,764.0,75161.0,2458.5625
3730,7.1056,6.9503,1.9399,7.5468,477.0,19705.0,2458.5625
3731,7.5524,6.446,1.6495,6.4903,466.0,19037.0,2458.5625
3732,6.5158,6.5755,1.6396,7.2052,477.0,21107.0,2458.5625
3733,7.1968,6.2214,1.6909,6.5481,477.0,21959.0,2458.5625
3734,6.642,6.2523,1.933,7.0812,478.0,29375.0,2458.5625
3735,7.0045,6.2285,1.9139,6.7515,474.0,18883.0,2458.5625
3736,6.746,6.3212,1.8856,7.7332,475.0,26159.0,2458.5625
3737,7.7283,6.8809,1.9643,6.4373,766.0,80393.0,2458.5625
3738,6.4293,6.2971,1.5756,7.3241,471.0,21747.0,2458.5625
3739,7.3426,6.9679,1.7927,6.8306,443.0,16595.0,2458.5625
3740,6.8584,6.2133,1.7832,6.6228,469.0,20771.0,2458.5625
3741,6.6186,6.22,1.5812,6.9474,466.0,20007.0,2458.5625
3742,7.0339,6.7705,1.9294,6.7592,452.0,16815.0,2458.5625
3743,6.6731,6.1946,1.8493,7.2758,768.0,73586.0,2458.5625
3744,7.2843,6.9107,2.7572,6.7697,453.0,17825.0,2458.5625
3745,6.8393,6.556,1.7116,7.1935,455.0,17993.0,2458.5625
3746,7.1662,6.1463,1.8742,7.5847,766.0,71407.0,2458.5625
3747,7.4469,6.6911,1.8096,6.3666,477.0,16955.0,2458.5625
3748,6.4429,6.5546,1.4557,7.6438,473.0,17227.0,2458.5625
3749,7.6625,6.723,1.9238,6.8106,472.0,17599.0,2458.5625
3750,6.8459,6.2801,1.8827,7.4977,475.0,28585.0,2458.5625
3751,7.4767,6.7894,1.6442,6.3867,477.0,19685.0,2458.5625
3752,6.33,6.2652,1.5599,6.4766,455.0,17683.0,2458.5625
3753,6.4237,6.2296,1.4351,7.0627,439.0,16271.0,2458.5625
3754,7.1627,7.0473,1.5395,7.1094,740.0,68861.0,2458.5625
3755,7.0344,6.2365,1.5081,6.8623,437.0,16523.0,2458.5625
3756,6.941,6.8221,1.6091,7.0598,478.0,18551.0,2458.5625
3757,6.9749,6.2288,1.2783,7.1735,478.0,18959.0,2458.5625
3758,7.2798,6.8594,1.5876,7.0604,479.0,18143.0,2458.5625
3759,6.9682,6.2078,1.518,6.3925,479.0,18671.0,2458.5625
3760,6.3507,6.2427,1.05,7.5828,767.0,70671.0,2458.5625
3761,7.6986,6.7352,1.6922,6.5449,475.0,24111.0,2458.5625
3762,6.5062,6.4635,1.5593,7.4194,476.0,18987.0,2458.5625
3763,7.4504,6.8703,1.5714,7.3907,761.0,70681.0,2458.5625
3764,7.3294,6.286,1.4429,7.1197,474.0,18071.0,2458.5625
3765,7.4104,6.7648,2.7251,7.111,475.0,17123.0,2458.5625
3766,6.8387,6.7016,1.6186,6.9833,474.0,17955.0,2458.5625
3767,7.0461,6.2941,1.7306,7.6318,478.0,20828.0,2458.5625
3768,7.6321,6.7248,1.8769,6.1339,474.0,20047.0,2458.5625
3769,6.0887,6.1888,2.0576,8.1702,479.0,24437.0,2458.5625
3770,8.2912,6.9912,2.7288,6.7694,481.0,28550.0,2458.5625
3771,6.7038,6.2246,1.7451,6.5591,763.0,73238.0,2458.5625
3772,6.6159,6.2688,1.9685,7.6013,478.0,20590.0,2458.5625
3773,7.5311,6.844,1.9044,6.9674,481.0,19471.0,2458.5625
3774,6.9388,6.1583,1.4862,6.6824,478.0,20055.0,2458.5625
3775,6.7284,6.559,1.6813,6.7464,474.0,20001.0,2458.5625
3776,6.7505,6.1915,1.8755,6.7762,478.0,21597.0,2458.5625
3777,6.7104,6.9113,1.7352,7.6155,762.0,70921.0,2458.5625
3778,7.6922,6.2582,1.8738,6.9356,479.0,19005.0,2458.5625
3779,6.9036,6.5543,2.002,7.0923,464.0,19733.0,2458.5625
3780,7.1183,6.2809,1.741,7.1137,738.0,69193.0,2458.5625
3781,7.0688,6.3308,2.0193,6.7803,450.0,17255.0,2458.5625
3782,6.7995,6.9523,1.5234,7.4038,449.0,16715.0,2458.5625
3783,7.3685,6.1906,1.6581,6.823,475.0,27245.0,2458.5625
3784,6.8968,6.7384,1.7651,6.9314,474.0,21837.0,2458.5625
3785,6.8874,6.2511,1.8096,6.5365,474.0,23467.0,2458.5625
3786,6.528,6.254,1.5808,6.9438,475.0,20289.0,2458.5625
3787,6.9792,6.7177,1.6722,7.8473,476.0,20874.0,2458.5625
3788,7.7714,6.2566,1.6959,6.839,765.0,73071.0,2458.5625
3789,6.8321,6.6609,1.5919,7.313,481.0,22438.0,2458.5625
3790,7.4633,6.9109,1.8414,7.5058,476.0,18947.0,2458.5625
3791,7.4761,6.504,2.3585,8.0657,479.0,22639.0,2458.5625
3792,8.0608,6.3263,2.2235,6.7667,478.0,43801.0,2458.5625
3793,6.7021,6.2687,1.9673,7.907,476.0,38853.0,2458.5625
3794,7.949,6.5776,2.0371,6.7717,766.0,96855.0,2458.5625
3795,6.737,6.3461,1.8909,7.0611,479.0,40567.0,2458.5625
3796,7.1394,7.0364,2.1231,7.5262,481.0,36887.0,2458.5625
3797,7.4165,6.2997,2.256,7.0048,766.0,79621.0,2458.5625
3798,7.005,6.9817,1.7631,7.218,477.0,26139.0,2458.5625
3799,7.2751,6.577,1.7379,7.515,476.0,18527.0,2458.5625
3800,7.5492,6.2024,2.2133,8.7297,475.0,19715.0,2458.5625
3801,8.8268,6.3787,2.7555,7.5659,476.0,23775.0,2458.5625
3802,7.5997,6.6877,2.3562,8.3974,473.0,24679.0,2458.5625
3803,8.2549,6.2283,2.1365,7.8277,476.0,33895.0,2458.5625
3804,7.9539,6.9149,1.9317,8.0343,479.0,27111.0,2458.5625
3805,7.969,6.2442,2.1928,7.7562,766.0,78137.0,2458.5625
3806,7.6875,6.2442,2.0543,7.2736,484.0,24574.0,2458.5625
3807,7.262,6.2773,2.2483,8.0277,481.0,24646.0,2458.5625
3808,7.9995,6.2773,1.6735,6.8747,451.0,19277.0,2458.5625
3809,6.8857,6.9267,2.0602,7.2197,443.0,16381.0,2458.5625
3810,7.2239,6.178,1.5525,7.0952,442.0,16369.0,2458.5625
3811,7.0798,6.4478,1.5242,7.0726,737.0,69181.0,2458.5625
3812,7.0609,6.7565,1.7,7.7972,474.0,18503.0,2458.5625
3813,8.0102,6.5449,1.8927,7.1486,472.0,23839.0,2458.5625
3814,7.0038,6.9185,1.8467,6.5701,734.0,70624.0,2458.5625
3815,6.7365,6.2413,2.1349,7.0754,474.0,25978.0,2458.5625
3816,6.9444,7.2833,1.6141,7.2045,483.0,25889.0,2458.5625
3817,7.1717,6.1882,1.4851,6.5925,478.0,26159.0,2458.5625
3818,6.5766,6.6627,1.4161,8.9912,474.0,20303.0,2458.5625
3819,9.0332,6.6627,1.7726,6.4563,478.0,22864.0,2458.5625
3820,6.4127,6.2139,1.5192,7.5596,476.0,25761.0,2458.5625
3821,7.6156,6.75,1.8704,7.1739,482.0,27657.0,2458.5625
3822,7.2275,6.2997,1.9279,6.8677,770.0,76795.0,2458.5625
3823,6.6945,6.9556,1.856,7.7547,481.0,29137.0,2458.5625
3824,7.8378,6.5702,1.8102,6.9499,475.0,30445.0,2458.5625
3825,6.9878,6.6668,1.9386,7.3535,478.0,28299.0,2458.5625
3826,7.3236,6.2821,1.8913,6.9973,478.0,22349.0,2458.5625
3827,6.9585,6.2995,1.8503,8.0922,475.0,19967.0,2458.5625
3828,8.1814,6.1766,1.7738,6.3614,763.0,73203.0,2458.5625
3829,6.2821,6.6376,1.6232,7.8772,476.0,19523.0,2458.5625
3830,7.8681,7.2576,1.6313,6.8931,467.0,19049.0,2458.5625
3831,6.8465,6.2774,1.7183,7.4656,762.0,73285.0,2458.5625
3832,7.546,6.2177,2.125,8.1722,472.0,22175.0,2458.5625
3833,8.2096,6.566,2.0104,7.4603,478.0,29459.0,2458.5625
3834,7.4424,6.2541,1.8823,8.6406,479.0,19027.0,2458.5625
3835,8.6857,6.2541,2.1279,7.623,474.0,26147.0,2458.5625
3836,7.6352,6.8068,2.283,7.5658,474.0,28439.0,2458.5625
3837,7.5514,6.3121,2.22,7.5519,474.0,21463.0,2458.5625
3838,7.6948,6.7134,2.1557,8.3579,449.0,16539.0,2458.5625
3839,8.1845,6.2984,2.2183,7.778,761.0,78273.0,2458.5625
3840,7.7931,6.2984,2.3541,8.1505,466.0,20305.0,2458.5625
3841,8.1583,6.2863,2.1933,7.7126,449.0,16885.0,2458.5625
3842,7.6553,6.998,2.0059,8.9224,478.0,19794.0,2458.5625
3843,8.99,6.998,2.1738,5.3033,450.0,17895.0,2458.5625
3844,5.2787,6.2679,1.7717,7.7585,455.0,18099.0,2458.5625
3845,7.7929,6.6692,1.9868,6.6099,762.0,71689.0,2458.5625
3846,6.5212,6.2683,1.7438,7.6821,478.0,16775.0,2458.5625
3847,7.8577,7.029,1.9314,6.6496,474.0,17239.0,2458.5625
3848,6.4629,6.3217,1.7492,6.44,763.0,69765.0,2458.5625
3849,6.4769,6.3097,1.7699,7.603,475.0,28777.0,2458.5625
3850,7.634,7.2247,2.0107,7.1177,476.0,19673.0,2458.5625
3851,7.0166,6.8048,1.8354,8.5998,455.0,17683.0,2458.5625
3852,8.7198,6.8048,2.3852,6.7035,441.0,16379.0,2458.5625
3853,6.6748,6.291,2.4494,7.8577,454.0,17019.0,2458.5625
3854,7.8124,6.9081,2.0194,6.8642,441.0,16335.0,2458.5625
3855,6.958,6.2598,1.9624,7.3457,477.0,18495.0,2458.5625
3856,7.3661,6.2252,2.153,6.9747,765.0,71099.0,2458.5625
3857,7.0171,6.579,1.8761,9.0702,478.0,18345.0,2458.5625
3858,9.053,6.579,1.8741,7.2336,477.0,18669.0,2458.5625
3859,7.1318,6.7045,2.0903,7.479,476.0,18527.0,2458.5625
3860,7.4729,6.3325,2.28,6.6463,474.0,24037.0,2458.5625
3861,6.7283,6.9605,2.0131,7.8151,475.0,18913.0,2458.5625
3862,7.8441,6.7455,2.0706,9.1717,719.0,50977.0,2458.5625
3863,9.0779,6.7455,2.0884,7.6627,475.0,17807.0,2458.5625
3864,7.8808,6.2411,2.3812,8.0831,475.0,17039.0,2458.5625
3865,7.9051,6.2794,1.7773,7.2272,764.0,69801.0,2458.5625
3866,7.2059,7.1353,1.8968,8.8071,480.0,21044.0,2458.5625
3867,8.8814,6.2044,2.2299,8.3562,473.0,20035.0,2458.5625
3868,8.3438,6.2044,2.3098,7.6823,478.0,24425.0,2458.5625
3869,7.6926,6.7465,2.1898,7.4133,484.0,28542.0,2458.5625
3870,7.4584,6.3038,2.1831,6.8776,481.0,21136.0,2458.5625
3871,6.9146,6.2973,2.768,8.1311,479.0,20366.0,2458.5625
3872,7.9471,6.302,1.9964,6.2586,478.0,19457.0,2458.5625
3873,6.2986,6.2693,1.572,7.7583,764.0,72183.0,2458.5625
3874,7.7303,6.718,2.0463,6.373,474.0,21917.0,2458.5625
3875,6.4085,6.637,1.6097,8.2707,475.0,20169.0,2458.5625
3876,8.297,6.965,1.8197,6.523,474.0,18813.0,2458.5625
3877,6.4776,6.2388,1.8325,6.4208,476.0,19919.0,2458.5625
3878,6.5474,6.2508,2.6831,7.135,461.0,18673.0,2458.5625
3879,7.0022,6.6976,2.2855,6.9871,737.0,69085.0,2458.5625
3880,6.987,6.2337,1.6731,7.1805,448.0,16943.0,2458.5625
3881,7.1965,7.24,1.6499,6.7083,446.0,16679.0,2458.5625
3882,6.6802,6.2169,1.597,7.5609,764.0,79387.0,2458.5625
3883,7.5717,6.6638,1.5831,7.5042,474.0,22029.0,2458.5625
3884,7.5756,6.5707,1.5682,6.6715,479.0,23527.0,2458.5625
3885,6.6172,6.2803,2.1228,7.4346,477.0,20269.0,2458.5625
3886,7.4339,6.3181,2.0464,6.7238,482.0,20986.0,2458.5625
3887,6.755,6.3281,2.3284,6.4465,483.0,22261.0,2458.5625
3888,6.3699,6.991,1.4848,7.1964,482.0,22280.0,2458.5625
3889,7.1667,6.1923,1.1726,8.4116,478.0,18993.0,2458.5625
3890,8.5072,6.8267,1.7999,6.3017,763.0,74743.0,2458.5625
3891,6.2822,6.2655,2.0899,6.7862,474.0,43967.0,2458.5625
3892,6.7639,6.5272,1.4775,6.9139,474.0,38851.0,2458.5625
3893,6.8664,6.7089,1.5088,7.2213,475.0,44711.0,2458.5625
3894,7.3631,6.2202,1.8458,7.2313,479.0,40651.0,2458.5625
3895,7.1378,6.6688,2.4969,6.8814,476.0,36911.0,2458.5625
3896,6.8807,6.2964,1.8767,7.3712,761.0,79869.0,2458.5625
3897,7.3491,7.0149,1.8508,6.4203,478.0,25959.0,2458.5625
3898,6.5399,6.5425,1.722,7.1293,475.0,18515.0,2458.5625
3899,7.0372,6.2598,1.8693,7.5675,763.0,71845.0,2458.5625
3900,7.5502,6.6459,1.912,7.4194,476.0,23967.0,2458.5625
3901,7.5127,6.6068,1.6743,6.7397,480.0,24719.0,2458.5625
3902,6.676,6.7968,1.6319,7.0858,482.0,33923.0,2458.5625
3903,7.0541,6.2397,1.7636,6.1189,479.0,27067.0,2458.5625
3904,6.1303,6.2683,1.5492,7.6889,476.0,26005.0,2458.5625
3905,7.7218,6.6328,2.1301,6.6218,480.0,24356.0,2458.5625
3906,6.6301,6.2046,1.7088,6.9838,479.0,24644.0,2458.5625
3907,6.9457,6.8572,2.2539,7.3134,735.0,71381.0,2458.5625
3908,7.3699,6.2704,2.3376,5.9183,440.0,16559.0,2458.5625
3909,5.9975,6.9191,1.6583,7.4833,442.0,16391.0,2458.5625
3910,7.358,6.2531,1.4652,6.619,452.0,17087.0,2458.5625
3911,6.6262,6.156,1.3538,7.4341,475.0,18515.0,2458.5625
3912,7.4278,6.652,1.5081,6.2965,478.0,23911.0,2458.5625
3913,6.2699,6.2238,1.6879,8.0578,760.0,80938.0,2458.5625
3914,8.1786,6.9644,2.0095,7.2775,477.0,25822.0,2458.5625
3915,7.206,6.5751,2.1962,6.5435,479.0,25841.0,2458.5625
3916,6.5704,6.8877,1.8034,7.621,762.0,77341.0,2458.5625
3917,7.5155,6.32,1.7318,6.535,478.0,20583.0,2458.5625
3918,6.7289,6.6273,1.6289,7.8828,480.0,22928.0,2458.5625
3919,7.8015,6.7715,1.8466,6.1532,478.0,25825.0,2458.5625
3920,6.164,6.2712,1.7999,7.6553,478.0,27715.0,2458.5625
3921,7.6505,6.8375,1.7464,6.5983,483.0,25007.0,2458.5625
3922,6.6162,6.2284,1.8884,7.0395,479.0,28943.0,2458.5625
3923,7.047,6.2748,1.9905,6.5006,477.0,30491.0,2458.5625
3924,6.3874,6.6747,1.4672,6.8451,761.0,80391.0,2458.5625
3925,6.8497,6.2692,1.6334,7.5668,478.0,22563.0,2458.5625
3926,7.6191,7.1801,1.7278,6.685,474.0,19955.0,2458.5625
3927,6.6034,6.1849,1.6038,7.3444,476.0,21085.0,2458.5625
3928,7.3817,6.642,2.1829,6.9763,476.0,19523.0,2458.5625
3929,7.0501,6.2739,2.546,7.2551,463.0,19001.0,2458.5625
3930,7.1886,6.2151,2.1638,7.1101,760.0,73261.0,2458.5625
3931,7.3278,6.7739,2.736,6.4898,475.0,22019.0,2458.5625
3932,6.2937,6.5576,1.6572,7.6444,474.0,29411.0,2458.5625
3933,7.6637,6.8942,1.9841,7.3369,768.0,71125.0,2458.5625
3934,7.3571,6.2764,2.0066,6.1728,482.0,26475.0,2458.5625
3935,6.1624,7.1138,1.688,7.5159,479.0,28539.0,2458.5625
3936,7.5732,6.2309,1.7265,6.9151,473.0,21557.0,2458.5625
3937,6.8293,6.2489,1.7716,6.6729,443.0,16573.0,2458.5625
3938,6.6994,6.686,1.5771,7.4378,470.0,20761.0,2458.5625
3939,7.4365,6.1922,1.8764,7.2814,462.0,20087.0,2458.5625
3940,7.2915,6.8862,1.6204,7.0736,451.0,16931.0,2458.5625
3941,7.0158,6.3041,1.7773,6.8014,762.0,71898.0,2458.5625
3942,6.9988,6.3057,2.1696,6.6704,450.0,18087.0,2458.5625
3943,6.4854,7.044,1.7163,6.7281,453.0,18075.0,2458.5625
3944,6.8055,6.1823,1.7872,7.2112,478.0,19607.0,2458.5625
3945,7.1984,6.6868,2.5009,7.1573,478.0,16775.0,2458.5625
3946,7.1195,6.1959,1.5068,6.9788,474.0,17239.0,2458.5625
3947,6.9353,6.8634,1.3584,7.1905,761.0,69741.0,2458.5625
3948,7.3257,6.3285,1.7179,6.4809,478.0,28621.0,2458.5625
3949,6.4261,6.5259,1.3989,7.1881,481.0,19689.0,2458.5625
3950,7.1514,6.7015,1.7611,6.7934,746.0,69805.0,2458.5625
3951,6.7616,6.3594,1.7752,7.6203,445.0,16575.0,2458.5625
3952,7.6961,7.711,1.5083,7.4766,453.0,17029.0,2458.5625
3953,7.4222,6.2006,1.5179,6.5624,442.0,16369.0,2458.5625
3954,6.6981,6.6611,1.866,7.0644,476.0,18505.0,2458.5625
3955,7.0535,6.1794,1.7836,6.565,478.0,19003.0,2458.5625
3956,6.4793,6.2525,1.5572,8.013,475.0,18139.0,2458.5625
3957,8.028,6.7677,1.9388,6.4794,476.0,18679.0,2458.5625
3958,6.4465,6.2343,1.6925,7.9196,763.0,70645.0,2458.5625
3959,7.9245,6.7317,1.7293,6.5977,473.0,24301.0,2458.5625
3960,6.7021,6.4887,1.8323,6.8624,472.0,18961.0,2458.5625
3961,6.8197,6.4036,1.8526,7.3105,477.0,18599.0,2458.5625
3962,7.476,6.6798,2.2617,6.2142,475.0,17891.0,2458.5625
3963,5.963,6.2446,1.6883,7.2873,475.0,17123.0,2458.5625
3964,7.3326,6.6777,2.0457,7.173,763.0,72065.0,2458.5625
3965,7.2157,6.2447,2.0244,7.9874,481.0,20736.0,2458.5625
3966,7.9538,7.2819,1.8978,7.976,478.0,19967.0,2458.5625
3967,7.9325,6.2036,1.6215,7.4383,774.0,76299.0,2458.5625
3968,7.4622,6.6323,1.868,6.9037,482.0,28732.0,2458.5625
3969,6.8704,6.5082,1.7429,6.6706,479.0,21134.0,2458.5625
3970,6.6862,6.2184,1.6637,7.1329,479.0,20388.0,2458.5625
3971,7.1593,6.6984,1.8612,6.5198,478.0,19479.0,2458.5625
3972,6.5286,6.1771,1.766,7.1583,474.0,20051.0,2458.5625
3973,7.1569,6.8456,1.8668,7.1993,473.0,21783.0,2458.5625
3974,7.2339,6.2518,1.7455,7.2807,475.0,20217.0,2458.5625
3975,7.2863,6.2263,2.0856,6.774,760.0,70919.0,2458.5625
3976,6.6828,6.2975,1.6963,6.8022,475.0,20099.0,2458.5625
3977,6.8034,6.5916,1.5195,7.4355,460.0,18661.0,2458.5625
3978,7.5802,6.6955,1.7061,7.148,450.0,16967.0,2458.5625
3979,7.1071,6.3193,1.8891,6.6972,446.0,16739.0,2458.5625
3980,6.7296,6.9408,1.8223,6.8488,444.0,16571.0,2458.5625
3981,6.7181,6.3011,1.6256,7.0457,768.0,81051.0,2458.5625
3982,7.2032,6.1657,2.3687,6.535,478.0,21757.0,2458.5625
3983,6.3963,7.0004,1.5855,7.5315,480.0,23411.0,2458.5625
3984,7.5323,6.1801,1.3002,6.615,768.0,72149.0,2458.5625
3985,6.6159,6.6403,1.5584,7.7175,477.0,21140.0,2458.5625
3986,7.7476,6.5891,2.0311,6.4552,483.0,22283.0,2458.5625
3987,6.4568,6.903,1.6607,7.2152,480.0,22278.0,2458.5625
3988,7.2248,6.2006,1.6191,6.6285,473.0,18955.0,2458.5625
3989,6.5676,6.2618,1.4386,7.4121,477.0,22659.0,2458.5625
3990,7.5129,6.6486,1.736,6.7063,476.0,43715.0,2458.5625
3991,6.6355,6.1816,1.4674,7.0621,475.0,38779.0,2458.5625
3992,7.062,6.6872,1.5674,6.9819,763.0,99701.0,2458.5625
3993,6.997,6.3039,1.9788,6.7097,483.0,40891.0,2458.5625
3994,6.689,6.5353,1.658,6.9143,478.0,36935.0,2458.5625
3995,6.907,6.6994,1.5775,7.008,477.0,27787.0,2458.5625
3996,7.057,6.3229,1.6504,7.7387,476.0,25935.0,2458.5625
3997,7.7492,6.5599,1.8407,6.0646,479.0,18519.0,2458.5625
3998,6.0504,6.2918,1.6385,7.1841,764.0,71813.0,2458.5625
3999,7.2194,6.352,1.7332,7.2845,479.0,23767.0,2458.5625
4000,7.2665,6.9395,2.3203,6.4026,477.0,24705.0,2458.5625
4001,6.3458,6.2508,1.6643,7.266,761.0,85967.0,2458.5625
4002,7.3139,6.8746,1.707,6.9734,477.0,27257.0,2458.5625
4003,6.9648,6.504,1.7938,7.7006,476.0,26027.0,2458.5625
4004,7.7339,6.7651,1.7715,6.3092,476.0,24330.0,2458.5625
4005,6.2901,6.2206,1.7583,6.9487,479.0,24666.0,2458.5625
4006,7.0479,6.423,1.7224,7.5703,449.0,19191.0,2458.5625
4007,7.4391,6.7197,1.7168,6.6988,441.0,16295.0,2458.5625
4008,6.8354,6.2374,2.4484,7.0339,440.0,16283.0,2458.5625
4009,6.8771,6.6925,1.7559,6.4032,740.0,68909.0,2458.5625
4010,6.3963,6.2416,1.6115,6.9029,476.0,18719.0,2458.5625
4011,6.9498,6.9937,1.6132,7.1928,474.0,23863.0,2458.5625
4012,7.242,6.2578,1.6022,7.3647,477.0,26900.0,2458.5625
4013,7.3316,6.2421,1.6904,6.7617,477.0,25694.0,2458.5625
4014,6.7453,6.7769,1.8314,6.9305,483.0,25761.0,2458.5625
4015,6.899,6.2601,1.4954,7.6831,774.0,78117.0,2458.5625
4016,7.6829,6.6922,1.7231,6.5128,477.0,20317.0,2458.5625
4017,6.5557,6.5474,1.904,6.6629,481.0,22878.0,2458.5625
4018,6.7516,6.2878,1.937,7.6971,770.0,77717.0,2458.5625
4019,7.6107,6.8502,2.0812,6.3712,478.0,27929.0,2458.5625
4020,6.3526,6.5629,1.6506,7.4055,478.0,24969.0,2458.5625
4021,7.4515,6.6286,1.6813,7.0121,476.0,28929.0,2458.5625
4022,6.9898,6.3008,1.7376,7.291,475.0,30467.0,2458.5625
4023,7.3169,6.6385,1.7114,6.4655,476.0,28297.0,2458.5625
4024,6.46,6.2764,1.9724,6.4396,473.0,22311.0,2458.5625
4025,6.4342,6.2475,1.74,7.2585,472.0,19931.0,2458.5625
4026,7.2053,6.8198,1.518,7.1744,761.0,73179.0,2458.5625
4027,7.2131,6.2783,1.9042,6.9285,480.0,19763.0,2458.5625
4028,6.9429,6.2229,1.5265,9.563,843.0,83439.0,2460.9375
4029,9.6774,6.2229,1.8058,8.313,606.0,37995.0,2460.9375
4030,8.4496,9.3015,2.2467,8.345,563.0,24615.0,2460.9375
4031,8.0621,7.9403,1.5498,9.4632,562.0,26303.0,2460.9375
4032,9.4388,7.2629,1.3417,6.6845,553.0,25233.0,2460.9375
4033,6.8179,7.0451,1.569,10.3019,554.0,23951.0,2458.5625
4034,10.2704,7.8936,2.1811,7.4698,580.0,29845.0,2458.5625
4035,7.4198,7.2626,1.9658,9.3036,582.0,31243.0,2458.5625
4036,9.3245,7.2626,2.2965,7.2613,581.0,30907.0,2458.5625
4037,7.226,7.6389,1.7786,10.5576,585.0,33391.0,2458.5625
4038,10.7338,7.6389,2.4372,7.4377,584.0,35207.0,2458.5625
4039,7.3586,6.8097,2.0776,7.9516,570.0,28011.0,2458.5625
4040,7.8898,7.1305,2.0054,9.9075,552.0,23683.0,2458.5625
4041,9.992,7.1305,3.4902,7.4616,570.0,25715.0,2458.5625
4042,7.4265,7.296,2.0539,7.4722,553.0,24255.0,2458.5625
4043,7.4448,7.6403,1.9427,9.9385,554.0,23339.0,2458.5625
4044,9.9482,7.6403,2.7287,7.0819,580.0,26676.0,2458.5625
4045,7.1456,6.8766,2.2616,8.2711,566.0,25311.0,2330.5625
4046,8.2322,7.1226,2.0897,9.2335,586.0,25247.0,2330.5625
4047,9.331,8.075,1.9531,9.3933,588.0,23415.0,2330.5625
4048,9.2656,8.075,2.4203,6.466,584.0,23853.0,2330.5625
4049,6.8176,6.8258,1.4938,7.759,588.0,27447.0,2330.5625
4050,7.5316,7.5285,1.7956,7.5701,583.0,32221.0,2330.5625
4051,7.5952,6.8593,1.9422,7.6053,579.0,25649.0,2330.5625
4052,7.4427,7.4004,1.8805,7.1074,547.0,23015.0,2330.5625
4053,7.1031,6.8477,1.7597,7.2781,558.0,23675.0,2330.5625
4054,7.2295,7.3084,1.399,7.5041,544.0,22979.0,2330.5625
4055,7.4842,6.8963,2.2293,8.3837,578.0,25265.0,2330.5625
4056,8.4102,7.5429,1.8608,7.6516,583.0,25333.0,2330.5625
4057,7.6924,6.9211,2.0756,7.4915,582.0,24759.0,2330.5625
4058,7.4494,6.8688,1.6381,7.6454,581.0,25103.0,2330.5625
4059,7.6932,7.3283,1.7615,7.6342,581.0,29719.0,2330.5625
4060,7.6823,6.8544,1.7447,7.2242,584.0,26303.0,2330.5625
4061,7.1983,7.3077,1.7554,7.4586,584.0,24327.0,2330.5625
4062,7.4349,6.886,1.7741,7.643,587.0,24075.0,2330.5625
4063,7.6457,7.5828,2.3521,8.1332,585.0,24223.0,2330.5625
4064,8.17,6.9086,1.7351,8.0307,585.0,27104.0,2330.5625
4065,8.0087,7.2906,1.935,7.6754,580.0,26819.0,2330.5625
4066,7.6457,6.9317,2.0138,6.5871,583.0,29021.0,2330.5625
4067,6.6349,7.2898,1.8442,8.419,585.0,29209.0,2330.5625
4068,8.4183,6.8416,1.8534,7.4235,583.0,27610.0,2330.5625
4069,7.4233,7.079,1.9838,7.7611,582.0,25627.0,2330.5625
4070,7.787,7.2381,1.6787,7.369,580.0,26377.0,2330.5625
4071,7.3217,6.8243,1.6419,7.868,583.0,29241.0,2330.5625
4072,7.8716,7.3765,1.7148,7.0213,581.0,26853.0,2330.5625
4073,7.1056,6.8206,1.6493,8.1388,583.0,25485.0,2330.5625
4074,8.1112,7.3447,1.7904,7.4678,582.0,26091.0,2330.5625
4075,7.5179,7.0432,2.3934,7.8554,578.0,26193.0,2330.5625
4076,7.7188,7.4942,1.6516,6.7884,553.0,23471.0,2330.5625
4077,6.8136,6.9008,1.7454,7.4366,553.0,23283.0,2330.5625
4078,7.5239,7.2605,1.9504,7.5798,561.0,24025.0,2330.5625
4079,7.4959,6.8682,1.6807,7.3376,557.0,24451.0,2330.5625
4080,7.3385,6.8444,1.6863,8.4403,582.0,27959.0,2330.5625
4081,8.5255,7.3327,1.8659,7.4513,582.0,25931.0,2330.5625
4082,7.4459,6.8241,1.685,7.1789,590.0,31242.0,2330.5625
4083,7.0619,7.5107,1.4608,7.252,580.0,27914.0,2330.5625
4084,7.2755,6.9126,1.541,8.0805,581.0,26543.0,2330.5625
4085,8.0215,7.3312,1.4289,7.051,580.0,29259.0,2330.5625
4086,7.1377,6.8454,1.5382,7.9618,585.0,52067.0,2330.5625
4087,7.9026,7.9983,1.7069,8.4212,584.0,50323.0,2330.5625
4088,8.4227,6.9147,1.7214,7.52,582.0,44975.0,2330.5625
4089,7.4801,6.8808,1.4724,7.3805,585.0,57035.0,2330.5625
4090,7.5821,6.8362,2.0964,7.1737,585.0,34571.0,2330.5625
4091,7.0885,6.9187,2.2458,7.3126,584.0,36299.0,2330.5625
4092,7.3439,7.2595,1.6361,7.944,582.0,25163.0,2330.5625
4093,7.9719,6.8741,1.5823,7.3906,589.0,26403.0,2330.5625
4094,7.2752,7.4238,1.557,7.956,587.0,28587.0,2330.5625
4095,7.9808,6.9542,1.7239,7.425,586.0,37395.0,2330.5625
4096,7.4449,7.3346,1.7817,7.3994,586.0,35485.0,2330.5625
4097,7.5141,6.8446,1.7031,7.9679,584.0,30361.0,2330.5625
4098,7.9103,7.2499,1.6152,7.208,583.0,34924.0,2330.5625
4099,7.125,6.8577,1.6203,7.3197,579.0,30323.0,2330.5625
4100,7.418,7.4991,2.0217,9.003,566.0,28011.0,2330.5625
4101,8.9976,6.9336,2.0953,6.6212,552.0,23075.0,2330.5625
4102,6.5221,6.8418,1.7354,7.6294,546.0,23003.0,2330.5625
4103,7.6834,7.2102,1.8454,7.2051,580.0,25139.0,2330.5625
4104,7.1855,6.8043,1.6232,7.779,582.0,33177.0,2330.5625
4105,7.8828,7.3284,1.6668,7.1496,582.0,32063.0,2330.5625
4106,7.0738,6.8506,1.5853,8.4799,585.0,30833.0,2330.5625
4107,8.4587,7.5194,1.6476,7.6729,580.0,33057.0,2330.5625
4108,7.6714,6.8321,2.0905,7.8276,582.0,27388.0,2330.5625
4109,7.8634,7.3134,1.9595,6.9939,589.0,32347.0,2330.5625
4110,6.9587,6.8773,1.7017,7.8585,592.0,34143.0,2330.5625
4111,8.1072,7.2798,3.0806,7.8068,590.0,33745.0,2330.5625
4112,7.6163,6.9267,2.1187,6.8752,580.0,34857.0,2330.5625
4113,6.7472,7.0873,1.9444,8.2347,587.0,36869.0,2330.5625
4114,8.3701,7.3523,2.2582,7.3277,577.0,30201.0,2330.5625
4115,7.3056,6.8661,1.8209,6.7386,562.0,26669.0,2330.5625
4116,6.6661,7.4205,1.8256,7.6058,585.0,28291.0,2330.5625
4117,7.6764,6.8977,1.7416,8.2664,554.0,24373.0,2330.5625
4118,8.248,7.2583,1.5757,7.2595,583.0,32263.0,2330.5625
4119,7.2539,6.7768,1.4504,8.961,581.0,29489.0,2330.5625
4120,8.9858,7.6114,1.7682,6.8115,585.0,28395.0,2330.5625
4121,6.8523,6.8624,2.4091,7.0704,582.0,29983.0,2330.5625
4122,7.0107,7.24,1.8151,7.3363,565.0,25379.0,2330.5625
4123,7.2779,6.8786,1.6332,8.3129,582.0,27467.0,2330.5625
4124,8.4815,7.1466,1.9876,7.83,582.0,28275.0,2330.5625
4125,7.7536,6.9087,1.8789,7.1383,586.0,29743.0,2330.5625
4126,7.1403,6.8636,1.6682,8.5435,589.0,30650.0,2330.5625
4127,8.5345,7.4553,1.9511,7.0956,586.0,31230.0,2330.5625
4128,7.086,7.0215,1.8609,7.4025,580.0,27909.0,2330.5625
4129,7.4328,7.3944,2.0029,7.5719,584.0,25805.0,2330.5625
4130,7.6258,6.9533,2.0925,8.549,585.0,27024.0,2330.5625
4131,8.4867,7.5592,2.3521,7.4377,584.0,27034.0,2330.5625
4132,7.4169,7.0251,2.1078,7.1079,556.0,26275.0,2330.5625
4133,7.1198,7.5085,1.9543,7.543,560.0,25603.0,2330.5625
4134,7.6056,6.8784,1.9611,7.4035,549.0,23865.0,2330.5625
4135,7.393,7.4772,2.1188,8.5798,583.0,29903.0,2330.5625
4136,8.5008,6.9068,1.9959,6.9461,582.0,31243.0,2330.5625
4137,6.9216,6.8031,1.8276,7.4293,580.0,30895.0,2330.5625
4138,7.4889,6.9295,2.1445,8.1049,579.0,33319.0,2330.5625
4139,8.0411,6.8944,1.8697,7.36,580.0,35159.0,2330.5625
4140,7.5077,7.5105,1.9861,8.0503,573.0,28047.0,2330.5625
4141,8.0434,7.0906,2.3611,7.4976,558.0,24379.0,2330.5625
4142,7.4329,7.4709,2.0992,7.9963,570.0,25147.0,2330.5625
4143,7.9968,7.0252,2.4613,7.2731,554.0,24079.0,2330.5625
4144,7.2487,7.5896,1.9966,7.5188,557.0,23353.0,2330.5625
4145,7.4955,6.9706,2.1984,7.69,578.0,26678.0,2330.5625
4146,7.6336,7.2575,1.6501,7.3534,564.0,25309.0,2330.5625
4147,7.4464,6.8951,1.8438,7.6262,583.0,25207.0,2330.5625
4148,7.6216,6.8688,1.9967,7.8367,585.0,23423.0,2330.5625
4149,7.7765,7.5521,1.8312,7.1061,581.0,23839.0,2330.5625
4150,7.1487,6.8852,1.8086,7.9358,581.0,27567.0,2330.5625
4151,7.9199,7.5989,1.7326,7.1572,585.0,32181.0,2330.5625
4152,7.1551,6.8732,1.6575,8.3368,575.0,25505.0,2330.5625
4153,8.3264,7.3471,2.1877,6.4222,544.0,22979.0,2330.5625
4154,6.4098,6.8407,1.8009,8.4223,556.0,23651.0,2330.5625
4155,8.4287,7.3299,1.7101,7.0957,545.0,22991.0,2330.5625
4156,7.07,6.8485,1.4534,7.9547,578.0,25265.0,2330.5625
4157,7.9267,7.4254,1.5347,7.7782,586.0,25325.0,2330.5625
4158,7.9804,6.8132,1.7575,6.844,584.0,24739.0,2330.5625
4159,6.7088,6.8916,1.6675,7.9984,588.0,25143.0,2330.5625
4160,8.044,7.3442,1.6193,7.5743,586.0,29757.0,2330.5625
4161,7.5698,6.8931,2.1682,7.4338,584.0,26281.0,2330.5625
4162,7.4298,7.3877,2.3619,7.7772,583.0,24337.0,2330.5625
4163,7.7762,6.8418,1.7291,7.7803,582.0,24059.0,2330.5625
4164,7.784,7.5612,1.8383,7.525,581.0,24219.0,2330.5625
4165,7.5561,6.9043,1.8426,7.4647,586.0,27138.0,2330.5625
4166,7.3746,7.4819,1.7198,7.6867,584.0,26889.0,2330.5625
4167,7.7157,6.8456,1.5205,7.0975,584.0,29055.0,2330.5625
4168,7.1576,7.2984,1.6713,7.8127,585.0,29209.0,2330.5625
4169,7.7529,6.8407,1.6031,7.1851,585.0,27634.0,2330.5625
4170,7.1319,7.0946,1.6663,7.7995,582.0,25627.0,2330.5625
4171,7.9303,6.8372,1.9325,7.2029,580.0,26377.0,2330.5625
4172,7.1503,6.8252,1.4636,8.038,578.0,29181.0,2330.5625
4173,8.0078,7.3073,1.4342,7.1453,583.0,26833.0,2330.5625
4174,7.1271,6.8788,1.4647,7.6025,592.0,25549.0,2330.5625
4175,7.7007,7.3563,1.7107,8.1681,585.0,26083.0,2330.5625
4176,8.104,6.9715,1.4787,7.6844,575.0,26135.0,2330.5625
4177,7.832,7.5716,1.8332,7.0862,555.0,23473.0,2330.5625
4178,6.9702,6.8639,1.868,6.9141,553.0,23353.0,2330.5625
4179,6.9314,7.2863,1.9369,8.6168,552.0,23913.0,2330.5625
4180,8.5911,7.116,1.7962,6.914,553.0,24495.0,2330.5625
4181,6.8461,6.83,1.664,8.725,581.0,27969.0,2330.5625
4182,8.8387,6.8829,1.8355,7.5735,583.0,25965.0,2330.5625
4183,7.5432,6.8737,1.8146,7.4925,589.0,31716.0,2330.5625
4184,7.4968,7.552,2.0271,7.3263,586.0,27522.0,2330.5625
4185,7.3039,6.8868,1.7849,7.6905,579.0,26983.0,2330.5625
4186,7.7689,7.3238,1.8885,7.4877,584.0,30439.0,2330.5625
4187,7.4153,6.8313,1.9055,8.3242,584.0,50459.0,2330.5625
4188,8.3729,7.3774,2.0603,6.8441,580.0,50275.0,2330.5625
4189,6.8153,6.8252,1.9639,8.2914,589.0,45015.0,2330.5625
4190,8.2869,7.6158,1.9797,7.1392,593.0,57087.0,2330.5625
4191,7.0805,6.9229,1.846,7.8171,589.0,34575.0,2330.5625
4192,7.973,6.977,2.244,8.0266,587.0,36313.0,2330.5625
4193,8.036,6.9766,1.9457,7.2894,586.0,25653.0,2330.5625
4194,7.185,6.9094,1.9745,8.3169,584.0,25901.0,2330.5625
4195,8.3156,7.3806,2.0653,7.415,585.0,28607.0,2330.5625
4196,7.4266,7.3981,2.0645,9.2183,582.0,37391.0,2330.5625
4197,9.307,7.3981,2.356,8.4294,583.0,35471.0,2330.5625
4198,8.4446,6.8228,3.2567,7.8253,581.0,30347.0,2330.5625
4199,7.7502,7.3981,2.2178,8.1075,586.0,34982.0,2330.5625
4200,8.0748,6.8965,1.9134,7.1756,579.0,30323.0,2330.5625
4201,7.1601,7.4824,1.9044,7.5996,565.0,27951.0,2330.5625
4202,7.7154,6.9226,2.0672,7.7073,548.0,23027.0,2330.5625
4203,7.6599,7.3161,2.8821,8.3801,545.0,22991.0,2330.5625
4204,8.3922,7.301,2.8595,8.7632,583.0,25175.0,2330.5625
4205,8.8346,6.8723,2.7238,8.6276,585.0,33169.0,2330.5625
4206,8.5907,6.8723,2.1911,7.7237,587.0,32079.0,2330.5625
4207,7.7181,7.7532,2.0105,8.326,588.0,30825.0,2330.5625
4208,8.3219,6.9534,1.8518,8.6061,587.0,33119.0,2330.5625
4209,8.6469,6.8525,2.0532,9.6187,583.0,27378.0,2330.5625
4210,9.5722,6.8525,2.3835,7.4559,585.0,32321.0,2330.5625
4211,7.424,7.3217,2.4335,8.3857,583.0,34079.0,2330.5625
4212,8.4941,6.9659,2.221,8.0156,584.0,33717.0,2330.5625
4213,7.9251,7.6293,1.9137,8.1617,581.0,34891.0,2330.5625
4214,8.1913,6.9674,2.2668,7.6442,582.0,36831.0,2330.5625
4215,7.6204,7.3137,2.4031,8.4304,576.0,31039.0,2330.5625
4216,8.4025,6.9252,2.1391,8.0497,561.0,25925.0,2330.5625
4217,8.0799,7.6008,2.5423,7.6997,584.0,28787.0,2330.5625
4218,7.6664,6.9665,2.2297,7.5184,547.0,23973.0,2330.5625
4219,7.5252,7.6007,2.2662,8.8083,583.0,32023.0,2330.5625
4220,8.9138,6.8765,2.2162,8.5465,583.0,29513.0,2330.5625
4221,8.5605,7.2975,2.2369,7.8039,588.0,28387.0,2330.5625
4222,7.7478,6.941,2.0052,9.3795,585.0,29975.0,2330.5625
4223,9.3765,6.941,2.2797,8.1634,572.0,26075.0,2330.5625
4224,8.1446,7.3889,2.2564,8.6242,586.0,27493.0,2330.5625
4225,8.6737,7.6538,2.5043,8.244,583.0,27897.0,2330.5625
4226,8.1601,6.9856,2.133,6.8921,584.0,31712.0,2330.5625
4227,6.879,7.3208,1.9034,7.5825,582.0,30854.0,2330.5625
4228,7.5773,7.0076,2.1665,8.0457,582.0,29011.0,2330.5625
4229,8.1603,7.162,2.1173,8.7174,577.0,28631.0,2330.5625
4230,8.8145,6.9576,2.2889,8.991,574.0,24683.0,2330.5625
4231,8.84,6.9576,2.1114,7.2843,584.0,27034.0,2330.5625
4232,7.2427,6.915,2.2286,9.2715,583.0,26974.0,2330.5625
4233,9.3015,6.915,2.4511,7.3479,561.0,26335.0,2330.5625
4234,7.3301,6.9276,2.141,7.4915,558.0,25579.0,2330.5625
4235,7.4456,7.1637,2.0964,8.3388,551.0,23889.0,2330.5625
4236,8.3799,7.3626,2.4596,7.6142,581.0,29879.0,2330.5625
4237,7.5888,6.9513,2.462,6.9308,584.0,31223.0,2330.5625
4238,6.9455,7.2797,2.1197,8.4445,589.0,30959.0,2330.5625
4239,8.4375,6.9132,1.8354,7.6772,587.0,33371.0,2330.5625
4240,7.8413,7.4105,2.1332,7.3409,586.0,35209.0,2330.5625
4241,7.1661,6.9451,2.1315,8.3084,575.0,28049.0,2330.5625
4242,8.4574,7.6138,2.0829,7.7221,558.0,24401.0,2330.5625
4243,7.7309,6.894,2.115,7.6503,571.0,25811.0,2330.5625
4244,7.5541,7.3235,2.2562,6.9789,549.0,23647.0,2330.5625
4245,6.9522,6.9911,2.0126,8.0179,548.0,24580.0,2330.5625
4246,8.0575,6.9892,2.5004,8.5022,571.0,25111.0,2330.5625
4247,8.5038,6.9542,2.3284,6.6852,570.0,25451.0,2330.5625
4248,6.6323,7.1127,1.8707,8.5555,581.0,25135.0,2330.5625
4249,8.5617,7.3557,2.2581,6.8901,581.0,23375.0,2330.5625
4250,6.885,6.9005,2.2508,7.8466,582.0,23947.0,2330.5625
4251,7.8715,7.3522,2.1356,7.449,581.0,27567.0,2330.5625
4252,7.4274,6.866,1.8532,7.3313,581.0,32133.0,2330.5625
4253,7.3649,7.375,1.7006,7.4996,576.0,25377.0,2330.5625
4254,7.5556,6.8583,1.8633,7.1956,549.0,22995.0,2330.5625
4255,7.1191,7.9331,1.9322,8.3831,563.0,23691.0,2330.5625
4256,8.3325,6.8265,1.7903,7.652,549.0,23017.0,2330.5625
4257,7.7387,7.1382,2.4338,7.1182,585.0,25327.0,2330.5625
4258,7.1803,6.8089,1.7505,7.834,583.0,25311.0,2330.5625
4259,7.8792,7.4441,1.8787,7.8779,582.0,24759.0,2330.5625
4260,7.7033,6.8853,1.7305,7.7037,584.0,25139.0,2330.5625
4261,7.7203,6.9369,1.8977,7.378,581.0,29719.0,2330.5625
4262,7.431,7.6103,1.9597,7.5904,584.0,26303.0,2330.5625
4263,7.6006,6.9128,1.7825,7.2401,585.0,24383.0,2330.5625
4264,7.1638,7.3751,1.7972,7.7461,582.0,24059.0,2330.5625
4265,7.7552,6.8614,1.6197,7.9645,583.0,24243.0,2330.5625
4266,7.9098,7.6177,1.7508,7.295,586.0,27138.0,2330.5625
4267,7.3938,6.8555,1.9718,7.5019,582.0,26865.0,2330.5625
4268,7.4897,7.2807,2.0083,7.7868,584.0,29055.0,2330.5625
4269,7.7794,6.8503,1.926,7.4717,591.0,29237.0,2330.5625
4270,7.4875,7.3785,2.2815,7.399,587.0,27614.0,2330.5625
4271,7.4551,6.8999,1.6724,7.289,585.0,25619.0,2330.5625
4272,7.2816,6.8471,1.5253,7.7029,587.0,26439.0,2330.5625
4273,7.6126,7.5245,1.6387,7.7073,580.0,29183.0,2330.5625
4274,7.7423,6.8647,2.3227,7.7551,581.0,26831.0,2330.5625
4275,7.7708,7.4577,2.1424,7.5329,584.0,25497.0,2330.5625
4276,7.5448,6.8185,1.7859,7.4749,581.0,26079.0,2330.5625
4277,7.5296,7.1988,1.7979,7.8057,574.0,26145.0,2330.5625
4278,7.8057,6.8712,1.9422,7.0734,554.0,23483.0,2330.5625
4279,6.9962,7.4998,1.8072,7.6848,552.0,23411.0,2330.5625
4280,7.6793,6.8523,1.7999,6.8207,553.0,23973.0,2330.5625
4281,6.7709,6.8007,2.391,7.9467,557.0,24495.0,2330.5625
4282,8.0205,7.235,2.0273,7.2201,579.0,27945.0,2330.5625
4283,7.1256,6.8606,1.9952,8.1684,580.0,26393.0,2330.5625
4284,8.3297,7.3085,2.2915,6.7199,587.0,31228.0,2330.5625
4285,6.5795,6.8563,2.0241,8.4627,586.0,27478.0,2330.5625
4286,8.488,7.5228,1.4095,7.5947,585.0,27011.0,2330.5625
4287,7.6515,6.8789,1.9402,7.2494,585.0,30407.0,2330.5625
4288,7.3005,6.8764,1.8184,7.3494,583.0,52021.0,2330.5625
4289,7.3019,6.9128,1.7838,8.32,585.0,48717.0,2330.5625
4290,8.2968,7.2732,2.0084,7.2083,584.0,44977.0,2330.5625
4291,7.168,6.8567,1.5986,6.8538,586.0,60383.0,2330.5625
4292,6.8801,6.9,2.0436,8.1766,585.0,31235.0,2330.5625
4293,8.2967,7.3551,1.6668,7.3431,584.0,36299.0,2330.5625
4294,7.3064,6.8694,2.5205,7.3418,584.0,25651.0,2330.5625
4295,7.2727,7.2982,2.2688,7.5018,581.0,25887.0,2330.5625
4296,7.482,6.8232,1.3919,7.5933,585.0,28607.0,2330.5625
4297,7.6855,7.5148,1.6788,7.2462,582.0,37391.0,2330.5625
4298,7.1281,6.8212,1.4161,8.1019,581.0,35447.0,2330.5625
4299,8.2031,7.5711,1.479,7.629,580.0,30335.0,2330.5625
4300,7.5819,6.8135,1.5886,7.4621,582.0,34934.0,2330.5625
4301,7.4787,7.3078,2.2857,7.9757,585.0,30351.0,2330.5625
4302,8.0272,6.859,1.82,7.3125,567.0,27883.0,2330.5625
4303,7.2645,7.1384,2.0199,7.4074,550.0,23007.0,2330.5625
4304,7.4498,7.2683,1.8566,7.1453,549.0,23017.0,2330.5625
4305,7.0498,6.8484,1.5406,7.8731,584.0,25165.0,2330.5625
4306,7.9146,7.3237,1.7651,7.3298,586.0,33203.0,2330.5625
4307,7.304,6.8719,1.5724,8.537,583.0,32075.0,2330.5625
4308,8.6583,7.5048,1.7621,7.3269,585.0,30833.0,2330.5625
4309,7.2727,6.9419,1.8301,7.4273,584.0,33105.0,2330.5625
4310,7.3313,7.5289,1.632,7.7503,580.0,27364.0,2330.5625
4311,7.7574,6.9367,1.4529,7.7081,589.0,32391.0,2330.5625
4312,7.7394,7.2733,1.4497,7.5969,585.0,34103.0,2330.5625
4313,7.6051,6.8586,1.6454,6.8631,587.0,33753.0,2330.5625
4314,6.8636,6.8672,1.6407,8.3846,581.0,34891.0,2330.5625
4315,8.3814,6.9276,1.6132,6.8102,585.0,36867.0,2330.5625
4316,6.8063,6.8696,1.7855,7.8384,579.0,32189.0,2330.5625
4317,7.8716,7.5035,1.5358,7.1262,567.0,25477.0,2330.5625
4318,7.1281,6.8346,1.5897,7.9454,575.0,27997.0,2330.5625
4319,7.8984,7.3246,1.3798,6.9085,553.0,24597.0,2330.5625
4320,6.9303,6.8788,1.2819,8.2062,590.0,31585.0,2330.5625
4321,8.1729,7.2675,1.3705,7.5791,583.0,29491.0,2330.5625
4322,7.6584,6.8867,1.6089,7.5732,583.0,28717.0,2330.5625
4323,7.5862,7.5118,1.8042,7.4819,582.0,29615.0,2330.5625
4324,7.4859,6.8476,1.4184,7.1158,567.0,26059.0,2330.5625
4325,7.0894,6.8743,1.4418,9.151,581.0,29707.0,2330.5625
4326,9.2228,7.7796,2.27,7.0751,579.0,25619.0,2330.5625
4327,6.9374,6.9459,1.9004,7.8521,583.0,31722.0,2330.5625
4328,7.9502,7.4105,2.9111,7.0006,587.0,30914.0,2330.5625
4329,6.9156,6.9159,1.9954,7.8527,582.0,29011.0,2330.5625
4330,7.9363,7.5255,1.6327,7.4617,583.0,28703.0,2330.5625
4331,7.3343,6.8342,1.4503,7.9314,573.0,24671.0,2330.5625
4332,7.9223,7.2878,2.1134,7.1245,587.0,27070.0,2330.5625
4333,7.1444,6.8336,1.499,7.73,585.0,26858.0,2330.5625
4334,7.9,7.444,1.8028,7.7162,562.0,26303.0,2330.5625
4335,7.6138,6.8951,1.7533,7.9622,563.0,25595.0,2330.5625
4336,7.95,7.1548,1.7835,7.0687,558.0,23951.0,2330.5625
4337,7.073,7.3124,1.8376,7.3676,581.0,29857.0,2330.5625
4338,7.3542,6.8711,1.6017,7.6556,586.0,31269.0,2330.5625
4339,7.7348,7.3306,1.7224,7.6498,584.0,30943.0,2330.5625
4340,7.5843,6.8112,1.7572,7.7324,582.0,33355.0,2330.5625
4341,7.7779,7.6306,1.8698,7.9601,584.0,35207.0,2330.5625
4342,7.9174,6.8829,1.6996,7.221,574.0,28059.0,2330.5625
4343,7.2379,7.3685,1.694,7.1988,557.0,24507.0,2330.5625
4344,7.2459,6.9045,1.7571,7.3383,569.0,25691.0,2330.5625
4345,7.3095,7.462,1.6163,7.3473,554.0,23755.0,2330.5625
4346,7.3147,6.8671,1.1517,8.2499,576.0,26724.0,2330.5625
4347,8.403,6.8742,2.7872,8.1949,566.0,25595.0,2330.5625
4348,8.1017,7.8965,1.8329,6.9542,584.0,24979.0,2330.5625
4349,6.9221,6.8116,1.7302,8.1969,585.0,23475.0,2330.5625
4350,8.2197,7.2908,1.7041,7.4339,586.0,23903.0,2330.5625
4351,7.371,6.9577,2.0438,7.8303,587.0,29283.0,2330.5625
4352,7.9883,7.3719,1.7328,7.9268,582.0,30627.0,2330.5625
4353,7.7744,6.9536,1.6475,6.5777,572.0,25111.0,2330.5625
4354,6.595,7.5148,1.537,8.2375,550.0,23029.0,2330.5625
4355,8.2833,6.8816,1.7252,8.4653,554.0,23627.0,2330.5625
4356,8.511,7.2897,1.7964,6.7351,544.0,22979.0,2330.5625
4357,6.8212,6.8469,1.7356,7.305,581.0,25301.0,2330.5625
4358,7.0674,6.8547,1.64,7.8728,580.0,25297.0,2330.5625
4359,7.8942,7.2128,1.5863,6.9429,582.0,24759.0,2330.5625
4360,7.0161,6.8489,1.7655,8.2945,581.0,25103.0,2330.5625
4361,8.326,7.5277,2.6692,7.9604,580.0,29707.0,2330.5625
4362,7.9972,6.9465,1.9821,7.5474,583.0,26291.0,2330.5625
4363,7.5581,7.3451,2.1916,6.9147,582.0,24347.0,2330.5625
4364,6.8229,6.8532,2.1904,7.7924,580.0,24035.0,2330.5625
4365,7.8992,7.3183,2.338,7.3408,590.0,24283.0,2330.5625
4366,7.2324,6.8958,1.8293,7.7925,585.0,27082.0,2330.5625
4367,8.1117,7.5635,1.672,7.2475,588.0,26893.0,2330.5625
4368,7.0093,6.9013,1.5959,8.5465,584.0,29033.0,2330.5625
4369,8.5888,6.8542,1.8626,7.0293,591.0,29259.0,2330.5625
4370,7.0352,6.8743,1.8216,7.2401,585.0,27612.0,2330.5625
4371,7.1915,6.8598,1.8756,7.9107,581.0,25615.0,2330.5625
4372,7.8653,7.3528,1.9864,7.5306,580.0,26377.0,2330.5625
4373,7.6055,6.9076,2.0622,7.8562,580.0,29205.0,2330.5625
4374,7.7562,7.5401,1.6552,7.1919,581.0,26853.0,2330.5625
4375,7.2577,6.8757,1.8703,7.3881,577.0,25413.0,2330.5625
4376,7.3277,7.3093,1.615,7.3746,584.0,26115.0,2330.5625
4377,7.3626,6.8302,1.5311,7.902,573.0,26133.0,2330.5625
4378,8.0081,7.5766,1.8638,7.3874,555.0,23495.0,2330.5625
4379,7.301,6.8926,1.8834,7.1696,558.0,24177.0,2330.5625
4380,7.2377,6.8571,1.5467,7.5558,550.0,23243.0,2330.5625
4381,7.5073,7.266,1.5694,7.5379,560.0,25047.0,2330.5625
4382,7.5895,6.8359,1.5299,7.6424,587.0,27997.0,2330.5625
4383,7.573,7.2468,1.835,8.2845,583.0,25921.0,2330.5625
4384,8.2928,6.8662,1.8093,7.1893,594.0,31290.0,2330.5625
4385,7.1428,7.4907,1.6811,7.4544,586.0,27500.0,2330.5625
4386,7.481,6.8097,1.546,7.226,587.0,28653.0,2330.5625
4387,7.3905,7.2575,1.7446,7.8409,581.0,30403.0,2330.5625
4388,7.6771,6.8335,1.517,7.6876,583.0,50447.0,2330.5625
4389,7.6888,7.3098,1.8371,7.8107,581.0,48999.0,2330.5625
4390,7.8013,6.8985,1.9086,6.6656,580.0,46239.0,2330.5625
4391,6.7591,7.0751,1.7264,8.2253,583.0,58751.0,2330.5625
4392,8.2104,7.3297,1.7815,6.8773,582.0,31199.0,2330.5625
4393,6.8415,6.8933,1.8424,7.8965,589.0,36359.0,2330.5625
4394,7.8544,7.3222,1.5371,7.3273,581.0,25983.0,2330.5625
4395,7.4503,6.9226,1.957,8.4557,582.0,25899.0,2330.5625
4396,8.3853,7.357,1.7565,7.4165,581.0,28683.0,2330.5625
4397,7.4268,6.8715,1.9789,8.0248,587.0,36915.0,2330.5625
4398,8.0034,7.5155,1.8254,7.1845,583.0,35427.0,2330.5625
4399,7.2734,6.8937,1.8061,6.5687,583.0,30327.0,2330.5625
4400,6.5415,6.907,1.6911,8.4238,586.0,34960.0,2330.5625
4401,8.3049,6.878,1.487,7.3669,586.0,30849.0,2330.5625
4402,7.4693,6.8585,2.537,7.6526,569.0,27369.0,2330.5625
4403,7.7136,7.3184,1.7224,6.7465,547.0,23015.0,2330.5625
4404,6.6126,6.8764,1.754,7.9514,544.0,22979.0,2330.5625
4405,7.9811,7.4743,1.6621,7.8067,586.0,25211.0,2330.5625
4406,7.8905,6.7975,1.6738,7.516,581.0,33165.0,2330.5625
4407,7.4854,7.5246,1.8053,7.5569,583.0,32075.0,2330.5625
4408,7.506,6.8365,1.7811,7.9246,586.0,30845.0,2330.5625
4409,7.9431,7.3055,3.364,7.0964,589.0,33165.0,2330.5625
4410,7.0878,6.8868,2.2449,7.6139,579.0,27352.0,2330.5625
4411,7.5966,7.588,1.9225,7.6937,588.0,32379.0,2330.5625
4412,7.7674,6.8053,1.7076,7.2446,587.0,34127.0,2330.5625
4413,7.1944,6.7972,1.5927,8.2394,590.0,33745.0,2330.5625
4414,8.2264,7.5443,1.8251,7.262,587.0,34919.0,2330.5625
4415,7.2675,6.9059,1.6734,8.2478,586.0,36835.0,2330.5625
4416,8.3202,7.6027,1.8842,7.0835,584.0,32275.0,2330.5625
4417,7.041,6.8723,1.8391,7.6087,568.0,25717.0,2330.5625
4418,7.6127,7.5224,1.7527,7.965,577.0,27789.0,2330.5625
4419,7.9441,6.8385,2.1902,7.6976,548.0,24581.0,2330.5625
4420,7.6678,7.3997,1.6073,7.106,580.0,31487.0,2330.5625
4421,7.168,6.8663,1.5586,7.9001,583.0,29513.0,2330.5625
4422,7.8284,7.5032,1.6951,7.6798,582.0,28727.0,2330.5625
4423,7.7415,6.8573,1.9299,7.7092,581.0,29603.0,2330.5625
4424,7.7442,7.153,1.8642,7.1645,571.0,26523.0,2330.5625
4425,7.0662,7.3048,1.8236,7.5283,580.0,29327.0,2330.5625
4426,7.4962,6.8288,1.2755,7.1844,581.0,25643.0,2330.5625
4427,7.3395,7.2884,1.3009,8.05,586.0,31758.0,2330.5625
4428,7.9118,6.8529,1.5207,7.4303,582.0,30854.0,2330.5625
4429,7.4394,7.5212,1.5667,7.7841,584.0,29359.0,2330.5625
4430,7.753,6.7995,1.4239,7.4206,584.0,28303.0,2330.5625
4431,7.4572,7.586,1.4879,7.4867,575.0,24603.0,2330.5625
4432,7.5266,6.8408,1.6448,7.0408,586.0,27036.0,2330.5625
4433,7.0693,7.2517,1.6172,8.8871,582.0,26844.0,2330.5625
4434,8.9186,6.8289,1.5571,6.32,558.0,26277.0,2330.5625
4435,6.2861,6.8009,1.5665,8.6385,559.0,25591.0,2330.5625
4436,8.6915,7.297,1.6217,6.9778,551.0,23889.0,2330.5625
4437,6.9126,6.8955,1.8079,8.0557,581.0,29879.0,2330.5625
4438,8.2333,7.4689,1.6247,7.5171,585.0,31279.0,2330.5625
4439,7.3015,6.8925,1.598,8.119,581.0,30907.0,2330.5625
4440,8.2523,7.7055,2.3759,7.2991,583.0,33367.0,2330.5625
4441,7.2318,6.8584,2.139,7.6321,581.0,35171.0,2330.5625
4442,7.6568,7.419,1.7738,7.4338,577.0,28095.0,2330.5625
4443,7.503,6.8668,1.5795,6.6664,556.0,24495.0,2330.5625
4444,6.5903,7.6049,1.7352,9.6473,568.0,25679.0,2330.5625
4445,9.6367,6.8334,2.0083,6.4655,554.0,23711.0,2330.5625
4446,6.4325,6.8558,1.6906,8.1914,584.0,26872.0,2330.5625
4447,8.223,6.8911,1.9417,7.0684,572.0,25623.0,2330.5625
4448,7.0449,6.9414,1.7363,8.512,580.0,24861.0,2330.5625
4449,8.5285,7.6143,2.3061,6.8246,585.0,23497.0,2330.5625
4450,6.7745,6.8314,1.965,8.1339,583.0,23889.0,2330.5625
4451,8.1736,7.4669,1.6538,7.0064,583.0,29413.0,2330.5625
4452,7.112,6.8546,1.5956,8.3446,585.0,30599.0,2330.5625
4453,8.2992,7.3929,1.7838,7.2386,567.0,24977.0,2330.5625
4454,7.2033,6.8551,1.5587,7.5291,545.0,22991.0,2330.5625
4455,7.565,7.5233,1.6921,7.3502,559.0,23687.0,2330.5625
4456,7.2505,6.828,1.6046,7.0545,544.0,22979.0,2330.5625
4457,7.1352,6.8425,2.1173,9.8671,585.0,25349.0,2330.5625
4458,10.1377,7.3229,2.1894,6.9757,582.0,25321.0,2330.5625
4459,6.7765,6.888,2.0879,8.0514,585.0,24795.0,2330.5625
4460,7.9611,7.4029,1.6818,7.3811,580.0,25091.0,2330.5625
4461,7.3953,6.935,1.9166,7.948,588.0,29759.0,2330.5625
4462,8.0018,7.6576,2.143,7.7977,585.0,26271.0,2330.5625
4463,7.7565,7.021,1.9819,6.7486,583.0,24315.0,2330.5625
4464,6.727,7.4826,1.7941,7.62,579.0,24001.0,2330.5625
4465,7.6478,6.8767,1.6287,7.9679,585.0,24245.0,2330.5625
4466,7.9458,7.5978,2.0843,7.8315,588.0,27140.0,2330.5625
4467,7.8506,6.9095,2.7447,7.106,581.0,26853.0,2330.5625
4468,7.1204,7.5496,1.8236,8.0296,583.0,29043.0,2330.5625
4469,7.9608,6.8649,1.6268,7.2265,584.0,29197.0,2330.5625
4470,7.3253,6.8927,1.7324,7.8877,586.0,27646.0,2330.5625
4471,7.8773,7.2666,2.4586,7.3558,578.0,25579.0,2330.5625
4472,7.3234,6.8757,1.9562,7.0786,581.0,26389.0,2330.5625
4473,7.0465,7.4962,1.9136,8.687,581.0,29217.0,2330.5625
4474,8.6716,7.0005,1.7719,7.5036,583.0,26877.0,2330.5625
4475,7.5304,7.9458,1.5896,8.0752,584.0,25497.0,2330.5625
4476,8.0361,6.8759,1.5006,7.1788,582.0,26091.0,2330.5625
4477,7.1807,7.1055,1.8013,7.6121,577.0,26137.0,2330.5625
4478,7.6015,6.8512,2.2057,7.8861,562.0,23535.0,2330.5625
4479,7.9333,7.8873,1.805,8.0913,558.0,24133.0,2330.5625
4480,8.1537,6.9318,1.9719,7.18,554.0,23829.0,2330.5625
4481,7.1503,7.4657,1.741,7.6422,563.0,25153.0,2330.5625
4482,7.6406,6.7947,1.6317,6.8034,587.0,27555.0,2330.5625
4483,6.7891,6.8658,1.8095,8.6751,580.0,25929.0,2330.5625
4484,8.7249,7.2766,1.9431,6.7705,590.0,31264.0,2330.5625
4485,6.7053,6.8587,1.8422,7.8545,585.0,29106.0,2330.5625
4486,7.8884,7.5709,1.8566,7.4496,584.0,27043.0,2330.5625
4487,7.4275,6.8183,1.8661,7.4718,583.0,30427.0,2330.5625
4488,7.4868,7.6304,1.7697,7.8772,581.0,50423.0,2330.5625
4489,7.8498,6.8962,1.6457,7.9673,583.0,49023.0,2330.5625
4490,7.9808,7.3264,1.67,7.8097,583.0,46275.0,2330.5625
4491,7.8347,6.8472,1.9541,6.8546,588.0,58811.0,2330.5625
4492,7.106,7.525,2.2434,8.0454,579.0,31163.0,2330.5625
4493,7.7938,6.9541,2.0572,7.2437,589.0,36683.0,2330.5625
4494,7.2701,7.1361,1.6545,7.8032,585.0,25619.0,2330.5625
4495,7.7256,7.2526,1.4147,7.3401,587.0,25915.0,2330.5625
4496,7.3135,6.8091,1.1064,8.0178,582.0,28673.0,2330.5625
4497,8.0586,7.4153,1.4919,6.8057,586.0,37293.0,2330.5625
4498,6.8308,6.7677,1.6156,8.553,582.0,35069.0,2330.5625
4499,8.5708,7.5415,2.249,6.7962,582.0,31887.0,2330.5625
4500,6.8075,6.8049,2.4354,7.8127,586.0,33454.0,2330.5625
4501,7.7432,7.33,1.7605,7.3862,579.0,30787.0,2330.5625
4502,7.3774,6.8784,1.5695,7.589,561.0,27151.0,2330.5625
4503,7.5663,7.4725,1.5398,7.7181,544.0,22979.0,2330.5625
4504,7.7359,6.8798,1.4418,6.8314,545.0,22991.0,2330.5625
4505,6.8972,6.9962,1.4398,8.2205,581.0,25151.0,2330.5625
4506,8.2446,7.2148,1.6467,7.8836,581.0,33165.0,2330.5625
4507,7.8554,6.9066,1.9238,7.7735,582.0,32063.0,2330.5625
4508,7.745,7.3763,1.7115,7.3937,585.0,30833.0,2330.5625
4509,7.3416,6.8635,1.6704,6.8479,588.0,33109.0,2330.5625
4510,6.949,7.4595,1.792,8.0254,586.0,27392.0,2330.5625
4511,8.1155,6.8331,1.6684,7.4009,591.0,32371.0,2330.5625
4512,7.2727,7.5451,1.7846,7.5204,588.0,34117.0,2330.5625
4513,7.4762,6.8777,1.5791,7.8694,586.0,33719.0,2330.5625
4514,7.9554,7.2357,1.7796,7.165,583.0,34893.0,2330.5625
4515,7.0925,6.9149,1.6968,7.1685,587.0,36891.0,2330.5625
4516,7.1804,7.06,1.2769,8.2674,583.0,32429.0,2330.5625
4517,8.4053,7.3527,1.8379,7.7047,564.0,25691.0,2330.5625
4518,7.5533,6.879,1.8323,7.2524,570.0,27999.0,2330.5625
4519,7.2341,7.4735,1.6459,7.2677,553.0,24417.0,2330.5625
4520,7.2428,6.79,1.258,8.1342,581.0,31499.0,2330.5625
4521,8.2168,7.3151,1.4991,7.4761,579.0,29465.0,2330.5625
4522,7.6249,6.8116,1.8725,7.1207,582.0,29383.0,2330.5625
4523,6.9016,7.5011,1.3786,7.9538,581.0,28947.0,2330.5625
4524,8.0034,6.8635,1.5609,7.2652,568.0,26391.0,2330.5625
4525,7.3591,7.0986,2.0172,8.4619,590.0,29403.0,2330.5625
4526,8.4141,6.9149,2.8158,7.0538,584.0,25635.0,2330.5625
4527,7.0429,6.9041,1.8907,8.0439,588.0,32106.0,2330.5625
4528,8.1688,6.9458,2.6127,7.3747,587.0,30892.0,2330.5625
4529,7.3099,6.8441,1.659,7.3887,583.0,29001.0,2330.5625
4530,7.3778,7.503,1.9252,7.1141,586.0,28349.0,2330.5625
4531,7.0614,6.7736,1.7134,8.1637,573.0,24623.0,2330.5625
4532,8.167,7.5325,1.598,7.973,585.0,26950.0,2330.5625
4533,8.0321,6.8939,1.9181,7.9276,581.0,26854.0,2330.5625
4534,7.8503,7.5807,1.6278,6.5572,559.0,26311.0,2330.5625
4535,6.5723,6.833,1.6113,7.8808,556.0,25555.0,2330.5625
4536,8.0464,7.4482,1.7136,7.4776,549.0,23913.0,2330.5625
4537,7.3121,6.8687,1.895,7.3645,577.0,29831.0,2330.5625
4538,7.4176,6.8556,1.8102,7.6025,583.0,33831.0,2330.5625
4539,7.6474,6.8672,1.8714,7.2893,585.0,28379.0,2330.5625
4540,7.2325,6.8839,1.8008,8.0571,580.0,33331.0,2330.5625
4541,8.136,7.3017,1.8039,8.0881,587.0,35199.0,2330.5625
4542,7.9749,6.8819,1.7879,7.2729,576.0,27991.0,2330.5625
4543,7.2987,7.6057,1.751,7.711,562.0,24523.0,2330.5625
4544,7.7027,6.8869,1.6252,7.2139,568.0,26073.0,2330.5625
4545,7.2483,7.2958,1.8096,7.1213,553.0,23353.0,2330.5625
4546,7.0461,6.8608,1.4514,7.6531,584.0,26846.0,2330.5625
4547,7.6818,6.9847,1.5649,8.2217,574.0,25787.0,2330.5625
4548,8.2139,6.8148,1.5355,6.9996,584.0,24883.0,2330.5625
4549,6.9968,6.8941,1.6382,7.6423,580.0,23459.0,2330.5625
4550,7.6315,7.1335,1.5396,7.9785,582.0,23995.0,2330.5625
4551,8.0492,6.8739,1.8847,7.4055,586.0,29497.0,2330.5625
4552,7.4377,7.3658,1.6964,7.2912,580.0,30907.0,2330.5625
4553,7.1777,6.8468,1.5775,7.4547,565.0,24393.0,2330.5625
4554,7.6052,7.5375,1.7258,7.4227,548.0,23027.0,2330.5625
4555,7.3138,6.844,2.2514,8.2332,559.0,23687.0,2330.5625
4556,8.2685,7.4787,1.8161,7.5291,545.0,22991.0,2330.5625
4557,7.5485,6.8896,2.4227,7.2605,588.0,25341.0,2330.5625
4558,7.2704,7.2541,1.9611,7.9105,588.0,25349.0,2330.5625
4559,7.8629,6.9241,2.3566,6.8148,588.0,24787.0,2330.5625
4560,6.9294,6.8619,1.9024,8.2948,584.0,25117.0,2330.5625
4561,8.1936,7.382,1.7528,7.2378,582.0,29709.0,2330.5625
4562,7.2362,6.8179,1.7203,8.1444,585.0,26293.0,2330.5625
4563,8.2939,7.5052,1.8374,7.012,583.0,24359.0,2330.5625
4564,6.8848,6.8964,1.7786,8.0343,582.0,24059.0,2330.5625
4565,7.9535,7.2822,1.536,7.1576,578.0,24183.0,2330.5625
4566,7.2297,6.9165,1.4742,8.1747,584.0,27114.0,2330.5625
4567,8.1737,7.5499,1.5451,7.175,583.0,26877.0,2330.5625
4568,7.2232,6.8082,1.5424,7.3324,581.0,29019.0,2330.5625
4569,7.2505,6.8662,1.5487,7.8786,584.0,29197.0,2330.5625
4570,8.015,6.863,1.9472,7.303,586.0,27646.0,2330.5625
4571,7.2026,6.9257,2.0019,7.9267,581.0,25615.0,2330.5625
4572,7.9341,7.5866,2.2208,8.0521,581.0,26389.0,2330.5625
4573,8.0067,6.8633,2.1519,7.1893,588.0,29257.0,2330.5625
4574,7.301,7.4376,1.578,7.6434,583.0,26833.0,2330.5625
4575,7.58,6.8952,1.6605,7.5713,584.0,25453.0,2330.5625
4576,7.6375,7.3306,1.8815,9.1516,583.0,26081.0,2330.5625
4577,9.2052,6.8567,2.0315,8.353,575.0,26135.0,2330.5625
4578,8.277,7.5729,2.1313,6.5778,555.0,23521.0,2330.5625
4579,6.5595,6.8725,2.5877,7.4661,558.0,24737.0,2330.5625
4580,7.4949,7.5229,2.3132,7.5261,548.0,23683.0,2330.5625
4581,7.453,6.8882,1.809,6.9301,562.0,24843.0,2330.5625
4582,6.9569,6.8137,2.0209,8.6816,581.0,27505.0,2330.5625
4583,8.6838,7.2347,1.9311,7.7265,583.0,25965.0,2330.5625
4584,7.7914,6.9079,2.1957,7.6333,589.0,32848.0,2330.5625
4585,7.5795,7.3388,2.1433,7.3919,585.0,27510.0,2330.5625
4586,7.3531,7.5927,1.8791,10.5464,581.0,28603.0,2330.5625
4587,10.6134,7.5927,2.0849,7.3144,581.0,28807.0,2330.5625
4588,7.3333,7.6482,2.6817,10.8395,585.0,50779.0,2330.5625
4589,10.8671,7.2215,3.3434,9.3931,585.0,48695.0,2330.5625
4590,9.3846,7.0426,2.6699,11.0176,585.0,54823.0,2330.5625
4591,10.9902,9.491,2.7671,11.6484,589.0,50579.0,2330.5625
4592,11.7127,9.491,2.613,7.7826,584.0,30833.0,2330.5625
4593,7.707,6.9195,2.2438,8.5446,585.0,36657.0,2330.5625
4594,8.5403,6.8723,2.1183,8.4146,582.0,25605.0,2330.5625
4595,8.4365,7.3179,2.0152,8.8683,581.0,25887.0,2330.5625
4596,8.8689,7.3179,2.1782,7.6497,583.0,30847.0,2330.5625
4597,7.6444,6.9211,2.2043,7.4913,581.0,36519.0,2330.5625
4598,7.5717,7.3461,2.0939,8.0732,586.0,36543.0,2330.5625
4599,7.9846,6.8355,2.2984,7.9005,580.0,29055.0,2330.5625
4600,7.9057,7.3955,2.3888,7.3228,584.0,35202.0,2330.5625
4601,7.3176,6.8707,1.8854,7.0764,583.0,29991.0,2330.5625
4602,7.08,7.4867,1.6177,7.739,558.0,25995.0,2330.5625
4603,7.7133,6.8254,2.306,7.3463,549.0,23039.0,2330.5625
4604,7.4254,7.2833,1.9344,7.4734,546.0,23003.0,2330.5625
4605,7.4284,6.822,1.7599,7.7676,588.0,25191.0,2330.5625
4606,7.6614,7.5101,1.6954,7.2656,587.0,33193.0,2330.5625
4607,7.2729,6.8868,1.6227,7.9305,587.0,32079.0,2330.5625
4608,8.0556,7.0798,2.3854,10.0296,585.0,30811.0,2330.5625
4609,10.0167,8.5447,2.3057,7.6977,583.0,33071.0,2330.5625
4610,7.7523,6.8313,2.0024,8.0814,580.0,27342.0,2330.5625
4611,8.0618,6.9135,2.2394,8.141,587.0,32367.0,2330.5625
4612,8.1956,7.3688,2.5865,9.5604,587.0,34127.0,2330.5625
4613,9.5376,7.0565,2.4636,9.6494,582.0,33693.0,2330.5625
4614,9.6948,7.0565,2.3447,7.397,583.0,34915.0,2330.5625
4615,7.2794,6.8886,2.0076,7.4008,583.0,36843.0,2330.5625
4616,7.383,7.321,1.8377,8.5178,585.0,32453.0,2330.5625
4617,8.532,6.8821,2.0399,7.1746,564.0,26965.0,2330.5625
4618,7.2344,7.1697,2.7211,8.168,570.0,26725.0,2330.5625
4619,8.1277,6.9429,2.2638,8.5107,553.0,24417.0,2330.5625
4620,8.5148,6.7651,2.7045,7.1526,585.0,31547.0,2330.5625
4621,7.0754,6.8827,2.4286,7.6619,589.0,29541.0,2330.5625
4622,7.7444,6.9403,1.8664,7.7479,582.0,29339.0,2330.5625
4623,7.6735,7.6673,1.9407,7.8233,587.0,28975.0,2330.5625
4624,7.8814,6.9264,2.0527,7.2845,572.0,26417.0,2330.5625
4625,7.2913,7.5493,1.6455,7.462,582.0,29329.0,2330.5625
4626,7.3662,6.8721,1.7871,8.0978,586.0,25681.0,2330.5625
4627,8.1069,7.4247,1.6221,6.7285,586.0,32126.0,2330.5625
4628,6.7102,6.8527,1.5042,8.5311,585.0,30890.0,2330.5625
4629,8.7412,7.6801,2.146,7.5337,581.0,28999.0,2330.5625
4630,7.3889,6.9127,1.8353,7.6082,586.0,28371.0,2330.5625
4631,7.6771,7.5286,2.093,7.8708,576.0,24803.0,2330.5625
4632,7.8301,6.8555,2.2436,7.3615,585.0,26950.0,2330.5625
4633,7.3042,6.9235,1.8216,7.4695,577.0,26662.0,2330.5625
4634,7.4679,7.3935,1.9878,7.3372,558.0,26299.0,2330.5625
4635,7.3081,6.9224,2.5266,7.2402,558.0,25579.0,2330.5625
4636,7.3165,7.5043,2.3439,8.1103,553.0,23961.0,2330.5625
4637,8.1757,6.8465,1.9073,8.5731,585.0,29883.0,2330.5625
4638,8.5313,7.4685,1.9891,7.2822,582.0,33775.0,2330.5625
4639,7.3573,6.9037,1.8882,7.1931,587.0,28359.0,2330.5625
4640,7.0555,7.4144,1.6248,8.3658,584.0,33357.0,2330.5625
4641,8.4554,6.8733,2.7714,7.2744,584.0,35185.0,2330.5625
4642,7.2928,7.4497,1.8916,8.1093,573.0,27977.0,2330.5625
4643,8.1125,6.899,1.8998,6.4745,559.0,24995.0,2330.5625
4644,6.3514,7.0717,1.5466,8.4536,569.0,25643.0,2330.5625
4645,8.5121,7.3182,1.7676,6.6089,551.0,23351.0,2330.5625
4646,6.5698,6.9123,1.4167,8.9324,583.0,26856.0,2330.5625
4647,9.0201,7.3374,1.8553,7.3671,569.0,25727.0,2330.5625
4648,7.2885,6.9544,1.7749,7.5495,580.0,24835.0,2330.5625
4649,7.6088,7.5788,1.5651,7.3337,581.0,23471.0,2330.5625
4650,7.2339,6.8905,2.0669,7.6364,581.0,23983.0,2330.5625
4651,7.6474,7.6226,1.8824,7.8053,581.0,29437.0,2330.5625
4652,7.9029,6.861,1.8803,7.565,582.0,30931.0,2330.5625
4653,7.555,7.3277,1.9363,7.4694,566.0,24361.0,2330.5625
4654,7.4686,6.8752,2.4197,7.2332,550.0,23007.0,2330.5625
4655,7.1748,7.1563,1.9865,8.2282,561.0,23667.0,2330.5625
4656,8.3296,7.3966,1.9716,7.2981,548.0,23005.0,2330.5625
4657,7.1843,6.9067,1.6945,7.8372,585.0,25327.0,2330.5625
4658,7.9215,7.3167,1.7238,7.0913,585.0,25335.0,2330.5625
4659,7.1484,6.9489,2.1586,9.2469,581.0,24747.0,2330.5625
4660,9.2303,7.6851,2.2482,6.8647,582.0,25115.0,2330.5625
4661,6.8448,7.0573,1.9846,8.3708,585.0,29767.0,2330.5625
4662,8.3608,7.6091,1.8492,7.0232,581.0,26267.0,2330.5625
4663,7.0189,6.9083,1.8017,7.502,581.0,24335.0,2330.5625
4664,7.5203,7.3867,1.557,7.3725,580.0,24035.0,2330.5625
4665,7.3437,6.9096,1.8444,7.4863,581.0,24219.0,2330.5625
4666,7.5444,7.5325,1.7707,8.0614,581.0,27078.0,2330.5625
4667,7.9455,6.8707,1.6723,7.1302,580.0,26841.0,2330.5625
4668,7.1682,6.8813,1.6754,7.726,581.0,29019.0,2330.5625
4669,7.7708,7.1628,2.1905,7.8746,592.0,29249.0,2330.5625
4670,7.8399,6.8606,1.6873,7.7391,588.0,27626.0,2330.5625
4671,7.8061,7.313,1.9271,7.6328,588.0,25655.0,2330.5625
4672,7.64,6.8964,1.7775,7.2469,582.0,26379.0,2330.5625
4673,7.2325,7.5342,1.7792,8.1647,584.0,29231.0,2330.5625
4674,8.0599,6.8533,1.6548,7.3136,585.0,26879.0,2330.5625
4675,7.382,7.4797,1.6045,7.6418,581.0,25461.0,2330.5625
4676,7.5398,6.8116,1.4414,7.4803,585.0,26127.0,2330.5625
4677,7.633,7.2932,1.8365,7.8792,577.0,26277.0,2330.5625
4678,7.8281,6.8915,1.8118,6.7672,555.0,23495.0,2330.5625
4679,6.7036,7.0536,1.6313,8.0719,558.0,24689.0,2330.5625
4680,8.1593,7.351,1.9239,7.1609,552.0,23779.0,2330.5625
4681,7.1148,6.8675,1.6125,7.8764,564.0,25705.0,2330.5625
4682,7.8719,7.4859,1.6801,7.3812,579.0,26931.0,2330.5625
4683,7.3883,6.8144,1.5604,7.6078,580.0,29372.0,2330.5625
4684,7.6185,7.3409,1.5061,8.0293,589.0,29405.0,2330.5625
4685,8.0064,6.8018,1.7578,7.975,590.0,29122.0,2330.5625
4686,8.0188,7.5484,1.8835,7.0634,582.0,28571.0,2330.5625
4687,7.029,6.8946,1.664,7.8872,587.0,27547.0,2330.5625
4688,7.978,7.3188,1.9634,7.3076,585.0,55681.0,2330.5625
4689,7.2213,6.8775,1.6998,7.3028,585.0,52053.0,2330.5625
4690,7.4439,6.8991,1.8984,7.9863,580.0,48181.0,2330.5625
4691,7.85,7.2591,1.7738,7.4381,587.0,48635.0,2330.5625
4692,7.447,6.9372,1.5554,7.9109,582.0,30831.0,2330.5625
4693,7.9373,7.5672,1.8696,7.8419,588.0,36715.0,2330.5625
4694,7.835,6.8192,1.7816,7.2409,584.0,26387.0,2330.5625
4695,7.2554,7.3073,1.8373,7.2553,578.0,26439.0,2330.5625
4696,7.3533,6.8439,1.847,7.9361,583.0,30927.0,2330.5625
4697,7.8144,7.5213,1.664,7.6599,585.0,38339.0,2330.5625
4698,7.6886,6.8948,1.5286,7.1773,580.0,33295.0,2330.5625
4699,7.293,7.5197,1.6201,8.1739,585.0,32545.0,2330.5625
4700,8.1076,7.5017,1.8414,7.6226,585.0,32152.0,2330.5625
4701,7.638,6.958,2.0593,7.7303,588.0,30567.0,2330.5625
4702,7.6644,6.9091,2.1372,7.2769,555.0,24651.0,2330.5625
4703,7.2845,6.9593,1.9998,8.2774,553.0,23043.0,2330.5625
4704,8.2633,7.1562,2.1235,7.2529,548.0,23005.0,2330.5625
4705,7.2585,6.9176,1.7898,8.3496,588.0,25213.0,2330.5625
4706,8.3753,7.4829,2.1158,7.154,582.0,33155.0,2330.5625
4707,7.1142,6.9044,1.7932,7.5095,583.0,32075.0,2330.5625
4708,7.4538,7.3291,1.4884,7.2074,586.0,30845.0,2330.5625
4709,7.3982,6.9211,1.5909,7.8018,584.0,33105.0,2330.5625
4710,7.7713,7.5161,1.8474,7.787,581.0,27376.0,2330.5625
4711,7.6848,6.8615,1.93,6.7113,581.0,32295.0,2330.5625
4712,6.6781,7.0409,1.9351,8.0525,587.0,34127.0,2330.5625
4713,8.1077,7.2502,1.9247,7.4696,584.0,33717.0,2330.5625
4714,7.4122,6.8701,1.6881,7.5293,582.0,34903.0,2330.5625
4715,7.6149,7.3604,2.7594,7.3694,582.0,36831.0,2330.5625
4716,7.3055,6.832,1.732,8.7674,586.0,32465.0,2330.5625
4717,8.8959,7.5611,2.159,8.379,573.0,27493.0,2330.5625
4718,8.2544,6.8847,1.96,7.3969,571.0,26229.0,2330.5625
4719,7.419,7.5444,2.0336,7.4813,562.0,24625.0,2330.5625
4720,7.5275,7.4651,1.9917,9.536,582.0,31489.0,2330.5625
4721,9.5587,7.4651,2.0406,7.3228,581.0,29623.0,2330.5625
4722,7.2907,6.9307,2.0776,8.086,583.0,29585.0,2330.5625
4723,8.1809,7.6389,2.5428,7.9055,581.0,29113.0,2330.5625
4724,7.7828,6.9127,2.0022,7.9037,566.0,25833.0,2330.5625
4725,7.9338,7.5866,1.8049,7.8595,582.0,29351.0,2330.5625
4726,7.957,7.3719,1.9964,9.1473,580.0,27319.0,2330.5625
4727,9.123,7.3719,2.291,8.1342,584.0,30414.0,2330.5625
4728,8.2859,7.587,2.3644,10.1808,584.0,30878.0,2330.5625
4729,10.0035,7.587,2.8495,8.0815,583.0,29391.0,2330.5625
4730,8.0271,7.285,2.3849,7.705,582.0,27955.0,2330.5625
4731,7.7799,8.1108,2.0499,8.154,576.0,24659.0,2330.5625
4732,8.1207,6.9646,1.8799,8.7149,583.0,27022.0,2330.5625
4733,8.7477,6.8658,2.9021,10.0446,578.0,26534.0,2330.5625
4734,10.0091,6.8658,2.2549,6.8307,566.0,26351.0,2330.5625
4735,6.808,7.5756,2.0336,7.6145,561.0,25571.0,2330.5625
4736,7.6434,6.9581,2.2698,9.0659,552.0,23927.0,2330.5625
4737,9.0844,6.9342,2.5386,9.4171,582.0,29869.0,2330.5625
4738,9.4086,6.9342,2.1638,7.4203,584.0,33821.0,2330.5625
4739,7.4782,7.4966,2.0461,7.8654,578.0,28295.0,2330.5625
4740,7.7113,6.9356,2.0263,8.282,581.0,33343.0,2330.5625
4741,8.3455,7.482,2.0229,7.6444,580.0,35159.0,2330.5625
4742,7.6179,6.9071,2.3744,7.2898,575.0,28023.0,2330.5625
4743,7.3346,7.505,1.9077,8.434,562.0,25127.0,2330.5625
4744,8.5158,6.8866,2.1417,6.5252,567.0,25523.0,2330.5625
4745,6.4322,7.3448,1.988,8.8988,551.0,23351.0,2330.5625
4746,8.9719,6.9553,2.3174,9.0807,582.0,26844.0,2330.5625
4747,9.106,6.9464,2.619,8.6794,572.0,25763.0,2330.5625
4748,8.6312,7.1696,2.1766,8.1049,582.0,24859.0,2330.5625
4749,8.0189,7.1696,2.1745,7.1943,589.0,23523.0,2330.5625
4750,7.2692,7.0171,2.0065,9.1327,586.0,23999.0,2330.5625
4751,9.0831,7.0171,1.9432,7.8096,587.0,29465.0,2330.5625
4752,7.8483,6.8633,2.3905,7.1098,586.0,30957.0,2330.5625
4753,7.0564,7.361,2.0299,11.7708,1009.0,141308.0,2332.9375
4754,11.8281,9.9047,2.7031,14.2499,527.0,37685.0,2332.9375
4755,14.3028,9.2237,2.8305,12.0108,613.0,82331.0,2460.9375
4756,11.9839,9.2237,2.5616,12.6091,476.0,28699.0,2460.9375
4757,12.7112,7.8333,2.6771,11.2067,558.0,33139.0,2460.9375
4758,11.1641,7.8333,2.8659,8.1627,442.0,27789.0,2458.5625
4759,7.9867,8.2466,2.1182,7.989,450.0,35985.0,2458.5625
4760,7.9943,7.7379,1.8135,9.3873,470.0,31187.0,2458.5625
4761,9.5332,8.1288,2.2416,7.5956,391.0,15219.0,2458.5625
4762,7.5224,7.5655,1.9035,8.0932,375.0,14247.0,2458.5625
4763,8.0642,7.9828,2.1138,8.0583,381.0,14319.0,2458.5625
4764,8.0356,7.3132,1.9158,8.8668,379.0,14315.0,2458.5625
4765,8.8402,8.2329,1.9106,7.402,383.0,14379.0,2458.5625
4766,7.4373,7.4468,2.0298,10.6789,390.0,21767.0,2458.5625
4767,10.8032,7.8799,2.3815,8.408,389.0,15939.0,2458.5625
4768,8.3753,7.3532,2.7984,8.0199,417.0,16661.0,2458.5625
4769,7.9754,7.8656,2.3146,7.8049,412.0,15739.0,2458.5625
4770,7.8931,7.2963,2.5154,8.2249,413.0,14557.0,2458.5625
4771,8.2572,8.0133,2.2874,9.1715,411.0,15787.0,2458.5625
4772,9.064,7.3171,1.9947,7.504,409.0,18115.0,2458.5625
4773,7.4923,7.9029,1.8303,7.3866,412.0,18237.0,2458.5625
4774,7.4424,7.3941,2.0651,9.6373,408.0,18653.0,2458.5625
4775,9.6506,7.9174,2.1538,8.094,410.0,22068.0,2458.5625
4776,8.1184,7.2938,2.1409,7.5467,412.0,18846.0,2458.5625
4777,7.5105,8.0693,1.8102,8.6358,413.0,19750.0,2458.5625
4778,8.6683,7.443,2.3304,8.836,411.0,20654.0,2458.5625
4779,8.8665,7.8784,2.5488,9.0324,411.0,17983.0,2458.5625
4780,9.044,8.5574,2.433,8.8527,411.0,23131.0,2458.5625
4781,8.7839,7.9061,2.6519,8.606,417.0,62211.0,2458.5625
4782,8.725,7.2987,2.5118,8.8347,414.0,31759.0,2458.5625
4783,8.7821,8.0918,2.3911,8.084,419.0,37279.0,2458.5625
4784,8.089,7.5075,2.3474,8.6724,415.0,33049.0,2458.5625
4785,8.6215,7.9917,2.4676,8.7276,412.0,21941.0,2458.5625
4786,8.7403,7.3581,2.238,7.8806,413.0,28501.0,2458.5625
4787,7.9981,7.6156,3.0861,8.7107,413.0,18095.0,2458.5625
4788,8.5998,7.6704,2.7213,9.1821,411.0,20563.0,2458.5625
4789,9.1687,7.8792,2.4752,8.6125,413.0,23463.0,2458.5625
4790,8.6595,7.1149,2.3637,8.3128,410.0,28199.0,2458.5625
4791,8.2573,7.931,2.6219,7.7738,409.0,25003.0,2458.5625
4792,7.8034,7.2833,2.41,9.3698,410.0,22979.0,2458.5625
4793,9.3936,7.9387,2.7849,8.4329,408.0,23790.0,2458.5625
4794,8.4026,7.6034,2.5876,7.4771,376.0,14135.0,2458.5625
4795,7.462,7.8786,2.4747,9.0209,376.0,14135.0,2458.5625
4796,9.1146,8.0278,2.5812,9.6811,411.0,16283.0,2458.5625
4797,9.6346,7.665,2.8803,10.4042,418.0,21837.0,2458.5625
4798,10.6684,7.9208,3.8484,12.7677,419.0,29181.0,2458.5625
4799,12.5299,7.9208,3.3388,9.7487,413.0,17463.0,2458.5625
4800,9.7926,8.5977,3.0673,9.9894,414.0,17377.0,2458.5625
4801,9.9877,7.3688,2.9786,11.3599,414.0,18577.0,2458.5625
4802,11.3768,8.0782,3.0614,13.1521,414.0,17033.0,2458.5625
4803,13.1146,7.6362,3.3669,9.7084,410.0,16735.0,2458.5625
4804,9.7111,8.1092,2.4487,10.7299,410.0,16735.0,2458.5625
4805,10.6728,8.1092,2.6127,9.443,412.0,18151.0,2458.5625
4806,9.4567,8.0814,2.7306,8.7499,413.0,16659.0,2458.5625
4807,8.8307,7.3688,2.4551,9.0085,409.0,14579.0,2458.5625
4808,8.9627,7.7365,2.7854,8.3209,410.0,14639.0,2458.5625
4809,8.2356,7.9631,2.1808,10.6065,411.0,15227.0,2458.5625
4810,10.8847,8.1464,2.9191,10.6921,410.0,16553.0,2458.5625
4811,10.4935,7.2687,2.7698,8.8279,412.0,16295.0,2458.5625
4812,8.8458,7.2687,2.2297,8.9153,412.0,18300.0,2458.5625
4813,8.9452,7.651,2.4204,7.8226,414.0,16399.0,2458.5625
4814,7.6765,7.1911,1.8963,8.8851,407.0,16089.0,2458.5625
4815,8.9623,8.4906,2.4056,8.0657,416.0,18367.0,2458.5625
4816,8.0579,7.444,2.1426,8.924,410.0,21985.0,2458.5625
4817,8.9925,7.1624,2.4756,9.693,411.0,20799.0,2458.5625
4818,9.5922,7.1624,2.1196,8.2091,410.0,21057.0,2458.5625
4819,8.2312,7.7977,2.151,7.6198,410.0,18715.0,2458.5625
4820,7.5819,7.5985,1.8164,8.5908,408.0,22261.0,2458.5625
4821,8.6099,8.0868,2.2775,9.2391,415.0,27041.0,2458.5625
4822,9.349,8.1557,2.7008,12.9722,414.0,23735.0,2458.5625
4823,12.9295,7.6714,2.6374,10.2997,418.0,32215.0,2458.5625
4824,10.2478,7.6714,2.4131,7.0371,415.0,32223.0,2458.5625
4825,7.0468,7.2293,1.8261,8.205,410.0,19055.0,2458.5625
4826,8.1647,8.2592,1.9573,7.75,408.0,19031.0,2458.5625
4827,7.7505,7.3932,2.3061,8.1106,392.0,15047.0,2458.5625
4828,8.1013,7.6599,1.7247,7.9405,410.0,18117.0,2458.5625
4829,7.9488,7.3562,1.8129,9.3642,414.0,21863.0,2458.5625
4830,9.4587,7.8927,2.0801,6.7366,414.0,16275.0,2458.5625
4831,6.7461,7.238,1.8478,8.8571,414.0,16801.0,2458.5625
4832,8.8128,8.2606,1.6339,7.4773,384.0,14593.0,2458.5625
4833,7.3554,7.4211,2.3465,8.8434,414.0,17157.0,2458.5625
4834,8.8953,7.5734,1.6527,7.3881,412.0,17081.0,2458.5625
4835,7.414,7.3913,1.6888,7.3118,409.0,17243.0,2458.5625
4836,7.3296,7.8879,1.9135,8.3163,409.0,18115.0,2458.5625
4837,8.3704,7.2718,1.719,9.4337,410.0,19115.0,2458.5625
4838,9.3817,8.1684,1.8797,8.0194,388.0,15367.0,2458.5625
4839,8.0577,7.4652,1.4693,7.4688,413.0,26708.0,2458.5625
4840,7.4442,7.2137,1.9132,9.1921,412.0,24563.0,2458.5625
4841,9.1899,7.802,2.4244,7.4312,411.0,24018.0,2458.5625
4842,7.4049,7.4322,2.205,8.6979,412.0,22451.0,2458.5625
4843,8.7419,7.6797,3.2429,7.5741,412.0,24982.0,2458.5625
4844,7.5282,7.753,2.2406,9.1773,389.0,18580.0,2458.5625
4845,9.2425,7.8443,2.5132,7.5254,413.0,23303.0,2458.5625
4846,7.5145,7.2158,1.8959,8.8312,417.0,21054.0,2458.5625
4847,8.7952,7.8138,2.7808,7.5058,416.0,22390.0,2458.5625
4848,7.4621,7.3701,2.2263,8.4929,413.0,26238.0,2458.5625
4849,8.533,7.9137,2.526,8.1832,414.0,23142.0,2458.5625
4850,8.1563,7.5384,1.8251,7.901,412.0,18131.0,2458.5625
4851,7.9272,8.2762,1.8793,7.6102,412.0,16725.0,2458.5625
4852,7.594,7.1599,1.5654,8.2022,416.0,23645.0,2458.5625
4853,8.1401,7.9529,1.5314,7.8291,410.0,26363.0,2458.5625
4854,7.8234,7.1885,1.4661,9.4827,411.0,18535.0,2458.5625
4855,9.6064,7.636,1.9524,6.6523,386.0,14783.0,2458.5625
4856,6.5933,7.5689,1.8408,8.2919,377.0,14147.0,2458.5625
4857,8.2676,8.0185,1.815,8.3188,372.0,14087.0,2458.5625
4858,8.392,7.1352,1.7384,9.0888,383.0,14555.0,2458.5625
4859,9.0622,7.8143,1.9024,6.3766,377.0,14147.0,2458.5625
4860,6.4367,7.1702,1.7498,9.2753,381.0,14627.0,2458.5625
4861,9.2448,7.8701,2.0313,7.8223,379.0,14127.0,2458.5625
4862,7.7873,7.5284,2.0509,7.9855,378.0,14115.0,2458.5625
4863,7.9725,7.8908,1.6221,7.6898,377.0,14103.0,2458.5625
4864,7.7347,7.1658,1.6867,8.6047,381.0,14173.0,2458.5625
4865,8.5954,7.9396,2.0422,7.7756,376.0,14113.0,2458.5625
4866,7.8885,7.1122,2.0928,7.4179,376.0,14113.0,2458.5625
4867,7.2938,7.7849,1.8969,8.604,373.0,14099.0,2458.5625
4868,8.6612,7.0545,1.6785,8.6149,375.0,14123.0,2458.5625
4869,8.5957,7.9517,1.9031,7.9417,373.0,14099.0,2458.5625
4870,7.9523,7.3855,2.6397,6.981,374.0,14111.0,2458.5625
4871,7.0347,8.0725,2.0511,9.3959,373.0,14099.0,2458.5625
4872,9.2869,7.1444,1.9704,6.7699,374.0,14111.0,2458.5625
4873,6.8054,7.7863,1.9572,8.3173,374.0,14111.0,2458.5625
4874,8.3089,7.183,1.7869,8.431,374.0,14111.0,2458.5625
4875,8.534,7.9331,1.8826,8.2913,372.0,14087.0,2458.5625
4876,8.1476,7.3248,1.7652,7.2017,377.0,14851.0,2458.5625
4877,7.2295,7.9427,1.7446,9.2446,392.0,17059.0,2458.5625
4878,9.2882,7.2014,1.9706,7.3744,386.0,20587.0,2458.5625
4879,7.2995,7.3491,1.816,7.9862,390.0,15903.0,2458.5625
4880,8.0166,7.6145,1.8032,8.3121,413.0,16381.0,2458.5625
4881,8.4519,7.5747,1.8356,8.6251,413.0,16055.0,2458.5625
4882,8.5066,7.9205,2.0164,7.9772,412.0,14497.0,2458.5625
4883,7.8973,7.3925,1.6404,8.2926,410.0,15727.0,2458.5625
4884,8.3762,8.1563,1.9757,7.7572,413.0,18019.0,2458.5625
4885,7.8331,7.2191,1.7693,8.2688,412.0,18237.0,2458.5625
4886,8.1969,8.1753,1.8815,8.8736,409.0,18665.0,2458.5625
4887,8.8012,7.5196,1.7376,8.6095,412.0,21388.0,2458.5625
4888,8.6632,8.0524,2.8592,8.2106,413.0,19562.0,2458.5625
4889,8.2616,7.3441,1.783,7.8461,410.0,17867.0,2458.5625
4890,8.0343,7.8757,2.3305,7.796,414.0,22537.0,2458.5625
4891,7.557,7.2085,1.758,7.8307,412.0,17531.0,2458.5625
4892,7.7898,7.6592,1.4775,8.5317,408.0,21963.0,2458.5625
4893,8.5699,7.5267,1.9612,8.6382,416.0,59007.0,2458.5625
4894,8.653,8.0409,2.6991,7.933,415.0,34655.0,2458.5625
4895,7.9216,7.439,1.9057,7.6533,419.0,38875.0,2458.5625
4896,7.7102,7.9687,1.9782,8.4703,414.0,26673.0,2458.5625
4897,8.3693,7.2085,1.6916,7.7104,415.0,28649.0,2458.5625
4898,7.7507,7.6981,1.9431,8.7927,416.0,28169.0,2458.5625
4899,8.756,7.4832,1.6548,7.5845,413.0,18463.0,2458.5625
4900,7.6633,8.0824,1.6558,8.4705,408.0,20527.0,2458.5625
4901,8.4679,7.3458,1.632,7.5026,411.0,23439.0,2458.5625
4902,7.4767,7.8472,1.6172,8.7957,412.0,25715.0,2458.5625
4903,8.7646,7.2044,1.8339,7.3041,411.0,27167.0,2458.5625
4904,7.6013,7.7067,2.0008,8.0793,410.0,21943.0,2458.5625
4905,7.8068,7.1533,1.6987,8.0979,412.0,25482.0,2458.5625
4906,8.0665,8.1982,1.4803,7.5476,372.0,14087.0,2458.5625
4907,7.5895,7.3799,1.6362,8.8245,374.0,14111.0,2458.5625
4908,8.8173,7.3306,1.6753,8.165,408.0,16247.0,2458.5625
4909,8.1028,7.3269,1.4845,7.8189,413.0,21777.0,2458.5625
4910,7.8793,7.5525,1.4742,8.847,419.0,29181.0,2458.5625
4911,8.8415,7.2427,1.8015,7.8027,415.0,17487.0,2458.5625
4912,7.7986,8.2134,1.7405,8.2247,416.0,17401.0,2458.5625
4913,8.3507,7.4368,1.7957,6.9642,413.0,18565.0,2458.5625
4914,6.9372,7.8231,1.7868,9.169,414.0,17033.0,2458.5625
4915,9.0941,7.4186,1.9046,7.3633,408.0,16711.0,2458.5625
4916,7.3902,7.5737,1.6275,8.8458,409.0,16723.0,2458.5625
4917,8.8053,7.2802,1.8373,7.3948,411.0,18139.0,2458.5625
4918,7.4521,8.158,1.708,8.5878,411.0,16635.0,2458.5625
4919,8.5364,7.1399,1.97,7.3659,410.0,14591.0,2458.5625
4920,7.3715,7.6418,1.5931,8.6093,411.0,14651.0,2458.5625
4921,8.5702,7.6783,1.5721,8.3275,409.0,15203.0,2458.5625
4922,8.4785,7.3255,1.8493,7.7452,412.0,16577.0,2458.5625
4923,7.6978,7.6966,1.5208,8.2087,408.0,16247.0,2458.5625
4924,8.1651,7.5409,1.2848,8.2781,410.0,18276.0,2458.5625
4925,8.3065,8.026,1.8419,7.7701,414.0,16399.0,2458.5625
4926,7.7642,7.3261,1.5399,8.5942,412.0,16497.0,2458.5625
4927,8.6094,7.7069,1.7899,7.7053,412.0,20394.0,2458.5625
4928,7.747,7.1618,1.4073,8.5927,413.0,20788.0,2458.5625
4929,8.5552,7.8796,1.6934,7.6243,414.0,22083.0,2458.5625
4930,7.6562,7.499,1.6228,8.6524,414.0,19015.0,2458.5625
4931,8.689,8.0355,2.1186,8.0474,410.0,19912.0,2458.5625
4932,7.9843,7.3197,1.7659,8.4541,405.0,20680.0,2458.5625
4933,8.4279,8.1536,1.9357,8.2219,413.0,27017.0,2458.5625
4934,8.1778,7.1833,1.608,7.6005,413.0,23723.0,2458.5625
4935,7.661,7.7974,1.8524,9.7196,419.0,32227.0,2458.5625
4936,9.6855,7.5146,1.8571,7.7209,415.0,32223.0,2458.5625
4937,7.7366,8.2861,1.6951,7.735,410.0,19055.0,2458.5625
4938,7.6671,7.3265,1.5721,7.7417,413.0,19091.0,2458.5625
4939,7.8098,7.6008,1.5814,7.8406,392.0,15239.0,2458.5625
4940,7.7148,7.1523,1.326,7.9655,410.0,18117.0,2458.5625
4941,8.1039,7.805,1.515,8.4794,413.0,21851.0,2458.5625
4942,8.4891,7.2038,1.3093,8.2602,417.0,16311.0,2458.5625
4943,8.181,8.2297,1.5466,8.5813,414.0,16753.0,2458.5625
4944,8.6251,7.4206,1.4226,7.7317,384.0,14497.0,2458.5625
4945,7.6879,7.6716,1.5165,8.3934,413.0,17145.0,2458.5625
4946,8.3558,7.3034,1.4205,7.2512,414.0,17105.0,2458.5625
4947,7.3829,7.4524,1.764,8.4456,410.0,17255.0,2458.5625
4948,8.4003,7.1208,1.5672,8.5111,409.0,18115.0,2458.5625
4949,8.4811,8.2327,1.505,7.7965,411.0,19127.0,2458.5625
4950,7.8534,7.3686,1.7377,8.1386,392.0,15463.0,2458.5625
4951,8.1345,7.627,2.1588,8.2882,416.0,26868.0,2458.5625
4952,8.341,7.3611,2.8337,7.4148,412.0,24439.0,2458.5625
4953,7.4034,7.8567,2.1928,8.5735,413.0,24042.0,2458.5625
4954,8.5406,7.2277,1.9688,7.49,413.0,22463.0,2458.5625
4955,7.4837,7.6712,2.4631,9.2024,415.0,25386.0,2458.5625
4956,9.2501,7.809,1.9611,6.7379,387.0,19828.0,2458.5625
4957,6.6351,7.2498,1.7281,9.1698,417.0,23510.0,2458.5625
4958,9.1883,7.74,1.463,7.5916,413.0,19159.0,2458.5625
4959,7.6192,7.222,1.7075,8.9204,418.0,22782.0,2458.5625
4960,8.9288,7.7688,2.135,7.5752,414.0,25882.0,2458.5625
4961,7.5691,7.6165,1.8445,9.3494,415.0,23154.0,2458.5625
4962,9.3038,8.0563,1.7842,6.6454,412.0,18227.0,2458.5625
4963,6.6539,7.1992,1.8436,8.4012,413.0,17473.0,2458.5625
4964,8.4161,7.832,1.8716,7.6495,416.0,25161.0,2458.5625
4965,7.7289,7.1548,1.801,8.1358,409.0,24099.0,2458.5625
4966,8.1079,7.9261,1.4899,8.7543,409.0,18511.0,2458.5625
4967,8.7402,7.538,1.8048,7.6654,381.0,14627.0,2458.5625
4968,7.6455,7.8787,1.6196,7.677,375.0,14123.0,2458.5625
4969,7.734,7.1198,1.7361,8.9767,382.0,14543.0,2458.5625
4970,8.9363,7.9841,1.9054,7.0065,375.0,14123.0,2458.5625
4971,7.0987,7.2048,1.9054,7.7792,383.0,14651.0,2458.5625
4972,7.6667,7.5459,1.7421,8.6443,374.0,14111.0,2458.5625
4973,8.6327,7.54,1.4612,8.1218,379.0,14127.0,2458.5625
4974,8.1241,8.8078,1.6926,9.3336,378.0,14115.0,2458.5625
4975,9.2899,7.198,1.859,7.5884,377.0,14103.0,2458.5625
4976,7.6167,7.776,1.6867,8.4166,378.0,14137.0,2458.5625
4977,8.3974,7.1429,1.5924,7.538,376.0,14113.0,2458.5625
4978,7.6272,7.6828,1.7447,8.3275,376.0,14113.0,2458.5625
4979,8.3404,7.1141,1.5005,7.6677,375.0,14123.0,2458.5625
4980,7.5948,8.026,1.5808,8.031,374.0,14111.0,2458.5625
4981,8.1082,7.3605,1.8424,8.0169,374.0,14111.0,2458.5625
4982,7.9505,7.982,1.6228,8.1306,376.0,14135.0,2458.5625
4983,8.1757,7.146,2.0078,8.4795,374.0,14111.0,2458.5625
4984,8.5207,7.6355,1.815,7.534,373.0,14099.0,2458.5625
4985,7.5473,7.1492,1.9022,8.4844,373.0,14099.0,2458.5625
4986,8.4892,8.0856,1.7512,8.1157,374.0,14111.0,2458.5625
4987,8.0299,7.3021,1.4979,7.0249,378.0,14863.0,2458.5625
4988,7.0315,7.9034,1.5164,9.5181,386.0,17031.0,2458.5625
4989,9.5176,7.0881,1.7689,6.9515,388.0,21193.0,2458.5625
4990,6.9426,7.1294,1.6357,8.771,389.0,15309.0,2458.5625
4991,8.8017,7.6059,1.7909,7.6606,414.0,16371.0,2458.5625
4992,7.6707,7.8105,2.265,8.9049,412.0,16043.0,2458.5625
4993,8.8707,7.8354,1.7674,6.9057,411.0,14485.0,2458.5625
4994,6.942,7.3832,1.651,9.3285,413.0,15741.0,2458.5625
4995,9.2507,7.4204,1.6424,7.4988,409.0,17971.0,2458.5625
4996,7.5979,7.1778,1.7387,8.345,411.0,18225.0,2458.5625
4997,8.3301,7.6602,1.7653,7.7107,409.0,18665.0,2458.5625
4998,7.6638,7.5673,1.7722,8.2063,411.0,21376.0,2458.5625
4999,8.2025,8.0119,1.6541,7.8159,414.0,19574.0,2458.5625
5000,7.824,7.3584,1.5081,9.2293,413.0,17903.0,2458.5625
5001,9.1959,7.8946,1.486,6.7027,412.0,22513.0,2458.5625
5002,6.6973,7.1737,1.5864,8.6171,410.0,17507.0,2458.5625
5003,8.6832,7.5198,1.8046,7.413,410.0,21987.0,2458.5625
5004,7.4265,7.5535,1.342,8.8143,412.0,59003.0,2458.5625
5005,8.8176,8.0462,1.7172,8.1687,417.0,34679.0,2458.5625
5006,8.1059,7.348,1.3968,8.7401,415.0,38827.0,2458.5625
5007,8.7351,7.6786,1.4612,7.2767,416.0,26675.0,2458.5625
5008,7.3503,7.2314,1.6167,8.3341,418.0,28685.0,2458.5625
5009,8.319,7.9551,2.1313,8.0457,414.0,28145.0,2458.5625
5010,7.9583,7.5312,1.3951,8.2235,413.0,18441.0,2458.5625
5011,8.4234,8.031,1.6938,8.5195,409.0,20539.0,2458.5625
5012,8.4454,7.3717,1.6432,7.8382,410.0,23427.0,2458.5625
5013,7.7721,7.6739,1.3677,7.3994,414.0,25739.0,2458.5625
5014,7.3844,7.1191,1.4086,8.1239,410.0,27155.0,2458.5625
5015,8.2095,7.8292,1.6689,8.3352,411.0,21955.0,2458.5625
5016,8.3287,7.1508,1.6913,7.6669,411.0,25470.0,2458.5625
5017,7.6711,8.2228,1.7865,8.7067,374.0,14111.0,2458.5625
5018,8.6132,7.4463,1.6201,7.1202,373.0,14099.0,2458.5625
5019,7.1138,7.5854,1.6167,9.3936,410.0,16271.0,2458.5625
5020,9.5005,7.3137,2.0316,7.3809,410.0,21785.0,2458.5625
5021,7.3473,7.7991,1.9226,8.5707,420.0,29193.0,2458.5625
5022,8.5768,7.1726,1.9417,7.6109,415.0,17487.0,2458.5625
5023,7.6116,8.2205,1.7421,8.4496,413.0,17343.0,2458.5625
5024,8.4829,7.3525,1.6569,7.4377,410.0,18529.0,2458.5625
5025,7.3355,7.1795,1.4236,9.3617,410.0,16985.0,2458.5625
5026,9.433,7.723,1.9679,6.8582,413.0,16749.0,2458.5625
5027,6.8702,7.2218,1.6926,8.1542,410.0,16735.0,2458.5625
5028,8.2663,7.7515,1.9596,8.6902,410.0,18127.0,2458.5625
5029,8.5334,7.5407,1.5803,7.6235,412.0,16647.0,2458.5625
5030,7.7078,8.035,1.7135,7.8568,410.0,14591.0,2458.5625
5031,7.7232,7.2528,1.458,9.0055,411.0,14651.0,2458.5625
5032,9.2133,7.8015,1.7089,7.7859,410.0,15215.0,2458.5625
5033,7.6154,7.2,1.519,8.6057,413.0,16589.0,2458.5625
5034,8.6854,7.8361,1.8746,7.5112,411.0,16283.0,2458.5625
5035,7.463,7.5612,1.6909,8.0733,412.0,18300.0,2458.5625
5036,8.0655,8.1097,1.6306,7.7165,409.0,16383.0,2458.5625
5037,7.7367,7.1487,1.8643,8.2772,416.0,16737.0,2458.5625
5038,8.3209,8.0137,1.8596,7.8696,413.0,20940.0,2458.5625
5039,7.8372,7.1834,1.2957,8.4584,415.0,21444.0,2458.5625
5040,8.4662,7.8652,1.5982,8.0391,413.0,21477.0,2458.5625
5041,8.0086,7.5735,1.5692,8.6364,410.0,19063.0,2458.5625
5042,8.6857,7.8055,1.7682,7.6448,414.0,19562.0,2458.5625
5043,7.6221,7.1913,1.895,8.2245,399.0,20102.0,2458.5625
5044,8.2251,8.0126,1.8802,8.1663,416.0,27053.0,2458.5625
5045,8.2381,7.128,1.8735,9.0145,415.0,23747.0,2458.5625
5046,8.9532,7.9073,2.1078,6.6862,418.0,32215.0,2458.5625
5047,6.767,7.1889,1.904,8.3655,417.0,32247.0,2458.5625
5048,8.3564,7.9754,1.6314,7.7823,411.0,19067.0,2458.5625
5049,7.6511,7.386,1.7814,7.865,409.0,19043.0,2458.5625
5050,7.9015,7.4505,1.3231,9.0493,394.0,15263.0,2458.5625
5051,8.9919,7.3691,1.6534,7.9696,411.0,18129.0,2458.5625
5052,8.0126,7.804,1.6911,8.0772,411.0,21871.0,2458.5625
5053,8.0842,7.1611,1.8273,8.196,414.0,16275.0,2458.5625
5054,8.2767,7.9831,1.8918,8.9026,413.0,16741.0,2458.5625
5055,8.8245,7.4193,1.8717,6.5346,382.0,14451.0,2458.5625
5056,6.5336,7.8666,1.6138,9.2076,412.0,17133.0,2458.5625
5057,9.2413,7.3548,1.6597,7.512,410.0,17057.0,2458.5625
5058,7.5332,7.3828,1.6414,9.0311,410.0,17233.0,2458.5625
5059,9.0067,7.6433,2.2149,6.9208,409.0,18115.0,2458.5625
5060,6.9643,7.5255,1.8067,9.2241,413.0,19151.0,2458.5625
5061,9.2209,8.1052,2.4922,6.7154,394.0,15535.0,2458.5625
5062,6.7008,7.4262,1.9436,9.5395,415.0,27860.0,2458.5625
5063,9.4608,7.8148,1.6172,6.5942,413.0,23447.0,2458.5625
5064,6.5955,7.1809,1.7147,8.1801,410.0,24006.0,2458.5625
5065,8.2668,7.8218,1.8293,8.9485,411.0,22439.0,2458.5625
5066,8.9086,7.4828,1.3518,8.0473,414.0,25326.0,2458.5625
5067,8.2618,7.823,2.0521,7.1255,388.0,19936.0,2458.5625
5068,6.8462,7.2128,1.5058,9.5601,412.0,23644.0,2458.5625
5069,9.7149,7.7793,1.7482,7.341,415.0,19033.0,2458.5625
5070,7.4152,7.1824,1.7478,8.5341,418.0,24629.0,2458.5625
5071,8.3836,7.8526,1.7082,8.4072,415.0,24025.0,2458.5625
5072,8.3751,7.5428,1.6208,7.7898,412.0,23118.0,2458.5625
5073,7.775,7.8644,1.7341,7.8159,411.0,18215.0,2458.5625
5074,7.8838,7.2125,2.0767,8.3247,413.0,17513.0,2458.5625
5075,8.3294,8.2911,1.8815,7.8044,417.0,25111.0,2458.5625
5076,7.7628,7.1596,1.8039,8.9884,409.0,26351.0,2458.5625
5077,9.0624,7.9357,1.9294,7.8491,411.0,16235.0,2458.5625
5078,7.7507,7.5159,2.4714,8.1389,384.0,14615.0,2458.5625
5079,8.1515,8.1504,1.9268,7.3655,376.0,14135.0,2458.5625
5080,7.3251,7.1296,1.2944,8.6139,380.0,14519.0,2458.5625
5081,8.7312,7.976,1.6046,7.5331,378.0,14159.0,2458.5625
5082,7.4512,7.1589,1.6282,8.8773,381.0,14627.0,2458.5625
5083,8.9645,7.5819,2.1494,7.0154,373.0,14099.0,2458.5625
5084,6.9971,7.2148,2.4868,8.4638,375.0,14123.0,2458.5625
5085,8.4725,8.1286,1.7565,8.2185,379.0,14127.0,2458.5625
5086,8.1449,7.3513,1.3366,8.3514,379.0,14127.0,2458.5625
5087,8.4098,8.0833,1.421,8.0122,381.0,14151.0,2458.5625
5088,8.0069,7.2491,1.5343,7.7214,375.0,14101.0,2458.5625
5089,7.7592,7.558,1.9566,8.3816,376.0,14113.0,2458.5625
5090,8.6363,7.185,1.9528,7.6844,376.0,14113.0,2458.5625
5091,7.3821,8.1028,1.8866,8.8895,377.0,14147.0,2458.5625
5092,8.8738,7.3501,1.7904,7.1483,374.0,14111.0,2458.5625
5093,7.1412,7.5584,1.6943,9.8454,377.0,14147.0,2458.5625
5094,9.9357,7.1511,2.4885,7.003,374.0,14111.0,2458.5625
5095,6.9201,8.1688,1.8708,8.3715,376.0,14135.0,2458.5625
5096,8.4229,7.2269,2.0492,8.0392,374.0,14111.0,2458.5625
5097,8.1115,7.701,1.8611,8.2522,374.0,14111.0,2458.5625
5098,8.1753,8.1215,1.938,7.7417,382.0,15007.0,2458.5625
5099,7.6972,7.5375,1.6332,8.6459,387.0,17459.0,2458.5625
5100,8.6835,7.6617,1.805,7.4123,385.0,20737.0,2458.5625
5101,7.3978,7.1847,1.4543,8.6655,389.0,15261.0,2458.5625
5102,8.6753,7.1737,1.8723,8.0868,414.0,16371.0,2458.5625
5103,8.1049,7.5626,1.6885,8.4832,418.0,16093.0,2458.5625
5104,8.4142,7.6787,1.6152,7.7872,412.0,14497.0,2458.5625
5105,7.9769,7.393,1.5197,8.9794,412.0,15729.0,2458.5625
5106,8.9008,7.7118,1.7829,8.3111,413.0,17997.0,2458.5625
5107,8.238,7.2225,2.0427,7.8069,409.0,18201.0,2458.5625
5108,7.7876,7.9139,1.8783,8.9187,412.0,18701.0,2458.5625
5109,8.9704,7.5667,1.9594,7.3225,412.0,21388.0,2458.5625
5110,7.3513,8.0544,1.7501,8.3453,413.0,19562.0,2458.5625
5111,8.3143,7.3673,1.8046,8.5941,411.0,17879.0,2458.5625
5112,8.5189,7.6538,1.6969,7.0932,415.0,22549.0,2458.5625
5113,7.187,7.1888,1.8059,8.0512,410.0,17507.0,2458.5625
5114,7.9853,7.8912,2.2753,9.0082,409.0,21975.0,2458.5625
5115,9.0524,7.516,1.8604,7.7738,409.0,58967.0,2458.5625
5116,7.7831,8.057,1.9779,8.6181,409.0,34627.0,2458.5625
5117,8.5996,7.4191,1.8535,7.6014,416.0,38839.0,2458.5625
5118,7.7741,7.5978,2.7975,8.685,417.0,26687.0,2458.5625
5119,8.5144,7.2502,1.7533,7.6344,417.0,28651.0,2458.5625
5120,7.7127,7.9928,2.0018,8.463,416.0,28169.0,2458.5625
5121,8.3423,7.5696,1.3491,8.626,411.0,18417.0,2458.5625
5122,8.6296,8.0701,1.6224,7.547,413.0,20565.0,2458.5625
5123,7.5652,7.4009,1.9375,8.0822,410.0,23427.0,2458.5625
5124,8.3424,7.593,2.1518,7.4423,410.0,25691.0,2458.5625
5125,7.1801,7.2064,1.8178,7.8799,412.0,27179.0,2458.5625
5126,7.9225,7.8102,1.6506,8.9961,411.0,21955.0,2458.5625
5127,8.9599,7.5408,1.799,7.678,410.0,25458.0,2458.5625
5128,7.7371,8.0819,1.8349,7.9824,375.0,14123.0,2458.5625
5129,7.9596,7.3725,1.5714,8.5486,374.0,14111.0,2458.5625
5130,8.5918,7.6008,1.7409,8.0364,410.0,16271.0,2458.5625
5131,7.9731,7.1509,1.7661,7.0028,414.0,21833.0,2458.5625
5132,6.9915,7.4278,1.9807,9.1985,415.0,29177.0,2458.5625
5133,9.2293,7.1937,1.888,8.6662,413.0,17463.0,2458.5625
5134,8.6929,7.7626,1.6843,7.7817,413.0,17343.0,2458.5625
5135,7.7168,7.378,1.8529,7.6462,414.0,18555.0,2458.5625
5136,7.6219,7.4432,1.6865,8.6452,411.0,16997.0,2458.5625
5137,8.7726,7.8027,1.8558,7.7684,413.0,16749.0,2458.5625
5138,7.6946,7.3511,1.9634,7.9794,411.0,16725.0,2458.5625
5139,8.0226,7.6304,2.1855,7.8061,410.0,18127.0,2458.5625
5140,7.7413,7.4784,1.7126,8.4626,410.0,16623.0,2458.5625
5141,8.5095,7.8605,1.7954,8.8549,410.0,14591.0,2458.5625
5142,8.8289,7.1884,1.9174,7.5638,409.0,14627.0,2458.5625
5143,7.6038,8.0718,2.1165,8.3431,411.0,15227.0,2458.5625
5144,8.3493,7.2168,1.8146,7.7371,410.0,16553.0,2458.5625
5145,7.7295,7.936,1.9799,8.8036,410.0,16271.0,2458.5625
5146,8.7407,7.5356,2.2463,7.4274,411.0,18288.0,2458.5625
5147,7.433,7.8868,1.5213,7.9714,411.0,16407.0,2458.5625
5148,8.0611,7.1732,1.5582,8.2386,410.0,16709.0,2458.5625
5149,8.1324,7.9829,1.885,7.9396,417.0,20988.0,2458.5625
5150,7.9997,7.2421,1.8018,8.1453,412.0,21408.0,2458.5625
5151,8.1504,7.892,1.7923,8.9851,414.0,21467.0,2458.5625
5152,8.9953,7.5883,2.1477,7.682,413.0,19099.0,2458.5625
5153,7.7134,7.8694,2.1882,8.1286,412.0,19538.0,2458.5625
5154,8.0851,7.2778,1.565,7.9302,405.0,20248.0,2458.5625
5155,7.9363,8.2798,1.9136,8.3961,413.0,27017.0,2458.5625
5156,8.4667,7.1889,1.7279,7.8353,417.0,24999.0,2458.5625
5157,7.757,7.9242,2.0617,8.9381,420.0,32719.0,2458.5625
5158,8.9362,7.5655,1.7916,7.2846,412.0,30479.0,2458.5625
5159,7.2963,7.8624,1.8983,8.4052,411.0,19531.0,2458.5625
5160,8.4004,7.1993,1.7271,8.7538,409.0,18579.0,2458.5625
5161,8.7518,8.0507,1.6669,6.6653,393.0,15203.0,2458.5625
5162,6.6855,7.095,1.5945,8.0799,413.0,18153.0,2458.5625
5163,8.0973,7.849,1.519,8.7809,411.0,21871.0,2458.5625
5164,8.7499,7.4951,1.7033,8.845,410.0,16271.0,2458.5625
5165,8.858,7.8636,1.6191,7.3913,412.0,16729.0,2458.5625
5166,7.3869,7.1693,2.5574,8.1489,384.0,14475.0,2458.5625
5167,8.1588,8.0287,1.6751,7.9548,413.0,17123.0,2458.5625
5168,7.919,7.1422,1.6056,7.4158,412.0,17081.0,2458.5625
5169,7.4599,7.5674,2.0844,8.8893,411.0,17245.0,2458.5625
5170,8.8707,7.1898,1.759,7.6566,412.0,18497.0,2458.5625
5171,7.6488,7.7234,1.8701,8.3175,411.0,18759.0,2458.5625
5172,8.297,7.3643,1.5885,7.7233,389.0,15427.0,2458.5625
5173,7.7462,7.9954,1.5377,8.8783,413.0,27836.0,2458.5625
5174,8.8654,7.1377,1.761,8.3738,409.0,23399.0,2458.5625
5175,8.6788,7.2686,2.9088,7.5965,414.0,24054.0,2458.5625
5176,7.3067,7.6233,1.8308,8.2163,412.0,22451.0,2458.5625
5177,8.1781,7.5729,1.7122,8.3073,411.0,25706.0,2458.5625
5178,8.4101,8.0511,1.779,7.3263,392.0,19664.0,2458.5625
5179,7.355,7.1927,1.5958,8.1135,413.0,23656.0,2458.5625
5180,8.0601,7.8539,1.8608,8.6697,411.0,19029.0,2458.5625
5181,8.6837,7.1413,1.6256,7.9442,419.0,24641.0,2458.5625
5182,7.9632,7.594,1.7962,8.04,416.0,24187.0,2458.5625
5183,7.9429,7.6043,1.782,8.3924,416.0,23202.0,2458.5625
5184,8.4354,8.3187,1.7001,8.3368,412.0,18019.0,2458.5625
5185,8.2702,7.2303,1.9342,8.6753,413.0,18581.0,2458.5625
5186,8.7306,7.9521,1.9131,7.3779,419.0,24045.0,2458.5625
5187,7.3803,7.1965,1.7129,7.4713,410.0,26363.0,2458.5625
5188,7.5432,7.5829,2.0031,8.4208,412.0,16295.0,2458.5625
5189,8.4095,7.5773,1.7391,7.8093,379.0,14411.0,2458.5625
5190,7.7091,8.0038,1.6111,8.4564,373.0,14099.0,2458.5625
5191,8.5097,7.1706,1.9725,7.4928,382.0,14543.0,2458.5625
5192,7.5148,8.0229,1.6459,8.2073,376.0,14135.0,2458.5625
5193,8.1713,7.1944,2.0179,8.5312,385.0,14675.0,2458.5625
5194,8.5249,7.5583,1.7149,8.1032,374.0,14111.0,2458.5625
5195,8.1325,7.5704,1.6706,7.8097,375.0,14123.0,2458.5625
5196,7.8506,8.0235,1.6798,8.0208,376.0,14135.0,2458.5625
5197,7.9846,7.1368,1.6638,8.8428,379.0,14127.0,2458.5625
5198,8.8362,7.9468,1.809,7.4745,377.0,14103.0,2458.5625
5199,7.4336,7.1778,2.299,8.1541,380.0,14139.0,2458.5625
5200,8.1928,7.6158,1.7069,7.7216,377.0,14125.0,2458.5625
5201,7.6962,7.498,1.6324,7.7833,377.0,14125.0,2458.5625
5202,7.8725,7.9909,2.0196,8.196,375.0,14101.0,2458.5625
5203,8.2138,7.2119,1.89,7.9694,374.0,14111.0,2458.5625
5204,7.9153,7.4977,1.8588,9.0662,373.0,14099.0,2458.5625
5205,9.0287,7.1039,1.7985,6.5011,373.0,14099.0,2458.5625
5206,6.4691,7.1864,1.6168,8.4309,372.0,14087.0,2458.5625
5207,8.5294,7.5532,1.9619,7.5131,372.0,14087.0,2458.5625
5208,7.431,7.476,1.7816,9.3387,374.0,14111.0,2458.5625
5209,9.4881,7.7724,1.9908,7.6934,384.0,15543.0,2458.5625
5210,7.5511,7.3579,1.5971,8.38,390.0,18719.0,2458.5625
5211,8.4283,7.6689,1.7986,7.1024,382.0,18965.0,2458.5625
5212,7.136,7.1547,2.3168,7.9702,385.0,15257.0,2458.5625
5213,7.9032,7.602,1.6833,9.2628,412.0,16347.0,2458.5625
5214,9.3201,7.5204,1.6613,8.1143,415.0,16057.0,2458.5625
5215,8.0683,7.88,1.9243,7.7092,415.0,14511.0,2458.5625
5216,7.7146,7.4158,1.6849,8.6603,412.0,15729.0,2458.5625
5217,8.7845,7.6464,2.1719,8.0397,411.0,17973.0,2458.5625
5218,7.9093,7.3033,1.981,8.0367,413.0,18227.0,2458.5625
5219,8.055,7.7903,2.0028,8.2251,412.0,18701.0,2458.5625
5220,8.2087,7.5141,2.9089,7.8172,411.0,21376.0,2458.5625
5221,7.8495,8.2004,2.2325,9.0695,410.0,19526.0,2458.5625
5222,9.0905,7.3573,2.1445,7.5998,409.0,17855.0,2458.5625
5223,7.6677,7.6914,2.079,8.9089,414.0,22537.0,2458.5625
5224,8.8282,7.2486,1.9297,6.8189,411.0,17519.0,2458.5625
5225,6.8336,7.7545,1.8107,8.53,409.0,21975.0,2458.5625
5226,8.4768,7.4943,1.7306,7.5782,412.0,59003.0,2458.5625
5227,7.5451,7.8196,1.427,8.2223,411.0,34651.0,2458.5625
5228,8.3756,7.3603,1.5272,7.9467,414.0,38859.0,2458.5625
5229,7.7935,7.6846,1.3297,8.21,415.0,26663.0,2458.5625
5230,8.2909,7.2225,1.6208,7.5237,420.0,28687.0,2458.5625
5231,7.5713,7.8805,1.8491,8.3577,415.0,28135.0,2458.5625
5232,8.3381,7.2067,1.4934,8.5912,411.0,18417.0,2458.5625
5233,8.6423,8.037,1.9821,8.4521,413.0,20565.0,2458.5625
5234,8.359,7.3944,1.6878,6.8763,413.0,23441.0,2458.5625
5235,6.9803,7.6618,2.0942,8.8914,413.0,25727.0,2458.5625
5236,8.7242,7.3846,1.7078,7.4982,411.0,27167.0,2458.5625
5237,7.6235,7.3973,1.9154,8.3532,410.0,21943.0,2458.5625
5238,8.2825,7.1891,1.6321,8.2477,411.0,25470.0,2458.5625
5239,8.1747,7.5283,1.392,8.305,376.0,14135.0,2458.5625
5240,8.4031,7.838,1.729,7.232,375.0,14123.0,2458.5625
5241,7.1792,7.1607,1.5071,8.7225,410.0,16271.0,2458.5625
5242,8.8171,7.7605,1.894,7.8455,414.0,21833.0,2458.5625
5243,7.8095,7.1539,1.8508,8.2303,418.0,29213.0,2458.5625
5244,8.207,7.8449,1.9413,7.6655,410.0,17471.0,2458.5625
5245,7.6567,7.5163,1.8239,8.1896,414.0,17355.0,2458.5625
5246,8.2008,7.8119,1.7433,8.1222,414.0,18555.0,2458.5625
5247,8.1736,7.1697,1.9995,8.8978,416.0,17035.0,2458.5625
5248,8.9026,8.0117,1.9713,7.3534,414.0,16761.0,2458.5625
5249,7.3898,7.2035,1.9442,8.3615,413.0,16749.0,2458.5625
5250,8.2814,7.5174,1.9107,7.4829,413.0,18141.0,2458.5625
5251,7.6429,7.5113,1.8369,8.7171,409.0,16611.0,2458.5625
5252,8.6366,7.8222,1.916,7.906,414.0,14639.0,2458.5625
5253,7.8535,7.2226,2.7854,7.7724,410.0,14639.0,2458.5625
5254,7.7427,8.0643,1.9269,7.8289,411.0,15227.0,2458.5625
5255,7.866,7.2286,1.5622,8.0441,410.0,16553.0,2458.5625
5256,8.0046,7.5587,1.6683,9.0013,409.0,16259.0,2458.5625
5257,8.9947,7.5225,1.8658,7.4851,415.0,18336.0,2458.5625
5258,7.4415,7.8001,1.5627,7.9664,409.0,16383.0,2458.5625
5259,7.9671,7.2191,1.366,8.5466,411.0,16721.0,2458.5625
5260,8.5845,7.9856,1.6733,7.5594,411.0,20960.0,2458.5625
5261,7.5551,7.1797,1.566,7.6764,415.0,21444.0,2458.5625
5262,7.7724,7.5595,1.4201,8.6211,414.0,21467.0,2458.5625
5263,8.5693,7.5543,1.6304,8.3355,413.0,19077.0,2458.5625
5264,8.3654,7.8708,1.8927,8.2784,410.0,19514.0,2458.5625
5265,8.2441,7.2411,1.9109,7.3406,403.0,20854.0,2458.5625
5266,7.417,8.0305,1.7018,8.5863,418.0,26645.0,2458.5625
5267,8.4573,7.2072,1.352,7.4907,415.0,25997.0,2458.5625
5268,7.5349,7.6235,1.8189,8.7383,417.0,32017.0,2458.5625
5269,8.7104,7.2283,1.8717,7.8977,414.0,30023.0,2458.5625
5270,7.9164,7.5851,1.9556,8.9559,410.0,19983.0,2458.5625
5271,8.9235,7.8022,1.9523,6.7124,410.0,18127.0,2458.5625
5272,6.8346,7.519,2.1046,9.2863,395.0,15371.0,2458.5625
5273,9.2035,7.6363,2.6258,7.0621,410.0,18117.0,2458.5625
5274,7.1154,7.2331,1.7946,7.8903,413.0,21895.0,2458.5625
5275,7.8542,7.2403,1.7939,8.6076,410.0,16429.0,2458.5625
5276,8.5772,7.5934,1.6488,7.9613,405.0,16387.0,2458.5625
5277,7.9638,7.8542,1.8433,7.7747,387.0,14779.0,2458.5625
5278,7.7959,7.3113,1.6684,8.3555,414.0,17135.0,2458.5625
5279,8.3736,7.8706,1.9213,7.5576,415.0,16971.0,2458.5625
5280,7.6739,7.185,1.6621,8.8014,414.0,17649.0,2458.5625
5281,8.6648,7.89,1.7784,8.1954,411.0,18117.0,2458.5625
5282,8.1813,7.4871,1.8121,8.717,411.0,19105.0,2458.5625
5283,8.7196,7.9727,1.8525,7.4756,385.0,14771.0,2458.5625
5284,7.4476,7.3327,1.6564,8.0763,414.0,27848.0,2458.5625
5285,8.1463,7.9821,2.0344,8.5773,410.0,23411.0,2458.5625
5286,8.5622,7.1989,1.8399,7.51,413.0,24042.0,2458.5625
5287,7.5127,7.5402,1.9443,8.0989,410.0,22427.0,2458.5625
5288,8.0707,7.5614,1.661,7.761,413.0,25730.0,2458.5625
5289,7.747,8.0601,1.8081,8.0251,394.0,21010.0,2458.5625
5290,8.0709,7.3669,1.6151,8.1486,412.0,22882.0,2458.5625
5291,8.0893,7.6642,1.537,8.954,410.0,19183.0,2458.5625
5292,8.9737,7.1231,1.4811,7.3482,415.0,24621.0,2458.5625
5293,7.4686,7.5993,1.9882,8.1529,414.0,23853.0,2458.5625
5294,8.0871,7.5063,2.158,8.4044,415.0,22982.0,2458.5625
5295,8.4005,7.655,1.7636,8.385,416.0,18537.0,2458.5625
5296,8.4125,7.3577,1.7543,7.1224,414.0,18101.0,2458.5625
5297,7.114,7.6506,1.761,7.6555,416.0,26261.0,2458.5625
5298,7.6208,7.2264,1.8938,8.1189,415.0,24149.0,2458.5625
5299,8.1814,7.1532,1.7232,7.8184,405.0,16019.0,2458.5625
5300,7.7939,7.1993,1.4301,7.9769,378.0,14399.0,2458.5625
5301,7.888,8.2156,1.7602,8.8426,376.0,14135.0,2458.5625
5302,8.8556,7.3319,1.5994,7.5909,382.0,14543.0,2458.5625
5303,7.5533,7.1561,1.5411,8.386,375.0,14123.0,2458.5625
5304,8.5163,7.8479,2.0474,7.3932,383.0,14651.0,2458.5625
5305,7.3283,7.1253,1.6911,8.0829,376.0,14135.0,2458.5625
5306,8.1482,7.6745,1.8587,8.2622,375.0,14123.0,2458.5625
5307,8.2044,7.5421,1.7238,8.4333,373.0,14099.0,2458.5625
5308,8.4798,8.0757,1.8219,8.0114,375.0,14123.0,2458.5625
5309,7.9808,7.353,1.6372,9.0208,377.0,14103.0,2458.5625
5310,8.9877,7.7469,1.7146,6.9305,379.0,14127.0,2458.5625
5311,6.9864,7.1584,1.8096,7.9351,382.0,14163.0,2458.5625
5312,7.8826,7.7558,1.5612,8.6458,376.0,14113.0,2458.5625
5313,8.7194,7.5472,1.7346,8.5002,376.0,14113.0,2458.5625
5314,8.4765,7.8241,1.8581,7.2797,375.0,14101.0,2458.5625
5315,7.2214,7.3259,1.5183,8.3282,374.0,14111.0,2458.5625
5316,8.3929,7.6151,1.7979,7.3236,373.0,14099.0,2458.5625
5317,7.2949,7.1438,1.7615,8.6386,374.0,14111.0,2458.5625
5318,8.6273,7.8237,1.8056,7.4795,374.0,14111.0,2458.5625
5319,7.4883,7.4985,1.7889,8.5896,373.0,14099.0,2458.5625
5320,8.6216,8.0569,1.8319,7.9017,383.0,15531.0,2458.5625
5321,7.8541,7.3395,1.7499,8.8203,386.0,20407.0,2458.5625
5322,8.811,7.5554,1.5949,6.7212,382.0,17373.0,2458.5625
5323,6.7466,7.2004,1.2275,8.2471,380.0,15053.0,2458.5625
5324,8.2331,7.3883,1.3194,8.735,411.0,16379.0,2458.5625
5325,8.7941,7.509,1.729,8.5653,415.0,16057.0,2458.5625
5326,8.5875,7.8336,1.5837,7.9013,412.0,14475.0,2458.5625
5327,7.8204,7.3594,1.5769,8.2597,416.0,15755.0,2458.5625
5328,8.4436,7.7808,1.8345,7.6723,414.0,18009.0,2458.5625
5329,7.4901,7.2172,1.6843,7.5318,412.0,18215.0,2458.5625
5330,7.5275,7.7871,1.5907,8.6821,414.0,18703.0,2458.5625
5331,8.7129,7.1732,1.7336,8.2138,414.0,21412.0,2458.5625
5332,8.2655,7.6362,2.8329,8.6781,411.0,19538.0,2458.5625
5333,8.677,7.8776,1.9122,7.1332,411.0,17879.0,2458.5625
5334,7.0411,7.3087,1.5668,8.7046,413.0,22525.0,2458.5625
5335,8.9456,7.3495,1.8404,7.8849,411.0,17519.0,2458.5625
5336,7.7208,7.2408,1.5016,7.9231,409.0,21975.0,2458.5625
5337,7.9283,7.4363,1.7147,8.4016,414.0,59027.0,2458.5625
5338,8.4263,7.5585,1.7979,8.1204,409.0,34627.0,2458.5625
5339,8.0899,7.9083,2.1438,7.6482,411.0,38823.0,2458.5625
5340,7.6114,7.1833,1.7968,9.5277,412.0,26671.0,2458.5625
5341,9.7025,8.2626,2.1339,7.4365,421.0,28699.0,2458.5625
5342,7.2763,7.1927,1.9567,8.1859,417.0,28159.0,2458.5625
5343,8.2334,7.904,2.0244,8.2301,414.0,18431.0,2458.5625
5344,8.1853,7.6028,2.3191,8.7685,414.0,20577.0,2458.5625
5345,8.8128,8.4117,1.9638,7.2686,414.0,23453.0,2458.5625
5346,7.26,7.0984,1.8707,8.8467,412.0,25693.0,2458.5625
5347,8.8776,7.8244,2.08,8.0071,410.0,27155.0,2458.5625
5348,7.9861,7.2251,2.0402,7.5561,412.0,21967.0,2458.5625
5349,7.5939,7.9438,1.9133,8.5825,413.0,25494.0,2458.5625
5350,8.5009,7.5304,1.802,7.6992,374.0,14111.0,2458.5625
5351,7.7114,7.8267,1.8174,7.4888,373.0,14099.0,2458.5625
5352,7.4776,7.0824,1.6146,8.5073,410.0,16271.0,2458.5625
5353,8.5211,7.8709,1.6197,7.9735,410.0,21785.0,2458.5625
5354,8.0217,7.1391,1.4717,7.893,415.0,29177.0,2458.5625
5355,7.782,7.6461,1.4814,7.944,408.0,17447.0,2458.5625
5356,8.044,7.4763,1.8218,8.656,409.0,17339.0,2458.5625
5357,8.6702,7.8464,1.7168,7.4309,413.0,18543.0,2458.5625
5358,7.3507,7.1664,1.5632,8.4569,418.0,17059.0,2458.5625
5359,8.491,8.0594,1.8497,7.5024,417.0,16775.0,2458.5625
5360,7.4664,7.1811,1.597,8.5683,411.0,16725.0,2458.5625
5361,8.583,7.6283,1.6766,7.986,413.0,18141.0,2458.5625
5362,8.0165,7.5233,1.6418,8.4718,410.0,16601.0,2458.5625
5363,8.508,7.7979,1.8568,7.6218,412.0,14615.0,2458.5625
5364,7.5838,7.2136,1.6802,8.8021,410.0,14639.0,2458.5625
5365,8.8701,8.044,1.7883,7.4435,410.0,15215.0,2458.5625
5366,7.3454,7.2337,1.7775,7.7394,410.0,16553.0,2458.5625
5367,7.8401,7.2005,2.0531,8.0642,410.0,16271.0,2458.5625
5368,7.9821,7.1773,1.9434,8.6363,414.0,18324.0,2458.5625
5369,8.641,7.5564,1.9593,7.8577,409.0,16383.0,2458.5625
5370,7.9102,7.8482,2.0778,8.2023,408.0,16685.0,2458.5625
5371,8.1821,7.3213,1.5622,7.2627,410.0,20948.0,2458.5625
5372,7.1644,7.8539,1.6953,8.3743,410.0,21428.0,2458.5625
5373,8.4349,7.2213,1.5861,7.9233,414.0,21467.0,2458.5625
5374,7.9458,7.6336,1.8172,8.5716,413.0,19077.0,2458.5625
5375,8.512,7.57,1.6817,7.6278,416.0,19564.0,2458.5625
5376,7.6652,7.8723,1.7946,8.3446,405.0,20878.0,2458.5625
5377,8.3385,7.3796,1.7691,7.9876,418.0,26645.0,2458.5625
5378,8.0125,7.8496,1.6523,7.7964,417.0,25999.0,2458.5625
5379,7.7356,7.1981,1.7529,8.4568,421.0,32065.0,2458.5625
5380,8.5758,7.6202,1.9481,8.1521,412.0,29999.0,2458.5625
5381,8.1494,7.5607,1.7702,7.8123,408.0,19959.0,2458.5625
5382,7.7648,8.0474,2.0138,8.4826,411.0,18139.0,2458.5625
5383,8.5287,7.2834,1.9206,7.2101,399.0,15563.0,2458.5625
5384,7.1044,7.7825,1.6141,8.6116,414.0,18165.0,2458.5625
5385,8.6561,7.16,1.6527,8.1094,410.0,22017.0,2458.5625
5386,8.1326,7.6714,1.5972,8.3202,410.0,16271.0,2458.5625
5387,8.2645,7.5333,1.6625,8.9887,404.0,16451.0,2458.5625
5388,8.971,8.0929,1.5384,6.9329,389.0,14915.0,2458.5625
5389,6.9199,7.3522,1.4142,8.7208,416.0,17159.0,2458.5625
5390,8.8321,7.3753,1.758,7.8239,414.0,16959.0,2458.5625
5391,7.809,7.2348,1.8485,8.2092,416.0,18579.0,2458.5625
5392,8.2204,7.6321,1.7456,8.4268,416.0,18177.0,2458.5625
5393,8.4322,7.5366,2.2147,7.6379,411.0,18177.0,2458.5625
5394,7.6377,7.9744,2.2029,7.8146,385.0,17277.0,2458.5625
5395,7.76,7.3367,1.6843,8.1801,416.0,25296.0,2458.5625
5396,8.245,7.5965,1.8889,8.0139,414.0,25306.0,2458.5625
5397,8.0825,7.2222,1.7247,7.9265,413.0,22195.0,2458.5625
5398,7.7886,7.4156,1.8007,9.1604,411.0,23123.0,2458.5625
5399,9.16,7.199,1.5959,7.9473,413.0,25760.0,2458.5625
5400,7.9541,7.7464,1.9498,7.4623,400.0,20764.0,2458.5625
5401,7.501,7.7619,1.9458,8.4072,416.0,23052.0,2458.5625
5402,8.3988,7.1544,1.6362,8.3607,409.0,19689.0,2458.5625
5403,8.3392,7.7811,2.7243,7.0346,415.0,24769.0,2458.5625
5404,7.0452,7.2101,1.9293,8.0217,410.0,24225.0,2458.5625
5405,8.1269,7.8917,1.5197,8.6939,418.0,21822.0,2458.5625
5406,8.5571,7.5304,1.3845,8.0148,413.0,19301.0,2458.5625
5407,8.0806,7.7107,1.7275,7.968,414.0,19325.0,2458.5625
5408,8.0141,7.1766,1.7384,8.4361,417.0,23959.0,2458.5625
5409,8.3949,7.7937,2.2096,7.7934,414.0,24137.0,2458.5625
5410,7.7503,7.2689,1.7402,8.0326,408.0,15937.0,2458.5625
5411,8.0516,7.8118,1.7187,8.1767,373.0,14099.0,2458.5625
5412,8.1756,7.5251,1.8256,8.6194,373.0,14099.0,2458.5625
5413,8.5989,7.9538,1.6421,7.6635,379.0,14507.0,2458.5625
5414,7.6563,7.1833,1.6763,7.4811,373.0,14099.0,2458.5625
5415,7.4696,7.7844,1.8095,8.633,385.0,14675.0,2458.5625
5416,8.6585,7.2629,1.8784,7.3897,375.0,14123.0,2458.5625
5417,7.3685,7.8904,1.5477,8.3801,374.0,14111.0,2458.5625
5418,8.4359,7.5106,1.7612,8.4147,374.0,14111.0,2458.5625
5419,8.4469,8.0483,1.9521,7.9473,375.0,14123.0,2458.5625
5420,7.8944,7.1548,1.8507,8.0088,374.0,14111.0,2458.5625
5421,8.0319,7.7508,1.8892,7.9088,377.0,14103.0,2458.5625
5422,7.8553,7.1174,1.6997,7.7552,378.0,14115.0,2458.5625
5423,7.8272,7.8226,1.6373,8.7019,381.0,14151.0,2458.5625
5424,8.6801,7.5191,1.6868,7.9099,375.0,14101.0,2458.5625
5425,7.9673,8.0137,2.3963,8.5632,375.0,14101.0,2458.5625
5426,8.4475,7.0989,1.7116,7.0517,376.0,14113.0,2458.5625
5427,7.0979,7.763,1.8447,8.3321,374.0,14111.0,2458.5625
5428,8.3752,7.147,1.9266,7.6775,376.0,14135.0,2458.5625
5429,7.7073,7.7862,1.8866,8.3603,376.0,14135.0,2458.5625
5430,8.5205,7.1544,1.9381,7.8036,372.0,14087.0,2458.5625
5431,7.649,7.6853,2.2917,8.3692,382.0,15519.0,2458.5625
5432,8.2707,7.9926,1.8772,8.5886,387.0,20419.0,2458.5625
5433,8.661,7.5366,1.981,8.1141,383.0,17433.0,2458.5625
5434,8.0922,7.1288,2.0005,8.6952,379.0,14993.0,2458.5625
5435,8.655,7.1393,1.8993,8.9379,453.0,37247.0,2460.9375
5436,8.9822,7.622,2.1775,7.1277,262.0,11521.0,2460.9375
5437,7.082,8.2715,1.8615,9.195,273.0,11057.0,2460.9375
5438,9.245,7.8326,1.8992,8.4683,295.0,12155.0,2460.9375
5439,8.4829,7.7748,1.7868,8.1976,298.0,11685.0,2460.9375
5440,8.1494,8.3567,1.6358,8.3299,296.0,11395.0,2460.9375
5441,8.3389,8.1899,1.4917,8.4649,297.0,11529.0,2458.5625
5442,8.4474,7.4886,1.4391,8.0542,296.0,13955.0,2458.5625
5443,8.1596,7.7639,1.8137,8.5834,294.0,15149.0,2458.5625
5444,8.5126,7.6329,1.2888,8.0405,298.0,18699.0,2458.5625
5445,8.0284,8.1396,1.9863,8.8848,296.0,15359.0,2458.5625
5446,8.8608,7.5963,1.8905,7.4403,296.0,16502.0,2458.5625
5447,7.453,8.0143,1.544,8.6251,296.0,15214.0,2458.5625
5448,8.7979,7.3853,1.841,8.0812,294.0,17155.0,2458.5625
5449,7.995,7.781,1.8368,8.6933,298.0,30095.0,2458.5625
5450,8.6954,7.6177,1.7015,8.0282,295.0,53495.0,2458.5625
5451,8.0005,8.0261,1.7932,8.8751,295.0,29451.0,2458.5625
5452,8.768,7.6015,1.2567,7.2932,297.0,28291.0,2458.5625
5453,7.3733,7.6257,1.2201,9.8344,303.0,21183.0,2330.5625
5454,9.8728,7.8869,1.7756,8.0602,301.0,22739.0,2330.5625
5455,8.1125,7.8632,1.9557,8.1884,303.0,24231.0,2330.5625
5456,8.1192,8.0374,1.8061,7.7066,297.0,16069.0,2330.5625
5457,7.7499,8.107,1.8517,9.0192,297.0,18289.0,2330.5625
5458,9.0132,7.6288,1.8475,7.3811,297.0,21629.0,2330.5625
5459,7.3085,8.1034,1.661,9.0764,296.0,21955.0,2330.5625
5460,9.137,7.3807,1.6927,7.5799,295.0,20391.0,2330.5625
5461,7.5224,7.7714,1.9228,9.1989,299.0,22026.0,2330.5625
5462,9.3652,7.6452,1.81,7.4497,272.0,12615.0,2330.5625
5463,7.3105,7.6666,1.719,10.0971,260.0,10455.0,2330.5625
5464,10.146,8.0889,2.1591,6.4021,259.0,10443.0,2330.5625
5465,6.3095,7.5932,1.7113,9.1182,295.0,12603.0,2330.5625
5466,9.1141,7.8714,1.5448,7.6381,297.0,18207.0,2330.5625
5467,7.609,7.812,1.2676,9.6832,296.0,15219.0,2330.5625
5468,9.8299,8.244,1.6427,7.5365,295.0,13315.0,2330.5625
5469,7.4072,7.6593,2.2922,8.9097,300.0,14311.0,2330.5625
5470,8.9506,8.0581,1.9686,8.2507,299.0,14299.0,2330.5625
5471,8.2037,7.6508,1.5758,8.109,299.0,13071.0,2330.5625
5472,8.1263,7.8943,1.5437,8.0238,297.0,13069.0,2330.5625
5473,8.0978,8.4153,1.8683,8.9597,298.0,14473.0,2330.5625
5474,9.0117,7.6531,1.9214,8.0431,298.0,12969.0,2330.5625
5475,7.9288,7.6155,1.8656,8.1536,295.0,10875.0,2330.5625
5476,8.201,7.9803,1.8867,7.8636,295.0,10923.0,2330.5625
5477,7.8788,7.4812,1.8764,9.4138,295.0,11767.0,2330.5625
5478,9.3926,8.1509,1.6038,7.2749,298.0,12639.0,2330.5625
5479,7.3826,8.373,1.8259,10.1143,298.0,14486.0,2330.5625
5480,10.0253,7.7204,2.035,7.3881,295.0,12603.0,2330.5625
5481,7.3617,8.3818,1.8283,9.5822,295.0,13041.0,2330.5625
5482,9.5136,7.7442,1.5255,7.3366,296.0,16758.0,2330.5625
5483,7.4207,8.2209,1.8418,9.3215,295.0,17830.0,2330.5625
5484,9.2608,7.8014,1.7356,8.0099,296.0,17037.0,2330.5625
5485,8.1091,8.3787,1.9653,8.9649,302.0,15438.0,2330.5625
5486,8.9043,7.7337,1.6311,7.9629,299.0,15513.0,2330.5625
5487,8.0498,8.45,2.0417,9.47,284.0,15626.0,2330.5625
5488,9.3751,7.7885,1.6183,7.4987,301.0,22489.0,2330.5625
5489,7.5438,8.2479,1.8286,8.9204,303.0,23625.0,2330.5625
5490,8.9024,7.8064,1.6104,8.5563,305.0,29029.0,2330.5625
5491,8.5409,8.4372,1.6742,8.9446,298.0,19227.0,2330.5625
5492,8.9968,7.7952,1.7504,8.3217,295.0,15851.0,2330.5625
5493,8.2397,8.4208,1.7928,8.7129,292.0,12375.0,2330.5625
5494,8.7066,7.8088,1.5707,8.5002,287.0,13811.0,2330.5625
5495,8.5832,8.2376,1.8866,8.3424,296.0,18203.0,2330.5625
5496,8.306,7.8248,1.6391,9.1577,295.0,13095.0,2330.5625
5497,9.1269,8.4697,1.6222,7.9906,285.0,11955.0,2330.5625
5498,8.0095,7.7834,1.5795,8.2113,270.0,11131.0,2330.5625
5499,8.2019,8.3914,1.4436,8.8067,295.0,13865.0,2330.5625
5500,8.8645,7.7083,1.7403,9.8091,296.0,15245.0,2330.5625
5501,9.8824,8.231,1.9026,8.2627,292.0,17239.0,2330.5625
5502,8.1145,7.8329,1.8819,7.5903,269.0,13335.0,2330.5625
5503,7.6241,8.4588,2.1156,8.8254,306.0,18658.0,2330.5625
5504,8.8817,7.7872,2.0324,8.2755,302.0,24104.0,2330.5625
5505,8.2216,8.2673,1.6796,8.3364,297.0,16285.0,2330.5625
5506,8.407,7.729,2.1283,8.6096,300.0,24298.0,2330.5625
5507,8.5474,8.4032,1.644,8.2658,283.0,16151.0,2330.5625
5508,8.3147,7.7462,1.8667,8.7445,281.0,16856.0,2330.5625
5509,8.697,8.3913,1.5437,8.6397,296.0,18011.0,2330.5625
5510,8.5732,7.7223,1.4932,8.248,296.0,16515.0,2330.5625
5511,8.365,8.2288,1.6397,9.1855,295.0,16711.0,2330.5625
5512,9.1454,7.7644,1.6463,7.9793,297.0,20705.0,2330.5625
5513,8.0126,8.3848,2.1976,8.3867,297.0,18691.0,2330.5625
5514,8.4519,7.8243,1.8619,9.2452,274.0,11525.0,2330.5625
5515,9.1149,8.4317,1.7067,8.0261,296.0,15665.0,2330.5625
5516,8.0396,7.7669,1.7176,8.5312,301.0,23637.0,2330.5625
5517,8.5492,8.1715,1.8782,8.6316,301.0,17135.0,2330.5625
5518,8.6143,7.9956,1.5842,8.599,288.0,11947.0,2330.5625
5519,8.6547,7.8156,1.7667,8.4427,263.0,10447.0,2330.5625
5520,8.4012,8.0262,2.1926,8.9197,261.0,10445.0,2330.5625
5521,8.9221,7.7666,1.7293,7.6633,269.0,10877.0,2330.5625
5522,7.6203,8.1679,1.5099,8.9027,261.0,10445.0,2330.5625
5523,8.8811,7.9183,1.626,8.22,268.0,10983.0,2330.5625
5524,8.3136,8.3399,2.1655,9.0331,260.0,10455.0,2330.5625
5525,9.0201,7.8138,1.5618,7.7745,261.0,10467.0,2330.5625
5526,7.7419,8.4157,1.3078,8.9705,259.0,10443.0,2330.5625
5527,8.9608,7.6902,1.3077,8.1279,259.0,10443.0,2330.5625
5528,8.2133,8.1826,1.82,9.0533,259.0,10443.0,2330.5625
5529,8.9784,7.7255,1.6828,8.0037,260.0,10455.0,2330.5625
5530,7.9683,8.4333,1.5424,8.7709,259.0,10443.0,2330.5625
5531,8.7749,7.6969,1.4535,8.463,260.0,10455.0,2330.5625
5532,8.5505,8.641,1.8589,8.7971,259.0,10443.0,2330.5625
5533,8.7674,7.7192,1.7683,8.343,264.0,10459.0,2330.5625
5534,8.4054,8.1469,1.6706,8.4658,264.0,10459.0,2330.5625
5535,8.4849,7.7501,1.789,8.9572,264.0,10459.0,2330.5625
5536,8.9057,8.459,1.8497,8.405,265.0,10493.0,2330.5625
5537,8.3696,7.728,1.5948,8.2593,261.0,10445.0,2330.5625
5538,8.2353,8.3985,1.546,8.7732,262.0,10457.0,2330.5625
5539,8.8283,7.6579,1.6266,8.1915,265.0,10803.0,2330.5625
5540,8.1582,8.3734,1.5548,8.6725,271.0,16227.0,2330.5625
5541,8.7491,7.7288,1.8805,8.4444,268.0,12623.0,2330.5625
5542,8.4304,8.4511,1.7466,8.4858,264.0,10743.0,2330.5625
5543,8.4323,7.7488,1.7743,8.75,295.0,13899.0,2330.5625
5544,8.7542,8.1615,1.7183,8.6197,298.0,16688.0,2330.5625
5545,8.7913,7.7967,1.8521,8.3273,298.0,15776.0,2330.5625
5546,8.212,8.3863,1.6551,8.7121,297.0,16330.0,2330.5625
5547,8.7218,7.7433,1.6011,8.5125,293.0,15320.0,2330.5625
5548,8.5065,8.2453,1.8525,8.6415,295.0,15039.0,2330.5625
5549,8.6239,7.7044,1.6195,8.3606,300.0,13679.0,2330.5625
5550,8.2816,8.6635,1.434,8.7215,269.0,10807.0,2330.5625
5551,8.7233,7.8135,1.5032,7.7829,270.0,10819.0,2330.5625
5552,7.8818,8.2152,1.7087,9.3286,298.0,14233.0,2330.5625
5553,9.2632,7.805,1.7249,8.2285,297.0,12313.0,2330.5625
5554,8.1923,8.2373,1.2994,8.2645,297.0,10877.0,2330.5625
5555,8.3426,7.8052,1.8221,8.5375,295.0,11547.0,2330.5625
5556,8.5142,8.1835,1.7789,8.7208,296.0,13997.0,2330.5625
5557,8.8027,7.7872,1.5726,8.7931,295.0,15181.0,2330.5625
5558,8.7314,8.2032,1.7416,8.1001,299.0,18731.0,2330.5625
5559,8.1526,7.8186,1.5738,8.3455,295.0,15367.0,2330.5625
5560,8.5057,8.2163,1.8531,8.6991,299.0,16558.0,2330.5625
5561,8.4656,7.9748,1.7011,9.3051,297.0,15246.0,2330.5625
5562,9.3166,8.1888,1.7671,7.9204,295.0,17187.0,2330.5625
5563,7.8877,7.7499,1.7235,9.2858,296.0,31667.0,2330.5625
5564,9.313,8.1759,1.5362,8.0874,295.0,51899.0,2330.5625
5565,8.1147,7.8803,2.1119,8.4942,300.0,29467.0,2330.5625
5566,8.4646,8.2541,1.9262,8.1754,302.0,28307.0,2330.5625
5567,8.2256,8.4583,1.6605,9.0614,301.0,22755.0,2330.5625
5568,9.0209,7.835,1.8613,7.8783,300.0,21153.0,2330.5625
5569,7.9191,8.2414,1.8685,8.8412,300.0,24217.0,2330.5625
5570,8.8517,7.7825,1.9784,8.3071,297.0,16069.0,2330.5625
5571,8.3675,8.2545,1.8671,8.8715,295.0,18655.0,2330.5625
5572,8.7979,7.7979,1.9151,8.6967,297.0,21283.0,2330.5625
5573,8.7979,8.4633,2.1287,8.3635,296.0,21955.0,2330.5625
5574,8.2374,7.8151,1.7611,8.1307,295.0,20391.0,2330.5625
5575,8.1614,8.3254,1.6936,8.5921,298.0,22014.0,2330.5625
5576,8.5157,7.7547,1.4154,8.0694,271.0,12555.0,2330.5625
5577,8.0954,8.4472,1.5887,8.7699,259.0,10443.0,2330.5625
5578,8.7844,7.8234,1.7233,8.6717,259.0,10443.0,2330.5625
5579,8.6806,8.1554,2.0108,8.4816,295.0,12603.0,2330.5625
5580,8.5096,7.7425,1.5669,9.0294,296.0,18195.0,2330.5625
5581,9.0137,8.2832,1.754,8.6762,299.0,15211.0,2330.5625
5582,8.832,7.8352,2.0157,8.3162,299.0,13319.0,2330.5625
5583,8.147,8.5417,1.7319,8.9784,299.0,14299.0,2330.5625
5584,8.9329,7.7872,1.7225,8.6862,297.0,14297.0,2330.5625
5585,8.7324,8.7972,1.9276,9.2924,297.0,13069.0,2330.5625
5586,9.2855,7.8499,2.0048,8.0402,297.0,13069.0,2330.5625
5587,8.0741,8.2515,1.9688,8.777,297.0,14483.0,2330.5625
5588,8.7485,7.7204,1.6436,7.8539,296.0,12967.0,2330.5625
5589,7.8655,8.4883,1.6702,9.5135,295.0,10875.0,2330.5625
5590,9.5441,7.8048,1.8911,7.6224,296.0,10935.0,2330.5625
5591,7.594,8.1837,2.252,8.3084,295.0,11767.0,2330.5625
5592,8.315,7.809,1.7958,8.8505,296.0,12615.0,2330.5625
5593,8.8849,8.2844,1.9186,8.6731,297.0,14474.0,2330.5625
5594,8.7066,7.8461,2.2474,8.1488,297.0,12627.0,2330.5625
5595,8.16,8.4166,1.768,8.5023,295.0,13041.0,2330.5625
5596,8.4258,7.7274,1.6712,8.4397,295.0,16746.0,2330.5625
5597,8.4303,8.2903,1.7598,8.5166,299.0,17834.0,2330.5625
5598,8.4762,7.7692,1.6415,8.8325,299.0,17029.0,2330.5625
5599,8.9539,8.309,1.6574,8.2184,300.0,15414.0,2330.5625
5600,8.2144,8.0497,1.6727,9.6929,298.0,15523.0,2330.5625
5601,9.7781,8.6241,1.8409,7.8542,286.0,15768.0,2330.5625
5602,7.6624,7.7464,1.4926,9.422,301.0,22613.0,2330.5625
5603,9.4939,8.004,1.6142,7.576,302.0,24739.0,2330.5625
5604,7.5297,7.8369,1.7285,8.8725,303.0,27799.0,2330.5625
5605,8.8746,8.263,1.9288,7.6746,298.0,19227.0,2330.5625
5606,7.6983,8.4102,1.8763,9.5015,296.0,15863.0,2330.5625
5607,9.4817,7.7601,1.8171,7.706,296.0,12615.0,2330.5625
5608,7.7751,8.1964,1.9532,9.0968,283.0,13571.0,2330.5625
5609,9.0553,7.7977,1.9039,9.5143,295.0,18143.0,2330.5625
5610,9.564,8.0203,1.9688,7.5758,296.0,13107.0,2330.5625
5611,7.479,7.785,1.8047,8.4559,283.0,11883.0,2330.5625
5612,8.51,8.5118,1.8454,8.5404,274.0,12203.0,2330.5625
5613,8.5177,7.7208,1.8369,8.4252,297.0,12965.0,2330.5625
5614,8.5546,8.1581,1.9238,8.3793,302.0,15273.0,2330.5625
5615,8.2999,7.8221,1.5268,8.4056,290.0,17071.0,2330.5625
5616,8.4021,8.4182,1.71,8.8231,267.0,13381.0,2330.5625
5617,8.8238,7.7641,1.826,8.819,303.0,18644.0,2330.5625
5618,8.7574,8.1419,1.7934,8.5193,301.0,24092.0,2330.5625
5619,8.4821,7.7997,1.6508,7.9404,296.0,16295.0,2330.5625
5620,7.9386,8.2225,1.5071,9.1624,299.0,24308.0,2330.5625
5621,9.1853,7.8043,1.7882,8.0938,284.0,16579.0,2330.5625
5622,8.1752,8.4322,1.7362,8.4475,284.0,17018.0,2330.5625
5623,8.3855,7.7652,1.4739,8.5471,296.0,18237.0,2330.5625
5624,8.5588,8.193,1.5049,8.8532,295.0,15927.0,2330.5625
5625,8.8408,7.7867,1.5883,8.0541,296.0,17091.0,2330.5625
5626,8.0597,8.2277,1.3164,9.1231,298.0,20349.0,2330.5625
5627,9.0815,7.7355,1.2383,7.9424,295.0,18667.0,2330.5625
5628,8.0052,8.3998,1.8341,8.7404,289.0,12889.0,2330.5625
5629,8.8047,7.7543,1.985,8.2547,303.0,22693.0,2330.5625
5630,8.2353,8.181,1.6042,9.1549,301.0,20741.0,2330.5625
5631,9.0335,7.8487,1.7039,8.2564,300.0,12619.0,2330.5625
5632,8.3202,8.2074,1.6874,7.9639,266.0,10697.0,2330.5625
5633,7.9168,7.7901,1.5859,8.4002,262.0,10457.0,2330.5625
5634,8.485,8.3705,1.8006,8.2601,268.0,10865.0,2330.5625
5635,8.2183,7.7109,1.6538,8.5821,259.0,10443.0,2330.5625
5636,8.6268,8.2206,1.5784,8.7806,269.0,10995.0,2330.5625
5637,8.7548,7.7217,1.6862,8.795,259.0,10443.0,2330.5625
5638,8.8125,8.3087,1.8666,8.0217,259.0,10443.0,2330.5625
5639,7.9451,7.7613,1.6703,8.7293,260.0,10455.0,2330.5625
5640,8.8259,8.4436,1.7058,7.8902,260.0,10455.0,2330.5625
5641,7.8889,7.7325,1.689,9.106,260.0,10455.0,2330.5625
5642,9.0847,8.2277,1.6338,7.9756,260.0,10455.0,2330.5625
5643,7.9237,7.7853,1.6468,8.5224,261.0,10467.0,2330.5625
5644,8.5141,8.3942,1.623,8.5927,259.0,10443.0,2330.5625
5645,8.605,7.7653,1.3523,8.2015,263.0,10447.0,2330.5625
5646,8.2616,7.7658,1.7274,8.8893,263.0,10447.0,2330.5625
5647,8.8507,7.8541,1.7603,8.6738,263.0,10447.0,2330.5625
5648,8.7259,7.7857,1.8495,8.4161,261.0,10445.0,2330.5625
5649,8.3534,7.7221,1.666,8.6584,261.0,10445.0,2330.5625
5650,8.6464,8.1704,1.581,8.1655,262.0,10457.0,2330.5625
5651,8.1269,7.7356,1.2912,8.6405,259.0,10443.0,2330.5625
5652,8.7753,8.1333,1.6448,8.0478,267.0,10827.0,2330.5625
5653,8.0187,7.7601,1.6987,8.9851,274.0,18047.0,2330.5625
5654,9.0199,8.156,1.632,8.4054,266.0,10863.0,2330.5625
5655,8.3572,7.9973,1.8388,8.5577,265.0,10755.0,2330.5625
5656,8.5729,8.1166,1.9492,8.4526,295.0,13899.0,2330.5625
5657,8.5149,8.2114,1.6213,8.4287,299.0,16700.0,2330.5625
5658,8.4484,7.7497,1.8828,8.5312,299.0,15788.0,2330.5625
5659,8.5161,8.2427,1.8101,8.4906,298.0,16342.0,2330.5625
5660,8.4226,7.7966,2.0498,8.1921,293.0,15688.0,2330.5625
5661,8.1895,8.3962,1.8082,9.0161,299.0,14675.0,2330.5625
5662,8.9787,7.7979,1.5985,7.7514,299.0,13619.0,2330.5625
5663,7.7338,8.2599,1.4826,9.177,270.0,10819.0,2330.5625
5664,9.2848,7.8142,1.4722,7.6867,267.0,10805.0,2330.5625
5665,7.6611,8.26,1.7581,9.5024,298.0,14233.0,2330.5625
5666,9.4518,7.7635,1.4965,8.2086,297.0,12313.0,2330.5625
5667,8.3267,8.3406,2.0022,9.4547,296.0,10887.0,2330.5625
5668,9.3538,7.9722,2.0918,7.4926,296.0,11559.0,2330.5625
5669,7.5638,8.2627,2.5559,9.0588,295.0,13985.0,2330.5625
5670,8.96,7.7805,1.6685,8.7865,297.0,15205.0,2330.5625
5671,8.8521,8.1731,1.8773,8.3164,299.0,18731.0,2330.5625
5672,8.3106,7.6971,1.7809,8.0241,296.0,15379.0,2330.5625
5673,8.0122,8.4135,1.8937,8.6724,299.0,16558.0,2330.5625
5674,8.6392,7.7126,1.559,8.3219,298.0,15258.0,2330.5625
5675,8.319,8.2307,1.5936,8.7838,295.0,17187.0,2330.5625
5676,8.7253,7.7764,1.1862,8.8255,298.0,31691.0,2330.5625
5677,8.9848,8.4732,1.9181,8.4223,299.0,51903.0,2330.5625
5678,8.3263,7.7501,1.7295,8.5048,299.0,29455.0,2330.5625
5679,8.521,8.3129,1.5688,8.0951,301.0,28295.0,2330.5625
5680,8.1235,7.8293,1.882,9.5739,299.0,22753.0,2330.5625
5681,9.5499,8.318,1.7545,7.5229,300.0,21153.0,2330.5625
5682,7.4566,7.7453,1.793,9.1044,301.0,24229.0,2330.5625
5683,9.2441,8.4571,1.9623,9.1535,295.0,16067.0,2330.5625
5684,9.0812,7.7721,2.0936,7.5633,295.0,18655.0,2330.5625
5685,7.6833,8.2047,1.9156,8.5177,296.0,21271.0,2330.5625
5686,8.4977,8.2529,1.3555,8.4429,297.0,21967.0,2330.5625
5687,8.3213,8.2185,1.3819,8.7838,295.0,20391.0,2330.5625
5688,8.8523,7.7962,1.7044,8.5161,298.0,22014.0,2330.5625
5689,8.4017,8.4242,1.5141,8.581,271.0,12555.0,2330.5625
5690,8.5865,7.8028,1.3771,8.0327,260.0,10455.0,2330.5625
5691,8.1553,8.2154,1.8486,8.5384,260.0,10455.0,2330.5625
5692,8.4445,7.7682,1.6534,8.432,295.0,12603.0,2330.5625
5693,8.4347,8.2487,1.5493,8.9168,301.0,18211.0,2330.5625
5694,8.9008,7.8022,1.5536,8.1183,300.0,15223.0,2330.5625
5695,8.186,8.4051,1.4478,8.9835,300.0,13331.0,2330.5625
5696,9.0937,7.7844,1.7135,8.5794,297.0,14297.0,2330.5625
5697,8.4066,8.2677,1.689,8.3195,297.0,14297.0,2330.5625
5698,8.3923,7.7611,1.8125,9.366,297.0,13069.0,2330.5625
5699,9.4332,8.1664,1.8244,7.8621,296.0,13079.0,2330.5625
5700,7.9214,7.7682,1.9261,8.3735,295.0,14459.0,2330.5625
5701,8.2616,8.258,1.8693,8.4741,296.0,12967.0,2330.5625
5702,8.4499,7.8127,1.6177,9.4624,295.0,10875.0,2330.5625
5703,9.4685,8.7138,1.9539,7.4222,295.0,10923.0,2330.5625
5704,7.4235,8.1854,1.6705,9.4697,295.0,11767.0,2330.5625
5705,9.5013,7.8065,1.9127,7.9377,295.0,12603.0,2330.5625
5706,7.9561,8.4185,1.9475,8.7863,298.0,14486.0,2330.5625
5707,8.8092,7.6984,1.4335,7.662,295.0,12603.0,2330.5625
5708,7.5955,8.2095,1.8254,9.6681,296.0,13053.0,2330.5625
5709,9.6467,7.8192,1.751,7.3007,299.0,16750.0,2330.5625
5710,7.4006,8.1618,1.6473,8.8968,299.0,17834.0,2330.5625
5711,8.7868,7.7859,1.4912,9.2707,299.0,17029.0,2330.5625
5712,9.881,8.478,2.1641,8.7298,297.0,15400.0,2330.5625
5713,8.1453,7.8083,1.5954,8.3842,297.0,15511.0,2330.5625
5714,8.3953,8.2164,1.439,8.1358,285.0,15804.0,2330.5625
5715,8.1533,7.7588,1.6871,9.0966,299.0,22611.0,2330.5625
5716,9.1864,8.4749,1.9462,8.0458,302.0,24739.0,2330.5625
5717,7.9357,7.8227,1.7476,8.7487,302.0,27787.0,2330.5625
5718,8.7982,8.1972,1.7917,8.1313,297.0,19215.0,2330.5625
5719,8.1555,7.7728,1.7598,9.0769,296.0,15863.0,2330.5625
5720,9.0448,8.3244,1.7442,7.8675,295.0,12603.0,2330.5625
5721,7.8523,7.7457,1.7339,8.6567,283.0,13571.0,2330.5625
5722,8.6634,8.4184,1.9633,8.1684,296.0,18203.0,2330.5625
5723,8.177,7.7853,1.721,8.9599,295.0,13095.0,2330.5625
5724,8.8882,8.2694,1.319,8.4127,284.0,11847.0,2330.5625
5725,8.5458,7.7785,1.6944,8.6376,285.0,12579.0,2330.5625
5726,8.5061,8.2055,1.6456,8.4299,289.0,12533.0,2330.5625
5727,8.5037,7.8305,1.784,8.9075,301.0,15261.0,2330.5625
5728,8.879,8.5245,1.8023,8.9674,289.0,17081.0,2330.5625
5729,9.0182,7.8332,1.7058,7.893,273.0,13693.0,2330.5625
5730,7.8339,8.1636,1.682,8.5247,304.0,18656.0,2330.5625
5731,8.5344,7.7835,1.8339,8.3808,298.0,24078.0,2330.5625
5732,8.3336,8.2424,1.5946,8.6745,295.0,17045.0,2330.5625
5733,8.6903,7.7885,1.5949,8.633,298.0,23902.0,2330.5625
5734,8.7141,8.417,1.8037,8.6277,281.0,15983.0,2330.5625
5735,8.5601,7.7273,1.5673,8.4321,292.0,19276.0,2330.5625
5736,8.4182,8.2625,1.2847,8.5087,298.0,17139.0,2330.5625
5737,8.4779,7.7769,1.3238,9.3862,295.0,16375.0,2330.5625
5738,9.4904,8.3111,1.8686,7.955,296.0,16049.0,2330.5625
5739,7.9231,7.8064,1.8463,9.5359,296.0,21059.0,2330.5625
5740,9.5189,8.4351,2.8235,7.677,295.0,18239.0,2330.5625
5741,7.7163,7.7879,2.0461,8.8835,284.0,11985.0,2330.5625
5742,8.855,8.2624,1.9978,8.4354,303.0,22693.0,2330.5625
5743,8.4435,7.8668,2.1957,9.3124,301.0,20741.0,2330.5625
5744,9.3239,8.2652,2.1024,7.4098,297.0,12605.0,2330.5625
5745,7.367,8.3975,1.7421,8.8903,267.0,10709.0,2330.5625
5746,8.8885,7.779,1.7202,7.5568,263.0,10469.0,2330.5625
5747,7.5389,8.201,1.7368,10.0085,266.0,10863.0,2330.5625
5748,10.1354,7.7763,2.0955,8.2783,259.0,10443.0,2330.5625
5749,8.2864,8.2901,2.358,8.0138,270.0,11007.0,2330.5625
5750,7.9872,7.8635,2.1839,8.6297,259.0,10443.0,2330.5625
5751,8.6564,8.4658,2.1745,8.4466,259.0,10443.0,2330.5625
5752,8.3758,7.7579,2.0485,8.3336,259.0,10443.0,2330.5625
5753,8.3355,8.1778,1.9889,8.822,260.0,10455.0,2330.5625
5754,8.835,7.7581,2.2113,8.5098,260.0,10455.0,2330.5625
5755,8.5078,8.373,2.1201,8.4001,259.0,10443.0,2330.5625
5756,8.3811,7.816,2.0199,9.1442,260.0,10455.0,2330.5625
5757,9.1842,8.5019,2.0368,7.8591,263.0,10447.0,2330.5625
5758,7.8121,7.7699,2.1319,9.1844,263.0,10447.0,2330.5625
5759,9.2985,8.3224,2.2477,7.7396,265.0,10471.0,2330.5625
5760,7.6862,7.8325,1.9966,8.3664,262.0,10457.0,2330.5625
5761,8.3512,8.3984,2.1572,8.9706,261.0,10445.0,2330.5625
5762,8.9406,7.767,2.0259,8.6042,261.0,10445.0,2330.5625
5763,8.6393,8.2118,2.0114,8.307,260.0,10455.0,2330.5625
5764,8.334,7.7135,1.7267,7.8014,259.0,10443.0,2330.5625
5765,7.7295,8.1543,1.6769,8.6399,267.0,12563.0,2330.5625
5766,8.7018,7.7411,1.7777,10.0118,274.0,16311.0,2330.5625
5767,10.0086,8.4028,1.9933,8.4524,267.0,10875.0,2330.5625
5768,8.4257,7.8731,2.128,9.0759,266.0,10863.0,2330.5625
5769,9.1332,8.2184,2.5676,8.0325,295.0,13899.0,2330.5625
5770,8.0713,7.8626,2.5785,9.1643,299.0,18547.0,2330.5625
5771,9.0593,8.3366,2.1085,7.8677,295.0,13893.0,2330.5625
5772,7.8282,7.8828,1.7279,8.5577,299.0,18569.0,2330.5625
5773,8.5917,8.5,1.5581,9.49,297.0,13573.0,2330.5625
5774,9.5284,7.8007,2.1565,8.0666,299.0,15043.0,2330.5625
5775,8.0682,8.3137,2.3521,8.6411,295.0,13059.0,2330.5625
5776,8.5777,7.8338,2.6442,8.4069,268.0,10865.0,2330.5625
5777,8.5177,8.2852,3.313,7.937,271.0,10997.0,2330.5625
5778,7.8574,7.836,2.1393,9.5293,294.0,13993.0,2330.5625
5779,9.5881,8.22,2.1153,8.3712,296.0,12323.0,2330.5625
5780,8.322,7.8305,1.9968,8.3138,295.0,10875.0,2330.5625
5781,8.3022,8.3095,2.0186,8.7405,295.0,11595.0,2330.5625
5782,9.0773,7.8095,2.3928,8.5115,297.0,14009.0,2330.5625
5783,8.1961,8.2764,2.1788,8.2992,295.0,15181.0,2330.5625
5784,8.4932,7.9543,2.0738,9.0429,301.0,18755.0,2330.5625
5785,8.8449,8.4887,2.1127,7.9095,295.0,15367.0,2330.5625
5786,8.0003,8.1875,2.2051,10.4557,297.0,16534.0,2330.5625
5787,10.9463,7.7781,1.7528,8.322,297.0,15246.0,2330.5625
5788,7.7666,8.224,1.9721,8.8896,295.0,18783.0,2330.5625
5789,8.8677,7.7716,1.8663,8.0484,300.0,33267.0,2330.5625
5790,8.0567,8.4334,1.928,8.4262,300.0,48723.0,2330.5625
5791,8.4724,7.7709,1.6968,8.9978,301.0,29479.0,2330.5625
5792,8.9897,8.2792,1.7324,7.6372,299.0,28293.0,2330.5625
5793,7.5738,7.8037,1.7764,9.0172,300.0,22765.0,2330.5625
5794,9.0262,8.5094,1.7312,9.3789,301.0,24501.0,2330.5625
5795,9.4458,7.8489,2.297,7.4427,297.0,22271.0,2330.5625
5796,7.3974,8.2742,2.2359,9.9415,296.0,14675.0,2330.5625
5797,9.9874,7.88,2.3142,8.0608,297.0,19047.0,2330.5625
5798,8.0158,8.2412,1.9814,8.789,295.0,20891.0,2330.5625
5799,8.7822,7.9219,1.9602,8.7984,295.0,23347.0,2330.5625
5800,8.7405,8.4651,1.8205,7.5448,298.0,19487.0,2330.5625
5801,7.5475,7.766,1.6659,8.6897,298.0,21550.0,2330.5625
5802,8.7802,8.2669,2.0182,8.0343,269.0,12435.0,2330.5625
5803,8.0038,7.7842,1.8822,8.3918,259.0,10443.0,2330.5625
5804,8.3483,8.2074,1.2876,9.1068,259.0,10443.0,2330.5625
5805,9.246,7.8299,1.8274,9.1832,300.0,12619.0,2330.5625
5806,9.1426,8.4212,2.6564,8.7228,301.0,18211.0,2330.5625
5807,8.696,7.8134,3.0384,8.7374,300.0,15223.0,2330.5625
5808,8.752,7.8666,2.3974,8.2368,299.0,13341.0,2330.5625
5809,8.1771,7.8108,1.9054,8.3894,299.0,14321.0,2330.5625
5810,8.4213,7.824,2.2415,7.8245,297.0,14297.0,2330.5625
5811,7.8729,7.7894,1.9359,10.1858,295.0,13067.0,2330.5625
5812,10.1326,8.2806,2.0423,7.0905,295.0,13067.0,2330.5625
5813,7.0923,8.2076,1.8159,9.8999,295.0,14459.0,2330.5625
5814,9.9111,7.8951,1.9445,7.6125,296.0,12967.0,2330.5625
5815,7.5572,8.2288,2.0226,9.9127,295.0,10875.0,2330.5625
5816,10.0151,7.934,2.2622,8.8862,295.0,10923.0,2330.5625
5817,8.9752,8.5191,2.4622,8.439,295.0,11767.0,2330.5625
5818,8.2993,7.9565,2.1562,8.7511,295.0,12603.0,2330.5625
5819,8.7882,8.643,1.9842,8.209,297.0,14474.0,2330.5625
5820,8.1627,7.8161,2.0513,8.5646,296.0,12615.0,2330.5625
5821,8.5712,8.2258,2.1151,7.9602,301.0,13069.0,2330.5625
5822,7.9757,7.7557,2.0692,8.7609,299.0,16750.0,2330.5625
5823,8.7616,8.4866,2.0082,8.5994,300.0,17846.0,2330.5625
5824,8.5718,7.7703,1.8144,8.451,298.0,17039.0,2330.5625
5825,8.5387,8.2307,1.8692,7.9734,298.0,15412.0,2330.5625
5826,7.8721,7.7727,1.6395,8.3929,297.0,15511.0,2330.5625
5827,8.4095,8.3603,1.9018,8.5675,285.0,15998.0,2330.5625
5828,8.6361,7.7968,1.7462,8.6249,301.0,23739.0,2330.5625
5829,8.5639,8.1653,1.6607,8.8666,302.0,24417.0,2330.5625
5830,8.8486,7.7549,1.4891,7.7298,304.0,26905.0,2330.5625
5831,7.7538,8.2833,1.6436,8.8337,299.0,19239.0,2330.5625
5832,8.8267,7.8277,1.7027,8.8953,295.0,15851.0,2330.5625
5833,8.8757,8.3753,1.5651,8.1878,296.0,12615.0,2330.5625
5834,8.3051,7.7654,1.6634,8.4087,283.0,13571.0,2330.5625
5835,8.3346,8.2017,1.9415,8.3245,295.0,18191.0,2330.5625
5836,8.3135,7.7878,1.7758,8.5539,296.0,13107.0,2330.5625
5837,8.5066,8.165,1.5419,8.8992,287.0,11887.0,2330.5625
5838,8.9135,7.8211,1.6486,8.2982,286.0,12639.0,2330.5625
5839,8.2638,8.4758,1.8535,8.3568,288.0,12473.0,2330.5625
5840,8.3734,7.7331,1.7904,9.4657,298.0,17823.0,2330.5625
5841,9.4723,8.2591,1.5643,8.2929,285.0,14361.0,2330.5625
5842,8.3708,7.754,1.9351,8.3022,272.0,13681.0,2330.5625
5843,8.2457,8.2828,1.9616,8.2362,300.0,18630.0,2330.5625
5844,8.3216,7.7619,1.9657,8.969,299.0,24090.0,2330.5625
5845,8.9408,8.0585,2.0334,8.0787,296.0,17057.0,2330.5625
5846,7.9986,7.7758,1.6546,8.9558,300.0,23926.0,2330.5625
5847,9.0158,8.2765,1.9541,8.1025,282.0,16299.0,2330.5625
5848,8.1145,7.7748,1.8956,8.5873,298.0,19380.0,2330.5625
5849,8.538,8.3003,1.7054,7.7423,297.0,17863.0,2330.5625
5850,7.8158,8.0041,1.6001,9.7496,296.0,15713.0,2330.5625
5851,9.8212,8.1761,1.7321,8.4966,296.0,17485.0,2330.5625
5852,8.3885,7.8227,1.9526,8.5046,296.0,19561.0,2330.5625
5853,8.5421,7.8304,2.1289,8.878,300.0,18255.0,2330.5625
5854,8.8197,8.4125,1.8625,7.9708,282.0,14277.0,2330.5625
5855,7.9387,7.8123,1.8447,8.8411,303.0,20233.0,2330.5625
5856,8.9947,8.2066,1.8512,7.9109,301.0,20763.0,2330.5625
5857,7.8692,7.7905,1.7866,8.7552,299.0,12629.0,2330.5625
5858,8.7154,8.1989,1.9418,8.1344,261.0,10445.0,2330.5625
5859,8.1431,7.6882,1.8443,8.2403,260.0,10455.0,2330.5625
5860,8.2414,8.4355,1.9118,8.7761,267.0,10875.0,2330.5625
5861,8.7697,7.7295,1.718,8.4112,259.0,10443.0,2330.5625
5862,8.4564,8.1683,1.9004,8.4587,270.0,11007.0,2330.5625
5863,8.3846,7.7937,1.9145,8.6628,260.0,10455.0,2330.5625
5864,8.7161,8.1779,1.7872,8.066,259.0,10443.0,2330.5625
5865,8.036,7.7263,1.7592,8.381,259.0,10443.0,2330.5625
5866,8.3873,8.3509,1.7525,9.7409,260.0,10455.0,2330.5625
5867,9.7379,7.7145,1.8313,8.0382,259.0,10443.0,2330.5625
5868,8.0121,8.1868,1.5707,8.0104,260.0,10455.0,2330.5625
5869,8.0502,7.7045,1.8435,8.6962,263.0,10447.0,2330.5625
5870,8.7504,8.2372,1.948,8.2241,263.0,10447.0,2330.5625
5871,8.144,7.7298,1.8431,8.4098,263.0,10447.0,2330.5625
5872,8.3581,8.4458,1.4548,8.8951,262.0,10457.0,2330.5625
5873,8.9424,7.7863,1.6204,8.6508,262.0,10457.0,2330.5625
5874,8.6794,8.4098,1.7679,7.9683,261.0,10445.0,2330.5625
5875,7.8917,7.7434,1.5738,8.5452,260.0,10455.0,2330.5625
5876,8.5629,8.3895,1.524,8.6764,259.0,10443.0,2330.5625
5877,8.6616,7.8074,1.5371,8.2773,260.0,10455.0,2330.5625
5878,8.2631,8.1314,1.3601,8.6736,267.0,12563.0,2330.5625
5879,8.6913,7.6872,1.4525,8.2,273.0,16299.0,2330.5625
5880,8.2403,8.3949,1.3274,8.7887,268.0,10935.0,2330.5625
5881,8.8178,7.7832,1.5308,8.4913,265.0,10803.0,2330.5625
5882,8.4327,8.3501,1.576,8.8712,298.0,13935.0,2330.5625
5883,8.9543,7.7288,1.3149,8.8045,299.0,18547.0,2330.5625
5884,8.8012,8.2046,1.4687,8.3905,296.0,13905.0,2330.5625
5885,8.3178,7.771,1.3854,9.3693,303.0,18573.0,2330.5625
5886,9.3168,8.4533,1.2571,7.1293,300.0,14239.0,2330.5625
5887,7.2047,7.8284,1.141,8.5464,300.0,14521.0,2330.5625
5888,8.6293,8.49,1.7208,9.038,292.0,12997.0,2330.5625
5889,8.9976,7.8531,1.4639,9.0842,274.0,11177.0,2330.5625
5890,9.1121,8.2761,1.664,7.5442,270.0,10841.0,2330.5625
5891,7.4414,7.7608,1.6386,8.7767,293.0,13907.0,2330.5625
5892,8.9203,8.4674,1.8967,9.007,295.0,12311.0,2330.5625
5893,8.9264,7.8574,1.6134,8.7761,296.0,11127.0,2330.5625
5894,8.7796,8.1998,1.9045,8.2828,295.0,12059.0,2330.5625
5895,8.2561,7.77,1.605,9.1811,297.0,13545.0,2330.5625
5896,9.2727,8.2158,1.7176,7.8827,297.0,15205.0,2330.5625
5897,7.8207,7.9741,2.4728,8.6211,301.0,18875.0,2330.5625
5898,8.6439,8.2103,2.0567,8.519,296.0,15259.0,2330.5625
5899,8.4684,7.7835,1.6826,8.5345,298.0,16854.0,2330.5625
5900,8.603,8.2501,1.7872,7.9763,297.0,16534.0,2330.5625
5901,7.9178,7.9898,1.616,9.322,299.0,21979.0,2330.5625
5902,9.3101,7.9704,1.8924,8.7547,300.0,35307.0,2330.5625
5903,8.7678,8.4068,1.7186,8.8225,300.0,48723.0,2330.5625
5904,8.7883,7.7978,1.2644,7.1949,298.0,22637.0,2330.5625
5905,7.327,8.2828,1.6755,9.5047,299.0,29889.0,2330.5625
5906,9.4381,7.7881,1.907,7.9617,301.0,24517.0,2330.5625
5907,7.976,8.0643,1.7798,9.5519,297.0,22543.0,2330.5625
5908,9.5954,7.8038,1.7835,7.9458,298.0,20879.0,2330.5625
5909,7.8519,8.4421,1.6861,8.6632,296.0,15411.0,2330.5625
5910,8.6953,7.8262,1.5194,8.3636,295.0,18287.0,2330.5625
5911,8.3548,8.1728,1.7869,8.4781,296.0,22199.0,2330.5625
5912,8.4922,7.7528,1.7207,8.5954,295.0,22515.0,2330.5625
5913,8.5626,8.3708,1.6486,8.3146,295.0,19355.0,2330.5625
5914,8.3174,7.7873,1.753,8.4515,297.0,22098.0,2330.5625
5915,8.3982,8.3782,1.6681,8.1967,265.0,11171.0,2330.5625
5916,8.3044,7.7306,1.9389,9.7105,263.0,28091.0,2330.5625
5917,9.7186,8.1855,1.7682,7.684,265.0,10471.0,2330.5625
5918,7.5911,7.804,1.7302,9.3607,300.0,12619.0,2330.5625
5919,9.5136,8.5111,2.0039,7.8409,301.0,18211.0,2330.5625
5920,7.7759,7.8152,2.1443,8.6603,297.0,15209.0,2330.5625
5921,8.6685,8.5006,1.735,8.7709,297.0,13317.0,2330.5625
5922,8.6806,7.8093,1.3452,8.7918,297.0,14297.0,2330.5625
5923,8.8181,8.4523,1.3047,8.658,297.0,14319.0,2330.5625
5924,8.6281,7.7608,1.268,8.5488,296.0,13079.0,2330.5625
5925,8.5305,8.4077,1.2496,8.2063,295.0,13067.0,2330.5625
5926,8.3738,7.7546,1.6179,9.1312,295.0,14459.0,2330.5625
5927,9.0781,8.2753,1.738,8.5492,295.0,12955.0,2330.5625
5928,8.5426,7.7938,1.9966,7.9232,297.0,10899.0,2330.5625
5929,7.9115,8.3979,1.9141,8.8644,296.0,10935.0,2330.5625
5930,8.8333,7.7876,1.6338,7.9563,295.0,11767.0,2330.5625
5931,8.0436,8.4387,2.0461,9.094,296.0,12615.0,2330.5625
5932,9.0746,7.704,1.4891,9.2671,298.0,14486.0,2330.5625
5933,9.218,7.887,1.9783,8.2775,300.0,12619.0,2330.5625
5934,8.2453,8.0795,1.8593,8.7668,299.0,13045.0,2330.5625
5935,8.8483,8.2514,2.0994,8.0638,301.0,16774.0,2330.5625
5936,8.028,8.0482,1.8924,9.9212,297.0,17832.0,2330.5625
5937,9.9565,7.7991,2.2065,7.7365,297.0,17027.0,2330.5625
5938,7.7179,7.851,2.1189,9.3308,297.0,15400.0,2330.5625
5939,9.288,7.8209,1.8858,7.3267,295.0,15509.0,2330.5625
5940,7.3923,8.3426,2.4033,9.1127,292.0,35054.0,2330.5625
5941,9.0496,7.759,1.8515,8.5265,300.0,23405.0,2330.5625
5942,8.5877,8.4297,1.8082,8.4902,301.0,23739.0,2330.5625
5943,8.4529,7.7533,1.6825,8.4273,302.0,27105.0,2330.5625
5944,8.4506,8.2177,1.7707,8.4377,297.0,18751.0,2330.5625
5945,8.3531,7.7905,1.5315,8.5426,295.0,15851.0,2330.5625
5946,8.6002,8.3685,1.8254,8.439,295.0,12603.0,2330.5625
5947,8.3912,7.8056,1.471,8.0246,282.0,13511.0,2330.5625
5948,8.0801,8.4076,1.6679,9.34,295.0,18191.0,2330.5625
5949,9.3373,7.7547,1.7143,8.3561,300.0,13111.0,2330.5625
5950,8.3527,8.2056,1.5584,7.9719,287.0,12255.0,2330.5625
5951,7.9688,7.8159,1.6277,9.707,286.0,12319.0,2330.5625
5952,9.7341,8.476,1.7936,7.6184,284.0,12303.0,2330.5625
5953,7.5882,7.7964,2.2721,8.9386,298.0,17823.0,2330.5625
5954,8.9292,8.4198,1.6122,8.3219,287.0,14385.0,2330.5625
5955,8.3437,7.791,1.3558,9.1913,271.0,13739.0,2330.5625
5956,9.1158,8.2049,1.3289,7.6817,303.0,20513.0,2330.5625
5957,7.6873,7.743,1.2256,8.5724,297.0,22219.0,2330.5625
5958,8.614,8.4252,1.3192,8.5796,296.0,17057.0,2330.5625
5959,8.5842,7.7448,1.2005,8.5836,298.0,23902.0,2330.5625
5960,8.6202,8.3043,1.7975,8.6624,285.0,17193.0,2330.5625
5961,8.5707,7.788,1.4159,8.1188,297.0,19130.0,2330.5625
5962,8.2965,8.4183,1.817,8.6162,295.0,17683.0,2330.5625
5963,8.4942,7.8073,1.573,8.7313,298.0,15369.0,2330.5625
5964,8.7527,8.397,1.6371,9.1293,295.0,17473.0,2330.5625
5965,9.146,7.7529,1.9403,8.2916,301.0,19577.0,2330.5625
5966,8.2228,8.2737,1.6305,8.9012,299.0,18243.0,2330.5625
5967,8.9053,7.8107,1.4849,7.6178,278.0,14085.0,2330.5625
5968,7.6218,8.4751,1.4677,9.0184,302.0,20243.0,2330.5625
5969,9.0173,7.8106,1.1536,8.5197,299.0,20739.0,2330.5625
5970,8.5595,8.4051,1.0396,8.1866,299.0,12629.0,2330.5625
5971,8.1374,7.7564,1.3161,8.9761,259.0,10443.0,2330.5625
5972,9.0872,8.248,1.592,7.8213,260.0,10455.0,2330.5625
5973,7.7039,7.9104,1.3213,9.1265,266.0,10863.0,2330.5625
5974,9.1499,8.1381,1.4273,8.207,259.0,10443.0,2330.5625
5975,8.2036,7.9515,1.8124,8.8228,270.0,11007.0,2330.5625
5976,8.8134,8.1269,1.6285,8.1134,259.0,10443.0,2330.5625
5977,8.1143,8.1907,1.2883,8.9766,259.0,10443.0,2330.5625
5978,9.1002,7.7518,1.6618,7.7421,259.0,10443.0,2330.5625
5979,7.7276,7.9381,1.7864,9.2534,259.0,10443.0,2330.5625
5980,9.245,7.6237,1.9916,8.1083,260.0,10455.0,2330.5625
5981,8.1149,8.3716,1.9671,9.2223,264.0,10459.0,2330.5625
5982,9.1903,7.7916,1.7672,7.6789,263.0,10447.0,2330.5625
5983,7.627,8.2203,1.8204,9.3193,265.0,10471.0,2330.5625
5984,9.3307,7.827,1.6685,7.3674,262.0,10457.0,2330.5625
5985,7.42,8.3659,1.9017,8.8271,262.0,10457.0,2330.5625
5986,8.8023,7.7853,1.6006,8.2704,262.0,10457.0,2330.5625
5987,8.2612,8.405,1.6567,8.8938,259.0,10443.0,2330.5625
5988,8.9702,7.6753,1.8644,8.1423,259.0,10443.0,2330.5625
5989,8.2293,8.1827,1.8383,8.9832,261.0,10467.0,2330.5625
5990,8.7889,7.7369,1.6391,8.6329,259.0,10443.0,2330.5625
5991,8.752,8.6422,2.1199,9.5998,266.0,12551.0,2330.5625
5992,9.6088,7.7661,3.022,8.8331,272.0,16287.0,2330.5625
5993,8.7927,8.4853,2.0825,7.9028,269.0,11043.0,2330.5625
5994,7.8242,7.7994,1.7538,8.0973,265.0,10755.0,2330.5625
5995,8.1935,8.3791,1.9841,8.648,295.0,13899.0,2330.5625
5996,8.6315,7.7369,1.8338,9.1505,301.0,18571.0,2330.5625
5997,9.1824,8.6214,2.86,9.4771,301.0,15768.0,2330.5625
5998,9.4397,8.0167,2.4233,7.288,301.0,17166.0,2330.5625
5999,7.3069,8.2486,1.87,8.628,300.0,13775.0,2330.5625
6000,8.6264,7.837,1.7307,8.5167,298.0,14519.0,2330.5625
6001,8.5074,8.4473,1.9106,8.6754,291.0,12937.0,2330.5625
6002,8.7449,7.7115,1.5841,8.2019,274.0,11177.0,2330.5625
6003,8.1494,8.3718,1.8286,8.7641,267.0,10827.0,2330.5625
6004,8.7721,7.7476,1.7776,8.8753,296.0,13943.0,2330.5625
6005,8.8702,8.2843,1.7814,7.7547,295.0,12359.0,2330.5625
6006,7.6818,7.8289,1.5862,8.9693,297.0,11187.0,2330.5625
6007,8.9518,8.4814,1.7307,8.7713,295.0,12059.0,2330.5625
6008,8.834,7.7629,1.7276,8.3203,295.0,13521.0,2330.5625
6009,8.3445,7.9657,1.767,8.7529,297.0,15325.0,2330.5625
6010,8.7259,7.691,1.6625,8.155,299.0,18731.0,2330.5625
6011,8.1115,8.1824,1.7131,8.5172,296.0,15259.0,2330.5625
6012,8.506,7.9989,1.7037,9.2389,297.0,18438.0,2330.5625
6013,9.2537,7.7222,1.5191,7.9387,301.0,18134.0,2330.5625
6014,7.9543,7.9698,1.6684,9.275,299.0,18787.0,2330.5625
6015,9.3112,8.6368,1.921,8.1406,301.0,35687.0,2330.5625
6016,8.0874,8.0111,1.6584,8.5021,297.0,48341.0,2330.5625
6017,8.579,7.7888,2.3083,8.4185,297.0,22625.0,2330.5625
6018,8.3799,8.0045,1.5511,9.4249,300.0,29901.0,2330.5625
6019,9.4101,7.7542,1.8541,7.7806,298.0,24503.0,2330.5625
6020,7.8591,8.446,2.1421,9.3105,297.0,22543.0,2330.5625
6021,9.283,7.7771,1.6767,8.5854,297.0,20867.0,2330.5625
6022,8.6123,8.2737,1.7323,8.2927,296.0,15411.0,2330.5625
6023,8.2151,7.7549,1.4992,8.5079,296.0,18667.0,2330.5625
6024,8.54,8.3245,1.7251,8.0241,295.0,22187.0,2330.5625
6025,8.0303,7.7018,1.8265,8.3946,295.0,23551.0,2330.5625
6026,8.3992,8.4436,1.4582,9.4422,295.0,17951.0,2330.5625
6027,9.43,7.6967,1.6161,9.0089,298.0,22110.0,2330.5625
6028,9.0502,8.3873,2.0658,7.9729,261.0,11027.0,2330.5625
6029,7.9423,7.7532,1.7565,8.1741,263.0,10447.0,2330.5625
6030,8.1776,8.3987,1.9317,8.5561,263.0,10447.0,2330.5625
6031,8.5746,7.7006,1.8381,8.6967,299.0,12607.0,2330.5625
6032,8.7117,8.1874,1.9455,8.7295,299.0,18209.0,2330.5625
6033,8.7182,7.7711,1.7317,8.3474,299.0,15233.0,2330.5625
6034,8.3567,8.4096,2.5758,9.3065,297.0,13317.0,2330.5625
6035,9.3264,7.7967,2.1126,7.7684,295.0,14295.0,2330.5625
6036,7.7855,8.5337,2.2229,8.9253,295.0,14295.0,2330.5625
6037,8.9428,7.788,1.78,8.4372,296.0,13079.0,2330.5625
6038,8.3843,8.1754,1.9996,8.5024,295.0,13067.0,2330.5625
6039,8.4825,7.7247,1.7502,8.5725,295.0,14459.0,2330.5625
6040,8.5699,8.4203,1.8847,8.4693,296.0,12967.0,2330.5625
6041,8.4674,7.815,2.1821,10.4815,296.0,10887.0,2330.5625
6042,10.5792,8.4785,2.354,6.85,295.0,10923.0,2330.5625
6043,6.7507,7.7314,1.6826,8.1551,295.0,11767.0,2330.5625
6044,8.1606,8.226,1.7614,9.1369,297.0,12627.0,2330.5625
6045,9.1126,7.8391,1.6706,9.1723,301.0,14478.0,2330.5625
6046,9.2352,8.0682,2.0203,7.3289,299.0,12607.0,2330.5625
6047,7.2785,7.799,1.8095,9.2002,299.0,13045.0,2330.5625
6048,9.2143,8.18,1.4909,8.4654,298.0,16760.0,2330.5625
6049,8.4243,7.6696,1.4486,10.1481,298.0,17844.0,2330.5625
6050,10.264,8.2591,2.441,7.7828,298.0,17039.0,2330.5625
6051,7.7525,8.3683,2.1239,8.5499,295.0,15398.0,2330.5625
6052,8.6053,7.7823,2.0523,7.8793,295.0,15509.0,2330.5625
6053,7.7996,8.218,1.8437,10.0289,289.0,18372.0,2330.5625
6054,10.0191,8.1095,2.171,7.546,300.0,22739.0,2330.5625
6055,7.5444,8.1876,1.8954,8.1624,301.0,23499.0,2330.5625
6056,8.115,7.7405,1.6263,8.5876,303.0,27117.0,2330.5625
6057,8.668,8.4238,1.6277,8.968,298.0,18763.0,2330.5625
6058,8.9639,7.8264,1.7431,8.4629,296.0,15863.0,2330.5625
6059,8.4001,8.2119,1.6217,8.6411,295.0,12603.0,2330.5625
6060,8.607,7.7399,1.5695,8.3262,291.0,17427.0,2330.5625
6061,8.4108,8.4317,1.9641,8.5,300.0,14955.0,2330.5625
6062,8.4567,7.7508,1.6441,8.5241,300.0,13355.0,2330.5625
6063,8.6429,8.3828,1.669,8.3636,277.0,11287.0,2330.5625
6064,8.2864,7.8135,1.6864,9.3137,286.0,12805.0,2330.5625
6065,9.3046,8.2591,1.9776,8.8282,282.0,11815.0,2330.5625
6066,8.8515,7.7775,2.0058,8.0156,297.0,17811.0,2330.5625
6067,7.9695,8.3597,1.9368,9.0571,283.0,14359.0,2330.5625
6068,9.113,7.7461,1.9182,7.2394,274.0,13871.0,2330.5625
6069,7.2258,8.1232,2.1479,9.7389,302.0,20501.0,2330.5625
6070,9.7197,7.7751,2.0059,8.604,297.0,22219.0,2330.5625
6071,8.6652,8.3007,1.9786,8.6079,295.0,17413.0,2330.5625
6072,8.5435,7.7896,2.6675,7.6905,298.0,23534.0,2330.5625
6073,7.7448,8.4102,2.0828,8.8647,286.0,17205.0,2330.5625
6074,8.8389,7.7673,1.6068,8.1261,298.0,19142.0,2330.5625
6075,8.106,8.4425,1.7392,8.5011,295.0,17891.0,2330.5625
6076,8.5296,7.8112,1.8814,8.7121,296.0,15137.0,2330.5625
6077,8.6586,8.3605,1.8469,8.5215,299.0,17477.0,2330.5625
6078,8.6363,7.8083,1.9391,9.9109,301.0,19577.0,2330.5625
6079,9.8524,8.2831,2.1638,7.7343,299.0,18243.0,2330.5625
6080,7.6587,7.8626,2.1712,8.4601,277.0,14047.0,2330.5625
6081,8.5464,8.4769,1.923,8.4552,303.0,20255.0,2330.5625
6082,8.4123,7.796,1.6613,9.4472,299.0,20739.0,2330.5625
6083,9.5147,8.2464,1.932,7.461,294.0,12543.0,2330.5625
6084,7.4547,7.6884,2.1254,10.008,259.0,10443.0,2330.5625
6085,9.9989,8.6897,2.0884,7.9918,259.0,10443.0,2330.5625
6086,7.954,7.9885,2.101,8.5296,267.0,10875.0,2330.5625
6087,8.5729,7.8429,2.336,7.8713,259.0,10443.0,2330.5625
6088,7.8294,7.9097,2.1238,9.3591,269.0,10995.0,2330.5625
6089,9.3483,8.1861,1.9283,7.3542,259.0,10443.0,2330.5625
6090,7.3024,8.189,1.6587,9.543,260.0,10455.0,2330.5625
6091,9.6263,8.3242,2.3342,10.9316,587.0,107885.0,2333.75
6092,11.0607,8.3242,2.2634,8.291,314.0,20243.0,2333.75
6093,8.0905,7.8065,1.9392,9.6254,312.0,16713.0,2461.75
6094,9.6497,8.2311,1.9704,12.0328,297.0,17081.0,2461.75
6095,12.0063,7.6122,1.7895,7.1088,284.0,16001.0,2461.75
6096,7.2044,7.733,1.8889,9.0504,277.0,13843.0,2459.375
6097,9.0329,7.3433,2.0444,7.674,279.0,13867.0,2459.375
6098,7.6927,8.008,2.4072,9.3443,277.0,13843.0,2459.375
6099,9.3649,7.3197,3.4156,7.5513,281.0,14249.0,2459.375
6100,7.5437,7.6338,2.298,7.7623,287.0,21361.0,2459.375
6101,7.6958,7.1885,2.0014,7.9647,280.0,14141.0,2459.375
6102,7.972,7.8594,1.6686,8.7069,311.0,15303.0,2459.375
6103,8.7487,7.2004,2.0048,8.847,313.0,15443.0,2459.375
6104,8.8059,7.9856,2.4621,7.4673,313.0,15117.0,2459.375
6105,7.4799,7.8125,2.4646,11.2151,312.0,15767.0,2459.375
6106,11.3362,7.8125,2.3328,8.8588,313.0,17131.0,2459.375
6107,9.0222,8.184,3.2239,12.247,311.0,19765.0,2459.375
6108,12.036,8.5175,3.0753,12.7928,315.0,20897.0,2459.375
6109,12.8799,8.5175,3.0485,8.8046,316.0,19813.0,2459.375
6110,8.7646,7.4437,2.8457,9.8752,317.0,23456.0,2459.375
6111,9.8417,7.4437,2.4936,7.8003,319.0,23636.0,2459.375
6112,7.746,7.9247,2.3031,7.5481,314.0,29391.0,2459.375
6113,7.5329,7.3019,1.9802,8.1486,314.0,50783.0,2459.375
6114,8.1226,7.7948,1.8222,8.0161,314.0,27651.0,2459.375
6115,8.0306,7.3069,1.6972,7.3146,312.0,36217.0,2459.375
6116,7.3602,7.5845,1.8332,8.2105,314.0,28085.0,2459.375
6117,8.1507,7.2986,1.7423,7.645,315.0,24773.0,2459.375
6118,7.7941,7.8148,1.9397,8.2926,315.0,24677.0,2459.375
6119,8.1929,7.2401,1.7814,7.909,316.0,25181.0,2459.375
6120,7.9171,7.4785,1.613,9.3782,312.0,22453.0,2459.375
6121,9.2956,7.752,1.7825,6.584,311.0,23833.0,2459.375
6122,6.6841,7.1996,1.6336,8.5532,313.0,28765.0,2459.375
6123,8.536,7.6979,1.7827,7.5695,311.0,20265.0,2459.375
6124,7.6132,7.1553,2.4558,8.4442,314.0,25992.0,2459.375
6125,8.37,7.4651,1.6391,7.4473,280.0,13877.0,2459.375
6126,7.5257,7.2815,1.5663,8.8343,279.0,13865.0,2459.375
6127,8.8994,7.9617,1.9919,8.0157,316.0,16037.0,2459.375
6128,7.8509,7.1162,2.4898,8.5083,314.0,19759.0,2459.375
6129,8.5527,7.9238,2.5636,7.2329,315.0,18651.0,2459.375
6130,7.3235,7.2135,1.8645,8.8257,313.0,17567.0,2459.375
6131,8.6968,7.9007,1.6822,7.571,311.0,16881.0,2459.375
6132,7.6644,7.194,1.8418,8.2786,312.0,17725.0,2459.375
6133,8.2116,7.8104,1.6847,8.3033,311.0,16485.0,2459.375
6134,8.2801,7.2348,1.5565,7.787,312.0,16497.0,2459.375
6135,7.8485,8.1425,1.9305,8.8891,312.0,17793.0,2459.375
6136,8.8349,7.1779,1.8208,7.3139,311.0,16277.0,2459.375
6137,7.4204,7.8657,1.8302,8.1047,311.0,14293.0,2459.375
6138,7.9586,7.2577,1.4854,8.3478,312.0,14621.0,2459.375
6139,8.4288,7.7827,2.4743,7.9608,312.0,15121.0,2459.375
6140,7.9155,7.1888,1.9072,7.6503,314.0,17904.0,2459.375
6141,7.6514,7.9002,1.817,8.7266,315.0,16025.0,2459.375
6142,8.7363,7.2124,2.3356,7.5765,306.0,15437.0,2459.375
6143,7.574,8.003,2.209,8.0074,304.0,16241.0,2459.375
6144,8.0246,7.1967,1.8539,8.1584,313.0,22447.0,2459.375
6145,8.3279,7.6901,1.9671,8.5511,314.0,22067.0,2459.375
6146,8.3955,7.2609,1.952,8.1043,313.0,20468.0,2459.375
6147,8.1435,7.4059,2.2066,7.7461,312.0,23206.0,2459.375
6148,7.6925,7.1422,1.9095,7.4114,317.0,28781.0,2459.375
6149,7.4545,7.4876,1.8253,8.3797,315.0,24901.0,2459.375
6150,8.3152,7.6472,1.7649,7.3299,318.0,29547.0,2459.375
6151,7.271,7.2576,1.4353,8.7246,313.0,20799.0,2459.375
6152,8.8054,7.7571,2.0279,7.4351,311.0,18805.0,2459.375
6153,7.4552,7.2213,1.8494,8.1032,296.0,15025.0,2459.375
6154,8.1519,7.9701,1.9033,7.8983,312.0,21097.0,2459.375
6155,7.9287,7.1847,1.8088,8.4511,311.0,18357.0,2459.375
6156,8.3477,7.7245,1.6336,7.9372,308.0,16529.0,2459.375
6157,7.962,7.2945,1.9497,8.8117,299.0,15829.0,2459.375
6158,8.8457,7.8453,1.9807,7.341,285.0,14225.0,2459.375
6159,7.2861,7.2902,1.8554,9.2905,288.0,14869.0,2459.375
6160,9.3228,7.814,2.5907,7.1149,313.0,21227.0,2459.375
6161,7.0751,7.2278,1.7802,8.0737,299.0,19355.0,2459.375
6162,8.0776,7.8571,1.7309,7.8272,322.0,26153.0,2459.375
6163,7.8397,7.237,1.8417,8.2652,311.0,25371.0,2459.375
6164,8.27,7.9325,2.6272,7.7845,312.0,22447.0,2459.375
6165,7.7643,7.2591,1.7359,8.5022,310.0,26544.0,2459.375
6166,8.4842,7.8465,1.5842,7.6883,312.0,19419.0,2459.375
6167,7.6612,7.2308,1.3075,7.9721,313.0,23288.0,2459.375
6168,8.2136,7.6702,1.9241,7.8014,313.0,18855.0,2459.375
6169,7.6971,7.24,1.8427,7.8631,311.0,20891.0,2459.375
6170,7.9235,7.8792,1.7149,8.5441,314.0,25225.0,2459.375
6171,8.3976,7.2774,1.5945,7.9297,314.0,21653.0,2459.375
6172,8.0709,8.358,2.0087,9.4608,287.0,14859.0,2459.375
6173,9.3995,7.3103,2.0323,7.3756,321.0,25601.0,2459.375
6174,7.3866,7.6026,2.011,8.8273,318.0,21711.0,2459.375
6175,8.6777,7.2398,2.2007,6.4481,294.0,14717.0,2459.375
6176,6.5357,7.8171,1.8162,8.8759,277.0,13863.0,2459.375
6177,8.9203,7.3327,2.0033,7.4003,285.0,14295.0,2459.375
6178,7.3183,7.3434,1.5377,8.5399,278.0,13875.0,2459.375
6179,8.535,7.5634,1.6619,6.8406,285.0,14413.0,2459.375
6180,6.862,7.2331,1.5533,8.7401,275.0,13861.0,2459.375
6181,8.7123,7.6511,1.3858,7.3619,275.0,13861.0,2459.375
6182,7.5056,7.1985,1.6584,8.845,312.0,22835.0,2459.375
6183,8.7306,7.9376,1.8217,7.2261,315.0,33585.0,2459.375
6184,7.2449,7.223,1.5587,8.9349,311.0,26965.0,2459.375
6185,8.9516,7.8709,1.7424,7.4606,311.0,19811.0,2459.375
6186,7.5743,7.1638,1.7341,8.3966,318.0,27085.0,2459.375
6187,8.29,7.6737,1.711,7.8612,312.0,22237.0,2459.375
6188,7.8282,7.2044,1.6352,8.029,303.0,19021.0,2459.375
6189,8.1557,7.9329,1.9363,7.8285,319.0,17920.0,2459.375
6190,7.899,7.1349,1.5383,9.2037,318.0,18592.0,2459.375
6191,9.1028,8.0244,1.8328,7.9583,315.0,16559.0,2459.375
6192,7.8754,7.2598,1.9213,7.9748,315.0,18420.0,2459.375
6193,7.9769,7.7174,2.0682,7.3058,303.0,17866.0,2459.375
6194,7.3602,7.1612,1.9854,9.111,313.0,17879.0,2459.375
6195,9.0454,7.9647,1.5825,6.9934,312.0,16145.0,2459.375
6196,7.1567,7.2193,2.0343,9.9175,313.0,16509.0,2459.375
6197,9.8592,8.737,1.8372,7.0837,312.0,17841.0,2459.375
6198,6.9759,7.2406,1.6576,8.3566,312.0,18353.0,2459.375
6199,8.4205,7.9989,1.9331,8.3198,313.0,16413.0,2459.375
6200,8.3209,7.2146,2.021,8.2413,314.0,17161.0,2459.375
6201,8.193,7.9288,2.037,7.1403,276.0,13873.0,2459.375
6202,7.198,7.3116,1.8203,8.3063,280.0,15969.0,2459.375
6203,8.3254,7.6084,1.7499,8.1346,275.0,13861.0,2459.375
6204,8.0616,7.1253,1.8142,8.102,275.0,13861.0,2459.375
6205,8.1394,7.907,2.1417,7.5234,280.0,13877.0,2459.375
6206,7.4844,7.1948,1.8163,7.8812,287.0,14297.0,2459.375
6207,8.0105,7.8545,2.3764,9.1901,294.0,21469.0,2459.375
6208,9.0907,7.3341,1.7122,6.745,284.0,14139.0,2459.375
6209,6.7231,7.269,1.3455,9.3857,313.0,15373.0,2459.375
6210,9.3223,7.2379,1.3132,6.8844,316.0,15457.0,2459.375
6211,6.9658,7.4636,1.5189,9.018,312.0,15105.0,2459.375
6212,8.975,7.2041,1.4973,7.1158,313.0,15779.0,2459.375
6213,7.1128,7.2403,1.694,9.4947,311.0,18703.0,2459.375
6214,9.5828,7.9496,2.0593,8.0034,311.0,18169.0,2459.375
6215,7.9418,7.2085,1.5662,9.6987,316.0,20909.0,2459.375
6216,9.7894,7.6324,2.2302,6.9786,312.0,19809.0,2459.375
6217,6.9327,7.3507,2.6486,8.9601,314.0,23464.0,2459.375
6218,8.9363,7.4928,2.404,7.4526,315.0,25228.0,2459.375
6219,7.5229,7.2694,1.8682,9.2114,312.0,33025.0,2459.375
6220,9.146,7.2583,1.7813,9.0451,313.0,45561.0,2459.375
6221,9.0481,7.2583,2.0033,8.1655,316.0,27653.0,2459.375
6222,8.1733,7.7295,2.2758,6.9069,317.0,36233.0,2459.375
6223,6.8945,7.2151,1.8826,9.0991,318.0,28089.0,2459.375
6224,9.1423,8.0583,2.3238,7.6665,316.0,24763.0,2459.375
6225,7.6416,7.2644,1.9755,8.4174,316.0,24667.0,2459.375
6226,8.4373,8.0202,2.1974,8.6557,315.0,25515.0,2459.375
6227,8.6749,7.2853,1.9448,7.3905,311.0,22441.0,2459.375
6228,7.3324,7.6925,2.1011,8.8309,313.0,23489.0,2459.375
6229,8.8425,7.2493,2.0498,9.0351,311.0,28741.0,2459.375
6230,9.0605,7.9554,2.2691,7.6521,311.0,20265.0,2459.375
6231,7.584,7.2932,2.0112,7.52,312.0,25920.0,2459.375
6232,7.5694,7.8455,2.0928,8.1918,276.0,13873.0,2459.375
6233,8.2955,7.2234,2.7693,8.5167,276.0,13873.0,2459.375
6234,8.3847,7.9261,2.1757,7.7051,311.0,16021.0,2459.375
6235,7.7457,7.1743,1.9783,7.4705,312.0,19757.0,2459.375
6236,7.466,7.8029,1.724,8.8196,311.0,18625.0,2459.375
6237,8.7687,7.214,1.6678,8.8749,315.0,17569.0,2459.375
6238,8.9821,7.8895,2.1879,7.4732,315.0,16885.0,2459.375
6239,7.4468,7.3077,2.2296,8.0702,315.0,17717.0,2459.375
6240,8.052,8.0093,2.1276,8.792,313.0,16487.0,2459.375
6241,8.8675,7.2755,2.8714,7.6397,314.0,16499.0,2459.375
6242,7.5601,7.8606,2.1052,8.0068,313.0,17783.0,2459.375
6243,7.9999,7.2734,1.862,7.4799,312.0,16289.0,2459.375
6244,7.4853,7.7706,1.9899,10.1212,313.0,14317.0,2459.375
6245,10.1519,7.299,2.2198,9.034,313.0,14633.0,2459.375
6246,9.0611,7.8751,2.6548,7.9813,314.0,15145.0,2459.375
6247,7.9724,7.2845,2.3163,7.6568,315.0,17916.0,2459.375
6248,7.5999,7.9062,1.8764,7.7725,313.0,16045.0,2459.375
6249,7.7579,7.1604,1.7602,8.7007,302.0,16015.0,2459.375
6250,8.7321,7.7974,2.7164,8.1804,299.0,16273.0,2459.375
6251,8.1595,7.2614,2.0194,8.2967,312.0,22517.0,2459.375
6252,8.3231,7.8729,2.1409,8.2611,314.0,21809.0,2459.375
6253,8.2647,7.1424,1.8881,7.5478,316.0,21396.0,2459.375
6254,7.5779,7.841,1.7556,7.9891,316.0,23334.0,2459.375
6255,7.9963,7.1998,1.9342,8.7621,320.0,27421.0,2459.375
6256,8.7162,7.5719,1.9882,7.4402,317.0,24903.0,2459.375
6257,7.4762,7.3012,1.9422,7.8653,320.0,29549.0,2459.375
6258,7.9418,7.8966,1.9612,8.469,317.0,20825.0,2459.375
6259,8.4193,7.4438,2.0489,8.9828,313.0,18829.0,2459.375
6260,8.9631,7.7425,2.1387,7.1155,294.0,15001.0,2459.375
6261,7.0586,7.19,1.8441,8.2009,313.0,21109.0,2459.375
6262,8.3819,7.8998,2.0479,7.9902,311.0,18357.0,2459.375
6263,7.897,7.3576,1.7872,7.8366,307.0,16469.0,2459.375
6264,7.8091,7.506,2.8737,8.5698,294.0,15813.0,2459.375
6265,8.5029,7.2373,1.9832,7.4985,281.0,14173.0,2459.375
6266,7.5191,7.221,1.8678,8.5629,284.0,14865.0,2459.375
6267,8.6256,7.4823,2.222,10.4829,312.0,21237.0,2459.375
6268,10.5232,7.4823,2.341,6.9147,305.0,20789.0,2459.375
6269,6.8206,7.3142,2.0119,8.2624,321.0,25483.0,2459.375
6270,8.3186,7.9146,2.2393,8.8524,316.0,25755.0,2459.375
6271,8.7982,7.4858,2.5377,7.5098,315.0,21911.0,2459.375
6272,7.533,7.3099,2.0385,8.8452,311.0,26386.0,2459.375
6273,8.8439,7.6369,2.1987,8.3138,314.0,20133.0,2459.375
6274,8.862,7.4329,2.0881,8.4305,315.0,22850.0,2459.375
6275,7.8542,7.3094,1.9765,7.4314,311.0,18403.0,2459.375
6276,7.4294,7.6482,2.0691,10.5912,312.0,21499.0,2459.375
6277,10.6689,7.6482,2.0247,7.0281,311.0,27213.0,2459.375
6278,7.0364,7.5822,2.1365,8.9153,311.0,18997.0,2459.375
6279,8.9776,7.2245,2.7612,7.0553,283.0,14571.0,2459.375
6280,7.204,7.4682,2.3024,11.7743,315.0,25573.0,2459.375
6281,11.5367,7.4682,2.4379,8.391,314.0,21707.0,2459.375
6282,8.3728,7.4233,2.2528,7.1507,289.0,14701.0,2459.375
6283,7.2011,7.2461,1.8432,8.4479,277.0,13885.0,2459.375
6284,8.3657,7.9951,1.928,7.6317,284.0,14305.0,2459.375
6285,7.655,7.2855,2.1361,7.8839,279.0,13865.0,2459.375
6286,7.8848,7.782,1.6417,7.9949,288.0,14405.0,2459.375
6287,7.9789,7.2782,1.6145,8.0328,279.0,13865.0,2459.375
6288,8.0219,7.6834,1.3975,8.0928,278.0,13875.0,2459.375
6289,8.1424,7.1716,1.7355,8.7895,315.0,22849.0,2459.375
6290,8.814,7.4389,2.076,6.8778,315.0,33563.0,2459.375
6291,6.8864,7.1246,1.6061,8.5673,312.0,26977.0,2459.375
6292,8.5114,7.4893,1.8801,8.3195,313.0,19835.0,2459.375
6293,8.2911,7.7727,2.0466,7.5778,318.0,27085.0,2459.375
6294,7.6564,7.3021,1.9452,8.9311,312.0,22237.0,2459.375
6295,8.8821,7.7743,2.1316,7.6318,304.0,19033.0,2459.375
6296,7.6455,7.2686,1.9869,8.0685,313.0,17892.0,2459.375
6297,8.0645,7.6906,2.2431,8.1983,313.0,18576.0,2459.375
6298,8.188,7.2526,2.6154,7.6116,312.0,16567.0,2459.375
6299,7.6765,7.9713,2.6475,8.3908,314.0,18430.0,2459.375
6300,8.3293,7.2837,2.0552,7.7217,304.0,17900.0,2459.375
6301,7.7175,7.7869,2.646,7.9278,317.0,17905.0,2459.375
6302,7.9911,7.1872,1.7109,8.0197,315.0,16137.0,2459.375
6303,7.9986,7.775,1.6171,7.9571,315.0,16489.0,2459.375
6304,8.0962,7.2377,2.0791,9.3276,314.0,17843.0,2459.375
6305,9.1258,7.9263,1.7206,7.0808,313.0,18343.0,2459.375
6306,7.141,7.2202,1.7359,8.6165,313.0,16391.0,2459.375
6307,8.5558,7.6497,1.7882,7.3386,311.0,17125.0,2459.375
6308,7.3418,7.198,1.4863,7.8552,277.0,13885.0,2459.375
6309,7.9391,7.8429,1.7308,7.9012,280.0,15969.0,2459.375
6310,7.8332,7.136,1.4867,8.1686,276.0,13873.0,2459.375
6311,8.1905,7.8777,1.765,8.1438,277.0,13885.0,2459.375
6312,8.1424,7.1829,1.609,7.7556,275.0,13861.0,2459.375
6313,7.8017,7.5359,1.8904,7.8398,284.0,14305.0,2459.375
6314,7.7922,7.1861,1.6014,7.2797,290.0,21465.0,2459.375
6315,7.2306,7.8046,1.846,8.5508,286.0,14329.0,2459.375
6316,8.6149,7.2004,1.6674,8.1555,313.0,15299.0,2459.375
6317,8.0771,7.8066,1.7509,8.3212,315.0,15471.0,2459.375
6318,8.3562,7.3851,1.6299,7.946,315.0,15145.0,2459.375
6319,7.9047,7.479,1.4216,8.2769,316.0,17487.0,2459.375
6320,8.4336,7.6247,1.4401,7.7385,314.0,17001.0,2459.375
6321,7.5865,7.1892,1.3797,8.4881,313.0,18171.0,2459.375
6322,8.4902,7.6406,1.6408,8.6924,318.0,21375.0,2459.375
6323,8.6895,7.1985,1.2693,6.7458,311.0,20929.0,2459.375
6324,6.912,7.365,1.7608,8.4009,314.0,23464.0,2459.375
6325,8.2783,7.2415,1.7181,8.0645,316.0,23644.0,2459.375
6326,8.0553,7.9436,1.602,8.6294,311.0,33013.0,2459.375
6327,8.6676,7.1892,1.8114,7.6844,314.0,45573.0,2459.375
6328,7.6358,7.8691,1.7517,8.4253,314.0,31009.0,2459.375
6329,8.4046,7.1696,1.5171,7.6515,312.0,36217.0,2459.375
6330,7.7516,7.8057,1.4671,7.7128,313.0,24737.0,2459.375
6331,7.6964,7.2273,1.7767,9.0991,314.0,24761.0,2459.375
6332,9.0899,7.8953,1.9167,7.2587,316.0,25793.0,2459.375
6333,7.2712,7.2168,1.9885,8.3267,318.0,24793.0,2459.375
6334,8.2825,7.8753,1.8228,9.4277,316.0,22089.0,2459.375
6335,9.5154,7.2309,2.3305,7.6883,316.0,23849.0,2459.375
6336,7.6466,7.8191,3.2346,8.6795,316.0,28411.0,2459.375
6337,8.7427,7.4146,2.2413,6.8433,314.0,21575.0,2459.375
6338,6.7986,7.8543,1.5391,8.2829,311.0,24446.0,2459.375
6339,8.2082,7.2853,1.7694,7.2996,276.0,13873.0,2459.375
6340,7.3819,7.8397,1.7165,8.7928,276.0,13873.0,2459.375
6341,8.8008,7.2113,2.0048,8.5883,311.0,16021.0,2459.375
6342,8.6348,7.7086,2.6355,7.4418,312.0,19757.0,2459.375
6343,7.3045,7.2408,1.5987,8.4349,313.0,18649.0,2459.375
6344,8.5854,7.9644,1.516,7.6118,312.0,17577.0,2459.375
6345,7.5281,7.2315,1.5757,7.5574,312.0,16893.0,2459.375
6346,7.6581,7.7277,1.978,8.4893,312.0,17725.0,2459.375
6347,8.4845,7.2353,1.8868,7.4042,313.0,16509.0,2459.375
6348,7.2864,7.1882,1.9209,8.2611,312.0,16497.0,2459.375
6349,8.3121,7.2292,1.8991,7.8858,317.0,17809.0,2459.375
6350,7.961,7.4024,2.4792,8.1838,316.0,16293.0,2459.375
6351,8.1608,7.7227,1.6628,7.7255,316.0,14309.0,2459.375
6352,7.6544,7.18,1.6626,9.0857,314.0,14623.0,2459.375
6353,9.2316,7.7789,2.0107,7.8283,314.0,15123.0,2459.375
6354,7.6854,7.2153,1.8142,7.436,317.0,17918.0,2459.375
6355,7.5534,7.9524,1.9834,8.3174,311.0,16021.0,2459.375
6356,8.2708,7.2051,1.603,7.3889,307.0,16957.0,2459.375
6357,7.3668,7.9259,1.8278,8.1641,297.0,16057.0,2459.375
6358,8.2134,7.148,1.6132,8.0842,313.0,22529.0,2459.375
6359,8.0547,7.589,1.8924,8.1158,314.0,22443.0,2459.375
6360,8.1012,7.1754,1.8132,8.5883,315.0,21552.0,2459.375
6361,8.5479,7.9555,1.7186,7.6955,310.0,21858.0,2459.375
6362,7.7663,7.2561,1.7941,8.1805,316.0,27417.0,2459.375
6363,8.1215,7.9377,1.71,7.865,316.0,24913.0,2459.375
6364,7.9316,7.1804,1.9279,7.6641,319.0,29559.0,2459.375
6365,7.6755,7.6111,1.6531,8.3495,318.0,20815.0,2459.375
6366,8.2994,7.1813,1.7062,8.5829,315.0,18809.0,2459.375
6367,8.6824,8.0511,1.7714,7.6461,303.0,15209.0,2459.375
6368,7.509,7.2428,1.469,7.7332,313.0,21087.0,2459.375
6369,7.7749,7.945,1.7145,7.8158,314.0,18371.0,2459.375
6370,7.8383,7.2235,1.8015,7.3849,306.0,16463.0,2459.375
6371,7.3492,7.6961,1.7153,8.5511,294.0,15641.0,2459.375
6372,8.5614,7.1625,1.545,7.6493,281.0,14173.0,2459.375
6373,7.6344,7.8376,1.8947,9.059,287.0,14949.0,2459.375
6374,9.1409,7.2552,1.9459,7.558,312.0,21237.0,2459.375
6375,7.463,7.429,1.9736,8.2497,309.0,21125.0,2459.375
6376,8.2548,7.5562,1.8972,7.8259,317.0,25479.0,2459.375
6377,7.8157,7.2238,1.5695,8.0743,313.0,25971.0,2459.375
6378,8.473,7.6539,2.0771,7.7632,312.0,22629.0,2459.375
6379,7.3425,7.1954,1.5362,8.7119,302.0,25558.0,2459.375
6380,8.7454,7.9374,1.8723,6.9028,313.0,20143.0,2459.375
6381,6.9274,7.2204,1.9133,9.291,318.0,22924.0,2459.375
6382,9.275,8.1431,1.8184,8.0421,316.0,17991.0,2459.375
6383,8.0538,7.2654,1.6807,7.9925,318.0,23779.0,2459.375
6384,7.9906,7.8154,1.7295,8.0338,314.0,24975.0,2459.375
6385,8.073,7.2118,1.9467,8.6,313.0,18951.0,2459.375
6386,8.6131,7.9354,1.5924,7.3045,283.0,14501.0,2459.375
6387,7.2083,7.24,1.5221,8.1271,315.0,25573.0,2459.375
6388,8.1916,7.5542,1.8068,8.3734,313.0,21695.0,2459.375
6389,8.3745,7.2964,1.735,7.3467,289.0,14653.0,2459.375
6390,7.3581,7.8698,1.8022,7.9554,275.0,13861.0,2459.375
6391,7.943,7.2325,1.6865,8.1652,282.0,14281.0,2459.375
6392,8.242,7.9402,1.7913,8.4491,275.0,13861.0,2459.375
6393,8.4683,7.1516,1.7538,7.5399,284.0,14401.0,2459.375
6394,7.4021,7.5971,1.5552,7.8568,276.0,13873.0,2459.375
6395,7.8576,7.1848,1.5036,8.1367,275.0,13861.0,2459.375
6396,8.2054,7.7769,1.7714,8.2495,312.0,22835.0,2459.375
6397,8.1748,7.1957,1.6161,7.5966,319.0,33589.0,2459.375
6398,7.6825,7.7779,1.7437,8.5967,315.0,26969.0,2459.375
6399,8.5435,7.3305,1.5312,7.5142,317.0,19839.0,2459.375
6400,7.6755,7.2843,2.0307,8.5537,320.0,27087.0,2459.375
6401,8.4035,7.2213,1.7061,7.1193,314.0,22239.0,2459.375
6402,7.1387,7.3586,1.9813,8.9787,308.0,19251.0,2459.375
6403,8.9992,7.1983,2.1904,7.36,314.0,17904.0,2459.375
6404,7.3152,7.4337,1.9436,8.7901,314.0,18588.0,2459.375
6405,8.8489,7.8289,2.0905,7.6065,312.0,16567.0,2459.375
6406,7.6105,7.2351,2.0807,8.3365,315.0,20289.0,2459.375
6407,8.2733,7.6928,1.8742,7.3295,296.0,15765.0,2459.375
6408,7.3658,7.2234,1.8254,8.7934,313.0,17901.0,2459.375
6409,8.793,7.4313,1.9199,7.4815,312.0,16145.0,2459.375
6410,7.4323,7.2025,1.8002,8.9069,311.0,16485.0,2459.375
6411,9.0083,7.937,1.3476,6.8502,313.0,17853.0,2459.375
6412,6.7498,7.2203,1.3151,9.1004,311.0,18341.0,2459.375
6413,9.1504,7.7239,1.4252,7.4954,315.0,16393.0,2459.375
6414,7.4174,7.1665,1.3503,8.243,315.0,17129.0,2459.375
6415,8.315,7.8995,1.6278,7.3953,281.0,13889.0,2459.375
6416,7.4004,7.1969,1.5759,8.2248,281.0,15959.0,2459.375
6417,8.2167,7.7546,1.9117,7.404,280.0,13899.0,2459.375
6418,7.4547,7.1593,1.6777,8.8345,279.0,13887.0,2459.375
6419,8.8895,8.1672,1.8361,8.5096,275.0,13861.0,2459.375
6420,8.3821,7.1604,1.8354,8.4025,282.0,14281.0,2459.375
6421,8.4728,7.8427,2.1794,8.7731,291.0,21477.0,2459.375
6422,8.7472,7.2427,2.5039,7.774,285.0,14317.0,2459.375
6423,7.7866,7.5191,1.9587,7.4736,311.0,15371.0,2459.375
6424,7.4536,7.259,1.8726,8.811,311.0,15419.0,2459.375
6425,8.8316,7.9475,2.3873,7.1807,312.0,16749.0,2459.375
6426,7.1331,7.1788,2.0636,8.3559,312.0,15887.0,2459.375
6427,8.4326,7.713,1.998,8.0741,311.0,16987.0,2459.375
6428,8.0287,7.2018,1.9144,8.9097,313.0,18193.0,2459.375
6429,8.9433,7.9663,2.2448,8.0047,319.0,21365.0,2459.375
6430,7.9937,7.4074,2.0877,8.5337,316.0,22541.0,2459.375
6431,8.6284,7.5018,2.9697,7.7073,318.0,21872.0,2459.375
6432,7.6261,7.2413,2.114,7.3461,317.0,23634.0,2459.375
6433,7.4137,7.3713,2.0258,9.7865,314.0,33027.0,2459.375
6434,9.7656,7.5848,2.3731,8.9392,316.0,45575.0,2459.375
6435,8.8462,7.9339,1.7963,7.4245,313.0,30997.0,2459.375
6436,7.4745,7.3666,2.0454,7.9239,312.0,36217.0,2459.375
6437,7.9434,8.0164,1.8517,8.5705,313.0,28073.0,2459.375
6438,8.5718,7.2867,2.0384,7.2394,313.0,21413.0,2459.375
6439,7.1902,7.3145,2.285,9.1554,313.0,25757.0,2459.375
6440,9.1287,7.6199,1.7532,7.1154,314.0,24789.0,2459.375
6441,7.1536,7.455,1.773,8.9614,311.0,22073.0,2459.375
6442,8.9441,7.7829,2.4733,7.5632,311.0,23833.0,2459.375
6443,7.5369,7.5425,1.7771,8.2624,313.0,28397.0,2459.375
6444,8.2485,7.8528,1.6435,7.8993,311.0,21561.0,2459.375
6445,7.945,7.2212,1.5331,8.3247,312.0,24388.0,2459.375
6446,8.2619,7.422,1.6192,7.3151,280.0,13877.0,2459.375
6447,7.3843,7.2509,1.671,7.9382,279.0,13865.0,2459.375
6448,7.879,7.928,1.195,7.8729,313.0,16023.0,2459.375
6449,7.9823,7.2164,1.1887,8.429,315.0,19771.0,2459.375
6450,8.4078,7.8398,1.6077,7.7015,315.0,18651.0,2459.375
6451,7.6758,7.2176,1.8309,8.5984,311.0,17565.0,2459.375
6452,8.6255,7.6298,1.9168,7.9695,311.0,16881.0,2459.375
6453,7.8947,7.266,1.6663,8.1298,312.0,17725.0,2459.375
6454,8.2019,7.9591,1.9814,8.0266,311.0,16485.0,2459.375
6455,7.9685,7.2562,1.7519,7.6907,313.0,16509.0,2459.375
6456,7.68,8.2204,1.4277,8.2936,311.0,17781.0,2459.375
6457,8.3934,7.184,1.6524,8.0457,312.0,16289.0,2459.375
6458,8.096,7.6687,2.2991,8.1377,312.0,14305.0,2459.375
6459,8.0426,7.2347,1.5844,8.5269,311.0,14609.0,2459.375
6460,8.5157,8.0124,2.5682,7.5379,313.0,15133.0,2459.375
6461,7.5605,7.2955,1.5899,8.483,317.0,17896.0,2459.375
6462,8.4857,7.5974,1.7229,7.018,316.0,16037.0,2459.375
6463,7.0921,7.1538,1.646,8.3738,312.0,17663.0,2459.375
6464,8.3061,7.564,1.6091,7.8532,299.0,15417.0,2459.375
6465,7.8529,7.1226,1.3677,8.2708,313.0,22663.0,2459.375
6466,8.2063,7.1281,1.46,7.6256,316.0,22445.0,2459.375
6467,7.7087,7.3055,2.0914,7.4313,313.0,21836.0,2459.375
6468,7.4229,7.1007,1.5205,8.1449,311.0,21658.0,2459.375
6469,8.1252,7.2976,2.2621,7.5496,318.0,27285.0,2459.375
6470,7.4979,7.1353,1.5107,7.3456,316.0,26605.0,2459.375
6471,7.3382,7.5656,1.4591,9.2808,318.0,28319.0,2459.375
6472,9.3712,6.9175,1.9641,7.4697,313.0,20335.0,2459.375
6473,7.3906,7.9,1.7338,8.21,311.0,18805.0,2459.375
6474,8.2185,7.1879,2.5872,7.4271,296.0,15025.0,2459.375
6475,7.4806,7.3875,2.2575,7.3454,311.0,21085.0,2459.375
6476,7.3071,7.0599,1.8706,8.4952,311.0,18357.0,2459.375
6477,8.619,7.6365,2.0211,8.054,313.0,16573.0,2459.375
6478,7.9638,7.0102,2.2986,7.455,296.0,15621.0,2459.375
6479,7.5337,8.0626,2.2226,7.76,284.0,14165.0,2459.375
6480,7.6247,7.1264,1.6972,7.1226,290.0,15679.0,2459.375
6481,7.1334,7.3617,1.7916,9.3288,315.0,20999.0,2459.375
6482,9.305,7.062,2.1889,6.0654,317.0,21147.0,2459.375
6483,6.1147,7.0658,1.7071,8.2658,317.0,25931.0,2459.375
6484,8.2452,6.8613,1.7049,7.2146,311.0,25527.0,2459.375
6485,7.2409,6.9088,1.4189,8.6799,312.0,28361.0,2459.375
6486,8.6358,7.9695,1.5826,7.42,300.0,19706.0,2459.375
6487,7.408,7.1781,1.5179,7.7258,312.0,20683.0,2459.375
6488,7.8139,7.7924,1.8095,8.0734,313.0,22520.0,2459.375
6489,8.265,6.8967,2.0459,7.6212,312.0,17619.0,2459.375
6490,7.4671,7.5845,1.7173,8.1586,313.0,25819.0,2459.375
6491,8.171,6.8585,1.814,8.2481,311.0,22905.0,2459.375
6492,8.1491,7.7783,1.6681,6.6937,312.0,19009.0,2459.375
6493,6.728,7.0645,1.4234,8.3264,303.0,21249.0,2459.375
6494,8.3385,7.7964,1.5505,8.5263,321.0,25393.0,2459.375
6495,8.4511,6.9471,1.688,7.6091,308.0,15605.0,2459.375
6496,7.6855,7.6443,2.8015,7.3902,278.0,13923.0,2459.375
6497,7.366,6.9575,1.5871,7.6047,277.0,13863.0,2459.375
6498,7.5437,7.6939,1.4528,8.0539,285.0,14295.0,2459.375
6499,8.1276,7.0526,1.805,7.2793,276.0,13873.0,2459.375
6500,7.2856,7.2743,1.6132,8.2889,286.0,14425.0,2459.375
6501,8.3018,7.3197,1.813,7.0371,277.0,13885.0,2459.375
6502,6.9996,6.931,1.8826,8.1608,276.0,13873.0,2459.375
6503,8.1723,7.1235,1.7295,8.0652,313.0,22847.0,2459.375
6504,8.0858,6.8986,1.8385,8.0486,312.0,33549.0,2459.375
6505,8.013,7.8077,1.7288,7.9473,311.0,26965.0,2459.375
6506,7.9018,7.1173,1.5645,7.3689,312.0,19823.0,2459.375
6507,7.4244,7.9217,1.6723,8.141,317.0,27073.0,2459.375
6508,8.1591,7.0815,1.6737,7.9765,314.0,22261.0,2459.375
6509,8.0845,7.5643,2.0291,7.8377,313.0,19433.0,2459.375
6510,7.7882,6.8822,1.7664,8.9415,317.0,18264.0,2459.375
6511,9.0139,7.7984,1.9742,6.7282,318.0,18224.0,2459.375
6512,6.5693,7.121,1.5504,7.1406,313.0,16925.0,2459.375
6513,7.1986,7.5689,1.6629,8.4863,318.0,19935.0,2459.375
6514,8.5494,7.1122,1.8046,7.0975,296.0,15599.0,2459.375
6515,6.985,7.6107,1.7066,8.7134,314.0,17913.0,2459.375
6516,8.8095,6.87,1.7605,7.5794,313.0,16157.0,2459.375
6517,7.5728,6.9575,2.36,8.3968,312.0,16497.0,2459.375
6518,8.3373,7.3239,2.8012,7.0315,311.0,17829.0,2459.375
6519,7.0139,7.0851,1.8889,8.4263,313.0,18365.0,2459.375
6520,8.4233,7.8219,2.4235,7.6896,311.0,16389.0,2459.375
6521,7.6984,6.9476,1.6078,7.8009,312.0,17137.0,2459.375
6522,7.8083,7.3656,1.6967,7.356,276.0,13873.0,2459.375
6523,7.3764,6.9012,1.8528,8.667,279.0,15957.0,2459.375
6524,8.6452,7.9268,1.7915,7.0323,276.0,13873.0,2459.375
6525,7.0604,7.0709,2.5401,8.1473,279.0,13865.0,2459.375
6526,8.2508,7.7341,1.759,7.4531,281.0,13889.0,2459.375
6527,7.3332,6.8663,1.4386,8.0082,286.0,14285.0,2459.375
6528,8.1005,7.3025,1.6637,7.173,291.0,21455.0,2459.375
6529,7.0964,6.9665,1.7069,8.1827,291.0,14463.0,2459.375
6530,8.2303,7.7219,1.8801,8.9552,313.0,15373.0,2459.375
6531,8.8778,7.1658,1.8252,6.8306,308.0,15287.0,2459.375
6532,6.8289,7.2911,1.7805,8.1911,312.0,16749.0,2459.375
6533,8.2219,6.8945,1.7131,7.491,311.0,15875.0,2459.375
6534,7.4368,6.9149,1.6334,7.4916,311.0,16987.0,2459.375
6535,7.4911,7.3846,1.6832,8.3915,312.0,18181.0,2459.375
6536,8.4509,6.897,2.153,7.367,316.0,21373.0,2459.375
6537,7.3197,7.9295,1.6846,7.9286,312.0,22537.0,2459.375
6538,8.138,7.1933,1.8248,7.7462,313.0,21856.0,2459.375
6539,7.5772,7.5053,1.6525,7.815,314.0,23620.0,2459.375
6540,7.8152,7.1163,1.617,7.7592,312.0,33025.0,2459.375
6541,7.7637,7.3474,1.6526,7.7662,316.0,45553.0,2459.375
6542,7.8459,6.9888,1.6152,8.205,317.0,31001.0,2459.375
6543,8.1011,7.9376,1.6487,7.7043,316.0,36221.0,2459.375
6544,7.8609,7.1366,1.714,8.1781,315.0,28075.0,2459.375
6545,8.1185,7.9119,1.6203,8.1004,314.0,21403.0,2459.375
6546,8.0636,7.1263,1.5009,7.1045,315.0,25759.0,2459.375
6547,7.0439,6.8946,1.4196,8.15,313.0,24777.0,2459.375
6548,8.203,6.9238,1.5953,7.1088,311.0,22073.0,2459.375
6549,7.0678,6.9476,1.6864,9.2606,312.0,23845.0,2459.375
6550,9.2755,7.5078,1.7969,6.9157,312.0,28385.0,2459.375
6551,6.8894,7.0956,1.7709,8.3234,312.0,21573.0,2459.375
6552,8.3375,7.7477,1.6018,6.856,309.0,24396.0,2459.375
6553,6.8194,6.8578,1.6671,7.5766,276.0,13873.0,2459.375
6554,7.6331,7.5724,1.6111,8.0366,277.0,13885.0,2459.375
6555,8.1852,6.9041,1.7429,8.8555,311.0,16021.0,2459.375
6556,8.6416,7.7472,1.4812,6.909,312.0,19757.0,2459.375
6557,6.922,7.1328,1.588,9.3699,315.0,18629.0,2459.375
6558,9.3815,7.7595,1.5589,6.5687,317.0,17593.0,2459.375
6559,6.7272,6.9377,1.8063,8.1086,316.0,16897.0,2459.375
6560,7.936,7.5885,1.5838,7.3976,313.0,17715.0,2459.375
6561,7.4873,6.8979,1.691,8.4374,315.0,16511.0,2459.375
6562,8.3826,7.931,1.6406,7.8599,314.0,16499.0,2459.375
6563,7.8001,7.0755,1.4273,7.2114,312.0,17793.0,2459.375
6564,7.2292,7.1068,1.1893,7.7629,311.0,16277.0,2459.375
6565,7.7532,7.354,1.3847,7.66,313.0,14317.0,2459.375
6566,7.6551,6.861,1.3721,7.5097,311.0,14609.0,2459.375
6567,7.5935,7.6123,1.33,8.4008,313.0,15133.0,2459.375
6568,8.4347,6.9305,1.6446,8.1786,316.0,17928.0,2459.375
6569,8.1085,7.9482,1.5393,8.011,311.0,16021.0,2459.375
6570,8.0582,7.0527,1.7384,7.9696,310.0,17683.0,2459.375
6571,7.9751,7.3762,1.8256,7.7139,299.0,15691.0,2459.375
6572,7.7003,7.0653,1.6551,6.8607,312.0,23051.0,2459.375
6573,7.0384,7.598,1.76,8.0551,316.0,22013.0,2459.375
6574,8.0152,6.9234,1.803,8.0112,317.0,21716.0,2459.375
6575,7.8486,7.9566,1.7281,7.5853,316.0,22100.0,2459.375
6576,7.5727,7.1372,1.4855,7.5351,320.0,28089.0,2459.375
6577,7.768,7.2852,2.0345,8.7902,317.0,25367.0,2459.375
6578,8.5773,7.0893,1.5481,6.8035,319.0,28309.0,2459.375
6579,6.8466,6.8987,1.9508,8.6641,314.0,20347.0,2459.375
6580,8.7849,7.3302,2.2032,6.7355,314.0,18841.0,2459.375
6581,6.5944,6.9699,1.8738,8.1706,295.0,15061.0,2459.375
6582,8.2046,7.9937,1.8033,7.5905,312.0,21097.0,2459.375
6583,7.6267,7.065,1.8535,8.7251,311.0,18481.0,2459.375
6584,8.7192,7.5377,1.61,6.7042,304.0,16289.0,2459.375
6585,6.7129,6.9186,1.7525,7.6844,292.0,15569.0,2459.375
6586,7.6672,7.5605,1.633,7.8388,282.0,14185.0,2459.375
6587,7.7505,6.8755,1.4888,7.6092,290.0,15749.0,2459.375
6588,7.5973,7.8865,1.401,9.209,311.0,20973.0,2459.375
6589,9.3719,7.0578,1.7317,6.8539,317.0,21125.0,2459.375
6590,6.7467,7.5155,1.7736,7.8048,321.0,25935.0,2459.375
6591,7.7809,7.0053,1.8846,7.3981,315.0,25483.0,2459.375
6592,7.4374,7.573,1.644,8.6894,313.0,28351.0,2459.375
6593,8.7346,6.9461,2.0548,7.0425,306.0,19852.0,2459.375
6594,7.0466,7.511,1.8367,8.6415,313.0,21041.0,2459.375
6595,8.6462,7.5397,1.8094,7.4149,314.0,22212.0,2459.375
6596,7.2952,6.9967,1.6638,7.6322,313.0,20645.0,2459.375
6597,7.77,7.802,1.7432,7.9662,315.0,22829.0,2459.375
6598,7.8741,6.9588,1.7016,7.8393,312.0,22917.0,2459.375
6599,7.8652,7.4484,1.5807,7.6428,309.0,18829.0,2459.375
6600,7.6892,6.8956,1.6764,7.823,300.0,21887.0,2459.375
6601,7.7553,7.7282,1.7156,8.1844,316.0,24843.0,2459.375
6602,8.2637,7.1364,1.8947,7.8742,303.0,15541.0,2459.375
6603,7.88,7.8983,1.7549,7.6727,276.0,13873.0,2459.375
6604,7.6048,6.9069,1.9046,8.4172,276.0,13873.0,2459.375
6605,8.4372,7.6515,2.0311,7.5944,288.0,14309.0,2459.375
6606,7.5781,6.9392,1.9304,7.4761,280.0,13877.0,2459.375
6607,7.513,7.333,1.7752,7.6519,290.0,14429.0,2459.375
6608,7.6731,7.1128,1.8587,7.3436,278.0,13875.0,2459.375
6609,7.2088,7.5202,1.7071,7.9289,279.0,13887.0,2459.375
6610,7.9076,6.8456,1.5265,7.7972,313.0,22825.0,2459.375
6611,7.9127,7.1094,1.6186,8.0851,312.0,33549.0,2459.375
6612,8.0772,7.3647,2.419,7.4768,312.0,26977.0,2459.375
6613,7.5083,6.9298,1.7949,8.0532,312.0,19823.0,2459.375
6614,8.0263,7.6948,1.7081,7.8002,318.0,27085.0,2459.375
6615,7.8054,7.1675,1.8521,7.7037,313.0,22249.0,2459.375
6616,7.7162,7.5693,1.9688,7.8623,315.0,21492.0,2459.375
6617,7.8445,7.0569,1.6868,7.5604,312.0,16401.0,2459.375
6618,7.5023,7.5562,1.1763,7.9786,314.0,18220.0,2459.375
6619,8.0716,6.8978,1.7218,8.6187,312.0,16935.0,2459.375
6620,8.5416,7.7517,1.673,7.4906,316.0,19933.0,2459.375
6621,7.4772,7.1254,1.5731,8.114,294.0,15409.0,2459.375
6622,8.2081,7.612,1.6795,7.5791,316.0,17893.0,2459.375
6623,7.5304,7.1727,1.6711,7.7758,315.0,16137.0,2459.375
6624,7.8632,7.5677,2.0461,7.8131,313.0,16487.0,2459.375
6625,7.7271,6.9369,1.7183,8.0142,315.0,17855.0,2459.375
6626,8.0495,7.3203,1.9661,7.9097,313.0,18343.0,2459.375
6627,7.8928,7.5753,2.0963,7.0786,311.0,16389.0,2459.375
6628,7.1036,6.9197,2.0818,8.5309,311.0,17125.0,2459.375
6629,8.5719,7.5348,1.7884,7.2701,276.0,13873.0,2459.375
6630,7.2107,6.9229,1.7658,8.226,280.0,15969.0,2459.375
6631,8.2166,7.3617,1.8235,7.7669,275.0,13861.0,2459.375
6632,7.7596,6.8925,1.6452,7.535,275.0,13861.0,2459.375
6633,7.5223,7.927,1.6546,7.5764,275.0,13861.0,2459.375
6634,7.5786,7.0612,1.5296,8.2392,282.0,14281.0,2459.375
6635,8.3027,7.9448,1.6778,8.1746,289.0,21453.0,2459.375
6636,8.1057,6.8207,1.6283,7.0786,294.0,15263.0,2459.375
6637,7.0982,7.2952,1.7458,8.591,313.0,14609.0,2459.375
6638,8.5698,6.8993,1.8541,7.1829,311.0,15327.0,2459.375
6639,7.2682,8.0538,1.7661,8.4759,315.0,16789.0,2459.375
6640,8.3876,7.1102,1.5065,7.2762,314.0,15937.0,2459.375
6641,7.3732,7.7665,1.5822,8.3262,315.0,17013.0,2459.375
6642,8.2801,6.8835,1.8842,6.7884,317.0,20530.0,2459.375
6643,6.7238,6.9262,1.6493,7.8539,315.0,20646.0,2459.375
6644,8.1209,7.7464,1.8261,8.1098,312.0,22537.0,2459.375
6645,7.8812,6.9576,1.645,8.1072,315.0,21880.0,2459.375
6646,8.0897,7.7695,1.5725,7.2648,313.0,27244.0,2459.375
6647,7.2478,7.1233,1.5288,8.0345,311.0,29377.0,2459.375
6648,8.1676,7.6232,1.7792,8.1139,313.0,43965.0,2459.375
6649,8.0036,7.1017,1.8559,7.9521,315.0,32617.0,2459.375
6650,7.9221,7.4107,1.4484,7.4176,312.0,34573.0,2459.375
6651,7.3964,6.9275,1.5662,7.9537,313.0,28121.0,2459.375
6652,7.9887,7.9527,2.0132,8.2146,312.0,21401.0,2459.375
6653,8.266,7.1308,1.6213,7.7238,317.0,25761.0,2459.375
6654,7.8045,7.6084,1.4669,7.9034,317.0,24781.0,2459.375
6655,7.8054,7.158,1.668,7.246,318.0,22481.0,2459.375
6656,7.3519,7.3252,1.7786,8.1528,314.0,24215.0,2459.375
6657,8.0212,6.8818,1.5606,7.5553,313.0,28935.0,2459.375
6658,7.5367,7.4955,1.4912,8.7193,315.0,20755.0,2459.375
6659,8.9004,7.0931,2.2224,7.0687,305.0,23740.0,2459.375
6660,6.9153,6.9046,1.6045,7.3575,276.0,13873.0,2459.375
6661,7.3741,7.6927,1.5601,7.823,276.0,13873.0,2459.375
6662,7.8511,6.8816,1.9105,8.2054,312.0,16033.0,2459.375
6663,8.1508,7.4863,1.6288,7.7134,312.0,19757.0,2459.375
6664,7.804,6.9193,1.8401,7.7808,313.0,18649.0,2459.375
6665,7.8365,7.943,1.9299,8.0288,312.0,17577.0,2459.375
6666,7.9682,7.1011,1.613,7.3549,311.0,16881.0,2459.375
6667,7.3477,7.537,2.288,7.9273,312.0,17725.0,2459.375
6668,7.9001,6.8707,1.7712,7.9104,311.0,16485.0,2459.375
6669,7.9385,7.627,1.5966,7.554,318.0,16525.0,2459.375
6670,7.5674,6.9328,1.7573,8.1584,316.0,17797.0,2459.375
6671,8.1703,8.0025,1.5263,8.4288,315.0,16281.0,2459.375
6672,8.6526,7.1324,1.9375,7.9113,313.0,14295.0,2459.375
6673,7.7396,7.6119,2.0777,7.9675,313.0,14611.0,2459.375
6674,7.9407,7.3137,2.0374,7.4899,313.0,15111.0,2459.375
6675,7.4392,7.1397,2.0114,7.9277,313.0,17892.0,2459.375
6676,7.9409,7.3658,1.9303,7.4212,312.0,16033.0,2459.375
6677,7.3646,7.0169,1.7887,7.853,312.0,17851.0,2459.375
6678,7.8444,7.5344,1.4956,7.5672,301.0,16927.0,2459.375
6679,7.6989,7.0996,1.6303,8.4144,311.0,23645.0,2459.375
6680,8.267,7.3358,1.5403,7.0107,315.0,22796.0,2459.375
6681,7.0705,7.1261,1.5295,8.0657,313.0,20679.0,2459.375
6682,8.1204,7.6158,1.8446,8.0145,305.0,20332.0,2459.375
6683,7.9493,6.8978,1.669,8.0811,317.0,28075.0,2459.375
6684,8.0741,7.9511,2.2959,7.9208,315.0,25365.0,2459.375
6685,7.9194,7.0816,1.7774,7.8111,322.0,28323.0,2459.375
6686,7.9556,7.3819,1.6567,7.7272,319.0,20363.0,2459.375
6687,7.6019,7.108,1.653,7.6415,316.0,18821.0,2459.375
6688,7.8442,7.5425,1.8162,8.0856,303.0,15375.0,2459.375
6689,7.853,6.9178,1.4547,7.8384,311.0,20871.0,2459.375
6690,7.9056,7.4134,1.9917,8.2412,314.0,18495.0,2459.375
6691,8.2641,7.1357,1.7009,6.8565,303.0,16229.0,2459.375
6692,6.8088,6.9009,1.7644,8.9665,293.0,15581.0,2459.375
6693,8.9283,7.5825,2.2806,6.9077,281.0,14531.0,2459.375
6694,6.9069,6.8613,2.3296,7.6975,287.0,15355.0,2459.375
6695,7.6854,7.5056,1.5515,7.5526,312.0,20985.0,2459.375
6696,7.6197,6.8882,2.3449,8.32,315.0,21145.0,2459.375
6697,8.2675,7.9358,1.6467,7.6202,319.0,25955.0,2459.375
6698,7.7256,7.0777,1.8562,7.9789,311.0,25479.0,2459.375
6699,7.9035,7.4903,1.588,7.2067,311.0,28349.0,2459.375
6700,7.2915,6.8615,1.6033,8.2701,304.0,20446.0,2459.375
6701,8.3033,7.5221,1.675,7.2655,316.0,20555.0,2459.375
6702,7.1204,6.9012,1.5478,8.3295,317.0,22204.0,2459.375
6703,8.4448,7.7819,1.7398,8.1045,315.0,21053.0,2459.375
6704,7.963,7.1602,1.6391,7.904,314.0,22367.0,2459.375
6705,8.0272,7.3684,1.9148,7.7381,316.0,22943.0,2459.375
6706,7.7937,6.8879,1.927,7.1789,313.0,19741.0,2459.375
6707,7.021,6.9504,1.559,7.9489,300.0,23411.0,2459.375
6708,7.9273,7.273,1.4832,7.5495,316.0,22529.0,2459.375
6709,7.6814,6.9251,1.864,8.1112,299.0,15301.0,2459.375
6710,8.0594,7.8017,2.1601,9.1917,289.0,14605.0,2459.375
6711,9.1584,7.1203,1.8495,7.0543,277.0,13885.0,2459.375
6712,7.135,7.8473,1.9877,7.9773,285.0,14317.0,2459.375
6713,7.9949,7.2147,1.8021,7.8956,276.0,13873.0,2459.375
6714,7.8441,7.9147,1.6046,8.8452,284.0,14401.0,2459.375
6715,8.8255,7.2734,1.6893,7.4561,275.0,13861.0,2459.375
6716,7.4612,7.7044,1.5549,8.4324,276.0,13873.0,2459.375
6717,8.4191,7.26,1.8117,8.3586,316.0,22839.0,2459.375
6718,8.3337,7.8721,1.7497,8.0813,317.0,33565.0,2459.375
6719,8.0805,7.346,1.7362,7.8101,315.0,26969.0,2459.375
6720,7.796,7.9938,1.4637,8.665,313.0,19813.0,2459.375
6721,8.7439,7.3422,1.8272,7.8005,320.0,27087.0,2459.375
6722,7.7627,7.7038,1.6505,8.8827,316.0,22263.0,2459.375
6723,8.9978,7.3169,2.5518,7.86,314.0,21480.0,2459.375
6724,7.7268,7.9003,1.4907,8.0352,313.0,16413.0,2459.375
6725,8.1343,7.2527,1.6448,8.0518,315.0,18232.0,2459.375
6726,7.9458,7.7041,1.5586,8.0988,311.0,16923.0,2459.375
6727,8.1715,7.2981,1.6571,7.5932,316.0,19933.0,2459.375
6728,7.6386,7.5689,1.7091,7.8394,290.0,15405.0,2459.375
6729,7.751,7.2988,1.4305,8.2484,314.0,17913.0,2459.375
6730,8.2319,7.6648,1.4849,8.4296,315.0,17717.0,2459.375
6731,8.4966,7.2979,2.1678,8.2056,313.0,17021.0,2459.375
6732,8.326,8.1698,2.5391,8.633,313.0,18365.0,2459.375
6733,8.5068,7.4158,2.0609,7.5854,319.0,18393.0,2459.375
6734,7.7394,8.1454,1.9394,8.8767,315.0,16393.0,2459.375
6735,8.7209,7.3659,2.0443,8.1958,315.0,17129.0,2459.375
6736,8.2682,7.9792,1.7886,7.6103,278.0,13875.0,2459.375
6737,7.5141,7.3525,1.5891,8.0847,283.0,16495.0,2459.375
6738,8.0494,7.4152,1.6802,7.9626,277.0,13863.0,2459.375
6739,7.9675,7.6385,1.6338,7.6298,275.0,13861.0,2459.375
6740,7.6966,7.2745,1.7729,8.5065,277.0,13885.0,2459.375
6741,8.513,7.2679,1.8867,7.6809,283.0,14293.0,2459.375
6742,7.657,7.4409,1.4306,8.5865,290.0,21465.0,2459.375
6743,8.5527,7.7574,1.6183,8.2069,298.0,15359.0,2459.375
6744,8.2239,7.2558,1.7615,8.1258,312.0,14689.0,2459.375
6745,8.0839,7.8604,1.696,7.66,308.0,15335.0,2459.375
6746,7.6324,7.2936,1.3615,8.2157,315.0,16977.0,2459.375
6747,8.4363,7.8001,2.0099,8.0255,315.0,17603.0,2459.375
6748,7.9408,7.3276,1.7498,9.0741,314.0,19884.0,2459.375
6749,9.0215,7.9115,1.6405,7.2762,318.0,19815.0,2459.375
6750,7.297,7.2608,1.9782,8.2226,319.0,19566.0,2459.375
6751,8.2149,7.9357,1.7885,8.8201,317.0,24149.0,2459.375
6752,8.799,7.2817,1.6397,7.2034,315.0,25494.0,2459.375
6753,7.2316,7.8817,1.6802,8.3931,316.0,22026.0,2459.375
6754,8.3852,7.2646,1.5673,8.3161,314.0,29903.0,2459.375
6755,8.3226,7.8748,2.391,7.8434,315.0,45585.0,2459.375
6756,7.8674,7.3524,2.5024,7.9102,314.0,30961.0,2459.375
6757,7.9395,7.9152,1.7465,8.3821,314.0,36241.0,2459.375
6758,8.3732,7.2351,1.6088,7.9842,314.0,26537.0,2459.375
6759,7.9373,7.8039,1.8695,8.2253,312.0,21865.0,2459.375
6760,8.2229,7.3463,1.6527,8.0613,314.0,25673.0,2459.375
6761,8.0883,7.919,1.9362,8.215,313.0,24409.0,2459.375
6762,8.1874,7.2954,1.8182,7.8382,312.0,22821.0,2459.375
6763,7.8433,7.9052,1.7472,8.3279,311.0,28045.0,2459.375
6764,8.3119,7.2873,1.5808,7.7598,314.0,26209.0,2459.375
6765,7.8051,7.7607,1.7206,8.0376,315.0,20257.0,2459.375
6766,8.0899,7.2744,1.5787,7.8698,305.0,22528.0,2459.375
6767,7.8906,7.9641,1.4611,8.5213,279.0,13865.0,2459.375
6768,8.434,7.2686,1.6277,7.4295,279.0,13887.0,2459.375
6769,7.3596,7.6231,1.7634,8.8147,314.0,16035.0,2459.375
6770,8.813,7.242,1.6607,7.6155,315.0,19771.0,2459.375
6771,7.6435,7.3133,1.5727,8.1966,312.0,18637.0,2459.375
6772,8.3452,7.2411,2.165,7.7633,311.0,17565.0,2459.375
6773,7.6279,7.5339,1.4048,8.7192,311.0,16881.0,2459.375
6774,8.7597,7.7303,1.7498,7.6722,315.0,17809.0,2459.375
6775,7.6764,7.5346,2.1921,9.1188,311.0,16485.0,2459.375
6776,9.1147,7.7426,3.0028,7.7651,311.0,16485.0,2459.375
6777,7.7662,7.2881,2.6258,8.1402,314.0,17865.0,2459.375
6778,8.1826,7.7766,2.0624,8.7759,313.0,16349.0,2459.375
6779,8.7029,7.3093,1.7883,7.2354,313.0,14365.0,2459.375
6780,7.2992,7.7733,1.965,8.005,313.0,14633.0,2459.375
6781,7.9707,7.2931,1.8013,7.8677,316.0,15125.0,2459.375
6782,7.9132,7.7651,1.8002,9.3178,318.0,17908.0,2459.375
6783,9.2669,7.3575,1.9367,8.0015,315.0,16025.0,2459.375
6784,8.0136,8.1258,2.0984,8.1687,313.0,17841.0,2459.375
6785,8.1471,7.3482,1.9436,7.5218,304.0,17583.0,2459.375
6786,7.5344,8.3901,1.8278,8.9169,314.0,23065.0,2459.375
6787,8.9539,7.2299,1.9694,8.4042,313.0,23272.0,2459.375
6788,8.3231,7.2863,1.8084,10.4026,563.0,68567.0,2459.375
6789,10.4431,7.2863,1.9007,7.9278,316.0,15647.0,2459.375
6790,7.9473,7.8054,1.8301,8.3923,368.0,30108.0,2459.375
6791,8.3678,7.3317,1.6999,8.5884,396.0,27863.0,2459.375
6792,8.6064,7.2704,2.0189,6.9688,317.0,16939.0,2459.375
6793,6.9784,6.5089,1.707,7.3991,313.0,44411.0,2459.375
6794,7.3752,6.9495,1.7094,7.2036,276.0,11131.0,2459.375
6795,7.2766,6.4758,1.3683,6.6568,252.0,10015.0,2459.375
6796,6.5408,6.9492,1.2039,8.5169,271.0,13231.0,2459.375
6797,8.5234,6.3604,1.367,8.6169,331.0,15831.0,2459.375
6798,8.7532,6.5016,1.7066,7.5704,277.0,10907.0,2459.375
6799,7.6012,6.5016,2.2177,7.1501,286.0,17083.0,2459.375
6800,7.0839,6.8472,1.9998,8.4444,281.0,15115.0,2459.375
6801,8.4276,6.8472,1.8065,6.2793,281.0,17177.0,2459.375
6802,6.6266,6.3609,2.6327,7.5051,282.0,17519.0,2459.375
6803,7.4471,7.0365,2.576,7.2082,282.0,20119.0,2459.375
6804,6.9258,6.409,2.0128,7.513,279.0,19299.0,2459.375
6805,7.4702,7.0069,2.1807,6.346,280.0,18071.0,2459.375
6806,6.4249,6.2797,1.6774,7.7956,282.0,22361.0,2331.375
6807,7.6873,6.8163,1.4648,7.0477,252.0,9739.0,2331.375
6808,7.1121,6.4045,1.9268,6.6471,280.0,21133.0,2331.375
6809,6.5998,6.3536,1.8564,7.9449,284.0,17263.0,2331.375
6810,7.9915,7.0883,2.145,6.8202,281.0,16346.0,2331.375
6811,6.7972,6.3039,1.877,7.8575,284.0,17376.0,2331.375
6812,7.9136,7.0607,1.9966,7.1777,280.0,12283.0,2331.375
6813,7.1767,6.3359,2.1454,7.5224,283.0,12323.0,2331.375
6814,7.5587,6.7485,1.9137,6.7814,282.0,12183.0,2331.375
6815,6.6717,6.367,1.683,6.8545,282.0,13159.0,2331.375
6816,6.8471,6.6258,1.6159,7.7926,272.0,12213.0,2331.375
6817,7.7954,6.4517,1.7702,6.6764,258.0,10029.0,2331.375
6818,6.6609,6.3694,1.7688,7.8324,252.0,9573.0,2331.375
6819,7.923,7.0558,2.2446,6.4545,277.0,10733.0,2331.375
6820,6.3742,6.3975,1.5872,8.0952,278.0,10505.0,2331.375
6821,8.1468,6.6202,1.8229,6.6331,278.0,12111.0,2331.375
6822,6.6237,6.3151,1.9405,7.3452,279.0,11213.0,2331.375
6823,7.3846,6.6207,1.8077,6.8303,280.0,14542.0,2331.375
6824,6.7714,6.2887,1.492,7.58,277.0,14361.0,2331.375
6825,7.6127,6.316,1.6308,7.4383,281.0,14780.0,2331.375
6826,7.476,6.7842,2.2054,7.5843,280.0,17995.0,2331.375
6827,7.5231,6.3268,1.6892,7.0568,277.0,20019.0,2331.375
6828,7.0353,7.0708,1.6188,6.7911,282.0,17778.0,2331.375
6829,6.7825,6.3895,2.2278,8.037,283.0,21286.0,2331.375
6830,8.1281,7.0391,2.0515,6.4064,283.0,46063.0,2331.375
6831,6.3227,6.4638,1.5865,7.285,285.0,26243.0,2331.375
6832,7.3187,6.4941,1.9671,7.5442,280.0,24657.0,2331.375
6833,7.5446,6.808,2.5315,7.1167,283.0,26741.0,2331.375
6834,7.1032,6.4764,1.8195,6.9485,281.0,15809.0,2331.375
6835,6.9643,6.92,1.5686,7.8696,280.0,20523.0,2331.375
6836,7.9099,6.3409,1.8806,7.099,281.0,23403.0,2331.375
6837,7.08,6.9845,2.4419,7.1239,281.0,18123.0,2331.375
6838,7.1115,6.4197,1.6908,6.8455,277.0,21539.0,2331.375
6839,6.8128,6.3609,1.3397,6.8482,278.0,23155.0,2331.375
6840,6.9122,6.8424,1.9782,6.5865,279.0,15059.0,2331.375
6841,6.6171,6.3104,1.5037,7.2385,270.0,18510.0,2331.375
6842,7.1618,6.9545,1.4734,6.9519,241.0,9107.0,2331.375
6843,6.8928,6.3729,1.2698,6.9368,242.0,9119.0,2331.375
6844,7.0867,6.9643,1.6737,8.127,278.0,11279.0,2331.375
6845,8.0725,6.333,1.878,6.3391,283.0,17083.0,2331.375
6846,6.377,6.2581,1.6346,8.3376,282.0,9699.0,2331.375
6847,8.2435,6.4856,1.6968,6.1756,283.0,9615.0,2331.375
6848,6.2214,6.367,1.4756,8.2774,278.0,9721.0,2331.375
6849,8.211,7.0639,1.7068,6.4419,282.0,18226.0,2331.375
6850,6.4233,6.3594,1.4794,7.3203,280.0,13541.0,2331.375
6851,7.3621,6.364,1.3656,8.4752,279.0,15287.0,2331.375
6852,8.5849,6.364,1.8139,6.294,278.0,18470.0,2331.375
6853,6.2521,6.3908,2.2852,7.5163,280.0,19608.0,2331.375
6854,7.4396,6.7859,1.7795,6.608,277.0,13355.0,2331.375
6855,6.6832,6.3009,1.9022,7.2089,278.0,15001.0,2331.375
6856,7.2184,7.0637,1.7157,6.5051,253.0,9951.0,2331.375
6857,6.4425,6.3754,1.8333,8.3718,277.0,12659.0,2331.375
6858,8.4417,6.7624,2.0081,6.6792,278.0,11743.0,2331.375
6859,6.6438,6.4202,1.7704,6.8213,259.0,9995.0,2331.375
6860,6.8151,6.5934,1.941,7.4014,277.0,12237.0,2331.375
6861,7.4151,6.9185,1.9533,6.8734,282.0,15799.0,2331.375
6862,6.9123,6.3833,1.4584,8.3621,282.0,12815.0,2331.375
6863,8.842,7.1322,2.3495,6.4055,280.0,12815.0,2331.375
6864,5.942,6.3746,1.8182,7.3795,280.0,13941.0,2331.375
6865,7.2891,7.1673,1.8127,6.8393,279.0,13081.0,2331.375
6866,6.9347,6.3229,1.775,8.2963,279.0,13521.0,2331.375
6867,8.3846,6.3773,2.5254,6.4395,276.0,12621.0,2331.375
6868,6.334,6.3458,2.1199,7.0889,278.0,12671.0,2331.375
6869,7.0514,6.4571,1.7825,6.8808,276.0,12991.0,2331.375
6870,6.8932,6.7903,1.8141,7.0259,278.0,12833.0,2331.375
6871,7.0245,6.3858,1.7161,7.257,279.0,14040.0,2331.375
6872,7.2473,6.7278,2.0305,7.1181,282.0,17611.0,2331.375
6873,7.1366,6.4119,2.069,6.7593,277.0,13639.0,2331.375
6874,6.9082,6.6874,2.7852,7.5857,279.0,14574.0,2331.375
6875,7.5036,6.7888,1.5622,6.6887,276.0,20067.0,2331.375
6876,6.6113,6.3661,1.2211,7.1856,276.0,23568.0,2331.375
6877,7.2106,6.8499,1.5886,7.5312,280.0,18873.0,2331.375
6878,7.4991,6.318,1.6975,7.0221,283.0,24856.0,2331.375
6879,7.0433,6.8594,1.8341,7.1225,247.0,9231.0,2331.375
6880,7.0657,6.4263,1.5607,6.3347,245.0,9133.0,2331.375
6881,6.3304,6.5316,1.4778,7.8292,257.0,9997.0,2331.375
6882,7.9802,6.7941,3.4996,7.0535,243.0,9109.0,2331.375
6883,7.0056,6.4201,1.9206,7.2163,257.0,9971.0,2331.375
6884,7.1823,6.7596,1.6983,6.7789,266.0,10607.0,2331.375
6885,6.7679,6.3599,2.3754,7.0872,265.0,10915.0,2331.375
6886,7.1501,6.7973,2.0576,7.3137,277.0,12009.0,2331.375
6887,7.2801,6.3714,1.8656,6.6302,277.0,12009.0,2331.375
6888,6.56,6.3782,1.4329,6.9673,281.0,11779.0,2331.375
6889,7.0612,7.0304,1.766,7.4858,277.0,11267.0,2331.375
6890,7.479,6.4,1.3546,6.9194,279.0,11447.0,2331.375
6891,6.8922,6.7428,1.7007,6.9574,264.0,11533.0,2331.375
6892,6.9867,6.3975,1.7426,7.0979,279.0,16613.0,2331.375
6893,7.217,6.8154,1.9055,8.3807,281.0,15015.0,2331.375
6894,8.2976,6.3985,1.9675,6.5816,268.0,10491.0,2331.375
6895,6.4613,6.3938,1.4493,7.6666,259.0,9855.0,2331.375
6896,7.6998,6.9096,1.7879,6.7201,283.0,17049.0,2331.375
6897,6.7596,6.4281,1.6351,7.6932,279.0,15071.0,2331.375
6898,7.6841,6.783,1.9564,6.7996,282.0,17169.0,2331.375
6899,6.8032,6.4216,1.7761,8.1266,279.0,17437.0,2331.375
6900,8.0442,6.876,1.5872,6.6799,277.0,19991.0,2331.375
6901,6.6974,6.367,1.6953,6.5023,277.0,19105.0,2331.375
6902,6.5532,6.6244,1.9559,7.5057,280.0,18201.0,2331.375
6903,7.512,6.7915,2.0557,6.8189,281.0,22329.0,2331.375
6904,6.8122,6.3557,1.4438,7.2225,264.0,11747.0,2331.375
6905,7.2083,6.842,1.5433,6.8275,281.0,20725.0,2331.375
6906,6.8394,6.3172,1.831,7.4867,283.0,16227.0,2331.375
6907,7.5031,6.993,1.7483,6.7904,280.0,16778.0,2331.375
6908,6.8281,6.4035,1.6668,7.1629,283.0,16784.0,2331.375
6909,7.0716,6.377,1.5776,7.834,282.0,12099.0,2331.375
6910,7.8515,6.8129,1.8891,6.9313,283.0,12543.0,2331.375
6911,7.0118,6.4914,1.8173,7.3147,283.0,12639.0,2331.375
6912,7.2705,6.9073,1.5874,6.7493,278.0,12649.0,2331.375
6913,6.7514,6.3833,1.6143,7.6965,267.0,11941.0,2331.375
6914,7.7226,7.0733,1.4895,6.664,255.0,9781.0,2331.375
6915,6.6007,6.3956,1.4567,6.5646,250.0,9551.0,2331.375
6916,6.6239,6.33,1.2222,7.9128,277.0,10713.0,2331.375
6917,7.8553,6.9461,1.2772,6.8293,278.0,10485.0,2331.375
6918,6.8785,6.3585,1.0973,7.1759,279.0,12103.0,2331.375
6919,7.1123,6.7965,1.2146,6.9669,276.0,11157.0,2331.375
6920,6.955,6.419,1.1255,7.758,279.0,14510.0,2331.375
6921,7.7576,7.1155,1.2442,6.9125,277.0,14341.0,2331.375
6922,7.0169,6.4065,1.3031,6.5248,279.0,14736.0,2331.375
6923,6.4915,6.3004,1.6014,7.6259,277.0,17891.0,2331.375
6924,7.713,6.9027,1.773,6.9467,276.0,19987.0,2331.375
6925,6.8701,6.3624,1.748,7.0266,282.0,17714.0,2331.375
6926,6.9861,6.8681,1.4914,7.1069,282.0,21254.0,2331.375
6927,7.1678,6.5009,2.0509,7.4377,282.0,46031.0,2331.375
6928,7.4301,7.0737,1.5404,7.3293,279.0,26173.0,2331.375
6929,7.2523,6.4837,1.563,6.6082,282.0,24661.0,2331.375
6930,6.6607,6.3879,2.6051,7.4609,284.0,26733.0,2331.375
6931,7.4781,6.8455,1.7669,6.7424,280.0,15443.0,2331.375
6932,6.7123,6.4198,1.2324,7.0153,279.0,20431.0,2331.375
6933,7.0291,6.8526,1.4445,7.0492,280.0,23739.0,2331.375
6934,7.0358,6.3156,1.5092,6.7086,279.0,18079.0,2331.375
6935,6.7635,7.0134,1.5691,7.5745,276.0,21507.0,2331.375
6936,7.5743,6.395,1.2908,6.7789,276.0,23131.0,2331.375
6937,6.7417,6.3608,1.5262,7.6212,279.0,14595.0,2331.375
6938,7.6297,6.4848,1.6312,6.7323,273.0,19106.0,2331.375
6939,6.8082,6.4123,1.7835,6.4182,242.0,9119.0,2331.375
6940,6.3263,6.7918,1.7286,7.4386,241.0,9107.0,2331.375
6941,7.4809,6.3104,1.6306,7.45,282.0,11283.0,2331.375
6942,7.4618,6.605,2.2062,7.5599,282.0,17071.0,2331.375
6943,7.5194,6.5104,2.5156,6.4826,282.0,9699.0,2331.375
6944,6.5371,6.4528,1.6098,7.8355,279.0,9589.0,2331.375
6945,7.8245,6.9242,1.4121,6.6839,281.0,9757.0,2331.375
6946,6.5537,6.3689,1.17,7.3637,280.0,18202.0,2331.375
6947,7.403,6.8027,1.4877,7.076,276.0,13515.0,2331.375
6948,7.0763,6.3803,2.0274,7.4491,276.0,15251.0,2331.375
6949,7.4434,7.021,1.3264,6.7865,277.0,18458.0,2331.375
6950,6.7935,6.4427,1.3015,6.542,280.0,19608.0,2331.375
6951,6.6135,6.357,1.6703,7.0371,278.0,13367.0,2331.375
6952,7.0231,6.8548,1.5839,7.6078,278.0,15001.0,2331.375
6953,7.6297,6.4124,1.5211,6.8917,252.0,9939.0,2331.375
6954,6.9088,7.1038,1.8598,7.182,278.0,12671.0,2331.375
6955,7.0741,6.3252,1.5359,6.8496,278.0,11743.0,2331.375
6956,6.9878,6.3405,1.708,7.2599,257.0,10019.0,2331.375
6957,7.1787,6.7845,1.5135,6.6829,282.0,12253.0,2331.375
6958,6.649,6.3936,1.4395,8.7019,284.0,15823.0,2331.375
6959,8.856,6.8948,1.8136,6.3635,280.0,13255.0,2331.375
6960,6.2673,6.4243,1.779,7.4818,280.0,12907.0,2331.375
6961,7.4698,6.7149,1.636,6.8316,283.0,13443.0,2331.375
6962,6.8409,6.3729,1.7302,7.2069,278.0,13069.0,2331.375
6963,7.2076,6.3955,1.896,7.0844,277.0,13519.0,2331.375
6964,7.0332,6.7929,1.4342,7.1517,276.0,13085.0,2331.375
6965,7.2876,6.3626,1.6619,7.3938,277.0,12195.0,2331.375
6966,7.2704,6.8619,1.5919,6.8795,279.0,13027.0,2331.375
6967,6.9212,6.4337,2.0921,6.8663,277.0,12773.0,2331.375
6968,6.8367,6.9539,1.675,7.2245,280.0,14052.0,2331.375
6969,7.2941,6.3382,1.6697,6.3238,284.0,17635.0,2331.375
6970,6.2929,6.3876,2.628,8.061,278.0,13651.0,2331.375
6971,8.0593,6.8303,2.0464,6.3724,279.0,14574.0,2331.375
6972,6.3803,6.3455,1.501,8.0186,277.0,20079.0,2331.375
6973,8.0054,6.9962,2.3463,6.4302,281.0,23584.0,2331.375
6974,6.473,6.312,1.2833,8.3573,281.0,18885.0,2331.375
6975,8.2832,6.8803,1.3727,6.3235,283.0,24856.0,2331.375
6976,6.3685,6.412,1.6085,6.7504,247.0,9253.0,2331.375
6977,6.7648,6.4638,1.2845,7.3994,243.0,9109.0,2331.375
6978,7.3733,6.8229,1.9251,7.3878,259.0,10021.0,2331.375
6979,7.3886,6.329,1.8265,7.1595,244.0,9143.0,2331.375
6980,7.1699,6.797,1.8662,6.6984,256.0,9959.0,2331.375
6981,6.7255,6.3934,1.4715,7.4951,268.0,10631.0,2331.375
6982,7.4224,6.9562,1.4376,6.6998,263.0,10939.0,2331.375
6983,6.7056,6.3775,1.7648,7.2773,278.0,12021.0,2331.375
6984,7.2709,6.4119,1.5991,7.0808,276.0,11997.0,2331.375
6985,7.1434,6.8262,1.5801,7.5836,278.0,11743.0,2331.375
6986,7.5042,6.3524,1.7948,6.9808,278.0,11279.0,2331.375
6987,7.0315,7.0703,2.3669,6.7736,279.0,11447.0,2331.375
6988,6.8403,6.3761,1.5709,7.4285,272.0,12251.0,2331.375
6989,7.3459,6.7658,1.3808,6.7763,281.0,18219.0,2331.375
6990,6.9009,6.3689,1.8705,8.3442,281.0,12911.0,2331.375
6991,8.3374,6.4805,2.0032,6.413,266.0,10323.0,2331.375
6992,6.4007,6.8525,2.4011,7.1249,253.0,9757.0,2331.375
6993,7.06,6.439,1.4245,6.972,285.0,17073.0,2331.375
6994,6.9295,7.012,1.7439,7.603,282.0,15107.0,2331.375
6995,7.6802,6.4088,1.9471,7.0071,280.0,17167.0,2331.375
6996,6.9701,6.7736,1.8473,7.0308,277.0,17413.0,2331.375
6997,7.0134,6.3907,1.6764,6.3944,278.0,20003.0,2331.375
6998,6.4578,6.4659,1.6542,7.399,278.0,19117.0,2331.375
6999,7.3965,6.4266,1.6676,7.266,280.0,18201.0,2331.375
7000,7.2699,6.4184,1.787,6.8154,280.0,22317.0,2331.375
7001,6.795,6.9433,1.5564,6.9402,269.0,12143.0,2331.375
7002,7.0131,6.3467,1.6546,8.0741,282.0,21675.0,2331.375
7003,8.0626,6.7465,1.6216,8.0285,281.0,15853.0,2331.375
7004,7.9865,6.4023,1.9251,6.7752,284.0,18037.0,2331.375
7005,6.8864,6.3814,2.199,7.3797,284.0,14761.0,2331.375
7006,7.2801,6.4327,2.0445,6.6548,283.0,13183.0,2331.375
7007,6.7178,6.4649,1.6341,7.9693,282.0,11651.0,2331.375
7008,7.9351,7.114,1.6758,6.8488,281.0,12637.0,2331.375
7009,6.8436,6.3422,1.601,6.993,278.0,13113.0,2331.375
7010,6.9613,6.7854,1.6043,6.7574,262.0,11225.0,2331.375
7011,6.7645,6.3115,1.8983,6.1902,249.0,9587.0,2331.375
7012,6.2061,6.3803,1.734,7.9697,247.0,9515.0,2331.375
7013,7.9607,6.7961,2.3392,6.8798,276.0,10701.0,2331.375
7014,6.8739,6.4277,1.6468,7.5202,277.0,10473.0,2331.375
7015,7.5446,7.1372,1.7434,6.8631,280.0,12115.0,2331.375
7016,6.9164,6.3676,1.7015,7.5704,277.0,11169.0,2331.375
7017,7.4621,6.7796,1.655,6.5423,280.0,14522.0,2331.375
7018,6.5812,6.4267,1.8641,7.5552,277.0,14341.0,2331.375
7019,7.6053,6.5697,1.9177,7.4373,280.0,14748.0,2331.375
7020,7.4681,6.8333,1.8438,6.8473,277.0,17891.0,2331.375
7021,6.8086,6.3131,1.8239,7.735,282.0,20015.0,2331.375
7022,7.7381,6.8202,1.9746,6.7241,284.0,17738.0,2331.375
7023,6.7428,6.4722,1.8173,7.126,284.0,21278.0,2331.375
7024,7.0709,6.8909,1.6919,6.6263,279.0,46017.0,2331.375
7025,6.6549,6.4341,1.5647,7.1172,280.0,26185.0,2331.375
7026,7.0951,6.4238,1.5785,7.4071,281.0,24649.0,2331.375
7027,7.3676,6.8076,1.4831,7.3915,282.0,26731.0,2331.375
7028,7.468,6.3736,1.4771,7.1962,276.0,15395.0,2331.375
7029,7.0914,6.8777,1.61,7.2573,280.0,20443.0,2331.375
7030,7.338,6.377,1.5029,6.8858,280.0,23739.0,2331.375
7031,6.8006,6.7799,1.6857,7.3547,278.0,18067.0,2331.375
7032,7.4354,6.3882,1.8211,6.556,276.0,21507.0,2331.375
7033,6.5428,6.563,1.7452,7.7294,278.0,23155.0,2331.375
7034,7.7688,6.5064,1.8997,6.9013,278.0,14583.0,2331.375
7035,6.8495,6.3981,1.2651,7.8348,274.0,19118.0,2331.375
7036,7.8353,7.0911,1.5683,7.4754,243.0,9131.0,2331.375
7037,7.521,6.4778,2.1808,6.2031,245.0,9111.0,2331.375
7038,6.2512,6.8166,1.5924,7.9369,280.0,11259.0,2331.375
7039,7.858,6.3878,1.6235,6.4271,282.0,17071.0,2331.375
7040,6.483,6.6419,1.512,8.1791,279.0,9685.0,2331.375
7041,8.6155,6.8619,2.2283,6.409,280.0,9601.0,2331.375
7042,5.9177,6.3736,1.6066,7.5022,278.0,9721.0,2331.375
7043,7.5106,6.9414,1.8008,6.935,279.0,18212.0,2331.375
7044,6.9722,6.405,1.5367,7.432,276.0,13515.0,2331.375
7045,7.3527,6.8671,1.8088,7.1118,279.0,15287.0,2331.375
7046,7.2204,6.4078,2.3813,6.8086,276.0,18446.0,2331.375
7047,6.7624,6.5695,2.1092,7.3817,280.0,19608.0,2331.375
7048,7.3621,6.4321,1.829,6.6347,278.0,13367.0,2331.375
7049,6.7043,6.3482,1.6229,7.8353,278.0,15001.0,2331.375
7050,7.7978,6.9021,2.0463,6.6855,252.0,9939.0,2331.375
7051,6.6573,6.3502,1.6236,7.8814,278.0,12671.0,2331.375
7052,7.9053,6.8414,1.8315,6.4912,277.0,11731.0,2331.375
7053,6.4604,6.4211,2.4353,7.186,261.0,10071.0,2331.375
7054,7.282,6.5999,1.829,7.4157,282.0,12253.0,2331.375
7055,7.4174,6.8974,1.916,7.2601,281.0,15787.0,2331.375
7056,7.1952,6.4457,1.8025,6.9462,280.0,13277.0,2331.375
7057,6.9284,7.0301,1.9689,7.0513,279.0,12895.0,2331.375
7058,7.0663,6.3597,1.5386,7.4927,279.0,13395.0,2331.375
7059,7.4826,6.8828,2.3802,6.5966,277.0,13079.0,2331.375
7060,6.6581,6.3074,1.7114,7.4686,279.0,13543.0,2331.375
7061,7.5351,6.3403,25.041,7.2445,277.0,13097.0,2331.375
7062,25.2217,6.3403,2.9042,6.252,277.0,12195.0,2331.375
7063,5.7243,6.3403,3.2659,7.3847,280.0,13197.0,2331.375
7064,7.2659,6.9835,3.2723,7.2085,275.0,12591.0,2331.375
7065,7.2341,6.3347,1.8419,7.2552,279.0,14040.0,2331.375
7066,7.2073,6.7863,1.8232,6.9992,281.0,17599.0,2331.375
7067,7.0767,6.4,2.1841,6.6949,278.0,13651.0,2331.375
7068,6.6883,6.3831,1.9063,7.0967,280.0,14586.0,2331.375
7069,7.0503,6.3358,1.5277,6.7479,282.0,20095.0,2331.375
7070,6.7529,6.4248,1.5056,7.4575,284.0,23620.0,2331.375
7071,7.4272,7.0197,1.5209,6.7858,280.0,18873.0,2331.375
7072,6.8351,6.3963,1.1095,7.2331,280.0,24842.0,2331.375
7073,7.2875,6.7825,1.4842,6.876,245.0,9181.0,2331.375
7074,6.786,6.3412,1.7408,6.5567,244.0,9121.0,2331.375
7075,6.5509,6.269,1.9012,7.7053,258.0,10031.0,2331.375
7076,7.7939,6.9426,2.6295,6.4074,241.0,9107.0,2331.375
7077,6.3924,6.3289,1.6422,7.5946,254.0,9935.0,2331.375
7078,7.5278,6.9722,1.7787,7.1958,268.0,10631.0,2331.375
7079,7.2226,6.4484,1.4009,7.3008,265.0,11011.0,2331.375
7080,7.2128,6.8287,1.3901,7.4325,277.0,12009.0,2331.375
7081,7.4847,6.4215,1.5984,6.4699,278.0,12485.0,2331.375
7082,6.4607,6.3371,1.7479,7.9442,281.0,11315.0,2331.375
7083,7.991,6.2691,1.9913,6.3131,277.0,11267.0,2331.375
7084,6.318,6.3607,1.3014,7.0858,278.0,11435.0,2331.375
7085,7.3053,6.9837,1.9547,7.3104,276.0,12351.0,2331.375
7086,7.0677,6.3802,2.0176,7.127,281.0,18219.0,2331.375
7087,7.0425,6.86,1.4465,7.3565,280.0,12899.0,2331.375
7088,7.3784,6.4481,1.2501,6.2697,264.0,10321.0,2331.375
7089,6.3211,6.3577,1.1055,7.1807,253.0,10713.0,2331.375
7090,7.198,6.3991,1.5259,7.0737,282.0,16033.0,2331.375
7091,7.0267,6.3359,1.4925,7.2171,278.0,15949.0,2331.375
7092,7.2628,7.0092,1.6393,7.3687,278.0,16775.0,2331.375
7093,7.2975,6.4057,1.3643,6.7859,278.0,17293.0,2331.375
7094,6.8321,6.7923,1.3992,7.1708,278.0,19635.0,2331.375
7095,7.146,6.3285,1.4295,6.8557,277.0,19105.0,2331.375
7096,6.887,6.3998,1.1425,7.3998,280.0,18569.0,2331.375
7097,7.4858,6.9197,1.6068,6.8348,281.0,21961.0,2331.375
7098,6.7532,6.3601,1.3302,7.4557,277.0,13609.0,2331.375
7099,7.5072,6.9936,1.5772,6.5126,279.0,22293.0,2331.375
7100,6.4866,6.3069,1.787,7.3707,282.0,17010.0,2331.375
7101,7.4471,6.3529,1.7316,7.2161,284.0,15016.0,2331.375
7102,7.2046,6.2925,1.4883,6.4995,286.0,14929.0,2331.375
7103,6.3935,6.4139,2.0286,7.759,281.0,13255.0,2331.375
7104,7.7957,6.926,2.5138,6.6428,276.0,11409.0,2331.375
7105,6.6159,6.3839,1.6901,7.5701,278.0,13529.0,2331.375
7106,7.6238,7.0954,1.8655,7.0667,281.0,12221.0,2331.375
7107,7.0313,6.3574,1.7212,6.6959,255.0,10875.0,2331.375
7108,6.7265,6.3594,1.7118,7.1194,250.0,9551.0,2331.375
7109,7.07,6.7504,1.5477,6.8481,248.0,9527.0,2331.375
7110,6.9296,6.3552,1.6397,7.9835,278.0,10725.0,2331.375
7111,7.9394,6.9872,1.8223,7.2963,280.0,10509.0,2331.375
7112,7.3396,6.2957,1.962,7.5999,278.0,12091.0,2331.375
7113,7.567,6.4953,1.7962,6.6047,278.0,11181.0,2331.375
7114,6.581,6.3614,1.6666,6.5828,279.0,14510.0,2331.375
7115,6.638,6.375,1.5225,7.3928,278.0,14353.0,2331.375
7116,7.3029,6.8706,1.7296,7.8118,279.0,14736.0,2331.375
7117,7.8895,6.3621,1.9538,7.2965,280.0,17883.0,2331.375
7118,7.2043,6.9161,1.6538,7.2041,284.0,20039.0,2331.375
7119,7.228,6.4986,1.6368,6.6585,282.0,17714.0,2331.375
7120,6.7127,7.1076,1.6496,7.6601,281.0,21264.0,2331.375
7121,7.6394,6.3933,1.6391,7.1842,281.0,46041.0,2331.375
7122,7.2529,6.9817,1.6324,7.4434,283.0,26221.0,2331.375
7123,7.4541,6.4164,2.4989,6.3863,277.0,24623.0,2331.375
7124,6.2551,6.3083,1.4163,7.91,278.0,26683.0,2331.375
7125,7.9283,6.8742,1.7746,6.797,278.0,15419.0,2331.375
7126,6.8417,6.3924,1.6713,7.754,280.0,20443.0,2331.375
7127,7.846,6.7672,2.1623,7.2647,282.0,23763.0,2331.375
7128,7.1672,6.4249,1.7878,7.2798,280.0,18091.0,2331.375
7129,7.2517,7.0779,1.6513,6.8232,277.0,21519.0,2331.375
7130,6.8921,6.4085,2.0258,7.0836,278.0,23155.0,2331.375
7131,7.0342,6.3667,1.6667,7.4891,277.0,14571.0,2331.375
7132,7.5228,7.0306,1.7368,6.9,275.0,19130.0,2331.375
7133,6.9501,6.3844,1.4975,7.1393,246.0,9123.0,2331.375
7134,7.0217,6.7751,1.3596,6.6204,247.0,9135.0,2331.375
7135,6.6095,6.3752,1.1652,7.7854,281.0,11283.0,2331.375
7136,8.0098,6.9975,2.39,8.5881,280.0,17069.0,2331.375
7137,8.5341,6.6021,1.8475,7.2031,280.0,9697.0,2331.375
7138,7.2151,6.5545,2.2235,7.6253,281.0,9613.0,2331.375
7139,7.5963,6.3387,1.9837,6.5347,277.0,9731.0,2331.375
7140,6.7494,7.0113,2.8678,11.6842,280.0,18224.0,2331.375
7141,11.4177,6.8258,3.0255,9.7045,278.0,13539.0,2331.375
7142,9.7663,6.8258,2.5233,7.3567,277.0,15275.0,2331.375
7143,7.2809,6.3963,2.1248,8.7338,277.0,18458.0,2331.375
7144,8.7954,6.3963,2.052,6.9015,280.0,19608.0,2331.375
7145,6.946,6.3631,1.6833,8.4199,276.0,13343.0,2331.375
7146,8.4275,6.3631,2.0153,8.1337,278.0,15001.0,2331.375
7147,8.0594,6.4499,1.9007,6.747,252.0,9939.0,2331.375
7148,6.774,6.376,2.4031,8.221,276.0,12647.0,2331.375
7149,8.1843,6.8436,2.1574,6.9329,280.0,11723.0,2331.375
7150,6.926,6.3011,1.4104,7.4854,265.0,10359.0,2331.375
7151,7.4322,6.9086,1.2365,7.4917,281.0,12241.0,2331.375
7152,7.5757,6.414,1.6168,7.0557,279.0,15785.0,2331.375
7153,7.0884,6.3791,1.7145,8.4385,282.0,13835.0,2331.375
7154,8.4092,6.3791,1.8962,6.2639,283.0,12943.0,2331.375
7155,6.2097,6.9346,1.8817,7.3341,278.0,12871.0,2331.375
7156,7.301,6.5242,1.7627,8.6089,277.0,13079.0,2331.375
7157,8.6188,6.5242,2.0206,6.6027,279.0,13701.0,2331.375
7158,6.6461,6.7922,1.8251,7.6536,276.0,12927.0,2331.375
7159,7.6852,6.3689,1.4981,7.6031,276.0,12647.0,2331.375
7160,7.5795,6.9237,1.7535,6.4524,278.0,12709.0,2331.375
7161,6.4339,6.2966,1.7933,7.5732,276.0,14306.0,2331.375
7162,7.5857,6.9258,2.4386,7.5135,278.0,12181.0,2331.375
7163,7.633,6.3869,2.0956,6.6518,281.0,17611.0,2331.375
7164,6.6044,6.3158,1.9437,8.6706,278.0,13663.0,2331.375
7165,8.6437,6.9257,1.9885,6.382,282.0,14566.0,2331.375
7166,6.3822,7.1651,1.7517,9.7999,283.0,20475.0,2331.375
7167,9.7646,7.1651,1.9178,6.4234,281.0,23216.0,2331.375
7168,6.3898,6.346,1.544,7.3991,280.0,20044.0,2331.375
7169,7.5098,7.0301,1.8317,6.8099,278.0,23573.0,2331.375
7170,6.7763,6.3818,1.5892,8.4811,243.0,9157.0,2331.375
7171,8.4755,7.1011,2.3876,6.4862,240.0,9095.0,2331.375
7172,6.4598,6.3452,2.0252,7.9279,256.0,10007.0,2331.375
7173,7.9213,6.9521,1.3003,7.4215,241.0,9107.0,2331.375
7174,7.4418,6.3477,1.922,6.7138,256.0,9959.0,2331.375
7175,6.7246,6.5463,2.6267,8.1285,267.0,10619.0,2331.375
7176,8.0964,6.7395,1.8294,7.5235,268.0,11239.0,2331.375
7177,7.5461,6.3465,1.7625,7.7361,277.0,12009.0,2331.375
7178,7.7192,6.7222,2.2297,7.5339,279.0,12497.0,2331.375
7179,7.5317,6.3614,2.0402,7.113,278.0,11279.0,2331.375
7180,7.1148,6.3208,1.6468,8.4466,278.0,11279.0,2331.375
7181,8.4023,6.3208,1.7791,6.9426,284.0,11831.0,2331.375
7182,6.9629,6.7688,1.6356,6.8709,273.0,11851.0,2331.375
7183,7.0414,6.4547,2.5495,7.9823,282.0,18231.0,2331.375
7184,7.9074,6.5617,1.9916,7.1524,281.0,12885.0,2331.375
7185,7.0905,6.4082,1.4986,7.5049,262.0,10297.0,2331.375
7186,7.5595,7.0096,1.8562,8.4877,260.0,11733.0,2331.375
7187,8.4584,7.0096,1.631,5.8878,279.0,16395.0,2331.375
7188,5.8795,6.3294,1.2399,7.409,276.0,16505.0,2331.375
7189,7.5184,6.8606,1.9717,7.3513,281.0,16721.0,2331.375
7190,7.2019,6.3101,1.6948,7.5494,279.0,15791.0,2331.375
7191,7.5472,7.0204,2.2169,7.6549,279.0,22053.0,2331.375
7192,7.7351,6.3141,1.8419,6.298,279.0,18035.0,2331.375
7193,6.3289,6.7509,1.9202,9.1277,282.0,19595.0,2331.375
7194,9.1071,6.7509,1.9364,6.6138,280.0,20573.0,2331.375
7195,6.5249,6.7347,1.6069,8.2336,275.0,13757.0,2331.375
7196,8.2007,6.3037,1.5584,8.0108,282.0,23878.0,2331.375
7197,8.0415,6.3037,1.704,6.8669,283.0,14079.0,2331.375
7198,6.8647,6.4948,1.5459,8.5001,286.0,15040.0,2331.375
7199,8.5596,6.4948,1.9167,7.671,286.0,14881.0,2331.375
7200,7.7446,7.0496,1.9135,6.8449,280.0,13361.0,2331.375
7201,6.7041,6.3891,1.5162,7.7746,273.0,11693.0,2331.375
7202,7.8084,6.7478,1.765,6.7462,281.0,13101.0,2331.375
7203,6.7701,6.3943,1.7961,7.676,278.0,12207.0,2331.375
7204,7.7147,6.3725,1.9839,7.4428,258.0,10959.0,2331.375
7205,7.4115,6.3825,2.2073,6.998,247.0,9419.0,2331.375
7206,6.9137,6.3512,1.3968,8.0421,247.0,9467.0,2331.375
7207,8.1937,6.8472,1.9703,6.5442,277.0,10713.0,2331.375
7208,6.4656,6.2811,1.6167,7.7261,278.0,10485.0,2331.375
7209,7.8188,6.8096,1.8593,6.987,278.0,12091.0,2331.375
7210,6.8347,6.3868,1.4747,7.6571,278.0,11181.0,2331.375
7211,7.7477,6.9647,1.755,7.6584,280.0,14522.0,2331.375
7212,7.618,6.6816,1.8868,8.2368,279.0,14365.0,2331.375
7213,8.4836,6.3202,2.0246,6.4313,284.0,14752.0,2331.375
7214,6.1883,6.7912,1.6528,7.3685,281.0,17895.0,2331.375
7215,7.4159,6.4377,2.0398,7.5094,282.0,20015.0,2331.375
7216,7.454,6.9135,1.8729,7.6128,281.0,17724.0,2331.375
7217,7.6627,6.4075,1.8215,8.12,284.0,22896.0,2331.375
7218,8.0912,7.0064,1.9057,6.9392,283.0,44469.0,2331.375
7219,6.9336,6.3471,1.6117,7.1047,277.0,26171.0,2331.375
7220,7.1337,6.8629,1.8551,7.08,279.0,24955.0,2331.375
7221,7.0984,6.4155,1.8527,6.4916,279.0,26387.0,2331.375
7222,6.449,6.3905,1.685,7.7286,278.0,15419.0,2331.375
7223,7.7845,7.0374,1.9009,6.8454,279.0,20431.0,2331.375
7224,6.7873,6.3573,1.6429,6.9604,281.0,24119.0,2331.375
7225,6.9459,6.9962,1.8166,7.4868,279.0,19115.0,2331.375
7226,7.5598,6.2742,1.4557,6.8612,277.0,22923.0,2331.375
7227,6.9082,6.776,1.7219,7.3526,278.0,20471.0,2331.375
7228,7.2133,6.404,1.7464,6.3514,277.0,14911.0,2331.375
7229,6.4353,6.3937,1.6686,7.8636,276.0,18538.0,2331.375
7230,7.8193,6.5468,1.8739,6.1988,246.0,9123.0,2331.375
7231,6.1914,6.3708,1.582,7.303,246.0,9123.0,2331.375
7232,7.2989,6.9876,1.7839,7.3078,280.0,11281.0,2331.375
7233,7.281,6.3437,1.5542,6.9102,279.0,17057.0,2331.375
7234,7.0984,6.7761,1.7511,7.7072,279.0,9733.0,2331.375
7235,7.6083,6.3793,1.573,6.3567,276.0,9575.0,2331.375
7236,6.289,6.289,1.6476,7.8759,276.0,9671.0,2331.375
7237,7.9145,7.0397,1.8954,7.5569,279.0,17678.0,2331.375
7238,7.5732,6.4434,1.8567,7.4166,278.0,14073.0,2331.375
7239,7.4628,7.0271,1.8678,7.6612,279.0,15201.0,2331.375
7240,7.6339,6.3135,2.0139,7.2042,278.0,17120.0,2331.375
7241,7.2368,6.919,2.1273,7.1422,280.0,21044.0,2331.375
7242,7.0772,6.4029,1.8413,6.7799,278.0,13367.0,2331.375
7243,6.7936,6.3428,2.117,8.0267,277.0,14989.0,2331.375
7244,8.0345,6.8621,1.9415,6.4123,255.0,10071.0,2331.375
7245,6.4051,6.3792,1.8325,7.7646,282.0,12675.0,2331.375
7246,7.8302,6.8538,2.1997,7.2441,281.0,11735.0,2331.375
7247,7.2174,6.4294,1.528,6.8571,268.0,10443.0,2331.375
7248,6.7834,7.0781,1.8498,7.412,278.0,12655.0,2331.375
7249,7.4262,6.3597,1.764,7.8027,280.0,15369.0,2331.375
7250,7.9462,6.3863,2.0757,7.9502,282.0,13835.0,2331.375
7251,7.8956,6.3863,1.9483,6.9481,277.0,12893.0,2331.375
7252,6.9022,6.2732,1.859,7.3139,278.0,12871.0,2331.375
7253,7.2283,6.8288,1.6895,7.7792,276.0,13067.0,2331.375
7254,7.967,6.3668,2.0786,7.7904,278.0,13689.0,2331.375
7255,8.0294,6.9665,2.6756,7.2045,276.0,12927.0,2331.375
7256,6.8903,6.4161,1.8803,7.0859,278.0,12671.0,2331.375
7257,7.0313,7.009,1.5685,6.9073,279.0,14568.0,2331.375
7258,6.8429,6.3607,1.5685,7.3672,274.0,12387.0,2331.375
7259,7.4423,6.3071,1.5115,6.595,279.0,12193.0,2331.375
7260,6.7184,6.4253,1.8778,7.1197,281.0,17599.0,2331.375
7261,7.0023,6.3353,2.1772,7.4115,280.0,13263.0,2331.375
7262,7.4193,6.7545,1.7376,6.9995,283.0,14946.0,2331.375
7263,7.0307,6.4456,1.8135,7.2761,281.0,20451.0,2331.375
7264,7.2097,7.1193,1.7394,6.984,279.0,23214.0,2331.375
7265,6.9864,6.4153,1.7443,6.98,279.0,20080.0,2331.375
7266,7.0556,6.3294,1.8376,7.1498,279.0,23633.0,2331.375
7267,7.1804,6.8084,1.77,6.5044,241.0,9155.0,2331.375
7268,6.34,6.3457,1.2312,7.0259,243.0,9131.0,2331.375
7269,7.0472,6.9898,1.4512,7.2819,255.0,9995.0,2331.375
7270,7.3751,6.3167,1.5536,6.9895,241.0,9107.0,2331.375
7271,6.9822,6.9734,1.7813,7.4352,256.0,9959.0,2331.375
7272,7.384,6.2995,2.1686,6.7902,265.0,10595.0,2331.375
7273,6.7906,6.298,2.9079,7.1065,277.0,11683.0,2331.375
7274,7.1818,6.8093,2.155,7.2626,278.0,12299.0,2331.375
7275,7.2848,6.3648,1.6804,8.2149,277.0,12195.0,2331.375
7276,8.3291,6.9342,2.1269,7.0541,277.0,11267.0,2331.375
7277,6.9345,6.3312,1.9016,7.6432,282.0,11651.0,2331.375
7278,7.7084,7.0163,1.8745,6.8035,281.0,12425.0,2331.375
7279,6.713,6.4669,1.5829,6.9098,268.0,10457.0,2331.375
7280,6.9311,6.5699,1.6535,7.5018,279.0,18217.0,2331.375
7281,7.5083,6.776,2.4667,6.6523,278.0,12945.0,2331.375
7282,6.6149,6.3167,2.0678,7.096,262.0,10201.0,2331.375
7283,7.0908,7.0012,1.4973,7.0053,262.0,12291.0,2331.375
7284,6.9524,6.3517,1.0315,7.4924,281.0,16919.0,2331.375
7285,7.5222,6.7775,1.4719,6.925,277.0,15799.0,2331.375
7286,7.0006,6.3953,1.5889,6.7381,282.0,16951.0,2331.375
7287,6.6948,6.5845,2.7613,7.6123,277.0,15811.0,2331.375
7288,7.6258,6.8092,2.1551,6.6715,277.0,22353.0,2331.375
7289,6.6552,6.3438,1.5326,7.263,277.0,17275.0,2331.375
7290,7.2779,6.9943,1.7887,7.0579,281.0,20521.0,2331.375
7291,7.1194,6.3709,1.6837,6.9148,282.0,19659.0,2331.375
7292,6.8636,6.7881,1.6424,7.144,276.0,14755.0,2331.375
7293,7.1305,6.365,1.8836,6.6772,289.0,22932.0,2331.375
7294,6.7291,6.3703,1.7754,7.9443,283.0,13983.0,2331.375
7295,7.907,6.9008,1.8941,6.5693,283.0,15148.0,2331.375
7296,6.5866,6.4354,1.8309,7.7696,283.0,15283.0,2331.375
7297,7.8313,7.054,2.4574,6.7283,282.0,12969.0,2331.375
7298,6.6093,6.3139,1.6231,6.6257,273.0,11645.0,2331.375
7299,6.7546,6.7434,1.6856,7.5731,276.0,13527.0,2331.375
7300,7.5013,6.4081,1.7365,7.0779,277.0,11731.0,2331.375
7301,7.1453,6.3763,1.6375,6.5792,256.0,10839.0,2331.375
7302,6.5273,6.835,2.0886,7.1246,245.0,9395.0,2331.375
7303,7.0872,6.3562,1.6992,7.3396,246.0,9407.0,2331.375
7304,7.3625,7.0005,1.547,7.5256,278.0,10725.0,2331.375
7305,7.5074,6.3707,1.6702,6.8851,282.0,10533.0,2331.375
7306,6.893,6.753,1.6018,7.3618,277.0,12079.0,2331.375
7307,7.3258,6.4255,1.449,6.4069,278.0,11181.0,2331.375
7308,6.3515,6.3572,1.2686,8.0419,279.0,14510.0,2331.375
7309,8.0806,7.2849,1.7587,6.8342,281.0,14345.0,2331.375
7310,6.9055,6.4022,1.5279,7.6202,283.0,14740.0,2331.375
7311,7.5728,7.0192,1.4032,6.7461,282.0,17907.0,2331.375
7312,6.7351,6.4335,1.2725,6.9029,278.0,19989.0,2331.375
7313,7.1713,6.8498,2.0336,7.4345,281.0,17724.0,2331.375
7314,7.2006,6.3821,1.7188,6.1958,281.0,22860.0,2331.375
7315,6.1828,6.217,1.2688,7.417,277.0,44419.0,2331.375
7316,7.3961,6.5986,1.4595,7.2519,278.0,26183.0,2331.375
7317,7.245,6.4044,1.5548,7.496,279.0,24955.0,2331.375
7318,7.5048,7.0384,1.2994,6.8351,278.0,26375.0,2331.375
7319,6.878,6.3619,1.1865,7.473,279.0,15431.0,2331.375
7320,7.4247,7.0113,1.3762,7.0493,279.0,20431.0,2331.375
7321,7.0668,6.3039,1.5548,6.0377,279.0,24095.0,2331.375
7322,6.0689,6.341,1.1925,7.3683,276.0,19079.0,2331.375
7323,7.4684,6.9626,1.6954,7.2843,276.0,22911.0,2331.375
7324,7.2306,6.3566,1.4625,7.7676,277.0,20459.0,2331.375
7325,7.6916,6.8457,1.5473,6.5247,282.0,14927.0,2331.375
7326,6.5114,6.411,1.4578,6.8763,276.0,18538.0,2331.375
7327,7.1295,6.5983,1.8078,6.9254,246.0,9123.0,2331.375
7328,6.6908,6.7423,1.4461,7.3324,242.0,9097.0,2331.375
7329,7.3343,6.3741,1.6031,7.8135,280.0,11281.0,2331.375
7330,7.8811,6.7613,2.0314,6.7167,281.0,17081.0,2331.375
7331,6.6524,6.3657,1.5059,6.7699,279.0,9755.0,2331.375
7332,6.7352,6.7901,1.4913,7.139,277.0,9587.0,2331.375
7333,7.1455,6.4134,1.5979,7.0277,278.0,9695.0,2331.375
7334,7.0326,6.6202,2.2545,7.8681,280.0,17690.0,2331.375
7335,7.9693,6.9058,2.3894,6.5762,279.0,14085.0,2331.375
7336,6.5189,6.3976,1.86,7.4458,279.0,15201.0,2331.375
7337,7.4663,7.002,1.6142,6.8321,277.0,17108.0,2331.375
7338,6.82,6.3751,1.5436,7.3874,280.0,21044.0,2331.375
7339,7.3588,6.7754,1.594,6.7719,278.0,13367.0,2331.375
7340,6.8374,6.4306,1.65,6.695,276.0,14977.0,2331.375
7341,6.7039,6.5687,1.3905,7.5451,260.0,10087.0,2331.375
7342,7.46,6.7431,1.2839,6.8905,282.0,12675.0,2331.375
7343,6.9888,6.427,1.5461,7.0414,281.0,11735.0,2331.375
7344,7.0386,7.0382,2.0226,7.1488,268.0,10561.0,2331.375
7345,7.1399,6.4605,1.6338,7.2155,281.0,12691.0,2331.375
7346,7.171,6.8334,1.2198,7.198,279.0,15357.0,2331.375
7347,7.1658,6.3839,1.2984,6.7097,276.0,14319.0,2331.375
7348,6.79,6.3274,1.5759,7.9267,277.0,12359.0,2331.375
7349,7.8813,7.0653,1.5293,6.3642,279.0,12883.0,2331.375
7350,6.397,6.3874,1.4067,8.0856,277.0,13079.0,2331.375
7351,8.1352,7.4544,1.6953,6.8745,281.0,13725.0,2331.375
7352,6.8334,6.4345,1.8366,7.8528,278.0,12951.0,2331.375
7353,7.9154,6.8112,1.9989,6.5767,279.0,14530.0,2331.375
7354,6.5505,6.3719,1.5672,6.69,277.0,13065.0,2331.375
7355,6.609,6.5655,1.4816,7.446,273.0,12007.0,2331.375
7356,7.4779,6.7698,1.6299,6.7131,279.0,13881.0,2331.375
7357,6.7018,6.3232,1.6137,7.8394,287.0,15939.0,2331.375
7358,7.8012,6.8245,1.7888,6.7014,282.0,13287.0,2331.375
7359,6.7748,6.4883,2.1977,8.3239,279.0,14754.0,2331.375
7360,8.3392,7.144,2.3767,6.9069,280.0,20461.0,2331.375
7361,6.8361,6.3772,1.6845,6.2023,281.0,23238.0,2331.375
7362,6.2779,6.3471,1.767,7.1959,280.0,20092.0,2331.375
7363,7.1135,6.4365,1.8636,6.3892,278.0,23643.0,2331.375
7364,6.4832,6.1133,1.6587,6.2729,241.0,9107.0,2331.375
7365,6.1504,6.4359,1.4205,6.5962,241.0,9107.0,2331.375
7366,6.6765,5.954,1.5805,7.2204,255.0,9995.0,2331.375
7367,7.2479,5.9897,1.7632,6.2768,242.0,9119.0,2331.375
7368,6.2174,6.5819,1.4373,6.7155,254.0,9935.0,2331.375
7369,6.6685,5.9902,1.4335,7.3807,266.0,10607.0,2331.375
7370,7.5416,6.7016,1.8726,6.1549,276.0,11671.0,2331.375
7371,6.1181,6.0444,1.7558,6.4958,276.0,12275.0,2331.375
7372,6.4295,6.0259,1.6825,7.3253,276.0,12183.0,2331.375
7373,7.3456,6.4145,1.5602,6.3506,279.0,11199.0,2331.375
7374,6.3128,5.9855,1.5006,6.8562,281.0,11639.0,2331.375
7375,6.9058,6.6634,1.6373,6.4794,281.0,12425.0,2331.375
7376,6.5566,5.9283,1.7127,6.2787,269.0,10539.0,2331.375
7377,6.2278,6.1513,1.7953,7.1615,282.0,18253.0,2331.375
7378,7.1404,6.393,1.5554,6.5364,281.0,12981.0,2331.375
7379,6.4697,6.0018,1.2485,6.673,257.0,10115.0,2331.375
7380,6.7307,6.3777,1.649,6.9348,268.0,12555.0,2331.375
7381,6.9292,6.0647,1.5504,6.127,279.0,17263.0,2331.375
7382,6.1411,6.0174,1.7301,7.3051,276.0,16155.0,2331.375
7383,7.2872,6.525,1.8728,5.966,278.0,16535.0,2331.375
7384,5.9428,5.9661,1.4529,6.5222,281.0,18505.0,2331.375
7385,6.5582,6.6192,1.4835,7.2155,278.0,19351.0,2331.375
7386,7.3113,5.9734,2.3615,6.2656,277.0,18213.0,2331.375
7387,6.1637,6.027,1.7504,7.0953,281.0,19583.0,2331.375
7388,7.0564,6.4323,1.4637,6.7383,280.0,19635.0,2331.375
7389,6.716,6.0042,1.1765,7.08,288.0,19330.0,2331.375
7390,7.1151,6.6001,1.4529,6.1851,281.0,18361.0,2331.375
7391,6.1491,6.013,1.5516,6.2678,286.0,14067.0,2331.375
7392,6.3383,6.0522,1.7954,7.6194,282.0,15574.0,2331.375
7393,7.6169,6.5511,2.1197,6.774,282.0,14951.0,2331.375
7394,6.7693,6.014,1.8023,7.0469,278.0,13385.0,2331.375
7395,7.1875,6.4468,1.8304,5.8623,276.0,12503.0,2331.375
7396,5.6957,6.0067,1.292,6.6857,278.0,13135.0,2331.375
7397,6.857,6.2562,1.7911,7.2963,265.0,11523.0,2331.375
7398,7.1894,6.3904,1.6294,6.3298,251.0,9563.0,2331.375
7399,6.2946,5.956,1.5587,6.2559,244.0,9335.0,2331.375
7400,6.2022,6.392,1.425,6.2447,244.0,9335.0,2331.375
7401,6.3126,5.9559,1.4931,7.3163,279.0,10737.0,2331.375
7402,7.3862,6.1748,1.9681,6.5496,278.0,10485.0,2331.375
7403,6.5522,6.3269,1.6772,6.6082,279.0,12103.0,2331.375
7404,6.523,5.9368,1.7021,6.6376,279.0,11193.0,2331.375
7405,6.6636,6.6546,1.7533,6.7036,283.0,14514.0,2331.375
7406,6.7636,6.099,1.6541,9.5519,281.0,14345.0,2331.375
7407,9.5333,6.0797,2.6369,7.9408,286.0,14776.0,2331.375
7408,7.9282,6.0797,2.1904,6.0496,280.0,17905.0,2331.375
7409,6.0283,6.3075,2.0178,6.8031,278.0,19989.0,2331.375
7410,6.7387,6.4933,1.7208,6.5755,281.0,17724.0,2331.375
7411,6.681,6.0297,2.375,7.0066,278.0,22846.0,2331.375
7412,7.0083,6.6155,2.1946,6.5933,280.0,44455.0,2331.375
7413,6.5647,6.0047,1.6128,6.0203,279.0,26195.0,2331.375
7414,6.0097,6.0333,1.5731,7.8515,278.0,24943.0,2331.375
7415,7.8565,6.4588,1.7483,5.9885,282.0,26423.0,2331.375
7416,6.0309,5.9758,1.4121,6.6752,279.0,15431.0,2331.375
7417,6.6331,6.6328,2.252,7.2593,279.0,20431.0,2331.375
7418,7.2396,5.9989,2.2288,5.8513,281.0,24119.0,2331.375
7419,5.9303,6.2506,2.021,8.641,277.0,19091.0,2331.375
7420,8.6292,6.7579,2.7098,6.1541,276.0,22911.0,2331.375
7421,6.1447,5.9821,2.0453,7.0443,283.0,20487.0,2331.375
7422,7.0197,6.5357,1.848,6.8146,282.0,14927.0,2331.375
7423,6.7573,6.0699,1.7205,6.5109,277.0,18550.0,2331.375
7424,6.5514,6.6884,1.6392,6.5463,243.0,9109.0,2331.375
7425,6.5335,6.0497,1.6769,6.4565,245.0,9133.0,2331.375
7426,6.4023,5.9608,1.4759,7.5671,281.0,11293.0,2331.375
7427,7.6704,6.4322,1.8341,5.9283,279.0,17031.0,2331.375
7428,5.9198,5.9075,1.7212,6.4922,279.0,9755.0,2331.375
7429,6.4717,6.4173,1.6416,6.4907,277.0,9635.0,2331.375
7430,6.5414,5.9822,2.2766,6.5934,277.0,9683.0,2331.375
7431,6.571,5.9914,1.4361,7.9375,279.0,17828.0,2331.375
7432,7.8708,6.698,1.7482,6.0536,278.0,13923.0,2331.375
7433,6.0099,6.1035,1.2614,6.8676,279.0,15201.0,2331.375
7434,6.9149,6.6095,1.4631,6.8556,278.0,17120.0,2331.375
7435,6.8816,6.0629,1.8981,6.2548,282.0,21068.0,2331.375
7436,6.2759,6.0116,1.7481,8.001,278.0,13367.0,2331.375
7437,8.0179,6.5172,2.1672,6.3534,281.0,14993.0,2331.375
7438,6.3563,6.0044,1.6231,6.9573,258.0,9967.0,2331.375
7439,6.8976,6.7164,1.8449,6.6484,281.0,12663.0,2331.375
7440,6.6293,6.0345,1.657,6.3869,282.0,11769.0,2331.375
7441,6.3966,6.0092,1.9314,6.5121,275.0,10933.0,2331.375
7442,6.5565,6.4607,1.9047,6.7366,279.0,13017.0,2331.375
7443,6.7289,6.0273,1.9168,7.0774,278.0,15017.0,2331.375
7444,7.135,6.7089,1.8519,6.6667,277.0,14487.0,2331.375
7445,6.6669,6.0721,2.1352,6.6663,278.0,12215.0,2331.375
7446,6.5712,5.9891,2.1895,6.8287,277.0,13549.0,2331.375
7447,6.9144,6.3143,2.0648,6.7844,278.0,12559.0,2331.375
7448,6.7515,6.0467,1.668,6.4065,279.0,13543.0,2331.375
7449,6.3986,6.4126,1.5142,6.4801,277.0,12939.0,2331.375
7450,6.5131,6.0014,1.9176,7.3804,279.0,14994.0,2331.375
7451,7.4381,6.366,2.5381,7.3171,278.0,12895.0,2331.375
7452,7.3511,6.1213,1.9525,6.9325,268.0,11959.0,2331.375
7453,6.8208,6.1117,1.95,7.2409,282.0,13339.0,2331.375
7454,7.2618,6.8847,2.1477,7.0475,286.0,15927.0,2331.375
7455,7.0722,6.0156,2.0712,7.3104,282.0,13287.0,2331.375
7456,7.3293,6.4254,2.0365,6.8883,279.0,14872.0,2331.375
7457,6.8532,6.06,2.0215,6.2893,279.0,23025.0,2331.375
7458,6.2016,6.0114,1.7537,6.97,278.0,24003.0,2331.375
7459,7.0634,6.5293,1.676,6.4315,271.0,16757.0,2331.375
7460,6.3593,6.0709,1.5443,6.9703,276.0,23203.0,2331.375
7461,7.0819,6.7773,1.8572,7.2382,241.0,9107.0,2331.375
7462,7.2025,6.094,1.741,6.1733,243.0,9131.0,2331.375
7463,6.4313,5.9415,2.4408,5.988,258.0,10031.0,2331.375
7464,5.6983,6.4598,1.7901,7.5747,241.0,9107.0,2331.375
7465,7.6288,6.0788,1.8779,6.4734,255.0,9947.0,2331.375
7466,6.4087,6.6526,1.7134,7.3869,267.0,10619.0,2331.375
7467,7.4134,6.0594,1.8804,5.8169,277.0,11731.0,2331.375
7468,5.7647,6.2015,1.7064,7.4483,278.0,12299.0,2331.375
7469,7.5585,6.5413,2.1173,6.2689,281.0,12199.0,2331.375
7470,6.2221,6.0152,1.5477,7.0917,280.0,11163.0,2331.375
7471,7.1186,6.5437,1.8622,6.91,280.0,11627.0,2331.375
7472,6.9284,6.1019,2.3964,7.299,280.0,12435.0,2331.375
7473,7.2471,6.304,1.9172,6.3605,270.0,11063.0,2331.375
7474,6.298,6.467,1.6293,6.2569,280.0,17861.0,2331.375
7475,6.2996,6.0162,1.5358,6.8347,278.0,12967.0,2331.375
7476,6.7757,6.4951,2.2227,6.6562,260.0,10819.0,2331.375
7477,6.6371,6.0762,1.7258,6.2574,267.0,13347.0,2331.375
7478,6.3462,6.6703,1.9101,7.8834,281.0,17677.0,2331.375
7479,7.8558,6.1326,3.0821,6.6623,278.0,15193.0,2331.375
7480,6.615,6.062,1.4138,7.1644,279.0,16489.0,2331.375
7481,7.3462,6.7255,1.748,6.3734,279.0,19541.0,2331.375
7482,6.2852,6.112,1.688,7.3177,279.0,19031.0,2331.375
7483,7.3402,6.4881,1.6899,6.4971,280.0,20279.0,2331.375
7484,6.4869,6.0202,1.7374,6.0595,278.0,16211.0,2331.375
7485,6.0251,6.1035,1.5353,8.2741,287.0,25286.0,2331.375
7486,8.3312,6.4877,1.8155,5.6004,284.0,14579.0,2331.375
7487,5.5812,6.0288,1.7755,6.7817,272.0,16961.0,2331.375
7488,6.7441,6.6116,2.3214,7.211,283.0,14053.0,2331.375
7489,7.2698,6.0047,2.0791,6.3259,281.0,15562.0,2331.375
7490,6.2839,6.0888,1.6542,6.5893,282.0,14951.0,2331.375
7491,6.5375,6.6877,1.5753,6.6005,277.0,13395.0,2331.375
7492,6.6549,5.9317,2.2972,7.0526,278.0,12527.0,2331.375
7493,7.0384,6.6668,1.7841,6.6005,277.0,13123.0,2331.375
7494,6.6263,6.0031,1.5371,6.2623,266.0,11535.0,2331.375
7495,6.2669,6.0314,2.2368,6.7913,252.0,9767.0,2331.375
7496,6.7757,6.4671,1.7283,6.6102,247.0,9419.0,2331.375
7497,6.6612,5.9777,1.6396,7.5924,277.0,10713.0,2331.375
7498,7.503,6.4878,1.5934,6.4792,278.0,10485.0,2331.375
7499,6.5817,6.0178,1.8342,7.0243,276.0,12067.0,2331.375
7500,7.0058,6.0959,2.3688,6.4515,278.0,11181.0,2331.375
7501,6.4312,6.5458,1.7446,6.8446,284.0,14526.0,2331.375
7502,6.8085,6.0324,1.5221,6.5188,281.0,14345.0,2331.375
7503,6.4948,6.5085,1.448,6.7991,283.0,14740.0,2331.375
7504,6.8819,5.988,1.5958,6.3825,279.0,17893.0,2331.375
7505,6.3089,6.2714,1.7866,6.9415,280.0,20013.0,2331.375
7506,7.0748,6.3868,1.6758,6.9771,280.0,17712.0,2331.375
7507,6.896,5.9573,1.7222,6.6663,282.0,22894.0,2331.375
7508,6.6981,6.5344,1.582,6.9543,278.0,44431.0,2331.375
7509,6.9259,6.0696,1.8322,5.8016,279.0,26195.0,2331.375
7510,5.8048,5.9563,1.6054,7.2845,279.0,24955.0,2331.375
7511,7.2054,6.0302,1.6749,6.604,278.0,26375.0,2331.375
7512,6.6086,6.1134,1.564,7.2265,278.0,15419.0,2331.375
7513,7.2454,6.7165,1.8719,6.632,279.0,20431.0,2331.375
7514,6.8759,6.0084,2.1461,5.9917,282.0,24131.0,2331.375
7515,5.8441,6.211,1.6292,8.0255,277.0,19091.0,2331.375
7516,8.1041,6.4136,2.0776,6.244,279.0,22947.0,2331.375
7517,6.1234,6.0416,1.8119,6.4069,282.0,20475.0,2331.375
7518,6.3769,6.4639,1.595,6.6723,280.0,14903.0,2331.375
7519,6.6439,6.135,1.7135,6.0231,276.0,18538.0,2331.375
7520,6.0806,6.1605,1.5535,7.658,246.0,9145.0,2331.375
7521,7.6715,6.4291,2.5804,5.7438,245.0,9133.0,2331.375
7522,5.6662,5.8835,1.5375,7.2905,278.0,11257.0,2331.375
7523,7.3563,6.6098,2.1463,6.6831,278.0,17019.0,2331.375
7524,6.7569,6.0011,1.6316,6.8043,278.0,9743.0,2331.375
7525,6.6965,6.0538,1.493,7.3006,277.0,9635.0,2331.375
7526,7.3737,5.9322,1.7897,5.8596,277.0,9683.0,2331.375
7527,5.8319,5.9843,1.9039,7.6032,279.0,17828.0,2331.375
7528,7.6434,6.6244,2.1332,7.0792,281.0,13959.0,2331.375
7529,7.0514,5.9614,1.8596,6.7725,279.0,15201.0,2331.375
7530,6.8191,6.5778,1.874,6.501,277.0,17108.0,2331.375
7531,6.4228,5.9795,1.7815,6.5413,281.0,21056.0,2331.375
7532,6.5302,6.063,1.5929,7.3313,277.0,13355.0,2331.375
7533,7.3216,6.7257,1.5697,6.2064,281.0,14993.0,2331.375
7534,6.2926,6.0349,1.554,6.9167,257.0,9955.0,2331.375
7535,6.9448,6.6763,1.9923,6.7098,281.0,12663.0,2331.375
7536,6.7088,6.0081,1.6027,6.5557,279.0,11733.0,2331.375
7537,6.416,6.0002,1.5352,6.6455,274.0,10969.0,2331.375
7538,6.7532,6.5195,1.7049,6.8922,279.0,13017.0,2331.375
7539,6.8258,6.0192,1.6794,7.0134,277.0,15005.0,2331.375
7540,7.0302,6.6332,1.7469,6.7226,277.0,14487.0,2331.375
7541,6.8487,6.0963,1.9209,6.3507,277.0,12203.0,2331.375
7542,6.2189,6.0694,1.2674,6.8069,279.0,13573.0,2331.375
7543,6.7628,6.5863,1.5944,6.4314,277.0,12547.0,2331.375
7544,6.5414,6.0024,1.8336,6.7749,276.0,13507.0,2331.375
7545,6.6924,6.4868,1.6329,7.5207,276.0,12927.0,2331.375
7546,7.6633,6.0336,2.026,6.4685,278.0,15350.0,2331.375
7547,6.4204,6.0779,1.4321,6.6891,276.0,12503.0,2331.375
7548,6.6228,6.4355,1.6791,6.651,271.0,12091.0,2331.375
7549,6.6534,6.0392,1.5311,6.796,282.0,13339.0,2331.375
7550,6.8104,6.6754,1.8301,7.0305,286.0,15927.0,2331.375
7551,7.0212,6.0365,1.7737,5.9987,280.0,13263.0,2331.375
7552,5.9573,6.0131,1.5564,7.7134,278.0,14764.0,2331.375
7553,7.7195,6.4906,1.7153,6.5919,281.0,23049.0,2331.375
7554,6.5867,5.9549,1.7855,7.0418,280.0,24337.0,2331.375
7555,7.1287,6.6653,2.3216,6.8153,278.0,19715.0,2331.375
7556,6.7654,6.1732,1.9397,5.6921,271.0,19911.0,2331.375
7557,5.7563,6.2858,1.742,7.4901,241.0,9107.0,2331.375
7558,7.3865,6.4246,1.7867,6.5918,244.0,9143.0,2331.375
7559,6.8007,5.9535,2.4789,6.6528,257.0,10019.0,2331.375
7560,6.5248,6.3779,1.9249,6.4482,242.0,9119.0,2331.375
7561,6.4995,6.0204,2.4559,6.3749,255.0,9947.0,2331.375
7562,6.3184,6.1876,1.6349,7.1485,267.0,10619.0,2331.375
7563,7.1883,6.3993,1.7064,5.9906,276.0,11719.0,2331.375
7564,5.9562,6.0034,1.5048,7.2068,277.0,12287.0,2331.375
7565,7.1538,6.6393,1.7749,6.2549,283.0,12223.0,2331.375
7566,6.2101,5.9561,1.4946,6.3471,281.0,11271.0,2331.375
7567,6.4862,6.364,1.5935,9.1566,282.0,11651.0,2331.375
7568,9.1862,6.364,1.9616,6.6097,280.0,12435.0,2331.375
7569,6.518,5.9969,1.5777,7.7927,268.0,10943.0,2331.375
7570,7.828,6.6518,1.7754,6.7657,278.0,17837.0,2331.375
7571,6.7326,5.9942,1.6952,6.6346,277.0,12955.0,2331.375
7572,6.6864,6.7496,2.5151,7.165,263.0,10855.0,2331.375
7573,7.135,6.2365,2.1244,9.0156,682.0,99147.0,2459.375
7574,9.0355,6.2365,2.0803,10.9677,303.0,13975.0,2459.375
7575,11.0272,7.5119,2.1762,9.0295,331.0,17685.0,2459.375
7576,9.0279,7.3548,2.3994,7.4226,338.0,19599.0,2459.375
7577,7.3485,6.1428,2.0294,7.4015,336.0,18587.0,2459.375
7578,7.3912,6.6691,1.8516,6.2613,336.0,18193.0,2459.375
7579,6.2613,6.1738,1.8836,7.1985,335.0,23105.0,2459.375
7580,7.2596,6.862,2.024,7.7989,335.0,23553.0,2459.375
7581,7.7282,6.1502,1.8799,7.6765,340.0,19147.0,2459.375
7582,7.7125,6.3959,2.2687,6.8711,643.0,83292.0,2459.375
7583,6.8823,6.8335,2.049,7.9602,344.0,20411.0,2459.375
7584,7.9426,6.7545,1.9342,7.6216,341.0,19981.0,2459.375
7585,7.6594,6.7529,2.1799,7.3904,335.0,19219.0,2459.375
7586,7.3396,6.2338,1.7763,7.5417,342.0,18431.0,2459.375
7587,7.5743,6.3321,1.8904,8.5109,338.0,18658.0,2459.375
7588,8.5866,6.3321,2.2863,8.2906,340.0,21033.0,2459.375
7589,8.2949,6.3672,2.5296,8.7474,329.0,15431.0,2459.375
7590,8.6971,6.7212,2.1949,8.4601,338.0,16803.0,2459.375
7591,8.4564,6.2909,2.2147,9.3191,336.0,17851.0,2459.375
7592,9.3393,6.8962,2.3063,8.7586,318.0,14867.0,2459.375
7593,8.7852,6.8962,2.4121,7.3283,310.0,13923.0,2459.375
7594,7.2366,6.356,2.2013,8.0756,305.0,13671.0,2459.375
7595,8.1845,6.4513,2.5867,9.4244,336.0,14977.0,2459.375
7596,9.3192,7.1623,2.4242,9.8744,336.0,14737.0,2459.375
7597,10.0334,7.1623,2.7209,7.852,339.0,16335.0,2459.375
7598,7.7471,7.1915,2.454,9.2134,341.0,15449.0,2459.375
7599,9.2749,7.1915,2.7867,6.4599,362.0,22382.0,2459.375
7600,6.3475,6.4485,1.8292,7.6149,337.0,18847.0,2459.375
7601,7.6348,7.1835,2.0021,7.1554,339.0,19242.0,2331.375
7602,7.0843,6.3652,1.6248,7.7167,338.0,22409.0,2331.375
7603,7.7368,6.8014,1.7179,6.4292,336.0,24515.0,2331.375
7604,6.3938,6.3248,1.5944,6.5411,341.0,22274.0,2331.375
7605,6.6335,6.5883,2.4694,8.0909,364.0,29450.0,2331.375
7606,8.1194,6.9447,2.0449,6.8415,338.0,49043.0,2331.375
7607,6.7989,6.4656,2.2762,8.1965,339.0,30807.0,2331.375
7608,8.2002,7.1088,2.2408,6.7334,337.0,29543.0,2331.375
7609,6.7158,6.4492,1.8709,8.2176,337.0,30975.0,2331.375
7610,8.2399,6.9571,1.9391,6.44,338.0,20031.0,2331.375
7611,6.4926,6.3821,1.7108,8.175,340.0,25055.0,2331.375
7612,8.1541,7.1204,1.943,6.7746,339.0,28707.0,2331.375
7613,6.7603,6.3981,1.7993,7.1768,341.0,23707.0,2331.375
7614,7.0982,6.5181,1.6579,7.2858,341.0,27539.0,2331.375
7615,7.303,7.0141,1.6792,7.3053,340.0,25063.0,2331.375
7616,7.4062,6.4383,2.0693,7.5439,341.0,19549.0,2331.375
7617,7.5082,7.2023,2.422,7.0616,332.0,23124.0,2331.375
7618,7.2044,6.4511,2.0573,6.7869,301.0,13697.0,2331.375
7619,6.6473,7.1011,1.9455,7.2139,299.0,13695.0,2331.375
7620,7.196,6.3867,1.7954,7.5561,337.0,15879.0,2331.375
7621,7.6126,6.4175,2.2438,7.3305,338.0,20431.0,2331.375
7622,7.2886,6.9461,1.5869,7.1338,337.0,14295.0,2331.375
7623,7.077,6.5142,1.6176,6.9422,335.0,14223.0,2331.375
7624,6.9521,7.0955,1.7199,7.3617,340.0,16822.0,2331.375
7625,7.4183,6.4804,1.6122,7.3225,338.0,20491.0,2331.375
7626,7.2749,7.1353,1.6284,7.5138,337.0,20105.0,2331.375
7627,7.4876,6.4058,2.1141,6.4793,339.0,18145.0,2331.375
7628,6.5751,6.3979,2.0219,7.4752,337.0,22591.0,2331.375
7629,7.4859,6.833,2.0788,6.8538,347.0,25889.0,2331.375
7630,6.7751,6.4724,1.8434,7.4812,339.0,17449.0,2331.375
7631,7.4622,7.1788,1.7855,6.9611,340.0,18671.0,2331.375
7632,7.0119,6.5302,1.8317,6.9726,309.0,14641.0,2331.375
7633,6.9285,7.0879,1.5691,9.0883,396.0,22031.0,2459.375
7634,9.2626,6.4001,1.8466,10.1963,338.0,16405.0,2459.375
7635,10.0958,7.3188,2.0117,7.546,336.0,15843.0,2459.375
7636,7.5648,6.4634,2.5524,7.3848,354.0,21199.0,2459.375
7637,7.3845,7.3114,2.1183,7.5861,367.0,33221.0,2459.375
7638,7.5312,6.5289,2.041,7.4933,388.0,25685.0,2459.375
7639,7.5949,7.102,1.8737,7.273,372.0,41287.0,2459.375
7640,7.2613,6.6412,1.8153,6.7818,338.0,21515.0,2459.375
7641,6.7888,6.5187,2.6954,7.524,340.0,19913.0,2459.375
7642,7.4882,7.0517,1.928,6.9382,340.0,20579.0,2459.375
7643,6.8788,6.5797,1.5108,7.6337,336.0,21247.0,2459.375
7644,7.7565,7.1668,2.1767,7.3946,338.0,22322.0,2459.375
7645,7.3003,6.5808,1.5298,8.129,343.0,19997.0,2459.375
7646,8.2027,7.1353,1.9236,6.3865,330.0,20689.0,2459.375
7647,6.3702,6.6079,1.7164,7.148,344.0,21010.0,2459.375
7648,7.1962,6.558,1.9026,7.5627,362.0,24218.0,2459.375
7649,7.4923,6.6258,2.4598,6.7281,342.0,21949.0,2459.375
7650,6.6814,6.5782,1.5732,7.7055,339.0,22102.0,2459.375
7651,7.7031,7.2414,1.676,7.1976,337.0,30809.0,2459.375
7652,7.2328,6.5745,1.9313,7.3641,338.0,32975.0,2459.375
7653,7.3346,7.015,1.7343,7.7495,336.0,28151.0,2459.375
7654,7.8202,6.5731,1.8942,7.5262,319.0,23819.0,2459.375
7655,7.47,7.0565,1.9887,6.5681,303.0,16703.0,2459.375
7656,6.5628,6.6174,1.7239,6.6829,300.0,16667.0,2459.375
7657,6.695,6.8277,1.688,8.0474,314.0,17555.0,2331.375
7658,8.0697,7.0113,2.0173,6.6106,299.0,16655.0,2331.375
7659,6.604,6.6743,1.6948,7.842,316.0,17531.0,2331.375
7660,7.8701,7.0548,1.9179,7.3317,327.0,18191.0,2331.375
7661,7.3213,6.5941,1.7011,7.8493,341.0,19307.0,2331.375
7662,7.8711,7.3297,2.0931,7.4518,342.0,19875.0,2331.375
7663,7.4196,6.7042,1.9143,7.4833,340.0,19759.0,2331.375
7664,7.4907,7.1243,1.8057,7.3408,362.0,22265.0,2331.375
7665,7.3391,6.696,1.6435,7.1208,341.0,19485.0,2331.375
7666,7.1313,6.6448,2.1766,7.4007,338.0,19237.0,2331.375
7667,7.3594,7.1818,1.6609,7.3522,329.0,18945.0,2331.375
7668,7.3158,6.727,1.158,7.7322,338.0,24291.0,2331.375
7669,7.8217,7.1082,1.4666,6.8969,333.0,20647.0,2331.375
7670,6.8516,6.6212,1.9335,7.3715,313.0,17699.0,2331.375
7671,7.3499,7.2621,1.8721,7.6702,335.0,24539.0,2331.375
7672,7.7841,6.54,2.0976,7.0644,305.0,18835.0,2331.375
7673,6.9752,6.5844,1.82,7.7785,337.0,23485.0,2331.375
7674,7.8354,6.9032,1.9834,7.15,339.0,23651.0,2331.375
7675,7.1657,6.563,1.7189,7.6928,339.0,23459.0,2331.375
7676,7.615,7.2038,2.2079,7.0388,338.0,23991.0,2331.375
7677,7.0967,6.6101,1.7723,7.7771,342.0,27043.0,2331.375
7678,7.8602,7.2128,2.5749,7.3308,342.0,28429.0,2331.375
7679,7.2014,6.707,1.8386,7.989,344.0,25435.0,2331.375
7680,8.047,7.0123,2.1218,7.2787,343.0,33456.0,2331.375
7681,7.2363,6.6938,2.0285,6.73,343.0,23681.0,2331.375
7682,6.7508,7.3057,1.8155,8.2617,339.0,23173.0,2331.375
7683,8.2937,6.6364,2.228,6.8328,337.0,22625.0,2331.375
7684,6.799,6.5506,1.8167,7.4204,340.0,21693.0,2331.375
7685,7.4568,7.1962,2.1778,7.5989,339.0,21838.0,2331.375
7686,7.56,6.552,1.9574,7.5445,342.0,24321.0,2331.375
7687,7.5873,7.0328,2.0774,6.9684,329.0,18599.0,2331.375
7688,6.9512,6.5618,1.8636,8.0171,335.0,20031.0,2331.375
7689,8.0423,7.1492,2.0305,7.0975,335.0,20815.0,2331.375
7690,7.0075,6.5305,1.7846,6.3872,319.0,18143.0,2331.375
7691,6.3974,6.778,1.8426,7.8892,306.0,16995.0,2331.375
7692,7.9311,7.0057,2.6858,6.7031,304.0,16875.0,2331.375
7693,6.6728,6.5306,1.618,7.6472,340.0,18197.0,2331.375
7694,7.6367,7.0483,1.6993,7.3504,339.0,17945.0,2331.375
7695,7.3339,6.6393,1.6601,7.5833,341.0,19575.0,2331.375
7696,7.6723,7.2353,2.0333,7.3445,336.0,18627.0,2331.375
7697,7.3702,6.6235,1.9535,7.5007,337.0,21956.0,2331.375
7698,7.4226,6.9696,1.9659,6.7501,340.0,21847.0,2331.375
7699,6.8502,6.5212,2.4492,7.2842,337.0,22204.0,2331.375
7700,7.2387,6.6871,2.5033,9.4144,337.0,25383.0,2331.375
7701,9.5171,6.536,2.6068,9.5596,338.0,27503.0,2331.375
7702,9.6119,6.536,2.3531,6.7374,341.0,25238.0,2331.375
7703,6.5433,6.5608,1.922,7.0462,339.0,30350.0,2331.375
7704,7.0668,6.5558,2.915,7.2986,337.0,51911.0,2331.375
7705,7.2994,7.0445,1.9268,7.8462,338.0,33675.0,2331.375
7706,8.2511,6.5111,2.6799,6.9909,337.0,32423.0,2331.375
7707,6.5788,7.1759,2.4712,7.8817,339.0,33879.0,2331.375
7708,7.8861,6.5517,1.7897,6.9769,335.0,22875.0,2331.375
7709,6.9808,7.1829,1.7229,7.3997,345.0,27951.0,2331.375
7710,7.5006,6.5722,2.0995,6.6439,345.0,31615.0,2331.375
7711,6.743,6.6205,2.0812,8.5977,340.0,26575.0,2331.375
7712,8.459,6.5681,2.0435,6.5429,342.0,30453.0,2331.375
7713,6.5414,6.5579,1.6892,8.3576,337.0,27929.0,2331.375
7714,8.2805,7.1526,2.0184,7.1203,340.0,22417.0,2331.375
7715,7.1342,6.607,2.1779,7.0313,332.0,26026.0,2331.375
7716,7.0504,7.145,2.2744,7.5757,299.0,16575.0,2331.375
7717,7.5612,6.6013,1.9736,7.3541,299.0,16575.0,2331.375
7718,7.3895,6.9003,1.9875,7.3832,334.0,18723.0,2331.375
7719,7.3504,6.5708,1.9,7.2425,333.0,23263.0,2331.375
7720,7.4308,6.6941,2.5042,7.2098,334.0,17151.0,2331.375
7721,7.0303,6.5489,1.9041,6.2357,342.0,17199.0,2331.375
7722,6.2075,6.0466,1.8294,7.7119,337.0,19678.0,2331.375
7723,7.8855,6.938,2.5106,6.2088,334.0,23335.0,2331.375
7724,6.0375,6.0942,1.7136,7.5631,336.0,22985.0,2331.375
7725,7.63,6.5627,2.7043,6.4035,339.0,20993.0,2331.375
7726,6.3374,6.1477,2.4652,6.4441,340.0,25475.0,2331.375
7727,6.5471,6.1055,1.6146,7.3603,343.0,28733.0,2331.375
7728,7.2868,6.7483,1.8633,6.1645,336.0,20327.0,2331.375
7729,6.2245,6.1003,1.7092,7.5999,335.0,21525.0,2331.375
7730,7.5736,6.6842,1.7746,6.0749,313.0,17773.0,2331.375
7731,6.0177,6.0245,1.5763,6.5489,334.0,19663.0,2331.375
7732,6.6053,6.0965,1.9701,7.1671,332.0,18887.0,2331.375
7733,7.2222,6.8771,2.0047,7.5491,334.0,18543.0,2331.375
7734,7.4598,6.0491,2.0546,6.3291,337.0,20519.0,2331.375
7735,6.3188,6.7965,1.8755,6.8474,334.0,22473.0,2331.375
7736,6.8618,6.1073,1.653,6.8551,333.0,21943.0,2331.375
7737,6.8812,6.1253,1.5822,6.8075,338.0,19563.0,2331.375
7738,6.7831,6.4584,1.7172,7.0023,339.0,21543.0,2331.375
7739,7.0051,6.0799,2.0019,6.3194,335.0,19869.0,2331.375
7740,6.3409,6.7244,1.8233,6.5656,333.0,20511.0,2331.375
7741,6.5217,6.0497,1.4733,6.7992,343.0,21303.0,2331.375
7742,6.8421,6.3194,1.4777,7.4856,341.0,22330.0,2331.375
7743,7.4937,6.5879,1.8403,6.3182,343.0,20013.0,2331.375
7744,6.3531,6.1161,1.6403,7.057,338.0,23198.0,2331.375
7745,6.9285,6.4717,1.4756,7.0436,337.0,19117.0,2331.375
7746,7.1181,6.1677,1.9532,6.3465,342.0,23404.0,2331.375
7747,6.4282,6.563,1.7898,7.5673,337.0,20771.0,2331.375
7748,7.5009,6.0825,1.9148,6.0369,330.0,22499.0,2331.375
7749,6.0041,6.0972,1.6368,7.3147,339.0,29664.0,2331.375
7750,7.3556,6.7537,1.9121,6.5765,335.0,35351.0,2331.375
7751,6.5231,6.1244,1.932,6.9597,336.0,25727.0,2331.375
7752,7.0463,6.517,1.6823,6.904,310.0,22767.0,2331.375
7753,6.8602,6.1166,1.8018,6.3093,300.0,16599.0,2331.375
7754,6.3969,6.0713,2.5751,6.5857,300.0,16599.0,2331.375
7755,6.4726,6.6797,2.3117,6.8934,316.0,17511.0,2331.375
7756,6.916,6.0523,1.5671,6.5473,298.0,16575.0,2331.375
7757,6.4968,6.6088,1.5688,7.1233,316.0,17467.0,2331.375
7758,7.1363,6.0125,1.5949,6.6634,326.0,18019.0,2331.375
7759,6.6427,6.1035,1.5692,7.0184,342.0,19251.0,2331.375
7760,7.0205,6.5968,1.6806,6.6126,337.0,19769.0,2331.375
7761,6.7119,6.0873,1.6654,7.055,337.0,19677.0,2331.375
7762,7.0694,6.7052,2.2487,6.6123,338.0,18761.0,2331.375
7763,6.5321,6.0554,1.6887,6.2799,334.0,19103.0,2331.375
7764,6.3082,6.3081,1.7328,7.4994,337.0,18927.0,2331.375
7765,7.5197,6.6227,1.9221,6.4448,333.0,22385.0,2331.375
7766,6.5236,6.1079,2.2198,7.5469,330.0,20259.0,2331.375
7767,7.5281,6.5113,1.9863,6.0154,332.0,20363.0,2331.375
7768,5.9492,6.1073,1.6261,5.9397,311.0,17211.0,2331.375
7769,5.9023,6.2694,1.5915,8.4383,332.0,24279.0,2331.375
7770,8.4684,6.4643,1.9365,5.4243,305.0,18803.0,2331.375
7771,5.4309,6.0471,1.4969,7.7018,332.0,23393.0,2331.375
7772,7.688,6.7172,1.6935,6.2441,338.0,23607.0,2331.375
7773,6.2873,6.0858,1.5313,7.2403,340.0,23395.0,2331.375
7774,7.2607,6.7361,1.992,6.8034,340.0,23939.0,2331.375
7775,6.7805,6.1002,1.7309,6.4374,340.0,26987.0,2331.375
7776,6.4469,6.1048,1.673,8.0865,339.0,28383.0,2331.375
7777,8.0933,7.1674,1.9603,6.1881,339.0,25365.0,2331.375
7778,6.0933,6.1051,1.6551,7.3393,340.0,33388.0,2331.375
7779,7.3696,6.5287,1.7905,6.3771,341.0,23647.0,2331.375
7780,6.4399,6.0583,1.601,6.6952,337.0,23183.0,2331.375
7781,6.7071,6.0949,1.643,6.9795,335.0,22661.0,2331.375
7782,6.883,6.8183,1.978,6.6831,339.0,21991.0,2331.375
7783,6.6814,6.1177,1.6971,6.979,339.0,21552.0,2331.375
7784,7.1347,6.7781,2.5591,6.4796,338.0,24285.0,2331.375
7785,6.3216,6.1551,2.0255,6.4546,339.0,20043.0,2331.375
7786,6.506,6.0908,1.875,8.3671,334.0,19103.0,2331.375
7787,8.3906,6.9792,2.1026,7.3101,322.0,20287.0,2331.375
7788,7.3532,6.2149,2.2336,6.8637,325.0,18371.0,2331.375
7789,6.8299,6.0601,2.1936,8.8205,307.0,16831.0,2331.375
7790,8.7842,6.0601,1.8222,5.7695,306.0,16819.0,2331.375
7791,5.8285,6.6538,1.8745,7.4404,339.0,18197.0,2331.375
7792,7.3195,6.1073,1.7821,6.0422,337.0,17955.0,2331.375
7793,6.1665,6.0828,2.108,7.3455,336.0,19549.0,2331.375
7794,7.2883,6.5535,1.8861,6.2895,337.0,18651.0,2331.375
7795,6.289,6.0669,1.7085,6.9999,336.0,21978.0,2331.375
7796,7.0057,6.7185,1.8067,6.9721,332.0,21785.0,2331.375
7797,6.9859,6.1407,1.8306,6.1841,338.0,22228.0,2331.375
7798,6.1841,6.71,1.8373,7.455,335.0,25371.0,2331.375
7799,7.4707,6.0745,1.9309,5.8596,336.0,27491.0,2331.375
7800,5.815,6.0456,1.5045,8.0961,338.0,25214.0,2331.375
7801,8.1195,6.543,2.2826,5.9494,340.0,30374.0,2331.375
7802,5.9709,6.1054,1.9137,6.1156,338.0,51935.0,2331.375
7803,6.1387,6.7567,1.714,7.681,336.0,33663.0,2331.375
7804,7.6411,6.1259,2.5851,6.4251,335.0,32411.0,2331.375
7805,6.5685,6.0788,2.2545,7.3324,341.0,33871.0,2331.375
7806,7.1998,6.7312,1.6877,6.3476,342.0,22927.0,2331.375
7807,6.3404,6.1042,1.6929,7.1885,339.0,27891.0,2331.375
7808,7.2012,6.5209,1.8306,6.2667,341.0,31601.0,2331.375
7809,6.1941,6.147,1.5866,6.6403,341.0,26621.0,2331.375
7810,6.6531,6.0947,2.0066,7.1215,338.0,30417.0,2331.375
7811,7.1906,6.7246,1.8681,6.4217,338.0,27975.0,2331.375
7812,6.4007,6.0658,1.7634,7.2463,334.0,22379.0,2331.375
7813,7.2014,6.538,1.6477,6.6963,332.0,26038.0,2331.375
7814,6.6808,6.0448,1.5898,5.8346,299.0,16587.0,2331.375
7815,5.934,6.0826,1.7333,7.1859,299.0,16587.0,2331.375
7816,7.0961,6.6816,1.4701,6.4971,334.0,18735.0,2331.375
7817,6.5729,6.0047,1.6502,7.1868,335.0,23287.0,2331.375
7818,7.205,6.2978,1.6978,7.0295,332.0,17127.0,2331.375
7819,6.9934,6.1055,1.5536,6.6612,334.0,17103.0,2331.375
7820,6.6631,6.1174,1.6124,6.8618,341.0,19726.0,2331.375
7821,6.7926,7.0904,1.623,7.0508,340.0,23363.0,2331.375
7822,7.0618,6.1272,1.544,6.4399,339.0,22977.0,2331.375
7823,6.4219,6.7083,1.4725,6.8306,340.0,21005.0,2331.375
7824,6.9173,6.0597,1.768,6.7201,336.0,25449.0,2331.375
7825,6.7316,6.105,1.9754,7.0166,340.0,28719.0,2331.375
7826,6.9618,6.4001,1.7644,7.194,338.0,20351.0,2331.375
7827,7.202,6.0723,1.7132,6.912,336.0,21559.0,2331.375
7828,7.0499,6.4658,1.8864,6.3485,311.0,17915.0,2331.375
7829,6.3338,6.09,2.2273,6.435,336.0,19687.0,2331.375
7830,6.4119,6.255,1.8566,6.8111,326.0,18719.0,2331.375
7831,6.8158,6.4361,2.5446,7.2449,335.0,19001.0,2331.375
7832,7.1406,6.1573,2.2943,6.7592,338.0,20181.0,2331.375
7833,6.7785,6.7883,1.7143,6.6911,335.0,22485.0,2331.375
7834,6.6525,6.0555,1.5363,6.8476,337.0,21991.0,2331.375
7835,6.848,6.6209,1.5535,7.2863,333.0,19503.0,2331.375
7836,7.3704,6.1065,1.7731,6.6285,337.0,21983.0,2331.375
7837,6.5798,6.0443,1.6104,7.4656,342.0,19569.0,2331.375
7838,7.9611,6.6902,2.3255,5.8529,340.0,20583.0,2331.375
7839,5.4822,6.0917,1.6238,7.147,338.0,21245.0,2331.375
7840,7.0525,6.7962,1.5042,7.222,341.0,22194.0,2331.375
7841,7.2176,6.0918,1.7647,6.308,339.0,21675.0,2331.375
7842,6.3309,6.0219,1.6102,6.9508,341.0,21594.0,2331.375
7843,6.8963,6.4514,1.5472,6.4111,337.0,19139.0,2331.375
7844,6.4678,6.0598,2.0994,7.8069,336.0,24352.0,2331.375
7845,7.9064,6.1357,2.4372,8.325,337.0,19773.0,2331.375
7846,8.2281,6.1357,2.2197,6.913,330.0,22355.0,2331.375
7847,6.9967,6.7653,2.302,7.2642,336.0,29628.0,2331.375
7848,7.1787,6.146,2.2118,5.8115,337.0,35375.0,2331.375
7849,5.7737,6.0057,1.5346,7.6459,336.0,25727.0,2331.375
7850,7.6674,6.6112,1.84,6.5339,311.0,22779.0,2331.375
7851,6.5008,6.1293,1.7159,6.6095,298.0,16575.0,2331.375
7852,6.6069,6.7302,1.8281,6.5491,317.0,17523.0,2331.375
7853,6.5893,6.021,1.8103,7.0239,303.0,16591.0,2331.375
7854,6.9813,6.1102,1.9625,6.7886,320.0,17515.0,2331.375
7855,6.7884,6.1321,1.8851,6.4558,327.0,18031.0,2331.375
7856,6.4258,6.1384,1.4741,7.6296,335.0,19189.0,2331.375
7857,7.6403,6.8075,1.6878,6.1952,335.0,19745.0,2331.375
7858,6.3197,6.126,1.9298,7.6717,339.0,19701.0,2331.375
7859,7.7816,6.6666,2.0058,6.4877,335.0,18747.0,2331.375
7860,6.3101,6.0648,2.2067,6.7893,336.0,19127.0,2331.375
7861,6.8809,6.0869,2.3161,6.5427,335.0,18903.0,2331.375
7862,6.4369,6.622,1.6943,7.065,336.0,22689.0,2331.375
7863,7.1189,6.0911,2.0388,6.4266,333.0,20327.0,2331.375
7864,6.4092,6.6857,1.738,6.9956,328.0,20063.0,2331.375
7865,6.9564,6.0794,1.6857,7.0242,309.0,17311.0,2331.375
7866,7.1672,6.2277,2.2083,7.3112,334.0,24131.0,2331.375
7867,7.1977,6.8179,2.2211,6.3887,307.0,18827.0,2331.375
7868,6.3964,6.1498,2.4812,7.1697,333.0,23405.0,2331.375
7869,7.1872,6.39,1.9513,6.3583,341.0,23599.0,2331.375
7870,6.4262,6.1057,1.8065,6.1993,339.0,23383.0,2331.375
7871,6.0835,6.0705,1.4398,7.208,341.0,23951.0,2331.375
7872,7.2348,6.5517,1.8964,6.6783,337.0,26973.0,2331.375
7873,6.6823,6.146,2.1229,7.0899,338.0,28371.0,2331.375
7874,7.1041,6.7158,1.8193,6.7769,339.0,25365.0,2331.375
7875,6.7282,6.0811,1.5719,6.4714,340.0,33410.0,2331.375
7876,6.4926,6.0905,1.4952,7.0889,338.0,23611.0,2331.375
7877,7.2379,6.6183,2.6398,7.1435,336.0,23171.0,2331.375
7878,7.0722,6.0965,1.7469,6.6102,337.0,22685.0,2331.375
7879,6.6357,6.6918,2.2017,7.2902,339.0,21991.0,2331.375
7880,7.2636,6.3373,1.8522,5.9989,336.0,21516.0,2331.375
7881,5.9435,6.312,1.6542,7.4538,340.0,24309.0,2331.375
7882,7.4817,6.6038,1.9781,6.2783,338.0,20031.0,2331.375
7883,6.2525,6.1667,1.8047,7.6191,334.0,19103.0,2331.375
7884,7.6463,6.521,1.8732,6.0266,327.0,20395.0,2331.375
7885,5.9407,6.0687,1.6955,6.4489,321.0,18231.0,2331.375
7886,6.5414,6.236,1.7763,7.1051,308.0,16843.0,2331.375
7887,7.0808,6.0655,1.925,6.5613,307.0,16831.0,2331.375
7888,6.536,6.0516,1.6603,7.1333,341.0,18243.0,2331.375
7889,7.2139,6.6696,1.5243,6.7526,336.0,17943.0,2331.375
7890,6.6358,6.0357,1.3978,7.1733,337.0,19561.0,2331.375
7891,7.1954,6.7237,1.6311,6.6286,333.0,18625.0,2331.375
7892,6.5836,5.9819,1.5278,7.2243,337.0,21990.0,2331.375
7893,7.2169,6.0276,1.5875,6.779,334.0,21809.0,2331.375
7894,6.9151,6.7573,1.9271,6.4827,338.0,22228.0,2331.375
7895,6.404,6.0959,1.767,7.7652,332.0,25335.0,2331.375
7896,7.8351,6.4992,2.1174,6.2969,335.0,27479.0,2331.375
7897,6.2477,6.0768,1.8602,6.7106,338.0,25214.0,2331.375
7898,6.7385,6.3013,1.9594,6.3045,337.0,30338.0,2331.375
7899,6.2564,6.5383,1.7566,7.1054,338.0,51935.0,2331.375
7900,7.1365,6.1146,1.734,7.2306,336.0,33663.0,2331.375
7901,7.2464,6.7566,1.9649,6.3041,344.0,32475.0,2331.375
7902,6.2709,6.1084,1.7243,6.8648,341.0,33871.0,2331.375
7903,6.8777,6.1131,1.8785,6.658,338.0,22879.0,2331.375
7904,6.6656,6.578,1.8315,7.24,340.0,27925.0,2331.375
7905,7.2527,6.0837,1.9688,7.0548,342.0,31613.0,2331.375
7906,7.0832,6.7167,1.9461,6.7607,335.0,26549.0,2331.375
7907,6.8186,6.0263,1.8693,6.2457,336.0,30415.0,2331.375
7908,6.131,6.2772,1.5951,6.4647,339.0,27987.0,2331.375
7909,6.479,6.096,1.6905,7.3383,335.0,22391.0,2331.375
7910,7.3068,6.0844,1.4343,6.5229,332.0,26038.0,2331.375
7911,6.5582,6.4288,1.9132,6.7497,300.0,16599.0,2331.375
7912,6.7767,6.0443,1.8502,5.7907,300.0,16599.0,2331.375
7913,5.8013,6.6681,1.798,8.2298,337.0,18771.0,2331.375
7914,8.219,5.9839,1.8195,6.1581,336.0,23299.0,2331.375
7915,6.201,6.0206,2.0208,6.6531,334.0,17151.0,2331.375
7916,6.6187,6.6719,2.1327,6.8116,334.0,17103.0,2331.375
7917,6.7397,6.1306,1.4771,6.7332,338.0,19646.0,2331.375
7918,6.706,6.5172,1.6143,6.915,337.0,23327.0,2331.375
7919,7.2811,6.072,1.767,5.9604,343.0,23025.0,2331.375
7920,5.7615,6.0659,1.6904,7.9313,339.0,21015.0,2331.375
7921,7.8798,6.7416,1.9052,6.0379,338.0,25473.0,2331.375
7922,5.9749,6.028,1.5887,7.0351,339.0,28707.0,2331.375
7923,7.1059,6.7113,2.5373,7.7463,336.0,20349.0,2331.375
7924,7.789,6.3222,1.9921,6.3699,335.0,21547.0,2331.375
7925,6.3441,6.1317,1.7522,6.6159,315.0,18475.0,2331.375
7926,6.5367,6.5552,1.7067,6.5257,337.0,19235.0,2331.375
7927,6.5838,6.0053,1.6636,7.0285,324.0,18695.0,2331.375
7928,6.9408,6.7312,1.6277,6.6559,334.0,19243.0,2331.375
7929,6.7332,6.0553,1.9534,6.4765,336.0,19999.0,2331.375
7930,6.4414,6.2733,1.6744,7.1963,336.0,22497.0,2331.375
7931,7.1989,6.5049,1.7099,6.7096,336.0,21979.0,2331.375
7932,6.7177,6.0843,1.5897,7.3621,337.0,19709.0,2331.375
7933,7.3571,6.4791,1.7754,6.0878,342.0,21841.0,2331.375
7934,6.1478,6.1517,1.6388,6.504,337.0,19665.0,2331.375
7935,6.5493,6.3582,1.8258,7.515,340.0,20891.0,2331.375
7936,7.5356,6.0591,2.5141,6.1039,338.0,20803.0,2331.375
7937,5.9552,6.0565,1.5579,6.9768,342.0,23894.0,2331.375
7938,6.9456,6.7464,1.5235,6.4513,337.0,19963.0,2331.375
7939,6.5127,6.0241,1.6789,7.6323,336.0,21508.0,2331.375
7940,7.7195,6.6982,2.013,6.9585,337.0,19139.0,2331.375
7941,6.8824,6.0961,1.9162,6.1782,340.0,24710.0,2331.375
7942,6.2064,6.0925,1.664,7.0111,337.0,19831.0,2331.375
7943,6.9645,6.7703,1.7983,6.399,327.0,22309.0,2331.375
7944,6.4305,6.0601,1.6931,7.3676,336.0,32262.0,2331.375
7945,7.3756,6.5102,1.64,6.4282,339.0,32455.0,2331.375
7946,6.3867,5.9969,1.6012,6.4981,332.0,25535.0,2331.375
7947,6.4951,6.0511,1.5128,6.7061,312.0,22791.0,2331.375
7948,6.7543,6.7108,1.6279,6.6883,302.0,16623.0,2331.375
7949,6.738,6.03,1.8226,6.539,318.0,17491.0,2331.375
7950,6.461,6.4688,1.6058,6.8217,303.0,16591.0,2331.375
7951,6.7864,6.1284,1.4694,6.7006,320.0,17515.0,2331.375
7952,6.7314,6.0047,1.8241,6.7775,326.0,18041.0,2331.375
7953,6.7572,6.5947,1.8071,7.2506,338.0,19225.0,2331.375
7954,7.3175,6.0261,1.7883,6.7941,338.0,19781.0,2331.375
7955,6.8044,6.6564,1.5443,6.7138,333.0,19651.0,2331.375
7956,6.6942,6.0576,1.673,6.2101,333.0,18723.0,2331.375
7957,6.1377,6.0629,1.3543,6.6556,336.0,19127.0,2331.375
7958,6.7326,6.5053,1.5046,6.9793,336.0,18915.0,2331.375
7959,6.9244,6.1218,1.6091,7.7037,336.0,22689.0,2331.375
7960,7.8041,6.5845,1.7571,7.2483,336.0,20603.0,2331.375
7961,7.2318,6.07,1.4553,5.9465,327.0,20127.0,2331.375
7962,5.8697,6.1944,1.4551,7.4372,308.0,16983.0,2331.375
7963,7.5034,6.5046,1.7127,6.2682,333.0,24119.0,2331.375
7964,6.2366,5.9492,1.7524,6.4963,305.0,18803.0,2331.375
7965,6.5007,6.479,1.7358,7.0077,341.0,24557.0,2331.375
7966,6.9127,6.0772,2.6715,6.4992,344.0,22631.0,2331.375
7967,6.6915,6.0694,1.7645,7.1121,338.0,23371.0,2331.375
7968,6.986,6.0964,1.4579,6.5012,338.0,24287.0,2331.375
7969,6.54,6.124,1.1401,7.1349,338.0,26635.0,2331.375
7970,7.1453,6.7496,2.1292,6.0269,338.0,30059.0,2331.375
7971,6.0471,6.0437,1.8362,6.9518,335.0,25903.0,2331.375
7972,6.8998,6.0435,1.294,6.9681,340.0,31158.0,2331.375
7973,7.0488,6.516,2.0953,6.005,339.0,23623.0,2331.375
7974,5.9671,6.048,1.6471,7.9325,336.0,23123.0,2331.375
7975,8.0406,6.5396,1.8142,6.1328,336.0,22673.0,2331.375
7976,6.0076,6.0577,2.3397,7.617,336.0,22503.0,2331.375
7977,7.5713,6.7683,2.1731,6.1657,339.0,21052.0,2331.375
7978,6.2185,6.0835,1.7396,6.6521,341.0,24321.0,2331.375
7979,6.6276,6.1389,1.7929,6.7579,333.0,19971.0,2331.375
7980,6.7149,6.5719,1.5086,6.5543,336.0,19127.0,2331.375
7981,6.7152,6.0894,1.774,7.0815,327.0,20255.0,2331.375
7982,6.9776,6.6634,1.9776,6.5545,322.0,18243.0,2331.375
7983,6.5239,6.0982,1.5632,6.0228,309.0,16855.0,2331.375
7984,6.1023,6.0856,1.6561,7.195,306.0,16841.0,2331.375
7985,7.1665,6.4509,1.5717,6.5744,337.0,18195.0,2331.375
7986,6.6008,5.9634,1.4557,6.4098,337.0,17955.0,2331.375
7987,6.3135,6.5111,1.2709,7.1806,339.0,19607.0,2331.375
7988,7.2325,6.0207,1.1899,6.2252,336.0,18661.0,2331.375
7989,6.2448,6.0839,1.5078,6.9669,336.0,21978.0,2331.375
7990,6.9037,6.7096,1.5737,6.721,334.0,21809.0,2331.375
7991,6.8084,6.0266,1.6548,8.3585,336.0,22204.0,2331.375
7992,8.4342,6.1488,2.1859,8.4826,335.0,25371.0,2331.375
7993,8.491,6.1488,2.3361,9.2961,336.0,27491.0,2331.375
7994,9.2938,7.0026,2.1445,6.8682,334.0,25166.0,2331.375
7995,6.8284,5.9489,1.7592,6.8325,336.0,30326.0,2331.375
7996,6.8587,6.6936,1.7572,6.9314,338.0,51935.0,2331.375
7997,6.8978,6.1444,1.9842,7.0433,338.0,33643.0,2331.375
7998,6.9855,6.105,1.8197,7.3671,343.0,32463.0,2331.375
7999,7.4882,6.6245,2.4059,7.4538,341.0,33871.0,2331.375
8000,7.454,6.069,1.9084,6.0506,340.0,22925.0,2331.375
8001,5.9756,6.5467,1.9998,7.1651,340.0,27925.0,2331.375
8002,7.1132,6.1036,1.867,6.018,339.0,31577.0,2331.375
8003,6.0523,6.172,1.8452,7.9486,336.0,26583.0,2331.375
8004,8.0025,6.1373,2.1186,6.8292,336.0,30415.0,2331.375
8005,6.8273,6.1037,2.201,7.3662,335.0,27939.0,2331.375
8006,7.3129,6.5355,2.0183,6.5087,336.0,22403.0,2331.375
8007,6.5425,6.5457,2.0283,9.3,333.0,26050.0,2331.375
8008,9.2705,6.5457,1.9226,6.832,299.0,16587.0,2331.375
8009,6.8766,6.1551,2.2657,6.2207,300.0,16599.0,2331.375
8010,6.3335,6.6691,2.304,10.9221,338.0,18783.0,2331.375
8011,10.9561,6.0283,3.2415,9.0581,336.0,23299.0,2331.375
8012,8.9876,6.0283,2.5806,7.8695,335.0,17163.0,2331.375
8013,7.8021,6.0609,2.4917,8.659,341.0,17143.0,2331.375
8014,8.6878,6.0609,2.1427,7.0214,340.0,19670.0,2331.375
8015,7.0376,6.1371,2.3448,6.0868,338.0,23339.0,2331.375
8016,5.9923,6.372,1.6682,7.494,334.0,22939.0,2331.375
8017,7.477,6.6011,1.7992,6.5645,335.0,20967.0,2331.375
8018,6.5576,6.0542,1.4197,6.7768,339.0,25485.0,2331.375
8019,6.811,6.4933,1.6951,5.9237,342.0,28765.0,2331.375
8020,5.8619,6.0299,1.4035,7.6131,336.0,20349.0,2331.375
8021,7.7455,6.2962,1.8639,6.503,332.0,21511.0,2331.375
8022,6.3598,6.5574,1.5999,6.4582,318.0,18511.0,2331.375
8023,6.5309,6.0789,1.7039,7.489,335.0,19211.0,2331.375
8024,7.4449,6.7423,1.6658,6.1598,327.0,18731.0,2331.375
8025,6.2249,6.0791,1.8036,7.5996,337.0,19279.0,2331.375
8026,8.4743,6.6012,3.0419,6.6557,332.0,19951.0,2331.375
8027,5.7368,6.0551,1.9942,5.8723,334.0,22473.0,2331.375
8028,5.8514,6.0905,1.4823,7.3008,336.0,21979.0,2331.375
8029,7.312,6.7607,1.6596,6.9048,339.0,19689.0,2331.375
8030,6.8785,5.9842,1.8255,7.2645,341.0,21829.0,2331.375
8031,7.2469,6.5424,1.7144,5.7177,340.0,19701.0,2331.375
8032,5.7175,6.084,1.5503,7.0609,341.0,20925.0,2331.375
8033,7.1244,6.0657,2.3846,6.5051,335.0,20767.0,2331.375
8034,6.5744,6.4656,1.9157,6.3837,339.0,23858.0,2331.375
8035,6.3202,6.0248,1.674,6.978,337.0,19985.0,2331.375
8036,7.0171,6.6484,1.3929,7.121,339.0,21592.0,2331.375
8037,7.2451,6.0637,2.3465,6.354,334.0,19103.0,2331.375
8038,6.1917,6.1004,1.6258,6.6039,338.0,24686.0,2331.375
8039,6.6573,6.5064,1.8578,6.8557,337.0,19831.0,2331.375
8040,6.7622,6.1229,1.9731,6.7795,334.0,22537.0,2331.375
8041,6.8247,6.4759,1.8573,6.4621,338.0,34342.0,2331.375
8042,6.4771,6.0559,1.707,6.5047,334.0,30707.0,2331.375
8043,6.4591,6.0505,2.0066,7.1426,330.0,24999.0,2331.375
8044,7.2182,6.6905,2.553,6.194,312.0,22743.0,2331.375
8045,6.134,6.052,1.5904,6.5668,304.0,16603.0,2331.375
8046,6.6101,6.4744,1.8537,7.0532,318.0,17491.0,2331.375
8047,7.0455,5.9937,1.6781,6.0547,308.0,16651.0,2331.375
8048,5.9822,6.0373,1.2566,7.6063,315.0,17477.0,2331.375
8049,7.7165,6.5026,1.7425,6.4334,326.0,18041.0,2331.375
8050,6.3744,5.9821,1.6806,7.4244,339.0,19237.0,2331.375
8051,7.5462,6.6716,1.7539,6.2736,335.0,19767.0,2331.375
8052,6.1553,6.0688,1.6126,6.3238,336.0,19687.0,2331.375
8053,6.3301,6.0792,1.5968,7.0397,337.0,18771.0,2331.375
8054,7.0632,6.684,1.9323,6.8201,333.0,19091.0,2331.375
8055,6.9278,6.0831,1.9312,7.5062,332.0,18867.0,2331.375
8056,7.3563,6.3745,1.7303,6.3869,338.0,22713.0,2331.375
8057,6.3469,6.0536,1.3819,6.1594,336.0,20603.0,2331.375
8058,6.2481,6.088,1.5156,7.7844,330.0,20259.0,2331.375
8059,7.7478,6.2045,2.1247,5.703,303.0,16827.0,2331.375
8060,5.7138,6.1075,1.5934,7.5836,333.0,24119.0,2331.375
8061,7.6198,6.401,1.6139,6.0815,311.0,18831.0,2331.375
8062,6.0873,6.0477,1.7682,7.0785,342.0,24569.0,2331.375
8063,7.1252,6.128,1.971,7.0227,340.0,22583.0,2331.375
8064,6.9218,6.5094,1.739,6.4155,338.0,23393.0,2331.375
8065,6.4018,6.0784,2.2802,6.9856,341.0,24323.0,2331.375
8066,6.9705,6.7167,2.0231,6.2443,338.0,26635.0,2331.375
8067,6.2876,6.0534,1.6594,6.8897,335.0,30045.0,2331.375
8068,6.872,6.0208,1.6069,7.9541,336.0,25915.0,2331.375
8069,8.6311,6.2338,2.4048,6.249,338.0,31134.0,2331.375
8070,5.6375,6.0717,1.6548,7.0835,339.0,23623.0,2331.375
8071,7.1528,6.7317,2.4343,6.1383,335.0,23111.0,2331.375
8072,6.0496,6.0522,1.5069,7.5623,337.0,22685.0,2331.375
8073,7.6382,6.7227,1.7224,6.6004,336.0,22503.0,2331.375
8074,6.5808,6.0953,1.8673,6.9613,338.0,21040.0,2331.375
8075,6.9644,5.9996,1.6515,6.727,338.0,24285.0,2331.375
8076,6.6367,6.475,1.7937,5.9897,337.0,20019.0,2331.375
8077,6.033,6.0389,1.6258,7.2539,339.0,19119.0,2331.375
8078,7.2431,6.6755,1.6879,6.8177,328.0,20411.0,2331.375
8079,6.8361,6.0511,1.61,6.3054,320.0,18075.0,2331.375
8080,6.2557,6.1044,1.4423,6.5904,307.0,16853.0,2331.375
8081,6.6339,6.5349,1.7525,7.1739,306.0,16841.0,2331.375
8082,7.0974,5.9899,1.525,6.7435,340.0,18231.0,2331.375
8083,6.7676,6.4903,1.7333,6.6173,335.0,17953.0,2331.375
8084,6.6543,6.0027,1.9057,6.8917,336.0,19571.0,2331.375
8085,6.8934,6.0785,1.6147,7.355,334.0,18637.0,2331.375
8086,7.2959,6.4406,1.6991,6.3855,342.0,22050.0,2331.375
8087,6.4429,6.0318,1.6459,6.966,335.0,21821.0,2331.375
8088,6.9678,6.5263,1.7413,6.6059,336.0,22204.0,2331.375
8089,6.709,6.0399,2.3287,6.6796,335.0,25371.0,2331.375
8090,6.5691,6.1244,1.9043,6.3686,334.0,27467.0,2331.375
8091,6.4087,6.0749,1.8422,7.1956,337.0,25202.0,2331.375
8092,7.1451,6.199,1.4799,7.2011,337.0,30338.0,2331.375
8093,7.2138,6.7126,1.8504,6.6403,338.0,51891.0,2331.375
8094,6.6464,6.1137,1.7554,6.4058,337.0,33631.0,2331.375
8095,6.492,6.2246,1.8518,7.2913,342.0,32451.0,2331.375
8096,7.2419,6.5269,1.8549,5.8462,338.0,33857.0,2331.375
8097,5.7858,6.0309,1.5678,7.3621,339.0,22913.0,2331.375
8098,7.3269,6.509,1.3739,6.07,340.0,27925.0,2331.375
8099,6.2104,6.082,2.6086,6.8338,340.0,31611.0,2331.375
8100,6.7621,6.2929,2.1212,7.554,336.0,26583.0,2331.375
8101,7.5738,6.5498,1.9636,6.2461,335.0,30403.0,2331.375
8102,6.1936,6.0439,1.5242,6.6918,336.0,27951.0,2331.375
8103,6.7551,6.5354,1.666,7.1301,335.0,22391.0,2331.375
8104,7.2016,6.0966,1.9898,6.4915,330.0,26014.0,2331.375
8105,6.3704,6.1076,1.6415,6.7396,299.0,16587.0,2331.375
8106,6.7909,6.083,1.9025,5.569,302.0,16623.0,2331.375
8107,5.526,6.0158,1.5845,7.9866,336.0,18759.0,2331.375
8108,8.0452,6.6352,1.6991,6.5188,338.0,23323.0,2331.375
8109,6.5055,6.0777,1.7554,7.1744,342.0,17203.0,2331.375
8110,7.1727,6.5119,1.5888,7.473,338.0,17107.0,2331.375
8111,7.4081,6.1301,1.7098,6.3801,343.0,19706.0,2331.375
8112,6.3396,6.1139,1.3703,7.3309,338.0,23361.0,2331.375
8113,7.4912,6.6176,2.0997,6.2824,336.0,22963.0,2331.375
8114,6.1623,6.0196,1.5127,6.6983,336.0,20979.0,2331.375
8115,6.6681,6.7471,1.4087,6.6644,333.0,25435.0,2331.375
8116,6.6885,6.0523,1.4665,6.8285,335.0,28681.0,2331.375
8117,6.8825,6.0626,1.9788,6.8441,336.0,20349.0,2331.375
8118,6.7987,6.6254,1.7293,6.6159,341.0,21619.0,2331.375
8119,6.6662,6.0778,1.9457,6.5455,317.0,18547.0,2331.375
8120,6.581,6.7249,1.9193,6.8921,332.0,19175.0,2331.375
8121,6.8211,6.0608,1.3399,6.896,327.0,18683.0,2331.375
8122,6.9532,6.0739,1.6588,7.2335,336.0,19267.0,2331.375
8123,7.2863,6.5813,1.9595,7.0344,336.0,19999.0,2331.375
8124,6.9563,6.0987,1.9406,7.2763,336.0,22497.0,2331.375
8125,7.3029,6.4841,2.1099,6.4623,337.0,21947.0,2331.375
8126,6.4493,6.1155,2.1469,6.7727,337.0,19665.0,2331.375
8127,6.7902,6.2969,2.157,6.4603,341.0,21829.0,2331.375
8128,6.4355,6.0551,1.6358,6.3217,335.0,19663.0,2331.375
8129,6.2629,6.0205,1.4279,7.1896,339.0,20901.0,2331.375
8130,7.2419,6.5089,2.1065,6.8775,340.0,20827.0,2331.375
8131,6.8652,6.0934,2.0723,6.0759,339.0,23880.0,2331.375
8132,6.246,6.4104,1.9727,7.4301,335.0,19961.0,2331.375
8133,7.2831,6.0273,1.8741,5.9409,335.0,21960.0,2331.375
8134,5.8897,6.1182,1.6389,6.9845,337.0,18771.0,2331.375
8135,7.0742,6.7229,1.8467,6.9743,341.0,24722.0,2331.375
8136,6.9216,6.0991,1.7819,6.5811,335.0,19807.0,2331.375
8137,6.61,6.4724,1.6554,7.0872,331.0,22549.0,2331.375
8138,7.0881,6.3452,1.8975,6.3461,338.0,34710.0,2331.375
8139,6.385,6.0496,1.7702,7.7835,336.0,30315.0,2331.375
8140,7.7907,6.511,2.0097,6.2219,334.0,25559.0,2331.375
8141,6.1548,6.0305,1.6585,6.6366,310.0,22115.0,2331.375
8142,6.6879,6.2693,1.8045,7.0045,302.0,16579.0,2331.375
8143,6.934,6.0768,1.6196,6.2533,321.0,17527.0,2331.375
8144,6.2487,6.0468,1.4474,7.671,303.0,16613.0,2331.375
8145,7.7228,6.581,2.0858,5.7622,316.0,17489.0,2331.375
8146,5.7421,6.0162,1.9647,7.1617,330.0,18089.0,2331.375
8147,7.1769,6.5153,1.6918,6.5512,335.0,19211.0,2331.375
8148,6.5801,6.0296,2.4374,6.7826,335.0,19767.0,2331.375
8149,6.6994,6.0809,1.8599,6.899,335.0,19675.0,2331.375
8150,6.9344,6.7858,1.5828,6.7836,336.0,18759.0,2331.375
8151,6.7622,6.0851,1.3559,6.7758,337.0,19139.0,2331.375
8152,6.748,6.5221,1.3696,6.468,336.0,18915.0,2331.375
8153,6.4647,6.1186,1.4812,6.8989,335.0,22677.0,2331.375
8154,6.9143,6.2845,1.5078,6.9834,333.0,20567.0,2331.375
8155,7.0101,6.496,1.9317,6.5827,329.0,20247.0,2331.375
8156,6.5358,6.0514,1.4577,6.9911,307.0,17047.0,2331.375
8157,7.0866,6.3957,1.8172,6.8319,336.0,23939.0,2331.375
8158,7.3399,6.0428,3.0139,6.2964,310.0,18819.0,2331.375
8159,5.8301,6.13,2.3566,6.8491,341.0,24557.0,2331.375
8160,6.7903,6.5283,1.7732,6.5902,338.0,22581.0,2331.375
8161,6.5796,6.0952,1.8449,6.5992,340.0,23417.0,2331.375
8162,6.7004,6.7153,1.712,7.6102,339.0,24299.0,2331.375
8163,7.526,6.0361,1.8449,6.0806,337.0,26645.0,2331.375
8164,6.1657,6.036,2.0283,6.9889,337.0,30069.0,2331.375
8165,6.8703,6.5753,1.7214,6.6168,338.0,25939.0,2331.375
8166,6.6428,6.0473,1.4411,7.8619,338.0,31134.0,2331.375
8167,7.8258,6.535,2.0627,6.2122,338.0,23611.0,2331.375
8168,6.2052,6.0733,1.5921,7.5776,334.0,23099.0,2331.375
8169,7.7211,6.7788,1.9302,7.9626,336.0,22673.0,2331.375
8170,7.9136,5.993,2.0811,6.302,337.0,22515.0,2331.375
8171,6.3053,5.9921,2.8765,8.4261,337.0,21028.0,2331.375
8172,8.4387,6.7493,1.9708,6.4333,339.0,24297.0,2331.375
8173,6.3512,6.0615,1.8158,7.1257,339.0,19999.0,2331.375
8174,7.1496,6.6108,1.77,6.5846,339.0,19119.0,2331.375
8175,6.5604,6.0807,1.5214,6.8022,328.0,20459.0,2331.375
8176,6.8892,6.7743,1.5938,7.9719,319.0,18037.0,2331.375
8177,7.9762,6.1388,2.203,6.8239,306.0,16841.0,2331.375
8178,6.9085,6.076,2.6071,7.3776,305.0,16829.0,2331.375
8179,7.2575,6.0363,2.2112,8.3987,336.0,18205.0,2331.375
8180,8.4625,6.5812,2.1887,8.2496,337.0,17977.0,2331.375
8181,8.2386,6.5812,2.3886,6.7969,336.0,19571.0,2331.375
8182,6.8217,6.1143,2.1084,7.4342,337.0,18673.0,2331.375
8183,8.0609,6.75,3.8395,6.7234,337.0,21990.0,2331.375
8184,6.004,6.1667,1.9759,6.9314,334.0,21809.0,2331.375
8185,6.9398,6.15,1.965,6.8961,342.0,22276.0,2331.375
8186,6.8636,6.1187,1.76,6.8731,335.0,25371.0,2331.375
8187,6.9851,6.0278,2.126,6.9768,335.0,27479.0,2331.375
8188,6.932,6.7487,2.1706,7.1224,336.0,25190.0,2331.375
8189,7.1856,6.1557,1.8376,6.6421,341.0,30342.0,2331.375
8190,6.5361,6.5288,1.8217,6.6713,339.0,51903.0,2331.375
8191,6.6685,6.1727,2.047,6.7031,341.0,33679.0,2331.375
8192,7.0359,6.1972,3.0822,6.9554,336.0,32401.0,2331.375
8193,6.612,6.6801,2.5008,6.9505,336.0,33833.0,2331.375
8194,7.0143,6.0453,1.9249,6.897,338.0,22901.0,2331.375
8195,6.8582,6.6357,1.8823,7.0711,337.0,27911.0,2331.375
8196,7.1515,6.1149,1.7925,7.2798,339.0,31599.0,2331.375
8197,7.2676,6.0957,1.8953,7.204,336.0,26583.0,2331.375
8198,7.1558,6.5451,1.9508,6.5693,339.0,30451.0,2331.375
8199,6.5288,6.0699,1.748,6.8455,336.0,27951.0,2331.375
8200,6.8879,6.5431,2.1457,6.9571,335.0,22391.0,2331.375
8201,7.0072,6.2717,2.1859,6.8751,330.0,26014.0,2331.375
8202,6.8666,6.5373,2.0531,6.8576,298.0,16575.0,2331.375
8203,6.7704,6.1637,1.6989,5.5128,301.0,16611.0,2331.375
8204,5.5068,6.0615,1.484,8.042,333.0,18723.0,2331.375
8205,8.1042,6.5417,2.2627,6.8585,343.0,23339.0,2331.375
8206,6.8828,6.0842,1.9213,6.6766,342.0,17203.0,2331.375
8207,6.6437,6.572,2.0176,7.01,339.0,17119.0,2331.375
8208,7.0185,6.0914,1.7442,6.8872,342.0,19716.0,2331.375
8209,6.9463,6.2423,1.9926,7.4749,337.0,23349.0,2331.375
8210,7.5017,6.5915,1.5991,6.8885,339.0,22999.0,2331.375
8211,6.7465,6.0732,1.6137,7.1736,336.0,21001.0,2331.375
8212,7.198,6.5648,1.5271,6.7268,334.0,25447.0,2331.375
8213,6.7043,6.2687,1.2469,7.1422,337.0,28705.0,2331.375
8214,7.2379,6.9143,1.8795,7.754,334.0,20325.0,2331.375
8215,7.7463,6.0287,2.1007,6.8369,332.0,21511.0,2331.375
8216,6.8701,6.2434,1.9864,7.1218,323.0,19003.0,2331.375
8217,7.0401,6.5046,1.8861,7.0291,341.0,19283.0,2331.375
8218,7.0598,6.1508,1.878,7.0937,321.0,18371.0,2331.375
8219,7.1793,6.5339,1.9683,6.5263,335.0,19255.0,2331.375
8220,6.4144,6.0737,1.695,7.634,336.0,20277.0,2331.375
8221,7.6691,6.6891,1.8894,6.8185,339.0,22901.0,2331.375
8222,6.7928,6.0811,1.9126,7.1206,339.0,21281.0,2331.375
8223,7.2172,6.1896,1.8402,6.7497,339.0,20153.0,2331.375
8224,6.675,6.5436,1.9798,7.076,338.0,21851.0,2331.375
8225,7.0713,6.1472,1.67,6.6238,335.0,19627.0,2331.375
8226,6.6544,6.5398,1.7515,7.1101,337.0,20571.0,2331.375
8227,7.5878,6.0962,2.3444,6.4127,334.0,20619.0,2331.375
8228,5.9221,6.3037,1.9438,7.0044,339.0,24038.0,2331.375
8229,6.9968,6.6195,2.0057,6.1121,339.0,19851.0,2331.375
8230,6.1289,6.024,1.6312,6.7724,336.0,21972.0,2331.375
8231,6.7228,6.4749,1.6615,7.2597,337.0,18929.0,2331.375
8232,7.2761,6.0024,1.7284,6.6577,335.0,24492.0,2331.375
8233,6.7016,6.0912,1.8788,8.077,338.0,20211.0,2331.375
8234,8.2188,5.9848,1.9443,6.7139,332.0,22049.0,2331.375
8235,6.5847,5.9848,2.0968,6.4624,335.0,34674.0,2331.375
8236,6.4369,6.674,2.2204,7.2019,334.0,30339.0,2331.375
8237,7.1718,6.0727,1.9893,6.5023,342.0,25755.0,2331.375
8238,6.5541,6.554,1.8248,6.6684,306.0,21875.0,2331.375
8239,6.6,6.1684,1.8294,6.225,306.0,16627.0,2331.375
8240,6.2275,6.1274,1.6322,7.1721,318.0,17513.0,2331.375
8241,7.232,6.8922,1.836,7.2399,301.0,16589.0,2331.375
8242,7.1726,6.0963,1.8886,7.1283,318.0,17513.0,2331.375
8243,7.1643,6.6161,2.0425,6.5612,325.0,18051.0,2331.375
8244,6.5587,6.1389,1.9598,6.7384,336.0,19223.0,2331.375
8245,6.7913,6.0895,1.9819,7.1221,337.0,19791.0,2331.375
8246,7.1062,6.6878,2.0968,7.1685,337.0,19699.0,2331.375
8247,7.2059,6.5664,2.1066,8.1285,336.0,18759.0,2331.375
8248,8.1199,6.5664,2.0873,7.0575,335.0,19115.0,2331.375
8249,7.003,6.1081,1.9068,6.6107,336.0,18915.0,2331.375
8250,6.6261,6.7229,1.6841,6.5728,336.0,22689.0,2331.375
8251,6.5361,6.0788,1.6963,5.8849,338.0,20627.0,2331.375
8252,5.8941,6.0468,1.6655,6.9733,330.0,20431.0,2331.375
8253,7.0139,6.4964,1.6912,6.5215,307.0,16927.0,2331.375
8254,6.4299,6.0064,1.427,7.4139,332.0,23795.0,2331.375
8255,7.5158,6.7189,1.7955,6.5606,312.0,18843.0,2331.375
8256,6.6187,6.0855,1.7651,6.9122,339.0,24555.0,2331.375
8257,6.8206,6.0442,1.6331,6.9613,339.0,22593.0,2331.375
8258,6.9647,6.5244,1.9472,6.3031,340.0,23417.0,2331.375
8259,6.3068,6.0248,1.3741,7.1387,336.0,24285.0,2331.375
8260,7.1268,6.4985,1.6742,6.4241,338.0,26657.0,2331.375
8261,6.478,5.9958,1.6468,6.8775,335.0,30045.0,2331.375
8262,6.8536,6.2881,1.8478,7.1661,337.0,25927.0,2331.375
8263,7.1178,6.6267,2.3519,6.7554,340.0,31158.0,2331.375
8264,6.7912,6.1505,1.7754,7.3081,342.0,23659.0,2331.375
8265,7.2909,6.4556,1.758,5.9372,334.0,23099.0,2331.375
8266,5.9039,5.9916,1.5386,7.6473,336.0,22673.0,2331.375
8267,7.7056,6.5671,1.8939,6.3752,335.0,22491.0,2331.375
8268,6.3619,6.1334,1.6748,7.2048,337.0,21028.0,2331.375
8269,7.7786,6.1431,2.4024,6.8758,343.0,24301.0,2331.375
8270,6.3197,6.6906,2.0097,6.7619,338.0,19987.0,2331.375
8271,6.688,6.1171,1.6333,6.6982,339.0,19119.0,2331.375
8272,6.7289,6.5374,2.3516,6.5523,333.0,21245.0,2331.375
8273,6.5765,6.0777,1.9189,6.222,312.0,17249.0,2331.375
8274,6.1869,6.1013,1.6097,7.3056,304.0,16817.0,2331.375
8275,7.3435,6.5347,2.4061,6.3774,304.0,16839.0,2331.375
8276,6.374,6.0313,1.644,6.7914,337.0,18217.0,2331.375
8277,6.7843,6.6365,1.7235,6.8004,334.0,17941.0,2331.375
8278,6.8254,6.0619,1.9037,6.065,336.0,19571.0,2331.375
8279,6.0734,6.0342,1.6844,7.1169,338.0,18685.0,2331.375
8280,7.1812,6.6929,1.6939,6.8602,336.0,21978.0,2331.375
8281,6.7942,6.1078,1.9796,7.0845,339.0,21869.0,2331.375
8282,7.0972,6.5306,1.7846,6.6692,335.0,22192.0,2331.375
8283,6.6422,6.0818,1.7756,6.0841,336.0,25383.0,2331.375
8284,6.0885,6.0845,1.5319,7.5805,338.0,27515.0,2331.375
8285,7.5455,6.6938,1.8177,6.2674,343.0,25230.0,2331.375
8286,6.3024,6.0155,1.8216,6.7008,340.0,30330.0,2331.375
8287,6.7614,6.4864,1.8588,6.5363,340.0,51915.0,2331.375
8288,6.5039,6.1147,1.7727,6.9377,337.0,33653.0,2331.375
8289,6.8985,6.0376,1.5256,6.4885,337.0,32413.0,2331.375
8290,6.4997,6.5622,1.8979,6.9037,339.0,33869.0,2331.375
8291,6.9712,6.0203,1.7303,6.7969,335.0,22887.0,2331.375
8292,6.7351,6.4586,1.7593,6.4646,334.0,27875.0,2331.375
8293,6.5081,6.0489,2.3641,6.3744,338.0,31587.0,2331.375
8294,6.3654,6.0591,1.7549,8.5783,336.0,26583.0,2331.375
8295,8.6031,6.3859,1.8089,6.4963,336.0,30415.0,2331.375
8296,6.4347,6.1543,2.1195,6.9997,336.0,27951.0,2331.375
8297,6.9752,6.507,1.4488,6.329,336.0,22403.0,2331.375
8298,6.2827,5.9878,1.3395,7.8649,332.0,26038.0,2331.375
8299,7.9984,6.0871,2.2209,6.0536,299.0,16587.0,2331.375
8300,6.0011,6.1585,1.7906,7.437,298.0,16575.0,2331.375
8301,7.446,6.4143,1.9413,8.599,340.0,18763.0,2331.375
8302,8.6595,6.1175,2.379,7.4433,343.0,23339.0,2331.375
8303,7.4976,6.1175,2.2456,7.2559,337.0,17143.0,2331.375
8304,7.1794,6.5409,2.0319,6.8892,338.0,17129.0,2331.375
8305,6.9146,6.109,1.9804,7.0036,343.0,19728.0,2331.375
8306,7.4199,6.4838,2.9873,7.3893,336.0,23337.0,2331.375
8307,7.0117,6.0038,2.1125,6.4116,338.0,23009.0,2331.375
8308,6.2975,6.058,1.9088,7.4448,335.0,20989.0,2331.375
8309,7.4473,6.782,2.0677,7.1127,337.0,25483.0,2331.375
8310,7.0834,6.0857,1.8014,7.3965,339.0,28729.0,2331.375
8311,7.4649,6.4565,1.8832,6.3813,335.0,20337.0,2331.375
8312,6.3612,6.1435,1.922,7.2499,334.0,21535.0,2331.375
8313,7.2463,6.469,1.832,6.9743,324.0,19063.0,2331.375
8314,7.0176,6.1325,2.082,5.9928,331.0,19115.0,2331.375
8315,5.993,6.0592,1.632,7.8837,324.0,18997.0,2331.375
8316,7.9146,6.9999,2.4228,6.7568,337.0,18785.0,2331.375
8317,6.7046,6.1866,2.0129,6.5338,340.0,20437.0,2331.375
8318,6.514,6.2185,1.8334,9.1556,340.0,22757.0,2331.375
8319,9.2168,6.2185,2.321,8.7016,339.0,21745.0,2331.375
8320,9.0326,6.5552,3.4922,8.7227,337.0,20187.0,2331.375
8321,8.4235,6.5552,2.4328,7.6814,337.0,21339.0,2331.375
8322,7.6746,7.4692,3.122,9.7503,338.0,19821.0,2331.375
8323,9.9619,6.5324,2.5998,8.1653,336.0,20423.0,2331.375
8324,8.2647,6.2433,2.898,9.0353,332.0,20595.0,2331.375
8325,8.663,6.715,2.4114,8.49,336.0,24002.0,2331.375
8326,8.4973,6.715,1.9457,6.4016,336.0,19815.0,2331.375
8327,6.3662,6.028,1.7427,6.6852,338.0,21996.0,2331.375
8328,6.6651,6.1612,1.6449,9.1038,337.0,18929.0,2331.375
8329,9.1429,6.1612,1.9868,7.4919,338.0,24528.0,2331.375
8330,7.6363,6.1669,2.2561,6.7018,338.0,20211.0,2331.375
8331,6.6185,6.1806,2.0717,6.0278,327.0,21989.0,2331.375
8332,5.9371,6.0286,1.4842,8.1406,336.0,34810.0,2331.375
8333,8.2117,6.776,1.7444,6.0675,342.0,30635.0,2331.375
8334,6.1188,5.9935,1.7154,7.6618,338.0,25243.0,2331.375
8335,7.5275,6.2937,1.4935,6.0974,305.0,21863.0,2331.375
8336,6.0804,6.0536,1.5257,6.2542,302.0,16601.0,2331.375
8337,6.3649,6.0376,1.7891,7.3875,318.0,17513.0,2331.375
8338,7.3703,6.2518,1.9987,6.928,304.0,16625.0,2331.375
8339,6.9381,6.108,2.1118,6.7445,316.0,17511.0,2331.375
8340,6.7754,6.7373,1.9152,6.9354,322.0,18015.0,2331.375
8341,6.8757,6.0721,1.7702,7.1764,338.0,19247.0,2331.375
8342,7.2099,6.0983,1.6926,6.1719,337.0,19791.0,2331.375
8343,6.1836,6.4547,1.886,6.8139,337.0,19699.0,2331.375
8344,6.753,6.1161,1.4786,6.8464,336.0,18759.0,2331.375
8345,6.8248,6.754,1.6306,6.7895,337.0,19139.0,2331.375
8346,6.8546,6.0813,1.9589,7.1356,335.0,18903.0,2331.375
8347,7.1212,6.3339,2.0046,7.3312,336.0,22689.0,2331.375
8348,7.3024,6.4364,1.6801,6.2988,338.0,20627.0,2331.375
8349,6.281,6.071,1.6848,6.5152,335.0,20447.0,2331.375
8350,6.4962,6.5016,1.5446,7.0398,310.0,16963.0,2331.375
8351,7.1399,6.0533,1.8885,6.695,335.0,23831.0,2331.375
8352,6.6389,6.6889,1.4721,6.2063,305.0,18781.0,2331.375
8353,6.2604,6.0186,1.7784,7.2477,337.0,24531.0,2331.375
8354,7.2013,6.0973,1.6175,6.9727,341.0,22617.0,2331.375
8355,6.9386,6.8057,1.6111,6.6101,336.0,23391.0,2331.375
8356,6.7148,6.1069,2.0078,6.2768,337.0,24297.0,2331.375
8357,6.3164,6.5959,1.9326,7.9062,337.0,26645.0,2331.375
8358,7.8389,6.1007,2.0608,7.1442,335.0,30045.0,2331.375
8359,7.0802,5.9911,1.8851,7.1654,341.0,25975.0,2331.375
8360,7.2555,6.4951,2.074,6.8913,338.0,31134.0,2331.375
8361,6.8224,6.0915,1.6774,6.5586,339.0,23623.0,2331.375
8362,6.6475,6.8416,1.8749,7.086,336.0,23123.0,2331.375
8363,7.0031,6.1456,1.7983,6.1809,339.0,22709.0,2331.375
8364,6.2568,6.0468,1.7848,6.8588,336.0,22503.0,2331.375
8365,6.8228,6.5127,1.7615,6.8771,339.0,21008.0,2331.375
8366,6.8288,6.1273,1.9003,7.6621,343.0,24301.0,2331.375
8367,8.2607,6.794,2.6072,6.4848,339.0,19999.0,2331.375
8368,5.8595,6.2235,1.7491,8.3451,335.0,19093.0,2331.375
8369,8.3952,6.2235,1.6861,5.5465,338.0,21545.0,2331.375
8370,5.5187,6.0264,1.3972,5.6941,307.0,16949.0,2331.375
8371,5.6422,6.0539,1.164,7.6829,303.0,16827.0,2331.375
8372,7.8095,6.5139,1.8484,6.2046,303.0,16827.0,2331.375
8373,6.2505,6.0995,1.9723,7.671,335.0,18193.0,2331.375
8374,7.5939,6.7835,1.7129,6.7594,336.0,17965.0,2331.375
8375,6.6929,6.0887,1.4457,6.4573,337.0,19583.0,2331.375
8376,6.5391,6.0863,1.7352,7.344,333.0,18625.0,2331.375
8377,7.3166,6.1604,2.0883,6.759,339.0,22014.0,2331.375
8378,6.7866,6.0599,1.4805,7.2193,338.0,21857.0,2331.375
8379,7.2018,6.6022,1.5521,6.0464,336.0,22204.0,2331.375
8380,6.028,6.0258,1.2867,6.7901,337.0,25395.0,2331.375
8381,6.7568,6.3057,1.4091,7.5488,339.0,27483.0,2331.375
8382,7.5249,6.4673,1.7181,6.1963,341.0,25206.0,2331.375
8383,6.1973,6.111,1.5119,7.2929,342.0,30354.0,2331.375
8384,7.2949,6.5708,1.3602,6.776,341.0,51949.0,2331.375
8385,6.7974,6.104,1.4405,6.0574,339.0,33677.0,2331.375
8386,6.1538,6.303,1.8452,6.8328,338.0,32425.0,2331.375
8387,6.719,6.0243,1.3232,6.9705,335.0,33843.0,2331.375
8388,7.0473,6.0278,1.7867,7.0712,334.0,22875.0,2331.375
8389,7.0581,6.7608,2.2041,6.7456,337.0,27911.0,2331.375
8390,6.9355,6.0878,2.7104,6.8129,339.0,31599.0,2331.375
8391,6.6413,6.5455,1.6666,6.9874,332.0,26535.0,2331.375
8392,7.0031,6.0486,1.9763,6.002,335.0,30403.0,2331.375
8393,6.0552,6.155,1.7648,7.6615,336.0,27951.0,2331.375
8394,7.6053,6.7257,1.6933,6.1793,334.0,22379.0,2331.375
8395,6.1082,6.0805,1.5539,6.7693,331.0,26026.0,2331.375
8396,7.1831,6.6568,1.9646,7.0496,299.0,16587.0,2331.375
8397,6.6258,6.0653,1.5915,6.1232,307.0,16639.0,2331.375
8398,6.1938,6.0386,1.7164,8.1137,339.0,18751.0,2331.375
8399,8.1887,6.4613,1.7623,6.9194,339.0,23291.0,2331.375
8400,6.8351,6.058,2.0553,6.6088,339.0,17189.0,2331.375
8401,6.6914,6.7474,2.3798,6.7969,338.0,17129.0,2331.375
8402,6.7591,6.0817,1.5625,6.3162,338.0,19668.0,2331.375
8403,6.3192,6.3361,1.7263,7.2072,336.0,23359.0,2331.375
8404,7.1238,6.5014,2.0633,6.0247,339.0,23021.0,2331.375
8405,6.0604,6.1091,1.4104,7.4583,335.0,20989.0,2331.375
8406,7.4187,6.6895,1.5154,6.4584,337.0,25483.0,2331.375
8407,6.5222,6.044,1.7463,6.4147,340.0,28741.0,2331.375
8408,6.4163,6.2888,1.7223,7.6056,335.0,20337.0,2331.375
8409,7.585,6.1608,1.7662,6.3427,337.0,21571.0,2331.375
8410,6.2967,6.0144,1.4503,7.4693,328.0,19207.0,2331.375
8411,7.5277,6.7998,2.239,6.6109,334.0,19199.0,2331.375
8412,6.6345,6.1622,1.7229,7.1923,331.0,19369.0,2331.375
8413,7.1714,6.6707,1.7702,6.4178,324.0,18153.0,2331.375
8414,6.42,6.0577,1.7062,6.6853,337.0,20401.0,2331.375
8415,6.6776,6.0707,1.7118,7.3448,341.0,22769.0,2331.375
8416,7.3591,6.7246,1.824,5.682,341.0,21791.0,2331.375
8417,5.6745,6.085,1.696,6.9484,338.0,20199.0,2331.375
8418,6.9512,6.4462,1.8319,6.4914,334.0,21303.0,2331.375
8419,6.5591,6.0423,1.7398,6.6448,338.0,19843.0,2331.375
8420,6.5694,6.0473,2.7696,6.8605,335.0,20411.0,2331.375
8421,6.86,6.7304,2.2298,7.1624,335.0,20631.0,2331.375
8422,7.1796,6.0554,1.6495,6.5466,339.0,24038.0,2331.375
8423,6.5038,6.708,1.5094,6.9396,332.0,19767.0,2331.375
8424,6.9957,6.0838,1.6929,6.3764,336.0,21972.0,2331.375
8425,6.3201,5.9954,1.373,6.7846,336.0,18917.0,2331.375
8426,6.8028,6.7811,1.3144,6.6671,337.0,24516.0,2331.375
8427,6.7367,6.1191,1.6412,6.7591,337.0,20199.0,2331.375
8428,6.7192,6.6596,1.7794,7.3848,333.0,23770.0,2331.375
8429,7.4122,5.9733,1.7445,6.1199,343.0,33285.0,2331.375
8430,6.0886,6.0358,1.5896,6.5308,337.0,30943.0,2331.375
8431,6.5428,6.703,2.63,7.2066,336.0,29955.0,2331.375
8432,7.2023,6.0195,1.4993,6.411,303.0,16613.0,2331.375
8433,6.3508,6.5462,1.4647,7.102,304.0,16625.0,2331.375
8434,7.1941,6.0263,1.609,5.721,316.0,17489.0,2331.375
8435,5.7516,5.9574,1.5555,7.3346,300.0,16599.0,2331.375
8436,7.3094,6.0054,2.3504,6.3551,315.0,17499.0,2331.375
8437,6.2803,5.9964,1.7492,6.7604,327.0,18123.0,2331.375
8438,6.9518,6.6794,1.6479,7.1362,338.0,19247.0,2331.375
8439,6.9558,6.015,1.6474,6.3777,334.0,19755.0,2331.375
8440,6.4466,6.0708,1.4909,7.0198,336.0,19687.0,2331.375
8441,6.9725,6.6669,1.8892,6.7585,339.0,18795.0,2331.375
8442,6.7733,6.0436,1.6568,6.6265,335.0,19115.0,2331.375
8443,6.5502,6.5472,2.0893,6.6379,335.0,18903.0,2331.375
8444,6.6552,6.0359,1.3925,6.7382,341.0,22749.0,2331.375
8445,6.7992,6.2938,1.5354,7.4554,339.0,20595.0,2331.375
8446,7.4564,6.504,1.8813,6.2364,334.0,20387.0,2331.375
8447,6.2266,6.0961,1.5689,7.9226,311.0,16975.0,2331.375
8448,8.0449,6.5106,1.7538,5.9013,333.0,23829.0,2331.375
8449,5.7411,6.0691,1.7263,6.1493,307.0,18805.0,2331.375
8450,6.1409,6.2778,1.6068,8.1654,341.0,24579.0,2331.375
8451,8.2373,6.3866,1.625,6.1768,335.0,22567.0,2331.375
8452,6.251,6.067,1.7478,7.5187,333.0,23355.0,2331.375
8453,7.3844,6.8743,1.8966,6.2714,339.0,24321.0,2331.375
8454,6.3972,6.0251,2.4172,6.4897,337.0,26645.0,2331.375
8455,6.4069,6.7391,1.621,7.1416,336.0,30057.0,2331.375
8456,7.1643,6.0674,2.2705,6.591,338.0,25939.0,2331.375
8457,6.4951,6.0827,1.793,7.0185,338.0,31134.0,2331.375
8458,7.0761,6.728,1.6453,6.5754,341.0,23647.0,2331.375
8459,6.5989,6.057,1.5772,7.0479,337.0,23135.0,2331.375
8460,6.9909,6.5099,1.6304,6.53,336.0,22673.0,2331.375
8461,6.5514,6.0675,1.6856,7.4881,340.0,22507.0,2331.375
8462,7.4622,6.0997,1.7007,6.4841,343.0,21056.0,2331.375
8463,6.5958,6.551,2.0275,6.8696,343.0,24301.0,2331.375
8464,6.8122,6.0965,1.8034,6.9013,336.0,19985.0,2331.375
8465,6.9268,6.7218,1.7885,6.2196,336.0,19105.0,2331.375
8466,6.195,5.9874,1.6363,6.6,336.0,21521.0,2331.375
8467,6.6363,6.0994,1.6712,6.5492,305.0,16947.0,2331.375
8468,6.5489,6.5076,1.869,6.7823,304.0,16839.0,2331.375
8469,6.7402,6.0235,1.5971,6.8263,303.0,16827.0,2331.375
8470,6.8604,6.6616,1.686,7.5063,334.0,18181.0,2331.375
8471,7.503,6.0121,1.9559,6.2736,336.0,17965.0,2331.375
8472,6.287,6.2415,1.5845,7.2955,334.0,19547.0,2331.375
8473,7.2595,6.4599,1.7531,6.1584,337.0,18673.0,2331.375
8474,6.1403,6.0056,1.5291,7.1442,337.0,21990.0,2331.375
8475,7.1696,6.4481,1.7198,6.3786,335.0,21821.0,2331.375
8476,6.3519,6.0271,1.5509,6.359,337.0,22216.0,2331.375
8477,6.3638,6.0669,1.5696,8.1188,340.0,25387.0,2331.375
8478,8.8648,6.447,2.4671,6.2927,338.0,27471.0,2331.375
8479,5.5935,6.0573,1.5573,6.9089,344.0,25242.0,2331.375
8480,6.8643,6.6936,1.6347,6.524,340.0,30352.0,2331.375
8481,6.5627,6.115,1.6941,6.843,338.0,51913.0,2331.375
8482,6.8588,6.4856,1.7031,6.8479,337.0,33653.0,2331.375
8483,6.7921,6.0241,1.6258,6.0604,341.0,32483.0,2331.375
8484,6.0683,6.0549,1.4138,7.957,337.0,33867.0,2331.375
8485,8.1353,6.7291,2.3283,6.605,335.0,22887.0,2331.375
8486,6.4964,6.0391,1.4547,6.9355,336.0,27899.0,2331.375
8487,6.9423,6.7522,1.9976,6.3618,337.0,31575.0,2331.375
8488,6.2938,6.1078,1.5895,6.5218,335.0,26571.0,2331.375
8489,6.5287,6.0649,1.717,7.2958,335.0,30403.0,2331.375
8490,7.325,6.5126,1.9121,6.0421,333.0,27915.0,2331.375
8491,6.0702,6.0884,1.6367,7.4429,333.0,22367.0,2331.375
8492,7.3425,6.6905,2.1274,6.0506,330.0,26014.0,2331.375
8493,6.1236,6.0338,1.7619,6.2391,303.0,16591.0,2331.375
8494,6.2094,6.0618,1.3405,7.2887,305.0,16615.0,2331.375
8495,7.2636,6.7345,1.4809,6.7661,340.0,18763.0,2331.375
8496,6.7409,6.0515,1.4819,7.2251,341.0,23337.0,2331.375
8497,7.2359,6.4227,1.4588,6.0908,337.0,17165.0,2331.375
8498,6.1573,6.0613,1.4451,6.4471,337.0,17117.0,2331.375
8499,6.3788,6.0468,1.5685,6.6969,338.0,19690.0,2331.375
8500,6.749,6.7033,1.4031,6.9551,335.0,23347.0,2331.375
8501,6.8795,6.092,1.0435,7.1189,336.0,22985.0,2331.375
8502,7.2705,6.6446,2.1728,6.5281,336.0,21001.0,2331.375
8503,6.4197,6.0177,1.8293,7.2464,338.0,25495.0,2331.375
8504,7.3048,6.1157,2.1282,7.3711,339.0,28729.0,2331.375
8505,7.4582,6.7911,2.8129,6.4368,336.0,20349.0,2331.375
8506,6.3416,6.1003,1.7835,6.6514,338.0,21583.0,2331.375
8507,6.6496,6.7602,1.524,6.574,327.0,19243.0,2331.375
8508,6.5247,6.0579,1.9157,6.5746,336.0,19175.0,2331.375
8509,6.6873,6.0139,2.1727,7.2618,341.0,19589.0,2331.375
8510,7.2561,6.465,1.5417,6.6471,323.0,17997.0,2331.375
8511,6.5566,6.1133,1.6092,6.5129,337.0,20401.0,2331.375
8512,6.5624,6.7119,1.4926,7.0206,335.0,22719.0,2331.375
8513,6.9464,6.0241,1.2531,5.9319,335.0,21719.0,2331.375
8514,6.1088,6.6985,1.5377,7.3296,338.0,20199.0,2331.375
8515,7.2582,5.9766,1.4244,6.8939,340.0,21397.0,2331.375
8516,6.7866,6.0748,1.4933,6.5817,336.0,19819.0,2331.375
8517,6.6473,6.4856,1.2703,7.3902,332.0,20375.0,2331.375
8518,7.4043,6.0125,1.4841,6.1823,337.0,20655.0,2331.375
8519,6.2057,6.7401,1.5479,7.1091,337.0,24014.0,2331.375
8520,7.2787,6.0213,1.7891,6.4293,336.0,19815.0,2331.375
8521,6.161,6.0305,1.3494,7.2723,339.0,22008.0,2331.375
8522,7.2639,6.5897,1.3527,6.4674,332.0,18869.0,2331.375
8523,6.4647,6.0238,1.545,6.3125,336.0,24504.0,2331.375
8524,6.3226,6.0672,1.3608,6.798,336.0,20187.0,2331.375
8525,6.8093,6.0273,1.468,5.845,337.0,23870.0,2331.375
8526,5.9278,6.0066,1.5625,7.6871,342.0,35849.0,2331.375
8527,7.5872,6.6703,1.5394,6.4229,340.0,30979.0,2331.375
8528,6.5123,6.0585,1.678,6.8705,336.0,27305.0,2331.375
8529,6.8011,6.6546,1.3867,6.5001,299.0,16565.0,2331.375
8530,6.4908,6.0258,1.3886,6.5223,301.0,16589.0,2331.375
8531,6.5345,5.97,1.4048,6.8388,314.0,17487.0,2331.375
8532,6.8409,6.4917,1.0705,6.7099,304.0,16647.0,2331.375
8533,6.8931,6.0514,1.5554,6.518,313.0,17475.0,2331.375
8534,6.3312,6.7061,1.559,7.4935,323.0,18075.0,2331.375
8535,7.5852,6.0534,1.8907,6.2566,339.0,19259.0,2331.375
8536,6.1881,6.0132,1.585,7.2416,337.0,19791.0,2331.375
8537,7.2407,6.6661,1.558,6.0525,339.0,19723.0,2331.375
8538,6.1137,6.0534,1.6162,7.5455,334.0,18735.0,2331.375
8539,7.491,6.4764,1.36,5.8087,335.0,19115.0,2331.375
8540,5.869,5.9923,1.6636,6.9064,337.0,18927.0,2331.375
8541,6.8938,6.1031,1.6253,7.0036,343.0,22729.0,2331.375
8542,6.9878,6.3096,1.5166,6.5847,339.0,20595.0,2331.375
8543,6.5621,6.0443,1.757,7.2752,339.0,20495.0,2331.375
8544,7.3136,6.4806,1.7426,5.9584,306.0,16889.0,2331.375
8545,5.9362,6.0967,1.6063,6.8529,333.0,23829.0,2331.375
8546,6.8405,5.948,1.5242,7.4437,308.0,18817.0,2331.375
8547,7.5753,6.79,2.1365,6.8615,337.0,24553.0,2331.375
8548,6.8224,6.0485,1.7544,5.9886,338.0,22603.0,2331.375
8549,5.9187,6.7713,1.2633,6.4952,339.0,23427.0,2331.375
8550,6.4909,6.0726,1.2432,6.7725,335.0,24273.0,2331.375
8551,6.772,6.1354,1.0803,7.54,333.0,26597.0,2331.375
8552,7.6076,6.9494,1.2046,6.9229,336.0,30057.0,2331.375
8553,6.8795,6.0413,1.0714,6.589,339.0,25951.0,2331.375
8554,6.6303,6.466,1.486,6.8115,339.0,31146.0,2331.375
8555,6.7387,6.0905,1.588,6.0792,340.0,23635.0,2331.375
8556,6.0407,6.2431,1.2028,8.0336,336.0,23123.0,2331.375
8557,8.1598,6.5423,1.776,6.3224,340.0,22677.0,2331.375
8558,6.2438,6.0586,1.5913,6.5052,343.0,22543.0,2331.375
8559,6.4679,6.5264,1.5417,7.3217,340.0,21020.0,2331.375
8560,7.3281,6.1802,1.6723,5.8895,342.0,24311.0,2331.375
8561,6.0292,6.6439,1.9445,7.9146,338.0,20009.0,2331.375
8562,7.8833,6.0406,1.5151,6.2179,338.0,19129.0,2331.375
8563,6.0881,5.9635,2.0094,7.0804,334.0,21519.0,2331.375
8564,7.1758,6.7545,2.4521,6.2068,304.0,16935.0,2331.375
8565,6.1655,6.0876,1.5848,6.7821,301.0,16803.0,2331.375
8566,6.9111,6.4389,1.9709,6.6891,304.0,16839.0,2331.375
8567,6.5996,6.0927,1.9055,6.6246,334.0,18181.0,2331.375
8568,6.6066,6.0121,1.6768,7.3288,336.0,17965.0,2331.375
8569,7.3405,6.7786,2.2462,6.7672,334.0,19547.0,2331.375
8570,6.7803,6.0219,1.5188,6.3996,335.0,18649.0,2331.375
8571,6.3599,6.4452,1.4511,6.4064,337.0,21990.0,2331.375
8572,6.4041,6.1122,2.0793,6.2232,336.0,21833.0,2331.375
8573,6.2593,6.0797,1.3899,7.5522,341.0,22220.0,2331.375
8574,7.5569,6.8824,1.6402,6.9323,340.0,25387.0,2331.375
8575,6.8986,6.0912,1.3532,6.9439,339.0,27483.0,2331.375
8576,7.0007,6.7236,1.5016,6.5583,340.0,25216.0,2331.375
8577,6.597,6.0261,1.6993,7.2906,341.0,30364.0,2331.375
8578,7.2322,6.0439,1.7246,5.8823,339.0,51925.0,2331.375
