capture_frame,FrameTime,GPUTime,GameThreadTime,RenderThreadTime,RHI/DrawCalls,RHI/PrimitivesDrawn,GPUMem/LocalUsedMB
120,8.6633,6.6213,1.7854,7.7044,314.0,8299.0,2352.8594
121,7.6777,8.991,2.1894,8.7851,316.0,10171.0,2352.8594
122,8.7219,6.5959,2.0013,7.4563,314.0,9821.0,2352.8594
123,7.536,8.8207,2.0157,9.8327,314.0,8299.0,2352.8594
124,9.8172,6.6509,2.1446,7.2174,314.0,8299.0,2352.8594
125,7.1827,8.5782,1.9444,8.1735,314.0,8299.0,2352.8594
126,8.1763,6.5809,1.8922,8.3664,315.0,8627.0,2352.8594
127,8.4761,8.7597,1.9602,7.6641,319.0,9703.0,2352.8594
128,7.5645,6.6721,1.87,9.4715,320.0,10291.0,2352.8594
129,9.5042,8.9398,1.8701,7.1089,326.0,17389.0,2352.8594
130,7.0487,6.6552,1.6767,7.258,316.0,8301.0,2352.8594
131,7.3463,8.6799,1.8596,8.8677,286.0,6501.0,2352.8594
132,8.8344,6.4753,1.8064,6.8694,280.0,6141.0,2352.8594
133,6.9233,7.7125,2.008,9.6679,279.0,6151.0,2352.8594
134,9.682,7.6474,2.0979,7.58,315.0,10167.0,2352.8594
135,7.5687,7.1035,2.0497,8.7168,314.0,8299.0,2352.8594
136,8.6256,7.4295,2.2747,6.8023,315.0,8311.0,2352.8594
137,6.8153,7.1845,1.9027,8.8601,314.0,10363.0,2352.8594
138,8.928,8.2232,1.9592,8.2068,315.0,10447.0,2352.8594
139,8.1923,6.681,2.0216,8.6265,314.0,8299.0,2352.8594
140,8.6487,8.7381,1.9678,6.6409,304.0,7809.0,2352.8594
141,6.5603,6.677,1.7077,8.9647,279.0,6151.0,2352.8594
142,8.9548,7.5427,2.066,7.764,278.0,6139.0,2352.8594
143,7.7998,6.5603,2.0937,7.5549,282.0,6143.0,2352.8594
144,7.5897,8.7524,2.2096,8.5342,320.0,8485.0,2352.8594
145,8.471,6.5976,1.6343,8.2371,306.0,15071.0,2352.8594
146,8.3064,8.1401,1.913,8.3825,280.0,6141.0,2352.8594
147,8.3367,6.5379,1.7716,8.0766,280.0,6141.0,2352.8594
148,8.1674,8.7363,2.1136,8.2231,280.0,6141.0,2352.8594
149,8.1085,6.5674,1.6328,7.6879,310.0,13627.0,2352.8594
150,7.9207,8.8024,2.0629,8.2718,282.0,6379.0,2352.8594
151,8.0581,6.5416,1.7523,7.9407,282.0,6379.0,2352.8594
152,8.0146,8.8126,1.901,8.4574,288.0,6999.0,2352.8594
153,8.3713,6.5518,1.717,7.8126,279.0,6151.0,2352.8594
154,7.8478,8.8221,1.8673,8.7065,278.0,6139.0,2352.8594
155,8.6441,6.5059,1.651,7.7563,314.0,9469.0,2352.8594
156,7.8204,8.7083,1.766,8.3286,306.0,16509.0,2352.8594
157,8.2907,6.5357,1.6979,8.5549,318.0,24669.0,2352.8594
158,8.6563,8.7935,1.9952,7.4891,320.0,25452.0,2352.8594
159,7.4231,6.6145,1.6995,8.4114,305.0,7523.0,2352.8594
160,8.4617,8.7984,1.8662,8.0837,318.0,8671.0,2352.8594
161,8.3653,6.6413,1.9517,8.2226,302.0,7343.0,2352.8594
162,7.9555,8.7723,1.9912,8.2237,311.0,39921.0,2352.8594
163,8.1806,6.6096,1.6651,7.7739,280.0,6141.0,2352.8594
164,7.7511,8.708,1.8131,8.6215,280.0,6141.0,2352.8594
165,8.6076,6.5142,1.6406,8.0137,315.0,10215.0,2352.8594
166,8.1394,8.7269,1.8437,8.2315,314.0,62303.0,2352.8594
167,8.0891,6.6526,1.7982,8.1298,314.0,18735.0,2352.8594
168,8.2456,8.6537,2.0673,8.3246,314.0,19575.0,2352.8594
169,8.2521,6.5647,1.8732,8.5069,323.0,19043.0,2352.8594
170,8.593,8.2226,2.3268,7.9768,314.0,10155.0,2352.8594
171,7.9247,6.6082,2.1426,8.174,315.0,8311.0,2352.8594
172,8.1409,8.1269,2.2796,8.9398,288.0,47589.0,2352.8594
173,8.9836,8.1831,2.4536,8.4659,261.0,7163.0,2352.8594
174,8.4466,9.3182,2.1519,8.7423,255.0,6079.0,2352.8594
175,8.7303,6.7318,2.1761,8.5671,254.0,6275.0,2352.8594
176,8.6324,8.7351,1.8382,7.9547,289.0,7595.0,2352.8594
177,7.8893,6.3437,1.8621,6.8746,288.0,7559.0,2352.8594
178,6.8888,7.9224,1.9392,9.4889,286.0,10933.0,2352.8594
179,9.5338,6.9015,2.5629,6.5142,281.0,10585.0,2352.8594
180,6.54,6.9109,2.3276,8.9433,250.0,5397.0,2352.8594
181,8.8342,6.8006,2.1448,7.1163,248.0,5395.0,2352.8594
182,7.1948,6.4724,2.5768,8.0759,250.0,5467.0,2352.8594
183,8.0265,7.9932,2.503,7.2451,285.0,7567.0,2352.8594
184,7.2212,6.4588,2.2021,8.5461,288.0,8953.0,2352.8594
185,8.632,8.5832,2.4092,7.7014,290.0,12767.0,2352.8594
186,7.6933,6.2403,1.6564,7.1159,284.0,8335.0,2352.8594
187,7.1169,8.1762,2.2561,8.1531,284.0,9383.0,2352.8594
188,8.0686,6.3286,1.7671,8.1986,285.0,7567.0,2352.8594
189,8.2508,8.4002,1.9089,8.1131,284.0,7555.0,2352.8594
190,8.1547,6.3243,1.7516,7.4501,285.0,8491.0,2224.8594
191,7.393,8.8305,2.1083,8.4756,288.0,9111.0,2224.8594
192,8.4385,6.2838,1.7934,7.4032,296.0,15321.0,2224.8594
193,7.4261,8.2814,2.0275,8.1295,279.0,6971.0,2224.8594
194,8.1427,6.3113,1.9168,7.0427,250.0,5397.0,2224.8594
195,7.0723,8.0467,2.2575,8.6968,250.0,5397.0,2224.8594
196,8.6795,6.255,2.0475,6.9783,287.0,7569.0,2224.8594
197,7.0038,6.9471,2.3375,8.1509,285.0,7567.0,2224.8594
198,8.211,7.8356,2.4067,7.2559,284.0,9619.0,2224.8594
199,7.1275,6.2818,2.0011,9.6864,284.0,7555.0,2224.8594
200,9.7661,8.7283,2.6341,5.7001,277.0,7135.0,2224.8594
201,5.6307,6.3923,1.7595,8.8175,248.0,5395.0,2224.8594
202,8.9527,7.9428,1.8921,7.4674,248.0,5395.0,2224.8594
203,7.3527,6.2152,1.7821,7.4806,285.0,11127.0,2224.8594
204,7.5057,8.5826,2.2743,7.9177,255.0,8099.0,2224.8594
205,7.8884,6.2509,1.9168,8.7098,248.0,5395.0,2224.8594
206,8.7849,8.5827,2.0631,7.4416,249.0,5407.0,2224.8594
207,7.3833,6.2126,1.8587,7.1278,285.0,12899.0,2224.8594
208,7.146,8.7227,2.0208,8.3224,257.0,5699.0,2224.8594
209,8.3312,6.3177,1.9792,7.9213,257.0,5651.0,2224.8594
210,7.8899,8.3634,1.9506,7.6816,251.0,5409.0,2224.8594
211,7.654,6.2097,1.6899,6.8203,250.0,5397.0,2224.8594
212,6.9703,7.3274,1.9243,8.9775,286.0,10365.0,2224.8594
213,8.8083,7.3361,2.1415,6.9339,290.0,37136.0,2224.8594
214,7.0672,6.3676,2.3743,8.1728,281.0,16213.0,2224.8594
215,8.1762,7.6452,2.2602,7.44,272.0,7203.0,2224.8594
216,7.3442,6.2737,1.7673,6.5073,269.0,35383.0,2224.8594
217,6.4877,8.053,2.3757,9.052,248.0,5395.0,2224.8594
218,9.0447,6.2494,1.8,7.0759,248.0,5395.0,2224.8594
219,7.156,8.3653,1.885,8.4826,285.0,29359.0,2224.8594
220,8.5165,6.2835,1.6397,7.444,284.0,43041.0,2224.8594
221,7.4267,8.4865,1.8557,8.3164,284.0,20437.0,2224.8594
222,8.3186,6.2883,2.0262,7.6009,289.0,19281.0,2224.8594
223,7.6369,8.3615,2.1824,8.2762,293.0,14097.0,2224.8594
224,8.19,6.2767,1.8552,6.7654,288.0,7559.0,2224.8594
225,6.799,7.4084,2.1573,8.4081,277.0,29943.0,2224.8594
226,8.3767,7.5008,2.6232,7.0339,270.0,23491.0,2224.8594
227,7.1051,6.8567,2.1962,7.8485,292.0,8211.0,2224.8594
228,7.7614,7.9052,1.9326,7.6157,287.0,7751.0,2224.8594
229,7.554,6.3441,1.6672,7.4958,278.0,8791.0,2224.8594
230,7.6013,8.565,2.4284,8.7705,266.0,8071.0,2224.8594
231,8.7256,6.2743,1.7889,6.9905,285.0,9163.0,2224.8594
232,7.0074,8.4812,2.2967,9.0219,270.0,6667.0,2224.8594
233,8.9667,6.2528,1.7481,7.1091,284.0,7555.0,2224.8594
234,7.22,8.6375,2.4235,8.1169,285.0,7567.0,2224.8594
235,8.0433,6.299,1.8849,7.9632,285.0,10943.0,2224.8594
236,8.0547,8.34,1.9893,7.1463,280.0,10643.0,2224.8594
237,7.0459,6.3033,1.739,8.2224,249.0,5407.0,2224.8594
238,8.3964,8.401,2.1631,7.6954,249.0,5407.0,2224.8594
239,7.55,6.2718,2.159,8.6826,253.0,5459.0,2224.8594
240,8.7629,7.7053,2.3199,8.1445,289.0,7571.0,2224.8594
241,8.1053,6.9176,2.3014,7.1178,292.0,8957.0,2224.8594
242,7.1429,7.5372,2.1089,8.3484,291.0,12757.0,2224.8594
243,8.2562,6.993,1.7942,6.3601,286.0,8337.0,2224.8594
244,6.4024,6.2885,1.8665,9.2316,286.0,9385.0,2224.8594
245,9.2316,8.3193,1.8937,6.895,285.0,7567.0,2224.8594
246,6.8783,6.3128,2.0222,7.9239,284.0,7555.0,2224.8594
247,7.9415,8.652,2.5919,7.7796,284.0,8479.0,2224.8594
248,7.7223,6.3561,1.7748,7.1887,284.0,9107.0,2224.8594
249,7.2625,8.3752,1.6634,7.8078,293.0,15329.0,2224.8594
250,7.8136,6.2658,1.8288,8.6279,274.0,6955.0,2224.8594
251,8.5857,8.5488,1.6549,7.3209,248.0,5395.0,2224.8594
252,7.3211,6.2196,1.7581,8.0634,248.0,5395.0,2224.8594
253,8.1782,8.365,1.8421,7.5367,285.0,7567.0,2224.8594
254,7.5249,6.2768,1.8556,7.4371,284.0,7555.0,2224.8594
255,7.3281,8.472,1.8402,8.3218,288.0,9623.0,2224.8594
256,8.3505,6.3079,1.8355,6.3621,288.0,7559.0,2224.8594
257,6.4618,6.8818,2.0403,9.1961,281.0,7139.0,2224.8594
258,9.126,6.8298,2.0549,6.9398,250.0,5397.0,2224.8594
259,6.8457,6.2282,1.6735,7.7428,251.0,5409.0,2224.8594
260,7.8275,7.7428,2.2622,7.4445,286.0,11117.0,2224.8594
261,7.4088,6.2955,1.5866,7.5495,254.0,8087.0,2224.8594
262,7.6259,8.6234,2.0944,8.183,248.0,5395.0,2224.8594
263,8.0735,6.2685,1.5663,8.2957,248.0,5395.0,2224.8594
264,8.4019,8.4115,1.7721,7.5346,280.0,12883.0,2224.8594
265,7.4364,6.2788,1.638,7.0755,254.0,5707.0,2224.8594
266,7.2654,8.2518,1.9373,8.1364,253.0,5647.0,2224.8594
267,7.9831,6.2432,1.8369,7.6183,249.0,5407.0,2224.8594
268,7.7042,7.9518,1.9873,8.1627,248.0,5395.0,2224.8594
269,8.1134,6.2221,2.0144,7.3335,284.0,10363.0,2224.8594
270,7.6054,7.746,2.3009,8.3294,290.0,37136.0,2224.8594
271,8.0272,7.0272,1.8176,6.6321,288.0,16445.0,2224.8594
272,6.6233,6.3098,1.8909,8.7021,272.0,6967.0,2224.8594
273,8.7292,8.893,2.3966,7.1006,273.0,35387.0,2224.8594
274,7.1277,6.2919,1.8286,8.5351,250.0,5397.0,2224.8594
275,8.5314,8.4115,2.4085,8.1867,251.0,5409.0,2224.8594
276,8.1851,6.3249,1.933,7.5991,287.0,29361.0,2224.8594
277,7.5879,8.5832,1.8557,7.9853,284.0,43041.0,2224.8594
278,7.928,6.299,1.6701,6.8337,284.0,20437.0,2224.8594
279,6.9426,8.3704,1.971,8.6968,288.0,19269.0,2224.8594
280,8.6433,6.3016,1.8815,7.4772,290.0,14105.0,2224.8594
281,7.5679,8.5545,2.1288,7.6234,284.0,7555.0,2224.8594
282,7.5026,6.2997,1.7301,7.299,274.0,29999.0,2224.8594
283,7.3549,7.9838,1.9021,9.0797,273.0,24083.0,2224.8594
284,9.1083,6.2303,1.8857,6.1241,286.0,7891.0,2224.8594
285,6.1113,7.6977,2.158,9.5751,283.0,7413.0,2224.8594
286,9.5436,7.0455,2.2669,5.9203,278.0,8791.0,2224.8594
287,5.8949,6.3522,1.9428,9.1073,272.0,8147.0,2224.8594
288,9.1421,8.1964,2.0518,6.3305,287.0,9095.0,2224.8594
289,6.2667,6.2684,1.7418,7.8245,273.0,6659.0,2224.8594
290,7.8583,8.6793,1.8135,8.3324,286.0,7557.0,2224.8594
291,8.339,6.2044,1.9424,8.0956,286.0,7557.0,2224.8594
292,8.1177,8.6572,2.0857,7.4282,287.0,10945.0,2224.8594
293,7.3574,6.2365,1.6592,7.534,279.0,10631.0,2224.8594
294,7.682,8.3628,2.0848,7.5601,249.0,5407.0,2224.8594
295,7.4334,6.8592,1.7425,8.1184,249.0,5407.0,2224.8594
296,8.1506,8.3659,1.7663,9.7983,249.0,5455.0,2224.8594
297,9.8125,6.2149,1.9988,7.0172,285.0,7567.0,2224.8594
298,7.0686,8.4621,2.2849,8.1459,288.0,8953.0,2224.8594
299,8.0766,6.3009,1.9054,6.8436,289.0,12755.0,2224.8594
300,6.9604,7.7736,2.0546,9.4684,285.0,8347.0,2224.8594
301,9.3395,6.3783,2.5525,5.8552,285.0,9395.0,2224.8594
302,5.9952,6.9107,2.1559,9.3302,284.0,7555.0,2224.8594
303,9.2407,7.4826,2.3201,6.4515,288.0,7559.0,2224.8594
304,6.4342,6.3229,2.018,7.8262,288.0,8483.0,2224.8594
305,7.8059,7.3173,2.0948,8.0313,289.0,9123.0,2224.8594
306,8.041,6.2869,1.7376,6.7911,294.0,15319.0,2224.8594
307,6.7484,8.4477,1.9839,8.3993,276.0,6957.0,2224.8594
308,8.4272,6.242,1.6133,8.5618,250.0,5397.0,2224.8594
309,8.6642,8.3886,1.9972,7.0617,249.0,5407.0,2224.8594
310,6.9905,6.276,1.9459,8.4126,285.0,7567.0,2224.8594
311,8.4347,8.7754,2.0636,7.6336,284.0,7555.0,2224.8594
312,7.5744,6.2637,1.7346,7.8579,284.0,9619.0,2224.8594
313,7.9371,7.9743,1.9614,7.7974,284.0,7555.0,2224.8594
314,7.69,6.7013,1.6572,6.1864,278.0,7147.0,2224.8594
315,6.31,6.9038,2.0637,9.1103,250.0,5419.0,2224.8594
316,9.0659,6.2496,2.0219,6.7294,249.0,5407.0,2224.8594
317,6.6494,6.1923,2.0274,7.3866,284.0,11115.0,2224.8594
318,7.4552,8.3581,2.2115,7.9756,254.0,8087.0,2224.8594
319,7.999,6.35,1.8115,7.8324,252.0,5399.0,2224.8594
320,7.7648,8.3466,1.9883,8.4922,253.0,5411.0,2224.8594
321,8.4975,6.2538,1.8763,7.04,284.0,12887.0,2224.8594
322,7.0577,8.2994,1.9892,8.3254,257.0,5769.0,2224.8594
323,8.3443,6.2115,1.6482,7.4057,254.0,5589.0,2224.8594
324,7.4419,8.6743,1.6773,8.2878,252.0,5421.0,2224.8594
325,8.2053,6.2116,1.7294,7.6767,248.0,5395.0,2224.8594
326,7.7712,8.2886,1.8813,8.1962,284.0,10363.0,2224.8594
327,8.1298,6.2724,1.6605,7.094,290.0,37136.0,2224.8594
328,7.242,8.081,2.1721,8.2867,283.0,16429.0,2224.8594
329,8.219,6.8277,1.928,6.3761,268.0,6963.0,2224.8594
330,6.3294,6.296,2.0392,9.148,270.0,35395.0,2224.8594
331,9.1795,7.0106,2.3896,6.4587,248.0,5395.0,2224.8594
332,6.3744,6.2478,1.5964,8.6851,248.0,5395.0,2224.8594
333,8.8038,8.5352,2.1757,6.975,285.0,29359.0,2224.8594
334,6.8659,6.2675,1.6368,7.9151,284.0,43041.0,2224.8594
335,7.9665,8.1004,2.1648,8.3576,289.0,20453.0,2224.8594
336,8.2903,6.2955,1.7299,7.8377,292.0,19273.0,2224.8594
337,7.9129,8.6377,2.0052,7.8769,293.0,14097.0,2224.8594
338,7.7978,6.2559,1.639,7.7276,286.0,7557.0,2224.8594
339,7.8333,8.7004,1.9012,7.973,281.0,33613.0,2224.8594
340,7.8764,6.1858,1.7578,7.7427,272.0,20497.0,2224.8594
341,7.8179,8.2845,1.7839,7.6857,287.0,7903.0,2224.8594
342,7.6497,6.2504,1.8536,7.3898,281.0,7389.0,2224.8594
343,7.4386,7.728,2.2791,8.4918,278.0,8791.0,2224.8594
344,8.4866,6.754,3.1337,6.4788,268.0,8143.0,2224.8594
345,6.4843,6.3676,2.2235,8.8585,285.0,9115.0,2224.8594
346,8.8367,7.8451,2.2315,7.0535,270.0,6667.0,2224.8594
347,7.0078,6.2606,1.7453,7.7039,284.0,7555.0,2224.8594
348,7.7662,8.6741,2.188,8.5606,284.0,7555.0,2224.8594
349,8.5401,6.304,1.919,7.6866,284.0,10931.0,2224.8594
350,7.698,8.5663,2.4841,7.8852,279.0,10631.0,2224.8594
351,7.8314,6.2634,1.884,7.3469,252.0,5399.0,2224.8594
352,7.4001,8.4338,2.034,7.5896,252.0,5399.0,2224.8594
353,7.5046,6.2411,1.6381,8.1854,254.0,5471.0,2224.8594
354,8.3511,8.6904,1.8711,8.3141,287.0,7569.0,2224.8594
355,8.2332,6.2631,1.7182,7.7383,290.0,8955.0,2224.8594
356,7.7757,7.8852,2.0421,7.8826,292.0,12769.0,2224.8594
357,7.8351,6.2738,1.8849,6.9838,285.0,8347.0,2224.8594
358,6.9963,7.9997,1.9162,8.7205,286.0,9407.0,2224.8594
359,8.7017,6.8416,1.9109,6.1325,284.0,7555.0,2224.8594
360,6.106,6.2718,1.9895,9.3486,284.0,7555.0,2224.8594
361,9.418,7.818,2.1573,6.4752,287.0,8515.0,2224.8594
362,6.4409,6.3103,1.7702,7.9484,284.0,9107.0,2224.8594
363,7.9595,8.2678,2.2923,7.78,292.0,15317.0,2224.8594
364,7.7434,6.3229,1.6095,7.3192,274.0,6955.0,2224.8594
365,7.37,8.4172,1.7965,7.7892,248.0,5395.0,2224.8594
366,7.756,6.2447,1.6823,7.7951,249.0,5407.0,2224.8594
367,7.8469,8.3221,2.0139,8.2746,288.0,7559.0,2224.8594
368,8.1937,6.2753,1.6403,7.7955,288.0,7559.0,2224.8594
369,7.8822,8.5904,2.0053,8.0722,288.0,9623.0,2224.8594
370,8.0362,6.2955,1.8782,7.3438,287.0,7569.0,2224.8594
371,7.3827,8.4807,2.0244,8.1073,280.0,7149.0,2224.8594
372,8.0581,6.3217,1.8768,6.6278,251.0,5409.0,2224.8594
373,6.7322,6.7561,2.3176,9.1066,248.0,5395.0,2224.8594
374,9.0576,7.0094,3.4377,6.2745,284.0,11115.0,2224.8594
375,6.178,6.3403,1.6261,9.2436,254.0,8087.0,2224.8594
376,9.3207,8.5254,2.156,6.132,249.0,5407.0,2224.8594
377,6.0194,6.2219,1.5266,7.6938,248.0,5395.0,2224.8594
378,7.7842,8.4226,1.7561,8.5945,280.0,12883.0,2224.8594
379,8.5706,6.2874,1.6546,8.247,258.0,5947.0,2224.8594
380,8.3072,8.5102,1.8374,6.5948,248.0,5395.0,2224.8594
381,6.535,6.2125,1.7776,8.4441,249.0,5407.0,2224.8594
382,8.5425,8.3293,2.1066,7.9919,249.0,5407.0,2224.8594
383,7.8945,6.2551,1.7528,7.2049,288.0,10367.0,2224.8594
384,7.2395,8.0776,1.947,8.2862,297.0,37176.0,2224.8594
385,8.3211,6.8042,1.9692,6.4591,289.0,16457.0,2224.8594
386,6.4534,7.4089,2.3511,9.3346,270.0,6965.0,2224.8594
387,9.3049,6.8936,2.1492,6.1192,272.0,35397.0,2224.8594
388,6.0757,6.3611,1.9978,9.1904,250.0,5397.0,2224.8594
389,9.2259,7.6114,2.1932,7.3002,248.0,5395.0,2224.8594
390,7.3118,6.2439,2.0651,7.6709,285.0,29359.0,2224.8594
391,7.7046,8.6293,2.5716,7.4991,285.0,43053.0,2224.8594
392,7.4284,6.2373,1.716,7.5765,284.0,20437.0,2224.8594
393,7.6408,8.6644,1.9816,9.0014,288.0,19269.0,2224.8594
394,9.0074,6.2604,1.7904,8.192,289.0,14093.0,2224.8594
395,8.174,8.4132,1.9994,6.6982,284.0,7555.0,2224.8594
396,6.6447,6.1983,1.7029,7.5814,278.0,33599.0,2224.8594
397,7.693,8.3229,2.0147,7.9996,272.0,20615.0,2224.8594
398,7.9125,6.2771,1.8083,7.4758,286.0,7891.0,2224.8594
399,7.5145,8.2765,2.0688,7.8935,283.0,7273.0,2224.8594
400,7.8872,6.2797,1.5747,6.8576,284.0,8867.0,2224.8594
401,6.9089,6.7925,2.152,8.9199,274.0,8315.0,2224.8594
402,8.9357,7.685,2.4129,6.7385,282.0,8865.0,2224.8594
403,6.6443,6.3604,1.9133,8.375,271.0,6657.0,2224.8594
404,8.3894,8.33,3.1712,7.7656,287.0,7569.0,2224.8594
405,7.7267,6.3471,1.6913,7.8658,284.0,7555.0,2224.8594
406,7.9357,8.076,2.111,7.9756,284.0,10931.0,2224.8594
407,7.9294,6.2867,1.748,7.3732,279.0,10631.0,2224.8594
408,7.4877,8.4433,2.0226,7.9623,248.0,5395.0,2224.8594
409,7.8688,6.2197,1.8818,7.1772,249.0,5407.0,2224.8594
410,7.1737,8.6142,1.7844,9.0296,249.0,5455.0,2224.8594
411,9.032,6.2584,2.2741,7.4374,284.0,7555.0,2224.8594
412,7.5274,8.4477,2.211,8.0322,288.0,8953.0,2224.8594
413,7.8951,6.2107,1.8916,7.4983,291.0,12779.0,2224.8594
414,7.5139,8.4736,2.2599,8.2909,284.0,8335.0,2224.8594
415,8.2967,6.2163,2.0346,6.3324,288.0,9387.0,2224.8594
416,6.4717,6.7794,2.0929,9.8569,288.0,7559.0,2224.8594
417,9.7604,7.9801,2.0175,6.2732,288.0,7559.0,2224.8594
418,6.2443,6.3241,2.1176,8.1803,286.0,8481.0,2224.8594
419,8.2007,8.6706,2.4248,7.4582,287.0,9121.0,2224.8594
420,7.3905,6.2885,1.5819,8.0376,294.0,15319.0,2224.8594
421,8.1421,8.3008,1.8919,7.8312,275.0,6967.0,2224.8594
422,7.7665,6.2848,1.5391,8.728,248.0,5395.0,2224.8594
423,8.7623,8.5145,1.8071,7.2637,249.0,5407.0,2224.8594
424,7.199,6.2259,1.5804,7.6559,284.0,7555.0,2224.8594
425,7.7548,8.5599,1.9415,7.9724,284.0,7555.0,2224.8594
426,7.9048,6.2406,1.7728,7.9589,284.0,9619.0,2224.8594
427,8.0179,8.6045,2.0218,7.6375,285.0,7567.0,2224.8594
428,7.5875,6.2695,1.7621,6.9897,278.0,7147.0,2224.8594
429,7.0978,8.4136,2.0247,8.7451,249.0,5407.0,2224.8594
430,8.6571,6.2446,1.8712,8.2908,248.0,5395.0,2224.8594
431,8.443,7.4982,2.5054,7.3033,288.0,11119.0,2224.8594
432,7.1446,7.5647,1.9585,6.5403,259.0,8103.0,2224.8594
433,6.5235,6.3559,2.0098,8.9938,252.0,5399.0,2224.8594
434,9.0309,8.2054,2.1188,6.8448,250.0,5397.0,2224.8594
435,6.7941,6.1451,1.7785,7.3506,282.0,12885.0,2224.8594
436,7.4218,8.7782,2.0833,8.4361,259.0,5937.0,2224.8594
437,8.4073,6.244,1.738,7.7918,248.0,5395.0,2224.8594
438,7.8687,8.4072,1.9359,7.6464,248.0,5395.0,2224.8594
439,7.572,6.1941,1.6841,7.2835,248.0,5395.0,2224.8594
440,7.3248,8.5159,2.1487,8.6069,284.0,10363.0,2224.8594
441,8.5465,6.2462,1.8303,7.7936,290.0,37136.0,2224.8594
442,7.8999,8.3733,2.0626,7.4543,285.0,16917.0,2224.8594
443,7.4246,6.2427,1.8729,7.1734,266.0,6475.0,2224.8594
444,7.185,7.9591,2.0861,8.7451,269.0,35383.0,2224.8594
445,8.6969,6.3003,2.0186,6.1708,249.0,5407.0,2224.8594
446,6.2407,6.2496,2.2261,9.3812,249.0,5407.0,2224.8594
447,9.3279,7.3089,2.3453,6.9379,289.0,29363.0,2224.8594
448,6.8988,6.3408,2.3257,9.2061,288.0,43045.0,2224.8594
449,9.2097,8.8913,2.657,6.8892,289.0,20453.0,2224.8594
450,6.9713,6.3459,2.004,7.3956,290.0,19271.0,2224.8594
451,7.3547,8.6377,2.43,8.1579,291.0,14095.0,2224.8594
452,8.1126,6.2719,1.72,8.0952,286.0,7557.0,2224.8594
453,8.1205,8.4859,1.8801,7.7077,277.0,33587.0,2224.8594
454,7.6748,6.3221,1.7835,9.1493,276.0,20759.0,2224.8594
455,9.1999,8.5551,1.9344,6.5282,286.0,7891.0,2224.8594
456,6.4607,6.2663,1.707,8.7504,277.0,7149.0,2224.8594
457,8.8002,8.5341,1.8104,7.3179,280.0,8911.0,2224.8594
458,7.295,6.2739,1.9705,7.8203,269.0,8251.0,2224.8594
459,7.9094,8.5021,2.0085,7.5585,280.0,8911.0,2224.8594
460,7.4396,6.1973,1.5843,7.0315,269.0,6607.0,2224.8594
461,7.0978,7.4828,2.0176,8.7848,285.0,7567.0,2224.8594
462,8.7922,6.8447,2.1768,7.178,285.0,7567.0,2224.8594
463,7.2094,6.2983,2.1495,8.7785,289.0,10947.0,2224.8594
464,8.7607,8.4493,2.1333,6.3367,283.0,10635.0,2224.8594
465,6.2504,6.3366,1.6357,7.5796,252.0,5399.0,2224.8594
466,7.5846,8.4724,2.1676,8.3815,251.0,5409.0,2224.8594
467,8.4392,6.2938,1.8983,7.5659,252.0,5469.0,2224.8594
468,7.5536,8.3985,1.8614,8.3388,287.0,7569.0,2224.8594
469,8.3052,6.3,1.7209,7.0065,289.0,8965.0,2224.8594
470,7.0979,8.489,1.9982,8.1935,289.0,12755.0,2224.8594
471,8.0824,6.2525,1.5028,7.5314,284.0,8335.0,2224.8594
472,7.647,8.2587,2.0139,8.2635,284.0,9383.0,2224.8594
473,8.1751,6.3038,1.8141,7.2407,286.0,7579.0,2224.8594
474,7.3346,7.3937,2.2628,8.3775,284.0,7555.0,2224.8594
475,8.3066,6.8489,1.9617,6.776,284.0,8479.0,2224.8594
476,6.9221,6.9759,2.2129,8.8239,284.0,9107.0,2224.8594
477,8.663,7.0333,1.9777,6.631,293.0,15329.0,2224.8594
478,6.6791,6.2837,1.804,7.4525,276.0,6979.0,2224.8594
479,7.4324,8.304,2.0238,7.8049,254.0,5423.0,2224.8594
480,7.7934,6.2233,1.6362,8.1018,252.0,5399.0,2224.8594
481,8.158,8.2049,1.8697,7.4074,288.0,7559.0,2224.8594
482,7.3714,6.2631,1.8534,8.3894,287.0,7569.0,2224.8594
483,8.4809,8.4225,2.1937,7.2263,287.0,9633.0,2224.8594
484,7.1087,6.2434,1.6216,7.6104,286.0,7557.0,2224.8594
485,7.5822,8.2808,1.7813,7.5648,278.0,7147.0,2224.8594
486,7.5694,6.2475,1.6251,7.005,248.0,5395.0,2224.8594
487,7.0741,7.7177,1.8981,8.4814,248.0,5395.0,2224.8594
488,8.5272,6.7883,1.9976,7.4423,284.0,11115.0,2224.8594
489,7.4521,6.8463,2.2269,8.8762,255.0,8099.0,2224.8594
490,8.7772,7.0956,1.9955,6.6402,248.0,5395.0,2224.8594
491,6.631,6.3018,1.6334,6.9075,249.0,5407.0,2224.8594
492,6.96,8.3682,2.087,8.5145,280.0,12883.0,2224.8594
493,8.4492,6.2493,1.6172,7.3385,258.0,5947.0,2224.8594
494,7.3818,8.4056,1.8214,8.1795,248.0,5395.0,2224.8594
495,8.1222,6.2556,1.6483,7.6508,252.0,5399.0,2224.8594
496,7.7593,8.6187,1.9475,8.8897,252.0,5399.0,2224.8594
497,8.86,6.1861,1.9623,7.5859,288.0,10367.0,2224.8594
498,7.5801,8.522,2.1518,7.4758,293.0,37150.0,2224.8594
499,7.4503,6.2228,1.8864,7.1836,287.0,16919.0,2224.8594
500,7.2515,8.4998,2.0873,8.294,271.0,6561.0,2224.8594
501,8.224,6.2986,1.7519,6.1753,269.0,35335.0,2224.8594
502,6.2352,8.0026,1.8761,10.23,248.0,5395.0,2224.8594
503,10.2038,6.7125,1.8873,7.6974,248.0,5395.0,2224.8594
504,7.7764,6.6429,2.4872,8.105,284.0,29347.0,2224.8594
505,8.0084,8.1185,2.0739,6.4382,285.0,43053.0,2224.8594
506,6.4272,6.3756,2.025,7.809,284.0,20437.0,2224.8594
507,7.8341,8.2482,2.3808,7.8091,288.0,19269.0,2224.8594
508,7.7459,6.2883,1.5801,7.8502,289.0,14093.0,2224.8594
509,7.9482,8.5599,2.0332,8.2203,285.0,7567.0,2224.8594
510,8.1574,6.283,1.9679,7.764,277.0,33587.0,2224.8594
511,7.8457,8.5725,2.0782,8.027,281.0,20871.0,2224.8594
512,7.9225,6.342,1.688,7.598,291.0,7907.0,2224.8594
513,7.6726,8.6802,1.8496,8.2287,282.0,7117.0,2224.8594
514,8.1573,6.3093,1.68,7.7027,282.0,8913.0,2224.8594
515,7.837,7.6822,1.9704,8.0089,270.0,8193.0,2224.8594
516,7.9017,6.2745,1.8266,7.9656,285.0,9093.0,2224.8594
517,8.0398,8.8445,1.9822,7.9307,284.0,7555.0,2224.8594
518,7.8709,6.3279,1.7156,6.7057,284.0,7555.0,2224.8594
519,6.7591,6.8634,1.9938,8.5778,284.0,9243.0,2224.8594
520,8.5137,6.5342,2.0187,6.7764,284.0,12619.0,2224.8594
521,6.821,6.2724,2.103,8.0723,261.0,6127.0,2224.8594
522,8.0873,8.6117,2.5132,8.6178,248.0,5395.0,2224.8594
523,8.6006,6.346,2.3319,6.5418,249.0,5407.0,2224.8594
524,6.5281,8.4162,2.265,8.4695,250.0,5467.0,2224.8594
525,8.4407,6.2167,1.7701,7.7736,285.0,7567.0,2224.8594
526,7.8613,8.5833,1.9841,8.4009,288.0,8953.0,2224.8594
527,8.3078,6.238,1.8817,7.808,293.0,12759.0,2224.8594
528,7.893,8.4689,2.2726,8.3926,289.0,8351.0,2224.8594
529,8.3614,6.326,1.9524,7.4247,289.0,9399.0,2224.8594
530,7.4792,7.6221,2.2733,7.4107,288.0,7581.0,2224.8594
531,7.3125,6.2504,1.7827,7.1342,287.0,7569.0,2224.8594
532,7.2191,8.2936,2.0936,8.8692,287.0,8493.0,2224.8594
533,8.8438,6.4112,2.107,6.601,285.0,9119.0,2224.8594
534,6.6494,7.0463,2.2394,8.9633,292.0,15317.0,2224.8594
535,8.8762,7.3859,2.084,6.0453,275.0,6967.0,2224.8594
536,6.0172,6.2667,1.5987,9.1197,248.0,5395.0,2224.8594
537,9.182,7.7455,2.0913,6.8038,249.0,5407.0,2224.8594
538,6.796,6.3179,1.7851,7.9263,284.0,7555.0,2224.8594
539,7.9478,8.1428,2.2083,8.3773,285.0,7567.0,2224.8594
540,8.353,6.3015,2.1742,7.8771,284.0,9619.0,2224.8594
541,7.915,8.632,2.2028,7.6007,284.0,7555.0,2224.8594
542,7.4975,6.2223,1.9228,7.7878,278.0,7147.0,2224.8594
543,7.9162,8.5254,2.1758,7.6152,252.0,5399.0,2224.8594
544,7.51,6.8467,1.7064,8.1898,252.0,5399.0,2224.8594
545,8.2951,8.3615,1.9176,7.2808,289.0,11131.0,2224.8594
546,7.2077,6.2878,1.8003,7.3973,257.0,8101.0,2224.8594
547,7.4628,8.0375,2.0039,8.1364,250.0,5397.0,2224.8594
548,8.1112,6.7455,1.9573,6.8105,251.0,5409.0,2224.8594
549,6.8276,6.7013,2.1932,9.5091,282.0,12907.0,2224.8594
550,9.5635,7.6347,2.414,6.6919,258.0,5947.0,2224.8594
551,6.5939,6.3861,2.3953,8.0763,248.0,5395.0,2224.8594
552,8.1137,8.7522,2.4858,7.4819,250.0,5419.0,2224.8594
553,7.4504,6.259,1.9376,9.2284,248.0,5395.0,2224.8594
554,9.2465,8.4328,2.8031,6.6995,284.0,10363.0,2224.8594
555,6.6921,6.2695,1.8784,8.1708,290.0,37136.0,2224.8594
556,8.265,8.7272,2.2012,7.7921,286.0,16977.0,2224.8594
557,7.6381,6.2659,1.5366,7.3603,266.0,6475.0,2224.8594
558,7.5106,8.1438,1.8185,8.0454,268.0,35323.0,2224.8594
559,7.9493,6.2713,2.0074,7.7847,253.0,5411.0,2224.8594
560,7.8893,8.1238,3.1376,8.0994,253.0,5411.0,2224.8594
561,7.9666,6.8134,1.8344,7.4982,289.0,29363.0,2224.8594
562,7.5515,8.1936,2.3835,8.3977,286.0,43043.0,2224.8594
563,8.3693,6.3369,2.8442,5.5959,287.0,20451.0,2224.8594
564,5.6517,7.3586,1.9262,9.8822,291.0,19283.0,2224.8594
565,9.8307,7.3166,2.0055,6.0349,289.0,14093.0,2224.8594
566,6.0305,6.3632,1.7889,8.7071,284.0,7555.0,2224.8594
567,8.8202,7.747,2.1135,7.2051,280.0,33719.0,2224.8594
568,7.1003,6.2334,1.7671,8.3288,276.0,20855.0,2224.8594
569,8.354,8.7216,1.9227,7.5646,287.0,7903.0,2224.8594
570,7.5042,6.2699,1.6653,7.4991,276.0,7041.0,2224.8594
571,7.5726,8.5867,1.8986,9.757,281.0,8971.0,2224.8594
572,9.6878,6.2843,1.7856,6.7425,267.0,8131.0,2224.8594
573,6.8558,8.6134,2.2723,7.7358,283.0,9043.0,2224.8594
574,7.6316,6.2803,1.7292,7.9809,285.0,7567.0,2224.8594
575,8.0677,8.4935,1.8419,8.15,289.0,7571.0,2224.8594
576,8.0963,6.3303,1.7085,7.2649,288.0,9247.0,2224.8594
577,7.3414,8.7366,2.045,8.3477,288.0,12623.0,2224.8594
578,8.2358,6.2967,1.6278,6.0181,262.0,6117.0,2224.8594
579,6.0754,7.1448,2.0822,9.6102,250.0,5397.0,2224.8594
580,9.6268,6.7415,2.2942,6.3829,250.0,5397.0,2224.8594
581,6.3675,6.3168,2.2666,8.9276,250.0,5467.0,2224.8594
582,9.0055,8.5365,2.4433,7.7019,285.0,7567.0,2224.8594
583,7.5772,6.2981,2.578,7.2858,288.0,8953.0,2224.8594
584,7.4643,8.8098,2.6475,8.4839,289.0,12755.0,2224.8594
585,8.3993,6.3049,1.8503,8.8445,284.0,8335.0,2224.8594
586,8.8318,8.7046,2.6301,7.6549,284.0,9383.0,2224.8594
587,7.6733,6.4065,3.2104,8.9839,284.0,7555.0,2224.8594
588,8.9423,8.8132,2.6411,6.8544,285.0,7567.0,2224.8594
589,6.834,6.3538,2.0245,8.3366,284.0,8479.0,2224.8594
590,8.3848,8.6198,2.2358,7.703,285.0,9119.0,2224.8594
591,7.656,6.3492,2.0198,7.9588,296.0,15321.0,2224.8594
592,7.9849,8.5778,2.163,8.4023,278.0,6959.0,2224.8594
593,8.4114,6.3348,2.0405,7.7422,252.0,5399.0,2224.8594
594,7.7833,8.1243,2.5097,8.7234,250.0,5397.0,2224.8594
595,8.6125,6.3651,2.2071,7.8778,286.0,7557.0,2224.8594
596,8.0327,8.492,2.3368,8.3163,286.0,7557.0,2224.8594
597,8.236,6.3708,2.1426,7.5507,284.0,9619.0,2224.8594
598,7.5088,8.1979,2.4023,8.6665,284.0,7555.0,2224.8594
599,8.6971,6.8505,2.8769,6.5976,277.0,7135.0,2224.8594
600,6.6687,7.9792,2.0926,9.5032,248.0,5395.0,2224.8594
601,9.434,6.791,2.488,7.3948,248.0,5395.0,2224.8594
602,7.4701,7.757,2.7186,7.6518,284.0,11115.0,2224.8594
603,7.533,7.1844,2.0216,7.5288,254.0,8087.0,2224.8594
604,7.6021,6.3182,2.1667,8.4768,249.0,5407.0,2224.8594
605,8.4523,8.1117,2.1857,7.1709,248.0,5395.0,2224.8594
606,7.1373,6.2848,3.0424,9.2052,261.0,5939.0,2224.8594
607,9.2719,6.4583,3.0101,10.2713,253.0,5411.0,2224.8594
608,10.4814,6.4583,3.0022,8.7738,252.0,5399.0,2224.8594
609,8.5982,6.4911,2.9805,8.7667,251.0,5409.0,2224.8594
610,8.7337,6.4911,2.3015,7.8258,287.0,10377.0,2224.8594
611,7.8629,7.3207,2.595,6.8626,293.0,37150.0,2224.8594
612,6.8647,6.3585,2.3213,8.5324,288.0,17001.0,2224.8594
613,8.4061,7.346,1.846,6.0194,266.0,6475.0,2224.8594
614,6.0306,6.3118,1.9977,9.3036,269.0,35335.0,2224.8594
615,9.3466,8.0702,3.5961,6.5749,249.0,5407.0,2224.8594
616,6.5813,6.3021,1.7011,7.2546,249.0,5407.0,2224.8594
617,7.2341,8.207,1.665,8.6267,285.0,29359.0,2224.8594
618,8.6806,6.1963,1.695,7.3368,284.0,43041.0,2224.8594
619,7.332,8.5315,1.8419,7.8093,284.0,20437.0,2224.8594
620,7.7632,6.2714,1.7862,8.1968,288.0,19269.0,2224.8594
621,8.2752,8.504,2.1315,8.003,289.0,14093.0,2224.8594
622,7.9253,6.2385,2.0338,7.6548,288.0,7559.0,2224.8594
623,7.6545,8.5735,2.0551,7.7533,284.0,33723.0,2224.8594
624,7.8067,6.3065,1.7677,7.4959,286.0,21205.0,2224.8594
625,7.505,7.8932,1.9774,8.2418,287.0,7751.0,2224.8594
626,8.1926,6.3182,1.9741,6.8673,275.0,6911.0,2224.8594
627,6.8748,6.829,2.0115,8.5631,282.0,8913.0,2224.8594
628,8.5506,8.0064,2.2326,6.893,269.0,8251.0,2224.8594
629,6.8799,6.2931,1.8594,8.4743,280.0,8911.0,2224.8594
630,8.4953,8.4429,2.2529,7.6097,284.0,7555.0,2224.8594
631,7.6216,6.2899,1.9689,7.4276,284.0,7555.0,2224.8594
632,7.5017,8.577,2.2866,8.4496,284.0,9243.0,2224.8594
633,8.32,6.2271,1.8366,7.0231,284.0,12619.0,2224.8594
634,7.1563,8.4766,2.0378,8.2238,262.0,6139.0,2224.8594
635,8.1343,6.268,1.8189,7.5901,248.0,5395.0,2224.8594
636,7.6486,8.6382,2.1683,7.5589,249.0,5407.0,2224.8594
637,7.4721,6.2366,1.6707,8.6694,249.0,5455.0,2224.8594
638,8.8371,8.3162,1.7302,7.2963,288.0,7559.0,2224.8594
639,7.1126,6.1975,1.546,6.9256,293.0,8969.0,2224.8594
640,7.053,8.0308,1.9674,9.0365,294.0,12771.0,2224.8594
641,8.951,6.7766,2.0122,6.2595,286.0,8337.0,2224.8594
642,6.2439,6.3309,1.7765,8.9493,286.0,9385.0,2224.8594
643,9.0009,7.2772,2.2182,6.8484,286.0,7557.0,2224.8594
644,6.7844,6.2323,1.6155,7.9899,285.0,7567.0,2224.8594
645,8.0348,8.6627,1.9227,7.9084,285.0,8491.0,2224.8594
646,7.9891,6.2483,1.7029,8.1053,284.0,9107.0,2224.8594
647,8.0525,8.6151,1.8711,7.9414,293.0,15329.0,2224.8594
648,7.8941,6.3399,1.8287,7.8268,274.0,6955.0,2224.8594
649,7.8497,8.5842,1.9345,7.7976,248.0,5395.0,2224.8594
650,7.7573,6.2543,1.6334,7.5362,248.0,5395.0,2224.8594
651,7.6009,8.4855,1.8251,8.0097,286.0,7579.0,2224.8594
652,7.9632,6.2364,1.7822,7.192,284.0,7555.0,2224.8594
653,7.2127,8.5643,1.9547,8.6615,284.0,9619.0,2224.8594
654,8.6097,6.2093,1.8257,7.6201,288.0,7559.0,2224.8594
655,7.7353,7.3671,2.129,6.9829,281.0,7139.0,2224.8594
656,6.9188,6.7595,1.913,7.5294,253.0,5411.0,2224.8594
657,7.4743,6.3191,1.867,8.3903,250.0,5397.0,2224.8594
658,8.4741,8.5694,2.1219,7.6064,286.0,11117.0,2224.8594
659,7.5432,6.229,1.7152,7.5464,258.0,8113.0,2224.8594
660,7.5881,8.8329,2.1397,7.7795,249.0,5407.0,2224.8594
661,7.769,6.2295,1.6619,7.33,249.0,5407.0,2224.8594
662,7.3522,8.3719,1.7752,9.1343,280.0,12883.0,2224.8594
663,9.1001,6.2313,2.281,7.3576,257.0,5935.0,2224.8594
664,7.4221,8.4255,2.1307,7.4036,248.0,5395.0,2224.8594
665,7.3196,6.2378,1.6745,7.1561,248.0,5395.0,2224.8594
666,7.1981,8.2515,1.9222,8.2566,248.0,5395.0,2224.8594
667,8.2298,6.1392,1.6244,6.7637,284.0,10363.0,2224.8594
668,6.8642,7.5513,2.0352,8.9879,290.0,37136.0,2224.8594
669,8.9071,7.0485,1.7978,6.1983,287.0,17037.0,2224.8594
670,6.2259,6.3444,1.8964,9.1831,269.0,6419.0,2224.8594
671,9.1987,7.3562,2.2605,6.7278,272.0,35327.0,2224.8594
672,6.6542,6.3771,1.7648,7.5143,252.0,5399.0,2224.8594
673,7.6141,8.6221,2.2386,7.9622,251.0,5409.0,2224.8594
674,7.8991,6.1689,1.7461,7.9964,286.0,29349.0,2224.8594
675,8.0545,8.4747,1.9531,8.1347,287.0,43055.0,2224.8594
676,8.1176,6.2703,1.6411,7.4098,284.0,20437.0,2224.8594
677,7.3633,8.2696,1.8159,7.9703,288.0,19269.0,2224.8594
678,8.0004,6.2056,1.8122,7.8154,288.0,14081.0,2224.8594
679,7.8756,8.2778,2.1871,8.2236,286.0,7579.0,2224.8594
680,8.155,6.8036,2.4643,8.1935,279.0,33707.0,2224.8594
681,8.2643,8.0271,2.1474,7.0335,282.0,21201.0,2224.8594
682,6.9082,6.2299,1.809,6.5111,285.0,7749.0,2224.8594
683,6.6879,6.9055,2.3379,8.9118,273.0,6909.0,2224.8594
684,8.7676,7.9124,2.2145,7.5486,280.0,8911.0,2224.8594
685,7.5637,6.3091,2.285,7.4209,272.0,8431.0,2224.8594
686,7.4216,8.2781,2.1513,8.2625,283.0,8855.0,2224.8594
687,8.2493,6.306,1.8338,7.3771,288.0,7559.0,2224.8594
688,7.4095,8.7691,2.7136,8.9761,289.0,7571.0,2224.8594
689,8.9503,6.2908,1.9165,8.4071,287.0,9257.0,2224.8594
690,8.5318,8.76,2.5893,7.1242,287.0,12633.0,2224.8594
691,6.9927,6.323,1.9759,7.2406,260.0,5997.0,2224.8594
692,7.2395,8.5349,2.117,8.4621,249.0,5407.0,2224.8594
693,8.4758,6.2404,1.8424,7.3071,249.0,5407.0,2224.8594
694,7.3306,8.6614,1.8937,8.0719,249.0,5455.0,2224.8594
695,8.1127,6.2683,1.9677,8.1102,285.0,7567.0,2224.8594
696,8.1055,8.5959,2.21,8.7565,288.0,8953.0,2224.8594
697,8.7157,6.3135,1.9938,7.0955,290.0,12767.0,2224.8594
698,7.1898,7.897,2.18,8.6526,284.0,8335.0,2224.8594
699,8.5898,6.2612,2.2172,6.6609,284.0,9383.0,2224.8594
700,6.7667,6.7878,2.2878,8.0004,286.0,7579.0,2224.8594
701,7.8579,7.6672,2.1467,7.1344,285.0,7567.0,2224.8594
702,7.1013,6.2869,1.9363,8.7896,289.0,8495.0,2224.8594
703,8.8619,8.4084,2.237,6.7522,288.0,9111.0,2224.8594
704,6.7957,6.3032,1.7843,7.8179,296.0,15321.0,2224.8594
705,7.7334,8.1691,1.9516,8.2118,276.0,6957.0,2224.8594
706,8.2515,6.1942,1.7613,6.9153,251.0,5409.0,2224.8594
707,6.9188,8.3684,1.7712,8.5877,251.0,5409.0,2224.8594
708,8.4969,6.2489,1.8857,8.2551,284.0,7555.0,2224.8594
709,8.3166,8.5409,2.8676,7.3182,286.0,7579.0,2224.8594
710,7.2777,6.2736,1.6977,7.5094,285.0,9631.0,2224.8594
711,7.5242,8.5835,1.7488,8.3583,286.0,7579.0,2224.8594
712,8.3515,6.2187,1.7574,6.6275,277.0,7135.0,2224.8594
713,6.731,8.119,1.8362,8.3232,248.0,5395.0,2224.8594
714,8.2631,6.7202,1.8758,6.7186,248.0,5395.0,2224.8594
715,6.6781,6.8921,1.7341,9.3664,284.0,11115.0,2224.8594
716,9.4184,7.7258,2.1833,6.0075,254.0,8087.0,2224.8594
717,5.9455,6.2649,1.6163,8.2488,249.0,5407.0,2224.8594
718,8.3822,7.9222,1.9808,7.7199,252.0,5399.0,2224.8594
719,7.5585,6.2036,1.4254,8.1821,284.0,12887.0,2224.8594
720,8.2712,8.3514,1.9345,7.5278,261.0,5939.0,2224.8594
721,7.5068,6.3424,1.8645,8.2138,250.0,5397.0,2224.8594
722,8.2886,8.5215,2.0268,7.543,250.0,5397.0,2224.8594
723,7.5118,6.2946,1.9463,7.9816,250.0,5397.0,2224.8594
724,8.0423,8.9129,2.1849,8.5035,284.0,10363.0,2224.8594
725,8.4094,6.229,1.7787,8.2344,293.0,37172.0,2224.8594
726,8.2935,8.0716,2.2206,7.4338,287.0,17037.0,2224.8594
727,7.3947,6.8159,2.2365,6.8226,265.0,6415.0,2224.8594
728,6.8778,7.9007,2.4507,9.0519,269.0,35335.0,2224.8594
729,8.9987,6.3554,2.0434,6.6336,249.0,5407.0,2224.8594
730,6.7587,6.3559,2.2131,7.6063,249.0,5407.0,2224.8594
731,7.4587,8.8366,1.9415,8.8657,284.0,29347.0,2224.8594
732,8.9404,6.3015,2.535,7.1966,284.0,43041.0,2224.8594
733,7.1551,7.9709,2.1511,7.8915,285.0,20449.0,2224.8594
734,7.8996,6.5956,1.9044,7.8988,293.0,19285.0,2224.8594
735,7.8849,8.0173,2.1246,8.725,292.0,14085.0,2224.8594
736,8.7448,6.3604,2.0584,8.2359,291.0,7595.0,2224.8594
737,8.2937,8.8068,2.6544,7.9162,283.0,33781.0,2224.8594
738,7.8272,6.8386,2.0671,7.4075,282.0,21131.0,2224.8594
739,7.4509,8.5544,2.0555,8.7441,288.0,7763.0,2224.8594
740,8.696,6.2871,1.8894,7.7365,273.0,6909.0,2224.8594
741,7.8064,8.4987,2.3122,7.4494,280.0,8911.0,2224.8594
742,7.3534,6.2938,2.0752,7.9292,274.0,8551.0,2224.8594
743,7.9448,7.4029,2.2231,7.5092,277.0,8731.0,2224.8594
744,7.5541,7.8058,2.0233,8.6836,285.0,7567.0,2224.8594
745,8.6604,8.8303,1.7955,8.3553,284.0,7555.0,2224.8594
746,8.3793,6.2161,1.5718,7.6123,285.0,9255.0,2224.8594
747,7.6236,7.9084,2.1112,7.8065,284.0,12619.0,2224.8594
748,7.8014,6.2684,1.81,7.1026,258.0,5995.0,2224.8594
749,7.1351,6.7457,2.5357,8.7203,249.0,5407.0,2224.8594
750,8.6802,7.3444,2.2031,6.5888,252.0,5399.0,2224.8594
751,6.5695,6.269,2.2801,8.6711,253.0,5459.0,2224.8594
752,8.6736,7.802,2.1642,7.1465,288.0,7559.0,2224.8594
753,7.0806,6.2269,1.4648,7.3915,291.0,8967.0,2224.8594
754,7.4917,8.3655,3.3992,8.096,291.0,12757.0,2224.8594
755,8.024,6.2502,1.7042,7.8166,288.0,8361.0,2224.8594
756,7.8872,8.5261,2.0149,7.482,285.0,9395.0,2224.8594
757,7.7245,6.23,1.8961,8.5688,284.0,7555.0,2224.8594
758,8.3339,8.7466,1.7172,7.6371,285.0,7567.0,2224.8594
759,7.6233,6.3342,1.8618,8.192,285.0,8491.0,2224.8594
760,8.1893,8.1338,2.1931,8.1026,285.0,9119.0,2224.8594
761,8.0777,6.3587,1.9935,7.5408,293.0,15329.0,2224.8594
762,7.588,8.3908,2.1828,7.2514,274.0,6955.0,2224.8594
763,7.2407,6.3588,1.8607,7.2955,249.0,5407.0,2224.8594
764,7.3458,7.0066,2.3351,8.0914,248.0,5395.0,2224.8594
765,8.0241,7.4226,2.0627,7.87,284.0,7555.0,2224.8594
766,7.9068,6.2209,2.5172,7.5172,289.0,7571.0,2224.8594
767,7.4799,8.3515,1.968,7.9734,289.0,9635.0,2224.8594
768,7.9588,6.2648,1.7822,7.6277,290.0,7583.0,2224.8594
769,7.6915,8.539,2.3147,8.1796,280.0,7149.0,2224.8594
770,8.1235,6.3039,1.8777,7.2493,250.0,5397.0,2224.8594
771,7.2741,8.5773,2.1001,8.1994,251.0,5409.0,2224.8594
772,8.1385,6.1892,1.858,7.5143,284.0,11115.0,2224.8594
773,7.5436,8.5886,2.0396,7.9945,255.0,8099.0,2224.8594
774,7.9853,6.2796,1.6682,7.5494,249.0,5407.0,2224.8594
775,7.6338,8.2552,1.9864,7.7638,250.0,5419.0,2224.8594
776,7.6852,6.2782,1.7705,7.1647,281.0,12895.0,2224.8594
777,7.2387,6.9489,2.0348,9.0139,257.0,5935.0,2224.8594
778,8.9565,7.4308,2.0943,5.8274,248.0,5395.0,2224.8594
779,5.7947,6.9073,1.8874,10.0076,248.0,5395.0,2224.8594
780,10.0767,7.8133,2.4554,6.5275,249.0,5407.0,2224.8594
781,6.508,6.28,2.3945,8.4607,284.0,10363.0,2224.8594
782,8.5168,8.6399,2.4889,7.3911,295.0,37152.0,2224.8594
783,7.3015,6.2301,1.8631,7.7244,291.0,17041.0,2224.8594
784,7.8728,8.3708,2.078,7.8777,269.0,6419.0,2224.8594
785,7.7296,6.2888,1.8289,7.5393,270.0,35325.0,2224.8594
786,7.6149,8.7968,2.0159,7.7675,250.0,5397.0,2224.8594
787,7.7195,6.2254,1.751,7.875,251.0,5409.0,2224.8594
788,7.9461,8.367,1.9506,8.1749,285.0,29359.0,2224.8594
789,8.0809,6.2528,1.8136,7.3899,284.0,43041.0,2224.8594
790,7.498,8.4262,2.2814,8.5138,285.0,20449.0,2224.8594
791,8.4167,6.6725,1.9323,7.37,289.0,19281.0,2224.8594
792,7.5038,8.0292,1.9179,8.2911,288.0,14081.0,2224.8594
793,8.1756,6.7655,2.0219,6.387,285.0,7567.0,2224.8594
794,6.4313,6.2637,2.3068,8.1619,283.0,33899.0,2224.8594
795,8.1254,7.9701,2.0293,7.8146,280.0,21129.0,2224.8594
796,7.8052,6.3174,2.0041,7.7918,285.0,7749.0,2224.8594
797,7.8527,8.4383,2.5359,7.938,271.0,6789.0,2224.8594
798,7.9396,6.2983,1.8718,7.4811,286.0,8939.0,2224.8594
799,7.4262,8.5808,2.0209,7.7197,279.0,8615.0,2224.8594
800,7.8171,6.2774,1.8093,8.0258,280.0,8675.0,2224.8594
801,7.9745,8.4902,2.0748,8.2609,287.0,7569.0,2224.8594
802,8.1497,6.3035,1.7625,7.6383,286.0,7557.0,2224.8594
803,7.8045,8.3381,2.2103,7.5315,287.0,9257.0,2224.8594
804,7.439,6.2418,1.9188,8.1079,284.0,12619.0,2224.8594
805,8.1894,7.9358,2.2701,7.8547,259.0,6007.0,2224.8594
806,7.8682,6.8536,2.0293,5.9509,248.0,5395.0,2224.8594
807,5.9176,6.8702,2.3832,8.7834,249.0,5407.0,2224.8594
808,8.7042,6.7481,1.9815,6.6458,250.0,5467.0,2224.8594
809,6.6477,6.223,1.6768,8.6107,284.0,7555.0,2224.8594
810,8.6557,8.3707,2.0622,7.3772,288.0,8953.0,2224.8594
811,7.3687,6.2318,1.855,7.4997,290.0,12767.0,2224.8594
812,7.4665,8.4235,1.7839,8.7636,284.0,8335.0,2224.8594
813,8.7654,6.321,1.923,7.8266,284.0,9383.0,2224.8594
814,7.9711,8.6154,2.2519,8.0274,290.0,7583.0,2224.8594
815,7.9268,6.9557,2.0278,7.321,289.0,7571.0,2224.8594
816,7.3311,8.3976,2.1718,8.1349,289.0,8495.0,2224.8594
817,8.0793,6.4259,1.8244,7.9981,288.0,9133.0,2224.8594
818,8.0491,8.3946,2.0212,7.5823,294.0,15319.0,2224.8594
819,7.5344,6.2524,1.8574,7.0479,277.0,6969.0,2224.8594
820,7.0822,8.1308,2.2632,8.6914,248.0,5395.0,2224.8594
821,8.6915,6.821,2.1534,6.4471,248.0,5395.0,2224.8594
822,6.5168,6.3151,2.2556,9.8048,284.0,7555.0,2224.8594
823,9.7911,7.8678,2.5082,6.2362,284.0,7555.0,2224.8594
824,6.173,6.3754,2.3875,8.6376,285.0,9631.0,2224.8594
825,8.647,8.6801,2.5118,7.1548,284.0,7555.0,2224.8594
826,7.1399,6.2295,1.8364,8.0868,278.0,7147.0,2224.8594
827,8.1237,8.6625,2.1798,7.3565,248.0,5395.0,2224.8594
828,7.3153,6.3301,1.8875,8.0518,249.0,5407.0,2224.8594
829,8.1517,8.3707,1.9357,7.8059,284.0,11115.0,2224.8594
830,7.6395,6.2456,1.6268,8.2545,259.0,8103.0,2224.8594
831,8.3762,8.6263,2.6615,7.4457,253.0,5411.0,2224.8594
832,7.4104,6.2616,1.7914,7.4375,252.0,5399.0,2224.8594
833,7.4711,8.493,1.99,8.3841,283.0,12897.0,2224.8594
834,8.3285,6.2417,1.803,7.4641,259.0,5937.0,2224.8594
835,7.5572,7.7685,2.1097,8.799,250.0,5397.0,2224.8594
836,8.7177,6.9982,2.0866,5.9641,248.0,5395.0,2224.8594
837,6.0367,6.4671,2.4017,8.0454,248.0,5395.0,2224.8594
838,8.0763,7.1598,2.0397,8.1403,286.0,10387.0,2224.8594
839,8.2825,6.3088,2.7475,8.2712,290.0,37136.0,2224.8594
840,8.1017,8.6696,2.619,7.4936,289.0,17061.0,2224.8594
841,7.4497,6.3785,2.1544,7.3326,265.0,6415.0,2224.8594
842,7.3979,8.9662,2.5204,8.5359,269.0,35335.0,2224.8594
843,8.3598,6.256,1.6229,7.5152,248.0,5395.0,2224.8594
844,7.6747,8.4269,2.0281,8.147,249.0,5407.0,2224.8594
845,8.0587,6.2547,1.8622,7.3515,284.0,29347.0,2224.8594
846,7.4446,8.4871,2.1367,8.9686,288.0,43045.0,2224.8594
847,8.904,6.2905,2.0428,8.6579,288.0,20441.0,2224.8594
848,8.6682,8.5572,2.1344,6.8521,294.0,19297.0,2224.8594
849,6.8252,6.357,1.988,7.6974,290.0,14083.0,2224.8594
850,7.7731,8.5696,2.3412,7.9048,286.0,7557.0,2224.8594
851,7.8414,6.2818,1.9589,6.2887,286.0,34009.0,2224.8594
852,6.3336,7.7315,1.9429,9.1176,277.0,20997.0,2224.8594
853,9.0558,6.9713,2.0263,6.5484,286.0,7761.0,2224.8594
854,6.5185,6.2671,1.9492,8.2181,271.0,6789.0,2224.8594
855,8.3087,7.9466,2.0368,7.4532,281.0,8923.0,2224.8594
856,7.4363,6.3038,1.6532,7.9332,278.0,8791.0,2224.8594
857,7.9595,8.4781,2.2404,7.4514,273.0,8491.0,2224.8594
858,7.4734,6.2434,1.7274,7.7178,285.0,7567.0,2224.8594
859,7.6868,8.5927,1.7721,8.2322,285.0,7567.0,2224.8594
860,8.2203,6.1948,1.777,8.1958,285.0,9255.0,2224.8594
861,8.1948,8.5303,2.0044,8.2112,284.0,12619.0,2224.8594
862,8.1877,6.3266,2.004,6.9357,264.0,6023.0,2224.8594
863,6.9484,8.6706,2.1716,7.98,252.0,5399.0,2224.8594
864,7.9826,6.2908,1.7823,8.008,252.0,5399.0,2224.8594
865,8.1037,8.1959,1.9994,7.8992,251.0,5457.0,2224.8594
866,7.8261,6.2657,1.9215,7.0187,286.0,7557.0,2224.8594
867,7.0577,6.8111,2.1218,8.0943,290.0,8955.0,2224.8594
868,8.0099,7.5025,2.2972,7.5596,289.0,12755.0,2224.8594
869,7.5393,6.284,2.1127,8.331,284.0,8335.0,2224.8594
870,8.378,8.6375,2.2308,7.4273,285.0,9395.0,2224.8594
871,7.3695,6.3168,1.8886,7.9164,284.0,7555.0,2224.8594
872,7.9907,8.5613,2.8763,7.8944,284.0,7555.0,2224.8594
873,7.828,6.2745,1.6732,8.1284,284.0,8479.0,2224.8594
874,8.2372,8.536,1.8566,7.7013,284.0,9107.0,2224.8594
875,7.6293,6.2686,1.7382,7.4691,292.0,15317.0,2224.8594
876,7.5226,8.3536,2.0688,8.2452,274.0,6955.0,2224.8594
877,8.1848,6.2089,1.7323,7.0047,248.0,5395.0,2224.8594
878,7.0848,7.6889,2.0277,7.9554,252.0,5399.0,2224.8594
879,7.9996,6.2567,1.9406,8.0642,289.0,7571.0,2224.8594
880,7.9819,8.0338,2.1242,8.5013,288.0,7559.0,2224.8594
881,8.4866,6.7296,2.1067,7.4024,286.0,9621.0,2224.8594
882,7.4827,7.1865,2.4682,8.0449,287.0,7569.0,2224.8594
883,7.9594,7.5304,2.3701,6.3936,279.0,7137.0,2224.8594
884,6.3645,6.259,2.1806,8.5111,249.0,5407.0,2224.8594
885,8.6086,7.6018,2.292,6.8853,249.0,5407.0,2224.8594
886,6.8333,6.2306,1.7848,7.4079,284.0,11115.0,2224.8594
887,7.483,8.5214,2.2619,9.4224,255.0,8099.0,2224.8594
888,9.3429,6.3893,2.4408,7.5097,248.0,5395.0,2224.8594
889,7.5688,8.631,2.7872,8.6046,263.0,14945.0,2224.8594
890,8.5313,6.3187,2.2442,8.1465,240.0,5947.0,2224.8594
891,8.2129,9.5022,2.3724,8.9535,232.0,5251.0,2224.8594
892,8.8921,6.8258,2.1036,8.2705,263.0,12583.0,2224.8594
893,8.3036,9.2298,1.9648,9.021,241.0,5647.0,2224.8594
894,8.9862,6.5703,2.3423,8.374,236.0,5159.0,2224.8594
895,8.3818,8.3207,2.5292,8.1435,236.0,5159.0,2224.8594
896,8.1315,6.2846,1.8197,9.0289,272.0,12099.0,2224.8594
897,9.1015,8.7105,2.3714,7.7583,279.0,35689.0,2224.8594
898,7.7358,6.3095,2.3688,7.6498,253.0,10400.0,2224.8594
899,7.6322,8.9782,2.638,8.3337,255.0,22329.0,2224.8594
900,8.32,6.4431,1.8658,7.6846,238.0,18235.0,2224.8594
901,7.7463,9.0255,2.0216,8.5444,230.0,4987.0,2224.8594
902,8.4312,6.3002,1.7642,7.2946,230.0,4987.0,2224.8594
903,7.3905,8.6554,2.0914,8.3825,266.0,39403.0,2224.8594
904,8.3837,6.1932,1.9584,8.2268,267.0,33423.0,2224.8594
905,8.1827,9.1496,2.4997,8.7907,267.0,18074.0,2224.8594
906,8.7802,6.3687,1.9443,6.9569,269.0,16461.0,2224.8594
907,6.9923,9.0085,2.1106,8.755,267.0,8934.0,2224.8594
908,8.7023,6.372,1.8555,7.9001,274.0,30767.0,2224.8594
909,7.9668,8.6604,2.0886,8.3605,259.0,23853.0,2224.8594
910,8.2911,6.3153,1.851,7.9582,270.0,7261.0,2224.8594
911,8.0624,8.6705,2.2192,7.6227,256.0,6301.0,2224.8594
912,7.5677,6.3876,1.9842,8.6028,265.0,8423.0,2224.8594
913,8.649,7.8418,2.2485,8.1523,260.0,8241.0,2224.8594
914,8.0581,6.626,2.108,6.5486,256.0,8001.0,2224.8594
915,6.6604,7.4269,2.2098,7.968,267.0,7065.0,2224.8594
916,7.8988,7.4696,2.1176,8.8895,265.0,8751.0,2224.8594
917,8.9295,6.9525,2.1569,7.2227,265.0,12127.0,2224.8594
918,7.1985,8.7716,2.1121,7.9,249.0,6103.0,2224.8594
919,7.8918,6.2946,2.3938,8.1442,230.0,4915.0,2224.8594
920,8.1441,8.4588,2.5029,7.5467,229.0,4903.0,2224.8594
921,7.5369,6.2931,1.8807,7.3606,230.0,4963.0,2224.8594
922,7.3769,8.7692,2.0816,8.7284,265.0,7063.0,2224.8594
923,8.6998,6.1757,1.798,7.3923,269.0,9427.0,2224.8594
924,7.4391,8.4251,2.0065,8.4439,269.0,11223.0,2224.8594
925,8.4151,6.248,1.8896,7.2197,265.0,7527.0,2224.8594
926,7.3115,8.3255,2.0481,8.363,269.0,8737.0,2224.8594
927,8.2613,6.3302,1.981,7.4513,269.0,7067.0,2224.8594
928,7.4682,8.5809,2.132,8.6682,269.0,7375.0,2224.8594
929,8.6472,6.3432,1.8679,8.2519,268.0,8689.0,2224.8594
930,8.2261,8.6049,1.9827,7.3698,273.0,13512.0,2224.8594
931,7.3603,6.2939,1.9637,7.3167,269.0,8936.0,2224.8594
932,7.5387,6.9624,2.3835,7.7472,265.0,7063.0,2224.8594
933,7.5753,7.4965,2.0048,7.2236,265.0,7751.0,2224.8594
934,7.5199,7.0381,2.3535,8.3843,266.0,8451.0,2224.8594
935,8.0984,7.4014,2.0421,7.5797,265.0,7063.0,2224.8594
936,7.5859,6.2805,2.0399,7.4149,249.0,6103.0,2224.8594
937,7.4094,8.521,2.3275,7.6753,229.0,4903.0,2224.8594
938,7.7178,6.2789,2.0599,8.5828,229.0,4903.0,2224.8594
939,8.6793,9.3763,2.4808,8.7145,265.0,10623.0,2224.8594
940,8.5454,6.229,1.8288,8.6521,234.0,7535.0,2224.8594
941,8.7376,8.7026,2.2356,6.6754,229.0,4903.0,2224.8594
942,6.5454,6.2822,1.747,7.9101,234.0,4967.0,2224.8594
943,8.0169,8.6294,2.0565,7.8523,245.0,5641.0,2224.8594
944,7.839,6.2265,1.7575,8.0118,259.0,8107.0,2224.8594
945,8.0415,8.1182,2.0609,7.6456,231.0,4905.0,2224.8594
946,7.597,6.2965,1.9055,8.4809,243.0,6089.0,2224.8594
947,8.5446,8.2914,2.0248,7.4137,257.0,11569.0,2224.8594
948,7.3501,6.2938,2.0359,7.2771,237.0,5383.0,2224.8594
949,7.3106,7.777,2.1398,8.371,229.0,4903.0,2224.8594
950,8.3838,6.2561,2.1229,6.7773,229.0,4903.0,2224.8594
951,6.996,6.8044,2.4544,9.7766,265.0,11843.0,2224.8594
952,9.5109,8.0597,2.2775,6.6475,273.0,35423.0,2224.8594
953,6.6625,6.3564,2.2335,7.8173,248.0,10218.0,2224.8594
954,7.8106,7.6204,2.1815,7.6566,252.0,22243.0,2224.8594
955,7.6341,6.3097,1.7788,8.3005,237.0,18151.0,2224.8594
956,8.3703,8.6967,2.3712,7.2886,229.0,4903.0,2224.8594
957,7.2137,6.385,1.656,7.8527,229.0,4903.0,2224.8594
958,7.9467,8.421,1.9284,8.0708,269.0,39323.0,2224.8594
959,7.9438,6.2121,1.7278,7.6285,270.0,33343.0,2224.8594
960,7.7506,8.7107,1.8718,8.3707,271.0,18078.0,2224.8594
961,8.2447,6.3495,1.6711,7.4182,272.0,16475.0,2224.8594
962,7.5155,8.5004,1.9376,8.1093,269.0,8936.0,2224.8594
963,8.0458,6.2445,1.7002,7.9803,276.0,30769.0,2224.8594
964,8.0579,8.4971,1.7787,7.7836,260.0,23913.0,2224.8594
965,7.735,6.277,1.8312,7.2402,266.0,7257.0,2224.8594
966,7.3641,7.8509,2.2532,8.4188,251.0,6237.0,2224.8594
967,8.2693,6.3018,2.0549,6.3336,261.0,8419.0,2224.8594
968,6.3974,6.3077,2.1845,8.9977,260.0,8359.0,2224.8594
969,8.9692,7.44,2.0446,6.8495,252.0,7879.0,2224.8594
970,6.8457,6.2493,1.5235,8.3462,265.0,7063.0,2224.8594
971,8.3584,8.351,1.949,7.5793,265.0,8751.0,2224.8594
972,7.5605,6.3344,1.908,7.4299,265.0,12127.0,2224.8594
973,7.4716,8.2135,2.2095,8.7217,249.0,6103.0,2224.8594
974,8.6907,6.2588,1.83,7.8153,233.0,4907.0,2224.8594
975,7.8692,8.5753,2.0245,7.7879,233.0,4907.0,2224.8594
976,7.7065,6.2975,1.9627,7.6235,234.0,4967.0,2224.8594
977,7.6968,8.2747,2.2395,8.6577,267.0,7065.0,2224.8594
978,8.6435,7.3326,2.4554,9.8258,271.0,9429.0,2224.8594
979,9.9884,7.3326,2.9238,7.6504,271.0,11225.0,2224.8594
980,7.4307,7.2988,2.7558,7.3729,265.0,7527.0,2224.8594
981,7.4837,8.7532,2.9536,9.3986,265.0,8733.0,2224.8594
982,9.4016,6.6318,2.6698,7.5784,265.0,7063.0,2224.8594
983,7.5468,8.4494,2.9994,8.2714,265.0,7371.0,2224.8594
984,8.2552,7.1079,2.9567,7.7255,265.0,8675.0,2224.8594
985,7.7607,8.7137,2.1244,8.2281,271.0,13510.0,2224.8594
986,8.1036,6.5235,1.7825,7.6069,267.0,8934.0,2224.8594
987,8.1867,8.7966,2.6084,8.8546,265.0,7063.0,2224.8594
988,8.3402,6.9875,2.2603,7.7823,265.0,7751.0,2224.8594
989,7.838,7.6544,2.0045,8.221,265.0,8439.0,2224.8594
990,8.1085,7.3296,1.8006,8.2435,269.0,7067.0,2224.8594
991,8.3507,8.3181,2.0192,8.1492,253.0,6107.0,2224.8594
992,8.06,6.9344,1.8657,6.5772,233.0,4907.0,2224.8594
993,6.6573,7.3391,2.648,8.9302,232.0,4917.0,2224.8594
994,9.0156,8.1893,3.4558,8.1702,267.0,10625.0,2224.8594
995,8.1234,7.1894,2.2165,8.7824,236.0,7537.0,2224.8594
996,8.7183,7.9997,2.2439,6.4284,229.0,4903.0,2224.8594
997,6.4173,6.9966,2.1162,8.8221,231.0,4975.0,2224.8594
998,8.8509,8.2984,1.9214,7.5922,241.0,5637.0,2224.8594
999,7.5545,6.5127,1.8808,8.6057,254.0,8091.0,2224.8594
1000,8.6547,8.74,2.4885,7.7188,229.0,4903.0,2224.8594
1001,7.6097,6.5756,1.8224,8.7525,243.0,6671.0,2224.8594
1002,8.869,8.5299,2.5474,7.8869,253.0,10983.0,2224.8594
1003,7.8566,6.5039,1.9212,7.7903,237.0,5383.0,2224.8594
1004,7.7886,8.1335,2.0501,7.5069,229.0,4903.0,2224.8594
1005,7.5111,7.0446,2.028,8.0417,229.0,4903.0,2224.8594
1006,8.0497,8.2885,2.1019,9.1786,269.0,11847.0,2224.8594
1007,9.1679,7.013,1.9548,8.2958,277.0,35427.0,2224.8594
1008,8.3522,8.8146,2.1095,8.6102,252.0,10222.0,2224.8594
1009,8.5663,6.637,2.7288,7.3786,255.0,22257.0,2224.8594
1010,7.387,8.8799,2.2104,8.3941,239.0,18153.0,2224.8594
1011,8.3936,6.5684,1.7045,7.7548,231.0,4905.0,2224.8594
1012,7.8071,8.8812,2.0153,9.0168,230.0,4915.0,2224.8594
1013,8.9215,6.4683,1.9717,8.1854,265.0,39319.0,2224.8594
1014,8.2836,8.4947,2.2835,7.8442,266.0,33339.0,2224.8594
1015,7.7476,7.1319,2.0086,8.3357,267.0,18074.0,2224.8594
1016,8.4103,8.6201,1.9732,7.3186,269.0,16461.0,2224.8594
1017,7.2193,6.609,1.6656,8.4903,267.0,8934.0,2224.8594
1018,8.5687,8.2944,2.1817,8.4834,274.0,30767.0,2224.8594
1019,8.4446,6.9625,1.8721,7.4816,266.0,24393.0,2224.8594
1020,7.6025,8.2735,2.1387,8.3921,266.0,7137.0,2224.8594
1021,8.2724,6.5151,1.936,7.6689,247.0,5997.0,2224.8594
1022,7.7705,8.9842,2.1159,9.0907,264.0,8315.0,2224.8594
1023,9.0163,6.575,2.045,7.4166,267.0,8543.0,2224.8594
1024,7.4261,8.3012,2.1053,7.9731,253.0,7703.0,2224.8594
1025,8.0076,7.0542,2.1361,8.6121,268.0,7077.0,2224.8594
1026,8.645,6.9913,2.3036,8.6112,267.0,8753.0,2224.8594
1027,8.5337,7.1527,2.058,8.3977,267.0,12129.0,2224.8594
1028,8.4517,7.7123,2.0205,7.3238,249.0,6103.0,2224.8594
1029,7.2285,7.0517,1.8729,7.7901,229.0,4903.0,2224.8594
1030,7.8585,7.114,2.0472,9.2329,229.0,4903.0,2224.8594
1031,9.1785,7.4551,2.0342,6.2231,230.0,4963.0,2224.8594
1032,6.3848,7.3342,2.3652,9.8315,265.0,7063.0,2224.8594
1033,9.7274,7.5997,2.2173,6.4852,269.0,9427.0,2224.8594
1034,6.491,7.8482,2.4766,10.2263,269.0,11223.0,2224.8594
1035,10.2207,8.236,2.2485,7.52,265.0,7527.0,2224.8594
1036,7.6193,7.1814,2.3795,8.0327,265.0,8733.0,2224.8594
1037,7.9293,8.1398,2.1634,7.5727,265.0,7063.0,2224.8594
1038,7.5148,6.548,2.1404,8.8318,269.0,7375.0,2224.8594
1039,8.9605,9.1061,2.4905,7.6594,269.0,8679.0,2224.8594
1040,7.5398,6.5504,1.7613,9.1401,275.0,13514.0,2224.8594
1041,9.2197,8.5117,2.3229,7.2739,269.0,8936.0,2224.8594
1042,7.2413,7.1867,2.7417,8.3855,267.0,7065.0,2224.8594
1043,8.3979,8.7475,2.3941,8.0087,267.0,7753.0,2224.8594
1044,7.9693,6.519,2.0406,8.2318,265.0,8439.0,2224.8594
1045,8.3024,8.2785,2.519,8.1858,265.0,7063.0,2224.8594
1046,8.1138,6.5429,1.9751,7.9606,250.0,6115.0,2224.8594
1047,8.0833,8.7685,2.314,7.9954,229.0,4903.0,2224.8594
1048,7.9796,6.516,1.8829,8.4824,230.0,4915.0,2224.8594
1049,8.4707,8.9389,2.3878,8.9439,265.0,10623.0,2224.8594
1050,8.9435,6.5338,2.2193,6.9308,234.0,7535.0,2224.8594
1051,6.8961,8.6044,2.4191,9.0139,229.0,4903.0,2224.8594
1052,8.9645,6.494,1.8152,7.3677,230.0,4963.0,2224.8594
1053,7.4637,8.2831,2.1906,8.8836,241.0,5637.0,2224.8594
1054,8.8235,6.9999,2.2019,7.5111,258.0,8095.0,2224.8594
1055,7.5239,8.8236,2.1858,8.5368,233.0,4907.0,2224.8594
1056,8.5,6.5564,2.0154,8.3937,250.0,7783.0,2224.8594
1057,8.407,8.8133,2.9898,7.9448,252.0,9877.0,2224.8594
1058,7.9347,6.5118,1.8649,7.7706,239.0,5385.0,2224.8594
1059,7.8148,8.852,1.9551,9.1822,231.0,4905.0,2224.8594
1060,9.2011,6.5112,2.1147,8.1041,229.0,4903.0,2224.8594
1061,8.0365,8.7984,2.0448,7.5534,265.0,11843.0,2224.8594
1062,7.5042,6.5558,1.5925,8.2902,273.0,35423.0,2224.8594
1063,8.4058,8.6482,2.0236,7.6769,248.0,10218.0,2224.8594
1064,7.6323,6.5538,1.7621,7.9533,252.0,22243.0,2224.8594
1065,7.9614,8.4549,1.9362,9.4751,237.0,18151.0,2224.8594
1066,9.4583,6.5519,2.109,7.1429,229.0,4903.0,2224.8594
1067,7.1845,8.2376,2.3936,8.153,229.0,4903.0,2224.8594
1068,8.118,6.5098,1.9016,8.0642,265.0,39319.0,2224.8594
1069,8.1471,7.7461,2.1178,8.5391,265.0,33327.0,2224.8594
1070,8.4278,6.6352,1.9863,8.1027,271.0,18078.0,2224.8594
1071,8.1892,8.8215,2.0321,8.3986,273.0,16465.0,2224.8594
1072,8.2954,6.594,1.8268,7.4965,271.0,8938.0,2224.8594
1073,7.5426,7.405,2.1966,9.733,276.0,30769.0,2224.8594
1074,9.8725,6.9157,3.3679,8.3278,272.0,24587.0,2224.8594
1075,8.3544,8.0244,2.7226,8.7474,266.0,7019.0,2224.8594
1076,8.6363,7.3823,2.7741,8.2966,249.0,6117.0,2224.8594
1077,8.2352,7.7062,2.2519,9.5092,256.0,8119.0,2224.8594
1078,9.7829,6.9135,3.4309,9.0,265.0,8659.0,2224.8594
1079,8.8368,9.1826,2.7805,7.1396,247.0,7579.0,2224.8594
1080,7.0693,8.6673,2.5424,11.5804,265.0,7063.0,2224.8594
1081,11.6929,6.7192,3.22,8.4586,265.0,8751.0,2224.8594
1082,8.4009,6.7192,2.953,8.5864,265.0,12127.0,2224.8594
1083,8.5757,8.4199,3.1833,7.8741,249.0,6103.0,2224.8594
1084,8.0015,6.6785,2.7556,8.8806,229.0,4903.0,2224.8594
1085,8.6842,11.0454,2.6955,9.9641,229.0,4903.0,2224.8594
1086,10.0216,7.1553,2.3983,8.021,235.0,4979.0,2224.8594
1087,7.9915,7.4477,2.2004,8.0368,269.0,7067.0,2224.8594
1088,8.1229,6.6336,2.865,8.7361,273.0,9431.0,2224.8594
1089,8.6425,8.4368,2.557,8.1847,271.0,11225.0,2224.8594
1090,8.3151,6.5749,2.8247,7.7918,268.0,7541.0,2224.8594
1091,7.6953,8.2201,2.463,8.0769,267.0,8735.0,2224.8594
1092,8.1334,6.6223,2.8754,8.2905,265.0,7063.0,2224.8594
1093,8.2386,8.292,2.4665,8.3048,265.0,7371.0,2224.8594
1094,8.2713,6.5806,3.3368,8.4831,265.0,8675.0,2224.8594
1095,8.5469,8.7477,3.1761,7.6835,271.0,13510.0,2224.8594
1096,7.6292,6.5579,2.3722,8.7406,267.0,8934.0,2224.8594
1097,8.772,7.9637,2.6983,7.3712,265.0,7063.0,2224.8594
1098,7.3299,6.5975,2.1853,8.9724,265.0,7751.0,2224.8594
1099,9.0537,8.9135,2.3402,7.6527,265.0,8439.0,2224.8594
1100,7.5551,6.6215,1.923,9.0375,265.0,7063.0,2224.8594
1101,9.0826,8.7089,2.4059,7.5241,249.0,6103.0,2224.8594
1102,7.4621,6.5503,2.103,7.9692,233.0,4907.0,2224.8594
1103,8.0403,8.524,2.437,8.6442,233.0,4907.0,2224.8594
1104,8.6084,6.5819,1.9961,8.1756,269.0,10627.0,2224.8594
1105,8.2012,8.4628,2.4401,8.4163,236.0,7537.0,2224.8594
1106,8.4581,6.6578,3.3049,7.9508,231.0,4905.0,2224.8594
1107,7.9274,8.9086,2.6403,7.9536,233.0,4977.0,2224.8594
1108,7.892,6.5265,2.0031,9.2403,241.0,5637.0,2224.8594
1109,9.3199,8.7613,2.2946,7.2162,254.0,8091.0,2224.8594
1110,7.1899,6.5927,2.2397,8.509,229.0,4903.0,2224.8594
1111,8.5398,8.8669,2.4748,9.0686,252.0,9531.0,2224.8594
1112,9.0464,6.542,2.2222,7.7516,244.0,8123.0,2224.8594
1113,7.7683,8.7617,2.5688,7.939,237.0,5383.0,2224.8594
1114,7.8905,6.6147,2.3096,8.1282,230.0,4915.0,2224.8594
1115,8.1341,8.7159,2.4996,8.4194,229.0,4903.0,2224.8594
1116,8.3608,6.5639,2.3098,9.6249,265.0,11843.0,2224.8594
1117,9.7804,8.8042,2.4347,7.3473,273.0,35423.0,2224.8594
1118,7.2192,6.5966,2.0343,7.8318,252.0,10222.0,2224.8594
1119,7.9346,8.9021,2.1471,8.2272,256.0,22247.0,2224.8594
1120,8.0991,6.5611,1.8171,8.2827,241.0,18155.0,2224.8594
1121,8.3405,8.7099,2.1412,7.6671,231.0,4905.0,2224.8594
1122,7.7105,6.517,1.9169,7.8795,231.0,4905.0,2224.8594
1123,7.9077,8.8496,2.1608,9.5614,267.0,39321.0,2224.8594
1124,9.4659,6.5107,2.0379,8.1248,265.0,33327.0,2224.8594
1125,8.1896,8.9772,2.346,7.8962,267.0,18074.0,2224.8594
1126,7.8519,6.5704,2.1249,8.0817,269.0,16461.0,2224.8594
1127,8.1574,8.7752,2.1492,7.8876,267.0,8934.0,2224.8594
1128,7.8104,6.5516,1.8589,7.5224,274.0,30767.0,2224.8594
1129,7.5806,8.7161,2.0463,9.1816,272.0,24753.0,2224.8594
1130,9.134,6.5819,2.0055,7.1955,263.0,6909.0,2224.8594
1131,7.2141,8.5874,2.0103,8.446,251.0,6237.0,2224.8594
1132,8.4431,6.6055,1.9248,8.4619,253.0,7939.0,2224.8594
1133,8.466,8.7475,2.0942,7.9292,265.0,8659.0,2224.8594
1134,7.8867,6.5734,2.0693,7.1855,251.0,7583.0,2224.8594
1135,7.2256,8.2856,2.3036,9.2652,269.0,7067.0,2224.8594
1136,9.2608,7.1299,2.1439,7.519,269.0,8755.0,2224.8594
1137,7.5158,7.7774,2.4285,8.8793,267.0,12129.0,2224.8594
1138,8.9235,7.0851,2.3329,7.0409,252.0,6117.0,2224.8594
1139,7.0703,7.1445,2.468,9.1837,231.0,4905.0,2224.8594
1140,9.0968,7.6124,2.5581,7.1255,229.0,4903.0,2224.8594
1141,7.1884,7.0995,2.3834,9.838,230.0,4963.0,2224.8594
1142,9.7982,8.0233,2.6382,7.0636,265.0,7063.0,2224.8594
1143,7.1472,6.9224,2.5911,8.7503,269.0,9427.0,2224.8594
1144,8.6968,8.4504,2.1607,7.267,269.0,11223.0,2224.8594
1145,7.2485,6.5642,2.53,8.9622,265.0,7527.0,2224.8594
1146,8.9943,8.0032,2.3045,7.0437,266.0,8745.0,2224.8594
1147,6.9665,6.5671,2.1714,8.7829,265.0,7063.0,2224.8594
1148,8.8548,8.3232,2.8384,8.5955,265.0,7371.0,2224.8594
1149,8.633,6.6487,2.7694,9.1589,265.0,8675.0,2224.8594
1150,9.1489,7.8268,2.9331,7.3058,276.0,13526.0,2224.8594
1151,7.2829,6.6404,2.7226,8.9867,271.0,8938.0,2224.8594
1152,8.9555,7.8791,2.2765,8.4202,269.0,7067.0,2224.8594
1153,8.5627,6.5902,2.8009,8.3141,267.0,7753.0,2224.8594
1154,8.1969,8.1938,2.4742,7.7321,267.0,8441.0,2224.8594
1155,7.7455,6.6151,2.9869,8.8922,267.0,7065.0,2224.8594
1156,8.871,9.0639,2.3048,7.77,250.0,6115.0,2224.8594
1157,7.756,6.6281,2.365,6.9828,229.0,4903.0,2224.8594
1158,6.9812,8.4642,2.3601,8.5416,229.0,4903.0,2224.8594
1159,8.5011,6.538,1.858,8.0827,265.0,10623.0,2224.8594
1160,8.1077,8.689,2.0822,8.4775,234.0,7535.0,2224.8594
1161,8.488,6.5331,1.7291,7.4805,229.0,4903.0,2224.8594
1162,7.5389,9.1435,2.5332,8.8133,230.0,4963.0,2224.8594
1163,8.7267,6.4929,1.8037,7.5964,241.0,5637.0,2224.8594
1164,7.6386,8.7252,2.0118,8.4039,255.0,8103.0,2224.8594
1165,8.3538,6.521,1.8085,7.2762,229.0,4903.0,2224.8594
1166,7.3176,8.7597,2.0148,9.3901,262.0,10359.0,2224.8594
1167,9.4243,6.5608,2.2162,7.5542,242.0,7303.0,2224.8594
1168,7.5609,8.7705,2.5384,8.2716,241.0,5387.0,2224.8594
1169,8.2206,6.543,1.9174,7.6877,231.0,4905.0,2224.8594
1170,7.7674,8.5925,2.3783,8.5313,231.0,4905.0,2224.8594
1171,8.4513,6.5096,2.1535,7.7852,267.0,11845.0,2224.8594
1172,7.8858,8.6642,2.2346,8.3742,273.0,35423.0,2224.8594
1173,8.3093,6.5759,1.8899,7.6282,248.0,10218.0,2224.8594
1174,7.6188,8.9571,2.1561,8.7669,252.0,22243.0,2224.8594
1175,8.749,6.5341,1.9183,7.5627,237.0,18151.0,2224.8594
1176,7.6222,8.8,2.0984,9.0796,230.0,4915.0,2224.8594
1177,8.9981,6.5448,2.0044,7.8889,229.0,4903.0,2224.8594
1178,7.9842,8.9556,2.4399,8.8782,265.0,39319.0,2224.8594
1179,8.8217,6.7674,2.1032,7.9752,265.0,33327.0,2224.8594
1180,7.9992,7.9014,2.2716,8.3195,267.0,18074.0,2224.8594
1181,8.3662,6.542,2.1671,8.8112,269.0,16461.0,2224.8594
1182,8.7829,8.7316,2.5218,7.8327,271.0,8938.0,2224.8594
1183,7.8603,6.5882,2.5292,7.9796,278.0,30771.0,2224.8594
1184,7.9654,8.5442,2.4234,9.3912,276.0,24757.0,2224.8594
1185,9.8234,7.1445,3.1855,7.7638,265.0,6959.0,2224.8594
1186,7.3336,8.8942,2.3336,7.4657,253.0,6239.0,2224.8594
1187,7.3563,6.5517,1.8186,9.2741,254.0,7881.0,2224.8594
1188,9.3727,8.2271,2.01,8.0079,265.0,8659.0,2224.8594
1189,7.9539,7.0974,1.9863,7.3865,247.0,7579.0,2224.8594
1190,7.448,8.8629,2.1115,8.4618,265.0,7063.0,2224.8594
1191,8.4434,6.5403,2.2565,8.1944,265.0,8751.0,2224.8594
1192,8.1835,8.1282,2.3977,8.6718,265.0,12127.0,2224.8594
1193,8.6685,7.3969,2.1698,7.8851,249.0,6103.0,2224.8594
1194,8.011,8.105,2.4031,8.9587,229.0,4903.0,2224.8594
1195,8.8958,6.9227,2.5665,7.6476,229.0,4903.0,2224.8594
1196,7.6962,7.4887,2.6846,9.2788,230.0,4963.0,2224.8594
1197,9.156,8.5724,2.4154,7.4245,265.0,7063.0,2224.8594
1198,7.4196,8.5216,2.4101,8.4238,273.0,9431.0,2224.8594
1199,8.3838,6.5164,2.0167,7.5037,273.0,11227.0,2224.8594
1200,7.6403,7.6165,2.3811,10.1571,269.0,7531.0,2224.8594
1201,10.0852,7.2417,2.2922,6.7501,267.0,8735.0,2224.8594
1202,6.8521,8.3171,2.2789,8.9262,267.0,7065.0,2224.8594
1203,8.7711,7.4634,2.0942,7.0459,267.0,7373.0,2224.8594
1204,7.1322,7.0788,2.2179,9.5458,266.0,8687.0,2224.8594
1205,9.4647,8.1531,2.2615,7.5355,271.0,13510.0,2224.8594
1206,7.6178,7.0852,2.602,8.6612,267.0,8934.0,2224.8594
1207,8.5896,8.1658,2.2363,6.8674,265.0,7063.0,2224.8594
1208,7.0506,7.047,2.2665,9.0124,265.0,7751.0,2224.8594
1209,8.8839,8.3476,2.1061,7.3908,265.0,8439.0,2224.8594
1210,7.4071,6.5323,2.0432,8.4345,265.0,7063.0,2224.8594
1211,8.3788,8.512,2.2453,7.8971,249.0,6103.0,2224.8594
1212,7.8931,6.5603,2.2341,8.1531,229.0,4903.0,2224.8594
1213,8.1524,8.654,2.2533,7.702,229.0,4903.0,2224.8594
1214,7.6985,6.4797,1.7855,9.513,269.0,10627.0,2224.8594
1215,9.6249,8.4183,2.3963,6.7475,238.0,7539.0,2224.8594
1216,6.7305,6.9173,2.0955,8.1424,233.0,4907.0,2224.8594
1217,8.1067,8.9878,2.3473,7.9637,232.0,4965.0,2224.8594
1218,7.8835,6.5115,1.6958,8.5061,243.0,5639.0,2224.8594
1219,8.5937,8.3388,1.9296,8.4808,256.0,8093.0,2224.8594
1220,8.4233,6.5168,1.8318,8.0881,229.0,4903.0,2224.8594
1221,8.1196,8.5313,2.0418,8.6581,263.0,11535.0,2224.8594
1222,8.626,6.5034,1.9717,8.2955,234.0,6131.0,2224.8594
1223,8.3431,8.8602,2.795,7.5584,237.0,5383.0,2224.8594
1224,7.494,6.7807,2.222,8.0612,229.0,4903.0,2224.8594
1225,8.1371,8.7979,2.1963,7.9374,229.0,4903.0,2224.8594
1226,7.8993,6.4718,1.9851,8.8169,265.0,11843.0,2224.8594
1227,8.8722,8.7782,2.8222,8.3379,273.0,35423.0,2224.8594
1228,8.3001,6.5342,2.0609,7.5916,249.0,10278.0,2224.8594
1229,7.6925,8.9023,2.034,9.2869,252.0,23839.0,2224.8594
1230,9.1674,6.5323,2.0863,8.4965,240.0,16499.0,2224.8594
1231,8.5058,8.7518,2.3398,6.9621,233.0,4907.0,2224.8594
1232,6.9147,6.7007,2.1053,7.9755,233.0,4907.0,2224.8594
1233,8.0676,8.6452,2.1952,8.2367,267.0,39321.0,2224.8594
1234,8.148,6.5465,1.8389,7.9242,267.0,33329.0,2224.8594
1235,8.0005,8.7,1.9636,9.1366,269.0,18076.0,2224.8594
1236,9.0859,6.5163,1.8675,8.1427,269.0,16461.0,2224.8594
1237,8.197,8.7443,2.083,7.1754,267.0,8934.0,2224.8594
1238,7.1598,6.5044,1.8919,8.3471,274.0,30767.0,2224.8594
1239,8.2921,8.478,1.9548,7.9552,272.0,24753.0,2224.8594
1240,7.9917,6.5793,2.047,7.89,263.0,6957.0,2224.8594
1241,7.949,7.7389,2.3295,7.9117,256.0,8133.0,2224.8594
1242,7.8336,7.5023,2.053,8.411,248.0,6043.0,2224.8594
1243,8.4195,8.1058,1.8835,7.7857,265.0,8611.0,2224.8594
1244,7.7631,7.0634,2.0023,7.5642,247.0,7579.0,2224.8594
1245,7.6241,7.1898,2.0339,8.5024,265.0,7063.0,2224.8594
1246,8.4985,7.9466,2.1127,7.2227,269.0,8755.0,2224.8594
1247,7.1873,6.5003,1.8841,8.677,269.0,12131.0,2224.8594
1248,8.6553,7.9985,3.1528,7.2681,254.0,6119.0,2224.8594
1249,7.2915,6.565,1.8487,10.0074,231.0,4905.0,2224.8594
1250,10.022,8.8572,2.1109,6.2215,231.0,4905.0,2224.8594
1251,6.2742,6.4482,1.9198,8.2395,232.0,4965.0,2224.8594
1252,8.2544,8.5664,2.2464,7.9272,265.0,7063.0,2224.8594
1253,7.8384,6.5731,1.8831,8.4041,269.0,9427.0,2224.8594
1254,8.4743,8.6826,1.9741,7.9012,269.0,11223.0,2224.8594
1255,7.8168,6.5303,1.6493,7.9085,265.0,7527.0,2224.8594
1256,7.9689,8.7224,1.7984,8.562,265.0,8733.0,2224.8594
1257,8.5226,6.5776,1.9697,7.9092,265.0,7063.0,2224.8594
1258,8.0152,8.6612,2.3222,8.4699,265.0,7371.0,2224.8594
1259,8.3413,6.4819,1.9506,8.3913,265.0,8675.0,2224.8594
1260,8.4585,8.6965,2.3953,7.6004,271.0,13510.0,2224.8594
1261,7.5895,6.568,2.2428,9.0138,267.0,8934.0,2224.8594
1262,8.9971,8.8376,2.2483,7.0933,269.0,7067.0,2224.8594
1263,7.1526,6.5388,2.1807,8.8185,269.0,7755.0,2224.8594
1264,8.9609,8.837,1.9632,8.0734,269.0,8443.0,2224.8594
1265,7.9934,6.5617,1.8208,7.4355,267.0,7065.0,2224.8594
1266,7.53,8.8889,2.182,8.6261,251.0,6105.0,2224.8594
1267,8.562,6.5373,1.8203,9.0273,231.0,4905.0,2224.8594
1268,9.0345,8.7491,2.702,7.2821,229.0,4903.0,2224.8594
1269,7.2906,6.549,2.1942,7.8718,265.0,10623.0,2224.8594
1270,7.9295,8.0977,2.4939,8.0178,234.0,7535.0,2224.8594
1271,8.0318,6.5891,3.0042,7.7701,229.0,4903.0,2224.8594
1272,7.6688,8.5903,1.9488,8.3176,230.0,4963.0,2224.8594
1273,8.2959,6.5287,2.0915,6.528,242.0,5649.0,2224.8594
1274,6.6,7.5153,2.2297,10.0427,254.0,8091.0,2224.8594
1275,9.9822,7.9236,2.127,7.3068,229.0,4903.0,2224.8594
1276,7.3743,7.0494,3.0653,9.2167,264.0,12107.0,2224.8594
1277,9.1584,8.3356,2.4706,5.9743,233.0,5607.0,2224.8594
1278,5.9965,7.07,2.0254,10.3315,240.0,5327.0,2224.8594
1279,10.3485,8.1784,2.0765,6.5714,233.0,4907.0,2224.8594
1280,6.5385,7.0638,2.1873,9.295,233.0,4907.0,2224.8594
1281,9.3427,8.5025,2.2672,7.6053,267.0,11845.0,2224.8594
1282,7.6381,6.5414,2.2332,8.9265,275.0,35425.0,2224.8594
1283,8.8647,7.422,2.3719,6.8042,251.0,10280.0,2224.8594
1284,6.8529,6.6368,1.9828,9.7631,252.0,23839.0,2224.8594
1285,9.7717,7.4174,2.4531,6.9432,236.0,16495.0,2224.8594
1286,6.8639,6.5782,1.9349,8.1485,229.0,4903.0,2224.8594
1287,8.2255,8.859,2.5792,8.1798,229.0,4903.0,2224.8594
1288,8.154,6.5166,1.9654,8.4166,265.0,39319.0,2224.8594
1289,8.4321,8.6517,3.1658,8.621,265.0,33327.0,2224.8594
1290,8.5461,6.5309,1.8334,7.5098,267.0,18074.0,2224.8594
1291,7.5777,8.9759,2.5086,8.1071,269.0,16461.0,2224.8594
1292,8.0518,6.5344,1.8727,8.7696,267.0,8934.0,2224.8594
1293,8.8869,9.1265,3.0902,8.3985,274.0,30767.0,2224.8594
1294,8.2597,6.5281,1.8739,7.6863,278.0,24877.0,2224.8594
1295,7.7287,9.0638,2.1142,9.1929,265.0,6841.0,2224.8594
1296,9.2384,6.6329,2.073,7.7348,262.0,8257.0,2224.8594
1297,7.7107,9.0178,2.4927,8.4939,248.0,5925.0,2224.8594
1298,8.4466,6.5579,2.0348,7.4598,266.0,8601.0,2224.8594
1299,7.4956,8.7076,2.0346,8.611,249.0,7581.0,2224.8594
1300,8.635,6.5592,1.9277,8.4666,265.0,7063.0,2224.8594
1301,8.5244,8.9017,2.2344,7.8839,265.0,8751.0,2224.8594
1302,7.7326,6.5711,2.3465,8.4987,266.0,12139.0,2224.8594
1303,8.6045,8.9542,3.0117,7.3684,249.0,6103.0,2224.8594
1304,7.2618,6.572,1.8919,8.2352,229.0,4903.0,2224.8594
1305,8.2949,8.8578,2.1529,8.4767,229.0,4903.0,2224.8594
1306,8.4632,6.4766,1.7593,7.4019,230.0,4963.0,2224.8594
1307,7.475,8.7891,2.0013,8.823,265.0,7063.0,2224.8594
1308,8.781,6.4765,1.7617,7.7621,269.0,9427.0,2224.8594
1309,7.8403,8.5172,1.967,8.3874,270.0,11235.0,2224.8594
1310,8.3329,6.6445,2.1433,8.2659,270.0,7543.0,2224.8594
1311,8.2471,8.9435,2.2216,8.3608,269.0,8737.0,2224.8594
1312,8.3341,6.6236,2.2695,7.6071,269.0,7067.0,2224.8594
1313,7.7207,8.6078,2.1952,8.2523,267.0,7373.0,2224.8594
1314,8.1512,6.5598,1.9812,8.3947,267.0,8677.0,2224.8594
1315,8.5235,8.3105,2.6168,8.2857,273.0,13512.0,2224.8594
1316,8.1654,7.1374,2.1905,8.4445,267.0,8934.0,2224.8594
1317,8.5061,8.0492,2.27,7.0852,265.0,7063.0,2224.8594
1318,7.006,7.1149,2.0294,8.7202,265.0,7751.0,2224.8594
1319,8.8028,7.0641,2.4318,7.8055,265.0,8439.0,2224.8594
1320,7.7921,7.9341,2.2687,8.0407,265.0,7063.0,2224.8594
1321,8.012,7.0811,2.2741,8.3828,249.0,6103.0,2224.8594
1322,8.4169,7.5074,2.5046,7.157,229.0,4903.0,2224.8594
1323,7.1506,7.0728,2.313,9.3689,229.0,4903.0,2224.8594
1324,9.3512,8.2918,2.4343,7.1585,265.0,10623.0,2224.8594
1325,7.1628,6.5893,2.1143,7.8452,234.0,7535.0,2224.8594
1326,7.8738,8.5546,2.499,8.2924,233.0,4907.0,2224.8594
1327,8.2119,6.5045,2.0623,7.5158,235.0,5027.0,2224.8594
1328,7.5891,8.7952,2.3172,8.9747,244.0,5581.0,2224.8594
1329,8.9103,6.6191,2.2609,7.7437,256.0,8093.0,2224.8594
1330,7.8161,8.7102,2.4137,8.4236,231.0,4905.0,2224.8594
1331,8.3647,6.5324,1.6244,7.9143,266.0,12109.0,2224.8594
1332,7.9661,8.1846,2.1152,7.688,234.0,5619.0,2224.8594
1333,7.6286,6.5382,1.7547,7.4705,236.0,5323.0,2224.8594
1334,7.539,8.695,1.9414,8.5145,229.0,4903.0,2224.8594
1335,8.4518,6.5618,1.7753,8.3333,229.0,4903.0,2224.8594
1336,8.38,8.8037,2.0491,7.9119,265.0,11843.0,2224.8594
1337,7.8435,6.564,1.8448,8.2972,273.0,35423.0,2224.8594
1338,8.4041,8.7448,2.0629,8.5116,249.0,10278.0,2224.8594
1339,8.4812,6.6223,1.9663,8.3759,252.0,23839.0,2224.8594
1340,8.4206,8.6197,1.892,7.1575,236.0,16495.0,2224.8594
1341,7.0213,6.5828,1.6124,7.9411,229.0,4903.0,2224.8594
1342,8.0593,8.4731,1.9947,8.9429,233.0,4907.0,2224.8594
1343,8.8698,6.5046,1.808,7.7374,269.0,39323.0,2224.8594
1344,7.8245,8.8635,1.9935,8.4911,269.0,33331.0,2224.8594
1345,8.3986,6.6613,1.8217,7.7278,269.0,18076.0,2224.8594
1346,7.8035,9.0064,2.1932,9.0885,271.0,16463.0,2224.8594
1347,9.0324,6.5279,2.0875,7.7192,269.0,8936.0,2224.8594
1348,7.7757,8.8636,2.1758,8.3588,274.0,30767.0,2224.8594
1349,8.315,6.6263,1.8642,8.5154,274.0,24873.0,2224.8594
1350,8.6175,8.181,2.3638,7.9086,261.0,6837.0,2224.8594
1351,7.7453,6.5784,2.7291,7.5905,258.0,8253.0,2224.8594
1352,7.6985,8.6842,2.1954,8.7648,246.0,5923.0,2224.8594
1353,8.7019,6.5059,2.0386,8.1397,264.0,8599.0,2224.8594
1354,8.2761,7.8743,2.3691,7.9975,248.0,7591.0,2224.8594
1355,7.8459,7.0639,1.7782,7.7966,265.0,7063.0,2224.8594
1356,7.9401,7.4925,2.1719,9.4643,266.0,8763.0,2224.8594
1357,9.3781,8.0047,3.3559,6.495,265.0,12127.0,2224.8594
1358,6.5392,7.0298,2.3081,9.3239,253.0,6107.0,2224.8594
1359,9.271,7.4046,2.269,7.1101,233.0,4907.0,2224.8594
1360,7.1827,7.0707,2.1878,9.2084,233.0,4907.0,2224.8594
1361,9.1681,7.4166,2.1356,6.6488,232.0,4965.0,2224.8594
1362,6.6044,7.0012,2.0102,9.7704,267.0,7065.0,2224.8594
1363,9.772,7.7775,2.203,6.778,271.0,9429.0,2224.8594
1364,6.7402,6.502,2.0758,8.4276,269.0,11223.0,2224.8594
1365,8.5063,8.0528,1.9804,7.7938,265.0,7527.0,2224.8594
1366,7.7246,6.6083,1.7764,8.6923,265.0,8733.0,2224.8594
1367,8.7725,8.735,2.248,7.6935,265.0,7063.0,2224.8594
1368,7.6303,6.5735,1.675,8.1477,265.0,7371.0,2224.8594
1369,8.2312,8.8906,2.053,7.9228,265.0,8675.0,2224.8594
1370,7.8302,6.548,1.7286,8.1641,271.0,13510.0,2224.8594
1371,8.2331,7.944,2.0672,8.3597,267.0,8934.0,2224.8594
1372,8.2849,6.5597,1.7549,7.5705,265.0,7063.0,2224.8594
1373,7.6223,8.5659,1.9125,8.7163,265.0,7751.0,2224.8594
1374,8.696,6.5955,1.696,7.4819,269.0,8443.0,2224.8594
1375,7.524,8.9425,2.004,8.7978,269.0,7067.0,2224.8594
1376,8.7616,6.6016,1.8096,8.5325,254.0,6119.0,2224.8594
1377,8.6227,8.7187,1.8482,7.8131,231.0,4905.0,2224.8594
1378,7.7526,6.5639,1.9863,7.8663,232.0,4917.0,2224.8594
1379,7.8856,8.712,2.0326,8.2392,267.0,10625.0,2224.8594
1380,8.2072,6.5303,1.8555,8.0845,234.0,7535.0,2224.8594
1381,8.1596,8.9883,2.1591,7.9334,229.0,4903.0,2224.8594
1382,7.8832,6.4993,1.8227,7.8713,235.0,5277.0,2224.8594
1383,7.8657,8.5913,2.0429,8.3092,238.0,5443.0,2224.8594
1384,8.2549,6.4889,1.8565,8.1176,252.0,7971.0,2224.8594
1385,8.1904,8.7292,1.9347,8.5255,229.0,4903.0,2224.8594
1386,8.5157,6.6189,1.9471,9.1792,264.0,12107.0,2224.8594
1387,9.2698,7.8994,2.7007,7.8388,234.0,5667.0,2224.8594
1388,7.7877,7.1151,2.7366,8.3044,235.0,5263.0,2224.8594
1389,8.3138,9.2278,2.5917,9.4483,229.0,4903.0,2224.8594
1390,10.1695,6.8421,2.946,7.9374,233.0,4907.0,2224.8594
1391,7.2134,8.6101,2.2964,9.9366,269.0,11847.0,2224.8594
1392,10.0097,6.9579,3.1348,8.6148,277.0,35427.0,2224.8594
1393,8.4912,9.0267,3.0716,7.7523,251.0,10280.0,2224.8594
1394,7.7751,6.5985,1.9659,7.9179,254.0,23841.0,2224.8594
1395,7.9269,8.6969,2.1506,8.7199,238.0,16497.0,2224.8594
1396,8.6492,6.5477,1.8754,7.8708,229.0,4903.0,2224.8594
1397,7.9479,8.8521,2.006,7.6829,229.0,4903.0,2224.8594
1398,7.6087,6.5111,1.8287,8.4786,265.0,39319.0,2224.8594
1399,8.525,8.6298,2.0822,8.1296,265.0,33327.0,2224.8594
1400,8.1953,6.6303,2.5907,8.0934,267.0,18074.0,2224.8594
1401,8.0893,8.6773,2.1683,8.0389,269.0,16461.0,2224.8594
1402,7.9245,6.5887,1.7381,9.5889,268.0,8946.0,2224.8594
1403,9.7131,8.8045,2.2587,7.2125,274.0,30767.0,2224.8594
1404,7.1177,6.4859,2.0409,8.2086,275.0,24933.0,2224.8594
1405,8.3169,8.3272,2.6053,7.8075,260.0,6777.0,2224.8594
1406,7.7398,6.6227,2.3262,8.2423,264.0,8377.0,2224.8594
1407,8.2786,8.7543,2.4281,7.9552,248.0,5807.0,2224.8594
1408,7.8759,6.5641,2.0093,8.341,268.0,8603.0,2224.8594
1409,8.3825,8.5021,2.4265,8.9306,249.0,7581.0,2224.8594
1410,9.1496,6.6671,3.1461,8.4777,267.0,7065.0,2224.8594
1411,8.2893,8.2522,2.8165,8.2367,267.0,8753.0,2224.8594
1412,8.204,6.6027,2.6067,7.4112,265.0,12127.0,2224.8594
1413,7.4741,8.2121,2.1529,8.9171,250.0,6115.0,2224.8594
1414,8.8693,6.6251,2.0676,8.2177,229.0,4903.0,2224.8594
1415,8.2219,8.5059,2.1074,7.8575,229.0,4903.0,2224.8594
1416,7.8567,6.4553,2.2047,6.6493,230.0,4963.0,2224.8594
1417,6.6671,7.8242,2.4038,10.966,265.0,7063.0,2224.8594
1418,10.9824,7.1799,3.2986,9.0394,269.0,9427.0,2224.8594
1419,9.0145,7.8702,2.659,8.9081,269.0,11223.0,2224.8594
1420,8.953,6.6233,2.6688,8.1317,265.0,7527.0,2224.8594
1421,8.1088,8.7881,2.7842,7.4843,265.0,8733.0,2224.8594
1422,7.4111,6.6204,2.2644,8.68,269.0,7067.0,2224.8594
1423,8.7351,8.5786,2.4678,8.2197,269.0,7375.0,2224.8594
1424,8.1811,6.6002,2.4584,8.0711,269.0,8679.0,2224.8594
1425,8.0914,8.3272,2.3005,8.3001,273.0,13512.0,2224.8594
1426,8.304,7.1123,2.7089,7.8657,269.0,8936.0,2224.8594
1427,7.8821,8.5807,2.461,8.2893,267.0,7065.0,2224.8594
1428,8.215,6.6058,3.2227,7.3336,265.0,7751.0,2224.8594
1429,7.3742,8.3019,2.3745,9.0207,265.0,8439.0,2224.8594
1430,9.0081,6.5743,2.1855,6.9494,265.0,7063.0,2224.8594
1431,7.0209,8.2763,2.4495,9.4831,249.0,6103.0,2224.8594
1432,9.5073,7.3013,2.5657,6.3929,229.0,4903.0,2224.8594
1433,6.6974,7.2198,2.79,10.3923,229.0,4903.0,2224.8594
1434,10.0093,8.2262,2.5288,7.6341,265.0,10623.0,2224.8594
1435,7.8517,7.1031,3.4471,8.2259,235.0,7547.0,2224.8594
1436,8.095,7.537,3.033,8.0852,229.0,4903.0,2224.8594
1437,8.0634,7.5388,2.8038,9.0814,236.0,5337.0,2224.8594
1438,9.033,8.1551,2.4113,6.9249,241.0,5387.0,2224.8594
1439,7.0235,7.1391,2.5447,9.653,256.0,7975.0,2224.8594
1440,9.5292,8.272,2.7264,8.6344,233.0,4907.0,2224.8594
1441,8.7337,6.9719,2.2637,7.5098,266.0,12109.0,2224.8594
1442,7.5736,7.577,2.214,7.2464,236.0,5669.0,2224.8594
1443,7.1896,7.0553,2.7547,9.3789,237.0,5265.0,2224.8594
1444,9.2968,7.8699,2.5154,7.1035,229.0,4903.0,2224.8594
1445,7.1295,7.098,2.4791,9.1025,229.0,4903.0,2224.8594
1446,9.085,8.5207,2.1608,7.981,265.0,11843.0,2224.8594
1447,8.0562,6.5028,2.5774,7.7601,273.0,35423.0,2224.8594
1448,7.7732,8.1178,2.6687,8.4463,249.0,10278.0,2224.8594
1449,8.4138,6.6087,3.323,8.7173,253.0,23851.0,2224.8594
1450,8.6478,8.3555,2.5639,7.8089,236.0,16495.0,2224.8594
1451,7.9299,6.6464,3.4124,8.924,230.0,4915.0,2224.8594
1452,8.8309,8.1398,2.7113,9.0989,229.0,4903.0,2224.8594
1453,9.1565,6.603,2.5902,8.7992,265.0,39319.0,2224.8594
1454,8.7297,8.1899,2.5133,7.5422,269.0,33331.0,2224.8594
1455,7.6072,7.12,2.3901,9.8836,271.0,18078.0,2224.8594
1456,9.8253,8.2167,2.481,7.1334,273.0,16465.0,2224.8594
1457,7.1552,7.453,2.3918,9.3857,269.0,8936.0,2224.8594
1458,9.3996,7.3539,2.4997,6.6999,276.0,30769.0,2224.8594
1459,6.6971,7.0788,2.3042,9.1861,277.0,24935.0,2224.8594
1460,9.1996,8.4068,2.3288,6.8483,261.0,6789.0,2224.8594
1461,6.8358,7.0356,2.1244,8.9993,264.0,8613.0,2224.8594
1462,8.966,8.2354,2.2573,7.3892,240.0,5563.0,2224.8594
1463,7.4488,6.5598,2.8825,9.1756,265.0,8659.0,2224.8594
1464,9.0883,8.0323,2.2389,6.8199,246.0,7519.0,2224.8594
1465,6.8437,6.5702,2.0336,8.9216,265.0,7063.0,2224.8594
1466,8.973,8.9246,2.8946,7.8436,265.0,8751.0,2224.8594
1467,7.7998,6.5498,2.5169,8.4231,265.0,12127.0,2224.8594
1468,8.4173,8.5613,2.5405,7.6487,249.0,6103.0,2224.8594
1469,7.6334,6.5277,1.8847,8.3981,229.0,4903.0,2224.8594
1470,8.4473,8.7542,2.3746,7.8002,233.0,4907.0,2224.8594
1471,7.7708,6.5091,1.8439,8.7186,234.0,4967.0,2224.8594
1472,8.7729,8.7527,2.2906,8.2358,269.0,7067.0,2224.8594
1473,8.1585,6.5478,1.9677,8.0221,271.0,9429.0,2224.8594
1474,8.0507,8.6941,2.288,8.251,271.0,11225.0,2224.8594
1475,8.2568,6.56,1.8795,7.9903,267.0,7529.0,2224.8594
1476,7.9858,8.6459,2.2271,8.0702,265.0,8733.0,2224.8594
1477,8.0274,6.5242,1.8912,8.3856,265.0,7063.0,2224.8594
1478,8.533,8.8619,2.3435,8.6275,265.0,7371.0,2224.8594
1479,8.5233,6.6367,2.394,7.5393,266.0,8687.0,2224.8594
1480,7.5273,8.6955,2.2907,8.5178,271.0,13510.0,2224.8594
1481,8.5276,6.5561,1.9138,7.7068,267.0,8934.0,2224.8594
1482,7.763,8.9017,2.232,8.5833,265.0,7063.0,2224.8594
1483,8.5147,6.6127,2.1108,7.8691,266.0,7763.0,2224.8594
1484,7.9546,8.5758,2.4888,9.1877,265.0,8439.0,2224.8594
1485,9.1572,6.8996,2.4556,8.5834,265.0,7063.0,2224.8594
1486,8.5337,9.1442,3.1802,8.0143,253.0,6107.0,2224.8594
1487,8.0513,6.6007,2.0441,7.6463,233.0,4907.0,2224.8594
1488,7.6259,8.6592,1.8651,8.4179,233.0,4907.0,2224.8594
1489,8.4023,6.5213,1.8056,8.1944,267.0,10625.0,2224.8594
1490,8.2501,8.6453,2.0736,7.7511,236.0,7537.0,2224.8594
1491,7.6961,6.486,1.6795,7.3555,231.0,4905.0,2224.8594
1492,7.4035,8.617,1.8308,8.2384,236.0,5337.0,2224.8594
1493,8.1811,6.499,2.0347,8.3433,237.0,5383.0,2224.8594
1494,8.4302,8.5293,2.9641,8.5652,252.0,7971.0,2224.8594
1495,8.5139,6.4929,1.9851,7.3181,229.0,4903.0,2224.8594
1496,7.3819,8.0282,2.2648,8.2345,264.0,12107.0,2224.8594
1497,8.1258,6.557,2.6172,6.4063,234.0,5667.0,2224.8594
1498,6.48,6.5131,2.3705,9.9186,235.0,5263.0,2224.8594
1499,9.8884,7.3037,1.9176,6.6247,229.0,4903.0,2224.8594
1500,6.7046,6.4776,2.244,10.1469,230.0,4915.0,2224.8594
1501,10.0821,7.3375,2.4664,7.2504,265.0,11843.0,2224.8594
1502,7.365,6.5266,2.4343,8.7702,277.0,35427.0,2224.8594
1503,8.6691,7.9822,2.2613,6.9958,253.0,10282.0,2224.8594
1504,6.939,6.6194,2.3912,8.9213,256.0,23843.0,2224.8594
1505,8.9761,8.0325,2.2343,7.3856,238.0,16497.0,2224.8594
1506,7.3146,6.6419,2.1006,8.4554,231.0,4905.0,2224.8594
1507,8.5155,8.6467,2.3365,7.5885,231.0,4905.0,2224.8594
1508,7.5722,6.5463,2.1938,9.817,265.0,39319.0,2224.8594
1509,9.8504,8.7225,2.5645,7.072,265.0,33327.0,2224.8594
1510,7.0784,6.6289,2.3437,8.6537,267.0,18074.0,2224.8594
1511,8.6944,8.9856,2.5306,7.602,269.0,16461.0,2224.8594
1512,7.5028,6.5302,1.7772,8.177,267.0,8934.0,2224.8594
1513,8.2178,8.731,2.0922,8.429,274.0,30767.0,2224.8594
1514,8.3663,6.5223,1.6118,7.5543,275.0,24933.0,2224.8594
1515,7.6344,9.1677,1.9343,9.393,260.0,6777.0,2224.8594
1516,9.3434,6.6107,1.8234,7.6757,264.0,8613.0,2224.8594
1517,7.699,8.6609,2.267,8.3718,240.0,5563.0,2224.8594
1518,8.4376,6.585,1.9237,7.9311,269.0,8663.0,2224.8594
1519,7.894,8.8428,2.2222,8.5809,250.0,7523.0,2224.8594
1520,8.5968,6.5674,2.2402,7.5402,269.0,7067.0,2224.8594
1521,7.5088,8.5146,3.0467,8.1511,268.0,8765.0,2224.8594
1522,8.13,6.6022,1.7875,8.0208,267.0,12129.0,2224.8594
1523,8.0183,8.7055,1.8173,7.868,251.0,6105.0,2224.8594
1524,7.8965,6.4381,1.6765,7.3053,229.0,4903.0,2224.8594
1525,7.3492,8.6084,2.1816,8.6664,229.0,4903.0,2224.8594
1526,8.5671,6.5118,1.8296,7.521,230.0,4963.0,2224.8594
1527,7.5584,8.607,2.0356,8.6417,265.0,7063.0,2224.8594
1528,8.6291,6.4984,1.7346,8.5475,269.0,9427.0,2224.8594
1529,8.6035,8.4629,2.7216,8.2583,270.0,11235.0,2224.8594
1530,8.1888,6.8588,2.0409,6.8286,265.0,7527.0,2224.8594
1531,7.0538,8.343,2.3296,9.3519,265.0,8733.0,2224.8594
1532,9.1803,6.5883,2.1109,7.6208,265.0,7063.0,2224.8594
1533,7.7455,7.1154,2.1539,8.4583,265.0,7371.0,2224.8594
1534,8.3218,6.8878,2.1876,6.7201,269.0,8679.0,2224.8594
1535,6.8038,6.9273,2.3502,8.698,275.0,13514.0,2224.8594
1536,8.6715,7.8642,2.2642,7.5939,271.0,8938.0,2224.8594
1537,7.5998,6.3024,2.1654,7.6176,267.0,7065.0,2224.8594
1538,7.6448,8.1078,2.1708,7.316,267.0,7753.0,2224.8594
1539,7.2352,6.2578,2.1505,7.472,267.0,8441.0,2224.8594
1540,7.5395,8.064,1.8339,8.5995,265.0,7063.0,2224.8594
1541,8.5138,6.263,1.7769,8.0156,249.0,6103.0,2224.8594
1542,8.1159,8.6998,2.3095,7.7598,229.0,4903.0,2224.8594
1543,7.6253,6.2897,2.4585,7.4266,229.0,4903.0,2224.8594
1544,7.5111,8.3331,1.8743,7.8783,265.0,10623.0,2224.8594
1545,7.8188,6.2189,1.6542,6.3886,234.0,7535.0,2224.8594
1546,6.5107,8.4004,3.0985,9.4345,229.0,4903.0,2224.8594
1547,9.3417,6.283,2.8029,8.0964,237.0,5397.0,2224.8594
1548,8.1647,7.7028,2.5138,7.1458,237.0,5383.0,2224.8594
1549,7.0849,6.8101,2.0372,7.6216,252.0,7923.0,2224.8594
1550,7.6799,6.3704,2.3086,7.6975,234.0,4919.0,2224.8594
1551,7.7112,7.8108,2.3864,7.2873,268.0,12111.0,2224.8594
1552,7.1853,6.2997,1.8979,7.6132,238.0,5671.0,2224.8594
1553,7.6897,8.466,2.3435,7.6142,238.0,5277.0,2224.8594
1554,7.526,6.2852,1.6943,7.366,231.0,4905.0,2224.8594
1555,7.4261,8.3451,1.9567,8.0984,231.0,4905.0,2224.8594
1556,8.0115,6.2912,1.5279,8.4013,266.0,11855.0,2224.8594
1557,8.5052,8.3229,1.8243,7.2148,273.0,35423.0,2224.8594
1558,7.1585,6.2873,1.7568,7.9111,249.0,10278.0,2224.8594
1559,7.9855,8.4343,1.964,8.242,252.0,23839.0,2224.8594
1560,8.2318,6.3024,1.7756,6.3475,236.0,16495.0,2224.8594
1561,6.39,7.8153,2.1471,10.2646,229.0,4903.0,2224.8594
1562,10.2036,6.9815,2.0549,6.0102,229.0,4903.0,2224.8594
1563,6.0808,7.6569,2.1274,9.5439,265.0,39319.0,2224.8594
1564,9.4984,7.292,2.4626,6.8798,265.0,33327.0,2224.8594
1565,6.9584,6.8424,2.1731,9.2717,267.0,18074.0,2224.8594
1566,9.1631,8.1915,2.3205,7.4375,273.0,16465.0,2224.8594
1567,7.6029,6.7513,2.3177,8.5371,271.0,8938.0,2224.8594
1568,8.3748,7.4059,2.9441,6.3497,278.0,30771.0,2224.8594
1569,6.2766,6.2852,1.7437,9.1688,277.0,24935.0,2224.8594
1570,9.2733,8.6216,2.3909,7.2991,262.0,6779.0,2224.8594
1571,7.2586,6.285,2.1233,7.3524,266.0,8615.0,2224.8594
1572,7.3889,8.5295,2.1681,8.3446,240.0,5563.0,2224.8594
1573,8.2446,6.2821,2.1205,7.6206,265.0,8659.0,2224.8594
1574,7.7589,8.5899,2.9819,7.756,247.0,7579.0,2224.8594
1575,7.6681,6.2497,1.7989,8.1519,265.0,7063.0,2224.8594
1576,8.2427,8.4404,2.3604,7.4415,265.0,8751.0,2224.8594
1577,7.4098,8.606,2.8488,17.5118,1111.0,165829.0,2269.3594
1578,17.6995,8.606,2.6202,13.8513,461.0,16371.0,2298.7344
1579,13.6947,8.5251,5.2039,10.9304,410.0,12771.0,2298.7344
1580,11.0043,6.3176,3.8715,11.9369,690.0,59413.0,2298.7344
1581,11.8965,6.3176,2.5044,10.4894,660.0,80607.0,2284.0469
1582,10.568,9.5887,3.4064,8.8506,426.0,15259.0,2269.3594
1583,8.9198,7.86,2.2396,9.2131,419.0,15191.0,2260.9844
1584,9.5537,8.5939,2.2689,11.4993,678.0,88393.0,2260.9844
1585,11.0567,6.2987,2.3109,8.9587,428.0,19753.0,2260.9844
1586,8.8566,8.5122,2.7129,14.1278,695.0,47597.0,2261.2344
1587,14.2331,8.8209,3.2006,13.9976,669.0,81725.0,2261.2344
1588,13.9761,7.1195,3.0489,15.2674,688.0,61550.0,2261.3594
1589,15.2977,6.6164,2.9732,16.6581,682.0,36927.0,2261.3594
1590,16.6124,6.6331,4.2839,10.9156,491.0,19531.0,2261.3594
1591,10.8762,6.8371,3.3353,12.6649,432.0,14707.0,2325.3594
1592,12.6253,8.0295,3.3891,12.6835,398.0,13123.0,2329.3594
1593,12.7298,5.9111,3.5124,8.2247,396.0,11887.0,2329.3594
1594,8.246,5.9111,2.5708,8.2245,433.0,14059.0,2329.6094
1595,8.1645,7.5529,2.9562,8.142,432.0,14047.0,2329.6094
1596,8.2032,7.9315,2.5795,9.0688,432.0,14047.0,2329.6094
1597,9.0582,5.9891,2.1197,8.0212,432.0,14735.0,2329.6094
1598,8.0455,6.1562,2.2117,9.0075,436.0,14739.0,2329.6094
1599,8.9339,6.1562,2.9767,7.3037,413.0,12623.0,2329.6094
1600,7.4106,7.7164,2.29,8.0131,400.0,11891.0,2329.6094
1601,7.8742,6.5461,2.177,7.4294,398.0,11889.0,2329.6094
1602,7.5326,6.7291,2.2814,8.2551,403.0,12189.0,2329.6094
1603,8.244,7.5438,2.3548,6.3531,399.0,11901.0,2329.6094
1604,6.3738,5.8839,2.3875,8.6361,412.0,14535.0,2329.6094
1605,8.5653,7.8257,2.2601,6.8695,396.0,11887.0,2329.6094
1606,6.8278,5.8873,1.8647,8.372,432.0,15735.0,2329.6094
1607,8.4163,8.2111,2.1631,7.3794,433.0,68067.0,2329.6094
1608,7.39,6.2161,1.9838,8.1427,432.0,14047.0,2329.6094
1609,8.2148,8.2399,2.672,7.181,433.0,14059.0,2329.6094
1610,7.1455,5.8841,1.7894,7.3832,432.0,13999.0,2329.6094
1611,7.3658,8.334,1.8489,8.0762,432.0,21115.0,2329.6094
1612,7.9972,5.9099,1.652,8.2944,432.0,19756.0,2329.6094
1613,8.4459,6.1971,2.1988,8.2009,434.0,17720.0,2329.6094
1614,8.114,6.1971,1.9469,7.7104,437.0,18138.0,2329.6094
1615,7.7424,7.1841,2.1126,8.1986,436.0,17334.0,2329.6094
1616,8.1855,7.2663,2.2783,7.217,438.0,18497.0,2329.6094
1617,7.3389,5.9708,2.352,8.1411,434.0,16883.0,2329.6094
1618,8.0466,7.0685,2.749,7.1296,413.0,12899.0,2329.6094
1619,7.1007,5.88,2.3348,8.3825,435.0,14535.0,2329.6094
1620,8.3896,8.0842,2.3849,7.1139,410.0,12679.0,2329.8594
1621,7.0693,6.193,1.759,8.3643,410.0,12771.0,2329.8594
1622,8.3692,8.2544,2.4259,8.1201,433.0,14059.0,2329.8594
1623,8.0942,5.8713,1.8631,8.0572,432.0,16831.0,2329.8594
1624,8.2194,8.2196,2.142,7.0547,432.0,22399.0,2329.8594
1625,6.8495,5.9259,1.7558,7.9767,432.0,14047.0,2329.8594
1626,8.0972,8.0596,2.3492,7.9789,432.0,14047.0,2329.8594
1627,7.9672,6.2707,2.2915,7.6296,432.0,14047.0,2329.8594
1628,7.7362,7.7928,2.713,7.8361,432.0,15287.0,2329.8594
1629,7.7084,5.9419,2.0403,8.1715,432.0,19567.0,2329.8594
1630,8.2022,6.8385,2.1546,7.4389,436.0,21043.0,2329.8594
1631,7.3897,5.9264,1.8586,6.0237,436.0,21043.0,2329.8594
1632,6.0559,5.8831,3.1148,9.0243,437.0,18479.0,2329.8594
1633,9.0238,7.8321,2.1559,6.719,434.0,23443.0,2329.8594
1634,6.6695,6.2439,1.5216,8.0426,443.0,21545.0,2329.8594
1635,8.1283,8.2499,2.8447,7.5341,437.0,25103.0,2329.8594
1636,7.4741,6.082,2.2428,8.2926,412.0,14703.0,2329.8594
1637,8.308,8.2857,2.1688,7.0013,396.0,11887.0,2329.8594
1638,6.9768,5.9547,1.9275,7.1002,399.0,12019.0,2329.8594
1639,7.2075,7.9621,2.6981,7.9477,397.0,11899.0,2329.8594
1640,7.8026,6.1608,1.9809,6.507,408.0,14447.0,2329.8594
1641,6.6203,6.0937,1.8866,8.8009,406.0,12807.0,2329.8594
1642,8.7125,6.7959,1.8142,7.3041,433.0,14059.0,2329.8594
1643,7.3507,5.8377,2.2215,8.2435,432.0,30701.0,2329.8594
1644,8.2399,5.8753,2.1897,7.8166,432.0,16317.0,2329.8594
1645,7.8569,5.8753,2.0576,8.9072,433.0,36359.0,2329.8594
1646,8.9027,7.3173,2.4429,7.5908,437.0,31851.0,2329.8594
1647,7.6555,6.2236,2.3611,8.9909,437.0,14969.0,2329.8594
1648,8.9657,7.9784,2.402,6.9075,436.0,14051.0,2329.8594
1649,6.7891,5.9489,1.4819,7.3478,422.0,15185.0,2329.8594
1650,7.4173,7.552,2.1499,7.6075,416.0,17177.0,2329.8594
1651,7.5551,5.9219,1.8486,8.659,434.0,17425.0,2329.8594
1652,8.7086,7.8551,1.9345,7.3078,432.0,14047.0,2329.8594
1653,7.3064,6.1814,1.7052,7.0722,432.0,14047.0,2329.8594
1654,7.0707,8.1709,1.8164,8.7137,432.0,17759.0,2329.8594
1655,8.7203,5.8851,2.5806,7.255,433.0,15915.0,2329.8594
1656,7.2915,8.1375,2.1693,8.1618,432.0,14047.0,2329.8594
1657,8.1434,5.8533,2.173,9.3171,432.0,17759.0,2329.8594
1658,9.2961,5.8533,2.0606,7.4575,432.0,15903.0,2329.8594
1659,7.4759,6.8486,1.9699,8.3934,443.0,36083.0,2329.8594
1660,8.3563,7.5624,2.041,7.5797,432.0,26057.0,2329.8594
1661,7.6553,6.6963,1.9663,7.0888,433.0,28647.0,2329.8594
1662,7.9408,6.0233,2.8956,8.1898,436.0,19317.0,2329.8594
1663,7.282,7.4808,1.9563,6.496,437.0,14063.0,2329.8594
1664,6.4477,5.9385,1.3993,8.0118,437.0,14063.0,2329.8594
1665,8.1138,8.0914,2.2965,7.4241,434.0,17761.0,2329.8594
1666,7.3542,6.2661,1.9686,8.3055,434.0,14049.0,2329.8594
1667,8.3071,8.54,2.5314,7.3268,434.0,22419.0,2329.8594
1668,7.3072,6.0846,2.039,7.973,432.0,16185.0,2329.8594
1669,8.0853,7.8594,2.1865,6.89,432.0,15563.0,2329.8594
1670,6.7902,5.9547,1.7422,7.676,433.0,14431.0,2329.8594
1671,7.8066,6.7023,2.0569,10.2351,432.0,14047.0,2329.8594
1672,10.133,7.312,2.5938,9.8564,432.0,33794.0,2329.8594
1673,9.9526,6.0986,2.9758,8.5585,432.0,14047.0,2329.8594
1674,8.4758,6.0986,3.0204,8.6881,432.0,14767.0,2329.8594
1675,8.6961,5.8558,2.6289,8.4076,432.0,12271.0,2329.8594
1676,8.3573,5.8558,1.7294,7.1586,433.0,12331.0,2329.8594
1677,7.1966,8.0868,2.1748,7.9561,432.0,15163.0,2329.8594
1678,7.9572,6.2272,2.0428,8.5309,440.0,17793.0,2329.8594
1679,8.5224,6.1311,2.7829,8.6071,438.0,18002.0,2329.8594
1680,8.635,6.1311,1.895,7.776,437.0,14063.0,2329.8594
1681,7.7746,5.9595,2.1024,8.4309,428.0,15856.0,2329.8594
1682,8.4311,5.9595,2.0991,8.5451,437.0,28021.0,2329.8594
1683,8.553,6.2524,2.4828,9.4958,436.0,27497.0,2329.8594
1684,9.4524,6.2524,1.9473,8.1198,435.0,24171.0,2329.8594
1685,8.2402,8.2735,2.259,7.7094,434.0,22563.0,2329.8594
1686,7.6341,6.1352,1.9557,7.7437,434.0,23791.0,2329.8594
1687,7.7638,5.9538,2.026,8.5842,433.0,28351.0,2329.8594
1688,8.5434,5.9538,1.8857,7.8246,426.0,19307.0,2329.8594
1689,7.9743,7.9979,2.2539,7.6408,425.0,16819.0,2329.8594
1690,7.4643,6.2152,1.9954,7.4338,397.0,11899.0,2329.8594
1691,7.5545,8.0107,1.9783,8.7224,399.0,12067.0,2329.8594
1692,8.6978,6.7155,2.2742,7.8133,396.0,11887.0,2329.8594
1693,7.8533,6.2759,2.6318,7.7801,432.0,16567.0,2329.8594
1694,7.645,6.3936,2.1978,6.1862,419.0,13291.0,2329.8594
1695,6.3473,5.9574,2.4462,8.1836,400.0,11891.0,2329.8594
1696,8.045,8.1557,2.3396,7.682,405.0,13211.0,2329.8594
1697,7.6788,6.0835,1.86,8.5022,398.0,11889.0,2329.8594
1698,8.5218,8.0648,2.4232,7.6832,434.0,14049.0,2329.8594
1699,7.6604,5.8336,2.0693,8.0787,434.0,14049.0,2329.8594
1700,8.1151,8.2025,2.2368,7.2395,432.0,14047.0,2329.8594
1701,7.1875,8.1017,1.7948,10.0293,433.0,14747.0,2329.8594
1702,10.121,8.1017,1.9459,6.4256,432.0,14735.0,2329.8594
1703,6.3266,6.1548,1.586,7.281,408.0,12607.0,2329.8594
1704,7.3174,7.6212,1.9625,7.6374,397.0,11899.0,2329.8594
1705,7.5678,5.7672,1.4831,7.4751,396.0,11887.0,2329.8594
1706,7.6885,8.0373,2.1709,8.1642,401.0,12187.0,2329.8594
1707,8.0257,5.7939,1.9956,6.5098,396.0,11887.0,2329.8594
1708,6.6569,5.8305,2.2514,8.7646,412.0,14535.0,2329.8594
1709,8.6241,7.5954,2.1231,7.1533,396.0,11887.0,2329.8594
1710,7.1566,6.0843,2.1694,7.9746,436.0,15739.0,2329.8594
1711,7.9689,7.5511,2.0915,7.3283,437.0,68071.0,2329.8594
1712,7.2887,6.1085,1.691,7.9427,436.0,14051.0,2329.8594
1713,7.9895,8.0347,2.5897,7.129,434.0,14049.0,2329.8594
1714,7.1474,5.8991,2.5822,8.3729,434.0,14049.0,2329.8594
1715,8.365,8.0963,2.0469,7.567,435.0,21129.0,2329.8594
1716,7.5486,6.2425,1.8144,7.9575,432.0,19756.0,2329.8594
1717,7.9877,6.0814,1.9408,8.2977,434.0,18254.0,2329.8594
1718,8.3072,6.0814,1.8258,8.3351,433.0,18134.0,2329.8594
1719,8.3224,8.0567,1.8744,7.0152,432.0,16952.0,2329.8594
1720,7.0989,6.5258,1.9372,8.7042,434.0,18337.0,2329.8594
1721,8.6597,6.5258,1.8301,7.2234,431.0,16821.0,2329.8594
1722,7.2357,6.4426,1.832,8.5656,410.0,12885.0,2329.8594
1723,9.1446,7.0243,2.0267,8.4629,432.0,14521.0,2329.8594
1724,7.8449,7.0243,2.4327,6.7249,409.0,12667.0,2329.8594
1725,6.7845,6.3564,2.3697,8.5621,411.0,12783.0,2329.8594
1726,8.4997,7.8028,2.5565,6.5575,436.0,14051.0,2329.8594
1727,6.5211,5.8663,2.3548,8.5855,436.0,16835.0,2329.8594
1728,8.6745,8.5073,2.4374,7.603,436.0,22403.0,2329.8594
1729,7.6078,6.2758,2.0466,9.1832,434.0,14049.0,2329.8594
1730,9.1698,7.8216,2.5845,7.132,434.0,14049.0,2329.8594
1731,7.1304,5.9191,1.9246,8.3916,434.0,14049.0,2329.8594
1732,8.3354,8.153,2.1747,6.7291,433.0,15299.0,2329.8594
1733,6.713,5.8461,1.5775,8.5971,432.0,19567.0,2329.8594
1734,8.6801,8.2048,2.3323,7.8088,432.0,21039.0,2329.8594
1735,7.762,6.2821,1.8961,7.7768,432.0,21039.0,2329.8594
1736,7.7837,8.1513,1.9095,7.3067,432.0,18463.0,2329.8594
1737,7.3,5.8938,2.2171,8.1768,432.0,23441.0,2329.8594
1738,8.1675,7.3841,2.8825,7.4377,440.0,21531.0,2329.8594
1739,7.5142,6.4355,2.0018,8.5843,435.0,25101.0,2329.8594
1740,8.5973,6.4355,1.8126,7.0786,412.0,14703.0,2329.8594
1741,6.9616,6.6311,1.6484,6.364,396.0,11887.0,2329.8594
1742,6.4705,5.8828,1.9492,8.8351,403.0,12023.0,2329.8594
1743,8.8087,7.5723,2.0242,6.4104,400.0,11891.0,2329.8594
1744,6.3416,5.856,1.8224,9.5084,413.0,14511.0,2329.8594
1745,9.5957,8.1449,2.1338,6.1636,406.0,12737.0,2329.8594
1746,6.1145,5.8613,1.9583,8.3449,435.0,14061.0,2329.8594
1747,8.3451,8.1903,2.4161,7.699,434.0,30703.0,2329.8594
1748,7.6487,6.2134,1.8641,8.4448,432.0,16317.0,2329.8594
1749,8.4799,8.0157,1.9941,7.0266,432.0,36347.0,2329.8594
1750,7.0172,5.9144,1.902,7.2882,433.0,31847.0,2329.8594
1751,7.3519,7.5923,1.9207,7.9479,432.0,14953.0,2329.8594
1752,7.886,5.8653,2.0546,7.267,432.0,14047.0,2329.8594
1753,7.4476,5.8525,2.6237,8.9091,428.0,18231.0,2329.8594
1754,8.7761,7.7407,2.4389,7.3076,406.0,14127.0,2329.8594
1755,7.428,6.0962,2.8265,8.364,432.0,17423.0,2329.8594
1756,8.2693,8.3069,2.5218,8.1644,433.0,14059.0,2329.8594
1757,8.2027,5.9512,3.566,8.0924,432.0,14047.0,2329.8594
1758,7.9986,6.9735,2.9664,6.7173,437.0,17775.0,2329.8594
1759,6.6679,5.8409,1.6601,8.5242,437.0,15919.0,2329.8594
1760,8.6197,8.1022,2.4067,6.8694,436.0,14051.0,2329.8594
1761,6.8625,6.1873,2.3756,7.7291,434.0,17761.0,2329.8594
1762,7.7143,8.4607,1.8298,8.3659,434.0,15905.0,2329.8594
1763,8.3451,6.001,1.6335,7.4382,445.0,36085.0,2329.8594
1764,7.4418,7.8929,1.7759,7.3461,433.0,26069.0,2329.8594
1765,7.311,5.9132,1.642,6.7492,432.0,28635.0,2329.8594
1766,6.842,7.2135,2.0608,9.3312,432.0,19313.0,2329.8594
1767,9.246,6.4612,1.9941,8.4718,432.0,14047.0,2329.8594
1768,8.5867,6.802,2.3953,8.003,432.0,14047.0,2329.8594
1769,7.9668,5.997,1.8787,7.0599,432.0,17759.0,2329.8594
1770,7.0778,6.4966,2.2841,8.4655,432.0,14047.0,2329.8594
1771,8.394,7.2573,2.0243,6.6376,432.0,22417.0,2329.8594
1772,6.6082,5.8891,1.8298,8.2795,432.0,16185.0,2329.8594
1773,8.2813,8.2114,2.1174,7.7829,432.0,15563.0,2329.8594
1774,7.7928,6.2025,1.6053,9.71,436.0,14423.0,2329.8594
1775,9.7639,7.9468,2.431,7.2062,436.0,14051.0,2329.8594
1776,7.1946,5.9979,2.179,8.2434,436.0,33798.0,2329.8594
1777,8.3687,8.2753,2.2778,7.119,434.0,14049.0,2329.8594
1778,7.0586,5.895,1.7654,8.1321,434.0,14769.0,2329.8594
1779,8.0895,7.9759,2.3273,7.2275,434.0,12273.0,2329.8594
1780,7.1526,6.1509,1.7959,8.4114,432.0,12319.0,2329.8594
1781,8.5124,8.2081,1.7995,7.8133,432.0,15163.0,2329.8594
1782,7.7628,5.9035,1.9396,8.9722,436.0,17789.0,2329.8594
1783,9.0124,8.1066,1.933,6.6805,434.0,17998.0,2329.8594
1784,6.6043,5.8328,1.9825,8.2725,432.0,14047.0,2329.8594
1785,8.3958,6.4695,2.5414,8.0675,426.0,15902.0,2329.8594
1786,8.0103,6.668,2.0609,8.1744,435.0,28019.0,2329.8594
1787,8.1986,6.6857,2.3366,7.5294,435.0,27507.0,2329.8594
1788,7.507,6.0417,2.3557,8.0758,434.0,24159.0,2329.8594
1789,8.1014,6.0417,2.0772,8.0351,433.0,22551.0,2329.8594
1790,8.0148,7.566,2.4414,6.4666,438.0,23795.0,2329.8594
1791,6.4848,5.9178,3.0546,8.4218,437.0,28355.0,2329.8594
1792,8.3795,7.5647,2.3649,7.3704,429.0,19251.0,2329.8594
1793,7.3863,6.2572,2.2226,8.1514,428.0,16833.0,2330.1094
1794,8.1246,8.5732,2.2082,7.2746,398.0,11889.0,2330.1094
1795,7.2442,6.0881,1.7568,7.5384,401.0,12069.0,2330.1094
1796,7.5714,8.3123,1.9535,7.9859,397.0,11899.0,2330.1094
1797,8.5693,5.7663,2.5337,7.035,432.0,16567.0,2330.1094
1798,6.5182,6.9866,2.1556,8.743,414.0,13275.0,2330.1094
1799,8.8264,6.8042,2.2964,8.0452,396.0,11887.0,2330.1094
1800,8.0201,7.7854,2.4466,7.7944,401.0,13207.0,2330.1094
1801,7.7083,6.0078,2.1086,7.4068,397.0,11899.0,2330.1094
1802,7.4598,6.3878,2.2783,7.1136,432.0,14047.0,2330.1094
1803,6.992,7.1568,1.8159,7.6026,432.0,14047.0,2330.1094
1804,7.6964,5.9024,2.4063,8.6388,432.0,14047.0,2330.1094
1805,8.5981,8.7193,2.1785,6.5086,432.0,14735.0,2330.1094
1806,6.4517,6.0361,1.7444,9.0102,436.0,14739.0,2330.1094
1807,9.1294,8.5485,2.3256,7.367,412.0,12611.0,2330.1094
1808,7.2681,5.9398,2.1406,8.1715,400.0,11891.0,2330.1094
1809,8.2268,8.1176,2.4746,6.7212,398.0,11889.0,2330.1094
1810,6.6475,5.8803,1.6074,8.3858,403.0,12189.0,2330.1094
1811,8.5698,7.4715,2.3547,7.7202,399.0,11901.0,2330.1094
1812,7.6066,6.6446,2.2281,7.7091,412.0,14535.0,2330.1094
1813,7.7546,5.9015,2.5642,8.7893,397.0,11899.0,2330.1094
1814,8.7951,5.9015,2.3837,8.7773,433.0,15747.0,2330.1094
1815,8.7382,6.2957,2.2777,8.4949,432.0,68055.0,2330.1094
1816,8.4324,6.2957,2.0245,8.3264,433.0,14059.0,2330.1094
1817,8.3767,7.9604,2.0464,8.2481,432.0,14047.0,2330.1094
1818,8.2432,6.4161,1.818,8.7366,432.0,14047.0,2330.1094
1819,8.8427,7.6362,2.415,7.5731,432.0,21115.0,2330.1094
1820,7.4873,6.6996,2.3276,8.0965,432.0,19756.0,2330.1094
1821,8.0772,7.3365,2.9079,7.1476,434.0,18254.0,2330.1094
1822,7.1482,6.2094,1.6918,7.4921,437.0,18138.0,2330.1094
1823,7.5936,6.319,2.7094,9.1685,437.0,16968.0,2330.1094
1824,9.0448,7.4346,3.1878,9.47,439.0,18353.0,2330.1094
1825,9.5846,7.3936,2.288,7.2588,433.0,16823.0,2330.1094
1826,7.1652,6.129,2.0093,7.3205,417.0,13187.0,2330.1094
1827,7.4097,6.0459,2.2864,8.005,435.0,14535.0,2330.1094
1828,7.9563,8.3558,2.6635,7.9312,404.0,12367.0,2330.1094
1829,8.0524,5.927,2.4702,8.27,410.0,12771.0,2330.1094
1830,8.1478,7.9233,2.2249,6.8647,432.0,14047.0,2330.1094
1831,6.7874,6.1412,1.8973,8.9097,432.0,16831.0,2330.1094
1832,8.969,8.4764,2.6593,7.5362,433.0,22411.0,2330.1094
1833,7.5649,6.1576,2.2035,8.6238,433.0,14059.0,2330.1094
1834,8.6243,8.0409,2.1967,6.5306,432.0,14047.0,2330.1094
1835,6.4794,7.604,1.8152,9.5774,432.0,14047.0,2330.1094
1836,9.6309,7.604,2.05,7.5454,432.0,15287.0,2330.1094
1837,7.5264,6.2206,1.7832,8.1234,432.0,19567.0,2330.1094
1838,8.1594,8.1023,2.28,7.5066,436.0,21043.0,2330.1094
1839,7.4343,6.2182,1.721,8.591,437.0,21055.0,2330.1094
1840,8.6044,8.0619,2.1266,7.0195,437.0,18479.0,2330.1094
1841,6.9864,5.9331,1.7973,8.3198,435.0,23455.0,2330.1094
1842,8.4395,8.2233,1.9904,7.7783,442.0,21533.0,2330.1094
1843,7.7582,6.2215,1.7163,7.5663,438.0,25115.0,2330.1094
1844,7.5409,7.6429,2.0472,8.0814,412.0,14703.0,2330.1094
1845,8.12,6.5361,1.966,6.5481,396.0,11887.0,2330.1094
1846,6.5156,5.8183,2.4202,7.0224,398.0,12007.0,2330.1094
1847,6.9722,7.281,2.6481,7.0885,397.0,11899.0,2330.1094
1848,7.1048,5.8517,1.9533,7.6696,413.0,15115.0,2330.1094
1849,7.6784,8.1054,2.4122,7.9455,433.0,14059.0,2330.1094
1850,7.9379,6.2184,2.0616,8.7363,432.0,26939.0,2330.1094
1851,8.7288,8.105,2.202,6.4801,433.0,19627.0,2330.1094
1852,6.4951,5.8935,2.5346,7.9766,432.0,29791.0,2330.1094
1853,7.9855,8.0621,1.8965,7.38,433.0,38131.0,2330.1094
1854,7.3227,5.9122,1.8646,7.1812,436.0,15693.0,2330.1094
1855,7.3526,5.8262,1.8942,8.4626,436.0,14051.0,2330.1094
1856,8.3013,6.7539,1.6934,6.3211,436.0,18475.0,2330.1094
1857,6.4111,6.1189,1.7687,8.09,409.0,14189.0,2330.1094
1858,7.9734,7.8534,2.2122,7.4487,434.0,17425.0,2330.1094
1859,7.5004,6.0144,1.7173,8.6104,434.0,14049.0,2330.1094
1860,8.6081,7.937,2.2374,6.7692,433.0,14059.0,2330.1094
1861,6.7864,5.8967,2.0173,9.5126,432.0,17759.0,2330.1094
1862,9.6162,8.2219,1.893,7.3982,432.0,15903.0,2330.1094
1863,7.2779,6.1159,1.8264,8.7817,433.0,14059.0,2330.1094
1864,8.8103,8.1988,2.6837,6.5842,432.0,17759.0,2330.1094
1865,6.5749,6.0536,1.5884,8.1874,432.0,15903.0,2330.1094
1866,8.4303,7.4468,3.4138,7.5222,444.0,36095.0,2330.1094
1867,7.2841,6.332,2.2906,7.9937,432.0,26057.0,2330.1094
1868,8.0464,7.7466,2.0517,7.8133,432.0,28635.0,2330.1094
1869,7.7088,6.3877,1.6637,7.1804,432.0,19313.0,2330.1094
1870,7.3005,5.9819,1.9838,7.6579,436.0,14051.0,2330.1094
1871,7.6026,7.3799,2.0398,7.0821,436.0,14051.0,2330.1094
1872,7.0839,6.035,2.238,9.105,436.0,17763.0,2330.1094
1873,9.1388,8.3412,2.5918,7.7474,434.0,14049.0,2330.1094
1874,7.7941,5.8998,2.5154,8.2849,434.0,22419.0,2330.1094
1875,8.2242,7.7819,2.3359,7.7562,435.0,16199.0,2330.1094
1876,7.6914,6.1628,1.9618,8.2066,432.0,15563.0,2330.1094
1877,8.2477,7.8668,2.0862,7.5885,433.0,14431.0,2330.1094
1878,7.5683,6.1278,1.9673,8.0548,432.0,14047.0,2330.1094
1879,8.1107,8.1646,2.1236,7.2763,433.0,33806.0,2330.1094
1880,7.2251,5.9514,2.1038,7.6149,432.0,14047.0,2330.1094
1881,7.6873,7.8486,2.0986,8.3157,432.0,14767.0,2330.1094
1882,8.2338,6.4924,1.7323,8.0592,432.0,12271.0,2330.1094
1883,8.0914,8.187,1.6149,7.6827,432.0,12319.0,2330.1094
1884,7.7155,6.1003,1.9781,8.2755,432.0,15163.0,2330.1094
1885,8.3008,6.7759,2.145,7.4775,436.0,17789.0,2330.1094
1886,7.4013,6.6049,1.9768,7.5751,439.0,18014.0,2330.1094
1887,7.7246,7.1708,2.1367,9.7121,436.0,14051.0,2330.1094
1888,9.5524,7.1708,1.9211,6.7909,434.0,16146.0,2330.1094
1889,6.8588,6.4354,2.2046,8.4738,438.0,31369.0,2330.1094
1890,8.4218,6.572,2.2495,7.0886,435.0,24149.0,2330.1094
1891,7.4562,5.8022,2.7756,7.6627,437.0,27509.0,2330.1094
1892,7.3022,7.7686,2.3416,7.0018,432.0,19203.0,2330.1094
1893,7.0088,5.9404,1.6022,9.0962,433.0,23779.0,2330.1094
1894,9.125,8.09,1.9933,6.9269,433.0,29947.0,2330.1094
1895,6.8975,6.1518,1.9182,7.7148,421.0,17411.0,2330.1094
1896,7.7436,8.2525,1.7216,7.6028,426.0,16831.0,2330.1094
1897,7.5459,5.875,1.7093,7.3373,396.0,11887.0,2330.1094
1898,7.4167,7.8971,2.0696,7.9956,399.0,12067.0,2330.1094
1899,7.9261,6.0912,1.9272,6.6277,397.0,11899.0,2330.1094
1900,6.6953,6.3007,2.2421,8.8549,433.0,16579.0,2330.1094
1901,8.8231,7.9373,2.1092,6.5842,414.0,13275.0,2330.1094
1902,6.6546,6.0778,2.357,7.8894,400.0,11891.0,2330.1094
1903,7.8652,7.805,2.1624,7.7363,404.0,13199.0,2330.1094
1904,7.7615,5.9906,2.1933,8.3184,400.0,11891.0,2330.1094
1905,8.2786,8.3219,2.3941,7.8016,434.0,14049.0,2330.1094
1906,7.7863,5.9054,2.4196,8.865,434.0,14049.0,2330.1094
1907,8.9133,6.181,2.5129,10.8455,434.0,14049.0,2330.1094
1908,10.8803,7.6062,2.5306,10.4492,432.0,14735.0,2330.1094
1909,10.406,7.6062,2.5929,8.8674,432.0,14735.0,2330.1094
1910,8.9199,5.884,2.4775,7.9043,408.0,12607.0,2330.1094
1911,7.8009,5.884,2.0213,7.8166,396.0,11887.0,2330.1094
1912,7.8378,7.6331,2.2973,9.0419,396.0,11887.0,2330.1094
1913,9.0632,6.2274,2.2379,8.0748,402.0,12199.0,2330.1094
1914,8.3868,6.3624,2.7868,8.8844,396.0,11887.0,2330.1094
1915,8.6512,6.3624,2.5416,9.2837,412.0,14535.0,2330.1094
1916,9.2383,7.6697,2.8074,6.9072,397.0,11899.0,2330.1094
1917,6.9499,6.4606,2.146,9.5776,433.0,15747.0,2330.1094
1918,9.5591,6.2452,2.3923,8.1174,436.0,68059.0,2330.1094
1919,8.0575,8.1255,2.3293,11.5013,437.0,14063.0,2330.1094
1920,11.6748,6.1075,2.658,10.548,436.0,14051.0,2330.1094
1921,10.403,6.1075,3.1382,8.6813,434.0,14049.0,2330.1094
1922,8.6287,7.1636,2.0346,7.0207,434.0,21117.0,2330.1094
1923,7.1375,6.6495,2.1147,9.4562,434.0,19758.0,2330.1094
1924,9.345,6.6495,2.2271,7.4073,434.0,18254.0,2330.1094
1925,7.4266,6.0135,2.2669,8.5359,433.0,18134.0,2330.1094
1926,8.5637,7.6833,2.2641,6.716,432.0,16952.0,2330.1094
1927,6.7788,5.8453,2.1884,9.0105,436.0,18361.0,2330.1094
1928,8.9322,8.1552,2.4061,6.7472,432.0,16833.0,2330.1094
1929,6.7278,5.816,2.0587,7.4422,416.0,13245.0,2330.1094
1930,7.5074,8.3799,2.1081,7.7238,434.0,14545.0,2330.1094
1931,7.6814,6.1795,1.6816,8.6062,403.0,12307.0,2330.1094
1932,8.5897,8.3817,2.5374,6.8785,411.0,12783.0,2330.1094
1933,6.8757,7.2612,1.9627,9.3773,432.0,14047.0,2330.1094
1934,9.4576,5.9079,2.6796,7.7827,436.0,16835.0,2330.1094
1935,7.7058,5.9079,2.4934,9.4435,436.0,22403.0,2330.1094
1936,9.5344,6.232,2.3219,7.8031,437.0,14063.0,2330.1094
1937,7.7511,6.232,1.7812,9.0461,434.0,14049.0,2330.1094
1938,9.0412,5.8317,2.1647,7.4374,434.0,14049.0,2330.1094
1939,7.5125,5.8317,2.2561,9.6652,435.0,15301.0,2330.1094
1940,9.6041,5.7934,2.211,7.6958,432.0,19567.0,2330.1094
1941,7.6301,5.7934,2.1082,8.0362,432.0,21039.0,2330.1094
1942,8.0694,6.2545,2.2973,8.6928,432.0,21039.0,2330.1094
1943,8.638,6.2545,1.8999,9.2726,433.0,18475.0,2330.1094
1944,9.3778,8.2521,2.2407,6.6989,432.0,23441.0,2330.1094
1945,6.5953,5.8872,2.0012,8.3913,440.0,21531.0,2330.1094
1946,8.4774,5.9097,2.207,7.8455,435.0,25101.0,2330.1094
1947,7.8623,5.9097,2.1053,8.0381,412.0,14703.0,2330.1094
1948,8.0581,8.3006,2.4198,8.0458,397.0,11899.0,2330.1094
1949,8.0435,6.2641,2.2254,8.4778,398.0,12007.0,2330.1094
1950,8.4067,8.3266,2.1906,7.7713,401.0,11903.0,2330.1094
1951,7.7554,5.9062,1.9288,7.7939,417.0,15119.0,2330.1094
1952,7.8435,8.1517,2.1978,7.7456,436.0,14051.0,2330.1094
1953,7.6934,6.0064,2.2344,7.2226,435.0,26953.0,2330.1094
1954,7.3299,5.8827,2.4489,8.4143,434.0,19617.0,2330.1094
1955,8.3065,7.0662,2.143,7.6395,434.0,29793.0,2330.1094
1956,7.7799,6.0326,2.1832,7.8151,432.0,38119.0,2330.1094
1957,7.6838,7.4628,2.0629,7.1972,432.0,15689.0,2330.1094
1958,7.2786,6.0025,2.2249,8.0618,433.0,14059.0,2330.1094
1959,8.0088,8.1538,2.3642,7.4609,433.0,18483.0,2330.1094
1960,7.4562,5.9028,1.8056,8.4631,408.0,14199.0,2330.1094
1961,8.5304,8.1426,2.1995,8.0135,432.0,17423.0,2330.1094
1962,7.9663,6.3077,2.1961,8.1604,433.0,14059.0,2330.1094
1963,8.153,8.3489,2.4888,7.6143,432.0,14047.0,2330.1094
1964,7.5845,6.0331,2.048,8.081,432.0,17759.0,2330.1094
1965,8.1915,5.8545,2.3771,7.6802,434.0,15927.0,2330.1094
1966,7.5543,5.8545,2.3507,8.1967,436.0,14051.0,2330.1094
1967,8.2657,6.2505,2.3131,8.1722,436.0,17763.0,2330.1094
1968,8.1292,6.2505,2.0635,8.2792,436.0,15907.0,2330.1094
1969,8.3907,7.8493,2.351,7.7313,445.0,36085.0,2330.1094
1970,7.6351,6.0847,2.1247,8.2986,434.0,26059.0,2330.1094
1971,8.3916,7.3569,2.1674,7.4946,434.0,28637.0,2330.1094
1972,7.4318,6.5721,2.1423,8.1616,432.0,19313.0,2330.1094
1973,8.1994,6.5721,2.1785,8.0514,432.0,14047.0,2330.1094
1974,8.0718,6.9017,2.0048,7.7801,432.0,14047.0,2330.1094
1975,7.8221,6.759,2.3385,7.8275,433.0,17771.0,2330.1094
1976,7.6859,6.9487,2.0995,6.7551,432.0,14047.0,2330.1094
1977,6.885,5.9066,2.4568,7.9045,432.0,22417.0,2330.1094
1978,7.8445,7.5458,2.3043,7.7585,433.0,16197.0,2330.1094
1979,7.7331,5.9308,2.3833,8.1204,432.0,15563.0,2330.1094
1980,8.1249,7.97,2.2647,7.5381,433.0,14431.0,2330.1094
1981,7.5651,6.1937,1.8134,8.7447,432.0,14047.0,2330.1094
1982,8.714,8.212,2.0591,7.0316,436.0,33798.0,2330.1094
1983,7.0036,5.907,1.9622,8.3371,437.0,14063.0,2330.1094
1984,8.3285,8.1546,1.9998,7.4558,437.0,14783.0,2330.1094
1985,7.4412,5.9099,1.7747,9.1989,434.0,12273.0,2330.1094
1986,9.3793,8.2797,2.4778,7.4362,435.0,12333.0,2330.1094
1987,7.4016,6.2118,2.2313,8.774,434.0,15165.0,2330.1094
1988,8.7321,5.8692,2.1944,7.2746,436.0,17789.0,2330.1094
1989,7.2192,5.8692,2.1139,7.8041,435.0,18010.0,2330.1094
1990,7.8379,8.3483,2.7083,7.7894,432.0,14047.0,2330.1094
1991,7.7506,5.8575,2.1202,7.7604,435.0,19730.0,2330.1094
1992,7.8188,5.8575,2.3994,8.267,435.0,29615.0,2330.1094
1993,8.1849,7.6801,2.2582,7.1787,434.0,22563.0,2330.1094
1994,7.306,6.0934,2.2936,7.8727,434.0,27495.0,2330.1094
1995,7.7521,7.5032,2.2868,7.0816,433.0,20811.0,2330.1094
1996,7.0145,6.026,1.9037,8.3855,433.0,23871.0,2330.1094
1997,8.5283,8.1301,2.107,7.2655,433.0,28627.0,2330.1094
1998,7.163,5.8648,1.8562,7.9872,421.0,16807.0,2330.1094
1999,8.143,8.0866,2.0937,7.9581,430.0,16835.0,2330.1094
2000,7.8499,6.2453,2.1308,8.7974,400.0,11891.0,2330.1094
2001,8.8266,8.6656,2.3683,7.1212,402.0,12081.0,2330.1094
2002,7.0552,5.9286,1.9167,8.4228,398.0,11889.0,2330.1094
2003,8.4625,5.9289,2.1128,8.0625,435.0,16581.0,2330.1094
2004,8.0659,5.9289,2.1093,8.6003,414.0,13275.0,2330.1094
2005,8.7338,6.2117,2.4399,8.4313,396.0,11887.0,2330.1094
2006,8.3171,6.2117,2.1575,7.9122,400.0,13195.0,2330.1094
2007,7.8828,8.0688,2.0368,7.2616,396.0,11887.0,2330.1094
2008,7.2979,5.886,2.3653,7.8221,432.0,14047.0,2330.1094
2009,7.8383,7.6612,2.2854,7.8964,432.0,14047.0,2330.1094
2010,7.8657,5.9009,2.2178,8.9951,432.0,14047.0,2330.1094
2011,9.0586,5.9009,2.6602,9.2001,432.0,14735.0,2330.1094
2012,9.2076,7.0005,2.4413,9.4155,433.0,14747.0,2330.1094
2013,9.3815,5.8346,2.0293,7.3069,408.0,12607.0,2330.1094
2014,7.2378,5.8346,1.9776,8.2638,401.0,11903.0,2330.1094
2015,8.3421,8.1493,2.3014,7.865,400.0,11891.0,2330.1094
2016,7.8512,5.9263,2.3791,8.6793,405.0,12191.0,2330.1094
2017,8.646,7.5628,2.3295,7.8572,398.0,11889.0,2330.1094
2018,7.9097,6.1989,2.26,8.3074,414.0,14537.0,2330.1094
2019,8.3221,7.5211,2.3994,7.7219,398.0,11889.0,2330.1094
2020,7.7186,6.5257,2.3171,9.0412,432.0,15735.0,2330.1094
2021,9.0361,6.9785,2.4137,9.7352,432.0,68055.0,2330.1094
2022,9.787,6.9565,2.655,9.9406,432.0,14047.0,2330.1094
2023,9.889,6.8081,2.4569,10.3178,432.0,14047.0,2330.1094
2024,10.4022,6.8081,3.1148,10.5236,433.0,14059.0,2330.1094
2025,10.5238,6.9062,2.7908,9.7382,432.0,21115.0,2330.1094
2026,9.7387,6.9062,2.6988,7.9753,432.0,19756.0,2330.1094
2027,7.8256,7.9598,2.0606,8.7163,433.0,18242.0,2330.1094
2028,9.2752,7.4958,3.2698,7.7313,434.0,18146.0,2330.1094
2029,7.2054,6.2138,2.0934,7.7404,432.0,16952.0,2330.1094
2030,7.8449,7.3585,2.2109,8.1558,438.0,18341.0,2330.1094
2031,8.0273,6.0976,2.0691,8.2025,435.0,16825.0,2330.1094
2032,8.3032,6.0976,2.7573,8.1471,423.0,13429.0,2330.1094
2033,8.0725,6.0099,2.2951,7.8658,434.0,14523.0,2330.1094
2034,8.1123,6.0099,2.4633,8.2389,402.0,12129.0,2330.1094
2035,7.9425,7.5187,2.0513,7.4658,412.0,12773.0,2330.1094
2036,7.5905,6.0895,2.2035,9.5456,432.0,14047.0,2330.1094
2037,9.5284,7.643,2.286,7.4801,432.0,16831.0,2330.1094
2038,7.5215,5.8724,3.0154,9.061,432.0,22399.0,2330.1094
2039,8.9958,7.5103,2.6187,7.2318,432.0,14047.0,2330.1094
2040,7.2963,5.9063,2.7704,8.8534,432.0,14047.0,2330.1094
2041,8.7562,7.8331,2.225,7.2442,432.0,14047.0,2330.1094
2042,7.2668,6.089,2.2752,8.3669,432.0,15287.0,2330.1094
2043,8.4229,8.5351,2.2535,7.5305,432.0,19567.0,2330.1094
2044,7.3982,5.8599,2.3761,8.3293,432.0,21039.0,2330.1094
2045,8.4323,7.5878,2.4623,7.2486,432.0,21039.0,2330.1094
2046,7.1817,5.8107,2.0065,8.0206,436.0,18467.0,2330.1094
2047,8.0576,6.2673,2.2432,8.4188,436.0,23445.0,2330.1094
2048,8.4175,6.2673,2.0613,8.74,444.0,21535.0,2330.1094
2049,8.7367,5.9391,2.5346,7.65,437.0,25103.0,2330.1094
2050,7.7073,5.9391,2.4516,8.5469,414.0,14705.0,2330.1094
2051,8.5512,8.3411,2.2408,6.8333,399.0,11901.0,2330.1094
2052,6.7174,5.9336,1.9579,7.9049,398.0,12007.0,2330.1094
2053,7.9422,8.1478,2.0543,7.6526,396.0,11887.0,2330.1094
2054,7.5992,6.1653,1.9897,7.4278,413.0,15115.0,2330.1094
2055,7.5537,7.313,2.0497,7.6408,432.0,14047.0,2330.1094
2056,7.6531,7.0039,2.352,7.2374,432.0,26939.0,2330.1094
2057,7.232,6.016,2.2874,8.5621,433.0,19627.0,2330.1094
2058,8.505,8.0825,2.335,6.1618,432.0,29791.0,2330.1094
2059,6.2173,5.8702,2.6335,9.6173,432.0,38119.0,2330.1094
2060,9.584,8.8627,2.5009,7.3219,432.0,15689.0,2330.1094
2061,7.3379,8.2166,2.2879,9.7002,432.0,14047.0,2330.1094
2062,9.7493,8.2166,2.4237,7.3546,438.0,18499.0,2330.1094
2063,7.3095,6.1876,2.8169,8.4153,412.0,14203.0,2330.1094
2064,8.3895,8.7305,2.4788,8.0279,437.0,17439.0,2330.1094
2065,8.0523,5.8702,2.8165,8.9571,434.0,14049.0,2330.1094
2066,8.9136,8.0546,2.739,7.3926,435.0,14061.0,2330.1094
2067,7.3999,6.2108,2.1004,9.1106,435.0,17773.0,2330.1094
2068,9.1135,8.4142,2.7179,7.4172,433.0,15915.0,2330.1094
2069,7.4431,5.9986,2.2312,8.5673,432.0,14047.0,2330.1094
2070,8.5228,8.3353,2.4704,6.9573,433.0,17771.0,2330.1094
2071,6.9635,5.8787,1.7428,8.6589,433.0,15915.0,2330.1094
2072,8.812,6.2552,2.2185,7.9401,444.0,36095.0,2330.1094
2073,7.8794,6.2552,2.0218,8.5,432.0,26057.0,2330.1094
2074,8.443,8.1506,2.2295,7.537,433.0,28647.0,2330.1094
2075,7.5457,6.0365,2.07,8.8517,432.0,19313.0,2330.1094
2076,8.8898,5.9122,2.3382,7.6694,432.0,14047.0,2330.1094
2077,7.6372,5.9122,1.9053,7.3235,432.0,14047.0,2330.1094
2078,7.3406,6.4743,2.092,9.1311,436.0,17763.0,2330.1094
2079,9.0327,6.4743,1.8084,8.1727,436.0,14051.0,2330.1094
2080,8.2432,6.0133,2.1821,8.0822,436.0,22421.0,2330.1094
2081,8.087,6.0133,2.1846,7.4312,435.0,16199.0,2330.1094
2082,7.5095,8.1846,2.3468,7.9693,434.0,15565.0,2330.1094
2083,7.8528,6.5391,1.9779,7.9286,434.0,14421.0,2330.1094
2084,8.0162,6.7167,2.2402,8.6734,433.0,14059.0,2330.1094
2085,8.6695,6.722,2.3482,8.5648,433.0,33806.0,2330.1094
2086,8.5526,6.0204,2.4669,8.9164,433.0,14059.0,2330.1094
2087,8.8389,6.0204,2.3023,7.7719,432.0,14767.0,2330.1094
2088,7.8534,7.9897,2.2276,7.8006,432.0,12271.0,2330.1094
2089,7.6821,5.8523,2.0902,7.0293,432.0,12319.0,2330.1094
2090,7.1439,6.5387,2.2144,10.2346,432.0,15163.0,2330.1094
2091,10.1928,6.5387,2.291,8.1457,436.0,17789.0,2330.1094
2092,8.2817,6.6559,2.5754,8.5862,434.0,17998.0,2330.1094
2093,8.4362,6.6559,2.2325,7.5256,432.0,14047.0,2330.1094
2094,7.6813,6.1334,2.5868,8.4768,439.0,19734.0,2330.1094
2095,8.345,6.1057,2.2441,8.5284,439.0,29619.0,2330.1094
2096,8.5873,6.1057,2.4056,8.5403,437.0,22555.0,2330.1094
2097,8.4733,6.8307,2.1109,8.2663,436.0,27497.0,2330.1094
2098,8.3108,6.61,2.3369,7.9355,434.0,20801.0,2330.1094
2099,7.9453,6.5162,2.1101,6.8795,435.0,23873.0,2330.1094
2100,6.9796,5.872,2.2292,7.6971,433.0,28627.0,2330.1094
2101,7.542,7.5823,2.1085,6.8467,417.0,16803.0,2330.1094
2102,6.8414,5.8788,2.444,9.0414,425.0,16819.0,2330.1094
2103,9.0959,7.8619,2.9771,7.6033,398.0,11911.0,2330.1094
2104,7.521,6.0622,2.3316,8.3391,399.0,12067.0,2330.1094
2105,8.3806,7.6198,2.3415,7.5908,397.0,11899.0,2330.1094
2106,7.5312,5.8049,2.0137,7.8618,433.0,16579.0,2330.1094
2107,7.9473,7.8668,2.0256,7.3485,414.0,13275.0,2330.2344
2108,7.3047,5.9075,1.9728,8.231,396.0,11887.0,2330.2344
2109,8.2748,8.1496,2.1784,7.6174,400.0,13195.0,2330.2344
2110,7.5436,6.2248,2.2497,8.2822,400.0,11891.0,2330.2344
2111,8.5708,8.2967,2.3245,7.672,437.0,14063.0,2330.2344
2112,7.4231,5.889,2.1749,8.9668,437.0,14063.0,2330.2344
2113,9.1226,5.9325,2.2671,7.9121,434.0,14049.0,2330.2344
2114,7.7957,7.2664,2.3313,8.5416,434.0,14737.0,2330.2344
2115,8.6081,6.1615,2.1062,8.0979,434.0,14737.0,2330.2344
2116,8.0732,6.1615,1.9673,8.0026,408.0,12607.0,2330.2344
2117,7.9571,6.6861,2.0196,7.2437,396.0,11887.0,2330.2344
2118,7.2602,5.914,1.7755,7.7253,396.0,11887.0,2330.2344
2119,7.71,5.914,1.9932,7.7567,402.0,12199.0,2330.2344
2120,7.7275,7.1812,2.0923,6.7604,396.0,11887.0,2330.2344
2121,6.7883,5.8206,2.1067,7.7681,413.0,14547.0,2330.2344
2122,7.7356,8.5067,2.3792,7.8252,396.0,11887.0,2330.2344
2123,7.7779,6.0648,1.7686,8.2032,432.0,15735.0,2330.2344
2124,8.2985,7.9398,2.2493,7.3771,432.0,68055.0,2330.2344
2125,7.3146,5.9738,1.7244,7.8713,433.0,14059.0,2330.2344
2126,7.9504,8.0785,2.1756,7.7049,436.0,14051.0,2330.2344
2127,7.7143,5.9249,2.2482,8.3609,436.0,14051.0,2330.2344
2128,8.406,8.2614,2.5384,7.8346,436.0,21119.0,2330.2344
2129,7.7415,6.2229,2.2584,8.1745,434.0,19758.0,2330.2344
2130,8.3052,7.7828,2.1814,7.5849,435.0,18244.0,2330.2344
2131,7.4947,6.5609,2.1347,8.0296,436.0,18148.0,2330.2344
2132,8.1435,6.5609,2.1264,7.8035,433.0,16964.0,2330.2344
2133,7.6495,5.8827,1.7449,6.4752,435.0,18349.0,2330.2344
2134,6.5475,5.885,2.4911,9.1532,432.0,16881.0,2330.2344
2135,9.0985,7.9093,2.7848,7.029,432.0,14205.0,2330.2344
2136,7.0807,6.0542,2.9144,8.4286,423.0,13981.0,2330.2344
2137,8.345,7.9907,2.2315,6.8238,410.0,12771.0,2330.2344
2138,6.8592,6.0654,1.9976,8.7838,432.0,14047.0,2330.2344
2139,8.8049,8.3175,2.4959,7.1132,432.0,16831.0,2330.2344
2140,7.1143,5.9126,2.0258,8.5432,433.0,22411.0,2330.2344
2141,8.5566,8.0331,2.1074,7.1114,432.0,14047.0,2330.2344
2142,7.0849,6.221,1.9511,8.3369,436.0,14051.0,2330.2344
2143,8.388,6.1107,2.1083,8.4587,436.0,14051.0,2330.2344
2144,8.4501,6.1107,2.2775,8.4904,438.0,15315.0,2330.2344
2145,8.4579,7.4713,2.2684,7.1048,434.0,19569.0,2330.2344
2146,7.0918,5.9441,1.8761,7.896,434.0,21041.0,2330.2344
2147,8.0156,7.7317,2.2474,8.0705,435.0,21053.0,2330.2344
2148,7.997,6.8898,2.328,8.5341,432.0,18463.0,2330.2344
2149,8.6401,7.5082,2.4645,7.8476,432.0,23441.0,2330.2344
2150,8.0591,6.0831,2.7191,7.2413,440.0,21531.0,2330.2344
2151,7.0075,6.275,2.2183,8.3772,435.0,25101.0,2330.2344
2152,8.3966,7.2026,2.3133,7.1808,412.0,14703.0,2330.2344
2153,7.1905,5.9996,2.4554,8.9805,396.0,11887.0,2330.2344
2154,8.8363,8.1148,2.3849,6.5111,398.0,12007.0,2330.2344
2155,6.5735,6.1286,2.6363,8.6071,396.0,11887.0,2330.2344
2156,8.5701,7.8191,2.4428,6.9422,413.0,15115.0,2330.2344
2157,6.8988,5.9445,2.0615,8.9534,432.0,14047.0,2330.2344
2158,8.9824,5.9142,2.397,8.3123,436.0,26943.0,2330.2344
2159,8.2707,8.2243,1.9745,9.5331,436.0,19619.0,2330.2344
2160,9.6755,8.2243,2.6018,7.7895,436.0,29795.0,2330.2344
2161,7.8269,6.2781,2.6028,9.9306,434.0,38121.0,2330.2344
2162,9.859,5.8773,2.6493,8.5457,434.0,15691.0,2330.2344
2163,8.5914,5.8773,2.7399,9.1406,434.0,14049.0,2330.2344
2164,9.11,5.9494,2.6062,8.7583,432.0,18471.0,2330.2344
2165,8.7059,7.1932,2.4313,9.3426,407.0,14187.0,2330.2344
2166,9.4304,6.6547,2.5718,8.5765,432.0,17423.0,2330.2344
2167,8.4745,6.6547,2.1785,7.7036,433.0,14059.0,2330.2344
2168,7.7299,6.5641,2.1952,8.8128,432.0,14047.0,2330.2344
2169,8.8518,6.4265,2.4443,8.0881,432.0,17759.0,2330.2344
2170,8.0134,6.4265,1.9906,7.7179,432.0,15903.0,2330.2344
2171,7.8352,6.3861,2.288,8.3391,433.0,14059.0,2330.2344
2172,8.3024,6.6046,2.3924,9.2115,432.0,17759.0,2330.2344
2173,9.2812,6.6046,2.2264,7.9257,432.0,15903.0,2330.2344
2174,7.7684,6.6006,2.1484,8.1463,447.0,36087.0,2330.2344
2175,8.2751,7.0522,2.375,7.4755,436.0,26061.0,2330.2344
2176,7.3274,6.0011,2.1586,7.5345,436.0,28639.0,2330.2344
2177,7.6056,6.0011,2.1133,8.4329,435.0,19327.0,2330.2344
2178,8.5066,8.038,2.3319,7.679,435.0,14061.0,2330.2344
2179,7.7341,6.0364,2.4389,8.6223,434.0,14049.0,2330.2344
2180,8.4541,7.7737,2.2654,6.3715,432.0,17759.0,2330.2344
2181,6.3837,5.9049,2.2067,8.1869,433.0,14059.0,2330.2344
2182,8.1648,8.1386,2.1707,7.6234,433.0,22429.0,2330.2344
2183,7.5768,5.9127,1.961,7.8317,432.0,16185.0,2330.2344
2184,7.8884,8.2218,2.3824,8.5091,432.0,15563.0,2330.2344
2185,8.6162,6.2417,2.1009,8.8994,432.0,14419.0,2330.2344
2186,8.7813,5.9169,2.6469,7.4952,432.0,14047.0,2330.2344
2187,7.5205,5.9169,2.1863,8.5185,432.0,33794.0,2330.2344
2188,8.5538,8.3996,2.1215,7.4401,432.0,14047.0,2330.2344
2189,7.3491,5.8993,1.9816,8.1314,432.0,14767.0,2330.2344
2190,8.2265,6.2861,2.2604,8.4934,436.0,12275.0,2330.2344
2191,8.4312,6.2861,2.2948,8.2201,436.0,12323.0,2330.2344
2192,8.2396,8.3775,2.2426,7.6526,436.0,15167.0,2330.2344
2193,7.7094,5.9434,2.0992,8.2189,439.0,17803.0,2330.2344
2194,8.1931,8.3002,2.2126,7.0766,436.0,18000.0,2330.2344
2195,7.0303,5.824,1.8902,6.8153,435.0,14061.0,2330.2344
2196,6.9509,6.6148,2.0962,8.7826,436.0,19742.0,2330.2344
2197,8.6342,8.0267,2.2746,6.6918,435.0,29615.0,2330.2344
2198,6.7985,6.0766,2.1552,8.1879,433.0,22551.0,2330.2344
2199,8.1,7.7643,1.9994,7.2497,435.0,27507.0,2330.2344
2200,7.2297,6.0299,2.1277,7.8001,432.0,20799.0,2330.2344
2201,7.8187,8.4788,2.2672,7.971,433.0,23871.0,2330.2344
2202,7.949,5.8727,1.8398,8.7145,434.0,28639.0,2330.2344
2203,8.8467,8.2493,2.3113,7.224,418.0,16863.0,2330.2344
2204,7.1251,6.2178,2.042,8.6473,424.0,16759.0,2330.2344
2205,8.6903,8.4683,2.0935,7.3138,397.0,11899.0,2330.2344
2206,7.3636,6.0821,2.2199,8.4824,404.0,12083.0,2330.2344
2207,8.4535,8.0475,2.4607,7.1805,400.0,11891.0,2330.2344
2208,7.1639,7.5588,2.2366,8.8883,436.0,16571.0,2330.2344
2209,8.9781,7.5588,2.2214,6.9296,416.0,13277.0,2330.2344
2210,6.7341,6.2291,1.7979,7.7014,398.0,11889.0,2330.2344
2211,7.8533,6.8702,2.0701,7.7058,402.0,13197.0,2330.2344
2212,7.5529,6.5196,1.8174,6.0105,397.0,11899.0,2330.2344
2213,6.0417,5.8558,1.969,8.5778,433.0,14059.0,2330.2344
2214,8.6018,7.7064,2.349,7.3291,433.0,14059.0,2330.2344
2215,7.4415,5.8773,2.4153,8.1847,433.0,14059.0,2330.2344
2216,8.0827,8.5316,2.0188,7.6243,432.0,14735.0,2330.2344
2217,7.6165,6.0174,1.6127,8.141,432.0,14735.0,2330.2344
2218,8.1788,5.8933,1.7103,8.4872,408.0,12607.0,2330.2344
2219,8.5019,5.8933,1.9382,7.5758,396.0,11887.0,2330.2344
2220,7.5383,8.1939,2.1805,7.4989,396.0,11887.0,2330.2344
2221,7.4305,5.8587,1.9644,7.3981,401.0,12187.0,2330.2344
2222,7.5656,8.2673,1.9331,8.2051,401.0,11903.0,2330.2344
2223,8.2064,6.152,2.0861,7.4335,416.0,14539.0,2330.2344
2224,7.3657,7.291,2.1107,8.6777,400.0,11891.0,2330.2344
2225,8.6468,5.8677,2.0533,7.6312,435.0,15749.0,2330.2344
2226,7.7379,6.6258,2.4724,7.6917,434.0,68057.0,2330.2344
2227,7.6045,7.6095,2.1666,6.6629,434.0,14049.0,2330.2344
2228,6.7202,5.9467,2.2715,9.6264,434.0,14071.0,2330.2344
2229,9.625,7.5488,2.4972,6.4938,433.0,14059.0,2330.2344
2230,6.4853,6.0761,2.3798,7.299,432.0,21115.0,2330.2344
2231,7.2329,8.2969,1.9754,8.0081,434.0,19780.0,2330.2344
2232,7.9969,6.0447,1.8761,8.0212,433.0,18242.0,2330.2344
2233,8.0439,8.1055,2.1134,7.0996,433.0,18134.0,2330.2344
2234,7.0539,5.9433,1.9864,7.8317,432.0,16952.0,2330.2344
2235,8.0054,8.1862,2.1353,8.2255,434.0,18337.0,2330.2344
2236,8.1625,6.2745,2.3401,8.8206,432.0,16881.0,2330.2344
2237,8.8331,8.7574,2.2967,7.8458,432.0,14205.0,2330.2344
2238,7.8247,6.1306,2.1646,8.0026,427.0,13985.0,2330.2344
2239,8.0804,7.293,2.207,7.2321,414.0,12775.0,2330.2344
2240,7.0576,6.2001,1.9371,7.6422,436.0,14051.0,2330.2344
2241,7.7539,6.2001,2.1873,8.4394,434.0,16833.0,2330.2344
2242,8.3939,5.9767,1.9287,8.0043,435.0,22413.0,2330.2344
2243,8.0752,5.9767,2.4812,7.5416,434.0,14049.0,2330.2344
2244,7.5647,7.4632,2.7197,7.6421,441.0,14911.0,2330.2344
2245,7.6144,5.9695,2.326,9.0128,440.0,14143.0,2330.2344
2246,8.923,8.0354,2.2215,7.7589,440.0,15383.0,2330.2344
2247,7.9156,8.2502,2.7104,10.6605,440.0,19663.0,2330.2344
2248,10.6401,7.5885,3.5917,10.0617,440.0,21135.0,2330.2344
2249,9.9675,6.8005,2.4685,9.4021,440.0,21135.0,2330.2344
2250,9.4423,8.0286,2.3858,11.9968,440.0,18559.0,2330.2344
2251,12.0384,6.2786,2.5647,9.3647,440.0,23537.0,2330.2344
2252,9.3315,6.998,2.8674,9.5077,448.0,21627.0,2330.2344
2253,9.4992,7.6418,2.4901,10.1022,443.0,25197.0,2330.2344
2254,10.1092,6.2623,2.8152,8.8018,426.0,14827.0,2330.2344
2255,8.7801,6.2623,2.6196,10.0711,409.0,11999.0,2330.2344
2256,10.177,6.1748,2.8502,8.3719,410.0,12107.0,2330.2344
2257,8.3591,6.1748,2.5715,10.249,406.0,11985.0,2330.2344
2258,10.2712,6.4477,3.0639,9.5029,423.0,15213.0,2330.2344
2259,9.4339,7.8946,2.8842,10.5252,443.0,14157.0,2330.2344
2260,10.5001,7.9969,2.6569,9.8371,440.0,27035.0,2330.2344
2261,9.8445,6.1767,2.1759,8.1926,441.0,19723.0,2330.2344
2262,8.1301,6.1767,2.2066,8.8868,441.0,29899.0,2330.2344
2263,8.9311,6.5054,2.6854,8.5916,440.0,38215.0,2330.2344
2264,9.443,6.5054,4.2519,10.4585,440.0,15785.0,2330.2344
2265,9.6684,6.4947,2.7767,8.8758,440.0,14143.0,2330.2344
2266,9.0289,7.6505,3.2146,11.0929,440.0,18567.0,2330.2344
2267,10.8848,7.2165,2.7446,10.4565,329.0,23781.0,2330.2344
2268,10.5395,7.2165,2.6927,8.1265,274.0,19027.0,2330.2344
2269,8.0595,7.3363,2.5747,9.4628,279.0,15855.0,2330.2344
2270,9.4759,6.4671,2.4289,8.486,310.0,15791.0,2330.2344
2271,8.4438,6.4671,2.0597,8.7751,308.0,15767.0,2330.2344
2272,8.8222,6.5373,2.7931,9.3384,307.0,16683.0,2330.2344
2273,9.3674,6.5373,3.0889,9.2691,306.0,18549.0,2330.2344
2274,9.237,6.6281,2.845,9.319,306.0,17621.0,2330.2344
2275,9.3542,6.6281,2.636,9.6049,305.0,15753.0,2330.2344
2276,9.563,7.2302,2.9901,13.2347,304.0,19475.0,2330.2344
2277,13.5933,6.9339,3.9967,12.4858,303.0,18287.0,2330.2344
2278,12.3144,8.0632,4.6506,15.6079,315.0,35431.0,2330.2344
2279,15.5972,7.2952,4.8596,12.7064,306.0,29635.0,2330.2344
2280,12.575,9.3269,3.7489,12.1828,304.0,28669.0,2330.2344
2281,12.1739,6.5491,3.3847,9.942,305.0,20885.0,2330.2344
2282,10.0311,6.6011,2.9091,10.6578,304.0,15763.0,2330.2344
2283,10.638,9.0459,2.9867,12.3352,304.0,16227.0,2330.2344
2284,12.3831,6.8695,3.5206,11.0619,304.0,19011.0,2330.2344
2285,11.0475,6.4885,3.325,10.8058,306.0,15787.0,2330.2344
2286,10.6769,9.0472,3.0876,11.8247,308.0,24137.0,2330.2344
2287,11.8057,6.9898,3.2719,9.0755,308.0,17905.0,2330.2344
2288,9.1259,7.0781,2.7502,11.1479,309.0,17295.0,2330.2344
2289,11.2156,8.843,3.8801,12.4521,308.0,16161.0,2330.2344
2290,12.4525,7.1508,3.6149,11.251,305.0,24216.0,2330.2344
2291,11.6434,7.0906,3.0619,11.2388,306.0,27049.0,2330.2344
2292,11.0271,8.4768,4.1702,12.4242,304.0,16579.0,2330.2344
2293,12.2759,8.2317,3.5856,11.3643,303.0,14503.0,2330.2344
2294,11.2857,6.939,2.879,10.2762,303.0,14023.0,2330.2344
2295,10.3447,8.9893,3.3119,10.8971,305.0,15237.0,2330.2344
2296,10.8855,7.4913,3.4556,11.4921,306.0,18664.0,2330.2344
2297,11.5241,7.4913,4.0133,7.8127,308.0,20433.0,2330.2344
2298,7.706,8.2985,2.3183,10.366,305.0,16927.0,2330.2344
2299,10.3882,6.547,2.6982,8.8171,307.0,17646.0,2330.2344
2300,8.8266,6.547,3.4688,9.9462,280.0,18075.0,2330.2344
2301,9.9195,6.5769,2.7268,9.0403,308.0,31343.0,2330.2344
2302,9.0061,6.5769,2.5762,9.8107,309.0,29203.0,2330.2344
2303,9.9177,7.1105,2.8556,9.9877,309.0,25867.0,2330.2344
2304,9.9292,6.5557,2.6771,9.7547,308.0,20923.0,2330.2344
2305,9.8918,8.5964,2.9652,12.9149,308.0,25601.0,2330.2344
2306,12.8473,7.0561,5.2125,14.8479,307.0,34049.0,2330.2344
2307,14.805,7.1993,3.845,11.4771,306.0,18957.0,2330.2344
2308,11.5188,7.1993,3.0024,9.4836,274.0,13963.0,2330.2344
2309,9.4792,8.8525,2.9616,11.2463,270.0,13627.0,2330.2344
2310,11.2506,6.6092,2.9931,9.1568,273.0,13807.0,2330.2344
2311,9.167,6.6092,3.2206,9.832,268.0,13603.0,2330.2344
2312,9.7968,6.525,3.1064,11.0442,303.0,18271.0,2330.2344
2313,11.1234,6.5477,2.9835,9.8417,285.0,14931.0,2330.2344
2314,9.7891,6.5477,2.693,10.408,268.0,13603.0,2330.2344
2315,10.7097,6.7237,3.9737,10.6909,272.0,14911.0,2330.2344
2316,10.3383,6.7237,3.1648,8.9454,267.0,13591.0,2330.2344
2317,8.9238,7.0034,2.8528,8.5238,305.0,15775.0,2330.2344
2318,8.5632,6.9189,2.7141,9.6948,308.0,15767.0,2330.2344
2319,9.7407,6.9189,2.9107,10.3546,307.0,15755.0,2330.2344
2320,10.3543,8.2841,2.4501,7.6526,308.0,17143.0,2330.2344
2321,7.475,8.837,1.883,11.8486,307.0,15777.0,2330.2344
2322,11.981,6.6212,2.5953,9.7299,278.0,14037.0,2330.2344
2323,9.7671,6.6212,2.9604,8.6275,270.0,13605.0,2330.2344
2324,8.5546,6.5014,3.0067,9.2749,267.0,13591.0,2330.2344
2325,9.4062,6.5014,2.9185,8.6072,273.0,13903.0,2330.2344
2326,8.4387,6.7856,2.5791,8.6122,269.0,13615.0,2330.2344
2327,8.7249,7.9287,2.8998,7.9719,283.0,16239.0,2330.2344
2328,7.8678,6.5314,2.3322,7.4703,268.0,13603.0,2330.2344
2329,7.5106,8.1428,2.4426,9.1648,305.0,17463.0,2330.2344
2330,9.093,7.3126,2.5065,8.4567,304.0,69771.0,2330.2344
2331,8.5007,8.6006,2.0783,7.5694,305.0,15775.0,2330.2344
2332,7.5252,6.6022,2.4292,8.9702,305.0,15775.0,2330.2344
2333,9.0406,7.2469,2.1736,8.1461,302.0,15691.0,2330.2344
2334,8.0757,7.0389,2.4271,9.3417,307.0,22823.0,2330.2344
2335,9.3966,7.1034,2.2423,7.6735,307.0,21464.0,2330.2344
2336,7.6241,6.5091,1.8057,8.0426,309.0,19962.0,2330.2344
2337,8.1037,8.2812,2.0835,8.8247,306.0,19840.0,2330.2344
2338,8.7509,7.0692,2.3345,8.0622,305.0,18658.0,2330.2344
2339,8.1145,8.7124,2.0578,8.2992,307.0,20199.0,2330.2344
2340,8.2353,6.4796,2.1272,7.0671,297.0,18069.0,2330.2344
2341,7.1008,7.6781,1.9966,9.2901,304.0,15921.0,2330.2344
2342,9.2701,7.0383,2.1903,7.5847,291.0,15505.0,2330.2344
2343,7.6414,8.06,2.235,9.7663,283.0,14499.0,2330.2344
2344,9.767,7.344,2.5813,8.945,305.0,16239.0,2330.2344
2345,8.9187,8.2035,2.3958,7.8816,304.0,18547.0,2330.2344
2346,7.8747,7.0491,2.243,7.9022,305.0,23663.0,2330.2344
2347,7.9866,6.5806,2.2495,9.613,304.0,15763.0,2330.2344
2348,9.5544,6.5806,2.4877,8.3217,303.0,15751.0,2330.2344
2349,8.349,8.8797,2.1916,8.2166,305.0,16395.0,2330.2344
2350,8.1884,6.5863,2.6417,9.9278,307.0,17479.0,2330.2344
2351,9.976,8.6105,2.4464,7.9565,308.0,22759.0,2330.2344
2352,7.8817,6.4969,2.2934,8.7785,308.0,22023.0,2330.2344
2353,8.808,8.8526,2.4812,8.2137,306.0,22389.0,2330.2344
2354,8.2204,6.5931,2.3329,8.789,306.0,22783.0,2330.2344
2355,8.7493,8.8085,2.1242,7.4796,308.0,22956.0,2330.2344
2356,7.5523,6.5452,1.9595,8.7907,317.0,27369.0,2330.2344
2357,8.8998,9.0223,2.2179,8.2015,288.0,20104.0,2330.2344
2358,8.0503,6.533,2.2204,8.3989,283.0,16407.0,2330.2344
2359,8.3864,8.5571,2.0126,6.9294,267.0,13591.0,2330.2344
2360,6.8837,6.4847,1.768,8.2257,271.0,13735.0,2330.2344
2361,8.3025,8.8083,2.2836,8.057,268.0,13603.0,2330.2344
2362,7.9613,6.4368,1.9,8.7308,286.0,16843.0,2330.2344
2363,8.8038,8.6452,2.091,7.6983,305.0,15775.0,2330.2344
2364,7.7686,6.5835,2.3111,8.8268,303.0,25267.0,2330.2344
2365,8.7512,8.4687,2.0629,7.8538,305.0,22871.0,2330.2344
2366,7.9237,6.4561,2.3004,8.2471,307.0,32779.0,2330.2344
2367,8.2202,8.6967,2.2101,9.1942,307.0,37019.0,2330.2344
2368,9.2222,6.661,2.3558,9.1479,308.0,17409.0,2330.2344
2369,9.1012,6.5442,2.4306,8.8614,307.0,15777.0,2330.2344
2370,8.8544,6.5442,2.1756,10.9286,300.0,19877.0,2330.2344
2371,11.0255,9.1666,2.6537,7.6161,306.0,21439.0,2330.2344
2372,7.5273,6.3929,2.7536,7.7313,286.0,15791.0,2330.2344
2373,7.7926,8.5512,2.4848,8.0979,273.0,18967.0,2330.2344
2374,7.9751,6.5738,1.9169,8.3193,278.0,15843.0,2330.2344
2375,8.3824,8.6528,2.3804,9.0613,305.0,15775.0,2330.2344
2376,9.0414,7.3011,2.5414,8.3418,303.0,15751.0,2330.2344
2377,8.3559,21.8058,2.4246,21.4277,305.0,16703.0,2330.2344
2378,21.4144,6.6293,2.1819,7.7385,304.0,18547.0,2330.2344
2379,7.7644,8.2174,2.1589,8.872,303.0,17607.0,2330.2344
2380,8.7714,6.4858,1.7971,8.1579,303.0,15751.0,2330.2344
2381,8.2639,8.8072,1.9994,8.3923,304.0,19475.0,2330.2344
2382,8.3855,6.5339,2.1977,8.2877,308.0,18303.0,2330.2344
2383,8.2688,8.868,2.2901,8.8335,318.0,35423.0,2330.2344
2384,8.8527,7.3375,2.1752,9.5049,307.0,29603.0,2330.2344
2385,9.6504,10.8112,2.5024,11.0255,307.0,28683.0,2330.2344
2386,11.0041,8.7037,3.123,11.0926,305.0,20863.0,2330.2344
2387,10.9878,8.7037,2.8402,8.4124,305.0,15753.0,2330.2344
2388,8.4424,6.8672,2.8176,10.3606,304.0,16227.0,2330.2344
2389,10.3519,6.8672,2.7447,9.6322,303.0,18999.0,2330.2344
2390,9.6774,6.7043,2.549,9.0012,303.0,15751.0,2330.2344
2391,8.9401,6.7043,2.3914,9.3693,306.0,24157.0,2330.2344
2392,9.3628,8.9607,2.794,7.7145,303.0,17889.0,2330.2344
2393,7.7829,6.7245,2.8604,9.3433,303.0,17267.0,2330.2344
2394,9.2547,6.6256,3.1902,8.6683,308.0,33783.0,2330.2344
2395,8.8985,6.6256,2.6964,9.7042,303.0,24214.0,2330.2344
2396,9.5355,9.1396,2.7717,8.864,305.0,27059.0,2330.2344
2397,8.9826,7.3891,2.652,9.2938,303.0,16567.0,2330.2344
2398,9.245,7.6807,2.5936,8.5496,309.0,14531.0,2330.2344
2399,8.5704,8.0257,2.6675,8.9796,307.0,14027.0,2330.2344
2400,8.8831,7.1187,2.2612,8.9233,307.0,15217.0,2330.2344
2401,8.9109,8.9029,2.2665,8.5561,309.0,18678.0,2330.2344
2402,8.5194,6.6315,2.2113,8.9918,310.0,20435.0,2330.2344
2403,9.0562,6.6259,2.5036,8.8295,305.0,16905.0,2330.2344
2404,8.802,6.6259,2.3166,9.2101,306.0,17634.0,2330.2344
2405,9.2043,8.5979,2.4848,7.8338,288.0,18875.0,2330.2344
2406,7.8035,6.5842,2.2077,9.7362,308.0,35907.0,2330.2344
2407,9.8533,8.7215,2.6438,7.2364,304.0,24255.0,2330.2344
2408,7.1226,6.5244,2.2368,8.6822,305.0,26231.0,2330.2344
2409,8.7049,8.8705,2.5357,8.0946,304.0,20551.0,2330.2344
2410,8.8487,6.5454,3.3232,9.4823,305.0,25955.0,2330.2344
2411,8.8324,6.5915,2.8981,9.0146,305.0,35275.0,2330.2344
2412,8.9675,6.5915,2.7805,8.7295,304.0,17359.0,2330.2344
2413,8.6643,8.1768,2.6308,7.5162,268.0,13603.0,2330.2344
2414,7.4619,6.5312,2.436,9.0777,274.0,13775.0,2330.2344
2415,9.173,8.7475,2.8686,8.5949,273.0,13619.0,2330.2344
2416,8.6859,6.6206,2.61,9.1084,309.0,18299.0,2330.2344
2417,8.9481,8.4756,2.2215,7.5308,286.0,14921.0,2330.2344
2418,7.6489,6.5673,3.0331,9.1636,270.0,13605.0,2330.2344
2419,9.1008,7.8534,2.1918,7.7586,274.0,14913.0,2330.2344
2420,7.8724,6.5095,2.5719,9.469,270.0,13627.0,2330.2344
2421,9.3398,8.0612,2.691,9.4385,303.0,15751.0,2330.2344
2422,9.5074,9.0227,2.5255,9.4616,303.0,15751.0,2330.2344
2423,9.4597,6.9326,2.2195,9.7553,304.0,15763.0,2330.2344
2424,9.765,6.6698,2.4027,8.4342,303.0,17127.0,2330.2344
2425,8.3985,6.6698,2.2357,9.3804,304.0,15763.0,2330.2344
2426,9.4071,8.7077,2.398,7.7038,275.0,14023.0,2330.2344
2427,7.6246,6.7362,2.1719,9.915,269.0,13615.0,2330.2344
2428,9.9807,9.3508,2.6933,8.2056,268.0,13603.0,2330.2344
2429,8.1166,7.2972,2.0627,8.9573,273.0,13903.0,2330.2344
2430,9.0197,8.9473,2.8841,8.3558,273.0,13619.0,2330.2344
2431,8.3281,6.4929,2.6531,8.0303,290.0,16279.0,2330.2344
2432,8.083,8.4198,3.0731,9.0704,271.0,13595.0,2330.2344
2433,9.1996,6.7756,2.8935,9.6293,305.0,17441.0,2330.2344
2434,9.461,8.9623,2.5565,8.9012,306.0,69773.0,2330.2344
2435,9.0074,7.2065,2.8897,9.4703,306.0,15765.0,2330.2344
2436,9.5128,7.563,2.9748,10.2861,305.0,15775.0,2330.2344
2437,10.1845,9.6715,2.5844,8.447,304.0,15715.0,2330.2344
2438,8.5066,7.5628,2.4225,10.0036,304.0,22831.0,2330.2344
2439,9.9921,7.281,2.7446,9.044,305.0,21484.0,2330.2344
2440,9.0234,7.281,3.0963,10.1152,304.0,19946.0,2330.2344
2441,10.0665,6.5308,3.1417,8.7183,305.0,19850.0,2330.2344
2442,8.9025,6.5308,3.0436,7.9745,303.0,18656.0,2330.2344
2443,7.7716,6.5825,2.5333,9.453,306.0,20209.0,2330.2344
2444,9.5315,7.2377,2.3439,9.8137,303.0,35741.0,2330.2344
2445,9.7669,7.2377,2.508,8.2736,303.0,15909.0,2330.2344
2446,8.2744,8.2554,2.5591,8.0647,296.0,15521.0,2330.2344
2447,8.0206,7.1195,2.3645,7.7069,285.0,14479.0,2330.2344
2448,7.7955,8.1005,2.3809,9.0092,308.0,16231.0,2330.2344
2449,8.9195,7.2633,2.1325,8.4017,307.0,18561.0,2330.2344
2450,8.4606,8.2453,2.2125,8.5399,310.0,23701.0,2330.2344
2451,8.4974,6.6348,2.3267,8.6698,305.0,15753.0,2330.2344
2452,8.7229,8.5466,2.0385,8.4216,304.0,15763.0,2330.2344
2453,8.4222,6.8674,2.1139,8.4461,304.0,16383.0,2330.2344
2454,8.5238,7.1823,2.3888,9.5589,304.0,17487.0,2330.2344
2455,9.539,7.1823,2.6196,8.8964,304.0,22755.0,2330.2344
2456,8.7885,6.6302,2.2077,9.6686,304.0,22019.0,2330.2344
2457,9.7204,6.6302,3.9756,11.9864,303.0,22375.0,2330.2344
2458,12.2145,6.897,3.1879,10.7034,304.0,22781.0,2330.2344
2459,10.619,6.8025,3.1203,12.4979,306.0,22954.0,2330.2344
2460,12.6916,9.1987,4.3294,11.6284,316.0,27357.0,2330.2344
2461,11.3739,7.7992,3.2941,10.8382,288.0,20104.0,2330.2344
2462,10.8795,6.7062,2.9142,10.8417,288.0,16423.0,2330.2344
2463,10.8153,6.7062,3.1773,9.4608,271.0,13595.0,2330.2344
2464,9.3829,8.297,2.4967,8.5726,274.0,13727.0,2330.2344
2465,8.5789,7.1206,2.4237,9.3385,270.0,13605.0,2330.2344
2466,9.285,7.1265,2.7485,11.2272,286.0,16821.0,2330.2344
2467,11.4971,6.7007,3.3648,9.4785,306.0,15765.0,2330.2344
2468,9.4602,9.3773,3.5745,12.5798,303.0,25267.0,2330.2344
2469,12.3919,7.4678,3.3887,10.4717,304.0,22859.0,2330.2344
2470,10.4897,7.3064,2.5769,9.1419,304.0,32787.0,2330.2344
2471,9.2833,9.0979,3.4737,11.1313,303.0,37015.0,2330.2344
2472,10.9407,9.0979,3.493,7.0046,305.0,17417.0,2330.2344
2473,7.0226,9.1032,2.3676,13.0075,304.0,15763.0,2330.2344
2474,13.0262,8.0743,2.8537,10.8879,300.0,19947.0,2330.2344
2475,10.943,6.6823,2.7746,12.6622,302.0,21365.0,2330.2344
2476,12.6599,6.6823,2.611,8.4336,287.0,15899.0,2330.2344
2477,8.2992,8.5278,2.4409,8.0161,272.0,18955.0,2330.2344
2478,8.1088,8.2473,2.5506,8.9274,284.0,16015.0,2330.2344
2479,8.878,7.2816,2.0627,7.5364,307.0,15755.0,2330.2344
2480,7.6085,7.2006,2.2331,9.0316,307.0,16683.0,2330.2344
2481,8.9515,6.8455,2.407,7.9371,307.0,15777.0,2330.2344
2482,7.9634,6.5518,2.4373,8.4951,306.0,18549.0,2330.2344
2483,8.4509,6.5566,2.04,10.1201,306.0,17621.0,2330.2344
2484,10.3867,7.8954,3.4627,11.0351,304.0,15763.0,2330.2344
2485,10.861,7.8954,4.0776,9.3208,305.0,21095.0,2330.2344
2486,9.2405,6.5866,3.6336,11.2397,303.0,17359.0,2330.2344
2487,11.6509,6.5866,3.0501,10.5019,314.0,36577.0,2330.2344
2488,10.1506,8.5287,3.2325,9.6945,304.0,29571.0,2330.2344
2489,9.6955,8.6838,2.6013,7.7315,306.0,27445.0,2330.2344
2490,7.8355,6.6142,2.4373,9.8453,303.0,20311.0,2330.2344
2491,9.7076,8.8359,2.6105,9.9189,304.0,15763.0,2330.2344
2492,10.1694,9.2695,3.5497,15.1256,305.0,16239.0,2330.2344
2493,15.2245,16.916,4.9709,15.4584,304.0,19011.0,2330.2344
2494,15.1717,8.8988,3.7783,12.2156,308.0,15767.0,2330.2344
2495,12.1675,8.8988,2.6442,7.6663,308.0,24137.0,2330.2344
2496,7.7663,6.9127,2.7193,9.0544,307.0,18357.0,2330.2344
2497,8.9436,8.91,2.6629,11.7368,309.0,16853.0,2330.2344
2498,11.8226,14.3902,2.9477,17.8575,306.0,18958.0,2330.2344
2499,17.9481,13.0303,3.1161,10.1708,307.0,24240.0,2330.2344
2500,10.0724,9.5724,2.6802,11.1421,304.0,24914.0,2330.2344
2501,11.131,6.7144,3.3545,9.1178,304.0,15795.0,2330.2344
2502,9.2086,6.7144,2.9695,9.3551,303.0,14359.0,2330.2344
2503,9.2372,7.8275,2.7786,13.5883,304.0,14035.0,2330.2344
2504,13.8635,19.1857,3.7829,18.5724,305.0,15429.0,2330.2344
2505,18.6921,14.1343,3.3336,16.2907,305.0,18700.0,2330.2344
2506,15.942,18.2654,3.2329,16.4574,307.0,20421.0,2330.2344
2507,16.5083,14.9354,3.6243,15.8825,300.0,16675.0,2330.2344
2508,15.8966,6.5454,3.4581,11.7691,307.0,17646.0,2330.2344
2509,11.6829,6.5454,3.1155,9.5468,290.0,19043.0,2330.2344
2510,9.5548,7.8084,2.5275,10.3356,312.0,35911.0,2330.2344
2511,10.3877,10.0645,2.7826,9.0356,308.0,24259.0,2330.2344
2512,9.0066,12.5273,2.9587,14.6671,310.0,26247.0,2330.2344
2513,14.6264,8.2014,2.5814,9.5937,305.0,20541.0,2330.2344
2514,9.6482,9.416,2.843,8.1678,309.0,27945.0,2330.2344
2515,8.0989,7.0245,2.1011,9.9248,308.0,33325.0,2330.2344
2516,9.8912,9.6827,2.5434,8.8441,299.0,17107.0,2330.2344
2517,8.8927,7.655,2.8754,9.6385,267.0,13591.0,2330.2344
2518,9.6406,13.7331,2.5534,16.928,270.0,13771.0,2330.2344
2519,16.9291,15.3226,2.3939,16.5393,268.0,13603.0,2330.2344
2520,16.5549,14.8694,2.5023,16.1058,306.0,18307.0,2330.2344
2521,16.1055,15.1508,2.301,15.9012,284.0,14919.0,2330.2344
2522,15.8551,15.3267,2.369,17.4035,268.0,13603.0,2330.2344
2523,17.4736,14.3401,2.5089,14.7112,274.0,14935.0,2330.2344
2524,14.6851,15.7482,2.6836,16.0984,270.0,13627.0,2330.2344
2525,16.1453,13.8725,2.4993,16.479,303.0,15751.0,2330.2344
2526,16.4409,15.2694,2.4107,17.3735,309.0,15779.0,2330.2344
2527,17.521,15.0127,2.6263,17.0876,307.0,15755.0,2330.2344
2528,16.9045,15.7994,2.5924,15.8069,308.0,17143.0,2330.2344
2529,15.8299,16.7165,2.3335,17.5842,306.0,15765.0,2330.2344
2530,17.5565,14.7472,2.5442,17.0161,277.0,14025.0,2330.2344
2531,17.0776,8.3483,2.8674,15.8893,271.0,13617.0,2330.2344
2532,15.888,8.3483,2.9134,8.0188,269.0,13615.0,2330.2344
2533,7.9584,6.9081,2.6652,8.2859,274.0,13915.0,2330.2344
2534,8.3104,9.2217,2.4924,8.5337,269.0,13615.0,2330.2344
2535,8.6079,6.5782,2.693,11.1034,283.0,16239.0,2330.2344
2536,11.7786,7.4279,4.0308,10.8431,267.0,13591.0,2330.2344
2537,10.1421,7.4279,2.4352,7.6126,304.0,17451.0,2330.2344
2538,7.5203,7.346,1.9546,8.5457,304.0,69771.0,2330.2344
2539,8.684,8.3162,2.0964,7.8824,304.0,15763.0,2330.2344
2540,7.716,6.585,2.077,8.4426,306.0,15787.0,2330.2344
2541,8.5433,8.175,2.4293,7.785,303.0,15751.0,2330.2344
2542,7.6639,6.5062,1.8545,7.7591,308.0,22991.0,2330.2344
2543,7.8502,8.6245,1.9967,8.5774,309.0,21866.0,2330.2344
2544,8.5227,6.5898,2.0073,8.0549,309.0,19428.0,2330.2344
2545,8.2502,8.6942,2.4675,9.1483,307.0,19852.0,2330.2344
2546,8.9696,7.011,2.477,8.5452,306.0,18670.0,2330.2344
2547,8.7338,8.0205,2.5533,7.9232,307.0,20199.0,2330.2344
2548,7.697,6.534,2.0996,7.9617,297.0,18021.0,2330.2344
2549,8.0587,8.5688,1.9477,8.9045,304.0,15921.0,2330.2344
2550,8.7731,6.5202,2.0967,8.3702,291.0,15505.0,2330.2344
2551,8.4527,9.1078,2.0904,8.8593,281.0,14475.0,2330.2344
2552,8.8998,6.5779,2.022,8.345,304.0,16227.0,2330.2344
2553,8.3414,8.0069,2.237,8.9384,304.0,18547.0,2330.2344
2554,8.9235,6.5421,2.3064,9.1555,303.0,23639.0,2330.2344
2555,9.2845,7.2798,3.0242,9.0834,303.0,15751.0,2330.2344
2556,8.964,7.2798,2.1692,9.1366,303.0,15751.0,2330.2344
2557,9.1589,6.6803,2.6479,9.8162,303.0,16371.0,2330.2344
2558,9.8692,6.6803,3.0098,10.9074,307.0,17479.0,2330.2344
2559,10.8322,8.6621,2.5274,9.5384,307.0,22747.0,2330.2344
2560,9.5907,12.8644,2.7736,11.6081,308.0,22023.0,2330.2344
2561,11.6097,7.3067,2.9766,9.6826,305.0,22377.0,2330.2344
2562,9.7032,7.471,2.6123,11.6019,306.0,22783.0,2330.2344
2563,11.6602,7.471,2.6898,9.653,309.0,22968.0,2330.2344
2564,9.5035,14.1327,2.1164,17.5374,317.0,27369.0,2330.2344
2565,17.6015,16.7891,2.3393,18.2544,291.0,20140.0,2330.2344
2566,18.237,16.1651,2.6632,18.4777,286.0,16443.0,2330.2344
2567,18.5396,17.0104,2.7733,17.8515,268.0,13603.0,2330.2344
2568,17.9414,15.3684,3.1957,17.4482,269.0,13711.0,2330.2344
2569,17.3631,16.2047,2.7013,17.6613,268.0,13603.0,2330.2344
2570,17.6209,16.1953,2.4692,16.6328,286.0,16843.0,2330.2344
2571,16.6233,16.9049,2.3104,18.2969,304.0,15763.0,2330.2344
2572,18.2751,17.8822,2.3773,19.237,303.0,25267.0,2330.2344
2573,19.3007,16.2773,2.3145,16.9186,303.0,22847.0,2330.2344
2574,17.0198,15.5865,2.5573,18.5288,307.0,32779.0,2330.2344
2575,18.735,17.4434,2.751,17.6738,307.0,37019.0,2330.2344
2576,17.3198,17.3956,2.3125,19.8321,311.0,17445.0,2330.2344
2577,19.8269,16.7089,2.58,16.7163,305.0,15753.0,2330.2344
2578,16.829,16.761,2.5377,17.3254,305.0,20081.0,2330.2344
2579,17.2086,16.0629,2.3049,17.9858,302.0,21247.0,2330.2344
2580,17.9772,7.7745,2.9849,19.1518,288.0,15911.0,2330.2344
2581,19.3168,7.7745,2.961,8.9651,274.0,19027.0,2330.2344
2582,8.8225,7.6375,2.3698,9.2046,304.0,17403.0,2330.2344
2583,9.2325,7.7319,2.3183,9.5411,303.0,15751.0,2330.2344
2584,9.5712,7.7319,2.359,8.3893,305.0,16703.0,2330.2344
2585,8.2896,7.5053,2.3255,8.2359,304.0,17619.0,2330.2344
2586,8.2418,6.5565,2.1045,8.5737,303.0,17607.0,2330.2344
2587,8.6698,8.5926,2.4003,8.3717,304.0,16691.0,2330.2344
2588,8.2873,6.5594,2.397,8.5941,306.0,18787.0,2330.2344
2589,8.6077,8.2872,2.3666,8.2816,304.0,19691.0,2330.2344
2590,8.255,6.5496,2.2428,8.2223,314.0,28649.0,2330.2344
2591,8.2321,8.9323,2.179,8.725,311.0,31017.0,2330.2344
2592,8.7156,6.5518,2.0751,9.6737,307.0,30353.0,2330.2344
2593,9.7738,7.4138,2.2818,9.4176,305.0,23419.0,2330.2344
2594,9.3296,7.4138,2.7792,9.7685,305.0,16185.0,2330.2344
2595,9.884,6.6926,3.2345,10.3312,306.0,16229.0,2330.2344
2596,10.2526,6.6926,3.058,8.5394,303.0,18071.0,2330.2344
2597,8.5714,7.7503,2.475,9.3445,303.0,16679.0,2330.2344
2598,9.3761,7.9919,2.7618,8.8547,305.0,20797.0,2330.2344
2599,8.8476,7.9821,2.6537,8.3883,305.0,19587.0,2330.2344
2600,8.3688,9.2176,2.4434,8.16,303.0,18013.0,2330.2344
2601,8.1106,6.7082,2.4947,8.3,303.0,16927.0,2330.2344
2602,8.3317,12.0073,2.2014,14.2818,303.0,24338.0,2330.2344
2603,14.2356,9.5864,2.1626,9.2084,305.0,24926.0,2330.2344
2604,9.1527,6.9035,2.1203,9.6778,305.0,18260.0,2330.2344
2605,9.7931,10.8416,2.402,9.7172,304.0,15315.0,2330.2344
2606,9.6303,16.817,1.8806,18.4827,308.0,14087.0,2330.2344
2607,18.6183,15.5623,2.3577,17.0307,309.0,14707.0,2330.2344
2608,16.9406,15.1763,3.0705,16.859,310.0,18962.0,2330.2344
2609,16.8785,16.6235,2.922,18.5862,312.0,19851.0,2330.2344
2610,18.7016,16.5814,2.8583,18.4921,305.0,17369.0,2330.2344
2611,18.4851,15.3092,2.814,16.8666,306.0,15765.0,2330.2344
2612,16.7382,16.1121,2.2708,17.7192,303.0,21574.0,2330.2344
2613,17.7142,15.5635,2.3312,16.9575,310.0,35931.0,2330.2344
2614,16.974,16.028,2.3748,16.57,306.0,24279.0,2330.2344
2615,16.609,16.0781,2.2321,17.1176,304.0,26219.0,2330.2344
2616,17.06,17.1726,2.0703,17.6261,303.0,22135.0,2330.2344
2617,17.5993,16.0844,2.2309,18.3079,305.0,27919.0,2330.2344
2618,18.4444,13.0929,2.2133,18.0557,305.0,31715.0,2330.2344
2619,17.97,15.0376,2.2429,17.8847,297.0,16987.0,2330.2344
2620,17.884,15.0309,2.139,15.284,267.0,13591.0,2330.2344
2621,15.2845,15.4445,2.1655,17.1558,273.0,13807.0,2330.2344
2622,17.2186,12.4252,2.3594,11.5278,272.0,13607.0,2330.2344
2623,11.4695,8.9596,2.2645,8.5118,309.0,18299.0,2330.2344
2624,8.4359,6.9708,1.7535,9.8219,288.0,14923.0,2330.2344
2625,9.9462,9.9104,2.4121,8.2166,271.0,13617.0,2330.2344
2626,8.1454,6.5778,2.4954,8.9796,274.0,14913.0,2330.2344
2627,9.0588,9.0077,2.679,8.7407,273.0,13641.0,2330.2344
2628,8.6549,6.599,2.6704,9.3179,304.0,15763.0,2330.2344
2629,9.4056,6.5383,3.1161,10.0572,303.0,15751.0,2330.2344
2630,10.129,8.2407,3.2564,11.2961,304.0,15763.0,2330.2344
2631,11.2577,7.9301,3.2231,10.6454,304.0,17139.0,2330.2344
2632,10.581,6.6332,2.7295,8.1138,303.0,15751.0,2330.2344
2633,8.2269,6.6332,2.6198,9.2337,275.0,14023.0,2330.2344
2634,9.1358,6.6,2.8039,9.5375,267.0,13591.0,2330.2344
2635,9.7457,6.6,3.0394,9.7776,268.0,13603.0,2330.2344
2636,9.5498,8.8524,3.0006,8.0754,275.0,13927.0,2330.2344
2637,8.2112,6.5467,2.8268,9.6133,267.0,13591.0,2330.2344
2638,9.5867,8.9224,3.0507,9.3178,290.0,16279.0,2330.2344
2639,9.2897,8.037,2.746,8.5874,272.0,13607.0,2330.2344
2640,8.5585,7.5135,2.6231,8.6131,308.0,17455.0,2330.2344
2641,8.6885,6.5609,2.7348,9.8028,306.0,69773.0,2330.2344
2642,9.6504,6.5609,2.3695,9.4862,307.0,15777.0,2330.2344
2643,9.6494,9.3093,3.5055,7.7826,307.0,15777.0,2330.2344
2644,7.7637,6.5231,2.5959,10.0399,304.0,15763.0,2330.2344
2645,10.0086,8.4358,2.6748,7.8936,304.0,22987.0,2330.2344
2646,7.7767,7.3381,2.1682,10.2785,307.0,21886.0,2330.2344
2647,10.3339,8.248,2.9684,8.7654,304.0,19412.0,2330.2344
2648,8.7545,12.7792,2.5675,13.0489,304.0,19838.0,2330.2344
2649,13.0427,7.5777,2.5688,9.9909,304.0,18668.0,2330.2344
2650,9.9819,9.1026,2.1653,8.0285,306.0,20209.0,2330.2344
2651,7.9709,8.6731,1.899,10.5114,296.0,18009.0,2330.2344
2652,10.6304,15.197,2.7151,17.3187,305.0,15933.0,2330.2344
2653,17.2468,15.4398,2.2978,17.3839,292.0,15517.0,2330.2344
2654,17.4573,16.797,2.6126,17.704,286.0,14491.0,2330.2344
2655,17.6903,17.286,2.3697,17.089,309.0,16243.0,2330.2344
2656,17.0716,18.0148,2.7262,16.1398,308.0,18551.0,2330.2344
2657,16.0836,13.3821,2.6562,17.818,306.0,23653.0,2330.2344
2658,17.8948,15.1827,2.5092,17.8621,308.0,15789.0,2330.2344
2659,17.8901,14.4681,2.3349,16.4436,306.0,15765.0,2330.2344
2660,16.3722,15.5012,2.4018,16.0946,304.0,16383.0,2330.2344
2661,16.1251,15.1968,2.3614,17.7111,304.0,17487.0,2330.2344
2662,17.74,15.4371,2.5252,16.1682,305.0,22767.0,2330.2344
2663,16.1209,15.5176,2.2351,16.8328,303.0,22007.0,2330.2344
2664,16.8376,16.1767,2.2096,16.8094,304.0,22387.0,2330.2344
2665,16.8304,16.2382,2.293,16.4286,304.0,22781.0,2330.2344
2666,16.3947,15.114,2.3504,16.6502,307.0,22966.0,2330.2344
2667,16.6899,12.8309,2.3048,16.9435,317.0,27369.0,2330.2344
2668,16.8811,15.927,2.097,16.4936,290.0,20128.0,2330.2344
2669,16.4469,15.0666,2.1113,15.5864,283.0,16407.0,2330.2344
2670,16.3808,7.1239,2.9954,8.4002,271.0,13595.0,2330.2344
2671,7.8,9.176,2.3712,9.9385,275.0,13739.0,2330.2344
2672,9.854,7.3003,2.8111,9.8548,272.0,13607.0,2330.2344
2673,9.8269,9.3076,2.6893,7.2243,286.0,16821.0,2330.2344
2674,7.141,6.5853,2.0762,8.2275,307.0,15777.0,2330.2344
2675,8.2889,8.6877,2.1598,8.3836,306.0,25281.0,2330.2344
2676,8.4338,6.5056,2.2542,9.3293,303.0,22847.0,2330.2344
2677,9.3122,9.2873,2.5538,8.6211,304.0,32787.0,2330.2344
2678,8.6511,7.1156,2.513,8.4166,304.0,37027.0,2330.2344
2679,8.4068,8.8902,2.5865,7.7894,306.0,17429.0,2330.2344
2680,7.7668,6.5292,2.3263,9.2243,304.0,15763.0,2330.2344
2681,9.1857,8.7472,2.491,8.4908,302.0,20115.0,2330.2344
2682,8.5576,7.2877,3.0228,10.0141,302.0,21317.0,2330.2344
2683,10.0193,9.048,2.9984,8.6071,287.0,15803.0,2330.2344
2684,8.6169,7.8177,2.6561,9.4453,273.0,19015.0,2330.2344
2685,9.3666,8.3329,2.2237,7.9713,304.0,17403.0,2330.2344
2686,8.0684,7.1344,2.5553,15.5353,309.0,15779.0,2330.2344
2687,15.5858,7.1344,3.0599,9.3869,308.0,16695.0,2330.2344
2688,9.3491,10.2131,2.7767,10.8581,309.0,17635.0,2330.2344
2689,10.842,10.9519,2.398,11.6925,306.0,17621.0,2330.2344
2690,11.7005,17.1252,2.8417,20.8756,306.0,16693.0,2330.2344
2691,20.9256,16.4912,2.7328,18.5561,305.0,18753.0,2330.2344
2692,18.4312,18.1356,2.3726,18.1004,303.0,19679.0,2330.2344
2693,18.1202,15.5294,2.0897,21.2629,311.0,28657.0,2330.2344
2694,21.3422,19.4031,2.0535,18.1689,307.0,31013.0,2330.2344
2695,18.0663,18.2574,1.9577,19.6798,303.0,30349.0,2330.2344
2696,19.7658,18.4903,2.6839,19.262,303.0,23417.0,2330.2344
2697,19.2581,16.5485,2.5019,19.9444,303.0,16183.0,2330.2344
2698,19.8808,18.0744,2.2234,18.5421,304.0,16227.0,2330.2344
2699,18.5585,18.8289,2.2136,20.6522,303.0,18071.0,2330.2344
2700,20.6797,16.0814,3.2578,20.0383,305.0,16703.0,2330.2344
2701,20.0273,18.2731,2.7612,19.0499,305.0,20797.0,2330.2344
2702,19.0945,17.6867,3.8295,20.1149,308.0,19579.0,2330.2344
2703,20.0902,6.759,2.7561,15.6607,309.0,18041.0,2330.2344
2704,16.0162,6.759,3.2648,9.1,307.0,16931.0,2330.2344
2705,8.7574,8.4578,2.5858,9.4524,306.0,24352.0,2330.2344
2706,9.4125,9.3392,2.1658,9.6358,306.0,24916.0,2330.2344
2707,9.7154,7.2301,3.2389,10.9085,306.0,18250.0,2330.2344
2708,10.8971,9.1764,2.9881,7.3468,304.0,15315.0,2330.2344
2709,7.2449,6.9322,2.4991,9.7137,304.0,14083.0,2330.2344
2710,9.679,8.7299,2.487,7.9272,303.0,14679.0,2330.2344
2711,8.2671,6.6308,2.7521,9.6536,306.0,18958.0,2330.2344
2712,9.4248,6.4695,2.6417,8.6581,308.0,19825.0,2330.2344
2713,8.7417,6.4695,2.4608,8.7332,304.0,17379.0,2330.2344
2714,8.6046,7.669,2.2733,8.7066,304.0,15763.0,2330.2344
2715,8.7312,6.4845,2.712,9.5532,304.0,21682.0,2330.2344
2716,9.5607,8.6854,2.3924,10.5377,308.0,39243.0,2330.2344
2717,10.591,8.6854,2.7984,7.6672,305.0,20931.0,2330.2344
2718,7.5835,6.5675,2.3708,8.5838,309.0,27831.0,2330.2344
2719,8.6806,8.8126,3.0827,7.9449,309.0,22163.0,2330.2344
2720,7.8865,9.2914,3.2142,14.915,310.0,26339.0,2330.2344
2721,14.9818,9.2914,2.7193,10.3624,305.0,31597.0,2330.2344
2722,10.3337,6.5763,2.6111,11.134,301.0,17013.0,2330.2344
2723,11.1907,6.5763,2.7902,8.7207,269.0,13593.0,2330.2344
2724,8.5709,8.6944,2.2907,8.7617,270.0,13771.0,2330.2344
2725,8.8848,13.4056,2.7459,14.4154,268.0,13603.0,2330.2344
2726,14.311,7.5559,2.8866,8.762,304.0,18283.0,2330.2344
2727,9.2666,10.8163,3.8449,12.4135,285.0,14931.0,2330.2344
2728,11.95,10.168,2.6326,10.9552,268.0,13603.0,2330.2344
2729,10.9321,18.0287,2.2491,19.6582,272.0,14911.0,2330.2344
2730,19.7987,17.4238,3.0622,19.7875,267.0,13591.0,2330.2344
2731,19.6661,17.4787,2.7195,18.5525,305.0,15775.0,2330.2344
2732,18.5367,17.6994,2.5419,18.6958,304.0,15763.0,2330.2344
2733,18.7024,18.7943,2.3255,19.5077,305.0,15775.0,2330.2344
2734,19.5142,19.8127,2.2608,19.2989,309.0,17155.0,2330.2344
2735,19.2725,16.945,2.1692,19.0634,308.0,15767.0,2330.2344
2736,19.0883,16.9374,2.1248,19.4693,278.0,14015.0,2330.2344
2737,19.5061,17.5565,2.7155,19.2423,269.0,13593.0,2330.2344
2738,19.1863,18.2284,2.3686,18.6043,270.0,13605.0,2330.2344
2739,18.6769,17.3644,2.2608,20.7883,274.0,13893.0,2330.2344
2740,20.7495,17.2624,2.6378,19.2546,268.0,13603.0,2330.2344
2741,19.2772,17.5723,2.1823,18.6485,283.0,16239.0,2330.2344
2742,18.6398,15.7144,2.1808,16.0325,269.0,13615.0,2330.2344
2743,16.0217,6.7347,2.0784,7.7376,303.0,17439.0,2330.2344
2744,7.8225,8.787,2.3513,8.7222,303.0,69759.0,2330.2344
2745,8.6242,9.7389,2.4265,12.8928,304.0,15763.0,2330.2344
2746,12.9466,9.7389,2.1355,7.7738,303.0,15751.0,2330.2344
2747,7.8757,6.5491,2.4163,8.8892,303.0,15751.0,2330.2344
2748,8.7357,8.2936,2.313,8.0356,305.0,22999.0,2330.2344
2749,8.4453,6.5791,2.865,10.163,304.0,21850.0,2330.2344
2750,9.793,8.3275,2.5722,8.0757,308.0,19416.0,2330.2344
2751,8.036,8.0,2.3698,8.4263,309.0,19854.0,2330.2344
2752,8.3532,7.2893,1.9983,7.7102,307.0,18660.0,2330.2344
2753,7.7984,7.7876,2.3547,8.7563,309.0,20223.0,2330.2344
2754,8.7219,8.1545,2.1244,8.2094,298.0,18011.0,2330.2344
2755,8.553,8.5208,2.3342,8.9738,307.0,15935.0,2330.2344
2756,8.6337,6.5936,2.1629,7.8429,291.0,15505.0,2330.2344
2757,7.8465,7.3355,2.6248,8.8668,281.0,14475.0,2330.2344
2758,8.8862,7.6127,3.051,9.6963,305.0,16239.0,2330.2344
2759,9.7136,8.4675,2.5766,8.0156,304.0,18547.0,2330.2344
2760,7.9703,7.864,2.0023,7.9933,303.0,23639.0,2330.2344
2761,8.0138,9.1258,2.3864,8.9006,304.0,15763.0,2330.2344
2762,8.939,8.7765,2.4765,13.3592,304.0,15763.0,2330.2344
2763,13.344,11.6888,2.1243,7.9937,304.0,16383.0,2330.2344
2764,8.0966,6.9798,2.7187,9.4667,304.0,17487.0,2330.2344
2765,9.4288,10.8031,2.2163,10.5367,304.0,22755.0,2330.2344
2766,10.4758,10.2498,2.2136,13.1333,308.0,22023.0,2330.2344
2767,13.1888,18.7686,2.6766,20.3982,307.0,22379.0,2330.2344
2768,20.3532,17.542,2.3999,18.4852,308.0,22785.0,2330.2344
2769,18.4906,16.9968,2.0156,19.5126,307.0,22944.0,2330.2344
2770,19.4726,18.598,2.1606,19.6133,319.0,27371.0,2330.2344
2771,19.6142,18.9104,2.1899,23.4569,383.0,36616.0,2332.6094
2772,23.6269,17.3147,2.9951,18.7804,374.0,39855.0,2332.6094
2773,18.7846,21.1871,2.8269,22.4651,357.0,22620.0,2460.6094
2774,22.3637,18.9281,3.4744,20.6597,266.0,25889.0,2460.6094
2775,20.6878,17.7454,3.4826,20.1395,284.0,23147.0,2460.6094
2776,20.1647,18.1347,3.2578,19.4874,275.0,54861.0,2460.6094
2777,19.5026,18.3944,3.174,18.425,231.0,16071.0,2458.2344
2778,18.3088,20.4597,2.1517,20.577,218.0,15519.0,2458.2344
2779,20.567,18.7328,2.1751,21.4602,251.0,17591.0,2458.2344
2780,21.5205,10.3334,2.2393,8.9051,251.0,17223.0,2458.2344
2781,8.8011,9.535,2.0436,8.7537,251.0,17223.0,2478.9219
2782,8.7157,9.1928,2.0906,13.3669,257.0,17251.0,2493.6094
2783,13.6106,8.3274,3.4925,11.4921,253.0,17203.0,2493.6094
2784,11.4024,6.8096,2.6325,10.7065,255.0,17227.0,2464.2344
2785,10.7171,6.8096,3.2897,10.5048,254.0,18165.0,2422.8594
2786,10.4065,8.5008,3.1524,10.7007,255.0,20033.0,2422.8594
2787,10.7796,6.549,3.6377,8.7535,262.0,34937.0,2422.8594
2788,8.7079,6.549,2.6754,10.3068,250.0,24997.0,2422.8594
2789,10.4086,7.2081,2.9293,13.8191,252.0,24023.0,2422.8594
2790,13.7382,7.2081,4.326,8.1721,249.0,17663.0,2422.8594
2791,8.0968,7.3909,2.1238,9.2216,250.0,19531.0,2422.8594
2792,9.2996,8.9348,2.6257,8.0105,251.0,18151.0,2422.8594
2793,7.9016,6.5355,1.9634,8.6187,255.0,17735.0,2422.8594
2794,8.7978,9.2358,2.077,9.5415,250.0,18139.0,2422.8594
2795,9.4725,7.0562,2.3527,8.2071,251.0,17687.0,2422.8594
2796,8.2323,9.1853,2.6263,9.1686,256.0,22824.0,2422.8594
2797,9.2007,7.5038,2.1714,8.9753,237.0,23066.0,2422.8594
2798,8.8819,8.6886,2.53,7.9319,259.0,43531.0,2422.8594
2799,7.8856,13.8299,2.1021,16.1961,256.0,33343.0,2422.8594
2800,16.2535,7.3276,2.5125,7.6216,256.0,36771.0,2422.8594
2801,7.6826,9.2234,2.3709,9.61,252.0,28349.0,2422.8594
2802,9.539,13.8755,2.2663,17.5479,253.0,17225.0,2422.8594
2803,17.6152,17.5933,3.198,19.017,252.0,17213.0,2422.8594
2804,18.9692,18.452,2.8633,20.4835,250.0,17211.0,2422.8594
2805,20.4626,16.5579,2.0764,19.1866,250.0,17211.0,2422.8594
2806,19.1906,18.389,2.3171,19.7588,252.0,18923.0,2422.8594
2807,19.7792,19.8325,2.1084,19.0031,250.0,48603.0,2422.8594
2808,18.9665,18.9079,2.0828,18.9948,249.0,38127.0,2422.8594
2809,19.0113,17.4513,2.5129,19.868,249.0,17199.0,2422.8594
2810,19.9265,18.8432,3.3855,19.1996,249.0,19365.0,2422.8594
2811,19.1378,17.5341,2.1162,19.5556,252.0,19869.0,2422.8594
2812,19.6117,16.2405,2.1239,19.8781,252.0,20715.0,2422.8594
2813,19.8178,20.6744,2.0628,18.8339,252.0,21971.0,2422.8594
2814,18.8857,17.5542,2.2517,20.1241,255.0,17227.0,2422.8594
2815,20.1863,17.4527,2.7242,20.3555,253.0,20515.0,2422.8594
2816,20.7076,11.5469,3.587,9.7205,257.0,23875.0,2422.8594
2817,9.2955,6.8127,2.326,7.7563,252.0,23837.0,2422.8594
2818,7.7497,9.4743,2.2058,10.3501,254.0,23125.0,2422.8594
2819,10.7186,7.1997,3.2634,11.0803,254.0,20833.0,2422.8594
2820,10.8071,8.9821,3.5998,7.8435,251.0,20817.0,2422.8594
2821,7.8594,6.5359,2.8455,7.9495,253.0,19955.0,2422.8594
2822,7.8869,8.6595,2.368,8.5122,252.0,20611.0,2422.8594
2823,8.5165,7.009,3.4356,9.4644,230.0,18449.0,2422.8594
2824,9.4979,8.0926,2.7496,7.396,250.0,15963.0,2422.8594
2825,7.3486,6.7173,2.6031,8.9742,251.0,17859.0,2422.8594
2826,8.95,9.4804,2.4355,8.8568,249.0,35935.0,2422.8594
2827,8.953,6.5991,2.9377,8.8994,252.0,19091.0,2422.8594
2828,8.7997,8.5563,2.8643,8.6792,235.0,16215.0,2422.8594
2829,8.6891,8.7214,2.6648,10.3916,250.0,17769.0,2422.8594
2830,10.3765,8.0891,2.9423,7.75,258.0,18116.0,2422.8594
2831,7.7819,8.2775,2.2876,8.8469,256.0,15559.0,2422.8594
2832,8.8304,7.165,2.0567,9.9057,255.0,21318.0,2422.8594
2833,9.9779,9.5225,2.5255,7.7415,254.0,20778.0,2422.8594
2834,7.5955,6.6682,1.9566,8.292,255.0,22003.0,2422.8594
2835,8.3383,9.779,1.9949,8.7153,253.0,18027.0,2422.8594
2836,8.7131,6.6842,1.9589,10.1076,259.0,24652.0,2422.8594
2837,10.1421,11.4455,2.2617,14.0367,251.0,23943.0,2422.8594
2838,14.0332,10.285,2.3519,8.5897,251.0,27147.0,2422.8594
2839,8.4929,6.974,1.7689,9.0149,244.0,21682.0,2422.8594
2840,9.0837,14.7755,2.2532,18.3306,251.0,19195.0,2422.8594
2841,18.3917,17.2486,2.4449,19.5924,252.0,20461.0,2422.8594
2842,19.5734,18.6039,2.6001,19.0287,252.0,20031.0,2422.8594
2843,19.0075,17.0504,2.4772,18.4036,251.0,18077.0,2422.8594
2844,18.4826,16.9318,2.1624,19.5235,250.0,18411.0,2422.8594
2845,19.5407,17.5918,2.3575,19.5617,251.0,20411.0,2422.8594
2846,19.5075,17.5557,2.2815,19.369,256.0,18535.0,2422.8594
2847,19.3074,18.0236,2.3143,20.4605,248.0,20601.0,2422.8594
2848,20.4757,18.2156,2.0564,18.9658,255.0,26899.0,2422.8594
2849,19.0155,19.321,2.1392,19.3388,254.0,23023.0,2422.8594
2850,19.2955,17.9021,2.058,19.0261,251.0,32980.0,2422.8594
2851,19.1266,17.5773,2.6326,19.4181,249.0,21480.0,2422.8594
2852,19.3365,17.5846,2.4155,19.1526,220.0,15459.0,2422.8594
2853,19.127,17.025,2.0393,21.7557,216.0,15171.0,2422.8594
2854,21.8121,10.8665,2.3466,7.8453,215.0,15111.0,2422.8594
2855,7.8508,7.3506,2.386,8.4969,221.0,15519.0,2422.8594
2856,8.5035,8.319,2.3339,7.4978,232.0,16179.0,2422.8594
2857,7.5215,8.3148,2.55,10.7365,249.0,17567.0,2422.8594
2858,10.6739,7.7502,3.0388,7.924,250.0,17211.0,2422.8594
2859,7.9303,8.6003,2.2201,8.2388,250.0,17211.0,2422.8594
2860,8.211,6.5885,2.1463,7.5123,253.0,17247.0,2422.8594
2861,7.5528,8.1612,2.2734,9.1005,254.0,17259.0,2422.8594
2862,9.0862,6.5228,2.3882,7.989,255.0,17227.0,2422.8594
2863,8.0775,8.2252,2.3311,9.0923,254.0,18143.0,2422.8594
2864,8.9871,7.0406,2.4121,8.0794,256.0,20023.0,2422.8594
2865,8.1613,8.6517,2.3329,9.2506,262.0,34937.0,2422.8594
2866,9.1744,7.2962,2.7649,7.8867,251.0,24987.0,2422.8594
2867,7.9354,9.1387,2.3708,8.633,255.0,24037.0,2422.8594
2868,8.557,6.543,2.084,8.1704,249.0,17663.0,2422.8594
2869,8.2309,8.8449,2.2772,9.2174,250.0,19531.0,2422.8594
2870,9.2391,7.3753,2.7571,9.451,251.0,18151.0,2422.8594
2871,9.471,9.0447,2.6523,8.5273,250.0,17675.0,2422.8594
2872,8.495,7.1624,2.2445,8.8125,252.0,18163.0,2422.8594
2873,8.8297,9.0901,2.767,8.5356,249.0,17663.0,2422.8594
2874,8.555,6.7602,2.3085,11.2639,259.0,22860.0,2422.8594
2875,11.2668,12.9956,3.0641,11.0943,239.0,24782.0,2422.8594
2876,11.092,9.4808,2.548,9.3537,254.0,45111.0,2422.8594
2877,9.2811,8.4131,2.0336,10.8121,250.0,31719.0,2422.8594
2878,10.9131,11.4305,2.5662,13.5822,256.0,35175.0,2422.8594
2879,13.5462,18.2959,2.5654,20.4955,255.0,28363.0,2422.8594
2880,20.4986,18.914,2.7195,19.0817,255.0,17227.0,2422.8594
2881,19.0438,19.5021,2.3901,19.4276,253.0,17225.0,2422.8594
2882,19.4129,19.9028,2.1461,19.1065,251.0,17201.0,2422.8594
2883,19.1024,18.0612,2.2785,18.9734,254.0,17237.0,2422.8594
2884,19.1329,18.8922,2.9237,19.801,250.0,24131.0,2422.8594
2885,19.6562,17.6725,2.5229,19.4655,252.0,43395.0,2422.8594
2886,19.4936,18.7582,2.1798,19.8941,251.0,38151.0,2422.8594
2887,19.9058,17.9557,2.2457,19.7169,251.0,17379.0,2422.8594
2888,19.697,17.7932,2.1456,18.8979,250.0,19221.0,2422.8594
2889,18.8561,17.7083,3.2116,20.6225,254.0,20049.0,2422.8594
2890,20.7883,18.8357,3.1454,18.7044,252.0,20559.0,2422.8594
2891,18.6179,17.4679,2.3235,18.4489,252.0,21971.0,2422.8594
2892,18.4193,17.7343,2.1208,16.9475,249.0,17199.0,2422.8594
2893,16.9739,9.1964,2.1805,8.328,249.0,20879.0,2422.8594
2894,8.2379,6.9954,1.9917,8.4781,256.0,23863.0,2422.8594
2895,8.5352,9.698,2.4421,10.4037,256.0,23495.0,2422.8594
2896,10.4119,6.7994,3.1802,8.619,255.0,23483.0,2422.8594
2897,8.6008,7.2158,2.6214,7.7782,257.0,20501.0,2422.8594
2898,7.7996,6.8087,2.5312,9.3613,253.0,21169.0,2422.8594
2899,9.3448,8.4417,2.3725,8.4781,252.0,19571.0,2422.8594
2900,8.51,6.9997,2.7654,9.0918,250.0,20587.0,2422.8594
2901,9.0622,7.0728,2.4672,7.7907,228.0,18329.0,2422.8594
2902,7.8271,7.3915,2.2622,9.8573,251.0,15975.0,2422.8594
2903,9.9462,7.6917,2.537,9.32,252.0,17871.0,2422.8594
2904,9.3187,9.6137,2.7644,8.2119,252.0,35971.0,2422.8594
2905,8.0591,7.061,2.6149,8.3253,250.0,19067.0,2422.8594
2906,8.368,9.0536,2.3312,7.8976,240.0,16275.0,2422.8594
2907,7.8251,6.5094,2.0352,9.1446,251.0,17829.0,2422.8594
2908,9.2259,8.8315,2.4685,7.9317,254.0,18064.0,2422.8594
2909,7.8914,6.9368,2.3643,9.6876,251.0,15591.0,2422.8594
2910,9.7674,6.6329,2.852,11.0864,256.0,21378.0,2422.8594
2911,11.0829,6.6329,3.2033,10.1171,256.0,20780.0,2422.8594
2912,10.0761,9.227,2.5574,7.5476,257.0,22005.0,2422.8594
2913,7.6182,7.2218,2.5834,8.8409,253.0,18715.0,2422.8594
2914,8.75,12.9821,2.5556,14.695,260.0,23954.0,2422.8594
2915,14.7231,11.5671,2.2107,8.5834,254.0,24671.0,2422.8594
2916,8.5846,6.8324,2.4879,9.5097,251.0,26897.0,2422.8594
2917,9.5276,8.2091,2.5397,8.9204,243.0,21110.0,2422.8594
2918,9.025,15.1552,2.7541,20.7967,251.0,19195.0,2422.8594
2919,20.7058,18.1458,2.7231,18.6313,250.0,20437.0,2422.8594
2920,18.59,17.908,2.5045,20.4247,253.0,20043.0,2422.8594
2921,20.4871,19.1272,2.8895,19.1086,253.0,18101.0,2422.8594
2922,19.0736,17.0391,2.7073,18.3154,249.0,18399.0,2422.8594
2923,18.3133,18.1536,2.3548,19.5738,251.0,20411.0,2422.8594
2924,19.6364,18.6621,2.9758,19.0086,250.0,18507.0,2422.8594
2925,18.9398,18.6121,2.6838,19.0152,249.0,23657.0,2422.8594
2926,19.0109,18.8877,2.3459,19.6387,254.0,24447.0,2422.8594
2927,19.7224,17.1887,2.1192,19.3842,255.0,25466.0,2422.8594
2928,19.3546,20.2634,2.1653,19.2063,256.0,30197.0,2422.8594
2929,19.1725,18.7217,2.2353,19.6056,244.0,21228.0,2422.8594
2930,19.6617,18.0678,2.557,18.1941,225.0,15497.0,2422.8594
2931,18.2445,8.8234,2.9665,9.7746,218.0,15173.0,2422.8594
2932,9.7019,8.206,2.5772,7.646,216.0,15123.0,2422.8594
2933,7.6467,8.2914,2.4402,8.3865,227.0,15735.0,2422.8594
2934,8.3018,7.1913,2.1673,9.01,231.0,16023.0,2422.8594
2935,9.0709,8.5586,2.2408,8.8067,249.0,17567.0,2422.8594
2936,8.8173,7.5567,3.1509,11.2867,250.0,17211.0,2422.8594
2937,11.4044,9.2163,3.4614,7.0812,249.0,17199.0,2422.8594
2938,6.9095,6.5402,2.1097,8.4714,249.0,17199.0,2422.8594
2939,8.4935,9.0192,2.2272,8.2944,250.0,17211.0,2422.8594
2940,8.2489,6.5904,2.1536,8.8999,251.0,17223.0,2422.8594
2941,8.9413,8.8538,2.1931,8.2842,252.0,18163.0,2422.8594
2942,8.2595,6.5508,2.3469,8.6162,255.0,20011.0,2422.8594
2943,8.6523,8.6002,2.2979,7.9989,265.0,34951.0,2422.8594
2944,7.9271,6.6105,2.1304,8.508,255.0,25013.0,2422.8594
2945,8.6154,8.7637,2.4152,7.9055,252.0,24001.0,2422.8594
2946,7.8683,6.6576,2.2446,9.9843,253.0,17689.0,2422.8594
2947,10.1222,6.5033,2.5737,8.995,253.0,19545.0,2422.8594
2948,8.9797,6.5033,2.9897,10.324,251.0,18151.0,2422.8594
2949,10.3262,7.0188,2.9429,9.834,249.0,17663.0,2422.8594
2950,9.8088,6.9061,2.8381,9.678,251.0,18151.0,2422.8594
2951,9.6021,8.5571,2.7453,10.8652,252.0,17699.0,2422.8594
2952,10.9143,6.5196,2.7556,11.0841,257.0,22836.0,2422.8594
2953,11.2554,8.3914,3.3042,11.3842,244.0,28226.0,2422.8594
2954,11.1226,8.3914,2.8837,8.0043,254.0,45111.0,2422.8594
2955,8.1558,8.4292,2.3183,8.0455,252.0,33483.0,2422.8594
2956,7.8916,6.6155,2.0678,8.553,252.0,30239.0,2422.8594
2957,8.7206,8.6472,2.2808,7.8406,252.0,28371.0,2422.8594
2958,7.6574,6.5953,2.2899,8.2278,254.0,17215.0,2422.8594
2959,8.3054,8.6178,2.126,8.452,256.0,17239.0,2422.8594
2960,8.3422,6.6405,1.9772,8.6084,256.0,17239.0,2422.8594
2961,8.7095,8.8337,2.3111,7.711,252.0,17213.0,2422.8594
2962,7.6455,6.5834,2.1238,8.2849,252.0,29365.0,2422.8594
2963,8.3446,8.5349,2.1806,8.5143,251.0,38129.0,2422.8594
2964,8.499,6.5131,2.297,7.4656,249.0,38127.0,2422.8594
2965,7.531,8.2296,2.3003,9.5262,251.0,17537.0,2422.8594
2966,9.4709,6.5382,2.0803,7.8936,249.0,19051.0,2422.8594
2967,7.9771,8.4532,1.8243,7.5469,251.0,20169.0,2422.8594
2968,7.401,6.5262,1.8321,8.5367,251.0,20855.0,2422.8594
2969,8.6149,8.4315,1.7297,8.1988,253.0,21519.0,2422.8594
2970,8.1223,6.5418,1.8941,7.9452,250.0,17579.0,2422.8594
2971,8.0507,7.7336,2.4128,8.3915,251.0,20535.0,2422.8594
2972,8.3114,6.9299,2.1962,8.2568,249.0,24927.0,2422.8594
2973,8.3627,7.4701,2.6781,8.6754,251.0,22743.0,2422.8594
2974,8.6394,7.1911,2.8967,8.248,255.0,23543.0,2422.8594
2975,8.2537,7.0901,2.2364,8.2403,255.0,20455.0,2422.8594
2976,8.1616,7.1327,2.1701,7.715,255.0,21505.0,2422.8594
2977,7.7721,6.5274,2.0792,8.8503,253.0,19387.0,2422.8594
2978,8.8391,6.9695,2.056,7.4382,248.0,19783.0,2422.8594
2979,7.5303,7.6103,1.947,9.6978,233.0,18463.0,2422.8594
2980,9.5906,7.0132,2.0714,6.8031,250.0,15867.0,2422.8594
2981,6.8914,7.285,2.5949,9.4472,250.0,19243.0,2422.8594
2982,9.337,7.8658,2.2452,7.0667,250.0,34647.0,2422.8594
2983,7.1314,7.1677,2.0003,9.3172,253.0,19055.0,2422.8594
2984,9.3119,8.11,2.3207,7.1615,250.0,17533.0,2422.8594
2985,7.1791,6.7499,2.4091,8.9203,254.0,18910.0,2422.8594
2986,8.8981,7.6127,2.1799,7.7192,250.0,15785.0,2422.8594
2987,7.6885,7.1589,1.9159,8.9947,250.0,17445.0,2422.8594
2988,9.0015,8.1236,2.3189,7.2122,252.0,20194.0,2422.8594
2989,7.2614,6.7998,2.4386,9.1291,252.0,20666.0,2422.8594
2990,9.1229,8.619,2.1754,6.7842,258.0,22695.0,2422.8594
2991,6.7469,6.5846,2.042,10.1269,259.0,22613.0,2422.8594
2992,10.154,7.5831,2.4388,6.8498,259.0,20558.0,2422.8594
2993,6.8857,6.5654,2.2402,9.2091,251.0,27705.0,2422.8594
2994,9.1467,8.8943,2.1929,7.415,255.0,25144.0,2422.8594
2995,7.4278,6.545,2.7792,9.2049,229.0,18401.0,2422.8594
2996,9.2031,8.9348,2.161,6.8244,252.0,18743.0,2422.8594
2997,6.7888,6.4861,2.1274,8.843,251.0,20449.0,2422.8594
2998,8.8924,8.4389,2.4609,8.4343,250.0,20007.0,2422.8594
2999,8.4683,6.5205,2.9484,9.3988,251.0,18077.0,2422.8594
3000,9.343,7.6464,3.152,7.729,250.0,18411.0,2422.8594
3001,7.815,6.5725,3.0212,8.5893,250.0,20399.0,2422.8594
3002,8.5297,8.7417,2.3802,9.0293,250.0,18459.0,2422.8594
3003,9.1195,6.646,2.5316,8.529,253.0,23753.0,2422.8594
3004,8.4497,7.6404,2.4653,7.1788,250.0,24443.0,2422.8594
3005,7.2251,6.6013,3.3861,9.1379,251.0,25462.0,2422.8594
3006,9.1477,7.0323,2.6827,6.8912,254.0,30173.0,2422.8594
3007,6.7439,6.6107,2.2336,9.3675,245.0,21170.0,2422.8594
3008,9.4048,8.907,2.2748,7.2519,225.0,15475.0,2422.8594
3009,7.2367,6.5235,2.0865,8.9972,219.0,15185.0,2422.8594
3010,9.0518,8.8073,2.4864,6.9556,217.0,15113.0,2422.8594
3011,6.9034,6.4853,1.5956,9.3002,228.0,15821.0,2422.8594
3012,9.3391,8.5654,2.2083,7.2115,229.0,15903.0,2422.8594
3013,7.2348,6.5614,2.1269,8.8012,250.0,17579.0,2422.8594
3014,8.7941,8.4513,2.2934,7.9201,250.0,17211.0,2422.8594
3015,7.8713,6.4881,1.9529,7.6727,250.0,17211.0,2422.8594
3016,7.7094,8.8672,2.4784,8.8034,252.0,17235.0,2422.8594
3017,8.8346,6.4833,1.7932,7.7993,250.0,17211.0,2422.8594
3018,7.8152,8.6552,2.3679,8.3,249.0,17199.0,2422.8594
3019,8.2652,6.493,1.7878,8.2874,249.0,18127.0,2422.8594
3020,8.3187,8.6557,2.0439,8.2894,249.0,19983.0,2422.8594
3021,8.236,6.5949,1.9334,8.6659,262.0,34959.0,2422.8594
3022,8.6899,8.6182,2.0566,7.4722,255.0,25013.0,2422.8594
3023,7.4349,6.5108,1.8656,8.3108,254.0,24003.0,2422.8594
3024,8.3316,8.7209,1.9931,7.9949,255.0,17691.0,2422.8594
3025,7.9397,6.5489,1.7099,8.6497,251.0,19521.0,2422.8594
3026,8.7153,8.7398,2.0272,8.0333,255.0,18177.0,2422.8594
3027,7.98,6.5208,1.8572,8.4053,252.0,17677.0,2422.8594
3028,8.512,8.6705,1.9452,7.6856,252.0,18163.0,2422.8594
3029,7.5942,6.4877,1.7517,8.3894,250.0,17675.0,2422.8594
3030,8.4855,8.8482,2.087,8.4085,256.0,22824.0,2422.8594
3031,8.3399,6.5151,2.0981,8.5202,258.0,36998.0,2422.8594
3032,8.5842,8.429,2.1982,7.233,256.0,45135.0,2422.8594
3033,7.1729,6.587,1.9199,8.322,252.0,26955.0,2422.8594
3034,8.417,8.8459,2.2768,8.9954,251.0,28939.0,2422.8594
3035,9.0073,6.5325,2.3059,9.1416,252.0,28063.0,2422.8594
3036,9.1283,8.4186,2.3952,7.8468,249.0,17199.0,2422.8594
3037,7.8794,8.8966,2.4104,11.9308,252.0,17235.0,2422.8594
3038,11.9286,6.6392,2.9536,9.3404,254.0,17215.0,2422.8594
3039,9.4133,6.6392,3.0201,8.1697,254.0,22447.0,2422.8594
3040,8.0032,8.0746,2.4914,8.4149,255.0,29379.0,2422.8594
3041,8.5533,6.5694,2.2962,9.5924,255.0,32945.0,2422.8594
3042,9.4759,7.6343,2.4301,7.6901,251.0,38443.0,2422.8594
3043,7.7408,7.7355,2.5899,9.1933,251.0,17357.0,2422.8594
3044,9.1194,7.6027,2.6461,6.939,253.0,20037.0,2422.8594
3045,7.0507,7.2707,2.0037,9.3059,251.0,20231.0,2422.8594
3046,9.1618,7.6475,1.9552,7.5943,253.0,19723.0,2422.8594
3047,7.8263,6.8102,2.2162,8.6046,254.0,21899.0,2422.8594
3048,8.4076,8.0734,2.2984,7.6551,251.0,17959.0,2422.8594
3049,7.7505,7.1656,2.505,8.4945,250.0,21627.0,2422.8594
3050,8.3969,7.9147,2.0459,7.2006,251.0,23479.0,2422.8594
3051,7.244,6.6249,2.3705,8.4524,252.0,23551.0,2422.8594
3052,8.4275,8.6001,2.2897,8.0871,252.0,22815.0,2422.8594
3053,8.0949,6.568,2.1972,8.2512,252.0,21065.0,2422.8594
3054,8.2467,7.9281,2.3868,7.9518,254.0,20927.0,2422.8594
3055,7.9398,6.5628,2.8832,8.212,256.0,21747.0,2422.8594
3056,8.2262,8.6667,2.5377,7.8559,242.0,16399.0,2422.8594
3057,7.8137,6.6019,1.6831,8.7742,235.0,18487.0,2422.8594
3058,8.8234,8.1889,2.2902,7.6763,253.0,16669.0,2422.8594
3059,7.6046,6.4978,1.746,7.6716,253.0,19999.0,2422.8594
3060,7.7316,8.7054,2.276,8.868,250.0,33213.0,2422.8594
3061,8.8502,6.5693,1.7231,8.1485,251.0,18983.0,2422.8594
3062,8.1652,8.7399,1.9371,8.3533,249.0,17521.0,2422.8594
3063,8.3467,6.5371,1.6775,8.4175,252.0,18838.0,2422.8594
3064,8.4533,8.5313,1.8202,7.1244,250.0,15785.0,2422.8594
3065,7.0905,6.5571,1.932,8.4931,249.0,17481.0,2422.8594
3066,8.5342,8.6488,1.9895,7.8856,251.0,20278.0,2422.8594
3067,7.8406,6.6031,1.9389,7.8984,251.0,20654.0,2422.8594
3068,7.9631,8.5456,2.0873,8.1772,252.0,23355.0,2422.8594
3069,8.1349,6.536,2.3527,8.0703,254.0,21909.0,2422.8594
3070,8.0913,8.8536,1.9421,8.3543,259.0,21272.0,2422.8594
3071,8.3112,6.5007,1.9122,8.2237,258.0,27981.0,2422.8594
3072,8.2683,8.7282,2.152,7.834,254.0,24038.0,2422.8594
3073,7.7675,6.5274,1.8666,8.3254,231.0,19033.0,2422.8594
3074,8.3833,8.7906,1.9725,8.3721,254.0,18649.0,2422.8594
3075,8.3417,6.5039,1.8074,8.4343,251.0,20427.0,2422.8594
3076,8.5097,8.1609,2.3002,7.6013,249.0,19627.0,2422.8594
3077,7.5026,6.5624,1.8125,8.0158,252.0,18089.0,2422.8594
3078,8.1018,8.3776,2.0493,8.2643,250.0,18779.0,2422.8594
3079,8.1933,6.9618,1.9938,7.7794,251.0,20043.0,2422.8594
3080,7.8849,7.1105,2.2713,8.7464,251.0,18669.0,2422.8594
3081,8.6695,7.9207,2.2549,7.9939,250.0,24107.0,2422.8594
3082,8.0788,6.7823,2.3121,8.5265,252.0,28484.0,2422.8594
3083,8.4121,6.9911,1.8642,7.4908,249.0,20929.0,2422.8594
3084,7.6456,7.5079,2.1737,9.0714,252.0,33014.0,2422.8594
3085,8.94,7.5777,2.1914,7.1107,237.0,18057.0,2422.8594
3086,7.1825,7.3365,2.1638,9.4342,224.0,15463.0,2422.8594
3087,9.3806,8.0603,2.1978,6.5617,219.0,15163.0,2422.8594
3088,6.5953,7.142,2.2006,8.85,219.0,15115.0,2422.8594
3089,8.8007,6.5417,2.0596,7.6946,231.0,15953.0,2422.8594
3090,7.7512,6.6303,2.3913,9.1066,229.0,15785.0,2422.8594
3091,9.0929,8.3606,2.1671,8.3685,253.0,17593.0,2422.8594
3092,8.444,6.5325,2.3279,8.9627,249.0,17199.0,2422.8594
3093,8.8578,8.0044,2.4386,7.7902,251.0,17223.0,2422.8594
3094,7.8538,6.6024,2.3765,9.0524,251.0,17223.0,2422.8594
3095,9.0577,7.8961,2.2322,7.4168,252.0,17235.0,2422.8594
3096,7.3879,6.6165,2.6287,9.1968,251.0,17223.0,2422.8594
3097,9.1803,7.2564,2.5055,6.8526,252.0,18163.0,2422.8594
3098,6.8675,6.6186,2.8909,10.2955,250.0,19995.0,2422.8594
3099,10.376,8.836,2.4114,6.8634,264.0,34983.0,2422.8594
3100,6.8329,6.5277,2.4643,9.3569,250.0,24997.0,2422.8594
3101,9.259,8.7724,2.1001,6.599,249.0,23987.0,2422.8594
3102,6.6583,6.5179,2.1891,9.801,254.0,17679.0,2422.8594
3103,9.7935,7.3798,2.5037,7.3432,253.0,19523.0,2422.8594
3104,7.3863,6.6368,2.606,9.1428,256.0,18167.0,2422.8594
3105,9.1063,8.4439,3.3826,7.4864,254.0,17701.0,2422.8594
3106,7.512,6.6048,2.6251,9.9566,253.0,18153.0,2422.8594
3107,9.9131,7.3629,2.3701,7.4747,255.0,17713.0,2423.1094
3108,7.525,6.9041,2.2083,9.559,257.0,22836.0,2423.1094
3109,9.4834,8.0017,2.4007,8.5488,254.0,36950.0,2423.1094
3110,8.6299,7.1015,2.4591,8.2365,255.0,45123.0,2423.1094
3111,8.1925,6.9608,2.0766,7.5011,251.0,26943.0,2423.1094
3112,7.5715,6.7406,2.0917,8.9038,251.0,28939.0,2423.1094
3113,8.8286,7.8684,2.0288,7.5196,253.0,28075.0,2423.1094
3114,7.495,6.71,2.0174,8.7691,253.0,17247.0,2423.1094
3115,8.7509,7.5841,2.2293,7.2317,250.0,17211.0,2423.1094
3116,7.2948,7.1457,2.3492,8.9237,252.0,17235.0,2423.1094
3117,8.9158,8.0867,2.4762,7.2663,252.0,22467.0,2423.1094
3118,7.2593,6.5345,2.2117,10.588,256.0,29391.0,2423.1094
3119,10.591,8.0049,3.133,8.1071,255.0,32923.0,2423.1094
3120,8.1102,7.1989,2.8376,9.6276,254.0,38457.0,2423.1094
3121,9.6668,7.0982,3.8236,8.443,252.0,17369.0,2423.1094
3122,8.4424,7.955,2.8418,9.3995,254.0,20027.0,2423.1094
3123,9.3877,6.9531,2.2056,8.6071,253.0,20233.0,2423.1094
3124,8.7589,8.8839,2.3514,8.5419,253.0,19723.0,2423.1094
3125,8.433,6.6111,2.3552,8.6629,254.0,21899.0,2423.1094
3126,8.715,7.9946,2.5047,9.1374,251.0,17959.0,2423.1094
3127,9.0463,6.6215,2.2181,8.0075,251.0,21639.0,2423.1094
3128,7.9861,8.8497,3.117,7.9407,251.0,23479.0,2423.1094
3129,8.0201,6.5978,2.6106,8.1562,250.0,23527.0,2423.1094
3130,8.1148,8.9388,2.663,9.3004,252.0,22815.0,2423.1094
3131,9.3886,6.5705,2.0631,7.5977,254.0,21089.0,2423.1094
3132,7.4835,8.7482,1.9225,8.9998,251.0,20935.0,2423.1094
3133,8.9866,6.6689,1.9338,9.2808,251.0,21731.0,2423.1094
3134,9.2924,8.8615,2.3372,7.1131,241.0,16387.0,2423.1094
3135,7.0725,6.3805,1.9609,7.8531,239.0,18513.0,2423.1094
3136,7.9252,8.4683,2.1177,7.9269,254.0,18007.0,2423.1094
3137,7.8683,6.2792,1.9287,7.8922,253.0,18747.0,2423.1094
3138,8.0454,8.4589,2.0124,7.5931,254.0,33191.0,2423.1094
3139,7.4468,6.2004,2.1358,9.7376,252.0,18973.0,2423.1094
3140,9.7167,7.8184,1.8568,8.0458,252.0,17557.0,2423.1094
3141,8.0839,6.3518,1.9924,7.7171,251.0,18826.0,2423.1094
3142,7.7697,9.1708,2.3385,8.1453,252.0,15761.0,2423.1094
3143,8.1021,6.7072,2.1326,7.7702,252.0,17613.0,2423.1094
3144,7.7753,8.4064,2.1832,8.7377,253.0,20254.0,2423.1094
3145,8.6862,6.5494,1.6519,7.8959,251.0,20702.0,2423.1094
3146,7.9801,8.9268,2.1402,9.0098,252.0,23355.0,2423.1094
3147,8.9404,6.3129,2.0095,7.5902,253.0,21897.0,2423.1094
3148,7.8619,8.7477,2.4963,8.887,251.0,21220.0,2423.1094
3149,8.6576,7.2019,3.5385,7.9554,250.0,27929.0,2423.1094
3150,7.992,7.8614,2.557,8.2001,253.0,23978.0,2423.1094
3151,8.1308,6.2389,1.9873,6.8386,236.0,19535.0,2423.1094
3152,6.8553,7.8852,1.9384,8.8655,256.0,18283.0,2423.1094
3153,8.7931,6.6213,1.8359,6.6581,252.0,20807.0,2423.1094
3154,6.7689,6.4596,1.9124,9.338,253.0,19285.0,2423.1094
3155,9.3257,7.4541,2.282,6.1787,252.0,18067.0,2423.1094
3156,6.1059,6.189,2.2611,7.6413,251.0,19479.0,2423.1094
3157,7.676,8.1702,2.4593,7.7476,251.0,19505.0,2423.1094
3158,7.6907,6.192,1.5581,8.6578,251.0,18669.0,2423.1094
3159,8.7098,8.5954,2.1058,7.3555,249.0,23945.0,2423.1094
3160,7.35,6.2176,2.099,8.9559,251.0,28472.0,2423.1094
3161,8.9913,8.7425,2.0681,7.2373,252.0,20965.0,2423.1094
3162,7.1788,6.2179,1.9057,8.0686,251.0,33002.0,2423.1094
3163,8.1833,6.2919,2.1895,9.8097,234.0,17877.0,2423.1094
3164,9.7512,6.2919,2.2676,8.5386,220.0,15459.0,2423.1094
3165,8.5787,8.6189,2.5628,7.6889,216.0,15171.0,2423.1094
3166,7.6927,6.218,2.3659,8.6761,220.0,15127.0,2423.1094
3167,8.6665,8.5029,2.1833,7.3945,236.0,16087.0,2423.1094
3168,7.3626,6.2864,2.0855,7.5765,228.0,15655.0,2423.1094
3169,7.68,8.6111,2.8446,9.6623,254.0,17605.0,2423.1094
3170,9.6012,6.4975,3.3763,9.4384,254.0,17237.0,2423.1094
3171,9.5252,8.1815,2.3035,6.7623,252.0,17213.0,2423.1094
3172,6.6292,6.1597,1.9643,7.5834,249.0,17199.0,2423.1094
3173,7.5922,8.232,1.9277,8.3324,250.0,17211.0,2423.1094
3174,8.308,6.2613,1.6694,7.6645,249.0,17199.0,2423.1094
3175,7.6952,8.4997,1.696,7.5987,251.0,18151.0,2423.1094
3176,7.5934,6.1784,1.8472,6.6893,249.0,19983.0,2423.1094
3177,6.7552,7.7571,2.0967,8.8515,261.0,34947.0,2423.1094
3178,8.7815,6.7203,2.2323,6.8507,250.0,24997.0,2423.1094
3179,6.9303,6.2866,2.2761,8.0772,251.0,24011.0,2423.1094
3180,8.0561,8.3731,2.3625,8.9341,250.0,17675.0,2423.1094
3181,9.0858,6.3345,2.6686,7.3803,250.0,19531.0,2423.1094
3182,7.2267,7.6265,2.2958,7.9941,254.0,18143.0,2423.1094
3183,8.0619,6.2846,2.7683,8.7462,255.0,17691.0,2423.1094
3184,8.6866,7.9946,2.2877,7.5733,255.0,18155.0,2423.1094
3185,7.5115,6.2833,2.2498,8.0174,252.0,17677.0,2423.1094
3186,8.0196,7.9656,2.5045,7.3552,258.0,22826.0,2423.1094
3187,7.315,6.1744,1.8119,7.7616,257.0,36964.0,2423.1094
3188,7.8275,8.6121,2.2126,8.4967,255.0,45123.0,2423.1094
3189,8.4706,6.2302,2.0667,7.8377,252.0,26955.0,2423.1094
3190,7.8741,8.3422,2.1091,7.0109,251.0,28939.0,2423.1094
3191,6.9508,6.2634,1.7059,8.1099,251.0,28051.0,2423.1094
3192,8.2256,8.2333,1.8333,7.5778,250.0,17211.0,2423.1094
3193,7.463,6.1985,1.863,7.8891,253.0,17247.0,2423.1094
3194,7.962,7.9241,1.9938,7.3981,249.0,17199.0,2423.1094
3195,7.3226,6.1604,1.7004,7.5563,252.0,22467.0,2423.1094
3196,7.6922,6.2229,1.8488,8.4976,251.0,29375.0,2423.1094
3197,8.3358,7.1505,1.9826,6.7418,250.0,32907.0,2423.1094
3198,6.8716,6.1993,2.5495,8.0305,254.0,38457.0,2423.1094
3199,7.9751,8.0096,2.3176,7.7092,254.0,17371.0,2423.1094
3200,7.6618,6.2288,2.3273,8.6582,257.0,20041.0,2423.1094
3201,8.7227,8.4304,2.3276,6.9655,252.0,20221.0,2423.1094
3202,6.9161,6.2074,1.6891,7.9474,257.0,19749.0,2423.1094
3203,8.0075,8.516,1.8658,7.9344,253.0,21865.0,2423.1094
3204,7.8332,6.1972,1.5792,7.4645,251.0,17959.0,2423.1094
3205,7.595,8.4276,2.1244,8.0759,251.0,21639.0,2423.1094
3206,8.1198,6.2084,2.2412,8.1492,252.0,23491.0,2423.1094
3207,8.118,8.3845,2.7131,7.5148,251.0,23539.0,2423.1094
3208,7.4527,6.7965,2.0939,7.6684,250.0,22791.0,2423.1094
3209,7.6948,6.8574,2.1107,8.755,251.0,21053.0,2423.1094
3210,8.7398,6.6701,2.315,7.1416,252.0,20947.0,2423.1094
3211,7.2199,6.4136,2.763,9.6279,250.0,21719.0,2423.1094
3212,9.7622,7.6393,2.3514,6.7943,240.0,16467.0,2423.1094
3213,6.6258,6.178,2.3647,8.2094,248.0,20801.0,2423.1094
3214,8.1368,7.8564,2.2395,6.517,255.0,16767.0,2423.1094
3215,6.4788,6.2836,1.8327,8.2153,255.0,22165.0,2423.1094
3216,8.3309,8.5358,2.4901,7.6448,254.0,29813.0,2423.1094
3217,7.6033,6.2112,1.7307,8.5234,252.0,19167.0,2423.1094
3218,8.5597,8.6398,1.8362,7.7378,252.0,17257.0,2423.1094
3219,7.6702,6.2179,2.5632,8.9428,255.0,17992.0,2423.1094
3220,8.9919,8.1696,1.912,6.2385,249.0,17543.0,2423.1094
3221,6.199,6.2407,1.762,8.6631,250.0,18035.0,2423.1094
3222,8.728,8.5342,2.2253,7.9585,253.0,19152.0,2423.1094
3223,7.9748,6.2625,2.4149,7.8,251.0,21082.0,2423.1094
3224,7.8038,8.3229,2.6085,7.3032,255.0,24272.0,2423.1094
3225,7.2243,6.2673,1.977,7.8459,254.0,21813.0,2423.1094
3226,7.9046,8.0554,2.1209,8.0072,251.0,21693.0,2423.1094
3227,7.9163,6.6755,1.9956,6.7716,253.0,29278.0,2423.1094
3228,6.8811,6.1967,2.5116,8.3708,232.0,19609.0,2423.1094
3229,8.3393,7.8403,2.3091,7.6817,234.0,19747.0,2423.1094
3230,7.7347,6.2749,3.3618,8.8518,253.0,19671.0,2423.1094
3231,8.7882,7.7488,2.8527,7.5278,254.0,19385.0,2423.1094
3232,7.6053,6.3183,2.6291,8.0769,255.0,19287.0,2423.1094
3233,8.0234,8.3791,2.2692,7.2434,252.0,18435.0,2423.1094
3234,7.1912,6.2168,1.9502,8.1541,253.0,19263.0,2423.1094
3235,8.1888,8.665,2.2857,8.0696,251.0,19483.0,2423.1094
3236,8.0606,6.1967,1.9345,8.0458,252.0,19935.0,2423.1094
3237,8.1001,8.3234,2.4325,7.9532,248.0,25525.0,2423.1094
3238,7.9288,6.2881,1.8548,8.4543,253.0,25772.0,2423.1094
3239,8.4739,8.5077,1.9525,7.5053,250.0,20573.0,2423.1094
3240,7.4737,6.2237,2.1468,8.3391,250.0,32990.0,2423.1094
3241,8.3914,8.5,1.8821,7.346,235.0,17793.0,2423.1094
3242,7.2903,6.2378,2.0687,8.0597,222.0,15483.0,2423.1094
3243,8.0964,8.4903,2.1236,7.6731,217.0,15183.0,2423.1094
3244,7.6174,6.178,2.3376,7.5562,215.0,15111.0,2423.1094
3245,7.6119,6.8637,2.2464,7.701,234.0,16203.0,2423.1094
3246,7.6698,6.8158,2.0794,7.5693,225.0,15523.0,2423.1094
3247,8.0879,6.2187,3.184,8.7695,255.0,17595.0,2423.1094
3248,8.3088,8.1109,3.1821,7.3725,255.0,17227.0,2423.1094
3249,7.3417,6.366,2.4553,7.8613,252.0,17213.0,2423.1094
3250,7.9797,8.7663,2.3789,7.8348,253.0,17225.0,2423.1094
3251,7.69,6.254,2.4066,7.8908,255.0,17249.0,2423.1094
3252,7.9116,7.941,2.3799,8.0332,249.0,17199.0,2423.1094
3253,8.0105,6.2661,2.6308,7.6379,249.0,18127.0,2423.1094
3254,7.6609,8.3499,2.4981,7.3089,252.0,20019.0,2423.1094
3255,7.3314,6.1697,2.7395,8.2798,261.0,34947.0,2423.1094
3256,8.2503,8.4826,2.0959,7.4989,253.0,25033.0,2423.1094
3257,7.4773,6.2205,2.6521,7.7786,252.0,24023.0,2423.1094
3258,7.804,8.4919,2.0866,8.1451,251.0,17687.0,2423.1094
3259,8.1025,6.2026,1.9879,7.8103,250.0,19531.0,2423.1094
3260,7.9164,7.943,1.9987,8.6871,251.0,18151.0,2423.1094
3261,9.1655,6.7544,2.8273,6.7361,251.0,17687.0,2423.1094
3262,6.2092,6.9725,2.4216,8.4004,257.0,18179.0,2423.1094
3263,8.3474,6.7478,2.0929,6.9523,255.0,17691.0,2423.1094
3264,7.0076,6.1891,2.2772,10.3831,259.0,22816.0,2423.1094
3265,10.3832,8.6879,2.482,6.4641,257.0,36964.0,2423.1094
3266,6.6075,6.4573,3.1544,8.264,259.0,45149.0,2423.1094
3267,8.0831,6.8231,2.0694,6.6866,254.0,26957.0,2423.1094
3268,6.6876,6.1999,1.9872,9.1582,252.0,28951.0,2423.1094
3269,9.1748,8.3591,2.3417,6.4325,252.0,28063.0,2423.1094
3270,6.399,6.1831,1.7186,8.0789,250.0,17211.0,2423.1094
3271,8.1259,8.6247,1.7601,7.8295,250.0,17211.0,2423.1094
3272,7.7781,6.2326,1.8386,8.1138,250.0,17211.0,2423.1094
3273,8.1259,8.6674,1.8665,7.7184,250.0,22443.0,2423.1094
3274,7.6871,6.2147,1.5184,8.3284,250.0,29363.0,2423.1094
3275,8.4136,8.1636,1.886,7.3803,249.0,32895.0,2423.1094
3276,7.2788,6.2795,1.7656,7.2165,249.0,38441.0,2423.1094
3277,7.3473,7.9151,2.081,8.2081,249.0,17355.0,2423.1094
3278,8.1212,6.7959,2.1899,6.8062,255.0,20017.0,2423.1094
3279,6.9764,6.4631,2.3413,9.4675,254.0,20223.0,2423.1094
3280,9.3703,6.8195,2.4475,9.5698,258.0,19739.0,2423.1094
3281,9.6109,6.8195,1.9598,6.4073,257.0,21913.0,2423.1094
3282,6.2858,7.6468,1.9062,6.6054,254.0,17973.0,2423.1094
3283,6.5843,6.2512,2.0913,8.1002,252.0,21629.0,2423.1094
3284,8.1521,8.3646,2.3346,7.3158,252.0,23491.0,2423.1094
3285,7.2831,6.1809,1.6623,8.0912,249.0,23515.0,2423.1094
3286,8.1493,8.5981,3.5542,7.8568,249.0,22779.0,2423.1094
3287,7.7574,6.1405,1.5293,8.0191,252.0,21065.0,2423.1094
3288,8.1693,8.4412,1.9408,7.5013,252.0,20947.0,2423.1094
3289,7.4181,6.1879,1.8341,8.116,251.0,21731.0,2423.1094
3290,8.1951,8.3958,2.1858,7.8006,245.0,17135.0,2423.1094
3291,7.7424,6.2313,2.0767,7.7786,249.0,20301.0,2423.1094
3292,7.8181,8.2553,2.1961,7.6688,243.0,16571.0,2423.1094
3293,7.5703,6.248,1.9277,6.9267,250.0,22149.0,2423.1094
3294,7.0803,6.8644,1.8376,8.3335,255.0,30301.0,2423.1094
3295,8.2487,7.5316,1.9132,6.1482,256.0,18765.0,2423.1094
3296,6.1114,6.2909,1.9405,9.2442,253.0,17199.0,2423.1094
3297,9.2707,8.3092,2.3597,6.4485,253.0,17968.0,2423.1094
3298,6.3882,6.1709,1.6486,8.172,251.0,17545.0,2423.1094
3299,8.2211,8.4143,1.8638,7.5432,253.0,18097.0,2423.1094
3300,7.5419,6.2329,2.3732,7.589,253.0,19152.0,2423.1094
3301,7.7937,8.3765,1.9727,7.9904,253.0,21106.0,2423.1094
3302,7.7958,6.21,1.7376,7.219,253.0,24248.0,2423.1094
3303,7.3543,8.4855,2.0987,8.6059,255.0,21825.0,2423.1094
3304,8.4781,6.1819,2.0492,8.1518,251.0,21693.0,2423.1094
3305,8.1916,8.1704,2.0075,7.7898,254.0,29290.0,2423.1094
3306,7.9306,6.2661,2.7363,6.3374,234.0,19681.0,2423.1094
3307,6.3142,7.4989,2.4741,9.2918,241.0,20283.0,2423.1094
3308,9.1534,6.5914,2.037,6.4277,250.0,19761.0,2423.1094
3309,6.5062,6.2169,2.7609,9.2435,253.0,19395.0,2423.1094
3310,9.1589,7.6685,2.1135,6.5194,255.0,18919.0,2423.1094
3311,6.4504,6.1227,1.587,7.8656,253.0,18575.0,2423.1094
3312,7.9947,8.7139,2.5485,8.2222,254.0,19717.0,2423.1094
3313,8.1075,6.2109,1.714,8.2949,251.0,20273.0,2423.1094
3314,8.3595,8.6476,2.2195,7.5181,254.0,18657.0,2423.1094
3315,7.5035,6.2219,2.2053,9.4189,247.0,25127.0,2423.1094
3316,9.5095,8.6105,2.2833,6.4503,251.0,25748.0,2423.1094
3317,6.3493,6.2224,1.778,8.0552,253.0,20609.0,2423.1094
3318,8.0812,8.4291,1.892,7.4818,251.0,33002.0,2423.1094
3319,7.3983,6.1584,1.6287,8.0648,231.0,17745.0,2423.1094
3320,8.2239,8.2427,2.1072,6.9977,221.0,15471.0,2423.1094
3321,6.878,6.1881,1.8273,7.9113,216.0,15171.0,2423.1094
3322,8.0017,6.8285,2.1571,7.8779,215.0,15111.0,2423.1094
3323,7.7661,6.5822,1.905,6.2934,237.0,16335.0,2423.1094
3324,6.3057,6.2039,1.9154,7.9738,222.0,15435.0,2423.1094
3325,7.986,8.5893,2.3372,8.4348,251.0,17591.0,2423.1094
3326,8.4162,6.1196,1.7799,7.146,256.0,17239.0,2423.1094
3327,7.2264,8.3917,2.1813,8.9205,255.0,17227.0,2423.1094
3328,8.8895,6.1943,1.8516,7.6484,255.0,17227.0,2423.1094
3329,7.6705,8.3446,2.2427,7.717,254.0,17237.0,2423.1094
3330,7.6703,6.1519,1.6938,7.4554,252.0,17213.0,2423.1094
3331,7.6226,8.471,2.2643,8.4656,252.0,18141.0,2423.1094
3332,8.3067,6.2335,1.6774,7.8033,251.0,20007.0,2423.1094
3333,7.8928,8.2228,1.8064,7.7171,262.0,34959.0,2423.1094
3334,7.6577,6.2661,2.1977,7.361,251.0,25009.0,2423.1094
3335,7.4074,8.4686,1.9213,8.3291,252.0,24023.0,2423.1094
3336,8.2551,6.2106,2.6536,7.2141,252.0,17699.0,2423.1094
3337,7.2879,6.3418,2.0111,8.3538,251.0,19543.0,2423.1094
3338,8.3233,7.7733,2.264,6.6218,251.0,18151.0,2423.1094
3339,6.6686,6.2646,2.2237,8.1572,250.0,17675.0,2423.1094
3340,8.11,8.424,2.4067,7.8107,252.0,18163.0,2423.1094
3341,7.7661,6.1579,1.797,8.0821,253.0,17711.0,2423.1094
3342,8.1678,8.5591,2.5112,7.4249,260.0,22828.0,2423.1094
3343,7.3642,6.1655,1.7207,9.1509,258.0,36954.0,2423.1094
3344,9.2846,8.5273,1.9246,6.4965,260.0,45139.0,2423.1094
3345,6.387,6.2385,1.8158,8.6845,254.0,26957.0,2423.1094
3346,8.7622,8.7138,2.156,7.4886,253.0,28941.0,2423.1094
3347,7.3954,6.2035,1.9449,8.6282,254.0,28065.0,2423.1094
3348,8.686,8.1935,2.218,6.8256,252.0,17235.0,2423.1094
3349,6.7583,8.0064,1.8861,11.2361,250.0,17211.0,2423.1094
3350,11.2911,8.0064,2.0733,6.8004,251.0,17223.0,2423.1094
3351,6.8306,6.1674,2.0766,7.6082,250.0,22443.0,2423.1094
3352,7.5672,8.1663,2.0887,7.1524,252.0,29387.0,2423.1094
3353,7.153,6.2405,2.1822,7.8095,251.0,32919.0,2423.1094
3354,7.8008,7.9431,2.1772,9.1372,381.0,43869.0,2423.1094
3355,9.2228,6.2251,2.278,8.7466,335.0,19125.0,2423.1094
3356,8.703,10.1517,2.5513,8.911,280.0,13429.0,2423.1094
3357,8.8591,7.6436,1.7755,9.8368,319.0,19061.0,2423.1094
3358,9.8665,8.8502,2.0136,7.6041,319.0,17975.0,2423.1094
3359,7.6189,6.8105,2.1043,8.2118,321.0,17993.0,2423.1094
3360,8.2625,9.0063,2.2093,8.4987,325.0,19837.0,2423.1094
3361,8.4435,6.7996,1.6056,9.5532,317.0,17331.0,2423.1094
3362,9.5567,9.0196,1.7544,7.4929,319.0,19931.0,2423.1094
3363,7.3919,6.7706,2.2148,8.6128,318.0,20715.0,2423.1094
3364,8.7091,8.8919,2.0661,7.7572,316.0,21449.0,2423.1094
3365,7.739,6.7863,1.7918,8.4052,316.0,20119.0,2423.1094
3366,8.5957,8.9601,2.1772,8.694,318.0,18597.0,2423.1094
3367,8.4932,6.7642,1.7951,7.6713,320.0,20275.0,2423.1094
3368,7.7147,8.9023,1.7953,8.2885,315.0,16457.0,2423.1094
3369,8.1984,6.7158,1.7388,8.0978,310.0,15705.0,2423.1094
3370,8.2744,8.9924,1.9867,8.5119,309.0,14647.0,2423.1094
3371,8.3726,6.7585,1.9133,8.8442,317.0,19145.0,2423.1094
3372,8.9128,8.6755,2.0094,7.5089,318.0,24663.0,2423.1094
3373,7.4569,6.7724,1.9784,8.4872,313.0,15439.0,2423.1094
3374,8.5643,8.3797,2.4925,9.0853,322.0,16500.0,2423.1094
3375,9.0349,6.9014,3.2619,8.3626,320.0,15439.0,2423.1094
3376,8.3857,8.9749,2.0388,8.4931,321.0,14093.0,2423.1094
3377,8.5138,6.8505,2.2582,8.0116,320.0,18470.0,2423.1094
3378,7.9676,9.3597,2.0573,8.6118,320.0,16968.0,2423.1094
3379,8.5694,6.804,2.4827,8.8041,322.0,18096.0,2423.1094
3380,8.8488,8.694,2.1715,7.6321,323.0,23989.0,2423.1094
3381,7.5808,6.7541,1.7226,8.775,317.0,17963.0,2423.1094
3382,8.8901,9.1216,2.3693,8.7479,319.0,23794.0,2423.1094
3383,8.642,6.7375,2.1159,8.4155,310.0,20061.0,2423.1094
3384,8.4756,9.0034,2.3553,7.936,318.0,18959.0,2423.1094
3385,7.9091,6.8658,2.0697,8.8049,316.0,17335.0,2423.1094
3386,8.8729,9.2011,2.1873,7.9416,317.0,17777.0,2423.1094
3387,7.8828,6.765,1.8481,9.0245,317.0,17029.0,2423.1094
3388,9.1083,8.9565,1.9507,8.0072,319.0,15707.0,2423.1094
3389,7.9139,6.7368,1.845,8.2853,316.0,19157.0,2423.1094
3390,8.3339,9.0309,2.092,8.5659,323.0,16369.0,2423.1094
3391,8.5078,6.7391,1.8902,7.8366,320.0,22431.0,2423.1094
3392,7.8945,8.9002,1.8117,8.5589,305.0,22418.0,2423.1094
3393,8.4882,6.7669,1.7661,8.1647,320.0,18587.0,2423.1094
3394,8.2079,9.0286,2.0994,9.3067,322.0,22519.0,2423.1094
3395,9.3329,6.7518,1.8964,8.6534,315.0,26834.0,2423.1094
3396,8.6516,8.7419,2.4396,7.0268,283.0,13125.0,2423.1094
3397,7.006,6.7785,1.6436,7.9449,285.0,13101.0,2423.1094
3398,7.9601,9.0219,2.0427,8.3455,281.0,13053.0,2423.1094
3399,8.2471,6.7271,1.5456,8.5831,302.0,14217.0,2423.1094
3400,8.6511,8.6275,1.8975,8.3456,316.0,15521.0,2423.1094
3401,8.3353,6.6992,1.7374,7.886,316.0,15153.0,2423.1094
3402,7.8606,8.7801,1.9603,8.0427,322.0,15225.0,2423.1094
3403,8.0032,6.7114,1.6899,9.1355,317.0,15165.0,2423.1094
3404,9.2444,8.7294,1.8477,7.6867,318.0,15177.0,2423.1094
3405,7.594,6.6943,2.3156,8.6718,316.0,15153.0,2423.1094
3406,8.7742,8.9433,2.3649,7.8571,321.0,15169.0,2423.1094
3407,7.8462,6.8063,1.9577,8.3272,328.0,29495.0,2423.1094
3408,8.5423,9.1086,2.2638,8.3131,324.0,24519.0,2423.1094
3409,8.0361,6.7556,1.6227,10.6338,319.0,21779.0,2423.1094
3410,10.7164,8.8979,2.1754,7.3608,318.0,15619.0,2423.1094
3411,7.3851,6.7546,2.043,9.3812,320.0,16107.0,2423.1094
3412,9.3743,9.0418,2.1051,6.9102,316.0,15617.0,2423.1094
3413,6.8771,6.7564,1.9867,9.7052,315.0,15605.0,2423.1094
3414,9.6876,9.0581,2.2425,7.3058,317.0,16093.0,2423.1094
3415,7.2518,6.8275,1.8033,8.3381,321.0,19371.0,2423.1094
3416,8.4078,8.9759,2.1004,8.7323,324.0,25615.0,2423.1094
3417,8.7194,6.7981,1.8855,8.2327,321.0,31893.0,2423.1094
3418,8.4346,9.2796,2.3134,8.6023,320.0,23561.0,2423.1094
3419,8.4538,6.8158,1.9505,8.5152,319.0,15189.0,2423.1094
3420,8.5259,8.2523,2.2899,8.3924,318.0,21889.0,2423.1094
3421,8.2638,6.7281,1.7056,8.1299,320.0,15201.0,2423.1094
3422,8.1766,9.3854,2.2152,8.7432,323.0,15193.0,2423.1094
3423,8.7072,6.7149,1.7531,8.6312,320.0,15157.0,2423.1094
3424,8.6897,8.9713,2.3917,7.9922,321.0,15169.0,2423.1094
3425,7.993,6.7538,1.8147,8.9925,321.0,16879.0,2423.1094
3426,8.994,9.2048,2.3972,7.8618,318.0,18493.0,2423.1094
3427,7.8553,6.7493,1.8949,8.0321,320.0,16023.0,2423.1094
3428,8.0106,9.1281,2.3806,8.6857,315.0,15309.0,2423.1094
3429,8.6906,6.8126,1.9951,8.6052,316.0,18207.0,2423.1094
3430,8.6348,8.16,2.4694,8.1426,307.0,18063.0,2423.1094
3431,8.12,6.7533,2.0714,8.2002,300.0,15905.0,2423.1094
3432,8.2307,9.2799,2.294,9.3185,320.0,18937.0,2423.1094
3433,9.4015,6.8217,2.406,8.0423,317.0,17857.0,2423.1094
3434,8.0885,8.6999,2.4018,8.1539,320.0,18047.0,2423.1094
3435,8.0082,6.7748,1.781,9.0168,321.0,19387.0,2423.1094
3436,9.0305,7.6737,2.3224,8.0785,317.0,17627.0,2423.1094
3437,8.4326,6.7614,2.7169,8.0978,317.0,20317.0,2423.1094
3438,7.7414,8.7289,2.0921,8.1787,323.0,20037.0,2423.1094
3439,8.1596,6.802,1.7566,10.0461,322.0,21865.0,2423.1094
3440,10.0459,8.8425,1.8184,6.5995,323.0,20179.0,2423.1094
3441,6.572,6.752,1.7186,9.9527,319.0,18389.0,2423.1094
3442,10.0404,9.1168,2.7837,6.7958,318.0,20229.0,2423.1094
3443,6.7151,6.775,1.8403,9.795,320.0,17205.0,2423.1094
3444,9.8772,8.9123,2.2652,7.1531,310.0,15753.0,2423.1094
3445,7.1752,6.7596,2.038,8.6182,309.0,15171.0,2423.1094
3446,8.6718,8.5626,2.4004,8.268,316.0,19493.0,2423.1094
3447,8.1962,6.8262,3.0712,8.365,318.0,23923.0,2423.1094
3448,8.4853,8.9867,2.4569,8.1,321.0,15583.0,2423.1094
3449,7.8838,6.8153,2.228,9.8633,319.0,16460.0,2423.1094
3450,9.931,9.2443,2.4602,7.1347,319.0,15581.0,2423.1094
3451,7.127,7.4296,2.4518,9.8446,315.0,14637.0,2423.1094
3452,9.8585,8.2872,1.9577,6.7117,319.0,18316.0,2423.1094
3453,6.7217,6.8031,1.9819,9.9037,321.0,16882.0,2423.1094
3454,9.8713,8.9762,2.414,7.1282,327.0,21622.0,2423.1094
3455,7.1797,6.8102,2.2069,9.6395,322.0,20751.0,2423.1094
3456,9.6561,8.7663,2.2052,7.6769,322.0,17515.0,2423.1094
3457,7.7895,7.6142,2.3104,9.2453,323.0,25658.0,2423.1094
3458,9.16,8.541,2.2646,7.8642,307.0,18451.0,2423.1094
3459,7.9164,8.4832,2.2806,9.2542,317.0,18767.0,2423.1094
3460,9.0995,7.2619,1.9118,6.6997,317.0,17347.0,2423.1094
3461,6.7399,7.3552,2.1105,9.4008,317.0,17409.0,2423.1094
3462,9.3786,8.1424,2.3572,8.7953,317.0,17179.0,2423.1094
3463,8.8709,7.6025,2.2793,8.3077,318.0,16949.0,2423.1094
3464,8.3347,7.2921,2.0442,8.1851,317.0,17889.0,2423.1094
3465,8.1288,8.1809,2.0279,8.7958,319.0,17929.0,2423.1094
3466,8.751,7.4635,2.0409,6.6582,315.0,20583.0,2423.1094
3467,6.7001,7.0039,1.9085,9.9359,306.0,24626.0,2423.1094
3468,9.9346,8.2262,2.0957,7.5505,317.0,16517.0,2423.1094
3469,7.5558,7.3416,2.7194,9.446,316.0,22469.0,2423.1094
3470,9.3696,8.0682,2.3923,8.3927,319.0,26860.0,2423.1094
3471,8.4584,8.2478,1.8674,7.7094,288.0,13093.0,2423.1094
3472,7.625,6.8076,1.6066,7.7314,286.0,13069.0,2423.1094
3473,7.8355,8.4357,1.6665,9.3707,304.0,14075.0,2423.1094
3474,9.3433,6.7029,2.7922,8.1217,292.0,13595.0,2423.1094
3475,8.1587,8.4069,2.384,8.8539,319.0,15535.0,2423.1094
3476,8.8114,6.7504,2.4236,8.0052,317.0,15165.0,2423.1094
3477,8.0803,7.4326,2.7132,8.4137,320.0,15201.0,2423.1094
3478,8.3331,8.3351,2.0098,8.0259,317.0,15165.0,2423.1094
3479,8.0943,7.469,2.1251,8.6024,320.0,15201.0,2423.1094
3480,8.5474,7.2974,2.0665,8.602,319.0,15189.0,2423.1094
3481,8.6368,7.3965,2.2456,8.1086,320.0,19461.0,2423.1094
3482,8.0815,6.7515,1.8942,8.3747,322.0,27117.0,2423.1094
3483,8.4077,8.1667,2.7186,8.6419,321.0,23875.0,2423.1094
3484,8.5557,6.7499,1.7515,8.0233,319.0,20543.0,2423.1094
3485,8.4179,8.1715,2.5473,8.3055,319.0,16117.0,2423.1094
3486,7.9595,7.2072,2.5933,9.3257,322.0,15645.0,2423.1094
3487,9.3383,8.5727,1.8133,7.3044,321.0,15633.0,2423.1094
3488,7.2619,6.7732,1.7961,7.8892,322.0,15645.0,2423.1094
3489,7.9613,7.6654,2.1692,9.1349,325.0,18014.0,2423.1094
3490,9.1357,7.2991,1.9541,8.4851,321.0,20838.0,2423.1094
3491,8.6063,8.8147,1.9008,8.4716,325.0,25605.0,2423.1094
3492,8.311,6.7233,1.98,7.9045,321.0,30245.0,2423.1094
3493,7.9576,8.4832,2.3335,9.575,319.0,21861.0,2423.1094
3494,9.5546,7.1852,2.2602,8.6365,319.0,15189.0,2423.1094
3495,8.669,9.0215,2.3192,8.472,319.0,21901.0,2423.1094
3496,8.4237,6.8328,2.2177,8.0721,317.0,15165.0,2423.1094
3497,8.1547,9.1438,2.0099,8.2393,319.0,15189.0,2423.1094
3498,8.1283,6.7148,1.757,8.3953,317.0,15165.0,2423.1094
3499,8.4435,7.5178,2.2204,8.5574,316.0,15153.0,2423.1094
3500,8.5447,6.7808,2.7646,7.7868,315.0,17517.0,2423.1094
3501,7.8479,9.0664,1.9375,8.7006,316.0,17803.0,2423.1094
3502,8.6397,6.7584,2.0722,7.8802,318.0,15893.0,2423.1094
3503,7.9457,9.0621,1.9689,8.5572,320.0,15217.0,2423.1094
3504,8.4623,6.7736,2.1375,8.3302,317.0,18031.0,2423.1094
3505,8.4563,8.5618,2.2761,8.5433,310.0,18125.0,2423.1094
3506,8.4294,6.7471,2.0943,7.9914,300.0,15835.0,2423.1094
3507,8.2252,8.8752,2.3214,8.3648,320.0,18915.0,2423.1094
3508,8.102,6.7562,1.6792,8.6226,316.0,17845.0,2423.1094
3509,8.7265,8.8687,2.242,8.3369,319.0,18035.0,2423.1094
3510,8.293,6.822,2.1758,7.759,321.0,19387.0,2423.1094
3511,7.7968,8.7938,2.0201,8.1979,317.0,17627.0,2423.1094
3512,8.1237,6.7736,1.7517,8.1552,316.0,20305.0,2423.1094
3513,8.3012,9.059,2.0918,8.7724,318.0,20021.0,2423.1094
3514,8.7235,6.7231,2.0928,9.5322,317.0,21849.0,2423.1094
3515,9.4945,8.5648,2.3689,7.2466,320.0,20187.0,2423.1094
3516,7.1701,6.7457,2.2589,7.9232,319.0,18411.0,2423.1094
3517,8.0214,8.4336,2.3705,8.7149,316.0,20227.0,2423.1094
3518,8.6379,7.1987,2.4651,9.9699,321.0,17195.0,2423.1094
3519,10.1573,8.8479,2.005,6.4703,317.0,15927.0,2423.1094
3520,6.3284,6.8904,1.8499,8.4495,314.0,15187.0,2423.1094
3521,8.6555,8.9915,1.8289,8.0792,320.0,19433.0,2423.1094
3522,7.8194,6.7895,1.6393,8.8618,318.0,23901.0,2423.1094
3523,8.9665,8.7173,1.944,7.7,319.0,15537.0,2423.1094
3524,7.6145,6.7421,1.7988,8.4289,319.0,16460.0,2423.1094
3525,8.4765,8.3733,1.8826,8.4263,317.0,15763.0,2423.1094
3526,8.4051,6.7834,1.8521,9.0253,317.0,14781.0,2423.1094
3527,9.1889,8.6511,1.7884,7.5026,320.0,18050.0,2423.1094
3528,7.2828,6.787,1.8718,8.1475,321.0,18729.0,2423.1094
3529,8.2285,7.8872,2.2444,8.4885,320.0,19735.0,2423.1094
3530,8.4308,7.2046,2.0215,8.2289,319.0,20711.0,2423.1094
3531,8.2441,9.0218,1.9,8.4454,319.0,17721.0,2423.1094
3532,8.3995,6.7647,1.7094,8.2654,318.0,25996.0,2423.1094
3533,8.3348,8.0107,2.7755,8.4769,308.0,18327.0,2423.1094
3534,8.4447,6.7653,1.7337,9.043,320.0,18413.0,2423.1094
3535,9.163,9.0623,1.7884,7.8034,321.0,17351.0,2423.1094
3536,7.7133,6.8191,2.0027,8.9557,323.0,17437.0,2423.1094
3537,8.97,8.9608,1.9295,7.768,322.0,18621.0,2423.1094
3538,7.7364,6.756,1.8747,8.3312,317.0,15635.0,2423.1094
3539,8.4236,8.5375,2.2479,8.5139,321.0,17791.0,2423.1094
3540,8.4294,6.7179,1.8896,9.5619,320.0,17941.0,2423.1094
3541,9.6286,8.9019,2.1196,6.9601,316.0,22795.0,2423.1094
3542,6.9045,6.7676,1.9495,7.3283,301.0,22734.0,2423.1094
3543,7.3395,8.9291,2.0117,9.0762,315.0,16077.0,2423.1094
3544,9.0393,6.6978,1.8273,7.5422,317.0,22481.0,2423.1094
3545,7.6003,8.6818,2.103,10.0837,318.0,26844.0,2423.1094
3546,10.1441,6.7317,2.0845,7.1291,283.0,13077.0,2423.1094
3547,7.1407,9.0565,2.1002,8.9376,282.0,13065.0,2423.1094
3548,8.8269,6.6796,2.5715,7.9103,297.0,14013.0,2423.1094
3549,8.0371,9.1557,2.1733,8.6455,302.0,14633.0,2423.1094
3550,8.522,6.7662,1.8333,8.6358,320.0,15157.0,2423.1094
3551,8.7103,8.483,2.2444,8.6314,321.0,15169.0,2423.1094
3552,8.5845,6.7629,2.0963,8.2361,321.0,15169.0,2423.1094
3553,8.2974,8.9776,1.9934,8.5832,318.0,15155.0,2423.1094
3554,8.4936,6.7532,1.8136,8.2545,320.0,15179.0,2423.1094
3555,8.321,8.24,2.1158,8.1973,320.0,19439.0,2423.1094
3556,8.1249,6.7643,1.9379,8.1474,315.0,19303.0,2423.1094
3557,8.2582,9.0283,2.3308,8.2895,325.0,27025.0,2423.1094
3558,8.3334,6.7165,1.9712,8.1249,319.0,21179.0,2423.1094
3559,8.0702,9.3678,2.2737,8.9193,317.0,19621.0,2423.1094
3560,8.8577,6.7356,1.924,8.3816,317.0,15629.0,2423.1094
3561,8.3925,8.7446,2.1647,8.1491,318.0,15641.0,2423.1094
3562,8.1185,6.7331,1.9437,7.6647,317.0,15629.0,2423.1094
3563,7.7491,8.9806,2.2352,9.5516,319.0,17500.0,2423.1094
3564,9.4767,6.7675,2.0558,9.0901,322.0,19489.0,2423.1094
3565,9.2639,8.8437,2.1926,8.1476,323.0,22731.0,2423.1094
3566,7.9565,6.708,1.9751,9.4199,327.0,32120.0,2423.1094
3567,9.4461,9.0984,1.8887,6.9975,321.0,18505.0,2423.1094
3568,6.959,6.8438,1.4646,7.9852,325.0,21889.0,2423.1094
3569,8.0334,8.9499,1.9608,8.9482,318.0,15155.0,2423.1094
3570,8.9319,6.8288,2.0514,9.4139,322.0,21915.0,2423.1094
3571,9.5038,8.8133,2.2896,6.8551,319.0,15167.0,2423.1094
3572,6.7812,6.8229,1.9637,8.7866,316.0,15153.0,2423.1094
3573,8.8267,9.1827,1.9386,8.0466,318.0,15177.0,2423.1094
3574,7.9863,6.7917,1.8674,8.6007,321.0,15901.0,2423.1094
3575,8.6329,8.7352,1.9054,7.9582,317.0,19345.0,2423.1094
3576,7.9378,6.7388,2.6131,8.7234,317.0,15479.0,2423.1094
3577,8.8053,8.9498,2.3034,7.4776,308.0,15529.0,2423.1094
3578,7.4049,6.7923,2.027,9.0057,314.0,15353.0,2423.1094
3579,9.0824,9.0957,2.0795,8.2528,313.0,17979.0,2423.1094
3580,8.1557,6.7355,1.9306,8.7192,308.0,18123.0,2423.1094
3581,8.7798,9.2535,2.0357,7.7138,297.0,15309.0,2423.1094
3582,7.6459,6.7507,1.7427,9.0792,323.0,18929.0,2423.1094
3583,9.1226,8.8743,1.9608,8.2305,322.0,17873.0,2423.1094
3584,8.1869,6.8638,1.9177,9.2459,321.0,18015.0,2423.1094
3585,9.3773,9.1225,2.4975,7.5584,320.0,19353.0,2423.1094
3586,7.5185,6.7609,2.0727,9.8541,319.0,17629.0,2423.1094
3587,9.8647,8.8728,2.503,7.5709,317.0,20295.0,2423.1094
3588,7.5664,6.6686,1.8458,8.6231,315.0,19985.0,2423.1094
3589,8.6131,9.1223,2.2362,7.8959,316.0,21837.0,2423.1094
3590,7.8396,6.8383,2.0431,8.4798,320.0,20187.0,2423.1094
3591,8.4912,8.9763,2.2389,8.3938,322.0,18447.0,2423.1094
3592,8.3637,6.8082,1.9851,9.4011,317.0,20239.0,2423.1094
3593,9.535,9.1896,1.9986,7.5323,320.0,17227.0,2423.1094
3594,7.4041,6.7738,1.7488,8.4774,311.0,15899.0,2423.1094
3595,8.529,9.1013,1.7148,8.2291,314.0,15327.0,2423.1094
3596,8.2237,6.7976,1.8942,8.1768,318.0,21715.0,2423.1094
3597,8.1761,9.1722,2.1651,8.4113,317.0,21579.0,2423.1094
3598,8.4056,6.7846,1.9554,10.0004,320.0,15527.0,2423.1094
3599,10.0591,8.8971,2.3987,7.158,324.0,16634.0,2423.1094
3600,7.0676,6.8404,2.5063,8.2568,323.0,16061.0,2423.1094
3601,8.3212,9.2383,2.4337,8.4393,320.0,16262.0,2423.1094
3602,8.3675,6.7847,1.6788,8.7318,317.0,16145.0,2423.1094
3603,8.8004,8.946,3.8,8.2712,323.0,18731.0,2423.1094
3604,8.2123,6.777,2.5512,9.781,321.0,19699.0,2423.1094
3605,9.8213,9.0247,3.1897,6.7625,319.0,20909.0,2423.1094
3606,6.7366,6.8129,1.8509,8.7686,318.0,19247.0,2423.1094
3607,8.8153,9.0793,2.2056,8.1561,320.0,24652.0,2423.1094
3608,8.1548,6.7428,1.9433,8.7741,309.0,18115.0,2423.1094
3609,8.7958,9.316,2.378,8.5985,315.0,18301.0,2423.1094
3610,8.5502,6.7534,2.196,8.9612,320.0,17383.0,2423.1094
3611,8.9939,9.0847,2.3409,9.0066,317.0,17409.0,2423.1094
3612,8.9958,6.7645,2.7788,8.5645,316.0,18571.0,2423.1094
3613,8.5662,8.533,2.4557,8.8313,318.0,15669.0,2423.1094
3614,9.039,6.7936,2.8521,8.9263,322.0,17781.0,2423.1094
3615,8.7424,8.2814,2.4512,7.242,322.0,18455.0,2423.1094
3616,7.2644,7.6688,2.5542,10.424,324.0,23841.0,2423.1094
3617,10.4035,8.3739,2.3155,7.5031,305.0,21868.0,2423.1094
3618,7.5295,7.8533,2.1053,8.7091,318.0,15647.0,2423.1094
3619,8.6226,8.1806,2.2119,8.7416,321.0,22507.0,2423.1094
3620,8.8614,8.5954,2.3741,8.3016,309.0,26448.0,2423.1094
3621,8.2148,6.6966,2.2201,7.1049,283.0,13077.0,2423.1094
3622,7.1369,8.9037,2.2114,8.9111,284.0,13089.0,2423.1094
3623,8.8293,6.7063,1.9109,7.5004,302.0,14073.0,2423.1094
3624,7.6218,7.5771,2.0747,9.9785,316.0,15521.0,2423.1094
3625,9.8843,7.1944,2.2373,7.8808,316.0,15153.0,2423.1094
3626,7.9465,8.7762,2.4459,8.792,318.0,15177.0,2423.1094
3627,8.7112,6.7483,2.4323,7.6202,319.0,15189.0,2423.1094
3628,7.8034,7.9776,2.4696,9.1041,318.0,15177.0,2423.1094
3629,9.0702,7.3636,2.8707,8.4217,320.0,19461.0,2423.1094
3630,8.405,8.876,2.1473,8.0261,321.0,19331.0,2423.1094
3631,7.9354,6.7772,1.9025,9.611,327.0,21127.0,2423.1094
3632,9.6448,8.3747,1.9819,7.3306,328.0,22547.0,2423.1094
3633,7.2774,6.7425,1.8215,7.649,320.0,20529.0,2423.1094
3634,7.7056,9.2183,2.4412,9.1928,320.0,19323.0,2423.1094
3635,9.1995,6.7462,2.2565,7.6041,318.0,15155.0,2423.1094
3636,7.6037,8.346,2.173,8.7322,319.0,15653.0,2423.1094
3637,8.6642,6.7068,1.8766,7.3866,319.0,17500.0,2423.1094
3638,7.4665,8.9049,2.1908,9.5604,319.0,18989.0,2423.1094
3639,9.4629,6.7902,2.3781,7.5066,321.0,21324.0,2423.1094
3640,7.5428,8.4092,2.0976,8.6702,322.0,25896.0,2423.1094
3641,8.6131,7.2955,1.5078,7.9654,321.0,23732.0,2423.1094
3642,8.0832,8.7316,1.7611,8.7889,317.0,18501.0,2423.1094
3643,8.7561,6.7865,1.8709,6.9051,317.0,21837.0,2423.1094
3644,6.9312,9.0915,2.0611,10.3481,316.0,15153.0,2423.1094
3645,10.3199,6.7482,2.1261,7.6542,320.0,21913.0,2423.1094
3646,7.8023,8.6238,2.3116,9.0679,322.0,15181.0,2423.1094
3647,8.9757,6.8132,2.163,7.9493,321.0,15169.0,2423.1094
3648,8.0015,9.024,2.535,10.0983,321.0,15857.0,2423.1094
3649,10.0275,8.6639,2.4766,10.3177,320.0,17671.0,2423.1094
3650,10.3326,8.6639,2.2585,6.4869,319.0,17169.0,2423.1094
3651,6.4079,6.7652,1.8091,9.1317,317.0,16143.0,2423.1094
3652,9.2144,8.9949,2.1631,7.7718,293.0,13629.0,2423.1094
3653,7.7434,6.8712,2.3228,9.0466,314.0,15401.0,2423.1094
3654,9.0607,9.0207,2.311,8.2138,312.0,17919.0,2423.1094
3655,8.1901,6.7573,2.2963,8.4262,307.0,18111.0,2423.1094
3656,8.4187,9.0522,2.1808,7.4854,296.0,15297.0,2423.1094
3657,7.5187,6.8162,2.1587,9.4978,319.0,18925.0,2423.1094
3658,9.5061,8.9335,2.2443,8.0796,318.0,17869.0,2423.1094
3659,8.134,6.7697,2.3414,9.0213,319.0,18035.0,2423.1094
3660,8.9519,9.1289,2.6527,7.7732,318.0,19351.0,2423.1094
3661,7.7409,6.8362,2.0208,8.9249,316.0,17615.0,2423.1094
3662,8.9416,9.1396,1.8298,7.4847,321.0,20321.0,2423.1094
3663,7.4535,6.7704,1.6333,9.1189,320.0,20001.0,2423.1094
3664,9.2056,9.1819,1.9931,8.1256,322.0,21865.0,2423.1094
3665,8.0702,6.7555,2.6137,8.5899,319.0,20153.0,2423.1094
3666,8.6194,8.9929,2.3539,8.3073,320.0,18401.0,2423.1094
3667,8.3122,6.7702,2.3688,8.7695,319.0,20241.0,2423.1094
3668,8.7773,9.1767,2.3833,7.9793,319.0,17215.0,2423.1094
3669,7.9191,6.8066,2.1467,8.6009,316.0,17405.0,2423.1094
3670,8.6684,8.944,2.2654,8.0454,312.0,13905.0,2423.1094
3671,8.011,6.8512,2.4875,8.5436,317.0,21751.0,2423.1094
3672,8.6392,9.2002,2.5451,8.301,316.0,21567.0,2423.1094
3673,8.1296,6.8171,2.1342,8.7553,317.0,15645.0,2423.1094
3674,8.9204,9.0058,2.2504,8.1367,321.0,16960.0,2423.1094
3675,8.0379,6.8216,2.1037,8.9473,316.0,15545.0,2423.1094
3676,8.9824,9.2152,2.49,8.7956,321.0,16344.0,2423.1094
3677,8.7959,6.7565,2.5115,10.1262,316.0,16155.0,2423.1094
3678,10.1348,8.8716,2.7156,7.1947,325.0,18733.0,2423.1094
3679,7.3728,6.8881,3.2395,9.5065,327.0,19877.0,2423.1094
3680,9.3228,9.3058,2.3545,8.1806,326.0,22487.0,2423.1094
3681,8.2913,6.8522,2.6806,9.8723,317.0,17635.0,2423.1094
3682,9.7683,8.5729,2.7131,7.4719,323.0,24556.0,2423.1094
3683,7.4604,7.4214,2.5596,8.3239,314.0,18201.0,2423.1094
3684,8.3367,8.3015,2.3128,8.7843,312.0,18169.0,2423.1094
3685,9.2408,7.4567,3.2153,9.5813,318.0,17359.0,2423.1094
3686,9.1134,8.1744,2.198,8.4514,316.0,18801.0,2423.1094
3687,8.4579,8.5475,3.5545,8.5868,318.0,17191.0,2423.1094
3688,8.5682,7.2787,2.2822,8.0727,321.0,15705.0,2423.1094
3689,8.0739,9.1978,2.2081,8.5371,317.0,17765.0,2423.1094
3690,8.5346,6.8384,1.9462,8.1554,317.0,19843.0,2423.1094
3691,8.2199,9.0615,2.0142,8.9713,316.0,22385.0,2423.1094
3692,8.9077,6.8421,2.2414,9.9097,308.0,22166.0,2423.1094
3693,9.9664,8.9502,2.3047,6.9316,310.0,15285.0,2423.1094
3694,6.8822,6.7782,2.0555,8.2214,321.0,22485.0,2423.1094
3695,8.2549,9.1537,2.0229,8.8234,312.0,26440.0,2423.1094
3696,8.7395,6.9772,2.3057,7.8853,286.0,13069.0,2423.1094
3697,8.0055,8.3878,2.1817,8.5036,285.0,13079.0,2423.1094
3698,8.4303,6.8006,2.0388,8.5929,298.0,14003.0,2423.1094
3699,8.627,8.9258,2.3614,8.9487,317.0,15511.0,2423.1094
3700,8.9412,6.8135,2.041,8.1579,317.0,15165.0,2423.1094
3701,8.168,8.8208,2.44,8.2168,318.0,15177.0,2423.1094
3702,8.1504,6.8674,2.1763,8.4876,317.0,15165.0,2423.1094
3703,8.6411,8.9362,2.4032,8.6121,318.0,15177.0,2423.1094
3704,8.4986,6.833,2.2801,8.4307,320.0,19461.0,2423.1094
3705,8.4644,8.9428,2.121,8.2431,317.0,19327.0,2423.1094
3706,8.1873,6.7734,2.1909,9.0752,322.0,21111.0,2423.1094
3707,9.1612,9.0855,2.1389,8.076,324.0,22543.0,2423.1094
3708,7.985,6.8201,2.2046,8.3506,319.0,20539.0,2423.1094
3709,8.4296,9.4756,2.2521,8.8044,317.0,19309.0,2423.1094
3710,8.7542,6.7814,1.9725,8.3422,320.0,15157.0,2423.1094
3711,8.4033,8.9505,2.295,8.6793,323.0,15657.0,2423.1094
3712,8.587,6.8136,2.2147,9.3749,322.0,17492.0,2423.1094
3713,9.4667,8.9767,2.3251,7.788,322.0,19003.0,2423.1094
3714,7.7027,6.8729,2.1023,9.0281,322.0,21314.0,2423.1094
3715,9.0994,9.1389,3.1467,7.9649,322.0,25874.0,2423.1094
3716,7.9661,6.9026,3.037,9.0111,322.0,23744.0,2423.1094
3717,8.9937,9.246,2.7504,7.8255,322.0,18561.0,2423.1094
3718,7.8146,6.8558,2.9645,9.7461,320.0,21873.0,2423.1094
3719,9.8159,9.1607,2.7018,7.1116,317.0,15165.0,2423.1094
3720,7.0445,6.8287,2.9671,9.1937,319.0,21901.0,2423.1094
3721,9.2257,9.2724,2.6624,9.5903,320.0,15201.0,2423.1094
3722,9.735,6.8387,2.738,8.7656,316.0,15153.0,2423.1094
3723,8.6135,8.9086,2.5088,8.7885,318.0,15865.0,2423.1094
3724,8.9575,8.3805,2.8486,9.1853,319.0,17681.0,2423.1094
3725,9.0218,7.4626,2.4527,9.5556,317.0,17167.0,2423.1094
3726,9.5734,8.1071,2.7317,8.0387,322.0,16181.0,2423.1094
3727,7.9692,7.2049,2.4267,8.3455,297.0,13729.0,2423.1094
3728,8.4147,8.8709,2.7627,8.1962,314.0,15309.0,2423.1094
3729,8.1166,7.0937,2.4809,9.4764,314.0,17921.0,2423.1094
3730,9.5668,8.6526,2.6853,9.0092,307.0,18553.0,2423.1094
3731,9.0126,7.1519,2.6378,9.1223,295.0,14751.0,2423.1094
3732,9.1458,8.9288,3.0076,8.9552,317.0,18901.0,2423.1094
3733,8.9255,7.1896,2.878,8.3208,320.0,17893.0,2423.1094
3734,8.3214,8.9491,2.8241,8.9503,322.0,18071.0,2423.1094
3735,9.0324,7.1596,2.8518,8.8461,319.0,19363.0,2423.1094
3736,8.7874,9.127,2.8609,8.0799,318.0,17639.0,2423.1094
3737,8.1162,6.8795,3.1251,10.071,315.0,20293.0,2423.1094
3738,10.1012,7.3441,3.0222,9.365,319.0,20033.0,2423.1094
3739,9.4271,7.3441,2.9446,9.2026,317.0,21849.0,2423.1094
3740,9.0765,8.5178,2.4675,9.0719,318.0,20163.0,2423.1094
3741,9.0909,8.4137,2.5952,8.3982,318.0,18399.0,2423.1094
3742,8.3838,7.3374,2.4664,8.5175,321.0,20243.0,2423.1094
3743,8.5256,8.7403,2.3572,8.4811,325.0,17243.0,2423.1094
3744,8.3799,7.1231,2.2513,8.1502,319.0,17397.0,2423.1094
3745,8.1865,9.101,2.4271,8.9514,311.0,13871.0,2423.1094
3746,8.937,6.8693,2.308,9.0894,319.0,21753.0,2423.1094
3747,9.1383,8.182,2.4673,8.4416,320.0,21593.0,2423.1094
3748,8.4104,7.1744,2.3474,8.7912,316.0,15633.0,2423.1094
3749,8.7971,9.3797,2.1627,8.5424,320.0,16948.0,2423.1094
3750,8.5052,6.8304,2.1068,8.658,319.0,15581.0,2423.1094
3751,8.724,8.8211,2.371,9.2082,320.0,16332.0,2423.1094
3752,9.231,7.1588,2.6423,8.8136,317.0,16167.0,2423.1094
3753,8.736,9.3178,2.3257,8.3173,325.0,18777.0,2423.1094
3754,8.3383,6.8429,2.7434,8.6302,319.0,19825.0,2423.1094
3755,8.653,8.6795,2.7051,8.4456,318.0,22435.0,2423.1094
3756,8.429,7.1631,2.8334,8.2003,318.0,17669.0,2423.1094
3757,8.2538,9.1613,2.3022,9.0716,320.0,24542.0,2423.1094
3758,9.0757,6.8409,2.5147,8.7171,318.0,18371.0,2423.1094
3759,8.7015,7.9652,2.5062,8.8194,316.0,18029.0,2423.1094
3760,8.8874,7.7481,2.6166,9.1765,321.0,17351.0,2423.1094
3761,9.0355,8.6367,2.2712,7.4637,318.0,18803.0,2423.1094
3762,7.5317,7.3002,2.4614,9.1323,321.0,17205.0,2423.1094
3763,9.0621,8.5293,2.2753,7.9516,321.0,15683.0,2423.1094
3764,7.99,7.8299,2.2569,9.6237,317.0,17765.0,2423.1094
3765,9.6303,8.0866,2.6108,8.2046,320.0,19879.0,2423.1094
3766,8.227,8.2249,2.4866,8.2445,320.0,22433.0,2423.1094
3767,8.2139,7.1058,2.864,7.9883,315.0,23126.0,2423.1094
3768,8.013,7.3083,2.2758,8.7799,305.0,14493.0,2423.1094
3769,8.7709,6.8567,2.3167,8.2789,319.0,22505.0,2423.1094
3770,8.4235,7.802,2.6245,9.9934,307.0,26280.0,2423.1094
3771,9.952,8.113,2.7671,8.3089,284.0,13089.0,2423.1094
3772,8.2269,9.1315,2.4493,8.2539,282.0,13065.0,2423.1094
3773,8.2816,6.7585,2.0856,8.6553,298.0,14025.0,2423.1094
3774,8.6654,9.0054,2.7132,8.634,324.0,15573.0,2423.1094
3775,8.5807,6.8364,2.3777,8.7475,323.0,15193.0,2423.1094
3776,8.8465,9.1877,2.609,8.6056,321.0,15169.0,2423.1094
3777,8.4734,6.8762,2.2036,8.3903,320.0,15179.0,2423.1094
3778,8.4812,8.9201,2.3832,8.1234,318.0,15155.0,2423.1094
3779,8.0846,6.8833,2.2711,8.4028,323.0,19475.0,2423.1094
3780,8.4421,9.0081,2.0994,8.3116,317.0,19327.0,2423.1094
3781,8.1978,6.7937,2.0284,8.7602,322.0,21111.0,2423.1094
3782,8.8972,9.2201,2.1059,8.1539,322.0,22519.0,2423.1094
3783,8.0856,6.7993,1.8896,9.1463,319.0,20539.0,2423.1094
3784,9.1557,8.8925,2.0388,7.544,317.0,19309.0,2423.1094
3785,7.4821,6.7954,1.7013,8.7071,316.0,15153.0,2423.1094
3786,8.7688,9.0405,2.0207,7.8854,315.0,15605.0,2423.1094
3787,7.8798,6.7755,1.9279,8.9244,318.0,17488.0,2423.1094
3788,8.9542,9.2114,2.2499,8.4368,320.0,19001.0,2423.1094
3789,8.3947,6.8598,2.2,9.4086,321.0,21324.0,2423.1094
3790,9.4539,9.3804,2.5041,8.0596,326.0,25900.0,2423.1094
3791,8.0248,6.8169,2.3957,8.7027,324.0,23724.0,2423.1094
3792,8.7692,9.2624,2.512,8.4076,323.0,18529.0,2423.1094
3793,8.3241,6.8523,2.3755,8.1526,321.0,21863.0,2423.1094
3794,8.1192,8.9207,2.3292,8.4116,317.0,15143.0,2423.1094
3795,8.4532,6.7787,2.7378,8.3445,323.0,21927.0,2423.1094
3796,8.3407,9.5683,2.7768,8.925,317.0,15165.0,2423.1094
3797,8.9727,6.8383,2.3198,8.6269,317.0,15165.0,2423.1094
3798,8.5794,8.8355,2.2007,8.3831,318.0,15865.0,2423.1094
3799,8.4342,6.8874,2.6864,8.8191,317.0,17657.0,2423.1094
3800,8.7766,9.0413,2.4864,8.2522,317.0,17167.0,2423.1094
3801,8.2968,6.864,2.8945,8.3355,320.0,16201.0,2423.1094
3802,8.3817,9.1689,2.2469,8.1753,296.0,13953.0,2423.1094
3803,8.1611,6.8247,2.1866,9.0531,307.0,15077.0,2423.1094
3804,9.0228,9.1082,2.4115,7.3122,311.0,17907.0,2423.1094
3805,7.2851,6.7851,2.0205,10.3198,309.0,18695.0,2423.1094
3806,10.3764,8.5437,2.3344,6.845,296.0,14645.0,2423.1094
3807,6.779,6.7639,2.3036,10.2451,323.0,18929.0,2423.1094
3808,10.2569,8.6335,2.6287,7.8561,320.0,17849.0,2423.1094
3809,7.89,7.7926,2.5776,9.4197,320.0,18025.0,2423.1094
3810,9.3808,7.4711,2.3212,7.3385,321.0,19365.0,2423.1094
3811,7.361,7.8036,2.2813,9.392,320.0,17641.0,2423.1094
3812,9.3881,8.0968,2.2186,7.8948,316.0,20305.0,2423.1094
3813,7.9182,8.7795,1.9535,8.2822,318.0,20021.0,2423.1094
3814,8.2327,6.8793,2.1612,7.5595,317.0,21849.0,2423.1094
3815,7.5632,8.4352,2.1004,9.1044,317.0,20151.0,2423.1094
3816,9.0671,6.7432,1.9126,7.8609,318.0,18399.0,2423.1094
3817,7.9476,8.6736,2.5529,8.8113,319.0,20263.0,2423.1094
3818,8.7337,7.6542,1.8577,8.3297,318.0,17203.0,2423.1094
3819,8.4974,8.6474,2.3292,8.7083,318.0,17429.0,2423.1094
3820,8.605,7.2214,2.0109,7.3919,313.0,15605.0,2423.1094
3821,7.3959,8.5476,2.253,9.068,318.0,20171.0,2423.1094
3822,9.0338,6.7376,2.1686,8.1729,322.0,21547.0,2423.1094
3823,8.237,8.0384,2.3576,8.517,324.0,16161.0,2423.1094
3824,8.5091,7.7924,2.0092,8.6909,322.0,16452.0,2423.1094
3825,8.6821,8.8142,2.289,8.9234,320.0,15619.0,2423.1094
3826,8.8843,7.0981,2.082,8.0206,324.0,16358.0,2423.1094
3827,8.0462,9.0117,2.0769,8.1342,318.0,16205.0,2423.1094
3828,8.0484,6.7313,1.7902,8.3737,322.0,18693.0,2423.1094
3829,8.4766,8.3808,2.2055,8.4349,320.0,19885.0,2423.1094
3830,8.414,6.8572,1.9624,8.3323,320.0,22411.0,2423.1094
3831,8.3722,8.3219,2.4241,9.6198,321.0,17753.0,2423.1094
3832,9.5598,7.7512,2.4558,8.509,319.0,24530.0,2423.1094
3833,8.607,8.9394,2.2582,8.5163,310.0,19911.0,2423.1094
3834,8.5267,6.8359,2.215,8.3332,313.0,16515.0,2423.1094
3835,8.284,8.3708,2.2446,9.0243,316.0,18867.0,2423.1094
3836,8.9717,6.7961,2.2455,8.289,317.0,17409.0,2423.1094
3837,8.4516,8.5919,2.2842,8.1774,316.0,17141.0,2423.1094
3838,8.0013,6.8374,2.1809,9.2512,321.0,15537.0,2423.1094
3839,9.3011,9.1631,2.427,7.5743,321.0,19921.0,2423.1094
3840,7.5905,6.8044,2.1768,9.0839,321.0,19099.0,2423.1094
3841,9.1154,8.8989,2.1247,7.5444,317.0,20971.0,2423.1094
3842,7.4554,6.8303,1.9073,9.434,313.0,22936.0,2423.1094
3843,9.4932,9.0295,2.1035,8.0249,311.0,14639.0,2423.1094
3844,8.0105,6.8029,2.0914,8.9059,317.0,25302.0,2423.1094
3845,8.905,9.0253,2.2568,7.703,302.0,23255.0,2423.1094
3846,7.7583,6.8133,2.9046,8.6542,284.0,13089.0,2423.1094
3847,8.623,9.4573,2.26,9.0207,282.0,13065.0,2423.1094
3848,8.9865,6.8406,2.3405,8.8004,299.0,14037.0,2423.1094
3849,8.8254,9.0794,2.5577,8.2342,318.0,15545.0,2423.1094
3850,8.1998,6.8281,2.715,9.2674,320.0,15201.0,2423.1094
3851,9.2689,9.2073,2.6805,7.7745,317.0,15165.0,2423.1094
3852,7.7857,6.8392,3.1971,8.9181,318.0,15177.0,2423.1094
3853,8.9221,9.1553,2.6268,7.7791,315.0,15141.0,2423.1094
3854,7.7482,6.7994,2.3166,8.8198,325.0,19477.0,2423.1094
3855,8.8904,8.909,2.3588,8.8381,320.0,19319.0,2423.1094
3856,9.6861,6.8968,3.4774,8.9732,328.0,21139.0,2423.1094
3857,8.0787,8.9734,2.0982,8.8418,322.0,22497.0,2423.1094
3858,8.9339,7.1568,2.5634,8.8101,319.0,20517.0,2423.1094
3859,8.7401,7.9382,2.8549,7.9793,321.0,19335.0,2423.1094
3860,8.0774,7.3863,2.609,8.6264,321.0,15213.0,2423.1094
3861,8.5689,8.6881,2.334,9.3849,317.0,15629.0,2423.1094
3862,9.3931,8.3511,2.4958,8.8514,319.0,17500.0,2423.1094
3863,8.8192,7.7683,2.3354,8.42,319.0,18989.0,2423.1094
3864,8.4713,9.0927,2.3884,8.4253,324.0,21360.0,2423.1094
3865,8.4698,6.8704,2.4628,10.1738,319.0,25860.0,2423.1094
3866,10.1162,9.0075,2.5335,7.6893,322.0,23744.0,2423.1094
3867,7.6745,6.8162,2.2865,8.818,320.0,18537.0,2423.1094
3868,8.8151,8.2547,2.2746,8.6246,320.0,21873.0,2423.1094
3869,8.5628,6.9369,2.3927,8.529,317.0,15165.0,2423.1094
3870,8.5593,9.273,2.222,8.6398,322.0,21893.0,2423.1094
3871,8.5693,6.8223,2.2449,9.0455,319.0,15145.0,2423.1094
3872,9.1683,8.8297,2.6942,7.6886,321.0,15169.0,2423.1094
3873,7.6597,6.8059,2.4445,8.6998,317.0,15831.0,2423.1094
3874,8.7136,9.0771,2.4112,8.4461,317.0,17635.0,2423.1094
3875,8.347,6.8223,2.0707,8.8852,319.0,17169.0,2423.1094
3876,8.9853,9.0195,2.3296,7.6569,319.0,16189.0,2423.1094
3877,7.6096,6.7794,2.3267,9.1006,302.0,14025.0,2423.1094
3878,9.1277,9.1137,2.2256,8.4601,307.0,15077.0,2423.1094
3879,8.4349,6.7341,2.3755,8.5402,316.0,18111.0,2423.1094
3880,8.6038,9.0965,2.6503,8.6467,304.0,18491.0,2423.1094
3881,8.5847,6.8155,2.8637,9.256,295.0,14677.0,2423.1094
3882,9.2967,9.0745,2.5398,7.8747,318.0,18913.0,2423.1094
3883,8.0254,6.799,2.7397,8.5457,317.0,17857.0,2423.1094
3884,8.4053,9.1952,2.5619,8.1592,319.0,18035.0,2423.1094
3885,8.195,6.8173,2.768,9.6058,319.0,19363.0,2423.1094
3886,9.5318,8.7917,2.6239,7.779,323.0,17655.0,2423.1094
3887,7.968,6.8482,3.7175,9.3401,319.0,20297.0,2423.1094
3888,9.1878,8.7227,3.1762,9.1357,319.0,19989.0,2423.1094
3889,9.2244,7.6171,2.7066,8.3787,319.0,21851.0,2423.1094
3890,8.2492,8.0663,2.2917,8.3209,322.0,20189.0,2423.1094
3891,8.4877,8.313,2.555,9.7414,318.0,18377.0,2423.1094
3892,9.6121,7.3762,2.4091,8.056,319.0,20263.0,2423.1094
3893,8.077,8.9974,2.5083,8.4276,320.0,17227.0,2423.1094
3894,8.4661,6.8173,2.9973,9.0927,319.0,17441.0,2423.1094
3895,9.0858,8.8187,2.7188,8.3331,313.0,15605.0,2423.1094
3896,8.3475,6.7728,2.371,8.2314,321.0,20207.0,2423.1094
3897,8.1539,8.959,2.0383,8.1104,315.0,21507.0,2423.1094
3898,8.1245,6.8061,2.2528,9.4832,316.0,16109.0,2423.1094
3899,9.5153,8.671,2.5064,7.3094,320.0,16472.0,2423.1094
3900,7.2495,6.9022,2.1428,9.5717,318.0,15617.0,2423.1094
3901,9.6719,8.9516,2.2656,7.9065,322.0,16356.0,2423.1094
3902,7.8296,6.8181,2.2406,8.8299,322.0,16231.0,2423.1094
3903,8.9117,8.7959,2.4064,8.042,325.0,18685.0,2423.1094
3904,7.9482,6.8867,2.0983,8.2946,324.0,19889.0,2423.1094
3905,8.3412,9.0129,2.274,8.5487,323.0,22425.0,2423.1094
3906,8.5334,6.8627,2.3994,10.0826,321.0,17731.0,2423.1094
3907,10.1313,8.8132,2.5266,8.2447,321.0,24532.0,2423.1094
3908,8.224,6.7706,2.8165,8.638,313.0,19947.0,2423.1094
3909,8.6395,9.0392,2.8634,8.7005,320.0,18345.0,2423.1094
3910,8.6998,6.8687,2.6328,9.4935,316.0,17463.0,2423.1094
3911,9.497,8.7158,2.9757,7.8519,316.0,17371.0,2423.1094
3912,8.3653,6.8157,3.8064,9.628,319.0,17053.0,2423.1094
3913,9.0845,9.1672,2.6848,8.3505,319.0,17709.0,2423.1094
3914,8.4687,6.9296,2.6307,9.4064,319.0,17789.0,2423.1094
3915,9.3016,7.9006,2.7985,8.4386,317.0,19219.0,2423.1094
3916,8.6973,7.4431,3.2547,8.13,315.0,20825.0,2423.1094
3917,7.8563,7.2308,2.2272,8.8226,318.0,23038.0,2423.1094
3918,8.9369,7.7902,2.3724,9.0708,321.0,15073.0,2423.1094
3919,8.9468,7.1679,2.169,8.7372,321.0,26980.0,2423.1094
3920,8.8072,8.6672,2.4284,7.9954,296.0,20937.0,2423.1094
3921,7.9541,6.8408,2.4277,8.2288,283.0,13055.0,2423.1094
3922,8.2746,8.7875,2.4208,8.4998,286.0,13091.0,2423.1094
3923,8.4532,7.0912,2.8639,9.2358,299.0,14015.0,2423.1094
3924,9.3336,8.6464,2.7763,8.5452,318.0,15545.0,2423.1094
3925,8.4554,6.8529,2.468,8.7567,318.0,15177.0,2423.1094
3926,8.7612,8.8978,2.4716,7.469,319.0,15189.0,2423.1094
3927,7.3666,6.8196,1.9526,9.7541,316.0,15153.0,2423.1094
3928,9.8992,9.0899,2.7823,7.8203,316.0,15153.0,2423.1094
3929,7.8571,6.8065,2.5711,9.3273,317.0,19425.0,2423.1094
3930,9.29,9.1696,2.6409,8.5651,316.0,19315.0,2423.1094
3931,8.5893,6.9065,2.692,9.0141,323.0,21123.0,2423.1094
3932,9.066,9.2133,3.0044,7.892,322.0,22519.0,2423.1094
3933,7.8315,6.8624,2.4423,9.2075,319.0,20539.0,2423.1094
3934,9.1952,9.2014,2.9443,8.5046,321.0,19313.0,2423.1094
3935,8.5197,6.8121,3.1415,9.555,322.0,15181.0,2423.1094
3936,9.5279,6.8712,3.5287,9.0658,321.0,15633.0,2423.1094
3937,9.1152,8.5085,2.7817,10.6556,320.0,17490.0,2423.1094
3938,10.6264,8.5085,2.7493,10.3417,322.0,19003.0,2423.1094
3939,10.3974,6.8367,2.8767,8.8874,322.0,21314.0,2423.1094
3940,8.8042,6.8367,2.6453,9.6611,321.0,25884.0,2423.1094
3941,9.6638,6.9015,2.8634,8.948,322.0,23744.0,2423.1094
3942,9.092,6.9015,3.4775,9.8056,318.0,18513.0,2423.1094
3943,9.6977,6.7965,3.2167,10.0316,319.0,21861.0,2423.1094
3944,10.2354,6.7965,3.2262,9.0834,320.0,15201.0,2423.1094
3945,8.855,7.3283,2.994,9.9419,317.0,21877.0,2423.1094
3946,10.095,8.5666,2.7269,7.8668,316.0,15153.0,2423.1094
3947,7.7219,6.8019,2.2419,8.9632,317.0,15165.0,2423.1094
3948,8.9746,9.0411,2.5941,8.6042,316.0,15841.0,2423.1094
3949,8.5704,6.8003,2.4696,9.3238,316.0,17645.0,2423.1094
3950,9.3619,9.2816,2.6356,8.5943,322.0,17183.0,2423.1094
3951,8.6921,6.8562,2.7666,9.2106,320.0,16157.0,2423.1094
3952,9.0776,6.8418,2.8673,9.4216,304.0,14149.0,2423.1094
3953,9.4983,6.8418,3.0954,9.4527,307.0,14911.0,2423.1094
3954,9.4203,8.6726,2.9313,9.0765,317.0,18101.0,2423.1094
3955,9.221,7.5956,2.9139,9.7088,309.0,18625.0,2423.1094
3956,9.5934,7.5956,2.7254,9.0571,292.0,14545.0,2423.1094
3957,9.0608,8.7285,2.8584,8.8054,318.0,18913.0,2423.1094
3958,8.7584,7.3339,2.4929,8.5889,316.0,17845.0,2423.1094
3959,8.5937,6.8287,2.3606,10.2306,318.0,18023.0,2423.1094
3960,10.181,6.8287,2.7723,8.8826,321.0,19387.0,2423.1094
3961,8.9186,6.8872,3.0773,9.2039,318.0,17639.0,2423.1094
3962,9.2733,6.8872,2.9657,8.9387,317.0,20317.0,2423.1094
3963,8.9185,6.926,3.0791,9.8515,317.0,20009.0,2423.1094
3964,9.8323,9.0366,3.5565,11.3798,317.0,21849.0,2423.1094
3965,11.4623,9.0366,2.7323,9.9891,319.0,20175.0,2423.1094
3966,10.0017,8.5017,2.9899,7.5497,325.0,18439.0,2423.1094
3967,7.4008,6.8284,2.3927,8.9571,320.0,20231.0,2423.1094
3968,9.0161,9.0115,2.6844,8.5846,325.0,17243.0,2423.1094
3969,8.5391,6.8363,2.4008,8.9055,320.0,17431.0,2423.1094
3970,8.9761,9.0071,2.8935,7.8808,315.0,15607.0,2423.1094
3971,7.8574,6.8098,2.4532,9.1139,320.0,20173.0,2423.1094
3972,9.1624,8.9912,2.9341,8.5073,316.0,21519.0,2423.1094
3973,8.6264,6.8445,2.8352,9.3297,318.0,16133.0,2423.1094
3974,9.1646,8.4609,2.5878,7.796,323.0,16508.0,2423.1094
3975,7.8205,6.8893,2.6113,9.9176,317.0,15605.0,2423.1094
3976,9.9195,8.0025,2.4323,7.3837,319.0,16320.0,2423.1094
3977,7.3851,6.904,2.4947,9.5378,317.0,16215.0,2423.1094
3978,9.5403,8.8561,2.7384,8.9735,320.0,18669.0,2423.1094
3979,9.001,8.0996,2.6107,8.7694,322.0,19909.0,2423.1094
3980,8.6864,7.8543,2.1387,8.2643,317.0,22375.0,2423.1094
3981,8.3869,8.901,2.5646,8.8487,318.0,17717.0,2423.1094
3982,8.7592,6.8233,2.5528,8.263,323.0,24534.0,2423.1094
3983,8.3033,8.9135,2.3527,9.3808,321.0,21911.0,2423.1094
3984,9.3556,6.854,2.486,8.5189,318.0,16653.0,2423.1094
3985,8.5262,8.6562,2.3083,8.1014,317.0,17577.0,2423.1094
3986,8.0531,6.8278,2.3007,7.5701,320.0,17273.0,2423.1094
3987,7.6129,9.0131,2.152,9.5204,319.0,18719.0,2423.1094
3988,9.4772,6.7561,2.3726,8.5717,317.0,15997.0,2423.1094
3989,8.5913,8.8737,2.4152,8.4504,319.0,17913.0,2423.1094
3990,8.425,6.798,2.6423,9.3996,318.0,19819.0,2423.1094
3991,9.482,9.0105,2.5366,7.907,318.0,20661.0,2423.1094
3992,7.8288,6.8539,2.4494,8.8687,312.0,22358.0,2423.1094
3993,8.8961,9.2126,2.3966,8.1904,318.0,15129.0,2423.1094
3994,8.1809,6.8155,2.4794,8.7029,317.0,29797.0,2423.1094
3995,8.6954,9.1258,2.4491,8.3595,288.0,17872.0,2423.1094
3996,8.3208,6.8014,2.5293,8.9613,281.0,13053.0,2423.1094
3997,9.0599,8.9056,2.9837,7.975,294.0,13737.0,2423.1094
3998,8.5889,6.7865,3.5153,8.5226,290.0,13309.0,2423.1094
3999,7.8429,9.0285,2.5598,8.768,324.0,15573.0,2423.1094
4000,8.8026,6.9024,2.8819,9.9093,319.0,15145.0,2423.1094
4001,9.9405,6.8317,2.9584,9.0027,319.0,15167.0,2423.1094
4002,8.96,6.8317,3.005,9.5548,320.0,15179.0,2423.1094
4003,9.7127,7.5153,2.6471,9.1324,323.0,15215.0,2423.1094
4004,9.0112,8.1894,2.7645,8.5566,319.0,19449.0,2423.1094
4005,8.5406,7.0509,2.5987,7.9312,318.0,19339.0,2423.1094
4006,7.9261,8.8836,2.49,9.3325,322.0,21111.0,2423.1094
4007,9.3832,7.139,2.7524,9.2482,324.0,22543.0,2423.1094
4008,9.2928,8.8444,3.0328,8.2762,316.0,20503.0,2423.1094
4009,8.2222,8.9017,2.777,11.1185,1127.0,135433.0,2464.4844
4010,11.0855,8.9017,2.8458,14.1145,457.0,21641.0,2493.8594
4011,14.2051,10.6744,3.4915,10.2639,458.0,21073.0,2493.8594
4012,10.2346,7.2313,3.4127,10.2364,458.0,22620.0,2479.1719
4013,10.325,9.1515,3.0157,10.255,459.0,24121.0,2458.4844
4014,10.1764,7.7669,3.0122,9.7458,464.0,29784.0,2458.4844
4015,9.7949,7.7669,2.6603,9.6434,463.0,30996.0,2458.4844
4016,10.0548,6.9638,3.1291,9.4936,464.0,25520.0,2458.4844
4017,9.0051,8.8399,3.1937,12.344,458.0,23623.0,2458.4844
4018,12.3929,7.1121,3.2,11.2263,461.0,26995.0,2458.4844
4019,11.1817,7.3484,2.7844,11.5162,457.0,20275.0,2458.4844
4020,11.5678,7.76,3.2677,12.229,456.0,26997.0,2458.4844
4021,12.1571,8.1787,3.0991,10.733,455.0,20273.0,2458.4844
4022,10.7153,6.6105,2.6517,9.3961,456.0,20973.0,2458.4844
4023,9.4461,6.6105,2.9769,10.4982,456.0,21531.0,2458.4844
4024,10.4922,6.5639,3.151,8.5036,459.0,23569.0,2458.4844
4025,8.5381,8.554,2.9425,10.5173,460.0,21333.0,2458.4844
4026,10.5188,8.2597,2.8362,10.4017,457.0,21059.0,2458.4844
4027,10.3315,6.4165,2.4654,8.8469,456.0,23523.0,2458.4844
4028,8.8637,6.4165,2.5227,9.814,439.0,21323.0,2458.4844
4029,9.8665,6.6337,2.8801,8.949,456.0,22921.0,2458.4844
4030,9.0069,6.6337,3.3904,9.3284,459.0,22505.0,2458.4844
4031,9.1414,8.75,2.5931,7.6344,464.0,23183.0,2458.4844
4032,7.6749,6.6215,2.6307,9.0277,463.0,23571.0,2458.4844
4033,9.0187,8.9379,2.401,7.784,458.0,23021.0,2458.4844
4034,7.9095,6.4605,2.3958,8.4204,459.0,26187.0,2458.4844
4035,8.3508,8.6688,2.1417,8.2444,458.0,26235.0,2458.4844
4036,9.0009,6.5068,2.4695,8.6365,457.0,26613.0,2458.4844
4037,7.7992,8.828,2.0591,7.6842,458.0,24459.0,2458.4844
4038,7.7126,6.4785,2.2748,8.3673,460.0,24247.0,2458.4844
4039,8.3181,8.7537,2.2037,7.9229,455.0,21597.0,2458.4844
4040,7.9029,6.4698,2.3792,8.2841,445.0,21141.0,2458.4844
4041,8.5019,8.5229,2.3084,7.9092,455.0,24175.0,2458.4844
4042,7.7433,6.4279,1.9989,8.3701,457.0,24829.0,2458.4844
4043,8.4071,8.6373,2.4271,8.0998,457.0,22517.0,2458.4844
4044,8.0043,6.6455,1.92,8.1369,442.0,19291.0,2458.4844
4045,8.2147,8.8524,2.37,8.942,457.0,22920.0,2458.4844
4046,8.9798,6.6494,2.4995,9.1075,464.0,21372.0,2458.4844
4047,9.0966,8.7735,2.4763,8.3501,461.0,19341.0,2458.4844
4048,8.436,6.546,3.4544,9.0271,466.0,23877.0,2458.4844
4049,8.917,9.0465,3.2661,8.6856,464.0,24193.0,2458.4844
4050,8.8465,6.6866,2.7046,8.9664,460.0,24514.0,2458.4844
4051,8.8489,8.584,2.7781,8.7193,459.0,22375.0,2458.4844
4052,8.8201,6.5,2.8397,8.4552,462.0,28472.0,2458.4844
4053,8.2953,8.007,2.25,7.7528,455.0,24753.0,2458.4844
4054,7.9909,7.1007,2.6277,9.4763,455.0,21549.0,2458.4844
4055,9.2948,7.8451,2.6977,7.434,455.0,22741.0,2458.4844
4056,7.4515,6.9274,2.569,9.7795,458.0,23933.0,2458.4844
4057,9.7924,7.7352,2.4555,7.7443,458.0,22637.0,2458.4844
4058,7.7274,8.0259,2.2864,8.4299,457.0,22209.0,2458.4844
4059,8.3485,7.0322,2.2404,7.3912,451.0,21365.0,2458.4844
4060,7.4737,6.951,2.1069,9.0256,444.0,20789.0,2458.4844
4061,9.0086,8.3817,2.1814,7.4496,456.0,25619.0,2458.4844
4062,7.4127,7.1277,2.1116,9.2173,460.0,26426.0,2458.4844
4063,9.2317,7.983,2.3201,8.0375,459.0,26398.0,2458.4844
4064,8.092,6.9406,2.203,8.5918,448.0,22294.0,2458.4844
4065,8.486,7.818,2.0479,7.3664,427.0,20005.0,2458.4844
4066,7.509,7.0783,2.2657,8.8478,424.0,18199.0,2458.4844
4067,8.7049,8.2539,2.1853,7.2943,438.0,19039.0,2458.4844
4068,7.4467,6.4527,3.0196,8.0667,438.0,19429.0,2458.4844
4069,7.9948,8.321,2.2683,8.5119,457.0,20297.0,2458.4844
4070,8.5116,6.5675,2.3924,9.2255,459.0,20321.0,2458.4844
4071,9.2799,8.5611,2.3289,6.8506,456.0,20285.0,2458.4844
4072,6.8706,6.5763,2.2867,8.6462,458.0,22317.0,2458.4844
4073,8.6328,8.5111,2.3493,8.6232,457.0,26711.0,2458.4844
4074,8.5837,6.683,2.7619,9.7375,461.0,26439.0,2458.4844
4075,9.756,8.2724,2.574,7.1492,463.0,28459.0,2458.4844
4076,7.1698,6.403,2.9968,8.5599,458.0,25453.0,2458.4844
4077,8.6607,8.8009,2.5406,7.8159,456.0,23899.0,2458.4844
4078,7.6284,6.6649,2.2173,9.5293,461.0,25263.0,2458.4844
4079,9.6172,7.8825,2.3983,6.7803,461.0,24992.0,2458.4844
4080,6.6692,6.4349,2.3258,9.3238,460.0,23658.0,2458.4844
4081,9.3365,8.3308,2.0663,7.0623,461.0,28753.0,2458.4844
4082,7.1365,6.5095,2.0614,8.1864,461.0,20323.0,2458.4844
4083,8.1321,7.7238,2.2248,7.9185,459.0,22610.0,2458.4844
4084,7.9196,6.459,2.201,8.9543,458.0,24109.0,2458.4844
4085,8.9756,8.0803,2.0975,8.4051,458.0,25037.0,2458.4844
4086,8.4037,6.5937,2.2455,8.5894,460.0,30540.0,2458.4844
4087,8.6339,8.7486,2.3248,8.3005,459.0,25968.0,2458.4844
4088,8.3261,6.6488,2.6298,8.5472,463.0,28888.0,2458.4844
4089,8.464,9.0683,2.1556,8.5887,456.0,20285.0,2458.4844
4090,8.769,6.6426,2.5437,7.8472,459.0,26993.0,2458.4844
4091,7.6646,8.2691,2.3236,8.842,456.0,20285.0,2458.4844
4092,8.9621,6.6606,2.5126,7.9607,459.0,27033.0,2458.4844
4093,7.8365,8.2742,2.2067,8.5344,458.0,20997.0,2458.4844
4094,8.603,6.6564,2.4894,8.1733,461.0,21547.0,2458.4844
4095,8.2062,8.4378,2.3716,8.4553,459.0,22279.0,2458.4844
4096,8.4817,6.7033,2.6758,8.9709,460.0,22379.0,2458.4844
4097,8.8948,7.7645,2.4602,8.2652,457.0,20431.0,2458.4844
4098,8.3644,6.5219,3.3121,8.8856,450.0,21081.0,2458.4844
4099,8.7608,7.713,2.5009,7.7477,457.0,23465.0,2458.4844
4100,7.737,6.9808,2.1924,9.1961,437.0,20691.0,2458.4844
4101,9.1908,8.7395,2.2789,7.8335,458.0,23101.0,2458.4844
4102,7.9105,7.0328,2.3211,8.296,457.0,22369.0,2458.4844
4103,8.2112,8.2575,2.2956,7.4955,457.0,23299.0,2458.4844
4104,7.5409,6.594,2.3031,9.5567,459.0,23411.0,2458.4844
4105,9.5175,8.2101,2.1984,7.2192,456.0,23019.0,2458.4844
4106,7.2997,6.4514,2.2177,8.7604,457.0,26185.0,2458.4844
4107,8.7214,8.4237,2.1758,7.3451,458.0,26625.0,2458.4844
4108,7.3149,6.4369,2.2715,9.0329,455.0,26221.0,2458.4844
4109,9.0713,9.2511,2.3008,7.7311,460.0,25421.0,2458.4844
4110,7.793,6.5133,2.4129,9.0911,462.0,23807.0,2458.4844
4111,9.0479,7.9705,2.1032,7.2619,460.0,21047.0,2458.4844
4112,7.2614,6.5193,2.5071,8.0132,452.0,21181.0,2458.4844
4113,7.995,8.698,2.2247,9.2398,456.0,24117.0,2458.4844
4114,9.2752,6.6021,2.5431,9.7061,459.0,24879.0,2458.4844
4115,9.6549,8.6678,2.3456,7.2802,458.0,22507.0,2458.4844
4116,7.4456,6.5579,2.5668,8.9261,448.0,19507.0,2458.4844
4117,8.7663,9.0148,2.3064,8.0306,459.0,23222.0,2458.4844
4118,8.0795,6.525,2.8077,9.068,460.0,21186.0,2458.4844
4119,9.0273,8.3303,2.5805,8.2214,462.0,23139.0,2458.4844
4120,8.2805,6.5221,2.5213,9.1575,457.0,22164.0,2458.4844
4121,9.1776,7.9175,2.4708,8.6799,458.0,23834.0,2458.4844
4122,8.666,7.6278,2.6082,8.872,458.0,22824.0,2458.4844
4123,8.7736,7.289,2.4577,7.9146,457.0,24381.0,2458.4844
4124,8.0635,7.4622,2.5619,9.0004,457.0,28092.0,2458.4844
4125,8.9387,6.8058,2.4268,8.48,450.0,22717.0,2458.4844
4126,8.5202,8.6166,2.7033,8.9431,460.0,21981.0,2458.4844
4127,8.859,6.688,2.1732,9.4445,461.0,22401.0,2458.4844
4128,9.4515,8.9383,2.4017,6.9109,460.0,24527.0,2458.4844
4129,6.887,6.5212,1.8294,7.6255,459.0,22137.0,2458.4844
4130,7.6273,8.8934,1.8355,8.6447,457.0,22527.0,2458.4844
4131,8.6057,6.4494,1.9539,8.0083,453.0,21613.0,2458.4844
4132,8.1016,8.2027,2.121,8.8493,443.0,20633.0,2458.4844
4133,8.7534,7.169,2.1095,8.5374,456.0,27143.0,2458.4844
4134,8.5984,8.6256,2.1624,8.2293,456.0,24380.0,2458.4844
4135,8.1596,6.7084,2.0885,8.1527,458.0,29299.0,2458.4844
4136,8.2687,8.1867,2.1899,8.3563,440.0,20951.0,2458.4844
4137,8.2822,7.4353,2.3185,8.6168,421.0,18185.0,2458.4844
4138,8.6746,8.6312,2.1085,8.0603,424.0,18413.0,2458.4844
4139,7.9884,6.6251,2.1374,8.01,432.0,18797.0,2458.4844
4140,8.1131,8.1797,2.2012,8.9824,452.0,20317.0,2458.4844
4141,8.9297,7.2645,2.2292,8.1736,456.0,20285.0,2458.4844
4142,8.203,8.5715,2.2505,8.1559,461.0,20301.0,2458.4844
4143,8.0789,6.536,2.1915,7.7343,464.0,22345.0,2458.4844
4144,7.8246,7.5857,2.2241,8.9247,460.0,23689.0,2458.4844
4145,8.9391,7.298,2.21,8.935,459.0,25083.0,2458.4844
4146,8.8778,8.8219,2.0715,7.6772,464.0,28693.0,2458.4844
4147,7.6735,6.6618,2.3156,8.3153,462.0,26885.0,2458.4844
4148,8.3316,8.1854,2.0819,8.1558,457.0,23891.0,2458.4844
4149,8.1355,7.2955,2.2841,8.0342,447.0,23105.0,2458.4844
4150,8.0253,8.8545,2.0176,8.2791,455.0,24473.0,2458.4844
4151,8.2603,6.4196,1.9613,7.7025,457.0,27809.0,2458.4844
4152,7.7947,8.2797,2.3266,8.8529,459.0,20869.0,2458.4844
4153,8.7508,7.1552,2.0804,8.625,454.0,28499.0,2458.4844
4154,8.7751,7.8135,2.2729,8.3356,455.0,20273.0,2458.4844
4155,8.2799,6.8844,2.3223,7.5463,458.0,22620.0,2458.4844
4156,7.5161,8.0478,2.0978,9.3847,459.0,24121.0,2458.4844
4157,9.3252,7.2929,2.0706,8.0184,457.0,25025.0,2458.4844
4158,8.0468,8.4102,2.1626,8.781,464.0,30544.0,2458.4844
4159,8.8413,6.9795,2.1686,8.1853,466.0,26008.0,2458.4844
4160,8.2202,7.9607,2.349,8.3249,467.0,28892.0,2458.4844
4161,8.3677,7.1427,2.3318,7.6076,459.0,20299.0,2458.4844
4162,7.507,7.3629,2.0131,9.1043,460.0,26983.0,2458.4844
4163,9.0324,7.297,1.8773,7.307,458.0,20287.0,2458.4844
4164,7.3847,8.0158,2.1362,9.1059,457.0,27009.0,2458.4844
4165,9.0966,7.4664,2.3076,8.3114,457.0,20985.0,2458.4844
4166,8.2962,8.0744,2.0819,8.6965,456.0,21531.0,2458.4844
4167,8.6574,7.4436,2.4344,7.8866,456.0,22287.0,2458.4844
4168,7.9806,7.4667,2.5115,7.9053,456.0,22375.0,2458.4844
4169,7.797,7.8825,1.8334,7.8318,456.0,20441.0,2458.4844
4170,7.8966,8.0736,2.9179,9.158,452.0,21687.0,2458.4844
4171,9.2,7.4311,2.7419,7.2207,456.0,23059.0,2458.4844
4172,7.3569,7.0806,2.2543,8.1664,438.0,21893.0,2458.4844
4173,8.0209,8.1239,2.0708,8.3422,455.0,22505.0,2458.4844
4174,8.375,6.8815,2.1549,9.4541,459.0,22505.0,2458.4844
4175,9.3866,7.7379,2.7353,7.7827,460.0,22601.0,2458.4844
4176,7.7732,7.1065,2.0969,8.6184,461.0,23391.0,2458.4844
4177,8.6308,8.514,1.9723,8.2582,460.0,23781.0,2458.4844
4178,8.2874,7.591,2.2542,8.3599,459.0,26923.0,2458.4844
4179,8.3017,7.5309,1.9824,7.964,459.0,25511.0,2458.4844
4180,8.0878,7.3857,2.2631,8.665,456.0,26803.0,2458.4844
4181,8.5295,8.3637,1.9501,7.4916,461.0,25061.0,2458.4844
4182,7.5872,6.9356,2.2684,8.85,456.0,23943.0,2458.4844
4183,8.7826,8.3132,2.3659,7.1515,454.0,20097.0,2458.4844
4184,7.2472,6.7076,2.0816,8.308,446.0,21105.0,2458.4844
4185,8.1771,8.7306,1.8486,8.38,457.0,24199.0,2458.4844
4186,8.4266,6.5943,1.7834,8.1466,458.0,24889.0,2458.4844
4187,8.1726,6.7087,1.9408,7.5478,458.0,22481.0,2458.4844
4188,7.5553,6.6355,2.4285,8.434,457.0,21980.0,2458.4844
4189,8.4537,8.8905,2.3075,7.9262,457.0,21121.0,2458.4844
4190,7.8266,6.6513,1.6442,9.7803,466.0,24956.0,2458.4844
4191,9.8733,8.2125,2.3124,7.3735,462.0,21446.0,2458.4844
4192,7.4032,6.6925,2.4367,8.1222,464.0,22006.0,2458.4844
4193,8.1464,8.5111,2.2685,8.9324,458.0,22061.0,2458.4844
4194,8.9242,6.6485,1.9891,8.8818,461.0,24846.0,2458.4844
4195,8.885,8.8662,2.1791,7.2583,461.0,24039.0,2458.4844
4196,7.1589,6.5107,2.3942,8.9154,457.0,28854.0,2458.4844
4197,8.9266,8.6068,2.1172,7.5576,446.0,20247.0,2458.4844
4198,7.5783,6.5947,2.5172,9.0497,458.0,21877.0,2458.4844
4199,9.0361,8.4688,2.2208,7.4401,457.0,22397.0,2458.4844
4200,7.4178,6.6193,2.0354,9.3272,460.0,24695.0,2458.4844
4201,9.3438,8.8492,2.4041,7.3733,457.0,22843.0,2458.4844
4202,7.4321,6.6235,2.192,8.6848,456.0,21829.0,2458.4844
4203,8.6244,8.9429,2.189,8.0449,457.0,23023.0,2458.4844
4204,8.0594,6.5936,1.9268,8.5029,432.0,18749.0,2458.4844
4205,8.4895,8.7977,1.9408,7.7215,458.0,27167.0,2458.4844
4206,7.693,6.5877,1.8246,8.1694,462.0,24408.0,2458.4844
4207,8.2101,8.8655,2.2241,8.3125,459.0,29267.0,2458.4844
4208,8.316,6.4451,2.025,7.7005,444.0,20955.0,2458.4844
4209,7.6949,8.8235,2.0183,7.8771,426.0,18271.0,2458.4844
4210,7.7997,6.4462,1.4344,8.7629,432.0,18679.0,2458.4844
4211,8.9157,8.7475,1.812,7.772,434.0,18799.0,2458.4844
4212,7.7787,6.5363,1.9183,8.5249,457.0,20665.0,2458.4844
4213,8.4714,8.8107,2.0477,8.2177,456.0,20285.0,2458.4844
4214,8.2444,6.588,1.9852,8.4988,459.0,22329.0,2458.4844
4215,8.4778,8.6408,1.964,7.8591,455.0,23375.0,2458.4844
4216,7.8291,6.5957,2.1378,7.6547,456.0,21349.0,2458.4844
4217,7.7084,8.5729,1.8753,8.3518,459.0,27195.0,2458.4844
4218,8.297,6.5979,1.9913,7.8673,459.0,27971.0,2458.4844
4219,7.8473,8.8579,1.8075,8.6743,457.0,24831.0,2458.4844
4220,8.7028,6.4302,2.0348,8.6606,455.0,26073.0,2458.4844
4221,8.6823,8.8529,2.0513,7.5597,456.0,25163.0,2458.4844
4222,7.4805,6.6224,1.8421,7.7851,462.0,24918.0,2458.4844
4223,7.886,8.6684,2.15,8.8251,464.0,24136.0,2458.4844
4224,8.8516,6.5067,2.084,7.674,463.0,26054.0,2458.4844
4225,7.6736,8.6265,2.1799,8.3569,457.0,23096.0,2458.4844
4226,8.29,6.648,1.9937,8.0988,437.0,18883.0,2458.4844
4227,8.1412,8.7199,2.0241,8.8011,459.0,22610.0,2458.4844
4228,8.7372,6.6017,1.81,8.1547,456.0,24549.0,2458.4844
4229,8.238,8.8173,1.6824,8.6691,459.0,27921.0,2458.4844
4230,8.6378,6.695,1.8095,7.8031,460.0,27204.0,2458.4844
4231,7.8361,8.7449,1.9604,7.8578,460.0,25980.0,2458.4844
4232,7.7421,6.4353,1.9435,8.3686,461.0,28864.0,2458.4844
4233,8.4344,7.9838,2.0981,8.666,456.0,20285.0,2458.4844
4234,8.793,6.9249,2.1463,7.531,460.0,27005.0,2458.4844
4235,7.4775,7.8864,2.2297,8.462,456.0,20285.0,2458.4844
4236,8.4781,6.4774,2.515,8.0675,459.0,27033.0,2458.4844
4237,8.0193,8.5854,2.1089,8.5348,456.0,20973.0,2458.4844
4238,8.5206,7.0473,1.7125,7.2363,459.0,21679.0,2458.4844
4239,7.3279,6.92,2.3788,9.4136,459.0,22123.0,2458.4844
4240,9.272,8.4465,2.0491,7.2902,460.0,22379.0,2458.4844
4241,7.3361,7.1262,1.8955,9.1647,458.0,20443.0,2458.4844
4242,9.1399,7.7755,2.163,7.2114,456.0,21713.0,2458.4844
4243,7.2439,6.5692,2.002,9.2907,457.0,23049.0,2458.4844
4244,9.2483,8.1313,2.3001,6.7022,440.0,22595.0,2458.4844
4245,6.7554,6.6102,2.0333,9.4646,458.0,22697.0,2458.4844
4246,9.4373,8.3792,2.1796,7.5004,458.0,21847.0,2458.4844
4247,7.5294,6.5042,2.2753,7.9652,458.0,23155.0,2458.4844
4248,7.9417,8.4363,2.4384,8.3747,460.0,23257.0,2458.4844
4249,8.4599,6.6341,2.1993,8.6131,456.0,25227.0,2458.4844
4250,8.5144,8.48,2.2368,7.4781,459.0,25473.0,2458.4844
4251,7.4836,6.5708,2.091,8.7272,458.0,26827.0,2458.4844
4252,8.7405,8.2424,2.3322,7.7223,456.0,25129.0,2458.4844
4253,7.7343,6.6391,1.8307,8.0552,457.0,25371.0,2458.4844
4254,8.1254,8.3453,2.0734,8.4497,461.0,24119.0,2458.4844
4255,8.302,6.656,1.8906,9.429,451.0,19211.0,2458.4844
4256,9.5305,8.5734,2.7775,7.6187,453.0,21145.0,2458.4844
4257,7.5902,6.6977,2.4257,8.1443,457.0,24177.0,2458.4844
4258,8.173,8.2188,2.4207,8.4145,462.0,24915.0,2458.4844
4259,8.4064,6.6454,2.5182,8.4413,457.0,22447.0,2458.4844
4260,8.5383,8.8926,2.4318,8.5938,459.0,22004.0,2458.4844
4261,8.4766,6.6107,2.3645,9.2034,456.0,21109.0,2458.4844
4262,9.2415,7.7073,2.7233,7.1953,462.0,24952.0,2458.4844
4263,7.2174,6.6985,2.0697,8.703,460.0,21466.0,2458.4844
4264,8.6225,8.8815,2.0412,7.6897,461.0,22014.0,2458.4844
4265,7.6783,6.505,2.7351,9.0,456.0,22059.0,2458.4844
4266,9.0703,8.6236,2.6976,7.8347,461.0,24868.0,2458.4844
4267,7.7526,6.5848,2.1629,8.6591,457.0,24013.0,2458.4844
4268,8.8366,8.7553,2.3182,7.6586,461.0,28902.0,2458.4844
4269,7.4973,6.6133,2.113,8.6726,447.0,20259.0,2458.4844
4270,8.7532,8.9058,2.4308,7.7162,461.0,21869.0,2458.4844
4271,7.6973,6.5906,2.257,8.8098,459.0,22377.0,2458.4844
4272,8.768,8.9478,2.2633,8.083,462.0,24675.0,2458.4844
4273,8.1626,6.495,2.2338,8.3261,459.0,22845.0,2458.4844
4274,8.2587,9.1419,2.3812,8.6168,460.0,21855.0,2458.4844
4275,8.572,6.5557,2.5355,8.938,460.0,23037.0,2458.4844
4276,8.9452,8.6557,2.4345,7.4849,435.0,19345.0,2458.4844
4277,7.5465,6.4531,2.3387,9.8712,458.0,27167.0,2458.4844
4278,9.9078,8.8533,2.4857,7.3513,456.0,24012.0,2458.4844
4279,7.4166,6.592,3.9535,8.8392,457.0,29287.0,2458.4844
4280,8.727,8.7536,3.175,7.732,439.0,20747.0,2458.4844
4281,7.8206,6.6004,2.1583,8.7744,430.0,18725.0,2458.4844
4282,8.6892,8.9536,2.2654,8.1484,428.0,18557.0,2458.4844
4283,8.1946,6.6006,2.546,8.5417,425.0,18425.0,2458.4844
4284,8.5103,7.8153,2.3794,8.4687,457.0,20665.0,2458.4844
4285,8.6046,6.5515,2.5834,9.5501,456.0,20285.0,2458.4844
4286,9.4006,8.8624,2.1759,7.2399,464.0,22345.0,2458.4844
4287,7.3622,6.5901,2.2662,8.7353,462.0,23415.0,2458.4844
4288,8.6213,8.6551,2.5088,7.7367,459.0,21341.0,2458.4844
4289,7.9483,6.6451,2.7889,9.2885,463.0,27221.0,2458.4844
4290,9.1264,6.6491,2.6305,9.5751,463.0,27997.0,2458.4844
4291,9.5567,7.4807,2.6485,13.3328,461.0,24857.0,2458.4844
4292,13.3331,7.4807,2.6522,8.5504,458.0,26109.0,2458.4844
4293,8.5512,9.0291,2.5743,8.3867,456.0,25163.0,2458.4844
4294,8.3297,6.706,2.6058,8.3949,455.0,24878.0,2458.4844
4295,8.415,9.1213,2.2252,8.3147,456.0,24084.0,2458.4844
4296,8.2926,6.446,2.0242,8.5526,455.0,26002.0,2458.4844
4297,8.6194,8.6253,2.3974,7.5613,456.0,23106.0,2458.4844
4298,7.5504,6.467,2.125,8.8661,436.0,19085.0,2458.4844
4299,8.8585,6.4252,2.4906,9.6056,461.0,25992.0,2458.4844
4300,9.6315,6.4252,2.3007,7.9616,458.0,22165.0,2458.4844
4301,7.9346,8.6382,2.4045,6.9234,458.0,26981.0,2458.4844
4302,6.9234,8.3543,2.0235,11.5344,464.0,27208.0,2458.4844
4303,11.6076,6.6046,2.5787,10.7445,463.0,25972.0,2458.4844
4304,10.7447,6.6046,2.5308,8.4333,466.0,28880.0,2458.4844
4305,8.32,7.4358,2.2035,8.6962,459.0,23635.0,2458.4844
4306,8.8567,8.7749,2.3689,7.6769,460.0,23647.0,2458.4844
4307,7.5461,6.9049,2.1431,10.1002,457.0,20275.0,2458.4844
4308,10.2075,8.4655,2.1679,7.3251,458.0,27021.0,2458.4844
4309,7.2128,6.5291,1.9374,8.1101,460.0,21177.0,2458.4844
4310,8.164,8.5788,2.156,7.7086,455.0,21519.0,2458.4844
4311,7.664,6.5287,2.4461,9.0782,457.0,22143.0,2458.4844
4312,9.1443,9.0481,2.6938,8.2095,456.0,22375.0,2458.4844
4313,8.2335,6.6551,2.4037,9.3331,457.0,20453.0,2458.4844
4314,9.3025,8.5332,3.44,7.2644,451.0,21627.0,2458.4844
4315,7.198,6.4194,2.0664,8.7729,456.0,23215.0,2458.4844
4316,8.8783,8.6139,2.1252,6.8307,443.0,23057.0,2458.4844
4317,6.7446,6.4691,2.0813,8.835,457.0,22307.0,2458.4844
4318,8.8321,8.091,2.0945,7.6132,460.0,22573.0,2458.4844
4319,7.5755,6.4263,2.1674,8.1291,461.0,22613.0,2458.4844
4320,8.2906,8.3899,2.3949,8.7695,462.0,23237.0,2458.4844
4321,8.6437,7.1093,2.6073,8.1107,457.0,25217.0,2458.4844
4322,8.2546,8.6213,2.169,8.2655,460.0,27137.0,2458.4844
4323,8.1148,6.6331,1.9885,8.3567,458.0,25131.0,2458.4844
4324,8.4002,8.4406,1.848,8.3618,456.0,25717.0,2458.4844
4325,8.3158,7.0792,2.0586,7.5116,459.0,25005.0,2458.4844
4326,7.6144,8.5135,2.1292,8.7587,455.0,23381.0,2458.4844
4327,8.6485,6.4528,2.0945,7.2335,444.0,19123.0,2458.4844
4328,7.3233,7.1599,2.2576,8.9325,447.0,21117.0,2458.4844
4329,8.9015,8.1561,2.2476,7.2,457.0,24247.0,2458.4844
4330,7.2949,7.0935,2.1279,9.4954,457.0,25083.0,2458.4844
4331,9.3695,6.97,2.0943,7.8837,456.0,22299.0,2458.4844
4332,8.0108,6.5987,2.0115,7.1101,458.0,21944.0,2458.4844
4333,6.937,7.9229,1.8524,7.5653,459.0,23040.0,2458.4844
4334,7.7129,6.5135,2.2697,9.4592,464.0,23085.0,2458.4844
4335,9.3518,7.6213,2.6029,6.8588,463.0,21506.0,2458.4844
4336,6.8774,6.6429,1.828,8.9268,462.0,21982.0,2458.4844
4337,8.8756,8.4518,1.8282,7.2671,459.0,22073.0,2458.4844
4338,7.3519,6.4638,1.7199,9.1226,459.0,26510.0,2458.4844
4339,9.102,8.7212,2.1492,7.2986,461.0,22351.0,2458.4844
4340,7.28,6.5913,1.7779,8.3084,458.0,28990.0,2458.4844
4341,8.3811,8.171,1.9984,8.2468,448.0,20051.0,2458.4844
4342,8.1298,6.4099,1.827,8.4438,455.0,21841.0,2458.4844
4343,8.5447,8.8772,2.427,7.6734,456.0,22385.0,2458.4844
4344,7.7257,6.4682,1.9083,8.5737,457.0,24659.0,2458.4844
4345,8.5968,8.7641,2.1556,8.1998,458.0,22855.0,2458.4844
4346,8.069,6.6196,2.0121,8.5268,456.0,21953.0,2458.4844
4347,8.5308,8.527,2.1278,7.1864,459.0,22875.0,2458.4844
4348,7.1149,6.6132,1.7331,8.5585,434.0,19381.0,2458.4844
4349,8.6095,8.8336,1.9912,7.4422,456.0,27143.0,2458.4844
4350,7.3735,6.3638,1.6706,8.3202,462.0,24040.0,2458.4844
4351,8.6296,8.547,2.1614,7.9174,462.0,29303.0,2458.4844
4352,7.7061,6.5992,1.9509,8.4939,439.0,20655.0,2458.4844
4353,8.5463,8.6854,2.1333,7.7507,432.0,18727.0,2458.4844
4354,7.7364,6.6053,1.8868,8.6036,432.0,18631.0,2458.4844
4355,8.5933,8.6353,1.9237,8.0468,428.0,18535.0,2458.4844
4356,7.9772,6.5756,1.9456,7.8301,454.0,20533.0,2458.4844
4357,7.898,8.8887,1.9773,8.4626,458.0,20309.0,2458.4844
4358,8.4255,6.4176,1.8987,8.2392,462.0,22715.0,2458.4844
4359,8.2819,8.3458,1.8451,7.157,456.0,23245.0,2458.4844
4360,7.1279,6.49,2.0759,8.2379,457.0,21153.0,2458.4844
4361,8.3616,7.243,2.3649,8.4731,460.0,27207.0,2458.4844
4362,8.3477,8.0064,2.1694,7.3287,460.0,27983.0,2458.4844
4363,7.6146,7.2418,3.1216,9.4449,459.0,24855.0,2458.4844
4364,9.1209,6.3538,2.0464,9.1189,455.0,26073.0,2458.4844
4365,9.1535,6.3538,1.9324,7.1057,456.0,25163.0,2458.4844
4366,7.0777,7.6061,2.2932,6.5131,461.0,24906.0,2458.4844
4367,6.5902,6.4509,2.1634,9.5736,459.0,24076.0,2458.4844
4368,9.5721,8.1021,2.4745,7.4461,461.0,26030.0,2458.4844
4369,7.4257,6.6771,2.0819,8.8873,458.0,23108.0,2458.4844
4370,8.9101,8.3529,2.046,6.5007,449.0,22939.0,2458.4844
4371,6.4348,6.3711,1.8974,8.8661,460.0,23550.0,2458.4844
4372,8.9012,8.5143,2.2858,7.4653,456.0,24549.0,2458.4844
4373,7.438,6.5763,1.8272,8.4178,456.0,25309.0,2458.4844
4374,8.4945,8.9027,2.3651,8.7024,458.0,25492.0,2458.4844
4375,8.6496,6.5574,1.9338,8.1062,460.0,25980.0,2458.4844
4376,8.1818,8.9203,2.39,7.6368,461.0,28864.0,2458.4844
4377,7.5573,6.4734,1.874,9.1416,459.0,23657.0,2458.4844
4378,9.276,8.7492,2.2042,7.4025,456.0,23621.0,2458.4844
4379,7.3396,6.4954,1.8979,9.4075,457.0,20297.0,2458.4844
4380,9.3565,8.7087,2.1413,6.7008,458.0,27177.0,2458.4844
4381,6.7729,6.6171,1.7938,8.867,458.0,20997.0,2458.4844
4382,8.8072,8.8105,1.7734,8.2641,460.0,21693.0,2458.4844
4383,8.3008,6.4352,2.1,8.7114,461.0,22145.0,2458.4844
4384,8.6842,8.9175,2.2724,8.4347,463.0,22259.0,2458.4844
4385,8.4322,6.6064,2.1447,8.2677,459.0,22145.0,2458.4844
4386,8.3333,8.9083,2.4712,8.2655,451.0,19975.0,2458.4844
4387,8.1521,6.6158,1.9319,8.4053,455.0,23415.0,2458.4844
4388,8.4184,9.0054,2.1985,7.6961,440.0,22547.0,2458.4844
4389,7.708,6.5283,1.9995,8.2496,455.0,22127.0,2458.4844
4390,8.3541,9.2451,2.0284,8.866,459.0,22605.0,2458.4844
4391,8.7888,6.5801,1.8932,8.6098,457.0,22609.0,2458.4844
4392,8.6566,8.6192,2.1029,7.3116,458.0,23601.0,2458.4844
4393,7.2256,6.4877,1.5643,9.1607,458.0,25619.0,2458.4844
4394,9.2899,9.2485,1.8668,8.2046,458.0,26767.0,2458.4844
4395,8.8681,6.5595,2.6255,8.7114,455.0,24749.0,2458.4844
4396,7.9631,8.8365,2.2893,8.7039,457.0,26097.0,2458.4844
4397,8.7629,6.6119,2.4664,7.7581,459.0,24637.0,2458.4844
4398,7.7318,8.6298,2.4355,8.4904,462.0,23373.0,2458.4844
4399,8.5121,6.9015,2.2873,8.5119,451.0,19115.0,2458.4844
4400,8.4876,8.5204,2.4126,7.9422,450.0,21157.0,2458.4844
4401,7.9017,6.5458,2.1031,8.4051,458.0,25781.0,2458.4844
4402,8.4265,9.527,2.184,7.9804,459.0,23541.0,2458.4844
4403,7.9493,6.6215,1.8662,8.6112,460.0,22325.0,2458.4844
4404,8.6446,9.0045,2.0048,8.346,460.0,21968.0,2458.4844
4405,8.3236,6.4981,2.1066,8.5848,459.0,22992.0,2458.4844
4406,8.5791,8.8688,2.3517,7.7749,460.0,23129.0,2458.4844
4407,7.7441,6.546,1.9084,8.1419,459.0,21502.0,2458.4844
4408,8.1866,8.6597,2.1595,7.8449,460.0,23690.0,2458.4844
4409,7.8424,6.6048,1.64,9.4302,456.0,20371.0,2458.4844
4410,9.5661,8.7555,2.7469,7.4846,459.0,26532.0,2458.4844
4411,7.3386,6.6065,1.9209,8.4636,456.0,22313.0,2458.4844
4412,8.5218,8.8355,2.1835,7.4735,457.0,28978.0,2458.4844
4413,7.4262,6.6124,2.0959,8.6965,449.0,21039.0,2458.4844
4414,8.7984,8.7691,2.1089,7.9105,459.0,21859.0,2458.4844
4415,7.7683,6.5575,1.7202,8.4977,461.0,21923.0,2458.4844
4416,8.6543,8.555,2.1973,7.7653,459.0,24661.0,2458.4844
4417,7.7787,6.7165,2.751,8.5319,457.0,22895.0,2458.4844
4418,8.5039,8.7937,2.2315,7.4903,457.0,21997.0,2458.4844
4419,7.3249,6.6233,1.9894,8.6264,458.0,22739.0,2458.4844
4420,8.7466,8.8081,2.1566,7.6338,436.0,19987.0,2458.4844
4421,7.5825,6.4193,1.9264,8.7781,459.0,26277.0,2458.4844
4422,8.7998,8.3928,2.0893,7.8304,455.0,23760.0,2458.4844
4423,7.7963,6.4813,2.1528,9.2517,457.0,29287.0,2458.4844
4424,9.3435,8.6368,2.1546,6.4239,433.0,20579.0,2458.4844
4425,6.3538,6.5528,1.836,7.8461,432.0,18749.0,2458.4844
4426,7.8815,7.557,2.2833,9.0121,427.0,18593.0,2458.4844
4427,8.9628,7.7238,2.2552,8.0299,434.0,19381.0,2458.4844
4428,8.0609,7.5369,2.0163,8.022,459.0,20321.0,2458.4844
4429,7.9674,7.2327,2.1165,8.3585,458.0,21663.0,2458.4844
4430,8.471,6.606,2.1582,7.3106,461.0,24265.0,2458.4844
4431,7.234,6.8179,2.1766,11.1516,461.0,20859.0,2458.4844
4432,11.1693,6.8179,2.0598,6.9315,463.0,22631.0,2458.4844
4433,6.899,7.2318,2.0064,7.141,459.0,26837.0,2458.4844
4434,7.2039,6.8933,2.0588,8.7454,462.0,26313.0,2458.4844
4435,8.7985,6.5064,2.3561,8.3586,463.0,25941.0,2458.4844
4436,8.3642,6.5064,2.7308,9.5793,455.0,25719.0,2458.4844
4437,9.4963,7.8296,2.5522,8.7656,455.0,25337.0,2458.4844
4438,8.8374,8.7346,2.3411,8.9359,456.0,23998.0,2458.4844
4439,8.8337,7.6216,2.2047,8.5049,456.0,27369.0,2458.4844
4440,8.5356,8.1597,2.2725,7.897,452.0,22441.0,2458.4844
4441,7.8844,6.6199,2.2129,8.3497,458.0,26466.0,2458.4844
4442,8.4589,8.8526,1.9967,8.3443,450.0,21365.0,2458.4844
4443,8.215,6.466,2.0763,7.6695,461.0,25992.0,2458.4844
4444,7.6983,8.5359,2.5966,8.5495,457.0,22449.0,2458.4844
4445,8.5095,7.1623,2.032,8.1401,459.0,23657.0,2458.4844
4446,8.2384,8.8352,2.0696,8.9762,466.0,25544.0,2458.4844
4447,8.8844,6.4509,1.9676,7.0861,462.0,25960.0,2458.4844
4448,7.1084,8.5584,2.2425,9.0895,467.0,32228.0,2458.4844
4449,9.0424,6.6126,1.9118,7.2393,461.0,20323.0,2458.4844
4450,7.3524,8.2126,2.2034,9.5278,458.0,23623.0,2458.4844
4451,9.4649,7.1051,2.4574,6.9996,458.0,20443.0,2458.4844
4452,7.0878,8.2601,1.8273,9.0595,456.0,26997.0,2458.4844
4453,8.9373,6.5695,2.1323,8.1661,458.0,22401.0,2458.4844
4454,8.3368,6.9263,2.2758,8.188,458.0,20465.0,2458.4844
4455,8.0592,7.1714,2.0617,6.9132,457.0,21985.0,2458.4844
4456,6.9209,6.9938,1.9582,10.0527,460.0,22731.0,2458.4844
4457,10.0914,8.1012,2.396,6.6831,456.0,21823.0,2458.4844
4458,6.7917,6.4493,2.2315,8.0989,449.0,20863.0,2458.4844
4459,7.9432,8.2013,2.0829,8.3021,448.0,23577.0,2458.4844
4460,8.4009,6.5968,2.8327,8.2138,435.0,21367.0,2458.4844
4461,8.1258,8.7843,2.1506,8.0296,459.0,21641.0,2458.4844
4462,8.0776,6.5256,2.6907,8.1331,461.0,22585.0,2458.4844
4463,8.1201,8.6396,2.1558,8.3768,462.0,22625.0,2458.4844
4464,8.3638,6.6646,2.2201,8.1574,463.0,24353.0,2458.4844
4465,8.252,8.8885,2.208,7.7911,461.0,25633.0,2458.4844
4466,7.6368,6.6335,1.7515,8.5674,460.0,26769.0,2458.4844
4467,8.641,9.1185,2.3064,8.37,461.0,25227.0,2458.4844
4468,8.362,6.4755,1.8582,8.0608,457.0,26235.0,2458.4844
4469,8.0745,8.6204,2.3149,7.7405,457.0,23263.0,2458.4844
4470,7.7424,6.4218,1.7774,8.0804,457.0,23309.0,2458.4844
4471,8.0893,8.818,2.1061,8.6236,445.0,19087.0,2458.4844
4472,8.5379,6.5603,1.5653,7.9872,458.0,25317.0,2458.4844
4473,8.0805,8.3096,2.1348,7.6871,451.0,21953.0,2458.4844
4474,7.6473,6.4893,1.9536,8.5343,457.0,23477.0,2458.4844
4475,8.5415,9.0377,1.9652,7.8243,457.0,22311.0,2458.4844
4476,7.8085,6.4609,2.66,8.4394,461.0,23827.0,2458.4844
4477,8.4605,8.611,1.861,8.3279,458.0,22980.0,2458.4844
4478,8.2873,6.6263,1.971,8.0407,468.0,23229.0,2458.4844
4479,8.0642,8.6946,1.8312,8.1987,462.0,21383.0,2458.4844
4480,8.1948,6.6903,1.9718,8.1309,462.0,21982.0,2458.4844
4481,8.1374,8.7169,1.8726,8.1685,459.0,22025.0,2458.4844
4482,8.1783,6.4461,2.002,7.6925,461.0,24846.0,2458.4844
4483,7.7776,6.7527,2.0227,10.0876,458.0,22363.0,2458.4844
4484,10.0202,6.7527,2.1707,7.8814,459.0,29370.0,2458.4844
4485,7.8849,8.7824,2.0372,7.5827,451.0,21269.0,2458.4844
4486,7.6315,6.4603,1.9227,9.3702,456.0,21341.0,2458.4844
4487,9.3653,8.8384,2.1991,6.9542,458.0,22909.0,2458.4844
4488,6.8287,6.4432,1.6128,8.7705,455.0,24731.0,2458.4844
4489,8.8388,9.0124,1.8353,7.8535,458.0,22275.0,2458.4844
4490,7.8729,6.5835,2.2161,9.5765,458.0,23303.0,2458.4844
4491,9.6941,8.9503,2.3393,7.8535,457.0,21981.0,2458.4844
4492,7.74,6.6619,2.1456,8.5025,434.0,22067.0,2458.4844
4493,8.5571,8.708,2.5766,7.9809,456.0,23311.0,2458.4844
4494,7.891,6.6011,2.2364,8.8868,457.0,26581.0,2458.4844
4495,9.0292,9.1005,2.2785,7.8892,459.0,26446.0,2458.4844
4496,7.705,6.6521,1.962,8.2272,429.0,20103.0,2458.4844
4497,8.3133,8.8512,2.3372,8.7201,432.0,18583.0,2458.4844
4498,8.7146,6.657,2.1629,8.2133,431.0,18619.0,2458.4844
4499,8.2218,8.0478,2.0938,8.1588,439.0,19467.0,2458.4844
4500,8.2156,6.9542,2.4628,9.823,457.0,20297.0,2458.4844
4501,9.8186,7.9828,2.7677,8.4748,457.0,21859.0,2458.4844
4502,8.581,6.4799,2.6396,8.6595,457.0,24053.0,2458.4844
4503,8.5103,8.8126,2.5217,7.5344,458.0,20867.0,2458.4844
4504,7.5037,6.501,2.3383,9.4689,459.0,22627.0,2458.4844
4505,9.5272,8.7121,2.1267,7.0786,456.0,27323.0,2458.4844
4506,6.9997,6.6024,1.8897,9.6002,461.0,26585.0,2458.4844
4507,9.6602,9.0503,2.1036,7.3423,460.0,25165.0,2458.4844
4508,7.3039,6.5972,2.0306,8.9878,457.0,25743.0,2458.4844
4509,9.0341,9.0314,2.2105,7.541,457.0,25361.0,2458.4844
4510,7.4912,6.4809,2.145,9.4925,459.0,23990.0,2458.4844
4511,9.4947,9.0229,2.0927,7.5649,461.0,27385.0,2458.4844
4512,7.5478,6.663,2.1317,9.0168,457.0,22505.0,2458.4844
4513,9.061,8.699,2.346,7.7635,459.0,26456.0,2458.4844
4514,7.7796,6.668,2.3173,8.8155,460.0,25503.0,2458.4844
4515,8.8,8.8628,2.1886,7.4273,462.0,23870.0,2458.4844
4516,7.387,6.6133,2.0562,8.331,458.0,20773.0,2458.4844
4517,8.3808,8.6978,2.1299,8.1328,456.0,23621.0,2458.4844
4518,8.1258,6.5907,2.1162,9.5963,460.0,28852.0,2458.4844
4519,9.6349,8.8998,2.1777,6.6641,460.0,24491.0,2458.4844
4520,6.5469,6.6604,1.8181,8.7573,460.0,30341.0,2458.4844
4521,8.8374,8.7164,2.2003,7.5865,455.0,20273.0,2458.4844
4522,7.5892,6.4742,1.8057,8.6794,457.0,23633.0,2458.4844
4523,8.6945,9.0448,2.1166,7.8255,456.0,20441.0,2458.4844
4524,7.8006,6.6364,2.249,8.4602,458.0,28425.0,2458.4844
4525,8.4651,8.8475,2.1098,7.8901,456.0,20973.0,2458.4844
4526,7.925,6.574,1.9051,9.8865,461.0,20457.0,2458.4844
4527,9.8948,8.8278,2.0534,6.9702,460.0,22441.0,2458.4844
4528,6.9506,6.6704,2.143,8.6997,460.0,23141.0,2458.4844
4529,8.6712,7.5602,1.9902,7.5249,460.0,21465.0,2458.4844
4530,7.6129,6.5101,2.0842,8.737,458.0,23393.0,2458.4844
4531,8.6925,8.4245,1.9627,7.5668,438.0,20799.0,2458.4844
4532,7.5431,6.9063,2.1866,8.9707,457.0,22843.0,2458.4844
4533,9.0363,8.8657,2.3842,7.3676,457.0,22581.0,2458.4844
4534,7.3167,6.5621,2.2243,8.2994,457.0,22985.0,2458.4844
4535,8.3622,8.4311,1.9827,8.1349,457.0,23021.0,2458.4844
4536,7.9906,6.9482,1.8226,8.0877,457.0,26175.0,2458.4844
4537,8.2274,8.6174,2.4064,8.6456,460.0,25477.0,2458.4844
4538,8.5212,6.8914,2.2475,9.4419,455.0,25485.0,2458.4844
4539,9.4898,8.4485,2.3613,7.1475,459.0,25999.0,2458.4844
4540,7.2306,6.8529,1.9426,7.8022,457.0,23749.0,2458.4844
4541,7.7409,8.3278,2.1862,8.4171,457.0,23899.0,2458.4844
4542,8.4214,7.0505,2.1702,8.926,460.0,20979.0,2458.4844
4543,8.9384,9.0071,2.2683,8.9159,461.0,25309.0,2458.4844
4544,9.0211,6.5353,2.6577,8.3014,461.0,22221.0,2458.4844
4545,8.2188,8.585,2.1972,7.668,460.0,23491.0,2458.4844
4546,7.6804,6.46,2.0888,7.7404,460.0,22277.0,2458.4844
4547,7.7049,8.7713,2.0147,8.6999,463.0,25772.0,2458.4844
4548,8.691,6.9193,2.062,8.6856,457.0,21073.0,2458.4844
4549,8.7104,6.9193,2.3259,7.6911,463.0,23213.0,2458.4844
4550,7.7223,7.5525,2.0548,7.8455,458.0,21427.0,2458.4844
4551,7.8099,7.641,2.351,8.9155,458.0,23618.0,2458.4844
4552,8.816,6.4983,2.1713,7.2948,455.0,20311.0,2458.4844
4553,7.359,7.0749,2.066,9.7489,460.0,24904.0,2458.4844
4554,9.7443,7.6257,2.4333,7.0279,456.0,22729.0,2458.4844
4555,7.1548,6.9164,2.2298,9.5582,458.0,28990.0,2458.4844
4556,9.468,7.5661,2.6761,8.758,449.0,21053.0,2458.4844
4557,9.2819,8.0064,4.0707,8.6712,458.0,21365.0,2458.4844
4558,8.1358,6.7064,2.925,8.5061,461.0,22901.0,2458.4844
4559,8.5032,8.5941,2.3719,7.6305,460.0,24897.0,2458.4844
4560,7.612,6.5926,2.0901,8.2462,460.0,22105.0,2458.4844
4561,8.2948,8.8208,2.2188,8.4549,459.0,23293.0,2458.4844
4562,8.3451,6.5647,1.9517,7.7428,458.0,21971.0,2458.4844
4563,7.9931,7.3231,2.1382,8.5434,437.0,22081.0,2458.4844
4564,8.2801,6.6455,1.9179,8.9465,456.0,23311.0,2458.4844
4565,9.1862,7.5727,2.2125,6.9801,456.0,26709.0,2458.4844
4566,6.7367,6.5761,1.6234,7.9438,453.0,26274.0,2458.4844
4567,8.088,7.3486,2.2373,8.782,426.0,20111.0,2458.4844
4568,8.7314,8.2324,2.1531,7.5015,428.0,18605.0,2458.4844
4569,7.5993,6.8864,2.3317,8.7282,441.0,19337.0,2458.4844
4570,8.6297,8.1693,2.267,6.7638,433.0,19321.0,2458.4844
4571,6.8046,6.6343,2.3999,8.6768,456.0,21847.0,2458.4844
4572,8.6653,8.1237,2.2256,8.3634,455.0,23025.0,2458.4844
4573,9.0263,6.6459,3.3404,8.6482,457.0,21859.0,2458.4844
4574,7.9685,8.3748,2.1683,8.0297,463.0,21329.0,2458.4844
4575,8.0925,6.6321,2.6941,7.9778,461.0,23311.0,2458.4844
4576,7.9909,7.3882,2.258,8.2419,462.0,26755.0,2458.4844
4577,8.1493,6.6827,2.4439,8.2207,462.0,26467.0,2458.4844
4578,8.3544,8.8568,2.1975,8.3008,462.0,25027.0,2458.4844
4579,8.2079,6.5993,2.1616,7.9845,459.0,25929.0,2458.4844
4580,8.0445,8.3416,2.306,8.5578,452.0,24013.0,2458.4844
4581,8.5218,6.6719,2.32,8.7869,457.0,26831.0,2458.4844
4582,8.8766,8.7396,2.096,7.8293,458.0,25036.0,2458.4844
4583,7.7796,6.6061,2.5266,9.3637,449.0,21749.0,2458.4844
4584,9.2921,9.0604,2.393,7.2787,458.0,26466.0,2458.4844
4585,7.2726,6.6005,2.4502,8.7521,457.0,25489.0,2458.4844
4586,8.8409,8.8069,2.4695,8.6611,459.0,23856.0,2458.4844
4587,8.799,6.5197,2.4548,7.9894,457.0,24097.0,2458.4844
4588,7.8567,9.0017,2.473,7.8178,456.0,20285.0,2458.4844
4589,7.6965,6.4498,2.3665,8.5691,462.0,28876.0,2458.4844
4590,8.6518,8.0491,2.5292,7.7883,464.0,24495.0,2458.4844
4591,7.717,6.6516,2.1716,7.8786,464.0,30345.0,2458.4844
4592,7.9075,8.8455,2.2729,8.5329,463.0,20325.0,2458.4844
4593,8.4931,6.5983,1.9824,8.6271,458.0,23623.0,2458.4844
4594,8.8422,8.5531,2.7722,8.22,458.0,20601.0,2458.4844
4595,8.0432,6.6104,2.4472,8.6023,461.0,28281.0,2458.4844
4596,8.6243,9.0263,2.204,7.7687,456.0,20973.0,2458.4844
4597,7.6539,6.4715,1.7404,8.5411,460.0,20489.0,2458.4844
4598,8.6018,8.955,2.3327,8.2817,457.0,22449.0,2458.4844
4599,8.2547,6.4394,1.5232,8.1978,457.0,23149.0,2458.4844
4600,8.3065,8.8766,2.245,8.4995,456.0,21439.0,2458.4844
4601,8.4683,6.4195,1.99,8.8314,459.0,23427.0,2458.4844
4602,8.9247,8.5423,2.5726,7.5835,440.0,21523.0,2458.4844
4603,7.4511,6.6251,1.8223,8.249,458.0,22321.0,2458.4844
4604,8.2817,8.8575,1.9726,8.2426,455.0,23091.0,2458.4844
4605,8.2558,6.5432,1.8422,8.006,458.0,22619.0,2458.4844
4606,8.0447,9.0554,2.3285,9.223,463.0,22893.0,2458.4844
4607,9.1259,6.5892,2.1288,8.694,462.0,26191.0,2458.4844
4608,8.7154,8.4869,2.4138,8.0259,462.0,25825.0,2458.4844
4609,8.1109,6.5814,2.2348,8.0839,459.0,25511.0,2458.4844
4610,8.1812,8.209,2.2103,8.7991,459.0,25977.0,2458.4844
4611,8.6091,6.4844,2.3214,9.1268,459.0,23335.0,2458.4844
4612,9.2738,9.0844,2.7299,7.6437,456.0,24453.0,2458.4844
4613,7.4981,6.4298,2.3608,9.1116,452.0,20217.0,2458.4844
4614,9.2716,9.1962,3.2652,7.7137,456.0,25293.0,2458.4844
4615,7.6272,6.5032,2.4337,8.3108,455.0,22193.0,2458.4844
4616,8.2745,8.3065,2.4085,8.038,455.0,23453.0,2458.4844
4617,8.0303,6.4626,2.3301,8.7864,456.0,22251.0,2458.4844
4618,8.8233,8.8007,2.2347,7.9092,461.0,25770.0,2458.4844
4619,7.9572,6.6032,2.5206,8.5656,458.0,21085.0,2458.4844
4620,8.5078,9.3649,2.4546,8.248,463.0,23213.0,2458.4844
4621,8.26,6.6416,2.6995,9.4196,459.0,21439.0,2458.4844
4622,9.3895,8.7857,2.8526,7.1674,461.0,23610.0,2458.4844
4623,7.1466,6.6609,2.199,8.456,463.0,20363.0,2458.4844
4624,8.5375,9.2648,2.1098,7.9517,461.0,24872.0,2458.4844
4625,7.9689,6.5412,3.0916,8.9079,457.0,22719.0,2458.4844
4626,8.9059,8.9132,2.3211,8.048,462.0,29016.0,2458.4844
4627,7.9279,6.4498,1.895,8.783,447.0,21007.0,2458.4844
4628,9.0097,9.1199,2.2733,8.099,457.0,21353.0,2458.4844
4629,7.956,6.6352,2.9179,8.3722,457.0,22897.0,2458.4844
4630,8.3549,9.0737,2.3571,8.2488,456.0,24893.0,2458.4844
4631,8.2446,6.6491,1.8745,8.7642,457.0,22113.0,2458.4844
4632,8.7442,8.7468,2.1565,8.1595,456.0,23279.0,2458.4844
4633,8.1782,6.5988,2.8163,8.2994,458.0,21993.0,2458.4844
4634,8.44,8.8043,2.5164,8.0081,438.0,22259.0,2458.4844
4635,7.9158,6.4445,2.5995,8.4951,455.0,23299.0,2458.4844
4636,8.4882,8.8085,2.6478,8.436,455.0,26697.0,2458.4844
4637,8.4398,6.4977,2.8169,8.871,452.0,27840.0,2458.4844
4638,8.8514,8.1043,3.2636,7.9305,430.0,18537.0,2458.4844
4639,7.9606,6.9448,3.1317,8.8541,434.0,18585.0,2458.4844
4640,8.8671,8.8989,2.9337,8.7855,447.0,19925.0,2458.4844
4641,8.8711,7.0994,2.6082,8.3375,445.0,20017.0,2458.4844
4642,8.2552,7.9739,2.5146,8.4597,460.0,24067.0,2458.4844
4643,8.4759,6.6701,2.6716,8.4794,460.0,20869.0,2458.4844
4644,8.4222,8.5651,3.0178,8.9908,459.0,22329.0,2458.4844
4645,9.1988,6.894,2.6414,8.4522,457.0,22005.0,2458.4844
4646,8.2226,8.1268,2.3979,7.6861,458.0,22723.0,2458.4844
4647,7.7907,6.5648,2.96,8.8965,463.0,27707.0,2458.4844
4648,8.8344,6.6732,2.5486,8.2847,459.0,26521.0,2458.4844
4649,9.8551,6.6732,4.3272,9.2462,456.0,24655.0,2458.4844
4650,7.6785,7.6958,3.0446,7.8935,455.0,26407.0,2458.4844
4651,7.8794,7.3807,2.7872,8.8633,447.0,21407.0,2458.4844
4652,8.8415,7.9433,2.5907,8.0285,457.0,27295.0,2458.4844
4653,8.1516,8.402,2.469,9.3249,456.0,24548.0,2458.4844
4654,9.2652,7.1598,2.4859,7.5086,449.0,21465.0,2458.4844
4655,7.4903,8.2163,2.4263,9.4814,464.0,26494.0,2458.4844
4656,9.4882,7.7502,2.5821,8.7766,460.0,25481.0,2458.4844
4657,8.8664,6.525,2.4939,8.6991,461.0,23858.0,2458.4844
4658,8.7443,6.525,2.2395,8.2019,459.0,24099.0,2458.4844
4659,8.0728,8.8495,2.1576,7.9051,458.0,20287.0,2458.4844
4660,7.8087,6.4128,2.0075,8.0425,464.0,30747.0,2458.4844
4661,8.1704,8.4952,2.3017,8.3119,461.0,22656.0,2458.4844
4662,8.2333,7.0049,2.1492,8.3538,459.0,30329.0,2458.4844
4663,8.427,8.5984,2.5674,8.271,459.0,20321.0,2458.4844
4664,8.1783,7.1446,2.0334,9.6287,458.0,23803.0,2458.4844
4665,9.6666,8.7611,2.2969,7.1792,460.0,20489.0,2458.4844
4666,7.1608,6.5525,2.2035,8.2773,456.0,28243.0,2458.4844
4667,8.3491,8.6526,2.2665,9.0498,457.0,20985.0,2458.4844
4668,9.0211,7.0279,2.3501,8.0882,455.0,20429.0,2458.4844
4669,8.1517,8.554,2.2177,8.8557,458.0,23223.0,2458.4844
4670,8.7921,6.6399,2.2057,7.7815,462.0,22403.0,2458.4844
4671,7.7737,8.8823,2.0951,8.9079,461.0,21455.0,2458.4844
4672,8.9501,6.6615,2.2195,8.4699,463.0,23431.0,2458.4844
4673,8.4675,8.7203,2.2494,7.8247,445.0,21861.0,2458.4844
4674,7.8241,6.5947,1.9326,8.6273,459.0,22313.0,2458.4844
4675,8.6,9.0434,2.1154,8.6539,458.0,23471.0,2458.4844
4676,8.65,6.6069,2.3826,9.2377,460.0,23793.0,2458.4844
4677,9.2596,8.8163,3.1448,8.0208,460.0,23269.0,2458.4844
4678,8.0816,6.5124,2.5164,10.1746,305.0,24837.0,2458.4844
4679,10.1333,9.0381,2.7028,7.0726,249.0,18581.0,2458.4844
4680,6.9606,6.6979,2.114,8.641,285.0,25235.0,2458.4844
4681,8.733,6.0774,2.257,8.8054,286.0,25493.0,2458.4844
4682,8.842,6.0774,2.2724,7.5121,287.0,24783.0,2458.4844
4683,7.6407,8.3011,3.0118,7.4368,285.0,23287.0,2458.4844
4684,7.2115,6.0667,2.0775,7.8031,282.0,18977.0,2458.4844
4685,7.91,7.7975,2.4278,7.5771,285.0,24799.0,2458.4844
4686,7.446,6.2527,1.8911,7.5234,290.0,23659.0,2458.4844
4687,7.6635,6.716,2.4511,7.9039,275.0,19349.0,2458.4844
4688,7.8159,6.9282,2.2535,7.9603,291.0,20777.0,2479.1719
4689,8.0094,6.8283,2.4346,8.7649,295.0,25410.0,2493.8594
4690,8.7229,6.6622,2.3277,9.3261,292.0,22649.0,2493.8594
4691,9.393,6.6847,2.2474,6.658,288.0,20643.0,2476.4844
4692,6.5657,6.7015,1.8908,7.8549,285.0,20957.0,2464.4844
4693,8.0269,6.0677,2.6626,8.7024,289.0,21786.0,2423.1094
4694,8.5279,7.1925,2.4406,7.416,286.0,20161.0,2423.1094
4695,7.5058,6.1111,2.8149,7.975,275.0,23484.0,2423.1094
4696,7.9349,7.574,2.455,7.727,287.0,22015.0,2423.1094
4697,7.7393,6.287,2.593,8.1377,284.0,28192.0,2423.1094
4698,8.0933,8.2253,2.2735,7.3051,274.0,20073.0,2423.1094
4699,7.3012,6.0595,2.0032,8.9288,286.0,21133.0,2423.1094
4700,8.9461,8.3692,2.8425,6.8124,287.0,23565.0,2423.1094
4701,6.8282,6.0601,2.1072,7.4638,285.0,21973.0,2423.1094
4702,7.4378,8.083,2.0735,7.2469,289.0,22325.0,2423.1094
4703,7.2211,6.0552,1.8641,7.6208,289.0,21819.0,2423.1094
4704,7.6778,8.3419,1.9383,8.4672,277.0,20393.0,2423.1094
4705,8.454,6.0049,2.0524,6.6551,287.0,21311.0,2423.1094
4706,6.7544,6.7214,2.1767,8.7671,287.0,23389.0,2423.1094
4707,8.6092,7.6712,2.0135,6.3452,273.0,18953.0,2423.1094
4708,6.3874,6.0763,2.3872,8.013,259.0,18551.0,2423.1094
4709,8.2079,7.9303,2.4065,8.0127,270.0,19449.0,2423.1094
4710,7.9185,6.0406,2.8857,8.0185,276.0,21955.0,2423.1094
4711,7.9449,8.4393,2.6924,7.6922,289.0,21401.0,2423.1094
4712,7.6436,6.0525,1.89,7.9071,287.0,21823.0,2423.1094
4713,7.9915,8.3318,2.1807,6.9661,287.0,22635.0,2423.1094
4714,6.8799,5.9876,2.4518,8.1658,290.0,28027.0,2423.1094
4715,8.2721,7.1597,1.9962,7.8244,288.0,24639.0,2423.1094
4716,7.8046,5.9967,2.2431,7.6865,285.0,25491.0,2423.1094
4717,7.6877,8.1478,2.3382,7.4857,287.0,24829.0,2423.1094
4718,7.3909,6.0129,1.9164,6.7257,290.0,27733.0,2423.1094
4719,7.0052,5.965,3.5782,8.8615,289.0,24144.0,2423.1094
4720,8.7799,7.0919,2.7107,5.695,291.0,27406.0,2423.1094
4721,5.5509,6.0273,1.7188,8.1045,290.0,23165.0,2423.1094
4722,8.1184,8.478,1.917,7.3499,290.0,23364.0,2423.1094
4723,7.4659,5.9857,2.0794,9.0459,288.0,23141.0,2423.1094
4724,8.9416,8.3907,2.1339,6.1395,289.0,21686.0,2423.1094
4725,6.0745,5.9726,1.8672,7.7925,289.0,28358.0,2423.1094
4726,7.9047,8.0405,2.5211,8.3504,287.0,21662.0,2423.1094
4727,8.4053,6.0071,1.8379,7.9167,289.0,29847.0,2423.1094
4728,7.7957,8.1271,2.1433,7.3028,285.0,19929.0,2423.1094
4729,7.3289,6.3677,2.018,6.9651,288.0,23143.0,2423.1094
4730,6.9984,6.7304,2.2334,7.9452,286.0,19939.0,2423.1094
4731,7.8938,7.4832,2.2417,7.0763,285.0,27729.0,2423.1094
4732,7.066,6.0391,2.4127,7.7869,284.0,19759.0,2423.1094
4733,7.8631,7.6046,2.1577,6.8455,286.0,21165.0,2423.1094
4734,6.8058,6.0818,1.9864,8.3692,288.0,21607.0,2423.1094
4735,8.3282,8.305,1.924,7.6404,278.0,20361.0,2423.1094
4736,7.6526,6.0974,1.9072,8.1502,289.0,22487.0,2423.1094
4737,8.2291,8.163,2.7411,6.8224,285.0,21843.0,2423.1094
4738,6.7251,6.0102,2.4997,7.2215,262.0,20081.0,2423.1094
4739,7.319,7.933,2.0653,8.0001,288.0,22489.0,2423.1094
4740,7.9143,5.9801,1.9077,6.7493,284.0,22253.0,2423.1094
4741,6.8481,6.285,2.5971,8.8823,287.0,24149.0,2423.1094
4742,8.7645,7.5748,1.9121,6.4655,286.0,22929.0,2423.1094
4743,6.4272,5.9959,1.7371,8.1326,284.0,22395.0,2423.1094
4744,8.327,8.3688,2.4753,7.2869,287.0,27799.0,2423.1094
4745,7.1569,6.0347,2.0312,8.1122,284.0,26616.0,2423.1094
4746,8.191,8.1535,2.5462,6.6772,285.0,25081.0,2423.1094
4747,6.5842,6.0345,2.3953,8.2944,284.0,24971.0,2423.1094
4748,8.3654,8.4099,2.162,7.4201,286.0,25119.0,2423.1094
4749,7.4698,6.0213,2.2829,7.5315,284.0,22493.0,2423.1094
4750,7.4906,6.4816,2.3757,6.7941,288.0,21483.0,2423.1094
4751,6.7,7.5241,1.7996,6.5354,288.0,25511.0,2423.1094
4752,6.5464,5.9946,1.8936,8.8767,289.0,21343.0,2423.1094
4753,8.896,7.2885,2.3239,6.7548,278.0,19521.0,2423.1094
4754,6.7846,6.0008,2.5121,8.1297,286.0,20729.0,2423.1094
4755,8.1361,8.2472,2.0237,7.2217,295.0,27237.0,2423.1094
4756,7.1926,6.0077,1.9989,8.0348,286.0,22420.0,2423.1094
4757,8.0355,8.2421,2.0224,7.5469,284.0,18909.0,2423.1094
4758,7.5527,6.0549,2.1337,8.9754,285.0,21033.0,2423.1094
4759,9.1105,8.2166,2.8181,6.5291,288.0,21754.0,2423.1094
4760,6.4532,6.0676,2.3025,8.4616,284.0,22173.0,2423.1094
4761,8.4504,6.9152,2.4444,7.3211,287.0,23320.0,2423.1094
4762,7.2692,6.4228,1.726,6.0559,284.0,27327.0,2423.1094
4763,6.3377,6.3143,2.2375,8.9873,281.0,21958.0,2423.1094
4764,8.7197,8.3072,2.0437,7.3544,263.0,18915.0,2423.1094
4765,7.3701,5.9659,2.2497,7.0543,284.0,21457.0,2423.1094
4766,7.0589,8.31,2.366,8.3282,290.0,24001.0,2423.1094
4767,8.2884,5.9884,1.9604,7.048,288.0,21577.0,2423.1094
4768,7.0672,8.0431,1.8415,7.6703,290.0,23219.0,2423.1094
4769,7.6208,6.0169,1.709,7.6622,287.0,21333.0,2423.1094
4770,7.7305,8.1923,1.9551,7.3472,272.0,19753.0,2423.1094
4771,7.4314,5.9681,2.0536,7.736,287.0,20923.0,2423.1094
4772,8.2015,6.6682,3.0427,7.5519,283.0,23295.0,2423.1094
4773,6.9602,6.5083,1.8515,6.3803,269.0,18763.0,2423.1094
4774,6.4072,5.997,2.2338,7.5144,262.0,19317.0,2423.1094
4775,7.5406,8.0439,2.1733,7.3132,264.0,18559.0,2423.1094
4776,7.2953,5.9702,1.8624,8.4621,286.0,23093.0,2423.1094
4777,8.471,8.1919,1.9981,6.5652,285.0,20775.0,2423.1094
4778,6.501,5.9727,1.8776,8.0969,287.0,22653.0,2423.1094
4779,8.1937,7.3842,2.1173,7.6677,286.0,24523.0,2423.1094
4780,7.6585,6.0301,1.9817,6.5965,287.0,26737.0,2423.1094
4781,6.7239,6.5969,2.1028,8.6542,287.0,23811.0,2423.1094
4782,8.484,6.9269,2.2758,7.1279,288.0,25187.0,2423.1094
4783,7.1798,5.9233,2.1024,8.3577,291.0,25277.0,2423.1094
4784,8.4101,8.275,2.2707,6.2297,289.0,27323.0,2423.1094
4785,6.1172,5.9728,2.5481,7.469,277.0,23782.0,2423.1094
4786,7.6763,8.1798,2.8713,7.9305,288.0,26610.0,2423.1094
4787,7.7235,5.9701,1.7456,7.6498,290.0,23145.0,2423.1094
4788,7.6854,8.0671,1.9703,7.2429,287.0,23330.0,2423.1094
4789,7.2258,5.9395,1.8489,7.6068,287.0,24978.0,2423.1094
4790,7.6669,7.7305,2.3043,7.8499,284.0,19759.0,2423.1094
4791,7.7728,6.05,1.9893,6.6655,289.0,28338.0,2423.1094
4792,6.7983,6.2968,2.4221,8.7198,287.0,21642.0,2423.1094
4793,8.658,7.975,2.164,6.2356,288.0,29815.0,2423.1094
4794,6.2276,6.0773,2.214,8.1544,285.0,19929.0,2423.1094
4795,8.152,8.2964,2.4897,7.7812,287.0,23131.0,2423.1094
4796,7.7119,5.964,1.7405,8.0601,285.0,19927.0,2423.1094
4797,8.2015,8.5109,3.1156,7.4364,285.0,27729.0,2423.1094
4798,7.2673,6.0444,2.229,9.1165,291.0,19799.0,2423.1094
4799,9.21,8.4499,2.2496,7.9982,289.0,21157.0,2423.1094
4800,8.0046,5.9745,2.0902,7.4607,288.0,21607.0,2423.1094
4801,7.4668,8.2643,2.3022,7.5141,279.0,21585.0,2423.1094
4802,7.4916,6.0007,2.0852,8.492,288.0,21655.0,2423.1094
4803,8.5406,8.3153,2.0532,6.6549,287.0,22853.0,2423.1094
4804,6.5965,6.0187,1.9034,6.8843,260.0,20061.0,2423.1094
4805,6.9635,6.2559,2.2979,9.0914,284.0,21291.0,2423.1094
4806,9.1002,7.6212,2.4912,7.3833,288.0,23975.0,2423.1094
4807,7.444,6.0191,3.4205,7.7963,285.0,22819.0,2423.1094
4808,7.6924,7.7046,2.1631,6.8921,285.0,22549.0,2423.1094
4809,6.804,6.0763,1.865,7.5862,280.0,25024.0,2423.1094
4810,7.6702,8.2489,2.1645,7.9355,284.0,24942.0,2423.1094
4811,7.8786,5.9982,1.9292,8.4635,287.0,27020.0,2423.1094
4812,8.5889,8.2444,2.6481,8.0955,284.0,24701.0,2423.1094
4813,8.0214,6.1161,1.9106,8.4677,285.0,24983.0,2423.1094
4814,8.5662,7.9761,2.1387,5.954,289.0,25111.0,2423.1094
4815,5.8609,6.2481,1.7074,8.322,289.0,22461.0,2423.1094
4816,8.3322,8.3468,1.6099,8.1641,289.0,22331.0,2423.1094
4817,8.1457,6.0408,2.2416,8.7498,286.0,24673.0,2423.1094
4818,8.8452,7.781,2.7304,7.9383,290.0,21377.0,2423.1094
4819,7.861,6.6517,2.2998,7.4409,283.0,19773.0,2423.1094
4820,7.4784,7.7316,2.9163,7.5251,284.0,20727.0,2423.1094
4821,7.4055,6.605,1.9568,6.6176,294.0,28983.0,2423.1094
4822,6.7521,6.0287,2.1934,8.3477,286.0,20684.0,2423.1094
4823,8.3031,8.2559,2.1592,7.6211,285.0,18921.0,2423.1094
4824,7.5949,6.1015,2.8257,8.8021,285.0,21081.0,2423.1094
4825,8.9129,8.2316,2.908,7.2337,286.0,22098.0,2423.1094
4826,7.1647,6.081,2.7813,9.1678,285.0,21817.0,2423.1094
4827,9.1912,8.2709,2.2932,6.971,287.0,23320.0,2423.1094
4828,6.9415,6.1143,2.4629,8.0601,285.0,27339.0,2423.1094
4829,8.0717,8.3001,2.544,7.1725,286.0,22306.0,2423.1094
4830,7.1342,6.1041,2.2005,8.1282,289.0,21937.0,2423.1094
4831,8.2238,8.3972,2.0502,7.4913,288.0,23609.0,2423.1094
4832,7.4404,6.1206,2.1135,7.6942,290.0,21969.0,2423.1094
4833,7.7169,8.3024,2.3029,8.2077,286.0,23193.0,2423.1094
4834,8.0984,6.0298,1.9526,7.3085,286.0,21321.0,2423.1094
4835,7.3784,7.3272,2.1223,8.0129,282.0,20305.0,2423.1094
4836,7.9953,6.7072,2.2755,6.5726,285.0,20921.0,2423.1094
4837,6.6231,6.0594,2.488,8.1099,281.0,23127.0,2423.1094
4838,8.1096,7.5904,2.9129,7.6663,276.0,20205.0,2423.1094
4839,7.602,5.9812,2.7971,7.1379,255.0,17971.0,2423.1094
4840,7.1684,8.4835,2.3802,8.1397,267.0,21603.0,2423.1094
4841,8.0944,5.9508,1.7962,8.1314,284.0,20109.0,2423.1094
4842,8.1891,8.2216,2.1446,7.8504,286.0,21137.0,2423.1094
4843,7.8221,6.0053,2.1789,7.7101,286.0,23053.0,2423.1094
4844,7.7202,8.2121,2.0561,7.2165,286.0,24075.0,2423.1094
4845,7.2181,6.0175,2.223,8.3128,286.0,27031.0,2423.1094
4846,8.3269,8.1382,2.805,7.1254,290.0,23647.0,2423.1094
4847,7.0896,6.0415,2.5284,7.2446,288.0,24881.0,2423.1094
4848,7.2532,6.6703,2.0366,7.9446,289.0,25645.0,2423.1094
4849,7.8974,7.0379,1.9206,6.2159,288.0,27545.0,2423.1094
4850,6.2518,6.0386,2.7443,8.2047,288.0,26920.0,2423.1094
4851,8.2146,8.0786,2.4859,7.3655,287.0,23262.0,2423.1094
4852,7.3701,5.9964,1.9728,7.7176,286.0,24807.0,2423.1094
4853,7.7804,8.3133,3.039,7.3633,289.0,23513.0,2423.1094
4854,7.3004,6.0239,1.9679,7.8614,285.0,23107.0,2423.1094
4855,7.8624,8.0541,1.906,7.0372,285.0,23107.0,2423.1094
4856,7.0999,6.0075,2.014,6.9359,289.0,25002.0,2423.1094
4857,6.9216,6.794,2.0711,8.0985,288.0,21654.0,2423.1094
4858,8.0484,6.4774,2.1849,6.4393,287.0,29961.0,2423.1094
4859,6.4221,6.0351,2.2062,8.0737,286.0,19783.0,2423.1094
4860,8.1124,7.8317,2.558,7.634,287.0,23131.0,2423.1094
4861,7.6257,5.9771,1.8431,8.0876,284.0,19915.0,2423.1094
4862,8.12,8.2284,2.2398,7.3137,291.0,27757.0,2423.1094
4863,7.2509,6.0323,1.9139,7.796,288.0,20989.0,2423.1094
4864,7.9286,8.2846,1.9487,7.2568,290.0,20099.0,2423.1094
4865,7.1067,5.9675,1.6594,8.141,289.0,22483.0,2423.1094
4866,8.1784,7.8323,2.0437,7.7451,288.0,22745.0,2423.1094
4867,7.714,6.3659,2.0132,7.7822,287.0,21391.0,2423.1094
4868,7.9135,6.5435,2.1061,7.304,278.0,22759.0,2423.1094
4869,7.2431,6.0182,2.1974,6.2033,281.0,21207.0,2423.1094
4870,6.1141,6.0439,1.7814,7.4694,286.0,24319.0,2423.1094
4871,7.5345,8.0178,2.3484,8.6791,286.0,22831.0,2423.1094
4872,8.7155,6.0105,2.4087,8.0958,286.0,22193.0,2423.1094
4873,8.0921,8.2404,2.6715,7.7571,279.0,25012.0,2423.1094
4874,7.7275,6.0447,2.2324,8.0668,284.0,25310.0,2423.1094
4875,8.1086,8.1772,2.1614,7.5001,285.0,26996.0,2423.1094
4876,7.4744,5.9895,2.4499,9.1579,287.0,24737.0,2423.1094
4877,9.1931,8.3131,2.7769,7.2115,284.0,24603.0,2423.1094
4878,7.2441,6.087,2.3785,8.6869,290.0,25075.0,2423.1094
4879,8.6586,8.3201,2.5251,7.2291,288.0,24041.0,2423.1094
4880,7.1879,6.1034,2.1245,7.8952,290.0,20751.0,2423.1094
4881,8.1941,8.3426,2.7614,7.9829,288.0,24793.0,2423.1094
4882,7.6656,6.0923,1.9484,6.7487,288.0,22141.0,2423.1094
4883,6.7731,6.7499,2.0147,8.1386,286.0,19117.0,2423.1094
4884,8.1358,6.6628,2.228,6.2448,286.0,24382.0,2423.1094
4885,6.2145,5.9948,2.3202,8.3177,290.0,25304.0,2423.1094
4886,8.3515,8.2153,2.5372,7.3508,287.0,20744.0,2423.1094
4887,7.286,6.0494,1.9303,8.1161,286.0,18981.0,2423.1094
4888,8.1785,8.2607,2.2011,7.0774,285.0,21033.0,2423.1094
4889,7.0485,6.0086,1.5806,7.5888,287.0,23894.0,2423.1094
4890,7.5981,8.2097,2.1164,7.5009,280.0,19781.0,2423.1094
4891,7.4697,6.0317,1.8711,7.6123,289.0,23344.0,2423.1094
4892,7.6678,8.2439,2.225,7.6209,285.0,27339.0,2423.1094
4893,7.6158,6.0912,2.0803,7.0863,287.0,22318.0,2423.1094
4894,7.16,6.8205,2.345,8.8379,289.0,21937.0,2423.1094
4895,8.7998,7.047,2.2404,6.1439,289.0,23621.0,2423.1094
4896,6.1459,6.0555,2.4086,7.8977,288.0,21945.0,2423.1094
4897,7.8811,8.2973,2.2406,7.8486,288.0,23217.0,2423.1094
4898,7.8067,5.9427,1.7076,7.831,287.0,21333.0,2423.1094
4899,7.8693,8.4492,2.2942,7.9552,283.0,20365.0,2423.1094
4900,7.9436,5.9777,1.881,8.0882,287.0,20945.0,2423.1094
4901,8.1284,8.2225,2.0986,7.1198,283.0,23247.0,2423.1094
4902,7.0364,6.0552,1.9384,7.9846,274.0,19989.0,2423.1094
4903,8.0669,8.3551,2.0231,6.9733,265.0,21579.0,2423.1094
4904,6.9052,6.003,1.7554,7.0109,254.0,17959.0,2423.1094
4905,7.149,6.8139,2.7129,8.4764,285.0,20121.0,2423.1094
4906,8.3241,7.4593,2.2286,6.8127,287.0,21149.0,2423.1094
4907,6.9263,6.0321,2.6209,8.2911,287.0,23065.0,2423.1094
4908,8.2463,8.4648,2.3771,7.7675,288.0,24099.0,2423.1094
4909,7.7332,5.9878,2.3224,8.3541,287.0,27043.0,2423.1094
4910,8.4669,8.2696,2.5733,7.4599,291.0,23659.0,2423.1094
4911,7.3761,6.0458,2.1427,7.9153,289.0,24893.0,2423.1094
4912,7.9002,8.1817,2.2532,6.9922,289.0,25645.0,2423.1094
4913,6.9553,6.0343,1.8222,7.7412,288.0,27545.0,2423.1094
4914,7.7962,8.4852,1.9234,7.9925,287.0,26908.0,2423.1094
4915,7.9874,6.002,1.9436,8.2252,286.0,23250.0,2423.1094
4916,8.3309,8.1286,3.2423,7.4709,286.0,24807.0,2423.1094
4917,7.4131,6.0475,2.4001,7.248,289.0,23513.0,2423.1094
4918,7.2725,6.81,2.7939,8.9074,285.0,23107.0,2423.1094
4919,8.8149,6.6424,2.2133,7.7472,285.0,23107.0,2423.1094
4920,7.8886,6.6209,2.4166,7.5832,288.0,24990.0,2423.1094
4921,7.4968,7.5106,1.9547,6.9764,287.0,21642.0,2423.1094
4922,6.9737,6.0259,2.1439,7.5731,287.0,29961.0,2423.1094
4923,7.5436,8.6142,2.2419,7.5476,284.0,19759.0,2423.1094
4924,7.5372,5.9555,1.7016,8.4218,285.0,23107.0,2423.1094
4925,8.4545,8.2554,2.1116,7.1412,284.0,19915.0,2423.1094
4926,7.0919,6.0482,2.2244,7.9319,289.0,27733.0,2423.1094
4927,7.9803,8.1722,2.9077,7.3514,288.0,20989.0,2423.1094
4928,7.2865,6.0798,1.8602,8.5563,289.0,20087.0,2423.1094
4929,8.8322,8.2594,2.4281,6.786,286.0,22447.0,2423.1094
4930,6.5791,6.0779,2.3396,7.3381,288.0,22745.0,2423.1094
4931,7.3579,6.6164,2.1573,7.8627,289.0,21415.0,2423.1094
4932,7.8075,6.4412,2.4491,6.3381,280.0,22831.0,2423.1094
4933,6.3698,6.025,3.1208,8.0165,286.0,22147.0,2423.1094
4934,8.0048,8.1941,2.3786,7.1916,287.0,23963.0,2423.1094
4935,7.14,5.9706,1.5514,8.3443,286.0,22463.0,2423.1094
4936,8.4517,8.3387,1.8568,6.7934,285.0,22917.0,2423.1094
4937,6.756,5.9637,1.8418,8.4962,279.0,27417.0,2423.1094
4938,8.5618,8.47,2.1554,8.0486,287.0,22525.0,2423.1094
4939,8.1084,5.9412,2.1248,7.2529,284.0,27352.0,2423.1094
4940,7.1637,8.3708,2.2077,8.4406,284.0,24701.0,2423.1094
4941,8.3734,6.012,2.1918,6.9529,284.0,23819.0,2423.1094
4942,7.0154,7.6729,2.6481,8.9257,289.0,25851.0,2423.1094
4943,8.8895,6.5269,2.2626,7.0437,290.0,23229.0,2423.1094
4944,7.1183,6.3236,2.3319,7.9464,290.0,22343.0,2423.1094
4945,7.9368,7.5901,2.0795,6.4897,283.0,23093.0,2423.1094
4946,6.3956,5.9725,1.9101,8.7501,288.0,22141.0,2423.1094
4947,8.8073,5.9524,2.0748,8.0197,286.0,19117.0,2423.1094
4948,8.0677,5.9524,2.0915,8.2724,287.0,24394.0,2423.1094
4949,8.2173,8.5924,2.2925,6.5924,291.0,25316.0,2423.1094
4950,6.7146,6.1207,3.0222,7.6612,287.0,20744.0,2423.1094
4951,7.5543,8.1448,2.0722,7.5077,284.0,18957.0,2423.1094
4952,7.4568,6.0568,1.9657,8.4006,287.0,21057.0,2423.1094
4953,8.4544,7.9895,2.0907,7.5408,286.0,23882.0,2423.1094
4954,7.5414,6.088,2.1084,7.268,283.0,20009.0,2423.1094
4955,7.2908,7.7304,2.2759,8.1887,284.0,23188.0,2423.1094
4956,8.1586,6.8367,2.4009,7.2166,287.0,27363.0,2423.1094
4957,7.2487,5.9934,2.517,9.7199,287.0,22318.0,2423.1094
4958,9.7466,6.9763,2.4985,8.1566,288.0,21925.0,2423.1094
4959,8.1196,7.2222,2.3908,9.2386,288.0,23609.0,2423.1094
4960,9.2355,6.0248,2.4311,6.7353,288.0,21945.0,2423.1094
4961,6.8459,6.6707,2.6406,8.6532,286.0,23193.0,2423.1094
4962,8.5134,7.7294,2.7788,6.7026,286.0,21321.0,2423.1094
4963,6.6992,6.1249,2.5737,8.4411,282.0,20305.0,2423.1094
4964,8.4896,7.9035,2.5845,6.7348,285.0,20921.0,2423.1094
4965,6.671,5.9325,2.0662,8.352,281.0,23175.0,2423.1094
4966,8.4247,8.4985,2.7225,6.7552,274.0,19989.0,2423.1094
4967,6.6791,6.0644,1.9459,8.6448,271.0,21843.0,2423.1094
4968,8.7036,8.5371,2.1215,8.5059,250.0,17719.0,2423.1094
4969,8.4894,6.0774,2.5876,9.9148,284.0,20109.0,2423.1094
4970,10.0569,8.0701,3.4456,7.169,286.0,21137.0,2423.1094
4971,7.0481,6.0824,2.6382,8.3898,288.0,23077.0,2423.1094
4972,8.4465,6.1888,2.9106,8.2963,287.0,24087.0,2423.1094
4973,8.2592,6.1888,2.6335,9.6994,287.0,27043.0,2423.1094
4974,9.7384,8.69,3.5501,7.9319,292.0,23671.0,2423.1094
4975,8.3279,6.1171,3.7184,8.2694,289.0,24893.0,2423.1094
4976,7.8492,8.6589,2.8932,8.3234,290.0,25657.0,2423.1094
4977,8.278,6.0668,2.3224,8.0556,288.0,27545.0,2423.1094
4978,8.101,8.4963,2.6624,7.8051,287.0,26908.0,2423.1094
4979,7.7372,6.0249,2.2221,8.0213,287.0,23262.0,2423.1094
4980,8.0857,8.4958,2.8252,7.9167,286.0,24807.0,2423.1094
4981,7.8626,6.0893,2.2529,8.9749,291.0,23537.0,2423.1094
4982,9.0216,8.3175,2.5008,7.2249,286.0,23119.0,2423.1094
4983,7.1399,6.0926,2.6531,8.0861,285.0,23107.0,2423.1094
4984,8.2408,7.541,3.7311,8.4466,287.0,24978.0,2423.1094
4985,8.3598,6.0161,2.2355,8.2175,287.0,21642.0,2423.1094
4986,8.302,8.3414,2.3554,7.5637,287.0,29961.0,2423.1094
4987,7.4633,6.058,2.3243,8.7783,284.0,19759.0,2423.1094
4988,8.9364,8.1374,2.7162,7.7674,286.0,23119.0,2423.1094
4989,7.6524,6.0386,2.2398,7.8977,286.0,19939.0,2423.1094
4990,8.2369,6.0347,3.5428,8.654,290.0,27745.0,2423.1094
4991,8.3703,6.6299,2.2323,8.6704,290.0,21013.0,2423.1094
4992,8.74,6.6299,2.6071,7.416,288.0,20075.0,2423.1094
4993,7.2864,6.0606,2.32,7.7667,288.0,22471.0,2423.1094
4994,8.2904,6.9464,3.4112,8.2829,290.0,22769.0,2423.1094
4995,7.7981,6.2644,2.3343,8.6226,288.0,21403.0,2423.1094
4996,8.6269,6.2644,2.422,7.8925,283.0,23633.0,2423.1094
4997,7.8331,6.613,2.6048,7.7418,285.0,23615.0,2423.1094
4998,7.8059,6.2744,2.4697,8.8753,285.0,22091.0,2423.1094
4999,8.8879,6.1045,2.5712,8.1532,285.0,23029.0,2423.1094
5000,8.1264,6.1045,2.7197,8.279,286.0,25382.0,2423.1094
5001,8.2443,8.4098,2.6461,8.0927,275.0,24404.0,2423.1094
5002,8.2561,6.2905,2.6173,8.9995,284.0,22489.0,2423.1094
5003,8.8625,6.6462,3.3843,8.677,286.0,27376.0,2423.1094
5004,8.9734,6.6462,3.0372,8.7928,285.0,24297.0,2423.1094
5005,8.644,6.0305,2.6378,7.9208,286.0,24631.0,2423.1094
5006,7.8853,6.6594,2.5015,8.0038,290.0,25491.0,2423.1094
5007,7.9395,6.8632,2.5449,9.3034,289.0,23589.0,2423.1094
5008,9.3082,6.8632,2.6464,7.8114,287.0,21471.0,2423.1094
5009,7.7563,7.5324,2.0903,8.752,287.0,24025.0,2423.1094
5010,8.9042,7.5664,3.1503,8.5296,288.0,21353.0,2423.1094
5011,8.3692,6.0995,3.5194,8.7339,287.0,20865.0,2423.1094
5012,8.8208,8.2228,3.9233,7.3861,287.0,22706.0,2423.1094
5013,7.3336,6.0712,2.8188,7.8953,291.0,25268.0,2423.1094
5014,8.0708,7.1877,2.6839,9.0384,289.0,20816.0,2423.1094
5015,8.8967,7.1877,2.4793,8.8165,284.0,18957.0,2423.1094
5016,8.8318,6.1318,2.7475,8.6973,287.0,22904.0,2423.1094
5017,8.6275,6.1318,2.3747,8.5721,285.0,22023.0,2423.1094
5018,8.6827,7.2758,2.667,8.4397,284.0,20069.0,2423.1094
5019,8.3681,7.208,2.4959,8.7572,286.0,25608.0,2423.1094
5020,8.7211,6.1848,2.797,8.0801,286.0,25099.0,2423.1094
5021,8.0685,6.1848,2.2171,7.3769,282.0,22018.0,2423.1094
5022,7.3996,7.618,2.1833,8.0386,289.0,22305.0,2423.1094
5023,7.9845,6.0702,2.0385,8.055,289.0,23253.0,2423.1094
5024,8.1127,7.6163,2.1239,8.0416,290.0,21969.0,2423.1094
5025,8.0857,6.111,2.5182,7.4783,288.0,23217.0,2423.1094
5026,7.5088,6.5925,2.7047,8.1632,287.0,21333.0,2423.1094
5027,8.0802,7.1541,2.4023,7.0189,282.0,20305.0,2423.1094
5028,7.3824,6.1079,2.4346,8.2329,286.0,20933.0,2423.1094
5029,7.881,7.6281,2.3651,6.9125,280.0,23465.0,2423.1094
5030,6.8147,6.0301,1.9399,8.7381,276.0,22719.0,2423.1094
5031,8.8431,8.3114,2.5941,7.1677,268.0,18799.0,2423.1094
5032,7.1672,6.1125,2.3866,8.7543,253.0,17851.0,2423.1094
5033,8.7594,8.4628,2.5953,6.6041,286.0,20133.0,2423.1094
5034,6.5616,5.945,2.1465,7.9888,287.0,21649.0,2423.1094
5035,8.018,8.3138,1.9502,7.3819,288.0,22733.0,2423.1094
5036,7.3919,8.2529,2.4234,10.8178,287.0,24395.0,2423.1094
5037,10.8184,8.2529,2.0886,6.3607,286.0,26917.0,2423.1094
5038,6.2741,6.1778,1.7353,8.504,291.0,23309.0,2423.1094
5039,8.599,8.312,2.3808,7.7784,289.0,25393.0,2423.1094
5040,7.7087,6.1046,2.3202,8.5245,289.0,25907.0,2423.1094
5041,8.6127,8.1204,2.4183,7.5704,288.0,26783.0,2423.1094
5042,7.5448,6.0878,2.4351,8.1743,287.0,27028.0,2423.1094
5043,8.2909,6.8022,2.616,7.281,287.0,24830.0,2423.1094
5044,7.1594,7.0099,2.134,8.3204,285.0,23107.0,2423.1094
5045,8.582,6.6714,3.5167,8.3602,290.0,23525.0,2423.1094
5046,8.1152,6.0705,2.391,8.7144,287.0,23131.0,2423.1094
5047,8.7428,6.0705,2.4045,7.7923,287.0,26467.0,2423.1094
5048,7.7721,6.0495,2.4707,8.2374,287.0,21642.0,2423.1094
5049,8.2771,6.0495,2.498,7.718,286.0,21630.0,2423.1094
5050,7.6981,6.6156,2.3909,6.666,289.0,29985.0,2423.1094
5051,6.7226,6.0247,2.836,8.3806,285.0,19771.0,2423.1094
5052,8.2825,7.968,3.6911,7.6595,285.0,23107.0,2423.1094
5053,7.6333,6.0426,2.6038,8.0981,286.0,21185.0,2423.1094
5054,8.0696,8.098,2.4276,7.4546,290.0,26499.0,2423.1094
5055,7.5495,6.0315,2.1738,8.0607,289.0,21001.0,2423.1094
5056,8.0539,8.4301,2.5652,7.6259,290.0,20099.0,2423.1094
5057,7.5706,6.0816,2.1804,8.5025,288.0,22471.0,2423.1094
5058,8.562,8.4407,2.3538,7.528,287.0,22733.0,2423.1094
5059,7.4862,6.0845,2.247,7.7642,286.0,22211.0,2423.1094
5060,7.7744,7.9107,2.6294,7.5096,280.0,22669.0,2423.1094
5061,7.5265,6.0562,2.8334,7.8543,286.0,23627.0,2423.1094
5062,8.5921,7.3628,4.3885,8.7593,284.0,22447.0,2423.1094
5063,8.0268,6.5636,2.0874,6.5554,286.0,23611.0,2423.1094
5064,6.6043,6.0568,2.2527,10.539,284.0,24576.0,2423.1094
5065,10.515,6.0568,2.4556,8.3526,274.0,24556.0,2423.1094
5066,8.3579,7.9886,2.5112,7.6012,285.0,22133.0,2423.1094
5067,7.5146,6.4257,2.5972,7.1146,285.0,27316.0,2423.1094
5068,7.1498,6.6768,2.8817,8.8462,286.0,25097.0,2423.1094
5069,9.5052,7.9432,3.3941,7.1956,285.0,23879.0,2423.1094
5070,6.6247,6.0518,3.6425,7.1943,291.0,25503.0,2423.1094
5071,7.0882,7.2676,2.9253,7.3681,289.0,23589.0,2423.1094
5072,7.396,6.1001,2.3924,9.5618,288.0,22223.0,2423.1094
5073,9.6014,8.3942,3.0849,8.4839,286.0,23273.0,2423.1094
5074,8.6392,7.7427,3.1489,11.1544,288.0,23089.0,2423.1094
5075,11.0198,7.7427,2.6868,7.6457,286.0,19117.0,2423.1094
5076,7.6493,6.7816,2.6198,8.3451,287.0,22754.0,2423.1094
5077,8.3043,6.6176,2.356,7.6704,291.0,25220.0,2423.1094
5078,7.7181,6.106,2.7892,7.8797,287.0,20840.0,2423.1094
5079,7.8034,6.1716,2.3216,9.8812,285.0,18873.0,2423.1094
5080,9.9395,6.1716,2.5755,7.5379,287.0,23000.0,2423.1094
5081,7.4625,6.0521,2.1504,8.0449,286.0,22035.0,2423.1094
5082,8.0804,6.6529,2.8881,8.3886,284.0,20069.0,2423.1094
5083,8.4371,7.2472,2.4826,7.1348,284.0,25488.0,2423.1094
5084,7.138,6.1233,2.6061,8.8784,285.0,25087.0,2423.1094
5085,8.807,7.4462,2.5493,6.6374,287.0,22686.0,2423.1094
5086,6.6559,6.1238,2.7618,7.3518,290.0,22099.0,2423.1094
5087,7.3417,7.6861,2.7516,9.059,290.0,23115.0,2423.1094
5088,9.0761,6.0176,2.7415,8.0898,288.0,22095.0,2423.1094
5089,8.2699,6.0356,2.7111,9.2493,286.0,23043.0,2423.1094
5090,9.0796,6.0356,2.497,7.237,288.0,21345.0,2423.1094
5091,7.2275,8.0578,2.3666,6.5559,276.0,19993.0,2423.1094
5092,6.5171,6.1365,2.524,8.2287,284.0,20909.0,2423.1094
5093,8.3759,7.0133,2.0806,7.1034,285.0,26469.0,2423.1094
5094,6.9501,6.0401,2.3461,7.3735,273.0,19787.0,2423.1094
5095,7.4607,8.2727,2.2299,8.2051,268.0,18799.0,2423.1094
5096,8.1407,6.0322,2.1296,7.8791,259.0,18211.0,2423.1094
5097,8.0407,7.1847,2.2378,7.4831,285.0,20621.0,2423.1094
5098,7.3076,7.1082,2.1032,6.423,286.0,21137.0,2423.1094
5099,6.4991,6.0294,2.6141,9.2319,287.0,23343.0,2423.1094
5100,9.223,8.5173,2.4561,6.9238,288.0,24135.0,2423.1094
5101,6.891,6.0372,2.515,8.8201,287.0,26579.0,2423.1094
5102,8.8554,5.9979,2.6421,9.893,292.0,24529.0,2423.1094
5103,9.9464,5.9979,2.8239,7.5659,289.0,25497.0,2423.1094
5104,7.5052,7.6214,2.5471,7.1038,288.0,25011.0,2423.1094
5105,7.0687,6.0687,2.3644,8.0045,280.0,25971.0,2423.1094
5106,8.0708,6.0571,2.532,9.091,288.0,27040.0,2423.1094
5107,9.0615,6.0571,2.8223,9.3205,287.0,24830.0,2423.1094
5108,9.3905,6.1413,2.9872,9.8161,285.0,23107.0,2423.1094
5109,9.8611,6.1413,2.6048,9.4434,289.0,23513.0,2423.1094
5110,9.4045,6.5512,3.2526,8.1681,287.0,26467.0,2423.1094
5111,8.2283,6.5459,2.6358,10.0647,285.0,23107.0,2423.1094
5112,9.9665,6.5459,2.7226,9.5021,287.0,21642.0,2423.1094
5113,9.5962,6.0576,3.9256,7.9657,286.0,21630.0,2423.1094
5114,7.8568,6.0576,2.5237,8.3196,287.0,29961.0,2423.1094
5115,8.305,8.3767,2.1965,8.91,285.0,19771.0,2423.1094
5116,8.9236,6.0699,2.1156,8.1374,287.0,23131.0,2423.1094
5117,8.171,8.2369,2.2388,6.9232,284.0,21161.0,2423.1094
5118,6.8571,6.0601,2.2545,9.1335,290.0,26499.0,2423.1094
5119,9.1887,7.8999,2.8743,7.273,288.0,20989.0,2423.1094
5120,7.1765,6.1301,2.7952,7.3804,288.0,20075.0,2423.1094
5121,7.5142,8.089,1.9911,7.712,288.0,22471.0,2423.1094
5122,7.5673,6.0778,1.6551,6.3262,287.0,23101.0,2423.1094
5123,6.4343,6.6595,3.0265,9.9922,288.0,21867.0,2423.1094
5124,9.9976,6.5127,2.9329,10.0632,281.0,22729.0,2423.1094
5125,10.1034,6.4208,2.5493,8.5864,287.0,24007.0,2423.1094
5126,8.5689,6.4208,3.6613,8.4922,285.0,22091.0,2423.1094
5127,8.4755,8.0615,2.7438,6.8249,286.0,23979.0,2423.1094
5128,6.7551,6.0407,2.8067,7.2171,284.0,24944.0,2423.1094
5129,7.3521,6.4827,2.7509,8.1219,274.0,23772.0,2423.1094
5130,7.9909,6.9581,2.2133,7.3456,286.0,22145.0,2423.1094
5131,7.4646,6.0354,2.596,8.071,285.0,28056.0,2423.1094
5132,7.9725,7.6339,2.3452,6.847,284.0,24333.0,2423.1094
5133,6.78,6.0797,2.5597,8.1107,286.0,24259.0,2423.1094
5134,8.2162,8.6959,3.2032,7.8161,289.0,25111.0,2423.1094
5135,7.8149,6.0192,1.783,8.2241,289.0,23589.0,2423.1094
5136,8.2261,8.6462,2.0352,7.9828,287.0,22163.0,2423.1094
5137,7.9144,6.0485,1.6691,8.1045,287.0,25021.0,2423.1094
5138,8.1913,8.0744,2.0943,7.2782,287.0,21389.0,2423.1094
5139,7.2201,6.0096,2.0736,7.8119,286.0,19117.0,2423.1094
5140,7.8673,8.135,2.1199,7.1304,289.0,22778.0,2423.1094
5141,7.139,6.7937,2.181,9.5299,291.0,25220.0,2423.1094
5142,9.5742,6.7937,2.07,6.88,286.0,20780.0,2423.1094
5143,6.7895,6.8621,2.1487,7.4006,285.0,18921.0,2423.1094
5144,8.2475,6.374,3.4104,7.8421,288.0,23012.0,2423.1094
5145,6.9727,7.5359,2.1791,6.7334,286.0,22035.0,2423.1094
5146,6.7178,6.1339,2.7789,8.37,284.0,20069.0,2423.1094
5147,8.4343,8.3875,2.2863,7.3548,286.0,25608.0,2423.1094
5148,7.302,6.0221,2.0265,8.3451,285.0,25087.0,2423.1094
5149,8.4172,8.2362,2.2261,6.8682,285.0,22566.0,2423.1094
5150,6.755,6.0745,1.6879,7.5045,289.0,22087.0,2423.1094
5151,7.5958,8.5182,2.0637,7.8394,288.0,23555.0,2423.1094
5152,7.863,6.0143,1.824,7.9189,291.0,22201.0,2423.1094
5153,7.8707,7.9725,1.8402,7.467,286.0,22509.0,2423.1094
5154,7.4672,6.0553,1.9602,6.1892,287.0,21333.0,2423.1094
5155,6.325,6.4734,2.0387,7.5916,278.0,20017.0,2423.1094
5156,7.472,7.4582,2.132,7.4136,287.0,21445.0,2423.2344
5157,7.4041,6.0415,2.2904,7.9609,283.0,25897.0,2423.2344
5158,7.9561,7.8727,2.5846,7.4396,271.0,19763.0,2423.2344
5159,7.4091,5.9974,2.4838,8.0862,271.0,18931.0,2423.2344
5160,8.1107,8.2606,2.0926,7.1955,264.0,19011.0,2423.2344
5161,7.1509,5.9846,1.9059,8.4106,280.0,19773.0,2423.2344
5162,8.4501,8.0912,2.1687,6.9241,287.0,21149.0,2423.2344
5163,6.9051,6.0448,1.96,8.2213,288.0,23355.0,2423.2344
5164,8.2808,7.9168,1.9314,7.9296,287.0,24123.0,2423.2344
5165,8.1347,6.0286,2.4498,7.1043,286.0,26567.0,2423.2344
5166,6.9838,6.2464,2.4813,7.3892,291.0,24517.0,2423.2344
5167,7.2534,7.4831,2.934,7.657,288.0,25485.0,2423.2344
5168,7.7493,6.0535,2.8248,6.9124,290.0,25035.0,2423.2344
5169,6.8486,8.5636,2.1946,8.0762,280.0,25923.0,2423.2344
5170,8.0645,5.9513,1.632,7.805,287.0,27028.0,2423.2344
5171,7.8275,7.9518,1.9203,7.2588,287.0,24830.0,2423.2344
5172,7.219,5.9585,1.8921,7.4844,286.0,23119.0,2423.2344
5173,7.5421,8.3268,2.0987,7.7709,288.0,23501.0,2423.2344
5174,7.7039,6.0491,1.705,8.335,288.0,26479.0,2423.2344
5175,8.377,8.1102,1.9125,7.6645,290.0,23167.0,2423.2344
5176,7.6963,5.9399,2.0475,7.4806,287.0,21642.0,2423.2344
5177,7.5167,6.253,2.1333,6.8514,286.0,21630.0,2423.2344
5178,6.8914,8.008,2.0894,7.2884,289.0,29985.0,2423.2344
5179,7.1682,6.021,2.5516,7.5588,284.0,19759.0,2423.2344
5180,7.5365,8.1218,2.1017,7.965,286.0,23119.0,2423.2344
5181,7.9363,5.9455,1.7607,8.5706,285.0,21173.0,2423.2344
5182,8.5978,8.0147,1.8162,6.7418,289.0,26487.0,2423.2344
5183,6.6992,5.9197,1.7053,8.4477,289.0,21001.0,2423.2344
5184,8.562,8.1727,2.6981,6.9844,289.0,20087.0,2423.2344
5185,6.9295,6.0366,2.5107,7.4036,287.0,22459.0,2423.2344
5186,7.507,8.2874,2.5108,7.4706,287.0,23101.0,2423.2344
5187,7.4634,5.9988,1.7569,8.061,287.0,21855.0,2423.2344
5188,8.1511,6.0118,2.2558,7.6968,283.0,23217.0,2423.2344
5189,7.5707,6.5304,2.3778,6.9993,286.0,23627.0,2423.2344
5190,7.0213,6.0194,2.3849,7.3437,285.0,22459.0,2423.2344
5191,7.2718,8.3401,2.0916,7.6901,286.0,26800.0,2423.2344
5192,7.7352,5.9903,2.1653,7.7742,285.0,21767.0,2423.2344
5193,7.7722,8.0979,2.498,7.0496,273.0,23712.0,2423.2344
5194,7.0174,5.9881,1.8799,9.1067,285.0,22085.0,2423.2344
5195,9.1218,7.8084,2.0548,6.0485,284.0,28460.0,2423.2344
5196,6.1343,6.0238,1.979,7.2838,285.0,23977.0,2423.2344
5197,7.2348,7.648,2.0025,8.2305,286.0,24627.0,2423.2344
5198,8.1823,6.0203,1.7896,6.2745,289.0,25483.0,2423.2344
5199,6.3626,6.1999,1.9163,8.6627,289.0,23589.0,2423.2344
5200,8.6399,8.1816,2.4164,6.8272,287.0,21375.0,2423.2344
5201,6.7802,6.0967,1.9932,7.6387,286.0,25009.0,2423.2344
5202,7.6494,7.5356,1.9652,7.1376,286.0,21377.0,2423.2344
5203,7.1001,6.0216,1.656,7.9735,286.0,19165.0,2423.2344
5204,8.0563,8.2125,2.6865,7.0673,286.0,22742.0,2423.2344
5205,7.0031,5.9078,1.7709,7.9601,290.0,25208.0,2423.2344
5206,8.0966,8.0184,1.9568,7.344,288.0,20804.0,2423.2344
5207,7.2091,5.9894,1.8952,6.8846,286.0,18933.0,2423.2344
5208,6.9053,6.2853,2.2076,9.0147,287.0,23000.0,2423.2344
5209,9.0017,7.6595,2.4207,6.7407,284.0,22011.0,2423.2344
5210,6.8271,5.9916,2.7313,7.6745,286.0,20093.0,2423.2344
5211,7.6306,8.4216,2.5101,7.3663,286.0,25608.0,2423.2344
5212,7.3124,6.0176,2.6817,7.7055,284.0,25075.0,2423.2344
5213,7.7619,8.2856,2.4062,7.3107,286.0,22578.0,2423.2344
5214,7.2679,5.962,2.0675,7.6591,290.0,22099.0,2423.2344
5215,7.7343,8.0411,2.0857,7.4452,288.0,23555.0,2423.2344
5216,7.4358,6.0186,1.8481,7.5465,290.0,22189.0,2423.2344
5217,7.5373,8.0049,1.9635,8.315,287.0,22521.0,2423.2344
5218,8.279,6.389,2.1214,5.8227,287.0,21333.0,2423.2344
5219,5.8424,6.0005,1.9266,8.362,276.0,19945.0,2423.2344
5220,8.3184,7.6993,1.8583,7.0259,285.0,21421.0,2423.2344
5221,6.9859,5.9565,1.592,7.5295,285.0,25969.0,2423.2344
5222,7.5779,7.6482,2.1676,7.2618,277.0,19931.0,2423.2344
5223,7.2246,5.9704,1.7065,7.7266,276.0,19779.0,2423.2344
5224,7.806,8.1472,1.9742,8.133,261.0,18283.0,2423.2344
5225,8.1003,5.9892,1.8731,7.9705,277.0,19641.0,2423.2344
5226,7.9955,8.2713,2.015,7.9054,286.0,21137.0,2423.2344
5227,7.9169,6.0403,2.0573,6.6993,287.0,24697.0,2423.2344
5228,6.7156,7.7102,2.0324,7.8848,286.0,22757.0,2423.2344
5229,7.8444,5.9529,2.3698,6.7977,288.0,26591.0,2423.2344
5230,6.8366,6.0451,2.2377,7.2841,290.0,24505.0,2423.2344
5231,7.2445,7.4483,1.8998,7.6844,286.0,25365.0,2423.2344
5232,7.7185,6.0028,1.6597,7.596,289.0,25487.0,2423.2344
5233,7.5995,8.2104,2.4704,7.3793,281.0,25423.0,2423.2344
5234,7.2862,5.9551,1.595,7.2672,287.0,27028.0,2423.2344
5235,7.2774,8.5955,1.6432,8.7229,287.0,24830.0,2423.2344
5236,8.7619,5.9883,1.9133,7.168,285.0,23107.0,2423.2344
5237,7.2316,7.7986,1.856,7.7064,290.0,23525.0,2423.2344
5238,7.6175,6.2783,1.8569,6.4572,287.0,26467.0,2423.2344
5239,6.5661,6.1646,2.0531,8.6353,287.0,23131.0,2423.2344
5240,8.5852,7.8542,2.0835,6.7912,287.0,21642.0,2423.2344
5241,6.809,6.0257,1.9883,7.5968,286.0,21630.0,2423.2344
5242,7.5812,8.2476,2.3308,8.0131,287.0,29961.0,2423.2344
5243,7.9682,6.0207,1.7844,7.962,285.0,19771.0,2423.2344
5244,8.0534,8.2291,2.2185,7.088,286.0,23119.0,2423.2344
5245,7.0154,5.9757,1.9902,8.1331,286.0,21185.0,2423.2344
5246,8.1473,8.0811,1.9379,7.0499,289.0,26487.0,2423.2344
5247,7.0035,5.9515,1.6518,7.1523,289.0,21001.0,2423.2344
5248,7.2518,7.6879,2.1391,8.86,291.0,20111.0,2423.2344
5249,8.7883,6.4344,2.1848,5.9477,288.0,22471.0,2423.2344
5250,6.029,5.9826,2.2525,8.434,288.0,23113.0,2423.2344
5251,8.46,7.8666,2.0274,6.2169,287.0,21855.0,2423.2344
5252,6.0556,6.026,1.6631,7.6165,285.0,23289.0,2423.2344
5253,7.6652,8.2908,1.8026,7.8858,285.0,23615.0,2423.2344
5254,7.8882,5.9551,2.4199,7.5189,286.0,22471.0,2423.2344
5255,7.5467,8.0179,2.3328,7.5183,287.0,26968.0,2423.2344
5256,7.515,5.999,1.8127,8.0799,285.0,21611.0,2423.2344
5257,8.1356,8.3611,2.0642,7.4292,274.0,23676.0,2423.2344
5258,7.3282,6.0563,1.9861,7.2154,285.0,22085.0,2423.2344
5259,7.2351,6.2402,2.2717,8.2922,286.0,28484.0,2423.2344
5260,8.342,6.6395,2.0411,6.9443,284.0,23965.0,2423.2344
5261,6.9138,6.068,2.3926,8.1168,284.0,24603.0,2423.2344
5262,8.1413,8.632,2.0848,7.678,290.0,25495.0,2423.2344
5263,8.4207,5.9691,3.5846,7.6811,289.0,23589.0,2423.2344
5264,6.9719,8.4636,3.4181,8.1807,289.0,23135.0,2423.2344
5265,8.0752,6.066,1.8713,8.1165,289.0,23357.0,2423.2344
5266,8.2091,8.3515,3.1407,7.419,287.0,21389.0,2423.2344
5267,7.3877,5.9968,2.6792,8.6733,286.0,19165.0,2423.2344
5268,8.6921,8.247,2.215,6.5351,288.0,22766.0,2423.2344
5269,6.494,6.0489,1.9281,7.6408,291.0,25220.0,2423.2344
5270,7.7559,7.898,2.4911,8.0447,287.0,20744.0,2423.2344
5271,7.9678,6.039,2.8169,6.7589,285.0,18969.0,2423.2344
5272,6.8396,6.8269,2.198,8.9225,286.0,22988.0,2423.2344
5273,8.8413,6.6052,2.1463,6.4891,285.0,22023.0,2423.2344
5274,6.553,5.9792,2.2891,9.4438,285.0,20081.0,2423.2344
5275,9.4194,7.7392,2.3572,5.8989,286.0,25608.0,2423.2344
5276,5.8109,6.0136,1.9381,7.6646,284.0,25225.0,2423.2344
5277,7.7869,7.6762,2.5646,8.7749,287.0,22536.0,2423.2344
5278,8.7116,5.9652,2.0332,7.2528,289.0,22087.0,2423.2344
5279,7.2609,8.5556,2.1528,7.8753,288.0,24089.0,2423.2344
5280,7.8375,6.0103,1.648,7.5417,288.0,21755.0,2423.2344
5281,7.5863,8.0941,1.8771,7.2424,286.0,22385.0,2423.2344
5282,7.194,5.9387,1.6542,7.8181,283.0,21141.0,2423.2344
5283,7.8846,7.7668,2.0248,7.4018,275.0,19933.0,2423.2344
5284,7.3904,5.9576,2.1784,6.7176,284.0,21409.0,2423.2344
5285,6.7785,6.2181,2.1734,7.0868,285.0,25969.0,2423.2344
5286,7.034,7.9956,2.2292,7.9788,274.0,19943.0,2423.2344
5287,7.9534,5.9747,2.5551,8.0595,279.0,19911.0,2423.2344
5288,8.0514,7.9223,2.4107,7.006,265.0,18873.0,2423.2344
5289,6.9971,5.9732,1.939,8.202,276.0,19135.0,2423.2344
5290,8.2314,7.9811,2.0437,6.6565,289.0,22527.0,2423.2344
5291,6.6876,6.0074,1.9748,8.0342,288.0,23355.0,2423.2344
5292,8.0161,8.2206,2.093,7.3069,287.0,23773.0,2423.2344
5293,7.2669,5.9985,2.0699,7.3244,285.0,26101.0,2423.2344
5294,7.3949,7.385,2.0799,8.4152,291.0,24123.0,2423.2344
5295,8.3905,7.0472,1.9683,5.9699,291.0,25865.0,2423.2344
5296,5.9177,6.0017,1.7949,8.1273,288.0,25439.0,2423.2344
5297,8.1553,8.0721,2.1572,7.7737,275.0,24863.0,2423.2344
5298,7.7455,6.0337,1.9465,7.9671,287.0,26908.0,2423.2344
5299,8.0992,8.3001,2.3274,7.1541,286.0,24818.0,2423.2344
5300,7.065,5.9891,2.497,8.1887,287.0,23131.0,2423.2344
5301,8.2235,8.0845,1.8687,7.2541,290.0,23525.0,2423.2344
5302,7.1757,5.9673,1.9631,7.3829,286.0,26455.0,2423.2344
5303,7.4558,8.5102,1.9989,7.8351,287.0,23131.0,2423.2344
5304,7.8437,5.9966,2.2758,6.6945,286.0,21630.0,2423.2344
5305,6.6841,6.1737,1.9093,8.1249,287.0,21642.0,2423.2344
5306,8.1145,6.7121,2.1142,6.78,288.0,29973.0,2423.2344
5307,6.6726,6.0451,1.769,7.9363,285.0,19771.0,2423.2344
5308,8.1297,8.0917,2.4384,7.4345,285.0,23107.0,2423.2344
5309,7.3419,6.0541,2.0764,8.034,286.0,21185.0,2423.2344
5310,8.049,8.3599,2.0113,7.1524,290.0,26499.0,2423.2344
5311,7.1216,5.9848,2.042,7.5824,288.0,20989.0,2423.2344
5312,7.6291,8.2424,2.0878,8.1529,289.0,20087.0,2423.2344
5313,8.1449,5.9501,1.9411,6.7296,289.0,22639.0,2423.2344
5314,6.717,7.8071,1.9513,8.8922,288.0,22957.0,2423.2344
5315,8.8858,5.9611,1.9531,6.9963,286.0,22369.0,2423.2344
5316,7.4615,6.7648,3.276,8.0251,285.0,23859.0,2423.2344
5317,7.5781,6.8802,2.0443,6.1211,284.0,22507.0,2423.2344
5318,6.069,5.9799,1.8041,8.7779,284.0,22815.0,2423.2344
5319,8.8494,8.624,2.3966,6.9048,286.0,26588.0,2423.2344
5320,6.7764,6.011,1.8268,8.2385,285.0,22715.0,2423.2344
5321,8.3402,8.1702,2.2091,6.9485,268.0,22356.0,2423.2344
5322,6.9407,5.9578,2.0042,8.153,284.0,22073.0,2423.2344
5323,8.1679,8.2873,1.9475,7.344,286.0,28484.0,2423.2344
5324,7.2898,6.0061,2.5512,7.9734,286.0,23989.0,2423.2344
5325,8.0425,8.2237,2.1093,7.1277,284.0,24603.0,2423.2344
5326,7.0834,6.0268,2.134,7.4818,289.0,25483.0,2423.2344
5327,7.5618,6.0272,2.3712,8.0691,289.0,23589.0,2423.2344
5328,8.038,7.5739,2.3785,6.9769,290.0,23147.0,2423.2344
5329,6.9754,6.0403,2.3916,7.5028,287.0,23333.0,2423.2344
5330,7.5117,7.6457,2.3142,8.0953,287.0,21389.0,2423.2344
5331,8.0432,5.9711,1.8971,7.6776,288.0,19189.0,2423.2344
5332,7.762,8.3217,2.0502,9.0876,287.0,22754.0,2423.2344
5333,9.0862,5.9989,2.0613,7.9403,292.0,25232.0,2423.2344
5334,7.923,8.5519,2.591,7.8181,288.0,20756.0,2423.2344
5335,7.7516,6.0786,1.8722,7.6033,284.0,18957.0,2423.2344
5336,7.6297,8.302,1.9399,8.0404,287.0,23000.0,2423.2344
5337,8.0768,6.0952,2.1055,7.5493,285.0,22023.0,2423.2344
5338,7.6389,8.2343,2.1096,8.7296,287.0,20105.0,2423.2344
5339,8.7396,6.0578,1.9717,8.8577,288.0,25632.0,2423.2344
5340,8.8337,5.9647,2.0525,7.6958,284.0,25225.0,2423.2344
5341,7.5667,5.9647,2.1714,7.0772,286.0,22524.0,2423.2344
5342,7.1427,8.1814,2.0908,8.2561,289.0,22087.0,2423.2344
5343,8.3152,6.0108,2.1558,6.5149,288.0,24089.0,2423.2344
5344,6.5484,6.7294,1.9383,8.6975,288.0,21755.0,2423.2344
5345,8.5073,6.9716,1.8179,6.1051,286.0,22385.0,2423.2344
5346,6.1574,5.9182,1.8956,7.9108,289.0,21357.0,2423.2344
5347,7.95,8.5361,2.4178,7.3949,273.0,19765.0,2423.2344
5348,7.3021,5.9833,1.6626,8.2315,286.0,21433.0,2423.2344
5349,8.3321,7.9418,2.01,7.2267,284.0,25957.0,2423.2344
5350,7.1473,6.0032,1.7567,7.7345,282.0,20327.0,2423.2344
5351,7.7563,8.0852,1.8802,7.1833,281.0,19983.0,2423.2344
5352,7.1857,5.8963,1.7977,7.1476,261.0,18585.0,2423.2344
5353,7.2128,8.3341,1.8247,8.4587,277.0,19641.0,2423.2344
5354,8.3919,5.9853,2.0865,6.6889,286.0,22141.0,2423.2344
5355,6.7666,6.2924,2.1812,7.8721,288.0,24359.0,2423.2344
5356,7.8102,7.0706,1.96,7.114,287.0,24323.0,2423.2344
5357,7.1548,6.0192,2.3889,7.2629,284.0,24691.0,2423.2344
5358,7.2463,8.1232,2.4782,8.3864,291.0,24265.0,2423.2344
5359,8.4861,5.9559,2.4217,8.3298,283.0,25231.0,2423.2344
5360,8.2328,8.2517,2.1772,6.7773,289.0,25451.0,2423.2344
5361,6.7227,6.0545,1.9548,7.9653,281.0,25079.0,2423.2344
5362,8.0467,8.2725,1.9062,7.3565,288.0,26920.0,2423.2344
5363,7.2294,5.9746,1.9504,7.1296,288.0,24842.0,2423.2344
5364,7.1802,7.1602,1.767,8.2668,286.0,23119.0,2423.2344
5365,8.2696,6.6369,2.1512,6.3548,289.0,23513.0,2423.2344
5366,6.396,6.0272,2.1864,7.5999,287.0,26467.0,2423.2344
5367,7.6125,8.2413,2.0166,7.9385,288.0,23143.0,2423.2344
5368,7.9762,5.9692,2.0676,7.4168,287.0,21642.0,2423.2344
5369,7.3451,7.9924,2.6534,7.4879,287.0,21642.0,2423.2344
5370,7.4748,5.9947,1.8087,7.4054,289.0,29985.0,2423.2344
5371,7.4593,8.1821,2.0089,7.7802,287.0,19795.0,2423.2344
5372,7.7398,6.0799,2.4776,7.4141,285.0,23107.0,2423.2344
5373,7.5125,8.2703,1.9904,8.5926,285.0,21173.0,2423.2344
5374,9.0434,6.0414,2.528,7.4417,290.0,26499.0,2423.2344
5375,6.9426,7.0274,2.0945,8.1964,288.0,20989.0,2423.2344
5376,8.1674,6.4368,2.3969,7.8681,288.0,20231.0,2423.2344
5377,7.9798,5.948,3.1505,7.7291,288.0,22471.0,2423.2344
5378,7.6344,6.7632,2.0176,6.3037,288.0,23579.0,2423.2344
5379,6.2329,5.969,1.6733,7.6843,288.0,23471.0,2423.2344
5380,7.7311,8.1837,2.0364,7.4364,283.0,21991.0,2423.2344
5381,7.4192,5.9907,1.9795,8.1288,286.0,22531.0,2423.2344
5382,8.2245,8.0737,2.2747,7.6451,285.0,22827.0,2423.2344
5383,7.5413,5.9837,2.1615,7.886,288.0,26612.0,2423.2344
5384,7.9538,8.3107,2.6102,7.2278,285.0,22715.0,2423.2344
5385,7.1991,6.0862,2.2187,7.16,269.0,22368.0,2423.2344
5386,7.2822,7.9352,2.145,8.6258,285.0,22085.0,2423.2344
5387,8.4889,6.5713,2.099,9.4568,286.0,28484.0,2423.2344
5388,9.6355,6.6795,2.2559,10.4097,284.0,23965.0,2423.2344
5389,10.2237,6.6795,2.1543,8.8738,285.0,24615.0,2423.2344
5390,8.9433,8.303,2.3387,6.5403,290.0,25495.0,2423.2344
5391,6.5082,6.0034,2.0771,9.0935,291.0,23613.0,2423.2344
5392,9.1322,7.5872,2.3022,6.6547,290.0,23147.0,2423.2344
5393,6.6315,6.043,2.2207,7.5654,287.0,23333.0,2423.2344
5394,7.5359,8.1277,2.276,7.7322,286.0,21377.0,2423.2344
5395,7.7063,6.2491,1.7118,7.4908,287.0,19177.0,2423.2344
5396,7.5651,6.6368,2.3316,7.2803,287.0,22754.0,2423.2344
5397,7.2652,7.9946,2.2476,8.5403,291.0,25220.0,2423.2344
5398,8.6358,6.0356,2.8331,8.0439,286.0,20732.0,2423.2344
5399,8.0344,8.8385,2.3383,8.5043,194.0,11093.0,2423.2344
5400,8.9585,6.0229,3.2089,8.9781,175.0,13714.0,2423.2344
5401,8.4296,8.8263,2.1296,7.3958,192.0,11483.0,2423.2344
5402,7.4189,6.1901,2.1874,7.5608,192.0,13739.0,2423.2344
5403,7.5029,7.9973,2.0601,7.7324,194.0,14846.0,2423.2344
5404,7.7622,5.9738,1.8406,7.466,193.0,15271.0,2423.2344
5405,7.475,8.2181,2.426,7.9246,194.0,13908.0,2423.2344
5406,7.8627,6.0253,2.5834,7.5735,178.0,10803.0,2423.2344
5407,7.7281,8.1396,1.9676,7.5305,196.0,15821.0,2423.2344
5408,7.4171,6.1,2.0648,7.4465,196.0,13411.0,2423.2344
5409,7.4856,8.1898,2.0953,7.8265,194.0,13081.0,2423.2344
5410,7.8251,6.0373,2.1194,6.2725,194.0,14497.0,2423.2344
5411,6.2889,6.5487,3.003,8.3882,192.0,11837.0,2423.2344
5412,8.3538,6.4176,2.9807,6.321,193.0,15301.0,2423.2344
5413,6.2578,5.9681,1.5876,8.0391,192.0,12685.0,2423.2344
5414,8.1756,7.3176,1.7892,7.7712,177.0,10819.0,2423.2344
5415,7.6807,5.9938,1.9234,7.2947,189.0,12085.0,2423.2344
5416,7.3622,8.2406,1.9483,7.162,170.0,10541.0,2423.2344
5417,7.0916,5.9069,1.6243,7.5925,182.0,10863.0,2423.2344
5418,7.6156,8.1107,2.0709,7.7299,194.0,14049.0,2423.2344
5419,7.6922,5.9568,1.8834,6.1337,195.0,16493.0,2423.2344
5420,6.1603,6.5633,1.6397,8.5616,192.0,14807.0,2423.2344
5421,8.5522,7.3043,2.1405,6.7741,195.0,17307.0,2423.2344
5422,6.7657,5.94,1.7559,7.5219,196.0,17697.0,2423.2344
5423,7.6421,8.3665,2.249,8.0689,196.0,17397.0,2423.2344
5424,7.9652,5.9836,2.0718,7.7447,189.0,17357.0,2423.2344
5425,7.9854,8.3074,2.2229,7.7743,195.0,18660.0,2423.2344
5426,7.6031,6.027,2.0926,7.5595,194.0,16570.0,2423.2344
5427,7.5743,7.4387,2.1467,7.499,195.0,14861.0,2423.2344
5428,7.4074,5.9405,2.1431,7.385,198.0,18613.0,2423.2344
5429,7.4394,7.5048,2.0343,7.7092,193.0,14859.0,2423.2344
5430,7.6746,5.971,1.9938,6.0531,194.0,14871.0,2423.2344
5431,6.0507,5.9883,2.2372,8.019,194.0,13382.0,2423.2344
5432,8.0788,8.3183,2.3242,7.8427,194.0,13382.0,2423.2344
5433,7.834,5.9272,2.1377,8.6154,195.0,21713.0,2423.2344
5434,8.5581,8.1234,2.4357,5.9221,192.0,11511.0,2423.2344
5435,5.898,5.9701,1.7669,7.8189,193.0,15015.0,2423.2344
5436,7.938,8.1735,2.3153,8.0033,192.0,14445.0,2423.2344
5437,7.9284,5.9506,2.0145,8.0193,194.0,16559.0,2423.2344
5438,8.0399,7.7802,2.0212,7.5146,196.0,12897.0,2423.2344
5439,7.5075,6.0132,2.1371,8.6087,197.0,11839.0,2423.2344
5440,8.6707,7.5985,1.9536,6.9194,197.0,15823.0,2423.2344
5441,6.8793,6.3916,2.5325,6.4654,196.0,16873.0,2423.2344
5442,6.4359,6.0509,2.5933,7.1716,194.0,14435.0,2423.2344
5443,7.2108,7.4923,1.9367,7.4558,194.0,14261.0,2423.2344
5444,7.3833,5.9508,1.7801,7.6788,193.0,14579.0,2423.2344
5445,7.7529,8.0563,2.1276,7.3653,194.0,19076.0,2423.2344
5446,7.2981,5.9376,1.916,7.763,192.0,14087.0,2423.2344
5447,7.8075,8.1706,2.6943,7.753,170.0,13284.0,2423.2344
5448,7.6972,5.9612,1.8071,6.7396,192.0,13825.0,2423.2344
5449,6.756,7.5554,1.9876,8.3871,192.0,20212.0,2423.2344
5450,8.3835,5.9382,2.0994,6.3141,192.0,15717.0,2423.2344
5451,6.2945,5.9891,2.6615,7.5869,193.0,17119.0,2423.2344
5452,7.6461,8.2353,2.8316,7.8321,193.0,14227.0,2423.2344
5453,7.8432,5.9404,2.0225,7.4785,192.0,14505.0,2423.2344
5454,7.4677,8.2834,2.4231,7.6387,196.0,11987.0,2423.2344
5455,7.6191,5.957,1.9847,7.4101,178.0,9993.0,2423.2344
5456,7.4564,8.1449,1.8812,7.5277,196.0,11405.0,2423.2344
5457,7.5145,6.0085,1.807,6.9144,192.0,10941.0,2423.2344
5458,6.9253,6.6683,2.0239,8.5792,198.0,15005.0,2423.2344
5459,8.6011,6.1838,2.0919,6.3237,198.0,14669.0,2423.2344
5460,6.4192,6.0169,2.255,7.4862,194.0,15072.0,2423.2344
5461,7.3893,8.146,1.9323,7.4853,192.0,12479.0,2423.2344
5462,7.4248,6.0065,2.5218,7.7624,181.0,14729.0,2423.2344
5463,7.8037,8.1731,2.9607,7.446,192.0,14764.0,2423.2344
5464,7.3889,6.0186,1.5954,8.3449,193.0,11479.0,2423.2344
5465,8.3784,8.1579,1.8373,6.9115,178.0,12861.0,2423.2344
5466,6.8424,5.8925,1.5164,7.7121,194.0,15044.0,2423.2344
5467,7.8362,8.2212,2.3137,7.5408,194.0,16980.0,2423.2344
5468,7.4512,5.9717,1.8225,6.7187,192.0,12037.0,2423.2344
5469,6.8323,7.1318,2.1757,8.7779,170.0,11051.0,2423.2344
5470,8.6571,7.1977,1.9658,6.5945,196.0,15697.0,2423.2344
5471,6.561,6.0102,2.2984,7.6314,196.0,13043.0,2423.2344
5472,7.7628,7.9759,2.1871,8.201,196.0,13451.0,2423.2344
5473,8.1045,6.013,1.759,8.3361,194.0,14253.0,2423.2344
5474,8.3765,7.685,2.2529,7.1692,193.0,14073.0,2423.2344
5475,7.1946,5.9694,1.8902,7.8446,194.0,13039.0,2423.2344
5476,7.8828,8.2853,1.9903,7.8661,192.0,12685.0,2423.2344
5477,7.8614,5.9901,2.5706,7.4677,192.0,12569.0,2423.2344
5478,7.5144,8.2578,2.8381,7.5529,166.0,9951.0,2423.2344
5479,7.4434,6.0446,2.048,6.3963,175.0,10841.0,2423.2344
5480,6.511,7.6456,2.3723,10.8398,186.0,11259.0,2423.2344
5481,10.7665,6.6461,2.0676,7.8493,196.0,16475.0,2423.2344
5482,7.8265,6.6461,1.9857,7.0304,193.0,15273.0,2423.2344
5483,7.0282,5.9612,2.4854,5.494,192.0,14029.0,2423.2344
5484,5.4529,6.0545,1.8653,9.5735,194.0,18337.0,2423.2344
5485,9.6774,8.3336,3.5601,6.9949,184.0,15539.0,2423.2344
5486,6.9588,6.0467,2.4525,9.0261,196.0,17517.0,2423.2344
5487,9.0203,7.9126,2.4534,6.4583,191.0,20130.0,2423.2344
5488,6.4456,5.9197,2.0388,7.4216,197.0,15841.0,2423.2344
5489,7.4267,8.2161,1.8974,7.0168,196.0,16594.0,2423.2344
5490,6.968,5.9596,2.8168,7.6299,196.0,18209.0,2423.2344
5491,7.6865,8.1289,1.8146,8.2161,198.0,15255.0,2423.2344
5492,8.1852,5.9783,1.7011,8.4957,193.0,14859.0,2423.2344
5493,8.5653,7.6758,2.2281,6.9196,194.0,14871.0,2423.2344
5494,6.8887,6.0529,2.2086,8.2991,196.0,15253.0,2423.2344
5495,8.3566,6.0529,2.1841,6.4462,192.0,11511.0,2423.2344
5496,6.3587,7.7002,2.0249,7.8963,196.0,21725.0,2423.2344
5497,7.8993,5.9863,2.4417,7.6422,193.0,11523.0,2423.2344
5498,7.7136,8.168,2.3672,8.3159,193.0,15015.0,2423.2344
5499,8.3074,6.0176,2.1726,7.5936,192.0,14445.0,2423.2344
5500,7.6186,8.468,2.5666,8.1415,193.0,16703.0,2423.2344
5501,8.1358,6.001,2.1178,8.1446,193.0,12749.0,2423.2344
5502,8.1464,8.5018,2.2131,7.4032,196.0,11827.0,2423.2344
5503,7.3369,6.0171,2.5666,7.8587,197.0,17129.0,2423.2344
5504,8.0441,8.7161,2.8859,7.9606,197.0,16021.0,2423.2344
5505,7.8073,6.2471,2.0052,7.3412,194.0,14129.0,2423.2344
5506,7.3465,8.3085,2.034,8.445,194.0,14103.0,2423.2344
5507,8.4323,5.9736,2.1261,7.8912,195.0,14581.0,2423.2344
5508,7.9156,6.6577,1.9954,7.2269,195.0,19088.0,2423.2344
5509,7.138,6.5927,1.8618,6.7298,192.0,14087.0,2423.2344
5510,6.7688,6.0278,2.3828,7.4134,167.0,13200.0,2423.2344
5511,7.4532,7.9308,2.3449,7.8718,192.0,13825.0,2423.2344
5512,7.8413,5.9472,1.993,8.6405,192.0,20212.0,2423.2344
5513,8.7391,8.4412,2.8911,6.5008,193.0,16469.0,2423.2344
5514,6.386,6.2007,1.9538,8.6787,192.0,16367.0,2423.2344
5515,8.6772,8.2529,2.945,6.9491,192.0,14167.0,2423.2344
5516,6.9158,6.0309,1.855,7.5716,192.0,14505.0,2423.2344
5517,7.64,7.8382,2.1044,7.4196,192.0,12031.0,2423.2344
5518,7.3956,6.0755,2.1446,7.8159,193.0,10413.0,2423.2344
5519,7.8933,6.6421,2.2286,7.6542,196.0,11731.0,2423.2344
5520,7.5758,6.9567,2.7253,6.9048,198.0,13030.0,2423.2344
5521,6.957,6.0512,2.0111,8.3144,197.0,12724.0,2423.2344
5522,8.3254,7.8273,2.6269,6.7769,198.0,17065.0,2423.2344
5523,6.7218,6.0531,1.9392,7.6362,197.0,14508.0,2423.2344
5524,7.6849,8.1576,2.3969,7.9356,192.0,11045.0,2423.2344
5525,7.8699,5.9595,1.7451,6.9312,166.0,13877.0,2423.2344
5526,7.0566,8.6526,2.3934,8.0091,195.0,14848.0,2423.2344
5527,7.8895,5.9487,1.9527,8.2088,192.0,11515.0,2423.2344
5528,8.2722,8.1646,2.1152,7.3469,174.0,12621.0,2423.2344
5529,7.3421,6.0305,2.0922,6.2237,194.0,15044.0,2423.2344
5530,6.2572,6.7916,2.1317,8.3633,194.0,16980.0,2423.2344
5531,8.3328,7.5103,2.1931,6.6784,193.0,12049.0,2423.2344
5532,6.5988,5.9182,2.1575,6.9965,182.0,13611.0,2423.2344
5533,7.0643,7.6343,2.3713,8.3942,192.0,14323.0,2423.2344
5534,8.3869,5.9236,1.7743,7.9052,196.0,13261.0,2423.2344
5535,7.9768,8.2198,1.896,7.0372,196.0,12963.0,2423.2344
5536,7.0381,5.9669,1.8325,7.708,196.0,16259.0,2423.2344
5537,7.7337,8.3526,2.0813,7.6078,188.0,11521.0,2423.2344
5538,7.4709,5.9761,2.4057,7.8519,190.0,12799.0,2423.2344
5539,7.9233,6.8665,2.6229,7.35,194.0,12895.0,2423.2344
5540,7.3297,5.9553,2.0442,6.3041,192.0,12361.0,2423.2344
5541,6.3136,5.965,2.227,7.1266,165.0,9891.0,2423.2344
5542,7.1364,8.3017,2.2722,8.2675,181.0,11153.0,2423.2344
5543,8.2298,5.9539,1.7527,7.5428,191.0,14475.0,2423.2344
5544,7.6082,8.2463,2.2648,7.9619,194.0,14095.0,2423.2344
5545,7.9171,5.9724,1.9621,7.6571,193.0,15201.0,2423.2344
5546,7.7196,8.5209,2.1433,7.9077,192.0,14521.0,2423.2344
5547,7.836,5.9908,1.8909,6.9999,194.0,18261.0,2423.2344
5548,7.0511,8.2271,1.9514,8.2019,193.0,18175.0,2423.2344
5549,8.1577,5.9862,2.0001,8.2932,194.0,17762.0,2423.2344
5550,8.3566,7.0711,2.4925,7.1699,196.0,18135.0,2423.2344
5551,7.1257,6.4754,2.205,7.3267,197.0,15291.0,2423.2344
5552,7.4018,6.0651,2.3523,7.6043,198.0,19504.0,2423.2344
5553,7.5601,7.5767,2.0805,7.4193,198.0,16744.0,2423.2344
5554,7.3281,5.9845,2.8973,7.5316,196.0,13384.0,2423.2344
5555,7.8564,8.445,2.3946,7.9063,196.0,18209.0,2423.2344
5556,7.6282,5.951,1.9727,8.0132,196.0,15253.0,2423.2344
5557,8.0663,7.9837,2.1323,7.2395,192.0,11511.0,2423.2344
5558,7.3781,5.95,2.5854,6.9298,194.0,18365.0,2423.2344
5559,6.7471,8.321,2.1165,8.6973,193.0,14859.0,2423.2344
5560,8.6667,6.0845,2.3192,7.0169,193.0,11679.0,2423.2344
5561,7.0724,7.7954,2.3294,7.8616,194.0,16559.0,2423.2344
5562,7.9214,6.4186,3.0054,7.3572,192.0,12913.0,2423.2344
5563,7.2866,6.0145,2.2534,7.3501,193.0,17773.0,2423.2344
5564,7.3241,7.7499,2.2533,7.3009,192.0,11667.0,2423.2344
5565,7.2512,5.9629,1.7328,7.2431,193.0,16283.0,2423.2344
5566,7.3567,8.2681,2.2744,8.0562,196.0,14203.0,2423.2344
5567,7.9797,5.9586,1.8432,8.1825,197.0,15879.0,2423.2344
5568,8.1782,8.4078,2.1854,7.4434,191.0,13437.0,2423.2344
5569,7.4272,5.9877,2.4499,8.1426,195.0,14755.0,2423.2344
5570,8.2291,8.0441,2.012,6.8755,195.0,17438.0,2423.2344
5571,6.9703,5.9876,2.561,6.9647,195.0,16255.0,2423.2344
5572,6.9224,6.6923,2.1625,8.1894,175.0,11227.0,2423.2344
5573,8.1006,7.3338,2.1409,6.2055,167.0,13152.0,2423.2344
5574,6.1825,6.0025,2.0071,7.2506,192.0,13825.0,2423.2344
5575,7.3649,7.2137,2.4771,8.5146,193.0,20224.0,2423.2344
5576,8.4197,5.9607,1.8049,9.0621,192.0,16457.0,2423.2344
5577,9.0671,8.0796,2.3921,6.5818,192.0,16367.0,2423.2344
5578,6.6225,5.9811,1.9949,7.2672,192.0,14167.0,2423.2344
5579,7.2522,8.1423,1.9032,7.5981,192.0,14505.0,2423.2344
5580,7.614,5.9833,2.1286,7.1459,193.0,11995.0,2423.2344
5581,7.1369,8.3236,2.1117,8.3474,191.0,10529.0,2423.2344
5582,8.3669,5.9926,2.0685,7.7738,196.0,11827.0,2423.2344
5583,7.7416,6.1866,2.0281,6.8818,197.0,12826.0,2423.2344
5584,6.8589,7.1048,2.1481,7.3848,198.0,12762.0,2423.2344
5585,7.4695,6.0907,2.8729,7.6309,198.0,17065.0,2423.2344
5586,7.8271,8.4862,2.5308,8.0418,196.0,14544.0,2423.2344
5587,7.7688,5.9741,2.0847,9.0008,194.0,13299.0,2423.2344
5588,9.0936,8.3874,3.3602,6.7082,175.0,12021.0,2423.2344
5589,6.6387,6.0909,2.3344,8.9912,194.0,14932.0,2423.2344
5590,9.0581,8.4802,2.8856,7.1726,184.0,10987.0,2423.2344
5591,7.1446,6.0381,2.2554,8.1221,174.0,12621.0,2423.2344
5592,8.2512,8.2135,2.4597,7.98,194.0,15044.0,2423.2344
5593,7.8244,6.0283,2.3479,6.9383,195.0,16992.0,2423.2344
5594,7.0068,8.3666,2.4126,7.8283,192.0,12037.0,2423.2344
5595,7.7258,5.9836,2.0211,7.7791,192.0,14825.0,2423.2344
5596,7.8661,7.5833,2.2846,7.7313,192.0,14937.0,2423.2344
5597,7.6463,6.6071,1.9303,7.7704,187.0,11805.0,2423.2344
5598,7.8441,6.0107,2.196,8.0501,196.0,15091.0,2423.2344
5599,8.0321,6.703,2.6207,6.9349,197.0,14019.0,2423.2344
5600,7.0094,6.0555,2.5182,8.6429,195.0,12309.0,2423.2344
5601,8.5742,8.0035,3.0656,7.4547,184.0,11905.0,2423.2344
5602,7.4568,6.0546,2.8458,8.0293,194.0,12895.0,2423.2344
5603,8.0301,8.2354,2.7369,8.2244,195.0,12375.0,2423.2344
5604,8.2231,5.9643,2.556,7.8248,166.0,9951.0,2423.2344
5605,7.8249,8.3222,2.5783,7.4755,195.0,15065.0,2423.2344
5606,7.4388,6.0157,2.5357,8.4516,178.0,10671.0,2423.2344
5607,8.4986,8.9333,2.2091,7.2396,193.0,14633.0,2423.2344
5608,7.2275,5.967,2.1485,7.8408,193.0,14965.0,2423.2344
5609,7.8526,8.1596,2.3385,7.4251,191.0,14355.0,2423.2344
5610,7.3645,6.018,2.3648,7.1577,194.0,19101.0,2423.2344
5611,7.1906,7.3747,2.0396,7.6587,192.0,20986.0,2423.2344
5612,7.6201,6.4089,1.906,7.5949,191.0,13807.0,2423.2344
5613,7.8104,6.0447,2.2983,7.302,190.0,17963.0,2423.2344
5614,7.117,6.5662,2.015,7.1206,197.0,15291.0,2423.2344
5615,7.1003,6.0347,3.46,9.7388,197.0,19492.0,2423.2344
5616,9.7852,8.401,3.6839,7.531,199.0,16734.0,2423.2344
5617,7.5174,6.1349,2.7478,7.8927,196.0,13384.0,2423.2344
5618,7.917,8.2867,2.9678,8.0163,197.0,18221.0,2423.2344
5619,7.9975,6.0658,1.9481,7.5178,198.0,15255.0,2423.2344
5620,7.5873,8.3626,2.3521,8.0866,192.0,11511.0,2423.2344
5621,8.0712,6.0458,2.3076,7.8614,194.0,18365.0,2423.2344
5622,7.8033,8.3264,1.9763,7.7729,193.0,14859.0,2423.2344
5623,7.7463,5.9986,2.4433,8.2071,192.0,11667.0,2423.2344
5624,8.2961,8.0791,2.8119,6.9371,193.0,16547.0,2423.2344
5625,6.8567,6.0551,1.9823,7.5526,192.0,12913.0,2423.2344
5626,7.6207,7.1814,2.2917,9.5118,194.0,17785.0,2423.2344
5627,9.4916,7.1814,2.2829,6.9811,193.0,11679.0,2423.2344
5628,7.003,6.5746,2.608,7.0449,193.0,16283.0,2423.2344
5629,7.0277,7.6675,2.4736,7.5118,192.0,14199.0,2423.2344
5630,7.5061,6.0525,2.1597,8.4031,197.0,15879.0,2423.2344
5631,8.3892,6.5997,2.3875,7.2313,196.0,14961.0,2423.2344
5632,7.215,6.0575,1.9596,9.1131,196.0,13521.0,2423.2344
5633,9.2806,8.3813,3.3801,6.3886,195.0,17962.0,2423.2344
5634,6.2256,6.1016,2.2202,8.2781,195.0,16099.0,2423.2344
5635,8.3274,8.2864,2.1145,6.719,177.0,14050.0,2423.2344
5636,6.6743,5.979,2.2202,7.5538,162.0,10351.0,2423.2344
5637,7.5929,7.7264,2.0312,7.812,192.0,13137.0,2423.2344
5638,7.765,5.9139,2.0092,6.7992,192.0,20370.0,2423.2344
5639,6.8169,6.5986,2.0039,8.1459,192.0,16299.0,2423.2344
5640,8.0889,7.0142,1.9743,6.3772,192.0,16367.0,2423.2344
5641,6.4064,6.0534,3.1514,7.6575,192.0,14119.0,2423.2344
5642,7.8785,8.3779,2.0367,7.3373,192.0,14505.0,2423.2344
5643,7.1972,5.8859,1.7268,8.0554,192.0,11983.0,2423.2344
5644,8.0328,8.0627,1.882,7.0677,190.0,10517.0,2423.2344
5645,7.0064,5.9159,1.7464,7.8598,193.0,11835.0,2423.2344
5646,7.9137,8.1615,1.8844,7.5188,198.0,12886.0,2423.2344
5647,7.483,5.9937,1.9235,7.4822,198.0,12810.0,2423.2344
5648,7.5596,7.6364,2.3646,8.0747,202.0,17091.0,2423.2344
5649,8.2879,6.59,2.373,6.3129,196.0,14544.0,2423.2344
5650,6.1023,6.0912,2.5447,7.6736,194.0,13251.0,2423.2344
5651,7.6264,8.498,2.0043,7.5992,183.0,12479.0,2423.2344
5652,7.5982,5.9257,1.6985,9.0524,194.0,14946.0,2423.2344
5653,9.087,7.961,2.4891,6.1183,179.0,11041.0,2423.2344
5654,6.1025,6.0525,2.8736,6.8408,173.0,12241.0,2423.2344
5655,6.8301,8.2,2.0043,8.3205,197.0,16927.0,2423.2344
5656,8.2588,5.9592,1.6242,7.4144,192.0,15109.0,2423.2344
5657,7.545,8.2535,1.9968,7.7408,189.0,11857.0,2423.2344
5658,7.6792,5.9743,1.9061,6.5205,192.0,14873.0,2423.2344
5659,6.5102,5.965,2.1524,8.3218,192.0,14937.0,2423.2344
5660,8.3149,7.6802,2.3895,6.7459,192.0,14405.0,2423.2344
5661,6.7365,5.9952,2.0422,8.4426,192.0,12835.0,2423.2344
5662,8.5317,7.7356,2.695,7.5117,196.0,14007.0,2423.2344
5663,7.4612,8.2849,2.5072,10.4695,196.0,12445.0,2423.2344
5664,10.4844,8.2849,2.8646,6.1182,196.0,13291.0,2423.2344
5665,6.014,6.0894,2.4076,7.9389,194.0,12337.0,2423.2344
5666,8.0374,8.1902,3.2837,7.3406,180.0,11173.0,2423.2344
5667,7.3185,5.9961,2.0554,8.0768,165.0,9773.0,2423.2344
5668,8.1033,8.3584,2.1624,7.6205,195.0,15065.0,2423.2344
5669,7.6258,6.0451,2.5221,6.4869,183.0,12021.0,2423.2344
5670,6.4199,6.3855,2.2054,10.251,194.0,14179.0,2423.2344
5671,10.3337,6.2517,2.1774,9.2617,194.0,14393.0,2423.2344
5672,9.2855,6.2517,2.4891,6.278,192.0,14963.0,2423.2344
5673,6.1431,6.1006,2.1744,7.3028,194.0,24098.0,2423.2344
5674,7.3585,7.2075,2.4532,8.3528,192.0,15441.0,2423.2344
5675,8.3007,7.3674,2.0361,6.2778,185.0,13997.0,2423.2344
5676,6.3985,6.0285,2.73,7.7575,191.0,20809.0,2423.2344
5677,7.6932,8.3475,2.2308,7.6232,192.0,11939.0,2423.2344
5678,7.6219,5.9356,1.9688,7.7196,197.0,19492.0,2423.2344
5679,7.811,8.3829,2.4824,7.2542,201.0,16758.0,2423.2344
5680,7.1442,5.955,2.4557,8.4624,198.0,13386.0,2423.2344
5681,8.5146,8.2667,2.1816,6.7147,196.0,18209.0,2423.2344
5682,6.66,5.9849,1.861,7.6759,199.0,15267.0,2423.2344
5683,7.8122,8.0209,2.1605,7.8009,194.0,11513.0,2423.2344
5684,7.6695,5.9881,1.6997,6.6079,194.0,18365.0,2423.2344
5685,6.7027,6.7617,2.4595,7.8083,193.0,14859.0,2423.2344
5686,7.7277,7.7343,2.1867,7.2117,192.0,11667.0,2423.2344
5687,7.1707,5.9876,1.6889,7.4812,193.0,16547.0,2423.2344
5688,7.5404,8.1695,2.4548,8.1458,192.0,12913.0,2423.2344
5689,8.1074,5.9941,1.9294,7.9791,193.0,17773.0,2423.2344
5690,8.0216,8.2818,2.195,7.5069,193.0,11679.0,2423.2344
5691,7.5649,5.9657,2.0445,7.6068,193.0,16283.0,2423.2344
5692,7.5659,8.272,1.9535,7.3315,192.0,14199.0,2423.2344
5693,7.3262,5.9293,1.9082,8.272,193.0,15875.0,2423.2344
5694,8.3244,8.3355,2.3455,7.3491,197.0,14973.0,2423.2344
5695,7.2484,6.0153,1.8814,6.8822,197.0,13533.0,2423.2344
5696,7.0316,6.6696,1.9625,8.1585,198.0,19282.0,2423.2344
5697,8.0255,7.3933,2.0326,5.9854,193.0,14721.0,2423.2344
5698,5.9744,5.8944,1.7672,7.0347,182.0,14990.0,2423.2344
5699,7.1029,8.4926,1.8323,8.3331,194.0,13139.0,2423.2344
5700,8.3095,5.9556,1.8711,8.6333,192.0,20370.0,2423.2344
5701,8.6326,8.0515,2.5626,6.3683,192.0,16299.0,2423.2344
5702,6.3208,5.9188,2.2986,8.0029,192.0,16367.0,2423.2344
5703,8.099,8.3008,2.3762,7.3354,192.0,14167.0,2423.2344
5704,7.2506,5.9619,3.6427,6.8507,193.0,14469.0,2423.2344
5705,6.9666,6.6267,2.2897,8.3339,192.0,11983.0,2423.2344
5706,8.2131,7.3161,2.1421,6.8401,193.0,10649.0,2423.2344
5707,6.8215,5.9421,1.9142,7.2821,192.0,11775.0,2423.2344
5708,7.3955,8.4209,2.2312,7.5304,194.0,12930.0,2423.2344
5709,7.418,5.9732,1.5738,8.0966,194.0,12758.0,2423.2344
5710,8.1622,8.3113,1.7192,7.1882,200.0,17115.0,2423.2344
5711,7.1346,5.9139,1.6025,7.8236,199.0,14558.0,2423.2344
5712,7.9236,8.0783,1.8915,7.0288,196.0,13253.0,2423.2344
5713,6.945,5.9671,1.6644,7.8684,187.0,12623.0,2423.2344
5714,8.0362,6.5908,2.1635,8.3947,196.0,15412.0,2423.2344
5715,8.3376,6.5048,2.487,6.2795,185.0,11193.0,2423.2344
5716,6.2757,6.1158,2.4981,7.6063,184.0,15592.0,2423.2344
5717,7.5528,7.7669,2.2255,7.9349,194.0,15052.0,2423.2344
5718,7.943,6.02,2.3039,9.4612,193.0,14263.0,2423.2344
5719,9.4898,8.4547,2.5776,7.6751,175.0,11141.0,2423.2344
5720,7.756,6.1168,2.661,7.2208,192.0,14749.0,2423.2344
5721,7.1052,7.5676,2.2283,8.734,193.0,14581.0,2423.2344
5722,8.7953,5.9605,2.1974,8.1785,192.0,14405.0,2423.2344
5723,8.1845,8.1998,2.2597,6.8955,189.0,12655.0,2423.2344
5724,6.8369,6.0421,2.2273,7.8928,192.0,14003.0,2423.2344
5725,7.8851,8.3473,2.4754,7.8221,192.0,12745.0,2423.2344
5726,7.8449,5.9542,3.0076,8.0769,196.0,13083.0,2423.2344
5727,8.1158,8.2828,2.1328,7.3868,196.0,12339.0,2423.2344
5728,7.3442,5.9657,2.212,6.721,181.0,11019.0,2423.2344
5729,6.7245,7.2978,2.1204,8.4249,168.0,9905.0,2423.2344
5730,8.3967,6.4006,2.0816,8.0186,198.0,15079.0,2423.2344
5731,8.1368,6.1436,2.1436,7.4944,190.0,12323.0,2423.2344
5732,7.3813,6.8954,1.9705,6.485,193.0,14325.0,2423.2344
5733,6.4646,6.0136,1.9404,8.1423,193.0,14551.0,2423.2344
5734,8.1292,8.0184,2.1196,7.3769,192.0,20130.0,2423.2344
5735,7.3502,5.9692,1.5053,7.8781,194.0,18603.0,2423.2344
5736,7.9582,8.1809,2.1732,7.6724,188.0,15751.0,2423.2344
5737,7.7075,6.0396,1.959,7.1687,186.0,16747.0,2423.2344
5738,7.131,8.172,1.8807,8.1343,192.0,17581.0,2423.2344
5739,8.1376,6.0518,1.8163,7.5798,192.0,12059.0,2423.2344
5740,7.6154,6.6159,2.1505,9.5736,193.0,19368.0,2423.2344
5741,9.5362,6.6159,2.0881,6.9021,196.0,16742.0,2423.2344
5742,6.9474,7.5444,2.2249,7.9219,199.0,13398.0,2423.2344
5743,7.8513,6.0005,1.884,6.1813,204.0,21977.0,2423.2344
5744,6.255,6.2321,2.0551,7.9185,196.0,11515.0,2423.2344
5745,7.8695,8.1124,2.0923,7.4518,194.0,11513.0,2423.2344
5746,7.3727,5.9116,1.6204,7.8099,196.0,18367.0,2423.2344
5747,7.9673,8.2559,2.4157,7.4659,195.0,14861.0,2423.2344
5748,7.3565,5.9481,1.8615,7.5676,192.0,11667.0,2423.2344
5749,7.6262,8.3038,1.9425,8.0245,193.0,16547.0,2423.2344
5750,7.9692,6.0513,1.852,7.4344,192.0,12913.0,2423.2344
5751,7.5543,8.2244,1.9919,7.7747,193.0,17773.0,2423.2344
5752,7.6529,5.9908,1.8609,7.1102,188.0,11427.0,2423.2344
5753,7.3273,7.2248,2.4657,7.4614,193.0,16283.0,2423.2344
5754,7.2454,7.1965,1.8522,7.3244,193.0,14211.0,2423.2344
5755,7.5813,5.9913,2.8249,7.5578,193.0,15875.0,2423.2344
5756,7.33,7.8828,2.1349,7.8554,192.0,14957.0,2423.2344
5757,7.8195,6.0224,2.3818,8.2717,192.0,13517.0,2423.2344
5758,8.3075,8.3813,2.4641,7.1578,198.0,19282.0,2423.2344
5759,7.1414,6.0266,2.2191,8.3501,197.0,15483.0,2423.2344
5760,8.4118,8.2126,1.9293,6.7543,183.0,14292.0,2423.2344
5761,6.7037,6.0061,1.7347,7.2748,194.0,15960.0,2423.2344
5762,7.341,8.4028,1.9512,8.6446,195.0,17563.0,2423.2344
5763,8.5653,5.946,1.8987,8.066,194.0,16301.0,2423.2344
5764,8.1386,7.8603,2.0022,7.0462,192.0,16367.0,2423.2344
5765,7.0731,5.9672,1.8827,6.77,192.0,14167.0,2423.2344
5766,6.7872,6.0442,2.3053,7.178,193.0,14421.0,2423.2344
5767,7.1087,8.2219,2.1318,7.7441,192.0,12117.0,2423.2344
5768,7.7304,5.9245,1.8048,7.3264,193.0,10563.0,2423.2344
5769,7.344,8.0986,2.2396,8.5417,193.0,11787.0,2423.2344
5770,8.5062,6.0018,1.8862,7.0796,194.0,12930.0,2423.2344
5771,7.1246,8.0016,1.9718,7.7473,194.0,12710.0,2423.2344
5772,7.7208,6.001,1.8095,7.5257,196.0,17159.0,2423.2344
5773,7.6006,8.3683,2.4418,7.9654,195.0,14506.0,2423.2344
5774,7.8647,5.95,3.3348,7.503,196.0,13301.0,2423.2344
5775,7.832,7.7015,2.2622,7.9181,195.0,13305.0,2423.2344
5776,7.5837,6.45,1.8414,6.1304,198.0,15046.0,2423.2344
5777,6.1099,5.9964,1.8598,7.7143,197.0,14882.0,2423.2344
5778,7.7896,7.9793,2.1037,7.1685,178.0,12097.0,2423.2344
5779,7.1643,5.9196,1.5732,7.5988,197.0,15802.0,2423.2344
5780,7.6275,7.9454,1.7655,7.2618,192.0,14007.0,2423.2344
5781,7.1916,5.9598,1.7002,7.4184,172.0,10789.0,2423.2344
5782,7.535,7.6524,2.0467,8.3858,192.0,14505.0,2423.2344
5783,8.3053,5.962,1.9044,6.5955,192.0,14445.0,2423.2344
5784,6.7035,6.7314,1.9798,8.4152,192.0,14405.0,2423.2344
5785,8.3385,5.9847,2.1358,6.1824,187.0,12535.0,2423.2344
5786,6.1261,6.0295,2.4437,7.1971,192.0,14003.0,2423.2344
5787,7.2663,8.1699,2.2217,8.0644,191.0,13053.0,2423.2344
5788,7.9906,5.9313,1.5354,7.4895,192.0,12711.0,2423.2344
5789,7.5708,8.2729,2.1786,8.1421,192.0,12335.0,2423.2344
5790,8.0612,5.9065,1.8325,7.2331,178.0,10935.0,2423.2344
5791,7.3085,8.3439,2.0075,7.8154,171.0,9967.0,2423.2344
5792,7.7033,5.9733,1.6672,7.7146,199.0,15069.0,2423.2344
5793,7.8371,8.1394,1.892,7.274,195.0,12853.0,2423.2344
5794,7.1999,5.943,2.4352,7.1828,191.0,13809.0,2423.2344
5795,7.3895,5.9995,3.5714,8.3677,195.0,15053.0,2423.2344
5796,8.1892,7.1339,2.168,6.2601,192.0,20180.0,2423.2344
5797,6.2633,5.9927,1.986,7.4815,194.0,18603.0,2423.2344
5798,7.4864,8.3336,2.3682,8.0809,192.0,18841.0,2423.2344
5799,8.0872,5.943,1.7852,7.0552,184.0,13179.0,2423.2344
5800,7.0603,8.1103,1.8778,7.7131,193.0,17593.0,2423.2344
5801,7.6586,5.9534,1.708,7.3247,193.0,12071.0,2423.2344
5802,7.4363,8.4609,2.0319,8.5382,193.0,19368.0,2423.2344
5803,8.4492,5.9717,2.0275,6.4477,195.0,16730.0,2423.2344
5804,6.5071,7.4736,2.1038,8.6833,196.0,15253.0,2423.2344
5805,8.642,6.3801,1.9483,6.2956,197.0,20090.0,2423.2344
5806,6.3,6.2166,2.4422,8.206,198.0,11539.0,2423.2344
5807,8.2708,7.8395,2.1988,7.5194,197.0,14863.0,2423.2344
5808,7.387,5.9733,1.6126,6.8114,197.0,15021.0,2423.2344
5809,6.906,7.4881,2.3552,8.2102,195.0,14861.0,2423.2344
5810,8.1498,5.969,1.7826,7.617,194.0,11669.0,2423.2344
5811,7.6232,8.1493,1.8821,7.6548,195.0,16549.0,2423.2344
5812,7.6072,5.9333,1.5035,7.0284,192.0,13377.0,2423.2344
5813,7.1653,8.1713,1.9794,8.1504,193.0,17309.0,2423.2344
5814,8.0986,6.0467,1.7287,6.8288,193.0,12569.0,2423.2344
5815,6.898,6.6958,2.1182,8.1858,192.0,15797.0,2423.2344
5816,8.0495,7.4033,2.5008,5.8471,192.0,14049.0,2423.2344
5817,5.8727,5.9869,2.2233,8.6637,193.0,17319.0,2423.2344
5818,8.7122,8.5522,2.1561,7.1757,192.0,13733.0,2423.2344
5819,7.1652,5.9159,1.7832,8.4951,192.0,13507.0,2423.2344
5820,8.5494,6.0933,2.1773,8.5381,194.0,19442.0,2423.2344
5821,8.6648,6.0933,2.365,9.1434,193.0,18348.0,2423.2344
5822,8.9665,8.3248,2.1972,5.9644,182.0,13448.0,2423.2344
5823,6.0038,5.8765,2.3649,8.032,197.0,13311.0,2423.2344
5824,8.0169,8.1749,2.1888,7.7218,196.0,17395.0,2423.2344
5825,7.6735,5.9594,1.6517,6.8235,194.0,17037.0,2423.2344
5826,6.9288,8.0124,2.139,7.8183,194.0,15585.0,2423.2344
5827,7.7288,5.887,1.9333,8.1826,194.0,14159.0,2423.2344
5828,8.2704,6.2557,2.3085,6.827,192.0,14371.0,2423.2344
5829,6.7456,7.1148,1.9938,7.3067,192.0,12117.0,2423.2344
5830,7.3054,6.0337,2.7798,6.7378,191.0,10491.0,2423.2344
5831,6.7621,8.1947,2.3169,8.3638,192.0,11727.0,2423.2344
5832,8.3275,5.9803,1.6557,7.0892,194.0,12978.0,2423.2344
5833,7.1175,8.0043,1.9546,7.644,194.0,12710.0,2423.2344
5834,7.6222,5.9417,1.7295,7.4128,196.0,17207.0,2423.2344
5835,7.4576,8.2746,1.9913,7.688,195.0,14506.0,2423.2344
5836,7.6396,5.988,1.7937,6.9876,192.0,13297.0,2423.2344
5837,7.117,6.6541,1.9931,8.6458,192.0,13361.0,2423.2344
5838,8.5081,6.7096,1.9919,5.959,197.0,15136.0,2423.2344
5839,5.9392,6.0085,1.6704,7.7487,199.0,14734.0,2423.2344
5840,7.7982,8.0221,2.2292,7.6078,183.0,12327.0,2423.2344
5841,7.5669,5.9362,1.7428,6.9046,197.0,15926.0,2423.2344
5842,6.9441,8.1324,1.8415,8.5269,194.0,14253.0,2423.2344
5843,8.5071,5.9755,1.9015,7.1517,172.0,10427.0,2423.2344
5844,7.2239,8.2359,2.0637,7.7024,194.0,14773.0,2423.2344
5845,7.648,5.9436,1.7142,7.3849,194.0,14101.0,2423.2344
5846,7.4656,6.6462,2.1129,7.8322,192.0,14405.0,2423.2344
5847,7.7462,6.6277,2.1761,6.2982,184.0,12355.0,2423.2344
5848,6.3325,6.0619,2.2135,7.3872,192.0,14003.0,2423.2344
5849,7.3899,8.2628,2.1241,8.0923,192.0,13065.0,2423.2344
5850,8.0503,5.8766,1.673,7.7533,192.0,12711.0,2423.2344
5851,7.8034,8.2149,2.0108,7.0364,192.0,12335.0,2423.2344
5852,7.0418,5.9636,1.9188,7.9709,173.0,10871.0,2423.2344
5853,7.9447,7.9716,1.9383,7.3408,167.0,10011.0,2423.2344
5854,7.3435,5.9226,1.757,7.8378,200.0,15081.0,2423.2344
5855,7.8424,7.9169,1.9106,7.299,196.0,12843.0,2423.2344
5856,7.3027,5.9402,1.7005,6.3078,198.0,14683.0,2423.2344
5857,6.3201,5.9823,2.2673,7.5016,195.0,19428.0,2423.2344
5858,7.4819,8.2387,2.0323,7.6608,194.0,15737.0,2423.2344
5859,7.6666,5.9746,1.612,7.5394,197.0,21867.0,2423.2344
5860,7.6709,8.1388,1.9388,7.374,192.0,15601.0,2423.2344
5861,7.2621,5.9326,1.9404,10.0,177.0,12295.0,2423.2344
5862,9.9606,8.4477,2.5272,6.317,192.0,17581.0,2423.2344
5863,6.3508,5.8821,2.2825,7.1938,193.0,12071.0,2423.2344
5864,7.3898,8.3081,2.2399,7.4906,193.0,19368.0,2423.2344
5865,7.2564,5.911,1.7303,6.589,195.0,16730.0,2423.2344
5866,6.666,6.7096,1.9578,8.9711,196.0,15253.0,2423.2344
5867,8.905,7.4323,1.9619,6.0949,196.0,20078.0,2423.2344
5868,6.0817,6.0104,2.6563,7.7527,192.0,11511.0,2423.2344
5869,7.7823,8.1273,2.6226,7.8705,193.0,14859.0,2423.2344
5870,7.8528,6.0149,1.7356,7.632,197.0,15021.0,2423.2344
5871,7.7551,8.3851,1.8803,7.5814,198.0,14875.0,2423.2344
5872,7.4967,6.0008,1.8266,7.5899,196.0,11671.0,2423.2344
5873,7.5714,8.1283,1.902,7.2806,195.0,16549.0,2423.2344
5874,7.2926,5.9955,1.5877,7.3977,195.0,13391.0,2423.2344
5875,7.4259,7.8173,1.9399,8.0464,195.0,17311.0,2423.2344
5876,7.9896,6.4051,1.7577,6.1072,193.0,12617.0,2423.2344
5877,6.0772,5.9675,1.8486,7.4811,193.0,15809.0,2423.2344
5878,7.6256,8.1872,2.2246,7.8418,192.0,14049.0,2423.2344
5879,7.7272,5.8706,2.212,7.1304,193.0,17319.0,2423.2344
5880,7.2082,8.3093,2.2623,8.1257,192.0,13733.0,2423.2344
5881,8.1137,5.9637,1.7521,7.9691,192.0,13507.0,2423.2344
5882,8.067,8.2077,2.0749,8.5621,194.0,19442.0,2423.2344
5883,8.4546,5.9555,2.2243,7.3629,192.0,18336.0,2423.2344
5884,7.4118,8.2929,2.097,7.1538,179.0,13710.0,2423.2344
5885,7.0878,5.949,2.4785,7.5012,193.0,13149.0,2423.2344
5886,7.552,7.7295,2.8203,8.1411,196.0,18131.0,2423.2344
5887,8.0736,6.6967,2.0126,6.5443,196.0,16255.0,2423.2344
5888,6.9649,6.0003,2.5401,7.4683,196.0,15491.0,2423.2344
5889,7.1229,8.2561,2.1976,7.3785,194.0,14159.0,2423.2344
5890,7.2505,5.9978,2.5768,7.8273,194.0,14469.0,2423.2344
5891,7.9192,7.889,2.9563,7.3411,193.0,12011.0,2423.2344
5892,7.2941,6.002,1.7642,7.6228,190.0,10479.0,2423.2344
5893,7.7156,8.5472,1.9385,7.6389,192.0,11775.0,2423.2344
5894,7.5405,5.9226,1.7157,7.3892,194.0,12978.0,2423.2344
5895,7.4905,8.154,2.0872,7.989,193.0,12650.0,2423.2344
5896,7.9289,6.006,1.9696,6.1825,196.0,17207.0,2423.2344
5897,6.2647,6.2309,2.3983,7.7048,194.0,14494.0,2423.2344
5898,7.6755,8.1467,2.0928,7.4625,192.0,13297.0,2423.2344
5899,7.4839,5.9426,2.0007,7.202,192.0,13361.0,2423.2344
5900,7.1475,8.271,2.3905,7.794,194.0,15192.0,2423.2344
5901,7.7437,5.9444,1.5669,7.7601,194.0,14718.0,2423.2344
5902,7.7898,8.2315,1.9762,7.8607,190.0,12947.0,2423.2344
5903,7.8382,6.0063,1.7161,8.0939,198.0,16036.0,2423.2344
5904,8.1144,7.8557,1.8242,6.6926,196.0,14011.0,2423.2344
5905,6.7324,5.9701,1.6033,6.0087,195.0,14553.0,2423.2344
5906,6.0501,6.2276,2.1285,7.9072,174.0,11049.0,2423.2344
5907,7.8483,7.5146,2.0982,7.7188,194.0,13711.0,2423.2344
5908,7.6951,5.9031,1.7543,7.0361,192.0,14773.0,2423.2344
5909,7.1075,7.9163,2.4181,7.6444,181.0,11759.0,2423.2344
5910,7.5595,6.0104,1.8393,7.4923,192.0,14579.0,2423.2344
5911,7.5358,8.17,2.0768,7.8201,185.0,12117.0,2423.2344
5912,7.787,5.9551,1.7379,8.0007,192.0,12711.0,2423.2344
5913,8.0772,8.1893,2.0095,7.2094,192.0,12335.0,2423.2344
5914,7.1784,5.9715,2.2976,6.5731,176.0,11051.0,2423.2344
5915,6.5552,6.2182,2.6557,7.7417,166.0,9951.0,2423.2344
5916,7.7433,7.6316,2.1105,7.5889,196.0,15077.0,2423.2344
5917,7.5612,5.9583,2.4017,7.3365,193.0,13471.0,2423.2344
5918,7.4272,8.2026,2.2942,7.7658,197.0,14051.0,2423.2344
5919,7.7052,6.0297,1.82,7.5971,198.0,19442.0,2423.2344
5920,7.6353,8.3474,1.9595,7.4647,196.0,15739.0,2423.2344
5921,7.3687,5.958,3.0067,6.8118,197.0,21867.0,2423.2344
5922,6.8407,8.2588,2.6171,8.2708,194.0,16357.0,2423.2344
5923,8.2777,6.008,2.5199,6.6654,180.0,11603.0,2423.2344
5924,6.737,7.1166,2.7156,8.4877,192.0,17581.0,2423.2344
5925,8.453,7.0198,2.3367,6.5119,192.0,12059.0,2423.2344
5926,6.5095,6.0451,2.27,7.784,193.0,19368.0,2423.2344
5927,7.8378,8.2703,2.3826,7.3924,195.0,16730.0,2423.2344
5928,7.2824,5.9743,1.6699,8.666,196.0,15253.0,2423.2344
5929,8.7361,8.5085,1.9917,6.7642,196.0,20078.0,2423.2344
5930,6.7045,6.0122,1.9462,8.2903,192.0,11511.0,2423.2344
5931,8.3939,8.182,2.725,7.0146,193.0,14859.0,2423.2344
5932,6.9075,5.9705,2.3031,7.5417,193.0,15017.0,2423.2344
5933,7.6145,7.9279,2.0928,7.9433,193.0,15015.0,2423.2344
5934,7.8805,6.3824,2.0601,6.6641,196.0,11515.0,2423.2344
5935,6.7267,6.183,2.0731,8.6439,197.0,16707.0,2423.2344
5936,8.6508,7.6365,2.182,6.5479,196.0,13225.0,2423.2344
5937,6.5084,6.0548,2.5841,7.9007,195.0,17311.0,2423.2344
5938,7.9463,8.144,2.2502,7.5789,195.0,12619.0,2423.2344
5939,7.5888,5.9667,1.6792,8.975,194.0,15957.0,2423.2344
5940,8.9272,7.9986,1.7235,6.9627,192.0,15137.0,2423.2344
5941,6.9111,5.9472,1.4474,7.1947,193.0,16073.0,2423.2344
5942,7.2804,8.0661,2.1511,7.5905,192.0,13889.0,2423.2344
5943,7.5387,5.9967,1.7989,7.4344,192.0,13351.0,2423.2344
5944,7.5387,8.3471,2.1458,7.9315,194.0,19442.0,2423.2344
5945,7.8097,5.9692,2.3833,6.4668,192.0,21157.0,2423.2344
5946,6.5963,6.6194,2.6105,7.823,185.0,11201.0,2423.2344
5947,7.7142,7.6767,1.8401,7.2425,193.0,13885.0,2423.2344
5948,7.1983,5.9879,1.469,7.1978,187.0,17411.0,2423.2344
5949,7.2863,7.9533,2.0635,8.0048,193.0,15847.0,2423.2344
5950,7.9703,5.9403,1.7206,8.4181,196.0,15539.0,2423.2344
5951,8.45,8.2528,1.8306,6.9398,196.0,14113.0,2423.2344
5952,6.9318,6.005,1.7946,7.3686,197.0,14531.0,2423.2344
5953,7.411,7.9761,2.0503,7.4965,194.0,11975.0,2423.2344
5954,7.434,5.9875,1.7573,6.6319,188.0,10519.0,2423.2344
5955,6.6341,6.6701,3.1415,8.8714,194.0,11643.0,2423.2344
5956,8.8213,6.3414,2.2471,6.1189,195.0,13038.0,2423.2344
5957,6.1512,5.9758,1.8724,8.1459,194.0,12662.0,2423.2344
5958,8.1586,7.9688,2.0658,7.02,196.0,17207.0,2423.2344
5959,7.0624,5.8905,1.8551,7.6083,194.0,14494.0,2423.2344
5960,7.5945,8.2546,1.9749,7.6503,194.0,13689.0,2423.2344
5961,7.6153,5.9137,1.6174,6.8917,192.0,13041.0,2423.2344
5962,6.908,8.1638,1.8087,7.8766,194.0,15192.0,2423.2344
5963,7.8623,5.9481,1.8593,7.7922,194.0,14842.0,2423.2344
5964,7.9018,7.6471,2.2063,7.3108,190.0,13475.0,2423.2344
5965,7.2637,6.004,2.0446,6.2535,194.0,15946.0,2423.2344
5966,6.1808,5.9762,1.9864,8.0024,193.0,13917.0,2423.2344
5967,8.0813,7.5719,2.2439,7.6388,193.0,13995.0,2423.2344
5968,7.6604,5.9772,1.7549,7.7539,190.0,12259.0,2423.2344
5969,7.7221,8.407,2.0961,7.3691,194.0,16113.0,2423.2344
5970,7.3136,5.9042,1.6668,8.3794,184.0,11405.0,2423.2344
5971,8.4105,8.2304,1.8911,6.9418,189.0,12697.0,2423.2344
5972,6.945,5.9376,1.7731,7.4177,193.0,14383.0,2423.2344
5973,7.5059,6.481,2.2676,7.9145,174.0,11089.0,2423.2344
5974,7.8557,6.5304,2.2597,6.5799,193.0,12723.0,2423.2344
5975,6.7032,6.2092,2.196,7.9963,193.0,12347.0,2423.2344
5976,7.8194,8.087,1.7871,6.4305,178.0,11171.0,2423.2344
5977,6.4063,5.9321,1.7528,7.4168,170.0,10191.0,2423.2344
5978,7.4597,8.2464,2.8508,7.9924,195.0,15843.0,2423.2344
5979,7.968,5.8897,1.6711,9.7682,192.0,12681.0,2423.2344
5980,9.9209,8.0328,2.1463,5.8731,193.0,18542.0,2423.2344
5981,5.7227,5.9298,1.8239,7.4235,194.0,14943.0,2423.2344
5982,7.5754,8.1157,2.3076,8.005,197.0,15959.0,2423.2344
5983,7.8861,6.0151,1.7385,6.8805,199.0,22211.0,2423.2344
5984,6.9314,7.2189,1.8569,8.172,197.0,15821.0,2423.2344
5985,8.0848,6.6857,1.888,7.1988,175.0,11351.0,2423.2344
5986,7.3827,5.9278,2.9995,7.9541,195.0,17595.0,2423.2344
5987,7.9009,7.9066,2.2736,7.0936,194.0,12061.0,2423.2344
5988,7.0368,5.9863,1.7124,7.7636,193.0,19368.0,2423.2344
5989,7.7412,7.7259,2.0334,6.9722,195.0,16730.0,2423.2344
5990,6.9556,5.9619,1.5921,7.7387,197.0,18601.0,2423.2344
5991,7.7921,8.1652,2.1656,7.6118,196.0,16742.0,2423.2344
5992,7.521,5.9195,1.7894,6.9041,192.0,11511.0,2423.2344
5993,6.9462,7.5729,1.7526,8.5657,194.0,14871.0,2423.2344
5994,8.5747,5.9802,1.9151,6.701,193.0,15017.0,2423.2344
5995,6.7838,6.244,2.2133,7.3938,193.0,15015.0,2423.2344
5996,7.4086,7.6071,2.196,7.7418,192.0,11667.0,2423.2344
5997,7.6598,6.0647,2.7499,7.3841,193.0,16547.0,2423.2344
5998,7.3853,8.1269,2.5802,8.1409,196.0,13225.0,2423.2344
5999,8.1185,5.9235,2.163,7.3058,198.0,17325.0,2423.2344
6000,7.3429,8.3708,2.4127,7.5621,199.0,12803.0,2423.2344
6001,7.5071,6.018,1.7136,7.6834,194.0,15799.0,2423.2344
6002,7.7031,7.9759,1.9807,7.2078,195.0,15685.0,2423.2344
6003,7.187,5.9688,1.7782,6.8505,195.0,15541.0,2423.2344
6004,6.9439,6.5156,1.9714,8.282,192.0,13889.0,2423.2344
6005,8.2557,7.4043,2.2521,6.0629,192.0,13351.0,2423.2344
6006,5.9919,5.9939,1.7953,7.4026,195.0,22275.0,2423.2344
6007,7.488,7.4655,2.1117,7.4863,192.0,18336.0,2423.2344
6008,7.4454,5.9336,1.6142,7.8865,188.0,11749.0,2423.2344
6009,7.9476,8.0745,2.0415,6.9131,192.0,13825.0,2423.2344
6010,6.7941,5.9444,1.5429,7.9231,193.0,18415.0,2423.2344
6011,7.9933,8.0001,1.7017,7.2505,192.0,16247.0,2423.2344
6012,7.2258,5.9146,1.8596,6.727,192.0,14655.0,2423.2344
6013,6.9553,5.9554,2.0905,7.9147,193.0,13289.0,2423.2344
6014,7.7004,6.6062,2.1614,6.6914,196.0,14471.0,2423.2344
6015,6.6694,6.0169,1.9966,8.0226,196.0,12207.0,2423.2344
6016,8.1023,8.3703,3.1233,7.3459,183.0,10207.0,2423.2344
6017,7.3121,5.9747,1.7938,9.3524,194.0,11499.0,2423.2344
6018,9.3418,8.0944,2.0373,5.7673,196.0,13076.0,2423.2344
6019,5.7312,5.8866,1.6095,7.3877,197.0,12724.0,2423.2344
6020,7.4449,7.9176,2.2135,7.7103,196.0,17207.0,2423.2344
6021,7.6628,5.9721,2.4227,6.8489,194.0,14446.0,2423.2344
6022,6.9235,6.7891,2.1326,7.3087,192.0,13761.0,2423.2344
6023,7.275,7.5872,2.2172,7.6665,193.0,13053.0,2423.2344
6024,7.6273,5.9809,1.9745,7.0793,194.0,15144.0,2423.2344
6025,7.2078,8.1956,2.4436,7.7232,195.0,16542.0,2423.2344
6026,7.5844,5.9363,1.6852,7.6168,192.0,12079.0,2423.2344
6027,7.7176,8.3983,1.9194,8.1154,194.0,16190.0,2423.2344
6028,8.034,5.9219,1.8175,6.9952,184.0,13245.0,2423.2344
6029,7.0991,8.5305,2.0272,8.3181,189.0,13991.0,2423.2344
6030,8.2581,5.9764,2.0894,7.5852,196.0,12619.0,2423.2344
6031,7.6358,7.1521,1.9169,7.7408,196.0,16115.0,2423.2344
6032,7.6966,5.9429,2.3362,6.2046,181.0,11107.0,2423.2344
6033,6.1574,6.0256,2.3014,7.9205,194.0,13579.0,2423.2344
6034,7.9141,7.8006,1.8761,7.1178,195.0,14509.0,2423.2344
6035,7.0971,5.9452,1.6863,7.3939,188.0,11985.0,2423.2344
6036,7.4643,8.1734,1.7527,8.0423,192.0,12353.0,2423.2344
6037,8.0473,5.9378,1.8417,6.8718,193.0,12373.0,2423.2344
6038,6.946,8.2588,2.1041,8.0893,173.0,10323.0,2423.2344
6039,7.9954,5.981,1.7613,7.1597,195.0,15843.0,2423.2344
6040,7.2127,8.2783,2.0508,7.9476,192.0,12681.0,2423.2344
6041,7.8508,6.0007,1.7961,5.8745,159.0,9687.0,2423.2344
6042,5.9169,6.2664,2.1053,9.4219,193.0,18386.0,2423.2344
6043,9.4199,7.8398,2.0144,6.3598,193.0,15359.0,2423.2344
6044,6.3056,5.9273,1.5336,7.3495,192.0,15515.0,2423.2344
6045,7.425,8.2632,1.8293,7.5514,196.0,22219.0,2423.2344
6046,7.4959,5.9109,1.6451,7.6157,196.0,15809.0,2423.2344
6047,7.7419,8.1324,2.0149,7.95,180.0,11533.0,2423.2344
6048,7.9023,5.915,2.0487,8.2608,191.0,17285.0,2423.2344
6049,8.2835,7.9495,2.382,6.7141,194.0,12061.0,2423.2344
6050,6.6199,5.9346,1.7992,6.5544,195.0,19370.0,2423.2344
6051,6.6589,6.5166,2.0268,8.0657,198.0,16744.0,2423.2344
6052,8.0489,7.0471,2.2543,6.6704,198.0,18613.0,2423.2344
6053,6.5998,5.9869,1.9574,7.4207,195.0,16730.0,2423.2344
6054,7.4947,7.877,2.3424,8.4411,192.0,11511.0,2423.2344
6055,8.3471,6.0146,1.6825,7.1252,194.0,14871.0,2423.2344
6056,7.1986,8.3499,1.9065,7.6493,193.0,15017.0,2423.2344
6057,7.6059,5.9781,1.7073,7.4871,193.0,15015.0,2423.2344
6058,7.5509,7.5654,2.0427,7.3747,193.0,11679.0,2423.2344
6059,7.298,6.3573,1.744,7.3046,194.0,16559.0,2423.2344
6060,7.4048,7.6368,2.0886,8.2883,192.0,13221.0,2423.2344
6061,8.2115,6.6357,1.9351,6.074,193.0,17309.0,2423.2344
6062,6.0724,5.9706,2.1024,8.2712,197.0,12779.0,2423.2344
6063,8.5228,8.2579,2.402,8.1108,196.0,15801.0,2423.2344
6064,7.8983,6.0266,2.6466,8.0997,196.0,15675.0,2423.2344
6065,8.105,8.5355,2.4423,7.83,195.0,15541.0,2423.2344
6066,7.7914,5.9587,1.637,7.6068,194.0,13891.0,2423.2344
6067,7.6459,8.2411,1.8577,7.7706,194.0,13353.0,2423.2344
6068,7.7925,5.9976,2.9783,8.1897,194.0,22263.0,2423.2344
6069,8.2332,7.8366,2.5454,7.034,192.0,18336.0,2423.2344
6070,6.9644,6.475,2.1639,7.2706,189.0,11857.0,2423.2344
6071,7.2908,8.5089,2.0556,8.5555,192.0,15451.0,2423.2344
6072,8.5447,6.0175,2.0994,6.3277,193.0,16789.0,2423.2344
6073,6.4291,6.6414,3.1142,8.8582,192.0,16615.0,2423.2344
6074,8.7707,7.39,2.0772,6.1445,192.0,14607.0,2423.2344
6075,6.0768,5.9835,2.0052,7.3044,192.0,12957.0,2423.2344
6076,7.347,7.6962,2.2876,7.9694,194.0,14443.0,2423.2344
6077,7.9311,5.9383,1.9116,7.7184,192.0,12203.0,2423.2344
6078,7.7828,8.0445,1.751,7.4383,183.0,10207.0,2423.2344
6079,7.3949,5.9977,2.4542,7.4856,196.0,11501.0,2423.2344
6080,7.5032,8.2753,1.8847,7.9347,198.0,13078.0,2423.2344
6081,7.878,6.0168,1.6007,7.29,196.0,12664.0,2423.2344
6082,7.3184,7.7464,1.866,7.7824,198.0,17257.0,2423.2344
6083,7.8034,6.0098,1.8635,6.3847,197.0,14460.0,2423.2344
6084,6.4765,6.0206,2.5059,8.043,192.0,13761.0,2423.2344
6085,7.9637,8.5151,2.1392,7.1416,192.0,13191.0,2423.2344
6086,7.0965,5.9517,1.5814,7.6185,195.0,14958.0,2423.2344
6087,7.6633,8.1364,1.727,7.704,194.0,16530.0,2423.2344
6088,7.6707,5.9692,1.7548,7.9826,193.0,12091.0,2423.2344
6089,8.033,8.4468,2.1343,8.2304,195.0,16202.0,2423.2344
6090,8.2152,5.9938,1.8945,7.0386,185.0,13257.0,2423.2344
6091,7.1265,7.6351,1.9862,7.2182,192.0,14171.0,2423.2344
6092,7.095,5.9973,1.6983,7.3845,193.0,12627.0,2423.2344
6093,7.4879,6.6974,2.1757,7.4963,192.0,16111.0,2423.2344
6094,7.4871,6.5857,1.894,6.9585,184.0,12397.0,2423.2344
6095,6.8906,6.014,1.7544,7.4163,196.0,13663.0,2423.2344
6096,7.4604,8.2517,2.3051,7.995,194.0,13347.0,2423.2344
6097,7.9776,5.9921,1.8044,7.5742,194.0,12487.0,2423.2344
6098,7.5868,8.2643,2.0658,7.4492,195.0,12017.0,2423.2344
6099,7.4147,5.9358,1.6782,7.7483,190.0,12123.0,2423.2344
6100,7.7989,8.2027,1.7591,7.0262,191.0,13185.0,2423.2344
6101,6.9813,5.9421,1.7114,7.2496,194.0,14719.0,2423.2344
6102,7.2876,7.0373,2.1235,8.1804,179.0,14160.0,2423.2344
6103,8.1585,7.1251,3.1723,6.3178,193.0,15993.0,2423.2344
6104,6.2628,5.9669,1.8726,8.9685,193.0,15139.0,2423.2344
6105,9.0314,7.4449,2.3178,5.4802,192.0,15857.0,2423.2344
6106,5.4644,6.0298,1.9505,8.1172,195.0,22157.0,2423.2344
6107,8.1601,8.154,1.6857,8.0865,193.0,15317.0,2423.2344
6108,8.0896,5.9953,1.6128,7.6944,172.0,11289.0,2423.2344
6109,7.6697,8.0499,1.8356,7.2418,187.0,17233.0,2423.2344
6110,7.1931,5.9231,1.7807,6.9189,196.0,12063.0,2423.2344
6111,6.9823,7.0964,2.101,8.2738,197.0,19372.0,2423.2344
6112,8.2022,6.386,1.7092,6.3416,200.0,16746.0,2423.2344
6113,6.4195,6.0463,2.1334,8.3713,199.0,18603.0,2423.2344
6114,8.3841,8.3651,2.359,6.6433,197.0,16732.0,2423.2344
6115,6.5773,5.9864,2.5928,7.5689,194.0,11513.0,2423.2344
6116,7.6413,8.1873,1.9791,7.8283,193.0,14859.0,2423.2344
6117,7.7925,6.018,1.9727,8.4189,194.0,15029.0,2423.2344
6118,8.428,8.2352,2.0158,6.7789,194.0,15027.0,2423.2344
6119,6.708,5.9693,1.753,7.43,193.0,11679.0,2423.2344
6120,7.501,8.1167,1.9911,7.6169,193.0,16547.0,2423.2344
6121,7.5931,5.9872,1.6893,6.6159,193.0,13233.0,2423.2344
6122,6.6111,5.9961,1.8454,8.0886,193.0,17309.0,2423.2344
6123,8.0487,7.359,2.0487,6.7113,193.0,12775.0,2423.2344
6124,6.8666,6.0265,1.9054,7.7244,194.0,15821.0,2423.2344
6125,7.7965,8.419,2.3872,7.8915,192.0,15671.0,2423.2344
6126,7.7185,5.9493,1.6548,7.1063,197.0,15543.0,2423.2344
6127,7.0965,8.0041,1.9048,7.8926,196.0,13893.0,2423.2344
6128,7.9183,6.0145,2.4729,7.4469,196.0,13355.0,2423.2344
6129,7.5133,8.1982,1.9717,7.6863,196.0,22265.0,2423.2344
6130,7.5774,5.9211,1.7963,7.1127,194.0,18338.0,2423.2344
6131,7.1559,6.8212,2.1797,8.4712,192.0,11871.0,2423.2344
6132,8.4513,6.1728,2.8374,8.3616,192.0,15499.0,2423.2344
6133,8.4435,6.1728,2.9709,7.0668,192.0,16777.0,2423.2344
6134,7.024,7.3331,2.9011,7.0552,192.0,17043.0,2423.2344
6135,7.0154,5.9715,2.485,7.4399,193.0,14191.0,2423.2344
6136,7.511,8.2514,2.3973,7.7975,192.0,12957.0,2423.2344
6137,7.7451,5.9721,2.0005,7.4015,193.0,14383.0,2423.2344
6138,7.7176,8.2395,2.2028,7.8424,192.0,12203.0,2423.2344
6139,7.4968,8.3042,2.3282,10.7387,736.0,100575.0,2425.6094
6140,10.8847,8.3042,2.2974,8.7005,380.0,68255.0,2425.6094
6141,8.5577,6.4737,2.2588,7.6587,235.0,10283.0,2425.6875
6142,7.7413,8.5272,2.9877,7.7484,220.0,12543.0,2425.6875
6143,7.6801,5.8697,1.6528,8.7481,230.0,9483.0,2425.6875
6144,8.8736,8.0269,2.599,7.4645,252.0,13116.0,2423.3125
6145,7.3565,5.9381,2.2749,7.741,249.0,10481.0,2423.3125
6146,7.8431,8.0238,2.0695,7.0172,254.0,16380.0,2423.3125
6147,6.8937,5.915,1.8956,7.5016,249.0,14374.0,2423.3125
6148,7.5505,7.6147,2.2169,8.1835,246.0,13025.0,2423.3125
6149,8.1496,6.56,2.4855,9.1361,246.0,10925.0,2423.3125
6150,9.3588,7.8724,2.6378,7.3532,247.0,16784.0,2423.3125
6151,7.1652,6.5913,2.2219,7.1164,247.0,13676.0,2423.3125
6152,7.1945,6.1134,2.4015,7.2709,241.0,11235.0,2423.3125
6153,7.2086,7.5135,2.3446,6.9914,248.0,15646.0,2423.3125
6154,6.9272,5.8868,2.0243,8.3822,245.0,14465.0,2423.3125
6155,8.4692,5.871,2.4239,9.5221,245.0,13055.0,2423.3125
6156,9.5118,5.871,2.4173,8.131,245.0,12471.0,2423.3125
6157,8.2635,7.9963,2.8556,7.3545,245.0,16009.0,2423.3125
6158,7.57,5.8789,3.1658,7.6216,228.0,9699.0,2423.3125
6159,7.228,8.2994,2.1857,7.6725,250.0,14431.0,2423.3125
6160,7.6692,8.1878,1.9619,10.3264,235.0,10807.0,2423.3125
6161,10.4727,8.1878,2.2257,7.164,248.0,11943.0,2423.3125
6162,7.095,5.9789,2.5867,8.7485,250.0,11485.0,2423.3125
6163,8.7054,5.828,2.507,8.0156,249.0,12283.0,2423.3125
6164,7.9695,5.828,1.6161,6.5601,246.0,12153.0,2423.3125
6165,6.5888,7.9117,2.0308,8.1261,239.0,13587.0,2423.3125
6166,8.1185,5.921,2.2591,8.4878,238.0,14440.0,2423.3125
6167,8.4955,8.2819,2.5612,7.6125,247.0,15229.0,2423.3125
6168,7.762,5.9208,2.4479,8.0883,248.0,16811.0,2423.3125
6169,8.0303,7.7114,2.1269,7.1614,247.0,16431.0,2423.3125
6170,7.0635,5.9517,2.1803,7.4537,247.0,20817.0,2423.3125
6171,7.5715,6.562,2.363,6.4938,223.0,11233.0,2423.3125
6172,6.4286,6.7539,2.1812,8.4041,221.0,9943.0,2423.5625
6173,8.457,5.9158,2.2798,8.4766,247.0,17049.0,2423.5625
6174,8.4161,8.042,2.4495,6.9667,251.0,11531.0,2423.5625
6175,6.9449,5.8868,2.2481,9.1475,253.0,24035.0,2423.5625
6176,9.183,8.3995,2.5613,6.4377,254.0,16202.0,2423.5625
6177,6.4051,5.9023,1.9051,7.1509,249.0,12828.0,2423.5625
6178,7.2106,7.9894,1.7175,8.2671,252.0,16200.0,2423.5625
6179,8.2133,5.8387,2.0709,7.0843,249.0,14317.0,2423.5625
6180,7.147,8.0797,2.31,7.4318,245.0,11113.0,2423.5625
6181,7.3519,6.4589,1.8564,9.0484,248.0,14483.0,2423.5625
6182,9.1392,6.4589,2.1959,7.0771,247.0,14471.0,2423.5625
6183,7.0099,5.9238,2.0931,9.4637,246.0,10967.0,2423.5625
6184,9.527,5.9238,2.332,8.1779,247.0,17249.0,2423.5625
6185,8.0893,6.477,1.664,6.9011,248.0,10991.0,2423.5625
6186,7.0036,6.3523,2.2976,8.6479,247.0,17861.0,2423.5625
6187,8.61,6.5305,2.4181,6.546,245.0,13245.0,2423.5625
6188,6.5504,5.9335,2.515,8.152,245.0,16339.0,2423.5625
6189,8.1347,8.2973,2.0979,7.3471,246.0,14983.0,2423.5625
6190,7.296,5.9201,2.0452,7.4328,249.0,13241.0,2423.5625
6191,7.5599,7.7896,2.308,7.7675,250.0,16368.0,2423.5625
6192,7.6535,5.8868,1.8092,7.7861,252.0,18166.0,2423.5625
6193,7.8531,8.1674,1.8089,6.9361,239.0,17092.0,2423.5625
6194,6.8577,5.862,1.8908,7.9162,249.0,15433.0,2423.5625
6195,7.9822,7.6978,2.6871,7.2967,249.0,17031.0,2423.5625
6196,7.2494,6.3508,2.0681,6.0523,245.0,16167.0,2423.5625
6197,6.0895,5.978,2.1479,7.7879,245.0,13997.0,2423.5625
6198,7.7351,7.9494,1.9795,7.5645,247.0,14055.0,2423.5625
6199,7.5576,5.848,1.6903,7.0145,241.0,13709.0,2423.5625
6200,7.1317,8.0713,2.2238,8.254,246.0,9815.0,2423.5625
6201,8.1648,5.8794,1.853,7.1906,252.0,15669.0,2423.5625
6202,7.2872,7.8238,1.8085,7.9575,246.0,23365.0,2423.5625
6203,7.8383,5.8758,1.8603,6.3586,247.0,10979.0,2423.5625
6204,6.3797,8.063,2.1025,8.1104,247.0,15187.0,2423.5625
6205,8.0383,5.7882,2.7633,6.5908,245.0,12917.0,2423.5625
6206,6.6274,5.9434,2.3447,7.2142,250.0,11899.0,2423.5625
6207,7.2268,7.7924,1.817,7.6821,252.0,14371.0,2423.5625
6208,7.6601,5.8639,1.6235,7.5878,252.0,13299.0,2423.5625
6209,7.8193,7.8042,1.9963,7.3025,247.0,51037.0,2423.5625
6210,7.0975,5.8311,1.8165,7.4087,247.0,12813.0,2423.5625
6211,7.4628,8.0544,1.9373,7.2295,229.0,10293.0,2423.5625
6212,7.1743,5.8589,1.743,6.6605,224.0,9695.0,2423.5625
6213,6.8053,6.6848,1.8709,7.6678,216.0,12563.0,2423.5625
6214,7.5497,6.9183,2.0506,7.1497,237.0,9947.0,2423.5625
6215,7.1004,5.8423,1.9763,7.473,247.0,13282.0,2423.5625
6216,7.5651,8.0387,2.491,7.5504,247.0,10575.0,2423.5625
6217,7.4396,5.8501,1.5769,7.3538,252.0,16004.0,2423.5625
6218,7.4738,8.0013,1.8066,7.3658,249.0,15018.0,2423.5625
6219,7.284,5.8408,1.6331,8.0516,246.0,12697.0,2423.5625
6220,8.1148,7.4446,1.8744,6.7397,249.0,13355.0,2423.5625
6221,6.7401,5.8871,1.8174,7.5333,248.0,14300.0,2423.5625
6222,7.5518,6.1474,2.2628,8.1106,251.0,14000.0,2423.5625
6223,8.0514,7.2611,2.1203,6.1742,237.0,10597.0,2423.5625
6224,6.1719,5.956,1.9177,7.4912,252.0,15860.0,2423.5625
6225,7.5118,8.1475,2.1035,8.2277,248.0,14111.0,2423.5625
6226,8.2303,5.8617,1.8671,7.3749,247.0,13057.0,2423.5625
6227,7.5569,8.0083,1.9266,7.3701,248.0,12485.0,2423.5625
6228,7.1701,5.8782,1.8246,7.234,248.0,16045.0,2423.5625
6229,7.4387,7.9942,2.0563,7.2125,233.0,12371.0,2423.5625
6230,7.0418,5.8673,2.7089,6.6842,247.0,12943.0,2423.5625
6231,6.6785,6.1714,2.0346,7.9333,225.0,9707.0,2423.5625
6232,7.9239,7.8876,2.071,6.879,246.0,11941.0,2423.5625
6233,6.8679,5.8675,1.7763,6.9394,246.0,11959.0,2423.5625
6234,6.9957,8.1318,2.0475,7.8207,248.0,11841.0,2423.5625
6235,7.8004,5.7773,2.0754,7.246,249.0,13289.0,2423.5625
6236,7.194,8.2328,2.1418,7.9033,237.0,13059.0,2423.5625
6237,7.9295,5.8788,1.7822,7.4409,240.0,14266.0,2423.5625
6238,7.5284,8.1505,2.0564,8.2914,250.0,14823.0,2423.5625
6239,8.292,6.2918,2.718,7.0657,250.0,16791.0,2423.5625
6240,7.0469,6.2171,2.1509,6.6753,251.0,16435.0,2423.5625
6241,6.591,7.4583,1.7618,7.5347,250.0,21759.0,2423.5625
6242,7.4827,5.8164,1.628,6.8089,231.0,10667.0,2423.5625
6243,6.889,7.3892,2.1673,8.0648,217.0,9489.0,2423.5625
6244,8.0582,5.817,1.7709,9.0316,246.0,17037.0,2423.5625
6245,9.0403,8.1512,1.9034,6.0348,247.0,11527.0,2423.5625
6246,6.0023,5.9086,1.9449,8.4879,251.0,24055.0,2423.5625
6247,8.5802,8.0945,1.9335,6.5848,249.0,16186.0,2423.5625
6248,6.5097,5.901,1.611,6.3805,250.0,12862.0,2423.5625
6249,6.4078,6.1639,1.9609,8.5365,249.0,16186.0,2423.5625
6250,8.521,7.9482,2.1514,6.4419,246.0,14303.0,2423.5625
6251,6.4032,5.8617,1.8031,9.0471,246.0,11125.0,2423.5625
6252,9.0928,8.1314,2.294,6.0772,248.0,14483.0,2423.5625
6253,6.0578,5.8766,2.2252,7.5594,246.0,14459.0,2423.5625
6254,7.6236,8.1189,2.0196,7.2942,250.0,10971.0,2423.5625
6255,7.2485,5.8352,1.6684,7.9736,252.0,17265.0,2423.5625
6256,8.2908,7.2768,2.3466,7.2884,253.0,11007.0,2423.5625
6257,6.986,6.4102,2.6487,6.9808,251.0,17887.0,2423.5625
6258,7.155,5.8823,2.8177,6.8797,247.0,13247.0,2423.5625
6259,6.689,7.5434,2.0358,7.4368,247.0,16341.0,2423.5625
6260,7.4523,5.8681,1.6275,7.1559,248.0,15007.0,2423.5625
6261,7.1202,8.1687,1.7774,8.3362,246.0,13249.0,2423.5625
6262,8.3231,5.955,2.1615,7.3453,246.0,16364.0,2423.5625
6263,7.3892,7.9913,1.9658,7.3985,248.0,18320.0,2423.5625
6264,7.4434,5.8932,1.9485,6.8631,242.0,17184.0,2423.5625
6265,6.8015,7.4441,1.7164,7.919,245.0,16147.0,2423.5625
6266,7.9104,5.882,1.7318,6.4381,247.0,16657.0,2423.5625
6267,6.482,5.9417,1.9986,7.6786,247.0,15823.0,2423.5625
6268,7.6562,7.9874,2.0975,7.745,247.0,13877.0,2423.5625
6269,7.7005,5.8948,1.6079,7.0012,245.0,14165.0,2423.5625
6270,7.1148,8.2536,2.0691,8.2627,243.0,13507.0,2423.5625
6271,8.8952,5.9054,2.3821,6.9098,251.0,9783.0,2423.5625
6272,6.3001,7.9951,1.9038,7.4951,254.0,17981.0,2423.5625
6273,7.4271,5.8955,1.6828,6.736,249.0,21239.0,2423.5625
6274,6.7308,7.1741,2.2049,8.6875,248.0,11897.0,2423.5625
6275,8.6975,6.9806,2.2951,6.2361,248.0,14153.0,2423.5625
6276,6.2676,6.0117,2.5733,7.8349,247.0,13037.0,2423.5625
6277,7.7994,7.4182,2.019,6.8418,247.0,11907.0,2423.5625
6278,6.8559,5.8772,2.0288,7.3039,245.0,15435.0,2423.5625
6279,7.2724,8.2232,1.6846,8.0809,245.0,17387.0,2423.5625
6280,8.1138,5.8911,1.6332,7.0184,246.0,45815.0,2423.5625
6281,7.0866,7.8571,1.8736,7.3116,245.0,13275.0,2423.5625
6282,7.1947,5.9102,1.6404,6.607,223.0,9635.0,2423.5625
6283,6.6954,6.0506,1.9588,8.2418,223.0,9635.0,2423.5625
6284,8.2441,7.4866,2.0491,6.3412,216.0,12563.0,2423.5625
6285,6.2259,5.8452,1.8226,7.5651,246.0,10621.0,2423.5625
6286,7.6412,7.9092,2.41,7.7632,252.0,13298.0,2423.5625
6287,7.7244,5.8786,1.7453,7.919,254.0,12328.0,2423.5625
6288,8.0102,8.0414,1.758,7.1672,254.0,14759.0,2423.5625
6289,7.0928,5.9158,1.7878,7.4017,251.0,14548.0,2423.5625
6290,7.4961,7.9525,2.0054,8.4089,248.0,13233.0,2423.5625
6291,8.3722,6.1561,2.3156,7.7603,247.0,12721.0,2423.5625
6292,7.8055,7.0467,2.4161,7.4972,249.0,14264.0,2423.5625
6293,7.3905,7.0112,1.9019,6.1497,247.0,14168.0,2423.5625
6294,6.1947,5.9802,1.8246,8.1863,226.0,10785.0,2423.5625
6295,8.2035,8.309,2.4082,7.6706,248.0,15120.0,2423.5625
6296,7.659,5.9133,2.4248,7.56,244.0,13941.0,2423.5625
6297,7.5919,8.4021,2.2984,7.6581,246.0,13067.0,2423.5625
6298,7.6062,5.9069,2.0217,7.8832,245.0,12471.0,2423.5625
6299,7.9206,8.3078,2.131,7.025,247.0,16033.0,2423.5625
6300,6.9629,5.8338,1.9265,7.5682,245.0,13583.0,2423.5625
6301,7.6671,7.8405,3.1013,7.8177,239.0,12115.0,2423.5625
6302,7.7332,6.3202,2.8463,6.2461,229.0,9663.0,2423.5625
6303,6.3226,6.1581,1.9644,8.2714,247.0,11717.0,2423.5625
6304,8.2014,7.908,2.055,6.7373,251.0,11975.0,2423.5625
6305,6.7139,5.8792,2.5,7.6631,248.0,11819.0,2423.5625
6306,7.7372,8.2108,2.3168,7.5488,250.0,13279.0,2423.5625
6307,7.4885,5.8771,1.8761,6.9323,242.0,14175.0,2423.5625
6308,6.9904,8.2751,1.757,8.1025,238.0,13564.0,2423.5625
6309,8.0828,5.8806,1.9338,8.352,247.0,15591.0,2423.5625
6310,8.3375,7.9932,1.8936,6.6093,248.0,16391.0,2423.5625
6311,6.5399,5.8849,1.6899,6.8001,246.0,16075.0,2423.5625
6312,6.8758,5.9155,2.2134,7.7678,243.0,21301.0,2423.5625
6313,7.7314,7.0889,2.1262,6.0408,231.0,11165.0,2423.5625
6314,6.0565,5.9231,1.8047,7.9624,246.0,17037.0,2423.5625
6315,8.0346,8.0403,1.7323,7.069,246.0,11515.0,2423.5625
6316,6.9813,5.8612,1.7473,7.7894,252.0,24067.0,2423.5625
6317,7.8533,7.7308,2.5988,8.0064,250.0,16198.0,2423.5625
6318,7.9335,5.8826,1.8024,7.4911,252.0,12842.0,2423.5625
6319,7.5935,7.7438,2.0236,7.3043,252.0,16178.0,2423.5625
6320,7.2708,6.3319,1.8188,6.0912,250.0,14307.0,2423.5625
6321,6.09,5.9074,2.8034,7.806,248.0,11127.0,2423.5625
6322,7.8833,7.9854,2.0521,7.5756,249.0,14473.0,2423.5625
6323,7.4524,5.8842,2.5945,7.3476,248.0,14461.0,2423.5625
6324,7.4302,8.4054,2.2061,7.8797,246.0,10967.0,2423.5625
6325,7.9312,5.911,2.614,7.4572,247.0,15561.0,2423.5625
6326,7.376,7.8598,2.0907,7.1364,245.0,12643.0,2423.5625
6327,7.0747,5.8851,1.8031,6.4224,248.0,17873.0,2423.5625
6328,6.5519,7.0108,1.8106,8.8081,245.0,13245.0,2423.5625
6329,8.7195,7.2273,1.9689,6.3722,245.0,16339.0,2423.5625
6330,6.4727,5.8523,2.1361,7.3143,249.0,15019.0,2423.5625
6331,7.2336,7.5367,2.069,7.3604,245.0,13237.0,2423.5625
6332,7.3294,5.8607,1.83,7.8663,246.0,16364.0,2423.5625
6333,7.9282,8.27,1.9571,7.154,247.0,17940.0,2423.5625
6334,7.0566,5.865,1.6469,7.2676,250.0,18164.0,2423.5625
6335,7.3234,8.1565,1.8897,7.8341,250.0,15795.0,2423.5625
6336,7.7682,5.9006,1.7724,7.7382,250.0,17077.0,2423.5625
6337,7.8627,7.6193,2.1184,7.3909,248.0,15753.0,2423.5625
6338,7.3437,6.5266,1.974,7.1202,247.0,13439.0,2423.5625
6339,7.1253,5.9265,2.0831,6.8287,249.0,14883.0,2423.5625
6340,6.7687,8.261,1.9443,7.6952,236.0,12679.0,2423.5625
6341,7.7613,5.8279,1.7748,7.2935,245.0,9755.0,2423.5625
6342,7.2825,8.1611,1.9388,7.7959,251.0,17989.0,2423.5625
6343,7.766,5.8668,1.8396,7.1419,247.0,21237.0,2423.5625
6344,7.1333,7.9403,1.9381,8.0118,246.0,11895.0,2423.5625
6345,8.0209,5.873,1.9044,7.6124,245.0,14139.0,2423.5625
6346,7.6941,7.5874,2.8291,7.4023,247.0,13037.0,2423.5625
6347,7.3457,6.3201,1.6774,6.5235,245.0,11883.0,2423.5625
6348,6.5302,5.9321,2.3466,7.1291,246.0,15447.0,2423.5625
6349,7.1225,8.071,2.0014,7.7507,245.0,17387.0,2423.5625
6350,7.7413,5.9089,1.8574,7.5183,251.0,45831.0,2423.5625
6351,7.5412,8.3208,1.9532,8.0018,249.0,13279.0,2423.5625
6352,7.9482,5.8931,1.7064,7.3494,234.0,9963.0,2423.5625
6353,7.561,7.8486,1.8844,6.9908,222.0,9361.0,2423.5625
6354,6.8261,5.8778,2.5049,6.6861,218.0,12565.0,2423.5625
6355,6.7204,6.6092,1.9701,8.9095,248.0,10623.0,2423.5625
6356,8.9669,7.3388,2.2905,5.6141,251.0,13330.0,2423.5625
6357,5.5192,5.8985,1.7985,9.0512,247.0,12288.0,2423.5625
6358,9.0833,8.2765,2.3412,6.2889,249.0,14743.0,2423.5625
6359,6.2281,5.8932,1.8793,7.5539,248.0,14534.0,2423.5625
6360,7.6016,8.2193,1.739,8.0302,245.0,13219.0,2423.5625
6361,8.0228,5.917,1.7875,7.5076,246.0,12731.0,2423.5625
6362,7.5466,7.8291,2.3569,7.4093,248.0,14252.0,2423.5625
6363,7.4166,5.9297,2.0707,6.5165,250.0,14204.0,2423.5625
6364,6.5041,6.7199,1.9983,8.1179,240.0,13534.0,2423.5625
6365,8.0923,7.5484,1.949,6.1936,234.0,12419.0,2423.5625
6366,6.1542,5.9148,1.7371,8.0389,252.0,14137.0,2423.5625
6367,8.0836,7.8925,1.9985,7.8155,251.0,13083.0,2423.5625
6368,7.7475,5.8801,1.3762,8.1344,248.0,12879.0,2423.5625
6369,8.2182,8.1107,1.7476,6.8543,247.0,15915.0,2423.5625
6370,6.8152,6.6557,1.781,7.3978,249.0,13241.0,2423.5625
6371,7.4357,8.2467,1.9332,7.6476,249.0,12501.0,2423.5625
6372,7.5952,5.8588,2.005,7.2638,219.0,9299.0,2423.5625
6373,7.3683,6.4983,2.1701,7.7138,245.0,12381.0,2423.5625
6374,7.6166,6.6294,2.2352,6.2373,246.0,11459.0,2423.5625
6375,6.2077,5.9013,2.3896,7.7926,246.0,12979.0,2423.5625
6376,7.8415,8.1763,2.1927,7.645,247.0,13037.0,2423.5625
6377,7.6244,5.8822,1.852,8.5699,239.0,13227.0,2423.5625
6378,8.5947,8.1771,1.8119,6.6913,248.0,14940.0,2423.5625
6379,6.6662,5.9087,1.7998,7.8347,240.0,14763.0,2423.5625
6380,7.9077,7.9902,2.1128,7.1461,247.0,16415.0,2423.5625
6381,7.1389,5.8896,2.905,6.9407,246.0,16439.0,2423.5625
6382,6.9275,7.1092,2.4811,7.9124,249.0,20989.0,2423.5625
6383,7.9323,6.2913,2.2694,6.792,230.0,10393.0,2423.5625
6384,6.8509,5.9026,2.4241,7.4525,254.0,17089.0,2423.5625
6385,7.3496,7.6726,1.9819,7.3343,248.0,11517.0,2423.5625
6386,7.3392,5.8361,2.4541,7.2396,251.0,24033.0,2423.5625
6387,7.2456,8.2326,2.0477,8.0793,252.0,16200.0,2423.5625
6388,8.0265,5.8953,1.5597,7.2914,248.0,12838.0,2423.5625
6389,7.3496,7.7213,1.8921,7.3621,249.0,16186.0,2423.5625
6390,7.3155,5.966,2.4441,6.9179,246.0,14303.0,2423.5625
6391,7.0985,6.1472,2.0391,7.4229,246.0,11125.0,2423.5625
6392,7.3036,7.4816,2.2127,6.8623,247.0,14471.0,2423.5625
6393,6.8145,5.8932,1.8356,7.3172,247.0,14471.0,2423.5625
6394,7.3873,8.3742,2.2089,7.9926,245.0,10955.0,2423.5625
6395,7.9361,5.7945,1.5699,7.4597,247.0,15561.0,2423.5625
6396,7.5761,8.113,1.8482,7.5022,245.0,12643.0,2423.5625
6397,7.4255,5.8847,1.9993,6.6015,249.0,17885.0,2423.5625
6398,6.6213,8.1681,1.9897,8.8855,249.0,13249.0,2423.5625
6399,8.8546,5.8318,2.1963,7.0672,249.0,16343.0,2423.5625
6400,7.1427,6.5891,2.3029,7.3814,251.0,14999.0,2423.5625
6401,7.3415,7.7063,2.542,6.5475,247.0,13607.0,2423.5625
6402,6.4536,5.849,1.8239,7.8686,249.0,16948.0,2423.5625
6403,7.9552,7.965,2.2646,7.0587,249.0,17372.0,2423.5625
6404,7.0645,5.8357,1.9402,7.631,247.0,17804.0,2423.5625
6405,7.6408,7.6952,1.7596,7.2361,245.0,15779.0,2423.5625
6406,7.2369,5.8986,1.4068,7.722,246.0,17441.0,2423.5625
6407,8.1157,7.5362,2.1724,7.4372,245.0,15275.0,2423.5625
6408,7.0134,5.8749,1.8722,6.3764,245.0,13853.0,2423.5625
6409,6.5271,5.8649,2.0693,8.5712,245.0,14441.0,2423.5625
6410,8.4181,6.271,1.904,6.0704,234.0,12607.0,2423.5625
6411,6.0467,5.8706,1.7173,7.4121,245.0,9803.0,2423.5625
6412,7.4856,7.7366,1.9602,7.3569,252.0,18199.0,2423.5625
6413,7.3287,5.8382,1.7197,7.3101,247.0,21551.0,2423.5625
6414,7.3683,8.1525,2.2744,7.8017,250.0,11435.0,2423.5625
6415,7.747,5.8898,2.4267,6.9527,250.0,14155.0,2423.5625
6416,6.9327,7.6421,1.784,8.1898,250.0,13029.0,2423.5625
6417,8.1807,5.8847,1.858,6.5688,247.0,11885.0,2423.5625
6418,6.6021,5.967,2.4472,7.1199,248.0,15449.0,2423.5625
6419,7.098,8.0299,2.4367,7.7817,249.0,17413.0,2423.5625
6420,7.7395,5.8785,1.6252,7.1713,246.0,45815.0,2423.5625
6421,7.2824,7.9831,2.2666,7.7425,245.0,13227.0,2423.5625
6422,7.7599,5.866,2.6583,6.5594,233.0,10139.0,2423.5625
6423,6.4751,8.071,1.922,8.0263,216.0,10841.0,2423.5625
6424,7.9972,5.8372,1.5517,6.2324,217.0,10853.0,2423.5625
6425,6.3292,6.7022,2.0925,9.2682,245.0,10609.0,2423.5625
6426,9.2141,7.0014,1.8016,5.7649,249.0,13306.0,2423.5625
6427,5.7498,5.8459,1.5994,7.34,250.0,12324.0,2423.5625
6428,7.4234,8.0233,1.9989,7.8733,250.0,14755.0,2423.5625
6429,7.7966,5.8545,1.6586,7.4994,248.0,14534.0,2423.5625
6430,7.4923,7.9236,1.6442,7.1733,250.0,13235.0,2423.5625
6431,7.131,5.854,1.6639,7.8338,249.0,12723.0,2423.5625
6432,7.8953,7.5659,1.9348,7.2309,252.0,14256.0,2423.5625
6433,7.2202,5.8837,1.7832,6.1788,251.0,14194.0,2423.5625
6434,6.2064,5.9177,1.8356,8.4286,249.0,14538.0,2423.5625
6435,8.3936,7.2234,1.8095,6.544,229.0,11467.0,2423.5625
6436,6.4957,5.8648,1.677,7.4285,247.0,14121.0,2423.5625
6437,7.6019,8.3011,1.8378,7.9429,247.0,13079.0,2423.5625
6438,7.8139,5.897,1.5958,7.4326,245.0,13469.0,2423.5625
6439,7.4925,7.9775,1.9742,7.2602,246.0,15391.0,2423.5625
6440,7.1812,5.8542,1.6086,6.5537,245.0,13167.0,2423.5625
6441,6.6373,7.7979,1.8898,8.651,246.0,12487.0,2423.5625
6442,8.6519,6.4933,2.241,6.1311,231.0,10821.0,2423.5625
6443,6.0339,5.8934,2.3944,7.7408,243.0,11411.0,2423.5625
6444,7.9125,7.4554,2.4186,7.1434,242.0,12381.0,2423.5625
6445,6.9794,5.84,1.4898,7.5257,245.0,12389.0,2423.5625
6446,7.7741,8.2324,1.9475,7.9565,251.0,13127.0,2423.5625
6447,7.7263,5.8116,2.2006,7.186,244.0,15504.0,2423.5625
6448,7.2961,7.8937,2.1305,7.2294,250.0,11941.0,2423.5625
6449,7.1702,5.8545,2.4158,7.5591,246.0,15665.0,2423.5625
6450,7.6622,6.4719,2.4848,8.149,251.0,16389.0,2423.5625
6451,8.0434,7.0427,2.7337,7.6864,251.0,16249.0,2423.5625
6452,7.8412,6.0025,2.4101,7.1523,239.0,20795.0,2423.5625
6453,7.1502,7.4621,2.3014,7.2942,228.0,9959.0,2423.5625
6454,7.1527,5.9253,2.2545,7.2618,246.0,17037.0,2423.5625
6455,7.2458,8.2349,2.2544,7.9718,246.0,14851.0,2423.5625
6456,7.9298,5.9385,2.6079,7.3652,250.0,20707.0,2423.5625
6457,7.4474,7.7971,2.0153,7.8816,250.0,16198.0,2423.5625
6458,7.8172,5.9082,2.0173,8.079,247.0,12826.0,2423.5625
6459,8.1915,7.2719,2.9084,7.7796,251.0,16210.0,2423.5625
6460,8.1161,5.9506,2.6163,6.9635,248.0,14327.0,2423.5625
6461,6.6226,6.5472,2.141,7.2435,245.0,11113.0,2423.5625
6462,7.2266,7.3327,2.1177,7.1081,250.0,14463.0,2423.5625
6463,7.0543,5.8929,2.4102,7.8809,251.0,14475.0,2423.5625
6464,7.9355,8.166,2.4103,7.3113,251.0,10983.0,2423.5625
6465,7.2332,5.9966,2.0021,8.4341,249.0,15563.0,2423.5625
6466,8.5401,8.4212,3.1536,7.802,250.0,16017.0,2423.5625
6467,7.7653,5.9182,2.3466,7.5112,249.0,14895.0,2423.5625
6468,7.5413,8.2838,2.2402,7.7719,247.0,13365.0,2423.5625
6469,7.7006,5.934,2.0637,7.4237,246.0,16825.0,2423.5625
6470,7.6483,8.0644,3.3514,7.648,247.0,14213.0,2423.5625
6471,7.4138,5.9782,2.0598,7.9456,247.0,14779.0,2423.5625
6472,8.0306,7.4525,2.1607,8.014,245.0,15984.0,2423.5625
6473,7.9571,5.8561,2.1953,5.632,247.0,17370.0,2423.5625
6474,5.6359,5.9228,2.3824,7.6702,241.0,17124.0,2423.5625
6475,7.649,8.0646,2.4649,7.6189,245.0,15779.0,2423.5625
6476,7.6833,5.9662,2.1643,8.9723,245.0,17429.0,2423.5625
6477,8.9708,8.4519,2.3991,6.9765,246.0,15287.0,2423.5625
6478,6.9259,5.9428,2.2619,7.6899,250.0,13869.0,2423.5625
6479,7.8453,8.4043,2.1675,8.3838,249.0,14445.0,2423.5625
6480,8.2976,6.0302,2.6079,8.0625,242.0,12707.0,2423.5625
6481,8.052,8.1541,3.7414,7.9641,247.0,9805.0,2423.5625
6482,8.0159,5.925,2.3528,7.9538,252.0,19865.0,2423.5625
6483,7.8969,7.5439,2.196,7.8421,247.0,19985.0,2423.5625
6484,7.8058,5.8907,2.4039,9.449,246.0,11555.0,2423.5625
6485,9.5024,5.8709,2.2094,7.8343,245.0,13967.0,2423.5625
6486,7.7793,5.8709,1.8535,7.3646,246.0,13073.0,2423.5625
6487,7.4295,8.1658,1.8704,7.7921,249.0,11931.0,2423.5625
6488,7.8248,6.4613,2.1009,9.2374,246.0,20679.0,2423.5625
6489,9.1638,6.4613,1.984,6.7983,248.0,13787.0,2423.5625
6490,6.7595,5.8685,1.7056,6.218,247.0,44695.0,2423.5625
6491,6.3783,5.979,2.0716,7.8971,240.0,12511.0,2423.5625
6492,7.8308,8.038,2.387,7.6872,232.0,10127.0,2423.5625
6493,7.6523,5.9205,2.4001,7.6881,218.0,10865.0,2423.5625
6494,7.8078,7.9966,3.2201,9.1184,219.0,10833.0,2423.5625
6495,9.0141,6.5232,2.3547,7.646,249.0,10613.0,2423.5625
6496,7.6594,8.282,2.4721,7.6949,251.0,13286.0,2423.5625
6497,7.6133,5.9666,2.007,7.5808,249.0,12290.0,2423.5625
6498,7.6242,8.3632,1.9772,7.6974,254.0,14781.0,2423.5625
6499,7.6451,5.8937,2.5469,7.2449,250.0,14536.0,2423.5625
6500,7.2866,8.124,1.8254,7.4197,247.0,13243.0,2423.5625
6501,7.3904,6.3794,1.7747,6.8987,245.0,12719.0,2423.5625
6502,6.9714,6.6213,2.109,8.4638,248.0,14252.0,2423.5625
6503,8.4297,7.4954,2.1993,5.9744,248.0,14180.0,2423.5625
6504,5.9112,5.8366,1.9417,7.3338,248.0,14548.0,2423.5625
6505,7.447,7.6526,2.2643,7.5953,232.0,13453.0,2423.5625
6506,7.5576,5.8587,1.7871,7.7346,248.0,12445.0,2423.5625
6507,7.7393,8.0675,1.8298,7.7036,245.0,13055.0,2423.5625
6508,7.6312,5.9332,2.4586,7.8622,246.0,13481.0,2423.5625
6509,7.9507,7.9923,2.0531,7.724,247.0,15403.0,2423.5625
6510,7.6285,5.9109,1.9134,7.8788,245.0,12883.0,2423.5625
6511,8.0038,7.0467,1.8741,7.1611,249.0,12479.0,2423.5625
6512,7.0954,7.3701,1.9588,6.2607,235.0,10969.0,2423.5625
6513,6.207,5.9805,2.2123,8.1231,248.0,12755.0,2423.5625
6514,8.3041,8.2746,2.2591,7.5815,245.0,11913.0,2423.5625
6515,7.4285,5.9196,2.0005,8.196,247.0,12477.0,2423.5625
6516,8.2251,7.9502,2.28,6.7566,248.0,15286.0,2423.5625
6517,6.7221,5.9124,1.9237,7.0666,239.0,12715.0,2423.5625
6518,7.1662,8.3034,2.0324,8.1622,247.0,13121.0,2423.5625
6519,8.0992,5.868,2.0474,6.9928,242.0,15373.0,2423.5625
6520,7.0624,7.6485,2.4943,9.0226,247.0,17023.0,2423.5625
6521,8.9687,6.3305,2.1727,6.3562,246.0,18387.0,2423.5625
6522,6.3652,6.1921,2.2,6.8806,243.0,17197.0,2423.5625
6523,6.856,7.8748,2.1551,7.4203,234.0,10271.0,2423.5625
6524,7.405,5.9313,1.6661,8.3587,247.0,20385.0,2423.5625
6525,8.5745,8.2656,2.7972,7.2008,248.0,13386.0,2423.5625
6526,7.1546,5.896,2.7956,7.4014,256.0,24071.0,2423.5625
6527,7.3059,8.1476,2.1981,7.2184,249.0,10959.0,2423.5625
6528,7.1172,5.9358,1.8459,7.574,255.0,16214.0,2423.5625
6529,7.9143,8.0802,2.2315,8.1108,251.0,16188.0,2423.5625
6530,7.8202,5.83,2.0732,6.7965,247.0,11115.0,2423.5625
6531,6.8372,6.7082,2.2754,8.4872,250.0,14329.0,2423.5625
6532,8.4219,5.8791,3.0457,6.9366,248.0,11303.0,2423.5625
6533,7.0748,5.9158,2.6015,7.8177,248.0,14327.0,2423.5625
6534,7.8963,7.593,2.2877,7.7469,245.0,12201.0,2423.5625
6535,7.5268,5.8445,1.9684,7.7904,247.0,19339.0,2423.5625
6536,7.8673,8.2265,2.338,7.6347,246.0,12097.0,2423.5625
6537,7.6363,5.9241,2.4116,7.9686,246.0,14583.0,2423.5625
6538,8.004,8.1804,2.4859,7.6475,246.0,13615.0,2423.5625
6539,7.6045,5.9561,2.0571,8.3085,248.0,16381.0,2423.5625
6540,8.31,5.9353,2.3971,9.6111,246.0,14881.0,2423.5625
6541,9.6137,5.9353,2.4126,8.1812,248.0,17778.0,2423.5625
6542,8.2254,8.3327,2.4077,7.7234,249.0,13325.0,2423.5625
6543,7.6933,5.9265,2.181,7.2123,252.0,17018.0,2423.5625
6544,7.228,8.0814,2.1647,7.3173,234.0,15110.0,2423.5625
6545,7.2502,5.8845,1.9104,7.3482,247.0,15685.0,2423.5625
6546,7.3756,7.8282,2.1441,8.1298,248.0,17443.0,2423.5625
6547,8.0577,6.3397,1.9162,7.2359,247.0,15277.0,2423.5625
6548,7.3073,6.1836,1.9172,6.6132,246.0,13865.0,2423.5625
6549,6.5954,7.3783,2.0491,7.5124,246.0,14453.0,2423.5625
6550,7.4473,5.8375,1.4377,6.8332,238.0,12655.0,2423.5625
6551,6.9287,8.1295,2.0621,8.3405,245.0,9803.0,2423.5625
6552,8.356,5.8797,1.807,7.4135,251.0,19875.0,2423.5625
6553,7.3993,7.9862,1.9855,7.5652,248.0,20019.0,2423.5625
6554,7.4945,5.8887,1.7541,6.953,246.0,11555.0,2423.5625
6555,6.9675,7.7559,1.9035,8.0017,247.0,13991.0,2423.5625
6556,7.9938,6.3385,1.6742,6.568,246.0,13073.0,2423.5625
6557,6.609,5.9277,2.3384,8.0286,246.0,11895.0,2423.5625
6558,8.0671,8.0858,2.2263,6.5163,250.0,20683.0,2423.5625
6559,6.4383,5.858,1.6693,7.8635,253.0,13803.0,2423.5625
6560,7.9681,8.4353,1.9266,7.754,250.0,44687.0,2423.5625
6561,7.648,5.8988,1.7702,7.6124,243.0,12525.0,2423.5625
6562,7.7252,8.1751,2.0721,7.1013,237.0,10165.0,2423.5625
6563,7.0055,5.8364,1.8238,7.4969,217.0,10831.0,2423.5625
6564,7.5905,7.6844,2.3405,7.5937,216.0,10841.0,2423.5625
6565,7.5401,6.4552,2.5716,6.7434,246.0,10621.0,2423.5625
6566,6.8088,5.929,2.609,7.1966,247.0,13282.0,2423.5625
6567,7.2259,8.1371,2.2507,7.9911,248.0,12300.0,2423.5625
6568,7.8552,5.932,1.7555,8.2804,250.0,14755.0,2423.5625
6569,8.332,8.2049,2.2671,7.1913,249.0,14546.0,2423.5625
6570,7.2087,5.9232,2.825,8.174,247.0,13243.0,2423.5625
6571,8.1683,8.2045,2.8703,8.4668,246.0,12731.0,2423.5625
6572,8.4508,5.9767,2.2219,7.1614,248.0,14252.0,2423.5625
6573,7.246,8.0763,2.1908,8.5118,250.0,14204.0,2423.5625
6574,8.5356,5.9608,2.2983,9.1357,252.0,14552.0,2423.5625
6575,9.0718,8.1728,1.902,7.3458,240.0,13601.0,2423.5625
6576,7.3128,5.9772,2.0259,7.5082,249.0,12413.0,2423.5625
6577,7.6317,8.1826,2.0846,7.1309,249.0,13081.0,2423.5625
6578,6.9673,5.9004,2.0726,7.3139,247.0,13839.0,2423.5625
6579,7.3933,6.626,2.0713,8.0465,248.0,15025.0,2423.5625
6580,7.9943,7.0867,2.2006,5.7477,243.0,12951.0,2423.5625
6581,5.7995,5.7854,1.7539,7.8277,246.0,12391.0,2423.5625
6582,7.8522,8.1368,2.1345,7.7847,240.0,12489.0,2423.5625
6583,7.6837,5.833,1.9142,6.8915,245.0,12197.0,2423.5625
6584,6.9228,8.2439,1.8718,8.217,237.0,10919.0,2423.5625
6585,8.1504,5.8831,1.843,7.5268,246.0,12487.0,2423.5625
6586,7.6276,8.0289,1.9864,7.318,247.0,15274.0,2423.5625
6587,7.2704,6.6574,2.0234,8.8373,248.0,14129.0,2423.5625
6588,9.0234,6.6574,2.0097,7.058,245.0,13177.0,2423.5625
6589,6.8879,6.4485,1.9735,5.8027,237.0,14071.0,2423.5625
6590,5.7581,5.8581,2.3428,7.6904,251.0,17577.0,2423.5625
6591,7.7555,7.9055,2.2981,7.8194,252.0,17865.0,2423.5625
6592,7.7586,5.9135,2.5673,7.3224,251.0,17417.0,2423.5625
6593,7.3846,8.1572,1.9416,7.9053,234.0,10129.0,2423.5625
6594,7.848,6.1019,1.888,7.7102,248.0,20375.0,2423.5625
6595,7.7829,8.1375,1.7214,7.5032,251.0,13400.0,2423.5625
6596,7.4766,5.8911,2.3058,7.0265,250.0,24043.0,2423.5625
6597,7.064,7.5151,2.1503,7.8749,245.0,10955.0,2423.5625
6598,7.8366,6.5092,1.724,5.9713,250.0,16198.0,2423.5625
6599,6.0208,5.8831,2.2871,7.6744,249.0,16186.0,2423.5625
6600,7.6998,8.3989,2.4431,7.4694,248.0,11149.0,2423.5625
6601,7.3755,5.8619,1.5533,8.4427,247.0,14471.0,2423.5625
6602,8.5076,7.9638,2.5047,6.5872,246.0,11123.0,2423.5625
6603,6.5028,5.8898,2.7507,7.5305,246.0,14303.0,2423.5625
6604,7.5983,8.2566,2.1366,7.8825,246.0,15549.0,2423.5625
6605,7.841,5.8719,1.7953,8.4448,247.0,16003.0,2423.5625
6606,8.4796,6.4225,1.9308,6.7225,249.0,12553.0,2423.5625
6607,6.6583,5.8793,1.8662,6.119,251.0,15073.0,2423.5625
6608,6.1363,5.9879,2.1467,7.8667,249.0,12825.0,2423.5625
6609,7.9544,8.5038,2.408,7.8838,248.0,16359.0,2423.5625
6610,7.8012,5.8535,1.6991,8.0306,248.0,15095.0,2423.5625
6611,8.0682,8.1264,2.0448,6.6994,249.0,17768.0,2423.5625
6612,6.6676,5.8482,1.9653,7.8,247.0,13345.0,2423.5625
6613,7.8537,8.0797,2.0093,7.0699,247.0,17002.0,2423.5625
6614,7.1036,5.8391,1.8385,7.2816,229.0,16400.0,2423.5625
6615,7.2194,7.5326,1.9625,7.9873,241.0,13817.0,2423.5625
6616,7.9444,5.8833,1.7529,6.3548,245.0,17797.0,2423.5625
6617,6.3533,5.9151,2.1161,6.9099,247.0,15017.0,2423.5625
6618,6.9442,8.2688,2.2505,7.9635,246.0,14147.0,2423.5625
6619,7.9337,5.863,1.7483,8.0781,245.0,14025.0,2423.5625
6620,8.1702,7.9757,1.8676,7.6366,239.0,12667.0,2423.5625
6621,7.5778,5.8496,2.0964,7.4946,248.0,10891.0,2423.5625
6622,7.5294,8.0437,2.0286,7.6063,254.0,18911.0,2423.5625
6623,7.5638,5.9028,1.8736,7.1534,249.0,19891.0,2423.5625
6624,7.2495,7.8995,2.0819,7.7766,249.0,11547.0,2423.5625
6625,7.7039,6.3091,2.1291,6.1307,247.0,13969.0,2423.5625
6626,6.1735,5.9612,2.1588,8.0331,248.0,13075.0,2423.5625
6627,8.0026,7.9363,2.1518,6.8721,248.0,11897.0,2423.5625
6628,6.8177,5.8812,1.5983,7.6466,248.0,20703.0,2423.5625
6629,7.7465,8.0609,1.8275,7.4825,247.0,13775.0,2423.5625
6630,7.4406,5.893,1.8606,7.3102,245.0,44671.0,2423.5625
6631,7.3102,7.7235,1.92,7.8538,243.0,12595.0,2423.5625
6632,7.8923,5.9475,2.1312,6.7375,231.0,10115.0,2423.5625
6633,6.7834,7.0026,1.9556,7.7837,214.0,10769.0,2423.5625
6634,7.6695,6.9269,2.1031,6.6808,216.0,10841.0,2423.5625
6635,6.7146,5.8473,2.059,7.4763,247.0,10633.0,2423.5625
6636,7.4858,8.4367,2.2572,7.2922,247.0,13282.0,2423.5625
6637,7.254,5.8888,1.8251,7.6377,249.0,12312.0,2423.5625
6638,7.6375,8.3084,1.7309,7.6346,253.0,14747.0,2423.5625
6639,7.6102,5.8351,1.4084,8.2884,252.0,14538.0,2423.5625
6640,8.3232,8.1316,1.6147,6.9532,251.0,13247.0,2423.5625
6641,6.9373,5.9235,2.3225,7.0689,249.0,12745.0,2423.5625
6642,7.1177,6.5968,2.0491,7.9478,251.0,14266.0,2423.5625
6643,7.8927,7.2929,1.9895,5.9048,250.0,14182.0,2423.5625
6644,5.8825,5.8689,1.5748,7.8502,247.0,14536.0,2423.5625
6645,7.9619,8.0923,2.3425,7.5006,240.0,13933.0,2423.5625
6646,7.452,5.8902,2.5043,9.2216,246.0,12421.0,2423.5625
6647,9.339,8.6567,2.6691,7.8481,246.0,13435.0,2423.5625
6648,7.8232,5.9787,2.5122,7.6896,245.0,13469.0,2423.5625
6649,7.6189,8.1439,2.2643,7.0661,246.0,15557.0,2423.5625
6650,7.0718,5.8815,2.0327,7.0412,238.0,12213.0,2423.5625
6651,7.0232,8.1818,1.9579,8.0479,243.0,12705.0,2423.5625
6652,7.9968,5.8274,1.6716,6.0837,246.0,13131.0,2423.5625
6653,6.2248,6.6286,1.9007,7.9027,241.0,11373.0,2423.5625
6654,7.8433,7.3294,2.0572,7.2668,239.0,11473.0,2423.5625
6655,7.2641,5.8151,2.9387,7.055,251.0,11833.0,2423.5625
6656,7.0587,7.4018,2.2655,8.6326,248.0,15146.0,2423.5625
6657,8.583,5.8869,1.672,7.6768,249.0,14119.0,2423.5625
6658,7.7739,7.9283,2.2045,7.7722,247.0,13179.0,2423.5625
6659,7.6817,5.8454,1.9245,7.8302,243.0,15771.0,2423.5625
6660,7.9177,8.0863,2.4473,6.9962,246.0,16007.0,2423.5625
6661,6.9512,5.9915,2.2709,7.3746,248.0,17861.0,2423.5625
6662,7.4122,8.0907,2.1069,8.2858,240.0,17137.0,2423.5625
6663,8.2119,6.5208,2.0306,5.7202,244.0,10895.0,2423.5625
6664,5.7717,5.8946,2.6944,8.6105,250.0,22388.0,2423.5625
6665,8.6379,7.8066,2.6675,6.3356,249.0,16614.0,2423.5625
6666,6.225,5.8037,1.7536,7.8037,246.0,18812.0,2423.5625
6667,7.8592,8.0772,1.9596,7.4134,247.0,14315.0,2423.5625
6668,7.3826,5.8206,2.0305,7.2088,250.0,16198.0,2423.5625
6669,7.248,7.8191,2.2915,7.5892,248.0,12996.0,2423.5625
6670,7.5549,5.9292,2.7526,6.0568,249.0,11115.0,2423.5625
6671,6.0726,6.5869,1.8733,9.3645,252.0,14331.0,2423.5625
6672,9.3827,7.5683,2.1098,5.8696,250.0,11127.0,2423.5625
6673,5.8373,5.9023,1.8331,7.6628,249.0,17653.0,2423.5625
6674,7.7038,8.137,2.1527,7.2526,248.0,12215.0,2423.5625
6675,7.1954,5.8231,1.5001,8.3702,249.0,17599.0,2423.5625
6676,8.4242,8.1116,1.7978,7.0529,246.0,11905.0,2423.5625
6677,7.1375,5.9225,1.9513,7.0702,249.0,14311.0,2423.5625
6678,7.1485,8.13,2.3096,7.5863,246.0,13147.0,2423.5625
6679,7.3824,5.7828,1.8084,6.4622,246.0,17157.0,2423.5625
6680,6.6075,6.4613,2.08,7.2122,246.0,14559.0,2423.5625
6681,7.1116,7.5019,2.0913,7.1906,249.0,18526.0,2423.5625
6682,7.1597,5.86,1.6017,7.7611,245.0,12953.0,2423.5625
6683,7.7979,7.849,1.9397,7.0921,246.0,19198.0,2423.5625
6684,7.1233,5.8633,2.3008,8.0766,246.0,17306.0,2423.5625
6685,8.0395,8.154,1.8987,7.4613,246.0,17809.0,2423.5625
6686,7.4876,5.9024,1.8924,6.9741,250.0,14641.0,2423.5625
6687,6.9674,7.6116,1.9593,8.0855,250.0,14519.0,2423.5625
6688,8.0799,6.549,2.0247,6.293,251.0,14053.0,2423.5625
6689,6.3401,6.0091,2.0956,8.5646,244.0,12801.0,2423.5625
6690,8.4609,7.5481,1.8306,6.23,249.0,12671.0,2423.5625
6691,6.2726,5.9135,1.6926,7.8619,255.0,17251.0,2423.5625
6692,7.9063,7.8969,1.7546,6.99,241.0,19867.0,2423.5625
6693,6.9505,5.8495,2.4093,7.6943,245.0,11419.0,2423.5625
6694,7.6979,8.1007,2.0859,7.5742,246.0,13979.0,2423.5625
6695,7.5405,5.8856,1.6964,7.6888,246.0,13073.0,2423.5625
6696,7.7626,7.9663,1.8081,7.0764,247.0,11907.0,2423.5625
6697,6.9975,5.8963,1.8883,6.0471,247.0,22287.0,2423.5625
6698,6.0164,5.8489,1.6946,8.155,248.0,12191.0,2423.5625
6699,8.2106,8.0371,2.2671,7.0562,245.0,44671.0,2423.5625
6700,7.0084,5.8485,1.7024,7.199,241.0,12571.0,2423.5625
6701,7.283,8.124,1.9381,7.7057,231.0,10067.0,2423.5625
6702,7.6537,5.8945,1.7628,6.7283,219.0,10785.0,2423.5625
6703,6.827,8.2207,2.0029,8.7662,221.0,10857.0,2423.5625
6704,8.713,5.843,2.4598,7.712,249.0,10613.0,2423.5625
6705,7.778,6.1494,2.5002,7.7405,250.0,13296.0,2423.5625
6706,7.6735,6.3611,2.2935,6.2856,250.0,12302.0,2423.5625
6707,6.3198,5.8637,2.2636,7.4816,252.0,14757.0,2423.5625
6708,7.4576,8.2471,2.2659,7.9109,249.0,14546.0,2423.5625
6709,7.8867,5.9369,1.8319,7.3266,249.0,13267.0,2423.5625
6710,7.3849,8.1841,2.1072,7.5515,246.0,12731.0,2423.5625
6711,7.5047,5.9688,2.6808,7.4374,248.0,14252.0,2423.5625
6712,7.4974,7.9788,1.9901,7.4497,248.0,14180.0,2423.5625
6713,7.3613,5.9225,3.123,7.3949,248.0,14548.0,2423.5625
6714,7.4849,6.7512,2.5304,7.8516,246.0,14613.0,2423.5625
6715,7.7944,6.3694,2.0957,6.0601,245.0,12409.0,2423.5625
6716,6.0079,5.9277,2.0901,7.6877,244.0,12947.0,2423.5625
6717,7.7537,6.9234,2.1816,6.9123,246.0,14015.0,2423.5625
6718,6.8656,5.8503,1.5397,8.0561,250.0,15235.0,2423.5625
6719,8.1349,8.1066,2.0567,7.3343,243.0,12835.0,2423.5625
6720,7.2445,5.8578,1.7588,7.3606,243.0,11703.0,2423.5625
6721,7.4682,8.376,2.1272,8.1217,248.0,13181.0,2423.5625
6722,8.0514,6.1032,1.9749,7.2803,249.0,12309.0,2423.5625
6723,7.3341,6.5816,2.0687,7.4802,237.0,10849.0,2423.5625
6724,7.4513,6.7103,2.2404,6.2424,246.0,11817.0,2423.5625
6725,6.1966,5.9085,1.8726,8.1174,247.0,15982.0,2423.5625
6726,8.1963,8.2613,2.3755,6.9146,247.0,13617.0,2423.5625
6727,6.844,5.8588,1.7958,8.0679,246.0,14535.0,2423.5625
6728,8.0882,8.1493,2.0845,7.3398,241.0,14861.0,2423.5625
6729,7.3255,5.8928,1.7435,7.0016,248.0,16189.0,2423.5625
6730,7.0979,8.2554,2.1106,8.3714,248.0,18277.0,2423.5625
6731,8.2736,5.856,2.2977,7.8156,229.0,15401.0,2423.5625
6732,7.9043,7.7775,1.8117,7.3458,245.0,10955.0,2423.5625
6733,7.378,5.8595,2.4916,6.0955,248.0,22364.0,2423.5625
6734,6.0488,5.9355,2.1525,7.7665,252.0,16606.0,2423.5625
6735,7.7196,7.4519,2.1863,7.3731,250.0,18816.0,2423.5625
6736,7.3452,5.8389,1.7051,7.4418,251.0,14319.0,2423.5625
6737,7.4475,8.1954,1.8774,7.4112,252.0,16200.0,2423.5625
6738,7.3714,5.8694,1.6286,8.091,250.0,13154.0,2423.5625
6739,8.1641,8.0616,1.9549,6.9829,248.0,10969.0,2423.5625
6740,6.9438,5.8652,2.2654,7.2217,248.0,14327.0,2423.5625
6741,7.3695,7.4377,2.2505,7.6999,245.0,11111.0,2423.5625
6742,7.5439,6.4067,1.7998,6.2991,247.0,17651.0,2423.5625
6743,6.3002,5.8781,1.7969,7.3554,246.0,12213.0,2423.5625
6744,7.4133,7.9962,2.2656,7.677,249.0,17621.0,2423.5625
6745,7.6934,5.8792,1.8475,7.292,246.0,11905.0,2423.5625
6746,7.2733,8.044,1.8501,8.0245,248.0,14299.0,2423.5625
6747,7.9897,5.8628,1.8399,7.6353,247.0,13159.0,2423.5625
6748,7.7066,8.2193,2.0223,7.8681,245.0,17145.0,2423.5625
6749,7.8214,5.8721,2.5862,6.7188,248.0,14583.0,2423.5625
6750,6.7524,6.4247,2.1226,8.2337,249.0,18482.0,2423.5625
6751,8.1951,7.3093,1.979,5.6514,252.0,12993.0,2423.5625
6752,5.745,5.9439,1.7371,7.6563,252.0,19226.0,2423.5625
6753,7.5729,8.0929,2.1119,7.5047,249.0,17688.0,2423.5625
6754,7.5064,5.8456,1.802,7.9337,248.0,17395.0,2423.5625
6755,7.9551,8.1713,2.0375,7.2208,248.0,14639.0,2423.5625
6756,7.2015,5.8984,2.1248,7.0889,246.0,14563.0,2423.5625
6757,7.0697,7.5146,1.925,8.5811,246.0,13989.0,2423.5625
6758,8.5539,5.9544,1.8279,6.55,246.0,12847.0,2423.5625
6759,6.6241,6.9954,1.8079,8.1542,248.0,14833.0,2423.5625
6760,8.069,7.2975,1.7387,6.4702,248.0,15353.0,2423.5625
6761,6.4963,5.955,2.887,8.137,239.0,19527.0,2423.5625
6762,8.1823,7.8099,1.9999,7.083,246.0,11431.0,2423.5625
6763,7.0988,5.8902,2.2315,7.8936,246.0,13979.0,2423.5625
6764,7.8873,7.9744,1.9686,6.9641,245.0,13061.0,2423.5625
6765,6.9259,5.8612,1.6572,7.4097,247.0,11907.0,2423.5625
6766,7.4956,7.9469,1.9447,7.2855,250.0,22279.0,2423.5625
6767,7.1629,5.7884,1.5849,6.3595,252.0,12195.0,2423.5625
6768,6.47,6.5047,2.112,8.5778,249.0,44675.0,2423.5625
6769,8.5436,7.3996,2.1857,6.2179,244.0,12633.0,2423.5625
6770,6.1687,5.909,1.7499,7.9012,231.0,9997.0,2423.5625
6771,8.0045,8.126,2.0137,7.1441,217.0,10783.0,2423.5625
6772,7.0664,5.8304,1.6686,7.2506,217.0,10853.0,2423.5625
6773,7.2736,6.8874,26.1921,8.3007,246.0,10621.0,2423.5625
6774,26.4503,6.8874,3.0853,6.3643,248.0,13294.0,2423.5625
6775,5.8754,6.8874,3.989,6.826,251.0,12336.0,2423.5625
6776,6.728,6.3473,3.2287,6.2828,251.0,14767.0,2423.5625
6777,6.1984,5.9162,2.2323,7.2909,248.0,14534.0,2423.5625
6778,7.3742,8.2819,2.158,7.9706,246.0,13231.0,2423.5625
6779,7.891,5.9008,1.6838,9.0937,246.0,12731.0,2423.5625
6780,9.1632,7.7249,2.0543,6.3197,248.0,14252.0,2423.5625
6781,6.2534,5.9566,1.7209,7.2426,248.0,14180.0,2423.5625
6782,7.3139,8.1421,1.7744,7.6851,253.0,14564.0,2423.5625
6783,7.5934,5.8569,1.6302,7.1174,251.0,14629.0,2423.5625
6784,7.206,8.1471,1.9907,7.9433,251.0,12437.0,2423.5625
6785,7.9049,5.9282,1.9695,6.3671,249.0,13615.0,2423.5625
6786,6.3891,5.9638,2.2947,7.6848,247.0,13471.0,2423.5625
6787,7.7101,7.8406,2.169,7.7014,247.0,15221.0,2423.5625
6788,7.6655,5.8547,1.9004,7.475,241.0,12903.0,2423.5625
6789,7.4468,8.0565,2.3475,7.1968,239.0,11651.0,2423.5625
6790,7.1728,5.8099,1.743,7.7539,246.0,13083.0,2423.5625
6791,7.8778,8.0382,1.9323,7.7397,246.0,12295.0,2423.5625
6792,7.7062,5.8881,2.0391,6.3472,240.0,11147.0,2423.5625
6793,6.3133,6.5012,2.45,8.0217,248.0,12845.0,2423.5625
6794,8.0193,6.2526,2.3969,6.0882,246.0,14966.0,2423.5625
6795,6.0366,5.8626,1.6449,7.3061,247.0,14167.0,2423.5625
6796,7.3946,7.7335,2.3406,7.7453,247.0,14461.0,2423.5625
6797,7.7158,5.7957,2.3534,7.9612,247.0,17311.0,2423.5625
6798,7.9696,8.1013,2.5205,7.2166,251.0,16963.0,2423.5625
6799,7.1499,5.8173,1.6171,7.3419,251.0,17685.0,2423.5625
6800,7.4427,8.3204,1.8037,7.5647,225.0,12173.0,2423.5625
6801,7.4688,5.9085,1.7142,6.5185,248.0,10969.0,2423.5625
6802,6.671,6.6759,2.2814,8.6638,251.0,22378.0,2423.5625
6803,8.5498,7.4868,2.2177,6.369,250.0,16604.0,2423.5625
6804,6.3511,5.9008,2.4828,7.8109,246.0,18812.0,2423.5625
6805,7.8584,7.3504,2.3608,6.8084,246.0,14303.0,2423.5625
6806,6.8335,5.8608,1.7722,7.5717,248.0,16330.0,2423.5625
6807,7.5313,7.956,1.9135,7.4844,247.0,12984.0,2423.5625
6808,7.4267,5.8396,1.6715,7.5812,246.0,10967.0,2423.5625
6809,7.6935,8.0367,1.9837,7.5305,246.0,14303.0,2423.5625
6810,7.487,5.843,2.787,6.8641,246.0,11123.0,2423.5625
6811,7.2833,5.8213,3.205,7.0652,248.0,17663.0,2423.5625
6812,6.8711,7.4974,2.0583,7.3418,248.0,12237.0,2423.5625
6813,7.1349,5.8542,1.7129,6.9576,249.0,17621.0,2423.5625
6814,6.9504,7.4935,2.1323,8.1513,253.0,11945.0,2423.5625
6815,8.1239,5.8546,1.6603,7.1559,251.0,14447.0,2423.5625
6816,7.182,8.2105,1.9027,7.7211,249.0,13885.0,2423.5625
6817,7.7205,5.9133,1.7137,7.0638,248.0,16257.0,2423.5625
6818,7.0828,7.4561,1.8587,7.6818,251.0,14965.0,2423.5625
6819,7.5843,6.2848,1.625,6.2405,247.0,18112.0,2423.5625
6820,6.2599,5.845,1.8653,8.1121,245.0,12953.0,2423.5625
6821,8.2226,7.9503,2.2358,6.5871,246.0,19566.0,2423.5625
6822,6.5113,5.8414,1.7111,7.4487,244.0,17662.0,2423.5625
6823,7.4711,8.0369,2.2909,7.8653,249.0,16953.0,2423.5625
6824,7.86,5.8177,1.9467,9.2894,245.0,14993.0,2423.5625
6825,9.3647,7.8863,2.1432,6.0367,247.0,14207.0,2423.5625
6826,5.9376,5.8365,1.6496,6.2742,245.0,14025.0,2423.5625
6827,6.3266,6.4506,1.921,8.1974,246.0,12949.0,2423.5625
6828,8.2041,8.0941,2.0074,6.3522,249.0,14867.0,2423.5625
6829,6.3301,5.859,1.9516,7.5969,248.0,16773.0,2423.5625
6830,7.5952,8.1059,2.3016,7.7681,241.0,17915.0,2423.5625
6831,7.7336,5.8288,1.8006,7.0143,251.0,11447.0,2423.5625
6832,7.0479,8.2345,2.0567,8.0705,249.0,13971.0,2423.5625
6833,8.1055,5.8875,1.7684,6.7623,248.0,13075.0,2423.5625
6834,6.7755,7.993,1.8802,7.7287,250.0,11921.0,2423.5625
6835,7.6871,5.7923,1.7702,6.2813,248.0,22277.0,2423.5625
6836,6.273,5.9197,2.6542,8.5442,245.0,12155.0,2423.5625
6837,8.5955,8.0305,2.321,6.5261,245.0,44671.0,2423.5625
6838,6.4467,5.9044,1.7631,7.7556,244.0,12751.0,2423.5625
6839,7.7743,8.3105,2.0445,6.9703,228.0,9935.0,2423.5625
6840,6.9324,5.8799,1.5592,7.9641,216.0,10841.0,2423.5625
6841,8.0204,8.193,1.7194,7.2474,214.0,10673.0,2423.5625
6842,7.1982,5.8222,1.6721,7.6062,245.0,10815.0,2423.5625
6843,7.6886,7.631,1.8393,7.5998,249.0,13148.0,2423.5625
6844,7.5801,6.2677,2.0172,6.298,251.0,14183.0,2423.5625
6845,6.295,5.9084,2.8566,7.7311,247.0,12872.0,2423.5625
6846,7.9243,8.1618,2.6897,7.397,251.0,14526.0,2423.5625
6847,7.2597,5.8589,1.7073,7.8489,250.0,13235.0,2423.5625
6848,7.7916,8.2496,2.0401,7.5251,251.0,12699.0,2423.5625
6849,7.5965,5.9012,1.8701,7.8902,250.0,14302.0,2423.5625
6850,7.8406,8.215,1.9295,7.0112,251.0,14194.0,2423.5625
6851,6.9579,5.8933,1.7505,7.3102,251.0,14562.0,2423.5625
6852,7.4693,7.9917,2.0017,8.0396,245.0,14601.0,2423.5625
6853,7.9098,5.8475,1.7918,6.5208,249.0,12457.0,2423.5625
6854,6.6331,5.9008,2.1968,7.7309,245.0,13589.0,2423.5625
6855,7.6476,8.3851,1.921,7.1432,246.0,13689.0,2423.5625
6856,7.0681,5.9107,1.6805,7.4494,245.0,14963.0,2423.5625
6857,7.5218,8.1419,1.8855,8.0514,248.0,13227.0,2423.5625
6858,7.9979,5.9076,1.6982,7.5882,240.0,12791.0,2423.5625
6859,7.6479,7.9877,1.7785,7.8359,242.0,11979.0,2423.5625
6860,7.8185,5.9463,1.9483,7.5981,245.0,12163.0,2423.5625
6861,7.6484,8.2318,2.1941,7.3334,244.0,12295.0,2423.5625
6862,7.2478,5.9201,2.0297,7.9059,249.0,11809.0,2423.5625
6863,7.9606,6.5448,2.2304,7.8135,249.0,15666.0,2423.5625
6864,7.7998,6.7309,2.003,5.8546,253.0,13987.0,2423.5625
6865,5.7791,5.9669,1.6656,7.7179,249.0,15063.0,2423.5625
6866,7.8022,7.975,2.3559,7.161,251.0,16999.0,2423.5625
6867,7.1393,5.8359,1.8126,7.5417,249.0,17631.0,2423.5625
6868,7.7133,8.1153,2.2451,7.674,245.0,16593.0,2423.5625
6869,7.5083,5.8562,1.7795,6.7628,223.0,11633.0,2423.5625
6870,6.7654,8.1986,2.0488,8.0842,246.0,10967.0,2423.5625
6871,8.028,5.8508,1.8885,5.9802,250.0,25724.0,2423.5625
6872,6.0719,6.5225,2.023,9.0402,248.0,13266.0,2423.5625
6873,9.0274,7.5195,2.2141,6.4985,247.0,18824.0,2423.5625
6874,6.531,5.8811,2.5476,8.3013,246.0,14303.0,2423.5625
6875,8.2596,8.1769,2.3132,6.8391,249.0,16342.0,2423.5625
6876,6.7768,5.8978,1.6093,7.4852,247.0,12984.0,2423.5625
6877,7.5533,8.0828,1.7173,7.1144,247.0,10979.0,2423.5625
6878,7.0954,5.8925,1.6585,7.9413,252.0,14331.0,2423.5625
6879,7.991,7.8956,2.0947,7.6536,251.0,11139.0,2423.5625
6880,7.619,5.92,2.0462,7.3073,253.0,17679.0,2423.5625
6881,7.4281,6.5551,2.0305,7.0077,248.0,12215.0,2423.5625
6882,6.905,7.6633,2.1607,7.663,249.0,17599.0,2423.5625
6883,7.6736,5.9299,2.9216,7.7062,250.0,11931.0,2423.5625
6884,7.693,8.0552,2.6088,7.796,248.0,14455.0,2423.5625
6885,7.7826,5.9275,1.9372,7.5382,246.0,13893.0,2423.5625
6886,7.5645,8.2664,2.2098,7.6701,247.0,16635.0,2423.5625
6887,7.6463,8.0696,2.1285,12.3224,1194.0,216335.0,2468.125
6888,12.4362,8.0696,2.8678,11.2871,450.0,45663.0,2497.5
6889,11.4678,8.7791,3.527,7.5479,412.0,12339.0,2497.5
6890,7.3859,5.5706,2.8671,8.3866,444.0,19267.0,2482.8125
6891,8.5112,5.5706,2.0755,7.1538,443.0,16941.0,2482.8125
6892,6.8979,5.6746,2.0005,6.0594,445.0,17961.0,2459.75
6893,6.6654,5.2203,2.8533,7.5067,443.0,17371.0,2459.75
6894,6.978,7.7661,2.4746,6.9327,448.0,18703.0,2459.75
6895,6.8237,5.3151,1.8492,7.209,447.0,18549.0,2459.75
6896,7.2516,5.3957,2.0778,7.6805,447.0,17269.0,2459.75
6897,7.7513,5.4898,1.9073,6.7938,445.0,18495.0,2459.75
6898,6.7841,5.4898,2.1047,7.0176,450.0,20849.0,2459.75
6899,6.9482,5.236,2.0819,6.4913,447.0,25991.0,2459.75
6900,6.5664,5.236,2.2892,7.7254,445.0,14675.0,2459.75
6901,7.6522,7.8711,2.281,6.1401,445.0,18273.0,2459.75
6902,6.1666,5.3559,1.7811,8.1108,444.0,15779.0,2459.75
6903,8.1979,5.3457,2.1667,7.146,446.0,18583.0,2459.75
6904,7.0655,5.3457,2.0923,6.6147,444.0,21827.0,2459.75
6905,6.597,5.3295,2.4683,6.3757,446.0,46491.0,2331.75
6906,6.3488,6.7628,2.5557,6.8964,444.0,17527.0,2331.75
6907,6.9944,5.3146,1.6458,7.6206,415.0,12703.0,2331.75
6908,7.6069,7.3273,1.9137,7.0469,424.0,12827.0,2331.75
6909,7.026,5.21,2.0514,7.3899,414.0,13949.0,2331.75
6910,7.3935,7.3137,2.0539,7.0247,417.0,13797.0,2331.75
6911,7.0035,5.2934,1.9083,7.1172,449.0,13951.0,2331.75
6912,7.3555,5.2934,2.2068,7.1467,450.0,16248.0,2331.75
6913,6.8777,5.3225,2.0605,7.5544,451.0,17293.0,2331.75
6914,7.5698,5.3225,2.266,6.9919,450.0,17865.0,2331.75
6915,7.0099,5.3058,2.3113,7.5626,448.0,13401.0,2331.75
6916,7.5808,5.3058,1.7805,7.9454,444.0,15871.0,2331.75
6917,7.9313,7.011,2.1591,6.7777,444.0,14055.0,2331.75
6918,6.8722,5.519,2.0522,7.8875,449.0,19617.0,2331.75
6919,7.7954,5.519,1.8746,6.2627,444.0,15503.0,2331.75
6920,6.2178,6.9914,1.7625,6.6335,447.0,17886.0,2331.75
6921,6.7068,5.2435,2.1168,7.7986,445.0,17519.0,2331.75
6922,7.7642,5.2512,2.4935,7.8903,445.0,15909.0,2331.75
6923,7.8106,5.2512,1.9099,7.087,446.0,17107.0,2331.75
6924,7.3268,7.2062,2.7539,6.7564,445.0,18319.0,2331.75
6925,6.7516,5.3827,2.0603,7.8354,435.0,14923.0,2331.75
6926,7.8287,5.3358,2.3607,7.7007,448.0,16315.0,2331.75
6927,7.572,5.3358,2.091,6.0669,444.0,16191.0,2331.75
6928,6.2939,5.3369,2.1567,7.9129,448.0,14735.0,2331.75
6929,7.6831,7.2905,1.94,6.0852,448.0,16155.0,2331.75
6930,6.0501,5.3494,1.7336,7.0312,438.0,14041.0,2331.75
6931,7.027,7.6699,1.9082,7.2506,446.0,15477.0,2331.75
6932,7.2411,5.5002,1.8256,7.0173,445.0,15421.0,2331.75
6933,7.028,5.9717,1.6723,8.3219,445.0,17249.0,2331.75
6934,8.3606,5.9717,1.7165,5.5301,448.0,19371.0,2331.75
6935,5.5229,5.2625,1.8226,7.0731,436.0,15965.0,2331.75
6936,7.0799,7.0672,2.1794,6.6563,441.0,21909.0,2331.75
6937,6.6169,5.3158,1.7323,7.926,445.0,18997.0,2331.75
6938,7.986,5.3623,2.2006,7.0351,444.0,14195.0,2331.75
6939,7.0248,5.3623,1.9704,6.4206,448.0,25463.0,2331.75
6940,6.5363,5.2899,2.1387,7.2564,447.0,17646.0,2331.75
6941,7.1114,6.9636,1.8938,6.53,447.0,20783.0,2331.75
6942,6.5141,5.273,1.8334,7.3617,451.0,17607.0,2331.75
6943,7.4374,7.3799,2.1161,6.6807,451.0,16120.0,2331.75
6944,6.6795,5.3526,1.9371,7.0501,450.0,15950.0,2331.75
6945,7.0812,5.6265,1.951,7.1799,447.0,14089.0,2331.75
6946,7.069,5.9409,1.8518,5.837,447.0,17425.0,2331.75
6947,5.9299,5.2376,1.8163,8.2084,448.0,20929.0,2331.75
6948,8.1726,7.6364,2.2835,5.963,444.0,14075.0,2331.75
6949,5.9393,5.2953,1.4407,7.4421,446.0,14931.0,2331.75
6950,7.4441,7.4231,1.97,6.6119,447.0,20073.0,2331.75
6951,6.5808,5.307,1.7934,5.9832,445.0,15495.0,2331.75
6952,6.0499,5.2271,2.273,7.0747,444.0,17503.0,2331.75
6953,7.0222,7.2608,2.2821,6.7613,445.0,17601.0,2331.75
6954,6.8102,5.2627,1.9735,7.6077,445.0,17743.0,2331.75
6955,7.5264,7.5093,2.5699,6.5737,446.0,20837.0,2331.75
6956,6.6336,5.3142,2.0713,5.7702,444.0,14075.0,2331.75
6957,5.8381,5.2742,2.321,7.4889,445.0,15619.0,2331.75
6958,7.4807,7.1561,2.691,6.6117,450.0,17063.0,2331.75
6959,6.6521,5.2641,1.8195,8.6821,448.0,21695.0,2331.75
6960,8.6031,7.6533,2.0343,6.2239,450.0,48289.0,2331.75
6961,6.1809,5.2893,1.7092,7.4847,446.0,21039.0,2331.75
6962,7.5767,6.6691,2.0641,7.2923,446.0,18300.0,2331.75
6963,7.1942,5.3398,1.8652,5.7439,446.0,35761.0,2331.75
6964,5.7934,5.2744,2.534,7.2512,432.0,15312.0,2331.75
6965,7.2434,6.9767,2.1616,7.1489,426.0,12995.0,2331.75
6966,7.1787,5.2462,1.6941,7.2622,445.0,19299.0,2331.75
6967,7.2223,5.3286,1.9339,7.7285,445.0,16985.0,2331.75
6968,7.7576,5.3286,1.6133,5.8644,445.0,17981.0,2331.75
6969,5.8272,5.8976,1.7481,7.0681,444.0,17403.0,2331.75
6970,7.1587,5.2986,2.749,7.2447,444.0,18719.0,2331.75
6971,7.147,5.2986,1.7873,7.3382,444.0,18577.0,2331.75
6972,7.3502,7.375,2.4132,6.2031,444.0,17297.0,2331.75
6973,6.2022,5.2797,1.8571,6.7677,444.0,18525.0,2331.75
6974,6.8217,6.4768,2.1627,6.4841,452.0,20871.0,2331.75
6975,6.3792,6.5758,1.7254,6.4033,450.0,26025.0,2331.75
6976,6.406,5.2663,1.2452,7.6469,448.0,14667.0,2331.75
6977,7.6772,6.7788,2.128,6.2897,447.0,18275.0,2331.75
6978,6.3024,5.2808,1.838,6.968,447.0,15793.0,2331.75
6979,7.0041,7.398,1.882,7.5465,448.0,18585.0,2331.75
6980,7.5363,5.2986,2.0946,5.746,444.0,21827.0,2331.75
6981,5.8023,5.204,2.2541,8.1618,445.0,46479.0,2331.75
6982,8.1138,7.5696,2.3192,6.1167,444.0,17527.0,2331.75
6983,6.1543,5.3219,1.706,7.1406,418.0,12883.0,2331.75
6984,7.1203,6.5457,1.917,6.9967,420.0,12635.0,2331.75
6985,6.9228,5.2344,1.9704,7.0832,415.0,13961.0,2331.75
6986,7.2667,5.2344,2.2173,7.2068,412.0,13781.0,2331.75
6987,7.1127,6.3568,2.1402,6.3713,444.0,13935.0,2331.75
6988,6.4572,5.1447,1.9869,7.6577,447.0,16256.0,2331.75
6989,7.6215,7.7086,2.6408,6.4907,449.0,17291.0,2331.75
6990,6.5312,5.248,1.8467,7.5575,452.0,17867.0,2331.75
6991,7.4798,7.6739,2.0932,6.8534,449.0,13391.0,2331.75
6992,6.8053,5.3893,1.9749,6.1859,448.0,15875.0,2331.75
6993,6.2592,5.3775,2.3033,7.5703,446.0,14057.0,2331.75
6994,7.5934,5.3054,2.1684,7.3014,451.0,19619.0,2331.75
6995,7.2645,5.3054,2.1288,7.5926,447.0,15517.0,2331.75
6996,7.5586,7.3552,2.4776,6.2708,447.0,17886.0,2331.75
6997,6.2663,5.3163,1.8753,8.0531,444.0,17923.0,2331.75
6998,8.1231,6.869,2.1594,6.23,445.0,15541.0,2331.75
6999,6.2028,5.2724,1.9476,6.4487,444.0,17083.0,2331.75
7000,6.4452,5.2724,2.1907,7.1905,445.0,18319.0,2331.75
7001,7.1674,6.8988,2.2336,6.9225,434.0,14863.0,2331.75
7002,6.9759,5.2694,1.9151,7.1251,444.0,16311.0,2331.75
7003,7.0737,5.2838,2.6583,7.4042,445.0,16487.0,2331.75
7004,7.3784,5.5132,2.3209,6.8634,444.0,14731.0,2331.75
7005,6.9344,5.5132,2.3098,8.0392,445.0,16141.0,2331.75
7006,7.9462,6.0845,2.1383,6.0797,441.0,14103.0,2331.75
7007,6.1682,5.24,2.0884,7.0691,449.0,15647.0,2331.75
7008,7.0558,7.8377,2.0049,6.8684,448.0,15757.0,2331.75
7009,6.8402,5.3137,1.5251,8.4272,450.0,16787.0,2331.75
7010,8.4598,7.3417,1.9437,7.083,448.0,19349.0,2331.75
7011,7.0541,5.2428,1.5436,6.2033,443.0,18579.0,2331.75
7012,6.2683,5.5011,2.15,7.8056,446.0,22419.0,2331.75
7013,7.7556,6.0002,2.1073,6.4668,444.0,16487.0,2331.75
7014,6.4487,5.279,1.9204,7.4361,444.0,16896.0,2331.75
7015,7.4728,7.4246,2.2402,7.198,452.0,26225.0,2331.75
7016,7.1576,5.3049,2.0117,7.3109,445.0,17423.0,2331.75
7017,7.3585,5.3382,2.5282,7.3397,446.0,20771.0,2331.75
7018,7.2927,5.3382,2.0919,6.2326,444.0,14389.0,2331.75
7019,6.2432,5.5284,2.008,8.6533,447.0,15958.0,2331.75
7020,8.6615,5.8639,2.2566,6.759,446.0,15946.0,2331.75
7021,6.7575,5.3017,2.2258,7.4903,445.0,14087.0,2331.75
7022,7.4929,7.4507,2.0317,6.4508,451.0,20787.0,2331.75
7023,6.413,5.2699,1.9351,7.302,449.0,17583.0,2331.75
7024,7.3509,7.444,2.1007,6.7652,448.0,14079.0,2331.75
7025,6.8476,5.3905,1.7913,6.6526,447.0,14921.0,2331.75
7026,6.6265,6.4231,2.1662,9.3169,449.0,20545.0,2331.75
7027,9.2296,6.4231,2.4439,5.5214,447.0,16399.0,2331.75
7028,5.6639,5.2454,2.3092,8.4154,444.0,17557.0,2331.75
7029,8.2991,6.8708,2.6431,6.2795,445.0,17715.0,2331.75
7030,6.4426,5.3447,2.2986,7.5931,445.0,18227.0,2331.75
7031,7.4937,7.5437,2.122,6.5206,446.0,18813.0,2331.75
7032,6.9472,5.4933,2.0388,7.3858,445.0,14087.0,2331.75
7033,6.9182,5.4933,2.3667,7.2761,445.0,16723.0,2331.75
7034,7.3019,6.4398,2.0552,6.7049,445.0,16559.0,2331.75
7035,6.6492,5.2108,2.494,7.8809,445.0,43871.0,2331.75
7036,7.8734,5.2473,3.2432,7.5303,446.0,25501.0,2331.75
7037,7.4671,5.2473,1.7666,8.34,429.0,20185.0,2331.75
7038,8.453,7.4129,2.3963,6.6255,448.0,18302.0,2331.75
7039,6.6161,5.28,2.0589,7.8227,448.0,35763.0,2331.75
7040,7.8539,5.4137,2.0608,7.2523,436.0,15316.0,2331.75
7041,7.3503,5.4137,1.952,7.457,429.0,13009.0,2331.75
7042,7.3669,5.9109,2.4821,7.6783,447.0,19301.0,2331.75
7043,7.6068,5.2933,1.8672,6.9275,446.0,16975.0,2331.75
7044,7.0164,5.2933,2.3526,8.5982,446.0,17993.0,2331.75
7045,8.6493,5.2862,2.4727,6.961,444.0,17403.0,2331.75
7046,6.8875,5.2862,2.3247,8.1298,444.0,18719.0,2331.75
7047,8.1339,5.3162,2.5553,6.8285,444.0,18577.0,2331.75
7048,6.8209,5.3162,1.961,8.4851,446.0,17321.0,2331.75
7049,8.4888,7.5054,2.2444,6.574,444.0,18525.0,2331.75
7050,6.5763,5.9474,1.912,8.381,448.0,20867.0,2331.75
7051,8.3877,5.3,2.0806,6.548,445.0,26009.0,2331.75
7052,6.4851,5.3277,2.0056,7.3064,444.0,14663.0,2331.75
7053,7.4472,5.3277,2.1313,7.7765,445.0,18273.0,2331.75
7054,7.7341,6.385,2.2713,6.5659,448.0,15783.0,2331.75
7055,6.5078,5.2108,2.1409,8.4659,448.0,18563.0,2331.75
7056,8.5019,5.2462,3.1119,6.9752,448.0,21831.0,2331.75
7057,6.9222,5.2462,2.448,7.7999,447.0,46481.0,2331.75
7058,7.7966,5.3149,1.9906,7.2004,446.0,17529.0,2331.75
7059,7.1931,5.3149,2.0792,8.4912,424.0,13125.0,2331.75
7060,8.5357,7.4427,2.1368,6.7475,416.0,12395.0,2331.75
7061,6.7361,5.218,1.8996,7.2917,414.0,13949.0,2331.75
7062,7.2807,5.218,2.1672,8.0722,413.0,13793.0,2331.75
7063,8.0579,6.7598,2.1637,6.2665,444.0,13935.0,2331.75
7064,6.3255,7.4557,2.6261,10.2093,446.0,16244.0,2331.75
7065,10.1861,5.2989,2.4552,7.3108,448.0,17279.0,2331.75
7066,7.427,5.2989,2.9986,7.7579,450.0,17887.0,2331.75
7067,7.7396,5.2982,2.3294,7.4599,444.0,13375.0,2331.75
7068,7.3776,5.2982,2.3564,8.1058,444.0,15871.0,2331.75
7069,8.1918,5.24,2.8165,8.0748,444.0,14055.0,2331.75
7070,7.9223,7.3493,1.8655,9.3244,454.0,19633.0,2331.75
7071,9.4911,7.3493,2.4869,5.9586,448.0,15507.0,2331.75
7072,5.7844,5.3779,2.0943,8.4598,450.0,17878.0,2331.75
7073,8.5578,7.3609,2.3595,6.4618,446.0,17925.0,2331.75
7074,6.4364,5.5569,2.0336,7.412,448.0,15555.0,2331.75
7075,7.4551,5.5569,1.8913,7.273,446.0,17085.0,2331.75
7076,7.2178,5.2812,2.1838,7.3676,445.0,18319.0,2331.75
7077,7.455,5.2812,2.7397,7.4888,436.0,15381.0,2331.75
7078,7.4163,5.3235,2.0007,7.5008,445.0,16977.0,2331.75
7079,7.4076,5.3235,2.0021,7.3973,441.0,15291.0,2331.75
7080,7.5639,5.3342,3.3193,7.3276,445.0,14743.0,2331.75
7081,7.5105,7.3144,2.5744,8.3318,445.0,16141.0,2331.75
7082,8.1149,5.2238,2.2819,7.0034,443.0,15117.0,2331.75
7083,6.9308,5.2238,2.0685,7.9253,444.0,14925.0,2331.75
7084,8.0018,6.0819,2.3502,7.4248,445.0,16315.0,2331.75
7085,7.3664,5.2696,2.2109,7.4981,446.0,17977.0,2331.75
7086,7.5862,5.2696,2.3082,7.8216,449.0,20375.0,2331.75
7087,7.7482,6.6156,2.2987,6.2815,439.0,15467.0,2331.75
7088,6.3667,7.1954,2.316,9.5368,451.0,22435.0,2331.75
7089,9.4856,5.3591,2.3123,6.7292,446.0,16489.0,2331.75
7090,6.6612,5.3591,2.1243,7.633,447.0,16910.0,2331.75
7091,7.6637,7.4568,2.6508,6.7681,452.0,26203.0,2331.75
7092,6.8234,5.2554,2.0379,8.1474,445.0,17423.0,2331.75
7093,8.1329,5.4978,2.3361,7.8046,446.0,20771.0,2331.75
7094,7.7435,5.2768,2.2467,7.1384,445.0,14401.0,2331.75
7095,7.1892,5.2632,2.3159,7.3481,447.0,15958.0,2331.75
7096,7.3381,5.2479,1.9954,6.7668,446.0,15946.0,2331.75
7097,6.8312,5.2479,2.0287,7.7213,444.0,14075.0,2331.75
7098,7.6443,6.9794,3.0314,6.6517,446.0,20771.0,2331.75
7099,6.6418,5.2803,1.983,8.1731,448.0,17615.0,2331.75
7100,8.2212,5.3263,2.396,7.1862,444.0,14075.0,2331.75
7101,7.0937,5.3263,2.0909,8.1196,444.0,14907.0,2331.75
7102,8.2246,5.3116,2.2825,8.0824,450.0,20535.0,2331.75
7103,7.9964,5.3116,1.9847,8.0944,450.0,16413.0,2331.75
7104,8.1527,5.3599,2.2302,7.7699,448.0,17561.0,2331.75
7105,7.7445,5.9878,1.9405,7.4607,447.0,17717.0,2331.75
7106,7.5712,6.1511,2.2359,7.3496,449.0,18253.0,2331.75
7107,7.2543,5.2558,2.1629,7.0918,447.0,18803.0,2331.75
7108,7.1626,5.2558,2.528,7.215,444.0,14075.0,2331.75
7109,7.1439,6.8977,2.1765,6.8254,444.0,16711.0,2331.75
7110,6.8215,5.391,1.9866,8.3099,444.0,16547.0,2331.75
7111,8.3529,7.6532,2.0427,6.5521,444.0,43859.0,2331.75
7112,6.4685,5.3321,1.8649,7.9927,446.0,25501.0,2331.75
7113,8.0827,5.3791,2.2027,7.4141,433.0,20329.0,2331.75
7114,7.3379,5.8023,1.9618,7.8801,445.0,21580.0,2331.75
7115,7.9858,5.7559,2.396,7.4383,444.0,32441.0,2331.75
7116,7.3504,5.3733,1.9204,6.6467,429.0,15228.0,2331.75
7117,6.765,5.3733,2.3494,7.3691,426.0,12995.0,2331.75
7118,7.2633,7.481,2.4876,7.0889,450.0,19315.0,2331.75
7119,7.106,5.3806,1.7978,7.5397,450.0,17001.0,2331.75
7120,7.5395,5.3196,2.4849,7.8677,449.0,17985.0,2331.75
7121,7.7853,7.5029,2.0567,8.7582,447.0,17417.0,2331.75
7122,8.9099,5.2515,2.4619,7.8712,446.0,18721.0,2331.75
7123,7.9158,5.2515,2.2754,8.5715,447.0,18591.0,2331.75
7124,8.6015,5.3232,2.3972,7.0303,446.0,17321.0,2331.75
7125,6.8834,5.939,2.2604,8.6724,446.0,18549.0,2331.75
7126,8.743,5.4129,2.3582,7.3301,448.0,20867.0,2331.75
7127,7.2552,5.917,1.9172,8.5779,445.0,26009.0,2331.75
7128,8.7687,5.4572,3.2977,7.8935,444.0,14663.0,2331.75
7129,7.7725,5.4833,2.5071,8.5528,444.0,18261.0,2331.75
7130,8.5978,5.3746,2.2002,7.3914,445.0,15791.0,2331.75
7131,7.2869,5.2441,1.6536,7.66,445.0,18571.0,2331.75
7132,7.7692,7.0165,2.4129,9.1536,444.0,21827.0,2331.75
7133,9.0628,5.2771,2.6099,6.9733,444.0,46467.0,2331.75
7134,7.0813,5.2771,2.4741,7.4365,450.0,17555.0,2331.75
7135,7.3525,5.9055,2.6744,7.0852,428.0,13247.0,2331.75
7136,6.976,5.3747,1.9043,7.9069,419.0,14013.0,2331.75
7137,8.0188,5.3625,2.6554,6.9872,417.0,12241.0,2331.75
7138,6.9233,5.3625,2.2533,7.4874,417.0,13819.0,2331.75
7139,7.5678,5.3124,2.3549,7.6032,446.0,14033.0,2331.75
7140,7.5617,5.9303,2.1137,7.9005,448.0,18067.0,2331.75
7141,7.9141,6.5749,2.2042,7.5675,448.0,17279.0,2331.75
7142,7.7444,6.5749,2.2162,6.5681,447.0,16004.0,2331.75
7143,6.4711,6.8011,2.5571,8.6914,444.0,13327.0,2331.75
7144,8.5953,5.2835,2.2377,7.6576,444.0,15967.0,2331.75
7145,7.696,5.2835,2.1941,7.8708,445.0,14067.0,2331.75
7146,7.8141,5.27,2.4535,7.5487,450.0,19629.0,2331.75
7147,7.6087,7.3841,2.663,9.9481,444.0,15503.0,2331.75
7148,9.9559,5.2536,2.4556,6.9563,446.0,18242.0,2331.75
7149,6.9025,5.2536,3.1794,8.3034,444.0,17555.0,2331.75
7150,8.364,5.285,3.077,7.2826,449.0,15545.0,2331.75
7151,7.2275,5.285,1.8917,7.4918,448.0,17087.0,2331.75
7152,7.4787,5.2955,2.4821,7.6108,449.0,18673.0,2331.75
7153,7.6237,6.9319,2.2041,8.6819,442.0,16229.0,2331.75
7154,8.8145,5.2631,2.1121,6.6139,447.0,15975.0,2331.75
7155,6.4648,5.2631,1.9071,7.3393,442.0,15185.0,2331.75
7156,7.5036,5.811,2.3281,7.7468,446.0,15759.0,2331.75
7157,7.5996,5.2732,2.2954,7.8924,448.0,15329.0,2331.75
7158,7.9747,6.1771,2.6501,8.8852,444.0,15117.0,2331.75
7159,8.8548,5.2481,2.0336,6.7,445.0,15607.0,2331.75
7160,6.8236,5.2481,2.9075,7.7594,444.0,15633.0,2331.75
7161,7.7226,5.3374,3.3599,8.3905,446.0,20229.0,2331.75
7162,8.3338,5.3374,2.4855,7.7455,443.0,17951.0,2331.75
7163,7.7514,6.9977,2.6546,6.9595,432.0,15331.0,2331.75
7164,6.8983,5.3839,2.4693,8.3268,446.0,22419.0,2331.75
7165,8.3756,5.3352,2.636,7.2384,445.0,16499.0,2331.75
7166,7.1582,5.3352,2.0688,8.0175,449.0,16912.0,2331.75
7167,8.0693,5.2345,2.3314,7.7941,454.0,26205.0,2331.75
7168,7.8754,5.2345,2.1419,8.1888,449.0,17427.0,2331.75
7169,8.6675,5.3968,2.6317,6.981,448.0,20773.0,2331.75
7170,6.3572,5.9088,1.9801,9.8912,447.0,14403.0,2331.75
7171,10.2769,5.2639,2.9087,7.1561,448.0,15948.0,2331.75
7172,6.7979,5.2831,2.0557,8.2977,447.0,15958.0,2331.75
7173,8.3973,5.5736,2.3892,7.4841,445.0,14087.0,2331.75
7174,7.3664,5.2704,2.0617,7.959,446.0,20771.0,2331.75
7175,8.0502,6.4913,2.3201,8.2189,445.0,17579.0,2331.75
7176,8.1896,5.2671,2.2338,7.6955,444.0,14075.0,2331.75
7177,7.8768,6.3682,2.6284,8.5258,445.0,14919.0,2331.75
7178,8.3963,5.2339,2.1956,7.8976,446.0,20531.0,2331.75
7179,7.9309,5.2339,2.2526,7.958,445.0,16397.0,2331.75
7180,7.8782,5.3149,2.6399,6.9906,444.0,17557.0,2331.75
7181,7.0222,5.3149,2.5878,8.4017,446.0,17727.0,2331.75
7182,8.4377,5.3184,2.6016,7.1205,448.0,18219.0,2331.75
7183,7.1018,5.3184,2.3617,7.8671,449.0,18805.0,2331.75
7184,7.8469,5.367,2.6846,7.4507,448.0,14447.0,2331.75
7185,7.6522,7.4223,2.7741,8.7358,446.0,16345.0,2331.75
7186,8.5052,5.2569,2.3352,7.3183,447.0,16561.0,2331.75
7187,7.2667,5.2569,2.286,8.2651,447.0,43873.0,2331.75
7188,8.3986,5.2637,2.7906,7.2167,445.0,25489.0,2331.75
7189,7.1214,5.9526,2.3391,7.9131,436.0,20365.0,2331.75
7190,8.025,5.7044,2.5668,7.9889,444.0,21520.0,2331.75
7191,7.9602,5.3053,1.9897,8.0811,444.0,32489.0,2331.75
7192,8.1172,6.0103,2.3783,7.7787,426.0,15192.0,2331.75
7193,7.6745,5.316,2.151,8.3057,427.0,12959.0,2331.75
7194,8.3654,5.8738,2.328,8.4297,446.0,19311.0,2331.75
7195,8.421,5.2509,2.3657,7.5283,444.0,16973.0,2331.75
7196,7.5678,6.7482,2.2542,8.8004,446.0,17993.0,2331.75
7197,8.702,5.2336,2.3068,7.0954,444.0,17403.0,2331.75
7198,7.2039,6.8975,2.6723,9.315,448.0,18723.0,2331.75
7199,9.3027,5.2719,2.2816,8.341,448.0,18581.0,2331.75
7200,8.3404,6.7535,2.2105,8.5695,448.0,17301.0,2331.75
7201,8.4561,5.3718,1.7764,7.3262,446.0,18527.0,2331.75
7202,7.5036,6.798,2.2544,8.5909,450.0,20869.0,2331.75
7203,8.4296,5.2994,2.6469,6.8082,447.0,26011.0,2331.75
7204,6.7509,5.2994,2.3271,8.1598,444.0,14663.0,2331.75
7205,8.2914,5.381,2.7357,7.9604,444.0,18261.0,2331.75
7206,7.9317,7.4022,2.8351,8.6868,444.0,15779.0,2331.75
7207,8.708,5.3109,2.7412,7.6366,444.0,18559.0,2331.75
7208,7.8064,5.3109,3.5211,8.0677,446.0,21851.0,2331.75
7209,7.8459,7.5415,3.6353,7.2728,445.0,46479.0,2331.75
7210,7.2739,5.3222,2.2294,8.011,444.0,17527.0,2331.75
7211,8.0652,5.2539,2.2301,8.0314,426.0,13411.0,2331.75
7212,8.0084,5.2539,2.126,7.6896,414.0,13901.0,2331.75
7213,7.7846,6.4183,2.4033,6.9123,414.0,12179.0,2331.75
7214,6.7792,5.3744,2.1822,6.6969,416.0,13785.0,2331.75
7215,6.82,6.3601,2.4978,9.6268,450.0,14059.0,2331.75
7216,9.529,5.2787,2.5202,8.0761,452.0,18071.0,2331.75
7217,8.1504,6.4576,2.1169,8.7829,450.0,17281.0,2331.75
7218,8.6628,6.4576,2.0688,6.6978,448.0,15994.0,2331.75
7219,6.8044,5.2513,2.6438,7.1477,446.0,13329.0,2331.75
7220,7.0352,6.9654,2.2079,6.063,445.0,15979.0,2331.75
7221,6.0653,5.2948,1.7536,7.428,445.0,14067.0,2331.75
7222,7.4746,5.2652,1.6896,7.6249,450.0,19629.0,2331.75
7223,7.5623,5.4886,1.6449,6.2082,444.0,15503.0,2331.75
7224,6.3897,6.3548,2.2466,8.141,446.0,18242.0,2331.75
7225,7.9813,5.2841,1.7804,6.099,445.0,17567.0,2331.75
7226,6.5084,5.2841,2.3937,6.6439,445.0,15541.0,2331.75
7227,6.276,7.0489,2.771,7.6089,445.0,17095.0,2331.75
7228,7.5917,5.2522,1.6707,6.8664,445.0,18669.0,2331.75
7229,7.0652,7.2954,1.996,6.8,445.0,16651.0,2331.75
7230,6.6211,5.2849,2.0135,6.6348,449.0,15853.0,2331.75
7231,6.783,5.3473,2.1996,7.6537,442.0,15067.0,2331.75
7232,7.5245,5.3276,2.0341,6.932,449.0,15751.0,2331.75
7233,7.0168,5.3276,1.7685,7.0994,446.0,15283.0,2331.75
7234,7.0093,7.3344,2.1944,6.1893,447.0,15681.0,2331.75
7235,6.1883,5.3132,1.88,8.0155,449.0,15291.0,2331.75
7236,7.9957,5.3129,1.851,6.8854,445.0,17689.0,2331.75
7237,6.9417,5.3129,1.779,5.6957,446.0,18527.0,2331.75
7238,5.5929,5.3587,1.955,8.3461,447.0,18805.0,2331.75
7239,8.4328,7.4021,2.2727,6.6427,429.0,13939.0,2331.75
7240,6.6548,5.2453,2.0347,6.5983,447.0,22431.0,2331.75
7241,6.5716,7.4775,1.9693,7.3639,445.0,16499.0,2331.75
7242,7.3496,5.2954,1.846,6.9235,444.0,16896.0,2331.75
7243,6.9856,6.1114,2.2697,7.6418,450.0,26201.0,2331.75
7244,7.9246,5.2496,1.8432,6.3739,446.0,17435.0,2331.75
7245,6.071,5.2496,1.9941,7.8586,446.0,20771.0,2331.75
7246,7.9128,7.2628,2.1283,6.6116,449.0,14405.0,2331.75
7247,6.4846,5.2457,1.6213,7.217,451.0,15962.0,2331.75
7248,7.3,5.3444,1.902,7.3887,450.0,15950.0,2331.75
7249,7.2939,5.3444,1.6468,5.1936,447.0,17425.0,2331.75
7250,5.4038,5.2963,2.1297,7.5039,447.0,17425.0,2331.75
7251,7.4168,7.4893,2.148,6.6494,447.0,17581.0,2331.75
7252,6.6055,5.2743,1.9474,7.5298,445.0,14087.0,2331.75
7253,7.5516,7.5366,2.6733,6.619,445.0,14919.0,2331.75
7254,6.6685,5.2699,1.8807,7.044,448.0,21245.0,2331.75
7255,6.9782,6.0602,1.9691,7.5124,445.0,16609.0,2331.75
7256,7.5547,6.8937,2.1181,5.6584,444.0,16655.0,2331.75
7257,5.6404,5.3028,1.8514,8.3185,445.0,17715.0,2331.75
7258,8.3116,7.28,2.45,5.7425,444.0,18215.0,2331.75
7259,5.6849,5.2415,1.7825,7.305,445.0,18801.0,2331.75
7260,7.3821,7.8037,2.6368,7.4066,445.0,14455.0,2331.75
7261,7.3479,5.3059,2.7946,6.5921,445.0,16663.0,2331.75
7262,6.6689,5.3042,2.3665,7.573,449.0,17183.0,2331.75
7263,7.5068,6.7277,2.1158,6.2172,449.0,42947.0,2331.75
7264,6.6988,5.3431,2.1817,8.344,451.0,27143.0,2331.75
7265,8.5839,7.6875,2.9122,6.1314,440.0,18717.0,2331.75
7266,5.438,5.9431,1.732,7.7236,446.0,23324.0,2331.75
7267,7.8044,5.685,2.2155,7.307,441.0,30533.0,2331.75
7268,7.2314,5.685,2.0639,5.6366,425.0,15180.0,2331.75
7269,5.5912,5.253,2.0937,6.7853,425.0,12935.0,2331.75
7270,6.9613,7.5036,2.1961,7.2277,445.0,19299.0,2331.75
7271,7.0104,5.3392,1.6857,7.536,445.0,16985.0,2331.75
7272,7.647,7.2866,2.2787,7.0184,445.0,17981.0,2331.75
7273,6.9643,5.3726,1.8299,6.5502,446.0,17427.0,2331.75
7274,6.6401,5.3142,1.9949,6.4107,445.0,18731.0,2331.75
7275,6.3279,6.986,2.0502,6.8166,444.0,18577.0,2331.75
7276,6.7471,5.2839,1.775,7.3023,445.0,17309.0,2331.75
7277,7.4222,7.2692,2.5292,6.7563,444.0,18525.0,2331.75
7278,7.1541,5.8751,2.4522,7.3527,454.0,20895.0,2331.75
7279,6.9793,5.8751,2.3237,7.1066,451.0,26037.0,2331.75
7280,7.0276,5.8411,2.0618,5.8866,449.0,14679.0,2331.75
7281,5.8735,5.291,1.8827,8.1185,446.0,18263.0,2331.75
7282,8.2042,5.2602,2.2959,7.3411,446.0,15781.0,2331.75
7283,7.2378,5.2602,1.7007,7.4569,447.0,18573.0,2331.75
7284,7.5635,6.7569,1.9546,6.5334,445.0,21839.0,2331.75
7285,6.4938,5.5403,1.9335,6.9924,444.0,46467.0,2331.75
7286,7.0317,5.5403,2.1531,7.0467,445.0,17539.0,2331.75
7287,6.9657,7.1953,2.13,6.8369,425.0,13399.0,2331.75
7288,6.801,5.2466,2.0692,7.253,416.0,13925.0,2331.75
7289,7.3319,7.6631,2.1279,6.969,416.0,12347.0,2331.75
7290,6.9453,5.2173,1.7996,7.5262,443.0,15597.0,2331.75
7291,7.5938,5.3814,2.0027,7.2079,450.0,18139.0,2331.75
7292,7.1702,5.2676,1.6373,6.6959,448.0,17279.0,2331.75
7293,6.9808,5.2676,2.4916,7.4036,447.0,16004.0,2331.75
7294,7.0925,6.8742,2.9448,6.1494,450.0,13403.0,2331.75
7295,6.1261,5.3513,1.6127,7.6137,449.0,15401.0,2331.75
7296,7.7068,5.3324,2.3283,7.3875,448.0,14421.0,2331.75
7297,7.4169,5.3324,1.957,7.7859,452.0,19755.0,2331.75
7298,7.7539,5.3989,2.0818,7.1286,446.0,15601.0,2331.75
7299,7.0851,5.3328,1.8573,7.2573,448.0,18148.0,2331.75
7300,7.2672,5.3328,2.2197,7.5863,444.0,17187.0,2331.75
7301,7.7005,5.8783,2.1175,5.9766,444.0,15739.0,2331.75
7302,5.8092,5.3567,1.9638,7.9255,445.0,17253.0,2331.75
7303,8.008,7.6632,2.4305,6.7256,445.0,18669.0,2331.75
7304,6.704,5.3258,2.1799,7.6317,446.0,16663.0,2331.75
7305,7.6013,7.2587,1.9475,6.9579,444.0,15469.0,2331.75
7306,7.0034,5.2689,1.5857,6.5536,431.0,15011.0,2331.75
7307,6.6417,5.4637,2.0252,7.221,426.0,12899.0,2331.75
7308,7.556,5.3426,2.8324,6.9658,445.0,15903.0,2331.75
7309,6.5135,5.3426,1.9971,6.8727,445.0,15687.0,2331.75
7310,6.8208,5.1731,2.0431,7.9408,448.0,15329.0,2331.75
7311,7.9758,5.1731,1.6915,6.6564,449.0,17663.0,2331.75
7312,6.7283,7.4114,1.9272,6.7839,449.0,15091.0,2331.75
7313,6.7254,5.2951,1.803,6.2877,448.0,18529.0,2331.75
7314,6.3707,5.305,2.5041,7.2419,449.0,18963.0,2331.75
7315,7.129,7.5312,2.137,6.4124,426.0,13485.0,2331.75
7316,6.3949,5.3291,1.8659,7.1787,447.0,23431.0,2331.75
7317,7.2609,7.5978,2.4276,7.0323,444.0,15487.0,2331.75
7318,7.0256,5.3278,2.6538,6.6354,444.0,16896.0,2331.75
7319,6.5978,5.4608,1.8779,7.7935,450.0,26201.0,2331.75
7320,8.1358,5.3247,2.0166,6.3782,446.0,17435.0,2331.75
7321,6.0154,5.3247,1.8301,7.1673,446.0,20771.0,2331.75
7322,7.204,7.4053,2.2483,6.8298,445.0,14401.0,2331.75
7323,6.7889,5.2968,1.6508,7.3266,446.0,15946.0,2331.75
7324,7.4119,6.2506,2.1831,6.9315,446.0,15946.0,2331.75
7325,6.881,5.183,1.8421,6.93,445.0,17423.0,2331.75
7326,6.9598,5.183,2.0064,6.3112,449.0,17427.0,2331.75
7327,6.384,5.3505,2.1397,7.6665,450.0,17595.0,2331.75
7328,7.573,5.3505,1.6296,7.4618,448.0,14079.0,2331.75
7329,7.5099,7.3734,2.0172,6.0472,447.0,15077.0,2331.75
7330,5.9726,5.2851,1.823,6.0618,448.0,21601.0,2331.75
7331,6.2346,5.3031,1.9498,8.7449,447.0,16077.0,2331.75
7332,8.6445,7.3838,2.3525,6.2001,444.0,16811.0,2331.75
7333,6.1293,5.2403,2.3009,7.6925,444.0,17975.0,2331.75
7334,7.719,7.9034,2.7175,6.7073,444.0,17787.0,2331.75
7335,6.7164,5.3327,1.9577,6.9748,445.0,18801.0,2331.75
7336,7.0403,7.0872,2.2213,6.6983,444.0,14443.0,2331.75
7337,6.6761,5.6776,2.1087,6.1932,444.0,17579.0,2331.75
7338,6.2543,5.2748,2.3172,7.8877,444.0,21471.0,2331.75
7339,7.89,7.3921,2.1743,6.8455,444.0,39373.0,2331.75
7340,6.7093,5.2363,1.6167,7.219,446.0,25881.0,2331.75
7341,7.2774,5.2892,1.8965,7.5432,442.0,18335.0,2331.75
7342,7.4795,5.8573,1.5668,7.7808,448.0,24922.0,2331.75
7343,7.8731,5.8573,2.0888,6.1008,446.0,28927.0,2331.75
7344,6.015,5.2991,1.856,5.8166,423.0,15160.0,2331.75
7345,5.8076,5.4123,1.7547,6.9957,427.0,12841.0,2331.75
7346,7.0321,7.6848,2.2634,7.2687,449.0,19325.0,2331.75
7347,7.3345,5.2629,1.8114,7.5973,446.0,16975.0,2331.75
7348,7.5356,7.3126,1.9985,6.5148,447.0,18005.0,2331.75
7349,6.5097,5.2976,1.887,6.0543,446.0,17427.0,2331.75
7350,6.08,5.3029,2.136,7.6898,445.0,18731.0,2331.75
7351,7.671,7.1174,2.1269,7.2407,446.0,18601.0,2331.75
7352,7.2203,5.3189,1.8953,7.2697,444.0,17297.0,2331.75
7353,7.2515,7.3215,2.1631,6.7614,444.0,18525.0,2331.75
7354,6.7619,5.2162,1.667,6.7919,448.0,20867.0,2331.75
7355,6.8039,6.0202,1.8262,8.1819,446.0,26021.0,2331.75
7356,8.217,5.3082,2.1299,6.6077,444.0,14663.0,2331.75
7357,6.6271,5.3082,2.1839,7.1099,447.0,18297.0,2331.75
7358,7.0681,6.8003,1.9456,6.6232,448.0,15783.0,2331.75
7359,6.6248,5.3737,1.9075,7.8913,448.0,18563.0,2331.75
7360,7.9144,5.2996,1.7418,7.3647,448.0,21831.0,2331.75
7361,7.3866,5.2996,1.7366,6.8281,446.0,46469.0,2331.75
7362,6.9291,5.8418,1.9065,6.8201,446.0,17529.0,2331.75
7363,6.6944,5.8418,1.8823,5.6207,427.0,13401.0,2331.75
7364,5.5903,5.2402,1.8266,7.4754,415.0,13913.0,2331.75
7365,7.5368,7.597,2.3169,6.498,415.0,12335.0,2331.75
7366,6.8578,5.2965,2.319,7.7046,446.0,15633.0,2331.75
7367,7.321,5.2893,1.9565,7.0236,449.0,18175.0,2331.75
7368,7.0179,5.2893,1.8061,6.0739,448.0,17279.0,2331.75
7369,6.1824,5.3603,2.1155,7.8268,446.0,15992.0,2331.75
7370,7.7865,7.3491,2.2842,6.6318,446.0,13399.0,2331.75
7371,6.5515,5.3372,1.9202,8.0132,444.0,15385.0,2331.75
7372,8.0835,7.3537,2.0121,6.2134,444.0,14417.0,2331.75
7373,6.1898,5.3286,1.8509,6.8306,448.0,19729.0,2331.75
7374,6.8184,6.5468,2.0778,7.7767,449.0,16149.0,2331.75
7375,7.8064,5.7219,2.0987,5.8939,451.0,17628.0,2331.75
7376,5.9309,5.3253,2.2629,7.3048,448.0,17191.0,2331.75
7377,7.2476,6.6875,2.4283,7.0949,447.0,15753.0,2331.75
7378,7.2486,5.3459,1.6631,7.2239,446.0,17243.0,2331.75
7379,7.1291,5.2707,1.9801,7.1084,446.0,18659.0,2331.75
7380,7.021,5.2707,1.667,6.1421,447.0,16675.0,2331.75
7381,7.0278,5.2828,2.7506,7.5765,445.0,15481.0,2331.75
7382,7.2879,7.2548,2.3395,6.2113,431.0,15059.0,2331.75
7383,5.595,5.2682,1.6389,8.0442,427.0,13211.0,2331.75
7384,8.0797,7.594,1.9177,7.209,446.0,15759.0,2331.75
7385,7.2242,5.2865,1.962,7.6618,444.0,15799.0,2331.75
7386,7.6565,7.4833,2.1075,6.6566,444.0,17405.0,2331.75
7387,6.6982,5.3348,1.9376,6.471,446.0,15419.0,2331.75
7388,6.5006,5.3143,2.0961,6.6576,445.0,15637.0,2331.75
7389,6.6594,7.3253,1.9901,7.3296,443.0,17797.0,2331.75
7390,7.2513,5.3226,1.9346,7.3081,450.0,18953.0,2331.75
7391,7.3025,7.393,2.984,6.5655,431.0,15215.0,2331.75
7392,6.5585,5.3343,1.709,7.1087,450.0,22131.0,2331.75
7393,7.1915,7.0046,2.1941,8.4694,446.0,15281.0,2331.75
7394,8.3896,7.0046,1.7321,5.1922,448.0,18769.0,2331.75
7395,5.2425,5.2302,2.4242,7.4778,450.0,24332.0,2331.75
7396,7.487,7.4,2.6852,6.8091,446.0,20771.0,2331.75
7397,6.8606,5.244,1.758,6.9496,445.0,17423.0,2331.75
7398,6.8813,7.4234,2.0084,7.1524,445.0,14401.0,2331.75
7399,7.1732,5.2694,1.9941,5.9987,446.0,15946.0,2331.75
7400,5.9861,5.2651,2.4321,7.2562,447.0,15958.0,2331.75
7401,7.229,6.7907,2.3043,6.8452,445.0,17423.0,2331.75
7402,6.8332,5.2694,2.0445,7.5284,445.0,17423.0,2331.75
7403,7.5902,5.3396,1.916,7.6361,447.0,17603.0,2331.75
7404,7.5613,5.9371,1.7398,6.5304,444.0,14075.0,2331.75
7405,6.6646,5.9371,1.9693,7.0815,446.0,16311.0,2331.75
7406,7.0222,6.7911,1.7826,6.5883,450.0,20379.0,2331.75
7407,6.5447,5.2098,1.8566,8.1973,449.0,16079.0,2331.75
7408,8.2539,6.3602,2.1859,6.4342,448.0,18083.0,2331.75
7409,6.2992,5.3541,1.7207,7.2828,446.0,16709.0,2331.75
7410,7.2999,7.4473,1.6438,7.1789,447.0,19501.0,2331.75
7411,7.3204,5.2861,1.8945,6.5701,447.0,17471.0,2331.75
7412,6.5276,5.8919,2.1343,6.9221,446.0,14871.0,2331.75
7413,6.8688,6.5141,1.9203,6.416,444.0,22039.0,2331.75
7414,6.3966,5.3125,1.8208,7.5043,445.0,23157.0,2331.75
7415,7.5567,7.6641,2.2102,6.5918,445.0,32859.0,2331.75
7416,6.57,5.3113,1.9411,7.3653,445.0,25393.0,2331.75
7417,7.465,7.6013,1.8454,6.6756,443.0,18667.0,2331.75
7418,6.6636,5.3066,1.9624,6.44,446.0,27443.0,2331.75
7419,6.3499,5.2914,2.2933,8.127,437.0,25946.0,2331.75
7420,8.8581,7.0999,3.4463,5.7237,418.0,15096.0,2331.75
7421,4.9897,5.3443,1.767,7.2397,426.0,12851.0,2331.75
7422,7.2998,5.1775,1.954,7.5124,450.0,19315.0,2331.75
7423,7.5189,5.1775,1.7545,6.9356,448.0,16977.0,2331.75
7424,6.9661,6.9466,2.1085,8.126,449.0,17985.0,2331.75
7425,8.1619,6.9466,1.631,5.5018,446.0,17405.0,2331.75
7426,5.41,5.2797,1.9241,7.5115,447.0,18733.0,2331.75
7427,7.512,7.116,1.9004,6.577,447.0,18591.0,2331.75
7428,6.5555,5.3304,1.7919,7.3938,445.0,17309.0,2331.75
7429,7.4474,5.4076,2.0665,7.2655,446.0,18549.0,2331.75
7430,7.1862,5.2833,1.8399,6.2474,449.0,20879.0,2331.75
7431,6.3066,5.2833,2.0712,7.3406,445.0,26009.0,2331.75
7432,7.2965,7.5781,1.9999,6.4569,444.0,14663.0,2331.75
7433,6.4615,5.3188,1.9307,7.0083,444.0,18261.0,2331.75
7434,7.0097,6.9714,1.9229,6.8212,444.0,15779.0,2331.75
7435,6.8054,5.793,1.853,7.9133,445.0,18571.0,2331.75
7436,8.0269,5.793,2.0083,6.2743,444.0,21827.0,2331.75
7437,6.2466,5.8699,1.9585,6.0075,444.0,46467.0,2331.75
7438,5.9977,5.3457,1.5129,7.5963,448.0,17531.0,2331.75
7439,7.5592,7.6989,2.4033,6.8864,429.0,13403.0,2331.75
7440,6.9486,5.3109,1.9109,7.0341,419.0,13917.0,2331.75
7441,6.9915,7.7307,1.9214,7.5694,418.0,12349.0,2331.75
7442,7.5551,5.3311,2.1007,5.9213,448.0,15635.0,2331.75
7443,6.0679,5.2717,2.0368,6.9949,450.0,18165.0,2331.75
7444,6.8044,7.3754,1.6351,6.5728,449.0,17291.0,2331.75
7445,6.6135,5.3364,2.5334,7.5479,447.0,16004.0,2331.75
7446,7.7055,7.5243,2.8412,7.0478,445.0,13387.0,2331.75
7447,6.9085,5.288,2.0806,7.2368,444.0,15385.0,2331.75
7448,7.2382,5.978,2.0131,7.2242,445.0,14429.0,2331.75
7449,7.1983,5.2736,1.8372,6.6561,449.0,19741.0,2331.75
7450,6.92,5.2736,2.0581,7.7732,445.0,16145.0,2331.75
7451,7.5514,7.6556,2.1556,6.0002,448.0,17636.0,2331.75
7452,6.0557,5.3028,1.8694,7.8449,446.0,17211.0,2331.75
7453,7.7649,5.3486,1.7289,6.9684,444.0,15739.0,2331.75
7454,6.9593,5.3486,1.8649,6.8342,449.0,17257.0,2331.75
7455,6.8994,6.7607,1.6708,8.3227,448.0,18661.0,2331.75
7456,8.2988,6.7607,1.8558,5.8676,449.0,16655.0,2331.75
7457,5.874,5.2696,2.0035,7.5431,447.0,15483.0,2331.75
7458,7.5632,7.286,2.4622,6.0366,441.0,15697.0,2331.75
7459,6.0805,5.316,1.8519,6.9648,423.0,12649.0,2331.75
7460,6.9491,7.0924,2.0226,7.4745,445.0,15747.0,2331.75
7461,7.5795,5.635,2.0865,5.7391,445.0,15811.0,2331.75
7462,5.603,5.3131,2.1591,7.4105,444.0,17453.0,2331.75
7463,7.3596,7.3232,2.1224,6.4458,444.0,15395.0,2331.75
7464,6.4213,5.3751,1.8749,7.6718,444.0,15625.0,2331.75
7465,7.7339,7.718,1.8348,6.5078,447.0,18145.0,2331.75
7466,6.4095,5.2268,1.4395,7.4364,447.0,19305.0,2331.75
7467,7.5281,5.2268,2.1173,7.5212,445.0,19099.0,2331.75
7468,7.5117,5.3279,2.2448,6.9618,438.0,18243.0,2331.75
7469,6.9317,5.3279,2.1474,7.2956,447.0,17162.0,2331.75
7470,7.3563,7.7017,2.3304,6.8085,450.0,16924.0,2331.75
7471,6.8649,5.3177,1.7665,7.3587,453.0,27682.0,2331.75
7472,7.29,5.3345,1.9396,7.0303,451.0,20787.0,2331.75
7473,7.0236,5.3284,1.7106,6.5814,446.0,14077.0,2331.75
7474,6.6642,5.3284,2.2048,7.223,447.0,14403.0,2331.75
7475,7.0936,7.0452,2.1717,6.6133,449.0,15960.0,2331.75
7476,6.6325,5.3468,1.9549,7.0669,446.0,15946.0,2331.75
7477,7.0525,7.4095,2.0076,6.9476,448.0,20795.0,2331.75
7478,7.0142,5.3232,2.0097,7.3138,446.0,14099.0,2331.75
7479,7.3138,6.4035,1.9915,7.1742,445.0,17579.0,2331.75
7480,7.1705,6.3257,2.018,5.6111,445.0,15467.0,2331.75
7481,5.7105,5.2968,1.9617,6.9792,445.0,15077.0,2331.75
7482,6.8285,5.2865,2.1034,7.4506,446.0,20531.0,2331.75
7483,7.6384,5.2865,2.2598,7.9149,447.0,17383.0,2331.75
7484,7.7712,7.4932,2.1038,6.3614,446.0,18051.0,2331.75
7485,6.2847,5.3133,1.6884,6.162,444.0,16835.0,2331.75
7486,6.3312,5.2731,2.3017,7.3372,449.0,18591.0,2331.75
7487,7.2271,6.1148,1.8335,6.4809,449.0,17175.0,2331.75
7488,6.4712,5.3596,1.903,7.5526,448.0,19987.0,2331.75
7489,7.5638,7.5648,1.9361,6.68,447.0,18899.0,2331.75
7490,6.6901,5.3704,2.0528,6.7819,446.0,22985.0,2331.75
7491,6.7541,6.1177,1.8757,7.8631,446.0,40933.0,2331.75
7492,7.8999,5.2988,1.909,6.6704,445.0,15819.0,2331.75
7493,6.6867,5.2988,2.0291,6.2358,434.0,17557.0,2331.75
7494,6.2144,7.5753,1.9796,7.3605,445.0,28755.0,2331.75
7495,7.3434,5.2666,2.0444,9.1665,433.0,24158.0,2331.75
7496,9.2275,7.4554,2.0589,7.419,419.0,15108.0,2331.75
7497,7.3548,5.4116,2.2025,6.9581,423.0,12815.0,2331.75
7498,7.1459,7.5919,2.5835,6.7905,446.0,19311.0,2331.75
7499,6.6916,5.3243,2.5109,5.9948,445.0,16985.0,2331.75
7500,5.9877,5.3354,2.1784,7.7604,446.0,17993.0,2331.75
7501,7.7107,5.2485,2.202,7.431,445.0,17415.0,2331.75
7502,7.4118,5.2485,1.6453,7.8748,448.0,18723.0,2331.75
7503,7.8755,7.505,2.0113,6.2589,451.0,18617.0,2331.75
7504,6.2612,5.2622,1.9778,7.6425,448.0,17301.0,2331.75
7505,7.7812,5.6673,1.8994,7.6658,447.0,18539.0,2331.75
7506,7.5536,5.6673,2.2231,5.9638,450.0,20869.0,2331.75
7507,6.0394,5.2348,2.4841,6.8397,448.0,26023.0,2331.75
7508,6.7911,7.2653,1.8999,6.7681,445.0,14675.0,2331.75
7509,6.7086,5.346,1.7652,7.1421,444.0,18261.0,2331.75
7510,7.221,7.456,1.9673,7.1577,445.0,15791.0,2331.75
7511,7.1482,5.3087,1.6863,5.9965,445.0,18571.0,2331.75
7512,6.0229,5.2347,1.856,6.791,444.0,21827.0,2331.75
7513,6.7221,6.8613,1.8869,6.9856,444.0,46467.0,2331.75
7514,6.9349,5.3073,1.8562,7.7633,445.0,17539.0,2331.75
7515,7.8342,7.6402,2.8943,6.1705,425.0,13399.0,2331.75
7516,6.2072,5.2539,1.8499,5.8669,417.0,13937.0,2331.75
7517,5.852,5.5793,1.9145,8.2219,417.0,12359.0,2331.75
7518,8.1359,6.6237,1.838,5.9284,450.0,15637.0,2331.75
7519,5.9572,5.2022,1.9302,7.1893,453.0,18179.0,2331.75
7520,7.2091,5.3438,2.1364,7.7773,453.0,17295.0,2331.75
7521,7.7604,5.3438,1.77,6.9898,448.0,15994.0,2331.75
7522,7.0539,7.0355,1.973,6.7401,446.0,13377.0,2331.75
7523,6.756,5.2551,1.8071,6.8302,446.0,15387.0,2331.75
7524,6.8144,5.2551,2.1116,6.3186,445.0,14429.0,2331.75
7525,6.2468,7.6067,1.9837,6.8994,449.0,19741.0,2331.75
7526,7.3132,5.3025,1.82,7.3157,444.0,16133.0,2331.75
7527,6.9388,7.4733,1.867,6.6859,447.0,17624.0,2331.75
7528,6.707,5.3293,1.7804,7.6161,444.0,17187.0,2331.75
7529,7.6315,5.3293,1.8653,7.0953,445.0,15751.0,2331.75
7530,7.0297,5.6899,1.8116,6.1039,445.0,17253.0,2331.75
7531,6.1266,5.2696,1.739,7.3416,444.0,18657.0,2331.75
7532,7.3851,7.879,2.0933,6.8791,446.0,16663.0,2331.75
7533,6.7994,5.3278,1.8208,7.2034,444.0,15469.0,2331.75
7534,7.2183,7.3143,2.4436,7.2129,444.0,15759.0,2331.75
7535,7.2759,5.3151,2.3602,5.4957,424.0,12639.0,2331.75
7536,5.5139,5.3656,2.647,7.308,451.0,15775.0,2331.75
7537,7.2995,7.7878,2.4154,6.9394,446.0,15801.0,2331.75
7538,7.0221,5.287,1.8868,7.5255,448.0,17479.0,2331.75
7539,7.4093,5.2896,1.8782,7.172,446.0,15397.0,2331.75
7540,7.2125,5.2983,1.701,6.8335,444.0,15577.0,2331.75
7541,6.8577,5.2983,1.9372,7.6126,446.0,18133.0,2331.75
7542,7.5382,6.193,2.0816,5.7052,446.0,19293.0,2331.75
7543,5.7356,5.2107,1.6147,7.2758,445.0,19195.0,2331.75
7544,7.238,5.2765,1.7501,7.3946,439.0,18207.0,2331.75
7545,7.4361,5.2765,1.8725,7.0977,447.0,17162.0,2331.75
7546,7.1192,7.4867,2.1152,7.1965,444.0,16896.0,2331.75
7547,7.2099,5.2722,1.9628,6.422,449.0,27678.0,2331.75
7548,6.5356,5.3211,2.3157,6.8695,446.0,20771.0,2331.75
7549,6.6881,5.3038,2.0707,7.5993,446.0,14099.0,2331.75
7550,7.6316,5.3038,1.6113,7.6618,449.0,14405.0,2331.75
7551,7.6887,7.7573,2.144,6.5906,450.0,15950.0,2331.75
7552,6.5762,5.4194,2.0593,7.2859,451.0,15962.0,2331.75
7553,7.3161,6.8602,2.2356,6.5581,449.0,20785.0,2331.75
7554,6.5495,5.5622,2.0348,5.9851,447.0,14089.0,2331.75
7555,6.0205,5.2295,2.1867,8.2394,447.0,17737.0,2331.75
7556,8.1806,5.2637,2.3996,7.7879,446.0,15323.0,2331.75
7557,7.773,5.2637,1.982,7.8612,444.0,15221.0,2331.75
7558,7.914,7.5849,2.4426,6.6236,446.0,20375.0,2331.75
7559,6.5423,5.3465,1.9101,7.2791,445.0,17359.0,2331.75
7560,7.5274,5.3788,3.2481,7.6535,444.0,18027.0,2331.75
7561,7.5543,5.3206,1.7547,7.3552,444.0,16835.0,2331.75
7562,7.2525,6.5716,2.0279,7.7317,446.0,18599.0,2331.75
7563,7.7602,6.5716,2.226,6.2278,444.0,17159.0,2331.75
7564,6.1518,5.3044,2.2033,7.4004,444.0,19983.0,2331.75
7565,7.4224,7.7377,2.1535,6.9667,444.0,19313.0,2331.75
7566,6.9795,5.3388,2.7522,7.0533,448.0,22511.0,2331.75
7567,7.089,7.6598,1.9927,7.58,449.0,41933.0,2331.75
7568,7.6594,5.364,1.7323,5.5838,448.0,14873.0,2331.75
7569,5.9839,5.3665,2.9106,7.2313,434.0,17487.0,2331.75
7570,6.7409,6.558,1.9989,7.1382,447.0,28757.0,2331.75
7571,7.0965,5.2717,1.8272,7.5763,436.0,24220.0,2331.75
7572,7.6277,7.5505,1.7948,6.7967,418.0,15096.0,2331.75
7573,6.7956,5.3364,1.6949,6.7941,423.0,12767.0,2331.75
7574,6.851,5.9451,1.7396,8.1328,446.0,19311.0,2331.75
7575,8.0798,5.9451,1.8863,5.6014,446.0,16997.0,2331.75
7576,5.5972,5.2883,2.0248,7.5307,445.0,17981.0,2331.75
7577,7.5291,7.473,1.6806,6.8346,445.0,17415.0,2331.75
7578,6.7739,5.2537,1.6317,7.3746,445.0,18731.0,2331.75
7579,7.4399,7.4807,1.9112,6.5318,445.0,18589.0,2331.75
7580,6.6118,5.273,1.9284,5.9592,444.0,17297.0,2331.75
7581,5.9232,5.2396,2.3356,7.5778,445.0,18537.0,2331.75
7582,7.5775,6.9075,2.97,6.6105,452.0,20871.0,2331.75
7583,6.5571,7.7321,1.7061,9.4924,449.0,26013.0,2331.75
7584,9.5434,5.3032,1.898,6.389,450.0,14691.0,2331.75
7585,6.3249,5.3032,2.0253,7.4967,446.0,18263.0,2331.75
7586,7.5178,7.4531,2.4256,6.6663,447.0,15793.0,2331.75
7587,6.6255,5.2021,1.9025,6.813,446.0,18561.0,2331.75
7588,6.8795,5.2021,2.0554,7.4748,444.0,21827.0,2331.75
7589,7.475,7.2491,1.7854,5.8338,445.0,46479.0,2331.75
7590,5.7965,5.3507,1.9918,7.8138,444.0,17527.0,2331.75
7591,7.7904,7.8291,1.98,7.0941,427.0,13423.0,2331.75
7592,7.3682,5.3239,1.6777,7.5995,415.0,13913.0,2331.75
7593,7.413,7.3197,2.1454,5.9355,416.0,12347.0,2331.75
7594,5.8912,5.698,2.0447,6.6648,444.0,15609.0,2331.75
7595,6.8066,5.2267,2.1197,7.2775,448.0,18163.0,2331.75
7596,7.1078,5.2756,2.12,7.4672,450.0,17303.0,2331.75
7597,7.4402,5.2756,1.6852,7.9326,446.0,15992.0,2331.75
7598,8.0488,7.3192,1.9143,6.3499,448.0,13379.0,2331.75
7599,6.2607,5.255,1.8243,7.2393,448.0,15389.0,2331.75
7600,7.3188,5.789,1.9208,7.9139,448.0,14421.0,2331.75
7601,7.8832,5.2939,2.0028,7.0432,451.0,19743.0,2331.75
7602,7.0733,5.2939,2.791,7.6314,447.0,16147.0,2331.75
7603,7.6459,6.9691,2.1123,6.2845,448.0,17614.0,2331.75
7604,6.2096,5.2367,1.9293,7.2702,446.0,17211.0,2331.75
7605,7.2773,5.3167,2.1473,7.7685,445.0,15751.0,2331.75
7606,7.7389,5.3167,1.8956,6.943,445.0,17253.0,2331.75
7607,7.0022,7.384,2.0166,7.4046,445.0,18669.0,2331.75
7608,7.3702,5.356,2.1197,6.9393,445.0,16651.0,2331.75
7609,6.9911,6.9133,2.0557,8.8138,444.0,15469.0,2331.75
7610,8.783,6.9133,2.0399,5.9257,443.0,15839.0,2331.75
7611,5.9764,5.2782,2.2089,7.2914,420.0,12635.0,2331.75
7612,7.2316,7.4681,3.2489,6.6656,445.0,15747.0,2331.75
7613,6.6314,5.2818,1.8727,8.2916,444.0,15799.0,2331.75
7614,8.3751,7.2895,1.9435,6.0885,448.0,17457.0,2331.75
7615,6.0158,5.2794,1.9328,6.2284,449.0,15911.0,2331.75
7616,6.325,5.3127,2.1522,7.6902,448.0,15129.0,2331.75
7617,7.6159,7.2077,2.0774,6.7043,450.0,18159.0,2331.75
7618,6.7009,5.3172,1.8561,8.5958,448.0,19295.0,2331.75
7619,8.6514,7.3503,2.0942,5.9865,447.0,19197.0,2331.75
7620,6.0247,5.257,1.9748,8.9097,442.0,18435.0,2331.75
7621,8.8903,7.8546,2.1032,6.2813,447.0,17162.0,2331.75
7622,6.2121,5.2941,1.9666,6.5649,446.0,18767.0,2331.75
7623,6.6367,5.2941,2.0063,6.903,447.0,25807.0,2331.75
7624,6.825,6.081,2.1039,6.2509,447.0,20783.0,2331.75
7625,6.3607,5.3037,1.8392,7.5109,445.0,14087.0,2331.75
7626,7.4034,7.4996,2.0003,6.1135,444.0,14389.0,2331.75
7627,6.0911,5.3116,1.8314,7.7059,448.0,15970.0,2331.75
7628,7.8636,6.0808,2.038,6.6032,447.0,15958.0,2331.75
7629,6.5504,5.3567,1.9314,6.8585,446.0,20771.0,2331.75
7630,6.7327,5.3567,1.9548,8.0699,450.0,14259.0,2331.75
7631,8.1606,6.8594,2.4541,6.4713,449.0,18117.0,2331.75
7632,6.4365,5.3553,1.8007,8.1358,449.0,14939.0,2331.75
7633,8.0954,7.355,1.7634,6.5346,446.0,15221.0,2331.75
7634,6.5907,5.3343,1.5131,5.7907,448.0,20745.0,2331.75
7635,5.9053,5.2453,1.9429,6.8817,447.0,17187.0,2331.75
7636,6.8342,6.8161,2.5178,6.9139,445.0,18153.0,2331.75
7637,6.8063,5.3279,1.7181,7.5842,444.0,17133.0,2331.75
7638,7.6182,7.3676,1.9463,6.7163,445.0,18289.0,2331.75
7639,6.7619,5.2072,1.7284,7.4251,445.0,16707.0,2331.75
7640,8.0403,7.0175,2.7071,7.2989,444.0,22393.0,2331.75
7641,6.6952,5.9733,2.0953,5.9737,444.0,16855.0,2331.75
7642,5.9667,5.2568,2.4143,7.0981,445.0,23505.0,2331.75
7643,7.036,7.4401,1.9959,7.1232,445.0,42025.0,2331.75
7644,7.2238,5.2534,1.9936,7.9246,445.0,16323.0,2331.75
7645,7.8588,7.5693,2.0201,6.9002,427.0,14709.0,2331.75
7646,6.8892,5.9676,1.9827,8.544,448.0,28747.0,2331.75
7647,8.6278,5.9676,1.8293,6.0017,438.0,24174.0,2331.75
7648,5.8894,5.7889,1.795,5.821,424.0,15220.0,2331.75
7649,5.858,5.2871,1.6361,7.375,422.0,12637.0,2331.75
7650,7.3445,7.4191,2.1521,6.6783,447.0,19301.0,2331.75
7651,6.6575,5.3231,1.8514,7.21,446.0,16975.0,2331.75
7652,7.2593,5.2843,1.961,7.0554,445.0,17981.0,2331.75
7653,7.0676,5.2843,2.0719,5.8613,445.0,17415.0,2331.75
7654,5.8346,5.2579,2.6114,7.5381,446.0,18743.0,2331.75
7655,7.5791,7.6223,1.8858,6.7706,444.0,18577.0,2331.75
7656,6.7243,5.3086,1.7532,7.4035,444.0,17297.0,2331.75
7657,7.4367,7.3601,2.0514,6.5033,444.0,18525.0,2331.75
7658,6.9441,5.3831,2.3789,6.5116,449.0,20879.0,2331.75
7659,6.1332,5.557,2.086,7.0911,445.0,26009.0,2331.75
7660,6.998,6.9399,1.9874,6.4486,444.0,14663.0,2331.75
7661,6.5116,7.327,1.7659,9.4244,445.0,18273.0,2331.75
7662,9.4723,5.2362,1.6635,7.1039,449.0,15795.0,2331.75
7663,7.0231,7.3586,1.9297,8.1926,448.0,18563.0,2331.75
