capture_frame,FrameTime,GPUTime,GameThreadTime,RenderThreadTime,RHI/DrawCalls,RHI/PrimitivesDrawn,GPUMem/LocalUsedMB
120,16.6752,16.3046,2.1484,16.8392,510.0,32473.0,2968.7578
121,16.8057,15.5283,2.3944,18.1849,519.0,42744.0,2968.7578
122,18.2242,16.2444,2.6369,15.2921,511.0,33413.0,2968.7578
123,15.3414,15.9826,3.0145,16.4189,511.0,32485.0,2968.7578
124,16.4967,16.328,2.5638,16.8622,508.0,35489.0,2968.7578
125,16.7805,15.7842,2.8601,16.169,509.0,32221.0,2968.7578
126,16.1683,16.1213,2.2616,17.4296,509.0,30493.0,2968.7578
127,17.4114,15.8877,2.3648,17.1177,834.0,92186.0,2968.7578
128,17.0412,16.0003,2.2587,15.3686,514.0,59485.0,2968.7578
129,15.5091,16.2655,2.3331,17.2422,513.0,32273.0,2968.7578
130,17.1832,15.8372,2.2887,16.9772,840.0,94554.0,2968.7578
131,16.9667,16.3397,2.2962,15.5653,513.0,37679.0,2968.7578
132,15.5943,16.0104,2.2216,16.0124,513.0,32487.0,2968.7578
133,15.9534,15.9498,2.1801,16.9254,510.0,31395.0,2968.7578
134,16.9287,16.2351,2.3691,16.5012,509.0,30685.0,2968.7578
135,16.4739,16.0495,2.0263,16.4227,511.0,36485.0,2968.7578
136,16.5172,15.9014,2.0421,16.5382,509.0,32461.0,2968.7578
137,16.4412,16.2858,1.8354,17.2149,524.0,105893.0,2968.7578
138,17.2454,16.0806,1.9338,16.1591,838.0,100510.0,2968.7578
139,16.2426,16.0014,2.0327,16.8417,511.0,73293.0,2968.7578
140,16.7528,16.0967,2.1181,16.0785,513.0,35101.0,2968.7578
141,16.119,15.9893,2.4448,17.3874,832.0,93386.0,2968.7578
142,17.3604,16.0817,2.335,16.4378,512.0,32497.0,2968.7578
143,16.4449,16.1194,2.1317,16.4706,510.0,32473.0,2968.7578
144,16.5114,16.0401,1.9774,16.8399,514.0,32477.0,2968.7578
145,16.8086,15.6107,2.0624,16.436,513.0,32465.0,2968.7578
146,16.3678,16.0589,2.4674,16.1366,497.0,31409.0,2968.7578
147,16.196,16.1806,2.1087,17.4877,480.0,30411.0,2968.7578
148,17.6274,15.95,2.287,16.8794,512.0,32199.0,2968.7578
149,16.6944,16.1843,2.2025,16.5301,865.0,98846.0,2968.7578
150,16.5963,15.7688,2.1716,16.0532,509.0,32461.0,2968.7578
151,16.1191,15.7456,2.1877,15.9106,510.0,32281.0,2968.7578
152,15.8613,16.1877,2.1587,16.678,833.0,94538.0,2968.7578
153,16.6375,15.9134,2.3303,16.0615,509.0,35421.0,2968.7578
154,16.186,16.2813,2.175,17.1067,511.0,50109.0,2968.7578
155,16.979,16.0346,1.7262,16.7048,507.0,40861.0,2968.7578
156,16.8149,15.9066,2.3482,16.2857,508.0,41617.0,2968.7578
157,16.2156,16.1936,2.3555,16.4086,487.0,32285.0,2968.7578
158,16.4439,15.9062,2.2909,16.5461,474.0,30361.0,2968.7578
159,16.5817,15.9875,2.7852,16.6016,476.0,30193.0,2968.7578
160,16.5998,16.0291,2.7962,16.6363,805.0,92478.0,2968.7578
161,16.6045,16.0031,2.7694,17.6647,478.0,30365.0,2968.7578
162,17.6468,16.0623,2.4058,16.5892,516.0,42789.0,2968.7578
163,16.568,16.1019,2.5588,16.5013,844.0,96650.0,2968.7578
164,16.523,16.4359,2.5839,15.9254,476.0,29363.0,2968.7578
165,15.955,15.979,2.2022,16.0715,499.0,33683.0,2968.7578
166,16.0708,15.7712,2.3274,16.5678,473.0,29349.0,2968.7578
167,16.5248,16.2341,2.6466,17.4034,493.0,32765.0,2968.7578
168,17.5081,16.0625,2.5482,16.6665,509.0,38069.0,2968.7578
169,16.7838,16.0623,2.6638,15.645,544.0,65744.0,2968.7578
170,15.3785,18.0829,2.3561,19.429,372.0,38656.0,2968.7578
171,19.4859,17.6561,2.2277,18.4202,375.0,29444.0,2968.7578
172,18.3873,16.7743,2.1198,16.9942,372.0,27568.0,2968.7578
173,16.993,16.5927,2.1679,17.2631,346.0,24024.0,2968.7578
174,17.3113,16.9231,2.0763,17.7148,336.0,23616.0,2968.7578
175,17.6603,16.4558,2.1999,16.7214,338.0,23640.0,2968.7578
176,16.7576,16.7917,2.0007,17.7647,342.0,23644.0,2968.7578
177,17.7528,16.8884,2.4998,17.4125,375.0,27576.0,2968.7578
178,17.3937,16.7273,1.9477,17.3781,374.0,26340.0,2968.7578
179,17.392,18.1175,2.1162,17.1013,370.0,27420.0,2968.7578
180,17.0901,16.2424,2.1593,17.7051,371.0,30374.0,2968.7578
181,17.7039,16.6247,2.0434,17.4057,378.0,28908.0,2968.7578
182,17.4333,16.6218,1.9746,16.8911,373.0,26476.0,2968.7578
183,16.8726,16.4493,2.1262,16.9991,371.0,25716.0,2968.7578
184,16.9924,16.6253,1.8367,17.8658,345.0,24108.0,2968.7578
185,17.9008,16.5378,2.0562,15.9342,337.0,23628.0,2968.7578
186,15.9379,15.8798,2.1155,17.5444,337.0,23628.0,2968.7578
187,17.5035,16.3877,2.3021,16.6729,373.0,35300.0,2968.7578
188,16.6724,16.857,2.0333,17.6715,368.0,28472.0,2968.7578
189,17.7683,16.4301,2.1715,16.7715,370.0,25704.0,2968.7578
190,16.6409,16.4772,1.9782,17.2344,371.0,29568.0,2968.7578
191,17.3007,16.8797,2.1241,16.7975,372.0,29420.0,2968.7578
192,16.8369,16.4058,1.9674,17.1329,378.0,25736.0,2968.7578
193,17.091,16.9566,1.912,18.3274,376.0,25870.0,2968.7578
194,18.2994,16.3348,2.3269,16.2009,374.0,28472.0,2968.7578
195,16.2255,16.5495,2.8918,17.4833,372.0,27542.0,2968.7578
196,17.5176,17.0238,2.3484,17.1512,374.0,25710.0,2968.7578
197,17.2192,16.5728,2.1466,18.1786,375.0,28656.0,2968.7578
198,18.3097,16.7505,2.4418,17.0768,359.0,28838.0,2968.7578
199,16.8298,16.5439,2.0786,16.761,336.0,23596.0,2968.7578
200,16.8362,16.3158,2.0985,16.5932,338.0,23620.0,2968.7578
201,16.5223,17.0323,2.1364,17.5525,338.0,23620.0,2968.7578
202,17.5846,16.4795,2.0971,16.9272,337.0,23608.0,2968.7578
203,16.911,16.8888,2.0063,17.2394,358.0,36151.0,2968.7578
204,17.2561,16.4009,2.1144,17.8886,378.0,44281.0,2968.7578
205,17.9031,16.5613,2.1919,17.0637,338.0,24154.0,2968.7578
206,17.0445,16.932,2.2446,18.0103,335.0,23584.0,2968.7578
207,17.9407,16.6212,2.2377,16.3182,340.0,23644.0,2968.7578
208,16.376,16.5073,2.0293,18.5558,339.0,23588.0,2968.7578
209,18.5874,16.4376,2.1035,17.2528,374.0,27544.0,2968.7578
210,17.2635,15.3812,2.1749,16.4365,377.0,34804.0,2968.7578
211,16.3802,17.948,2.0677,17.1493,373.0,32706.0,2968.7578
212,17.1063,16.5352,2.0359,17.2032,374.0,32854.0,2968.7578
213,17.3806,16.3107,2.0998,17.2257,372.0,33894.0,2968.7578
214,17.0896,16.6337,1.9505,16.6148,367.0,28432.0,2968.7578
215,16.7083,16.5858,2.043,17.6356,372.0,27396.0,2968.7578
216,17.5723,16.2547,2.0833,16.6796,371.0,27088.0,2968.7578
217,16.7066,16.979,2.3054,18.1878,370.0,26698.0,2968.7578
218,18.21,16.4605,2.2197,16.6364,371.0,28998.0,2968.7578
219,16.5646,16.3139,2.065,16.8851,371.0,28052.0,2968.7578
220,16.9225,16.9251,2.0952,16.6346,372.0,29696.0,2968.7578
221,16.5514,16.3126,2.1486,18.0652,370.0,27156.0,2968.7578
222,18.1808,16.9345,2.3748,17.447,371.0,29072.0,2968.7578
223,17.3931,16.4656,2.4047,16.3545,372.0,43772.0,2968.7578
224,16.3811,16.1918,2.4736,17.4863,374.0,36156.0,2968.7578
225,17.5198,17.0138,2.2063,17.1482,373.0,24620.0,2968.7578
226,17.0843,16.5209,2.4873,16.7417,374.0,25592.0,2968.7578
227,16.7539,16.7316,2.5381,16.8638,372.0,26182.0,2968.7578
228,16.8687,16.8059,2.4792,17.852,372.0,25686.0,2968.7578
229,17.9786,16.286,2.339,17.1296,381.0,35957.0,2968.7578
230,17.0328,16.5123,2.1862,16.2599,371.0,26624.0,2968.7578
231,16.2622,16.7738,2.7173,18.0247,370.0,25684.0,2968.7578
232,17.9856,16.9005,2.0763,18.4806,370.0,29684.0,2968.7578
233,18.6147,16.3463,2.2809,16.1852,373.0,23992.0,2968.7578
234,16.2011,16.7326,2.4172,17.9017,372.0,41464.0,2968.7578
235,17.832,16.8362,2.2544,16.435,368.0,36288.0,2968.7578
236,16.3524,16.459,2.1162,17.2188,372.0,25708.0,2968.7578
237,17.2705,16.8282,2.1485,16.7191,374.0,30924.0,2968.7578
238,16.6704,16.4824,1.8791,17.5602,369.0,25672.0,2968.7578
239,17.5843,16.7819,1.9926,17.6511,374.0,24676.0,2968.7578
240,17.682,16.8094,2.0941,17.7884,375.0,24116.0,2968.7578
241,17.8875,16.0209,2.5136,17.5456,373.0,29484.0,2968.7578
242,17.5111,16.6786,2.1181,17.4973,380.0,44792.0,2968.7578
243,17.4465,16.8179,2.2042,16.9402,386.0,80328.0,2968.7578
244,16.8876,16.9632,2.2172,16.9342,375.0,37080.0,2968.7578
245,16.9437,16.3842,2.1056,17.7549,370.0,55298.0,2968.7578
246,17.7802,17.1325,2.1083,16.8845,370.0,28468.0,2968.7578
247,16.8714,16.6083,2.1716,16.2445,371.0,25696.0,2968.7578
248,16.2228,16.1632,2.2665,18.7966,369.0,25672.0,2968.7578
249,18.954,16.9355,2.6193,16.471,367.0,25648.0,2968.7578
250,16.3325,16.4157,2.242,16.9403,372.0,25708.0,2968.7578
251,16.9686,16.5252,2.2671,16.7034,362.0,25204.0,2968.7578
252,16.655,16.8282,2.0173,17.7755,338.0,23620.0,2968.7578
253,17.8138,16.4254,2.1256,16.8221,370.0,25684.0,2968.7578
254,16.8147,16.723,2.0802,17.07,375.0,25744.0,2968.7578
255,17.053,16.5477,2.1323,17.2646,370.0,25684.0,2968.7578
256,17.2825,16.4073,2.5345,18.0376,374.0,25688.0,2968.7578
257,18.6379,16.7835,3.4074,16.8174,375.0,26068.0,2968.7578
258,16.2639,16.71,2.5866,16.9449,376.0,29776.0,2968.7578
259,17.0516,16.8282,2.6373,17.7637,372.0,43242.0,2968.7578
260,17.6517,16.7762,2.7632,18.1216,376.0,32754.0,2968.7578
261,18.1838,16.8145,2.4553,16.1301,373.0,35362.0,2968.7578
262,16.0422,16.1954,2.2138,16.9492,344.0,24772.0,2968.7578
263,16.9591,16.4236,2.3089,16.8951,337.0,23608.0,2968.7578
264,16.9239,16.9446,2.3698,18.1053,337.0,23608.0,2968.7578
265,18.0872,16.4201,2.4084,16.3287,336.0,23596.0,2968.7578
266,16.4075,16.6765,2.1268,17.3822,354.0,27626.0,2968.7578
267,17.3093,16.7105,2.2514,17.7974,359.0,33602.0,2968.7578
268,17.7822,16.1425,2.3115,17.0717,352.0,24700.0,2968.7578
269,17.028,17.0179,2.0233,16.3082,333.0,23560.0,2968.7578
270,16.3415,16.566,1.9708,16.8427,337.0,23608.0,2968.7578
271,16.772,16.5126,2.0732,17.7,339.0,23632.0,2968.7578
272,17.7588,16.637,2.0335,17.4479,340.0,23600.0,2968.7578
273,17.4826,16.5356,2.2878,17.0218,374.0,31728.0,2968.7578
274,16.9607,16.8651,2.4199,18.2072,374.0,27048.0,2968.7578
275,18.3117,16.8959,2.7195,17.1593,373.0,29430.0,2968.7578
276,17.1106,16.371,2.702,16.601,377.0,31338.0,2968.7578
277,16.5839,16.6183,2.3403,17.168,374.0,31550.0,2968.7578
278,17.1141,16.6853,2.2412,17.5934,369.0,35546.0,2968.7578
279,17.6501,16.4226,2.4535,15.7627,371.0,32846.0,2968.7578
280,15.7544,16.5806,2.1836,17.8063,370.0,29364.0,2968.7578
281,17.8053,16.6739,1.9895,17.2145,363.0,26272.0,2968.7578
282,17.2746,16.0267,2.4058,17.8667,341.0,23848.0,2968.7578
283,17.8816,16.5423,2.6184,16.9925,338.0,23620.0,2968.7578
284,16.8822,16.6278,2.2935,17.4264,333.0,23560.0,2968.7578
285,17.4995,16.8815,2.4287,17.697,338.0,23620.0,2968.7578
286,17.7471,16.5269,2.8896,17.0248,374.0,27588.0,2968.7578
287,16.9418,16.3982,2.8308,16.9605,370.0,26316.0,2968.7578
288,16.9474,16.5882,3.0416,17.2983,375.0,27438.0,2968.7578
289,17.4223,16.7888,2.9527,17.6405,376.0,30392.0,2968.7578
290,17.6359,17.0219,2.847,16.8823,378.0,28866.0,2968.7578
291,16.8648,16.8488,2.8504,18.748,374.0,26446.0,2968.7578
292,18.688,16.5866,2.8533,16.459,372.0,25686.0,2968.7578
293,16.5059,16.6375,2.8004,17.3748,348.0,24102.0,2968.7578
294,17.3357,16.8466,2.5736,18.2385,338.0,23620.0,2968.7578
295,18.1801,16.7754,2.6885,17.1202,335.0,23584.0,2968.7578
296,17.1914,16.8998,2.5195,17.0259,375.0,35304.0,2968.7578
297,16.9965,16.4935,2.3851,16.0579,370.0,28476.0,2968.7578
298,16.0466,16.7865,2.1409,16.6199,371.0,25696.0,2968.7578
299,16.6118,16.966,1.9245,16.7674,372.0,29580.0,2968.7578
300,16.7277,16.6256,1.7729,17.2363,371.0,29408.0,2968.7578
301,17.2348,16.5838,1.7491,18.5846,372.0,25708.0,2968.7578
302,18.6276,16.5924,2.0019,17.241,370.0,25842.0,2968.7578
303,17.2205,16.7608,2.3057,17.2847,368.0,28444.0,2968.7578
304,17.2989,16.912,2.2161,18.6677,373.0,27532.0,2968.7578
305,18.746,16.5662,2.1744,15.5758,377.0,25724.0,2968.7578
306,15.5212,16.1808,2.1278,16.8604,375.0,28634.0,2968.7578
307,16.8536,17.1135,2.0703,17.5317,362.0,28852.0,2968.7578
308,17.5249,16.7065,2.0506,16.6851,336.0,23574.0,2968.7578
309,16.6797,16.594,1.8347,17.2652,341.0,23634.0,2968.7578
310,17.2385,16.8104,1.8796,17.2227,334.0,23572.0,2968.7578
311,17.3153,16.3566,1.8377,17.4568,335.0,23584.0,2968.7578
312,17.4252,16.9314,2.1504,16.9584,382.0,47557.0,2968.7578
313,16.9405,16.5204,1.8075,17.6585,355.0,32887.0,2968.7578
314,17.646,16.3857,1.8784,17.7129,334.0,24106.0,2968.7578
315,17.7355,16.9026,1.9792,16.8844,334.0,23572.0,2968.7578
316,16.8748,16.4041,2.208,16.323,334.0,23572.0,2968.7578
317,16.3156,16.6154,2.3019,17.8941,335.0,23584.0,2968.7578
318,17.9183,17.0491,3.1634,16.625,371.0,27552.0,2968.7578
319,16.6135,16.5833,2.3345,16.7531,370.0,34764.0,2968.7578
320,16.717,16.4878,2.2434,17.8966,375.0,32708.0,2968.7578
321,18.0526,16.7891,2.4007,17.4593,374.0,32832.0,2968.7578
322,17.3794,16.7682,2.0807,17.7032,373.0,33884.0,2968.7578
323,17.6275,16.507,2.1459,17.4756,374.0,28494.0,2968.7578
324,17.6152,16.9736,2.5376,17.313,373.0,27386.0,2968.7578
325,17.2534,16.7931,2.1752,17.4375,373.0,27090.0,2968.7578
326,17.4217,16.4154,2.0752,16.5669,373.0,26734.0,2968.7578
327,16.5293,16.9762,2.0577,17.7241,371.0,28998.0,2968.7578
328,17.7344,16.6215,2.1096,16.3829,374.0,28088.0,2968.7578
329,16.3457,16.3503,2.0141,16.7552,368.0,29648.0,2968.7578
330,16.8625,17.077,1.9849,18.9563,371.0,27168.0,2968.7578
331,18.8547,16.4319,1.867,17.1517,375.0,29120.0,2968.7578
332,17.1942,16.9181,2.0248,17.1093,371.0,43760.0,2968.7578
333,17.0474,17.0713,1.9561,18.1185,369.0,36140.0,2968.7578
334,18.1813,16.8225,2.4773,16.6697,370.0,24628.0,2968.7578
335,16.7077,16.3191,2.0869,17.316,369.0,25576.0,2968.7578
336,17.2696,16.7874,2.0994,17.7139,374.0,26184.0,2968.7578
337,17.7747,16.7031,1.8334,16.393,375.0,25700.0,2968.7578
338,16.3277,16.9007,2.0943,17.7737,381.0,35935.0,2968.7578
339,17.7418,16.803,1.9375,17.0838,373.0,26626.0,2968.7578
340,17.1928,16.77,2.1966,17.2549,372.0,25686.0,2968.7578
341,17.1584,16.8653,1.8861,17.0131,373.0,29698.0,2968.7578
342,17.0484,16.7629,1.9744,18.1415,373.0,23992.0,2968.7578
343,18.1393,16.5795,2.1276,17.2244,373.0,41476.0,2968.7578
344,17.1884,16.7785,2.3055,16.5046,371.0,36324.0,2968.7578
345,16.5047,16.504,2.2407,17.9559,369.0,25672.0,2968.7578
346,18.0186,16.8224,2.3707,17.2546,373.0,30912.0,2968.7578
347,17.2829,16.7827,2.3681,16.9408,373.0,25720.0,2968.7578
348,16.8561,16.9546,2.1345,17.0494,368.0,24604.0,2968.7578
349,17.2034,16.7453,2.1812,17.8976,373.0,24136.0,2968.7578
350,17.7779,16.5444,2.0168,17.1073,373.0,29528.0,2968.7578
351,17.0993,16.9075,2.1294,18.2671,373.0,44752.0,2968.7578
352,18.2782,16.5308,2.0434,17.4972,390.0,80354.0,2968.7578
353,17.4832,16.8787,2.0852,16.306,377.0,37082.0,2968.7578
354,16.3138,16.6441,1.8761,16.519,376.0,55348.0,2968.7578
355,16.4848,16.3212,2.0399,17.7242,373.0,28482.0,2968.7578
356,17.702,16.916,1.8756,17.1294,371.0,25674.0,2968.7578
357,17.153,16.6967,2.0257,17.3566,371.0,25674.0,2968.7578
358,17.3746,16.8273,1.8358,17.6228,367.0,25648.0,2968.7578
359,17.6781,17.3529,2.1951,17.8628,369.0,25672.0,2968.7578
360,17.8565,16.6638,2.2193,16.5869,370.0,25300.0,2968.7578
361,16.5809,16.3628,2.0637,16.8846,336.0,23596.0,2968.7578
362,16.841,16.9186,1.9648,17.6312,367.0,25648.0,2968.7578
363,17.6711,16.3341,2.0117,16.8173,373.0,25720.0,2968.7578
364,16.7918,16.4715,2.0383,17.4184,370.0,25684.0,2968.7578
365,17.4106,16.5693,1.9937,17.7702,371.0,25696.0,2968.7578
366,17.8349,17.0399,2.0354,16.4485,371.0,26064.0,2968.7578
367,16.3622,16.9393,2.0406,17.6116,368.0,29724.0,2968.7578
368,17.6459,16.6263,1.989,16.9669,374.0,43244.0,2968.7578
369,16.982,16.3926,1.9495,16.8104,374.0,32708.0,2968.7578
370,16.8357,16.9636,1.9186,17.3988,378.0,35400.0,2968.7578
371,17.3595,16.5016,1.8288,17.2852,345.0,24762.0,2968.7578
372,17.2995,16.7742,2.1407,17.065,341.0,23634.0,2968.7578
373,17.0646,16.917,2.7262,17.3188,335.0,23562.0,2968.7578
374,17.3642,16.465,2.7897,17.2573,336.0,23596.0,2968.7578
375,17.1807,16.8701,3.7668,17.8205,374.0,33698.0,2968.7578
376,17.9363,16.9384,3.0765,18.1928,346.0,27710.0,2968.7578
377,18.0953,17.125,2.3941,17.435,351.0,24592.0,2968.7578
378,17.5326,16.7753,2.1841,18.0086,339.0,23632.0,2968.7578
379,17.9272,16.4426,2.3681,16.5557,338.0,23620.0,2968.7578
380,16.5616,17.0202,2.166,17.5874,339.0,23632.0,2968.7578
381,17.5742,16.6263,2.1088,17.1443,334.0,23572.0,2968.7578
382,17.2404,16.8978,2.449,17.7202,371.0,31736.0,2968.7578
383,17.6663,16.8218,2.4439,17.6523,374.0,27092.0,2968.7578
384,17.6195,16.0192,2.1933,17.6806,376.0,29444.0,2968.7578
385,17.6701,17.1093,2.3187,17.7995,379.0,31340.0,2968.7578
386,17.8646,17.005,2.3883,17.675,379.0,31588.0,2968.7578
387,17.6662,16.4237,2.4409,16.8363,373.0,35572.0,2968.7578
388,16.7809,17.0514,2.1255,17.2735,373.0,32848.0,2968.7578
389,17.2604,16.9058,2.1036,18.1399,373.0,29378.0,2968.7578
390,18.1854,16.6753,2.0864,16.4533,367.0,26560.0,2968.7578
391,16.4402,16.8613,2.2139,16.9856,337.0,23608.0,2968.7578
392,16.9792,16.5013,2.0988,17.1752,333.0,23560.0,2968.7578
393,17.1979,16.6012,2.205,17.8649,333.0,23560.0,2968.7578
394,17.7987,16.7665,2.1175,17.0458,373.0,27576.0,2968.7578
395,17.0868,16.6062,2.2252,16.9556,371.0,26328.0,2968.7578
396,16.9582,17.0212,3.1613,17.8848,371.0,27434.0,2969.0078
397,18.0349,16.7412,2.8492,16.6567,370.0,30364.0,2969.0078
398,16.5431,16.4698,2.6866,17.3873,372.0,28838.0,2969.0078
399,17.4067,16.9756,2.8261,17.5825,371.0,26432.0,2969.0078
400,17.5534,16.9223,2.8138,18.0666,374.0,25688.0,2969.0078
401,18.1668,16.6698,2.9229,17.2349,348.0,24128.0,2969.0078
402,17.2192,17.0543,2.1782,17.1675,342.0,23624.0,2969.0078
403,17.1107,16.6695,2.1476,17.8874,336.0,23574.0,2969.0078
404,18.0111,16.8864,2.2569,17.5389,372.0,35246.0,2969.0078
405,17.4566,16.7251,2.3188,17.1742,370.0,28454.0,2969.0078
406,17.0444,16.6976,2.0848,17.5923,371.0,25696.0,2969.0078
407,17.5965,16.9402,2.571,17.9957,369.0,29544.0,2969.0078
408,18.04,16.6392,2.2795,17.2117,372.0,29420.0,2969.0078
409,17.3048,17.9299,2.4499,17.5126,370.0,25684.0,2969.0078
410,17.4565,17.0214,2.2731,17.2351,370.0,25842.0,2969.0078
411,17.1902,16.7028,2.2578,17.0362,370.0,28468.0,2969.0078
412,17.0847,16.8208,2.2914,17.6696,371.0,27552.0,2969.0078
413,17.6147,16.966,2.0639,17.2278,372.0,25708.0,2969.0078
414,17.3525,16.4552,2.1933,17.3364,370.0,28618.0,2969.0078
415,17.351,16.8237,2.2805,16.979,360.0,28850.0,2969.0078
416,16.8751,16.7518,2.1427,17.4254,341.0,23612.0,2969.0078
417,17.4097,16.4106,2.352,16.9235,342.0,23624.0,2969.0078
418,16.9153,16.8181,2.3263,16.9833,340.0,23600.0,2969.0078
419,17.0083,16.5374,2.2333,18.2359,337.0,23586.0,2969.0078
420,18.3043,16.8954,2.8066,16.6475,397.0,53879.0,2969.0078
421,16.5562,16.7995,3.0024,17.9788,347.0,27187.0,2969.0078
422,18.143,16.676,2.7941,17.349,334.0,23572.0,2969.0078
423,17.1787,17.0493,2.4175,17.6853,335.0,23584.0,2969.0078
424,17.7368,16.6256,2.8295,16.658,335.0,23584.0,2969.0078
425,16.5972,16.6211,2.2394,17.3048,360.0,26476.0,2969.0078
426,17.4623,16.8353,2.2245,17.1,370.0,32072.0,2969.0078
427,16.9867,16.6796,2.1153,17.539,368.0,33276.0,2969.0078
428,17.5849,16.6804,2.0797,17.4564,370.0,33114.0,2969.0078
429,17.5098,16.6787,2.1682,16.9096,371.0,35254.0,2969.0078
430,16.902,16.9157,2.277,17.6247,371.0,28928.0,2969.0078
431,17.4869,16.5804,2.0496,16.5296,371.0,27848.0,2969.0078
432,16.5477,16.8177,1.9838,18.342,378.0,27128.0,2969.0078
433,18.3665,16.6953,2.0401,17.8621,375.0,26164.0,2969.0078
434,17.8852,17.7786,2.0267,16.9566,374.0,29540.0,2969.0078
435,16.8783,16.4872,2.0559,17.4366,373.0,26126.0,2969.0078
436,17.548,16.6459,2.0732,16.8628,373.0,31246.0,2969.0078
437,16.7896,17.0738,2.0839,17.5743,372.0,26790.0,2969.0078
438,17.5924,16.4873,2.1488,17.5624,371.0,29808.0,2969.0078
439,17.5875,16.8175,2.0863,19.1574,375.0,40432.0,2969.0078
440,19.1358,16.8663,2.2881,16.5982,371.0,39470.0,2969.0078
441,16.7621,16.6992,2.8601,15.9223,373.0,24974.0,2969.0078
442,15.7475,17.1965,2.2918,17.5454,370.0,25348.0,2969.0078
443,17.5102,16.7993,2.2472,17.9882,373.0,25844.0,2969.0078
444,18.0284,16.9799,2.8882,17.3159,372.0,26080.0,2969.0078
445,17.5917,17.0216,3.3223,18.1782,375.0,31749.0,2969.0078
446,17.9459,16.9127,3.0549,17.6312,373.0,30806.0,2969.0078
447,17.6437,17.0742,2.3615,17.0322,367.0,25648.0,2969.0078
448,17.1073,16.8292,2.443,18.5385,372.0,25792.0,2969.0078
449,18.4791,16.8961,2.4835,17.3422,380.0,28384.0,2969.0078
450,17.4036,16.9468,2.8472,17.6252,375.0,25116.0,2969.0078
451,17.6211,16.7143,2.418,16.3589,372.0,46942.0,2969.0078
452,16.2413,16.8129,2.2534,17.9436,373.0,30930.0,2969.0078
453,17.9535,16.6063,2.1185,16.4488,373.0,26626.0,2969.0078
454,16.4497,16.7299,2.0702,18.1166,372.0,29972.0,2969.0078
455,18.1289,16.5066,2.0787,16.2662,372.0,24988.0,2969.0078
456,16.328,16.6188,1.9984,18.0637,367.0,24160.0,2969.0078
457,18.0082,16.9885,2.0328,16.8102,369.0,27992.0,2969.0078
458,16.7613,16.6941,2.0664,17.6186,372.0,40564.0,2969.0078
459,17.5781,16.7729,1.9254,16.8831,381.0,66946.0,2969.0078
460,16.9275,16.6288,2.0992,17.8991,381.0,55750.0,2969.0078
461,17.9528,17.0651,2.0533,21.0737,372.0,44166.0,2969.0078
462,21.0361,16.9601,2.389,13.7876,370.0,38718.0,2969.0078
463,13.7677,16.7931,2.1901,17.023,370.0,26612.0,2969.0078
464,17.0464,16.7445,2.0717,17.7427,376.0,25712.0,2969.0078
465,17.7508,16.673,2.1724,16.716,377.0,25724.0,2969.0078
466,16.6675,16.875,2.203,18.0435,374.0,25688.0,2969.0078
467,18.0584,16.7055,2.06,16.7563,374.0,25710.0,2969.0078
468,16.7863,17.0172,2.4982,17.4734,341.0,23730.0,2969.0078
469,17.5571,16.8296,2.7501,18.3838,346.0,23934.0,2969.0078
470,18.3079,16.5727,2.3461,16.6985,372.0,25708.0,2969.0078
471,16.7515,16.9144,2.5398,17.3417,370.0,25684.0,2969.0078
472,17.27,16.6522,2.1795,17.1524,374.0,25732.0,2969.0078
473,17.2699,16.8036,1.9766,17.3682,371.0,25696.0,2969.0078
474,17.2798,16.514,1.9495,16.5634,372.0,27548.0,2969.0078
475,16.6247,16.869,1.9866,17.9402,373.0,32224.0,2969.0078
476,17.8607,16.9927,2.2419,17.7408,371.0,39340.0,2969.0078
477,17.7452,16.5066,2.0439,16.9083,371.0,34120.0,2969.0078
478,16.94,17.0267,2.079,17.8662,371.0,34452.0,2969.0078
479,17.8184,16.6967,2.0288,17.253,338.0,23916.0,2969.0078
480,17.3061,17.6228,2.1169,17.2908,342.0,23624.0,2969.0078
481,17.2938,16.6881,1.9658,17.7416,337.0,23564.0,2969.0078
482,17.6993,16.9535,2.0606,17.6995,336.0,23552.0,2969.0078
483,17.6905,16.6652,2.0326,16.4485,374.0,33676.0,2969.0078
484,16.4599,16.4231,1.9005,17.4549,352.0,27952.0,2969.0078
485,17.482,17.0196,1.9781,17.2069,351.0,24378.0,2969.0078
486,17.1612,16.9834,1.6596,17.8743,337.0,23608.0,2969.0078
487,17.9286,16.6773,2.0219,17.552,334.0,23572.0,2969.0078
488,17.5459,16.638,2.2333,16.8052,337.0,23608.0,2969.0078
489,16.8161,16.6779,2.2268,18.0863,335.0,23584.0,2969.0078
490,18.0836,16.747,2.1407,17.168,371.0,31736.0,2969.0078
491,17.1592,16.8763,3.1285,17.1382,372.0,27068.0,2969.0078
492,17.108,17.0575,2.7713,19.1127,370.0,29416.0,2969.0078
493,19.2559,16.5593,2.9095,17.0166,454.0,50040.0,2969.0078
494,16.9621,18.5829,2.5806,18.2205,432.0,32088.0,2969.0078
495,18.1479,17.5324,2.3882,17.742,397.0,29944.0,2969.0078
496,17.7476,16.7395,2.1334,17.5699,402.0,30200.0,2969.0078
497,17.558,16.9725,1.8904,16.9677,404.0,24082.0,2969.0078
498,17.0265,16.4146,1.9921,18.0115,386.0,21826.0,2969.0078
499,17.9932,16.8745,2.0893,17.2867,365.0,19496.0,2969.0078
500,17.2568,17.6063,2.0779,17.1424,367.0,19540.0,2969.0078
501,17.1097,16.5801,2.2468,18.3557,370.0,19720.0,2969.0078
502,18.3998,16.5944,2.1801,16.9812,398.0,23556.0,2969.0078
503,16.9431,16.5569,2.4759,16.5329,400.0,22356.0,2969.0078
504,16.5693,16.9324,2.0672,18.1376,401.0,24197.0,2969.0078
505,18.1755,16.7615,2.1042,16.4837,397.0,23924.0,2969.0078
506,16.443,16.5451,2.1834,17.3054,398.0,23843.0,2969.0078
507,17.2564,16.6771,1.9458,17.4174,390.0,21334.0,2969.0078
508,17.4708,16.7682,2.0699,17.2515,401.0,21578.0,2969.0078
509,17.295,16.8176,1.9932,17.5155,371.0,19838.0,2969.0078
510,17.5608,16.7972,2.3863,17.4251,368.0,19418.0,2969.0078
511,17.442,17.0402,2.762,19.3249,361.0,19178.0,2969.0078
512,19.2803,16.8509,3.1713,17.2229,402.0,30402.0,2969.0078
513,17.2267,16.8544,2.4994,16.2068,399.0,22598.0,2969.0078
514,16.2419,16.8298,2.4566,18.1766,401.0,21828.0,2969.0078
515,18.0912,16.7564,2.1925,16.7487,400.0,23720.0,2969.0078
516,16.7444,17.0651,2.4015,17.0477,396.0,23808.0,2969.0078
517,17.0192,16.4874,1.9941,17.2073,396.0,20560.0,2969.0078
518,17.2036,16.4842,1.9836,16.986,394.0,21644.0,2969.0078
519,17.0252,17.0497,2.1421,18.0629,393.0,22402.0,2969.0078
520,18.021,16.5278,2.1802,17.2582,395.0,22426.0,2969.0078
521,17.3448,17.0507,2.2014,17.5951,392.0,20914.0,2969.0078
522,17.5597,16.9901,2.2386,17.5349,394.0,23628.0,2969.0078
523,17.5246,16.2234,2.2288,18.0458,378.0,22644.0,2969.0078
524,18.0963,17.7282,1.9965,17.7709,360.0,18386.0,2969.0078
525,17.7158,16.8091,2.0909,16.8559,357.0,18350.0,2969.0078
526,16.9152,16.9262,2.2637,18.0776,357.0,18350.0,2969.0078
527,18.0507,16.4394,2.1739,17.0795,359.0,18374.0,2969.0078
528,17.0905,17.0834,2.2133,16.9041,421.0,47656.0,2969.0078
529,16.8676,16.9649,2.1057,18.345,363.0,18378.0,2969.0078
530,18.3884,16.8797,2.1157,17.2806,363.0,18378.0,2969.0078
531,17.3338,16.936,2.5096,17.0115,362.0,18388.0,2969.0078
532,16.9582,16.8286,2.4749,17.523,362.0,18388.0,2969.0078
533,17.5163,16.4123,2.7719,17.1496,394.0,22244.0,2969.0078
534,17.1015,16.8746,2.8314,17.7863,395.0,29114.0,2969.0078
535,17.8956,16.9938,3.0348,17.5457,393.0,27118.0,2969.0078
536,17.5419,16.8608,2.5137,18.1618,392.0,28590.0,2969.0078
537,18.1354,16.8385,2.5724,17.553,392.0,28690.0,2969.0078
538,17.6118,16.9854,2.5466,17.0513,391.0,23254.0,2969.0078
539,16.9934,17.0137,2.1479,17.917,397.0,40294.0,2969.0078
540,17.906,16.9277,2.1623,17.2001,391.0,21398.0,2969.0078
541,17.13,16.7812,2.0888,16.9999,394.0,22620.0,2969.0078
542,17.1339,16.4762,2.0411,18.1409,392.0,22956.0,2969.0078
543,18.06,16.608,2.2571,17.8106,391.0,25222.0,2969.0078
544,17.7769,16.9494,2.1165,17.3347,397.0,21602.0,2969.0078
545,17.3759,17.759,2.1875,17.4897,398.0,21614.0,2969.0078
546,17.4663,16.5297,2.221,16.9716,398.0,35878.0,2969.0078
547,17.1206,17.8865,1.8881,18.3022,394.0,38080.0,2969.0078
548,18.1593,17.0769,2.2419,17.6878,394.0,20484.0,2969.0078
549,17.6629,17.0879,2.0401,17.3409,397.0,21016.0,2969.0078
550,17.3267,16.7039,2.2282,17.4182,397.0,38142.0,2969.0078
551,17.4328,16.4686,1.9157,17.3205,392.0,22329.0,2969.0078
552,17.3358,16.9671,2.3311,16.9768,393.0,20494.0,2969.0078
553,17.0862,16.7675,2.4782,17.3056,394.0,20506.0,2969.0078
554,17.212,16.8889,2.4583,17.558,392.0,36302.0,2969.0078
555,17.6081,16.8882,2.1536,18.0829,393.0,36498.0,2969.0078
556,17.9839,16.9701,2.0471,17.3339,391.0,20934.0,2969.0078
557,17.3574,16.7714,2.1275,17.2858,391.0,20934.0,2969.0078
558,17.3568,16.999,2.0456,17.7838,393.0,24758.0,2969.0078
559,17.712,17.0295,2.1448,18.0226,390.0,20794.0,2969.0078
560,18.0468,16.6371,2.1354,17.7913,394.0,32942.0,2969.0078
561,17.8231,17.1441,2.2258,16.4095,402.0,43330.0,2969.0078
562,16.3354,16.6599,2.043,18.5136,404.0,72884.0,2969.0078
563,18.5874,17.376,2.0017,17.596,399.0,39064.0,2969.0078
564,17.6115,17.7187,2.1347,17.5095,397.0,33554.0,2969.0078
565,17.4717,17.079,2.5539,17.9204,393.0,21400.0,2969.0078
566,17.9407,16.6706,2.2973,17.0322,393.0,20494.0,2969.0078
567,16.9977,16.5903,1.9261,17.1611,390.0,20458.0,2969.0078
568,17.1444,17.1033,1.9432,17.5179,393.0,20494.0,2969.0078
569,17.577,16.8827,2.1075,16.7964,388.0,20194.0,2969.0078
570,16.7641,17.0396,1.8658,17.9806,356.0,18370.0,2969.0078
571,18.008,16.8881,2.2033,17.6897,367.0,18982.0,2969.0078
572,17.7012,16.7213,2.6439,17.5091,393.0,20494.0,2969.0078
573,17.5081,17.032,3.0114,17.1399,390.0,20458.0,2969.0078
574,17.1278,16.8126,2.6536,17.5326,394.0,20506.0,2969.0078
575,17.5535,17.1322,2.8909,18.7727,390.0,20826.0,2969.0078
576,18.8635,16.5149,2.3458,16.7999,394.0,22862.0,2969.0078
577,16.8596,16.9233,2.5345,17.8935,396.0,30342.0,2969.0078
578,17.7176,17.1662,2.7132,18.3054,398.0,32682.0,2969.0078
579,18.4295,17.0343,2.6378,16.2417,392.0,29132.0,2969.0078
580,16.1211,16.946,2.2547,17.0858,385.0,25596.0,2969.0078
581,17.1038,16.4183,2.0103,16.8889,361.0,18704.0,2969.0078
582,16.8491,16.8193,2.0336,18.3609,358.0,18394.0,2969.0078
583,18.4267,17.2856,2.1513,17.8077,358.0,18394.0,2969.0078
584,17.7931,18.287,2.2145,17.4695,358.0,18394.0,2969.0078
585,17.3892,17.0614,2.0268,17.7239,394.0,28472.0,2969.0078
586,17.7446,16.8191,2.052,17.5991,369.0,22664.0,2969.0078
587,17.6281,16.8612,2.2808,17.3378,367.0,19078.0,2969.0078
588,17.3483,16.9534,2.1057,18.0883,358.0,18394.0,2969.0078
589,18.0912,16.7224,2.0544,16.3781,358.0,18394.0,2969.0078
590,16.3572,17.0131,2.0369,17.4912,360.0,18418.0,2969.0078
591,17.4968,16.8026,1.9639,17.4348,358.0,18394.0,2969.0078
592,17.4,16.7899,1.9386,17.4607,396.0,26526.0,2969.0078
593,17.469,16.804,2.2916,17.5276,395.0,22726.0,2969.0078
594,17.5927,16.9311,2.8295,17.3665,397.0,23734.0,2969.0078
595,17.3972,16.8459,2.8215,17.6221,405.0,31817.0,2969.0078
596,17.591,17.0259,2.2174,18.3355,397.0,28349.0,2969.0078
597,18.3093,16.7263,2.505,17.3194,398.0,25668.0,2969.0078
598,17.3587,16.894,2.3485,17.5339,393.0,26068.0,2969.0078
599,17.5479,16.9211,2.2847,17.4362,394.0,28616.0,2969.0078
600,17.4595,16.862,2.0565,16.838,392.0,29104.0,2969.0078
601,16.7045,17.1373,2.1388,17.2384,391.0,22678.0,2969.0078
602,17.2809,16.9343,2.0541,19.8461,363.0,18694.0,2969.0078
603,19.8417,17.7857,2.0136,16.4527,376.0,20530.0,2969.0078
604,16.5036,16.4493,2.5791,17.7563,359.0,18406.0,2969.0078
605,17.7533,16.6252,2.0587,16.5336,357.0,18382.0,2969.0078
606,16.5043,17.09,2.0109,18.0936,365.0,19326.0,2969.0078
607,18.1326,16.7863,2.285,17.05,393.0,22202.0,2969.0078
608,16.9847,16.8312,2.041,18.0828,400.0,21166.0,2969.0078
609,18.1921,17.1174,2.152,17.6702,395.0,24290.0,2969.0078
610,17.5868,16.8342,1.9574,17.337,396.0,22051.0,2969.0078
611,17.5046,16.7684,2.3592,16.7868,395.0,22429.0,2969.0078
612,16.7726,16.9672,2.2932,18.3519,382.0,20180.0,2969.0078
613,18.285,16.9174,2.7416,17.5987,396.0,20508.0,2969.0078
614,17.5526,16.9721,2.7887,17.5529,360.0,18610.0,2969.0078
615,17.5084,16.8646,2.3478,16.3948,358.0,18394.0,2969.0078
616,16.3694,16.6295,2.1802,18.0627,358.0,18394.0,2969.0078
617,18.1222,16.6881,2.1593,16.9941,393.0,29590.0,2969.0078
618,16.938,17.0477,2.0397,17.5975,392.0,21882.0,2969.0078
619,17.6673,17.1586,2.0181,18.0394,391.0,21160.0,2969.0078
620,18.0244,16.9491,2.2165,17.2699,390.0,23570.0,2969.0078
621,17.2423,17.0897,2.0042,18.805,391.0,23718.0,2969.0078
622,18.8528,16.8679,2.2089,17.2998,392.0,20482.0,2969.0078
623,17.2377,16.697,2.1522,17.0309,394.0,21592.0,2969.0078
624,17.0795,17.2638,1.8392,17.5357,396.0,22342.0,2969.0078
625,17.4462,16.8892,1.7568,17.7146,396.0,22342.0,2969.0078
626,17.803,16.997,2.0922,17.514,396.0,20950.0,2969.0078
627,17.5021,16.8743,1.9593,17.3528,395.0,23650.0,2969.0078
628,17.3791,17.2041,2.1692,17.3694,378.0,22654.0,2969.0078
629,17.3639,16.7874,2.0009,17.1291,357.0,18360.0,2969.0078
630,17.0606,16.5826,1.9027,17.0871,360.0,18418.0,2969.0078
631,17.156,17.0349,1.9954,17.5924,357.0,18382.0,2969.0078
632,17.5334,16.8913,1.9548,17.6639,357.0,18382.0,2969.0078
633,17.7074,16.7026,2.1543,16.9402,413.0,47636.0,2969.0078
634,16.9118,17.2029,2.3126,17.9721,357.0,18382.0,2969.0078
635,18.0706,17.0816,2.6959,18.5775,357.0,18382.0,2969.0078
636,18.5634,16.6655,2.2623,17.0633,359.0,18406.0,2969.0078
637,17.037,17.1189,2.2239,18.1446,362.0,18634.0,2969.0078
638,18.0967,16.8081,2.1478,17.3225,391.0,22966.0,2969.0078
639,17.382,17.1239,2.5315,17.9117,392.0,30154.0,2969.0078
640,18.1597,17.3571,2.5136,17.4437,395.0,26946.0,2969.0078
641,17.1433,17.1802,2.3343,18.6582,395.0,27834.0,2969.0078
642,18.7047,17.8408,2.2572,17.5863,395.0,28234.0,2969.0078
643,17.5801,16.5835,2.2164,17.2406,395.0,23280.0,2969.0078
644,17.2565,17.0715,2.1464,17.5545,393.0,22624.0,2969.0078
645,17.5098,16.8311,2.3916,18.1628,394.0,20948.0,2969.0078
646,18.1676,16.9596,2.3169,17.3949,392.0,22596.0,2969.0078
647,17.4543,16.8447,2.3388,16.8074,392.0,22956.0,2969.0078
648,16.7664,16.8333,2.2723,17.398,391.0,25590.0,2969.0078
649,17.3777,16.9761,2.3421,17.447,393.0,21230.0,2969.0078
650,17.4866,16.9541,2.3066,17.5596,391.0,23262.0,2969.0078
651,17.5769,17.1028,2.8425,18.2926,392.0,36858.0,2969.0078
652,18.2884,17.1205,2.6747,16.6671,391.0,35370.0,2969.0078
653,16.6482,16.6723,2.3965,18.1263,392.0,20482.0,2969.0078
654,18.2953,16.7153,2.0492,16.5098,394.0,21002.0,2969.0078
655,16.3851,16.86,2.2393,18.158,392.0,20482.0,2969.0078
656,18.0974,17.0685,2.1325,17.002,399.0,22369.0,2969.0078
657,16.9591,17.2032,2.1286,17.723,395.0,20474.0,2969.0078
658,17.739,16.9767,2.1705,17.1303,396.0,21102.0,2969.0078
659,17.1046,16.8939,1.9265,17.4837,395.0,36008.0,2969.0078
660,17.5422,16.9074,1.8584,18.4599,396.0,36204.0,2969.0078
661,18.4499,16.265,1.745,17.3795,394.0,20948.0,2969.0078
662,17.3674,16.5998,1.9992,16.9557,393.0,24294.0,2969.0078
663,16.9484,16.9449,2.0215,17.3155,394.0,21290.0,2969.0078
664,17.326,16.6765,1.9644,17.3449,393.0,20926.0,2969.0078
665,17.3461,16.7861,1.8125,17.1592,392.0,36346.0,2969.0078
666,17.1343,16.8066,1.8461,18.2202,400.0,44946.0,2969.0078
667,18.3894,16.6319,2.0522,16.6984,398.0,68292.0,2969.0078
668,16.5502,17.2153,2.29,17.625,394.0,38658.0,2969.0078
669,17.6197,16.7767,2.0423,17.1492,395.0,33552.0,2969.0078
670,17.1589,16.7538,1.8888,17.5376,393.0,21422.0,2969.0078
671,17.5195,16.8532,1.9275,17.0078,392.0,20482.0,2969.0078
672,17.0158,16.703,1.9374,17.4471,395.0,20474.0,2969.0078
673,17.4696,16.9028,2.3387,17.3616,396.0,20486.0,2969.0078
674,17.4328,16.9343,2.4548,17.8658,387.0,19994.0,2969.0078
675,17.836,17.0787,2.3308,17.9164,362.0,18564.0,2969.0078
676,17.8666,16.5547,1.8668,16.8694,375.0,19392.0,2969.0078
677,16.8878,16.7368,2.1069,17.3538,394.0,20484.0,2969.0078
678,17.3108,17.0775,1.8197,17.9595,392.0,20482.0,2969.0078
679,17.9855,16.728,1.8878,17.5302,392.0,20482.0,2969.0078
680,17.5257,17.171,1.8186,16.6461,390.0,21562.0,2969.0078
681,16.6684,16.7394,1.8394,18.3556,390.0,23786.0,2969.0078
682,18.3269,16.7798,1.8254,17.4959,392.0,32218.0,2969.0078
683,17.5127,16.9735,2.2288,18.0452,393.0,32178.0,2969.0078
684,18.0627,18.1636,2.1254,17.2192,392.0,28122.0,2969.0078
685,17.2308,16.9501,2.2583,17.5169,373.0,23314.0,2969.0078
686,17.548,16.3505,2.0783,17.0654,358.0,18394.0,2969.0078
687,16.9588,16.9139,2.0994,17.375,359.0,18406.0,2969.0078
688,17.4863,16.6697,1.9738,17.3006,361.0,18386.0,2969.0078
689,17.2206,16.8911,1.9919,17.5385,398.0,28476.0,2969.0078
690,17.5813,16.8285,1.9169,17.076,379.0,22932.0,2969.0078
691,17.0545,16.7232,2.0223,17.6106,367.0,18864.0,2969.0078
692,17.6514,16.6875,2.0673,16.7153,359.0,18384.0,2969.0078
693,16.7498,16.6699,1.9517,17.6567,358.0,18372.0,2969.0078
694,17.5901,17.0848,1.995,17.2925,359.0,18406.0,2969.0078
695,17.2623,16.7334,2.3403,17.7836,356.0,18370.0,2969.0078
696,17.8727,16.8789,2.5729,17.7118,393.0,26534.0,2969.0078
697,17.7358,17.2236,2.2083,17.8216,392.0,22734.0,2969.0078
698,17.7343,16.8137,2.016,17.4671,390.0,23694.0,2969.0078
699,17.5241,17.039,1.9346,17.4081,399.0,32143.0,2969.0078
700,17.3704,17.0396,1.8932,17.2019,391.0,28675.0,2969.0078
701,17.1679,16.4349,1.8184,17.4077,393.0,26006.0,2969.0078
702,17.4324,16.7822,2.0646,17.1399,388.0,26384.0,2969.0078
703,17.1205,16.6296,1.9683,18.3924,389.0,28932.0,2969.0078
704,18.4509,18.1562,2.1463,17.6559,392.0,29436.0,2969.0078
705,17.6223,16.4454,2.2505,16.506,395.0,23058.0,2969.0078
706,16.4862,16.9593,1.8977,17.3237,366.0,19350.0,2969.0078
707,17.3037,16.6384,1.7371,17.5621,367.0,20488.0,2969.0078
708,17.6175,16.8929,1.8551,17.207,356.0,18724.0,2969.0078
709,17.1621,16.737,1.8725,17.0082,356.0,18724.0,2969.0078
710,17.0159,16.3744,1.6445,17.2681,367.0,20430.0,2969.0078
711,17.3144,17.0392,1.5944,17.606,386.0,22188.0,2969.0078
712,17.5492,16.8324,1.8236,17.2815,388.0,21284.0,2969.0078
713,17.2862,16.9707,1.817,18.0455,387.0,25811.0,2969.0078
714,18.0844,16.6003,1.8384,16.7925,387.0,21534.0,2969.0078
715,16.7859,16.7029,2.1362,17.3213,386.0,22351.0,2969.0078
716,17.3372,16.8715,1.9171,17.3264,376.0,20554.0,2969.0078
717,17.3383,16.6133,2.2978,16.738,386.0,20738.0,2969.0078
718,16.673,16.7923,2.0567,17.5607,356.0,18746.0,2969.0078
719,17.622,16.7958,2.3752,18.17,357.0,18758.0,2969.0078
720,18.1259,16.993,2.082,17.5881,391.0,29898.0,2969.0078
721,17.5969,16.864,2.0477,17.1057,394.0,22238.0,2969.0078
722,17.1393,17.0319,2.2338,17.9772,390.0,21480.0,2969.0078
723,17.9914,16.7845,2.4347,17.2387,390.0,23924.0,2969.0078
724,17.2192,16.8324,1.9673,17.376,390.0,24060.0,2969.0078
725,17.3533,16.8757,2.0013,17.2548,390.0,20812.0,2969.0078
726,17.2867,16.6047,1.9796,16.9106,389.0,21908.0,2969.0078
727,16.8687,17.0227,1.9793,19.0262,389.0,22678.0,2969.0078
728,19.0336,18.0426,1.8531,17.0127,387.0,22654.0,2969.0078
729,17.0088,16.7493,1.9522,17.0927,390.0,21298.0,2969.0078
730,17.0936,16.7534,1.93,17.4665,386.0,23940.0,2969.0078
731,17.5077,16.736,2.0958,17.0235,371.0,23016.0,2969.0078
732,17.1301,17.1178,2.135,17.704,353.0,18710.0,2969.0078
733,17.5781,16.5876,1.9893,17.5035,353.0,18710.0,2969.0078
734,17.5061,16.9157,1.9297,17.0862,353.0,18710.0,2969.0078
735,17.0656,16.7798,1.826,17.477,353.0,18710.0,2969.0078
736,17.4544,16.6242,1.5807,17.1874,415.0,47992.0,2969.0078
737,17.1636,17.0801,1.6544,17.198,358.0,18726.0,2969.0078
738,17.2367,16.9397,1.717,17.8032,359.0,18738.0,2969.0078
739,17.8206,16.6679,1.928,17.2521,355.0,18712.0,2969.0078
740,17.2676,17.1517,2.5896,18.5679,372.0,19636.0,2969.0078
741,18.6182,17.0991,2.1737,17.6994,388.0,25956.0,2969.0078
742,17.6674,16.915,1.9899,17.6409,387.0,29826.0,2969.0078
743,17.7011,16.8376,1.9764,16.6199,389.0,26702.0,2969.0078
744,16.635,16.7257,2.128,17.9688,389.0,29034.0,2969.0078
745,17.8459,16.8882,1.9763,17.0538,388.0,26282.0,2969.0078
746,17.0623,16.8273,1.9519,17.0412,392.0,23642.0,2969.0078
747,17.1389,16.9527,1.9805,18.4846,387.0,22950.0,2969.0078
748,18.398,16.5914,2.0064,17.085,388.0,22288.0,2969.0078
749,17.074,16.8264,1.9407,17.8951,387.0,22568.0,2969.0078
750,17.9254,17.8046,1.9998,17.0814,390.0,23638.0,2969.0078
751,17.0633,17.1559,2.0207,17.7141,389.0,24942.0,2969.0078
752,17.7543,16.5566,2.0709,17.2167,393.0,23250.0,2969.0078
753,17.24,16.8429,2.0889,17.3209,393.0,29658.0,2969.0078
754,17.2665,16.9639,1.9953,17.259,395.0,32624.0,2969.0078
755,17.2753,16.6951,1.9927,17.0752,389.0,32574.0,2969.0078
756,17.0584,17.1475,2.0035,17.8021,389.0,20924.0,2969.0078
757,17.7991,16.8478,1.9909,17.3972,391.0,21196.0,2969.0078
758,17.3973,16.415,1.9722,16.9221,390.0,20834.0,2969.0078
759,16.9472,17.0116,2.0267,17.6841,391.0,22693.0,2969.0078
760,17.6593,16.7624,2.2499,17.2014,388.0,21118.0,2969.0078
761,17.2124,17.1096,2.3636,18.3985,389.0,27598.0,2969.0078
762,18.4958,16.7942,2.2256,16.5104,387.0,35074.0,2969.0078
763,16.3918,16.5543,1.9073,17.2785,393.0,31798.0,2969.0078
764,17.3187,17.0909,1.8597,17.8781,388.0,24146.0,2969.0078
765,17.8377,16.7096,2.0466,17.3648,388.0,21594.0,2969.0078
766,17.3717,17.0155,2.0486,17.1777,389.0,20998.0,2969.0078
767,17.1593,16.7007,1.8669,17.4329,388.0,25554.0,2969.0078
768,17.441,16.8485,1.8916,17.3994,397.0,44686.0,2969.0078
769,17.4656,16.7501,2.0782,17.5033,397.0,44954.0,2969.0078
770,17.4887,16.616,1.8169,17.987,400.0,60156.0,2969.0078
771,17.9328,17.0811,1.9928,18.4272,391.0,36318.0,2969.0078
772,18.4377,17.4186,2.0213,16.2113,392.0,33800.0,2969.0078
773,16.1859,17.0352,1.9905,17.514,390.0,21276.0,2969.0078
774,17.5718,16.6021,1.9206,17.0443,386.0,20786.0,2969.0078
775,17.0044,16.9803,1.9312,17.8023,387.0,20798.0,2969.0078
776,17.8037,16.4846,1.8568,16.5589,386.0,20786.0,2969.0078
777,16.553,16.6924,1.9619,17.2504,369.0,19670.0,2969.0078
778,17.2852,16.8241,1.8694,17.4008,369.0,19574.0,2969.0078
779,17.372,16.6138,2.0181,17.6124,372.0,19850.0,2969.0078
780,17.6243,16.9363,2.003,17.5919,389.0,20822.0,2969.0078
781,17.5904,16.7686,1.9287,17.0229,387.0,20798.0,2969.0078
782,17.0074,16.7665,1.8524,17.2239,389.0,21190.0,2969.0078
783,17.2496,16.9172,2.2179,17.4117,389.0,21558.0,2969.0078
784,17.5436,16.7772,2.0592,17.3835,390.0,28766.0,2969.0078
785,17.2747,16.9338,2.2945,17.2879,392.0,31814.0,2969.0078
786,17.3151,16.7945,2.3858,17.7241,395.0,33454.0,2969.0078
787,17.688,16.7909,1.8556,17.5419,390.0,24488.0,2969.0078
788,17.6642,16.6856,2.374,16.9039,359.0,22056.0,2969.0078
789,16.8753,16.8343,2.0928,17.4898,355.0,18712.0,2969.0078
790,17.3902,16.79,1.9937,17.3046,353.0,18710.0,2969.0078
791,17.337,16.4722,1.8332,17.5931,357.0,20638.0,2969.0078
792,17.6883,16.7204,2.0065,16.644,391.0,28812.0,2969.0078
793,16.5485,16.7793,1.8928,18.0398,366.0,21364.0,2969.0078
794,18.0464,16.7015,2.0096,17.1227,358.0,19058.0,2969.0078
795,17.0851,16.8927,1.9177,17.6013,352.0,18698.0,2969.0078
796,17.6105,17.4269,1.9106,17.4383,353.0,18710.0,2969.0078
797,17.4871,16.9788,1.9702,17.2181,352.0,18698.0,2969.0078
798,17.1651,16.5059,2.1871,17.4814,352.0,18698.0,2969.0078
799,17.5169,16.8269,1.9253,17.6844,388.0,26850.0,2969.0078
800,17.6617,16.7828,1.9804,16.9521,391.0,23054.0,2969.0078
801,16.9268,16.4161,1.8245,16.9588,392.0,24050.0,2969.0078
802,16.9675,17.112,1.9411,17.551,401.0,32123.0,2969.0078
803,17.5611,16.7702,2.0376,17.3012,394.0,28689.0,2969.0078
804,17.3066,16.8394,1.7957,17.3653,391.0,25960.0,2969.0078
805,17.4739,16.7092,1.8363,17.3208,391.0,26398.0,2969.0078
806,17.1985,16.9232,1.827,17.4618,388.0,28920.0,2969.0078
807,17.5078,16.6766,2.0587,16.9911,387.0,29420.0,2969.0078
808,16.9461,16.7496,2.2448,17.4346,388.0,23018.0,2969.0078
809,17.4386,16.6266,2.6028,16.8614,371.0,20430.0,2969.0078
810,16.8916,16.8754,2.2594,17.8134,358.0,19426.0,2969.0078
811,17.8364,16.9262,2.7917,17.725,355.0,18734.0,2969.0078
812,17.7205,16.9789,2.1797,17.9268,352.0,18698.0,2969.0078
813,17.9154,17.0315,2.1643,20.2753,367.0,20526.0,2969.0078
814,20.337,16.9989,2.2345,18.1001,1022.0,134763.0,2969.0078
815,18.2878,15.6526,2.4572,15.0975,667.0,69782.0,2969.0078
816,14.8869,16.2298,2.309,15.9112,656.0,41024.0,2969.0078
817,15.8705,14.6707,2.1847,15.3338,555.0,72866.0,2969.0078
818,15.4771,14.1792,2.555,16.9313,489.0,21150.0,2969.0078
819,16.9328,14.5059,3.0042,12.7641,391.0,22490.0,2969.0078
820,12.6558,14.507,3.1007,15.1587,435.0,21540.0,2969.0078
821,15.1579,14.645,3.3107,14.1296,381.0,13064.0,2969.0078
822,14.081,14.3845,3.0468,15.0798,392.0,17712.0,2969.0078
823,15.133,13.1,2.678,16.6076,390.0,13450.0,2969.0078
824,16.7676,13.7931,2.6943,14.0703,390.0,13450.0,2969.0078
825,14.1829,14.1013,3.0995,13.7449,393.0,17650.0,2969.0078
826,13.4994,14.0683,3.0699,15.1929,398.0,29384.0,2969.0078
827,15.2084,13.9845,2.5013,12.2518,391.0,14878.0,2969.0078
828,12.2321,14.1996,2.9446,14.4324,395.0,15748.0,2969.0078
829,14.3285,13.9937,1.9986,14.5666,390.0,17776.0,2969.0078
830,14.5983,13.7329,1.8416,14.5384,391.0,16254.0,2969.0078
831,14.5778,12.5727,2.0063,13.3005,391.0,19444.0,2969.0078
832,13.2873,13.6031,2.0978,14.7425,393.0,15680.0,2969.0078
833,14.7351,14.0815,2.0065,14.5952,395.0,13962.0,2841.0078
834,14.6383,13.9301,2.1057,13.6907,394.0,24842.0,2841.0078
835,13.5993,14.1306,2.2603,14.9173,392.0,29456.0,2841.0078
836,14.9875,14.1053,2.2505,14.7405,393.0,13368.0,2841.0078
837,14.7097,13.7571,1.9992,14.0769,391.0,13104.0,2841.0078
838,14.1598,12.6006,1.9505,14.7431,392.0,18266.0,2841.0078
839,14.6999,13.5618,1.9605,13.7702,393.0,31650.0,2841.0078
840,13.7538,14.0777,1.9115,14.5213,394.0,31274.0,2841.0078
841,14.5475,13.7151,2.0466,13.4289,397.0,51040.0,2841.0078
842,13.3543,14.0407,2.1041,14.6683,390.0,36784.0,2841.0078
843,14.6499,13.8686,1.9779,15.2311,389.0,13902.0,2841.0078
844,15.2758,14.0739,2.2865,14.0307,389.0,13438.0,2841.0078
845,14.0157,12.5946,1.942,14.6062,391.0,14198.0,2841.0078
846,14.5996,13.7192,1.8247,13.5023,391.0,34598.0,2841.0078
847,13.6046,13.6905,2.0073,14.7498,391.0,28290.0,2841.0078
848,14.7047,14.0764,2.0364,13.5723,394.0,17414.0,2841.0078
849,13.7094,13.9285,2.3794,14.3575,394.0,18022.0,2841.0078
850,14.1989,13.887,1.9577,14.9327,396.0,21364.0,2841.0078
851,14.94,14.0048,1.9259,14.4268,394.0,14928.0,2841.0078
852,14.5369,12.6272,2.0292,14.6293,392.0,16984.0,2841.0078
853,14.5273,13.9045,1.9541,13.1684,393.0,17052.0,2841.0078
854,13.1926,13.9905,2.1794,14.5666,393.0,22732.0,2841.0078
855,14.5432,13.9926,2.0637,14.108,391.0,16988.0,2841.0078
856,14.1501,13.6963,2.3494,14.4085,392.0,14236.0,2841.0078
857,14.3343,13.6709,1.9135,14.1626,390.0,15616.0,2841.0078
858,14.1934,13.9073,1.9722,14.5425,391.0,19548.0,2841.0078
859,14.5348,12.7066,2.0778,13.8675,389.0,13454.0,2841.0078
860,13.8285,13.0524,1.8941,14.407,392.0,11698.0,2841.0078
861,14.491,13.869,2.139,14.1427,390.0,11674.0,2841.0078
862,14.2277,14.0982,2.0346,13.8737,390.0,21146.0,2841.0078
863,13.7422,13.8165,2.1992,14.6064,392.0,13894.0,2841.0078
864,14.6176,13.8506,2.1515,14.3877,400.0,20554.0,2841.0078
865,14.4275,13.88,2.1267,14.3242,403.0,39914.0,2841.0078
866,14.2566,12.6881,1.8249,14.5938,394.0,15898.0,2841.0078
867,14.6131,13.8288,1.9828,13.7085,394.0,14234.0,2841.0078
868,13.7225,14.0147,1.9882,14.9803,392.0,15378.0,2841.0078
869,15.0436,13.8314,2.0118,13.3225,399.0,17646.0,2841.0078
870,13.1904,13.8215,2.0516,14.5188,390.0,14602.0,2841.0078
871,14.566,13.8876,2.0779,14.4658,390.0,14664.0,2841.0078
872,14.4839,13.7955,2.0293,14.2327,391.0,13840.0,2841.0078
873,14.1897,12.6225,1.8638,13.5948,392.0,14602.0,2841.0078
874,13.6313,13.8404,2.156,14.6468,394.0,14870.0,2841.0078
875,14.7562,13.9682,2.1055,15.2991,397.0,20599.0,2841.0078
876,15.4476,13.8553,2.0283,12.5615,390.0,18928.0,2841.0078
877,12.2543,13.8722,1.8531,15.6415,392.0,14094.0,2841.0078
878,15.67,13.9432,1.9096,13.8623,392.0,12704.0,2841.0078
879,13.8665,12.6192,2.1919,15.0549,391.0,33530.0,2841.0078
880,15.0275,13.7306,2.0753,12.5668,395.0,19930.0,2841.0078
881,12.6469,13.8088,1.8723,15.5058,398.0,28721.0,2841.0078
882,15.4787,13.933,1.9882,14.0763,393.0,15834.0,2841.0078
883,14.039,13.5181,2.1091,13.8636,393.0,13464.0,2841.0078
884,13.9858,13.7505,2.4792,14.2152,397.0,19053.0,2841.0078
885,14.1544,14.9859,2.4428,14.6994,393.0,13464.0,2841.0078
886,14.618,14.0171,1.908,14.9937,389.0,13438.0,2841.0078
887,15.0534,12.6575,1.8898,13.7254,391.0,15309.0,2841.0078
888,13.7502,12.7997,1.9157,13.5404,389.0,14366.0,2841.0078
889,13.5118,13.986,1.9142,14.1784,390.0,13914.0,2841.0078
890,14.2299,13.6532,2.1714,14.3407,390.0,13450.0,2841.0078
891,14.2628,13.7995,1.9105,14.2194,393.0,15344.0,2841.0078
892,14.3576,13.8604,2.0463,14.3409,393.0,16270.0,2841.0078
893,14.2327,12.5941,1.8871,14.3666,392.0,17928.0,2841.0078
894,14.3593,12.8773,1.9012,13.9144,390.0,14812.0,2841.0078
895,13.9434,14.2392,2.0857,14.8319,392.0,18008.0,2841.0078
896,14.8416,13.5087,1.9469,13.1671,393.0,19538.0,2841.0078
897,13.2165,13.5206,2.3158,14.586,393.0,16168.0,2841.0078
898,14.5308,13.7802,1.9984,14.29,397.0,16182.0,2841.0078
899,14.3207,14.0126,2.0247,14.448,393.0,14954.0,2841.0078
900,14.4143,12.6283,2.0443,14.2447,397.0,26408.0,2841.0078
901,14.2381,14.1159,2.2606,13.9841,395.0,20160.0,2841.0078
902,14.0807,14.2324,1.9712,14.6748,390.0,13570.0,2841.0078
903,14.5502,13.8186,1.9781,13.5975,392.0,13474.0,2841.0078
904,13.5842,13.7668,2.0087,14.08,392.0,16541.0,2841.0078
905,14.0922,13.785,2.3902,14.411,395.0,18363.0,2841.0078
906,14.4092,13.6916,1.8011,14.2256,389.0,14212.0,2841.0078
907,14.2385,12.6272,1.8997,13.2786,389.0,14270.0,2841.0078
908,13.3765,12.8629,1.9058,14.8385,389.0,17212.0,2841.0078
909,14.7543,13.5541,1.967,13.243,391.0,13462.0,2841.0078
910,13.2877,13.7612,1.9765,14.5384,392.0,14478.0,2841.0078
911,14.5289,14.1881,1.8704,14.9185,398.0,22408.0,2841.0078
912,14.8833,13.3515,2.0652,14.3652,395.0,23970.0,2841.0078
913,14.3643,12.6791,1.9193,14.3686,396.0,16214.0,2841.0078
914,14.3738,13.7782,1.9556,13.6686,395.0,14016.0,2841.0078
915,13.7332,13.9982,2.2428,14.0418,394.0,17802.0,2841.0078
916,13.9903,13.6041,2.1657,13.5251,394.0,18506.0,2841.0078
917,13.4861,13.4988,2.2001,14.702,392.0,17196.0,2841.0078
918,14.7403,13.7717,2.0813,14.4212,391.0,15700.0,2841.0078
919,14.3918,13.6341,2.6439,14.2254,394.0,19226.0,2841.0078
920,14.3532,12.6285,1.9016,13.6156,389.0,19594.0,2841.0078
921,13.5573,13.7718,2.0835,14.8216,390.0,29406.0,2841.0078
922,14.7633,14.1723,2.0518,14.3379,389.0,13294.0,2841.0078
923,14.3593,13.4869,1.9889,14.1752,393.0,16582.0,2841.0078
924,14.2413,13.8407,2.1498,13.7382,392.0,16894.0,2841.0078
925,13.6701,13.4955,2.2832,14.4672,393.0,29686.0,2841.0078
926,14.4404,13.3845,2.1179,13.8268,397.0,32906.0,2841.0078
927,13.9059,12.6205,2.0926,13.7697,397.0,52636.0,2841.0078
928,13.7438,13.7888,2.0948,15.0384,395.0,33608.0,2841.0078
929,15.0076,13.8946,2.1495,13.7211,394.0,13918.0,2841.0078
930,13.8157,14.0339,2.1988,13.9951,394.0,13454.0,2841.0078
931,13.8675,14.464,2.1045,15.4306,393.0,18412.0,2841.0078
932,15.4227,13.5295,2.1092,14.1285,395.0,33628.0,2841.0078
933,14.1521,12.8414,1.948,14.0643,393.0,25214.0,2841.0078
934,14.1211,13.7493,2.0936,13.3966,391.0,17284.0,2841.0078
935,13.3468,13.835,1.9452,14.2583,393.0,18422.0,2841.0078
936,14.2834,13.8131,2.1215,14.152,391.0,21236.0,2841.0078
937,14.2054,13.9232,1.99,14.4088,393.0,14682.0,2841.0078
938,14.3248,13.911,1.6948,14.3634,390.0,16982.0,2841.0078
939,14.4375,13.4525,1.9013,13.8237,390.0,21670.0,2841.0078
940,13.784,12.6581,2.1234,14.3821,390.0,18064.0,2841.0078
941,14.351,12.851,1.9007,12.8775,392.0,17000.0,2841.0078
942,12.9081,13.7357,1.925,14.8425,391.0,14224.0,2841.0078
943,14.8492,13.4883,2.1622,13.8822,392.0,15640.0,2841.0078
944,13.8662,14.316,2.1065,14.6069,396.0,19468.0,2841.0078
945,14.602,13.8814,2.1959,15.0411,395.0,13386.0,2841.0078
946,15.1448,13.4161,2.0632,13.8172,395.0,11690.0,2841.0078
947,13.7427,12.6236,1.9797,13.6877,392.0,11676.0,2841.0078
948,13.6724,13.2469,1.9014,14.3281,395.0,21634.0,2841.0078
949,14.3295,13.7567,1.8676,15.4492,395.0,13650.0,2841.0078
950,15.4571,13.5999,1.9666,12.5041,394.0,25121.0,2841.0078
951,12.4673,13.6856,1.8445,14.2416,400.0,35327.0,2841.0078
952,14.2609,13.8667,2.0036,15.0058,392.0,16382.0,2841.0078
953,15.0334,12.6174,1.9462,13.7242,390.0,14278.0,2841.0078
954,13.7208,13.7424,2.0615,13.458,391.0,15858.0,2841.0078
955,13.4292,14.0667,1.8892,14.5943,393.0,17328.0,2841.0078
956,14.6005,13.5805,2.08,13.5662,391.0,13686.0,2841.0078
957,13.662,13.527,2.1027,14.19,391.0,14868.0,2841.0078
958,14.0997,14.1146,2.0153,14.8208,390.0,13938.0,2841.0078
959,14.8449,13.5209,1.8933,14.3663,393.0,14504.0,2841.0078
960,14.3437,12.6359,1.9646,13.7837,396.0,14802.0,2841.0078
961,13.7823,13.8117,2.1098,14.8407,402.0,21817.0,2841.0078
962,14.8134,14.3787,2.2421,14.1259,394.0,18146.0,2841.0078
963,14.2257,13.7988,2.0036,13.8239,392.0,13766.0,2841.0078
964,13.71,14.1157,2.0775,14.991,392.0,16664.0,2841.0078
965,15.108,13.1576,2.303,14.3354,391.0,29832.0,2841.0078
966,14.2961,13.315,2.0393,14.1341,390.0,22586.0,2841.0078
967,14.1074,12.9534,1.9526,14.5091,394.0,25677.0,2841.0078
968,14.4869,13.8727,1.8686,13.9828,391.0,15854.0,2841.0078
969,14.0426,13.9679,2.0655,14.1939,393.0,15333.0,2841.0078
970,14.2121,14.2625,1.9982,14.3123,395.0,17204.0,2841.0078
971,14.248,13.6663,2.2673,14.9493,391.0,13462.0,2841.0078
972,14.9652,13.3333,2.1847,14.2367,390.0,13450.0,2841.0078
973,14.2224,13.8375,2.1103,14.0911,393.0,15333.0,2841.0078
974,14.1364,12.5826,1.8719,13.4762,391.0,14854.0,2841.0078
975,13.4623,13.4248,1.8348,13.4778,390.0,13450.0,2841.0078
976,13.447,13.4645,1.9469,13.8221,394.0,14356.0,2841.0078
977,13.877,14.5786,1.9737,15.1847,396.0,14434.0,2841.0078
978,15.1445,13.9394,2.1488,14.3665,396.0,17654.0,2841.0078
979,14.3888,13.7117,2.295,14.8281,393.0,16526.0,2841.0078
980,14.8318,13.5548,2.0136,14.6691,391.0,15888.0,2841.0078
981,14.7225,12.914,1.9955,13.6296,392.0,17058.0,2841.0078
982,13.579,14.2702,2.0039,14.816,391.0,19768.0,2841.0078
983,14.8203,13.7483,2.0879,14.5339,391.0,15820.0,2841.1328
984,14.516,14.0994,2.2122,14.0766,391.0,16154.0,2841.1328
985,14.1089,13.4093,2.1443,13.3305,392.0,15428.0,2841.1328
986,13.2934,13.6045,1.9377,14.5497,398.0,29314.0,2841.1328
987,14.5715,12.8881,1.9404,13.9639,391.0,16798.0,2841.1328
988,13.9639,13.1708,1.8951,13.469,390.0,13570.0,2841.1328
989,13.5366,13.8047,2.0146,14.3171,390.0,14000.0,2841.1328
990,14.1794,13.5158,1.8552,13.4565,394.0,17862.0,2841.1328
991,13.5443,13.9616,1.8294,14.8513,390.0,16456.0,2841.1328
992,14.7487,13.3994,1.6924,13.6045,394.0,14228.0,2841.1328
993,13.6457,13.3599,1.6436,13.8156,393.0,14808.0,2841.1328
994,13.8857,12.8357,1.4449,13.6934,396.0,16718.0,2841.1328
995,13.6455,13.4499,1.4004,14.2796,392.0,13452.0,2841.1328
996,14.2815,13.3565,1.7627,13.4054,395.0,16803.0,2841.1328
997,13.3958,13.7067,2.3147,14.2227,398.0,21079.0,2841.1328
998,14.2467,13.5718,2.0297,13.9645,392.0,22974.0,2841.1328
999,13.9673,13.0672,1.8821,14.1029,391.0,16198.0,2841.1328
1000,14.113,12.7649,1.9241,13.2947,390.0,16252.0,2841.1328
1001,13.3007,13.5474,1.8526,13.9151,390.0,17762.0,2841.1328
1002,13.8541,13.5543,1.9332,13.5217,392.0,16266.0,2841.1328
1003,13.5259,13.6933,2.1008,14.6603,390.0,17194.0,2841.1328
1004,14.697,13.5717,2.0056,14.0459,390.0,20920.0,2841.1328
1005,14.0278,13.2346,1.7397,13.9628,390.0,13946.0,2841.1328
1006,13.9306,12.9886,1.6406,13.5419,391.0,24802.0,2841.1328
1007,13.6038,13.5082,1.7735,14.3588,392.0,24246.0,2841.1328
1008,14.3348,13.5155,1.7308,13.7532,395.0,16610.0,2841.1328
1009,13.7849,13.9068,2.0965,14.2018,395.0,15238.0,2841.1328
1010,14.1772,13.6671,1.8741,14.2335,396.0,14934.0,2841.1328
1011,14.2908,13.2191,2.0046,14.0825,394.0,31272.0,2841.1328
1012,14.0161,12.7798,1.8065,13.4721,397.0,32946.0,2841.1328
1013,13.4629,13.577,1.9014,13.5379,398.0,51030.0,2841.1328
1014,13.5926,13.6494,1.8705,16.1303,392.0,33554.0,2841.1328
1015,16.1209,13.812,1.9332,12.031,391.0,13926.0,2841.1328
1016,12.0008,13.5186,1.9229,14.5087,393.0,16294.0,2841.1328
1017,14.5744,13.3319,1.9251,13.8116,389.0,18794.0,2841.1328
1018,13.737,12.6559,1.878,14.1137,391.0,32074.0,2841.1328
1019,14.234,13.6346,1.9344,14.0565,393.0,23548.0,2841.1328
1020,14.0404,13.659,2.0162,13.8286,392.0,17664.0,2841.1328
1021,13.7185,13.9202,2.0358,13.9376,389.0,18262.0,2841.1328
1022,13.9197,13.6306,1.6572,14.1851,390.0,20968.0,2841.1328
1023,14.2259,13.355,2.0158,14.256,392.0,15038.0,2841.1328
1024,14.2544,12.9255,1.8684,14.14,394.0,17354.0,2841.1328
1025,14.134,12.7841,1.8995,13.8686,394.0,22482.0,2841.1328
1026,13.8948,13.6977,1.8904,13.3525,396.0,17738.0,2841.1328
1027,13.3458,13.6536,1.9218,13.8105,396.0,15836.0,2841.1328
1028,13.886,13.6777,1.7857,14.556,392.0,14214.0,2841.1328
1029,14.4617,13.8902,1.9677,14.5643,393.0,15884.0,2841.1328
1030,14.5585,12.5722,1.8003,14.1983,390.0,19138.0,2841.1328
1031,14.1509,12.6805,1.5919,13.1263,390.0,13226.0,2841.1328
1032,13.2106,13.3903,1.8778,13.5482,391.0,11686.0,2841.1328
1033,13.5426,13.813,1.8722,14.9061,390.0,11674.0,2841.1328
1034,14.8635,13.6878,1.9353,13.7475,389.0,21776.0,2841.1328
1035,13.7467,13.7936,2.141,14.2249,392.0,14718.0,2841.1328
1036,14.1943,13.162,1.6107,13.8668,395.0,27906.0,2841.1328
1037,13.9065,12.7403,1.7026,13.3517,399.0,31876.0,2841.1328
1038,13.3312,13.5789,1.5263,13.9208,389.0,15882.0,2841.1328
1039,14.064,13.9753,1.75,14.0263,392.0,14350.0,2841.1328
1040,13.9147,13.5154,1.7273,14.1227,396.0,16878.0,2841.1328
1041,14.1204,14.0263,2.2604,14.7298,393.0,16504.0,2841.1328
1042,14.8033,13.3576,1.989,14.2336,393.0,13346.0,2841.1328
1043,14.1869,12.3617,1.8039,13.6699,391.0,14942.0,2841.1328
1044,13.6582,13.4022,1.8901,13.022,394.0,14122.0,2841.1328
1045,13.0755,14.0535,1.9722,14.7422,394.0,14336.0,2841.1328
1046,14.7341,13.6282,2.0014,13.7791,392.0,14900.0,2841.1328
1047,13.7272,13.5156,2.0139,14.3445,395.0,22365.0,2841.1328
1048,14.3955,13.6141,1.828,14.1393,394.0,17500.0,2841.1328
1049,14.1313,12.3567,1.9425,13.7858,390.0,14596.0,2841.1328
1050,13.7788,13.2842,1.7761,13.3468,393.0,16330.0,2841.1328
1051,13.3553,13.2004,1.9487,14.6812,391.0,29390.0,2841.1328
1052,14.6929,13.6904,1.9136,13.459,392.0,24665.0,2841.1328
1053,13.3937,13.5678,1.6988,14.4294,393.0,23610.0,2841.1328
1054,14.4626,13.6141,2.0883,13.7133,392.0,15866.0,2841.1328
1055,13.7041,12.5441,1.7599,14.5438,392.0,15321.0,2841.1328
1056,14.5675,13.3102,1.7849,13.3286,399.0,17208.0,2841.1328
1057,13.3403,14.0244,1.8543,14.491,394.0,13454.0,2841.1328
1058,14.4626,13.6772,1.8627,13.2998,394.0,13454.0,2841.1328
1059,13.2776,13.8321,1.8552,14.726,396.0,15347.0,2841.1328
1060,14.7659,13.382,2.0096,13.5752,392.0,14844.0,2841.1328
1061,13.5669,12.4735,1.9239,14.1686,393.0,14366.0,2841.1328
1062,14.1376,12.3467,1.7779,12.9228,392.0,13598.0,2841.1328
1063,13.1578,13.7162,2.1408,14.2045,390.0,14282.0,2841.1328
1064,14.0402,13.6478,1.8,13.69,389.0,18078.0,2841.1328
1065,13.6641,13.6849,1.8451,14.3944,392.0,16228.0,2841.1328
1066,14.3787,13.6521,1.9453,14.1608,391.0,16032.0,2841.1328
1067,14.201,13.0741,1.9044,14.1762,393.0,16814.0,2841.1328
1068,14.118,12.6065,1.8673,13.2146,391.0,19768.0,2841.1328
1069,13.2346,13.3657,1.8577,14.3863,391.0,15820.0,2841.1328
1070,14.3392,13.1177,1.8349,13.4916,390.0,16142.0,2841.1328
1071,13.5454,13.4484,2.214,13.985,392.0,15428.0,2841.1328
1072,13.9749,13.3549,2.0246,13.3039,404.0,29342.0,2841.1328
1073,13.2526,12.4447,1.8378,13.5183,397.0,16826.0,2841.1328
1074,13.5996,12.3972,1.7744,14.2523,393.0,13562.0,2841.1328
1075,14.1767,13.3971,2.0261,13.3477,392.0,14002.0,2841.1328
1076,13.4259,13.7126,2.1233,13.4955,398.0,18988.0,2841.1328
1077,13.5648,13.5881,2.1239,14.927,394.0,15382.0,2841.1328
1078,14.8503,13.9853,2.0838,15.8261,391.0,14236.0,2841.1328
1079,15.8556,12.3893,2.028,13.0678,391.0,14828.0,2841.1328
1080,13.2023,13.6634,2.4454,12.9259,390.0,16690.0,2841.1328
1081,12.7806,13.245,2.0791,14.2381,390.0,13450.0,2841.1328
1082,14.2646,13.5152,2.4186,13.0754,396.0,19688.0,2841.1328
1083,13.0752,13.3978,2.4534,14.2126,393.0,18558.0,2841.1328
1084,14.2814,13.2026,2.3939,13.3334,391.0,22594.0,2841.1328
1085,13.2446,12.3774,2.0045,13.7896,389.0,16174.0,2841.1328
1086,13.8033,12.5728,1.8863,14.5034,389.0,18478.0,2841.1328
1087,14.5895,13.5764,2.352,14.909,389.0,15512.0,2841.1328
1088,14.8519,13.4613,2.4437,13.7661,394.0,16246.0,2841.1328
1089,13.7416,13.7311,3.0003,14.4503,395.0,22442.0,2841.1328
1090,14.4532,13.4409,2.9478,13.6741,398.0,15740.0,2841.1328
1091,13.6789,15.8711,2.8529,16.508,395.0,13984.0,2841.1328
1092,16.5099,12.6944,2.7888,13.8254,392.0,24792.0,2841.1328
1093,13.8535,14.4777,2.5017,15.3831,394.0,24152.0,2841.1328
1094,15.3747,13.5093,2.6863,12.8783,391.0,17022.0,2841.1328
1095,12.8656,14.2447,2.5452,14.5132,389.0,14890.0,2841.1328
1096,14.583,13.9745,2.447,15.1627,391.0,14918.0,2841.1328
1097,15.082,13.6463,2.5793,13.1503,394.0,32890.0,2841.1328
1098,13.1386,13.523,2.4338,13.2572,395.0,31348.0,2841.1328
1099,13.2956,12.4498,2.1559,15.3623,397.0,51040.0,2841.1328
1100,15.3595,13.5224,2.2857,15.9876,390.0,33530.0,2841.1328
1101,16.0767,14.0482,2.7648,14.2082,392.0,16746.0,2841.1328
1102,14.1992,14.1258,3.0213,14.2386,389.0,16654.0,2841.1328
1103,14.2798,15.0607,3.0909,14.1595,393.0,17154.0,2841.1328
1104,14.0159,13.8748,2.7232,15.8031,394.0,30800.0,2841.1328
1105,15.8428,13.711,2.8788,13.355,393.0,23610.0,2841.1328
1106,13.3383,12.4498,3.1245,13.8708,393.0,17520.0,2841.1328
1107,13.8529,13.614,2.6776,13.4383,392.0,18388.0,2841.1328
1108,13.4448,13.7715,2.6976,14.8291,392.0,20602.0,2841.1328
1109,14.8845,13.5713,2.5629,15.8924,395.0,15052.0,2841.1328
1110,15.9596,13.5581,3.1972,12.7562,389.0,17802.0,2841.1328
1111,12.749,13.8497,4.0898,13.1425,390.0,22138.0,2841.1328
1112,13.0842,13.4968,2.7344,13.2172,392.0,17858.0,2841.1328
1113,13.141,12.4504,2.3716,14.4961,391.0,15550.0,2841.1328
1114,14.6595,14.8937,2.817,15.8874,391.0,14478.0,2841.1328
1115,15.7746,14.3907,2.6644,14.8652,393.0,15604.0,2841.1328
1116,14.8429,13.8614,2.5027,13.5215,390.0,19138.0,2841.1328
1117,13.6863,13.5997,3.24,18.4566,393.0,13118.0,2841.1328
1118,18.3942,14.0221,3.5215,14.8465,391.0,11686.0,2841.1328
1119,14.8647,12.8338,4.2773,14.1032,390.0,11722.0,2841.1328
1120,14.1571,13.5879,3.6015,12.6767,393.0,21924.0,2841.1328
1121,12.5621,13.7294,3.0117,13.0835,396.0,18577.0,2841.1328
1122,12.9938,13.9425,3.0341,13.8056,400.0,24019.0,2841.1328
1123,13.9492,13.5047,2.6392,12.6917,401.0,31926.0,2841.1328
1124,12.6873,14.0585,2.5975,14.0209,393.0,15860.0,2841.1328
1125,13.9325,13.6565,2.1716,14.8558,396.0,14424.0,2841.1328
1126,14.8511,13.3435,2.4556,14.0787,392.0,17338.0,2841.1328
1127,14.0303,12.4268,2.6245,12.8193,391.0,15868.0,2841.1328
1128,12.8717,13.8327,2.4916,15.4769,390.0,13546.0,2841.1328
1129,15.5163,13.9613,2.5567,12.8909,390.0,15110.0,2841.1328
1130,12.9337,13.502,2.4841,14.3101,392.0,13962.0,2841.1328
1131,14.2413,13.7365,2.5346,14.481,393.0,14448.0,2841.1328
1132,14.4837,13.5786,2.5889,13.4597,394.0,16819.0,2841.1328
1133,13.3841,12.4109,2.1625,13.3282,396.0,20692.0,2841.1328
1134,13.3818,13.515,2.1441,14.8403,393.0,17238.0,2841.1328
1135,14.8468,13.8024,2.1592,14.2161,392.0,14414.0,2841.1328
1136,14.2758,13.9423,2.3939,12.8899,396.0,16930.0,2841.1328
1137,12.8393,13.4309,2.3111,14.9075,395.0,31506.0,2841.1328
1138,14.9043,13.6205,2.7678,13.5571,395.0,22081.0,2841.1328
1139,13.5405,12.6676,2.4866,16.6707,393.0,23956.0,2841.1328
1140,16.6811,13.7496,2.1742,11.47,394.0,15500.0,2841.1328
1141,11.467,13.6588,2.2928,14.0339,398.0,17218.0,2841.1328
1142,14.1241,13.7156,2.1798,13.3176,394.0,15345.0,2841.1328
1143,13.2943,13.647,2.5999,14.9517,391.0,13462.0,2841.1328
1144,14.8748,13.6053,2.3167,13.9488,391.0,13462.0,2841.1328
1145,13.9295,13.6361,2.1996,14.1003,392.0,15321.0,2841.1328
1146,14.142,12.3727,2.0937,13.9197,392.0,15234.0,2841.1328
1147,14.044,13.4843,2.4461,13.1258,394.0,14156.0,2841.1328
1148,12.9932,13.6385,2.1463,13.5261,390.0,13450.0,2841.1328
1149,13.8449,13.8505,2.6198,15.0861,390.0,14282.0,2841.1328
1150,14.7438,13.5058,2.3226,13.6284,391.0,18102.0,2841.1328
1151,13.6474,13.5892,2.2991,14.4959,391.0,16494.0,2841.1328
1152,14.522,12.4177,2.3323,14.6294,394.0,16488.0,2841.1328
1153,14.6683,13.7002,2.3743,13.1912,395.0,16578.0,2841.1328
1154,13.127,13.4593,2.2337,13.5159,396.0,19258.0,2841.1328
1155,13.649,13.8319,2.4497,14.004,392.0,15810.0,2841.1328
1156,13.8575,13.9083,2.7329,15.2051,394.0,16168.0,2841.1328
1157,15.2801,13.6694,3.2479,14.8485,394.0,17811.0,2841.1328
1158,14.8395,12.5088,2.8038,13.7858,397.0,26921.0,2841.1328
1159,13.7482,13.414,2.7104,12.9003,392.0,16810.0,2841.1328
1160,12.8929,13.5955,2.7894,14.9963,391.0,13582.0,2841.1328
1161,15.0044,13.8916,2.0915,13.2385,391.0,16409.0,2841.1328
1162,13.2059,13.8647,2.3618,14.7578,392.0,16541.0,2841.1328
1163,14.8417,13.7901,2.8687,18.5453,389.0,15344.0,2841.1328
1164,18.6029,12.7016,3.608,12.0017,390.0,14224.0,2841.1328
1165,11.9027,13.9283,2.9441,12.8325,390.0,14816.0,2841.1328
1166,12.8496,13.7437,2.584,15.8764,392.0,16714.0,2841.1328
1167,16.0245,13.6909,3.0498,13.9306,392.0,13474.0,2841.1328
1168,13.9075,13.8845,3.2728,12.0625,400.0,20156.0,2841.1328
1169,11.9225,13.8263,3.3124,14.0174,398.0,18110.0,2841.1328
1170,14.0613,13.5904,3.3869,14.1807,395.0,22598.0,2841.1328
1171,14.1619,12.9361,2.3827,14.6743,393.0,16750.0,2841.1328
1172,14.7182,12.7211,2.4963,15.2752,393.0,17954.0,2841.1328
1173,15.2684,13.7358,2.8944,14.4484,393.0,15538.0,2841.1328
1174,14.4171,13.6096,3.068,11.7165,389.0,16598.0,2841.1328
1175,11.7332,13.8326,3.5945,14.2308,391.0,22070.0,2841.1328
1176,14.2415,13.5415,2.5151,13.8228,393.0,15724.0,2841.1328
1177,13.8547,13.8761,3.034,14.1482,390.0,13946.0,2841.1328
1178,14.0678,12.4424,2.4819,16.4053,391.0,24754.0,2841.1328
1179,16.5239,13.8068,2.4216,12.031,390.0,24542.0,2841.1328
1180,11.8797,13.5317,2.0627,14.046,392.0,16666.0,2841.1328
1181,14.1999,13.657,2.3986,13.5842,390.0,14902.0,2841.1328
1182,13.4473,13.5208,2.2087,14.1534,391.0,18110.0,2841.1328
1183,14.1618,13.4278,2.6579,14.0693,394.0,29698.0,2841.1328
1184,14.1115,12.3573,2.3788,13.5524,401.0,32972.0,2841.1328
1185,13.6694,13.5176,2.3292,14.4986,400.0,49436.0,2841.1328
1186,14.351,13.7776,2.7942,13.855,393.0,34926.0,2841.1328
1187,13.8747,13.4962,2.3506,17.1254,393.0,18424.0,2841.1328
1188,17.1546,14.1819,3.0523,11.9921,391.0,13688.0,2841.1328
1189,11.9913,13.6408,3.3322,14.5682,393.0,17270.0,2841.1328
1190,14.5281,12.7963,2.8453,14.14,390.0,30534.0,2841.1328
1191,14.2318,14.3372,2.6374,14.9543,389.0,23606.0,2841.1328
1192,14.8405,14.4428,2.5602,14.2231,392.0,17552.0,2841.1328
1193,14.3095,14.7759,2.6884,14.9536,389.0,18374.0,2841.1328
1194,14.9157,14.5261,2.3831,15.337,390.0,20968.0,2841.1328
1195,15.4095,14.4481,2.7198,13.8835,391.0,14658.0,2841.1328
1196,13.7582,14.4529,2.6027,15.3291,391.0,17826.0,2841.1328
1197,15.3546,14.5984,3.1704,15.4806,389.0,22126.0,2841.1328
1198,15.5557,14.5823,2.7107,15.3487,392.0,17858.0,2841.1328
1199,15.2713,12.6864,2.478,14.3678,390.0,15840.0,2841.1328
1200,14.3976,14.3397,2.4486,13.3814,395.0,14132.0,2841.1328
1201,13.3632,14.54,2.5641,14.9024,394.0,15572.0,2841.1328
1202,14.9574,14.7486,2.6303,17.3783,395.0,19106.0,2841.1328
1203,17.4978,14.5696,3.888,13.6271,392.0,12988.0,2841.1328
1204,13.472,14.5447,3.3069,15.3775,392.0,11676.0,2841.1328
1205,15.3909,14.0429,2.6091,13.5028,392.0,13120.0,2841.1328
1206,13.4681,14.5067,2.4979,18.0254,393.0,20764.0,2969.1328
1207,18.0887,13.2478,3.2787,18.5112,1093.0,130620.0,2969.1328
1208,18.5537,18.0557,4.5373,13.3442,702.0,49983.0,2969.1328
1209,13.2463,17.0826,2.3253,17.6883,707.0,52776.0,2969.1328
1210,17.6594,15.3956,2.4436,16.6638,701.0,39678.0,2969.1328
1211,16.7083,15.4234,2.6757,15.5685,701.0,40930.0,2969.1328
1212,15.5907,15.3615,2.4989,15.8556,702.0,41188.0,2969.1328
1213,15.9198,14.4844,2.5211,15.8433,697.0,39926.0,2969.1328
1214,15.7578,15.5202,3.0722,16.4436,696.0,39850.0,2969.1328
1215,16.4729,15.5656,3.6105,15.8572,697.0,39070.0,2969.1328
1216,15.8262,15.4007,2.7227,15.6395,701.0,39864.0,2969.1328
1217,15.5892,15.1313,2.3037,16.2004,704.0,41799.0,2969.1328
1218,16.2599,15.3279,2.3495,15.5812,707.0,43554.0,2969.1328
1219,15.5851,14.3324,2.3486,15.3434,705.0,41766.0,2969.1328
1220,15.2957,15.1973,2.1233,15.3546,701.0,38380.0,2969.1328
1221,15.3789,15.205,2.2479,16.042,700.0,42752.0,2969.1328
1222,16.1164,15.6173,2.4616,15.7412,701.0,58677.0,2969.1328
1223,15.6434,15.5466,2.2049,15.859,702.0,47570.0,2969.1328
1224,15.9838,15.0498,2.399,16.4419,700.0,41146.0,2969.1328
1225,16.5313,15.3717,2.4003,16.656,704.0,42872.0,2969.1328
1226,16.4634,15.4931,2.2315,15.3461,703.0,40453.0,2841.1328
1227,15.4429,15.2402,2.384,15.5597,695.0,38510.0,2841.1328
1228,15.5087,15.9167,2.3071,16.3526,693.0,38486.0,2841.1328
1229,16.4509,15.7024,2.6014,16.4999,705.0,40845.0,2841.1328
1230,16.3703,15.2614,2.919,15.2093,697.0,40564.0,2841.1328
1231,15.3147,15.6902,2.7534,15.4552,697.0,38514.0,2841.1328
1232,15.3209,15.3984,2.6942,16.9192,701.0,38886.0,2841.1328
1233,16.948,15.4723,2.5394,15.4994,700.0,41290.0,2841.1328
1234,15.5364,15.7664,2.3496,16.1917,701.0,41458.0,2841.1328
1235,16.1457,15.1018,1.9682,15.5037,701.0,40766.0,2841.1328
1236,15.5469,15.0445,2.2091,15.9409,702.0,42440.0,2841.1328
1237,16.0436,16.1903,2.3446,16.4626,696.0,44944.0,2841.1328
1238,16.3441,15.1199,1.9968,16.1902,704.0,40492.0,2841.1328
1239,16.2556,15.0123,2.0188,16.0957,695.0,41182.0,2841.1328
1240,15.9769,15.7214,2.1267,15.7459,702.0,43373.0,2841.1328
1241,15.765,14.4374,1.9921,16.3514,704.0,41513.0,2841.1328
1242,16.5109,15.3705,2.2804,15.9523,697.0,38514.0,2841.1328
1243,15.8065,15.3838,2.1979,15.0141,701.0,38562.0,2841.1328
1244,15.0195,15.1795,2.0719,15.4488,706.0,42316.0,2841.1328
1245,15.5022,15.4996,2.0579,16.0598,696.0,40168.0,2841.1328
1246,16.0197,15.4098,1.9076,16.1121,698.0,39300.0,2841.1328
1247,16.1454,15.5205,1.8395,16.9809,700.0,40072.0,2841.1328
1248,16.9697,15.2452,2.0678,15.089,698.0,41566.0,2841.1328
1249,15.0862,15.5404,2.0846,16.5494,701.0,38518.0,2841.1328
1250,16.67,15.7691,2.3245,15.9898,708.0,46700.0,2841.1328
1251,15.8683,15.5151,2.0982,15.6706,701.0,42608.0,2841.1328
1252,15.6983,15.5064,2.6063,15.6753,703.0,46950.0,2841.1328
1253,15.6464,15.1437,2.2685,15.37,698.0,41240.0,2841.1328
1254,15.3842,15.3375,2.1662,15.5314,699.0,43184.0,2841.1328
1255,15.4997,15.7159,2.1574,16.3472,695.0,42464.0,2841.1328
1256,16.3421,15.2969,2.1524,16.3361,695.0,46514.0,2841.1328
1257,16.3138,15.5279,2.0788,15.9508,696.0,40190.0,2841.1328
1258,16.0249,15.3923,2.0462,16.1455,697.0,40876.0,2841.1328
1259,16.1987,15.2169,2.0702,15.5796,696.0,44366.0,2841.1328
1260,15.5157,15.3443,2.0951,16.7677,700.0,44718.0,2841.1328
1261,16.8318,15.8084,2.3359,15.4569,696.0,52514.0,2841.1328
1262,15.3209,14.8648,2.0957,15.3999,700.0,39954.0,2841.1328
1263,15.4227,14.9181,2.0586,16.4234,700.0,41966.0,2841.1328
1264,16.3903,14.4873,1.8608,15.7332,703.0,49734.0,2841.1328
1265,15.7424,15.218,1.9495,16.7202,707.0,49632.0,2841.1328
1266,16.7287,14.7899,2.4366,15.1131,704.0,54796.0,2841.1328
1267,15.1431,15.5466,2.1858,15.7014,702.0,82188.0,2841.1328
1268,15.6733,15.3108,1.9542,15.7958,699.0,55112.0,2841.1328
1269,15.9357,15.4227,2.0959,16.5209,695.0,39180.0,2841.1328
1270,16.4471,15.4206,2.4668,14.7975,696.0,41816.0,2841.1328
1271,14.8199,15.1273,2.3493,15.6039,700.0,49398.0,2841.1328
1272,15.5825,15.7051,2.056,16.8991,701.0,50328.0,2841.1328
1273,16.8329,15.5074,2.1732,15.368,697.0,44818.0,2841.1328
1274,15.4756,15.3267,2.1061,16.3518,699.0,44758.0,2841.1328
1275,16.4071,15.403,2.4248,16.1187,696.0,46888.0,2841.1328
1276,15.9576,15.0795,1.9187,15.3526,700.0,38550.0,2841.1328
1277,15.3568,14.8449,2.4064,16.7097,700.0,42866.0,2841.1328
1278,16.8528,15.6732,2.1453,15.9035,698.0,46958.0,2841.1328
1279,15.7819,15.3991,2.0997,15.123,698.0,42022.0,2841.1328
1280,15.1465,15.3015,2.083,16.2814,697.0,40254.0,2841.1328
1281,16.2552,15.4322,1.9763,16.3949,697.0,39778.0,2841.1328
1282,16.4244,15.3896,2.2938,16.0916,707.0,40660.0,2841.1328
1283,16.0725,15.7477,2.2033,15.3179,699.0,41702.0,2841.1328
1284,15.3073,15.5822,2.1863,16.3129,699.0,37716.0,2841.1328
1285,16.4484,14.756,2.4045,16.63,701.0,36764.0,2841.1328
1286,16.625,15.1569,2.312,17.7948,693.0,37852.0,2841.1328
1287,17.8454,15.4603,2.6413,13.9937,701.0,53439.0,2841.1328
1288,13.9239,15.7442,2.5866,15.0816,704.0,47455.0,2841.1328
1289,14.9915,15.2147,2.2722,17.0267,699.0,43958.0,2841.1328
1290,17.066,15.7604,2.664,15.5182,699.0,45178.0,2841.1328
1291,15.5821,15.3977,2.5247,16.6328,703.0,47685.0,2841.1328
1292,16.6744,15.2817,2.4518,16.326,697.0,41968.0,2841.1328
1293,16.2116,15.7623,2.6888,14.8809,702.0,49436.0,2841.1328
1294,14.9909,15.4919,2.5197,16.7363,706.0,52280.0,2841.1328
1295,16.6187,15.5589,2.3353,16.2564,701.0,40122.0,2841.1328
1296,16.3894,15.5076,2.4746,16.3264,703.0,40890.0,2841.1328
1297,16.2115,15.2276,2.4566,14.6366,706.0,41172.0,2841.1328
1298,14.641,15.6706,2.5246,15.8982,701.0,39958.0,2841.1328
1299,15.9097,15.136,2.4324,16.3506,700.0,39808.0,2841.1328
1300,16.3123,15.2444,2.4607,15.745,701.0,39076.0,2841.1328
1301,15.851,15.7803,2.4239,16.4481,696.0,39806.0,2841.1328
1302,16.4587,15.4735,2.5206,16.83,702.0,41799.0,2841.1328
1303,16.7304,15.388,2.7161,15.864,702.0,43518.0,2841.1328
1304,15.8279,15.7729,2.4263,16.9117,699.0,41696.0,2841.1328
1305,16.9597,15.456,2.6073,15.0526,696.0,38322.0,2841.1328
1306,15.0693,15.9051,3.1038,16.8582,700.0,42754.0,2841.1328
1307,16.8644,15.1393,2.5608,16.4672,698.0,58157.0,2841.1328
1308,16.5175,15.6873,2.5755,15.1236,695.0,47930.0,2841.1328
1309,15.0276,15.3699,2.8104,15.3404,696.0,41078.0,2841.1328
1310,15.3679,14.6495,2.2056,16.2821,701.0,42316.0,2841.1328
1311,16.318,14.6509,2.1747,16.0731,699.0,40885.0,2841.1328
1312,16.0152,14.6092,2.2929,15.7831,702.0,38530.0,2841.1328
1313,15.9192,15.2774,2.5478,14.915,701.0,38518.0,2841.1328
1314,14.8112,15.5733,2.804,16.22,703.0,40757.0,2841.1328
1315,16.1886,15.4913,2.9293,15.8767,702.0,40068.0,2841.1328
1316,15.9028,15.8363,2.7456,16.1993,700.0,39062.0,2841.1328
1317,16.2463,15.3694,2.5996,15.7229,702.0,38920.0,2841.1328
1318,15.6307,15.2403,2.201,15.7019,698.0,41310.0,2841.1328
1319,15.677,15.7109,1.96,15.7603,695.0,40966.0,2841.1328
1320,15.8761,15.3665,1.9479,15.5859,696.0,41192.0,2841.1328
1321,15.5363,15.5873,2.1585,16.1257,695.0,42378.0,2841.1328
1322,16.1577,15.6606,2.4463,17.073,696.0,44966.0,2841.1328
1323,17.0698,15.4343,2.7749,15.6473,697.0,40408.0,2841.1328
1324,15.6099,14.8235,2.2567,15.4205,702.0,40898.0,2841.1328
1325,15.4385,15.5747,2.4933,16.4769,700.0,43717.0,2841.1328
1326,16.456,15.4269,2.3904,16.3913,698.0,41441.0,2841.1328
1327,16.4005,15.3515,2.3304,15.502,697.0,38514.0,2841.1328
1328,15.5299,15.386,2.1892,15.7135,706.0,38578.0,2841.1328
1329,15.6526,15.4136,1.988,15.5706,706.0,42272.0,2841.1328
1330,15.5684,15.8479,1.972,16.7801,703.0,40208.0,2841.1328
1331,16.824,15.3997,2.0115,15.9279,702.0,39326.0,2841.1328
1332,15.8782,15.4843,2.1826,16.4561,697.0,40014.0,2841.1328
1333,16.5622,14.6091,2.4334,15.6354,694.0,41540.0,2841.1328
1334,15.6748,15.178,2.4364,15.3603,701.0,38562.0,2841.1328
1335,15.3919,15.0773,2.8922,17.0118,705.0,46708.0,2841.1328
1336,16.9109,15.2915,2.5421,14.4594,699.0,42606.0,2841.1328
1337,14.4926,15.6003,2.5121,16.5383,698.0,46912.0,2841.1328
1338,16.4819,15.3933,2.5095,16.7809,696.0,41238.0,2841.1328
1339,16.7907,15.3756,2.2563,16.1016,697.0,43160.0,2841.1328
1340,16.0828,15.4305,2.1955,15.0893,698.0,42500.0,2841.1328
1341,15.2088,15.551,2.3107,17.4268,701.0,46586.0,2841.1328
1342,17.3281,15.5889,2.5369,15.7887,694.0,40166.0,2841.1328
1343,15.8433,15.5668,2.6369,16.2533,703.0,40948.0,2841.1328
1344,16.2822,15.8217,2.7474,15.69,700.0,44370.0,2841.1328
1345,15.562,15.5038,2.11,17.3055,704.0,44722.0,2841.1328
1346,17.3769,15.8984,2.5038,16.0524,707.0,52602.0,2841.1328
1347,16.0339,15.3519,2.4519,16.556,699.0,39920.0,2841.1328
1348,16.7069,15.3236,2.7787,14.0493,703.0,41980.0,2841.1328
1349,13.8681,15.1398,3.0114,16.2037,706.0,49840.0,2841.1328
1350,16.2644,15.5037,2.8269,16.2724,698.0,49520.0,2841.1328
1351,16.2299,16.4024,3.0493,16.4432,701.0,51468.0,2841.1328
1352,16.4447,15.5255,2.4625,15.0456,704.0,85508.0,2841.1328
1353,15.0229,15.2047,2.3803,15.8318,696.0,55160.0,2841.1328
1354,15.9257,15.6043,2.0419,16.6214,695.0,39202.0,2841.1328
1355,16.6378,15.6828,2.3008,16.298,698.0,41840.0,2841.1328
1356,16.2526,14.7269,2.1409,16.1743,697.0,49362.0,2841.1328
1357,16.1594,15.1445,2.2809,15.4617,699.0,48616.0,2841.1328
1358,15.3694,15.0746,2.0097,15.6343,697.0,46506.0,2841.1328
1359,15.7656,14.2356,2.067,17.3802,699.0,44758.0,2841.1328
1360,17.3254,15.8721,2.3046,15.1514,699.0,46512.0,2841.1328
1361,15.1146,14.5362,2.1384,15.3239,699.0,38862.0,2841.1328
1362,15.4406,15.7405,2.1582,16.8687,700.0,42870.0,2841.1328
1363,16.7384,15.242,2.315,15.2287,699.0,46948.0,2841.1328
1364,15.2539,15.457,2.0971,17.3845,698.0,42000.0,2841.1328
1365,17.5023,15.6087,2.332,14.2312,700.0,40312.0,2841.1328
1366,14.1513,15.4325,2.2121,16.7511,697.0,39822.0,2841.1328
1367,16.8757,15.5712,2.177,16.4442,700.0,40620.0,2841.1328
1368,16.259,15.3426,2.0866,15.2772,700.0,41736.0,2841.1328
1369,15.3303,15.4779,2.242,15.7683,696.0,37702.0,2841.1328
1370,15.7948,15.5742,2.3007,17.6113,701.0,36786.0,2841.1328
1371,17.6024,15.3544,3.0562,15.0193,697.0,37900.0,2841.1328
1372,15.018,15.8102,2.7715,16.497,698.0,53403.0,2841.1328
1373,16.5563,15.525,2.7168,15.3406,700.0,47407.0,2841.1328
1374,15.2702,14.8585,2.6325,16.0379,693.0,43886.0,2841.1328
1375,16.0669,15.7831,2.687,15.2455,699.0,45178.0,2841.1328
1376,15.2435,15.1885,2.4049,16.5614,706.0,47677.0,2841.1328
1377,16.6493,15.5055,2.3906,15.8922,706.0,42032.0,2841.1328
1378,15.7819,15.4014,1.9521,15.7732,699.0,49356.0,2841.1328
1379,15.7579,15.2458,1.7789,15.2786,710.0,52306.0,2841.1328
1380,15.2681,14.7781,1.8263,16.2351,698.0,40064.0,2841.1328
1381,16.2709,15.772,1.9745,15.812,704.0,40924.0,2841.1328
1382,15.7652,14.0224,2.0974,15.3029,702.0,41168.0,2841.1328
1383,15.2779,15.2628,1.8768,15.1785,698.0,39966.0,2841.1328
1384,15.1882,15.4614,2.0601,16.4755,697.0,39794.0,2841.1328
1385,16.5121,15.1768,2.077,17.9586,694.0,39014.0,2841.1328
1386,17.9691,15.6356,2.2717,15.3897,694.0,39804.0,2841.1328
1387,15.3695,15.5334,2.4705,15.2874,705.0,41835.0,2841.1328
1388,15.307,15.7299,2.3138,16.1361,701.0,43506.0,2841.1328
1389,16.1465,15.1292,2.2923,16.2774,699.0,41696.0,2841.1328
1390,16.3409,15.5744,2.4038,16.0103,699.0,38358.0,2841.1328
1391,15.9384,15.4003,2.2484,14.1956,694.0,42682.0,2841.1328
1392,14.1874,15.2472,2.2807,16.1229,702.0,58161.0,2841.1328
1393,16.2061,15.5831,2.0609,16.8668,706.0,48018.0,2841.1328
1394,16.8545,15.2931,2.136,14.3379,702.0,41106.0,2841.1328
1395,14.2121,15.1851,1.9892,15.7898,704.0,42330.0,2841.1328
1396,15.8045,15.4936,1.8425,16.1142,703.0,40911.0,2841.1328
1397,16.1267,15.1493,1.8179,15.681,700.0,38528.0,2841.1328
1398,15.7863,15.4852,1.8124,15.7874,701.0,38562.0,2841.1328
1399,15.7522,15.3903,1.9551,17.6405,701.0,40777.0,2841.1328
1400,17.5555,14.984,1.8469,13.7806,699.0,40054.0,2841.1328
1401,13.8072,15.6763,1.832,16.9899,700.0,39084.0,2841.1328
1402,16.958,15.3567,1.9203,15.3519,700.0,38918.0,2841.1328
1403,15.3578,14.5338,2.4873,16.1482,698.0,41310.0,2841.1328
1404,16.5211,15.2646,2.2826,15.1148,698.0,41002.0,2841.1328
1405,14.8326,15.4611,2.4786,15.6615,699.0,41228.0,2841.1328
1406,15.7333,15.7376,2.2235,16.5349,693.0,42354.0,2841.1328
1407,16.3976,15.306,2.1802,16.7567,699.0,45002.0,2841.1328
1408,16.8406,15.6604,1.9843,15.4579,701.0,40412.0,2841.1328
1409,15.4904,15.3588,2.0626,16.2889,701.0,40842.0,2841.1328
1410,16.2603,15.5825,1.9846,15.944,704.0,43721.0,2841.1328
1411,15.8573,15.5927,1.9813,16.2689,702.0,41467.0,2841.1328
1412,16.2697,15.2976,1.835,15.7301,699.0,38516.0,2841.1328
1413,15.742,15.2527,2.1472,16.0274,697.0,38492.0,2841.1328
1414,16.1369,15.4922,2.1127,15.8,699.0,42232.0,2841.1328
1415,15.6624,15.5178,2.1967,16.438,698.0,40192.0,2841.1328
1416,16.6104,15.6105,2.4859,15.6999,697.0,39288.0,2841.1328
1417,15.5599,15.5083,2.8499,16.1225,697.0,40036.0,2841.1328
1418,16.2606,15.5255,2.4743,16.5586,697.0,41598.0,2841.1328
1419,16.5057,15.7387,2.4645,15.5898,698.0,38526.0,2841.1328
1420,15.4939,15.316,2.1703,15.9797,706.0,46720.0,2841.1328
1421,15.9827,15.3166,2.098,16.0707,700.0,42618.0,2841.1328
1422,16.1311,15.5598,2.0695,15.4271,700.0,46936.0,2841.1328
1423,15.3629,14.8121,2.0677,15.734,700.0,41286.0,2841.1328
1424,15.7611,15.2794,1.9278,15.6624,699.0,43140.0,2841.1328
1425,15.6104,14.6626,1.8522,16.9713,700.0,42480.0,2841.1328
1426,16.9852,15.5566,2.0308,15.8051,699.0,46518.0,2841.1328
1427,15.8655,15.316,2.0431,16.1802,698.0,40192.0,2841.1328
1428,16.2586,15.3988,2.085,14.6609,699.0,40878.0,2841.1328
1429,14.585,15.3378,2.0146,16.3214,703.0,44428.0,2841.1328
1430,16.2584,15.5527,2.0593,16.1851,698.0,44694.0,2841.1328
1431,16.2407,15.7934,2.0331,15.7144,698.0,52538.0,2841.1328
1432,15.7123,15.5436,2.1313,16.2748,697.0,39918.0,2841.1328
1433,16.2465,15.3497,1.9563,15.7337,702.0,41990.0,2841.1328
1434,15.7169,15.5993,1.9274,16.8007,701.0,49802.0,2841.1328
1435,16.8833,15.6476,2.1383,15.5354,700.0,49544.0,2841.1328
1436,15.5769,15.4001,2.1657,15.8242,703.0,51492.0,2841.1328
1437,15.7388,15.5605,2.1615,15.7305,699.0,85448.0,2841.1328
1438,15.8879,15.3525,2.2412,15.7656,694.0,55136.0,2841.1328
1439,15.6841,15.4702,2.2308,16.4399,700.0,39262.0,2841.1328
1440,16.4039,15.4881,2.2782,15.9007,703.0,41856.0,2841.1328
1441,15.8614,15.3114,2.0934,15.5331,701.0,49366.0,2841.1328
1442,15.7087,15.3658,1.9174,16.6191,701.0,48596.0,2841.1328
1443,16.4552,15.5776,1.8898,15.3295,698.0,46496.0,2841.1328
1444,15.3119,15.0499,1.987,16.3082,699.0,44736.0,2841.1328
1445,16.3856,15.2601,1.8866,16.0332,699.0,46534.0,2841.1328
1446,16.0058,15.5081,2.0881,15.1655,700.0,38918.0,2841.1328
1447,15.2458,15.3147,2.062,16.4166,696.0,42866.0,2841.1328
1448,16.3249,14.6017,2.1876,16.0265,701.0,46994.0,2841.1328
1449,16.0345,15.5706,2.4065,16.4435,698.0,42022.0,2841.1328
1450,16.4013,15.4804,2.0759,15.0124,700.0,40334.0,2841.1328
1451,15.1422,15.5805,2.1355,16.1188,701.0,39870.0,2841.1328
1452,16.0424,15.5823,2.0865,15.9591,696.0,40572.0,2841.1328
1453,15.9013,15.7912,2.0722,16.3111,701.0,41748.0,2841.1328
1454,16.3716,15.5911,2.0058,15.9541,701.0,37762.0,2841.1328
1455,15.9383,15.4651,2.0592,15.8331,698.0,36750.0,2841.1328
1456,15.9496,15.5372,2.2835,15.9646,702.0,37916.0,2841.1328
1457,15.8274,15.7864,1.9881,16.5816,706.0,53455.0,2841.1328
1458,16.7131,15.6118,2.2382,16.1718,703.0,47399.0,2841.1328
1459,16.0385,15.3639,2.1031,15.9835,699.0,43936.0,2841.1328
1460,16.0272,15.2778,1.7962,15.4584,701.0,45180.0,2841.1328
1461,15.5056,15.3993,1.8588,16.1415,702.0,47651.0,2841.1328
1462,16.1013,15.2361,2.1284,15.4444,698.0,41980.0,2841.1328
1463,15.4911,15.4707,2.0624,16.2639,697.0,49376.0,2841.1328
1464,16.1771,14.8863,2.0496,15.457,708.0,52304.0,2841.1328
1465,15.4803,15.1044,2.0603,15.7901,694.0,40038.0,2841.1328
1466,15.7728,15.1376,1.9612,16.0633,697.0,40862.0,2841.1328
1467,16.213,15.3502,1.9405,15.3845,697.0,41108.0,2841.1328
1468,15.1999,14.9696,1.8205,15.5054,697.0,39954.0,2841.1328
1469,15.5091,14.1619,1.9389,15.8485,695.0,39770.0,2841.1328
1470,15.9444,14.4127,1.8386,15.008,698.0,39062.0,2841.1328
1471,15.0215,15.0293,1.8385,15.7633,699.0,39864.0,2841.1328
1472,15.652,15.2283,1.8726,15.6702,707.0,41815.0,2841.1328
1473,15.7069,15.3052,2.0007,16.3512,708.0,43546.0,2841.1328
1474,16.3516,15.1686,1.9698,15.4329,701.0,41676.0,2841.1328
1475,15.3999,15.285,2.0757,15.5476,703.0,38384.0,2841.1328
1476,15.6858,15.3858,2.1116,16.2271,699.0,42720.0,2841.1328
1477,16.2344,15.3083,2.1166,15.3909,699.0,58147.0,2841.1328
1478,15.2971,15.2838,2.4903,15.2808,697.0,47954.0,2841.1328
1479,15.25,15.2901,2.3325,16.3497,692.0,41030.0,2841.1328
1480,16.3967,15.1066,2.5232,15.9059,702.0,42328.0,2841.1328
1481,15.9284,15.1933,2.2692,15.9976,701.0,40909.0,2841.1328
1482,15.9054,15.4741,2.544,15.8366,701.0,38562.0,2841.1328
1483,15.8568,15.1828,2.5284,15.7934,696.0,38502.0,2841.1328
1484,15.8204,15.024,1.9496,15.174,701.0,40777.0,2841.1328
1485,15.2441,14.9309,2.096,16.2121,697.0,40030.0,2841.1328
1486,16.1297,15.409,2.0241,16.076,701.0,39096.0,2841.1328
1487,16.112,14.5481,1.999,15.3448,701.0,38930.0,2841.1328
1488,15.406,15.3402,2.023,15.9412,701.0,41302.0,2841.1328
1489,15.9129,15.1927,2.2691,15.2002,701.0,40994.0,2841.1328
1490,15.213,15.2617,2.3548,16.8048,699.0,41184.0,2841.1328
1491,16.7592,15.4532,2.131,15.5161,694.0,42344.0,2841.1328
1492,15.5263,15.1974,2.0279,15.3966,705.0,45052.0,2841.1328
1493,15.3772,15.3075,2.5388,15.6005,697.0,40386.0,2841.1328
1494,15.6976,15.3412,2.0923,16.2766,700.0,40874.0,2841.1328
1495,16.26,15.194,2.1162,14.7403,701.0,43729.0,2841.1328
1496,14.765,15.3506,2.2604,16.014,694.0,41393.0,2841.1328
1497,15.9307,15.5194,2.737,15.5194,697.0,38514.0,2841.1328
1498,15.4674,15.2294,2.4094,15.6879,702.0,38574.0,2841.1328
1499,15.7118,15.0958,2.0713,15.7939,702.0,42268.0,2841.1328
1500,15.7595,15.2174,1.8567,15.8381,697.0,40180.0,2841.1328
1501,16.0216,15.1737,1.9776,15.6623,700.0,39324.0,2841.1328
1502,15.5304,15.2969,1.9413,15.8081,698.0,40048.0,2841.1328
1503,15.863,14.7316,1.9255,15.7464,701.0,41646.0,2841.1328
1504,15.6815,15.2446,1.9811,16.0557,703.0,38542.0,2841.1328
1505,16.0557,14.631,2.1045,15.6568,709.0,46712.0,2841.1328
1506,15.6803,15.1086,2.0654,15.0712,705.0,42634.0,2841.1328
1507,15.0714,15.4329,2.1829,15.9398,704.0,46962.0,2841.1328
1508,15.9083,15.0889,2.0635,15.3878,699.0,41252.0,2841.1328
1509,15.351,15.5701,2.1266,16.194,701.0,43186.0,2841.1328
1510,16.244,15.1971,2.0089,15.4154,699.0,42512.0,2841.1328
1511,15.3783,15.0813,1.8684,16.1169,692.0,46478.0,2841.1328
1512,16.2187,15.6442,2.1337,15.7069,700.0,40238.0,2841.1328
1513,15.6859,15.506,2.0627,15.6689,697.0,40876.0,2841.1328
1514,15.7234,15.575,1.9812,15.9994,696.0,44366.0,2841.1328
1515,15.9152,15.2968,2.2236,15.9453,699.0,44706.0,2841.1328
1516,16.1104,15.0887,2.3783,15.4885,698.0,52538.0,2841.1328
1517,15.2746,15.5759,1.8761,16.3544,698.0,39930.0,2841.1328
1518,16.5001,15.0213,1.9424,16.5138,695.0,41906.0,2841.1328
1519,16.4808,15.3178,2.1222,15.3266,698.0,49766.0,2841.1328
1520,15.2758,15.3531,2.0398,15.8136,703.0,49536.0,2841.1328
1521,15.762,16.5869,1.9728,16.4937,704.0,51460.0,2841.1328
1522,16.6208,15.1004,1.9832,15.9873,705.0,85476.0,2841.1328
1523,15.8554,15.7667,1.7713,16.2264,701.0,55198.0,2841.1328
1524,16.2385,14.9656,1.8993,14.945,700.0,39240.0,2841.1328
1525,14.9313,15.6162,2.1935,16.3925,700.0,41842.0,2841.1328
1526,16.4385,14.3999,1.9993,16.0863,699.0,49386.0,2841.1328
1527,16.0811,15.0792,1.8957,14.7014,698.0,48604.0,2841.1328
1528,14.7129,15.7908,1.9771,16.0263,701.0,46554.0,2841.1328
1529,16.3145,15.1388,2.2472,16.1539,695.0,44710.0,2841.1328
1530,15.9277,15.5703,2.1098,15.8697,696.0,46520.0,2841.1328
1531,15.9931,15.3353,2.0871,15.7251,695.0,38858.0,2841.1328
1532,15.5522,15.0144,2.0061,15.6324,695.0,42854.0,2841.1328
1533,15.6951,15.5816,2.3261,16.3002,698.0,46958.0,2841.1328
1534,16.2425,15.099,2.0019,15.0651,700.0,42046.0,2841.1328
1535,15.05,15.3782,2.3155,15.9394,699.0,40322.0,2841.1328
1536,16.1429,15.3553,2.6638,16.4975,701.0,39826.0,2841.1328
1537,16.3133,15.2755,2.4383,15.1995,701.0,40588.0,2841.1328
1538,15.1803,15.4834,2.1766,16.0079,705.0,41752.0,2841.1328
1539,16.1956,15.271,2.0202,15.8856,701.0,37740.0,2841.1328
1540,15.7289,15.2177,1.9712,15.5506,700.0,36752.0,2841.1328
1541,15.5079,15.3665,1.8277,16.104,702.0,37938.0,2841.1328
1542,16.095,15.0232,1.3973,15.7661,699.0,53415.0,2841.1328
1543,15.751,14.8303,1.8888,15.2782,696.0,47359.0,2841.1328
1544,15.3952,14.8557,1.9134,16.4019,700.0,43970.0,2841.1328
1545,16.6742,15.1829,1.9466,14.7988,701.0,45202.0,2841.1328
1546,14.4606,15.3375,1.9188,15.5956,700.0,47649.0,2841.1328
1547,15.5379,15.1448,1.7321,15.8583,697.0,41968.0,2841.1328
1548,16.0004,15.2934,2.0625,16.5782,696.0,49364.0,2841.1328
1549,16.4852,15.5108,1.9919,15.3036,704.0,52256.0,2841.1328
1550,15.3154,15.0499,2.2342,16.0136,697.0,40074.0,2841.1328
1551,16.1653,15.6717,2.6184,16.0167,701.0,40910.0,2841.1328
1552,15.9415,15.1572,2.2376,15.146,702.0,41124.0,2841.1328
1553,15.0583,15.2359,2.1782,16.1121,703.0,39982.0,2841.1328
1554,16.1223,15.5402,2.1983,15.8291,704.0,39834.0,2841.1328
1555,15.8231,15.3017,2.6895,15.8631,701.0,39076.0,2841.1328
1556,15.8307,15.457,1.9256,16.0291,706.0,39926.0,2841.1328
1557,16.018,15.1237,1.9895,15.5164,701.0,41765.0,2841.1328
1558,15.6484,15.0849,2.2727,19.4655,705.0,43554.0,3037.8203
1559,19.443,15.7443,2.4166,14.9375,1256.0,169105.0,3086.5078
1560,14.8509,16.941,2.5512,16.5379,653.0,37402.0,3086.5078
1561,16.5652,15.5648,1.9127,16.1008,568.0,23376.0,3086.5078
1562,16.0804,14.4707,1.9917,14.8783,564.0,20758.0,3057.1328
1563,14.928,14.3076,1.8664,14.8481,567.0,33414.0,3045.1328
1564,14.8874,13.3374,1.5753,15.0267,564.0,36677.0,3015.7578
1565,14.9084,14.5392,1.5479,13.9671,859.0,75335.0,3015.7578
1566,14.0004,15.3359,1.7211,15.9091,568.0,26240.0,3015.7578
1567,16.0347,14.6976,1.9294,18.5065,567.0,23005.0,3015.7578
1568,18.4876,14.4697,2.3472,14.7312,569.0,21078.0,3057.1328
1569,14.6605,14.9493,1.8361,12.3217,858.0,69087.0,3086.5078
1570,12.378,15.0919,2.7824,15.7406,567.0,22901.0,3086.5078
1571,15.6252,14.7743,2.8249,14.9382,630.0,32092.0,3150.5078
1572,14.9578,14.6214,3.158,15.1647,566.0,21256.0,3150.5078
1573,15.1829,14.6164,1.8542,15.175,566.0,21256.0,3033.1328
1574,15.1854,14.4314,2.4448,15.2846,565.0,23858.0,3033.1328
1575,15.2297,13.2752,2.3123,15.0681,564.0,23382.0,3033.1328
1576,15.1283,14.6956,1.8977,13.9688,855.0,72101.0,3033.1328
1577,13.9124,14.8069,1.8681,15.348,566.0,24850.0,3033.1328
1578,15.3978,14.6694,2.0279,15.2209,563.0,27146.0,3033.1328
1579,15.2252,14.4499,1.855,14.4483,565.0,22688.0,3033.1328
1580,14.5017,14.5815,1.8596,15.0751,859.0,72968.0,3033.1328
1581,15.0024,15.0776,2.8675,15.8384,566.0,23616.0,3033.1328
1582,15.8944,14.4233,2.0112,14.6119,627.0,32409.0,3033.1328
1583,14.5133,14.4023,1.8067,15.2443,563.0,21242.0,3033.1328
1584,15.2825,14.4554,1.795,14.9118,571.0,25356.0,3033.1328
1585,14.9192,13.3677,1.8489,14.5833,568.0,22364.0,3033.1328
1586,14.5531,14.2658,1.5366,14.5384,566.0,21816.0,3033.1328
1587,14.6081,14.5467,1.7245,15.1329,857.0,70761.0,3033.1328
1588,15.0522,14.8087,1.7457,15.4971,567.0,22736.0,3033.1328
1589,15.4791,14.6015,1.6035,14.5132,570.0,28206.0,3033.1328
1590,14.6393,14.5154,2.0418,15.1167,568.0,28582.0,3033.1328
1591,15.0796,14.3783,1.8068,14.5859,857.0,72567.0,3033.1328
1592,14.5698,14.6729,1.9167,15.4212,564.0,27844.0,3033.1328
1593,15.5097,14.5255,1.8175,15.4161,627.0,38292.0,3033.1328
1594,15.2958,13.3705,1.8249,15.0022,565.0,37850.0,3033.1328
1595,15.0161,13.6809,1.8712,13.4244,563.0,22954.0,3033.1328
1596,13.5461,14.3346,1.8676,15.5604,566.0,24454.0,3033.1328
1597,15.4028,14.2897,1.7455,15.131,567.0,25666.0,3033.1328
1598,15.1816,15.973,2.4049,16.116,855.0,80027.0,3033.1328
1599,16.1391,14.7902,1.9562,14.5912,568.0,38618.0,3033.1328
1600,14.5993,14.801,2.1666,15.3489,567.0,57986.0,3033.1328
1601,15.298,14.3496,1.8314,15.1624,569.0,32986.0,3033.1328
1602,15.181,14.2932,1.9697,14.4152,860.0,71595.0,3033.1328
1603,14.4578,14.4539,1.5442,15.7479,569.0,30314.0,3033.1328
1604,15.7011,14.3325,1.7824,14.7053,629.0,37656.0,3033.1328
1605,14.7218,13.5177,1.8341,14.1923,565.0,32890.0,3033.1328
1606,14.3163,14.4471,1.8719,15.477,563.0,26846.0,3033.1328
1607,15.453,14.6655,2.0308,15.334,563.0,26674.0,3033.1328
1608,15.3014,14.537,2.291,14.8928,564.0,21798.0,3033.1328
1609,14.9244,14.9399,2.2838,15.5878,856.0,73103.0,3033.1328
1610,15.6258,14.7315,2.3952,15.0577,562.0,29662.0,3033.1328
1611,14.9085,14.3899,2.3196,14.763,561.0,24522.0,3033.1328
1612,14.8268,14.6004,2.5605,15.5183,565.0,22810.0,3033.1328
1613,15.5273,13.9915,2.251,14.3034,857.0,71225.0,3033.1328
1614,14.2693,14.3176,2.0641,14.6591,565.0,23048.0,3033.1328
1615,14.633,13.7842,2.2732,14.7975,627.0,32842.0,3033.1328
1616,14.8321,14.5853,2.2278,14.9069,569.0,20422.0,3033.1328
1617,14.8871,14.8084,2.0423,15.6937,571.0,19614.0,3033.1328
1618,15.7503,14.3979,1.9904,14.8327,568.0,24713.0,3033.1328
1619,14.8978,14.7222,2.029,14.6304,565.0,21274.0,3033.1328
1620,14.5786,14.4505,2.3769,15.456,850.0,72111.0,3033.1328
1621,15.4548,14.75,2.3871,15.5118,575.0,39337.0,3033.1328
1622,15.5318,14.8863,2.5129,15.1406,565.0,22782.0,3033.1328
1623,15.0623,14.4074,2.1975,15.2938,565.0,24044.0,3033.1328
1624,15.3654,14.0344,2.2262,14.6002,844.0,68291.0,3033.1328
1625,14.5528,13.9846,2.021,15.3175,566.0,22026.0,3033.1328
1626,15.3179,14.711,2.078,14.1289,625.0,32114.0,3033.1328
1627,14.172,14.3272,2.1011,14.9239,567.0,21826.0,3033.1328
1628,14.8899,14.8437,2.0098,15.6379,564.0,22580.0,3033.1328
1629,15.654,14.3446,2.139,13.7649,569.0,24347.0,3033.1328
1630,13.7467,14.3221,1.9633,15.5872,569.0,26066.0,3033.1328
1631,15.6495,14.2848,1.9527,15.1472,858.0,73459.0,3033.1328
1632,15.0619,15.5675,1.9192,15.7172,567.0,31662.0,3033.1328
1633,15.7915,14.646,1.9541,15.4729,567.0,22746.0,3033.1328
1634,15.4361,14.25,1.9746,14.6425,565.0,30738.0,3033.1328
1635,14.6984,13.6132,2.0537,15.3563,858.0,73857.0,3033.1328
1636,15.256,14.6904,1.9663,14.7829,568.0,28952.0,3033.1328
1637,14.9123,14.731,2.1424,15.3278,632.0,38360.0,3033.1328
1638,15.3668,14.8055,2.1949,14.8605,565.0,33246.0,3033.1328
1639,14.7824,14.6369,2.3343,15.6229,565.0,36570.0,3033.1328
1640,15.6448,14.3177,2.4221,13.7319,566.0,24790.0,3033.1328
1641,13.5971,14.7122,2.3606,16.0124,565.0,21966.0,3033.3828
1642,16.0116,14.7972,2.0514,14.9403,860.0,81757.0,3033.3828
1643,15.0497,14.6678,2.5023,15.3057,564.0,25628.0,3033.3828
1644,15.2967,14.2435,2.0467,14.1393,565.0,22762.0,3033.3828
1645,14.0668,13.6715,1.8607,15.5078,562.0,27712.0,3033.3828
1646,15.515,13.7469,1.961,15.1412,856.0,72139.0,3033.3828
1647,15.1295,14.8113,1.9758,15.0306,565.0,24258.0,3033.3828
1648,15.0985,14.6562,2.0183,15.3482,631.0,30166.0,3033.3828
1649,15.4159,14.4589,2.1862,14.8003,570.0,25582.0,3033.3828
1650,14.6652,14.9366,2.2583,14.7372,572.0,41609.0,3033.3828
1651,14.8097,14.4196,3.1308,14.6399,568.0,29904.0,3033.3828
1652,14.6277,14.2561,1.8034,15.8291,568.0,25150.0,3033.3828
1653,15.9144,14.8227,2.0415,15.0819,860.0,72224.0,3033.3828
1654,14.973,14.6615,2.0608,14.8904,565.0,21374.0,3033.3828
1655,14.9248,13.346,2.0815,14.4506,568.0,21110.0,3033.3828
1656,14.4066,14.6377,2.1485,14.5738,565.0,22921.0,3033.3828
1657,14.572,13.8478,2.042,15.1826,855.0,70611.0,3033.3828
1658,15.1763,14.8847,1.8264,15.347,567.0,21098.0,3033.3828
1659,15.4288,14.4635,1.9938,14.6091,619.0,31586.0,3033.3828
1660,14.5448,14.6128,2.1019,14.7413,567.0,24074.0,3033.3828
1661,14.7198,14.6655,2.0264,15.2716,565.0,22658.0,3033.3828
1662,15.2606,14.6574,2.1102,15.3192,564.0,23790.0,3033.3828
1663,15.3336,14.644,1.9278,15.1417,565.0,25230.0,3033.3828
1664,15.1514,13.9726,1.8349,15.1759,865.0,74010.0,3033.3828
1665,15.1772,15.0169,1.793,15.6006,569.0,24371.0,3033.3828
1666,15.6694,13.8641,2.0507,15.6544,570.0,25211.0,3033.3828
1667,15.8748,14.6086,2.3771,15.2658,569.0,23012.0,3033.3828
1668,15.0392,14.6799,2.2095,17.218,849.0,69220.0,3033.3828
1669,17.315,15.1881,2.6356,13.9995,566.0,20980.0,3033.3828
1670,13.9136,14.5989,2.6621,16.0279,628.0,32717.0,3033.3828
1671,15.9404,14.7894,2.6872,13.2505,566.0,24423.0,3033.3828
1672,13.456,14.698,2.59,15.1901,565.0,21576.0,3033.3828
1673,15.0998,14.7698,2.1645,15.9215,565.0,23298.0,3033.3828
1674,15.8065,14.6214,1.9853,14.4311,564.0,22530.0,3033.3828
1675,14.4171,14.2033,2.1536,14.4917,862.0,76249.0,3033.3828
1676,14.4477,13.9401,1.7414,15.0249,565.0,26706.0,3033.3828
1677,15.0666,14.6443,1.7094,15.6428,567.0,26602.0,3033.3828
1678,15.6646,14.6958,1.5198,15.0053,564.0,27294.0,3033.3828
1679,15.0212,14.8918,1.7439,14.5512,857.0,76179.0,3033.3828
1680,14.5812,14.8374,1.8174,15.9551,568.0,39338.0,3033.3828
1681,16.0411,14.732,2.134,14.6139,629.0,32302.0,3033.3828
1682,14.5276,14.6803,2.0401,15.154,571.0,24662.0,3033.3828
1683,15.1054,14.943,2.5862,16.5162,567.0,25564.0,3033.3828
1684,16.609,14.7616,2.6546,15.379,566.0,31484.0,3033.3828
1685,15.3096,14.6328,2.1626,14.3689,565.0,32276.0,3033.3828
1686,14.7172,14.0862,2.5935,14.9124,859.0,95611.0,3033.3828
1687,14.647,14.9506,2.024,15.2752,564.0,50454.0,3033.3828
1688,15.214,14.0934,1.9467,15.4115,563.0,23534.0,3033.3828
1689,15.4185,14.7862,2.0129,15.0259,563.0,30126.0,3033.3828
1690,15.0388,14.398,2.1189,14.1305,854.0,74541.0,3033.3828
1691,14.0966,14.8478,1.8681,16.0787,564.0,30822.0,3033.3828
1692,16.1703,15.2223,1.7502,16.1292,626.0,37208.0,3033.3828
1693,16.0763,15.3782,2.2484,15.533,563.0,28234.0,3033.3828
1694,15.6456,14.5705,2.3967,15.6997,564.0,23226.0,3033.3828
1695,15.6294,14.8031,2.05,15.1098,565.0,24702.0,3033.3828
1696,15.0256,14.9369,2.3947,15.7666,568.0,28322.0,3033.3828
1697,15.8069,15.5249,2.2721,15.9053,861.0,73803.0,3033.3828
1698,15.8693,15.7211,2.4828,16.1083,569.0,23054.0,3033.3828
1699,16.1273,15.2362,2.0604,15.8054,568.0,23158.0,3033.3828
1700,15.8121,15.516,2.2801,16.1932,564.0,22930.0,3033.3828
1701,16.1689,15.3317,2.0731,15.7843,843.0,68039.0,3033.3828
1702,15.8197,15.9474,1.9187,16.6829,566.0,19978.0,3033.3828
1703,16.668,15.0948,2.028,15.3365,625.0,29106.0,3033.3828
1704,15.3303,14.0955,2.0121,15.3624,567.0,24675.0,3033.3828
1705,15.34,13.9489,2.7028,14.2756,565.0,21678.0,3033.3828
1706,14.3055,14.5701,2.1736,15.0933,569.0,25488.0,3033.3828
1707,15.15,14.4378,2.3106,15.3635,568.0,35592.0,3033.3828
1708,15.3086,14.4878,2.2738,15.0861,864.0,75788.0,3033.3828
1709,15.024,15.1782,1.89,15.7912,565.0,24196.0,3033.3828
1710,15.9717,14.1068,2.2606,15.0973,564.0,23376.0,3033.3828
1711,14.9654,14.654,2.0019,14.3193,564.0,22514.0,3033.3828
1712,14.4643,14.7369,2.1072,15.6841,841.0,56971.0,3033.3828
1713,15.5918,14.7992,2.1631,15.8787,567.0,21142.0,3033.3828
1714,15.9374,14.7202,2.2311,15.7572,630.0,32076.0,3033.3828
1715,15.779,14.1446,2.3122,14.5775,570.0,24577.0,3033.3828
1716,14.4566,14.4309,2.2843,13.4655,567.0,26164.0,3033.3828
1717,13.4463,14.688,2.0384,15.7339,564.0,23740.0,3033.3828
1718,15.782,14.4111,2.1243,15.0891,565.0,30720.0,3033.3828
1719,15.1368,14.9594,2.1665,15.4758,856.0,73209.0,3033.3828
1720,15.4625,15.0246,1.7434,16.1467,565.0,30040.0,3033.3828
1721,16.1006,14.2684,2.2758,14.4874,566.0,26668.0,3033.3828
1722,14.4998,14.8955,2.0815,15.418,567.0,28322.0,3033.3828
1723,15.4212,14.5412,2.5796,15.1334,859.0,77151.0,3033.3828
1724,15.1635,14.9346,2.3162,15.0069,564.0,30360.0,3033.3828
1725,14.9822,14.0317,2.1297,14.498,628.0,45348.0,3033.3828
1726,14.553,13.9651,2.0392,14.0802,566.0,28686.0,3033.3828
1727,13.9634,14.4036,3.5939,15.8266,567.0,22182.0,3033.3828
1728,15.8764,14.859,2.0866,14.8682,568.0,33312.0,3033.3828
1729,14.8765,14.4,1.9787,14.8307,570.0,25712.0,3033.3828
1730,14.814,14.7581,1.8375,14.8947,865.0,70967.0,3033.3828
1731,14.9073,14.903,2.7132,15.1079,567.0,27392.0,3033.3828
1732,15.0781,14.2272,2.2254,15.0902,567.0,24658.0,3033.3828
1733,15.0513,14.529,1.9932,15.0478,570.0,23378.0,3033.3828
1734,15.0616,14.5848,2.2176,14.7444,855.0,69901.0,3033.3828
1735,14.8256,14.2078,1.8269,15.0231,567.0,25254.0,3033.3828
1736,14.979,13.7055,1.8577,14.804,629.0,46763.0,3033.3828
1737,14.9002,14.5243,1.8258,14.7995,563.0,28936.0,3033.3828
1738,14.6994,14.2747,1.6988,16.7407,567.0,30552.0,3033.3828
1739,16.895,14.5268,2.0172,13.2924,562.0,21566.0,3033.3828
1740,13.1401,14.5473,2.0042,15.1189,563.0,23673.0,3033.3828
1741,15.1505,14.6026,2.4338,15.8666,855.0,69047.0,3033.3828
1742,15.9542,14.5697,2.4273,14.86,569.0,21314.0,3033.3828
1743,14.8675,14.4024,2.5219,15.6711,567.0,24461.0,3033.3828
1744,15.5955,14.0067,2.2583,15.846,568.0,21066.0,3033.3828
1745,15.945,13.8686,2.4868,13.4965,859.0,69099.0,3033.3828
1746,13.4053,14.8233,2.2851,14.8447,569.0,23862.0,3033.3828
1747,14.8254,14.5676,2.6126,16.8511,628.0,31944.0,3033.3828
1748,16.9753,14.5372,2.5676,15.59,566.0,23362.0,3033.3828
1749,15.5937,14.7964,2.6884,13.3859,568.0,25464.0,3033.3828
1750,13.4072,14.2543,2.2919,15.6471,561.0,25004.0,3033.3828
1751,15.6196,14.1788,2.2794,12.8505,563.0,25472.0,3033.3828
1752,12.8556,15.2433,2.4089,19.808,861.0,73042.0,3033.3828
1753,19.8819,15.4155,4.166,13.7633,563.0,23238.0,3033.3828
1754,13.6357,14.4157,3.1589,12.6061,568.0,23955.0,3033.3828
1755,12.4749,14.2745,2.1688,15.1575,566.0,21086.0,3033.3828
1756,15.1453,13.7021,1.7008,13.6322,860.0,69499.0,3033.3828
1757,13.6403,14.7132,1.7032,15.7588,567.0,25780.0,3033.3828
1758,15.7897,14.3294,1.7463,14.4187,624.0,31146.0,3033.3828
1759,14.3867,14.5077,1.7865,14.726,567.0,23514.0,3033.3828
1760,14.8008,14.2988,1.987,14.6513,567.0,22474.0,3033.3828
1761,14.6709,14.4183,1.845,15.1185,573.0,27216.0,3033.3828
1762,15.0646,14.5957,1.8618,15.484,570.0,25234.0,3033.3828
1763,15.5698,14.3759,2.0218,14.665,860.0,75521.0,3033.3828
1764,14.5569,14.6326,1.8969,15.5416,568.0,23196.0,3033.3828
1765,15.5585,13.2406,1.8897,15.4321,568.0,32470.0,3033.3828
1766,15.4495,14.7021,1.9273,14.6674,567.0,38504.0,3033.3828
1767,14.7555,14.8699,2.2824,15.2969,840.0,69097.0,3033.3828
1768,15.2378,14.8751,2.0001,14.8521,564.0,24346.0,3033.3828
1769,14.8369,14.6994,2.0595,14.544,628.0,34014.0,3033.3828
1770,14.6262,14.5318,1.8359,14.7012,566.0,31842.0,3033.3828
1771,14.5952,14.4689,1.9151,14.9878,564.0,29878.0,3033.3828
1772,14.9986,14.6593,1.9117,15.2945,568.0,35374.0,3033.3828
1773,15.4004,14.4605,1.8564,15.4761,565.0,56318.0,3033.3828
1774,15.349,14.2754,1.8568,14.4441,857.0,80831.0,3033.3828
1775,14.4569,14.1717,1.9189,15.2554,563.0,30442.0,3033.3828
1776,15.3439,14.3242,1.8514,14.3072,570.0,25550.0,3033.3828
1777,14.2175,14.5667,1.8301,15.641,568.0,28524.0,3033.3828
1778,15.6929,15.0048,1.7347,15.0157,863.0,75253.0,3033.3828
1779,14.947,14.8087,1.6998,15.7785,567.0,29756.0,3033.3828
1780,15.7644,14.4571,1.747,14.1584,626.0,33404.0,3033.3828
1781,14.5587,14.672,2.2137,15.1286,563.0,25620.0,3033.3828
1782,14.8282,14.3904,1.7779,14.8684,566.0,24242.0,3033.3828
1783,14.8788,14.4112,1.8806,15.1562,565.0,28614.0,3033.3828
1784,15.1206,14.2576,2.135,14.9671,564.0,25018.0,3033.3828
1785,14.9592,13.7069,1.8814,15.3869,845.0,68451.0,3033.3828
1786,15.3623,14.7646,1.8758,14.7172,564.0,23276.0,3033.3828
1787,14.82,14.6732,1.9946,15.261,563.0,23426.0,3033.3828
1788,15.2479,14.8111,1.9514,14.8642,566.0,20350.0,3033.3828
1789,14.872,14.8133,2.0846,15.5758,857.0,67411.0,3033.3828
1790,15.5452,15.149,1.9504,14.6446,565.0,24411.0,3033.3828
1791,14.6461,14.7342,2.1141,15.3951,626.0,30492.0,3033.3828
1792,15.3288,14.3824,1.7979,15.1583,574.0,24470.0,3033.3828
1793,15.1135,14.691,1.8193,16.0956,570.0,28380.0,3033.3828
1794,16.1907,14.0141,2.3397,13.7257,571.0,34363.0,3033.3828
1795,13.7335,13.7507,1.9075,14.6668,568.0,25894.0,3033.3828
1796,14.6335,14.5729,2.1952,14.3957,859.0,70665.0,3033.3828
1797,14.4438,14.9669,1.8387,15.9887,564.0,22710.0,3033.3828
1798,15.9628,14.6578,1.6451,14.8139,565.0,23122.0,3033.3828
1799,14.7739,14.6974,1.7914,15.1822,564.0,21540.0,3033.3828
1800,15.2358,14.7435,1.8449,14.8432,854.0,69633.0,3033.3828
1801,14.8467,14.9026,2.0831,15.2956,569.0,25597.0,3033.3828
1802,15.2021,14.6652,1.6035,15.4446,627.0,32729.0,3033.3828
1803,15.4413,14.7766,2.2157,15.1239,567.0,25673.0,3033.3828
1804,15.158,14.6726,2.0372,15.3202,564.0,27148.0,3033.3828
1805,15.3995,13.9862,1.8492,14.4932,565.0,29426.0,3033.3828
1806,14.4396,13.6122,1.5537,16.198,563.0,26418.0,3033.3828
1807,16.2824,14.5315,1.9029,13.9099,860.0,77275.0,3033.3828
1808,13.78,15.0036,2.0027,15.52,569.0,24354.0,3033.3828
1809,15.5762,14.7018,1.9209,14.8415,567.0,31374.0,3033.3828
1810,14.8419,14.4599,1.9357,15.2157,572.0,29274.0,3033.3828
1811,15.3397,15.0818,1.8595,14.5169,832.0,68207.0,3033.3828
1812,14.4529,14.7906,2.0812,15.5866,570.0,35030.0,3033.3828
1813,15.6055,14.5415,1.8731,14.8461,628.0,31444.0,3033.3828
1814,14.8275,14.3762,1.8178,14.8805,569.0,28354.0,3033.3828
1815,14.8369,14.2786,1.8866,15.1035,567.0,30936.0,3033.3828
1816,15.1275,13.6118,2.1352,14.9812,563.0,21720.0,3033.3828
1817,14.9708,14.7628,2.0287,15.0519,564.0,27186.0,3033.3828
1818,15.0854,14.3879,2.3925,14.3231,857.0,73757.0,3033.3828
1819,14.3652,14.9755,2.0074,15.5776,565.0,23772.0,3033.3828
1820,15.5255,14.7182,1.9753,14.898,564.0,20950.0,3033.3828
1821,14.8493,14.421,1.9185,14.7484,562.0,21652.0,3033.3828
1822,14.7284,14.6067,2.2523,15.1305,830.0,73928.0,3033.3828
1823,15.2195,15.0157,1.7333,15.9177,565.0,31808.0,3033.3828
1824,15.8653,14.4077,1.7626,14.601,634.0,34760.0,3033.3828
1825,14.5913,14.3205,1.9727,15.2903,569.0,26742.0,3033.3828
1826,15.2744,13.6148,1.8123,14.8476,569.0,21586.0,3033.3828
1827,14.8477,14.5275,1.8147,14.4882,569.0,23519.0,3033.3828
1828,14.4882,14.4175,1.8248,14.7553,569.0,21100.0,3033.3828
1829,14.8188,14.865,1.9695,15.4047,860.0,71568.0,3033.3828
1830,15.3666,14.8043,1.9856,15.2954,563.0,22170.0,3033.3828
1831,15.3084,14.8145,2.0279,14.8115,565.0,21074.0,3033.3828
1832,14.737,14.6246,1.8299,15.3668,565.0,23858.0,3033.3828
1833,15.4473,14.5151,2.0587,14.9548,857.0,70487.0,3033.3828
1834,15.0183,14.7872,1.9421,15.4978,565.0,22902.0,3033.3828
1835,15.4681,13.9252,1.8156,14.5715,629.0,33156.0,3033.3828
1836,14.4983,13.2305,1.8702,14.6865,565.0,25571.0,3033.3828
1837,14.7832,14.3179,1.8809,13.9989,565.0,26753.0,3033.3828
1838,13.9138,14.4624,1.6559,15.2512,569.0,24653.0,3033.3828
1839,15.2224,14.6738,1.8736,15.6454,562.0,23438.0,3033.3828
1840,15.6858,14.3976,2.0017,14.4049,864.0,72468.0,3033.3828
1841,14.4019,15.0339,2.3106,15.4197,569.0,21270.0,3033.3828
1842,15.4189,14.2991,2.3562,14.669,567.0,21054.0,3033.3828
1843,14.7065,14.3058,1.7502,15.0643,569.0,25530.0,3033.3828
1844,15.0866,14.1606,1.8626,15.2813,857.0,70027.0,3033.3828
1845,15.2377,15.1673,1.9248,15.1517,563.0,22634.0,3033.3828
1846,15.1021,13.1783,1.851,13.8889,625.0,32934.0,3033.3828
1847,14.0015,14.6221,1.9037,15.0292,571.0,27332.0,3033.3828
1848,14.9697,14.3654,1.8115,14.6877,569.0,25090.0,3033.3828
1849,14.6481,14.3116,1.7357,14.3463,565.0,25626.0,3033.3828
1850,14.3548,14.6825,1.858,15.2761,562.0,24054.0,3033.3828
1851,15.2902,14.3476,1.9145,15.04,833.0,68069.0,3033.3828
1852,15.0453,14.7665,1.8836,15.4727,563.0,38374.0,3033.3828
1853,15.4835,14.6065,1.8102,14.9719,565.0,22144.0,3033.3828
1854,15.0408,13.7718,1.9319,14.6368,565.0,27678.0,3033.3828
1855,14.5553,13.2112,1.7958,14.1649,856.0,69259.0,3033.3828
1856,14.1729,14.3285,1.8225,15.3333,567.0,34586.0,3033.3828
1857,15.4072,14.5883,1.8116,15.1998,630.0,38094.0,3033.3828
1858,15.138,14.4847,2.0261,14.9528,567.0,30486.0,3033.3828
1859,14.894,14.3882,1.8669,14.3898,569.0,52992.0,3033.3828
1860,14.406,14.689,1.7898,15.3307,569.0,36672.0,3033.3828
1861,15.3386,14.3378,1.6654,14.8175,566.0,36340.0,3033.3828
1862,14.8589,14.4366,2.1864,15.0043,843.0,70145.0,3033.3828
1863,15.0555,14.564,1.7839,15.49,562.0,28058.0,3033.3828
1864,15.368,14.4085,1.6099,14.832,565.0,26306.0,3033.3828
1865,14.8433,13.4841,1.8194,14.2538,565.0,29594.0,3033.3828
1866,14.3919,14.6763,1.9566,15.1342,844.0,68037.0,3033.3828
1867,15.021,14.9031,1.8847,14.9367,563.0,26174.0,3033.3828
1868,14.929,14.3776,1.7142,14.9332,624.0,33206.0,3033.3828
1869,15.0023,14.6634,1.9727,14.8994,568.0,29270.0,3033.3828
1870,14.8337,14.4342,1.8377,14.9713,565.0,24590.0,3033.3828
1871,15.0357,14.2638,2.1035,15.0328,567.0,23596.0,3033.3828
1872,14.9932,14.617,1.8199,15.4854,568.0,23136.0,3033.3828
1873,15.4904,14.3531,1.9355,15.0072,860.0,71487.0,3033.3828
1874,14.9789,13.5432,1.9058,14.6514,570.0,21950.0,3033.3828
1875,14.6964,14.7091,1.8811,14.354,568.0,20256.0,3033.3828
1876,14.3333,14.5232,1.782,14.6606,568.0,24207.0,3033.3828
1877,14.6417,14.3119,1.7874,15.5893,842.0,55251.0,3033.3828
1878,15.6072,14.9598,1.7688,14.5539,567.0,21942.0,3033.3828
1879,14.5883,14.528,2.1819,14.8903,631.0,39790.0,3033.3828
1880,14.8374,14.3801,1.806,15.0453,566.0,26877.0,3033.3828
1881,15.0572,14.2841,1.8388,14.9803,569.0,31906.0,3033.3828
1882,14.986,14.2105,1.7694,14.8419,567.0,24434.0,3033.3828
1883,14.9546,13.5034,1.8504,14.7735,564.0,22232.0,3033.3828
1884,14.6511,14.6276,2.0215,14.4909,843.0,67317.0,3033.3828
1885,14.5304,14.8794,1.8003,15.5739,562.0,22190.0,3033.3828
1886,15.6041,14.5407,1.6535,14.5907,562.0,21684.0,3033.3828
1887,14.4889,14.4269,1.7465,14.6452,565.0,24089.0,3033.3828
1888,14.7237,14.5576,2.1155,15.1916,866.0,72920.0,3033.3828
1889,15.1362,14.6434,2.0348,15.551,568.0,22870.0,3033.3828
1890,15.5831,14.3856,1.935,15.096,632.0,37643.0,3033.3828
1891,15.0949,14.7788,1.666,15.6863,566.0,29944.0,3033.3828
1892,15.6143,14.402,2.1534,14.4922,565.0,26174.0,3033.3828
1893,14.4805,13.2885,1.5056,14.6176,570.0,28286.0,3033.3828
1894,14.7113,13.4405,1.79,14.0778,563.0,25086.0,3033.3828
1895,14.0517,14.7941,1.7738,15.264,858.0,78461.0,3033.3828
1896,15.3251,14.6789,2.1263,15.0548,563.0,27954.0,3033.3828
1897,15.0685,14.5373,1.846,14.6069,568.0,35652.0,3033.3828
1898,14.6036,14.6869,2.133,15.3613,566.0,31388.0,3033.3828
1899,15.2956,14.2049,1.9358,14.6776,830.0,61329.0,3033.3828
1900,14.7622,14.7586,1.8752,15.3626,565.0,28850.0,3033.3828
1901,15.3649,14.4355,1.9304,14.8936,625.0,36848.0,3033.3828
1902,14.8554,13.9855,2.0729,14.8184,565.0,25272.0,3033.3828
1903,14.8322,13.7375,2.0663,14.0958,564.0,22942.0,3033.3828
1904,14.0899,13.7404,1.637,15.1438,568.0,29428.0,3033.3828
1905,15.0647,14.2402,1.7833,14.7539,569.0,23712.0,3033.3828
1906,14.8794,14.6304,1.9557,15.6545,863.0,69619.0,3033.3828
1907,15.5571,14.8565,2.0556,15.6558,566.0,21320.0,3033.3828
1908,15.7204,14.4462,2.491,14.7301,566.0,30004.0,3033.3828
1909,14.6982,14.4498,2.1933,15.7435,569.0,40737.0,3033.3828
1910,15.7257,14.4832,2.2026,13.7276,863.0,74009.0,3033.3828
1911,13.6986,14.3368,2.2789,15.0939,562.0,21322.0,3033.3828
1912,15.2176,13.8362,1.8897,15.7764,625.0,35934.0,3033.3828
1913,15.6753,14.4,2.0423,13.9868,566.0,21338.0,3033.3828
1914,14.0001,14.6706,2.0677,14.6045,566.0,23589.0,3033.3828
1915,14.5947,14.3777,1.8397,14.4881,569.0,23093.0,3033.3828
1916,14.6881,14.4453,2.3433,14.7238,564.0,22454.0,3033.3828
1917,14.5724,14.645,1.9958,15.3162,857.0,73535.0,3033.3828
1918,15.29,14.7256,1.8522,15.3873,563.0,24026.0,3033.3828
1919,15.4327,14.3928,1.5586,14.9481,568.0,22502.0,3033.3828
1920,14.9493,14.483,1.7523,15.1821,568.0,22810.0,3033.3828
1921,15.1504,13.3907,1.8837,14.6745,844.0,68223.0,3033.3828
1922,14.6374,13.5361,1.7989,15.248,568.0,25129.0,3033.3828
1923,15.2406,14.0629,1.87,14.3713,625.0,35149.0,3033.3828
1924,14.3804,14.3205,2.1227,14.8293,568.0,25093.0,3033.3828
1925,14.8547,14.3643,1.9476,14.6385,565.0,24302.0,3033.3828
1926,14.6143,14.6369,1.9255,14.7901,567.0,23859.0,3033.3828
1927,14.7373,14.3438,1.7282,15.2116,561.0,21406.0,3033.3828
1928,15.2484,14.3689,1.9238,15.0443,841.0,66357.0,3033.3828
1929,15.1301,14.7817,1.9203,15.1722,567.0,23505.0,3033.3828
1930,15.1191,14.003,1.933,17.2805,565.0,24219.0,3033.3828
1931,17.43,13.6958,2.0799,12.8338,878.0,69508.0,3033.3828
1932,12.6655,20.765,1.8143,20.4321,566.0,27374.0,3033.3828
1933,20.4622,18.0396,1.8344,17.895,604.0,28846.0,3033.3828
1934,17.9362,15.8515,1.8327,16.4056,609.0,35932.0,3033.3828
1935,16.2785,16.079,1.6216,16.7309,600.0,30822.0,3033.3828
1936,16.818,15.8837,1.598,16.4189,606.0,39106.0,3033.3828
1937,16.3057,15.8517,1.5408,16.2983,605.0,38394.0,3033.3828
1938,16.3945,16.4054,1.8593,18.7406,605.0,32482.0,3033.3828
1939,18.8094,16.1627,2.7404,16.0071,607.0,38228.0,3033.3828
1940,15.9652,16.0555,2.1395,15.5299,603.0,34740.0,3033.3828
1941,15.5351,16.4118,2.7284,17.3688,604.0,35224.0,3033.3828
1942,17.4049,16.331,3.3885,16.6161,604.0,61618.0,3033.3828
1943,16.5736,16.2304,3.2801,16.9309,601.0,38750.0,3033.3828
1944,16.9713,15.7192,1.8002,16.1758,598.0,39606.0,3033.3828
1945,16.1086,16.2892,1.7951,16.6466,598.0,31038.0,3033.3828
1946,16.7684,16.0207,2.1385,16.6995,597.0,31174.0,3033.3828
1947,16.5661,15.7246,1.8727,16.007,606.0,30502.0,3033.3828
1948,16.0188,16.1994,2.1437,17.7284,602.0,28050.0,3033.3828
1949,17.808,16.0736,2.3905,16.4133,598.0,31398.0,3033.3828
1950,16.3523,15.9751,2.3546,16.1602,601.0,31898.0,2905.3828
1951,16.1735,15.806,2.009,16.3197,601.0,31086.0,2905.3828
1952,16.3441,16.1757,1.9382,16.9208,605.0,30064.0,2905.3828
1953,16.8385,16.1908,2.4299,16.4917,601.0,27948.0,2905.3828
1954,16.4878,16.2992,1.6525,16.6942,605.0,28350.0,2905.3828
1955,16.734,16.4517,1.8453,17.09,603.0,26640.0,2905.3828
1956,17.1682,15.8073,1.8328,16.4552,605.0,25164.0,2905.3828
1957,16.4231,15.9507,1.885,16.2447,606.0,29297.0,2905.3828
1958,16.2564,16.0245,1.9101,16.7285,597.0,25634.0,2905.3828
1959,16.7249,15.9973,2.1518,16.6426,603.0,26960.0,2905.3828
1960,16.6827,16.2417,1.7625,16.4628,610.0,35682.0,2905.3828
1961,16.3406,15.7889,1.5753,16.1923,604.0,40075.0,2905.3828
1962,16.2344,15.7056,1.8371,16.4471,607.0,30672.0,2905.3828
1963,16.4551,16.0679,1.7955,16.6798,603.0,26842.0,2905.3828
1964,16.7149,15.7998,1.9177,16.2411,602.0,26388.0,2905.3828
1965,16.2535,15.5172,1.9006,16.4133,607.0,31908.0,2905.3828
1966,16.4893,16.6875,1.8065,16.6719,604.0,28328.0,2905.3828
1967,16.5018,15.7217,1.5213,16.0515,600.0,30594.0,2905.3828
1968,16.0929,15.7079,1.8255,16.898,611.0,37115.0,2905.3828
1969,16.9362,16.424,1.8121,16.842,605.0,31644.0,2905.3828
1970,16.8598,15.7083,2.0299,15.9013,605.0,33416.0,2905.3828
1971,15.8562,16.459,1.9199,16.9667,603.0,30108.0,2905.3828
1972,17.0553,15.9921,1.8798,16.6017,604.0,36556.0,2905.3828
1973,16.4361,15.5382,1.6574,16.105,601.0,30942.0,2905.3828
1974,16.1901,16.3913,1.8599,16.7184,599.0,41392.0,2905.3828
1975,16.6441,15.6465,1.704,16.4779,606.0,37536.0,2905.3828
1976,16.47,15.1531,1.6246,16.3437,600.0,29092.0,2905.3828
1977,16.4498,15.2121,1.5451,16.4665,603.0,36552.0,2905.3828
1978,16.4138,15.9395,1.9266,16.3889,601.0,31850.0,2905.3828
1979,16.5009,15.9857,1.8661,17.0641,603.0,28232.0,2905.3828
1980,17.0245,15.7853,1.9045,16.2824,600.0,32082.0,2905.3828
1981,16.2497,16.0954,1.8581,15.9793,603.0,30866.0,2905.3828
1982,16.0418,15.9598,1.7795,16.5604,600.0,25694.0,2905.3828
1983,16.5665,14.9586,1.8575,15.8927,600.0,26830.0,2905.3828
1984,15.8388,16.3548,1.8948,16.6074,602.0,34280.0,2905.3828
1985,16.559,16.0132,1.8242,16.4616,606.0,45135.0,2905.3828
1986,16.4941,16.0569,1.8615,16.8864,608.0,30950.0,2905.3828
1987,16.8626,16.0193,1.9079,16.5382,602.0,26024.0,2905.3828
1988,16.5278,16.069,1.7626,16.3863,603.0,31436.0,2905.3828
1989,16.4121,16.3122,2.0725,17.3715,601.0,25852.0,2905.3828
1990,17.36,15.7679,1.8708,15.9439,605.0,28453.0,2905.3828
1991,15.9449,15.8329,1.7699,16.8891,602.0,28757.0,2905.3828
1992,16.9126,16.0565,1.7882,16.2791,601.0,26434.0,2905.3828
1993,16.253,16.0727,1.7786,16.4205,602.0,28766.0,2905.3828
1994,16.4701,15.9243,1.8764,16.5793,604.0,27398.0,2905.3828
1995,16.5215,15.9095,1.9418,16.631,600.0,28528.0,2905.3828
1996,16.6466,15.8927,1.7918,16.1912,599.0,28516.0,2905.3828
1997,16.2303,15.7946,1.9402,16.5786,605.0,32307.0,2905.3828
1998,16.5756,15.8966,2.0648,16.7156,601.0,29788.0,2905.3828
1999,16.7477,16.0626,1.7794,16.2793,599.0,28452.0,2905.3828
2000,16.2587,15.7503,1.8027,16.3996,606.0,28831.0,2905.3828
2001,16.3567,15.9596,1.8696,16.3824,604.0,25962.0,2905.3828
2002,16.5003,15.9339,2.0286,16.1865,601.0,26390.0,2905.3828
2003,16.0725,16.0879,1.7895,16.6838,606.0,31368.0,2905.3828
2004,16.7296,15.9311,1.8979,16.3026,602.0,26792.0,2905.3828
2005,16.2203,15.8089,1.6802,16.9134,605.0,27010.0,2905.3828
2006,16.9181,15.9817,1.7237,16.1661,603.0,27862.0,2905.3828
2007,16.2213,15.9306,1.8513,16.3777,601.0,28492.0,2905.3828
2008,16.3713,15.7961,1.713,16.0163,599.0,27824.0,2905.3828
2009,16.4677,16.0832,2.12,17.2965,602.0,26910.0,2905.3828
2010,16.8257,15.8819,1.8483,15.6148,600.0,26422.0,2905.3828
2011,15.6748,15.7093,1.9432,15.9775,601.0,26898.0,2905.3828
2012,15.9874,16.0448,2.0498,16.7119,604.0,27398.0,2905.3828
2013,16.7799,15.791,2.3347,16.1984,602.0,29090.0,2905.3828
2014,16.1074,15.8963,1.9441,16.3675,601.0,28030.0,2905.3828
2015,16.3389,16.0124,1.8768,16.6186,603.0,31522.0,2905.3828
2016,16.589,15.757,1.3693,16.4071,606.0,29046.0,2905.3828
2017,16.4345,15.9218,1.276,16.5208,602.0,26402.0,2905.3828
2018,16.5042,15.9712,1.566,16.257,602.0,26866.0,2905.3828
2019,16.2126,15.8581,1.603,16.3665,607.0,36718.0,2905.3828
2020,16.472,15.974,1.8826,16.6973,609.0,30444.0,2905.3828
2021,16.6595,15.9305,1.7494,16.3549,604.0,39236.0,2905.3828
2022,16.3382,15.839,1.7276,16.6695,600.0,39474.0,2905.3828
2023,16.722,15.9359,1.7867,16.1347,600.0,30870.0,2905.3828
2024,16.1021,15.895,1.7566,16.7213,601.0,38546.0,2905.3828
2025,16.7485,16.0864,1.7569,16.3216,601.0,34370.0,2905.3828
2026,16.3333,16.0152,1.6973,16.8781,598.0,36770.0,2905.3828
2027,16.9035,15.8643,1.5807,15.8993,601.0,59986.0,2905.3828
2028,15.8483,16.0824,1.7944,16.9922,601.0,38750.0,2905.3828
2029,16.9716,16.0519,1.8097,16.4392,603.0,41070.0,2905.3828
2030,16.4902,15.8387,1.8342,16.7498,603.0,29694.0,2905.3828
2031,16.7589,16.0919,1.7989,16.3238,597.0,31542.0,2905.3828
2032,16.3423,16.0787,2.1162,16.6574,608.0,30114.0,2905.3828
2033,16.6006,15.9581,1.8702,16.3938,607.0,30338.0,2905.3828
2034,16.4747,15.8851,1.8279,16.4692,603.0,31054.0,2905.3828
2035,16.355,16.1464,1.7817,16.4994,605.0,30012.0,2905.3828
2036,16.597,15.7937,1.6963,16.5567,606.0,31124.0,2905.3828
2037,16.4746,15.862,1.7577,16.1623,604.0,30836.0,2905.3828
2038,16.1317,16.1735,1.6261,16.7131,600.0,27122.0,2905.3828
2039,16.8724,15.8209,1.8625,16.3128,604.0,28334.0,2905.3828
2040,16.2151,15.6371,1.6479,16.4898,601.0,26734.0,2905.3828
2041,16.5068,16.1693,1.8331,16.2459,604.0,25126.0,2905.3828
2042,16.2914,15.7904,1.7904,16.5255,602.0,29319.0,2905.3828
2043,16.4691,15.6949,1.9849,16.6489,602.0,25694.0,2905.3828
2044,16.6453,15.4567,1.8965,16.2063,601.0,27934.0,2905.3828
2045,16.2281,15.7403,1.7463,16.5489,609.0,35724.0,2905.3828
2046,16.663,15.985,1.846,16.2653,603.0,39379.0,2905.3828
2047,16.2323,15.7921,2.1617,16.8241,600.0,30220.0,2905.3828
2048,16.6481,15.7731,1.4479,15.9823,607.0,26846.0,2905.3828
2049,16.0096,16.0604,1.8431,16.3755,605.0,27432.0,2905.3828
2050,16.4163,16.0854,1.7982,16.4293,611.0,31220.0,2905.3828
2051,16.4524,15.8175,1.7914,16.5919,601.0,28614.0,2905.3828
2052,16.5299,15.3235,1.7362,16.5987,604.0,30498.0,2905.3828
2053,16.624,15.2595,1.7627,16.3783,604.0,36519.0,2905.3828
2054,16.3591,15.0523,1.5326,16.3503,602.0,32176.0,2905.3828
2055,16.3138,15.8135,1.4573,15.7676,600.0,32876.0,2905.3828
2056,15.8564,16.0308,1.7767,16.8363,599.0,30978.0,2905.3828
2057,16.8027,15.6733,1.6445,16.522,598.0,35730.0,2905.3828
2058,16.5337,15.8223,1.7494,16.2414,600.0,34168.0,2905.3828
2059,16.2735,15.827,1.8721,16.3925,602.0,38092.0,2905.3828
2060,16.3779,15.8198,1.8737,16.2533,604.0,38036.0,2905.3828
2061,16.2978,16.0106,1.6289,16.4891,600.0,28568.0,2905.3828
2062,16.4451,15.9373,1.7159,17.7202,602.0,36540.0,2905.3828
2063,17.7175,16.123,1.8703,16.2733,605.0,31898.0,2905.3828
2064,16.3201,16.1575,1.8442,16.3751,602.0,28176.0,2905.3828
2065,16.3508,15.9395,1.9238,16.2433,606.0,32478.0,2905.3828
2066,16.2184,15.9554,1.6735,16.5566,607.0,30406.0,2905.3828
2067,16.5404,16.3226,1.8421,16.914,606.0,25696.0,2905.3828
2068,16.9234,16.0637,1.7795,16.4795,602.0,26928.0,2905.3828
2069,16.4993,16.085,1.8451,16.7752,603.0,36938.0,2905.3828
2070,16.7604,16.0317,1.7498,16.4532,606.0,42603.0,2905.3828
2071,16.4241,16.0828,1.8436,16.8586,604.0,30898.0,2905.3828
2072,16.9374,15.8975,1.8005,16.2492,598.0,26046.0,2905.3828
2073,16.1889,15.3906,1.7926,16.6891,600.0,31374.0,2905.3828
2074,16.6883,15.9418,1.7656,16.0836,601.0,25922.0,2905.3828
2075,16.0947,16.2236,1.8721,16.6261,598.0,28369.0,2905.3828
2076,16.6084,15.89,1.7696,16.7847,603.0,28769.0,2905.3828
2077,16.8154,15.8767,1.7599,16.4061,600.0,26886.0,2905.3828
2078,16.3297,16.2963,1.6769,16.7066,602.0,28766.0,2905.3828
2079,16.792,15.8887,1.8242,16.5984,603.0,27386.0,2905.3828
2080,16.6544,15.9194,1.8125,16.1966,605.0,28080.0,2905.3828
2081,16.2743,16.0858,1.8071,16.7073,605.0,29376.0,2905.3828
2082,16.5976,15.946,1.8736,16.396,604.0,31419.0,2905.3828
2083,16.4524,15.9227,1.9037,16.3924,604.0,30336.0,2905.3828
2084,16.3109,16.1552,1.908,16.4222,605.0,27968.0,2905.3828
2085,16.479,15.9225,2.2723,16.711,607.0,28865.0,2905.3828
2086,16.6886,15.9159,1.7064,16.5715,603.0,25994.0,2905.3828
2087,16.569,16.3738,1.7124,16.7799,600.0,26422.0,2905.3828
2088,16.7102,15.8466,1.5994,16.5642,606.0,31758.0,2905.3828
2089,16.6084,15.9341,2.0432,16.1928,601.0,26434.0,2905.3828
2090,16.188,16.1443,1.823,16.5283,599.0,26960.0,2905.3828
2091,16.6242,16.06,1.8752,16.8744,597.0,27790.0,2905.3828
2092,16.8126,16.0385,1.7894,16.6889,598.0,28824.0,2905.3828
2093,16.7386,15.8447,1.9031,15.9934,607.0,27552.0,2905.3828
2094,15.9078,15.8179,2.1088,16.0217,600.0,26886.0,2905.3828
2095,16.1596,16.0968,2.0417,18.6316,600.0,26422.0,2905.3828
2096,18.8976,16.1523,3.2726,14.6066,604.0,26890.0,2905.3828
2097,14.3095,15.8878,2.0358,16.4178,605.0,27366.0,2905.3828
2098,16.298,16.3637,1.5515,16.8818,604.0,29070.0,2905.3828
2099,16.8936,15.9062,1.8509,16.4462,600.0,29684.0,2905.3828
2100,16.3924,15.9865,1.5163,16.3179,603.0,30816.0,2905.3828
2101,16.3715,16.0123,1.9946,16.4952,604.0,28040.0,2905.3828
2102,16.517,15.9097,2.0002,16.3335,602.0,26446.0,2905.3828
2103,16.3313,15.8945,2.1349,16.4653,603.0,27590.0,2905.3828
2104,16.4752,15.9803,1.7535,16.4222,607.0,36072.0,2905.3828
2105,16.3228,16.1044,1.5395,16.6129,602.0,30882.0,2905.3828
2106,16.6024,15.828,1.4814,16.5296,604.0,38758.0,2905.3828
2107,16.6058,15.9476,2.145,16.5811,599.0,39414.0,2905.3828
2108,16.6992,15.8134,1.8879,16.1934,604.0,36150.0,2905.3828
2109,16.1222,15.7506,2.0144,16.2859,604.0,33398.0,2905.3828
2110,16.2613,16.0401,1.7823,16.562,602.0,34334.0,2905.3828
2111,16.5987,15.7401,1.8968,16.3605,602.0,36866.0,2905.3828
2112,16.3415,15.7252,1.9783,16.3185,608.0,61894.0,2905.3828
2113,16.2625,16.1222,1.7517,16.7436,604.0,36874.0,2905.3828
2114,16.7138,15.7848,1.5201,16.0027,608.0,41086.0,2905.3828
2115,16.1037,15.8727,1.8695,16.5056,603.0,31200.0,2905.3828
2116,16.5142,16.023,1.8053,16.2199,604.0,30076.0,2905.3828
2117,16.2316,15.6051,1.7434,16.3655,602.0,31836.0,2905.3828
2118,16.3433,15.9921,1.9007,16.5142,604.0,28942.0,2905.3828
2119,16.5214,15.9897,1.8946,16.2657,597.0,30658.0,2905.3828
2120,16.252,16.0489,1.8132,16.5357,597.0,29938.0,2905.3828
2121,16.5159,15.7399,1.7572,16.3933,603.0,31872.0,2905.3828
2122,16.4886,15.8943,1.7155,16.2547,600.0,30048.0,2905.3828
2123,16.158,15.6897,1.835,17.277,602.0,27050.0,2905.3828
2124,17.3946,16.2664,1.8512,15.8313,601.0,28346.0,2905.3828
2125,15.7133,15.3817,1.8937,16.4078,600.0,26674.0,2905.3828
2126,16.457,16.2826,1.7465,16.2075,600.0,25472.0,2905.3828
2127,16.1695,15.8767,1.9932,16.3052,603.0,28937.0,2905.3828
2128,16.3195,15.4111,1.7258,16.0905,604.0,26256.0,2905.3828
2129,16.1082,15.3307,2.2336,16.5219,605.0,28408.0,2905.3828
2130,16.5279,16.0498,1.9882,16.728,609.0,34800.0,2905.3828
2131,16.759,16.0395,1.8686,16.9705,607.0,40219.0,2905.3828
2132,16.9605,14.9413,1.7447,16.4179,604.0,29308.0,2905.3828
2133,16.4983,15.9175,2.0026,16.1558,602.0,26808.0,2905.3828
2134,16.1139,16.0482,2.1749,15.9093,601.0,27476.0,2905.3828
2135,15.7901,15.7179,1.6039,15.8653,606.0,31204.0,2905.3828
2136,15.8803,15.8762,1.7485,16.5211,602.0,29226.0,2905.3828
2137,16.621,15.964,1.8253,16.4218,598.0,30334.0,2905.3828
2138,16.3722,15.6623,1.9113,16.6514,605.0,36345.0,2905.3828
2139,16.6491,16.1693,1.8372,16.7062,601.0,33040.0,2905.3828
2140,16.6591,15.9859,1.7876,15.8713,603.0,33080.0,2905.3828
2141,15.9139,15.939,1.8059,16.6755,600.0,29810.0,2905.3828
2142,16.6245,15.9744,1.601,16.1009,602.0,36398.0,2905.3828
2143,16.1066,15.6482,1.6969,16.4782,604.0,33844.0,2905.3828
2144,16.4608,15.8292,1.733,16.3331,605.0,41052.0,2905.3828
2145,16.3525,16.0128,1.7886,16.6168,606.0,34680.0,2905.3828
2146,16.6389,15.9699,1.7739,16.2407,603.0,28560.0,2905.3828
2147,16.2184,15.7746,1.623,16.3387,605.0,36674.0,2905.3828
2148,16.3378,15.9464,1.6483,16.46,599.0,31684.0,2905.3828
2149,16.6142,16.0902,1.8421,16.7981,603.0,28210.0,2905.3828
2150,16.621,15.785,1.7302,16.2157,602.0,32426.0,2905.3828
2151,16.2839,16.0919,2.2223,16.3596,602.0,30342.0,2905.3828
2152,16.334,15.8132,1.7844,16.8228,604.0,25862.0,2905.3828
2153,16.8399,15.7789,1.7464,15.4484,601.0,29442.0,2905.3828
2154,15.4437,16.0699,1.8624,17.8905,602.0,34372.0,2905.3828
2155,17.9101,15.8101,1.8136,15.8299,602.0,42507.0,2905.3828
2156,15.8134,16.0901,1.8172,15.9918,604.0,30946.0,2905.3828
2157,15.9681,16.2435,1.7842,16.8528,603.0,28634.0,2905.3828
2158,16.9704,15.7592,1.9183,15.921,602.0,28870.0,2905.3828
2159,15.796,16.1455,1.9853,17.7841,604.0,25958.0,2905.3828
2160,17.8166,16.059,2.1722,15.9493,606.0,28421.0,2905.3828
2161,15.9757,15.9043,2.0701,16.7651,609.0,28797.0,2905.3828
2162,16.974,16.0543,2.3389,16.1889,603.0,27342.0,2905.3828
2163,15.9702,16.0897,1.847,16.3146,601.0,28732.0,2905.3828
2164,16.2975,15.9019,1.9103,16.6852,599.0,26852.0,2905.3828
2165,16.6477,16.1484,2.0565,16.6491,600.0,28874.0,2905.3828
2166,16.6932,15.9631,2.379,16.1356,607.0,28770.0,2905.3828
2167,16.1365,16.3034,1.6276,16.6675,600.0,31381.0,2905.3828
2168,16.7089,16.0046,1.7702,16.2139,602.0,30674.0,2905.3828
2169,16.263,15.895,1.8717,16.5876,601.0,27478.0,2905.3828
2170,16.5317,15.7199,1.8165,15.9554,602.0,28827.0,2905.3828
2171,16.0375,16.1383,1.9825,16.8967,600.0,25958.0,2905.3828
2172,16.7287,15.7512,1.941,16.0951,598.0,26398.0,2905.3828
2173,16.1659,15.6492,1.5248,16.479,604.0,31734.0,2905.3828
2174,16.4995,15.5742,1.7548,16.121,603.0,26458.0,2905.3828
2175,16.1046,15.8325,1.8473,16.4351,602.0,27496.0,2905.3828
2176,16.4138,15.9771,1.8695,16.4657,606.0,27354.0,2905.3828
2177,16.5574,16.0639,1.7677,16.5182,604.0,29316.0,2905.3828
2178,16.4228,15.7081,1.7032,16.121,606.0,27032.0,2905.3828
2179,16.0366,16.3723,1.5186,16.9628,605.0,27388.0,2905.3828
2180,17.016,15.4735,1.5091,16.5656,602.0,25960.0,2905.3828
2181,16.5664,15.978,1.6912,16.3358,604.0,26912.0,2905.3828
2182,16.3771,15.9515,1.6818,16.5228,605.0,27410.0,2905.3828
2183,16.5443,15.6649,1.7293,16.0954,600.0,29066.0,2905.3828
2184,16.0572,15.7317,1.4724,16.8415,602.0,29730.0,2905.3828
2185,16.9398,15.9222,1.7036,16.0127,604.0,30850.0,2905.3828
2186,15.9166,15.8926,1.841,16.4597,601.0,28026.0,2905.3828
2187,16.4676,15.6657,1.8839,16.1264,604.0,26988.0,2905.3828
2188,16.112,15.9222,1.7791,16.5235,601.0,27048.0,2905.3828
2189,16.5834,15.4207,1.8305,15.8754,610.0,36976.0,2905.3828
2190,15.9442,16.0053,1.8862,16.1159,600.0,35222.0,2905.3828
2191,16.0229,15.8969,1.7284,16.6009,604.0,33526.0,2905.3828
2192,16.6452,15.774,1.7264,16.8252,601.0,39346.0,2905.3828
2193,16.7951,15.7709,1.8591,16.2739,602.0,36130.0,2905.3828
2194,16.3502,15.1725,1.7371,16.3273,608.0,33354.0,2905.3828
2195,16.1869,15.3643,1.6745,16.7621,602.0,35908.0,2905.3828
2196,16.7652,15.7317,1.4846,16.6711,603.0,35772.0,2905.3828
2197,16.6984,16.0272,1.4136,15.9998,604.0,61404.0,2905.3828
2198,16.0117,15.7771,1.4337,16.3701,600.0,36870.0,2905.3828
2199,16.3669,14.7189,1.1762,15.7546,601.0,42698.0,2905.3828
2200,15.6818,16.2847,1.3327,16.5492,603.0,29570.0,2905.3828
2201,16.5808,15.8095,1.4443,16.4123,598.0,31798.0,2905.3828
2202,16.5165,15.984,1.7886,16.7323,599.0,30050.0,2905.3828
2203,16.6804,15.7773,1.7119,15.896,600.0,28894.0,2905.3828
2204,15.9101,15.7039,1.7218,16.7028,599.0,30682.0,2905.3828
2205,16.6606,15.8166,1.8262,17.0154,600.0,30736.0,2905.3828
2206,17.0363,15.8632,1.7937,15.7514,601.0,31086.0,2905.3828
2207,15.8382,16.1592,1.6866,16.7524,599.0,29988.0,2905.3828
2208,16.7075,15.7541,1.7539,16.1483,606.0,27102.0,2905.3828
2209,16.131,16.1153,1.8361,16.7936,605.0,28718.0,2905.3828
2210,16.8609,16.1541,1.7916,16.8683,603.0,26548.0,2905.3828
2211,16.7912,15.8205,1.8938,16.0637,605.0,25212.0,2905.3828
2212,16.0373,16.3135,1.7598,16.3663,603.0,29449.0,2905.3828
2213,16.3958,15.7939,1.8382,16.4973,605.0,25756.0,2905.3828
2214,16.5386,15.8784,1.8307,16.3084,602.0,28416.0,2905.3828
2215,16.2588,16.0755,1.8563,17.4313,612.0,35818.0,2905.3828
2216,17.463,15.7937,1.8605,15.5097,604.0,39219.0,2905.3828
2217,15.6083,16.1222,1.9866,16.8701,602.0,29770.0,2905.3828
2218,16.7817,16.1261,2.0847,16.7458,599.0,26426.0,2905.3828
2219,16.7548,15.975,1.9347,16.3625,600.0,27464.0,2905.3828
2220,16.35,16.098,1.9384,16.4654,605.0,31692.0,2905.3828
2221,16.419,15.7314,2.0128,16.0245,596.0,29118.0,2905.3828
2222,16.0716,16.1014,1.8611,16.7348,602.0,30948.0,2905.3828
2223,16.7152,16.0183,2.0538,16.1526,603.0,35547.0,2905.3828
2224,16.2432,15.9555,2.1392,17.4942,605.0,32788.0,2905.3828
2225,17.4749,16.2937,1.9868,16.8395,608.0,33216.0,2905.3828
2226,16.883,16.0298,2.017,15.8915,605.0,30446.0,2905.3828
2227,15.7253,15.8996,1.9425,16.2966,602.0,36100.0,2905.3828
2228,16.3503,16.1953,2.0738,16.8594,604.0,33358.0,2905.3828
2229,16.9007,15.9914,2.5615,16.0505,603.0,41050.0,2905.3828
2230,16.0185,15.9988,2.0163,16.7796,607.0,34736.0,2905.3828
2231,16.9108,16.4539,2.1659,16.9324,600.0,28568.0,2905.3828
2232,16.8283,16.2149,2.0551,16.9671,608.0,40068.0,2905.3828
2233,16.9741,16.1758,1.9382,16.5522,601.0,28394.0,2905.3828
2234,16.5157,16.0902,1.7197,16.2641,602.0,28172.0,2905.3828
2235,16.3353,16.2123,1.8837,16.7933,601.0,32366.0,2905.3828
2236,16.826,16.0301,1.9692,16.2063,600.0,30534.0,2905.3828
2237,16.05,16.0831,1.807,16.6974,596.0,25646.0,2905.3828
2238,16.7183,16.0529,1.9111,16.4543,599.0,29418.0,2905.3828
2239,16.4392,15.7898,2.1989,16.2996,607.0,34384.0,2905.3828
2240,16.2768,16.2387,1.7512,16.9819,606.0,42717.0,2905.3828
2241,17.0059,15.9196,2.1838,16.4774,608.0,33320.0,2905.3828
2242,16.4606,16.0596,1.8734,16.2155,605.0,26086.0,2905.3828
2243,16.2589,16.0504,1.8718,16.7055,602.0,28848.0,2905.3828
2244,16.7713,15.6702,1.908,16.0589,602.0,25912.0,2905.3828
2245,16.0254,16.0422,1.9406,17.2444,602.0,28395.0,2905.3828
2246,17.2259,16.0239,1.8173,16.1841,602.0,28757.0,2905.3828
2247,16.2489,15.8686,1.9779,16.3717,604.0,27862.0,2905.3828
2248,16.296,15.9832,1.8235,16.278,602.0,28302.0,2905.3828
2249,16.2896,15.91,1.8017,16.4292,601.0,27730.0,2905.3828
2250,16.4461,16.1204,1.8376,17.05,600.0,28064.0,2905.3828
2251,17.0238,15.9806,2.1511,16.3602,604.0,28734.0,2905.3828
2252,16.4336,15.8843,1.7742,16.6308,601.0,31393.0,2905.3828
2253,16.4774,15.9076,1.7453,16.0849,603.0,30686.0,2905.3828
2254,16.0799,16.3563,1.5568,16.9455,602.0,27490.0,2905.3828
2255,17.0433,16.0485,1.7084,16.5828,608.0,28899.0,2905.3828
2256,16.5237,15.913,1.5593,16.478,602.0,25938.0,2905.3828
2257,16.5522,15.9812,1.9774,16.4778,609.0,28333.0,2905.3828
2258,16.4585,15.8447,1.8294,16.1922,609.0,29903.0,2905.3828
2259,16.1704,15.9776,1.5,16.4274,604.0,26912.0,2905.3828
2260,16.4739,16.2651,1.7587,16.7439,604.0,27034.0,2905.3828
2261,16.8279,15.4673,1.749,16.3528,603.0,27804.0,2905.3828
2262,16.2606,16.2534,1.7699,16.6801,602.0,28872.0,2905.3828
2263,16.6795,16.0065,1.8416,16.3987,601.0,27016.0,2905.3828
2264,16.439,15.6683,1.8368,16.4191,602.0,27374.0,2905.3828
2265,16.385,15.8035,1.768,16.6755,597.0,25922.0,2905.3828
2266,16.678,15.9597,1.8032,16.3994,599.0,26874.0,2905.3828
2267,16.446,16.2511,1.8695,16.8764,602.0,27374.0,2905.3828
2268,16.7713,15.9837,1.4752,16.2791,600.0,29066.0,2905.3828
2269,16.4114,15.4336,1.7529,16.8359,601.0,29718.0,2905.3828
2270,16.7959,16.6525,1.9738,19.6263,604.0,30850.0,3102.0703
2271,19.6711,16.3527,2.5609,17.5442,1106.0,163932.0,3150.7578
2272,17.5286,19.4884,2.5008,19.13,716.0,71220.0,3150.7578
2273,19.1575,19.3181,2.4524,19.2385,676.0,32730.0,3150.7578
2274,19.353,16.8536,2.3201,18.1235,637.0,41556.0,3121.3828
2275,17.9956,17.1011,2.2493,15.8276,629.0,46860.0,3080.0078
2276,15.8932,17.091,2.2425,18.1732,448.0,19900.0,3080.0078
2277,18.1507,16.7996,2.246,18.619,507.0,27900.0,3080.0078
2278,18.4958,17.0207,2.127,15.8486,546.0,65358.0,3080.0078
2279,15.8486,16.845,1.9131,18.1196,473.0,28398.0,3080.0078
2280,18.1522,16.6829,1.929,18.3614,463.0,25478.0,3121.3828
2281,18.4227,17.4377,2.4283,17.5779,466.0,27230.0,3150.7578
2282,17.5694,16.57,2.6092,16.8226,464.0,25154.0,3150.7578
2283,16.7774,16.9988,2.5117,18.2102,466.0,33234.0,3150.7578
2284,18.234,16.5578,2.6062,16.4156,464.0,22458.0,3102.0703
2285,16.5156,16.291,2.4274,18.422,466.0,28614.0,3033.3828
2286,18.293,16.2771,2.3748,17.5738,465.0,26018.0,3033.3828
2287,17.7753,16.6769,3.0662,17.3048,466.0,44214.0,3033.3828
2288,17.3882,16.5888,3.5115,15.4878,468.0,34154.0,3033.3828
2289,15.2839,17.0515,2.7916,15.6775,470.0,34666.0,3033.3828
2290,15.6778,16.6362,2.417,16.9831,469.0,28828.0,3033.3828
2291,16.8902,16.3574,1.9066,17.2474,467.0,26578.0,3033.3828
2292,17.2366,16.6812,2.012,16.9811,467.0,23018.0,3033.3828
2293,17.0261,16.4081,2.2772,16.7944,468.0,24048.0,3033.3828
2294,16.7339,16.0138,1.9242,16.7581,465.0,17566.0,3033.3828
2295,16.7794,16.5016,2.0342,17.0177,467.0,16436.0,3033.3828
2296,17.0016,16.6733,1.9926,17.0792,463.0,16782.0,3033.3828
2297,17.0711,16.3589,1.9437,17.7836,473.0,24326.0,3033.3828
2298,17.8328,16.7037,2.5241,16.3096,473.0,23960.0,3033.3828
2299,16.3284,16.448,2.275,16.8474,466.0,21962.0,3033.3828
2300,16.8118,16.3995,2.2863,17.4663,468.0,18370.0,3033.3828
2301,17.6335,16.7006,2.4629,16.8906,466.0,20125.0,3033.3828
2302,16.7866,16.2966,2.3301,17.1715,472.0,21724.0,3033.3828
2303,17.1438,16.5697,2.0782,17.3669,468.0,20509.0,3033.3828
2304,17.4008,16.6757,1.976,17.9395,468.0,21018.0,3033.3828
2305,17.8707,16.4333,2.1487,17.3143,470.0,18178.0,3033.3828
2306,17.3002,16.7762,2.1738,16.1327,468.0,20010.0,3033.3828
2307,16.1805,16.626,2.0819,17.2952,469.0,19656.0,3033.3828
2308,17.2927,16.0957,2.0207,17.1639,455.0,20366.0,3033.3828
2309,17.1236,16.6181,2.0309,16.9813,432.0,16506.0,3033.3828
2310,17.0565,16.4673,2.0341,17.006,466.0,23518.0,3033.3828
2311,16.9695,16.4837,2.0267,17.0072,441.0,18246.0,3033.3828
2312,17.0115,16.7128,1.9539,16.9021,432.0,15842.0,3033.3828
2313,16.861,16.1358,1.9681,17.1207,429.0,15586.0,3033.3828
2314,17.2067,16.3337,2.0333,16.5375,439.0,16138.0,3033.3828
2315,16.4723,16.6185,1.9523,16.9369,432.0,16800.0,3033.3828
2316,16.9273,16.1286,1.8914,17.863,464.0,20044.0,3033.3828
2317,17.9263,16.6893,2.1465,17.6377,455.0,18682.0,3033.3828
2318,17.5979,16.5938,1.8741,16.6972,464.0,21232.0,3033.3828
2319,16.7072,16.1454,2.019,16.7422,463.0,21936.0,3033.3828
2320,16.6903,16.2607,1.8678,17.7601,467.0,20821.0,3033.3828
2321,17.7783,16.3403,2.2776,16.8413,471.0,23022.0,3033.3828
2322,16.8945,16.4089,1.9891,16.4073,470.0,31330.0,3033.3828
2323,16.3613,16.5957,2.0725,17.1621,465.0,17986.0,3033.3828
2324,17.2661,16.3526,1.8352,16.7834,434.0,15624.0,3033.3828
2325,16.6723,16.2697,2.0279,16.7512,468.0,22294.0,3033.3828
2326,16.7634,16.2143,1.9226,17.0985,466.0,24063.0,3033.3828
2327,17.143,16.6278,2.0049,17.4093,466.0,23562.0,3033.3828
2328,17.3818,16.6616,1.9207,16.8335,466.0,19708.0,3033.3828
2329,16.886,16.3951,2.1379,17.1339,448.0,16836.0,3033.3828
2330,17.0703,16.3031,2.37,16.7075,466.0,18078.0,3033.3828
2331,16.7053,16.4327,1.9426,16.5106,457.0,17472.0,3033.3828
2332,16.4679,15.917,1.923,16.7737,432.0,15622.0,3033.3828
2333,16.8054,16.1877,2.0421,16.917,429.0,15586.0,3033.3828
2334,16.9419,16.4343,1.791,17.3116,467.0,17846.0,3033.3828
2335,17.2672,16.1016,2.0099,17.6736,465.0,17980.0,3033.3828
2336,17.8623,16.5793,2.2402,16.0553,468.0,18832.0,3033.3828
2337,15.9273,16.5438,2.1654,16.4453,470.0,17714.0,3033.3828
2338,16.4185,15.8491,1.7907,16.706,474.0,20143.0,3033.3828
2339,16.6977,16.8148,2.1689,16.9743,465.0,21868.0,3033.3828
2340,16.9723,16.3825,1.896,16.6955,440.0,16358.0,3033.3828
2341,16.7146,16.1556,2.0796,16.9979,433.0,15612.0,3033.3828
2342,16.9631,16.3947,1.7905,16.953,433.0,15634.0,3033.3828
2343,16.9744,15.9581,1.8483,16.2372,467.0,20103.0,3033.3828
2344,16.2271,16.425,1.8708,17.5081,464.0,18528.0,3033.3828
2345,17.5034,16.4636,2.0155,16.7214,472.0,21476.0,3033.3828
2346,16.7672,16.1021,1.9426,16.8298,465.0,19248.0,3033.3828
2347,16.8343,16.3838,2.0303,17.2508,466.0,19172.0,3033.3828
2348,17.2473,16.2918,1.8224,16.6735,464.0,20130.0,3033.3828
2349,16.7104,16.3958,2.3323,16.5847,432.0,15966.0,3033.3828
2350,16.5115,16.1366,1.9778,17.0893,464.0,20254.0,3033.3828
2351,17.0835,16.8199,2.5707,17.2423,464.0,21258.0,3033.3828
2352,17.2461,16.1006,1.9395,16.5788,467.0,21126.0,3033.3828
2353,16.571,16.2758,2.1996,16.8488,467.0,20488.0,3033.3828
2354,16.8695,16.8774,2.0754,17.2581,469.0,20442.0,3033.3828
2355,17.3622,16.1134,2.5694,16.3428,469.0,19932.0,3033.3828
2356,16.2217,16.4066,2.3116,17.262,471.0,18580.0,3033.3828
2357,17.2718,16.4218,2.3465,16.6596,446.0,18472.0,3033.3828
2358,16.6528,16.188,1.9883,17.0881,431.0,15610.0,3033.3828
2359,17.2556,16.436,2.4829,17.4232,463.0,19882.0,3033.3828
2360,17.2976,16.4375,2.0191,16.6624,467.0,19194.0,3033.3828
2361,16.8094,16.4508,2.5021,17.574,465.0,18530.0,3033.3828
2362,17.4249,16.5063,2.298,17.1697,465.0,19906.0,3033.3828
2363,17.2648,16.2247,2.0874,17.1084,456.0,18310.0,3033.3828
2364,17.0301,16.172,2.354,16.4414,466.0,20924.0,3033.3828
2365,16.4651,16.405,2.1192,16.6243,467.0,20068.0,3033.3828
2366,16.6515,16.3126,2.0881,16.92,464.0,21444.0,3033.3828
2367,16.8546,16.2357,1.884,16.5717,449.0,17524.0,3033.3828
2368,16.5956,16.2812,2.1041,17.2256,433.0,15590.0,3033.3828
2369,17.3095,16.3331,1.9882,16.5044,469.0,21384.0,3033.3828
2370,16.4215,16.072,2.0918,17.0134,470.0,21924.0,3033.3828
2371,16.9727,16.7083,1.854,17.1438,466.0,23692.0,3033.3828
2372,17.1511,16.127,2.0535,16.6871,469.0,31452.0,3033.3828
2373,16.7359,16.2831,2.0503,16.7308,468.0,26206.0,3033.3828
2374,16.6742,16.6887,1.9432,17.0039,468.0,26590.0,3033.3828
2375,17.0324,16.1126,1.9084,16.5733,468.0,30782.0,3033.3828
2376,16.576,16.307,2.0411,16.808,450.0,19324.0,3033.3828
2377,16.7858,16.3297,1.914,17.2343,429.0,15586.0,3033.3828
2378,17.2361,16.3615,1.9524,16.9628,463.0,20250.0,3033.3828
2379,16.9473,16.5758,1.9101,17.0256,468.0,33142.0,3033.3828
2380,17.1252,16.2727,2.0458,16.8462,468.0,24172.0,3033.3828
2381,16.7633,16.4855,1.8617,16.3266,469.0,27162.0,3033.3828
2382,16.3506,16.0115,1.9897,17.5015,459.0,23154.0,3033.3828
2383,17.4829,16.2435,1.9024,16.7302,471.0,32193.0,3033.3828
2384,16.7785,16.3325,1.9305,17.7327,438.0,18105.0,3033.3828
2385,17.7003,16.3518,2.0258,15.8936,458.0,23748.0,3033.3828
2386,15.8642,16.2762,2.3046,16.7214,471.0,20430.0,3033.3828
2387,16.7231,16.2659,1.9447,17.6656,467.0,27168.0,3033.3828
2388,17.8442,15.3094,2.1671,16.8667,470.0,33004.0,3033.3828
2389,16.8396,15.9123,1.881,17.2113,469.0,27092.0,3033.3828
2390,17.0769,16.3021,2.1633,17.0425,466.0,26234.0,3033.3828
2391,17.0237,16.4503,1.8853,16.6577,465.0,24182.0,3033.3828
2392,16.6858,16.2077,1.9746,16.9026,465.0,38650.0,3033.3828
2393,16.9064,15.1946,1.9338,16.8926,468.0,32178.0,3033.3828
2394,16.8856,17.4418,1.9576,16.8606,467.0,37418.0,3033.3828
2395,16.8435,16.5583,1.895,16.9666,466.0,34154.0,3033.3828
2396,16.9758,16.104,2.2605,16.4467,466.0,27166.0,3033.3828
2397,16.4271,16.0326,2.0785,16.6592,464.0,24096.0,3033.3828
2398,16.668,16.42,2.0081,16.8357,470.0,26092.0,3033.3828
2399,16.8263,16.0702,2.013,17.0459,464.0,18748.0,3033.3828
2400,17.0921,16.4518,2.6155,17.0989,470.0,17534.0,3033.3828
2401,17.0456,16.3698,2.0039,16.5762,469.0,17156.0,3033.3828
2402,16.6151,15.9986,1.9192,16.5575,473.0,21114.0,3033.3828
2403,16.6039,16.3053,2.0128,16.9576,474.0,20420.0,3033.3828
2404,16.8776,16.4359,2.0043,18.042,471.0,24766.0,3033.3828
2405,18.1916,16.1724,2.0371,15.5431,469.0,20408.0,3033.3828
2406,15.5354,16.2663,1.9506,17.1672,469.0,20689.0,3033.3828
2407,17.0923,16.3055,2.0828,16.4726,468.0,20149.0,3033.3828
2408,16.4523,16.2909,1.9022,16.8667,467.0,20621.0,3033.3828
2409,16.87,16.1512,1.985,17.0563,466.0,21221.0,3033.3828
2410,17.046,16.5086,2.1003,16.6902,463.0,19338.0,3033.3828
2411,16.6713,16.0085,2.0697,16.5164,464.0,19078.0,3033.3828
2412,16.5326,16.1142,1.9987,16.954,467.0,19114.0,3033.3828
2413,16.9876,16.4014,2.0163,16.4895,468.0,23292.0,3033.3828
2414,16.4504,16.3039,2.0194,16.9803,436.0,17376.0,3033.3828
2415,17.0193,16.3037,2.2331,16.9079,465.0,22946.0,3033.3828
2416,16.9003,16.1549,2.1285,17.02,445.0,18202.0,3033.3828
2417,16.9586,16.2977,1.9148,16.5192,436.0,15846.0,3033.3828
2418,16.5525,16.5328,1.9665,17.3863,434.0,15602.0,3033.3828
2419,17.4238,16.1919,2.1781,16.3194,441.0,16140.0,3033.3828
2420,16.3533,16.7026,1.9013,17.146,441.0,17030.0,3033.3828
2421,17.1586,15.1025,2.0396,16.7409,466.0,20046.0,3033.3828
2422,16.7279,16.1526,1.9644,17.7645,452.0,19504.0,3033.3828
2423,17.724,16.1791,1.9871,18.3333,465.0,20338.0,3033.3828
2424,18.3704,16.4492,2.1841,14.8858,465.0,21960.0,3033.3828
2425,14.8024,16.6013,2.3116,17.063,466.0,20853.0,3033.3828
2426,17.1288,16.4817,2.2722,16.6946,467.0,23924.0,3033.3828
2427,16.6609,16.0419,1.9297,17.0523,464.0,30396.0,3033.3828
2428,17.1028,16.5817,2.5252,16.7022,463.0,17888.0,3033.3828
2429,16.7226,16.3,1.937,17.3487,429.0,15586.0,3033.3828
2430,17.3173,16.1466,1.8448,16.6345,464.0,22268.0,3033.3828
2431,16.5763,16.4045,1.9911,16.3827,464.0,24039.0,3033.3828
2432,16.3775,16.2157,1.8496,16.9067,470.0,23566.0,3033.3828
2433,16.9277,16.0272,2.0153,16.8039,468.0,19688.0,3033.3828
2434,16.7745,16.5408,1.9336,16.8811,455.0,17020.0,3033.3828
2435,16.9231,16.4995,1.964,17.0131,467.0,18068.0,3033.3828
2436,16.9721,16.266,1.9705,16.4378,460.0,17390.0,3033.3828
2437,16.5033,16.5276,2.2639,17.3229,431.0,15588.0,3033.3828
2438,17.3003,16.4293,2.3913,16.7462,466.0,17834.0,3033.3828
2439,16.7142,16.0067,2.6295,16.8988,465.0,17980.0,3033.3828
2440,16.889,16.6181,2.1447,17.0665,464.0,18828.0,3033.3828
2441,17.0757,16.353,2.7966,16.6771,465.0,17698.0,3033.3828
2442,16.7977,16.1651,2.6174,17.5002,469.0,20127.0,3033.3828
2443,17.5064,16.6831,2.2492,16.6619,465.0,22360.0,3033.3828
2444,16.579,16.2267,2.2389,17.3332,437.0,15922.0,3033.3828
2445,17.4138,16.6678,2.2752,16.8086,429.0,15586.0,3033.3828
2446,16.7531,16.4397,2.0313,16.9185,430.0,15598.0,3033.3828
2447,17.1039,15.6358,2.2516,16.7573,468.0,20115.0,3033.3828
2448,16.5565,16.4344,2.3505,16.7948,470.0,18556.0,3033.3828
2449,16.9223,16.3555,2.0383,17.2652,474.0,21456.0,3033.3828
2450,17.1885,16.2597,1.9478,16.6197,469.0,19252.0,3033.3828
2451,16.5301,16.4972,1.8556,16.8662,469.0,19186.0,3033.3828
2452,16.8592,16.201,1.9879,16.8726,468.0,20156.0,3033.3828
2453,16.9017,15.9625,1.988,17.4831,435.0,16076.0,3033.3828
2454,17.4983,16.8807,2.0901,16.2609,466.0,20402.0,3033.3828
2455,16.3303,16.4828,2.06,17.0163,464.0,21134.0,3033.3828
2456,16.9764,16.0646,2.1112,16.8016,466.0,21282.0,3033.3828
2457,16.7974,16.3954,1.9848,17.418,469.0,20432.0,3033.3828
2458,17.3951,16.4628,1.8825,16.4488,465.0,20806.0,3033.3828
2459,16.4028,16.3397,1.9704,17.2353,465.0,19538.0,3033.3828
2460,17.3806,16.5517,1.9598,16.6955,465.0,19266.0,3033.3828
2461,16.5776,16.3082,1.9798,16.7711,441.0,17602.0,3033.3828
2462,16.7682,16.2095,2.0424,17.385,429.0,15586.0,3033.3828
2463,17.3863,16.4878,2.0959,16.686,465.0,19906.0,3033.3828
2464,16.7544,16.1032,2.0299,16.8212,469.0,19174.0,3033.3828
2465,16.7918,16.4001,1.9992,16.6661,468.0,18522.0,3033.3828
2466,16.6345,16.4313,1.9285,16.7224,470.0,19922.0,3033.3828
2467,16.7359,16.1239,2.0946,17.8297,466.0,19520.0,3033.3828
2468,17.8226,16.4338,2.0557,17.5113,465.0,20282.0,3033.3828
2469,17.4942,16.4059,2.4798,16.4361,461.0,20148.0,3033.3828
2470,16.4514,16.4723,2.1185,17.1266,466.0,20934.0,3033.3828
2471,17.2952,15.9988,2.7137,17.3235,449.0,17380.0,3033.3828
2472,17.1399,16.3133,2.3995,16.4373,428.0,15574.0,3033.3828
2473,16.4581,16.1666,2.1279,17.1531,467.0,21404.0,3033.3828
2474,17.2098,16.536,2.1081,17.2147,467.0,21932.0,3033.3828
2475,17.1519,17.2032,2.0567,16.5686,465.0,23702.0,3033.3828
2476,16.5732,15.3465,2.0067,16.0553,468.0,31462.0,3033.3828
2477,16.024,15.0413,2.0505,17.2383,466.0,26204.0,3033.3828
2478,17.2556,17.403,1.8999,16.6671,465.0,26554.0,3033.3828
2479,16.6669,16.476,2.0106,16.7609,469.0,30794.0,3033.3828
2480,16.855,16.2773,2.1726,16.9905,450.0,19280.0,3033.3828
2481,16.9373,16.192,2.0979,17.8927,435.0,15614.0,3033.3828
2482,17.8787,16.3308,2.1011,16.2661,468.0,20266.0,3033.3828
2483,16.2264,16.1819,2.2291,17.3743,472.0,33168.0,3033.3828
2484,17.5909,17.1311,2.6939,17.2111,468.0,24150.0,3033.3828
2485,17.0398,17.42,2.0951,17.3805,467.0,27116.0,3033.3828
2486,17.3967,16.7739,1.9646,17.8118,468.0,25482.0,3033.3828
2487,17.7457,17.2434,1.9606,17.4136,467.0,29973.0,3033.3828
2488,17.4554,17.1952,1.9591,17.5003,456.0,26127.0,3033.3828
2489,17.541,16.8917,2.0433,18.0415,443.0,16794.0,3033.3828
2490,18.0044,17.149,2.5615,18.0365,468.0,19926.0,3033.3828
2491,18.0546,17.2672,2.1711,18.2065,467.0,33030.0,3033.3828
2492,18.1835,17.1765,1.8717,17.4609,465.0,34310.0,3033.3828
2493,17.4885,16.9692,1.8886,18.0618,465.0,23026.0,3033.3828
2494,18.0416,17.3789,2.0892,17.4685,468.0,23626.0,3033.3828
2495,17.4579,17.0648,2.2725,17.0969,466.0,37658.0,3033.3828
2496,17.1822,16.9461,2.1292,18.1743,469.0,24822.0,3033.3828
2497,18.1204,14.9313,2.2962,16.6905,469.0,36974.0,3033.3828
2498,16.7129,16.2422,2.1986,15.5951,469.0,40978.0,3033.3828
2499,15.5237,16.0173,1.8523,17.8161,466.0,28578.0,3033.3828
2500,17.8693,16.3993,2.1641,17.4068,466.0,25526.0,3033.3828
2501,17.428,16.1008,2.1557,16.2564,465.0,26084.0,3033.3828
2502,16.1883,16.3642,1.9831,17.5485,464.0,22258.0,3033.3828
2503,17.5713,15.9385,2.0356,16.097,464.0,20104.0,3033.3828
2504,16.1469,16.2068,2.0298,16.7623,469.0,16556.0,3033.3828
2505,16.6827,16.3576,1.919,16.9931,472.0,20852.0,3033.3828
2506,17.0751,16.0254,2.0293,16.5444,465.0,17100.0,3033.3828
2507,16.4414,16.3811,1.7883,16.9825,470.0,21834.0,3033.3828
2508,17.0361,16.386,1.9055,16.4566,468.0,23552.0,3033.3828
2509,16.462,14.8725,1.837,16.8964,468.0,20830.0,3033.3828
2510,16.9046,16.2986,2.0423,17.2357,470.0,23040.0,3033.3828
2511,17.2862,15.9588,2.0587,16.6299,465.0,18114.0,3033.3828
2512,16.5611,15.9385,2.1121,15.9355,471.0,21825.0,3033.3828
2513,15.9384,17.23,2.0228,17.4347,471.0,19941.0,3033.3828
2514,17.5123,15.193,2.0334,15.8735,471.0,19486.0,3033.3828
2515,15.7995,15.1512,2.0201,16.967,466.0,18616.0,3033.3828
2516,16.9704,16.5053,2.0419,16.3284,466.0,21800.0,3033.3828
2517,16.344,15.1104,1.9066,16.9612,468.0,22384.0,3033.3828
2518,16.9497,15.8412,1.8921,16.5823,466.0,23496.0,3033.3828
2519,16.6216,16.3454,2.0568,16.4022,436.0,16992.0,3033.3828
2520,16.3416,15.9892,1.9185,16.2659,431.0,15782.0,3033.3828
2521,16.2574,15.9738,2.0466,16.6921,431.0,15610.0,3033.3828
2522,16.7136,16.1421,2.326,17.4513,440.0,16150.0,3033.3828
2523,17.4239,16.0829,1.973,16.4911,438.0,17016.0,3033.3828
2524,16.6055,15.7526,2.2749,17.2668,465.0,20104.0,3033.3828
2525,17.2318,17.724,1.945,16.472,464.0,20032.0,3033.3828
2526,16.4296,16.1889,2.0869,16.7019,464.0,20326.0,3033.3828
2527,16.6996,16.2752,2.2216,17.3685,463.0,22086.0,3033.3828
2528,17.37,16.1816,2.09,16.3343,471.0,22147.0,3033.3828
2529,16.3544,15.9847,1.9376,16.3944,469.0,23382.0,3033.3828
2530,16.4804,16.0528,2.363,17.8627,473.0,29554.0,3033.3828
2531,17.7515,16.1447,1.8915,16.4772,457.0,17410.0,3033.3828
2532,16.4725,16.032,1.9666,15.9982,467.0,22282.0,3033.3828
2533,15.9883,16.1963,2.2655,16.8131,466.0,24041.0,3033.3828
2534,16.8241,16.0864,1.962,16.5866,467.0,23574.0,3033.3828
2535,16.5548,16.03,1.9048,16.6974,467.0,19720.0,3033.3828
2536,16.8393,14.947,2.1886,16.4623,453.0,17136.0,3033.3828
2537,16.38,15.4366,1.9686,16.3605,468.0,18102.0,3033.3828
2538,16.3801,16.8285,2.15,16.6433,459.0,17352.0,3033.3828
2539,16.6816,16.3242,2.1246,16.8885,429.0,15586.0,3033.3828
2540,16.8116,16.1791,1.9,17.5335,464.0,17810.0,3033.3828
2541,17.5468,15.9886,2.3348,16.4426,466.0,17992.0,3033.3828
2542,16.4838,14.9674,2.3715,16.4893,467.0,18864.0,3033.3828
2543,16.4711,16.1186,2.2509,16.1025,467.0,17722.0,3033.3828
2544,16.1836,16.091,2.362,17.5508,472.0,20119.0,3033.3828
2545,17.466,16.0032,2.2133,16.3528,473.0,22556.0,3033.3828
2546,16.4465,17.0389,2.0686,15.8909,436.0,15722.0,3033.3828
2547,15.8098,16.3251,2.1305,16.2296,436.0,15648.0,3033.3828
2548,16.224,14.9064,2.4245,17.6576,431.0,15588.0,3033.3828
2549,17.7197,16.1938,2.1808,16.528,470.0,20117.0,3033.3828
2550,16.5515,16.1346,2.1969,16.2547,466.0,18552.0,3033.3828
2551,16.0976,16.0035,1.9891,16.7496,468.0,21428.0,3033.3828
2552,16.7538,16.2011,2.2853,17.1412,467.0,19272.0,3033.3828
2553,17.2044,16.6904,1.8482,16.7607,465.0,19160.0,3033.3828
2554,16.7728,16.8794,1.9397,16.4737,465.0,20142.0,3033.3828
2555,16.4319,15.2834,1.8491,16.9172,438.0,16742.0,3033.3828
2556,16.9549,16.222,1.9921,16.9793,468.0,20330.0,3033.3828
2557,16.9304,15.4895,2.0286,16.8595,463.0,22442.0,3033.3828
2558,16.94,15.6819,2.0837,16.6712,464.0,19570.0,3033.3828
2559,16.6837,16.3548,2.0076,16.4046,463.0,20728.0,3033.3828
2560,16.2994,15.6556,2.2195,17.4596,468.0,20430.0,3033.3828
2561,17.5065,16.4514,2.3247,16.4978,471.0,19566.0,3033.3828
2562,16.4914,16.1705,2.2448,16.4236,470.0,19282.0,3033.3828
2563,16.4323,16.0991,1.9665,16.9772,442.0,17496.0,3033.3828
2564,16.9527,16.6987,1.9005,16.7799,467.0,19908.0,3033.3828
2565,16.784,15.6973,1.9092,16.4228,468.0,19184.0,3033.3828
2566,16.4237,15.7444,1.965,16.6034,466.0,18542.0,3033.3828
2567,16.641,16.4101,1.9681,16.5701,463.0,19514.0,3033.3828
2568,16.5408,16.3768,1.9818,16.8419,466.0,19910.0,3033.3828
2569,16.8569,15.7539,2.2069,16.4767,467.0,20328.0,3033.3828
2570,16.4672,16.1959,1.9619,17.3992,462.0,20428.0,3033.3828
2571,17.4147,16.3893,2.2062,17.4681,464.0,20760.0,3033.3828
2572,17.4588,15.5637,2.1171,15.0984,447.0,17308.0,3033.3828
2573,15.0989,16.6749,2.0377,16.9744,430.0,15598.0,3033.3828
2574,17.0125,16.0092,2.1032,16.3575,467.0,21404.0,3033.3828
2575,16.3717,16.027,1.9983,17.1413,467.0,21932.0,3033.3828
2576,17.0848,16.6485,2.1656,17.2752,467.0,23682.0,3033.3828
2577,17.309,15.814,2.0946,16.2284,469.0,31430.0,3033.3828
2578,16.1429,16.3023,2.0513,17.7907,469.0,26196.0,3033.3828
2579,17.9387,16.2249,2.2201,17.4077,467.0,26556.0,3033.3828
2580,17.3975,15.7869,2.0528,14.8789,468.0,30760.0,3033.3828
2581,14.8265,16.2396,2.3031,16.8533,450.0,19302.0,3033.3828
2582,16.8577,17.3133,1.9806,18.5227,429.0,15586.0,3033.3828
2583,18.535,17.09,2.0562,17.7666,465.0,20274.0,3033.3828
2584,17.874,17.2092,2.5687,18.1366,467.0,33130.0,3033.3828
2585,18.0302,17.2105,2.5517,17.1894,468.0,24172.0,3033.3828
2586,17.2127,17.3236,2.222,18.1243,465.0,27114.0,3033.3828
2587,18.1326,17.6868,2.5322,20.5193,468.0,25482.0,3033.3828
2588,20.4903,17.9516,2.5791,16.8066,472.0,37448.0,3033.3828
2589,16.8047,17.5079,2.3131,17.7562,460.0,19848.0,3033.3828
2590,17.7591,17.2908,2.3742,17.3549,449.0,18050.0,3033.3828
2591,17.4196,16.8723,2.3684,17.6461,467.0,27690.0,3033.3828
2592,17.6455,17.0508,2.5235,19.1177,468.0,32958.0,3033.3828
2593,19.1772,18.1155,2.6259,18.1093,471.0,27166.0,3033.3828
2594,17.9575,16.6035,2.6242,17.227,469.0,24714.0,3033.3828
2595,17.295,16.3909,2.3578,16.7893,467.0,35412.0,3033.3828
2596,16.7794,16.317,2.442,16.9438,468.0,24196.0,3033.3828
2597,16.9002,16.5749,2.2132,16.9334,469.0,31076.0,3033.3828
2598,16.9963,16.1875,2.6279,17.4814,466.0,40194.0,3033.3828
2599,17.4429,16.3952,2.5535,17.571,465.0,33564.0,3033.3828
2600,17.5935,16.6526,2.7572,17.2331,467.0,26218.0,3033.3828
2601,17.2289,16.279,3.0029,15.8284,416.0,35633.0,3033.3828
2602,15.7874,19.0603,2.4518,19.1469,312.0,18320.0,3033.3828
2603,19.0963,20.0384,2.0477,20.4381,312.0,14540.0,3033.3828
2604,20.5443,18.8725,2.1587,18.9208,311.0,11230.0,3033.3828
2605,18.879,18.7288,2.0049,19.6193,312.0,12294.0,3033.3828
2606,19.6346,18.3258,1.9774,19.833,313.0,14334.0,3033.3828
2607,19.7689,18.8176,2.1726,18.7058,314.0,13874.0,3033.3828
2608,18.7528,18.7857,2.18,19.9863,318.0,16405.0,3033.3828
2609,19.967,19.6244,2.2561,20.2146,318.0,14753.0,3033.3828
2610,20.2688,18.7332,2.276,19.1632,319.0,16761.0,3033.3828
2611,19.127,18.6489,2.2436,20.4803,318.0,15351.0,3033.3828
2612,20.4953,19.472,2.3805,19.1541,314.0,15216.0,3033.3828
2613,19.1754,18.3447,2.2865,18.0172,315.0,16210.0,3033.3828
2614,18.0009,18.4857,2.2923,19.1264,314.0,15874.0,3033.3828
2615,19.0833,18.0064,2.0619,17.9647,313.0,16070.0,3033.3828
2616,18.0072,17.5097,2.3854,18.0803,285.0,12404.0,3033.3828
2617,18.5627,17.8938,2.2698,18.3438,279.0,11086.0,3033.3828
2618,17.8428,17.6371,2.1922,18.9748,277.0,10890.0,3033.3828
2619,18.9951,17.3737,2.2927,18.4177,289.0,11562.0,2905.3828
2620,18.5565,17.3642,2.7281,20.2892,286.0,12416.0,2905.3828
2621,20.1902,17.6136,2.4713,17.2525,305.0,13068.0,2905.3828
2622,17.2571,18.2918,2.468,17.8353,315.0,14276.0,2905.3828
2623,17.7393,18.0112,2.3526,18.5355,312.0,15850.0,2905.3828
2624,18.6576,17.7796,2.1189,18.274,317.0,17487.0,2905.3828
2625,18.1584,17.9801,2.4408,19.2702,316.0,16122.0,2905.3828
2626,19.2967,17.6779,2.1935,19.2607,317.0,22906.0,2905.3828
2627,19.2877,17.6831,2.0772,16.1672,313.0,13658.0,2905.3828
2628,16.1581,17.6816,2.1177,18.5446,283.0,11132.0,2905.3828
2629,18.5709,17.7876,2.323,19.773,314.0,17574.0,2905.3828
2630,19.7412,18.37,2.3166,17.6098,313.0,20691.0,2905.3828
2631,17.6092,18.0126,2.1503,19.0543,313.0,17166.0,2905.3828
2632,19.1539,17.8465,2.791,17.9319,312.0,14988.0,2905.3828
2633,17.8731,17.9202,2.0693,18.096,297.0,12248.0,2905.3828
2634,18.0196,17.5871,2.5078,18.2947,312.0,13358.0,2905.3828
2635,18.3808,17.6757,2.3962,18.0582,300.0,12380.0,2905.3828
2636,17.9993,17.8079,2.2645,18.4647,277.0,10890.0,2905.3828
2637,18.4549,17.4824,1.8101,18.3328,313.0,13126.0,2905.3828
2638,18.3233,17.8076,2.0421,18.7591,313.0,13284.0,2905.3828
2639,18.8689,16.8219,2.3312,17.8534,312.0,14132.0,2905.3828
2640,17.7663,17.9345,1.9877,19.0081,316.0,12994.0,2905.3828
2641,18.9832,17.5623,2.0961,18.2067,318.0,15399.0,2905.3828
2642,18.2173,17.4961,1.925,17.8916,317.0,17620.0,2905.3828
2643,17.871,18.2816,2.0623,18.6757,281.0,11012.0,2905.3828
2644,18.7596,17.6891,2.1159,18.1224,279.0,10892.0,2905.3828
2645,18.0904,17.5699,2.4962,18.3513,280.0,10904.0,2905.3828
2646,18.3415,17.7381,1.8816,17.9191,315.0,15775.0,2905.3828
2647,17.9421,17.7529,2.2997,18.5528,312.0,13464.0,2905.3828
2648,18.5322,17.7839,1.8672,18.7287,316.0,17660.0,2905.3828
2649,18.7752,17.8072,2.2409,18.6477,312.0,13612.0,2905.3828
2650,18.5881,17.4778,1.975,17.9291,313.0,15516.0,2905.3828
2651,17.9131,17.7229,1.8435,18.593,306.0,14734.0,2905.3828
2652,18.593,18.3016,1.9633,18.411,313.0,15230.0,2905.3828
2653,18.4226,17.5683,1.9349,18.7221,312.0,18222.0,2905.3828
2654,18.7475,17.7442,2.418,17.9607,313.0,14790.0,2905.3828
2655,17.9845,17.6387,2.4584,18.177,312.0,15800.0,2905.3828
2656,18.1042,17.9089,2.0963,19.2117,316.0,16714.0,2905.3828
2657,19.2336,17.9859,2.0191,17.7307,317.0,13742.0,2905.3828
2658,17.7313,17.8419,2.0227,19.1797,303.0,13734.0,2905.3828
2659,19.1864,18.0209,1.9038,19.3097,293.0,12980.0,2905.3828
2660,19.3217,17.9523,1.7712,17.6069,314.0,15568.0,2905.3828
2661,17.5594,17.9577,1.9185,18.359,315.0,14476.0,2905.3828
2662,18.3967,17.6064,2.0029,18.6052,312.0,13454.0,2905.3828
2663,18.596,17.5757,1.8178,17.5377,312.0,15498.0,2905.3828
2664,17.5529,17.9889,1.8633,18.9719,312.0,14860.0,2905.3828
2665,18.9899,17.6194,2.1091,18.2902,308.0,15814.0,2905.3828
2666,18.3072,17.7666,2.1116,18.4168,312.0,16056.0,2905.3828
2667,18.4391,17.7418,2.1989,18.1963,296.0,13724.0,2905.3828
2668,18.1293,17.5693,1.9634,18.2905,291.0,12420.0,2905.3828
2669,18.2965,18.5772,1.976,18.5475,277.0,10890.0,2905.3828
2670,18.5569,17.6839,1.9049,18.3979,312.0,15744.0,2905.3828
2671,18.3908,17.8133,2.058,18.4133,312.0,19512.0,2905.3828
2672,18.427,17.4903,1.8705,17.8365,316.0,18926.0,2905.3828
2673,17.849,17.7629,2.0115,18.355,318.0,26904.0,2905.3828
2674,18.4006,17.8198,2.6959,18.7207,318.0,23966.0,2905.3828
2675,18.7049,17.7425,2.3754,18.7553,315.0,18916.0,2905.3828
2676,18.7136,17.6557,2.0793,17.141,316.0,25350.0,2905.3828
2677,17.144,17.7202,1.8504,18.5429,280.0,10904.0,2905.3828
2678,18.5817,17.6538,1.9081,19.0471,312.0,15566.0,2905.3828
2679,19.0508,18.5319,2.0787,18.4571,315.0,28434.0,2905.3828
2680,18.4232,17.944,1.9231,17.9723,315.0,19464.0,2905.3828
2681,17.9642,17.5739,1.8496,18.0153,313.0,22418.0,2905.3828
2682,18.0087,17.932,1.9202,18.087,314.0,20762.0,2905.3828
2683,18.0652,17.5105,2.2705,18.3132,319.0,32740.0,2905.3828
2684,18.4003,17.8845,2.2173,18.7158,307.0,15092.0,2905.3828
2685,18.7157,17.5915,2.2544,18.2145,309.0,21522.0,2905.3828
2686,18.1587,17.6097,2.2152,18.1118,314.0,17190.0,2905.3828
2687,18.1635,18.1046,1.9446,18.3335,313.0,28326.0,2905.3828
2688,18.3096,17.6151,1.9541,19.0182,316.0,24174.0,2905.3828
2689,18.9974,18.8409,2.0767,18.9111,317.0,30398.0,2905.3828
2690,18.8972,17.5424,1.9253,18.0181,317.0,18482.0,2905.3828
2691,18.0235,17.8516,1.8678,18.5641,316.0,22924.0,2905.3828
2692,18.5977,17.901,1.9852,18.2847,315.0,31308.0,2905.3828
2693,18.2863,17.6027,1.954,18.0744,315.0,28110.0,2905.3828
2694,18.0447,17.8676,2.8524,18.4149,312.0,27814.0,2905.3828
2695,18.5391,17.6927,2.1202,18.5567,313.0,18398.0,2905.3828
2696,18.5011,17.8944,2.2997,18.8901,315.0,15729.0,2905.3828
2697,18.8112,17.7727,1.996,17.3061,312.0,14978.0,2905.3828
2698,17.3364,17.8616,1.9379,19.2956,316.0,21994.0,2905.3828
2699,19.2926,17.9018,2.0071,18.6337,316.0,18170.0,2905.3828
2700,18.6225,18.1386,1.8906,18.577,314.0,16334.0,2905.3828
2701,18.5778,17.7794,2.0819,18.2523,312.0,15880.0,2905.3828
2702,18.2539,17.6321,1.8496,18.3038,312.0,14490.0,2905.3828
2703,18.3226,17.9141,1.9538,18.4645,313.0,13584.0,2905.3828
2704,18.513,17.9695,2.3864,19.0209,317.0,12378.0,2905.3828
2705,18.9998,17.9338,2.1246,18.009,318.0,12902.0,2905.3828
2706,18.0854,17.8193,1.8725,19.2573,319.0,15310.0,2905.3828
2707,19.1764,17.9178,2.1699,18.6003,316.0,15843.0,2905.3828
2708,18.5496,17.9327,1.9732,17.791,316.0,15167.0,2905.3828
2709,17.8269,18.0084,1.8649,18.4084,315.0,14232.0,2905.3828
2710,18.3933,17.4739,1.9345,17.8248,316.0,17660.0,2905.3828
2711,17.8181,18.0905,1.9327,18.8963,313.0,14394.0,2905.3828
2712,18.8878,17.7587,1.9792,18.8573,314.0,15660.0,2905.3828
2713,18.9511,17.5962,2.1021,18.43,313.0,16326.0,2905.3828
2714,18.3601,18.1334,2.2361,18.573,313.0,16534.0,2905.3828
2715,18.6438,17.6219,2.4407,18.5477,294.0,13408.0,2905.3828
2716,18.4713,18.2184,1.8456,18.2002,277.0,11014.0,2905.3828
2717,18.2219,18.0512,1.986,18.3969,278.0,10902.0,2905.3828
2718,18.3879,18.0065,1.8523,18.4672,295.0,12908.0,2905.3828
2719,18.4394,17.7359,2.3048,18.2414,289.0,11610.0,2905.3828
2720,18.2395,17.6577,1.8723,18.278,305.0,12928.0,2905.3828
2721,18.3116,17.7856,1.9685,18.1887,316.0,14244.0,2905.3828
2722,18.1771,17.8943,1.9591,18.696,317.0,17991.0,2905.3828
2723,18.742,17.7252,2.1959,18.4055,314.0,17218.0,2905.3828
2724,18.371,17.7866,2.0166,18.3654,314.0,14676.0,2905.3828
2725,18.3714,17.9916,2.0168,18.4638,316.0,22954.0,2905.3828
2726,18.4343,18.4856,1.9952,18.5965,311.0,13240.0,2905.3828
2727,18.6299,18.1948,1.9232,18.6886,313.0,17584.0,2905.3828
2728,18.7281,17.2202,2.1991,18.3089,313.0,20691.0,2905.3828
2729,18.2521,18.3024,1.8949,18.4762,314.0,17178.0,2905.3828
2730,18.5259,17.6192,1.9377,18.0833,312.0,14988.0,2905.3828
2731,18.0491,17.8376,1.8142,18.2535,302.0,12548.0,2905.3828
2732,18.2721,17.9517,2.2897,18.8838,312.0,13516.0,2905.3828
2733,18.897,17.836,2.018,18.3855,292.0,11790.0,2905.3828
2734,18.3736,17.8207,1.7736,19.2048,277.0,10890.0,2905.3828
2735,19.1404,17.8897,2.0514,18.3892,312.0,13114.0,2905.3828
2736,18.4281,18.5146,1.9264,18.7813,317.0,13288.0,2905.3828
2737,18.7789,17.9784,2.0179,18.5987,317.0,14148.0,2905.3828
2738,18.584,17.6026,1.9502,18.0989,317.0,13006.0,2905.3828
2739,18.1146,17.8354,1.9536,18.1998,316.0,15397.0,2905.3828
2740,18.1738,17.8852,1.9251,18.1327,317.0,17786.0,2905.3828
2741,18.272,17.6728,2.6538,18.9701,280.0,10904.0,2905.3828
2742,18.8943,18.052,2.2257,18.658,277.0,10890.0,2905.3828
2743,18.6183,17.8313,1.963,18.5226,317.0,15799.0,2905.3828
2744,18.5184,18.705,1.9029,19.0322,314.0,13488.0,2905.3828
2745,19.0533,18.2661,2.0437,18.5388,316.0,17660.0,2905.3828
2746,18.5248,17.9132,1.99,18.9492,312.0,13612.0,2905.3828
2747,19.0195,17.7805,1.9994,18.364,313.0,15516.0,2905.3828
2748,18.2655,17.6779,1.973,17.8585,312.0,15558.0,2905.3828
2749,17.8871,17.8206,1.9931,18.3594,313.0,14766.0,2905.3828
2750,18.3982,17.945,2.3444,19.1016,312.0,18222.0,2905.3828
2751,19.1356,17.6486,2.1864,18.2823,313.0,14790.0,2905.3828
2752,18.2579,17.9668,2.4625,18.3266,316.0,16172.0,2905.3828
2753,18.2698,17.9209,2.0479,19.7182,317.0,16726.0,2905.3828
2754,19.7705,18.1265,1.8674,18.1524,317.0,14478.0,2905.3828
2755,18.1302,18.3897,2.155,18.2587,302.0,14032.0,2905.3828
2756,18.2747,17.6649,1.9837,18.477,292.0,12312.0,2905.3828
2757,18.5245,18.0872,2.0913,19.0024,314.0,15200.0,2905.3828
2758,18.9448,17.9817,2.502,18.6222,313.0,14570.0,2905.3828
2759,18.65,17.9894,2.4039,19.129,314.0,13532.0,2905.3828
2760,19.1318,18.074,2.0512,17.6564,313.0,15150.0,2905.3828
2761,17.6097,17.6063,2.0288,19.5626,312.0,15070.0,2905.3828
2762,19.5575,18.878,1.9623,17.9608,314.0,17246.0,2905.3828
2763,17.9684,18.0053,2.0857,18.2977,312.0,15210.0,2905.3828
2764,18.2436,17.8314,1.8226,18.5225,292.0,13328.0,2905.3828
2765,18.5988,17.9094,1.8978,18.2601,286.0,11586.0,2905.3828
2766,18.2437,17.8576,1.9404,18.7673,277.0,10890.0,2905.3828
2767,18.8917,18.0491,2.4758,18.7014,313.0,15756.0,2905.3828
2768,18.6366,17.937,2.2308,18.5534,317.0,19528.0,2905.3828
2769,18.5008,18.0203,2.2092,19.0515,317.0,18938.0,2905.3828
2770,19.0505,18.3436,1.9578,18.8926,316.0,26880.0,2905.3828
2771,18.8724,18.538,1.8341,18.6556,317.0,23976.0,2905.3828
2772,18.6811,18.2633,1.8261,18.2643,316.0,18928.0,2905.3828
2773,18.2625,18.1289,2.0203,18.6481,315.0,25338.0,2905.3828
2774,18.6806,17.7816,1.9351,18.4133,278.0,10902.0,2905.3828
2775,18.3836,17.8096,2.1073,18.474,312.0,15566.0,2905.3828
2776,18.5467,18.0113,2.1761,19.223,315.0,28434.0,2905.3828
2777,19.1961,17.9155,2.2414,17.8608,315.0,19464.0,2905.3828
2778,17.8286,18.094,1.9414,18.7163,313.0,22418.0,2905.3828
2779,18.6994,18.0271,2.0205,19.1761,315.0,20774.0,2905.3828
2780,19.2042,18.3654,2.1536,18.8815,320.0,32752.0,2905.3828
2781,18.971,17.7889,2.6357,18.1388,314.0,15928.0,2905.3828
2782,18.1616,17.7863,2.2851,18.3193,313.0,21406.0,2905.3828
2783,18.167,17.9052,1.7891,18.3691,312.0,20910.0,2905.3828
2784,18.3751,17.6011,2.0513,17.9814,316.0,24774.0,2905.3828
2785,18.0117,17.8244,2.2276,19.6421,317.0,35794.0,2905.3828
2786,19.6903,18.3638,2.9427,19.2916,318.0,20138.0,2905.3828
2787,19.2213,17.5664,2.7351,19.133,314.0,20680.0,2905.3828
2788,19.2705,18.9549,2.3556,18.2716,315.0,28248.0,2905.3828
2789,18.2202,17.5364,2.5043,18.5298,314.0,25606.0,2905.3828
2790,18.4361,17.3024,2.1965,18.6743,312.0,25502.0,2905.3828
2791,18.8402,17.6895,2.7671,19.594,313.0,26870.0,2905.3828
2792,19.5256,18.0706,2.7271,16.0889,312.0,19018.0,2905.3828
2793,16.0541,19.0865,2.7425,19.399,315.0,15193.0,2905.3828
2794,19.3438,18.1549,2.1895,19.1688,314.0,17819.0,2905.3828
2795,19.2831,18.3437,2.1786,18.5114,315.0,20393.0,2905.3828
2796,18.3463,18.0361,2.1934,19.8541,313.0,18570.0,2905.3828
2797,19.9125,19.5887,1.9513,18.2294,312.0,15442.0,2905.3828
2798,18.229,17.6018,2.0506,17.9713,312.0,15080.0,2905.3828
2799,17.9822,17.7019,2.1027,18.0409,312.0,14014.0,2905.3828
2800,18.0094,17.7189,1.9618,18.6367,317.0,14640.0,2905.3828
2801,18.6674,18.045,2.2237,18.5564,316.0,11826.0,2905.3828
2802,18.6378,17.6091,2.8225,19.0338,317.0,12890.0,2905.3828
2803,19.0844,17.7378,2.0857,17.6417,316.0,15272.0,2905.3828
2804,17.4938,17.8996,2.1387,17.8611,316.0,16251.0,2905.3828
2805,17.8616,18.0115,1.833,19.8973,317.0,14839.0,2905.3828
2806,19.889,18.7653,1.8969,17.8719,314.0,16013.0,2905.3828
2807,17.8991,17.7264,2.1003,18.4853,314.0,16253.0,2905.3828
2808,18.4685,17.778,1.9927,18.2966,314.0,15162.0,2905.3828
2809,18.3033,17.7176,1.9339,17.7627,310.0,15224.0,2905.3828
2810,17.7572,17.7495,1.8377,18.4061,315.0,15886.0,2905.3828
2811,18.4436,17.8774,2.0434,18.7773,315.0,17128.0,2905.3828
2812,18.7114,17.6468,2.1424,17.8185,287.0,12030.0,2905.3828
2813,17.841,17.7097,1.717,18.6318,278.0,10902.0,2905.3828
2814,18.6807,17.7941,1.7839,18.2032,287.0,11442.0,2905.3828
2815,18.218,19.5098,1.9327,20.2246,292.0,12728.0,2905.3828
2816,20.2166,17.9283,2.0224,18.4388,301.0,12046.0,2905.3828
2817,18.4407,17.5863,2.069,17.9117,303.0,12808.0,2905.3828
2818,17.908,18.0859,1.9883,18.9683,316.0,16963.0,2905.3828
2819,19.0428,17.7095,2.0938,17.9883,314.0,16686.0,2905.3828
2820,17.9276,18.2255,2.4903,19.9958,315.0,16634.0,2905.3828
2821,19.9508,17.9844,2.1932,17.3571,315.0,18368.0,2905.3828
2822,17.3639,17.9919,1.7951,18.7007,318.0,36398.0,2905.3828
2823,18.7301,18.0223,1.9857,19.8307,307.0,12690.0,2905.3828
2824,19.8449,17.823,2.3428,18.3575,308.0,17332.0,2905.3828
2825,18.3403,17.8253,2.1568,18.3902,312.0,20679.0,2905.3828
2826,18.3707,18.1426,2.0422,18.3675,312.0,17154.0,2905.3828
2827,18.3813,17.7096,2.2326,18.5195,311.0,14928.0,2905.3828
2828,18.5329,18.1849,2.0025,18.7342,307.0,13216.0,2905.3828
2829,18.8023,18.1949,2.6539,19.0249,310.0,13028.0,2905.3828
2830,18.9499,17.9,2.0658,18.4223,286.0,11430.0,2905.3828
2831,18.4121,17.9458,1.9551,17.8976,279.0,10914.0,2905.3828
2832,17.9119,18.6071,2.0281,19.9102,318.0,13142.0,2905.3828
2833,19.9172,18.1671,2.0292,18.7819,320.0,30924.0,2905.3828
2834,18.8879,17.6803,2.4837,18.32,316.0,14136.0,2905.3828
2835,18.2229,18.2312,1.9284,18.3135,316.0,13016.0,2905.3828
2836,18.2778,17.7888,2.2806,18.257,316.0,15397.0,2905.3828
2837,18.2716,17.8628,2.2433,18.3565,317.0,17786.0,2905.3828
2838,18.421,18.0454,2.2562,18.8169,277.0,10890.0,2905.3828
2839,18.7589,18.165,1.8784,18.4909,278.0,10902.0,2905.3828
2840,18.4776,17.4845,2.0907,19.2689,315.0,15775.0,2905.3828
2841,19.2789,19.4275,2.1108,18.6362,312.0,13464.0,2905.3828
2842,18.6932,17.5144,1.927,18.0639,317.0,17672.0,2905.3828
2843,17.9868,17.9692,2.176,18.2579,312.0,13612.0,2905.3828
2844,18.2784,17.63,1.9046,18.1043,312.0,15504.0,2905.3828
2845,18.0828,17.6196,2.4004,18.2855,314.0,15582.0,2905.3828
2846,18.3015,17.6827,2.4268,18.1158,313.0,14766.0,2905.3828
2847,18.1617,17.9182,2.8518,18.8486,312.0,18222.0,2905.3828
2848,18.798,17.7771,1.935,18.3037,316.0,14782.0,2905.3828
2849,18.2902,17.8432,1.7418,18.0707,317.0,16184.0,2905.3828
2850,18.0692,17.545,2.1011,19.9387,316.0,16714.0,2905.3828
2851,19.9939,17.8757,2.0799,18.1917,316.0,14488.0,2905.3828
2852,18.2009,17.8089,2.257,18.0691,313.0,15380.0,2905.3828
2853,18.0683,17.801,2.0207,19.47,283.0,11820.0,2905.3828
2854,19.4607,17.9441,2.189,17.9332,312.0,14830.0,2905.3828
2855,17.9449,18.1758,2.5168,19.2515,312.0,14340.0,2905.3828
2856,19.3957,18.474,2.6202,18.8698,312.0,13508.0,2905.3828
2857,18.7292,18.2935,2.2103,18.536,312.0,14988.0,2905.3828
2858,18.5523,18.0575,2.1403,20.1151,312.0,15070.0,2905.3828
2859,20.1007,17.4517,2.111,17.4838,312.0,17372.0,2905.3828
2860,17.4415,18.6008,1.9014,18.7522,312.0,15060.0,2905.3828
2861,18.9537,17.6959,2.1779,17.987,293.0,13544.0,2905.3828
2862,17.8643,17.6548,2.1503,18.1782,283.0,11250.0,2905.3828
2863,18.149,17.7369,2.1066,18.4334,278.0,10902.0,2905.3828
2864,18.4563,17.9237,2.1592,18.8113,316.0,15748.0,2905.3828
2865,18.7584,18.095,2.1591,18.6006,317.0,19528.0,2905.3828
2866,18.6225,17.8749,2.4637,18.0424,316.0,18926.0,2905.3828
2867,18.0265,18.0426,1.9597,19.6348,314.0,26878.0,2905.3828
2868,19.6226,18.4422,2.0725,17.6734,317.0,23976.0,2905.3828
2869,17.6753,17.9515,2.056,18.2805,315.0,18916.0,2905.3828
2870,18.2906,17.4417,1.9062,17.5386,315.0,25360.0,2905.3828
2871,17.4912,17.8202,1.7542,18.7655,277.0,10890.0,2905.3828
2872,18.7973,17.4924,1.9693,18.1332,312.0,15566.0,2905.3828
2873,18.1486,17.6589,1.9352,18.3157,314.0,28422.0,2905.3828
2874,18.4192,18.3888,2.4616,18.9024,314.0,19452.0,2905.3828
2875,18.8229,17.9543,2.1217,18.7062,313.0,22418.0,2905.3828
2876,18.7022,17.643,2.135,18.193,315.0,20774.0,2905.3828
2877,18.1408,18.4226,1.9317,18.6116,320.0,32752.0,2905.3828
2878,18.6458,18.0764,1.9481,18.5005,313.0,15916.0,2905.3828
2879,18.4653,17.6925,1.9709,18.2187,314.0,21418.0,2905.3828
2880,18.225,17.8014,1.8949,18.336,317.0,20926.0,2905.3828
2881,18.3819,17.5629,1.998,17.9164,316.0,24774.0,2905.3828
2882,17.8638,17.9932,1.8176,18.6286,318.0,35806.0,2905.3828
2883,18.6923,17.4655,2.2788,18.0985,316.0,20136.0,2905.3828
2884,18.1466,17.4082,2.5916,18.3505,314.0,20680.0,2905.3828
2885,18.2687,18.0476,1.998,18.6973,316.0,28260.0,2905.3828
2886,18.6733,17.6287,2.0022,18.0,314.0,25628.0,2905.3828
2887,18.0403,17.2283,2.0019,19.0477,313.0,25514.0,2905.3828
2888,18.9837,18.5025,1.8936,18.1457,312.0,26858.0,2905.3828
2889,18.2344,17.8103,1.8655,18.5994,312.0,19018.0,2905.3828
2890,18.5497,17.4541,1.9878,17.7271,315.0,15193.0,2905.3828
2891,17.7306,17.6797,1.7531,19.0066,314.0,17819.0,2905.3828
2892,19.0025,17.474,2.2188,17.6755,316.0,20405.0,2905.3828
2893,17.7104,17.3068,2.4969,17.8536,315.0,18594.0,2905.3828
2894,17.8334,17.6602,2.2238,18.7185,313.0,15454.0,2905.3828
2895,18.6788,17.5797,1.9395,17.9256,314.0,15104.0,2905.3828
2896,17.985,17.6129,2.1069,18.6705,316.0,14018.0,2905.3828
2897,18.7114,17.6117,2.0512,18.6699,317.0,14640.0,2905.3828
2898,18.6959,18.5949,2.1197,18.7514,316.0,11826.0,2905.3828
2899,18.6874,17.925,2.0687,19.0314,315.0,12888.0,2905.3828
2900,19.0471,17.5716,2.0967,18.9778,317.0,15284.0,2905.3828
2901,18.9806,18.2543,2.8168,17.2076,316.0,16251.0,2905.3828
2902,17.2437,17.4772,3.0929,22.5947,314.0,14825.0,3033.3828
2903,22.5841,17.6548,2.9471,15.7922,660.0,115771.0,3033.3828
2904,15.7978,17.2332,2.4377,17.7785,359.0,24711.0,3033.3828
2905,17.7677,16.3357,2.5082,16.9803,333.0,20877.0,3033.3828
2906,17.0165,15.9209,2.9886,16.2612,333.0,18454.0,3033.3828
2907,16.2323,15.7904,2.544,15.7661,331.0,19986.0,3033.3828
2908,15.7193,15.6633,2.6287,16.1097,333.0,19494.0,3033.3828
2909,16.1509,16.4256,2.2827,17.0728,328.0,19960.0,3033.3828
2910,17.0039,16.5555,2.1695,16.3535,299.0,15096.0,3033.3828
2911,16.3909,16.0957,2.7479,18.0065,298.0,14940.0,3033.3828
2912,18.074,16.7927,3.1757,19.9759,322.0,17130.0,3033.3828
2913,19.9916,16.2983,3.635,14.9237,315.0,15724.0,3033.3828
2914,14.9658,15.777,2.6389,16.0785,322.0,16192.0,3033.3828
2915,15.974,16.02,2.3212,17.3054,322.0,19331.0,3033.3828
2916,17.2932,15.7118,2.5672,16.4351,334.0,20012.0,3033.3828
2917,16.4927,15.5425,2.6678,15.8329,333.0,20558.0,3033.3828
2918,15.7395,15.6907,2.5186,16.2346,332.0,20622.0,3033.3828
2919,16.2651,15.8904,2.6248,15.7815,332.0,23820.0,3033.3828
2920,15.8395,15.4024,2.49,16.5526,329.0,19002.0,3033.3828
2921,16.562,15.6193,2.4554,17.1249,319.0,16296.0,3033.3828
2922,17.1187,15.5558,2.8684,15.239,327.0,24686.0,3033.3828
2923,15.3196,15.9683,2.6499,17.4606,334.0,21675.0,3033.3828
2924,17.4925,15.4662,3.7686,18.3316,331.0,20680.0,3033.3828
2925,18.3253,15.6928,3.212,10.3888,334.0,18898.0,3033.3828
2926,10.2188,15.3498,2.2506,17.713,332.0,17554.0,3033.3828
2927,17.6717,15.703,2.6229,15.4665,321.0,16368.0,3033.3828
2928,15.5395,15.9058,2.975,16.1397,300.0,14920.0,3033.3828
2929,16.148,15.5349,2.5564,16.1908,336.0,17156.0,3033.3828
2930,16.2006,15.6082,2.3229,16.4282,338.0,17338.0,3033.3828
2931,16.4044,15.3461,2.3875,15.545,334.0,18172.0,3033.3828
2932,15.523,15.638,2.2625,17.3344,334.0,17564.0,3033.3828
2933,17.364,15.6947,2.3332,15.877,335.0,17598.0,3033.3828
2934,15.8296,15.4089,2.2763,14.7045,330.0,20870.0,3033.3828
2935,14.6913,15.6157,2.2108,16.9937,296.0,14916.0,3033.3828
2936,17.0449,15.3891,2.08,15.9756,296.0,14916.0,3033.3828
2937,15.9742,14.5808,2.0974,16.3698,334.0,19801.0,3033.3828
2938,16.367,15.7098,2.1768,16.1703,332.0,17502.0,3033.3828
2939,16.2138,15.3904,2.1946,16.4736,333.0,19815.0,3033.3828
2940,16.471,15.677,2.8666,15.6526,331.0,18102.0,3033.3828
2941,15.6495,15.3153,3.0318,16.1568,333.0,20018.0,3033.3828
2942,16.1449,15.7447,2.2456,15.7375,330.0,18672.0,3033.3828
2943,15.6662,15.3647,2.3507,16.9646,332.0,19132.0,3033.3828
2944,17.033,15.6709,2.3278,15.2341,337.0,22768.0,3033.3828
2945,15.1618,15.6373,2.8947,16.4947,336.0,18820.0,3033.3828
2946,16.642,15.6336,2.6522,16.4438,336.0,20822.0,3033.3828
2947,16.4044,15.6078,2.5928,18.0833,336.0,19942.0,3033.3828
2948,18.1597,15.8272,2.6353,14.7034,334.0,19430.0,3033.3828
2949,14.6718,16.8616,3.1046,19.2583,317.0,17626.0,3033.3828
2950,19.2746,16.1976,2.7838,14.5608,333.0,19344.0,3033.3828
2951,14.5355,15.7321,2.5609,15.6501,331.0,17534.0,3033.3828
2952,15.635,15.8816,2.2725,19.4767,333.0,17934.0,3033.3828
2953,19.7499,16.6862,3.6662,15.7049,331.0,18728.0,3033.3828
2954,15.3589,16.4808,2.6903,14.82,332.0,20258.0,3033.3828
2955,14.8733,16.0264,2.511,17.553,328.0,18526.0,3033.3828
2956,17.5466,16.0208,2.7609,19.374,325.0,19164.0,3033.3828
2957,19.5637,16.2521,3.1369,17.5222,310.0,16772.0,3033.3828
2958,17.3664,16.3531,3.1056,14.8976,303.0,15288.0,3033.3828
2959,14.921,16.1541,2.4817,15.5148,297.0,14928.0,3033.3828
2960,15.5013,16.0326,2.5967,18.1136,335.0,19774.0,3033.3828
2961,18.0725,16.2503,2.255,15.0617,336.0,23554.0,3033.3828
2962,15.017,15.6904,2.1114,16.484,336.0,27886.0,3033.3828
2963,16.4668,15.947,2.3954,15.5837,335.0,30664.0,3033.3828
2964,15.7065,16.1424,1.9734,17.0169,333.0,21686.0,3033.3828
2965,16.8946,16.2908,2.0382,17.1675,337.0,25106.0,3033.3828
2966,17.2358,15.9383,2.2529,16.2283,320.0,26514.0,3033.3828
2967,16.2509,16.0386,2.4365,17.0006,296.0,14916.0,3033.3828
2968,16.9494,15.8118,2.3871,16.1515,331.0,19592.0,3033.3828
2969,16.1813,15.8789,2.2696,16.203,333.0,25776.0,3033.3828
2970,16.1595,15.9428,2.194,17.5651,335.0,23502.0,3033.3828
2971,17.5825,15.7473,2.7758,16.7944,333.0,26456.0,3033.3828
2972,16.7877,16.0729,2.5071,15.6996,333.0,22380.0,3033.3828
2973,15.7231,16.0312,2.3254,16.4716,337.0,36242.0,3033.3828
2974,16.4761,15.9602,2.498,16.9132,333.0,19490.0,3033.3828
2975,16.9024,15.9974,2.4095,15.9478,334.0,25764.0,3033.3828
2976,15.9598,15.9773,2.1295,16.7999,335.0,24632.0,3033.3828
2977,16.752,16.1641,2.1143,16.4584,336.0,30216.0,3033.3828
2978,16.4818,15.9441,2.1315,16.7797,336.0,40012.0,3033.3828
2979,16.8123,15.9401,2.2694,17.5061,335.0,26250.0,3033.3828
2980,17.5135,16.2159,2.3995,16.1309,335.0,26474.0,3033.3828
2981,16.1042,16.1517,2.4023,16.9539,335.0,31646.0,3033.3828
2982,16.9993,15.9782,2.1184,16.0243,333.0,31534.0,3033.3828
2983,15.9253,15.9372,2.3244,16.226,331.0,36360.0,3033.3828
2984,16.2959,16.1311,2.1588,15.854,331.0,24552.0,3033.3828
2985,15.8245,15.7471,2.1029,16.9333,331.0,23872.0,3033.3828
2986,17.0014,16.2036,2.3785,16.994,332.0,18716.0,3033.3828
2987,16.9258,16.2047,2.3836,16.5949,332.0,17722.0,3033.3828
2988,16.5855,15.79,2.0029,15.2066,331.0,17204.0,3033.3828
2989,15.2985,16.0379,2.5161,19.1072,332.0,16912.0,3033.3828
2990,19.0502,15.84,2.4613,14.977,333.0,18488.0,3033.3828
2991,15.0676,15.7659,3.1533,17.5086,333.0,19595.0,3033.3828
2992,17.4579,16.5509,1.9853,16.0193,336.0,17588.0,3033.3828
2993,16.1035,16.0353,2.6508,16.6552,337.0,25211.0,3033.3828
2994,16.573,16.1574,2.4943,16.2148,343.0,34638.0,3033.3828
2995,16.3566,16.2348,2.5867,17.7429,335.0,25466.0,3033.3828
2996,17.5652,15.8402,2.2109,15.4749,334.0,28474.0,3033.3828
2997,15.5315,15.9218,2.5835,15.8996,337.0,19778.0,3033.3828
2998,15.9484,16.0118,2.4031,17.0061,331.0,21386.0,3033.3828
2999,16.9966,16.1665,2.8752,17.686,332.0,22072.0,3033.3828
3000,17.6781,16.5503,2.994,18.4647,331.0,19894.0,3033.3828
3001,18.3492,16.7044,2.1861,15.3685,335.0,22807.0,3033.3828
3002,15.4137,15.9372,2.3037,17.6752,335.0,21276.0,3033.3828
3003,17.686,16.2669,2.5196,17.074,333.0,21256.0,3033.3828
3004,17.0151,16.6413,2.8409,18.9673,333.0,20942.0,3033.3828
3005,19.0634,16.3341,3.0167,14.2252,337.0,24582.0,3033.3828
3006,14.2615,16.1235,2.5839,17.2904,335.0,21059.0,3033.3828
3007,17.318,15.8829,2.3405,17.1925,332.0,19252.0,3033.3828
3008,17.0657,15.7679,2.1143,15.1169,336.0,19558.0,3033.3828
3009,15.027,15.7094,2.3301,16.6503,338.0,19994.0,3033.3828
3010,16.6921,15.7851,2.7063,16.0123,331.0,18996.0,3033.3828
3011,16.0458,16.3624,2.3203,17.2135,298.0,14918.0,3033.3828
3012,17.2214,16.2733,2.4958,17.8157,303.0,15218.0,3033.3828
3013,17.8375,15.908,2.7164,15.1798,323.0,17356.0,3033.3828
3014,15.1365,16.8557,2.454,20.4324,316.0,16068.0,3033.3828
3015,20.5008,16.2339,3.1147,15.1685,317.0,18459.0,3033.3828
3016,15.1514,15.9593,2.8809,16.1271,326.0,18606.0,3033.3828
3017,16.238,16.13,2.4826,16.7125,331.0,20808.0,3033.3828
3018,16.5868,16.8754,2.665,16.8923,332.0,20568.0,3033.3828
3019,17.0099,15.7864,2.5004,18.5742,332.0,19790.0,3033.3828
3020,18.5061,16.9257,2.6727,15.1042,331.0,24544.0,3033.3828
3021,15.1328,16.2617,2.5434,16.1839,331.0,17016.0,3033.3828
3022,16.1522,16.3404,2.3367,18.0141,332.0,24986.0,3033.3828
3023,17.8998,16.1475,2.2155,16.5759,333.0,21663.0,3033.3828
3024,16.6734,16.8611,2.3749,17.5121,335.0,20684.0,3033.3828
3025,17.6943,16.5464,3.5862,17.2924,336.0,18878.0,3033.3828
3026,17.0332,16.0694,3.2857,16.3805,336.0,17558.0,3033.3828
3027,16.5001,16.3443,2.6938,17.7192,322.0,16358.0,3033.3828
3028,17.6801,16.4943,2.5984,15.6364,299.0,14930.0,3033.3828
3029,15.6127,16.2706,2.8218,20.0904,334.0,17154.0,3033.3828
3030,20.1495,16.4724,2.7628,13.8995,333.0,17322.0,3033.3828
3031,25.6719,16.1584,14.5888,17.4916,332.0,18170.0,3033.3828
3032,9.6855,16.3669,6.14,16.0753,333.0,17574.0,3033.3828
3033,18.0175,16.4043,8.121,16.9334,332.0,17584.0,3033.3828
3034,26.9255,16.2888,18.2691,17.6867,327.0,20834.0,3033.3828
3035,19.0595,16.0996,19.5119,24.8135,296.0,14916.0,3033.3828
3036,9.4522,17.4349,4.3382,17.0346,297.0,14928.0,3033.3828
3037,15.6979,15.8345,3.8362,15.626,333.0,19789.0,3033.3828
3038,18.488,15.8863,6.744,15.8548,332.0,17502.0,3033.3828
3039,18.9147,15.9628,9.1466,29.4519,333.0,19815.0,3033.3828
3040,22.9664,16.1769,2.9236,13.5911,336.0,18118.0,3033.3828
3041,13.7718,16.3754,3.3341,21.2405,336.0,20010.0,3033.3828
3042,21.0333,16.6124,3.9871,13.5342,335.0,19248.0,3033.3828
3043,13.6265,16.4841,3.6213,21.2819,333.0,18658.0,3033.3828
3044,21.3479,15.7885,5.5766,13.8469,334.0,22754.0,3033.3828
3045,13.8246,15.9762,3.6147,14.4613,333.0,18806.0,3033.3828
3046,14.3894,16.0141,3.0213,15.9829,331.0,21174.0,3033.3828
3047,15.9135,15.8849,2.3616,16.513,332.0,20284.0,3033.3828
3048,16.4816,16.2249,2.2471,15.685,333.0,19072.0,3033.3828
3049,15.7792,15.7727,2.8233,16.9778,320.0,17924.0,3033.3828
3050,16.9643,15.786,2.861,18.0192,332.0,19482.0,3033.3828
3051,17.9514,15.881,2.6083,15.3702,331.0,17174.0,3033.3828
3052,15.4331,15.47,2.417,15.8865,331.0,18240.0,3033.3828
3053,15.8653,16.0001,2.6504,15.5563,333.0,18788.0,3033.3828
3054,15.5348,15.7819,2.8039,17.6897,331.0,20568.0,3033.3828
3055,17.7097,15.6272,2.3715,14.9532,331.0,17968.0,3033.3828
3056,14.9478,16.4557,2.2252,17.0586,321.0,18942.0,3033.3828
3057,17.0,15.7514,2.0859,16.0031,308.0,16246.0,3033.3828
3058,16.0482,16.1955,2.1191,16.8907,308.0,15304.0,3033.3828
3059,16.8888,16.0321,2.1561,16.5803,299.0,14930.0,3033.3828
3060,16.5957,15.7852,2.2544,15.837,333.0,19772.0,3033.3828
3061,15.831,15.9272,2.1365,17.0897,333.0,23540.0,3033.3828
3062,17.0792,15.9231,2.1008,15.8337,332.0,27882.0,3033.3828
3063,15.804,15.6611,2.0483,16.0611,334.0,30674.0,3033.3828
3064,16.0194,15.828,2.0707,16.6201,332.0,21696.0,3033.3828
3065,16.7712,15.736,2.4722,15.9924,333.0,25080.0,3033.3828
3066,15.8488,15.5717,1.8674,15.3504,319.0,26502.0,3033.3828
3067,15.4241,16.1731,2.4042,17.8695,298.0,14940.0,3033.3828
3068,17.9961,16.1826,2.5613,15.9134,331.0,19592.0,3033.3828
3069,15.8022,15.7321,2.3425,15.7164,332.0,25764.0,3033.3828
3070,15.6227,15.8658,2.1562,17.101,333.0,23478.0,3033.3828
3071,17.2161,15.9002,2.5835,15.7433,333.0,26456.0,3033.3828
3072,15.6576,15.6142,2.6026,16.567,337.0,22384.0,3033.3828
3073,16.5901,15.9864,2.3653,17.724,342.0,36770.0,3033.3828
3074,17.8808,15.8868,2.9891,15.8685,338.0,19042.0,3033.3828
3075,15.7455,15.5602,2.8825,15.5279,336.0,27362.0,3033.3828
3076,15.5432,16.0342,2.2991,17.174,333.0,23034.0,3033.3828
3077,17.1642,15.8246,2.1916,19.1159,334.0,30582.0,3033.3828
3078,19.1955,16.9229,3.1688,14.8765,331.0,39628.0,3033.3828
3079,14.8362,16.4539,2.5774,16.8559,335.0,26272.0,3033.3828
3080,16.7952,16.5086,2.7631,17.2877,333.0,26472.0,3033.3828
3081,17.3317,16.2846,2.4597,16.3387,331.0,31620.0,3033.3828
3082,16.2604,16.4683,2.5022,17.3722,331.0,31878.0,3033.3828
3083,17.495,15.311,2.5231,16.5452,332.0,36004.0,3033.3828
3084,16.5313,16.983,2.355,16.9194,331.0,24504.0,3033.3828
3085,17.0005,16.5638,2.1504,17.5213,332.0,23884.0,3033.3828
3086,17.3934,16.3641,2.3285,17.5788,332.0,18764.0,3033.3828
3087,17.5551,16.4279,1.885,17.3552,333.0,17734.0,3033.3828
3088,17.4404,17.0201,2.6594,17.6619,337.0,17232.0,3033.3828
3089,17.5919,16.0395,2.3221,15.6835,337.0,16880.0,3033.3828
3090,15.6255,16.3191,2.2022,16.6407,337.0,18540.0,3033.3828
3091,16.7258,15.8191,2.403,16.6219,337.0,19621.0,3033.3828
3092,16.5924,15.8557,2.0213,17.264,336.0,17610.0,3033.3828
3093,17.2628,15.9727,2.0048,15.4648,335.0,26115.0,3033.3828
3094,15.51,16.3655,2.3183,17.2141,337.0,33704.0,3033.3828
3095,17.1772,16.3492,2.4323,16.9813,331.0,25440.0,3033.3828
3096,16.9932,16.5275,2.232,16.5571,333.0,28484.0,3033.3828
3097,16.6237,15.7515,1.9842,16.7965,333.0,19752.0,3033.3828
3098,16.7075,16.0872,1.9649,16.6973,333.0,21410.0,3033.3828
3099,16.6995,16.6573,1.958,17.6061,332.0,22072.0,3033.3828
3100,17.6063,16.3436,2.1701,16.4223,334.0,19930.0,3033.3828
3101,16.4002,16.4463,2.3504,17.4455,333.0,22783.0,3033.3828
3102,17.4543,16.6633,2.1097,17.3753,335.0,21276.0,3033.3828
3103,17.3888,16.0947,2.2636,16.0919,333.0,21256.0,3033.3828
3104,16.0955,15.675,2.0186,16.5959,336.0,20934.0,3033.3828
3105,16.5732,15.9687,2.063,15.9389,341.0,24586.0,3033.3828
3106,15.9513,15.7244,2.3266,17.3403,340.0,21443.0,3033.3828
3107,17.346,15.8158,2.2566,15.9856,333.0,18874.0,3033.3828
3108,15.9618,16.1607,2.057,16.0039,335.0,19568.0,3033.3828
3109,16.008,15.8548,1.8695,16.5238,333.0,19908.0,3033.3828
3110,16.5426,15.656,2.069,16.6609,328.0,19004.0,3033.3828
3111,16.7015,15.9003,1.9606,15.889,296.0,14916.0,3033.3828
3112,15.8564,15.9921,2.0174,16.7799,314.0,15900.0,3033.3828
3113,16.7628,15.9272,2.0215,16.7526,324.0,17390.0,3033.3828
3114,16.78,15.7708,1.96,15.6813,323.0,18915.0,3033.3828
3115,15.6601,15.7482,1.8244,16.5877,314.0,16876.0,3033.3828
3116,16.5963,15.6514,2.0284,16.2216,324.0,19344.0,3033.3828
3117,16.2098,15.9223,2.0609,16.1821,332.0,19934.0,3033.3828
3118,16.3157,16.0046,2.1003,17.1929,332.0,21086.0,3033.3828
3119,17.2292,15.9163,2.3288,16.0518,331.0,21110.0,3033.3828
3120,16.016,17.1027,2.4965,19.2191,336.0,21858.0,3033.3828
3121,19.1409,16.5369,2.2662,16.0701,333.0,20276.0,3033.3828
3122,16.0819,16.3047,2.0248,17.0443,331.0,21624.0,3033.3828
3123,16.9701,16.3126,1.9963,16.4686,334.0,21343.0,3033.3828
3124,16.5418,16.5165,2.081,17.0616,334.0,20694.0,3033.3828
3125,17.0035,16.436,1.9278,17.4803,332.0,19172.0,3033.3828
3126,17.478,16.4959,2.5131,16.2932,331.0,17174.0,3033.3828
3127,16.3297,16.4922,2.0216,16.7795,313.0,15888.0,3033.3828
3128,16.738,16.3925,2.1277,17.5882,296.0,14916.0,3033.3828
3129,17.5984,16.2946,1.9241,16.487,333.0,17164.0,3033.3828
3130,16.5005,16.5085,1.9535,17.3416,331.0,17298.0,3033.3828
3131,17.3641,16.4911,1.9967,17.3544,331.0,18158.0,3033.3828
3132,17.3086,16.754,2.1022,16.8346,332.0,17562.0,3033.3828
3133,16.892,15.827,2.3429,16.5241,331.0,17572.0,3033.3828
3134,16.5736,15.3441,2.2546,15.6961,328.0,20846.0,3033.3828
3135,15.593,16.1002,2.0281,16.7008,297.0,14928.0,3033.3828
3136,16.7419,15.7461,2.0399,16.626,300.0,14920.0,3033.3828
3137,16.6391,15.6184,2.1311,16.1353,338.0,19805.0,3033.3828
3138,16.0863,16.0129,2.1771,16.1051,337.0,17518.0,3033.3828
3139,16.1404,15.7145,2.243,16.0532,335.0,19817.0,3033.3828
3140,15.9736,15.1623,1.8543,16.5208,334.0,18116.0,3033.3828
3141,16.5994,15.8114,1.9607,15.9268,333.0,19996.0,3033.3828
3142,15.9496,15.6018,2.2135,15.9436,331.0,19244.0,3033.3828
3143,15.989,15.4262,2.2493,15.6262,331.0,18656.0,3033.3828
3144,15.663,15.8056,2.5071,16.3016,331.0,22740.0,3033.3828
3145,16.1988,15.5661,2.3465,15.9849,331.0,18804.0,3033.3828
3146,15.9964,15.1349,2.1123,16.5024,331.0,21174.0,3033.3828
3147,16.4884,15.7041,2.2278,15.8739,333.0,20296.0,3033.3828
3148,15.8973,15.1416,2.2172,16.9509,332.0,19060.0,3033.3828
3149,16.9864,15.9929,2.4052,16.2216,332.0,19482.0,3033.3828
3150,16.1623,16.0189,2.1855,16.7838,332.0,18754.0,3033.3828
3151,16.8119,15.8016,2.0153,15.9837,331.0,17872.0,3033.3828
3152,16.0977,15.8798,2.3949,16.7119,337.0,17936.0,3033.3828
3153,16.563,16.0729,2.2592,16.303,335.0,20002.0,3033.3828
3154,16.3168,14.8814,2.2665,16.185,335.0,18970.0,3033.3828
3155,16.1988,15.3621,2.3288,17.1634,326.0,17600.0,3033.3828
3156,17.1501,16.7748,2.3295,15.9596,316.0,18506.0,3033.3828
3157,15.9898,16.3736,2.1364,17.5495,307.0,16256.0,3033.3828
3158,17.5691,16.3569,2.2363,16.6527,302.0,15276.0,3033.3828
3159,16.6197,16.5904,2.4522,16.8645,298.0,14940.0,3033.3828
3160,16.9045,16.4837,2.1483,17.1712,333.0,19794.0,3033.3828
3161,17.1299,16.2448,2.2871,16.8744,331.0,23538.0,3033.3828
3162,16.8752,16.3769,2.2804,17.0601,332.0,27882.0,3033.3828
3163,17.1588,15.7823,2.1956,16.5491,333.0,30662.0,3033.3828
3164,16.4653,16.5606,2.1293,18.3013,331.0,21684.0,3033.3828
3165,18.2742,16.6936,2.2638,17.4631,336.0,25116.0,3033.3828
3166,17.5998,16.324,2.5934,15.6836,321.0,26526.0,3033.3828
3167,15.6423,16.5236,2.6414,17.4745,297.0,14928.0,3033.3828
3168,17.43,17.5579,2.6551,18.1709,337.0,19620.0,3033.3828
3169,18.1491,15.8539,2.2644,16.0386,336.0,25768.0,3033.3828
3170,16.0592,16.1,2.3638,16.4554,337.0,23482.0,3033.3828
3171,16.4461,15.9968,2.4369,16.8246,334.0,26446.0,3033.3828
3172,16.8355,15.8802,2.2309,15.9932,335.0,22382.0,3033.3828
3173,15.9717,14.9173,2.1438,15.6637,342.0,36792.0,3033.3828
3174,15.6194,16.6081,2.3125,16.8924,332.0,19014.0,3033.3828
3175,16.8823,16.0452,2.0031,16.1105,332.0,27336.0,3033.3828
3176,16.159,15.1401,1.984,15.9514,332.0,23044.0,3033.3828
3177,15.9088,15.6185,1.9097,17.254,332.0,30580.0,3033.3828
3178,17.2888,15.7856,2.3315,15.5618,333.0,39652.0,3033.3828
3179,15.569,15.5439,2.0729,16.8233,332.0,26236.0,3033.3828
3180,16.7824,15.9724,1.9957,16.426,333.0,26472.0,3033.3828
3181,16.3991,15.9716,2.2206,15.8672,331.0,31620.0,3033.3828
3182,15.9528,15.5763,1.974,16.5708,333.0,31902.0,3033.3828
3183,16.5938,15.987,1.8033,17.0754,331.0,35992.0,3033.3828
3184,17.0486,15.9449,1.7858,16.0279,338.0,24544.0,3033.3828
3185,16.01,15.6689,2.034,16.9948,335.0,23876.0,3033.3828
3186,17.0947,16.5566,2.9352,15.6253,335.0,18756.0,3033.3828
3187,15.5575,15.4283,2.4448,16.8038,334.0,17724.0,3033.3828
3188,17.0152,16.4473,2.84,16.8501,333.0,17206.0,3033.3828
3189,16.5561,15.3525,2.3702,16.4178,335.0,16878.0,3033.3828
3190,16.5451,15.3052,2.2158,15.7529,334.0,18548.0,3033.3828
3191,15.6515,15.9472,1.8495,16.7177,335.0,19619.0,3033.3828
3192,16.7106,15.4585,1.846,15.9593,331.0,17572.0,3033.3828
3193,15.9885,15.105,1.9716,16.7671,334.0,26125.0,3033.3828
3194,16.8064,15.9549,2.155,17.2409,340.0,33740.0,3033.3828
3195,17.2082,16.7579,2.108,16.6943,332.0,25452.0,3033.3828
3196,16.7081,16.3975,2.3682,16.3977,332.0,28472.0,3033.3828
3197,16.4426,16.3397,2.15,17.001,334.0,19764.0,3033.3828
3198,16.9559,16.6743,2.1128,17.3072,332.0,21398.0,3033.3828
3199,17.289,16.7362,1.9936,16.9252,332.0,22072.0,3033.3828
3200,16.9187,16.4804,2.3833,17.5711,335.0,19898.0,3033.3828
3201,17.6185,16.5652,2.3578,17.4661,339.0,22811.0,3033.3828
3202,17.3863,16.5456,2.1126,16.8912,351.0,22000.0,3033.3828
3203,16.9163,16.5302,2.0801,17.0997,336.0,21270.0,3033.3828
3204,17.1191,16.155,2.0832,16.7021,335.0,20944.0,3033.3828
3205,16.6933,16.7004,2.0958,17.6057,341.0,24608.0,3033.3828
3206,17.6417,15.5294,2.2265,16.3301,336.0,21487.0,3033.3828
3207,16.283,15.5813,2.3947,16.1699,332.0,18884.0,3033.3828
3208,16.1842,15.8691,2.2124,16.7669,332.0,19554.0,3033.3828
3209,16.7688,16.0003,2.0116,16.1976,332.0,19966.0,3033.3828
3210,16.1869,15.8201,1.9584,15.8626,327.0,18944.0,3033.3828
3211,15.8861,16.1432,2.053,17.6829,303.0,18072.0,3033.3828
3212,17.6978,16.0246,2.0954,15.9379,327.0,16728.0,3033.3828
3213,15.8939,16.1695,1.9484,16.3454,328.0,19511.0,3033.3828
3214,16.3713,16.1934,1.9645,16.8214,315.0,17578.0,3033.3828
3215,16.8223,15.7592,2.1675,16.8862,321.0,18570.0,3033.3828
3216,16.9856,16.7648,2.1948,17.1923,332.0,19642.0,3033.3828
3217,17.0875,15.8154,1.9385,16.6063,337.0,19112.0,3033.3828
3218,16.7545,16.1247,1.9779,16.7174,338.0,22958.0,3033.3828
3219,16.5646,16.0645,1.9629,17.2044,335.0,22418.0,3033.3828
3220,17.1944,15.965,2.0403,16.6906,339.0,22276.0,3033.3828
3221,16.7473,15.9315,1.9518,15.7469,318.0,17806.0,3033.3828
3222,15.6869,15.8206,2.3151,15.672,332.0,21920.0,3033.3828
3223,15.648,16.0176,2.0274,17.3425,318.0,20501.0,3033.3828
3224,17.4204,16.0687,1.9531,16.4981,331.0,20680.0,3033.3828
3225,16.445,16.7265,2.1124,18.5065,332.0,19290.0,3033.3828
3226,18.5847,16.6945,2.14,16.5216,333.0,17246.0,3033.3828
3227,16.4833,16.4311,2.02,17.2237,311.0,15816.0,3033.3828
3228,17.228,17.0768,2.1898,17.6159,297.0,14928.0,3033.3828
3229,17.6521,16.7487,2.4904,17.6142,332.0,17200.0,3033.3828
3230,17.5645,16.5677,2.3772,18.1531,333.0,17418.0,3033.3828
3231,18.1188,16.7144,2.0504,16.0724,332.0,18218.0,3033.3828
3232,16.1,16.7648,1.991,18.7154,335.0,17554.0,3033.3828
3233,18.7607,16.5153,2.0713,16.0417,335.0,17576.0,3033.3828
3234,16.0016,16.7491,2.0151,17.2354,331.0,20838.0,3033.3828
3235,17.2327,16.6785,2.01,17.2342,299.0,14930.0,3033.3828
3236,17.2869,16.261,2.1744,16.8334,298.0,14918.0,3033.3828
3237,16.8154,16.0444,2.2876,20.2246,337.0,19863.0,3033.3828
3238,20.2624,16.0935,2.6923,16.159,678.0,80534.0,3033.3828
3239,16.1462,16.8292,2.8659,17.2858,566.0,45886.0,3033.3828
3240,17.293,16.4945,2.8691,14.239,448.0,53194.0,3033.3828
3241,14.208,15.033,2.1808,16.5389,316.0,17642.0,3033.3828
3242,16.5582,15.3128,2.8142,15.565,326.0,20522.0,3033.3828
3243,15.6085,15.4321,2.5271,16.041,335.0,23534.0,3033.3828
3244,15.9278,14.1372,2.2018,15.171,328.0,16742.0,3033.3828
3245,15.2519,15.3293,2.1481,15.2699,328.0,15146.0,3033.3828
3246,15.2945,14.0553,2.2428,14.3157,326.0,15394.0,3033.3828
3247,14.228,16.0274,2.1105,16.6137,330.0,14242.0,3033.3828
3248,16.8087,14.0891,2.2986,14.4715,330.0,14842.0,3033.3828
3249,14.2858,15.053,2.1973,16.6845,332.0,16918.0,3033.3828
3250,16.7172,15.2295,2.2756,15.417,332.0,15928.0,3033.3828
3251,15.4471,15.2151,2.112,15.4909,329.0,27456.0,3033.3828
3252,15.4346,14.1782,2.0575,14.873,331.0,25148.0,3033.3828
3253,14.9634,14.8507,2.0764,16.726,333.0,21524.0,3033.3828
3254,16.6593,14.3545,2.4495,14.3123,332.0,20434.0,3033.3828
3255,14.2994,15.1243,2.3224,15.9099,334.0,25080.0,3033.3828
3256,15.8742,14.9401,2.158,15.8963,329.0,21038.0,2905.3828
3257,15.9265,15.2576,2.555,16.5258,332.0,25868.0,2905.3828
3258,16.5788,14.0374,2.2198,13.937,327.0,21748.0,2905.3828
3259,13.9229,15.1545,2.2686,15.1107,327.0,18586.0,2905.3828
3260,15.111,14.8457,2.2516,15.2501,327.0,17806.0,2905.3828
3261,15.2023,15.0963,2.2481,15.4983,327.0,36482.0,2905.3828
3262,15.5027,14.8823,2.0837,15.1322,328.0,32202.0,2905.3828
3263,15.1232,15.0673,1.8717,15.9388,325.0,18570.0,2905.3828
3264,15.9698,15.1732,1.9769,15.9445,333.0,25298.0,2905.3828
3265,15.9132,14.2109,2.4268,15.1605,331.0,30336.0,2905.3828
3266,15.2357,13.3628,2.1994,13.5244,331.0,32658.0,2905.3828
3267,13.5233,14.2888,2.0681,15.1332,329.0,19700.0,2905.3828
3268,15.1009,14.2287,1.9341,14.4374,330.0,19566.0,2905.3828
3269,14.4335,14.1757,1.8312,15.0881,328.0,16928.0,2905.3828
3270,15.0752,13.8837,1.966,14.3502,329.0,15890.0,2905.3828
3271,14.3063,13.7032,2.2701,14.3515,328.0,12698.0,2905.3828
3272,14.3674,14.628,1.9694,15.6726,326.0,12322.0,2905.3828
3273,15.6962,14.2806,1.914,14.7329,328.0,13590.0,2905.3828
3274,14.9798,13.3637,2.9042,13.9998,327.0,14761.0,2905.3828
3275,13.8027,14.1953,2.395,14.3235,332.0,19147.0,2905.3828
3276,14.255,14.5844,1.9352,15.2177,330.0,23926.0,2905.3828
3277,15.2674,14.5928,1.97,15.0838,328.0,17286.0,2905.3828
3278,15.0085,14.1868,1.8892,14.3205,328.0,17690.0,2905.3828
3279,14.3285,13.9249,2.0637,15.1888,334.0,17790.0,2905.3828
3280,15.3241,14.3721,2.2506,14.4359,332.0,14777.0,2905.3828
3281,14.3175,14.1611,1.9391,14.8065,330.0,13056.0,2905.3828
3282,14.8553,14.5742,1.8446,14.9944,336.0,19399.0,2905.3828
3283,14.9536,13.4091,1.823,14.4927,329.0,14800.0,2905.3828
3284,14.5521,13.6175,2.0118,14.5023,328.0,22934.0,2905.3828
3285,14.463,14.0838,2.0943,15.0218,330.0,14664.0,2905.3828
3286,15.0058,14.6164,1.9471,15.2133,328.0,13342.0,2905.3828
3287,15.2355,14.2873,2.054,14.1524,327.0,12962.0,2905.3828
3288,14.1823,14.6496,2.0951,15.0111,327.0,17847.0,2905.3828
3289,14.9678,14.2613,2.0158,14.8227,330.0,19427.0,2905.3828
3290,14.8605,13.6881,1.9371,15.4518,327.0,17328.0,2905.3828
3291,15.4933,13.6679,2.2868,16.1983,330.0,18963.0,2905.3828
3292,16.2038,15.0539,2.7001,12.8743,326.0,17733.0,2905.3828
3293,12.7996,15.1499,2.3775,15.8051,327.0,16000.0,2905.3828
3294,15.8094,14.9628,2.8028,15.5093,325.0,15512.0,2905.3828
3295,15.5107,15.0824,2.5913,16.2715,327.0,13454.0,2905.3828
3296,16.348,15.2046,2.3342,15.3733,330.0,14880.0,2905.3828
3297,15.3125,14.1448,2.1692,15.5536,332.0,15086.0,2905.3828
3298,15.5274,15.138,2.2319,15.4908,332.0,13432.0,2905.3828
3299,15.6312,14.4222,2.5104,15.0019,332.0,17964.0,2905.3828
3300,14.8841,14.5796,1.8797,15.6778,310.0,12684.0,2905.3828
3301,15.6749,15.0976,2.0317,14.7658,329.0,14260.0,2905.3828
3302,14.7694,15.0488,2.016,16.0577,326.0,15326.0,2905.3828
3303,16.0764,15.2042,2.0564,15.6041,328.0,16420.0,2905.3828
3304,15.711,14.8571,1.8722,15.4614,330.0,17692.0,2905.3828
3305,15.3723,14.2363,2.0586,16.0581,326.0,13570.0,2905.3828
3306,16.1219,14.1802,2.2523,15.7971,326.0,19726.0,2905.3828
3307,15.7495,15.3076,2.2733,14.522,329.0,18827.0,2905.3828
3308,14.4488,14.9644,1.9534,15.5589,327.0,13278.0,2905.3828
3309,15.6231,14.9252,1.9377,15.3205,328.0,18811.0,2905.3828
3310,15.3119,15.1624,2.0611,15.8013,327.0,17849.0,2905.3828
3311,15.7554,14.9378,1.8889,15.8255,331.0,22093.0,2905.3828
3312,15.8548,14.0007,1.8836,14.8915,330.0,16822.0,2905.3828
3313,14.9528,14.8636,2.2319,15.7893,329.0,14602.0,2905.3828
3314,15.7101,14.4657,2.0795,14.8878,332.0,14840.0,2905.3828
3315,14.9021,15.0254,2.3494,15.4825,328.0,17189.0,2905.3828
3316,15.5283,15.2855,2.1515,15.4563,329.0,15952.0,2905.3828
3317,15.4975,15.0101,1.9493,15.9028,330.0,15082.0,2905.3828
3318,15.8249,14.1618,2.006,14.5225,327.0,17864.0,2905.3828
3319,14.5026,13.61,1.8979,15.389,325.0,16501.0,2905.3828
3320,15.4517,14.4212,2.1556,14.461,325.0,13630.0,2905.3828
3321,14.3472,14.374,1.784,15.2564,326.0,14710.0,2905.3828
3322,15.339,14.4787,2.3194,14.0518,325.0,16256.0,2905.3828
3323,14.0512,14.6522,2.135,15.2062,326.0,14712.0,2905.3828
3324,15.1181,13.8911,1.7972,14.2165,325.0,17834.0,2905.3828
3325,14.2623,14.2441,1.9925,14.8222,329.0,15280.0,2905.3828
3326,14.839,14.5215,1.6454,15.1895,327.0,14818.0,2905.3828
3327,15.1887,13.3036,1.8307,14.453,326.0,14316.0,2905.3828
3328,14.4338,13.2124,1.8975,13.5956,330.0,13728.0,2905.3828
3329,13.5985,14.1058,2.3366,15.5866,334.0,23134.0,2905.3828
3330,15.6607,14.2154,2.3197,14.873,330.0,15014.0,2905.3828
3331,14.8966,14.0436,2.1369,13.521,329.0,16708.0,2905.3828
3332,13.4356,13.8968,1.9754,14.7185,329.0,15388.0,2905.3828
3333,14.7306,14.2103,1.9236,14.8245,329.0,14188.0,2905.3828
3334,14.8043,13.9755,2.1712,14.1134,325.0,14806.0,2905.3828
3335,14.1257,13.2545,1.9173,14.8261,327.0,16514.0,2905.3828
3336,14.8218,14.1434,1.9361,14.0594,327.0,16260.0,2905.3828
3337,14.0559,14.3246,2.1257,14.6014,328.0,27446.0,2905.3828
3338,14.6069,14.3177,1.9357,14.8857,326.0,24372.0,2905.3828
3339,15.0165,14.3813,1.8326,14.8455,330.0,22160.0,2905.3828
3340,14.6987,14.344,1.8601,14.6478,330.0,17054.0,2905.3828
3341,14.684,14.5576,2.086,14.8505,331.0,28312.0,2905.3828
3342,14.8662,14.345,1.9626,15.1817,329.0,20650.0,2905.3828
3343,15.1527,12.9325,1.9911,14.5625,331.0,19468.0,2905.3828
3344,14.5901,14.1611,1.9186,14.0457,333.0,28492.0,2905.3828
3345,14.1867,14.711,2.0322,15.1305,332.0,18426.0,2905.3828
3346,14.9828,14.4255,1.8202,14.7848,330.0,17518.0,2905.3828
3347,14.7031,14.4872,1.6029,14.572,328.0,31656.0,2905.3828
3348,14.7175,14.4247,1.8948,14.9574,329.0,33864.0,2905.3828
3349,14.8119,14.4034,1.725,14.9837,328.0,22192.0,2905.3828
3350,15.0376,13.7485,2.4203,14.9154,325.0,21862.0,2905.3828
3351,15.0809,14.6353,2.041,14.943,328.0,33542.0,2905.3828
3352,14.762,13.3665,1.9493,14.8323,325.0,31048.0,2905.3828
3353,14.8735,14.4726,1.8086,14.3289,326.0,18038.0,2905.3828
3354,14.3195,14.2587,1.8795,14.6625,325.0,22368.0,2905.3828
3355,14.6991,14.628,1.9028,14.7325,328.0,15678.0,2905.3828
3356,14.7104,14.411,1.8423,15.4055,327.0,17256.0,2905.3828
3357,15.5012,14.3815,2.1428,14.4304,325.0,13312.0,2905.3828
3358,14.3005,14.3749,2.1552,14.9541,328.0,12346.0,2905.3828
3359,14.996,14.1856,2.2105,14.6541,329.0,13554.0,2905.3828
3360,14.6144,13.9434,1.9562,14.8298,331.0,14033.0,2905.3828
3361,14.8361,13.4741,2.0361,14.6293,336.0,18871.0,2905.3828
3362,14.7395,14.7971,1.9094,14.8306,332.0,22384.0,2905.3828
3363,14.7242,13.8607,2.0609,14.8977,330.0,19630.0,2905.3828
3364,15.0018,14.8535,2.2184,14.7102,331.0,17704.0,2905.3828
3365,14.6128,14.5176,2.2541,14.308,331.0,17232.0,2905.3828
3366,14.4039,14.1614,2.2634,14.8483,329.0,15285.0,2905.3828
3367,14.7237,14.5564,23.4075,16.4879,326.0,12902.0,2905.3828
3368,23.9265,14.5564,3.3338,6.7884,332.0,19545.0,2905.3828
3369,5.9116,14.3943,3.1935,15.1743,327.0,14334.0,2905.3828
3370,15.2212,13.3646,3.1701,14.3885,329.0,23432.0,2905.3828
3371,14.4335,14.3444,1.905,14.4452,325.0,14626.0,2905.3828
3372,14.3788,14.345,1.8796,14.3249,327.0,13330.0,2905.3828
3373,14.4557,14.2166,2.0027,14.7389,328.0,12974.0,2905.3828
3374,14.6757,14.4443,2.2629,14.9425,326.0,17835.0,2905.3828
3375,14.8416,14.4191,1.8509,14.8694,327.0,19391.0,2905.3828
3376,14.9016,14.1635,2.0086,15.0171,331.0,17332.0,2905.3828
3377,15.0279,13.9551,1.8893,15.1468,331.0,18931.0,2905.3828
3378,15.1146,13.2141,1.8293,14.619,333.0,17773.0,2905.3828
3379,14.6693,14.2248,1.9355,13.8676,329.0,15074.0,2905.3828
3380,13.8639,14.4244,1.9373,14.8717,330.0,16478.0,2905.3828
3381,14.8821,14.3438,2.0061,14.7423,327.0,13432.0,2905.3828
3382,14.6915,14.3005,2.0972,15.1004,327.0,14152.0,2905.3828
3383,15.1094,14.4183,2.0917,15.105,327.0,15806.0,2905.3828
3384,15.1059,14.3508,1.9575,14.3839,328.0,13428.0,2905.3828
3385,14.4171,14.1096,1.871,14.7098,330.0,17594.0,2905.3828
3386,14.718,13.8825,1.8657,15.0302,313.0,13398.0,2905.3828
3387,15.0999,14.0904,2.0706,15.0131,326.0,14246.0,2905.3828
3388,15.0525,15.0366,2.213,15.0358,327.0,15338.0,2905.3828
3389,14.8835,14.9496,2.2371,15.1542,327.0,17170.0,2905.3828
3390,15.1504,14.9762,2.1992,16.1412,326.0,16882.0,2905.3828
3391,16.2098,15.0592,2.1132,15.1691,327.0,16158.0,2905.3828
3392,15.121,14.8418,2.1247,15.5457,334.0,17202.0,2905.3828
3393,15.5466,14.3073,2.1165,15.1249,332.0,18819.0,2905.3828
3394,15.4519,14.8737,2.5664,14.6316,331.0,13282.0,2905.3828
3395,14.3414,14.6103,2.1339,15.4478,331.0,18825.0,2905.3828
3396,15.4381,14.4435,1.876,16.1917,329.0,17851.0,2905.3828
3397,16.1615,14.9616,2.0522,15.4763,331.0,22279.0,2905.3828
3398,15.4834,14.9956,1.8707,15.1351,326.0,16610.0,2905.3828
3399,15.2702,15.0679,2.0264,15.982,326.0,14610.0,2905.3828
3400,15.8947,14.0751,1.9323,14.992,325.0,14800.0,2905.3828
3401,15.0645,13.2883,2.1209,13.5303,327.0,17199.0,2905.3828
3402,13.4054,14.4896,1.8928,15.1974,325.0,15926.0,2905.3828
3403,15.2474,14.2277,1.8512,14.6245,327.0,15068.0,2905.3828
3404,14.626,14.234,2.0434,14.6688,326.0,17852.0,2905.3828
3405,14.6302,13.9475,1.974,14.2541,326.0,16513.0,2905.3828
3406,14.2457,14.5326,2.109,15.6604,327.0,13654.0,2905.3828
3407,15.6921,14.3573,1.9898,15.1765,326.0,14710.0,2905.3828
3408,15.1663,13.5692,1.9294,14.6582,329.0,16570.0,2905.3828
3409,14.6925,14.4226,2.0278,13.9661,329.0,14394.0,2905.3828
3410,13.9401,14.3813,1.7289,14.8742,329.0,17838.0,2905.3828
3411,14.8311,14.4532,1.6663,15.4741,329.0,15258.0,2905.3828
3412,15.5242,14.3294,1.9,14.413,329.0,14820.0,2905.3828
3413,14.4142,14.4303,2.0284,14.6592,329.0,14330.0,2905.3828
3414,14.6301,13.7011,1.8856,14.6179,326.0,13724.0,2905.3828
3415,14.5901,14.3765,2.0465,14.9976,328.0,23118.0,2905.3828
3416,15.0691,13.4607,1.8362,14.9758,329.0,16734.0,2905.3828
3417,14.9882,13.568,2.0015,17.194,326.0,15018.0,2905.3828
3418,17.1906,14.3086,2.5999,11.6219,328.0,15398.0,2905.3828
3419,11.5666,14.6789,2.2768,16.3911,326.0,14708.0,2905.3828
3420,16.4223,14.2173,2.0881,13.6535,326.0,14818.0,2905.3828
3421,13.7221,14.529,2.1598,14.3107,330.0,16016.0,2905.3828
3422,14.2047,14.3968,2.1482,14.9548,326.0,16248.0,2905.3828
3423,14.955,14.0424,1.9405,15.1824,328.0,27814.0,2905.3828
3424,15.2338,14.5731,2.2655,15.7266,330.0,24376.0,2905.3828
3425,15.7551,13.9742,2.2467,14.1316,334.0,21832.0,2905.3828
3426,14.0492,13.468,1.9993,13.6732,335.0,20406.0,2905.3828
3427,13.7301,14.415,1.9121,15.9191,331.0,24966.0,2905.3828
3428,15.9843,14.4353,2.0807,14.7976,333.0,21140.0,2905.3828
3429,14.7707,14.3908,2.0843,14.3031,333.0,24238.0,2905.3828
3430,14.3899,14.3726,2.2871,15.061,327.0,23232.0,2905.3828
3431,14.8979,14.4458,2.1832,13.8388,328.0,18422.0,2905.3828
3432,13.8099,14.3535,2.1044,15.2248,328.0,22770.0,2905.3828
3433,15.2592,13.6707,2.0054,14.7452,325.0,26410.0,2905.3828
3434,14.7421,13.5476,1.8972,15.0014,326.0,35446.0,2905.3828
3435,15.1481,14.1631,2.3059,13.6367,328.0,21082.0,2905.3828
3436,13.5119,14.5405,1.9402,15.5234,326.0,21802.0,2905.3828
3437,15.5884,14.6301,2.3665,15.4156,330.0,33198.0,2905.3828
3438,15.3672,14.7126,2.1501,14.8172,328.0,31036.0,2905.3828
3439,14.7916,14.212,2.152,14.8926,327.0,19646.0,2905.3828
3440,14.9144,14.4102,2.3145,14.7463,330.0,20836.0,2905.3828
3441,14.7421,14.4058,2.2253,15.0219,331.0,15698.0,2905.3828
3442,15.0555,13.7389,2.0318,13.8935,332.0,17100.0,2905.3828
3443,13.849,13.359,1.8341,15.132,330.0,13350.0,2905.3828
3444,15.1491,13.5622,1.7189,14.9595,331.0,12360.0,2905.3828
3445,15.0041,14.3912,1.8849,14.4474,329.0,13580.0,2905.3828
3446,14.4337,14.219,2.281,15.3232,329.0,15551.0,2905.3828
3447,15.2943,14.6254,2.5819,14.5652,330.0,17941.0,2905.3828
3448,14.575,14.4851,2.3509,15.4342,332.0,22866.0,2905.3828
3449,15.4459,14.0837,2.6195,14.2465,328.0,19694.0,2905.3828
3450,14.2284,13.969,2.1559,15.4116,327.0,16674.0,2905.3828
3451,15.4696,13.5793,2.1817,15.124,332.0,19113.0,2905.3828
3452,15.0902,13.4819,2.2017,15.599,326.0,13402.0,2905.3828
3453,15.7397,13.9786,3.1973,12.91,326.0,13052.0,2905.3828
3454,12.7067,14.6313,1.9542,14.4761,332.0,19395.0,2905.3828
3455,14.4806,14.1,2.1593,15.225,327.0,14334.0,2905.3828
3456,15.3004,14.4883,1.958,13.865,330.0,23400.0,2905.3828
3457,13.8276,14.2163,2.441,15.4834,329.0,14630.0,2905.3828
3458,15.4997,14.0458,2.1182,13.8804,329.0,13310.0,2905.3828
3459,13.9164,13.8514,2.3134,14.7379,327.0,12940.0,2905.3828
3460,14.6413,13.5113,2.0107,14.8682,329.0,17849.0,2905.3828
3461,14.903,13.8665,2.1406,13.8944,328.0,19845.0,2905.3828
3462,13.9272,13.8862,2.1489,14.2071,327.0,16864.0,2905.3828
3463,14.1843,14.1151,2.3363,14.2367,331.0,18975.0,2905.3828
3464,14.3248,13.8137,2.1393,14.517,330.0,17781.0,2905.3828
3465,14.6118,13.7935,2.0142,14.2248,326.0,15524.0,2905.3828
3466,14.0129,14.0632,2.0448,14.1638,326.0,15988.0,2905.3828
3467,14.1722,12.88,1.8609,14.464,328.0,13466.0,2905.3828
3468,14.4785,13.7808,1.7745,14.1707,325.0,14128.0,2905.3828
3469,14.1868,13.9997,2.0293,14.5834,325.0,15782.0,2905.3828
3470,14.5682,14.2211,2.0004,14.6434,327.0,13416.0,2905.3828
3471,14.663,13.905,2.2144,15.481,330.0,17594.0,2905.3828
3472,15.5558,14.4356,2.6213,13.5735,320.0,13534.0,2905.3828
3473,13.5328,14.2631,2.2549,14.5707,330.0,14250.0,2905.3828
3474,14.5013,13.6635,2.1047,14.6252,331.0,16104.0,2905.3828
3475,14.6971,13.324,2.2582,14.4155,329.0,16410.0,2905.3828
3476,14.3827,14.2173,2.1127,14.7093,329.0,16896.0,2905.3828
3477,14.6853,14.4053,1.9992,15.2522,328.0,16304.0,2905.3828
3478,15.2644,14.3061,1.8916,13.6367,328.0,17226.0,2905.3828
3479,13.678,14.4056,1.982,14.5438,328.0,18607.0,2905.3828
3480,14.4764,13.6095,1.8815,14.9452,325.0,14252.0,2905.3828
3481,14.9749,14.4252,1.8294,14.7658,327.0,17801.0,2905.3828
3482,14.7519,13.8145,1.7494,13.957,328.0,21643.0,2905.3828
3483,13.9686,13.5001,1.8838,14.6124,328.0,18483.0,2905.3828
3484,14.6286,13.9642,1.9663,14.6314,327.0,16990.0,2905.3828
3485,14.6772,14.0469,2.0371,14.1237,327.0,14532.0,2905.3828
3486,14.0884,14.2553,2.154,15.6212,325.0,14522.0,2905.3828
3487,15.6359,14.0747,2.1587,13.6508,327.0,18495.0,2905.3828
3488,13.6149,13.6882,1.9707,15.3822,331.0,14782.0,2905.3828
3489,15.3893,13.8995,2.1621,14.8876,331.0,15316.0,2905.3828
3490,14.9232,13.3736,2.0434,14.5658,331.0,17868.0,2905.3828
3491,14.525,13.3946,2.06,14.4304,331.0,16183.0,2905.3828
3492,14.4863,14.2155,2.2571,14.2538,327.0,13632.0,2905.3828
3493,14.1764,14.9875,2.1981,15.6583,329.0,15722.0,2905.3828
3494,15.7248,14.8872,2.1564,16.6743,330.0,16092.0,2905.3828
3495,16.7225,15.1161,2.2896,14.051,325.0,14854.0,2905.3828
3496,14.0303,14.2762,2.5789,16.8149,326.0,17382.0,2905.3828
3497,16.814,14.7526,2.4299,13.2614,325.0,15232.0,2905.3828
3498,13.1467,13.9873,2.1857,14.2438,326.0,14342.0,2905.3828
3499,14.2997,14.4778,2.4518,15.2653,328.0,14340.0,2905.3828
3500,15.2862,15.0468,1.9046,15.4954,327.0,13860.0,2905.3828
3501,15.5139,13.1557,2.2197,14.993,330.0,24942.0,2905.3828
3502,14.9214,14.603,1.9881,15.6391,329.0,16854.0,2905.3828
3503,15.6996,14.5998,2.242,15.006,327.0,13330.0,2905.3828
3504,15.1644,14.9116,2.1158,14.6285,330.0,15130.0,2905.3828
3505,14.4427,14.8641,2.0806,15.9615,330.0,16340.0,2905.3828
3506,15.9925,15.2679,2.0278,15.2751,330.0,13074.0,2905.3828
3507,15.2184,14.3411,2.8284,14.2775,328.0,16926.0,2905.3828
3508,14.2738,15.154,2.0807,15.3513,330.0,18856.0,2905.3828
3509,15.3968,14.0322,2.2736,14.3568,329.0,25168.0,2905.3828
3510,14.337,14.7878,2.1919,15.7119,328.0,23556.0,2905.3828
3511,15.7345,15.3998,1.9054,16.2732,331.0,25140.0,2905.3828
3512,16.2227,12.971,2.047,15.2278,332.0,17016.0,2905.3828
3513,15.258,14.4751,1.9229,14.2367,331.0,25980.0,2905.3828
3514,14.2854,15.156,2.2209,15.4055,331.0,20134.0,2905.3828
3515,15.4555,14.6713,1.91,15.3621,330.0,24332.0,2905.3828
3516,15.3059,14.6645,1.91,14.8871,329.0,23148.0,2905.3828
3517,14.9267,15.3347,1.9716,15.4172,325.0,25022.0,2905.3828
3518,15.4663,14.163,2.2379,14.9421,327.0,21354.0,2905.3828
3519,14.8729,14.6092,2.391,15.1755,327.0,21646.0,2905.3828
3520,15.1736,14.9223,2.5919,14.9195,333.0,35874.0,2905.3828
3521,14.9289,14.1841,2.3316,14.8037,331.0,20610.0,2905.3828
3522,14.8135,12.6195,2.0247,14.9114,332.0,21438.0,2905.3828
3523,14.9105,14.6174,2.16,14.6553,330.0,33128.0,2905.3828
3524,14.6289,13.8154,2.0741,14.0126,329.0,32622.0,2905.3828
3525,14.0219,14.642,2.1357,15.2678,327.0,19432.0,2905.3828
3526,15.3325,14.5541,2.2129,16.858,327.0,19944.0,2905.3828
3527,16.8592,14.626,2.2577,13.7589,330.0,15510.0,2905.3828
3528,13.7465,14.4338,2.5605,13.3705,328.0,16620.0,2905.3828
3529,13.4724,14.217,2.2842,14.9759,325.0,13312.0,2905.3828
3530,14.8978,13.3305,2.5032,15.1556,328.0,12394.0,2905.3828
3531,15.0804,13.7453,2.3616,13.8822,329.0,14588.0,2905.3828
3532,13.8935,14.3579,2.2711,14.6114,330.0,15221.0,2905.3828
3533,14.6938,14.6216,2.1131,14.6572,329.0,18415.0,2905.3828
3534,14.5831,14.5006,2.0224,14.5292,331.0,22920.0,2905.3828
3535,14.5692,13.7634,2.1158,14.7772,329.0,19202.0,2905.3828
3536,14.6715,14.7563,2.3704,14.8115,332.0,18037.0,2905.3828
3537,14.9339,14.5549,2.1968,15.2431,336.0,17270.0,2905.3828
3538,15.2093,13.8799,1.9631,14.5987,329.0,13394.0,2905.3828
3539,14.6139,12.7684,2.0126,14.9486,330.0,13078.0,2905.3828
3540,14.8684,14.3165,1.8173,14.748,335.0,20413.0,2905.3828
3541,14.7539,13.7965,1.6977,13.8961,331.0,14284.0,2905.3828
3542,13.9326,14.5512,1.8014,14.8307,325.0,22456.0,2905.3828
3543,14.9273,14.847,2.1424,14.7721,325.0,14626.0,2905.3828
3544,14.7692,14.142,2.3913,14.6848,326.0,13318.0,2905.3828
3545,14.559,14.6594,2.2489,15.2388,325.0,13968.0,2905.3828
3546,15.268,13.8005,2.3483,13.9868,326.0,17371.0,2905.3828
3547,14.0995,12.8599,2.3587,15.1435,327.0,19413.0,2905.3828
3548,15.0533,14.47,2.3792,13.4402,328.0,16752.0,2905.3828
3549,13.4085,14.468,1.983,15.8429,328.0,18939.0,2905.3828
3550,15.862,13.8591,2.2122,14.3449,328.0,17757.0,2905.3828
3551,14.3506,14.5583,2.1112,14.7512,326.0,15524.0,2905.3828
3552,14.8115,14.1871,2.3278,14.0237,331.0,16004.0,2905.3828
3553,13.9121,14.4032,1.9968,15.0938,330.0,13532.0,2905.3828
3554,15.1084,14.386,1.9614,15.1397,331.0,14070.0,2905.3828
3555,15.1296,13.9487,1.9313,13.764,329.0,15808.0,2905.3828
3556,13.8249,12.7956,1.9057,13.7715,330.0,14512.0,2905.3828
3557,13.7378,14.2574,1.9655,15.8267,329.0,16478.0,2905.3828
3558,15.878,14.4002,2.1078,15.9686,318.0,13698.0,2905.3828
3559,15.9114,14.1761,2.2167,12.7296,327.0,15388.0,2905.3828
3560,12.7362,14.7385,2.074,15.245,329.0,16344.0,2905.3828
3561,15.2143,14.0574,2.2508,15.2153,326.0,15046.0,2905.3828
3562,15.3145,14.1313,2.3183,13.9517,327.0,17358.0,2905.3828
3563,13.8643,13.9969,1.9794,14.656,325.0,19022.0,2905.3828
3564,14.656,12.737,1.8942,13.5224,327.0,14326.0,2905.3828
3565,13.5246,14.4241,2.1256,14.7835,328.0,18457.0,2905.3828
3566,14.7853,14.5406,2.0357,15.5833,329.0,15989.0,2905.3828
3567,15.6128,13.8654,2.1955,13.7206,326.0,16614.0,2905.3828
3568,13.7317,14.7759,2.2052,14.7868,334.0,20999.0,2905.3828
3569,14.806,13.9709,2.2159,14.9242,334.0,19131.0,2905.3828
3570,14.9155,14.63,2.2552,15.6689,330.0,16362.0,2905.3828
3571,15.7229,14.5134,1.9509,15.1246,327.0,14878.0,2905.3828
3572,15.1248,12.4944,2.0003,16.0081,328.0,15733.0,2905.3828
3573,15.9241,13.8409,2.0641,11.5895,328.0,17412.0,2905.3828
3574,11.7162,14.7546,2.4897,17.7791,327.0,15276.0,2905.3828
3575,17.7167,14.268,2.6013,13.9059,325.0,15987.0,2905.3828
3576,13.8527,14.2294,2.2084,12.7376,326.0,16899.0,2905.3828
3577,12.7482,14.4876,2.8018,15.1945,325.0,15931.0,2905.3828
3578,15.2145,14.6618,2.6039,14.9125,328.0,13596.0,2905.3828
3579,14.8974,14.6216,2.1729,15.5412,325.0,15696.0,2905.3828
3580,15.616,13.9988,2.0831,14.6512,326.0,15948.0,2905.3828
3581,14.6189,12.8965,2.1514,13.509,327.0,14974.0,2905.3828
3582,13.5439,13.6523,2.5746,15.6344,326.0,17750.0,2905.3828
3583,15.6723,13.5118,2.4543,14.1854,326.0,14876.0,2905.3828
3584,14.1242,14.5995,2.0612,14.3184,331.0,13894.0,2905.3828
3585,14.4513,14.9287,2.3639,14.996,330.0,14320.0,2905.3828
3586,14.8095,14.0121,2.2054,15.885,330.0,15788.0,2905.3828
3587,15.8693,14.7882,2.2897,14.3945,332.0,25064.0,2905.3828
3588,14.3907,14.1268,2.3767,14.7416,328.0,14764.0,2905.3828
3589,14.7859,12.5868,2.2862,14.636,329.0,13452.0,2905.3828
3590,14.5899,13.5587,2.2989,14.7671,326.0,17122.0,2905.3828
3591,14.8115,14.5455,2.1441,16.079,326.0,14340.0,2905.3828
3592,16.0276,14.0751,2.1513,14.0949,326.0,14376.0,2905.3828
3593,14.2288,14.5356,2.6953,13.9156,328.0,15890.0,2905.3828
3594,13.9901,14.6793,3.289,17.0267,326.0,19484.0,2905.3828
3595,17.0767,14.9863,2.9343,14.2065,328.0,27554.0,2905.3828
3596,14.035,14.3227,2.9604,13.6358,331.0,24126.0,2905.3828
3597,13.6235,13.9793,2.5955,14.8276,328.0,21768.0,2905.3828
3598,14.8449,13.0355,2.1108,15.0627,330.0,20736.0,2905.3828
3599,15.0665,14.2496,2.0832,13.4155,328.0,22996.0,2905.3828
3600,13.3832,14.2159,1.9733,15.2031,337.0,27804.0,2905.3828
3601,15.2183,14.5387,2.0749,15.9859,332.0,17182.0,2905.3828
3602,15.9901,14.9926,2.0556,14.0818,333.0,29476.0,2905.3828
3603,14.2316,14.1362,3.2445,15.0654,331.0,22444.0,2905.3828
3604,14.8974,14.7933,2.7526,14.5312,327.0,23004.0,2905.3828
3605,14.4443,13.8952,2.4081,15.3465,328.0,26764.0,2905.3828
3606,15.4575,13.6768,2.1375,14.752,329.0,26074.0,2905.3828
3607,14.7793,13.5723,2.3077,13.2853,327.0,21514.0,2905.3828
3608,13.2339,14.6843,2.4381,15.6143,329.0,24714.0,2905.3828
3609,15.6841,13.9461,2.5209,15.156,326.0,35198.0,2905.3828
3610,15.1049,14.7491,2.3446,14.4807,325.0,30308.0,2905.3828
3611,14.4906,14.7143,2.4308,14.1373,328.0,13414.0,2905.3828
3612,14.1393,14.3901,3.816,15.0096,326.0,21132.0,2905.3828
3613,14.9614,14.5405,2.4187,16.2122,327.0,16380.0,3033.3828
3614,16.1706,14.0748,2.2647,14.687,778.0,94731.0,3033.3828
3615,14.7651,16.4598,2.663,15.9894,388.0,15656.0,3033.3828
3616,15.9555,14.9935,2.1463,15.4927,397.0,17172.0,3033.3828
3617,15.5031,13.0706,1.9758,15.0434,395.0,16458.0,3033.3828
3618,15.0527,13.9579,2.0072,14.1554,400.0,21360.0,3033.3828
3619,14.1422,14.4023,2.2138,14.5301,678.0,74623.0,3033.3828
3620,14.5074,14.2617,2.0257,14.4705,395.0,27022.0,3033.3828
3621,14.4618,14.0531,2.0116,14.4884,396.0,21829.0,3033.3828
3622,14.5092,13.9395,2.2982,14.576,394.0,21035.0,3033.3828
3623,14.5749,13.3467,2.0628,14.0509,392.0,20171.0,3033.3828
3624,14.0503,13.4128,1.9825,14.4219,392.0,17328.0,3033.3828
3625,14.4415,12.7467,2.1024,14.7323,394.0,20885.0,3033.3828
3626,14.7359,14.0882,2.1871,14.2447,395.0,22252.0,3033.3828
3627,14.236,14.3531,2.2555,15.3421,391.0,20740.0,3033.3828
3628,15.356,14.315,2.165,15.2631,407.0,25670.0,3033.3828
3629,15.2237,14.2258,2.3314,13.1276,391.0,19154.0,3033.3828
3630,13.1041,14.3003,2.2946,14.529,392.0,18876.0,3033.3828
3631,14.5517,14.0899,2.2238,15.128,392.0,21333.0,3033.3828
3632,15.146,13.9232,2.0013,15.0772,422.0,26735.0,3033.3828
3633,15.0956,13.6721,2.0258,14.7145,395.0,21438.0,3033.3828
3634,14.6986,14.2721,1.9687,15.0531,394.0,18192.0,3033.3828
3635,15.0533,14.2417,2.2968,13.921,393.0,23601.0,3033.3828
3636,13.9313,14.3473,2.0257,15.1975,396.0,23485.0,3033.3828
3637,15.3613,14.1876,2.2213,14.3328,394.0,21664.0,3033.3828
3638,14.1968,14.4181,2.587,14.8571,392.0,18790.0,2905.3828
3639,14.7962,14.4,2.4105,15.0224,391.0,18002.0,2905.3828
3640,15.0541,13.8425,2.0343,14.7347,393.0,20502.0,2905.3828
3641,14.7194,14.3925,2.1258,15.1461,394.0,19942.0,2905.3828
3642,15.298,13.9146,2.242,14.8337,393.0,20090.0,2905.3828
3643,14.6847,14.4187,2.4553,14.0312,393.0,19968.0,2905.3828
3644,14.0147,14.2386,1.9972,15.7845,395.0,19740.0,3033.3828
3645,15.9186,14.9107,2.1036,14.7886,448.0,23860.0,3033.3828
3646,14.7049,14.8585,2.2224,15.4776,392.0,19910.0,3033.3828
3647,15.4769,14.309,2.1173,14.4203,430.0,26770.0,3033.3828
3648,14.3909,14.6296,1.9549,15.3625,450.0,28468.0,3033.3828
3649,15.3771,14.9912,2.0698,15.5624,416.0,22712.0,3033.3828
3650,15.6161,14.8481,2.0177,15.2553,401.0,26449.0,3033.3828
3651,15.206,14.3983,2.0408,15.6481,393.0,22967.0,3033.3828
3652,15.6281,14.63,1.928,15.4017,395.0,26692.0,3033.3828
3653,15.397,13.9425,1.8865,15.1955,416.0,27457.0,3033.3828
3654,15.2262,14.5491,1.9453,14.3948,395.0,26687.0,3033.3828
3655,14.3714,14.7268,1.9149,15.1295,393.0,23942.0,3033.3828
3656,15.1615,14.7966,2.0059,15.6678,395.0,22654.0,3033.3828
3657,15.6778,15.0462,2.0555,16.6288,390.0,23121.0,3033.3828
3658,16.676,15.0309,2.4048,13.9543,394.0,24638.0,3033.3828
3659,13.8838,14.7349,2.2438,15.1791,392.0,22468.0,3033.3828
3660,15.1508,15.0847,2.2305,15.9863,410.0,25107.0,3033.3828
3661,16.0305,14.9209,2.1374,15.8052,391.0,24343.0,3033.3828
3662,15.8078,14.8398,1.9492,14.9546,391.0,23755.0,3033.3828
3663,14.925,14.8818,1.941,15.3799,389.0,21824.0,3033.3828
3664,15.3847,14.3898,1.6896,14.9756,394.0,23416.0,3033.3828
3665,14.9624,13.7916,1.7417,15.4224,401.0,22620.0,3033.3828
3666,15.5058,14.1467,1.7597,14.2683,397.0,22514.0,3033.3828
3667,14.2805,14.6174,1.998,15.3911,395.0,25370.0,2905.3828
3668,15.3325,14.8126,1.897,15.4301,394.0,20952.0,2905.3828
3669,15.4402,14.7494,2.0252,15.0237,393.0,21360.0,2905.3828
3670,15.002,14.3295,1.9867,15.0348,391.0,23856.0,2905.3828
3671,15.0739,14.3449,2.0788,14.5594,392.0,23272.0,2905.3828
3672,14.5445,14.5741,1.8092,15.4442,393.0,23790.0,2905.3828
3673,15.4055,14.4121,1.8665,14.5078,388.0,22326.0,2905.3828
3674,14.5385,13.9389,2.0151,14.993,390.0,22902.0,2905.3828
3675,14.9498,13.7368,1.9313,14.9351,392.0,22618.0,2905.3828
3676,14.9615,14.3588,1.863,14.8244,392.0,22604.0,2905.3828
3677,14.7897,14.4065,1.9188,15.7784,394.0,21644.0,2905.3828
3678,15.7846,14.4364,2.0211,14.6653,392.0,25528.0,2905.3828
3679,14.7246,14.7881,2.1685,14.7108,395.0,28824.0,2905.3828
3680,14.7235,14.7396,2.225,14.9729,395.0,37388.0,2905.3828
3681,14.9,14.5104,2.0367,14.9662,398.0,27334.0,2905.3828
3682,14.9727,14.8829,2.0008,15.6219,402.0,29964.0,2905.3828
3683,15.6658,14.5525,1.9412,14.9453,396.0,25258.0,2905.3828
3684,14.9271,14.1076,1.9948,14.6675,399.0,41906.0,2905.3828
3685,14.6709,13.6622,2.0263,15.322,396.0,25308.0,2905.3828
3686,15.3537,14.6136,1.9406,14.7452,394.0,36376.0,2905.3828
3687,14.761,14.6539,2.0111,15.6686,395.0,29450.0,2905.3828
3688,15.6308,14.3532,1.8649,14.4511,392.0,30926.0,2905.3828
3689,14.4633,15.4278,1.9816,16.0008,387.0,35274.0,2905.3828
3690,16.0373,14.969,2.0227,14.4051,394.0,27154.0,2905.3828
3691,14.4722,14.887,2.158,15.2814,392.0,30010.0,2905.3828
3692,15.1168,14.0366,1.7468,15.1296,393.0,32578.0,2905.3828
3693,15.2063,14.8964,2.0049,15.2718,391.0,46034.0,2905.3828
3694,15.2283,14.4175,1.8379,15.4286,392.0,35200.0,2905.3828
3695,15.4872,13.3345,2.0368,14.7842,390.0,26006.0,2905.3828
3696,14.7237,13.9045,1.7951,15.7554,394.0,25614.0,2905.3828
3697,15.7517,14.6432,1.7384,14.6024,398.0,26158.0,2905.3828
3698,14.6406,14.4726,1.9579,14.2382,395.0,25246.0,2905.3828
3699,14.2409,14.6323,1.992,15.1598,394.0,27974.0,2905.3828
3700,15.1622,14.2339,2.2671,13.8437,393.0,19324.0,2905.3828
3701,13.8169,15.0576,1.8643,15.9791,393.0,23636.0,2905.3828
3702,15.9361,14.6736,2.0455,15.2032,388.0,20074.0,2905.3828
3703,15.2775,14.1841,1.9179,15.1176,398.0,27016.0,2905.3828
3704,15.0965,14.9937,1.8715,15.6833,392.0,25306.0,2905.3828
3705,15.6638,13.2551,1.8513,14.2279,394.0,29226.0,2905.3828
3706,14.3144,13.3966,1.9016,14.3496,393.0,26041.0,2905.3828
3707,14.3073,15.0559,1.9817,14.99,391.0,23835.0,2905.3828
3708,15.0351,14.5673,1.9201,15.0351,396.0,24565.0,2905.3828
3709,14.9469,14.4482,1.8398,14.8,389.0,21068.0,2905.3828
3710,14.932,14.7272,2.101,14.5442,393.0,24101.0,2905.3828
3711,14.4902,14.1809,1.926,14.9531,392.0,23549.0,2905.3828
3712,14.9534,13.6921,2.0261,15.8964,399.0,25867.0,2905.3828
3713,15.847,14.9646,1.7719,14.8122,393.0,20886.0,2905.3828
3714,14.8112,14.0216,1.8384,14.7518,393.0,27638.0,2905.3828
3715,14.7666,13.2016,1.9458,14.4319,391.0,21450.0,2905.3828
3716,14.367,13.6995,1.6658,15.5793,393.0,24667.0,2905.3828
3717,15.6823,14.5342,1.8013,14.4433,391.0,26283.0,2905.3828
3718,14.4254,14.9307,1.9542,15.0367,391.0,21720.0,2905.3828
3719,14.9646,14.7627,1.7826,14.3297,390.0,24084.0,2905.3828
3720,14.4565,14.2936,2.0477,15.6655,391.0,26407.0,2905.3828
3721,15.5953,14.8254,1.9962,14.8579,391.0,25689.0,2905.3828
3722,14.8167,14.5569,2.0576,15.1746,390.0,23004.0,2905.3828
3723,15.2096,14.7626,1.9689,15.263,391.0,23226.0,2905.3828
3724,15.2474,13.6615,2.0355,15.3198,392.0,21190.0,2905.3828
3725,15.3007,13.7948,1.9892,13.6081,388.0,22796.0,2905.3828
3726,13.6333,14.6188,1.922,15.0756,393.0,22738.0,2905.3828
3727,15.0797,14.4806,1.9025,14.8722,394.0,22014.0,2905.3828
3728,14.8795,14.6121,1.901,16.0655,394.0,23234.0,2905.3828
3729,16.0887,15.1057,1.9582,14.1236,391.0,20970.0,2905.3828
3730,14.1637,14.6722,2.1774,15.3249,393.0,23776.0,2905.3828
3731,15.2253,14.1753,1.8851,15.4825,394.0,23968.0,2905.3828
3732,15.5162,15.0174,1.8466,14.7759,392.0,25020.0,2905.3828
3733,14.7694,13.5656,1.8502,14.5047,396.0,23974.0,2905.3828
3734,14.6306,12.8102,1.7449,15.031,390.0,24164.0,2905.3828
3735,14.9275,14.8491,1.8943,14.2404,390.0,24108.0,2905.3828
3736,14.2221,14.6789,1.7883,14.9955,390.0,24065.0,2905.3828
3737,15.0808,14.5469,1.7967,15.4918,392.0,24877.0,2905.3828
3738,15.4371,14.5055,1.9798,14.2738,389.0,25080.0,2905.3828
3739,14.2494,14.8899,1.9425,15.3352,393.0,28549.0,2905.3828
3740,15.3069,14.5956,1.9756,15.4719,389.0,23255.0,2905.3828
3741,15.4818,14.621,2.0339,14.8358,390.0,24116.0,2905.3828
3742,14.8427,13.9639,1.7963,14.9891,391.0,22950.0,2905.3828
3743,15.0522,13.9597,1.8202,14.9525,390.0,23959.0,2905.3828
3744,14.9027,12.6907,1.8559,13.6095,395.0,22942.0,2905.3828
3745,13.6199,14.6251,1.7809,15.4816,394.0,24937.0,2905.3828
3746,15.4823,14.7407,1.8958,14.8915,398.0,22539.0,2905.3828
3747,14.8686,14.9943,1.9797,14.8726,392.0,24179.0,2905.3828
3748,14.9095,14.3065,2.0111,14.6978,391.0,22242.0,2905.3828
3749,14.6597,14.7303,2.0604,15.5369,394.0,22076.0,2905.3828
3750,15.5502,14.9165,2.0469,15.3603,391.0,23034.0,2905.3828
3751,15.3555,14.0127,1.9246,15.6122,389.0,22430.0,2905.3828
3752,15.6363,15.2768,1.8344,15.6323,391.0,22048.0,2905.3828
3753,15.6437,14.3055,1.9654,14.8755,394.0,24516.0,2905.3828
3754,14.8678,13.3212,1.9193,15.4492,390.0,20894.0,2905.3828
3755,15.4382,14.5849,1.9605,13.7483,392.0,23442.0,2905.3828
3756,13.7234,14.7949,1.7985,15.6169,392.0,23876.0,2905.3828
3757,15.6603,14.7033,1.9125,15.3946,390.0,21204.0,2905.3828
3758,15.4057,14.9031,2.0428,15.557,393.0,23922.0,2905.3828
3759,15.5167,14.742,1.8523,14.531,391.0,24370.0,2905.3828
3760,14.5937,14.9278,2.0509,15.369,393.0,20910.0,2905.3828
3761,15.3015,14.5131,1.9373,15.5955,393.0,23904.0,2905.3828
3762,15.6418,15.2653,2.1216,15.9341,391.0,22312.0,2905.3828
3763,15.893,14.7377,1.8805,14.983,390.0,21678.0,2905.3828
3764,14.997,14.8737,2.0046,15.2055,397.0,29780.0,2905.3828
3765,15.2256,13.0973,1.9461,14.5074,397.0,28410.0,2905.3828
3766,14.4697,13.8848,1.8585,14.6279,392.0,37014.0,2905.3828
3767,14.6444,14.5705,1.7761,15.2669,389.0,27506.0,2905.3828
3768,15.2767,15.0927,1.8979,15.7119,396.0,26466.0,2905.3828
3769,15.7126,14.2844,2.0175,15.178,397.0,36330.0,2905.3828
3770,15.167,15.3826,2.0027,14.8681,391.0,29426.0,2905.3828
3771,14.8959,14.6448,2.1931,15.3202,395.0,39420.0,2905.3828
3772,15.3497,15.0115,2.0551,15.2545,387.0,30326.0,2905.3828
3773,15.1951,14.7758,1.9205,16.0408,390.0,23698.0,2905.3828
3774,16.0722,14.7576,1.8142,15.1154,391.0,39262.0,2905.3828
3775,15.0936,14.4335,1.7998,15.3242,391.0,29054.0,2905.3828
3776,15.3982,13.3109,1.8835,15.6438,396.0,25150.0,2905.3828
3777,15.5992,13.674,2.0057,13.4326,397.0,34958.0,2905.3828
3778,13.4188,14.9413,1.9674,16.0322,397.0,38006.0,2905.3828
3779,16.0194,14.7483,1.923,14.1393,390.0,39894.0,2905.3828
3780,14.2285,14.8336,1.9038,15.6926,392.0,29548.0,2905.3828
3781,15.6237,14.7598,2.0248,14.3447,394.0,29884.0,2905.3828
3782,14.3422,15.0008,2.2409,15.3933,393.0,22724.0,2905.3828
3783,15.3888,14.5204,2.049,15.2059,391.0,25210.0,2905.3828
3784,15.209,14.7047,2.1396,15.6073,392.0,25960.0,2905.3828
3785,15.5807,14.7697,1.9195,15.264,393.0,25364.0,2905.3828
3786,15.2982,14.6815,2.095,15.011,395.0,22556.0,2905.3828
3787,15.0532,13.1202,2.2202,15.3081,393.0,21676.0,2905.3828
3788,15.2356,14.6474,1.8938,14.5516,392.0,22839.0,2905.3828
3789,14.5482,15.3773,1.7871,15.7594,396.0,28727.0,2905.3828
3790,15.7821,15.197,1.8708,15.4592,396.0,28072.0,2905.3828
3791,15.4489,14.7496,1.9455,15.6272,393.0,25455.0,2905.3828
3792,15.6566,14.4245,1.9945,14.3885,398.0,24403.0,2905.3828
3793,14.3292,15.235,1.9012,15.4125,400.0,24247.0,2905.3828
3794,15.4768,14.4422,1.9024,15.3101,394.0,22552.0,2905.3828
3795,15.2504,15.2169,2.2249,16.2103,393.0,22014.0,2905.3828
3796,16.2279,14.6521,1.912,15.3783,396.0,23991.0,2905.3828
3797,15.4411,14.5375,2.0103,14.0684,395.0,25793.0,2905.3828
3798,14.1034,14.1813,1.8137,16.0902,392.0,22765.0,2905.3828
3799,16.038,13.0234,1.9832,13.7214,392.0,22142.0,2905.3828
3800,13.7027,14.7063,1.8543,15.359,388.0,26964.0,2905.3828
3801,15.4094,14.7859,1.8512,15.1284,388.0,24261.0,2905.3828
3802,15.0782,14.437,2.0193,14.9213,392.0,22366.0,2905.3828
3803,14.9668,15.3082,2.105,15.5181,392.0,25021.0,2905.3828
3804,15.7558,14.3824,2.7182,15.1788,390.0,24548.0,2905.3828
3805,14.8694,15.2205,2.2101,14.7084,392.0,25441.0,2905.3828
3806,14.7602,14.33,2.1236,15.2545,389.0,22426.0,2905.3828
3807,15.3259,14.9151,1.904,15.3228,393.0,27359.0,2905.3828
3808,15.3138,14.721,2.0238,15.1431,395.0,23128.0,2905.3828
3809,15.0133,12.7781,1.7109,14.8709,394.0,21000.0,2905.3828
3810,14.8884,14.7692,1.7695,14.7616,393.0,23094.0,2905.3828
3811,14.7774,15.06,1.8759,15.5324,394.0,21732.0,2905.3828
3812,15.5434,14.7372,1.7836,14.9578,393.0,22348.0,2905.3828
3813,14.9322,14.7581,2.0764,15.0874,393.0,23958.0,2905.3828
3814,15.1797,14.6685,1.9766,14.8393,389.0,21646.0,2905.3828
3815,14.7987,14.8938,2.2041,15.328,388.0,22784.0,2905.3828
3816,15.2937,14.698,1.9128,15.0634,391.0,24882.0,2905.3828
3817,15.0576,15.0811,2.0178,15.4505,391.0,24480.0,2905.3828
3818,15.4629,14.9817,1.8721,15.0768,390.0,24020.0,2905.3828
3819,15.0498,13.7097,1.7952,15.0192,390.0,24618.0,2905.3828
3820,15.0521,13.4589,1.8059,14.6417,390.0,21104.0,2905.3828
3821,14.6066,14.5876,1.8415,14.1831,391.0,26923.0,2905.3828
3822,14.233,14.1428,1.5707,14.5429,394.0,22483.0,2905.3828
3823,14.5088,14.4749,1.8785,14.6708,391.0,23898.0,2905.3828
3824,14.6583,14.1335,1.9927,14.5465,393.0,26936.0,2905.3828
3825,14.5442,13.9552,2.3053,14.9764,396.0,26177.0,2905.3828
3826,15.0123,14.1214,1.7328,14.5879,398.0,23597.0,2905.3828
3827,14.5998,14.2457,1.8277,15.0232,392.0,25544.0,2905.3828
3828,15.0293,12.7828,1.8415,13.5294,395.0,22837.0,2905.3828
3829,13.6035,13.8766,1.9649,14.5416,393.0,24168.0,2905.3828
3830,14.4653,14.3264,1.8181,14.2895,390.0,22710.0,2905.3828
3831,14.3649,14.3338,2.0455,14.3664,389.0,23501.0,2905.3828
3832,14.3521,13.8305,1.9249,14.6519,395.0,24237.0,2905.3828
3833,14.6396,14.1045,2.0168,14.4743,390.0,23081.0,2905.3828
3834,14.3797,14.027,1.6368,14.4572,390.0,22628.0,2905.3828
3835,14.4888,12.7046,1.7776,14.5531,389.0,21872.0,2905.3828
3836,14.5989,13.8958,1.5177,14.1372,389.0,23262.0,2905.3828
3837,14.0806,13.9996,1.8343,13.9743,390.0,22036.0,2905.3828
3838,13.9897,14.4097,1.844,14.4726,390.0,24468.0,2905.3828
3839,14.4659,14.1446,1.8475,14.8872,388.0,20870.0,2905.3828
3840,15.0006,14.0599,1.9677,14.3733,393.0,22186.0,2905.3828
3841,14.2801,13.8331,1.6646,14.4046,394.0,24712.0,2905.3828
3842,14.3841,13.7364,1.7771,14.3945,394.0,21730.0,2905.3828
3843,14.4285,13.1105,1.7929,13.9621,394.0,20886.0,2905.3828
3844,13.9514,13.9673,1.9581,14.6343,394.0,27720.0,2905.3828
3845,14.7253,13.9338,1.939,14.0205,395.0,20588.0,2905.3828
3846,13.9714,14.1644,1.9514,14.3898,390.0,22592.0,2905.3828
3847,14.325,14.1411,1.8897,14.7805,390.0,23664.0,2905.3828
3848,14.8337,14.0113,1.9799,14.5134,391.0,22080.0,2905.3828
3849,14.4833,13.7647,1.834,14.6058,392.0,28684.0,2905.3828
3850,14.5714,13.1473,1.6931,13.5603,392.0,24982.0,2905.3828
3851,13.5743,14.317,1.7468,14.6027,393.0,29720.0,2905.3828
3852,14.6088,14.002,1.9723,14.9329,395.0,37880.0,2905.3828
3853,14.945,14.2016,1.9054,13.9106,393.0,26708.0,2905.3828
3854,13.9222,14.2415,1.8966,15.0701,398.0,37454.0,2905.3828
3855,15.0612,13.91,1.9252,14.4572,394.0,20956.0,2905.3828
3856,14.4908,14.0539,1.684,15.0436,396.0,41304.0,2905.3828
3857,15.0043,12.9762,1.7673,14.0737,397.0,35698.0,2905.3828
3858,14.0436,13.2819,1.5579,14.3076,397.0,25094.0,2905.3828
3859,14.37,14.0025,1.9255,14.51,391.0,33224.0,2905.3828
3860,14.4901,14.2778,2.0722,14.3321,391.0,31088.0,2905.3828
3861,14.3501,13.9289,1.9497,14.0202,390.0,26728.0,2905.3828
3862,14.005,14.1344,1.8339,14.7109,389.0,30042.0,2905.3828
3863,14.7518,13.5415,1.8842,14.8656,391.0,37978.0,2905.3828
3864,14.8934,13.3527,1.8543,14.5354,395.0,45070.0,2905.3828
3865,14.4847,13.0947,2.0666,13.6099,391.0,24880.0,2905.3828
3866,13.601,14.0017,1.9638,13.8986,387.0,32054.0,2905.3828
3867,13.9198,13.8936,1.9506,14.5012,392.0,27280.0,2905.3828
3868,14.5484,13.867,1.8816,14.1645,390.0,22720.0,2905.3828
3869,14.083,13.869,1.8303,14.4275,393.0,27312.0,2905.3828
3870,14.5125,13.8228,2.0025,14.2408,392.0,21552.0,2905.3828
3871,14.1126,13.4483,1.61,14.6858,391.0,27538.0,2905.3828
3872,14.7408,13.0529,1.6547,13.6001,393.0,20596.0,2905.3828
3873,13.6958,13.7508,1.9526,14.2462,398.0,24223.0,2905.3828
3874,14.1903,14.0268,2.0445,13.9394,398.0,27899.0,2905.3828
3875,13.9331,13.4592,1.8429,14.6791,397.0,28358.0,2905.3828
3876,14.587,14.1402,1.5836,14.3303,395.0,24375.0,2905.3828
3877,14.3945,13.7434,1.7732,14.5998,400.0,25159.0,2905.3828
3878,14.5978,13.3334,1.7144,14.6342,390.0,23695.0,2905.3828
3879,14.6412,13.1877,1.9178,13.6995,390.0,22584.0,2905.3828
3880,13.6487,14.1131,1.6858,14.4679,391.0,22904.0,2905.3828
3881,14.5297,14.1237,1.9328,15.0907,397.0,23657.0,2905.3828
3882,15.0981,14.5402,1.9122,14.2501,391.0,26183.0,2905.3828
3883,14.2942,14.1924,1.9695,14.9545,392.0,22717.0,2905.3828
3884,14.886,13.9454,1.8535,14.3853,393.0,22154.0,2905.3828
3885,14.4322,14.0664,1.791,14.4285,392.0,23636.0,2905.3828
3886,14.4137,13.0482,1.9035,14.7253,395.0,27721.0,2905.3828
3887,14.7117,13.9278,1.8665,14.2335,389.0,21962.0,2905.3828
3888,14.2508,13.8688,1.7308,13.8655,395.0,24917.0,2905.3828
3889,13.8692,14.21,1.899,14.3901,396.0,21952.0,2905.3828
3890,14.4045,14.1606,2.0849,14.5169,397.0,24124.0,2905.3828
3891,14.4503,14.1254,1.9131,14.6748,393.0,26873.0,2905.3828
3892,14.7498,13.7253,1.8529,14.7617,398.0,25287.0,2905.3828
3893,14.6997,13.72,1.7827,14.646,391.0,23204.0,2905.3828
3894,14.7093,13.1524,1.7791,13.6269,391.0,22450.0,2905.3828
3895,13.682,13.9992,1.9459,14.3542,391.0,22944.0,2905.3828
3896,14.2816,14.3399,1.9657,14.7427,390.0,22442.0,2905.3828
3897,14.7865,14.1153,1.978,14.3111,392.0,20822.0,2905.3828
3898,14.231,13.9197,2.0718,14.5422,394.0,24446.0,2905.3828
3899,14.5614,14.3271,1.8931,15.219,389.0,22236.0,2905.3828
3900,15.2253,13.7246,1.9002,14.3165,373.0,20046.0,2905.3828
3901,14.321,13.5395,2.0968,14.5104,391.0,24782.0,2905.3828
3902,14.473,13.8372,1.8503,13.8786,392.0,25556.0,2905.3828
3903,13.9525,14.075,1.9263,14.7284,390.0,21892.0,2905.3828
3904,14.6687,13.9043,2.0049,14.3492,395.0,24348.0,2905.3828
3905,14.3318,14.2362,1.9504,14.3005,394.0,24676.0,2905.3828
3906,14.3185,14.1761,1.8626,15.1314,394.0,23746.0,2905.3828
3907,15.1126,13.9247,1.7634,14.1598,396.0,23957.0,2905.3828
3908,14.2083,13.8071,1.8817,14.1302,393.0,22913.0,2905.3828
3909,14.1173,13.0693,1.9808,14.8554,393.0,23436.0,2905.3828
3910,14.8942,14.1933,1.8532,13.974,391.0,26956.0,2905.3828
3911,13.9401,13.7848,1.953,14.8463,393.0,26463.0,2905.3828
3912,14.8988,14.7581,1.8609,14.6056,391.0,27095.0,2905.3828
3913,14.5608,14.198,2.0675,14.533,389.0,22150.0,2905.3828
3914,14.4917,14.1126,1.8018,14.8152,388.0,23935.0,2905.3828
3915,14.8697,13.7484,1.9577,14.2268,391.0,22570.0,2905.3828
3916,14.2528,13.181,1.8725,15.2452,389.0,23066.0,2905.3828
3917,15.2037,13.1674,1.9611,13.4246,391.0,23157.0,2905.3828
3918,13.4672,14.0879,2.0661,14.1524,389.0,24629.0,2905.3828
3919,14.1543,14.332,2.0385,15.386,391.0,23093.0,2905.3828
3920,15.444,13.9648,1.8904,13.6193,393.0,22620.0,2905.3828
3921,13.4837,14.3161,1.767,14.9724,395.0,21804.0,2905.3828
3922,14.9895,14.3731,2.1059,15.4327,394.0,22910.0,2905.3828
3923,15.463,13.76,1.87,13.8551,393.0,22514.0,2905.3828
3924,13.8365,13.3652,1.8573,14.593,392.0,24006.0,2905.3828
3925,14.6169,14.0456,2.01,14.7255,393.0,21744.0,2905.3828
3926,14.6823,14.1104,1.7719,13.8117,392.0,23438.0,2905.3828
3927,13.8792,14.2004,1.7858,14.449,392.0,23140.0,2905.3828
3928,14.4516,14.33,1.7863,15.4628,391.0,21394.0,2905.3828
3929,15.4207,14.0574,1.8023,14.2012,391.0,23866.0,2905.3828
3930,14.1695,13.4322,1.7112,14.7004,390.0,24700.0,2905.3828
3931,14.7025,14.1184,1.7298,14.3308,394.0,21370.0,2905.3828
3932,14.3656,12.8057,1.9474,13.7465,391.0,22200.0,2905.3828
3933,13.731,13.5248,1.815,14.8834,389.0,23532.0,2905.3828
3934,14.9005,13.988,1.8101,14.8158,391.0,26578.0,2905.3828
3935,14.7944,13.9484,1.8826,13.5907,391.0,24236.0,2905.3828
3936,13.6354,13.6917,1.9575,14.3064,393.0,28408.0,2905.3828
3937,14.2423,13.9503,1.7828,14.5578,398.0,28698.0,2905.3828
3938,14.5361,13.7492,1.5153,14.3721,394.0,38310.0,2905.3828
3939,14.3726,13.0075,1.6503,13.7283,395.0,32362.0,2905.3828
3940,13.8182,13.7476,1.6692,14.3387,396.0,28372.0,2905.3828
3941,14.3326,13.8411,1.8284,13.7292,392.0,27016.0,2905.3828
3942,13.7435,13.9781,1.9347,14.3286,394.0,37182.0,2905.3828
3943,14.2661,13.7404,1.7081,14.3654,393.0,34270.0,2905.3828
3944,14.3793,13.9337,1.7885,14.4635,394.0,33498.0,2905.3828
3945,14.452,13.6785,1.848,14.2214,392.0,28442.0,2905.3828
3946,14.2649,13.2293,1.7889,14.3144,390.0,27762.0,2905.3828
3947,14.2759,14.1579,1.6908,14.6058,391.0,26838.0,2905.3828
3948,14.5584,14.3373,1.6054,14.5949,391.0,30610.0,2905.3828
3949,14.682,13.9128,1.883,14.5808,391.0,41586.0,2905.3828
3950,14.6383,14.1065,1.974,14.517,390.0,40250.0,2905.3828
3951,14.4511,14.1574,1.9888,14.9564,392.0,26680.0,2905.3828
3952,14.9465,13.4724,1.9075,13.7598,396.0,29790.0,2905.3828
3953,13.7924,13.2567,1.9052,15.0952,395.0,28338.0,2905.3828
3954,15.2162,13.9857,1.919,13.5255,399.0,25452.0,2905.3828
3955,13.3897,14.1188,1.7952,14.517,391.0,23756.0,2905.3828
3956,14.4805,13.9587,1.7305,14.1274,394.0,21864.0,2905.3828
3957,14.1993,14.2586,2.1134,14.671,398.0,27704.0,2905.3828
3958,14.6931,14.0847,1.9267,14.8969,392.0,23383.0,2905.3828
3959,14.8384,14.1248,1.5387,14.8309,390.0,24622.0,2905.3828
3960,14.7517,13.6943,1.661,14.7442,394.0,29041.0,2905.3828
3961,14.8037,13.0929,1.5157,13.5731,387.0,24230.0,2905.3828
3962,13.4859,13.6138,1.5421,14.7669,393.0,25548.0,2905.3828
3963,14.7605,13.9121,1.4335,13.936,399.0,23818.0,2905.3828
3964,14.0729,14.1258,1.8996,14.633,392.0,24199.0,2905.3828
3965,14.6234,14.1531,1.9872,16.2161,389.0,22108.0,2905.3828
3966,16.2007,13.1878,2.0575,12.8786,392.0,23748.0,2905.3828
3967,12.8794,13.4181,2.2675,13.7773,395.0,26022.0,2905.3828
3968,13.7854,13.5577,1.8906,15.3275,394.0,22490.0,2905.3828
3969,15.3202,14.088,1.9836,15.2991,397.0,22733.0,2905.3828
3970,15.482,14.2601,2.1182,14.3769,393.0,22574.0,2905.3828
3971,14.2121,14.3005,2.0227,13.9448,391.0,26993.0,2905.3828
3972,13.9833,14.125,1.959,14.7304,393.0,23820.0,2905.3828
3973,14.678,14.0777,1.9253,14.9545,392.0,25831.0,2905.3828
3974,14.9896,14.1181,1.9328,14.4992,392.0,21998.0,2905.3828
3975,14.4842,13.8777,1.7315,14.6193,393.0,22576.0,2905.3828
3976,14.5973,12.778,1.8081,13.2353,393.0,26997.0,2905.3828
3977,13.2153,14.1765,1.7973,14.524,389.0,22426.0,2905.3828
3978,14.5442,14.1986,2.0353,14.9591,389.0,25767.0,2905.3828
3979,14.9686,14.0024,1.9236,13.6957,393.0,22684.0,2905.3828
3980,13.6694,14.1232,2.0005,14.6636,394.0,23958.0,2905.3828
3981,14.6707,14.1852,2.0838,15.2305,390.0,21914.0,2905.3828
3982,15.2552,13.8782,1.7814,14.3072,388.0,21964.0,2905.3828
3983,14.3257,13.0719,1.8657,14.8074,395.0,22308.0,2905.3828
3984,14.8013,13.9341,1.9354,13.9287,397.0,24070.0,2905.3828
3985,13.9287,13.9478,1.9716,14.1758,397.0,21330.0,2905.3828
3986,14.127,13.9906,1.8298,13.6654,396.0,23668.0,2905.3828
3987,13.6958,13.9429,2.3,14.5086,392.0,25980.0,2905.3828
3988,14.4885,14.116,1.9068,14.6992,395.0,22518.0,2905.3828
3989,14.7915,14.3059,1.8572,14.6269,394.0,24272.0,2905.3828
3990,14.5284,13.7457,1.775,14.4122,390.0,24854.0,2905.3828
3991,14.4292,13.1747,1.5995,13.6019,394.0,21154.0,2905.3828
3992,13.6261,14.2344,1.6141,14.7728,392.0,26935.0,2905.3828
3993,14.7969,13.9903,1.7063,14.5811,393.0,22471.0,2905.3828
3994,14.5858,14.2308,1.9363,14.1827,390.0,23678.0,2905.3828
3995,14.1011,13.9411,1.7861,14.5028,391.0,26492.0,2905.3828
3996,14.5504,13.8436,1.8964,14.9053,393.0,23631.0,2905.3828
3997,14.8912,14.1692,1.709,14.6366,392.0,28142.0,2905.3828
3998,14.6505,12.7906,1.7462,14.5374,391.0,24643.0,2905.3828
3999,14.5926,13.917,2.3924,13.8555,388.0,22707.0,2905.3828
4000,13.8228,14.3013,1.8507,14.6485,393.0,22850.0,2905.3828
4001,14.6161,14.2568,1.9629,14.012,397.0,23554.0,2905.3828
4002,14.0731,14.1348,1.7194,14.9478,394.0,23359.0,2905.3828
4003,14.8968,13.8867,1.9258,14.8308,392.0,23611.0,2905.3828
4004,14.8403,13.9026,1.7651,14.4215,393.0,22844.0,2905.3828
4005,14.453,13.5482,1.8657,14.0974,391.0,23447.0,2905.3828
4006,14.0909,13.1615,1.8431,13.5849,392.0,22390.0,2905.3828
4007,13.561,13.8677,1.7234,14.1923,390.0,22600.0,2905.3828
4008,14.1861,14.016,1.8553,14.7607,390.0,22964.0,2905.3828
4009,14.8439,13.9979,2.1419,14.0708,391.0,24016.0,2905.3828
4010,14.0308,13.6948,1.8253,14.4891,392.0,21754.0,2905.3828
4011,14.4449,13.8697,1.7613,13.9965,388.0,23390.0,2905.3828
4012,14.037,13.0414,1.747,14.78,390.0,22582.0,2905.3828
4013,14.7732,13.7974,1.7703,14.4055,388.0,21060.0,2905.3828
4014,14.4195,13.759,1.9308,13.332,390.0,24376.0,2905.3828
4015,13.3106,14.0238,1.9801,13.8204,391.0,25022.0,2905.3828
4016,13.7791,14.0842,1.8551,14.9737,393.0,21314.0,2905.3828
4017,14.9983,13.9602,1.8967,14.7569,395.0,21836.0,2905.3828
4018,14.8071,14.1219,1.8695,14.4333,394.0,21860.0,2905.3828
4019,14.3489,13.7903,1.6361,14.7554,394.0,28280.0,2905.3828
4020,14.7799,13.431,1.7963,14.4187,392.0,22342.0,2905.3828
4021,14.4142,14.1264,1.6932,13.8043,394.0,29226.0,2905.3828
4022,13.8771,14.1094,1.988,14.7956,394.0,29278.0,2905.3828
4023,14.7634,14.1444,2.1134,14.3504,391.0,33230.0,2905.3828
4024,14.3271,13.8882,1.8424,14.468,398.0,36476.0,2905.3828
4025,14.4682,14.1338,1.9209,14.4512,393.0,26176.0,2905.3828
4026,14.5389,13.6926,1.7734,14.7009,392.0,30672.0,2905.3828
4027,14.6023,12.8835,1.9651,16.9027,395.0,33858.0,2905.3828
4028,17.0177,14.2074,1.9781,11.7921,390.0,31346.0,2905.3828
4029,11.704,14.2807,1.8969,15.6107,392.0,37306.0,2905.3828
4030,15.6001,14.0643,1.8108,12.9508,396.0,29750.0,2905.3828
4031,12.9198,14.2027,2.1798,15.0949,390.0,23806.0,2905.3828
4032,15.12,14.1887,1.9252,15.1169,393.0,28778.0,2905.3828
4033,15.1383,13.8563,1.8393,14.1064,394.0,29262.0,2905.3828
4034,14.1269,13.9607,2.2576,14.6292,395.0,39326.0,2905.3828
4035,14.7004,13.1486,1.9497,13.7434,391.0,37600.0,2905.3828
4036,13.6804,14.1221,1.947,14.5191,392.0,36024.0,2905.3828
4037,14.5325,13.8881,1.9047,14.5849,391.0,28722.0,2905.3828
4038,14.6582,14.2083,2.1315,14.2819,387.0,27966.0,2905.3828
4039,14.1662,14.1061,2.1231,14.1427,392.0,25896.0,2905.3828
4040,14.1514,13.9692,1.8502,15.1782,391.0,24010.0,2905.3828
4041,15.1883,14.0311,1.8383,14.6968,391.0,21264.0,2905.3828
4042,14.7248,12.8432,1.8702,13.456,394.0,25544.0,2905.3828
4043,13.4073,14.2997,1.838,14.5747,397.0,27699.0,2905.3828
4044,14.6215,14.0882,1.8783,14.7815,393.0,24658.0,2905.3828
4045,14.7082,14.1739,2.0127,13.5882,394.0,26748.0,2905.3828
4046,13.6633,14.1447,2.1452,15.0337,392.0,25727.0,2905.3828
4047,14.995,13.9608,2.0403,14.6027,393.0,25844.0,2905.3828
4048,14.584,14.1338,1.9544,14.626,399.0,23582.0,2905.3828
4049,14.653,12.8963,1.8053,14.3768,392.0,21808.0,2905.3828
4050,14.3943,13.501,1.9011,14.1562,397.0,24399.0,2905.3828
4051,14.142,14.2704,1.9107,15.1953,397.0,23636.0,2905.3828
4052,15.4698,14.1634,2.578,15.3066,395.0,24731.0,2905.3828
4053,15.1264,13.9671,2.1454,13.4618,397.0,24395.0,2905.3828
4054,13.404,14.1119,2.0912,14.6383,391.0,22753.0,2905.3828
4055,14.5963,14.112,2.298,15.1204,393.0,22570.0,2905.3828
4056,15.1299,13.9631,2.0251,14.911,391.0,27015.0,2905.3828
4057,14.9312,12.8695,2.2273,14.3809,390.0,23806.0,2905.3828
4058,14.447,14.3562,2.4876,13.9837,390.0,25829.0,2905.3828
4059,14.0118,14.0195,2.3062,14.0757,389.0,21594.0,2905.3828
4060,14.0154,14.039,2.1464,16.2031,387.0,21328.0,2905.3828
4061,16.2645,14.3585,2.5307,13.7622,390.0,28505.0,2905.3828
4062,13.7527,14.3156,3.0995,15.212,395.0,20490.0,2905.3828
4063,15.1104,14.3739,2.6959,14.3131,392.0,26781.0,2905.3828
4064,14.432,14.3698,2.7922,15.8569,394.0,23472.0,2905.3828
4065,15.7634,12.9317,2.6641,13.445,395.0,22592.0,2905.3828
4066,13.5337,14.3025,2.5711,15.142,393.0,22884.0,2905.3828
4067,15.0755,14.1078,2.2864,13.8426,392.0,21820.0,2905.3828
4068,13.8432,14.241,2.267,16.4754,394.0,23010.0,2905.3828
4069,16.5511,14.0686,2.5062,16.6638,394.0,22974.0,2905.3828
4070,16.6386,14.4155,2.5972,13.6157,388.0,21856.0,2905.3828
4071,13.6286,14.479,2.8397,13.7794,392.0,23692.0,2905.3828
4072,13.7725,13.967,2.9755,14.8764,389.0,26306.0,2905.3828
4073,14.9933,13.151,2.9619,15.2342,392.0,22164.0,2905.3828
4074,15.0999,13.747,2.656,13.9143,393.0,24282.0,2905.3828
4075,13.98,14.0267,2.7231,14.2844,390.0,25024.0,2905.3828
4076,14.2025,13.8297,3.0254,14.7,392.0,20906.0,2905.3828
4077,14.722,14.1258,2.8589,14.4666,388.0,24708.0,2905.3828
4078,14.4488,14.1698,2.6377,12.3651,395.0,23345.0,2905.3828
4079,12.4207,13.7526,2.5911,15.7745,395.0,23009.0,2905.3828
4080,15.6739,13.3821,2.5502,15.2779,394.0,26328.0,2905.3828
4081,15.2751,13.2397,2.5049,16.2281,393.0,24008.0,2905.3828
4082,16.3522,13.9423,2.9385,15.5765,399.0,27453.0,2905.3828
4083,15.5269,14.0547,3.4224,12.3981,395.0,26623.0,2905.3828
4084,12.4241,14.1558,3.1873,14.8252,395.0,23487.0,2905.3828
4085,14.8209,14.5979,2.8275,12.6333,394.0,22516.0,2905.3828
4086,12.5663,14.1548,2.5941,14.9853,389.0,23282.0,2905.3828
4087,14.975,13.5235,2.2306,14.5143,392.0,22270.0,2905.3828
4088,14.4947,13.8443,2.4538,14.1545,393.0,24842.0,2905.3828
