capture_frame,FrameTime,GPUTime,GameThreadTime,RenderThreadTime,RHI/DrawCalls,RHI/PrimitivesDrawn,GPUMem/LocalUsedMB
120,16.7426,15.9151,1.597,16.064,452.0,21162.0,2893.2578
121,15.9327,15.8987,1.6822,16.6431,452.0,21530.0,2893.2578
122,16.7023,15.9546,1.6201,16.5491,452.0,30022.0,2893.2578
123,16.5143,16.2412,1.5,16.6896,454.0,45054.0,2893.2578
124,16.6452,15.9881,1.5222,16.4124,456.0,36845.0,2893.2578
125,16.3763,15.6681,1.4758,15.7629,450.0,29600.0,2893.2578
126,15.8025,15.6889,1.5891,16.8292,450.0,23560.0,2893.2578
127,16.8418,16.1587,1.8507,17.1671,450.0,28712.0,2893.2578
128,17.2466,16.385,2.067,16.1276,450.0,27416.0,2893.2578
129,16.0977,15.6638,1.8712,16.4807,450.0,36124.0,2893.2578
130,16.4453,16.109,1.9503,16.4006,454.0,30253.0,2893.2578
131,16.3781,15.9277,1.705,15.8962,451.0,23280.0,2893.2578
132,15.8999,15.5972,1.6726,16.6327,457.0,29372.0,2893.2578
133,16.6721,15.867,1.7013,16.6198,454.0,28484.0,2893.2578
134,16.6038,15.7288,1.5865,15.716,455.0,34859.0,2893.2578
135,15.7121,16.0117,1.7935,16.348,455.0,26621.0,2893.2578
136,16.4281,15.7165,1.5411,16.2305,452.0,21320.0,2893.2578
137,16.1619,15.6617,1.6072,16.1691,452.0,24479.0,2893.2578
138,16.2125,15.7469,1.5752,19.2574,452.0,24615.0,2893.2578
139,19.3662,15.908,2.6253,14.4669,450.0,23246.0,2893.2578
140,14.3905,15.7226,2.2864,16.3148,451.0,22324.0,2893.2578
141,16.3054,15.8187,2.3271,16.646,450.0,25952.0,2893.2578
142,16.7246,15.9155,2.417,19.1894,450.0,30216.0,2893.2578
143,19.3866,15.9733,3.54,15.9528,451.0,32374.0,2893.2578
144,15.7062,16.0291,2.6297,15.3144,450.0,29448.0,2893.2578
145,15.315,16.1085,2.1599,16.9282,450.0,29062.0,2893.2578
146,16.9737,16.1236,2.4327,15.7792,450.0,24646.0,2893.2578
147,15.7729,16.0671,2.0735,16.1876,450.0,22088.0,2893.2578
148,16.0639,16.2768,2.0411,16.4019,450.0,37444.0,2893.2578
149,16.4549,15.9055,2.0235,16.4688,454.0,64428.0,2893.2578
150,16.4415,16.2925,1.868,16.434,459.0,50452.0,2893.2578
151,16.4164,15.9866,1.828,15.9768,455.0,23114.0,2893.2578
152,15.9333,15.7123,1.6694,17.1082,452.0,21162.0,2893.2578
153,17.1952,15.917,1.7931,15.2052,452.0,21162.0,2893.2578
154,15.1989,15.8393,1.6241,17.0018,452.0,21530.0,2893.2578
155,16.9917,16.3146,1.9211,16.6145,450.0,23912.0,2893.2578
156,16.6208,16.0279,1.7942,16.1552,450.0,21160.0,2893.2578
157,16.1149,16.0229,1.7282,16.67,423.0,19540.0,2893.2578
158,16.7063,16.0888,1.803,16.6684,415.0,19060.0,2893.2578
159,16.7709,16.099,2.0702,16.7051,450.0,21896.0,2893.2578
160,16.6694,15.9731,2.018,16.7036,442.0,26888.0,2893.2578
161,16.6171,16.2151,2.35,17.4212,450.0,21160.0,2893.2578
162,17.439,16.2558,2.1,16.3368,451.0,24763.0,2893.2578
163,16.3354,15.9409,1.9669,16.4788,449.0,22040.0,2893.2578
164,16.4802,15.9362,1.9026,15.676,450.0,22088.0,2893.2578
165,15.7123,15.9855,1.8297,16.9284,454.0,21628.0,2893.2578
166,16.9301,16.1345,1.8489,16.1607,454.0,24876.0,2893.2578
167,16.179,15.8938,1.9783,16.0538,454.0,24993.0,2893.2578
168,16.0779,16.1869,1.976,16.9478,451.0,21114.0,2893.2578
169,16.9183,15.8554,2.0223,16.6036,452.0,21162.0,2893.2578
170,16.5297,15.6482,2.0798,15.4943,452.0,21162.0,2893.2578
171,15.5474,16.0552,2.1064,16.9249,450.0,21624.0,2893.2578
172,17.0194,15.9359,1.9978,16.3115,450.0,22552.0,2893.2578
173,16.2373,15.9667,2.2997,16.6116,450.0,22088.0,2893.2578
174,16.6173,15.6901,2.1344,16.1902,450.0,23944.0,2893.2578
175,16.1466,15.9052,2.0803,16.5228,450.0,21160.0,2893.2578
176,16.5714,15.8349,2.0925,16.284,449.0,22708.0,2893.2578
177,16.2278,15.7218,1.7818,16.1131,449.0,21112.0,2893.2578
178,16.165,15.7564,1.6918,15.9414,453.0,33018.0,2893.2578
179,15.8282,15.8791,1.5691,16.4389,455.0,41457.0,2893.2578
180,16.5147,15.7319,1.6957,16.8526,448.0,21432.0,2893.2578
181,16.8823,15.9024,1.8512,16.2915,454.0,24108.0,2893.2578
182,16.2825,15.9207,1.8841,16.7334,455.0,69308.0,2893.2578
183,16.691,15.7574,1.899,15.5975,457.0,34135.0,2893.2578
184,15.6893,15.9247,1.6917,16.312,459.0,39844.0,2893.2578
185,16.2327,15.8624,1.868,16.3846,454.0,37721.0,2893.2578
186,16.4527,15.6073,1.6029,16.0053,455.0,50930.0,2893.2578
187,15.9747,15.8871,1.5579,16.2037,449.0,22968.0,2893.2578
188,16.1498,15.6906,1.6117,17.1148,450.0,24408.0,2893.2578
189,17.1684,16.2512,1.5796,16.0154,451.0,21172.0,2893.2578
190,15.9959,15.8355,1.6282,15.9819,450.0,23480.0,2893.2578
191,16.0242,15.6227,1.522,16.5775,450.0,23016.0,2893.2578
192,16.5145,15.8458,1.6887,16.1728,450.0,23480.0,2893.2578
193,16.1514,15.6364,1.4129,15.6175,448.0,21992.0,2893.2578
194,15.657,15.8782,1.686,16.7739,448.0,21040.0,2893.2578
195,16.7604,15.9108,1.4928,16.0344,446.0,20920.0,2893.2578
196,16.0979,15.697,1.7073,16.5205,450.0,21528.0,2893.2578
197,16.3803,15.8488,1.441,16.3846,454.0,22268.0,2893.2578
198,16.4227,15.8863,1.6515,16.198,454.0,21900.0,2893.2578
199,16.3227,15.684,1.8079,16.4073,454.0,21164.0,2893.2578
200,16.2795,15.6695,1.5914,16.4162,453.0,21174.0,2893.2578
201,16.5181,15.8091,1.7642,17.1364,452.0,21530.0,2893.2578
202,17.0809,16.2631,1.9518,15.8965,452.0,22266.0,2893.2578
203,15.859,15.9358,1.822,17.2002,454.0,41206.0,2893.2578
204,17.2686,16.212,1.8716,17.4512,454.0,40218.0,2893.2578
205,17.4189,16.2712,1.9093,15.9697,452.0,29391.0,2893.2578
206,16.0243,16.264,1.9598,17.0296,450.0,30432.0,2893.2578
207,17.0213,16.1699,1.9477,15.7972,450.0,26040.0,2893.2578
208,15.8169,16.0737,2.0287,17.3153,435.0,25236.0,2893.2578
209,17.2899,16.2634,1.8888,16.8264,450.0,26680.0,2893.2578
210,16.8268,16.4796,1.9178,16.7953,451.0,37140.0,2893.2578
211,16.7638,16.1661,1.7524,17.0578,453.0,29237.0,2893.2578
212,17.2423,15.9288,1.8006,16.2795,452.0,24862.0,2893.2578
213,16.1232,15.8858,1.7328,16.464,460.0,28108.0,2893.2578
214,16.5218,16.3995,2.0163,17.8836,454.0,30325.0,2893.2578
215,17.8518,16.0933,2.0341,15.7954,454.0,33722.0,2893.2578
216,15.7275,16.0169,1.9054,16.5536,452.0,25577.0,2893.2578
217,16.5943,15.7145,1.6534,15.9575,452.0,24141.0,2893.2578
218,15.917,15.705,1.6049,16.1864,453.0,21670.0,2893.2578
219,16.1893,15.9466,1.596,16.5037,450.0,25301.0,2893.2578
220,16.5191,15.7817,1.4516,15.6728,450.0,22558.0,2893.2578
221,15.6791,15.7277,1.5279,17.3446,451.0,22788.0,2893.2578
222,17.3459,15.8893,1.6839,15.3283,450.0,27216.0,2893.2578
223,15.3184,15.6733,1.7144,17.1049,450.0,28800.0,2893.2578
224,17.1167,15.9546,1.8383,16.5231,450.0,32482.0,2893.2578
225,16.6155,15.739,1.7099,15.304,450.0,31224.0,2893.2578
226,15.2426,15.7042,1.649,16.5196,451.0,27400.0,2893.2578
227,16.5007,15.8943,1.7565,16.5518,450.0,24112.0,2893.2578
228,16.5738,15.7356,1.8305,15.9858,450.0,22088.0,2893.2578
229,15.9796,15.6359,1.6429,15.9661,454.0,37912.0,2893.2578
230,15.952,15.7603,1.6362,17.0214,454.0,65926.0,2893.2578
231,17.0599,15.9365,1.5473,16.3466,460.0,49440.0,2893.2578
232,16.3042,15.6864,1.5704,15.9191,452.0,22162.0,2893.2578
233,15.8495,15.9138,1.6234,16.1431,452.0,21162.0,2893.2578
234,16.1881,15.6414,1.5427,15.9537,452.0,21162.0,2893.2578
235,15.9376,15.6641,1.468,16.4318,450.0,21528.0,2893.2578
236,16.5501,15.9465,1.6814,16.7474,450.0,23912.0,2893.2578
237,16.6985,15.6083,1.6616,15.7625,450.0,21160.0,2893.2578
238,15.7353,15.6955,1.7229,16.4039,420.0,19360.0,2893.2578
239,16.3807,15.8498,1.5496,16.3587,416.0,19120.0,2893.2578
240,16.4071,15.6812,1.7072,15.5147,450.0,21896.0,2893.2578
241,15.4404,15.7626,1.2589,16.9526,450.0,27416.0,2893.2578
242,16.9672,15.9861,1.6015,15.5684,450.0,23554.0,2893.2578
243,15.5522,15.6266,1.5999,16.6011,450.0,22821.0,2893.2578
244,16.6464,15.7408,1.6929,16.1818,449.0,21576.0,2893.2578
245,16.179,15.879,1.6284,16.5304,454.0,22092.0,2893.2578
246,16.5841,15.7403,1.6362,15.8879,455.0,23496.0,2893.2578
247,15.8006,15.7212,1.3837,16.5242,454.0,24722.0,2893.2578
248,16.5149,15.9404,1.3938,16.4219,451.0,23241.0,2893.2578
249,16.4785,15.6734,1.6731,16.4483,452.0,21162.0,2893.2578
250,16.5512,15.8438,1.559,16.1228,452.0,21162.0,2893.2578
251,15.9933,15.7038,1.6186,15.6141,450.0,21160.0,2893.2578
252,15.6639,15.7101,1.3557,17.1451,450.0,23016.0,2893.2578
253,17.1955,16.7179,1.7995,17.0971,450.0,21160.0,2893.2578
254,17.0373,15.6891,1.8445,16.1942,450.0,22552.0,2893.2578
255,16.2662,15.9376,1.9331,16.4345,450.0,23480.0,2893.5078
256,16.377,16.236,1.701,17.2373,449.0,22708.0,2893.5078
257,17.2044,16.9662,1.6941,17.2054,449.0,21112.0,2893.5078
258,17.2697,15.8714,2.0674,16.4473,453.0,24731.0,2893.5078
259,16.4802,15.9205,1.9535,17.311,452.0,32755.0,2893.5078
260,17.3702,16.4209,1.9411,15.9945,455.0,38173.0,2893.5078
261,15.8503,15.926,1.7712,16.6893,452.0,21804.0,2893.5078
262,16.6601,15.9788,1.5829,16.5587,455.0,39816.0,2893.5078
263,16.6569,16.2145,1.7737,15.8163,455.0,62428.0,2893.5078
264,15.7353,15.9439,1.6693,16.9701,454.0,24937.0,2893.5078
265,17.004,15.91,1.8416,17.2218,458.0,39796.0,2893.5078
266,17.231,15.9401,1.7886,15.8379,455.0,39829.0,2893.5078
267,15.8009,15.6838,1.6221,15.8312,453.0,49796.0,2893.5078
268,15.8618,15.7054,1.7209,17.3147,450.0,23444.0,2893.5078
269,17.3926,15.6849,1.9672,16.0696,450.0,23016.0,2893.5078
270,16.0111,15.7665,1.9584,15.9972,450.0,21160.0,2893.5078
271,16.1012,15.7645,2.0019,16.8939,450.0,23944.0,2893.5078
272,16.8903,15.9595,2.0721,16.0654,450.0,23016.0,2893.5078
273,15.9511,15.7042,1.9885,16.1579,449.0,22968.0,2893.5078
274,16.1386,15.6834,1.8051,15.7533,449.0,22040.0,2893.5078
275,15.8274,15.882,1.7209,16.1145,440.0,20560.0,2893.5078
276,16.0634,15.6314,1.4963,16.81,450.0,21160.0,2893.5078
277,16.8317,15.6748,1.7973,16.3786,454.0,21900.0,2893.5078
278,16.4052,15.876,2.0252,16.0086,454.0,21900.0,2893.5078
279,16.0433,15.7103,1.915,16.0159,454.0,21900.0,2893.5078
280,15.9027,15.9823,1.8398,16.7757,452.0,21162.0,2893.5078
281,16.7758,15.8921,1.9337,16.2955,452.0,21530.0,2893.5078
282,16.3494,15.7,1.6736,15.8169,452.0,21162.0,2893.5078
283,15.8233,15.6959,1.6635,16.5136,450.0,23792.0,2893.5078
284,16.5496,15.9755,1.9331,16.9803,456.0,43361.0,2893.5078
285,16.9983,15.9614,1.8604,16.1587,452.0,37939.0,2893.5078
286,16.1593,15.771,1.9914,15.8593,452.0,27987.0,2893.5078
287,15.826,15.895,1.9279,16.4553,450.0,31632.0,2893.5078
288,16.4185,15.6972,1.7917,16.1234,450.0,26504.0,2893.5078
289,16.0664,15.729,1.7347,15.5151,434.0,24984.0,2893.5078
290,15.571,15.9136,1.662,17.2535,450.0,26312.0,2893.5078
291,17.203,15.6585,1.6266,16.1127,453.0,38068.0,2893.5078
292,16.2162,15.9268,1.6708,17.1453,452.0,28221.0,2893.5078
293,17.1549,15.6605,1.9195,15.4908,456.0,24866.0,2893.5078
294,15.3827,15.7459,1.7559,16.1304,459.0,27242.0,2893.5078
295,16.2217,15.9464,1.834,16.0439,454.0,32295.0,2893.5078
296,16.0024,15.7285,1.568,15.8468,452.0,31600.0,2893.5078
297,15.8939,15.8643,1.7078,16.6264,452.0,28398.0,2893.5078
298,16.576,15.6403,1.9655,17.2375,452.0,21320.0,2893.5078
299,17.2859,15.6649,1.814,15.6338,450.0,22344.0,2893.5078
300,15.6027,15.9429,1.9028,16.7931,450.0,24613.0,2893.5078
301,16.7467,15.7071,1.8336,15.7112,450.0,22558.0,2893.5078
302,15.8842,15.7325,1.962,16.0811,450.0,23240.0,2893.5078
303,16.0009,15.9915,1.9447,16.9102,450.0,26908.0,2893.5078
304,16.8782,16.0097,1.9529,16.3196,450.0,30430.0,2893.5078
305,16.3764,16.4445,1.9445,17.0408,450.0,32370.0,2893.5078
306,17.0076,15.8845,1.7369,15.3013,450.0,29550.0,2893.5078
307,15.3115,15.6749,1.7684,16.5149,450.0,27388.0,2893.5078
308,16.4275,15.6573,1.6474,16.1347,450.0,24112.0,2893.5078
309,16.1389,15.853,1.6849,16.4902,454.0,24230.0,2893.5078
310,16.5384,15.7578,1.8119,16.5323,454.0,45244.0,2893.5078
311,16.5389,15.8918,1.6681,16.4158,455.0,60168.0,2893.5078
312,16.4023,15.9077,1.7815,15.9004,457.0,45726.0,2893.5078
313,15.8754,15.6901,1.5392,16.9915,452.0,22162.0,2893.5078
314,17.0636,15.6733,1.7701,16.3764,452.0,21162.0,2893.5078
315,16.3065,15.8821,1.6548,15.3848,450.0,21160.0,2893.5078
316,15.4589,15.6741,1.7031,16.743,450.0,21652.0,2893.5078
317,16.674,15.7044,1.5912,15.8822,450.0,23788.0,2893.5078
318,15.8392,15.9162,1.7857,16.0575,450.0,21160.0,2893.5078
319,16.13,15.7141,1.7065,15.8377,416.0,19120.0,2893.5078
320,15.8033,15.6126,1.4859,17.0097,415.0,19060.0,2893.5078
321,17.014,15.8978,1.8356,16.1344,450.0,21896.0,2893.5078
322,16.1324,15.707,1.7392,16.5105,450.0,27416.0,2893.5078
323,16.5644,15.6556,1.6781,15.9176,450.0,24751.0,2893.5078
324,15.847,15.9497,1.8804,16.5769,450.0,21624.0,2893.5078
325,16.639,15.6926,1.8727,16.3211,453.0,21580.0,2893.5078
326,17.2754,15.7441,3.1188,16.3639,454.0,22092.0,2893.5078
327,15.4562,15.877,1.9951,17.1068,454.0,23484.0,2893.5078
328,17.1369,15.8154,2.515,15.6276,452.0,24684.0,2893.5078
329,15.5964,15.6937,1.8531,15.39,452.0,23289.0,2893.5078
330,15.3045,15.9313,1.687,16.6795,452.0,21162.0,2893.5078
331,16.8331,15.9253,1.816,17.1692,450.0,21160.0,2893.5078
332,17.1077,15.9507,1.9176,15.4042,450.0,21160.0,2893.5078
333,15.3942,15.6191,1.6619,16.9231,450.0,23016.0,2893.5078
334,16.8861,15.7363,1.7833,15.9654,450.0,21160.0,2893.5078
335,15.9938,15.7274,1.5932,15.4231,450.0,22552.0,2893.5078
336,15.4012,15.8979,1.6185,16.9244,450.0,23480.0,2893.5078
337,16.9757,16.0448,1.6894,16.056,449.0,22708.0,2893.5078
338,16.0329,15.8905,1.8615,16.9555,450.0,21124.0,2893.5078
339,17.0879,15.6755,1.7391,16.7908,452.0,24719.0,2893.5078
340,16.7724,16.0894,1.8604,15.8198,451.0,32743.0,2893.5078
341,15.7533,15.9095,2.0645,16.3322,459.0,38177.0,2893.5078
342,16.3639,15.6896,1.7043,16.2333,452.0,21804.0,2893.5078
343,16.1369,15.9223,1.6229,16.3647,454.0,39804.0,2893.5078
344,16.3968,15.7273,1.6637,16.049,453.0,62426.0,2893.5078
345,16.0793,15.705,1.6713,16.086,454.0,24937.0,2893.5078
346,16.0332,15.7058,1.5214,16.2228,458.0,39796.0,2893.5078
347,16.204,15.9633,1.483,16.242,453.0,39827.0,2893.5078
348,16.2424,15.6631,1.6189,16.2637,453.0,50260.0,2893.5078
349,16.3412,15.8812,1.4913,16.3418,449.0,22968.0,2893.5078
350,16.3412,15.6892,1.6177,16.3078,450.0,23016.0,2893.5078
351,16.2796,15.7021,1.766,16.8161,450.0,21160.0,2893.5078
352,16.8836,15.9664,1.748,16.1702,450.0,23944.0,2893.5078
353,16.1237,15.7465,1.7122,15.9269,450.0,23016.0,2893.5078
354,15.8992,15.6999,1.6696,16.8188,449.0,22968.0,2893.5078
355,16.8529,15.7315,1.8343,16.2664,449.0,22040.0,2893.5078
356,16.3116,15.6943,1.9286,16.1807,443.0,20740.0,2893.5078
357,16.0727,15.6601,1.7491,16.0807,454.0,21164.0,2893.5078
358,16.094,15.7053,1.6191,16.1817,455.0,22280.0,2893.5078
359,16.2104,15.8824,1.6109,16.875,454.0,22268.0,2893.5078
360,16.9229,15.7151,1.4604,15.7704,453.0,21174.0,2893.5078
361,15.7222,15.6904,1.7309,15.7744,452.0,21162.0,2893.5078
362,15.7777,15.8462,1.5811,16.2596,452.0,21530.0,2893.5078
363,16.2262,15.7142,1.4271,16.6237,450.0,22688.0,2893.5078
364,16.6516,15.7214,1.6066,16.544,450.0,25356.0,2893.5078
365,16.5924,15.93,1.8304,15.6343,456.0,40393.0,2893.5078
366,15.5917,15.7787,1.663,16.1497,452.0,37815.0,2893.5078
367,16.1185,15.9432,1.6216,16.7392,452.0,27987.0,2893.5078
368,16.7672,15.6723,1.4655,16.2403,450.0,32832.0,2893.5078
369,16.2684,15.6775,1.3792,15.9838,451.0,26420.0,2893.5078
370,16.0458,15.9105,1.8144,16.7952,433.0,24188.0,2893.5078
371,16.7147,15.7196,1.5592,16.2706,451.0,26324.0,2893.5078
372,16.3283,15.6906,1.6178,15.7428,453.0,37700.0,2893.5078
373,15.7418,16.0888,1.9035,16.9617,457.0,29241.0,2893.5078
374,16.9775,15.7209,1.8548,15.7544,455.0,24006.0,2893.5078
375,15.7521,15.7404,1.7354,15.9967,459.0,28368.0,2893.5078
376,15.903,15.9345,2.0094,17.0302,452.0,31577.0,2893.5078
377,17.0673,15.6612,1.3983,16.1731,452.0,33855.0,2893.5078
378,16.2121,15.6773,1.7535,16.1887,452.0,25577.0,2893.5078
379,16.1422,15.8221,1.7201,16.0518,450.0,22006.0,2893.5078
380,16.1655,15.6702,1.8773,16.2296,450.0,21656.0,2893.5078
381,16.1567,15.9559,1.7237,16.3632,450.0,24613.0,2893.5078
382,16.4238,15.665,2.0664,15.6315,450.0,23022.0,2893.5078
383,15.5186,15.693,1.969,16.6866,450.0,24076.0,2893.5078
384,16.7007,15.9248,1.5985,16.1728,450.0,25764.0,2893.5078
385,16.1855,15.6923,1.6619,16.0904,450.0,31948.0,2893.5078
386,16.0925,15.6501,1.6329,16.3692,450.0,30852.0,2893.5078
387,16.3337,15.8322,1.6186,16.9291,450.0,29928.0,2893.5078
388,17.0167,15.6022,1.7681,15.9574,450.0,26854.0,2893.5078
389,15.8726,15.6791,1.9013,16.3176,454.0,25790.0,2893.5078
390,16.3024,15.9051,1.6423,16.7088,454.0,22556.0,2893.5078
391,16.7632,15.6787,1.6223,15.5553,454.0,46356.0,2893.5078
392,15.4853,15.6678,1.497,15.9809,453.0,70258.0,2893.5078
393,16.0801,15.9,1.5751,16.8447,457.0,34522.0,2893.5078
394,16.828,15.7235,1.738,15.5997,452.0,22162.0,2893.5078
395,15.6817,15.8383,1.9819,16.5683,450.0,21160.0,2893.5078
396,16.4597,15.7225,1.7275,16.4752,450.0,21160.0,2893.5078
397,16.4984,15.687,1.4541,15.7704,450.0,21652.0,2893.5078
398,15.7437,15.7035,1.63,16.9313,450.0,23788.0,2893.5078
399,16.9873,15.9118,1.5635,15.0131,448.0,21040.0,2893.5078
400,14.9521,15.6977,1.5416,16.9349,416.0,19120.0,2893.5078
401,17.025,15.6038,1.6089,16.3315,419.0,19300.0,2893.5078
402,16.2962,15.9171,1.6263,15.4718,450.0,21896.0,2893.5078
403,15.4427,15.7085,1.5845,16.6331,450.0,28613.0,2893.5078
404,16.6593,16.0247,2.1167,17.3879,450.0,23554.0,2893.5078
405,17.4226,16.1569,1.7002,16.0437,455.0,21640.0,2893.5078
406,15.9825,15.6872,1.6509,16.0896,453.0,22044.0,2893.5078
407,16.1575,15.9195,1.5761,17.1467,454.0,22092.0,2893.5078
408,17.1505,15.7406,1.6675,15.9643,451.0,23434.0,2893.5078
409,15.8435,15.639,1.4367,16.1919,452.0,24256.0,2893.5078
410,16.3275,15.7486,1.8497,16.4092,452.0,23289.0,2893.5078
411,16.3514,16.4266,1.7784,16.3629,451.0,21172.0,2893.5078
412,16.2748,15.7031,1.5784,16.3489,450.0,21160.0,2893.5078
413,16.5466,15.6646,1.8546,15.9105,450.0,21160.0,2893.5078
414,15.8247,15.9289,1.6066,16.0812,451.0,23028.0,2893.5078
415,16.0285,15.8937,1.706,16.967,450.0,21624.0,2893.5078
416,17.0058,15.9656,1.7455,16.2432,450.0,22088.0,2893.5078
417,16.1884,15.7518,1.5735,16.3876,449.0,23432.0,2893.5078
418,16.3935,15.8715,1.7122,15.8276,449.0,22708.0,2893.5078
419,15.8126,15.86,1.5681,16.5667,450.0,21160.0,2893.5078
420,16.5951,15.7339,2.0028,16.0709,452.0,26315.0,2893.5078
421,16.102,15.7854,1.5173,17.3357,455.0,31151.0,2893.5078
422,17.3637,15.8213,2.5448,16.1049,717.0,61661.0,2893.5078
423,16.1007,16.9126,2.3717,17.9789,552.0,24292.0,2893.5078
424,17.905,15.5103,1.5846,15.5525,587.0,23186.0,2893.5078
425,15.6005,14.1386,1.7097,14.5776,590.0,27266.0,2893.5078
426,14.6219,13.7977,1.8188,14.5715,588.0,26733.0,2893.5078
427,14.5124,13.9741,1.6748,14.6997,596.0,47094.0,2893.5078
428,14.7128,13.8085,1.823,14.4,589.0,44243.0,2893.5078
429,14.3491,14.0236,1.8231,16.3962,588.0,46060.0,2893.5078
430,16.5828,13.8767,2.2934,13.3648,584.0,24368.0,2893.5078
431,13.3148,14.0874,2.2881,14.3113,587.0,23940.0,2893.5078
432,14.3728,14.1344,2.1484,14.5689,587.0,26724.0,2957.5078
433,14.399,14.4281,2.0857,14.8127,586.0,25320.0,2957.5078
434,14.8549,13.9935,3.3169,13.9351,587.0,23892.0,2957.5078
435,13.9547,13.9373,2.1194,14.2026,586.0,23736.0,2957.5078
436,14.2502,13.7843,1.6993,14.9986,585.0,24460.0,2957.5078
437,14.979,14.221,1.7829,15.1319,590.0,23004.0,2957.5078
438,15.0964,14.0515,1.7148,13.521,588.0,22980.0,2957.5078
439,13.5075,13.8893,1.8746,14.5781,592.0,23396.0,2957.5078
440,14.5535,13.9912,1.7344,15.2007,589.0,24542.0,2957.5078
441,15.1797,13.988,2.0784,14.213,588.0,27322.0,2957.5078
442,14.2111,13.7779,1.7922,13.221,595.0,44931.0,2957.5078
443,13.2188,13.8247,1.7189,15.2675,589.0,36859.0,2957.5078
444,15.3362,14.0607,1.9558,14.3703,590.0,30219.0,2957.5078
445,14.3315,14.2681,1.9267,15.5632,585.0,34660.0,2957.5078
446,15.6155,13.9017,2.0755,14.7074,586.0,28984.0,2957.5078
447,14.743,14.0915,2.3593,14.5681,584.0,29968.0,2957.5078
448,14.52,13.8445,2.562,15.1101,589.0,36019.0,2957.5078
449,15.09,14.0125,2.294,14.0202,591.0,34862.0,2957.5078
450,14.0659,14.1163,2.7221,14.305,588.0,25790.0,2957.5078
451,14.2728,13.9157,2.5175,14.9829,592.0,30678.0,2957.5078
452,15.0415,14.0766,2.3637,16.5277,586.0,37381.0,2957.5078
453,16.5576,14.1141,2.7185,13.3815,590.0,31927.0,2957.5078
454,13.3116,13.9398,2.5213,15.7352,589.0,25851.0,2957.5078
455,15.7474,14.1195,2.6544,13.5479,594.0,23304.0,2957.5078
456,13.5804,14.0625,2.6944,14.3832,588.0,23118.0,2957.5078
457,14.3988,14.0962,2.4763,15.087,587.0,28241.0,2957.5078
458,15.2557,14.1345,2.7108,14.3078,588.0,24702.0,2957.5078
459,14.1837,13.86,2.1461,14.4662,586.0,26064.0,2957.5078
460,14.4536,14.1415,2.3834,14.8503,584.0,33928.0,2957.5078
461,14.8706,13.9911,2.4532,14.1217,585.0,31400.0,2957.5078
462,14.1747,13.9007,2.516,14.4061,586.0,33254.0,2957.5078
463,14.3097,14.0956,2.6288,14.8198,584.0,32592.0,2957.5078
464,15.0645,13.8614,2.3781,13.1608,586.0,26210.0,2957.5078
465,12.94,14.0582,2.2732,16.1248,584.0,47776.0,2957.5078
466,16.2147,14.0103,2.5291,13.9615,587.0,67702.0,2957.5078
467,13.893,14.2214,3.0252,13.8902,589.0,38428.0,2957.5078
468,14.2934,13.8981,2.7707,15.2344,586.0,26614.0,2957.5078
469,14.7935,14.0406,2.6331,14.642,587.0,22832.0,2957.5078
470,14.6792,14.1362,2.6009,14.4323,588.0,22844.0,2957.5078
471,14.3635,13.9038,2.3823,14.1818,587.0,23200.0,2957.5078
472,14.1719,14.1045,2.3186,16.2517,586.0,27351.0,2957.5078
473,16.2967,14.0436,2.3791,12.3632,586.0,27444.0,2957.5078
474,12.3357,14.0563,2.5705,14.999,587.0,23282.0,2957.5078
475,15.0988,13.8083,2.6641,14.5269,586.0,24256.0,2957.5078
476,14.5099,14.1155,2.456,14.8248,584.0,25160.0,2957.5078
477,14.9439,13.9109,2.1972,14.1105,584.0,24196.0,2957.5078
478,13.9268,14.0961,2.0657,14.5486,584.0,25277.0,2957.5078
479,14.5855,14.151,2.4386,14.4213,585.0,22852.0,2957.5078
480,14.3564,13.7961,2.0993,14.0977,585.0,22852.0,2957.5078
481,14.0699,14.1017,2.1178,15.4567,585.0,24244.0,2957.5078
482,15.4935,14.0355,2.1905,13.632,583.0,23292.0,2957.5078
483,13.8221,13.847,2.1728,13.9684,585.0,23316.0,2957.5078
484,13.7568,13.8705,1.933,14.3483,587.0,23804.0,2957.5078
485,14.3387,14.0207,1.9674,14.7425,588.0,25164.0,2957.5078
486,14.7318,14.0867,2.0352,14.5581,589.0,24452.0,2957.5078
487,14.5403,13.9103,1.76,14.1036,590.0,27999.0,2957.5078
488,14.1723,14.0456,1.9283,14.9952,588.0,31153.0,2957.5078
489,14.9985,13.9668,1.883,14.2366,588.0,31281.0,2957.5078
490,14.2354,13.8303,1.7775,14.24,591.0,33164.0,2957.5078
491,14.2432,13.7392,1.7814,14.6168,585.0,23220.0,2957.5078
492,14.6326,13.9733,1.7396,14.2464,585.0,23148.0,2957.5078
493,14.1235,14.0008,1.6401,15.32,583.0,22792.0,2957.5078
494,15.3653,13.8184,1.9865,13.7616,582.0,22780.0,2957.5078
495,13.7662,14.0634,2.0095,14.0725,583.0,22792.0,2957.5078
496,14.0987,13.8029,1.8639,15.0206,583.0,22792.0,2957.5078
497,14.9441,13.7308,1.9075,14.2371,585.0,22852.0,2957.5078
498,14.3917,14.0039,1.9632,13.8494,584.0,23576.0,2957.5078
499,13.7681,14.0051,1.8817,14.8225,583.0,23196.0,2957.5078
500,14.8637,13.7721,1.9873,13.8538,586.0,22864.0,2957.5078
501,13.8294,14.0954,2.1473,14.4651,588.0,27104.0,2957.5078
502,14.4407,14.0159,2.0886,14.7986,590.0,28679.0,2957.5078
503,14.8949,13.906,2.0128,15.2792,597.0,47410.0,2957.5078
504,15.2259,14.2918,2.1974,14.7843,592.0,43677.0,2957.5078
505,14.7145,13.8881,1.9562,13.7711,588.0,44770.0,2957.5078
506,13.852,13.99,1.916,14.7915,588.0,23794.0,2957.5078
507,14.7598,13.8284,1.9002,14.2469,584.0,23304.0,2957.5078
508,14.2279,14.0465,2.0479,14.7339,585.0,27492.0,2957.5078
509,14.6961,13.8123,2.1413,14.3896,584.0,24232.0,2957.5078
510,14.4519,14.4532,2.2449,14.4053,585.0,24148.0,2957.5078
511,14.4391,13.8222,2.207,14.6975,584.0,23576.0,2957.5078
512,14.6591,13.8687,2.1512,14.4455,584.0,23944.0,2957.5078
513,14.5214,13.8792,2.3503,14.4403,584.0,22840.0,2957.5078
514,14.3916,14.0811,2.0292,13.7245,587.0,22876.0,2957.5078
515,13.7751,13.8096,1.9534,14.5353,584.0,24736.0,2957.5078
516,14.4777,14.092,1.9563,15.6277,587.0,26460.0,2957.5078
517,15.6196,14.072,1.9589,13.5769,591.0,31522.0,2957.5078
518,13.5848,14.0694,1.9191,14.8289,592.0,41734.0,2957.5078
519,14.8096,14.0635,2.2458,14.892,588.0,31888.0,2957.5078
520,14.8722,13.8547,2.1973,14.1196,590.0,30305.0,2957.5078
521,14.1837,13.7824,1.9228,14.3247,587.0,36734.0,2957.5078
522,14.2605,14.0366,1.862,14.048,588.0,28850.0,2957.5078
523,14.0418,14.1523,1.7127,14.7093,585.0,29108.0,2957.5078
524,14.6521,13.8413,1.552,14.3997,588.0,39292.0,2957.5078
525,14.4754,14.5322,1.6293,15.7263,589.0,31309.0,2957.5078
526,15.7431,14.0347,2.0351,16.5069,587.0,27342.0,2957.5078
527,16.5703,14.2029,2.2801,14.0298,589.0,34137.0,2957.5078
528,14.1317,13.9677,2.6472,18.003,584.0,33745.0,2957.5078
529,18.1078,14.3302,3.6104,11.9638,585.0,29762.0,2957.5078
530,11.839,14.2844,2.9918,12.3181,584.0,24437.0,2957.5078
531,12.1807,13.8289,1.9626,14.2508,584.0,23156.0,2957.5078
532,14.2645,13.9758,1.9088,14.2661,585.0,24500.0,2957.5078
533,14.2491,13.956,1.5268,14.3671,593.0,28515.0,2957.5078
534,14.3028,13.8295,1.3065,14.315,588.0,24116.0,2957.5078
535,14.3495,14.0621,1.3348,14.2523,589.0,27496.0,2957.5078
536,14.3105,13.7593,1.5969,14.2851,587.0,34192.0,2957.5078
537,14.2125,14.0417,1.635,15.5741,585.0,32224.0,2957.5078
538,15.7101,14.5562,1.8685,14.299,587.0,33796.0,2957.5078
539,14.1923,14.2328,1.8105,14.6052,584.0,29228.0,2957.5078
540,14.5819,14.0252,1.5003,14.0641,584.0,29436.0,2957.5078
541,14.1518,14.3348,1.8121,15.6099,586.0,57850.0,2957.5078
542,15.5582,14.4306,1.7177,14.4932,583.0,56012.0,2957.5078
543,14.5573,13.7934,1.678,14.0788,590.0,38114.0,2957.5078
544,14.0602,13.8211,1.7773,14.8148,584.0,24190.0,2957.5078
545,14.7534,13.9984,1.6614,13.976,585.0,22852.0,2957.5078
546,14.0289,13.8465,1.6554,14.5652,585.0,22852.0,2957.5078
547,14.4963,13.9575,1.6123,14.3789,583.0,23932.0,2957.5078
548,14.5066,13.9836,1.6842,14.4734,583.0,29363.0,2957.5078
549,14.4434,14.034,1.5292,14.932,587.0,24672.0,2957.5078
550,14.8848,13.888,1.9456,14.043,588.0,23736.0,2957.5078
551,14.0379,13.815,1.7466,14.3817,589.0,24248.0,2957.5078
552,14.365,13.9328,1.5097,14.3982,587.0,25138.0,2957.5078
553,14.4884,13.9692,1.7793,14.5468,585.0,24068.0,2957.5078
554,14.4448,13.7767,1.7062,13.7739,586.0,24969.0,2957.5078
555,13.8252,13.9931,1.805,14.7758,586.0,22864.0,2957.5078
556,14.749,14.0444,1.6134,14.7089,586.0,23792.0,2957.5078
557,14.6933,14.0266,1.568,14.7159,584.0,23768.0,2957.5078
558,14.7309,13.7865,1.6417,14.0113,585.0,22852.0,2957.5078
559,14.0216,13.8372,1.859,14.4948,587.0,23340.0,2957.5078
560,14.5626,14.04,1.6928,14.0641,585.0,24708.0,2957.5078
561,14.0409,14.0498,1.4004,14.9424,586.0,24256.0,2957.5078
562,14.9336,13.8164,1.5286,13.8238,584.0,26032.0,2957.5078
563,13.7963,13.9921,1.3795,14.8985,587.0,29603.0,2957.5078
564,14.9464,13.9832,1.653,15.6166,584.0,29623.0,2957.5078
565,15.5972,13.782,1.9773,13.4539,592.0,29619.0,2957.5078
566,13.4385,13.8407,1.8707,14.7857,592.0,33154.0,2957.5078
567,14.7683,14.1735,1.9708,14.2354,587.0,23164.0,2957.5078
568,14.1972,14.4495,1.7978,14.3212,586.0,23138.0,2957.5078
569,14.3235,13.7366,1.4558,14.8337,588.0,22866.0,2957.5078
570,14.844,14.0214,1.541,14.8846,584.0,22782.0,2957.5078
571,14.9045,13.8298,1.59,13.4568,583.0,22792.0,2957.5078
572,13.4285,13.8038,1.4742,14.4571,585.0,22816.0,2957.5078
573,14.485,14.0442,1.5707,14.8146,585.0,23220.0,2957.5078
574,14.828,13.8181,1.7936,14.1206,588.0,23256.0,2957.5078
575,14.1925,13.7797,1.6945,14.1616,584.0,23208.0,2957.5078
576,14.0836,14.0183,1.5244,13.8728,585.0,23160.0,2957.5078
577,13.9025,14.0459,1.6731,15.0687,586.0,28876.0,2957.5078
578,15.0569,13.8171,1.7379,15.0538,589.0,31022.0,2957.5078
579,15.0305,14.0001,1.8044,14.2521,593.0,46691.0,2957.5078
580,14.309,13.981,1.5928,13.8114,590.0,43007.0,2957.5078
581,13.8647,13.8326,1.7339,14.7321,590.0,42712.0,2957.5078
582,14.6922,14.4772,1.9646,15.6023,590.0,22868.0,2957.5078
583,15.5791,14.1472,1.9548,14.0236,590.0,24260.0,2957.5078
584,14.0164,14.045,1.7783,14.0283,586.0,26554.0,2957.5078
585,14.0477,13.9867,1.6867,14.3636,588.0,24626.0,2957.5078
586,14.24,13.7767,1.455,14.9334,587.0,24150.0,2957.5078
587,15.0196,13.949,1.5881,14.2682,583.0,23564.0,2957.5078
588,14.3257,14.0128,1.652,14.7005,585.0,23588.0,2957.5078
589,14.6119,13.8821,1.5707,14.5106,583.0,22828.0,2957.5078
590,14.5371,13.9844,1.6278,14.2439,585.0,24748.0,2957.5078
591,14.335,13.848,1.7486,14.7648,583.0,24640.0,2957.5078
592,14.6992,14.0121,1.6679,14.6603,583.0,27408.0,2957.5078
593,14.5831,14.0533,1.6078,14.6436,589.0,34793.0,2957.5078
594,14.6514,13.8264,1.7129,14.0254,586.0,35895.0,2957.5078
595,14.0405,14.0308,1.7032,14.3412,584.0,32128.0,2957.5078
596,14.3734,14.0085,1.8087,14.8891,589.0,31583.0,2957.5078
597,14.8641,13.8659,1.7971,14.0041,591.0,36568.0,2957.5078
598,14.132,13.8702,1.5782,14.4717,589.0,29432.0,2957.5078
599,14.3778,14.0894,1.445,14.0417,590.0,32113.0,2957.5078
600,14.1886,13.8914,2.0612,14.7665,592.0,36865.0,2957.5078
601,14.5815,14.0163,1.6565,14.2486,586.0,29875.0,2957.5078
602,14.2905,13.9936,1.6818,14.9475,587.0,30439.0,2957.5078
603,14.9292,13.9816,1.6241,14.1349,590.0,31666.0,2957.5078
604,14.1586,13.8421,1.4366,14.598,585.0,34043.0,2957.5078
605,14.5857,14.0268,1.5755,13.6826,584.0,27460.0,2957.5078
606,13.715,13.9803,1.682,14.9431,585.0,24607.0,2957.5078
607,14.8743,14.1303,1.6219,14.6859,584.0,23686.0,2957.5078
608,14.7862,14.0387,1.7204,14.8984,585.0,25576.0,2957.5078
609,14.7722,14.162,1.5082,14.9819,584.0,27375.0,2957.5078
610,15.0586,14.3343,1.8205,14.378,587.0,23924.0,2957.5078
611,14.3657,13.8327,1.7819,14.2934,583.0,32036.0,2957.5078
612,14.2513,13.8742,1.5836,14.6871,583.0,31656.0,2957.5078
613,14.7974,13.844,1.5886,15.4276,587.0,32462.0,2957.5078
614,15.402,14.0163,2.1574,13.849,589.0,31574.0,2957.5078
615,13.8819,14.18,1.8271,14.2444,589.0,32704.0,2957.5078
616,14.3151,13.8744,1.8909,14.0405,587.0,38648.0,2957.5078
617,13.864,14.0896,1.4637,15.1188,586.0,55570.0,2957.5078
618,15.1102,14.0885,1.4983,14.2578,591.0,50718.0,2957.5078
619,14.3897,13.8323,1.684,14.2461,587.0,33512.0,2957.5078
620,14.1076,13.8227,1.4844,14.2975,586.0,23214.0,2957.5078
621,14.3156,14.0871,1.4702,15.039,586.0,22864.0,2957.5078
622,15.0708,13.9051,1.7083,14.4901,584.0,22840.0,2957.5078
623,14.5252,14.0112,1.8592,15.5923,585.0,25889.0,2957.5078
624,15.6073,14.8155,1.9849,14.3847,588.0,27490.0,2957.5078
625,14.2975,13.8764,1.6854,13.6604,583.0,25132.0,2957.5078
626,13.7093,13.8051,1.4171,14.8432,583.0,24184.0,2957.5078
627,14.8123,13.8874,1.3797,14.0745,582.0,23708.0,2957.5078
628,14.1517,13.8964,1.6488,14.7007,586.0,25030.0,2957.5078
629,14.6217,14.0599,1.3983,14.3632,590.0,24106.0,2957.5078
630,14.4121,13.9207,1.6241,14.8174,589.0,24673.0,2957.5078
631,14.7994,14.0935,1.6263,14.2327,591.0,23808.0,2957.5078
632,14.2514,13.9105,1.6925,14.3215,587.0,23782.0,2957.5078
633,14.2737,13.8381,1.6127,14.001,586.0,22842.0,2957.5078
634,13.9983,14.0794,1.5359,15.1138,586.0,23306.0,2957.5078
635,15.1654,13.9041,1.4648,14.2609,584.0,23304.0,2957.5078
636,14.2662,13.8951,1.7136,14.3634,586.0,24256.0,2957.5078
637,14.3414,13.9128,1.8071,14.327,586.0,25852.0,2957.5078
638,14.5069,14.1565,1.7236,14.8691,585.0,27640.0,2957.5078
639,14.6804,13.8832,1.5483,14.09,587.0,28099.0,2957.5078
640,14.1457,13.9051,1.6983,14.7952,590.0,31542.0,2957.5078
641,14.7914,14.133,1.6523,14.6165,585.0,26044.0,2957.5078
642,14.6353,13.8453,1.8774,14.4609,591.0,33186.0,2957.5078
643,14.4443,13.8411,1.805,14.1741,582.0,23112.0,2957.5078
644,14.1871,13.8762,2.0327,14.3842,583.0,23160.0,2957.5078
645,14.3647,14.1117,1.9311,14.9307,588.0,22844.0,2957.5078
646,15.005,13.8919,1.9154,14.0333,589.0,22820.0,2957.5078
647,14.0855,13.9083,2.0774,14.4148,587.0,22760.0,2957.5078
648,14.2814,14.0672,1.798,14.5577,589.0,22878.0,2957.5078
649,14.5433,13.8958,1.8161,14.0621,587.0,23222.0,2957.5078
650,14.0713,13.8912,1.9015,16.0462,587.0,23222.0,2957.5078
651,16.1032,14.3962,2.1471,13.6874,585.0,23220.0,2957.5078
652,13.6678,14.4502,1.9705,14.784,584.0,25208.0,2957.5078
653,14.7691,13.9001,1.8452,14.2025,588.0,29364.0,2957.5078
654,14.1783,14.0685,1.81,14.3656,591.0,32178.0,2957.5078
655,14.3383,13.894,1.5688,14.4408,589.0,45975.0,2957.5078
656,14.4318,14.0904,1.5821,14.7921,590.0,40483.0,2957.5078
657,14.7957,14.0928,1.6961,14.5808,589.0,42280.0,2957.5078
658,14.6553,13.8548,1.715,14.477,584.0,23768.0,2957.5078
659,14.4961,13.9387,1.7091,19.5111,584.0,24232.0,2957.5078
660,19.5918,14.3023,2.088,11.0889,587.0,25660.0,2957.5078
661,10.936,13.8945,1.8065,13.1414,588.0,24972.0,2957.5078
662,13.1732,13.9297,1.8206,14.9837,589.0,24152.0,2957.6328
663,15.0562,14.1971,2.0731,14.8338,588.0,23212.0,2957.6328
664,14.7699,13.8382,1.9652,13.4488,588.0,23602.0,2957.6328
665,13.593,14.0918,1.8213,14.3185,588.0,24394.0,2957.6328
666,14.17,13.8473,1.6217,14.5272,587.0,25034.0,2957.6328
667,14.5752,14.0912,1.669,14.81,583.0,27408.0,2957.6328
668,14.7285,13.9534,1.5882,14.1678,588.0,29390.0,2957.6328
669,14.1977,13.875,1.5841,14.411,585.0,29895.0,2957.6328
670,14.3668,14.1301,1.5014,14.524,585.0,34723.0,2957.6328
671,14.5611,13.8425,1.6491,14.4348,584.0,32372.0,2957.6328
672,14.4576,13.8537,1.6152,14.2548,589.0,32319.0,2957.6328
673,14.2566,13.8972,1.7528,15.1003,584.0,36896.0,2957.6328
674,15.054,14.0591,1.7382,13.9855,586.0,29856.0,2957.6328
675,13.9621,13.8335,1.5658,14.665,588.0,32301.0,2957.6328
676,14.8528,13.8473,1.599,14.1674,588.0,36835.0,2957.6328
677,13.9812,14.082,1.5059,14.406,589.0,33008.0,2957.6328
678,14.5123,13.8914,1.3481,14.4707,590.0,27834.0,2957.6328
679,14.4018,13.9085,1.4027,14.4297,592.0,31662.0,2957.6328
680,14.412,13.92,1.5253,14.6341,586.0,32679.0,2957.6328
681,14.5898,13.8857,1.5488,14.472,586.0,25928.0,2957.6328
682,14.5253,13.8687,1.5042,14.2115,589.0,25321.0,2957.6328
683,14.2178,13.8753,1.6544,14.3322,585.0,24774.0,2957.6328
684,14.4071,14.0968,1.4742,15.074,585.0,24522.0,2957.6328
685,15.0424,13.8785,1.3498,14.2181,583.0,27273.0,2957.6328
686,14.1792,14.6368,1.8004,14.8391,585.0,23986.0,2957.6328
687,14.8751,14.2369,1.8984,15.1283,584.0,34256.0,2957.6328
688,15.11,14.1534,1.7933,14.0139,585.0,33224.0,2957.6328
689,14.013,14.2425,1.6473,15.1833,585.0,32368.0,2957.6328
690,15.3019,14.0887,1.7837,14.051,586.0,31232.0,2957.6328
691,13.9251,13.8658,1.5819,14.0968,586.0,41332.0,2957.6328
692,14.1093,13.8905,1.641,14.7903,584.0,45088.0,2957.6328
693,14.7934,14.0022,1.9029,14.05,589.0,42808.0,2957.6328
694,13.9909,13.8585,1.5906,14.8697,590.0,46672.0,2957.6328
695,14.8675,14.1335,1.5002,14.9139,591.0,31586.0,2957.6328
696,14.9876,13.8747,1.5777,14.2194,585.0,22830.0,2957.6328
697,14.235,13.8558,1.4716,13.8451,586.0,22842.0,2957.6328
698,13.7726,13.8636,1.5519,14.5846,586.0,23946.0,2957.6328
699,14.6734,14.117,1.8355,15.2195,585.0,25153.0,2957.6328
700,15.2136,13.8518,1.7573,13.8388,584.0,27442.0,2957.6328
701,13.7604,13.9104,1.5934,14.2944,585.0,25252.0,2957.6328
702,14.3673,14.1222,1.653,14.5715,581.0,23660.0,2957.6328
703,14.5523,13.8848,1.6692,14.6277,585.0,24090.0,2957.6328
704,14.6627,13.9422,1.731,14.3432,585.0,25018.0,2957.6328
705,14.3451,13.8453,1.6603,14.5133,584.0,23768.0,2957.6328
706,14.4912,14.0826,1.8083,14.2796,584.0,25585.0,2957.6328
707,14.3202,13.8885,1.5465,14.7076,586.0,23328.0,2957.6328
708,14.7635,13.8854,1.4816,14.5287,584.0,23304.0,2957.6328
709,14.3679,14.1277,1.4477,14.4566,589.0,22856.0,2957.6328
710,14.6529,13.9632,1.6369,14.3205,587.0,23296.0,2957.6328
711,14.1814,13.8976,1.5396,14.5013,589.0,23320.0,2957.6328
712,14.5063,13.8943,1.7133,14.2567,588.0,26318.0,2957.6328
713,14.3376,14.1039,1.6109,14.7818,586.0,26962.0,2957.6328
714,14.7132,13.9005,1.7663,14.1838,587.0,26138.0,2957.6328
715,14.1836,13.8034,1.6688,14.24,587.0,26375.0,2957.6328
716,14.2495,14.1209,1.7521,14.5471,587.0,31542.0,2957.6328
717,14.5016,13.8832,1.8706,14.1319,585.0,26044.0,2957.6328
718,14.198,13.9203,1.7317,14.9205,587.0,33102.0,2957.6328
719,14.8152,13.9044,1.5371,13.9607,585.0,23552.0,2957.6328
720,13.9644,14.0414,1.5077,15.3873,584.0,22804.0,2957.6328
721,15.4938,14.5485,1.7946,14.6849,586.0,22828.0,2957.6328
722,14.6368,14.0602,1.9206,14.6952,583.0,22828.0,2957.6328
723,14.6781,14.0881,1.4807,14.3567,583.0,22756.0,2957.6328
724,14.5184,14.4001,1.6473,14.6538,587.0,23244.0,2957.6328
725,14.5422,13.8874,1.7298,14.6736,590.0,22868.0,2957.6328
726,14.6765,13.9236,1.7642,14.6577,587.0,23200.0,2957.6328
727,14.6651,14.1419,1.9116,14.1564,588.0,25272.0,2957.6328
728,14.1633,13.89,1.8097,15.1491,588.0,25698.0,2957.6328
729,15.0901,14.1346,1.9367,14.2465,587.0,30462.0,2957.6328
730,14.2461,13.8924,1.6849,13.9172,590.0,31476.0,2957.6328
731,13.9725,13.8739,1.5112,13.8369,593.0,46835.0,2957.6328
732,13.7695,14.1653,1.5407,15.0538,592.0,36707.0,2957.6328
733,15.1039,13.8666,1.5537,14.6141,587.0,42720.0,2957.6328
734,14.5772,13.9074,1.823,14.6409,585.0,24244.0,2957.6328
735,14.6588,13.9493,1.6085,14.4655,584.0,23768.0,2957.6328
736,14.4705,14.356,1.8218,15.9688,584.0,25528.0,2957.6328
737,16.151,13.8697,2.2014,13.2544,585.0,24612.0,2957.6328
738,13.0417,13.8637,1.9081,13.8855,584.0,24136.0,2957.6328
739,13.9329,14.1097,1.4435,14.7219,583.0,23196.0,2957.6328
740,14.6556,13.8095,1.5595,14.3001,585.0,25116.0,2957.6328
741,14.318,13.8699,1.4786,14.7709,588.0,24532.0,2957.6328
742,14.8509,14.0947,1.5307,14.1729,589.0,26156.0,2957.6328
743,14.1815,13.8831,2.1505,14.3679,587.0,26008.0,2957.6328
744,14.3068,13.8468,1.7479,14.6274,592.0,29664.0,2957.6328
745,14.6422,14.1288,1.5864,14.2608,588.0,28749.0,2957.6328
746,14.2495,13.8644,1.592,14.606,587.0,36373.0,2957.6328
747,14.6857,13.877,1.4526,14.8207,583.0,32104.0,2957.6328
748,14.7346,13.91,1.6347,14.2109,585.0,32963.0,2957.6328
749,14.3943,13.8594,1.5866,14.0582,586.0,36184.0,2957.6328
750,14.0029,13.8838,1.7963,14.2435,585.0,32665.0,2957.6328
751,14.1043,13.9313,1.4608,15.0107,590.0,32909.0,2957.6328
752,15.0379,14.1121,1.6348,14.1043,586.0,36891.0,2957.6328
753,14.1311,13.8789,1.644,15.2304,587.0,30009.0,2957.6328
754,15.2101,13.9401,1.7743,15.0892,585.0,27834.0,2957.6328
755,15.1251,14.1509,2.2272,14.4891,589.0,32023.0,2957.6328
756,14.5981,13.9529,2.2834,15.7361,585.0,31870.0,2957.6328
757,15.6833,13.9865,2.37,13.5743,588.0,24390.0,2957.6328
758,13.5676,13.9366,2.3066,14.1027,591.0,26771.0,2957.6328
759,14.0471,14.1491,2.1659,14.5013,590.0,23736.0,2957.6328
760,14.4732,13.9394,1.874,14.3286,586.0,24422.0,2957.6328
761,14.4493,14.8111,2.5342,15.7805,587.0,26679.0,2957.6328
762,15.7303,14.1582,2.3285,14.4326,586.0,30588.0,2957.6328
763,14.3722,13.9008,2.1073,13.4206,584.0,32102.0,2957.6328
764,13.4942,13.8589,2.2004,15.5887,586.0,32276.0,2957.6328
765,15.528,13.9022,2.0472,14.0757,584.0,32090.0,2957.6328
766,14.0481,14.1392,1.7219,14.3683,585.0,40602.0,2957.6328
767,14.3422,13.9259,1.8315,14.2972,588.0,47048.0,2957.6328
768,14.2708,14.068,1.865,14.5291,583.0,36740.0,2957.6328
769,14.6142,13.9228,1.948,13.9891,584.0,34084.0,2957.6328
770,14.0038,13.8887,2.3073,14.4633,588.0,49294.0,2957.6328
771,14.412,14.0655,1.906,14.8915,587.0,27718.0,2957.6328
772,14.8924,13.9174,1.8917,14.3265,587.0,22876.0,2957.6328
773,14.4104,13.8846,1.9215,14.9372,589.0,22856.0,2957.6328
774,14.8535,13.9607,1.7419,13.9084,589.0,24328.0,2957.6328
775,13.9363,14.2026,1.8916,15.9027,589.0,25157.0,2957.6328
776,15.9282,13.8979,2.1611,13.2806,588.0,27100.0,2957.6328
777,13.275,13.8694,2.0121,14.3103,588.0,26194.0,2957.6328
778,14.2849,14.034,1.734,14.2474,586.0,23080.0,2957.6328
779,14.3016,13.8295,1.5343,14.5324,583.0,24994.0,2957.6328
780,14.5558,14.1279,1.8173,14.639,585.0,23780.0,2957.6328
781,14.5758,13.8732,1.7366,14.597,585.0,24244.0,2957.6328
782,14.5677,14.1303,1.8314,14.5525,586.0,25609.0,2957.6328
783,14.5291,13.8668,1.4684,13.8378,585.0,22852.0,2957.6328
784,13.9954,13.8698,2.017,15.2801,585.0,23316.0,2957.6328
785,15.2396,14.1222,1.9707,14.4816,584.0,22840.0,2957.6328
786,14.4471,14.647,2.0445,14.1077,584.0,23304.0,2957.6328
787,14.0951,13.8657,1.9056,14.6644,584.0,24900.0,2957.6328
788,14.6352,13.8322,1.6537,14.5386,584.0,27888.0,2957.6328
789,14.5572,13.9471,1.9294,14.894,588.0,25460.0,2957.6328
790,14.9728,14.1775,1.933,14.4219,586.0,24380.0,2957.6328
791,14.3518,13.9455,1.9997,15.0175,589.0,26391.0,2957.6328
792,15.1062,14.0998,2.182,15.3735,589.0,31544.0,2957.6328
793,15.315,14.1585,2.349,13.5111,585.0,25986.0,2957.6328
794,13.6508,13.8579,2.0792,14.1006,592.0,33544.0,2957.6328
795,13.9503,13.8955,2.0678,14.8928,586.0,23196.0,2957.6328
796,14.8718,14.1161,2.1337,14.4546,587.0,22840.0,2957.6328
797,14.5142,13.9448,2.1524,13.553,582.0,22780.0,2957.6328
798,13.4936,13.9471,2.1086,15.3003,585.0,22780.0,2957.6328
799,15.3528,14.1757,2.2048,15.0392,583.0,23196.0,2957.6328
800,15.0826,13.8832,1.952,14.1299,583.0,22828.0,2957.6328
801,14.0152,13.882,1.6727,14.6967,585.0,22852.0,2957.6328
802,14.6748,13.8961,1.7033,14.5599,585.0,25280.0,2957.6328
803,14.662,14.1244,1.9405,14.5363,585.0,25744.0,2957.6328
804,14.4538,13.9287,1.7911,14.0154,585.0,27124.0,2957.6328
805,14.0839,13.907,1.923,14.2285,589.0,29024.0,2957.6328
806,14.3885,14.1302,2.5676,14.3945,595.0,32790.0,2957.6328
807,14.279,13.8723,2.0832,17.293,594.0,43003.0,2957.6328
808,17.3329,14.5219,3.8714,13.1693,599.0,94733.0,2957.6328
809,13.068,17.9944,2.3163,17.9663,471.0,36430.0,2957.6328
810,17.9582,15.3908,1.793,15.664,454.0,16506.0,2957.6328
811,15.6452,15.0001,1.6325,15.298,452.0,16040.0,2957.6328
812,15.3228,15.2902,1.8308,15.7332,452.0,17800.0,2957.6328
813,15.7786,14.9595,2.0346,15.9082,452.0,16872.0,2957.6328
814,15.8612,15.2353,2.0249,16.9197,452.0,16408.0,2957.6328
815,16.9513,15.2585,2.1596,15.3091,453.0,16896.0,2957.6328
816,15.4052,15.3538,2.5779,15.3366,453.0,17588.0,2957.6328
817,15.1912,15.037,2.6065,15.1162,452.0,17752.0,2957.6328
818,15.2552,15.1897,2.2409,15.9345,452.0,16840.0,2957.6328
819,15.8099,14.9242,2.2411,15.3751,454.0,18268.0,2957.6328
820,15.3575,14.9088,2.0944,14.6133,457.0,20550.0,2957.6328
821,14.6172,15.498,2.1245,16.3692,458.0,21895.0,2957.6328
822,16.4193,14.9461,1.8159,15.4639,457.0,27899.0,2957.6328
823,15.4733,14.9876,1.8264,15.2192,455.0,24212.0,2957.6328
824,15.2667,15.3031,1.9463,16.558,455.0,24009.0,2957.6328
825,16.4967,14.9704,2.0576,15.3865,453.0,29770.0,2957.6328
826,15.3648,14.9567,1.9511,14.987,456.0,24895.0,2957.6328
827,14.9739,15.1313,1.7209,16.8698,455.0,23847.0,2957.6328
828,16.9201,14.9875,1.9278,15.8086,452.0,28011.0,2957.6328
829,15.8061,15.0357,2.1448,14.8957,452.0,21033.0,2957.6328
830,14.8632,15.2346,2.0178,16.5084,451.0,20610.0,2957.6328
831,16.5789,15.0186,2.2258,14.1833,454.0,22467.0,2957.6328
832,14.1638,15.0163,2.1258,16.4891,451.0,21720.0,2957.6328
833,16.4463,14.9972,2.0325,15.0674,450.0,18002.0,2957.6328
834,15.07,15.1619,1.8926,15.8931,450.0,16589.0,2957.6328
835,15.8641,15.0102,1.8791,15.1153,450.0,15218.0,2957.6328
836,15.1789,15.2082,1.7692,16.7913,451.0,15412.0,2957.6328
837,16.7535,14.9793,1.7284,15.2858,454.0,22587.0,2957.6328
838,15.2681,14.9888,1.6661,15.3366,454.0,22758.0,2957.6328
839,15.4775,15.2602,1.8783,15.997,454.0,22500.0,2957.6328
840,15.8964,14.9758,1.7769,15.3248,453.0,24280.0,2957.6328
841,15.3897,14.9872,1.9345,15.6952,452.0,32212.0,2957.6328
842,15.6223,15.9199,2.003,16.1051,453.0,38430.0,2957.6328
843,16.1405,15.0619,2.1025,15.5755,450.0,29730.0,2957.6328
844,15.5322,15.101,2.0763,15.6556,451.0,27412.0,2957.6328
845,15.6383,15.1834,1.8998,15.3153,452.0,29622.0,2957.6328
846,15.2942,15.0239,1.8731,15.8242,452.0,31634.0,2957.6328
847,15.8337,15.0289,1.7614,14.4918,452.0,15610.0,2957.6328
848,14.5401,15.011,1.8718,15.5319,450.0,14440.0,2957.6328
849,15.5395,15.2044,1.7993,16.4397,451.0,15188.0,2957.6328
850,16.3899,15.022,1.8867,14.7969,450.0,17109.0,2957.6328
851,14.863,14.9516,1.967,16.0729,450.0,17477.0,2957.6328
852,16.1004,15.2637,2.0809,15.8893,450.0,18501.0,2957.6328
853,15.9535,15.0077,1.8457,16.1982,452.0,15490.0,2957.6328
854,16.1233,15.1579,2.3918,15.5092,454.0,14908.0,2957.6328
855,15.5169,15.2681,2.0522,15.0043,454.0,16146.0,2957.6328
856,14.9431,15.0245,1.5492,15.6991,453.0,16310.0,2957.6328
857,15.6787,15.0131,1.6047,15.6047,453.0,16156.0,2957.6328
858,15.5865,15.1933,1.6368,15.4363,452.0,15949.0,2957.6328
859,15.5248,14.9393,1.5426,15.0681,451.0,14452.0,2957.6328
860,15.0806,14.9392,1.543,15.7693,450.0,14904.0,2957.6328
861,15.6608,15.2332,1.738,15.3983,451.0,14452.0,2957.6328
862,15.5122,15.0418,1.828,15.9279,450.0,16964.0,2957.6328
863,15.9754,15.0061,1.9506,15.5984,450.0,16964.0,2957.6328
864,15.5133,14.951,2.0172,15.3906,450.0,19116.0,2957.6328
865,15.3535,15.2768,1.7693,15.3243,449.0,14856.0,2957.6328
866,15.354,14.949,1.7661,15.4406,452.0,19595.0,2957.6328
867,15.4311,15.4482,1.9027,16.515,454.0,23154.0,2957.6328
868,16.4848,14.9531,1.7618,15.3946,449.0,17584.0,2957.6328
869,15.4595,15.0138,1.9299,16.662,458.0,25122.0,2957.6328
870,16.8351,15.3579,2.1355,15.3804,452.0,14348.0,2957.6328
871,15.2549,15.0879,2.3138,15.1783,454.0,14408.0,2957.6328
872,15.0987,15.2223,1.6673,15.6344,450.0,14346.0,2957.6328
873,15.6545,15.5283,1.8432,15.7415,452.0,14442.0,2957.6328
874,15.7362,14.9141,1.9708,15.0897,452.0,14442.0,2957.6328
875,15.1723,15.1455,1.8549,16.2722,451.0,19036.0,2957.6328
876,16.1946,15.2205,1.9955,15.8379,450.0,16808.0,2957.6328
877,16.0238,15.4114,2.8972,17.3785,450.0,18404.0,2957.6328
878,17.2769,15.0047,2.6572,14.0237,454.0,26611.0,2957.6328
879,13.9133,15.1884,1.9402,15.4823,458.0,34659.0,2957.6328
880,15.4991,14.9827,1.8158,15.399,452.0,16643.0,2957.6328
881,15.4122,14.9542,1.6781,15.7709,451.0,27522.0,2957.6328
882,15.7449,15.2079,1.9428,16.0069,423.0,54676.0,2957.6328
883,16.0392,15.0579,2.0855,14.847,415.0,12340.0,2957.6328
884,14.879,14.9438,2.0953,15.5991,428.0,13148.0,2957.6328
885,15.5237,15.1539,1.5763,15.339,451.0,24827.0,2957.6328
886,15.3566,15.0569,1.5158,15.6288,423.0,15872.0,2957.6328
887,15.6904,14.9921,1.6866,16.2082,454.0,15548.0,2957.6328
888,16.1407,15.2596,1.7955,15.4634,452.0,17152.0,2957.6328
889,15.5802,14.9923,1.6283,15.48,436.0,24846.0,2957.6328
890,15.3679,15.0283,1.7487,15.2304,453.0,22374.0,2957.6328
891,15.3315,14.9778,1.6445,16.07,450.0,14904.0,2957.6328
892,16.0017,14.9575,1.7854,15.0864,450.0,16200.0,2957.6328
893,15.0626,14.8857,1.6202,15.8908,450.0,16200.0,2957.6328
894,15.8908,15.1785,1.795,15.3799,450.0,15832.0,2957.6328
895,15.3473,14.982,1.61,15.6896,450.0,17508.0,2957.6328
896,15.7381,14.9737,1.5678,15.0844,450.0,17248.0,2957.6328
897,15.09,15.2175,1.7063,28.767,450.0,16212.0,2957.6328
898,28.9433,15.2175,2.1797,10.2605,450.0,17864.0,2957.6328
899,10.1144,15.048,2.6602,13.4356,453.0,16939.0,2957.6328
900,13.4338,15.0642,2.0547,15.5758,458.0,21730.0,2957.6328
901,15.7087,15.1035,2.1621,15.7037,456.0,26203.0,2957.6328
902,15.6147,15.1534,2.0912,15.6045,454.0,22760.0,2957.6328
903,15.6098,15.3413,2.2517,14.982,452.0,26430.0,2957.6328
904,14.9014,15.1346,2.1206,15.539,454.0,22721.0,2957.6328
905,15.5103,15.0315,1.6611,15.7593,453.0,32607.0,2957.6328
906,15.7689,15.3151,1.712,18.1441,453.0,22295.0,2957.6328
907,18.1994,15.1375,2.2657,15.8352,453.0,23917.0,2957.6328
908,15.8161,15.159,2.1184,13.0917,451.0,27471.0,2957.6328
909,13.0513,15.1005,1.5821,15.4629,450.0,19470.0,2957.6328
910,15.5338,14.9908,1.9016,15.3515,453.0,21372.0,2957.6328
911,15.3345,15.6051,1.7138,16.2284,451.0,24263.0,2957.6328
912,16.1945,15.1896,1.7366,15.513,450.0,17112.0,2957.6328
913,15.4775,14.9303,1.4571,15.6082,450.0,16632.0,2957.6328
914,15.661,15.0326,1.578,15.8092,450.0,16657.0,2957.6328
915,15.8055,14.9752,1.9363,15.1839,450.0,14598.0,2957.6328
916,15.2283,15.184,2.1275,16.6038,454.0,20410.0,2957.6328
917,16.5552,15.2064,1.9923,14.9433,455.0,25593.0,2957.6328
918,14.9673,15.0524,2.182,15.9478,455.0,21368.0,2957.6328
919,15.9359,15.2545,1.6977,15.6437,453.0,23122.0,2957.6328
920,15.6368,15.0449,1.7547,15.6245,452.0,33182.0,2957.6328
921,15.657,15.236,1.9548,15.9507,452.0,36660.0,2957.6328
922,15.941,15.0011,1.8517,15.6581,451.0,30620.0,2957.6328
923,15.6607,15.23,1.687,15.7995,451.0,26302.0,2957.6328
924,15.7392,14.9712,1.4974,14.2498,451.0,32124.0,2957.6328
925,14.2872,15.2478,1.6843,16.6345,452.0,19386.0,2957.6328
926,16.647,15.2393,2.1905,15.3227,452.0,28822.0,2957.6328
927,15.3103,14.945,1.9568,16.1119,450.0,14440.0,2957.6328
928,16.1657,15.0954,1.7665,14.7304,451.0,14820.0,2957.6328
929,14.731,15.1316,1.7576,15.2927,450.0,16280.0,2957.6328
930,15.3211,14.9578,1.864,15.8812,451.0,16017.0,2957.6328
931,15.8838,14.9781,1.8969,16.9649,450.0,19602.0,2957.6328
932,16.9205,15.1633,2.2749,14.6608,454.0,17154.0,2957.6328
933,14.6051,15.1579,1.6956,16.1118,452.0,14348.0,2957.6328
934,16.1944,15.0458,1.8434,15.151,454.0,15682.0,2957.6328
935,15.1025,15.2449,1.7095,16.1689,452.0,16298.0,2957.6328
936,16.1659,15.0123,1.7051,15.0596,452.0,17072.0,2957.6328
937,15.0571,15.1744,1.8254,15.5823,452.0,14752.0,2957.6328
938,15.564,15.1916,1.6326,15.2598,450.0,15637.0,2957.6328
939,15.2428,14.918,1.5238,15.2763,451.0,14916.0,2957.6328
940,15.304,15.2466,1.6977,16.3715,451.0,14452.0,2957.6328
941,16.3577,15.1698,1.5306,15.4297,450.0,16500.0,2957.6328
942,15.5196,14.9154,1.7209,15.5992,450.0,16500.0,2957.6328
943,15.5086,15.1809,1.7278,15.7673,450.0,19116.0,2957.6328
944,15.8142,15.1634,1.7738,15.2866,449.0,15784.0,2957.6328
945,15.2531,14.9634,1.599,15.8786,451.0,16048.0,2957.6328
946,15.8708,14.9467,1.7145,15.9313,455.0,21570.0,2957.6328
947,15.986,15.1487,1.8083,15.4118,452.0,21155.0,2957.6328
948,15.3772,15.2094,1.693,16.3783,457.0,19979.0,2957.6328
949,16.387,15.5037,1.7679,14.9938,454.0,21099.0,2957.6328
950,15.0269,15.0244,1.8646,14.9393,454.0,14408.0,2957.6328
951,14.9471,15.2347,1.6267,16.1055,452.0,14442.0,2957.6328
952,16.1352,15.3053,1.9202,17.5062,450.0,14346.0,2957.6328
953,17.5011,15.3138,2.078,14.7554,452.0,14442.0,2957.6328
954,14.7686,14.9989,2.1552,15.7281,451.0,19036.0,2957.6328
955,15.6658,15.2403,1.6843,16.1386,450.0,15212.0,2957.6328
956,16.1994,15.3042,2.213,16.2041,450.0,18096.0,2957.6328
957,16.1952,15.0164,2.3159,15.9243,452.0,25048.0,2957.6328
958,15.9338,15.2908,2.6107,15.2419,454.0,19778.0,2957.6328
959,15.1975,15.2087,2.0352,15.3952,454.0,33096.0,2957.6328
960,15.5166,14.9775,2.1146,14.9065,452.0,17625.0,2957.6328
961,14.772,15.1248,1.8316,15.2009,435.0,67152.0,2957.6328
962,15.151,14.9804,1.4273,15.644,415.0,12340.0,2957.6328
963,15.7283,14.9786,1.6831,15.3676,428.0,13244.0,2957.6328
964,15.3578,14.8835,1.7341,16.3198,454.0,28295.0,2957.6328
965,16.3334,15.2419,2.0658,15.0786,420.0,12356.0,2957.6328
966,15.074,15.2888,2.1257,17.8792,454.0,15570.0,2957.6328
967,17.854,15.0805,1.8883,13.9297,452.0,17130.0,2957.6328
968,13.9074,15.2235,1.8138,15.4189,454.0,26390.0,2957.6328
969,15.362,15.2105,1.6355,15.8366,446.0,21954.0,2957.6328
970,15.8998,14.8799,1.6301,14.9805,451.0,14820.0,2957.6328
971,14.9098,15.2142,1.7556,16.1715,450.0,16296.0,2957.6328
972,16.2432,15.1948,2.4376,15.4982,450.0,16200.0,2957.6328
973,15.4844,15.1945,1.7177,16.0793,450.0,17140.0,2957.6328
974,16.1189,15.3661,2.6366,15.6128,450.0,17424.0,2957.6328
975,15.5479,15.3118,1.6914,15.8339,450.0,16704.0,2957.6328
976,15.879,15.1642,1.7252,15.3489,450.0,17248.0,2957.6328
977,15.3477,14.9433,1.8204,15.4953,451.0,16840.0,2957.6328
978,15.4632,15.2297,1.7877,15.7675,450.0,16460.0,2957.6328
979,15.8121,14.9755,2.0224,16.273,452.0,16679.0,2957.6328
980,16.2996,15.2616,2.2931,16.5579,458.0,24650.0,2957.6328
981,16.7282,15.093,3.1302,14.6989,456.0,24511.0,2957.6328
982,14.5547,15.0883,2.6971,16.4466,454.0,23004.0,2957.6328
983,16.4256,15.35,2.0975,16.4209,452.0,26798.0,2957.6328
984,16.6471,15.2096,2.7028,15.3252,455.0,24841.0,2957.6328
985,15.0946,15.0264,2.049,16.0596,454.0,33500.0,2957.6328
986,16.3041,15.3369,2.716,14.8281,452.0,19590.0,2957.6328
987,14.7266,15.0377,2.2498,15.6093,452.0,22517.0,2957.6328
988,15.4346,15.0711,1.9688,15.5146,451.0,28855.0,2957.6328
989,15.5618,15.3013,2.0791,16.2609,451.0,18444.0,2957.6328
990,16.3169,15.0651,2.6018,15.9279,453.0,21414.0,2957.6328
991,15.8292,15.0601,2.275,15.5226,451.0,23223.0,2957.6328
992,15.6966,15.3415,2.5387,17.0752,451.0,17370.0,2957.6328
993,17.0074,15.2407,2.2994,13.375,450.0,16386.0,2957.6328
994,13.2751,15.0051,1.9968,16.5841,451.0,16205.0,2957.6328
995,16.7049,15.4263,2.1745,14.851,451.0,16240.0,2957.6328
996,14.7899,15.0131,2.3313,15.8796,454.0,21144.0,2957.6328
997,15.9191,14.9701,2.1652,16.8667,454.0,26737.0,2957.6328
998,16.7948,15.128,2.137,14.6878,454.0,21550.0,2957.6328
999,14.7593,15.226,2.2874,15.8404,452.0,29986.0,2957.6328
1000,15.8538,15.0399,2.1064,15.0898,452.0,32754.0,2957.6328
1001,15.0007,15.2353,2.1099,15.2601,453.0,37548.0,2957.6328
1002,15.2148,14.9816,2.0915,15.9952,452.0,24922.0,2957.6328
1003,16.0186,14.9358,1.958,16.6448,451.0,22236.0,2957.6328
1004,17.1061,15.2739,2.5539,15.1528,451.0,32832.0,2957.6328
1005,14.7317,15.0271,1.9124,15.1351,452.0,18266.0,2957.6328
1006,15.0985,14.9999,2.0286,15.2902,452.0,27972.0,2957.6328
1007,15.3949,15.222,2.4738,15.5004,450.0,14440.0,2957.6328
1008,15.4299,14.9985,2.0805,15.6893,451.0,15188.0,2957.6328
1009,15.6881,15.5217,2.037,15.9827,450.0,17477.0,2957.6328
1010,16.0607,15.7966,2.107,16.7558,450.0,16741.0,2957.6328
1011,16.7414,14.9547,2.0732,14.3576,450.0,17669.0,2957.6328
1012,14.4129,14.9635,2.0306,16.0311,454.0,16786.0,2957.6328
1013,15.9421,14.967,2.2727,15.6208,452.0,14812.0,2957.6328
1014,15.6324,15.1752,1.9461,15.8947,455.0,15694.0,2957.6328
1015,15.8257,15.0655,1.849,14.6876,452.0,16608.0,2957.6328
1016,14.7394,15.2735,2.1574,15.67,452.0,16298.0,2957.6328
1017,15.7114,15.0455,1.7335,16.1885,452.0,14752.0,2957.6328
1018,16.1181,14.9589,1.6607,16.1607,450.0,15637.0,2957.6328
1019,16.2707,15.2671,2.2569,15.415,450.0,14904.0,2957.6328
1020,15.3461,15.0137,2.1575,15.5172,451.0,14452.0,2957.6328
1021,15.4567,15.0096,1.904,15.3723,450.0,18096.0,2957.6328
1022,15.418,15.286,2.1711,15.9454,450.0,16592.0,2957.6328
1023,15.9385,14.9043,2.1067,14.6551,450.0,17892.0,2957.6328
1024,14.578,14.9699,1.8691,15.8941,450.0,15332.0,2957.6328
1025,15.9775,15.2492,1.9686,15.5193,451.0,16048.0,2957.6328
1026,15.5092,14.9107,1.9557,15.7065,454.0,21522.0,2957.6328
1027,15.6963,15.0375,1.9237,15.3095,452.0,21559.0,2957.6328
1028,15.2994,15.0819,2.3187,15.8979,455.0,19551.0,2957.6328
1029,15.8847,15.2103,2.0196,16.3255,456.0,21159.0,2957.6328
1030,16.3499,15.1249,2.8155,15.2198,453.0,14396.0,2957.6328
1031,15.1995,15.0357,1.9633,16.0723,452.0,14442.0,2957.6328
1032,16.1752,15.2952,1.928,14.8023,450.0,14346.0,2957.6328
1033,14.7142,15.0107,1.8308,15.7463,453.0,16050.0,2957.6328
1034,15.7576,15.2254,2.1239,16.0587,450.0,18200.0,2957.6328
1035,16.1027,15.0077,2.2258,14.896,450.0,16500.0,2957.6328
1036,14.8573,15.011,2.4528,14.8695,451.0,20312.0,2957.6328
1037,14.9325,15.197,1.9662,16.9396,452.0,20784.0,2957.6328
1038,16.8773,15.0415,1.8882,15.0757,454.0,23078.0,2957.6328
1039,15.0873,15.0664,2.1071,16.5135,456.0,31689.0,2957.6328
1040,16.4643,15.2028,2.0614,15.4266,450.0,27488.0,2957.6328
1041,15.4409,15.0689,2.0504,14.4595,425.0,54748.0,2957.6328
1042,14.4944,15.0508,1.9697,15.1028,418.0,12644.0,2957.6328
1043,15.0763,15.0114,2.0299,16.8927,435.0,21568.0,2957.6328
1044,16.9052,15.4244,2.2106,15.3228,445.0,19631.0,2957.6328
1045,15.4693,15.3859,2.3904,16.1368,420.0,12356.0,2957.6328
1046,16.0001,15.0888,2.0109,15.4929,454.0,15570.0,2957.6328
1047,15.4916,15.0981,1.9807,15.7386,452.0,17130.0,2957.6328
1048,15.692,15.059,2.0774,15.4996,454.0,26390.0,2957.6328
1049,15.5426,15.0208,2.0959,15.0938,446.0,21954.0,2957.6328
1050,15.1659,15.2507,2.0503,16.1297,450.0,14808.0,2957.6328
1051,16.0373,15.0564,1.8544,15.6566,450.0,16296.0,2957.6328
1052,15.6955,15.2957,1.8417,14.943,450.0,16200.0,2957.6328
1053,14.9075,15.0783,1.7266,16.7914,450.0,17140.0,2957.6328
1054,16.8766,15.1088,1.7573,15.1199,450.0,17424.0,2957.6328
1055,15.0653,15.2997,1.981,15.8633,450.0,16704.0,2957.6328
1056,15.9009,15.012,2.3003,15.6029,451.0,17260.0,2957.6328
1057,15.5996,15.0388,1.9599,15.6717,450.0,16828.0,2957.6328
1058,15.5972,15.3877,2.0202,15.4969,450.0,16460.0,2957.6328
1059,15.5178,15.0267,2.0945,15.0225,452.0,16679.0,2957.6328
1060,15.1177,14.9612,2.0046,15.2212,458.0,24650.0,2957.6328
1061,15.1679,15.2003,1.7174,15.9045,457.0,24523.0,2957.6328
1062,15.8728,15.0174,1.8599,15.866,454.0,23004.0,2957.6328
1063,15.8575,15.0306,1.8153,15.4224,452.0,26798.0,2957.6328
1064,15.4611,15.2812,1.843,15.3864,455.0,24841.0,2957.6328
1065,15.322,15.0217,1.8281,15.4343,454.0,33500.0,2957.6328
1066,15.5245,15.0347,1.655,15.6649,452.0,19590.0,2957.6328
1067,15.6041,14.9937,1.8382,15.3129,452.0,22517.0,2957.6328
1068,15.3214,15.231,1.7271,15.8376,451.0,28855.0,2957.6328
1069,15.8177,14.953,1.4976,15.071,450.0,18432.0,2957.6328
1070,15.0599,15.2393,1.6135,15.964,453.0,21414.0,2957.6328
1071,15.9398,14.9636,1.4549,15.345,451.0,23223.0,2957.6328
1072,15.437,14.9436,1.7458,15.2868,450.0,17358.0,2957.6328
1073,15.2482,15.1931,1.6597,15.7911,451.0,16398.0,2957.6328
1074,15.87,14.954,1.6822,15.8297,450.0,16193.0,2957.6328
1075,15.781,15.552,1.7187,16.1106,451.0,16240.0,2957.6328
1076,16.102,14.9835,1.8223,15.0744,454.0,21144.0,2957.6328
1077,15.0616,15.2156,1.6872,15.7716,454.0,26737.0,2957.6328
1078,15.7482,15.0055,1.792,15.521,454.0,21550.0,2957.6328
1079,15.5598,15.6002,1.7217,15.9884,452.0,29986.0,2957.6328
1080,15.9923,15.2267,1.9302,15.214,453.0,32766.0,2957.6328
1081,15.192,15.187,1.6698,16.4875,452.0,37536.0,2957.6328
1082,16.568,14.9683,1.692,14.984,451.0,24910.0,2957.6328
1083,14.9421,15.126,1.8361,16.0866,452.0,22248.0,2957.6328
1084,16.0618,15.2173,1.942,15.7125,451.0,32832.0,2957.6328
1085,15.6638,15.1718,1.4533,15.1812,451.0,18254.0,2957.6328
1086,15.2454,15.1386,1.6545,16.1883,452.0,27972.0,2957.6328
1087,16.1567,14.9491,1.5088,15.0509,450.0,14440.0,2957.6328
1088,15.0618,15.1572,1.6106,15.5905,451.0,15188.0,2957.6328
1089,15.6631,15.0609,1.6158,16.256,450.0,17477.0,2957.6328
1090,16.1844,14.9801,1.6584,15.0741,451.0,16753.0,2957.6328
1091,15.0595,14.9208,1.5727,15.9015,450.0,17669.0,2957.6328
1092,15.9092,15.18,1.5885,15.3731,454.0,16786.0,2957.6328
1093,15.3787,15.2184,1.6896,16.2359,453.0,14824.0,2957.6328
1094,16.259,14.987,1.6527,15.1806,454.0,15682.0,2957.6328
1095,15.1882,15.2658,1.8383,15.4748,452.0,16608.0,2957.6328
1096,15.4207,15.4799,1.5952,16.1917,453.0,16310.0,2957.6328
1097,16.2435,15.873,1.8275,16.1944,452.0,14752.0,2957.6328
1098,16.1847,15.87,1.9316,16.3351,450.0,15637.0,2957.6328
1099,16.3555,15.6128,2.0601,16.0875,450.0,14904.0,2957.6328
1100,16.054,15.8239,1.8801,16.8568,450.0,14440.0,2957.6328
1101,16.8301,15.7992,1.5789,16.2446,451.0,18108.0,2957.6328
1102,16.4476,15.6436,2.0835,16.4556,451.0,16604.0,2957.6328
1103,16.2975,15.5582,2.7181,15.7804,450.0,17892.0,2957.6328
1104,15.8005,15.83,2.1153,15.7356,450.0,15332.0,2957.6328
1105,15.7435,15.3084,1.7103,16.2291,450.0,16036.0,2957.6328
1106,16.2534,15.5445,1.7751,16.096,453.0,21510.0,2957.6328
1107,16.0128,15.8236,1.7763,16.0274,452.0,21559.0,2957.6328
1108,16.2087,15.7353,2.056,16.4755,455.0,19551.0,2957.6328
1109,16.3644,15.6547,1.9332,16.1415,456.0,21159.0,2957.6328
1110,16.1686,15.754,1.704,16.889,453.0,14396.0,2957.6328
1111,16.8363,15.6309,1.9212,15.8793,452.0,14442.0,2957.6328
1112,15.9111,15.5756,2.0333,16.2095,450.0,14346.0,2957.6328
1113,16.1778,15.1581,2.0581,15.5806,452.0,16038.0,2957.6328
1114,15.587,14.9966,1.7224,14.6154,451.0,18212.0,2957.6328
1115,14.5994,14.9288,1.799,15.9286,450.0,16500.0,2957.6328
1116,15.9303,15.0288,1.6321,15.3873,451.0,20312.0,2957.6328
1117,15.3835,15.2031,1.6106,16.0869,452.0,20784.0,2957.6328
1118,16.2004,15.0434,1.6629,15.8735,454.0,23078.0,2957.6328
1119,15.7833,15.5198,1.7314,16.3001,456.0,31689.0,2957.6328
1120,16.3004,15.597,1.8839,15.5882,450.0,27488.0,2957.6328
1121,15.6898,15.6331,1.9971,15.9519,425.0,54920.0,2957.6328
1122,15.9633,16.1235,2.1545,16.5897,424.0,12880.0,2957.6328
1123,16.4233,15.613,1.7834,15.5829,434.0,21556.0,2957.6328
1124,15.6951,15.5842,2.05,16.2552,438.0,19211.0,2957.6328
1125,16.1824,15.8116,2.2568,16.0777,420.0,12356.0,2957.6328
1126,16.0707,15.63,1.7949,17.1925,454.0,15570.0,2957.6328
1127,17.4173,15.6561,1.9084,15.8802,452.0,17130.0,2957.6328
1128,15.8311,15.9393,2.333,16.4325,454.0,26390.0,2957.6328
1129,16.2768,15.8531,2.2481,16.2328,452.0,22682.0,2957.6328
1130,16.254,15.5326,1.8639,16.2433,450.0,14904.0,2957.6328
1131,16.2281,15.2365,1.7237,15.1389,450.0,16296.0,2957.6328
1132,15.124,15.2064,1.8334,15.7484,450.0,17604.0,2957.6328
1133,15.7761,15.2416,1.9317,16.4111,450.0,15640.0,2957.6328
1134,16.3938,14.9656,1.7838,15.0401,451.0,17068.0,2957.6328
1135,14.9939,14.9463,1.6532,15.6394,450.0,18108.0,2957.6328
1136,15.6834,15.2029,1.8591,15.2674,450.0,16336.0,2957.6328
1137,15.2349,14.9649,1.5905,15.5198,450.0,16704.0,2957.6328
1138,15.5612,14.9297,1.8258,15.8019,450.0,16460.0,2957.6328
1139,15.8232,15.4842,1.9528,16.6459,452.0,18179.0,2957.6328
1140,16.6294,15.6129,1.9189,15.6729,459.0,23410.0,2957.6328
1141,15.688,15.5607,1.8829,16.0254,456.0,25667.0,2957.6328
1142,16.0169,15.6152,1.9616,16.5936,455.0,22348.0,2957.6328
1143,16.6054,15.925,2.0841,16.1836,452.0,26430.0,2957.6328
1144,16.2297,15.6915,1.8991,16.0527,456.0,24117.0,2957.6328
1145,15.9811,15.6674,1.8342,15.7254,456.0,35660.0,2957.6328
1146,15.7014,15.804,1.8628,16.8407,451.0,18408.0,2957.6328
1147,16.8951,15.6618,1.9188,15.795,452.0,22395.0,2957.6328
1148,15.7768,15.8717,1.7967,16.6455,452.0,28763.0,2957.6328
1149,16.6711,15.5423,1.9361,16.0883,451.0,17854.0,2957.6328
1150,16.1751,14.9979,1.7124,15.0461,453.0,21264.0,2957.6328
1151,14.8921,14.9612,1.7125,14.7439,452.0,23235.0,2957.6328
1152,14.7852,15.1452,1.6643,15.9393,450.0,17358.0,2957.6328
1153,15.9658,15.0094,1.6947,15.6421,450.0,16542.0,2957.6328
1154,15.604,15.2422,1.6345,16.0309,451.0,17679.0,2957.6328
1155,16.0965,15.2138,1.8851,15.872,450.0,15288.0,2957.6328
1156,15.8649,15.3262,1.6688,16.8528,454.0,21538.0,2957.6328
1157,16.8547,15.3442,2.0057,15.5431,454.0,29535.0,2957.6328
1158,15.5453,15.829,2.0131,15.6366,454.0,17668.0,2957.6328
1159,15.6525,15.7598,1.7486,16.4284,452.0,30398.0,2957.6328
1160,16.3432,15.368,1.6793,16.1166,452.0,41414.0,2957.6328
1161,16.1855,15.677,2.0901,16.4743,452.0,29172.0,2957.6328
1162,16.5878,15.6219,2.3893,16.4895,451.0,24702.0,2957.6328
1163,16.4502,15.5936,2.0374,18.5891,505.0,86018.0,2957.6328
1164,18.5812,15.3244,2.2074,17.1956,513.0,95247.0,2957.6328
1165,17.0992,13.654,1.9623,11.1802,329.0,59748.0,2957.6328
1166,11.1328,13.1571,1.5463,12.4618,269.0,15780.0,2957.6328
1167,12.618,11.3981,1.8681,12.0789,254.0,15096.0,2957.6328
1168,11.9845,11.5561,1.8273,12.0818,292.0,14588.0,2957.6328
1169,12.0705,10.7241,1.7685,12.1159,291.0,15572.0,2957.6328
1170,12.1496,10.9291,1.702,10.6591,293.0,14668.0,2957.6328
1171,10.5977,10.8756,1.6479,12.9074,291.0,15572.0,2957.6328
1172,12.9674,10.9355,2.1928,10.975,296.0,15588.0,2957.6328
1173,10.9713,11.08,1.8891,10.6299,295.0,14184.0,2978.3203
1174,10.601,10.9954,1.7101,11.899,295.0,14648.0,2993.0078
1175,11.9133,11.6918,1.9445,12.4787,293.0,16502.0,2993.0078
1176,12.509,11.4069,1.8681,11.3012,296.0,18977.0,2993.0078
1177,11.2414,11.6198,2.2823,12.679,295.0,18310.0,2963.6328
1178,12.6966,10.7991,1.7122,10.782,266.0,22584.0,2922.2578
1179,10.7921,11.3975,1.8617,11.6539,263.0,48612.0,2922.2578
1180,11.6884,11.3432,1.669,11.6091,256.0,16848.0,2922.2578
1181,11.5761,11.4191,1.8568,12.2822,257.0,11628.0,2922.2578
1182,12.3073,10.8944,1.8713,11.7094,258.0,15024.0,2922.2578
1183,11.7425,11.4985,1.9414,12.3543,256.0,11616.0,2922.2578
1184,12.4617,11.0981,2.5455,11.5504,292.0,17104.0,2922.2578
1185,11.3991,11.1558,2.154,11.9303,292.0,15148.0,2922.2578
1186,11.9571,11.8318,2.1503,11.9321,294.0,35751.0,2922.2578
1187,11.8939,11.0718,1.8125,10.9408,279.0,15881.0,2922.2578
1188,10.9312,11.5444,1.647,12.0862,297.0,18815.0,2922.2578
1189,12.0435,11.012,1.8182,11.3352,296.0,32220.0,2922.2578
1190,11.3676,11.6412,2.0974,12.5697,292.0,13904.0,2922.2578
1191,12.5666,11.4097,1.7406,11.682,271.0,12474.0,2922.2578
1192,11.6841,10.7953,1.9117,11.567,287.0,20561.0,2922.2578
1193,11.6785,10.9779,1.6475,11.2507,293.0,16970.0,2922.2578
1194,11.1307,10.9536,1.4457,11.0087,298.0,20359.0,2922.2578
1195,11.0789,10.6956,1.3973,11.9097,293.0,14370.0,2922.2578
1196,11.8412,10.7865,1.5596,11.0617,292.0,16388.0,2922.2578
1197,11.074,10.9421,1.7061,10.9932,290.0,19688.0,2922.2578
1198,10.9984,10.8359,1.5956,12.4427,290.0,26164.0,2922.2578
1199,12.4604,11.5123,1.8654,12.2022,291.0,21820.0,2922.2578
1200,12.3471,11.4033,2.1091,11.2288,299.0,35817.0,2922.2578
1201,11.0848,11.0018,1.7224,11.8214,292.0,22495.0,2922.2578
1202,11.8244,11.034,1.5169,11.6205,293.0,26221.0,2922.2578
1203,11.6769,11.7131,1.7838,11.8767,292.0,19568.0,2922.2578
1204,11.8857,11.0311,1.5812,11.5624,296.0,19011.0,2922.2578
1205,11.4988,11.02,1.8548,11.9239,296.0,18843.0,2922.2578
1206,11.965,11.1025,1.673,11.5694,295.0,26290.0,2922.2578
1207,11.7537,11.3541,2.0299,12.2224,294.0,24502.0,2922.2578
1208,11.956,11.8364,1.6438,11.7975,295.0,20965.0,2922.2578
1209,11.8753,10.7907,1.7176,12.3873,292.0,15282.0,2922.2578
1210,12.364,11.5784,1.8819,11.1672,291.0,14386.0,2922.2578
1211,11.1253,11.0634,1.6224,12.1554,290.0,14120.0,2922.2578
1212,12.2327,11.0739,2.0206,11.7303,290.0,15702.0,2922.2578
1213,11.6596,11.7175,1.6907,11.7065,291.0,14498.0,2922.2578
1214,11.8606,11.2361,1.5966,11.6513,291.0,14856.0,2922.2578
1215,11.5352,10.7438,1.5857,11.7004,292.0,15402.0,2922.2578
1216,11.749,10.7665,1.7806,11.0199,290.0,14594.0,2922.2578
1217,10.95,10.9699,1.6324,11.3096,291.0,16080.0,2922.2578
1218,11.3603,10.7718,1.4554,10.9839,291.0,25862.0,2922.2578
1219,10.9208,10.7752,1.7569,11.8224,291.0,35374.0,2922.2578
1220,11.8278,10.746,1.6265,10.891,294.0,15034.0,2922.2578
1221,10.9234,10.9518,1.4624,11.22,295.0,17838.0,2922.2578
1222,11.1908,10.7643,1.6828,11.1047,294.0,16136.0,2922.2578
1223,11.0881,10.8885,1.5455,11.7104,292.0,24860.0,2922.2578
1224,11.7227,10.9921,1.7845,11.4221,293.0,14388.0,2922.2578
1225,11.4495,10.7776,1.5125,11.3319,293.0,16440.0,2922.2578
1226,11.3278,10.9643,1.7125,11.3616,290.0,20380.0,2922.2578
1227,11.3804,10.8263,1.737,11.9064,291.0,14624.0,2922.2578
1228,11.8847,11.305,1.752,11.5132,290.0,15076.0,2922.2578
1229,11.4766,11.3906,1.6615,11.7558,291.0,14624.0,2922.2578
1230,11.8192,11.513,1.9431,14.0253,290.0,15540.0,2922.2578
1231,14.0533,11.079,2.1867,10.8213,291.0,15552.0,2922.2578
1232,10.8556,11.1644,1.9549,10.7802,291.0,14160.0,2922.2578
1233,10.7159,11.3347,1.9801,11.3861,290.0,14612.0,2922.2578
1234,11.3463,11.2463,1.5058,11.802,291.0,18168.0,2922.2578
1235,11.9162,11.0165,1.8337,11.2179,292.0,17243.0,2922.2578
1236,11.1837,11.5768,1.8178,11.8801,297.0,18292.0,2922.2578
1237,11.802,11.0337,1.9512,11.6093,273.0,64748.0,2922.2578
1238,11.6611,11.1793,2.404,12.1985,259.0,11588.0,2922.2578
1239,12.151,11.5612,1.7191,11.8093,257.0,11586.0,2922.2578
1240,11.7654,11.064,1.6323,11.783,259.0,14994.0,2922.2578
1241,11.7974,11.3185,1.4886,11.9247,292.0,17062.0,2922.2578
1242,11.9661,11.0206,1.5242,11.3677,292.0,14970.0,2922.2578
1243,11.4621,11.6116,1.508,11.9933,292.0,35865.0,2922.2578
1244,11.8957,11.0729,1.5636,11.8579,285.0,17625.0,2922.2578
1245,11.9031,10.7496,1.8279,11.3585,294.0,17399.0,2922.2578
1246,11.3834,10.9752,1.6954,11.3412,292.0,32456.0,2922.2578
1247,11.278,10.7862,1.6817,10.6801,283.0,13416.0,2922.2578
1248,10.6801,10.7432,1.4734,11.6418,270.0,14012.0,2922.2578
1249,11.6673,11.4555,1.6629,12.3522,281.0,18915.0,2922.2578
1250,12.4026,11.251,1.7316,11.7509,290.0,16956.0,2922.2578
1251,11.7177,10.7056,1.8041,11.0484,298.0,20359.0,2922.2578
1252,11.1237,11.4375,1.7824,12.046,297.0,14374.0,2922.2578
1253,11.9786,11.4958,2.0054,11.8812,294.0,16368.0,2922.2578
1254,11.848,11.2872,1.8999,11.9585,294.0,24924.0,2922.2578
1255,11.9578,11.1584,1.7771,11.8158,293.0,20946.0,2922.2578
1256,11.7931,11.3705,1.6359,11.9948,293.0,21822.0,2922.2578
1257,12.0341,11.1333,1.6744,10.928,302.0,35831.0,2922.2578
1258,11.0042,11.0725,1.9569,12.2483,293.0,23041.0,2922.2578
1259,12.2699,11.6137,1.9408,11.3654,293.0,25687.0,2922.2578
1260,11.3156,11.118,1.8389,12.7724,291.0,19556.0,2922.2578
1261,12.7548,11.006,1.894,11.786,293.0,19019.0,2922.2578
1262,11.8066,11.0692,1.9609,11.1085,293.0,18851.0,2922.2578
1263,11.0621,11.854,1.7307,12.9224,291.0,26286.0,2922.2578
1264,12.9276,11.1715,2.5243,11.3512,292.0,24500.0,2922.2578
1265,11.3589,11.1512,2.1435,13.4657,294.0,20975.0,2922.2578
1266,13.4892,10.9101,2.388,10.2731,291.0,15292.0,2922.2578
1267,10.2721,11.3161,2.9242,11.8567,291.0,14386.0,2922.2578
1268,11.8703,11.036,2.4179,11.7992,295.0,14136.0,2922.2578
1269,11.8623,11.1588,2.4574,11.7842,294.0,15706.0,2922.2578
1270,11.7817,11.8624,2.42,12.3734,296.0,14514.0,2922.2578
1271,12.3612,11.0743,2.1766,11.2691,292.0,14846.0,2922.2578
1272,11.161,11.4407,1.9479,11.3958,293.0,15392.0,2922.2578
1273,11.4162,11.3549,1.6547,12.2171,292.0,14596.0,2922.2578
1274,12.2885,11.6444,2.0044,11.5823,290.0,16068.0,2922.2578
1275,11.4865,11.0825,1.6838,11.9766,290.0,25850.0,2922.2578
1276,12.0652,11.3933,1.9215,12.4753,290.0,35362.0,2922.2578
1277,12.446,11.4985,1.9419,11.2991,291.0,15042.0,2922.2578
1278,11.2719,11.2253,1.9333,11.4474,290.0,17822.0,2922.2578
1279,11.4471,11.361,1.9291,11.7991,290.0,16132.0,2922.2578
1280,11.9025,11.3984,1.8019,11.8135,291.0,24870.0,2922.2578
1281,11.7964,11.5282,1.9137,12.2066,290.0,14374.0,2922.2578
1282,12.1476,11.3951,2.1601,11.6784,290.0,16426.0,2922.2578
1283,11.7228,11.2828,1.6424,12.9095,291.0,20856.0,2922.2578
1284,12.8832,11.3503,2.0313,11.2339,295.0,14164.0,2922.2578
1285,11.1836,11.1099,1.6603,11.8095,294.0,15080.0,2922.2578
1286,11.9023,11.367,1.9082,11.8561,294.0,14616.0,2922.2578
1287,11.7742,11.321,1.8712,12.1974,292.0,15542.0,2922.2578
1288,12.1597,10.9964,1.7056,10.9851,293.0,15554.0,2922.2578
1289,11.0113,11.0298,1.5071,11.3753,292.0,14150.0,2922.2578
1290,11.3656,11.113,1.5633,11.3445,290.0,14612.0,2922.2578
1291,11.3796,11.2549,1.6684,11.976,290.0,18156.0,2922.2578
1292,11.9827,11.391,1.8087,12.1264,292.0,17243.0,2922.2578
1293,12.1855,11.3402,1.9751,11.7269,292.0,23508.0,2922.2578
1294,11.647,11.4847,1.8987,12.3728,269.0,59464.0,2922.2578
1295,12.3927,11.0906,1.8062,11.614,256.0,11596.0,2922.2578
1296,11.5977,11.4144,1.7112,11.8992,255.0,11584.0,2922.2578
1297,11.9151,11.4891,1.7213,11.4652,258.0,15052.0,2922.2578
1298,11.4308,11.2167,1.8231,11.8862,291.0,17072.0,2922.2578
1299,11.8991,11.2238,1.7291,11.813,290.0,14946.0,2922.2578
1300,11.8863,11.6121,1.7914,12.4117,296.0,35869.0,2922.2578
1301,12.3443,11.4017,1.7362,11.3441,291.0,17797.0,2922.2578
1302,11.3191,11.2872,1.7741,12.184,298.0,19735.0,2922.2578
1303,12.1947,11.3211,1.7246,11.6827,294.0,30250.0,2922.2578
1304,11.6556,11.3718,1.5117,11.8795,292.0,15338.0,2922.2578
1305,12.0151,11.0907,1.7448,11.8543,284.0,18977.0,2922.2578
1306,11.8057,11.7732,1.9073,12.4691,292.0,16980.0,2922.2578
1307,12.4203,11.4119,1.7924,11.7938,296.0,19967.0,2922.2578
1308,11.846,11.0592,1.8162,11.1163,293.0,14738.0,2922.2578
1309,11.1632,11.0456,1.4812,11.9819,290.0,16364.0,2922.2578
1310,11.903,10.9378,1.762,10.8422,292.0,24944.0,2922.2578
1311,10.8762,11.1711,2.0076,11.8772,286.0,20384.0,2922.2578
1312,11.8065,11.0785,1.4608,11.4576,292.0,20544.0,2922.2578
1313,11.5331,10.9892,1.793,11.8635,299.0,37413.0,2922.2578
1314,11.8496,11.5525,2.0558,11.6221,292.0,20877.0,2922.2578
1315,11.6531,11.4645,2.2282,13.13,293.0,24039.0,2922.2578
1316,13.1096,11.102,1.9937,11.738,295.0,20024.0,2922.2578
1317,11.7857,11.1611,1.7548,11.5622,295.0,19560.0,2922.2578
1318,11.4871,11.608,1.7795,11.6503,300.0,20070.0,2922.2578
1319,11.6592,11.0869,1.7149,12.0176,293.0,27884.0,2922.2578
1320,12.016,11.2731,1.7574,12.0278,295.0,24514.0,2922.2578
1321,11.984,11.2752,1.7402,11.022,295.0,20965.0,2922.2578
1322,11.0469,11.2455,1.9584,12.5729,289.0,12954.0,2922.2578
1323,12.5961,11.2818,1.849,10.9526,291.0,15108.0,2922.2578
1324,10.9958,11.3795,1.9423,12.6324,289.0,13546.0,2922.2578
1325,12.5837,11.385,1.91,11.6231,289.0,14126.0,2922.2578
1326,11.5942,11.3036,1.5944,12.1271,290.0,14458.0,2922.2578
1327,12.1765,11.2567,1.7097,11.4579,289.0,14112.0,2922.2578
1328,11.4339,11.3147,1.709,11.3309,289.0,14490.0,2922.2578
1329,11.3448,11.02,1.7763,12.1541,289.0,13864.0,2922.2578
1330,12.1691,11.0572,1.8445,11.289,290.0,14444.0,2922.2578
1331,11.3065,11.2657,1.7482,12.0696,290.0,26354.0,2922.2578
1332,12.0493,11.0022,1.8935,11.2878,293.0,31920.0,2922.2578
1333,11.2566,11.2743,1.5465,12.0476,293.0,16592.0,2922.2578
1334,12.0445,11.0825,1.5912,11.8897,294.0,16952.0,2922.2578
1335,11.8623,11.081,1.7919,10.961,293.0,16012.0,2922.2578
1336,10.9644,11.2389,1.345,11.9598,292.0,22916.0,2922.2578
1337,12.0169,11.0358,1.5704,11.3851,291.0,14872.0,2922.2578
1338,11.3444,11.17,1.5828,11.8116,289.0,15162.0,2922.2578
1339,11.7879,11.0146,1.4938,11.3191,290.0,20660.0,2922.2578
1340,11.4235,11.3379,1.7624,12.4921,289.0,13418.0,2922.2578
1341,12.4396,11.0441,1.6653,11.4718,290.0,13894.0,2922.2578
1342,11.4858,11.5637,1.7544,11.5579,292.0,14382.0,2922.2578
1343,11.5125,11.2896,1.6566,12.8557,289.0,14810.0,2922.2578
1344,12.9096,11.2746,1.873,11.5048,289.0,13882.0,2922.2578
1345,11.4689,11.3344,1.7162,10.8537,289.0,13882.0,2922.2578
1346,10.8456,10.9863,1.5118,11.8468,289.0,14346.0,2922.2578
1347,11.8821,11.3321,1.5831,12.5125,290.0,16974.0,2922.2578
1348,12.5759,11.4833,1.9613,11.6924,295.0,16981.0,2922.2578
1349,11.7695,10.981,2.0282,11.446,294.0,22770.0,2922.2578
1350,11.3124,11.6442,1.7238,11.3374,279.0,59158.0,2922.2578
1351,11.2958,11.0815,1.551,12.6544,256.0,10856.0,2922.2578
1352,12.7002,11.3663,1.8214,11.5653,257.0,10868.0,2922.2578
1353,11.5877,10.8754,1.7448,11.3404,265.0,14684.0,2922.2578
1354,11.3912,11.4253,1.8369,12.3891,284.0,15982.0,2922.2578
1355,12.3217,11.6129,1.8529,12.1475,291.0,14240.0,2922.2578
1356,12.4356,11.0966,2.1986,12.3924,291.0,35135.0,2922.2578
1357,12.1096,11.04,1.911,11.1385,293.0,17435.0,2922.2578
1358,11.1383,11.1269,1.8766,12.2989,290.0,19123.0,2922.2578
1359,12.3575,11.257,2.0232,10.3983,291.0,29388.0,2922.2578
1360,10.3215,11.0706,1.932,12.2489,289.0,14850.0,2922.2578
1361,12.2919,11.0586,1.8691,11.0384,282.0,17745.0,2922.2578
1362,11.0649,11.5298,1.9159,12.4366,289.0,16226.0,2922.2578
1363,12.3926,11.0068,1.8509,11.3941,295.0,19237.0,2922.2578
1364,11.3646,11.0034,1.9389,11.5068,296.0,14012.0,2922.2578
1365,11.4915,11.3314,1.6815,11.9922,293.0,15638.0,2922.2578
1366,12.0383,11.3243,1.606,11.6392,294.0,24206.0,2922.2578
1367,11.6161,11.1032,1.3824,11.623,292.0,19908.0,2922.2578
1368,11.6413,11.1564,1.555,12.1703,292.0,19804.0,2922.2578
1369,12.1911,11.091,1.8187,10.744,301.0,36697.0,2922.2578
1370,10.7858,11.4935,1.9311,12.6999,292.0,20159.0,2922.2578
1371,12.6643,11.3688,1.9276,11.791,293.0,23785.0,2922.2578
1372,11.7944,11.2515,1.6727,10.9181,290.0,18826.0,2922.2578
1373,10.8707,11.0712,1.7,12.218,294.0,20721.0,2922.2578
1374,12.2457,11.357,1.8642,12.0061,292.0,19049.0,2922.2578
1375,12.0284,11.5695,1.6624,11.1984,290.0,25556.0,2922.2578
1376,11.1514,11.0326,1.8547,11.7843,291.0,23770.0,2922.2578
1377,11.7685,11.2734,1.6594,11.9222,292.0,20233.0,2922.2578
1378,12.0475,11.0032,1.7518,11.8903,290.0,12966.0,2922.2578
1379,11.8316,11.5292,1.8527,11.6424,289.0,15084.0,2922.2578
1380,11.6424,11.0392,1.5958,12.0745,293.0,13550.0,2922.2578
1381,11.9743,11.2647,1.5051,12.0453,294.0,14142.0,2922.2578
1382,12.113,11.3811,1.692,11.5796,295.0,14786.0,2922.2578
1383,11.5418,11.3121,1.7745,12.0557,291.0,13960.0,2922.2578
1384,12.0472,11.3127,1.8032,11.5434,291.0,14650.0,2922.2578
1385,11.5539,11.2601,1.5826,12.0095,292.0,13720.0,2922.2578
1386,11.9884,11.2353,1.5894,11.3673,289.0,23260.0,2922.2578
1387,11.3604,11.1581,1.599,11.703,289.0,17356.0,2922.2578
1388,11.9012,11.0312,1.9721,11.8171,290.0,34180.0,2922.2578
1389,11.6646,11.3454,1.543,11.7976,289.0,14336.0,2922.2578
1390,11.8167,11.0588,1.6458,11.573,290.0,17482.0,2922.2578
1391,11.6121,11.3063,1.8002,11.4652,290.0,15464.0,2922.2578
1392,11.4333,11.3324,1.6739,12.0574,291.0,22926.0,2922.2578
1393,12.1182,11.176,1.7421,11.9888,292.0,14906.0,2922.2578
1394,11.9254,11.0472,1.6607,11.2944,289.0,15162.0,2922.2578
1395,11.3637,11.5617,1.844,13.035,290.0,20660.0,2922.2578
1396,12.991,11.2855,1.6671,11.5141,293.0,13422.0,2922.2578
1397,11.507,11.3106,1.5979,11.1815,294.0,14362.0,2922.2578
1398,11.2195,11.5192,1.7418,11.8631,294.0,14362.0,2922.2578
1399,11.8183,11.3115,1.53,12.5147,291.0,14348.0,2922.2578
1400,12.4751,11.3384,1.4614,11.7834,291.0,14348.0,2922.2578
1401,11.8308,11.2745,1.6088,11.6049,292.0,13896.0,2922.2578
1402,11.6863,11.0223,1.6355,11.5807,290.0,15582.0,2922.2578
1403,11.5937,11.2193,1.7072,11.4688,289.0,15738.0,2922.2578
1404,11.3333,11.2422,1.6394,12.0481,291.0,22053.0,2922.2578
1405,12.2011,11.0316,1.7768,11.4495,290.0,27690.0,2922.2578
1406,11.4835,11.1023,1.6499,11.8175,270.0,48390.0,2922.2578
1407,11.6743,11.2846,2.1024,11.7853,254.0,10854.0,2922.2578
1408,11.8138,11.0439,1.9001,11.0748,255.0,10866.0,2922.2578
1409,11.0463,11.2344,1.5473,12.0866,270.0,16742.0,2922.2578
1410,12.138,11.0201,1.496,11.2069,280.0,14102.0,2922.2578
1411,11.1806,11.0339,1.5724,11.9135,289.0,20836.0,2922.2578
1412,11.8632,10.9953,1.7005,12.086,295.0,28519.0,2922.2578
1413,12.1226,11.2586,1.7097,11.4578,297.0,17903.0,2922.2578
1414,11.4578,11.0143,1.724,11.6167,296.0,20651.0,2922.2578
1415,11.6008,11.0383,1.6132,11.7553,292.0,27974.0,2922.2578
1416,11.7807,11.3117,1.8004,11.4411,291.0,15840.0,2922.2578
1417,11.4293,11.0761,1.552,11.3311,285.0,16915.0,2922.2578
1418,11.3852,11.0328,1.7016,12.0682,292.0,18879.0,2922.2578
1419,12.1064,11.0032,1.7458,11.1823,292.0,16120.0,2922.2578
1420,11.1144,11.2308,1.5792,12.2055,292.0,14380.0,2922.2578
1421,12.2073,10.9781,1.497,10.7537,290.0,15274.0,2922.2578
1422,10.6902,11.0546,1.6183,12.2434,289.0,25786.0,2922.2578
1423,12.3074,11.0895,1.4828,11.3843,291.0,21658.0,2922.2578
1424,11.384,11.2731,1.6057,12.3206,289.0,18142.0,2922.2578
1425,12.2966,11.0481,1.7159,11.0403,299.0,35541.0,2922.2578
1426,11.0221,11.0416,1.5515,11.5848,291.0,22207.0,2922.2578
1427,11.7076,11.0009,1.6986,11.5838,292.0,24515.0,2922.2578
1428,11.4542,10.9867,1.7761,11.1608,296.0,19425.0,2922.2578
1429,11.1524,11.3197,1.6586,12.3586,295.0,17710.0,2922.2578
1430,12.4013,11.097,1.7547,11.3022,297.0,24849.0,2922.2578
1431,11.2758,11.0019,1.5635,11.5136,291.0,20430.0,2922.2578
1432,11.5446,11.1324,1.6427,11.2678,296.0,24059.0,2922.2578
1433,11.2692,11.1891,1.5187,12.425,292.0,18364.0,2922.2578
1434,12.3842,11.0251,1.4571,10.9154,289.0,12954.0,2922.2578
1435,11.0406,10.9712,1.4503,11.9223,289.0,15240.0,2922.2578
1436,11.8475,11.307,1.623,11.5802,289.0,13916.0,2922.2578
1437,11.55,11.1471,1.7558,11.6093,289.0,13758.0,2922.2578
1438,11.6316,11.0903,1.5156,11.4181,289.0,14600.0,2922.2578
1439,11.4129,11.048,1.4849,12.6462,289.0,14274.0,2922.2578
1440,12.617,11.469,1.5318,11.6164,289.0,14332.0,2922.2578
1441,11.6549,10.9891,1.712,10.9078,289.0,22692.0,2922.2578
1442,10.9737,11.0699,1.5543,12.0449,289.0,15202.0,2922.2578
1443,11.9819,10.9746,1.7511,11.2124,289.0,25642.0,2922.2578
1444,11.2096,11.0404,1.7361,11.9701,295.0,25446.0,2922.2578
1445,12.0441,11.2172,1.8211,11.6037,294.0,16324.0,2922.2578
1446,11.5622,11.1426,1.6069,11.2027,293.0,16000.0,2922.2578
1447,11.193,11.2935,1.5121,12.0017,292.0,14504.0,2922.2578
1448,12.0707,11.0568,1.663,11.916,292.0,23072.0,2922.2578
1449,11.7997,10.9885,1.7724,11.0015,291.0,14716.0,2922.2578
1450,10.9688,11.0448,1.3867,11.4817,290.0,17312.0,2922.2578
1451,11.5058,10.99,1.3834,11.2116,290.0,18522.0,2922.2578
1452,11.1991,11.2464,1.4663,12.1608,289.0,14346.0,2922.2578
1453,12.2708,10.9447,1.5394,11.4897,289.0,14346.0,2922.2578
1454,11.4393,11.0398,1.792,11.4251,289.0,13882.0,2922.2578
1455,11.3956,10.9739,1.5256,11.9324,289.0,14346.0,2922.2578
1456,11.963,11.1762,1.4514,11.7978,290.0,14358.0,2922.2578
1457,11.7615,11.0054,1.61,11.3009,291.0,15130.0,2922.2578
1458,11.3701,11.009,1.6399,13.5897,290.0,14358.0,2922.2578
1459,13.5835,11.0533,1.7746,9.3109,289.0,20814.0,2922.2578
1460,9.2835,11.238,1.7864,11.6475,296.0,25405.0,2922.2578
1461,11.7286,11.0818,1.6177,13.1902,294.0,29282.0,2922.2578
1462,13.1091,11.1108,1.5846,9.6617,268.0,37522.0,2922.2578
1463,9.6409,11.0669,1.6883,11.9066,256.0,10856.0,2922.2578
1464,11.966,10.9378,1.63,11.7792,261.0,11108.0,2922.2578
1465,11.7294,11.1775,1.5664,11.5001,273.0,16852.0,2922.2578
1466,11.5836,10.9992,1.647,11.1585,276.0,13814.0,2922.2578
1467,11.1607,11.0931,1.618,11.2896,290.0,21312.0,2922.2578
1468,11.2083,10.9747,1.4695,11.7308,291.0,28051.0,2922.2578
1469,11.7228,11.2949,1.6274,12.3051,292.0,17887.0,2922.2578
1470,12.3041,10.9516,1.5632,11.2476,294.0,20671.0,2922.2578
1471,11.2538,11.0478,1.359,11.8348,292.0,27996.0,2922.2578
1472,11.8658,11.2757,1.6334,11.4621,291.0,16040.0,2922.2578
1473,11.4457,11.0291,1.6209,11.412,282.0,17269.0,2922.2578
1474,11.383,11.0489,1.3303,11.4618,292.0,18381.0,2922.2578
1475,11.4822,10.9878,1.5473,12.0169,293.0,16596.0,2922.2578
1476,11.984,11.135,1.4923,10.9728,297.0,14056.0,2922.2578
1477,10.9809,11.0275,1.6115,12.2887,294.0,15154.0,2922.2578
1478,12.2986,11.042,1.5621,11.296,293.0,25790.0,2922.2578
1479,11.285,11.1103,1.4639,11.6175,292.0,23336.0,2922.2578
1480,11.738,11.2465,1.5365,11.3947,294.0,18339.0,2922.2578
1481,11.3417,11.0035,1.4914,11.9604,298.0,34124.0,2922.2578
1482,11.9264,11.0073,1.6259,10.613,292.0,21755.0,2922.2578
1483,10.5382,11.004,1.2708,12.4517,293.0,24527.0,2922.2578
1484,12.6061,11.0713,1.6719,11.5432,291.0,19409.0,2922.2578
1485,11.4229,11.378,1.3088,11.3192,290.0,17694.0,2922.2578
1486,11.4371,10.9574,1.552,12.0567,292.0,25367.0,2922.2578
1487,11.9541,11.0551,1.477,11.7962,289.0,19894.0,2922.2578
1488,11.8105,11.044,1.5223,10.6087,294.0,24057.0,2922.2578
1489,10.6225,11.2964,1.4941,12.3751,292.0,18386.0,2922.2578
1490,12.3737,10.9953,1.5124,11.4964,289.0,12954.0,2922.2578
1491,11.5327,11.0729,1.5802,10.9188,289.0,15240.0,2922.2578
1492,10.8981,10.9386,1.5088,12.1802,293.0,13920.0,2922.2578
1493,12.1584,11.1884,1.4521,11.1997,294.0,14142.0,2922.2578
1494,11.196,11.0439,1.4186,12.4908,293.0,14394.0,2922.2578
1495,12.5014,11.1248,1.3893,10.5499,291.0,14118.0,2922.2578
1496,10.5567,11.2123,1.3976,12.6166,293.0,14358.0,2922.2578
1497,12.6388,10.9422,1.6688,11.2828,291.0,23314.0,2922.2578
1498,11.2708,10.9911,1.5356,11.2591,290.0,14594.0,2922.2578
1499,11.2581,10.982,1.4286,11.3404,290.0,27906.0,2922.2578
1500,11.4277,11.0946,1.5293,12.0063,291.0,23190.0,2922.2578
1501,11.9837,11.2621,1.5538,11.1989,289.0,17426.0,2922.2578
1502,11.1614,11.0191,1.4887,11.5383,289.0,14878.0,2922.2578
1503,11.4941,11.0183,1.4235,12.1817,289.0,14490.0,2922.2578
1504,12.1953,11.2745,1.664,11.5695,289.0,23058.0,2922.2578
1505,11.5744,11.2635,1.6201,12.6115,289.0,16388.0,2922.2578
1506,12.5741,11.0104,1.4308,10.374,289.0,15626.0,2922.2578
1507,10.4156,11.0096,1.4512,11.827,290.0,18522.0,2922.2578
1508,11.8153,10.9582,1.3578,12.0208,294.0,14826.0,2922.2578
1509,11.9874,11.2447,1.5474,10.8473,294.0,13898.0,2922.2578
1510,10.913,11.0459,1.5385,11.7908,294.0,13898.0,2922.2578
1511,11.7678,11.1081,1.5425,11.0641,291.0,14812.0,2922.2578
1512,11.0446,11.0251,1.2324,12.1155,292.0,15584.0,2922.2578
1513,12.1246,10.9936,1.3718,11.1153,291.0,13420.0,2922.2578
1514,11.1662,11.11,1.8657,12.6838,292.0,14382.0,2922.2578
1515,12.6273,11.0503,1.5707,10.6024,291.0,26070.0,2922.2578
1516,10.593,11.2147,1.3525,12.2751,293.0,20181.0,2922.2578
1517,12.3235,11.1096,1.4941,11.6011,289.0,39730.0,2922.2578
1518,11.6061,11.21,1.5465,10.9331,260.0,26862.0,2922.2578
1519,10.9009,11.0771,1.6101,11.7526,254.0,10854.0,2922.2578
1520,11.7968,10.9695,1.5355,11.4628,273.0,13634.0,2922.2578
1521,11.5476,11.2207,1.8024,12.6082,258.0,14382.0,2922.2578
1522,12.5447,11.3046,1.77,10.9619,280.0,14422.0,2922.2578
1523,10.9225,10.987,1.6495,11.912,289.0,20932.0,2922.2578
1524,11.8812,11.0642,1.629,11.3789,296.0,28067.0,2922.2578
1525,11.4533,11.2406,1.5059,11.7333,297.0,19771.0,2922.2578
1526,11.6401,11.1142,1.5194,11.4976,296.0,18903.0,2922.2578
1527,11.5106,11.0801,1.4876,12.0726,295.0,28020.0,2922.2578
1528,12.0951,11.0824,1.443,11.4528,291.0,15888.0,2922.2578
1529,11.5468,11.1263,1.4169,11.4297,285.0,19402.0,2922.2578
1530,11.3366,10.9467,1.3642,12.5044,290.0,16510.0,2922.2578
1531,12.5714,11.0186,1.7295,10.5246,293.0,16476.0,2922.2578
1532,10.5321,11.2146,1.9995,12.1301,292.0,13792.0,2922.2578
1533,12.1114,11.2197,1.8155,12.2567,291.0,15162.0,2922.2578
1534,12.229,11.0981,1.6915,10.9168,289.0,25786.0,2922.2578
1535,10.96,11.0887,1.6862,11.307,292.0,25205.0,2922.2578
1536,11.2248,10.9524,1.5061,12.2697,289.0,16918.0,2922.2578
1537,12.2739,11.032,1.4914,10.7663,296.0,33658.0,2922.2578
1538,10.8157,11.1986,1.6662,12.0672,292.0,21755.0,2922.2578
1539,12.1236,11.0506,1.49,11.0854,293.0,24991.0,2922.2578
1540,11.0739,10.8801,1.3898,11.698,296.0,18961.0,2922.2578
1541,11.6568,10.9349,1.2734,11.3575,294.0,17698.0,2922.2578
1542,11.3273,10.9708,1.4256,11.1539,298.0,25395.0,2922.2578
1543,11.1511,10.7848,1.3626,11.3848,292.0,19908.0,2922.2578
1544,11.4779,10.8059,1.6775,11.6772,295.0,24047.0,2922.2578
1545,11.6002,10.9535,1.5044,10.622,293.0,18376.0,2922.2578
1546,10.6427,10.7628,1.5925,11.5831,289.0,13644.0,2922.2578
1547,11.5701,10.7597,1.4885,11.5891,290.0,14930.0,2922.2578
1548,11.6043,11.0159,2.0639,11.5321,290.0,13560.0,2922.2578
1549,11.5961,11.0429,2.0182,11.3376,289.0,14284.0,2922.2578
1550,11.2563,11.0073,1.7433,11.2126,290.0,14244.0,2922.2578
1551,11.3061,10.7348,1.4839,11.4175,290.0,14128.0,2922.2578
1552,11.3089,10.683,1.3773,11.8341,290.0,23110.0,2922.2578
1553,11.8459,10.9722,1.4782,10.9031,289.0,15010.0,2922.2578
1554,10.9167,10.9645,1.5456,11.2071,289.0,14880.0,2922.2578
1555,11.175,10.7642,1.4999,11.9155,289.0,27132.0,2922.2578
1556,11.9054,10.7488,1.5187,10.5424,294.0,23944.0,2922.2578
1557,10.5723,10.9667,1.5919,11.776,294.0,17642.0,2922.2578
1558,11.8239,10.7714,1.6249,10.9535,293.0,14454.0,2922.2578
1559,10.8943,10.877,1.6162,11.2258,291.0,13958.0,2922.2578
1560,11.2402,10.7973,1.5626,11.8176,291.0,23060.0,2922.2578
1561,11.9061,10.9683,1.4289,11.3624,291.0,16390.0,2922.2578
1562,11.3126,10.6576,1.5869,10.6766,290.0,15638.0,2922.2578
1563,10.6697,10.7208,1.4466,11.1587,289.0,18510.0,2922.2578
1564,11.1575,10.7576,1.1653,11.0547,290.0,14822.0,2922.2578
1565,10.9786,10.7451,1.0732,12.0845,289.0,13882.0,2922.2578
1566,12.1664,10.9743,1.5979,11.4139,289.0,14346.0,2922.2578
1567,11.3709,10.6114,1.5911,10.6908,289.0,16498.0,2922.2578
1568,10.8248,10.7763,1.8093,11.643,289.0,13418.0,2922.2578
1569,11.4897,10.7078,1.5617,10.5951,289.0,13882.0,2922.2578
1570,10.5826,10.9827,1.9061,12.4484,289.0,19114.0,2922.2578
1571,12.4655,10.7593,1.5427,10.4354,289.0,21122.0,2922.2578
1572,10.4502,10.7329,1.5191,11.5806,296.0,19865.0,2922.2578
1573,11.596,10.7381,1.4415,11.0752,293.0,44966.0,2922.2578
1574,11.1535,10.7365,1.475,10.9114,260.0,21442.0,2922.2578
1575,10.8532,11.0353,1.6372,11.5581,256.0,10856.0,2922.2578
1576,11.5105,10.7594,1.3412,10.9466,277.0,13756.0,2922.2578
1577,10.9706,10.6817,1.4385,11.4335,258.0,14264.0,2922.2578
1578,11.4593,10.7448,1.6314,11.453,283.0,14650.0,2922.2578
1579,11.4884,10.9264,1.3936,10.9986,290.0,20944.0,2922.2578
1580,11.0612,10.6749,2.001,11.7611,287.0,27811.0,2922.2578
1581,11.6545,10.8032,1.4779,11.0054,294.0,19779.0,2922.2578
1582,10.9651,10.7579,1.3326,11.566,294.0,18923.0,2922.2578
1583,11.6108,10.7685,1.6596,11.768,292.0,28006.0,2922.2578
1584,11.7912,11.2251,1.9176,11.0149,291.0,15910.0,2922.2578
1585,10.9438,10.7612,1.5927,11.4718,289.0,21532.0,2922.2578
1586,11.5461,10.7946,1.3606,10.7277,291.0,15118.0,2922.2578
1587,10.6834,10.7543,1.4371,11.6729,293.0,16232.0,2922.2578
1588,11.6322,10.9708,1.3461,11.5626,296.0,13796.0,2922.2578
1589,11.6379,10.7593,1.3728,10.8152,293.0,16614.0,2922.2578
1590,10.8226,10.796,1.2683,11.8391,295.0,26065.0,2922.2578
1591,11.7921,10.97,1.4318,10.9331,293.0,23812.0,2922.2578
1592,10.9896,10.7984,1.477,11.2872,292.0,17002.0,2922.2578
1593,11.2792,10.8065,1.589,11.6674,300.0,35280.0,2922.2578
1594,11.6465,10.9258,1.6097,10.8044,293.0,24676.0,2922.2578
1595,10.8951,10.8779,1.6613,11.2659,290.0,20380.0,2922.2578
1596,11.1571,10.7742,1.5894,11.1488,291.0,18481.0,2922.2578
1597,11.2554,10.7317,1.4863,12.0499,290.0,18228.0,2922.2578
1598,11.9477,10.9735,1.5304,11.3744,292.0,24833.0,2922.2578
1599,11.3898,10.7793,1.3503,11.6588,289.0,19894.0,2922.2578
1600,11.6886,10.9562,1.5025,11.1568,293.0,24045.0,2922.2578
1601,11.1417,10.7449,1.4677,10.6196,290.0,18362.0,2922.2578
1602,10.6151,10.7041,1.4148,11.6972,291.0,13668.0,2922.2578
1603,11.664,11.172,1.602,11.9489,291.0,15100.0,2922.2578
1604,11.9472,10.7869,1.3087,11.4803,293.0,13920.0,2922.2578
1605,11.6099,10.8007,1.6711,11.455,293.0,13762.0,2922.2578
1606,11.3851,10.9678,1.4646,10.5866,295.0,14260.0,2922.2578
1607,10.5228,10.9592,1.2955,11.5151,291.0,22884.0,2922.2578
1608,11.5815,10.7278,1.6648,12.208,291.0,15262.0,2922.2578
1609,12.1576,10.8247,1.3872,10.4573,291.0,14084.0,2922.2578
1610,10.4808,10.9227,1.635,11.3284,290.0,14892.0,2922.2578
1611,11.3437,10.7589,1.6503,11.6972,290.0,28440.0,2922.2578
1612,11.7632,10.9667,1.5924,11.1902,289.0,23060.0,2922.2578
1613,11.1427,11.0186,1.5737,11.5687,290.0,17210.0,2922.2578
1614,11.5309,10.7713,1.6341,10.8244,289.0,14450.0,2922.2578
1615,10.8896,10.7577,1.6742,12.3391,289.0,13956.0,2922.2578
1616,12.3142,11.1367,1.6205,10.7599,291.0,23082.0,2922.2578
1617,10.6819,11.005,1.5938,11.4962,290.0,16400.0,2922.2578
1618,11.5618,10.779,1.8118,11.1986,289.0,15626.0,2922.2578
1619,11.1532,10.7983,1.3319,11.3612,289.0,18510.0,2922.2578
1620,11.353,10.889,1.2495,11.5411,294.0,14826.0,2922.2578
1621,11.566,10.7689,1.4872,11.3904,293.0,14350.0,2922.2578
1622,11.4152,11.2439,1.5043,11.3378,295.0,16526.0,2922.2578
1623,11.3119,10.7821,1.6295,11.4592,292.0,13896.0,2922.2578
1624,11.4144,10.7007,1.543,11.4522,292.0,13896.0,2922.2578
1625,11.4803,11.2313,1.5844,11.1345,291.0,18652.0,2922.2578
1626,11.1265,10.9915,1.6448,11.7194,289.0,19730.0,2922.2578
1627,11.8237,10.9945,1.4228,11.066,290.0,18622.0,2922.2578
1628,11.0584,11.2933,1.5788,12.4071,291.0,16513.0,2922.2578
1629,12.345,11.2408,1.4626,12.7171,285.0,49954.0,2922.2578
1630,12.7757,11.2879,1.7826,10.7184,254.0,16086.0,2922.2578
1631,10.6369,11.0958,2.0572,11.5337,254.0,10854.0,2922.2578
1632,11.6592,11.2311,1.86,11.9671,277.0,17210.0,2922.2578
1633,11.8907,11.1846,1.5182,11.3127,263.0,11762.0,2922.2578
1634,11.3757,11.0478,1.5657,11.7089,278.0,13934.0,2922.2578
1635,11.7841,11.1394,1.6505,11.8359,289.0,20932.0,2922.2578
1636,11.7626,11.2557,1.6069,11.745,293.0,29755.0,2922.2578
1637,11.6375,11.0958,1.4511,11.8905,296.0,18011.0,2922.2578
1638,11.9737,11.1214,1.6695,11.6415,297.0,19389.0,2922.2578
1639,11.6559,11.2796,1.4861,12.0897,294.0,27414.0,2922.2578
1640,12.1507,11.2841,1.6845,11.6276,293.0,18127.0,2922.2578
1641,11.4653,11.0668,1.3903,10.6217,288.0,19555.0,2922.2578
1642,10.6481,11.0949,1.745,11.9386,289.0,15094.0,2922.2578
1643,12.001,11.2183,1.6846,15.0059,455.0,82863.0,2922.2578
1644,15.1318,11.0027,1.7314,9.1991,234.0,22286.0,2922.2578
1645,8.9785,11.0027,1.4361,5.9942,185.0,17001.0,2928.2578
1646,6.0608,12.698,1.9675,6.3609,183.0,25450.0,0.0
1647,6.38,11.7159,1.5474,6.0466,181.0,16892.0,2928.2578
1648,6.5092,11.7159,1.4909,7.7223,172.0,16260.0,2928.2578
1649,7.1765,11.7959,1.2634,10.4007,189.0,25191.0,2928.2578
1650,10.4606,11.7409,1.6504,8.0838,186.0,21099.0,0.0
1651,8.0806,11.7409,1.7358,6.5867,185.0,15325.0,2928.3828
1652,7.031,11.9592,1.5674,10.7714,189.0,16888.0,2928.3828
1653,10.2977,11.4269,1.4197,47.8097,190.0,17285.0,2928.3828
1654,47.8486,11.2881,1.936,8.036,192.0,21109.0,2928.3828
1655,8.0313,11.2523,2.0002,15.4431,187.0,16114.0,2928.3828
1656,15.4561,11.4984,1.9819,11.6523,185.0,11600.0,2928.3828
1657,11.6079,11.4984,2.3646,5.4555,185.0,12284.0,2928.3828
1658,5.5076,11.4042,1.8336,7.0143,184.0,13218.0,2928.3828
1659,7.0748,11.1873,1.4298,22.8331,183.0,12876.0,2928.3828
1660,22.7633,11.4732,1.9183,6.2965,183.0,21368.0,2928.3828
1661,6.3212,11.4732,1.9094,6.2851,184.0,14074.0,2928.3828
1662,6.264,11.2023,1.6683,23.0432,183.0,12726.0,2928.3828
1663,23.0206,11.2023,1.5986,5.7603,183.0,21976.0,2928.3828
1664,5.7282,11.4075,1.8696,6.1608,184.0,27084.0,2928.3828
1665,6.1461,11.1392,1.818,23.3839,184.0,15472.0,2928.3828
1666,23.4887,11.156,1.6113,11.4077,183.0,13634.0,2928.3828
1667,11.4204,11.156,1.743,6.2992,183.0,13406.0,2928.3828
1668,6.2352,11.2174,1.6487,5.9313,187.0,20900.0,2928.3828
1669,5.9636,11.2174,1.2087,5.7631,187.0,13098.0,2928.3828
1670,5.716,11.2835,1.3059,5.8253,187.0,17708.0,2928.3828
1671,5.8242,11.2835,1.7016,6.1516,186.0,16634.0,2928.3828
1672,6.1525,11.2445,1.4051,41.6283,186.0,14002.0,2928.3828
1673,41.6895,11.1896,1.9971,11.38,186.0,12540.0,2928.3828
1674,11.3973,11.1286,1.5717,11.7171,184.0,15618.0,2928.3828
1675,11.6586,11.6118,1.4376,12.7285,183.0,12526.0,2928.3828
1676,12.7456,11.2723,1.6154,6.4211,183.0,12526.0,2928.3828
1677,6.4057,11.2723,1.6395,6.1085,183.0,17294.0,2928.3828
1678,6.0868,11.4777,1.7682,7.1662,183.0,18374.0,2928.3828
1679,7.2568,11.4777,1.4611,6.3259,184.0,17266.0,2928.3828
1680,6.2685,11.7207,1.6313,6.4823,185.0,25621.0,2928.3828
1681,6.4744,11.7207,1.5465,6.1998,176.0,43138.0,2928.3828
1682,6.2271,11.2452,1.7441,44.168,148.0,9498.0,2928.3828
1683,44.1481,11.2452,1.8146,5.6822,165.0,12206.0,2928.3828
1684,5.7062,11.209,1.502,5.6095,158.0,13102.0,2928.3828
1685,5.582,11.3987,1.5676,23.8689,163.0,10530.0,2928.3828
1686,23.8889,11.2847,1.4831,7.0851,180.0,12870.0,2928.3828
1687,7.0138,11.2847,1.3008,5.7636,183.0,27386.0,2928.3828
1688,5.8213,11.5058,1.7159,23.0787,186.0,19486.0,2928.3828
1689,23.0628,11.2515,1.6373,11.2574,189.0,17319.0,2928.3828
1690,11.2469,11.2515,1.3662,5.559,187.0,21442.0,2928.3828
1691,5.5444,11.5849,1.2395,18.9372,185.0,20921.0,2928.3828
1692,19.0091,11.5849,2.1807,5.8579,174.0,18622.0,2928.3828
1693,5.7774,11.5051,1.3247,6.4525,183.0,20484.0,2928.3828
1694,6.4699,11.3441,1.7717,5.9732,183.0,22638.0,2928.3828
1695,6.0656,11.3441,1.6295,6.1214,183.0,12958.0,2928.3828
1696,6.0485,11.4096,1.6821,5.9604,183.0,13286.0,2928.3828
1697,5.9844,11.4096,1.4911,5.7784,183.0,11846.0,2928.3828
1698,5.8041,11.7287,1.2589,6.2502,183.0,17444.0,2928.3828
1699,6.2662,11.7287,1.3683,6.5229,183.0,15470.0,2928.3828
1700,6.447,11.5911,1.7114,8.9357,193.0,21410.0,0.0
1701,8.9825,11.5911,1.6805,6.59,189.0,30171.0,2928.3828
1702,7.4515,11.2471,1.4417,66.4275,192.0,20257.0,2929.3828
1703,65.6104,11.2471,2.2211,5.6736,187.0,12732.0,2929.3828
1704,5.6244,11.29,1.6446,6.1035,189.0,24099.0,2929.3828
1705,6.0735,11.29,1.5169,5.5784,188.0,23695.0,2929.3828
1706,5.5427,11.5963,1.4624,5.793,184.0,22234.0,2929.3828
1707,5.7912,11.5963,1.2237,6.287,185.0,21161.0,2929.3828
1708,6.3073,11.5707,1.5453,5.7445,183.0,21576.0,2929.3828
1709,5.7214,11.5707,1.3464,6.3368,182.0,16952.0,2929.3828
1710,6.3777,11.5238,1.3189,7.7097,189.0,25191.0,2929.3828
1711,7.7205,11.4651,1.58,5.7345,183.0,17476.0,2929.3828
1712,5.6751,11.4651,1.2684,7.5647,188.0,21212.0,2929.3828
1713,7.6996,11.7825,2.0138,7.1694,186.0,17824.0,2934.3828
1714,7.2724,11.1848,2.1304,73.0711,187.0,16829.0,2934.3828
1715,72.959,11.4672,2.1276,12.3299,184.0,16338.0,2934.3828
1716,12.3437,11.4876,2.259,7.321,190.0,17975.0,2934.3828
1717,7.2959,11.4876,2.075,6.4807,188.0,14950.0,2934.3828
1718,6.495,11.5723,1.7965,7.5951,188.0,12140.0,2934.3828
1719,7.6947,11.9651,2.3287,27.6036,185.0,13088.0,2934.3828
1720,27.4802,11.6351,2.3624,6.688,186.0,12578.0,2934.3828
1721,6.6735,11.2419,1.7266,17.0597,186.0,21656.0,2934.3828
1722,17.0957,11.4851,1.7336,12.291,183.0,14378.0,2934.3828
1723,12.2586,11.2739,1.5756,5.9859,183.0,11756.0,2934.3828
1724,5.9832,11.2739,1.4101,5.7655,183.0,22472.0,2934.3828
1725,5.7908,11.5162,1.4698,6.2582,183.0,26324.0,2934.3828
1726,6.1927,11.5162,1.4603,6.0222,183.0,15008.0,2934.3828
1727,6.0617,11.3065,1.6061,5.9395,184.0,15320.0,2934.3828
1728,5.9019,11.2481,1.8469,40.983,184.0,13106.0,2934.3828
1729,41.0052,11.4523,1.6271,11.1654,183.0,12600.0,2934.3828
1730,11.1698,11.4523,1.9854,5.9526,183.0,21702.0,2934.3828
1731,5.9498,11.3896,1.6234,5.4471,184.0,15578.0,2934.3828
1732,5.418,11.1753,1.4484,24.9543,189.0,18786.0,2934.3828
1733,25.0217,11.7362,1.7119,11.9076,188.0,13006.0,2934.3828
1734,11.9366,11.5373,1.7219,12.8275,187.0,13528.0,2934.3828
1735,12.8158,11.3283,1.6572,6.2339,186.0,15156.0,2934.3828
1736,6.1787,11.6325,1.6246,17.1734,185.0,12992.0,2934.3828
1737,17.2212,11.4882,1.9185,6.7205,186.0,12540.0,2934.3828
1738,6.7186,11.3724,2.2396,17.4142,183.0,16830.0,2934.3828
1739,17.4097,11.5189,1.9561,6.6227,183.0,17910.0,2934.3828
1740,6.5569,11.5189,1.6294,5.9047,184.0,17266.0,2934.3828
1741,5.9931,11.5151,1.6603,5.7568,185.0,26549.0,2934.3828
1742,5.7273,11.5151,1.5481,5.7533,183.0,38374.0,2934.3828
1743,5.7233,11.2743,1.5281,5.633,151.0,14910.0,2934.3828
1744,5.6396,11.2743,2.1018,5.8108,149.0,9510.0,2934.3828
1745,5.7858,11.1172,1.3493,46.2617,168.0,12386.0,2934.3828
1746,46.3429,11.1172,1.7681,4.9438,158.0,13754.0,2934.3828
1747,4.927,11.1487,1.534,6.0464,152.0,9738.0,2934.3828
1748,6.0602,11.1487,1.6948,6.0169,184.0,13062.0,2934.3828
1749,5.9968,11.1954,1.6277,31.1023,181.0,27708.0,2934.3828
1750,31.1164,11.5308,1.826,6.6104,187.0,19476.0,2934.3828
1751,6.5756,11.5308,1.6923,5.8306,189.0,16855.0,2934.3828
1752,5.8364,11.5676,1.4967,6.0496,189.0,23291.0,2934.3828
1753,6.0276,11.5676,1.4727,5.3835,187.0,19574.0,2934.3828
1754,5.3588,11.4216,1.3267,34.6055,177.0,21173.0,2934.3828
1755,34.6635,11.467,1.8505,6.6614,183.0,19871.0,2934.3828
1756,6.7769,11.467,1.8617,5.7758,183.0,20922.0,2934.3828
1757,5.6764,11.2965,1.5927,6.198,183.0,12466.0,2934.3828
1758,6.1653,11.2965,1.5615,6.1166,183.0,13286.0,2934.3828
1759,6.1464,11.291,1.5307,6.0285,183.0,14158.0,2934.3828
1760,6.0293,11.291,1.561,6.3159,184.0,15144.0,2934.3828
1761,6.2919,11.5514,1.4936,45.7176,183.0,16862.0,2934.3828
1762,45.7874,11.1518,2.1396,6.4132,189.0,23203.0,2934.3828
1763,6.3551,11.1518,1.5628,6.4218,188.0,32197.0,2934.3828
1764,6.3815,11.3933,1.5606,21.9719,192.0,15136.0,2934.3828
1765,22.0026,11.438,1.7027,12.24,189.0,15926.0,2934.3828
1766,12.3015,11.2929,1.9421,6.3367,190.0,20835.0,2934.3828
1767,6.3042,11.2929,1.836,6.3548,188.0,25291.0,2934.3828
1768,6.3611,11.7379,1.6443,6.0479,186.0,20640.0,2934.3828
1769,6.027,11.7379,1.4538,5.6717,189.0,22875.0,2934.3828
1770,5.6735,11.1172,1.7549,35.8209,183.0,21484.0,2934.3828
1771,35.8419,11.4192,1.7893,6.2376,183.0,15368.0,2934.3828
1772,6.2457,11.2339,1.5853,16.892,189.0,25191.0,2934.3828
1773,16.9093,11.2739,1.7028,6.0545,185.0,21300.0,2934.3828
1774,6.0405,11.4306,1.4806,17.5464,187.0,17864.0,2934.3828
1775,17.5059,11.2926,1.7057,6.5936,184.0,17336.0,2934.3828
1776,6.6028,11.2926,1.6126,5.2584,186.0,16817.0,2934.3828
1777,5.2126,11.2654,1.1209,6.3217,185.0,16884.0,2934.3828
1778,6.4693,11.4017,1.6464,29.2888,186.0,17437.0,2934.3828
1779,29.2384,11.4918,1.9796,6.8756,184.0,15104.0,2934.3828
1780,6.8326,11.4918,1.7976,6.2826,187.0,11970.0,2934.3828
1781,6.2262,11.3244,1.439,6.3344,188.0,13102.0,2934.3828
1782,6.386,11.4397,1.5077,28.3935,187.0,21332.0,2934.3828
1783,28.4608,11.6844,1.8574,6.1228,185.0,13344.0,2934.3828
1784,6.119,11.6844,1.8198,5.7002,187.0,13940.0,2934.3828
1785,5.6602,11.397,1.4879,23.1005,186.0,11770.0,2934.3828
1786,23.0609,11.4009,1.4471,12.6314,183.0,30924.0,2934.3828
1787,12.6227,11.4009,1.2466,4.9752,184.0,18418.0,2934.3828
1788,5.0362,11.3158,1.494,17.8385,183.0,14474.0,2934.3828
1789,17.8637,11.3158,1.9446,5.9635,183.0,15308.0,2934.3828
1790,6.0024,11.3242,1.9052,6.4304,184.0,13106.0,2934.3828
1791,6.3026,11.4221,1.6912,23.4757,183.0,12600.0,2934.3828
1792,23.5628,11.2181,2.3511,6.1097,183.0,21702.0,2934.3828
1793,6.0777,11.2181,1.7754,6.0789,184.0,17252.0,2934.3828
1794,6.0121,11.2219,1.4293,22.6243,183.0,17084.0,2934.3828
1795,22.7338,11.2219,2.1771,5.3236,184.0,13466.0,2934.3828
1796,5.2806,11.2218,1.5132,18.9494,187.0,14752.0,2934.3828
1797,18.9497,11.277,1.5498,6.1788,188.0,13470.0,2934.3828
1798,6.1725,11.3465,1.3989,17.2809,188.0,13006.0,2934.3828
1799,17.4025,11.4602,1.9714,11.8354,185.0,12528.0,2934.3828
1800,11.7062,11.4602,1.5534,5.6572,185.0,17448.0,2934.3828
1801,5.9211,11.2711,2.0414,5.5949,185.0,17296.0,2934.3828
1802,5.3318,11.2711,1.5022,5.784,184.0,18954.0,2934.3828
1803,5.8046,11.2679,1.2551,6.1486,185.0,35633.0,2934.3828
1804,6.1434,11.4699,1.5294,6.2129,182.0,32774.0,2934.3828
1805,6.2504,11.4699,1.8155,5.4894,149.0,9510.0,2934.3828
1806,5.5006,12.227,1.5589,48.1073,179.0,16702.0,2934.3828
1807,48.0985,12.227,1.7982,5.1,152.0,9738.0,2934.3828
1808,5.1161,11.2123,1.797,5.6091,155.0,11606.0,2934.3828
1809,5.5112,11.2123,1.3476,5.9796,178.0,19738.0,2934.3828
1810,5.989,11.3799,1.4079,30.0637,182.0,21504.0,2934.3828
1811,30.1556,11.2626,1.8292,6.3967,181.0,19292.0,2934.3828
1812,6.4039,11.2626,2.2101,5.2902,193.0,17264.0,2934.3828
1813,5.2158,11.2626,1.5116,5.8112,190.0,21836.0,2934.3828
1814,5.8679,11.5665,1.5043,5.7315,187.0,22911.0,2934.3828
1815,5.6844,11.5665,1.4149,5.9971,186.0,23871.0,2934.3828
1816,5.9803,11.5295,1.4061,5.9965,185.0,18156.0,2934.3828
1817,5.953,11.5295,1.2817,5.9662,186.0,17020.0,2934.3828
1818,6.0653,11.0669,1.6203,53.3709,184.0,13298.0,2934.3828
1819,53.4273,11.3824,1.7955,11.8935,183.0,11722.0,2934.3828
1820,11.8057,11.3824,1.8139,5.8064,183.0,17410.0,2934.3828
1821,5.8174,11.6682,1.5726,6.0998,184.0,12516.0,2934.3828
1822,6.0848,11.4372,1.6988,24.5547,184.0,21711.0,2934.3828
1823,24.6017,11.436,1.7844,6.8856,193.0,26553.0,2934.3828
1824,6.8544,12.1682,1.5785,18.4077,183.0,25214.0,2934.3828
1825,18.4541,11.54,1.7127,6.1227,186.0,13636.0,2934.3828
1826,6.0365,11.54,1.3295,7.4923,186.0,21196.0,2934.3828
1827,7.6223,12.3818,1.8346,6.613,187.0,24933.0,2934.3828
1828,6.4869,11.5005,1.5251,29.2967,190.0,17293.0,2934.3828
1829,29.3276,11.2403,1.7276,11.0565,188.0,26490.0,2934.3828
1830,11.0523,11.2403,1.4089,5.9035,190.0,24061.0,2934.3828
1831,5.9056,11.5443,1.399,18.3346,185.0,14820.0,2934.3828
1832,18.2901,11.3125,1.6733,5.7594,183.0,14779.0,2934.3828
1833,5.7845,11.7838,1.54,18.5272,189.0,23322.0,2934.3828
1834,18.5249,11.7539,1.6867,6.1993,184.0,22216.0,2934.3828
1835,6.2137,11.7539,1.6021,6.0284,188.0,17876.0,2934.3828
1836,6.051,11.2328,1.3986,23.1284,185.0,16420.0,2934.3828
1837,23.111,11.4311,1.2932,11.9796,187.0,17827.0,2934.3828
1838,12.0554,11.478,1.7267,11.9034,184.0,15874.0,2934.3828
1839,11.8334,11.478,1.4999,5.026,186.0,17437.0,2934.3828
1840,5.0407,11.2617,1.6666,6.3852,185.0,15484.0,2934.3828
1841,6.3991,11.4668,1.4952,26.575,183.0,12124.0,2934.3828
1842,26.6622,12.1933,2.3757,7.9481,183.0,21168.0,2934.3828
1843,7.9046,12.1933,2.2656,6.2802,183.0,13184.0,2934.3828
1844,6.2563,11.5229,2.0407,6.3063,188.0,13358.0,2934.3828
1845,6.3557,12.2019,2.1211,26.7846,187.0,13454.0,2934.3828
1846,26.7792,11.8543,2.4172,6.747,188.0,20538.0,2934.3828
1847,6.7068,11.4814,2.1336,22.6233,185.0,25104.0,2934.3828
1848,22.7308,12.4935,2.5058,6.7704,185.0,15464.0,2934.3828
1849,6.6307,12.4935,1.6329,5.6888,185.0,14904.0,2934.3828
1850,5.7104,11.7916,1.9669,6.2329,183.0,15414.0,2934.3828
1851,6.1587,11.7916,1.6501,5.584,185.0,13118.0,2934.3828
1852,5.7156,11.9697,1.7601,32.9596,183.0,20518.0,2934.3828
1853,33.0999,11.8291,2.917,6.8863,183.0,15458.0,2934.3828
1854,6.6974,11.8291,1.845,5.5681,183.0,15032.0,2934.3828
1855,5.5226,11.4303,1.3537,6.2364,183.0,17548.0,2934.3828
1856,6.2554,11.4303,1.4963,6.0458,183.0,15142.0,2934.3828
1857,6.0403,11.3881,1.4518,6.1441,184.0,13072.0,2934.3828
1858,6.118,11.208,1.1193,40.4632,183.0,12990.0,2934.3828
1859,40.5158,11.208,1.835,5.5296,183.0,13454.0,2934.3828
1860,5.6003,12.0373,2.0142,6.2351,187.0,12682.0,2934.3828
1861,6.1603,11.4307,1.5731,6.1745,188.0,16846.0,2934.3828
1862,6.2085,11.4763,1.9844,29.7582,188.0,20646.0,2934.3828
1863,29.7784,11.2858,1.9353,5.6344,185.0,16072.0,2934.3828
1864,5.7503,11.2858,1.7391,5.7321,188.0,45647.0,2934.3828
1865,5.5031,11.1538,1.2758,23.1234,174.0,21664.0,2934.3828
1866,23.2506,11.4651,1.657,12.12,166.0,10946.0,2934.3828
1867,12.0852,11.4651,1.9029,5.9642,165.0,15398.0,2934.3828
1868,5.9464,11.2112,1.8081,17.6006,150.0,9618.0,2934.3828
1869,17.6124,11.2112,1.7125,5.573,159.0,12262.0,2934.3828
1870,5.5066,11.2317,1.5395,18.4629,183.0,27194.0,2934.3828
1871,18.5186,11.2317,1.4747,5.5064,176.0,13988.0,2934.3828
1872,5.531,11.2559,1.6106,18.4618,180.0,18768.0,2934.3828
1873,18.4988,11.4242,1.59,5.6554,189.0,17628.0,2934.3828
1874,5.6204,11.4242,1.4258,6.405,186.0,22868.0,2934.3828
1875,6.3501,11.5781,1.496,8.0057,183.0,22239.0,2934.3828
1876,8.1847,11.5781,2.548,8.429,188.0,23505.0,2934.3828
1877,8.3006,11.4828,2.1297,7.1598,187.0,17914.0,2934.3828
1878,7.1977,11.6567,2.2034,7.3004,188.0,16898.0,2934.3828
1879,7.292,11.3009,2.0523,40.3804,185.0,13288.0,2934.3828
1880,40.3858,11.394,2.4228,6.7573,185.0,11848.0,2934.3828
1881,6.7131,11.394,1.6193,5.4015,186.0,17300.0,2934.3828
1882,5.3578,11.1365,1.7101,23.1298,183.0,12872.0,2934.3828
1883,23.2001,11.2676,2.0621,6.4796,185.0,25059.0,2934.3828
1884,6.4406,11.2676,1.9774,6.7621,192.0,22837.0,2934.3828
1885,6.7697,11.4059,1.8287,23.0958,183.0,25214.0,2934.3828
1886,23.0774,11.307,1.6707,5.9441,187.0,15306.0,2934.3828
1887,6.2749,11.307,2.3153,6.7054,185.0,21122.0,2934.3828
1888,6.3947,11.6122,1.8462,6.3459,186.0,23325.0,2934.3828
1889,6.3383,11.6122,1.7407,5.7927,188.0,21113.0,2934.3828
1890,5.7727,11.4109,1.7378,34.0385,183.0,22674.0,2934.3828
1891,34.084,11.482,1.9177,6.2886,185.0,24045.0,2934.3828
1892,6.3067,11.482,1.9338,6.1529,187.0,14822.0,2934.3828
1893,6.1178,11.2391,1.6882,5.8986,184.0,14769.0,2934.3828
1894,5.9437,11.2391,1.6396,5.4877,192.0,23336.0,2934.3828
1895,5.4445,11.6306,1.5249,35.8095,186.0,22218.0,2934.3828
1896,35.8467,11.234,1.6794,6.126,189.0,17866.0,2934.3828
1897,6.1127,11.234,1.5735,6.6165,186.0,16410.0,2934.3828
1898,6.6639,11.9552,2.0434,6.4763,186.0,17815.0,2934.3828
1899,6.4094,11.9552,1.4493,6.1307,184.0,15874.0,2934.3828
1900,6.1638,11.7193,1.3884,5.6701,186.0,17437.0,2934.3828
1901,5.6287,11.7193,1.2906,6.1669,185.0,15484.0,2934.3828
1902,6.2619,11.2311,1.4413,46.0096,183.0,12124.0,2934.3828
1903,45.9841,11.4529,1.8548,5.9074,183.0,21168.0,2934.3828
1904,5.8845,11.4529,1.6609,6.0911,183.0,13184.0,2934.3828
1905,6.051,11.452,1.5494,6.1417,184.0,13354.0,2934.3828
1906,6.1162,11.3573,1.3223,28.7166,184.0,21914.0,2934.3828
1907,28.7748,11.2364,1.6311,12.0528,183.0,12070.0,2934.3828
1908,12.0128,11.4905,1.5829,5.9917,188.0,25118.0,2934.3828
1909,6.0332,11.234,1.9438,17.8713,187.0,15466.0,2934.3828
1910,17.8526,11.2742,1.4263,5.9504,187.0,14906.0,2934.3828
1911,5.9748,11.2742,1.4653,6.0261,186.0,15428.0,2934.3828
1912,6.0128,11.4039,1.6082,22.9846,185.0,13096.0,2934.3828
1913,22.9475,11.1901,1.618,6.5152,185.0,20520.0,2934.3828
1914,6.5968,11.1901,1.6694,5.5252,183.0,15458.0,2934.3828
1915,5.4719,11.1901,1.381,5.5307,183.0,15032.0,2934.3828
1916,5.5939,11.291,1.8209,6.1352,183.0,17548.0,2934.3828
1917,6.0594,11.291,1.3582,5.5746,183.0,15606.0,2934.3828
1918,5.581,11.5477,1.2238,6.4514,184.0,12608.0,2934.3828
1919,6.485,11.3682,1.539,47.9329,183.0,13454.0,2934.3828
1920,47.9507,11.1967,1.9744,6.3045,183.0,12990.0,2934.3828
1921,6.2674,11.1967,1.6202,5.4838,184.0,12690.0,2934.3828
1922,5.4278,11.2149,1.3708,23.0461,183.0,16830.0,2934.3828
1923,23.1797,11.2149,1.6877,5.597,184.0,20642.0,2934.3828
1924,5.5032,11.435,1.4866,6.5306,187.0,16074.0,2934.3828
1925,6.5575,11.435,1.6594,5.4519,189.0,45637.0,2934.3828
1926,5.7024,11.2646,1.9728,5.6951,187.0,22742.0,2934.3828
1927,5.452,11.2646,1.3866,5.6012,172.0,15748.0,2934.3828
1928,5.5481,11.525,1.0793,42.2975,163.0,12432.0,2934.3828
1929,42.3652,11.525,1.7988,5.8333,159.0,17076.0,2934.3828
1930,5.9073,11.594,1.9633,17.4206,183.0,21978.0,2934.3828
1931,17.3419,11.594,1.9673,5.1762,176.0,14928.0,2934.3828
1932,5.1908,11.6815,1.8392,19.2522,177.0,16244.0,2934.3828
1933,19.235,11.6815,1.6898,6.1933,189.0,18568.0,2934.3828
1934,6.1662,12.1093,1.7255,6.1031,187.0,25033.0,2934.3828
1935,6.1474,12.0218,1.4842,25.7133,183.0,19786.0,2934.3828
1936,25.7548,12.0884,1.9045,6.2064,184.0,24605.0,2934.3828
1937,6.1527,12.0884,1.7532,5.7034,184.0,16082.0,2934.3828
1938,5.766,12.2156,1.682,26.6659,184.0,16526.0,2934.3828
1939,26.6492,11.8697,1.993,11.6649,183.0,13286.0,2934.3828
1940,11.5833,11.4339,1.8703,6.7305,187.0,11850.0,2934.3828
1941,6.719,11.4339,1.7052,6.1801,188.0,18170.0,2934.3828
1942,6.3081,11.3088,1.746,21.7003,189.0,18653.0,2934.3828
1943,21.7061,11.5138,2.1518,13.5793,188.0,20299.0,2934.3828
1944,13.6116,11.5454,2.8708,7.2619,191.0,24145.0,2934.3828
1945,7.1241,11.5454,1.9504,6.8957,188.0,22373.0,2934.3828
1946,6.8843,11.3506,1.9855,8.1043,184.0,18808.0,2934.3828
1947,8.2661,11.358,3.3061,8.2487,185.0,17274.0,2934.3828
1948,8.154,11.358,2.4971,7.3268,187.0,26921.0,2934.3828
1949,7.3197,11.5058,2.2844,7.0369,185.0,17801.0,2934.3828
1950,7.0764,11.5058,2.0792,7.7069,183.0,24518.0,2934.3828
1951,7.777,12.0209,2.4184,7.0364,185.0,21893.0,2934.3828
1952,7.0204,11.8142,2.1633,6.8195,183.0,14818.0,2934.3828
1953,6.7476,11.8142,2.2904,6.6373,176.0,14525.0,2934.3828
1954,6.7544,13.0035,2.3003,8.7282,188.0,24260.0,2934.3828
1955,8.6127,12.2397,2.3982,65.0147,184.0,23348.0,2934.3828
1956,65.0548,11.8921,2.1784,7.3624,191.0,15808.0,2934.3828
1957,7.477,11.8921,2.5996,7.6085,188.0,16412.0,2934.3828
1958,7.5148,10.9808,2.5195,7.6683,190.0,17819.0,2934.3828
1959,7.6229,10.9808,2.3102,6.1085,186.0,15876.0,2934.3828
1960,6.0634,11.8506,1.7818,6.1042,188.0,17439.0,2934.3828
1961,6.074,11.8506,1.5989,6.6409,186.0,15474.0,2934.3828
1962,6.6498,11.8436,2.3287,5.8543,183.0,20576.0,2934.3828
1963,5.8795,11.8436,1.6434,5.754,183.0,12716.0,2934.3828
1964,5.749,11.4133,1.7767,6.2282,183.0,13648.0,2934.3828
1965,6.2265,11.4133,2.1827,6.285,183.0,12878.0,2934.3828
1966,6.2825,11.3947,1.6503,6.6175,183.0,22060.0,2934.3828
1967,6.6584,11.3947,1.806,6.3861,183.0,11912.0,2934.3828
1968,6.3735,11.8714,1.7592,5.7917,183.0,27354.0,2934.3828
1969,5.7535,12.0446,2.1658,8.9638,183.0,13638.0,2934.3828
1970,8.9894,12.0446,3.0525,7.7126,184.0,14486.0,2934.3828
1971,7.6824,10.796,1.7203,92.5595,183.0,15842.0,2934.3828
1972,92.6599,11.3979,2.8939,7.1324,187.0,12670.0,2934.3828
1973,7.0692,11.3979,1.9018,7.1963,199.0,21242.0,2934.3828
1974,7.2286,11.4551,2.3311,6.3636,187.0,15462.0,2934.3828
1975,6.3221,11.4551,1.9268,7.0946,185.0,15034.0,2934.3828
1976,7.1268,11.4432,2.438,7.7379,186.0,18026.0,2934.3828
1977,7.681,11.833,2.087,37.6547,185.0,15144.0,2934.3828
1978,37.7215,12.178,2.3356,8.0254,184.0,12608.0,2934.3828
1979,8.0362,11.7725,2.3557,17.1315,184.0,13466.0,2934.3828
1980,17.1492,12.0705,2.3979,11.8201,184.0,13002.0,2934.3828
1981,11.7837,12.1263,2.4993,12.2693,184.0,12738.0,2934.3828
1982,12.2678,11.973,2.3373,6.901,183.0,16830.0,2934.3828
1983,6.9076,11.973,2.1703,7.085,184.0,21106.0,2934.3828
1984,7.0823,11.6848,2.1377,6.9184,184.0,20850.0,2934.3828
1985,7.0193,11.8159,2.0237,28.5836,185.0,40769.0,2934.3828
1986,28.4956,11.5404,2.1993,7.3073,184.0,22382.0,2934.3828
1987,7.2654,11.3518,1.995,16.5893,168.0,15626.0,2934.3828
1988,16.613,11.3526,1.8396,11.0064,167.0,12554.0,2934.3828
1989,11.0113,11.5405,1.7968,7.442,169.0,24226.0,2934.3828
1990,7.3996,11.5405,1.8491,6.8148,187.0,18170.0,2934.3828
1991,6.7899,11.5975,1.788,8.3724,180.0,13500.0,2934.3828
1992,8.4207,11.5975,2.295,6.9694,169.0,14508.0,2934.3828
1993,6.9444,11.4472,1.8027,31.3973,191.0,18450.0,2934.3828
1994,31.456,11.526,2.2105,5.952,186.0,25389.0,2934.3828
1995,5.9318,11.526,2.0745,6.9861,183.0,22607.0,2934.3828
1996,6.9602,11.878,2.9406,6.5814,184.0,21908.0,2934.3828
1997,6.6106,11.878,1.5467,6.7178,184.0,16326.0,2934.3828
1998,6.6781,11.7492,1.6473,35.3177,183.0,15778.0,2934.3828
1999,35.4303,11.683,2.1654,6.8818,184.0,13298.0,2934.3828
2000,6.837,11.4603,1.9144,16.3886,183.0,12214.0,2934.3828
2001,16.3408,11.3309,1.6203,6.6638,183.0,20607.0,2934.3828
2002,6.6699,11.3309,2.3106,7.2484,184.0,15816.0,2934.3828
2003,7.2604,11.5609,2.3721,6.975,194.0,23513.0,2934.3828
2004,6.9756,11.2571,1.8193,27.5509,194.0,24221.0,2934.3828
2005,27.6276,11.6309,2.2146,7.536,189.0,22301.0,2934.3828
2006,7.4171,11.6309,2.5812,8.0204,188.0,18812.0,2934.3828
2007,8.0866,12.0113,2.4044,7.011,188.0,20624.0,2934.3828
2008,6.9986,11.423,2.2072,7.4997,189.0,23587.0,2934.3828
2009,7.5596,11.5602,2.4435,31.5099,187.0,17803.0,2934.3828
2010,31.5845,11.6452,2.8678,9.3375,183.0,24518.0,2934.3828
2011,9.209,11.6382,3.0343,9.615,186.0,21905.0,2934.3828
2012,9.7439,11.4252,2.5877,15.7259,183.0,14818.0,2934.3828
2013,15.6492,11.3414,2.3602,7.323,184.0,15885.0,2934.3828
2014,7.2889,11.5675,2.0721,15.3698,186.0,25320.0,2934.3828
2015,15.3318,11.2959,1.8256,6.8887,188.0,25030.0,2934.3828
2016,6.8646,11.2959,1.9242,6.9068,184.0,12608.0,2934.3828
2017,6.9632,11.4712,2.0,22.3992,184.0,16408.0,2934.3828
2018,22.3875,11.5245,1.8988,7.6784,186.0,17281.0,2934.3828
2019,7.6451,11.5245,2.1031,6.7536,186.0,17745.0,2934.3828
2020,6.7648,11.6264,1.9984,7.1169,188.0,15728.0,2934.3828
2021,7.1143,11.6264,1.9637,7.6181,189.0,23782.0,2934.3828
2022,7.686,11.2726,2.3223,32.0017,188.0,12140.0,2934.3828
2023,32.0221,11.6346,2.1424,11.3084,185.0,13182.0,2934.3828
2024,11.2611,11.3563,2.2072,6.6957,185.0,13186.0,2934.3828
2025,6.6283,11.3563,1.8055,6.9336,185.0,13038.0,2934.3828
2026,7.0178,11.5886,2.1076,7.3395,183.0,21902.0,2934.3828
2027,7.3205,11.5886,2.2158,6.8094,183.0,14164.0,2934.3828
2028,6.8054,11.5426,1.9607,7.4133,183.0,25530.0,2934.3828
2029,7.4443,11.703,2.2061,6.9584,183.0,14400.0,2934.3828
2030,6.8628,11.703,1.6843,6.1461,183.0,14474.0,2934.3828
2031,6.2031,11.3146,1.708,6.6646,183.0,14652.0,2934.3828
2032,6.6112,11.3146,1.7362,6.295,183.0,12666.0,2934.3828
2033,6.2904,12.2716,1.5585,6.3703,184.0,20530.0,2934.3828
2034,6.3706,11.2073,1.6807,64.0689,184.0,15042.0,2934.3828
2035,64.1801,11.26,2.1921,10.7717,183.0,14926.0,2934.3828
2036,10.6867,11.2299,1.8287,6.4879,187.0,18550.0,2934.3828
2037,6.4878,11.2299,1.6248,6.1081,187.0,15146.0,2934.3828
2038,6.1304,11.9855,1.8477,6.4816,188.0,12612.0,2934.3828
2039,6.4599,11.341,1.3706,29.7845,185.0,12992.0,2934.3828
2040,29.8946,11.9065,1.8951,6.4542,186.0,13468.0,2934.3828
2041,6.3802,11.5668,1.6207,17.9594,191.0,15824.0,2934.3828
2042,17.9765,11.544,2.439,7.5177,184.0,16842.0,2934.3828
2043,7.5489,11.3777,2.2537,15.9234,184.0,21106.0,2934.3828
2044,15.9307,11.3252,2.3849,7.6782,183.0,20374.0,2934.3828
2045,7.6944,11.3252,2.4137,6.926,185.0,41233.0,2934.3828
2046,6.8901,11.6681,2.1069,7.1869,183.0,22370.0,2934.3828
2047,7.2426,11.6681,2.2143,7.5625,169.0,15734.0,2934.3828
2048,7.5683,12.1146,2.6251,6.9516,177.0,20474.0,2934.3828
2049,6.8459,11.7339,2.2031,6.9017,166.0,20590.0,2934.3828
2050,6.8801,11.7339,1.7717,6.6175,169.0,13886.0,2934.3828
2051,6.6612,11.4448,2.0271,48.2642,182.0,14334.0,2934.3828
2052,48.3172,12.0066,2.6377,11.5307,169.0,13794.0,2934.3828
2053,11.9247,12.2939,2.6243,8.8871,193.0,18820.0,2934.3828
2054,8.4948,12.2939,2.6221,8.2045,190.0,25393.0,2934.3828
2055,8.238,11.8968,2.6957,8.9242,185.0,22977.0,2934.3828
2056,8.9092,11.5311,2.4724,10.9124,186.0,21542.0,2934.3828
2057,11.1218,12.2841,2.8758,8.2687,185.0,16316.0,2934.3828
2058,8.0679,12.2841,2.2368,7.7183,183.0,15410.0,2934.3828
2059,7.671,11.9505,2.2768,7.1963,183.0,13286.0,2934.3828
2060,7.1519,11.9505,2.6552,7.0067,184.0,12226.0,2934.3828
2061,7.0892,11.6615,2.2289,44.2936,183.0,20607.0,2934.3828
2062,44.2996,11.644,2.4024,7.3615,184.0,15816.0,2934.3828
2063,7.3378,11.644,2.6022,7.1017,185.0,21101.0,2934.3828
2064,7.0448,12.2352,2.2156,6.6693,190.0,24177.0,2934.3828
2065,6.6952,11.6413,1.9892,27.8979,188.0,21520.0,2934.3828
2066,27.9121,11.5118,2.0993,12.3257,183.0,21187.0,2934.3828
2067,12.2882,12.156,1.7891,7.1232,186.0,20990.0,2934.3828
2068,7.1129,12.156,1.5855,6.1521,191.0,20335.0,2934.3828
2069,6.1418,11.931,1.5996,6.3498,187.0,18882.0,2934.3828
2070,6.3342,11.931,1.4345,6.6195,189.0,25165.0,2934.3828
2071,6.6358,11.3613,1.6563,7.1171,188.0,23503.0,2934.3828
2072,7.1362,11.4928,1.9912,40.4674,185.0,14820.0,2934.3828
2073,40.5999,11.3603,2.3149,7.6899,188.0,16007.0,2934.3828
2074,7.6133,11.8241,2.2413,15.0679,174.0,18061.0,2934.3828
2075,15.101,11.6005,1.9509,6.2662,187.0,22722.0,2934.3828
2076,6.1915,11.6005,1.9386,7.1064,186.0,21099.0,2934.3828
2077,7.1791,11.5573,2.5484,8.6119,184.0,16408.0,2934.3828
2078,8.5704,11.4626,2.7115,8.4403,185.0,15886.0,2934.3828
2079,8.465,11.6454,3.0705,31.0727,188.0,19616.0,2934.3828
2080,31.0775,11.5284,2.9548,8.7614,184.0,15724.0,2934.3828
2081,8.7398,11.6194,2.658,8.1094,185.0,23410.0,2934.3828
2082,8.587,12.2288,2.6638,19.2414,183.0,12124.0,2934.3828
2083,18.7653,11.912,2.3973,8.0877,183.0,12648.0,2934.3828
2084,8.0709,11.912,2.3674,6.8212,188.0,13202.0,2934.3828
2085,6.8609,11.4993,2.2442,21.8807,188.0,13358.0,2934.3828
2086,21.8518,12.0138,3.1307,11.6406,187.0,21806.0,2934.3828
2087,11.7298,11.8977,2.3703,9.1468,186.0,14712.0,2934.3828
2088,9.0916,11.3727,2.5815,16.074,185.0,15408.0,2934.3828
2089,16.0842,11.9298,2.1771,6.6322,185.0,24368.0,2934.3828
2090,6.5974,11.9298,1.9397,6.393,185.0,13128.0,2934.3828
2091,6.3615,11.7781,2.0636,23.7114,183.0,16026.0,2934.3828
2092,23.7147,11.7379,1.9566,7.3403,183.0,12444.0,2934.3828
2093,7.3741,11.7379,2.201,6.2402,183.0,20896.0,2934.3828
2094,6.2056,12.1019,1.7906,6.4954,184.0,15198.0,2934.3828
2095,6.4834,11.7495,1.7541,28.6602,183.0,12026.0,2934.3828
2096,28.7311,11.2869,2.3271,6.0209,183.0,18098.0,2934.3828
2097,6.013,11.2869,1.8183,7.6066,183.0,18490.0,2934.3828
2098,7.5552,11.7667,2.2944,6.4034,183.0,12596.0,2934.3828
2099,6.4221,11.7667,2.0748,7.5192,183.0,12526.0,2934.3828
2100,7.5364,11.7233,2.2476,6.5193,187.0,13458.0,2934.3828
2101,6.5223,11.7233,2.0454,7.6409,187.0,12682.0,2934.3828
2102,7.733,11.611,2.4448,9.2815,187.0,14850.0,2934.3828
2103,9.2506,11.5029,2.2847,8.8304,186.0,22540.0,2934.3828
2104,8.8904,12.0578,2.4655,50.1685,186.0,20644.0,2934.3828
2105,50.0619,11.8985,2.5653,6.9215,187.0,33543.0,2934.3828
2106,6.9134,11.8985,1.9872,6.3179,171.0,22126.0,2934.3828
2107,6.3148,12.0825,1.8407,7.6862,183.0,22370.0,2934.3828
2108,7.7258,12.0825,2.0793,6.2795,167.0,15614.0,2934.3828
2109,6.2461,11.5314,1.7288,7.2013,184.0,21310.0,2934.3828
2110,7.1874,11.3564,1.7257,40.4935,158.0,20014.0,2934.3828
2111,40.5798,11.8464,2.7128,10.0898,171.0,14674.0,2934.3828
2112,10.0799,11.9133,2.6849,8.5396,189.0,27931.0,2934.3828
2113,8.5287,12.1432,2.9023,20.0051,150.0,24496.0,2934.3828
2114,20.0332,12.8979,2.8433,11.8795,177.0,36687.0,2934.3828
2115,11.8969,11.6303,2.9676,13.565,174.0,29231.0,2934.3828
2116,13.6893,12.1636,3.4462,15.3482,175.0,35178.0,2934.3828
2117,15.1793,12.3014,3.5928,8.0792,174.0,26960.0,2934.3828
2118,8.0219,11.8573,2.6556,12.8059,174.0,25916.0,2934.3828
2119,12.8242,11.4724,2.1521,12.203,173.0,23998.0,2934.3828
2120,12.1842,11.7402,2.2419,12.8304,172.0,21942.0,2934.3828
2121,12.8948,11.7099,2.44,11.2021,172.0,30323.0,2934.3828
2122,11.1887,11.6138,2.3397,12.2124,171.0,25530.0,2934.3828
2123,12.1652,11.3612,2.8876,12.4163,174.0,28617.0,2934.3828
2124,12.4223,11.398,1.9329,11.2062,177.0,33329.0,2934.3828
2125,11.2252,11.6366,2.1691,12.0392,174.0,31222.0,2934.3828
2126,12.0181,11.6593,2.2035,12.0969,171.0,29379.0,2934.3828
2127,12.1249,11.3277,2.0964,12.7438,173.0,30042.0,2934.3828
2128,12.6658,11.6452,2.2742,12.0452,174.0,31641.0,2934.3828
2129,12.0106,11.3384,1.8321,12.3943,170.0,30404.0,2934.3828
2130,12.4556,11.3202,1.9426,11.8201,175.0,32918.0,2934.3828
2131,11.822,11.6242,1.8248,13.1801,171.0,29150.0,2934.3828
2132,13.2199,11.7419,1.7507,10.5812,174.0,24466.0,2934.3828
2133,10.52,11.5612,1.8472,12.458,173.0,25174.0,2934.3828
2134,12.5811,11.462,2.0715,12.2647,179.0,26602.0,2934.3828
2135,12.2411,11.6174,2.1561,11.5849,175.0,28685.0,2934.3828
2136,11.6318,11.6968,2.3204,12.2232,173.0,26124.0,2934.3828
2137,12.0868,11.3511,1.9734,12.7967,177.0,27485.0,2934.3828
2138,12.9159,11.412,1.9149,12.6323,173.0,27617.0,2934.3828
2139,12.5778,11.556,1.9749,10.5221,173.0,37092.0,2934.3828
2140,10.4575,11.7381,1.8618,13.0082,170.0,21312.0,2934.3828
2141,13.1352,11.3917,2.1676,12.7604,170.0,22206.0,2934.3828
2142,12.7247,11.6717,2.5314,14.7919,171.0,22470.0,2934.3828
2143,14.8699,11.8703,2.7628,10.9001,170.0,22594.0,2934.3828
2144,11.0335,11.7915,2.9403,13.3972,172.0,23080.0,2934.3828
2145,13.2509,11.5053,3.6984,11.1861,171.0,33778.0,2934.3828
2146,11.1065,11.521,2.5181,14.2859,170.0,24850.0,2934.3828
2147,14.3077,11.6989,2.2701,7.7226,170.0,22702.0,2934.3828
2148,7.7133,11.4076,2.3584,12.8888,175.0,35016.0,2934.3828
2149,12.9031,11.7303,2.3417,13.3921,175.0,21950.0,2934.3828
2150,13.4088,11.5287,2.3783,10.8689,174.0,25280.0,2934.3828
2151,10.862,11.6371,2.3961,11.6904,173.0,22706.0,2934.3828
2152,11.6825,11.4184,2.5585,12.3727,172.0,31752.0,2934.3828
2153,12.2999,11.4147,2.0106,12.3731,172.0,23656.0,2934.3828
2154,12.4126,11.3592,2.0165,10.9743,171.0,24924.0,2934.3828
2155,10.9687,11.556,2.4757,12.5536,171.0,25898.0,2934.3828
2156,12.6149,11.6479,2.9633,12.9426,170.0,26994.0,2934.3828
2157,12.874,11.4039,2.192,11.0732,170.0,21846.0,2934.3828
2158,11.1331,11.333,2.2452,11.1779,172.0,22728.0,2934.3828
2159,11.1216,11.5691,1.6941,13.0653,172.0,23036.0,2934.3828
2160,13.0526,11.3576,1.6164,12.1095,170.0,22084.0,2934.3828
2161,12.1007,11.3388,1.7693,11.4555,170.0,27472.0,2934.3828
2162,11.4393,11.5985,1.9645,12.4036,171.0,31788.0,2934.3828
2163,12.4787,11.6086,2.4784,11.235,171.0,36884.0,2934.3828
2164,11.1843,11.3562,2.1898,12.9322,178.0,41999.0,2934.3828
2165,12.9709,11.7691,2.0741,12.4586,176.0,32884.0,2934.3828
2166,12.4993,12.0342,2.1483,12.9195,171.0,26112.0,2934.3828
2167,12.9612,11.5081,2.209,12.6746,168.0,39178.0,2934.3828
2168,12.6349,11.9485,2.301,10.5564,142.0,20038.0,2934.3828
2169,10.6147,11.8984,2.3486,13.085,162.0,23842.0,2934.3828
2170,13.0126,11.676,2.3341,12.6392,172.0,26759.0,2934.3828
2171,12.6501,11.6324,2.0602,13.7595,171.0,29848.0,2934.3828
2172,13.7578,11.9606,2.2782,10.3962,166.0,28380.0,2934.3828
2173,10.3924,11.8134,2.2348,12.0501,177.0,38047.0,2934.3828
2174,11.9835,11.7457,2.1373,12.9319,173.0,35375.0,2934.3828
2175,12.9392,11.6544,1.8629,12.1246,173.0,27638.0,2934.3828
2176,12.1755,11.8105,2.4112,12.0041,163.0,31812.0,2934.3828
2177,12.0035,11.8308,2.2004,12.7234,171.0,26484.0,2934.3828
2178,12.7314,11.4106,2.4592,12.2963,170.0,26124.0,2934.3828
2179,12.2907,11.8601,2.03,11.221,171.0,21324.0,2934.3828
2180,11.1943,11.546,1.9584,11.9938,176.0,26465.0,2934.3828
2181,11.997,11.3138,2.0009,12.2033,177.0,29470.0,2934.3828
2182,12.2093,11.3954,2.4284,12.5097,177.0,26181.0,2934.3828
2183,12.5499,11.8202,2.3431,11.6867,173.0,28999.0,2934.3828
2184,11.6166,11.4037,2.1363,12.2624,178.0,33203.0,2934.3828
2185,12.3322,11.3472,1.9493,11.705,176.0,29377.0,2934.3828
2186,11.6563,11.3271,1.8987,11.1497,172.0,31695.0,2934.3828
2187,11.141,11.4867,1.7147,12.4012,171.0,26764.0,2934.3828
2188,12.3972,11.3069,1.6629,11.7583,176.0,34249.0,2934.3828
2189,11.7772,11.289,2.2939,11.8197,173.0,35479.0,2934.3828
2190,11.8304,11.8033,1.7392,12.0422,173.0,30391.0,2934.3828
2191,11.9751,11.5218,1.9935,12.274,171.0,25472.0,2934.3828
2192,12.2861,11.3195,1.7202,11.9884,176.0,25542.0,2934.3828
2193,12.0493,11.2923,2.0768,12.378,174.0,26586.0,2934.3828
2194,12.3773,11.5523,1.8696,11.7843,171.0,24660.0,2934.3828
2195,11.7511,11.8409,1.7577,12.5173,174.0,30157.0,2934.3828
2196,12.5446,11.5741,2.0631,12.1394,177.0,26535.0,2934.3828
2197,12.1309,11.8212,2.0671,12.3765,174.0,22402.0,2934.3828
2198,12.3944,12.0551,2.3227,12.6455,180.0,43087.0,2934.3828
2199,12.6625,11.5455,2.1559,11.7224,174.0,21494.0,2934.3828
2200,11.6943,11.7268,1.9307,12.3015,172.0,21840.0,2934.3828
2201,12.3101,11.996,1.8791,12.4809,172.0,22460.0,2934.3828
2202,12.4954,12.1998,1.9243,12.5571,171.0,22816.0,2934.3828
2203,12.5372,11.4527,1.849,12.5689,170.0,22948.0,2934.3828
2204,12.5377,11.6144,1.674,11.6291,171.0,25302.0,2934.3828
2205,11.7091,11.8624,1.9236,12.3973,170.0,33628.0,2934.3828
2206,12.3123,11.8191,1.6674,11.8191,171.0,22180.0,2934.3828
2207,11.8706,11.3035,1.8325,11.5945,171.0,33716.0,2934.3828
2208,11.647,11.5695,1.6753,13.104,175.0,23666.0,2934.3828
2209,13.0469,11.8069,1.8117,11.73,170.0,22538.0,2934.3828
2210,11.6919,11.5123,1.7883,13.09,171.0,25066.0,2934.3828
2211,13.1658,11.5729,1.7871,11.4195,170.0,23676.0,2934.3828
2212,11.3706,11.258,1.7753,11.9347,175.0,32278.0,2934.3828
2213,11.9443,11.3173,1.9328,11.4306,175.0,24928.0,2934.3828
2214,11.4059,11.5323,1.7323,12.0572,174.0,25890.0,2934.3828
2215,12.0686,11.3956,1.6145,12.1897,173.0,27008.0,2934.3828
2216,12.1863,11.3103,1.5328,11.2131,173.0,21860.0,2934.3828
2217,11.1709,11.4777,1.4747,12.1776,172.0,22706.0,2934.3828
2218,12.1595,11.2146,1.5621,11.6697,170.0,23012.0,2934.3828
2219,11.7347,11.2848,1.6888,12.2215,171.0,22096.0,2934.3828
2220,12.1873,11.2594,1.4623,11.4855,170.0,27472.0,2934.3828
2221,11.5466,11.5355,1.413,11.9826,171.0,31788.0,2934.3828
2222,11.9364,11.3274,1.4777,12.1335,171.0,33548.0,2934.3828
2223,12.1837,11.5458,1.6242,11.7645,173.0,44843.0,2934.3828
2224,11.7634,11.5521,1.6744,11.9484,170.0,33012.0,2934.3828
2225,11.9296,11.3001,1.842,13.8515,172.0,26668.0,2934.3828
2226,13.8586,11.469,1.9954,10.9089,166.0,39176.0,2934.3828
2227,10.9034,11.6073,1.9976,15.1141,151.0,21064.0,2934.3828
2228,15.2223,11.7625,1.9892,8.5027,159.0,24008.0,2934.3828
2229,8.3736,11.2826,1.4068,12.2633,177.0,25943.0,2934.3828
2230,12.2744,11.336,1.5064,11.5108,174.0,31612.0,2934.3828
2231,11.465,11.7864,1.5245,12.0641,172.0,29659.0,2934.3828
2232,12.1221,11.2997,1.5738,11.9147,179.0,36462.0,2934.3828
2233,11.8776,11.3138,1.3948,12.1597,176.0,35633.0,2934.3828
2234,12.1841,11.2769,1.4533,11.2188,171.0,27608.0,2934.3828
2235,11.1922,11.5166,1.5287,12.086,170.0,32284.0,2934.3828
2236,12.1204,11.2858,1.5197,11.7956,171.0,25624.0,2934.3828
2237,11.7606,11.3536,1.6064,11.9392,170.0,25508.0,2934.3828
2238,11.9308,11.5993,1.5843,12.8846,170.0,23616.0,2934.3828
2239,12.9308,11.3022,1.6585,11.7562,173.0,28129.0,2934.3828
2240,11.7381,11.3276,1.5464,11.8338,172.0,27352.0,2934.3828
2241,11.8132,11.5748,1.4772,12.0275,172.0,28960.0,2934.3828
2242,12.0275,11.2691,1.2511,11.4735,173.0,26026.0,2934.3828
2243,11.4715,11.3137,1.4509,11.7351,176.0,31973.0,2934.3828
2244,11.8391,11.4415,1.7083,12.6788,177.0,33135.0,2934.3828
2245,12.6085,11.2645,1.5977,11.5827,174.0,29173.0,2934.3828
2246,11.5527,11.5206,1.7266,12.4129,176.0,30536.0,2934.3828
2247,12.4802,11.3424,1.706,11.5261,177.0,35830.0,2934.3828
2248,11.5259,11.3476,1.5364,12.6672,172.0,35182.0,2934.3828
2249,12.6158,11.3526,1.6739,11.8417,174.0,24481.0,2934.3828
2250,11.8232,11.3129,1.4675,11.687,172.0,26867.0,2934.3828
2251,11.7024,11.4901,1.6597,11.6186,176.0,27459.0,2934.3828
2252,11.6612,11.3585,1.9522,11.9433,173.0,25682.0,2934.3828
2253,11.8836,11.3508,1.8344,11.5769,171.0,22322.0,2934.3828
2254,11.5547,11.3143,1.5013,11.71,176.0,31030.0,2934.3828
2255,11.77,11.4618,1.703,11.4659,171.0,24660.0,2934.3828
2256,11.4881,11.2729,1.4567,12.6531,173.0,37558.0,2934.3828
2257,12.6789,11.2835,1.6281,11.4276,173.0,27923.0,2934.3828
2258,11.3594,11.4569,1.5631,12.3472,172.0,21492.0,2934.3828
2259,12.308,11.2965,1.4059,11.4539,170.0,22458.0,2934.3828
2260,11.4967,11.2506,1.576,12.5611,174.0,23056.0,2934.3828
2261,12.5599,11.6049,1.7373,12.256,174.0,21752.0,2934.3828
2262,12.3843,11.5846,2.057,11.3622,175.0,25890.0,2934.3828
2263,11.3091,11.5332,2.1505,12.4306,173.0,22632.0,2934.3828
2264,12.4142,11.5814,1.6766,12.4199,174.0,33634.0,2934.3828
2265,12.4283,11.623,1.4571,10.9938,172.0,23694.0,2934.3828
2266,10.9885,11.5561,1.9404,12.8739,170.0,31752.0,2934.3828
2267,12.8784,11.5082,1.8027,11.5292,172.0,23630.0,2934.3828
2268,11.4953,11.4376,1.7331,12.3726,171.0,24380.0,2934.3828
2269,12.3754,11.5271,1.6963,11.802,171.0,24910.0,2934.3828
2270,11.8294,11.4561,1.6919,11.764,170.0,22586.0,2934.3828
2271,11.7575,11.5289,1.5076,12.3159,171.0,34826.0,2934.3828
2272,12.2767,11.5296,1.6096,11.4984,171.0,23926.0,2934.3828
2273,11.5093,11.3008,1.7262,12.2063,170.0,25436.0,2934.3828
2274,12.2518,11.7228,1.6229,12.1769,171.0,25318.0,2934.3828
2275,12.1575,11.51,1.5261,12.565,173.0,22346.0,2934.3828
2276,12.5796,11.5385,1.4951,11.551,175.0,23028.0,2934.3828
2277,11.5058,11.2998,1.3765,11.9194,174.0,22244.0,2934.3828
2278,11.9877,11.5204,1.55,12.3607,176.0,23040.0,2934.3828
2279,12.2911,11.5106,1.5859,11.2403,167.0,26198.0,2934.3828
2280,11.2534,11.2912,1.4868,12.0585,173.0,32158.0,2934.3828
2281,12.0666,11.4629,1.4143,11.7928,172.0,38402.0,2934.3828
2282,11.8603,11.2952,1.764,11.8183,173.0,40075.0,2934.3828
2283,11.8067,11.5952,1.8583,11.7,171.0,32560.0,2934.3828
2284,11.6927,11.294,1.766,12.7434,171.0,28428.0,2934.3828
2285,12.6683,11.3183,1.3618,11.4467,171.0,38548.0,2934.3828
2286,11.5884,11.325,1.8665,11.9013,155.0,22600.0,2934.3828
2287,11.8131,11.8219,1.7322,12.1917,161.0,24945.0,2934.3828
2288,12.1863,11.3053,1.5706,12.1942,170.0,26598.0,2934.3828
2289,12.1992,11.5305,1.6401,12.2858,171.0,32845.0,2934.3828
2290,12.2553,11.7697,1.5585,11.9174,174.0,28255.0,2934.3828
2291,11.9401,11.2623,1.5948,11.6267,177.0,44614.0,2934.3828
2292,11.594,11.3489,1.4298,12.5443,175.0,28042.0,2934.3828
2293,12.543,11.442,1.4399,11.184,174.0,24848.0,2934.3828
2294,11.1636,11.2258,1.4276,11.9865,175.0,32304.0,2934.3828
2295,12.0778,11.2228,1.5352,11.7729,172.0,26438.0,2934.3828
2296,11.7511,11.2232,1.6502,11.7664,172.0,23454.0,2934.3828
2297,11.7219,11.3762,1.464,11.4663,175.0,29935.0,2934.3828
2298,11.526,11.1261,1.5647,12.1668,171.0,24074.0,2934.3828
2299,12.1734,11.2404,1.7566,11.0693,174.0,31162.0,2934.3828
2300,10.9975,11.2754,1.3963,12.0312,174.0,25610.0,2934.3828
2301,12.0161,10.9047,1.2092,10.9471,171.0,26591.0,2934.3828
2302,10.9514,11.3961,1.2708,12.5373,176.0,35060.0,2934.3828
2303,12.5543,11.2261,1.2761,11.4481,172.0,32918.0,2934.3828
2304,11.4762,10.9401,1.4946,11.4461,171.0,28656.0,2934.3828
2305,11.4797,11.1105,1.3632,11.5686,173.0,32135.0,2934.3828
2306,11.5581,10.9378,1.3086,11.3863,174.0,37037.0,2934.3828
2307,11.3355,11.1644,1.3436,11.7799,171.0,27696.0,2934.3828
2308,11.7821,10.9755,1.6533,11.6671,180.0,26448.0,2934.3828
2309,11.6209,10.9739,1.4104,11.5338,178.0,28278.0,2934.3828
2310,11.552,11.0322,1.5806,11.6552,178.0,27545.0,2934.3828
2311,11.6972,10.9462,1.6195,11.6104,172.0,21848.0,2934.3828
2312,11.6604,11.0262,1.6698,11.4407,178.0,27497.0,2934.3828
2313,11.3888,11.17,1.6279,12.0212,176.0,25361.0,2934.3828
2314,12.0361,11.6063,1.8126,11.8233,174.0,40284.0,2934.3828
2315,11.7743,10.9529,1.6007,11.8042,172.0,24733.0,2934.3828
2316,11.9126,11.4484,1.9115,11.9832,172.0,25136.0,2934.3828
2317,11.9897,11.2312,1.9263,11.5569,171.0,22100.0,2934.3828
2318,11.5137,11.191,1.7674,11.7381,170.0,23052.0,2934.3828
2319,11.7805,11.2064,1.5962,11.5402,171.0,22128.0,2934.3828
2320,11.5086,11.2405,1.5106,11.8592,170.0,24880.0,2934.3828
2321,11.8651,10.9476,1.5617,12.0118,171.0,23624.0,2934.3828
2322,12.036,11.6025,1.8059,11.6757,171.0,24476.0,2934.3828
2323,11.6744,11.2184,1.519,11.6605,172.0,32590.0,2934.3828
2324,11.6126,10.9543,1.6164,11.6937,174.0,31650.0,2934.3828
2325,11.6882,11.3521,1.7022,11.3751,175.0,22860.0,2934.3828
2326,11.3858,11.2812,1.7615,11.9462,176.0,25378.0,2934.3828
2327,11.9296,11.2474,1.4909,11.5019,173.0,24002.0,2934.3828
2328,11.531,10.9582,1.7906,11.9768,174.0,23680.0,2934.3828
2329,12.0293,10.9721,1.6875,11.7421,172.0,25830.0,2934.3828
2330,11.7182,11.1652,1.6596,11.2688,170.0,33056.0,2934.3828
2331,11.2772,10.9599,1.7831,11.3942,170.0,24674.0,2934.3828
2332,11.391,10.954,1.4079,11.0644,170.0,23930.0,2934.3828
2333,11.1887,10.99,1.5928,11.8427,171.0,23926.0,2934.3828
2334,11.6962,11.1624,1.6888,11.1534,171.0,22630.0,2934.3828
2335,11.0973,10.9414,1.284,11.9517,171.0,22716.0,2934.3828
2336,11.9903,10.9697,1.5014,11.4328,172.0,23036.0,2934.3828
2337,11.482,11.1895,1.6476,11.4905,171.0,27020.0,2934.3828
2338,11.4839,11.1822,1.7631,11.7181,170.0,26912.0,2934.3828
2339,11.6999,10.9135,1.7242,11.6889,171.0,43180.0,2934.3828
2340,11.6656,11.0557,1.7379,11.3853,178.0,35323.0,2934.3828
2341,11.401,11.2407,1.5716,11.7428,164.0,36672.0,2934.3828
2342,11.7865,11.0406,1.8146,11.4695,171.0,25368.0,2934.3828
2343,11.415,11.0018,1.634,11.3187,175.0,40506.0,2934.3828
2344,11.3403,11.1557,1.6221,11.8377,157.0,21818.0,2934.3828
2345,11.8217,10.9546,1.6614,11.3312,175.0,26451.0,2934.3828
2346,11.385,10.9777,1.7913,11.6501,159.0,25616.0,2934.3828
2347,11.6124,11.0943,1.552,11.3716,167.0,30451.0,2934.3828
2348,11.3587,11.0057,1.4495,11.7507,173.0,26640.0,2934.3828
2349,11.7531,10.977,1.6567,11.775,175.0,36655.0,2934.3828
2350,11.8024,11.1724,1.816,11.0671,173.0,38842.0,2934.3828
2351,11.037,10.9489,1.5803,11.4919,171.0,25286.0,2934.3828
2352,11.4994,10.9697,1.4626,11.4974,170.0,25464.0,2934.3828
2353,11.476,10.9496,1.3484,11.5537,170.0,32496.0,2934.3828
2354,11.5314,11.2021,1.4743,11.6056,171.0,24760.0,2934.3828
2355,11.5956,10.9383,1.3391,11.5002,172.0,26812.0,2934.3828
2356,11.549,10.9373,1.5988,10.9737,175.0,26271.0,2934.3828
2357,10.9539,11.1887,1.5533,12.3692,174.0,29025.0,2934.3828
2358,12.3473,10.9535,1.462,10.7722,178.0,28807.0,2934.3828
2359,10.8151,11.0253,1.4182,12.0812,173.0,26165.0,2934.3828
2360,12.0806,10.8921,1.5407,11.3229,173.0,29680.0,2934.3828
2361,11.3531,11.0737,1.6444,11.3391,177.0,33253.0,2934.3828
2362,11.3214,10.9467,1.6119,11.4694,172.0,30437.0,2934.3828
2363,11.4611,10.9237,1.5889,11.446,173.0,28467.0,2934.3828
2364,11.5185,11.0007,1.6051,11.6288,171.0,31860.0,2934.3828
2365,11.5342,10.9584,1.4006,11.6536,174.0,36369.0,2934.3828
2366,11.6723,10.9589,1.6567,11.1778,174.0,31496.0,2934.3828
2367,11.2011,11.1883,1.6545,11.4693,174.0,25422.0,2934.3828
2368,11.4895,10.9274,1.7716,11.8816,171.0,24544.0,2934.3828
2369,11.9303,10.9588,1.6957,10.9601,173.0,27529.0,2934.3828
2370,10.9129,11.2071,1.5529,11.5613,174.0,25694.0,2934.3828
2371,11.5445,10.9752,1.7672,11.8139,175.0,25994.0,2934.3828
2372,11.7998,10.9603,1.7347,11.1892,179.0,38188.0,2934.3828
2373,11.1842,10.977,1.4765,11.9587,176.0,25604.0,2934.3828
2374,12.0531,11.2161,1.5443,11.5988,178.0,24297.0,2934.3828
2375,11.5361,11.2106,1.6052,11.7797,174.0,25758.0,2934.3828
2376,11.8018,11.2393,1.6631,11.2614,172.0,22684.0,2934.3828
2377,11.2293,10.9116,1.4737,12.0142,172.0,21840.0,2934.3828
2378,12.0948,10.9434,1.6149,11.5768,171.0,25226.0,2934.3828
2379,11.5118,11.1635,1.6226,11.1085,171.0,22230.0,2934.3828
2380,11.0628,10.9684,1.5394,11.3891,172.0,23786.0,2934.3828
2381,11.447,10.9714,1.5798,11.9845,170.0,25068.0,2934.3828
2382,11.9874,10.963,1.6366,10.7245,170.0,40748.0,2934.3828
2383,10.6924,11.4026,1.322,12.0793,170.0,22808.0,2934.3828
2384,12.1184,10.8531,1.535,11.6661,170.0,24518.0,2934.3828
2385,11.6188,11.0121,1.5061,11.2327,170.0,23142.0,2934.3828
2386,11.2639,11.126,1.5968,11.6936,170.0,25796.0,2934.3828
2387,11.6824,10.9732,1.3255,11.1434,172.0,25232.0,2934.3828
2388,11.1311,10.9637,1.4301,12.4147,176.0,25096.0,2934.3828
2389,12.4377,10.9681,1.5519,10.8043,174.0,30458.0,2934.3828
2390,10.7753,11.2306,1.3683,12.0771,174.0,25606.0,2934.3828
2391,12.0837,10.974,1.4481,10.7246,174.0,23956.0,2934.3828
2392,10.7796,10.9527,1.5142,11.7829,172.0,24294.0,2934.3828
2393,11.6976,10.9175,1.3341,11.5631,172.0,21778.0,2934.3828
2394,11.5932,10.9303,1.4553,11.4896,171.0,23180.0,2934.3828
2395,11.5419,11.1507,1.6319,11.5912,171.0,22096.0,2934.3828
2396,11.5207,10.9725,1.3373,11.6244,170.0,32608.0,2934.3828
2397,11.656,10.9937,1.4756,11.4057,171.0,37020.0,2934.3828
2398,11.4074,10.9063,1.4301,11.1734,170.0,29624.0,2934.3828
2399,11.1458,11.174,1.3727,12.0059,174.0,38707.0,2934.3828
2400,12.057,10.9683,1.4029,11.117,172.0,35568.0,2934.3828
2401,11.0919,10.9479,1.409,11.5618,171.0,40944.0,2934.3828
2402,11.588,10.9235,1.5995,11.5569,172.0,25543.0,2934.3828
2403,11.4959,11.0803,1.3105,11.0939,171.0,25586.0,2934.3828
2404,11.1124,10.8762,1.2354,12.1951,172.0,32157.0,2934.3828
2405,12.2372,10.9587,1.599,11.1432,156.0,21450.0,2934.3828
2406,11.1189,11.1785,1.4793,11.3851,177.0,26644.0,2934.3828
2407,11.4121,10.9636,1.5456,11.5325,176.0,36645.0,2934.3828
2408,11.489,10.9551,1.3761,11.4676,175.0,38844.0,2934.3828
2409,11.5165,10.9672,1.4884,11.3689,173.0,25412.0,2934.3828
2410,11.4181,10.933,1.5241,11.6819,170.0,25340.0,2934.3828
2411,11.658,11.1425,1.5763,11.6749,170.0,32496.0,2934.3828
2412,11.6227,10.9529,1.7097,11.4588,170.0,24748.0,2934.3828
2413,11.4923,10.9097,1.7189,11.4619,171.0,26800.0,2934.3828
2414,11.4724,10.9878,1.5663,11.3486,171.0,26267.0,2934.3828
2415,11.3863,11.1942,1.7469,11.7944,171.0,30629.0,2934.3828
2416,11.7391,10.8727,1.4869,11.2429,175.0,27219.0,2934.3828
2417,11.2701,10.9277,1.4245,10.9725,171.0,26163.0,2934.3828
2418,10.9296,10.9115,1.4046,11.7804,171.0,29678.0,2934.3828
2419,11.7809,10.9293,1.3077,11.3663,177.0,33275.0,2934.3828
2420,11.3691,10.8892,1.2656,12.2046,176.0,30441.0,2934.3828
2421,12.2891,11.1834,1.6019,10.6315,179.0,28495.0,2934.3828
2422,10.5439,11.02,1.4975,12.1401,175.0,31864.0,2934.3828
2423,12.1898,11.0276,1.4242,11.6376,175.0,36359.0,2934.3828
2424,11.5901,10.9762,1.5317,11.3799,176.0,31498.0,2934.3828
2425,11.3879,11.1304,1.4004,11.6188,176.0,25424.0,2934.3828
2426,11.6533,10.9438,1.7261,11.311,171.0,24544.0,2934.3828
2427,11.3124,10.9468,1.5616,11.2687,175.0,27553.0,2934.3828
2428,11.2107,10.9821,1.4304,11.5354,172.0,25670.0,2934.3828
2429,11.6069,10.9332,1.6474,11.2514,174.0,25982.0,2934.3828
2430,11.2026,11.2023,1.4381,11.6717,173.0,38160.0,2934.3828
2431,11.6258,10.8895,1.3183,11.8772,172.0,25600.0,2934.3828
2432,11.9304,10.968,1.4641,11.0893,174.0,24757.0,2934.3828
2433,11.0685,11.0041,1.2138,11.7142,171.0,25280.0,2934.3828
2434,11.7602,11.1494,1.4846,11.3366,172.0,22706.0,2934.3828
2435,11.2972,10.926,1.337,11.4726,171.0,21850.0,2934.3828
2436,11.4586,10.9336,1.1542,11.2763,174.0,25218.0,2934.3828
2437,11.2902,10.9045,1.2126,11.7823,174.0,22222.0,2934.3828
2438,11.8539,10.969,1.7404,11.4877,175.0,24206.0,2934.3828
2439,11.4212,11.0005,1.357,11.3417,172.0,24642.0,2934.3828
2440,11.361,10.9643,1.3718,11.575,173.0,40762.0,2934.3828
2441,11.5909,11.1578,1.4267,11.4531,175.0,22846.0,2934.3828
2442,11.5042,10.9803,1.4957,11.4901,172.0,24542.0,2934.3828
2443,11.4193,10.9441,1.1357,11.2714,170.0,23142.0,2934.3828
2444,11.3692,10.9704,1.5681,11.8602,170.0,25796.0,2934.3828
2445,11.7955,11.1542,1.3217,12.0171,170.0,25208.0,2934.3828
2446,11.9854,10.9537,1.183,11.5313,170.0,25068.0,2934.3828
2447,11.5857,11.0292,1.6871,12.0021,171.0,30466.0,2934.3828
2448,11.9403,10.9567,1.7065,10.294,170.0,25602.0,2934.3828
2449,10.4206,10.9086,1.603,11.5144,170.0,23930.0,2934.3828
2450,11.4034,11.0797,1.4611,11.4876,170.0,24292.0,2934.3828
2451,11.4601,10.8849,1.2246,11.4099,170.0,21776.0,2934.3828
2452,11.4345,10.9452,1.4142,11.4931,177.0,23208.0,2934.3828
2453,11.4874,10.9181,1.3394,11.6228,174.0,22456.0,2934.3828
2454,11.6528,11.1311,1.6889,11.1838,175.0,32256.0,2934.3828
2455,11.1503,11.0005,1.5255,12.3522,173.0,37022.0,2934.3828
2456,12.4196,11.2213,1.6868,11.1977,173.0,29638.0,2934.3828
2457,11.1497,10.9279,1.7733,11.3615,175.0,38697.0,2934.3828
2458,11.3732,10.9323,1.5576,11.5257,172.0,35568.0,2934.3828
2459,11.5397,11.145,1.4887,11.244,171.0,40944.0,2934.3828
2460,11.1726,10.9621,1.301,11.9464,175.0,25579.0,2934.3828
2461,11.9961,10.9834,1.3586,11.4515,172.0,25598.0,2934.3828
2462,11.4213,11.1876,1.2858,11.9054,171.0,32285.0,2934.3828
2463,11.9747,11.2204,1.4906,11.3183,154.0,21792.0,2934.3828
2464,11.2223,10.9701,1.4217,11.8981,172.0,34228.0,2934.3828
2465,11.9635,10.9176,1.3871,11.1794,174.0,31789.0,2934.3828
2466,11.1978,10.9557,1.3935,11.2067,173.0,36090.0,2934.3828
2467,11.1646,11.1655,1.519,11.721,172.0,25914.0,2934.3828
2468,11.7132,10.8864,1.3431,11.5066,174.0,25096.0,2934.3828
2469,11.5519,10.9449,1.4586,11.6555,174.0,32084.0,2934.3828
2470,11.6564,11.2049,1.4232,11.1445,175.0,28100.0,2934.3828
2471,11.1121,11.0154,1.3598,11.998,172.0,23454.0,2934.3828
2472,12.0766,10.9932,1.5473,11.1094,174.0,29970.0,2934.3828
2473,11.0792,10.9446,1.4112,10.968,174.0,27958.0,2934.3828
2474,10.919,11.1713,1.2531,12.5352,175.0,29528.0,2934.3828
2475,12.5806,10.939,1.4608,11.4369,171.0,23806.0,2934.3828
2476,11.4562,11.1371,1.4473,11.6534,173.0,30342.0,2934.3828
2477,11.5977,11.0086,1.4225,10.8681,176.0,31667.0,2934.3828
2478,10.8337,10.9297,1.4031,11.8117,173.0,30449.0,2934.3828
2479,11.9222,11.1269,1.4454,11.487,173.0,28467.0,2934.3828
2480,11.4647,10.9727,1.4905,11.0779,172.0,33560.0,2934.3828
2481,11.0547,10.9209,1.5804,11.6638,176.0,38804.0,2934.3828
2482,11.7437,11.0081,1.536,11.7466,173.0,27385.0,2934.3828
2483,11.6748,11.3859,1.5954,11.9606,176.0,25446.0,2934.3828
2484,11.9694,10.9133,1.732,11.2273,175.0,24548.0,2934.3828
2485,11.1982,11.2368,1.5984,11.5688,178.0,27545.0,2934.3828
2486,11.675,11.308,1.5015,13.2699,176.0,25674.0,2934.3828
2487,13.2075,11.2082,1.8281,10.8238,178.0,29344.0,2934.3828
2488,10.8198,11.4472,1.8686,12.0659,176.0,34838.0,2934.3828
2489,12.0839,11.4435,1.6935,11.8136,173.0,26054.0,2934.3828
2490,11.8128,10.9572,1.8962,11.5191,172.0,24425.0,2934.3828
2491,11.4881,11.2346,1.6766,11.7728,172.0,26192.0,2934.3828
2492,11.7977,11.682,1.9014,12.5097,170.0,21626.0,2934.3828
2493,12.548,11.648,2.2504,11.4429,171.0,21850.0,2934.3828
2494,11.3797,10.9539,1.8129,11.9484,170.0,25372.0,2934.3828
2495,11.9824,11.2895,1.7604,11.6594,170.0,22748.0,2934.3828
2496,11.7637,11.7958,1.7429,12.4577,171.0,23514.0,2934.3828
2497,12.3407,11.8123,1.7229,12.4356,171.0,24652.0,2934.3828
2498,12.4461,11.4185,1.6725,11.5063,171.0,41294.0,2934.3828
2499,11.5024,11.2303,2.1184,11.6768,171.0,22820.0,2934.3828
2500,11.7206,11.6672,1.781,12.2862,174.0,23988.0,2934.3828
2501,12.2029,11.1724,1.6105,11.7218,176.0,23598.0,2934.3828
2502,11.7645,11.2475,1.6458,11.8649,175.0,26916.0,2934.3828
2503,11.8789,11.4306,1.7416,11.4543,173.0,23690.0,2934.3828
2504,11.4168,10.8961,1.627,11.7221,173.0,25616.0,2934.3828
2505,11.6731,11.269,1.5019,11.6224,174.0,32098.0,2934.3828
2506,11.7462,11.3923,1.5593,11.6979,170.0,23450.0,2934.3828
2507,11.6252,11.4826,1.6622,12.0911,171.0,24406.0,2934.3828
2508,12.0653,10.9524,1.6968,11.2556,171.0,23840.0,2934.3828
2509,11.3557,11.2268,1.7001,12.0696,171.0,21788.0,2934.3828
2510,12.0401,11.4793,1.7231,11.8456,170.0,23844.0,2934.3828
2511,11.8057,11.1421,1.6296,11.4964,172.0,21800.0,2934.3828
2512,11.5109,11.1964,1.6752,11.7124,170.0,32240.0,2934.3828
2513,11.7288,11.2687,1.69,11.8663,170.0,37472.0,2934.3828
2514,11.842,11.1372,1.6277,11.4084,171.0,29636.0,2934.3828
2515,11.4423,10.8922,1.6047,11.9905,173.0,38231.0,2934.3828
2516,11.9438,11.2048,1.5752,11.4293,176.0,42192.0,2934.3828
2517,11.4669,10.9786,1.6343,11.235,177.0,34720.0,2934.3828
2518,11.2091,11.2404,1.5502,11.5747,178.0,25571.0,2934.3828
2519,11.5364,10.9918,1.4582,11.9103,173.0,26816.0,2934.3828
2520,11.9117,11.1886,1.4638,11.8928,174.0,31201.0,2934.3828
2521,11.9516,11.1332,1.5396,11.5538,160.0,31230.0,2934.3828
2522,11.5529,10.9157,1.3779,11.2984,171.0,27518.0,2934.3828
2523,11.2752,11.1298,1.3421,11.7891,176.0,34592.0,2934.3828
2524,11.8969,10.9807,1.7414,11.2147,172.0,31407.0,2934.3828
2525,11.0776,10.939,1.3966,11.4022,172.0,25302.0,2934.3828
2526,11.4509,11.1509,1.4297,11.683,170.0,31220.0,2934.3828
2527,11.6635,11.1364,1.4904,11.6286,172.0,29332.0,2934.3828
2528,11.6225,10.8841,1.6177,11.2243,171.0,25700.0,2934.3828
2529,11.2536,11.0065,1.4295,11.8875,171.0,25935.0,2934.3828
2530,11.8881,11.161,1.5573,11.5046,172.0,28561.0,2934.3828
2531,11.5358,11.1155,1.5417,11.5133,170.0,25588.0,2934.3828
2532,11.4987,10.9623,1.5175,12.0192,178.0,30422.0,2934.3828
2533,12.0506,10.948,1.6936,11.2118,176.0,28240.0,2934.3828
2534,11.1343,11.2927,1.5644,11.9033,176.0,25478.0,2934.3828
2535,11.9341,10.956,1.4214,11.057,178.0,31669.0,2934.3828
2536,11.0194,11.1559,1.2972,11.5619,174.0,31663.0,2934.3828
2537,11.5871,10.8602,1.3501,11.4802,176.0,29953.0,2934.3828
2538,11.4973,10.9446,1.4133,11.1052,174.0,34461.0,2934.3828
2539,11.1395,11.1301,1.641,12.1138,172.0,35129.0,2934.3828
2540,12.0906,11.1854,1.527,11.5598,176.0,28734.0,2934.3828
2541,11.5775,10.9288,1.438,11.112,173.0,23563.0,2934.3828
2542,11.0206,10.9789,1.2368,11.5316,171.0,27880.0,2934.3828
2543,11.6062,11.1289,1.8783,11.7512,172.0,24181.0,2934.3828
2544,11.7115,10.9716,1.5754,11.6714,175.0,30889.0,2934.3828
2545,11.7141,11.3559,1.48,11.553,175.0,27483.0,2934.3828
2546,11.5443,10.9768,1.6443,11.8336,170.0,31916.0,2934.3828
2547,11.8451,11.1076,1.6141,11.6703,172.0,25756.0,2934.3828
2548,11.6354,11.1211,1.5227,11.4195,178.0,25353.0,2934.3828
2549,11.4523,10.9656,1.6338,11.2038,175.0,25286.0,2934.3828
2550,11.1967,11.1666,1.5886,11.8039,176.0,21496.0,2934.3828
2551,11.8228,10.9497,1.5119,12.7108,172.0,21998.0,2934.3828
2552,12.7038,10.9534,1.6177,10.2914,172.0,26062.0,2934.3828
2553,10.2982,10.9533,1.6057,11.9728,172.0,22332.0,2934.3828
2554,11.9866,10.917,1.6473,10.919,170.0,23074.0,2934.3828
2555,10.9067,11.1904,1.6747,12.0258,171.0,26710.0,2934.3828
2556,12.0084,10.968,1.5527,11.0101,170.0,40292.0,2934.3828
2557,10.9808,10.9535,1.5615,11.4009,170.0,23414.0,2934.3828
2558,11.4163,10.9631,1.4882,11.9604,170.0,23272.0,2934.3828
2559,12.0415,10.9632,1.673,11.2329,170.0,24296.0,2934.3828
2560,11.1616,11.1413,1.55,11.4794,170.0,25746.0,2934.3828
2561,11.4458,10.9115,1.4086,11.1786,170.0,24140.0,2934.3828
2562,11.1698,10.9382,1.3657,11.7312,171.0,26768.0,2934.3828
2563,11.7425,11.1606,1.3438,11.6519,170.0,29920.0,2934.3828
2564,11.7032,10.9116,1.5102,11.1346,174.0,24680.0,2934.3828
2565,11.1697,10.982,1.4715,11.6632,176.0,23196.0,2934.3828
2566,11.6101,10.9777,1.4684,11.2891,176.0,23856.0,2934.3828
2567,11.2789,10.9724,1.4482,11.8189,172.0,22454.0,2934.3828
2568,11.8218,11.1335,1.544,11.2794,173.0,23182.0,2934.3828
2569,11.319,10.9624,1.4852,11.941,172.0,21730.0,2934.3828
2570,11.9372,10.889,1.5878,11.0713,171.0,32716.0,2934.3828
2571,11.0725,10.9602,1.4479,11.4756,171.0,43180.0,2934.3828
2572,11.5068,11.1807,1.4549,11.6671,170.0,24236.0,2934.3828
2573,11.6421,10.9854,1.3953,11.0941,173.0,44447.0,2934.3828
2574,11.0417,10.9391,1.3758,11.8633,172.0,37256.0,2934.3828
2575,11.9012,11.1404,1.5024,12.4901,173.0,35339.0,2934.3828
2576,12.4696,10.9273,1.748,10.2711,171.0,26044.0,2934.3828
2577,10.2912,10.9521,1.6651,11.8598,171.0,24488.0,2934.3828
2578,11.8381,10.9437,1.4946,11.4225,172.0,39903.0,2934.3828
2579,11.4185,10.9309,1.3707,11.4931,162.0,26538.0,2934.3828
2580,11.4686,10.9516,1.3144,11.1058,179.0,29251.0,2934.3828
2581,11.2312,11.1657,1.5758,11.9718,177.0,30987.0,2934.3828
2582,11.921,11.0012,1.5177,11.3522,176.0,30731.0,2934.3828
2583,11.309,11.0342,1.4075,11.7328,173.0,30876.0,2934.3828
2584,11.7881,11.0759,1.5118,11.8359,174.0,25330.0,2934.3828
2585,11.7571,11.1538,1.7009,11.1813,173.0,29406.0,2934.3828
2586,11.2489,11.0107,1.3801,22.3663,941.0,119407.0,3103.7578
2587,22.4914,11.0107,2.4683,19.8081,791.0,108211.0,3133.1328
2588,19.7705,14.8774,3.7535,15.0955,791.0,99487.0,3133.1328
2589,15.2582,15.1155,3.4591,13.7348,799.0,95271.0,3133.1328
2590,13.615,13.2106,2.9445,14.5211,811.0,117838.0,3118.4453
2591,14.5148,14.0729,2.1789,12.3587,699.0,73761.0,3118.4453
2592,12.3409,13.935,1.5772,19.3236,760.0,76969.0,3097.7578
2593,19.3299,14.0937,2.3165,10.4091,658.0,80755.0,3097.7578
2594,10.4187,14.0849,2.0743,12.7852,519.0,36728.0,3097.7578
2595,12.6493,13.3017,1.7382,14.0964,534.0,37278.0,3097.7578
2596,14.1437,12.4805,1.7017,13.0388,534.0,40627.0,3097.7578
2597,13.0547,13.3265,1.8749,14.0342,536.0,40504.0,3097.7578
2598,14.0896,12.4549,2.7492,12.4586,537.0,46160.0,3097.7578
2599,12.4979,12.484,2.0746,12.4164,531.0,39029.0,3097.7578
2600,12.3755,12.4273,1.65,13.2633,532.0,32753.0,3097.7578
2601,13.2661,12.548,1.6243,12.9825,534.0,36077.0,3097.7578
2602,12.9216,12.4852,1.6435,13.2255,529.0,35269.0,3097.7578
2603,13.2941,12.4274,2.0288,13.0189,532.0,40711.0,3097.7578
2604,12.9581,12.4559,1.8511,13.1436,530.0,34441.0,3097.7578
2605,13.1395,12.6027,1.7475,12.8324,529.0,36859.0,3097.7578
2606,12.8109,12.4703,1.8939,13.2407,530.0,34915.0,3097.7578
2607,13.2553,12.4407,1.7671,13.0638,533.0,60803.0,3097.7578
2608,13.1283,12.3712,1.5406,13.0427,532.0,45699.0,3097.7578
2609,12.956,12.7335,1.6037,12.8397,530.0,52091.0,3097.7578
2610,12.8292,12.4157,1.7677,12.5438,532.0,39671.0,3097.7578
2611,12.5661,12.7149,1.8109,13.0099,531.0,44572.0,3097.7578
2612,13.0299,12.4889,1.8637,13.6506,537.0,45336.0,3097.7578
2613,13.6215,12.4182,1.9791,12.9952,534.0,33763.0,3097.7578
2614,13.0913,12.5218,1.5875,12.7986,537.0,34551.0,3097.7578
2615,12.7252,12.6603,1.7395,13.6646,533.0,33229.0,3097.7578
2616,13.6818,12.3722,1.9731,12.4188,533.0,34621.0,3097.7578
2617,12.4136,12.5428,1.7693,13.0433,531.0,34133.0,3097.7578
2618,12.9979,12.4476,1.7436,13.1343,532.0,35559.0,3097.7578
2619,13.1169,12.6628,1.5785,12.9826,533.0,34079.0,3097.7578
2620,13.0301,12.3766,1.8182,12.7014,520.0,36003.0,3097.7578
2621,12.6996,12.408,1.623,12.588,495.0,30187.0,3097.7578
2622,12.6496,12.3977,1.6293,13.6386,530.0,34031.0,3097.7578
2623,13.595,12.387,1.7285,12.3865,530.0,33567.0,3097.7578
2624,12.3229,12.6286,1.5679,13.5996,529.0,34483.0,3097.7578
2625,13.6466,12.4177,1.5058,13.2125,531.0,36715.0,3097.7578
2626,13.2961,12.4488,1.6323,13.1394,531.0,46611.0,3097.7578
2627,13.0985,12.8267,1.8701,13.4875,529.0,58043.0,3097.7578
2628,13.4796,12.4639,1.8408,12.8095,532.0,32267.0,3097.7578
2629,12.7836,12.7228,1.7475,13.8158,535.0,42815.0,3097.7578
2630,13.822,12.4802,1.9445,12.2287,534.0,33299.0,3097.7578
2631,12.2835,12.4951,1.7944,12.2139,498.0,30249.0,3097.7578
2632,12.1363,12.4172,1.7137,13.657,519.0,35365.0,3097.7578
2633,13.7147,12.5828,1.6521,13.1054,534.0,35331.0,3097.7578
2634,13.1305,12.3536,1.7689,12.7997,530.0,36927.0,3097.7578
2635,12.7956,12.363,1.566,12.8778,529.0,41775.0,3097.7578
2636,12.8844,12.4244,1.9437,12.8908,496.0,30199.0,3097.7578
2637,12.8515,12.7167,1.8197,13.7571,531.0,40081.0,3097.7578
2638,13.7865,12.433,1.6145,12.5292,530.0,36189.0,3097.7578
2639,12.4778,12.5173,1.7024,13.1016,531.0,44753.0,3097.7578
2640,13.1162,12.3079,1.7474,13.4133,531.0,37463.0,3097.7578
2641,13.3781,12.5974,1.6991,12.0955,531.0,46703.0,3097.7578
2642,12.1158,12.467,1.6288,13.9001,529.0,39121.0,3097.7578
2643,13.984,12.3832,1.8115,13.2743,532.0,32679.0,3097.7578
2644,13.2101,12.4105,2.0312,12.0914,538.0,32639.0,3097.7578
2645,12.12,12.6063,1.7267,13.2417,535.0,32671.0,3097.7578
2646,13.1804,12.3951,1.6337,13.2791,536.0,33147.0,3097.7578
2647,13.302,12.5938,1.8156,13.0172,537.0,38233.0,3097.7578
2648,13.0226,12.4659,1.8445,12.6722,506.0,31193.0,3097.7578
2649,12.596,12.4422,1.5762,12.4219,534.0,36957.0,3097.7578
2650,12.5819,12.4711,1.6841,13.6099,532.0,37067.0,3097.7578
2651,13.5198,12.6384,1.5285,12.9749,531.0,34235.0,3097.7578
2652,12.9034,12.6426,1.5443,12.5933,530.0,34435.0,3097.7578
2653,12.8204,12.4403,1.514,13.7615,515.0,32819.0,3097.7578
2654,13.6258,12.3524,1.364,12.0838,495.0,30187.0,3097.7578
2655,12.0543,12.6122,1.4456,13.9682,528.0,49813.0,3097.7578
2656,14.1091,12.5834,1.6585,12.7169,529.0,37755.0,3097.7578
2657,12.5658,12.4109,1.6251,12.3998,529.0,38274.0,3097.7578
2658,12.4217,12.4378,1.7125,13.5732,522.0,32613.0,3097.7578
2659,13.6426,12.643,1.8549,12.5937,497.0,30259.0,3097.7578
2660,12.4892,12.3841,1.6404,13.0506,501.0,30215.0,3097.7578
2661,13.0594,12.4902,1.6056,13.4212,532.0,34303.0,3097.7578
2662,13.4869,12.476,1.7164,12.7996,529.0,32583.0,3097.7578
2663,12.7745,12.4176,1.5444,13.158,498.0,30201.0,3097.7578
2664,13.1921,12.407,1.4519,13.3279,532.0,33727.0,3097.7578
2665,13.2152,12.3963,1.3872,12.6646,533.0,34313.0,3097.7578
2666,12.7061,12.3482,1.5009,13.3626,534.0,33873.0,3097.7578
2667,13.4181,12.6726,1.6597,12.946,528.0,34021.0,3097.7578
2668,12.8482,12.2749,1.6606,12.3922,522.0,31855.0,3097.7578
2669,12.492,12.3655,1.6676,12.5004,494.0,30175.0,3097.7578
2670,12.4298,12.5564,1.4506,13.9913,558.0,57480.0,3097.7578
2671,14.0407,12.4037,1.621,12.4837,531.0,33523.0,3097.7578
2672,12.4717,12.4499,1.6996,13.4093,533.0,34704.0,3097.7578
2673,13.4371,12.5496,1.7278,12.89,534.0,32647.0,3097.7578
2674,12.9758,12.3599,1.6975,12.6065,533.0,45707.0,3097.7578
2675,12.4992,12.3802,1.6818,13.1492,534.0,36635.0,3097.7578
2676,13.1222,12.4212,1.6221,13.0033,534.0,37315.0,3097.7578
2677,13.1042,12.4573,1.6213,13.0219,535.0,40143.0,3097.7578
2678,12.949,12.6365,1.6237,13.2826,538.0,39011.0,3097.7578
2679,13.3523,12.4255,1.8101,13.2971,536.0,45813.0,3097.7578
2680,13.2109,12.38,1.8207,12.2124,534.0,44101.0,3097.7578
2681,12.3085,12.419,1.6022,12.7409,532.0,49193.0,3097.7578
2682,12.6067,12.5909,1.6032,12.6467,518.0,31567.0,3097.7578
2683,12.7231,12.4318,1.623,13.7187,520.0,31495.0,3097.7578
2684,13.7108,12.3667,1.4647,12.5056,496.0,30199.0,3097.7578
2685,12.4563,12.6252,1.4602,13.1884,498.0,30223.0,3097.7578
2686,13.2632,12.3865,1.3777,12.9458,504.0,33404.0,3097.7578
2687,12.8842,12.3858,1.3703,12.6677,495.0,30187.0,3097.7578
2688,12.6621,12.605,1.2787,13.1561,530.0,36704.0,3097.7578
2689,13.2914,12.3691,1.607,12.7003,507.0,31017.0,3097.7578
2690,12.6365,12.4404,1.5474,12.9285,498.0,30223.0,3097.7578
2691,12.9231,12.4261,1.5456,13.4835,531.0,41039.0,3097.7578
2692,13.5168,12.5148,1.5649,14.0184,536.0,38364.0,3097.7578
2693,14.0419,12.6924,1.8907,12.547,540.0,39359.0,3097.7578
2694,12.5314,12.4841,1.7052,12.4487,536.0,48972.0,3097.7578
2695,12.3797,12.4533,1.5797,13.1398,533.0,32669.0,3097.7578
2696,13.1865,12.4963,1.6009,13.1246,533.0,33955.0,3097.7578
2697,13.1127,12.366,1.5516,13.1962,534.0,37453.0,3097.7578
2698,13.2279,12.4171,1.7389,12.5745,530.0,33477.0,3097.7578
2699,12.5221,12.4233,1.3777,13.301,531.0,41163.0,3097.7578
2700,13.384,12.6364,1.4754,12.675,532.0,35841.0,3097.7578
2701,12.5993,12.42,1.5981,13.3455,532.0,35993.0,3097.7578
2702,13.4321,12.4631,1.5907,13.2325,529.0,39363.0,3097.7578
2703,13.1241,12.7808,1.71,13.2971,528.0,60587.0,3097.7578
2704,13.3802,13.1179,1.9281,13.1074,530.0,48239.0,3097.7578
2705,13.085,12.6832,1.7876,13.5377,533.0,45523.0,3097.7578
2706,13.4931,12.3724,1.7105,12.928,532.0,46052.0,3097.7578
2707,12.9429,12.6537,1.7888,13.8251,531.0,38927.0,3097.7578
2708,13.888,12.8594,1.9061,13.0926,535.0,43348.0,3097.7578
2709,13.1189,12.6192,1.7063,13.117,535.0,34431.0,3097.7578
2710,12.9971,12.6992,1.6969,13.0595,532.0,33563.0,3097.7578
2711,13.06,12.6119,1.8104,13.3128,535.0,34645.0,3097.7578
2712,13.4044,12.6036,1.7884,12.4618,534.0,34633.0,3097.7578
2713,12.485,12.3947,1.8569,12.9998,531.0,33205.0,3097.7578
2714,12.923,12.3856,1.6773,12.9954,531.0,35547.0,3097.7578
2715,12.9979,12.6391,1.6393,13.0209,531.0,35131.0,3097.7578
2716,13.0151,12.3137,1.5692,12.6767,506.0,33063.0,3097.7578
2717,12.5886,12.433,1.46,12.7942,494.0,30175.0,3097.7578
2718,12.8399,12.6143,1.5434,13.4047,530.0,34031.0,3097.7578
2719,13.4248,12.3475,1.3581,12.8093,530.0,33567.0,3097.7578
2720,12.8557,12.3884,1.4629,12.7881,529.0,34483.0,3097.7578
2721,12.8567,12.4352,1.721,13.2741,531.0,36715.0,3097.7578
2722,13.189,12.7062,1.5822,12.9292,529.0,46587.0,3097.7578
2723,13.0414,12.651,1.6888,13.7626,530.0,58055.0,3097.7578
2724,13.686,12.5598,1.8162,12.6086,534.0,32291.0,3097.7578
2725,12.5728,12.6187,1.8213,13.6498,535.0,42815.0,3097.7578
2726,13.6513,12.4199,1.7879,13.1396,535.0,33311.0,3097.7578
2727,13.1335,12.7056,1.6985,12.5063,501.0,32237.0,3097.7578
2728,12.5321,12.3643,1.6974,12.4623,514.0,33353.0,3097.7578
2729,12.4167,12.5583,1.5927,13.2277,532.0,35307.0,3097.7578
2730,13.258,12.3892,1.3825,13.1585,532.0,36951.0,3097.7578
2731,13.202,12.4103,1.4698,14.0965,528.0,41763.0,3097.7578
2732,14.0348,12.6591,1.4802,11.8598,494.0,30175.0,3097.7578
2733,11.8586,12.3651,1.4445,13.7077,530.0,40069.0,3097.7578
2734,13.7566,12.4293,1.7022,12.5874,532.0,36213.0,3097.7578
2735,12.5678,12.3597,1.9115,14.0084,533.0,44777.0,3097.7578
2736,14.0188,13.3292,2.0302,12.9869,530.0,37451.0,3097.7578
2737,12.9831,13.115,2.2536,13.442,532.0,46715.0,3097.7578
2738,13.3894,13.0458,1.907,13.4439,531.0,39145.0,3097.7578
2739,13.4941,12.8987,1.8786,13.8671,531.0,32667.0,3097.7578
2740,13.8657,12.6715,1.8662,13.2745,534.0,32591.0,3097.7578
2741,13.2628,12.9717,1.824,13.08,535.0,32671.0,3097.7578
2742,13.1748,12.957,2.0925,13.8476,538.0,33171.0,3097.7578
2743,13.8265,13.2267,1.6074,13.3632,536.0,38221.0,3097.7578
2744,13.3531,12.7364,1.7191,13.2426,532.0,34849.0,3097.7578
2745,13.2257,12.4812,1.6039,12.9951,532.0,37169.0,3097.7578
2746,13.0712,12.8307,1.8972,13.7415,529.0,35899.0,3097.7578
2747,13.6295,12.6294,1.593,12.3968,530.0,33673.0,3097.7578
2748,12.4195,12.432,1.5192,12.7796,528.0,35001.0,3097.7578
2749,12.7407,12.4525,1.628,12.4859,496.0,30199.0,3097.7578
2750,12.5815,12.4257,1.8035,13.993,529.0,49825.0,3097.7578
2751,13.8833,12.6176,1.9924,13.8689,528.0,37743.0,3097.7578
2752,13.942,12.4441,2.148,14.6606,530.0,38286.0,3097.7578
2753,14.7608,12.7584,2.2251,12.0027,519.0,32673.0,3097.7578
2754,11.9078,12.4573,2.2874,11.8343,495.0,30187.0,3097.7578
2755,11.8147,12.482,1.8307,16.5369,508.0,32093.0,3097.7578
2756,16.5695,12.4431,2.0964,12.5449,536.0,33817.0,3097.7578
2757,12.5465,12.7812,2.2705,11.0984,515.0,31151.0,3097.7578
2758,11.0617,12.6155,1.93,13.3281,502.0,30227.0,3097.7578
2759,13.3094,12.6073,1.8766,15.3529,534.0,33751.0,3097.7578
2760,15.4619,12.634,1.8047,11.0488,533.0,34313.0,3097.7578
2761,10.9371,12.5233,1.7506,13.0876,532.0,33827.0,3097.7578
2762,13.1198,12.4661,2.0601,12.4436,531.0,34057.0,3097.7578
2763,12.4754,12.6333,1.5108,13.7662,524.0,31879.0,3097.7578
2764,13.6896,12.579,1.6834,12.3301,497.0,30211.0,3097.7578
2765,12.3547,12.4791,1.5267,13.51,555.0,57444.0,3097.7578
2766,13.5453,12.4363,1.792,14.5347,532.0,33535.0,3097.7578
2767,14.6998,13.1315,2.2357,11.962,536.0,34740.0,3097.7578
2768,11.7924,12.3657,2.0818,12.6128,531.0,32611.0,3097.7578
2769,12.7055,12.8325,1.8726,13.2715,534.0,45719.0,3097.7578
2770,13.0806,12.4792,1.4846,12.8681,534.0,36635.0,3097.7578
2771,12.887,12.3109,1.6126,13.6648,531.0,37323.0,3097.7578
2772,13.8123,12.6219,2.0594,12.87,536.0,40155.0,3097.7578
2773,12.801,12.3773,2.1044,13.4428,538.0,39011.0,3097.7578
2774,13.4542,12.4373,1.948,13.1573,537.0,45803.0,3097.7578
2775,13.0922,12.6692,1.6893,12.4207,532.0,44077.0,3097.7578
2776,12.4837,12.4196,2.0061,12.8441,532.0,49193.0,3097.7578
2777,12.7737,12.406,1.668,13.3176,522.0,31689.0,3097.7578
2778,13.4361,12.4484,2.1523,12.5509,512.0,31303.0,3097.7578
2779,12.4799,12.692,1.9054,12.5939,493.0,30163.0,3097.7578
2780,12.7832,12.7479,2.8712,14.0889,495.0,30187.0,3097.7578
2781,13.9911,12.3699,2.4451,13.0285,506.0,33428.0,3097.7578
2782,12.996,12.4116,1.8559,12.881,497.0,30211.0,3097.7578
2783,12.8425,12.6316,1.6804,12.9744,532.0,36728.0,3097.7578
2784,13.2157,12.3735,2.4704,12.3839,504.0,30981.0,3097.7578
2785,12.1112,12.6305,1.6141,12.8,497.0,30211.0,3097.7578
2786,12.8196,12.3671,1.8346,12.7523,530.0,41027.0,3097.7578
2787,12.7523,12.4002,2.0756,13.4129,532.0,38360.0,3097.7578
2788,13.3887,12.3003,1.7332,13.5526,537.0,39323.0,3097.7578
2789,13.5992,12.66,2.0592,12.514,538.0,48996.0,3097.7578
2790,12.5016,12.4548,1.7849,13.2221,533.0,32647.0,3097.7578
2791,13.1958,12.4426,1.773,12.6472,530.0,33919.0,3097.7578
2792,12.7443,12.4395,1.9726,13.4786,532.0,37429.0,3097.7578
2793,13.3533,12.5617,1.6783,11.9504,534.0,33503.0,3097.7578
2794,11.9311,12.3859,1.4549,13.429,529.0,41139.0,3097.7578
2795,13.6113,12.4154,1.678,12.6804,532.0,35841.0,3097.7578
2796,12.5975,12.37,1.5928,13.3532,534.0,36017.0,3097.7578
2797,13.3511,12.6194,2.0297,12.9939,530.0,39375.0,3097.7578
2798,13.0438,12.4062,1.696,12.7942,534.0,60659.0,3097.7578
2799,12.7071,12.5819,1.4448,14.5292,530.0,48239.0,3097.7578
2800,14.6021,12.4629,2.1801,11.8918,528.0,45463.0,3097.7578
2801,11.8221,12.3915,1.9828,12.4734,535.0,46088.0,3097.7578
2802,12.4647,12.4039,1.6723,12.818,531.0,38927.0,3097.7578
2803,12.8609,12.3907,1.5635,13.3408,533.0,43368.0,3097.7578
2804,13.4023,12.5686,1.8057,13.17,534.0,34419.0,3097.7578
2805,13.0664,12.3554,1.6839,13.41,533.0,33575.0,3097.7578
2806,13.4056,12.4062,1.5058,12.7229,538.0,34659.0,3097.7578
2807,12.8928,12.6757,1.9195,12.8967,533.0,34621.0,3097.7578
2808,12.9192,13.03,1.9869,13.6749,535.0,33253.0,3097.7578
2809,13.5729,12.418,1.6105,12.557,536.0,35585.0,3097.7578
2810,12.5149,12.4224,1.7295,13.2215,530.0,35119.0,3097.7578
2811,13.2498,12.4265,1.698,11.9477,503.0,33027.0,3097.7578
2812,11.8929,12.6294,1.7335,13.8473,497.0,30211.0,3097.7578
2813,13.8394,12.4059,1.75,13.1285,533.0,34067.0,3097.7578
2814,13.1552,12.4136,1.5889,12.8711,531.0,33579.0,3097.7578
2815,12.9473,12.668,1.6073,14.028,530.0,34495.0,3097.7578
2816,13.9473,12.4573,1.9335,12.3773,533.0,36739.0,3097.7578
2817,12.3729,12.424,1.5862,12.7558,532.0,46623.0,3097.7578
2818,12.7867,12.6197,1.7066,12.7639,531.0,58067.0,3097.7578
2819,12.7848,12.4406,1.5999,13.1389,531.0,32299.0,3097.7578
2820,13.058,12.3817,1.7737,13.0392,534.0,42803.0,3097.7578
2821,13.1421,12.3509,1.7733,13.1059,536.0,33323.0,3097.7578
2822,13.0939,12.6127,1.484,12.3256,508.0,32697.0,3097.7578
2823,12.3172,12.3984,1.6902,14.244,517.0,33557.0,3097.7578
2824,14.2059,12.4661,1.5995,13.2036,535.0,35065.0,3097.7578
2825,13.2043,12.584,1.834,13.068,530.0,38241.0,3097.7578
2826,13.0491,12.4515,1.7727,12.056,518.0,40019.0,3097.7578
2827,12.0738,12.3993,1.6068,12.691,494.0,30175.0,3097.7578
2828,12.6995,12.3263,1.735,12.4693,532.0,40093.0,3097.7578
2829,12.4415,12.473,1.6313,13.4341,532.0,36213.0,3097.7578
2830,13.5438,12.5336,1.6138,13.5874,530.0,44741.0,3097.7578
2831,13.4942,12.4817,1.687,12.4375,531.0,37463.0,3097.7578
2832,12.5311,12.4493,1.6469,12.7486,530.0,46691.0,3097.7578
2833,12.6633,12.6077,1.9025,13.8409,530.0,39133.0,3097.7578
2834,13.7845,12.4673,1.5084,12.9368,533.0,32691.0,3097.7578
2835,13.085,12.6206,1.6722,13.3523,530.0,32587.0,3097.7578
2836,13.347,12.3994,2.1421,13.1609,535.0,32671.0,3097.7578
2837,13.0832,12.4996,1.8621,12.5716,534.0,33123.0,3097.7578
2838,12.5574,12.4274,1.7495,12.9002,538.0,38223.0,3097.7578
2839,12.9063,12.6408,1.7069,13.6228,534.0,34873.0,3097.7578
2840,13.6556,12.4483,1.7884,12.5408,533.0,37181.0,3097.7578
2841,12.5272,12.4374,1.7995,12.9274,531.0,35901.0,3097.7578
2842,12.939,12.3798,1.7139,13.3388,531.0,33685.0,3097.7578
2843,13.3708,12.3952,1.8223,12.6551,526.0,34977.0,3097.7578
2844,12.6273,12.6245,1.6737,12.6769,494.0,30175.0,3097.7578
2845,12.6948,12.3912,1.6573,12.9642,531.0,49849.0,3097.7578
2846,12.9007,12.3408,1.5818,13.2142,530.0,37767.0,3097.7578
2847,13.2994,12.689,1.7252,13.0979,530.0,38286.0,3097.7578
2848,13.2946,12.7015,1.7989,13.0937,519.0,32673.0,3097.7578
2849,12.922,12.9477,1.7912,13.7585,496.0,30199.0,3097.7578
2850,13.6922,12.617,1.7749,13.156,512.0,32963.0,3097.7578
2851,13.1363,12.3074,1.6533,12.5989,530.0,33255.0,3097.7578
2852,12.5915,12.4147,1.8541,12.6237,509.0,30791.0,3097.7578
2853,12.6669,12.6087,1.5177,13.1102,501.0,30215.0,3097.7578
2854,13.1871,12.6824,1.5711,13.4192,537.0,33765.0,3097.7578
2855,13.3453,12.3756,1.4775,12.858,530.0,34277.0,3097.7578
2856,12.8482,12.4011,1.509,13.8245,534.0,33851.0,3097.7578
2857,13.7863,12.6671,1.514,12.492,533.0,34059.0,3097.7578
2858,12.5036,12.4414,1.5351,12.9756,527.0,31915.0,3097.7578
2859,12.9562,12.3564,1.4147,12.9536,494.0,30175.0,3097.7578
2860,12.9345,12.4435,1.507,13.0029,559.0,57492.0,3097.7578
2861,13.1208,12.5425,1.764,12.5612,531.0,33523.0,3097.7578
2862,12.4834,12.6662,1.652,12.8967,532.0,34692.0,3097.7578
2863,12.8635,12.4757,1.8111,13.5619,531.0,32611.0,3097.7578
2864,13.5965,12.3975,2.1872,12.5821,533.0,45707.0,3097.7578
2865,12.6134,12.4003,1.595,13.2344,536.0,36659.0,3097.7578
2866,13.3311,12.4236,1.5734,12.7813,531.0,37323.0,3097.7578
2867,12.6293,12.3463,1.6256,13.0117,531.0,40139.0,3097.7578
2868,13.0658,12.7,1.6985,13.3371,537.0,38999.0,3097.7578
2869,13.3834,12.3852,1.6618,12.598,534.0,45767.0,3097.7578
2870,12.7954,12.6171,1.6405,13.69,535.0,44091.0,3097.7578
2871,13.4901,12.3632,1.803,12.825,532.0,49193.0,3097.7578
2872,12.7381,12.8275,1.6686,13.4443,528.0,32001.0,3097.7578
2873,13.4396,12.3673,1.379,12.129,511.0,31029.0,3097.7578
2874,12.1753,12.6617,1.6568,13.7177,493.0,30163.0,3097.7578
2875,13.7879,12.5975,1.7588,13.0704,494.0,30175.0,3097.7578
2876,12.9588,12.3265,1.7348,13.1681,503.0,33392.0,3097.7578
2877,13.2849,12.3709,1.6194,12.7877,495.0,30187.0,3097.7578
2878,12.6623,12.4118,2.5936,13.3762,532.0,36728.0,3097.7578
2879,13.4128,12.4071,1.6151,12.5698,507.0,31017.0,3097.7578
2880,12.5425,12.653,1.5655,13.0511,496.0,30199.0,3097.7578
2881,13.0617,12.3464,2.0183,12.7401,533.0,41063.0,3097.7578
2882,12.8036,12.3502,1.5578,14.0914,533.0,38372.0,3097.7578
2883,14.0832,12.6987,1.893,12.4427,532.0,39307.0,3097.7578
2884,12.4407,12.4195,1.6882,13.099,535.0,48960.0,3097.7578
2885,13.0911,12.3743,1.5117,12.8979,536.0,32683.0,3097.7578
2886,12.8653,12.3907,1.5953,13.1939,535.0,33957.0,3097.7578
2887,13.2227,12.4081,1.5874,12.6851,534.0,37453.0,3097.7578
2888,12.7432,12.5877,1.6027,13.099,531.0,33467.0,3097.7578
2889,13.1123,12.3859,1.568,13.0288,533.0,41165.0,3097.7578
2890,13.0157,12.5602,1.5397,12.2257,534.0,35865.0,3097.7578
2891,12.2257,12.5244,1.4286,13.6901,531.0,35981.0,3097.7578
2892,13.6333,12.4109,1.628,12.9335,531.0,39387.0,3097.7578
2893,12.8953,12.3741,1.5978,13.9936,532.0,60635.0,3097.7578
2894,14.4189,12.6652,2.0947,12.4221,532.0,48263.0,3097.7578
2895,11.9849,12.5025,1.7528,12.391,531.0,45499.0,3097.7578
2896,12.4156,12.4316,1.7509,13.5433,533.0,46064.0,3097.7578
2897,13.5838,12.4635,1.8809,13.0405,531.0,38927.0,3097.7578
2898,12.9976,12.6531,1.7422,12.376,530.0,43332.0,3097.7578
2899,12.3763,12.4382,1.5958,13.7274,530.0,34415.0,3097.7578
2900,13.8,12.4052,1.8791,12.5633,534.0,33587.0,3097.7578
2901,12.5243,12.4368,1.655,12.8344,532.0,34587.0,3097.7578
2902,12.8283,12.6078,1.6842,13.3987,532.0,34587.0,3097.7578
2903,13.4891,12.5252,1.5826,13.0948,532.0,33217.0,3097.7578
2904,12.9903,12.5172,1.6011,13.334,536.0,35585.0,3097.7578
2905,13.3349,12.4454,1.7315,12.7429,536.0,35169.0,3097.7578
2906,12.7854,12.4322,1.6983,13.0061,504.0,33039.0,3097.7578
2907,12.9346,12.6503,1.6035,12.3765,493.0,30163.0,3097.7578
2908,12.4912,12.3394,1.62,12.7921,532.0,34055.0,3097.7578
2909,12.7347,12.5657,1.8562,13.2013,530.0,33567.0,3097.7578
2910,13.3338,12.363,1.603,13.6497,531.0,34507.0,3097.7578
2911,13.5429,12.6856,1.5932,12.891,531.0,36715.0,3097.7578
2912,12.8137,12.4646,1.5581,12.4513,531.0,46611.0,3097.7578
2913,12.4776,12.5372,1.4861,13.6724,530.0,58055.0,3097.7578
2914,13.6743,12.3395,1.3545,12.937,528.0,32263.0,3097.7578
2915,12.9608,12.3992,1.2436,12.8544,530.0,42799.0,3097.7578
2916,12.7851,12.4488,1.3068,13.2572,536.0,33323.0,3097.7578
2917,13.4111,12.647,1.8142,12.455,510.0,34263.0,3097.7578
2918,12.3862,12.4462,1.6185,12.5281,522.0,32917.0,3097.7578
2919,12.4422,12.4018,1.8997,13.6059,534.0,35405.0,3097.7578
2920,13.7082,12.4248,1.536,13.1374,533.0,38568.0,3097.7578
2921,13.159,12.638,1.5451,13.7292,520.0,38514.0,3097.7578
2922,13.7077,12.4737,1.7165,12.2235,493.0,30163.0,3097.7578
2923,12.1343,12.3571,1.4903,12.7982,529.0,40057.0,3097.7578
2924,12.8015,12.4718,1.5297,13.0861,532.0,36213.0,3097.7578
2925,13.1106,12.602,1.3368,13.2602,532.0,44765.0,3097.7578
2926,13.2712,12.4288,1.3922,13.2829,534.0,37499.0,3097.7578
2927,13.3798,12.4012,1.8317,12.6733,530.0,46691.0,3097.7578
2928,12.6968,12.4842,1.6293,13.2339,529.0,39121.0,3097.7578
2929,13.1419,12.6785,1.5211,12.6633,532.0,32679.0,3097.7578
2930,12.6092,12.3593,1.4316,12.4906,533.0,32623.0,3097.7578
2931,12.5776,12.3657,1.3312,13.5059,533.0,32691.0,3097.7578
2932,13.4376,12.4161,1.5227,13.0982,536.0,33147.0,3097.7578
2933,13.1629,12.677,1.4123,13.4582,538.0,38223.0,3097.7578
2934,13.4434,12.6785,1.2789,12.7175,533.0,34839.0,3097.7578
2935,12.7424,12.6056,1.3795,13.2245,534.0,37193.0,3097.7578
2936,13.109,12.4477,1.2746,12.893,536.0,35961.0,3097.7578
2937,12.9042,12.3831,1.1882,13.0496,533.0,33687.0,3097.7578
2938,13.0758,12.3704,1.494,12.8204,527.0,34989.0,3097.7578
2939,12.8692,12.3608,1.6888,12.5643,498.0,30223.0,3097.7578
2940,12.6576,12.5377,1.6992,13.5515,532.0,49861.0,3097.7578
2941,13.4236,12.3408,1.5093,12.5325,530.0,37767.0,3097.7578
2942,12.5865,12.3881,1.5032,13.3948,531.0,38298.0,3097.7578
2943,13.2885,12.586,1.6921,13.2463,519.0,32673.0,3097.7578
2944,13.3156,12.4572,1.6596,11.9366,497.0,30211.0,3097.7578
2945,11.9906,12.3763,1.4658,13.4753,521.0,34143.0,3097.7578
2946,13.4883,12.4117,1.6308,13.0575,530.0,32519.0,3097.7578
2947,13.016,12.6764,1.4902,12.7017,501.0,30403.0,3097.7578
2948,12.7174,12.4017,1.4268,13.2692,497.0,30167.0,3097.7578
2949,13.26,12.3817,1.5467,13.4223,533.0,33717.0,3097.7578
2950,13.397,12.6563,1.5023,12.5922,533.0,34291.0,3097.7578
2951,12.7873,12.4313,1.8163,12.9981,535.0,33863.0,3097.7578
2952,12.8907,12.3832,1.4684,13.0448,533.0,34059.0,3097.7578
2953,12.9372,12.3819,1.5289,12.9612,526.0,31881.0,3097.7578
2954,12.9711,12.553,1.6149,13.016,495.0,30187.0,3097.7578
2955,13.0573,12.4326,1.6329,13.3351,557.0,57468.0,3097.7578
2956,13.3038,12.3331,1.5962,12.5105,530.0,33511.0,3097.7578
2957,12.5243,12.4544,1.7498,13.148,533.0,34704.0,3097.7578
2958,13.1824,12.6248,1.6842,12.658,532.0,32623.0,3097.7578
2959,12.6496,12.3789,1.6963,13.1436,533.0,45707.0,3097.7578
2960,13.1987,12.626,1.9157,13.664,532.0,36611.0,3097.7578
2961,13.5295,12.3806,1.5336,12.5185,531.0,37323.0,3097.7578
2962,12.5968,12.633,1.7069,12.9723,534.0,40175.0,3097.7578
2963,12.9043,12.3425,1.3953,12.7419,533.0,38995.0,3097.7578
2964,12.8629,12.4685,1.3149,12.9653,534.0,45767.0,3097.7578
2965,12.8448,12.4374,1.2858,13.5184,535.0,44091.0,3097.7578
2966,13.5702,12.6665,1.9644,12.6898,533.0,49183.0,3097.7578
2967,12.7446,12.3671,1.5343,12.7787,529.0,32157.0,3097.7578
2968,12.6489,12.6437,1.7654,13.8693,509.0,30861.0,3097.7578
2969,13.9946,12.475,1.6061,12.0184,498.0,30201.0,3097.7578
2970,11.9898,12.3962,1.6492,13.0508,495.0,30187.0,3097.7578
2971,12.9879,12.3311,1.4659,14.0684,502.0,33380.0,3097.7578
2972,14.1049,12.5088,1.6174,12.1023,494.0,30175.0,3097.7578
2973,12.1437,12.4558,1.7354,13.3961,531.0,36716.0,3097.7578
2974,13.3455,12.3565,1.5214,12.4665,507.0,31017.0,3097.7578
2975,12.5326,12.4499,1.3105,12.4467,495.0,30187.0,3097.7578
2976,12.3592,12.6283,1.3271,13.898,532.0,41051.0,3097.7578
2977,13.879,12.387,1.2921,12.769,531.0,38348.0,3097.7578
2978,12.7729,12.3807,1.2999,12.6108,533.0,39319.0,3097.7578
2979,12.738,12.3958,1.2631,13.3864,532.0,48968.0,3097.7578
2980,13.3366,12.6144,1.4858,13.3147,536.0,32683.0,3097.7578
2981,13.2786,12.4139,1.7766,12.4428,537.0,33981.0,3097.7578
2982,12.4178,12.36,1.4525,12.7137,533.0,37419.0,3097.7578
2983,12.8534,12.373,1.6856,13.4993,534.0,33503.0,3097.7578
2984,13.4817,12.6346,1.6248,12.7492,535.0,41189.0,3097.7578
2985,12.6607,12.4244,1.3837,13.1092,531.0,35807.0,3097.7578
2986,13.212,12.4318,1.6022,13.296,531.0,35981.0,3097.7578
2987,13.3112,12.3542,1.7672,13.0056,530.0,39375.0,3097.7578
2988,12.9508,12.6214,1.794,12.8456,535.0,60671.0,3097.7578
2989,12.7787,12.3464,1.4842,12.9079,532.0,48263.0,3097.7578
2990,13.0436,12.5432,1.6033,13.1201,530.0,45487.0,3097.7578
2991,13.18,12.3837,1.7312,12.9018,532.0,46052.0,3097.7578
2992,12.722,12.5034,1.5282,12.9712,529.0,38903.0,3097.7578
2993,13.0376,12.3524,1.4652,12.2675,530.0,43332.0,3097.7578
2994,12.155,12.5914,1.3729,13.5475,530.0,34415.0,3097.7578
2995,13.5544,12.3812,1.4161,13.3001,530.0,33583.0,3097.7578
2996,13.444,12.4739,1.6907,13.0495,535.0,34623.0,3097.7578
2997,13.044,12.4689,2.013,12.0121,532.0,34587.0,3097.7578
2998,12.4097,12.5629,1.9034,12.9882,532.0,33195.0,3097.7578
2999,12.5023,12.3773,1.7152,13.7188,534.0,35561.0,3097.7578
3000,13.8279,12.4195,1.5061,12.2015,534.0,35145.0,3097.7578
3001,12.0696,12.3692,1.7622,13.2745,505.0,33029.0,3097.7578
3002,13.3505,12.7043,2.0046,13.2726,496.0,30199.0,3097.7578
3003,13.214,12.315,1.7044,13.3143,532.0,34055.0,3097.7578
3004,13.3955,12.3304,1.6327,12.9288,533.0,33603.0,3097.7578
3005,12.9672,12.4069,1.7461,13.0533,531.0,34507.0,3097.7578
3006,13.1013,12.6358,1.7723,12.1661,530.0,36703.0,3097.7578
3007,12.0926,12.4319,1.4899,13.4639,530.0,46599.0,3097.7578
3008,13.3945,12.3747,1.4781,12.8862,532.0,58079.0,3097.7578
3009,12.8826,12.4222,1.4905,12.7312,530.0,32287.0,3097.7578
3010,12.7751,12.6366,1.677,13.7746,533.0,42835.0,3097.7578
3011,13.7692,12.5664,1.7685,12.9191,528.0,33271.0,3097.7578
3012,13.0055,12.3889,1.8008,12.6055,513.0,34299.0,3097.7578
3013,12.5073,12.5946,1.8938,12.6609,531.0,34223.0,3097.7578
3014,12.6741,12.7173,1.8214,16.4611,428.0,144021.0,3097.7578
3015,16.393,12.8428,1.8434,12.5815,256.0,29048.0,3097.7578
3016,12.832,12.4615,2.1875,11.3618,195.0,16734.0,3097.7578
3017,11.1513,12.4094,1.8236,12.5098,141.0,7802.0,3097.7578
3018,12.4456,11.0999,1.3168,11.8123,135.0,7180.0,3097.7578
3019,11.8246,11.1748,1.3728,12.6686,168.0,6887.0,3097.7578
3020,12.7854,11.2184,1.9168,10.8869,167.0,5028.0,3097.7578
3021,10.8047,11.6137,1.8076,12.2022,166.0,8082.0,3097.7578
3022,12.1887,11.0417,1.5205,11.119,166.0,5016.0,3097.7578
3023,11.0984,10.8977,1.5986,11.5149,168.0,8886.0,3097.7578
3024,11.5586,11.0502,1.5201,11.8939,167.0,16284.0,3118.4453
3025,11.8965,10.9865,1.726,11.4713,167.0,39056.0,3133.1328
3026,11.4681,11.2894,1.7373,11.647,168.0,19324.0,3133.1328
3027,11.6089,11.0058,1.3397,11.7456,171.0,13606.0,3133.1328
3028,11.7419,10.9281,1.3251,11.3276,172.0,19408.0,3103.7578
3029,11.4792,11.4302,1.7126,12.097,173.0,18822.0,3062.3828
3030,11.9972,11.2546,1.6117,11.7648,176.0,28150.0,3062.3828
3031,11.7661,10.9383,1.3884,11.3509,168.0,22142.0,3062.3828
3032,11.3776,10.9749,1.4826,11.5071,173.0,21803.0,3062.3828
3033,11.4567,11.1127,1.4399,12.0016,175.0,23920.0,2934.3828
3034,12.0022,10.9423,1.5691,11.3066,164.0,10854.0,2934.3828
3035,11.3099,10.8662,1.2624,11.2583,166.0,10115.0,2934.3828
3036,11.2591,10.9372,1.4889,11.6925,171.0,11918.0,2934.3828
3037,11.8782,11.0909,1.7891,11.3366,168.0,6214.0,2934.3828
3038,11.1944,10.9292,1.4362,11.1799,170.0,6931.0,2934.3828
3039,11.1128,10.9071,1.391,11.5313,138.0,6684.0,2934.3828
3040,11.6178,10.8923,1.7003,11.5899,132.0,2948.0,2934.3828
3041,11.5105,10.8546,1.4741,11.3422,134.0,3068.0,2934.3828
3042,11.3181,10.9884,1.3775,11.1125,172.0,10490.0,2934.3828
3043,11.1111,10.8139,1.4903,11.8518,170.0,10011.0,2934.3828
3044,11.9776,10.8606,1.6693,11.2025,174.0,9621.0,2934.3828
3045,11.1501,10.9149,1.4416,11.7084,173.0,9323.0,2934.3828
3046,11.6956,11.137,1.4434,11.3691,173.0,11028.0,2934.3828
3047,11.3872,10.9248,1.5665,11.5673,151.0,4338.0,2934.3828
3048,11.5975,10.9498,1.4481,11.204,169.0,5514.0,2934.3828
3049,11.2288,10.8133,1.729,11.4613,175.0,9280.0,2934.3828
3050,11.3795,11.0583,1.504,11.5249,167.0,7640.0,2934.3828
3051,11.5561,10.9271,1.6334,11.4502,154.0,4268.0,2934.3828
3052,11.4289,10.9162,1.5374,11.6574,169.0,10175.0,2934.3828
3053,11.7011,10.9698,1.5139,10.9574,167.0,5880.0,2934.3828
3054,10.9245,10.897,1.5357,12.0857,167.0,5048.0,2934.3828
3055,12.1252,11.3473,1.5929,12.0112,167.0,5736.0,2934.3828
3056,12.0629,11.2252,1.6637,11.5215,167.0,6270.0,2934.3828
3057,11.4605,10.9162,1.5095,11.0121,167.0,5890.0,2934.3828
3058,10.9735,10.8424,1.8781,11.1947,167.0,6334.0,2934.3828
3059,11.1853,10.9348,1.4624,11.5943,168.0,6052.0,2934.3828
3060,11.6217,10.8926,1.578,11.3863,171.0,5518.0,2934.3828
3061,11.3765,10.8893,1.571,11.9409,171.0,6052.0,2934.3828
3062,11.9678,10.9342,1.5505,10.6949,172.0,6002.0,2934.3828
3063,10.6239,11.0541,1.3941,12.4323,169.0,5332.0,2934.3828
3064,12.5035,10.9667,1.546,10.9755,170.0,6190.0,2934.3828
3065,10.9376,10.8896,1.4569,11.4531,169.0,5896.0,2934.3828
3066,11.4376,11.1219,1.6018,11.4731,167.0,6586.0,2934.3828
3067,11.5158,10.896,1.3789,11.0813,168.0,6594.0,2934.3828
3068,11.0744,11.495,1.607,12.8506,168.0,5750.0,2934.3828
3069,12.872,12.0156,1.7865,12.8854,167.0,7056.0,2934.3828
3070,12.8803,10.8486,1.7897,11.471,170.0,6931.0,2934.3828
3071,11.4815,11.0592,1.5535,11.6759,167.0,5048.0,2934.3828
3072,11.6197,10.9326,1.7103,10.7454,167.0,8114.0,2934.3828
3073,10.7944,10.9133,1.4266,11.5604,168.0,5060.0,2934.3828
3074,11.5083,10.8646,1.36,11.7497,167.0,8874.0,2934.3828
3075,11.7203,11.0591,1.3547,11.3499,167.0,16284.0,2934.3828
3076,11.378,10.8231,1.3232,11.0921,171.0,39060.0,2934.3828
3077,11.136,10.9018,1.4505,11.8015,173.0,19340.0,2934.3828
3078,11.8175,11.1678,1.5386,11.1234,174.0,13598.0,2934.3828
3079,11.2085,11.2192,1.5324,11.766,171.0,19418.0,2934.3828
3080,11.6645,10.9585,1.3325,12.141,171.0,18820.0,2934.3828
3081,12.1458,11.197,1.4451,11.7519,174.0,28148.0,2934.3828
3082,11.7919,11.4659,1.5975,11.4386,169.0,22320.0,2934.3828
3083,11.4098,10.8715,1.6102,10.9107,171.0,22707.0,2934.3828
3084,10.8771,10.9202,1.3163,12.1824,173.0,23012.0,2934.3828
3085,12.2274,10.9726,1.7066,11.4888,164.0,10854.0,2934.3828
3086,11.4825,11.1212,1.9963,11.4591,168.0,10235.0,2934.3828
3087,11.4109,10.9061,1.3104,11.3376,172.0,12302.0,2934.3828
3088,11.3812,10.9214,1.396,11.6194,169.0,7701.0,2934.3828
3089,11.62,10.8989,1.6873,11.1094,167.0,6736.0,2934.3828
3090,11.1228,10.8544,1.6466,11.5077,137.0,4936.0,2934.3828
3091,11.4625,11.1176,1.2935,11.273,137.0,3248.0,2934.3828
3092,11.3123,10.9162,1.5467,11.8704,175.0,10946.0,2934.3828
3093,11.8267,10.8909,1.2733,11.1835,173.0,10073.0,2934.3828
3094,11.1846,10.9526,1.2319,11.4763,173.0,9539.0,2934.3828
3095,11.4573,11.1239,1.366,11.2816,171.0,8857.0,2934.3828
3096,11.3318,10.9053,1.6461,11.5867,171.0,11026.0,2934.3828
3097,11.5684,11.0798,1.3405,11.7024,150.0,4278.0,2934.3828
3098,11.7939,10.8436,1.3733,11.6011,168.0,5524.0,2934.3828
3099,11.5259,10.9153,1.3883,11.1029,171.0,9254.0,2934.3828
3100,11.0941,11.1318,1.1944,11.8717,167.0,7640.0,2934.3828
3101,11.8884,10.9398,1.5634,11.9051,156.0,4756.0,2934.3828
3102,11.944,11.9462,1.9064,12.0567,169.0,9807.0,2934.3828
3103,12.0388,10.8651,1.6232,11.4662,167.0,5880.0,2934.3828
3104,11.4885,10.9085,1.4735,11.0084,167.0,5048.0,2934.3828
3105,10.9163,10.8319,1.2701,11.5195,167.0,5736.0,2934.3828
3106,11.5448,10.8458,1.425,11.2093,167.0,6270.0,2934.3828
3107,11.2503,10.8269,1.6105,11.4375,167.0,5890.0,2934.3828
3108,11.4142,11.0502,1.4512,11.0224,172.0,6628.0,2934.3828
3109,11.0655,10.7651,1.4284,12.2967,171.0,5924.0,2934.3828
3110,12.2763,11.1928,1.6452,11.5987,171.0,5360.0,2934.3828
3111,11.6905,12.272,1.7961,12.5385,169.0,6050.0,2934.3828
3112,12.4776,11.2121,1.7844,11.4534,170.0,6158.0,2934.3828
3113,11.4392,10.8173,1.6518,11.3109,169.0,5174.0,2934.3828
3114,11.311,11.0165,1.7239,11.9083,167.0,6710.0,2934.3828
3115,11.9233,11.0166,1.5411,11.2602,167.0,6052.0,2934.3828
3116,11.2419,10.8558,1.486,11.2164,167.0,5894.0,2934.3828
3117,11.1973,10.8629,1.6214,11.22,167.0,6582.0,2934.3828
3118,11.1893,10.8475,1.3947,11.3855,167.0,6430.0,2934.3828
3119,11.3973,10.7909,1.402,11.6269,167.0,6364.0,2934.3828
3120,11.6694,11.0195,1.6641,11.7558,169.0,6919.0,2934.3828
3121,11.7821,11.3775,1.635,11.9226,167.0,5048.0,2934.3828
3122,11.9284,10.797,1.7372,11.0527,167.0,8114.0,2934.3828
3123,11.0015,11.081,1.7025,11.4046,167.0,6722.0,2934.3828
3124,11.3854,10.8386,1.7016,11.236,171.0,7512.0,2934.3828
3125,11.1996,10.8506,1.2907,12.0781,171.0,21212.0,2934.3828
3126,12.1741,10.9215,1.4322,11.2977,172.0,37176.0,2934.3828
3127,11.2471,11.0836,1.4095,11.3811,169.0,16562.0,2934.3828
3128,11.427,10.9093,1.5056,11.1595,172.0,14416.0,2934.3828
3129,11.1384,10.8151,1.4402,11.3712,167.0,18130.0,2934.3828
3130,11.3634,10.8786,1.3794,11.5406,169.0,19914.0,2934.3828
3131,11.5439,11.0065,1.5149,11.5507,172.0,28146.0,2934.3828
3132,11.5679,10.873,1.456,11.5952,172.0,24265.0,2934.3828
3133,11.612,10.8697,1.435,10.6261,168.0,20312.0,2934.3828
3134,10.5764,10.8529,1.4289,12.0455,173.0,22106.0,2934.3828
3135,12.0757,10.8305,1.4795,10.5186,168.0,12845.0,2934.3828
3136,10.4758,11.1062,1.2562,12.2182,167.0,10175.0,2934.3828
3137,12.2301,10.9139,1.4241,11.4514,169.0,10419.0,2934.3828
3138,11.4228,10.8433,1.4781,10.867,169.0,7701.0,2934.3828
3139,10.8714,10.7996,1.2926,11.8824,167.0,8424.0,2934.3828
3140,11.9417,11.0465,1.4419,11.0746,139.0,3132.0,2934.3828
3141,11.071,10.7833,1.4689,10.7761,140.0,3144.0,2934.3828
3142,10.7828,10.868,1.3252,12.2763,175.0,10946.0,2934.3828
3143,12.2606,10.7989,1.6526,11.2601,171.0,10071.0,2934.3828
3144,11.2787,10.881,1.5863,11.3931,171.0,9537.0,2934.3828
3145,11.3791,11.0616,1.4347,10.9639,171.0,8857.0,2934.3828
3146,10.9819,10.7752,1.4107,11.4993,170.0,11036.0,2934.3828
3147,11.49,10.8122,1.4456,11.7859,152.0,4468.0,2934.3828
3148,11.7631,10.8996,1.4439,11.3041,170.0,7395.0,2934.3828
3149,11.3075,11.0525,1.631,11.3282,169.0,8679.0,2934.3828
3150,11.3843,10.8677,1.6167,11.479,168.0,6356.0,2934.3828
3151,11.4606,10.8901,1.6418,11.4958,166.0,5676.0,2934.3828
3152,11.5011,11.3373,1.7154,11.7862,167.0,9271.0,2934.3828
3153,11.7311,11.0714,1.4531,11.7448,167.0,5880.0,2934.3828
3154,11.7172,10.8671,1.3542,11.2577,168.0,5060.0,2934.3828
3155,11.3037,10.8607,1.4027,11.5988,168.0,5748.0,2934.3828
3156,11.567,11.1204,1.3518,11.0308,172.0,7128.0,2934.3828
3157,11.0816,10.8536,1.3886,11.3867,171.0,5488.0,2934.3828
3158,11.3557,10.8649,1.4357,11.1334,172.0,6192.0,2934.3828
3159,11.1198,10.853,1.3742,12.0337,169.0,5922.0,2934.3828
3160,12.1421,10.8977,1.7468,11.1659,169.0,5358.0,2934.3828
3161,11.0946,10.9733,1.5405,11.3776,169.0,6584.0,2934.3828
3162,11.3872,10.8524,1.5114,11.2972,167.0,5610.0,2934.3828
3163,11.315,10.7902,1.3005,11.1967,167.0,5452.0,2934.3828
3164,11.1828,10.8604,1.5062,11.3593,167.0,6586.0,2934.3828
3165,11.3679,11.0185,1.613,11.0813,168.0,6598.0,2934.3828
3166,11.0247,10.8774,1.2866,11.4661,167.0,5892.0,2934.3828
3167,11.465,10.8743,1.2655,11.8049,167.0,5894.0,2934.3828
3168,11.8096,11.0358,1.3503,11.9678,168.0,6442.0,2934.3828
3169,12.0689,11.4245,1.4917,11.8375,168.0,6376.0,2934.3828
3170,11.8182,10.7991,1.6547,10.7394,170.0,6931.0,2934.3828
3171,10.7063,10.8907,1.7138,11.6594,167.0,5512.0,2934.3828
3172,11.6266,10.7753,1.2693,11.3963,171.0,7654.0,2934.3828
3173,11.4161,10.8237,1.5996,11.6483,171.0,8722.0,2934.3828
3174,11.672,10.8826,1.4827,11.313,171.0,16444.0,2934.3828
3175,11.3059,11.1003,1.4767,11.1103,170.0,20550.0,2934.3828
3176,11.1126,10.9007,1.7588,11.5592,169.0,27490.0,2934.3828
3177,11.5978,10.7892,1.6157,11.0497,170.0,17456.0,2934.3828
3178,11.0041,11.1032,1.529,11.5322,169.0,17868.0,2934.3828
3179,11.5015,10.8166,1.6575,12.2824,165.0,19676.0,2934.3828
3180,12.4172,11.0709,1.6694,11.5336,169.0,18556.0,2934.3828
3181,11.4995,11.5092,1.6293,11.127,171.0,23272.0,2934.3828
3182,11.0378,11.0008,1.8563,12.0257,172.0,26459.0,2934.3828
3183,12.0684,10.8874,1.5442,11.193,169.0,19356.0,2934.3828
3184,11.1933,11.0445,1.6152,11.3206,168.0,20320.0,2934.3828
3185,11.3439,10.8041,1.443,11.4144,167.0,12833.0,2934.3828
3186,11.3659,10.8742,1.6276,12.0048,166.0,10239.0,2934.3828
3187,11.9647,11.6705,1.5011,11.3483,173.0,12314.0,2934.3828
3188,11.4275,11.1037,1.6773,11.7216,171.0,5710.0,2934.3828
3189,11.695,10.9126,1.5505,11.6757,172.0,8440.0,2934.3828
3190,11.6785,10.9053,1.5931,11.2011,138.0,3024.0,2934.3828
3191,11.2053,11.0978,1.6426,11.0387,144.0,4014.0,2934.3828
3192,11.0366,10.8632,1.5537,12.0714,173.0,11014.0,2934.3828
3193,12.092,10.8369,1.5648,10.7908,171.0,10465.0,2934.3828
3194,10.7881,10.8422,1.7014,11.7752,169.0,9807.0,2934.3828
3195,11.7946,11.0295,1.5066,11.4666,170.0,8131.0,2934.3828
3196,11.4325,10.8599,1.4668,11.4699,169.0,10560.0,2934.3828
3197,11.6296,10.8882,1.7914,12.5791,146.0,4156.0,2934.3828
3198,12.4747,11.5117,1.836,10.4054,171.0,9254.0,2934.3828
3199,10.3907,10.8204,1.9214,11.8418,167.0,6808.0,2934.3828
3200,11.8071,11.0917,1.6857,11.3493,167.0,6344.0,2934.3828
3201,11.3411,10.9624,1.435,10.9949,167.0,5784.0,2934.3828
3202,11.0277,10.8424,1.334,12.2182,169.0,9439.0,2934.3828
3203,12.1901,10.8543,1.3736,10.8033,168.0,5892.0,2934.3828
3204,10.8337,10.8115,1.3464,11.2942,171.0,5052.0,2934.3828
3205,11.2613,10.8134,1.4208,11.8773,172.0,5752.0,2934.3828
3206,11.9214,10.8613,1.6474,12.4896,171.0,7116.0,2934.3828
3207,12.5369,11.9147,1.9186,10.9757,169.0,6178.0,2934.3828
3208,10.8972,10.9003,1.8546,11.3044,169.0,5644.0,2934.3828
3209,11.3194,11.1443,1.5486,12.2356,170.0,5776.0,2934.3828
3210,12.2482,10.8316,1.6057,10.988,167.0,5890.0,2934.3828
3211,10.9773,10.8427,1.5839,11.0079,167.0,6172.0,2934.3828
3212,11.0027,10.8493,1.6041,11.6626,167.0,5486.0,2934.3828
3213,11.6719,11.046,1.7182,10.8919,167.0,5986.0,2934.3828
3214,10.8364,10.8639,1.3225,11.9877,167.0,6210.0,2934.3828
3215,12.0175,10.7879,1.3574,11.0856,168.0,6596.0,2934.3828
3216,11.1203,11.0752,1.3698,12.2214,167.0,5736.0,2934.3828
3217,12.272,10.8151,1.6186,10.6116,168.0,6064.0,2934.3828
3218,10.5113,10.8898,1.5473,11.5542,167.0,6272.0,2934.3828
3219,11.6828,10.8713,2.0814,11.12,167.0,6364.0,2934.3828
3220,11.0965,11.6616,1.762,13.2484,173.0,7387.0,2934.3828
3221,13.1663,10.8389,1.4994,11.2699,171.0,6726.0,2934.3828
3222,11.2845,11.2534,1.8053,12.1576,171.0,6288.0,2934.3828
3223,12.3201,11.1873,1.9972,11.644,169.0,19340.0,2934.3828
3224,11.5368,11.4955,1.9366,14.361,171.0,8874.0,2934.3828
3225,14.353,11.9777,2.2223,10.5455,169.0,17666.0,2934.3828
3226,10.5275,11.4876,2.0466,11.6157,168.0,33734.0,2934.3828
3227,11.7253,11.1725,2.2011,11.3561,167.0,12148.0,2934.3828
3228,11.268,11.2642,2.1072,11.8081,172.0,20130.0,2934.3828
3229,11.8226,11.4599,2.1771,11.6284,160.0,17806.0,2934.3828
3230,11.5585,11.1809,2.4555,12.9171,169.0,18930.0,2934.3828
3231,12.9277,11.2085,1.8105,11.5666,174.0,22721.0,2934.3828
3232,11.5264,11.266,1.7383,11.6576,170.0,24588.0,2934.3828
3233,11.6923,11.4292,1.8647,11.7037,169.0,19356.0,2934.3828
3234,11.7601,11.1804,1.9752,11.8139,172.0,25599.0,2934.3828
3235,11.7396,11.1558,1.8289,11.6999,163.0,9242.0,2934.3828
3236,11.7643,11.3942,2.0296,12.1272,170.0,10306.0,2934.3828
3237,12.1506,11.1844,2.1082,11.957,173.0,10423.0,2934.3828
3238,11.9249,11.2886,2.1082,12.4275,171.0,5710.0,2934.3828
3239,12.4436,12.1971,2.0784,11.9963,167.0,8306.0,2934.3828
3240,11.9992,11.7804,1.9779,11.3454,137.0,3130.0,2934.3828
3241,11.3678,11.1979,1.9962,11.5446,149.0,4314.0,2934.3828
3242,11.4554,11.1004,1.742,11.5081,171.0,11476.0,2934.3828
3243,11.5535,11.1789,1.7545,12.5735,169.0,10831.0,2934.3828
3244,12.5676,11.4,1.5535,11.5784,169.0,8975.0,2934.3828
3245,11.5888,11.19,1.7888,12.1856,169.0,9807.0,2934.3828
3246,12.2069,11.8273,1.9196,11.8025,168.0,8860.0,2934.3828
3247,11.768,11.2059,1.6501,11.2792,145.0,4096.0,2934.3828
3248,11.263,11.3702,1.4466,12.4602,171.0,10182.0,2934.3828
3249,12.4663,11.1554,1.5265,11.228,167.0,5880.0,2934.3828
3250,11.2495,11.1825,1.6413,12.076,167.0,6712.0,2934.3828
3251,12.0943,11.12,1.5862,11.2256,168.0,5428.0,2934.3828
3252,11.1976,11.1095,1.4125,11.6903,173.0,9443.0,2934.3828
3253,11.7004,11.0827,1.5248,12.3135,171.0,5884.0,2934.3828
3254,12.2891,11.2265,1.4975,11.0189,171.0,5052.0,2934.3828
3255,10.9995,11.3676,1.4415,12.1168,170.0,5750.0,2934.3828
3256,12.1854,11.2021,1.6243,12.0954,169.0,7392.0,2934.3828
3257,12.0601,11.2298,1.6165,11.7548,169.0,6058.0,2934.3828
3258,11.7331,11.1464,1.7046,11.1219,167.0,5484.0,2934.3828
3259,11.1179,11.1445,1.6005,11.9072,167.0,6296.0,2934.3828
3260,11.9418,11.4025,1.7991,12.1781,167.0,5480.0,2934.3828
3261,12.2292,11.7811,2.0733,12.097,168.0,6060.0,2934.3828
3262,12.0617,11.1513,1.705,11.9256,168.0,5498.0,2934.3828
3263,11.938,11.1534,1.5983,11.3202,167.0,6300.0,2934.3828
3264,11.3109,11.3131,1.8959,12.278,167.0,5896.0,2934.3828
3265,12.3028,11.1378,1.7581,11.8496,168.0,7284.0,2934.3828
3266,11.7759,11.1553,1.6479,11.1758,168.0,5218.0,2934.3828
3267,11.3657,11.1367,1.8528,11.5665,167.0,5894.0,2934.3828
3268,11.3787,11.4206,1.5609,11.7356,171.0,6276.0,2934.3828
3269,11.7378,11.1478,1.5952,12.2991,171.0,6368.0,2934.3828
3270,12.2937,11.1728,1.4782,11.7166,173.0,7387.0,2934.3828
3271,11.737,11.6296,1.5526,11.9474,169.0,6724.0,2934.3828
3272,11.9781,11.2099,1.6322,11.47,169.0,6286.0,2934.3828
3273,11.4204,11.1566,1.4114,11.671,169.0,19340.0,2934.3828
3274,11.8056,11.1659,1.6273,11.4172,168.0,9324.0,2934.3828
3275,11.3002,11.3482,1.6421,11.9618,168.0,17274.0,2934.3828
3276,12.2159,11.1276,1.738,11.6467,167.0,33660.0,2934.3828
3277,11.4312,11.2002,1.5336,11.8057,168.0,12160.0,2934.3828
3278,11.7655,11.1247,1.577,11.6006,170.0,20570.0,2934.3828
3279,11.6183,11.4153,1.3961,11.6479,163.0,21620.0,2934.3828
3280,11.6232,11.1816,1.3195,12.8939,171.0,18294.0,2934.3828
3281,12.998,11.8177,2.0915,11.549,173.0,24203.0,2934.3828
3282,11.4744,11.172,1.8145,11.182,168.0,19666.0,2934.3828
3283,11.1435,11.1441,1.3058,12.2852,172.0,24445.0,2934.3828
3284,12.2967,11.4786,1.6696,12.1125,176.0,22252.0,2934.3828
3285,12.203,11.2144,1.7725,11.3385,164.0,9129.0,2934.3828
3286,11.2425,11.1892,1.4249,11.9316,174.0,10498.0,2934.3828
3287,11.9259,11.1731,1.306,11.5534,169.0,8550.0,2934.3828
3288,11.5863,11.4179,1.5536,11.8864,169.0,5708.0,2934.3828
3289,11.8806,11.1644,1.3215,11.2552,163.0,8018.0,2934.3828
3290,11.3376,11.1579,1.7193,12.0004,139.0,3320.0,2934.3828
3291,11.9271,11.4069,1.6486,12.2011,151.0,5016.0,2934.3828
3292,12.2296,11.144,1.6475,11.6737,171.0,11844.0,2934.3828
3293,11.6194,11.1937,1.3738,11.4289,169.0,10367.0,2934.3828
3294,11.4534,11.1315,1.467,11.8851,169.0,9439.0,2934.3828
3295,11.8975,11.3721,1.5277,11.8477,170.0,12787.0,2934.3828
3296,11.8187,11.1407,1.4959,11.7863,168.0,5428.0,2934.3828
3297,11.8542,11.1728,1.4712,11.6328,170.0,7859.0,2934.3828
3298,11.5638,11.1379,1.3448,11.599,170.0,7859.0,2934.3828
3299,11.6781,12.0785,1.809,12.6659,168.0,7092.0,2934.3828
3300,12.6763,11.1422,1.486,11.428,171.0,5420.0,2934.3828
3301,11.4069,11.174,1.4473,11.4904,173.0,9443.0,2934.3828
3302,11.4466,11.1794,1.5338,13.2957,171.0,5516.0,2934.3828
3303,13.3694,11.4629,1.7271,11.3945,169.0,5418.0,2934.3828
3304,11.3808,11.3076,1.9036,11.137,169.0,5738.0,2934.3828
3305,11.1018,11.1858,1.7196,12.1088,169.0,7392.0,2934.3828
3306,12.06,11.3183,1.6794,11.4863,168.0,6068.0,2934.3828
3307,11.5484,11.1147,1.5913,11.872,167.0,5484.0,2934.3828
3308,11.8675,11.2077,1.4704,11.1025,167.0,6138.0,2934.3828
3309,11.0772,11.16,1.5564,12.2637,168.0,5342.0,2934.3828
3310,12.2307,11.1489,1.2445,11.5781,167.0,6198.0,2934.3828
3311,11.6175,11.3375,1.4498,11.5964,167.0,5644.0,2934.3828
3312,11.5855,11.0973,1.3528,11.4725,169.0,6010.0,2934.3828
3313,11.4794,11.1057,1.3306,12.1247,168.0,6222.0,2934.3828
3314,12.1248,11.1311,1.3133,11.3166,167.0,6584.0,2934.3828
3315,11.347,11.3197,1.4967,12.0132,169.0,5918.0,2934.3828
3316,11.9964,11.1005,1.619,11.6543,171.0,5898.0,2934.3828
3317,11.642,11.1422,1.4843,12.1718,171.0,6276.0,2934.3828
3318,12.2433,11.2396,1.9052,11.0721,171.0,6368.0,2934.3828
3319,11.0177,11.3509,1.5095,11.7762,171.0,7385.0,2934.3828
3320,11.7842,11.1523,1.6108,12.1626,169.0,6724.0,2934.3828
3321,12.1838,11.1903,1.5331,12.1512,169.0,6286.0,2934.3828
3322,12.1567,11.1367,1.6947,11.5652,167.0,19338.0,2934.3828
3323,11.5859,11.4033,1.9173,11.8556,168.0,9324.0,2934.5078
3324,11.848,13.4735,2.1426,13.5687,168.0,12042.0,2934.5078
3325,13.7053,11.1743,1.8095,11.4079,167.0,38428.0,2934.5078
3326,11.2628,11.1815,1.5904,12.2195,168.0,12624.0,2934.5078
3327,12.1666,11.5097,1.6739,11.8371,170.0,20202.0,2934.5078
3328,11.8401,11.3563,1.5638,11.4235,165.0,22156.0,2934.5078
3329,11.4457,11.4495,1.499,11.794,169.0,16544.0,2934.5078
3330,11.8064,11.1098,1.6731,11.6117,174.0,24345.0,2934.5078
3331,11.5961,11.147,1.4492,12.2975,170.0,21382.0,2934.5078
3332,12.2984,11.3924,1.4822,11.5266,175.0,24437.0,2934.5078
3333,11.5512,11.2155,1.5175,11.5915,176.0,22252.0,2934.5078
3334,11.5586,11.175,1.3992,12.1969,171.0,9673.0,2934.5078
3335,12.2094,11.1864,1.3218,11.7992,173.0,10728.0,2934.5078
3336,11.8161,11.4056,1.5738,11.4841,169.0,8426.0,2934.5078
3337,11.4876,11.0881,1.3977,11.3758,169.0,7272.0,2934.5078
3338,11.37,11.1577,1.5239,12.0613,156.0,5980.0,2934.5078
3339,12.066,11.3236,1.4985,11.7983,148.0,4324.0,2934.5078
3340,11.7686,11.1835,1.4777,11.8645,159.0,11054.0,2934.5078
3341,11.9182,11.1474,1.6562,11.9097,167.0,6414.0,2934.5078
3342,11.8608,11.1633,1.4587,11.9432,171.0,13926.0,2934.5078
3343,11.9731,11.3566,1.5962,12.1326,170.0,8987.0,2934.5078
3344,12.1512,11.1693,1.8192,11.0781,168.0,8860.0,2934.5078
3345,11.0052,11.1754,1.3413,11.8568,165.0,5248.0,2934.5078
3346,11.8842,11.1468,1.5126,11.8847,172.0,10194.0,2934.5078
3347,11.8751,11.4019,1.5787,11.6044,167.0,6248.0,2934.5078
3348,11.6954,11.1667,1.6423,11.5228,171.0,6348.0,2934.5078
3349,11.4227,11.2034,1.3546,11.558,171.0,5420.0,2934.5078
3350,11.535,11.2313,1.2254,12.2576,173.0,9443.0,2934.5078
3351,12.298,11.177,1.4072,11.7073,169.0,5514.0,2934.5078
3352,11.7258,11.3417,1.5926,11.7453,170.0,5430.0,2934.5078
3353,11.7282,11.1535,1.4784,12.1989,170.0,6284.0,2934.5078
3354,12.2702,11.1667,1.7132,11.1366,167.0,7014.0,2934.5078
3355,11.1073,11.1407,1.6374,11.7765,167.0,6176.0,2934.5078
3356,11.7406,11.3762,1.4715,12.1154,168.0,5752.0,2934.5078
3357,12.1378,11.2321,1.5642,11.4055,169.0,5910.0,2934.5078
3358,11.4078,11.1244,1.5432,12.2122,168.0,5060.0,2934.5078
3359,12.2429,11.1415,1.5078,11.7509,167.0,6478.0,2934.5078
3360,11.7197,11.3028,1.4918,10.9067,168.0,5500.0,2934.5078
3361,10.8552,11.1391,1.3088,11.982,167.0,6176.0,2934.5078
3362,12.0351,11.0783,1.6124,11.8998,168.0,6064.0,2934.5078
3363,11.8834,11.3547,1.546,11.4401,167.0,7274.0,2934.5078
3364,11.4364,11.1226,1.4371,11.2936,171.0,5052.0,2934.5078
3365,11.2659,11.1481,1.3829,11.9151,171.0,5898.0,2934.5078
3366,11.9502,11.1595,1.4388,12.0748,171.0,6276.0,2934.5078
3367,12.1498,11.3782,1.6566,12.1471,171.0,8237.0,2934.5078
3368,12.0655,11.1843,1.433,10.8703,169.0,5514.0,2934.5078
3369,10.8914,11.1513,1.4455,12.3947,170.0,7200.0,2934.5078
3370,12.4108,11.2395,1.3829,11.1788,167.0,16284.0,2934.5078
3371,11.1727,11.3895,1.3995,12.3232,168.0,12686.0,2934.5078
3372,12.2948,11.6237,1.7558,11.8039,168.0,5586.0,2934.5078
3373,11.8272,11.584,1.6498,12.5472,172.0,46728.0,2934.5078
3374,12.5292,11.2065,1.4331,11.3786,167.0,23196.0,2934.5078
3375,11.5239,11.205,2.0225,11.6834,169.0,18010.0,2934.5078
3376,11.5925,11.3939,1.6522,11.5011,168.0,18754.0,2934.5078
3377,11.4413,11.1776,1.3939,12.682,168.0,21354.0,2934.5078
3378,12.6986,11.3435,1.3503,10.9699,174.0,18677.0,2934.5078
3379,11.0301,11.1364,1.7208,12.0327,171.0,22840.0,2934.5078
3380,12.006,11.4052,1.7276,11.4838,176.0,24617.0,2934.5078
3381,11.4768,11.1876,1.8526,11.707,174.0,20864.0,2934.5078
3382,11.6633,11.2038,1.5449,11.6525,176.0,19137.0,2934.5078
3383,11.651,11.4003,1.6653,12.3762,154.0,8584.0,2934.5078
3384,12.5989,11.3962,2.0539,11.5849,173.0,9040.0,2934.5078
3385,11.3589,11.1241,1.4664,11.9306,170.0,8972.0,2934.5078
3386,11.9307,11.1551,1.3717,11.4048,167.0,6736.0,2934.5078
3387,11.4064,11.4082,1.4981,12.6329,161.0,6840.0,2934.5078
3388,12.6434,11.4123,1.5256,10.8467,154.0,6803.0,2934.5078
3389,10.8603,11.1455,1.5196,12.4971,159.0,8791.0,2934.5078
3390,12.4731,11.2087,1.3774,12.146,167.0,6878.0,2934.5078
3391,12.151,11.3836,1.56,11.7192,173.0,17021.0,2934.5078
3392,11.8402,11.2037,1.6518,11.1911,168.0,8396.0,2934.5078
3393,11.1109,11.3352,1.5803,11.9244,167.0,5880.0,2934.5078
3394,11.9323,11.1807,1.4874,11.8532,169.0,6000.0,2934.5078
3395,11.8244,11.1319,1.535,11.705,171.0,9990.0,2934.5078
3396,11.7297,11.1715,1.6813,11.8949,172.0,5528.0,2934.5078
3397,11.9659,11.3484,1.5519,11.8708,171.0,6348.0,2934.5078
3398,11.8101,11.2683,1.6458,11.6062,172.0,7120.0,2934.5078
3399,11.6241,11.2043,1.5336,12.2739,171.0,7753.0,2934.5078
3400,12.2777,11.4711,1.6447,11.2629,169.0,5882.0,2934.5078
3401,11.2202,11.368,1.4668,11.8079,169.0,5050.0,2934.5078
3402,11.7704,11.1853,1.4628,12.0448,168.0,6970.0,2934.5078
3403,12.1334,11.1286,1.65,11.2387,167.0,6326.0,2934.5078
3404,11.1744,11.3901,1.5484,12.048,167.0,6868.0,2934.5078
3405,12.0681,11.1946,1.4755,11.4304,167.0,5728.0,2934.5078
3406,11.4369,11.1942,1.6081,11.3036,168.0,5218.0,2934.5078
3407,11.3763,11.3229,1.76,12.3896,167.0,5328.0,2934.5078
3408,12.3472,11.2178,1.6917,11.7408,167.0,6514.0,2934.5078
3409,11.6972,11.2015,1.5206,12.0109,169.0,5352.0,2934.5078
3410,12.0072,11.1462,1.5279,11.5612,168.0,6722.0,2934.5078
3411,11.588,11.3714,1.4783,11.8982,167.0,6366.0,2934.5078
3412,11.8552,11.2389,1.3372,12.0631,172.0,6286.0,2934.5078
3413,12.0749,11.2108,1.3927,11.7822,171.0,5742.0,2934.5078
3414,11.8356,11.244,1.7002,11.4915,171.0,5364.0,2934.5078
3415,11.4478,11.3999,1.6548,12.2635,172.0,8157.0,2934.5078
3416,12.303,11.3913,1.7461,11.5262,169.0,6674.0,2934.5078
3417,11.4973,11.4433,1.6039,11.9715,169.0,5514.0,2934.5078
3418,12.053,11.1958,1.7223,11.7244,168.0,17662.0,2934.5078
3419,11.6624,11.3474,1.5219,12.1096,167.0,7508.0,2934.5078
3420,12.0919,11.2285,1.42,11.5436,170.0,10620.0,2934.5078
3421,11.5375,11.1432,1.455,11.3555,167.0,22612.0,2934.5078
3422,11.3345,11.1977,1.2204,12.268,168.0,19200.0,2934.5078
3423,12.3055,11.1838,1.4135,12.0165,170.0,23254.0,2934.5078
3424,12.031,11.1829,1.6616,11.0599,168.0,16696.0,2934.5078
3425,11.0967,11.3398,1.6161,11.9593,168.0,21210.0,2934.5078
3426,11.8964,11.1679,1.4489,11.8548,169.0,17806.0,2934.5078
3427,11.9026,11.2061,1.5474,11.707,173.0,25097.0,2934.5078
3428,11.7115,11.3986,1.7111,12.1483,177.0,21633.0,2934.5078
3429,12.1418,11.1871,1.6461,11.5561,173.0,24032.0,2934.5078
3430,11.5451,11.2745,1.6418,11.6478,177.0,18659.0,2934.5078
3431,11.6709,11.2805,1.5719,12.0397,169.0,14450.0,2934.5078
3432,12.0432,11.435,1.6446,11.4815,147.0,7201.0,2934.5078
3433,11.4663,11.203,1.6696,11.8458,171.0,9639.0,2934.5078
3434,11.8638,11.2026,1.5167,11.5821,168.0,6500.0,2934.5078
3435,11.5376,11.1215,1.4861,11.7604,167.0,6736.0,2934.5078
3436,11.818,11.3896,1.5707,11.5742,167.0,8032.0,2934.5078
3437,11.5108,11.119,1.5813,12.2575,157.0,8719.0,2934.5078
3438,12.277,11.1439,1.5231,10.8599,158.0,7091.0,2934.5078
3439,10.8294,11.3161,1.2354,12.1436,169.0,9973.0,2934.5078
3440,12.1997,11.1677,1.6246,11.8988,172.0,16442.0,2934.5078
3441,11.9221,11.3886,1.6114,11.7319,151.0,4088.0,2934.5078
3442,11.6921,11.2309,1.5012,12.3961,168.0,5892.0,2934.5078
3443,12.3442,11.2055,1.6029,11.3213,168.0,5988.0,2934.5078
3444,11.3873,11.4051,1.9709,12.4345,175.0,9994.0,2934.5078
3445,12.4761,11.3725,1.6347,11.7318,171.0,5516.0,2934.5078
3446,11.705,11.4249,1.7891,11.7487,172.0,6360.0,2934.5078
3447,11.7204,11.1955,1.6457,11.8146,169.0,7106.0,2934.5078
3448,11.8449,11.1659,1.6432,11.4469,172.0,7765.0,2934.5078
3449,11.394,11.3257,1.4714,11.857,169.0,5882.0,2934.5078
3450,11.8537,11.1486,1.4648,11.6719,167.0,5048.0,2934.5078
3451,11.6749,11.1324,1.4295,11.6703,167.0,6958.0,2934.5078
3452,11.7374,11.3764,1.6256,11.669,168.0,6338.0,2934.5078
3453,11.6322,11.0876,1.6608,11.9041,167.0,6868.0,2934.5078
3454,11.8995,11.1534,1.3356,11.3392,167.0,5728.0,2934.5078
3455,11.2987,11.1511,1.3063,12.0241,168.0,5342.0,2934.5078
3456,12.1601,11.3906,1.6817,12.0387,167.0,5204.0,2934.5078
3457,11.9279,11.1351,1.4238,11.0496,168.0,6526.0,2934.5078
3458,11.0538,11.1248,1.3232,11.8954,167.0,5328.0,2934.5078
3459,12.005,11.1949,1.7508,11.9197,167.0,6710.0,2934.5078
3460,11.8919,11.1229,1.6188,11.3527,172.0,6382.0,2934.5078
3461,11.3117,11.427,1.5947,12.1917,172.0,6286.0,2934.5078
3462,12.182,11.5442,1.4969,12.2694,172.0,5754.0,2934.5078
3463,12.2816,11.1782,1.5934,11.4849,169.0,5362.0,2934.5078
3464,11.494,11.1921,1.6309,11.2354,171.0,8145.0,2934.5078
3465,11.212,11.293,1.443,12.3048,170.0,6686.0,2934.5078
3466,12.3709,11.1521,1.4818,12.1506,167.0,5512.0,2934.5078
3467,12.1198,11.1492,1.6337,11.551,167.0,17650.0,2934.5078
3468,11.5183,11.1655,1.6435,11.4927,167.0,7508.0,2934.5078
3469,11.5481,11.3261,1.5503,11.6326,170.0,10620.0,2934.5078
3470,11.5601,11.1879,1.5204,11.7125,167.0,22612.0,2934.5078
3471,11.7759,11.1952,1.7047,11.9468,168.0,20796.0,2934.5078
3472,11.886,11.3764,1.5847,11.6822,170.0,21788.0,2934.5078
3473,11.6898,11.1798,1.4777,11.6081,167.0,16554.0,2934.5078
3474,11.651,11.2339,1.4647,12.1462,168.0,21210.0,2934.5078
3475,12.1184,11.1907,1.34,11.3054,169.0,17806.0,2934.5078
3476,11.2999,11.3322,1.4928,11.596,179.0,25125.0,2934.5078
3477,11.5377,11.1912,1.5247,12.4091,177.0,21633.0,2934.5078
3478,12.4699,11.2755,1.8008,11.1972,173.0,24032.0,2934.5078
3479,11.2305,11.1967,1.7311,11.6302,174.0,20333.0,2934.5078
3480,11.6087,11.38,1.7563,12.5214,171.0,14478.0,2934.5078
3481,12.563,11.1408,1.5836,11.2915,151.0,5845.0,2934.5078
3482,11.2397,11.1386,1.4716,11.4514,169.0,9589.0,2934.5078
3483,11.4365,11.1437,1.3106,11.5834,167.0,6488.0,2934.5078
3484,11.5813,11.1997,1.4604,11.5471,167.0,7568.0,2934.5078
3485,11.5388,11.3203,1.4843,12.2801,167.0,7568.0,2934.5078
3486,12.3867,11.1777,1.6077,11.5634,163.0,9031.0,2934.5078
3487,11.4563,11.1974,1.4613,11.8337,169.0,11654.0,2934.5078
3488,11.9077,11.1576,1.6928,11.5108,170.0,10801.0,2934.5078
3489,11.4971,11.3582,1.573,12.4861,170.0,11235.0,2934.5078
3490,12.4902,11.202,1.5894,11.4977,167.0,5880.0,2934.5078
3491,11.4295,11.1464,1.5703,12.2713,167.0,5976.0,2934.5078
3492,12.3938,11.2211,1.9167,10.3545,177.0,10018.0,2934.5078
