capture_frame,FrameTime,GPUTime,GameThreadTime,RenderThreadTime,RHI/DrawCalls,RHI/PrimitivesDrawn,GPUMem/LocalUsedMB
120,18.126,15.6039,2.4458,16.1215,310.0,9562.0,2794.5547
121,15.9843,16.0164,2.5438,16.6858,309.0,28378.0,2794.5547
122,16.7414,15.67,2.3144,15.6163,309.0,48494.0,2794.5547
123,15.6459,15.5789,2.3869,15.4252,290.0,21538.0,2794.5547
124,15.3734,15.8498,2.2964,15.8698,283.0,6874.0,2794.5547
125,15.914,15.3828,2.2891,16.4728,273.0,6274.0,2794.5547
126,16.4943,15.665,2.4158,16.5466,274.0,6286.0,2794.5547
127,16.5061,15.802,2.4559,15.9875,309.0,13998.0,2794.5547
128,15.9916,15.6836,2.1949,15.7103,316.0,21030.0,2794.5547
129,15.6857,15.5135,2.2049,16.2636,314.0,10952.0,2794.5547
130,16.3112,15.9878,2.1826,16.389,313.0,39782.0,2794.5547
131,16.4145,15.8114,2.265,15.8913,306.0,8040.0,2794.5547
132,15.9115,15.5922,2.2353,15.8826,310.0,8376.0,2794.5547
133,16.2973,16.0253,2.8203,16.6666,310.0,8376.0,2794.5547
134,16.2295,15.6921,2.3356,16.2655,308.0,8374.0,2794.5547
135,16.186,15.6961,2.3476,16.2184,308.0,8374.0,2794.5547
136,16.2206,15.646,2.2622,16.4648,310.0,10245.0,2794.5547
137,16.4723,15.7521,2.2044,16.1192,311.0,10257.0,2794.5547
138,16.2049,15.9091,2.21,15.9762,310.0,10245.0,2794.5547
139,15.8773,15.721,2.125,16.3197,308.0,8374.0,2794.5547
140,16.3636,15.6401,2.102,15.8185,308.0,8374.0,2794.5547
141,15.7692,15.8405,2.0237,16.5294,309.0,18474.0,2794.5547
142,16.5888,15.8761,1.9643,16.4241,308.0,13914.0,2794.5547
143,16.3977,15.505,2.1229,16.6462,310.0,10245.0,2794.5547
144,16.6266,15.8025,1.8984,16.3964,316.0,17352.0,2794.5547
145,16.424,15.3839,1.9888,15.8156,319.0,12156.0,2794.5547
146,15.7952,15.1034,2.1583,15.6415,316.0,12244.0,2794.5547
147,15.7213,15.4019,2.0459,16.6157,312.0,21019.0,2794.5547
148,16.5578,15.7171,1.9025,15.9159,311.0,9540.0,2794.5547
149,15.9381,15.694,1.9916,15.8854,311.0,9780.0,2794.5547
150,15.8501,15.5086,1.9079,16.2424,309.0,8386.0,2794.5547
151,16.2298,15.8612,1.9574,16.584,308.0,11382.0,2794.5547
152,16.6162,14.9617,2.0294,16.2133,308.0,9750.0,2794.5547
153,16.1813,15.7307,1.9735,15.4318,309.0,8850.0,2794.5547
154,15.4649,15.4975,1.9973,17.6857,309.0,8544.0,2794.5547
155,17.6643,15.685,1.8419,14.8596,308.0,10370.0,2794.5547
156,14.8493,15.6575,1.8343,16.0711,311.0,8410.0,2794.5547
157,16.1018,15.763,1.8942,16.6794,312.0,20842.0,2794.5547
158,16.7298,16.372,2.1846,16.7778,319.0,29184.0,2794.5547
159,16.7867,16.2511,2.3848,16.2923,322.0,17724.0,2794.5547
160,16.2474,16.5408,2.3403,17.041,317.0,14920.0,2794.5547
161,17.0796,16.0378,2.3214,17.9651,311.0,10006.0,2794.5547
162,17.9276,16.2768,1.9912,14.986,294.0,8986.0,2794.5547
163,15.0459,16.881,1.9334,17.2789,283.0,10132.0,2794.5547
164,17.2473,16.1211,2.1311,17.2281,284.0,6768.0,2794.5547
165,17.1597,16.3601,2.0253,16.753,275.0,6276.0,2794.5547
166,16.7814,15.872,2.2088,16.6803,274.0,6286.0,2794.5547
167,16.6346,16.1964,2.0982,18.216,273.0,6274.0,2794.5547
168,18.2607,16.51,2.1544,15.2997,273.0,6274.0,2794.5547
169,15.3704,15.8783,2.1294,16.9501,274.0,6286.0,2794.5547
170,16.9017,15.63,2.1264,15.775,283.0,6874.0,2794.5547
171,15.7781,15.4635,1.9438,16.0132,308.0,17736.0,2794.5547
172,15.9477,15.4622,1.9717,17.2162,308.0,27572.0,2794.5547
173,17.2327,15.5796,1.8231,14.7247,309.0,44798.0,2794.5547
174,14.7247,16.0662,1.8418,16.639,289.0,17770.0,2794.5547
175,16.6755,16.3457,2.0917,17.165,280.0,6598.0,2794.5547
176,17.2204,16.2169,2.0225,16.7846,278.0,6290.0,2794.5547
177,16.7669,16.53,2.0282,17.3131,277.0,6278.0,2794.5547
178,17.3006,16.5867,2.6795,17.3677,313.0,14002.0,2794.5547
179,17.3262,16.1189,2.0613,16.6869,315.0,21040.0,2794.5547
180,16.7234,16.5252,2.0275,17.0646,311.0,10938.0,2794.5547
181,17.0734,16.1233,2.2226,16.5418,311.0,39780.0,2794.5547
182,16.5489,16.7169,2.2138,17.1486,302.0,8014.0,2794.5547
183,17.0914,16.4746,2.0558,16.4191,309.0,8386.0,2794.5547
184,16.4107,16.2765,1.9767,16.5073,308.0,8374.0,2794.5547
185,16.6005,16.3636,2.1272,16.8083,308.0,8374.0,2794.5547
186,16.7687,16.1089,1.8557,16.9002,309.0,8386.0,2794.5547
187,16.8567,16.0366,1.9459,17.0722,311.0,10257.0,2794.5547
188,17.0604,16.159,1.9083,16.5822,312.0,10269.0,2794.5547
189,16.6232,15.6275,1.7819,16.1725,311.0,10257.0,2794.5547
190,16.1557,15.5058,1.8271,16.2862,308.0,8374.0,2794.5547
191,16.2919,15.6226,1.8817,16.1753,309.0,8386.0,2794.5547
192,16.1747,15.3763,2.0263,15.445,313.0,18478.0,2794.5547
193,15.435,15.8643,1.8915,16.6551,313.0,13930.0,2794.5547
194,16.6555,15.6466,1.9488,15.9649,315.0,10261.0,2794.5547
195,16.0239,15.8035,1.9573,16.3796,316.0,17374.0,2794.5547
196,16.3338,15.6817,2.0197,16.2317,315.0,12130.0,2794.5547
197,16.3105,15.4933,1.8149,15.836,314.0,12242.0,2794.5547
198,15.8457,15.5776,1.9078,15.6598,310.0,21017.0,2794.5547
199,15.6749,15.5402,2.383,15.7424,308.0,9526.0,2794.5547
200,15.611,15.6881,2.0846,16.4603,309.0,9778.0,2794.5547
201,16.4766,15.5811,2.0737,15.7884,308.0,8374.0,2794.5547
202,15.8614,15.68,2.1542,16.4208,309.0,11394.0,2794.5547
203,16.3857,15.6157,2.0546,16.2547,308.0,9750.0,2794.5547
204,16.2184,15.7801,1.7759,15.7751,308.0,8838.0,2794.5547
205,15.8431,16.4596,1.7961,17.0509,308.0,8532.0,2794.5547
206,17.0082,15.9751,2.7375,16.6546,308.0,10370.0,2794.5547
207,16.7067,16.2614,1.8838,16.9386,309.0,8386.0,2794.5547
208,16.9352,16.1995,2.2696,17.1975,316.0,20846.0,2794.5547
209,17.1785,16.5053,2.1535,16.9767,322.0,29176.0,2794.5547
210,16.9704,16.599,2.1452,17.2478,326.0,17728.0,2794.5547
211,17.2231,16.3741,1.9583,17.5419,316.0,14930.0,2794.5547
212,17.5886,16.4096,2.4736,15.8017,309.0,10004.0,2794.5547
213,15.7447,15.8327,2.1048,18.9773,298.0,10984.0,2794.5547
214,19.1669,16.9451,2.4227,16.1326,284.0,8574.0,2794.5547
215,16.0517,16.5401,2.4781,16.6406,275.0,6346.0,2794.5547
216,16.7137,16.4198,2.8246,16.13,273.0,6274.0,2794.5547
217,16.0402,15.8732,2.623,17.1896,273.0,6274.0,2794.5547
218,17.2085,15.96,2.5627,16.1633,275.0,6298.0,2794.5547
219,16.1125,15.2381,2.3838,16.0315,273.0,6274.0,2794.5547
220,15.9957,15.7185,2.4932,16.9075,273.0,6274.0,2794.5547
221,17.1484,15.6847,3.1623,18.2007,298.0,16312.0,2794.5547
222,18.2111,15.645,3.5956,13.7467,308.0,23402.0,2794.5547
223,13.7909,15.6712,2.9072,15.0976,309.0,22786.0,2794.5547
224,14.8264,15.6693,2.4567,15.7992,312.0,44468.0,2794.5547
225,15.8813,15.995,1.8687,16.9885,281.0,7874.0,2794.5547
226,16.9219,15.6988,2.1812,16.0268,281.0,6518.0,2794.5547
227,16.0728,15.3985,2.0234,15.9039,276.0,6288.0,2794.5547
228,15.894,15.5816,2.0813,16.804,276.0,6288.0,2794.5547
229,16.8243,15.5419,2.1494,15.1915,310.0,13988.0,2794.5547
230,15.1269,15.5413,2.0557,16.5526,312.0,21026.0,2794.5547
231,16.5682,15.4021,2.2525,17.4567,309.0,10936.0,2794.5547
232,17.4348,15.4116,2.1158,14.4472,308.0,39766.0,2794.5547
233,14.4386,15.1465,1.9723,16.0014,302.0,8014.0,2794.5547
234,16.0107,15.3807,1.9216,15.9966,310.0,8398.0,2794.5547
235,16.0153,15.8435,1.9906,16.0372,309.0,8386.0,2794.5547
236,16.0302,15.4095,2.0735,16.6437,309.0,8386.0,2794.5547
237,16.6157,15.8347,1.9418,15.5483,310.0,8398.0,2794.5547
238,15.5656,15.798,2.0262,16.875,310.0,10245.0,2794.5547
239,16.8814,15.5168,2.0595,15.6876,311.0,10257.0,2794.5547
240,15.7007,15.6061,1.9446,16.2906,314.0,10249.0,2794.5547
241,16.2937,15.8831,2.0151,17.9418,312.0,8378.0,2794.5547
242,17.9222,16.0191,2.1392,15.5805,312.0,8378.0,2794.5547
243,15.5805,16.1365,2.2764,16.0259,311.0,18476.0,2794.5547
244,16.0128,15.587,2.1694,16.8062,311.0,13928.0,2794.5547
245,16.8265,15.9899,2.292,15.8535,312.0,10247.0,2794.5547
246,15.9054,15.5739,2.1855,15.4041,313.0,17360.0,2794.5547
247,15.3582,15.9945,2.3648,17.1973,312.0,12116.0,2794.5547
248,17.2802,15.5549,2.1691,15.5587,313.0,12252.0,2794.5547
249,15.4513,15.5235,2.1651,15.365,310.0,21017.0,2794.5547
250,15.3683,16.1635,2.1527,17.2374,309.0,9538.0,2794.5547
251,17.214,15.5403,2.6263,15.8611,309.0,9778.0,2794.5547
252,15.9162,15.9281,2.2521,16.2697,308.0,8374.0,2794.5547
253,16.2611,15.8331,2.2792,16.4491,309.0,11394.0,2794.5547
254,16.4761,15.5325,2.365,15.6838,308.0,9750.0,2794.5547
255,15.7327,15.8912,2.5117,17.6243,308.0,8838.0,2794.5547
256,17.5697,15.9607,1.8669,14.9466,312.0,8536.0,2794.5547
257,15.0652,15.547,2.1712,16.0035,312.0,10374.0,2794.5547
258,15.9729,15.5108,1.8133,16.1195,314.0,8402.0,2794.5547
259,16.0411,15.4305,1.8909,15.4313,313.0,20832.0,2794.5547
260,15.4441,15.3432,1.7766,16.7641,322.0,29198.0,2794.5547
261,16.7449,15.6442,1.9139,16.5776,323.0,17714.0,2794.5547
262,16.5827,15.4649,1.9689,15.2832,314.0,14928.0,2794.5547
263,15.3664,15.5606,1.8446,16.2256,307.0,10002.0,2794.5547
264,16.2582,15.691,1.6713,17.3144,297.0,11042.0,2794.5547
265,17.2226,15.3106,1.9425,15.6597,283.0,8562.0,2794.5547
266,15.6192,14.9617,1.9204,15.5882,273.0,6274.0,2794.5547
267,15.601,14.8849,1.889,15.8147,273.0,6274.0,2794.5547
268,15.8144,15.5051,1.8713,15.7651,275.0,6298.0,2794.5547
269,15.8449,15.6561,1.9914,16.4691,273.0,6274.0,2794.5547
270,16.3809,15.2247,1.948,15.5215,273.0,6274.0,2794.5547
271,15.5385,15.8977,1.9407,16.5557,273.0,6274.0,2794.5547
272,16.5808,15.4384,1.9732,16.2916,312.0,21948.0,2794.5547
273,16.2719,15.8629,1.9773,16.9422,313.0,19362.0,2794.5547
274,16.9258,15.554,1.8466,15.9371,312.0,29256.0,2794.5547
275,16.0037,15.5754,1.937,15.5135,301.0,36472.0,2794.5547
276,15.4889,15.6886,1.9601,15.6509,280.0,7980.0,2794.5547
277,15.7325,15.3929,1.848,15.5424,277.0,6396.0,2794.5547
278,15.4806,15.6079,2.1074,16.62,274.0,6286.0,2794.5547
279,16.6106,15.6196,2.2855,16.0586,309.0,13998.0,2794.5547
280,16.0612,15.3682,2.4137,15.6904,313.0,20670.0,2794.5547
281,15.7579,15.7811,2.1271,16.529,308.0,11076.0,2794.5547
282,16.4631,15.5715,2.1765,15.525,310.0,34774.0,2794.5547
283,15.503,15.7681,2.16,15.8989,302.0,13246.0,2794.5547
284,15.9028,15.6819,2.0596,16.8475,308.0,8374.0,2794.5547
285,16.8407,15.7625,1.9955,15.8651,308.0,8374.0,2794.5547
286,15.9512,15.7337,2.202,16.2893,308.0,8374.0,2794.5547
287,16.2912,15.6288,2.1905,16.618,308.0,8374.0,2794.5547
288,16.5753,15.6675,2.1347,16.1419,314.0,10249.0,2794.5547
289,16.1221,15.5863,1.9591,15.855,314.0,10249.0,2794.5547
290,15.8383,15.8127,2.0227,16.5578,315.0,10261.0,2794.5547
291,16.5537,15.7787,1.9611,15.7182,310.0,8376.0,2794.5547
292,15.6884,15.4785,1.9124,16.1763,310.0,8376.0,2794.5547
293,16.2111,15.3271,1.9889,16.3672,311.0,18476.0,2794.5547
294,16.4617,16.0037,1.9749,16.4261,308.0,13914.0,2794.5547
295,16.3098,15.0502,1.7939,16.1993,310.0,10245.0,2794.5547
296,16.2497,14.9942,2.0157,16.5301,312.0,17348.0,2794.5547
297,16.5571,15.6397,2.2973,15.855,312.0,12116.0,2794.5547
298,15.8901,15.662,2.1808,15.6726,312.0,12240.0,2794.5547
299,15.578,15.7867,1.8555,17.037,311.0,21029.0,2794.5547
300,17.0594,15.7299,1.8422,15.5921,308.0,9526.0,2794.5547
301,15.572,15.6781,1.6799,16.2057,308.0,9766.0,2794.5547
302,16.1946,15.7288,1.8256,16.2522,309.0,8386.0,2794.5547
303,16.2885,15.6937,1.995,15.8224,308.0,11382.0,2794.5547
304,15.831,15.6552,2.0246,17.2684,313.0,9078.0,2794.5547
305,17.3134,15.7791,2.2807,15.6024,313.0,9542.0,2794.5547
306,15.546,15.6667,2.0165,16.5758,312.0,8536.0,2794.5547
307,16.5592,15.7917,2.0132,15.7262,311.0,10384.0,2794.5547
308,15.8395,15.644,1.9355,16.1947,310.0,8376.0,2794.5547
309,16.179,15.8927,2.1942,15.8625,315.0,20856.0,2794.5547
310,15.9877,15.6004,2.1945,17.268,318.0,29172.0,2794.5547
311,17.1043,15.7121,2.2873,15.211,321.0,17712.0,2794.5547
312,15.217,15.7378,2.2423,15.8398,314.0,14928.0,2794.5547
313,15.8368,15.6199,2.2884,16.8762,307.0,10002.0,2794.5547
314,16.8168,15.8527,2.2866,15.3306,300.0,11270.0,2794.5547
315,15.3609,15.4177,2.3539,15.9697,281.0,8394.0,2794.5547
316,16.0736,15.6059,2.0946,15.9048,274.0,6286.0,2794.5547
317,15.8262,15.6528,2.2756,15.9863,273.0,6274.0,2794.5547
318,16.0128,15.5001,1.9882,15.952,273.0,6274.0,2794.5547
319,15.897,15.7316,2.0001,16.3364,274.0,6286.0,2794.5547
320,16.3649,15.5978,2.1403,16.39,277.0,6278.0,2794.5547
321,16.3477,15.3066,2.1059,16.738,277.0,6278.0,2794.5547
322,16.7974,15.9064,2.1974,16.9183,313.0,21960.0,2794.5547
323,16.9289,15.5676,2.2774,15.4135,310.0,19348.0,2794.5547
324,15.364,15.2955,2.1383,16.42,311.0,29266.0,2794.5547
325,16.4333,14.9787,2.1345,14.712,302.0,36580.0,2794.5547
326,14.6929,14.7783,2.063,16.5661,276.0,7858.0,2794.5547
327,16.5594,15.6638,1.9568,14.9125,276.0,6406.0,2794.5547
328,14.9241,15.4959,1.9593,16.6812,273.0,6274.0,2794.5547
329,16.6505,15.7022,1.9675,16.6589,308.0,13986.0,2794.5547
330,16.6921,15.6677,1.9311,15.6742,314.0,20682.0,2794.5547
331,15.6719,15.8017,1.9721,16.5607,308.0,11076.0,2794.5547
332,16.5788,15.4571,2.1024,16.4059,308.0,34750.0,2794.5547
333,16.4746,15.5519,1.9683,16.0065,302.0,13246.0,2794.5547
334,15.9544,15.83,2.0127,16.8365,308.0,8374.0,2794.5547
335,16.8835,15.5788,2.5148,15.9413,308.0,8374.0,2794.5547
336,15.8827,15.5662,2.2261,15.6906,312.0,8378.0,2794.5547
337,15.7973,15.7592,2.1279,15.2461,314.0,8402.0,2794.5547
338,15.2873,15.4885,2.3809,16.2494,314.0,10249.0,2794.5547
339,16.1402,15.4453,2.342,15.859,312.0,10247.0,2794.5547
340,15.8004,15.9014,2.2017,18.6042,314.0,10271.0,2794.5547
341,18.8147,15.5758,2.8177,14.0576,311.0,8388.0,2794.5547
342,13.9755,15.5094,2.1773,16.2448,309.0,8386.0,2794.5547
343,16.1845,15.8039,2.6315,16.5068,310.0,18486.0,2794.5547
344,16.5973,15.6164,2.5505,15.5901,308.0,13914.0,2794.5547
345,15.5259,15.5829,2.2763,15.9605,310.0,10245.0,2794.5547
346,15.8784,15.701,2.1935,15.9483,312.0,17348.0,2794.5547
347,15.9719,15.6005,2.2432,16.5662,313.0,12128.0,2794.5547
348,16.5424,15.7622,2.227,16.7509,313.0,12252.0,2794.5547
349,16.9482,15.3146,2.1463,15.5813,310.0,21017.0,2794.5547
350,15.4108,15.5672,2.4342,16.5284,308.0,9526.0,2794.5547
351,16.4952,15.7194,1.8498,15.5641,308.0,9766.0,2794.5547
352,15.6788,15.6848,2.1549,16.0758,312.0,8378.0,2794.5547
353,15.9854,15.5282,1.9091,16.202,313.0,11398.0,2794.5547
354,16.229,15.0136,2.1352,16.3186,312.0,9066.0,2794.5547
355,16.3703,15.5153,2.0646,16.0228,311.0,9540.0,2794.5547
356,15.9267,15.6126,1.9545,15.5967,311.0,8546.0,2794.5547
357,15.676,15.12,2.3013,15.9431,310.0,10372.0,2794.5547
358,16.0039,15.8958,2.264,16.7019,308.0,8374.0,2794.5547
359,16.5923,15.7449,2.1104,16.5454,312.0,20842.0,2794.5547
360,16.5405,15.7206,2.168,16.1213,318.0,29172.0,2794.5547
361,16.1175,15.8393,2.2863,15.5328,322.0,17724.0,2794.5547
362,15.4814,15.8089,2.1355,16.6034,313.0,14916.0,2794.5547
363,16.6404,15.8702,2.1657,15.7351,307.0,10002.0,2794.5547
364,15.7274,15.8773,2.0837,16.5153,306.0,13270.0,2794.5547
365,16.5368,15.4258,1.9383,16.2136,275.0,6394.0,2794.5547
366,16.2633,15.5772,1.9758,17.2471,274.0,6286.0,2794.5547
367,17.2404,15.9992,2.2579,15.6933,274.0,6286.0,2794.5547
368,15.6325,15.6789,1.9869,14.6346,278.0,6290.0,2794.5547
369,14.7458,15.77,2.1861,16.398,278.0,6290.0,2794.5547
370,16.2852,15.6953,2.1699,16.7166,277.0,6278.0,2794.5547
371,16.7357,15.7443,2.4508,16.2226,277.0,6300.0,2794.5547
372,16.2084,15.7167,2.0275,16.4801,310.0,21946.0,2794.5547
373,16.5397,15.8123,2.2604,16.633,311.0,19360.0,2794.5547
374,16.6231,15.684,2.3204,15.3791,308.0,29252.0,2794.5547
375,15.3357,15.7848,2.348,15.7984,304.0,38222.0,2794.5547
376,15.8089,15.7659,1.9826,16.74,273.0,6274.0,2794.5547
377,16.7468,15.6238,1.9603,16.3131,275.0,6394.0,2794.5547
378,16.3318,15.864,1.9813,17.8343,278.0,6574.0,2794.5547
379,17.8368,15.6974,2.088,14.7297,309.0,15802.0,2794.5547
380,14.7438,14.8088,1.9743,15.6039,312.0,19438.0,2794.5547
381,15.5372,15.5444,1.9628,18.7132,308.0,15724.0,2794.5547
382,18.8777,16.0154,2.5102,16.5956,308.0,29470.0,2794.5547
383,16.6276,15.9299,2.9964,14.1386,303.0,13306.0,2794.5547
384,13.97,15.8851,2.2953,16.0194,312.0,8378.0,2794.5547
385,16.0576,15.5451,1.9158,15.9552,312.0,8378.0,2794.5547
386,15.9295,15.704,1.8166,16.3689,312.0,8378.0,2794.5547
387,16.3608,15.7316,1.9462,16.9745,311.0,8388.0,2794.5547
388,16.9997,14.8053,2.1363,19.9486,313.0,10259.0,2794.5547
389,20.0958,15.6042,2.7991,13.3676,312.0,10247.0,2794.5547
390,13.476,15.709,3.0342,16.9299,310.0,10245.0,2794.5547
391,16.6878,15.4789,3.0103,14.5639,308.0,8374.0,2794.5547
392,14.5736,15.7768,2.1334,17.8774,308.0,8374.0,2794.5547
393,17.867,15.9261,2.0622,14.6347,310.0,18486.0,2794.5547
394,14.63,15.9007,2.1761,16.9716,310.0,15785.0,2794.5547
395,16.977,15.6124,2.1841,16.4462,308.0,8374.0,2794.5547
396,16.4452,15.7522,2.1483,15.9378,312.0,17348.0,2794.5547
397,15.9667,15.7566,2.474,17.6094,314.0,13987.0,2794.5547
398,17.6725,15.7485,2.4593,17.6402,311.0,10381.0,2794.5547
399,17.7911,16.052,2.9327,17.0022,310.0,21017.0,2794.5547
400,16.8532,15.8492,2.3275,13.5788,314.0,9554.0,2794.5547
401,13.496,15.398,2.159,15.4685,312.0,9770.0,2794.5547
402,15.5056,15.8701,2.0896,15.7249,312.0,8842.0,2794.5547
403,15.7116,15.6002,2.2232,16.4136,310.0,10920.0,2794.5547
404,16.4499,15.8311,2.6286,16.2729,311.0,9540.0,2794.5547
405,16.2972,15.7576,2.4723,15.8867,310.0,9064.0,2794.5547
406,15.8579,15.3989,2.2783,15.7799,308.0,8690.0,2794.5547
407,15.7701,15.7554,2.3261,16.3528,308.0,10212.0,2794.5547
408,16.4593,15.5776,2.3718,16.1896,308.0,8838.0,2794.5547
409,16.032,15.5348,2.4453,17.5574,314.0,23738.0,2794.5547
410,17.6672,15.8669,2.6211,15.968,321.0,28188.0,2794.5547
411,16.5422,15.8051,4.0914,15.7706,318.0,16388.0,2794.5547
412,15.1324,15.5033,2.7096,15.8426,312.0,13876.0,2794.5547
413,15.8943,15.3519,2.7409,15.7079,308.0,11702.0,2794.5547
414,15.6326,16.1097,2.4611,15.7135,300.0,11222.0,2794.5547
415,15.7308,16.0504,1.9883,18.7736,275.0,6394.0,2794.5547
416,18.8722,15.8346,2.7981,15.8597,277.0,6278.0,2794.5547
417,15.7846,16.8313,3.3076,16.7425,277.0,6278.0,2794.5547
418,16.6977,16.8855,2.5013,17.2566,278.0,6290.0,2794.5547
419,17.2804,16.1506,2.4192,17.1334,276.0,6288.0,2794.5547
420,17.1829,16.3792,2.4736,17.0283,275.0,6276.0,2794.5547
421,17.0356,16.7246,3.342,16.0208,276.0,6288.0,2794.5547
422,15.9961,16.341,2.7338,16.9507,308.0,21944.0,2794.5547
423,16.9201,16.7897,2.5435,17.3401,308.0,19346.0,2794.5547
424,17.3141,16.1889,2.3633,16.2656,308.0,29252.0,2794.5547
425,16.2837,16.285,2.4142,16.704,305.0,38234.0,2794.5547
426,16.8011,16.9025,3.0631,17.5562,273.0,6274.0,2794.5547
427,17.491,16.2057,3.035,16.9571,277.0,6514.0,2794.5547
428,16.8795,16.5225,2.5015,18.9925,285.0,7826.0,2794.5547
429,19.177,15.8464,2.515,14.6755,310.0,17101.0,2794.5547
430,14.6082,15.8618,2.5427,16.3301,311.0,22443.0,2794.5547
431,16.2389,15.4271,2.5586,15.7938,308.0,10492.0,2794.5547
432,15.8344,15.6491,2.1853,16.5781,310.0,29402.0,2794.5547
433,16.5524,15.8464,2.2597,16.4626,307.0,13310.0,2794.5547
434,16.4429,15.5317,2.4776,15.4968,313.0,8390.0,2794.5547
435,15.5294,15.7223,2.5386,16.4555,311.0,8388.0,2794.5547
436,16.4228,15.5825,1.9794,15.9445,310.0,8376.0,2794.5547
437,15.9791,15.7394,2.3326,16.8505,310.0,8376.0,2794.5547
438,16.8596,15.3677,2.5863,16.2543,311.0,10257.0,2794.5547
439,16.2242,15.6363,2.3525,15.896,373.0,23187.0,2794.5547
440,15.8992,17.7684,2.2844,18.5012,349.0,11637.0,2794.5547
441,18.5117,16.4181,2.1008,17.0646,343.0,9430.0,2794.5547
442,17.0637,16.2423,2.3557,15.4203,343.0,11118.0,2794.5547
443,15.4089,14.829,1.9939,16.2213,347.0,19725.0,2794.5547
444,16.2429,14.9844,2.0313,14.8428,342.0,14578.0,2794.5547
445,14.8317,14.8794,2.034,14.9191,347.0,18332.0,2794.5547
446,14.9817,14.5179,2.1441,15.8181,343.0,11133.0,2794.5547
447,15.7352,14.2801,1.9384,15.08,347.0,14999.0,2794.5547
448,15.0962,15.1196,2.243,16.0772,347.0,16369.0,2794.5547
449,16.1115,14.8464,2.0734,15.2163,345.0,15270.0,2794.5547
450,15.2363,14.7821,2.0788,14.8451,345.0,10418.0,2794.5547
451,14.7988,15.0072,2.1989,14.4717,343.0,10192.0,2794.5547
452,14.5017,14.6716,2.2357,15.9093,343.0,10880.0,2794.5547
453,15.854,14.9119,2.2599,14.945,343.0,11808.0,2794.5547
454,14.9372,14.8386,2.3501,14.9606,341.0,9950.0,2794.5547
455,15.0101,14.0791,2.0604,15.8852,342.0,9274.0,2794.5547
456,15.9197,14.9936,2.176,15.6984,341.0,10396.0,2794.5547
457,15.6388,14.8224,2.0859,15.4196,341.0,12990.0,2794.5547
458,15.4185,14.089,2.0445,15.3254,349.0,29196.0,2794.5547
459,15.3396,14.46,2.2714,15.243,336.0,20258.0,2794.5547
460,15.253,15.0221,2.0949,16.1522,350.0,20480.0,2794.5547
461,16.23,14.8087,2.1175,13.9781,342.0,10292.0,2794.5547
462,13.8849,14.8674,2.026,15.3453,341.0,14254.0,2794.5547
463,15.337,14.8295,1.9208,15.1233,320.0,9666.0,2794.5547
464,15.1611,14.7908,2.0208,15.0952,309.0,7082.0,2794.5547
465,15.0539,14.6209,2.0887,15.0025,309.0,7082.0,2794.5547
466,14.9947,14.6998,2.0061,15.0998,309.0,7082.0,2794.5547
467,15.1561,14.7309,2.1779,15.9947,307.0,7080.0,2794.5547
468,15.9607,14.6906,2.0021,15.1162,307.0,7080.0,2794.5547
469,15.1691,15.0249,2.1803,15.0748,342.0,23138.0,2794.5547
470,15.0297,14.1942,2.196,15.7423,340.0,21732.0,2794.5547
471,15.7713,14.724,1.9905,14.2026,340.0,34088.0,2794.5547
472,14.1899,14.4969,2.0968,14.9917,327.0,32484.0,2794.5547
473,15.0704,15.0432,2.1147,16.0958,305.0,7078.0,2794.5547
474,16.0921,14.5599,2.0019,14.4884,313.0,7558.0,2794.5547
475,14.4731,14.7994,2.0891,15.5633,312.0,7498.0,2794.5547
476,15.5463,14.8005,2.4817,15.3423,342.0,17561.0,2794.5547
477,15.2751,14.603,2.2808,14.8255,342.0,23029.0,2794.5547
478,14.9086,14.9279,2.3883,15.1299,340.0,15778.0,2794.5547
479,15.0444,14.7705,2.1765,15.6578,332.0,24610.0,2794.5547
480,15.6671,14.8727,1.9655,15.9549,344.0,14414.0,2794.5547
481,16.0396,13.9749,2.051,14.662,344.0,9182.0,2794.5547
482,14.6435,13.9737,1.8741,15.1767,344.0,9182.0,2794.5547
483,15.1033,14.6837,1.8639,15.0427,343.0,9192.0,2794.5547
484,15.0402,14.9888,1.8376,16.3641,344.0,11051.0,2794.5547
485,16.4409,14.9102,2.5098,15.4095,342.0,9612.0,2794.5547
486,15.3914,14.9351,2.7273,16.1155,342.0,11297.0,2794.5547
487,16.1215,15.1447,2.5687,14.2238,340.0,9178.0,2794.5547
488,14.2809,15.0652,3.2567,15.9939,342.0,11049.0,2794.5547
489,15.9532,15.2633,2.677,15.1715,340.0,10866.0,2794.5547
490,15.08,15.3783,2.1683,15.5156,343.0,16085.0,2794.5547
491,15.5543,15.1498,1.9113,15.8102,340.0,17786.0,2794.5547
492,15.8084,15.0449,2.1028,15.4117,342.0,11049.0,2794.5547
493,15.419,15.2494,2.4689,15.894,342.0,16281.0,2794.5547
494,15.8692,14.7949,2.133,15.605,348.0,16662.0,2794.5547
495,15.5878,14.3375,1.9848,16.3829,343.0,11185.0,2794.5547
496,16.4523,14.9671,2.0443,15.0637,344.0,20418.0,2794.5547
497,15.0259,15.351,2.0025,15.8482,344.0,10334.0,2794.5547
498,15.863,14.6953,2.0392,15.7836,345.0,9658.0,2794.5547
499,15.7615,14.9447,1.9872,14.8129,342.0,10796.0,2794.5547
500,14.8297,15.322,2.0553,15.4708,342.0,12188.0,2794.5547
501,15.5887,14.811,1.9823,15.8676,343.0,9880.0,2794.5547
502,15.7425,15.2247,1.9008,14.8261,340.0,9178.0,2794.5547
503,14.9577,15.1478,2.1343,15.9795,340.0,9920.0,2794.5547
504,15.829,15.0612,2.2399,15.0469,341.0,13454.0,2794.5547
505,15.0506,15.1528,1.9034,17.095,347.0,22222.0,2794.5547
506,17.1129,15.46,1.9716,15.4327,346.0,27760.0,2794.5547
507,15.5016,15.1645,2.3288,15.8886,351.0,20540.0,2794.5547
508,15.829,15.0943,2.1188,15.1504,342.0,10292.0,2794.5547
509,15.1471,14.7956,2.1396,15.1124,340.0,14242.0,2794.5547
510,15.1158,15.47,1.9229,16.4972,318.0,9546.0,2794.5547
511,16.5718,14.3244,2.1054,16.1615,305.0,7078.0,2794.5547
512,16.0936,14.3156,2.0546,14.5919,309.0,7082.0,2794.5547
513,14.5744,15.227,2.1862,14.9516,309.0,7082.0,2794.5547
514,14.9426,15.1511,1.9662,16.5701,309.0,7082.0,2794.5547
515,16.5701,14.8258,2.1086,14.9583,340.0,22630.0,2794.5547
516,14.976,15.2934,1.9264,15.8375,319.0,10622.0,2794.5547
517,15.8164,14.9302,2.0024,16.1414,342.0,26516.0,2794.5547
518,16.32,15.0932,2.1808,15.1629,340.0,37322.0,2794.5547
519,15.0647,15.1629,2.2473,15.6417,317.0,21434.0,2794.5547
520,15.8859,15.216,2.5268,15.3301,309.0,7318.0,2794.5547
521,15.0705,15.0098,2.307,14.5447,310.0,7378.0,2794.5547
522,14.5133,15.104,2.3577,16.5016,310.0,7378.0,2794.5547
523,16.5622,15.1034,2.3936,16.2242,342.0,17561.0,2794.5547
524,16.1616,14.8604,2.0388,14.4337,342.0,23029.0,2794.5547
525,14.4505,15.2378,2.1947,15.9776,340.0,15778.0,2794.5547
526,16.0373,14.256,2.1602,15.809,340.0,25090.0,2794.5547
527,15.7702,15.0503,2.1697,16.5306,340.0,14410.0,2794.5547
528,16.5054,14.8279,2.1,14.6388,344.0,9182.0,2794.5547
529,14.6406,15.3076,2.0881,14.9356,344.0,9182.0,2794.5547
530,14.9297,15.0333,2.0148,15.5413,344.0,9182.0,2794.5547
531,15.5693,14.8412,2.2641,16.2786,344.0,11359.0,2794.5547
532,16.2585,15.3123,2.0832,14.6873,342.0,9304.0,2794.5547
533,14.8229,14.9399,2.0097,15.8728,345.0,11311.0,2794.5547
534,15.76,15.2456,2.2925,15.8153,340.0,9178.0,2794.5547
535,15.7596,15.0738,2.0953,15.4598,342.0,11049.0,2794.5547
536,15.5048,14.855,2.2226,15.8218,342.0,12737.0,2794.5547
537,15.8294,14.9927,2.4227,15.717,341.0,19446.0,2794.5547
538,15.7146,15.0828,2.3022,15.7454,340.0,12554.0,2794.5547
539,15.8007,15.1724,2.3044,15.8715,344.0,18152.0,2794.5547
540,15.8231,14.7559,2.0652,14.4866,340.0,9178.0,2794.5547
541,14.4857,14.1907,2.1941,15.6936,348.0,16786.0,2794.5547
542,15.6685,14.4187,2.134,15.5386,342.0,11049.0,2794.5547
543,15.6224,15.0894,2.2165,14.7162,340.0,20414.0,2794.5547
544,14.7463,15.2028,2.1968,15.9213,344.0,10334.0,2794.5547
545,15.8154,15.2367,2.2602,16.0767,344.0,10334.0,2794.5547
546,16.0682,15.0887,2.1317,14.8032,344.0,11262.0,2794.5547
547,14.7763,15.1718,2.0302,15.6837,342.0,11724.0,2794.5547
548,15.7911,15.4277,2.4724,16.4974,343.0,9192.0,2794.5547
549,16.5283,15.1874,2.7541,16.7413,342.0,9644.0,2794.5547
550,16.7051,15.5128,2.7306,15.2316,340.0,9456.0,2794.5547
551,15.3535,15.1008,3.0269,15.7875,343.0,16876.0,2794.5547
552,15.6394,15.2032,2.4125,15.7777,346.0,22704.0,2794.5547
553,15.7503,15.1726,2.6216,15.1861,340.0,26844.0,2794.5547
554,15.2281,14.9751,2.2809,17.3502,350.0,17192.0,2794.5547
555,17.3608,15.0518,2.8177,15.8426,342.0,10292.0,2794.5547
556,15.8928,14.8309,2.6625,14.5052,340.0,14242.0,2794.5547
557,14.397,14.808,2.5054,15.3545,316.0,9426.0,2794.5547
558,15.3818,14.6244,2.4017,15.5632,305.0,7078.0,2794.5547
559,15.6651,15.2944,2.4587,15.9867,306.0,7090.0,2794.5547
560,15.8367,15.0068,2.3194,15.2494,309.0,7082.0,2794.5547
561,15.2795,15.2254,2.1049,16.1055,309.0,7082.0,2794.5547
562,16.1079,15.4268,2.2664,15.786,344.0,23216.0,2794.5547
563,15.8205,15.0191,2.5141,15.3444,326.0,13388.0,2794.5547
564,15.3139,15.4357,2.3052,16.6886,342.0,30522.0,2794.5547
565,16.7556,15.1192,2.6087,15.1836,334.0,31432.0,2794.5547
566,15.2094,15.1157,2.5169,13.8513,317.0,20030.0,2794.5547
567,13.6982,15.2334,1.8449,17.0642,308.0,7258.0,2794.5547
568,17.1181,14.9634,2.1399,15.6623,314.0,7618.0,2794.5547
569,15.6527,15.1286,2.4933,15.4317,309.0,7318.0,2794.5547
570,15.4374,15.184,2.3811,14.8787,343.0,17573.0,2794.5547
571,14.9586,15.3717,2.1359,16.6705,342.0,23029.0,2794.5547
572,16.7269,15.2012,2.2134,16.021,340.0,15778.0,2794.5547
573,16.0215,14.577,2.7916,17.2213,340.0,25090.0,2794.5547
574,17.1172,14.4838,2.6633,15.0876,340.0,14410.0,2794.5547
575,15.0688,15.5276,2.4368,18.9993,340.0,9178.0,2794.5547
576,19.0791,16.0243,2.8835,15.2866,345.0,9194.0,2794.5547
577,15.4045,25.2308,2.747,23.0397,344.0,9182.0,2794.5547
578,22.9299,14.994,2.9218,15.3027,346.0,11361.0,2794.5547
579,15.2451,15.4187,2.7043,16.7253,343.0,9316.0,2794.5547
580,16.8023,14.9245,2.6617,14.4527,344.0,11299.0,2794.5547
581,14.3513,16.0165,2.4381,16.7942,342.0,9180.0,2794.5547
582,16.8375,18.0121,2.1576,19.0955,344.0,12920.0,2794.5547
583,19.0613,14.9319,2.4064,14.5638,340.0,10866.0,2794.5547
584,14.5734,15.3644,2.5182,16.3046,341.0,19446.0,2794.5547
585,16.2606,15.5814,1.989,17.1477,340.0,12554.0,2794.5547
586,17.1931,17.8141,2.4952,19.058,344.0,18152.0,2794.5547
587,18.9925,15.7674,2.7525,14.7205,340.0,9178.0,2794.5547
588,14.8333,15.3496,2.8528,17.2067,348.0,16786.0,2794.5547
589,17.2443,15.0637,2.6519,13.7453,342.0,11049.0,2794.5547
590,13.5847,15.0883,2.2251,16.5663,341.0,20426.0,2794.5547
591,16.6292,15.0731,2.053,15.0091,340.0,10330.0,2794.5547
592,15.0612,14.2336,2.0523,18.413,344.0,11022.0,2794.5547
593,18.3951,16.1072,2.3313,16.0948,344.0,11038.0,2794.5547
594,16.0591,15.8166,2.2534,17.3878,344.0,11262.0,2794.5547
595,17.5143,15.8233,2.2921,16.1473,342.0,9180.0,2794.5547
596,16.0397,17.3044,2.254,17.165,342.0,9644.0,2794.5547
597,17.1269,16.0875,2.0206,15.9956,344.0,12880.0,2794.5547
598,16.0234,16.4379,2.1016,16.6986,342.0,16802.0,2794.5547
599,16.6756,16.0132,2.2467,16.3895,347.0,22846.0,2794.5547
600,16.4285,15.8483,2.0298,16.8909,339.0,23428.0,2794.5547
601,16.8539,16.1796,2.2771,16.7378,349.0,17118.0,2794.5547
602,16.932,17.7899,2.29,18.9492,342.0,10292.0,2794.5547
603,18.7692,16.7041,2.0686,15.8633,341.0,14254.0,2794.5547
604,15.8377,16.3575,1.9764,17.7903,313.0,9246.0,2794.5547
605,17.803,16.0789,1.9096,15.4238,305.0,7078.0,2794.5547
606,15.4258,15.5969,2.0018,17.4008,306.0,7090.0,2794.5547
607,17.4283,16.3017,2.103,16.9342,305.0,7078.0,2794.5547
608,16.9723,16.0688,2.1437,17.1222,309.0,7082.0,2794.5547
609,17.1056,16.1843,2.143,16.3671,344.0,23216.0,2794.5547
610,16.3708,16.2205,2.0026,16.7759,333.0,16608.0,2794.5547
611,16.7591,16.1308,2.2357,16.3955,342.0,32152.0,2794.5547
612,16.3925,16.0206,2.2186,17.086,337.0,35440.0,2794.5547
613,17.0809,16.3728,2.0147,16.5898,315.0,11320.0,2794.5547
614,16.6267,16.0362,2.3623,18.3204,311.0,7438.0,2794.5547
615,18.403,16.1698,2.6682,15.6089,311.0,7390.0,2794.5547
616,15.6213,16.4421,3.0037,16.8397,312.0,7866.0,2794.5547
617,16.7901,15.7921,2.633,16.7129,342.0,18367.0,2794.5547
618,16.8174,15.4955,2.8085,15.6138,342.0,27087.0,2794.5547
619,15.4007,15.8525,2.4746,15.5407,340.0,10546.0,2794.5547
620,15.5679,15.6794,2.1974,16.1884,340.0,25090.0,2794.5547
621,16.2088,15.6587,2.1908,16.9315,340.0,14410.0,2794.5547
622,16.9379,15.5056,2.1969,16.5179,340.0,9178.0,2794.5547
623,16.5194,15.9323,2.2247,16.8612,340.0,9178.0,2794.5547
624,18.8351,15.6499,4.7882,16.719,344.0,9182.0,2794.5547
625,14.7148,15.2071,2.1858,16.1473,346.0,11361.0,2794.5547
626,16.2389,15.7884,2.646,17.6586,344.0,9306.0,2794.5547
627,17.6254,14.8119,2.4616,14.3832,344.0,11299.0,2794.5547
628,14.3987,15.5296,2.507,17.1876,344.0,11051.0,2794.5547
629,17.1552,15.1724,2.3664,17.4512,344.0,11051.0,2794.5547
630,17.5361,15.3562,2.6375,14.2588,340.0,16098.0,2794.5547
631,14.1675,15.579,2.2961,16.907,341.0,15902.0,2794.5547
632,16.9233,15.7381,2.1811,19.2786,344.0,14608.0,2794.5547
633,19.2859,16.143,2.2333,13.405,340.0,14410.0,2794.5547
634,13.375,15.5999,1.9649,15.5073,342.0,11173.0,2794.5547
635,15.6034,14.9687,2.0251,16.5759,346.0,14791.0,2794.5547
636,16.4516,15.8124,1.8345,15.3213,342.0,11049.0,2794.5547
637,15.3356,15.0742,1.9455,16.2682,340.0,20414.0,2794.5547
638,16.2761,15.6556,1.8982,16.2908,340.0,11018.0,2794.5547
639,16.2775,15.8281,1.9141,16.2094,340.0,10330.0,2794.5547
640,16.2093,15.8614,1.8974,16.4586,344.0,11726.0,2794.5547
641,16.435,15.8152,2.0397,16.0576,344.0,10574.0,2794.5547
642,16.1722,15.6269,1.8609,16.2416,344.0,9182.0,2794.5547
643,16.1302,15.7215,1.9276,16.3279,342.0,9922.0,2794.5547
644,16.4124,15.7594,2.0764,16.4222,344.0,12602.0,2794.5547
645,16.3634,15.6404,1.8687,15.5629,344.0,17732.0,2794.5547
646,15.565,15.488,1.8755,16.248,349.0,25278.0,2794.5547
647,16.39,16.089,2.2565,17.0003,338.0,20080.0,2794.5547
648,16.9187,15.9292,2.2563,15.7239,350.0,17192.0,2794.5547
649,15.7768,15.6648,2.2512,16.4665,341.0,10218.0,2794.5547
650,16.3999,15.998,2.1359,15.7301,340.0,15930.0,2794.5547
651,15.6649,15.5334,2.2233,16.2852,309.0,7318.0,2794.5547
652,16.3955,15.5744,2.0626,16.0959,306.0,7090.0,2794.5547
653,15.9685,15.7794,2.1355,15.8188,305.0,7078.0,2794.5547
654,15.8258,15.7166,1.854,16.5429,305.0,7078.0,2794.5547
655,16.5584,16.2078,1.9236,16.5244,305.0,7078.0,2794.5547
656,16.5252,15.5932,1.8181,16.4275,344.0,23216.0,2794.5547
657,16.5009,15.5691,1.9746,15.824,339.0,21136.0,2794.5547
658,15.7721,15.38,2.123,15.4503,344.0,31940.0,2794.5547
659,15.4376,15.6451,1.7781,15.869,336.0,32090.0,2794.5547
660,15.9451,15.482,1.8727,16.5216,311.0,10512.0,2794.5547
661,16.4448,15.3127,1.9323,15.5385,314.0,7500.0,2794.5547
662,15.5216,15.4397,2.0383,15.8016,309.0,7318.0,2794.5547
663,15.8294,14.2955,1.8558,15.8993,314.0,9896.0,2794.5547
664,15.9241,15.0836,2.4905,16.3687,344.0,23560.0,2794.5547
665,16.363,15.3546,1.8519,14.7883,341.0,19996.0,2794.5547
666,14.7581,14.9185,1.8512,15.6331,341.0,10558.0,2794.5547
667,15.7248,14.8291,2.2308,17.3772,340.0,25090.0,2794.5547
668,17.4525,15.4116,3.0381,14.7915,340.0,14410.0,2794.5547
669,14.6572,15.1621,2.4433,15.098,340.0,9178.0,2794.5547
670,15.1205,16.3668,2.186,17.2128,340.0,9178.0,2794.5547
671,17.2019,16.7264,2.1511,17.6288,340.0,9178.0,2794.5547
672,17.6213,15.7173,2.1504,15.8108,346.0,11361.0,2794.5547
673,15.7837,15.8988,1.9056,16.6703,345.0,9318.0,2794.5547
674,16.7154,15.8997,1.9219,15.8934,348.0,13172.0,2794.5547
675,15.9758,15.9085,2.0801,16.8462,343.0,9192.0,2794.5547
676,16.8166,16.1519,2.1424,15.6307,344.0,11051.0,2794.5547
677,15.6119,16.023,2.091,16.7605,342.0,16100.0,2794.5547
678,16.8683,16.0799,2.1824,16.6563,343.0,17773.0,2794.5547
679,16.6,16.2833,2.4492,16.4348,342.0,12737.0,2794.5547
680,16.4145,15.9912,2.3114,17.2959,342.0,16405.0,2794.5547
681,17.3991,15.6561,2.2383,15.2427,340.0,9178.0,2794.5547
682,15.0286,15.7977,2.2346,16.3014,346.0,14791.0,2794.5547
683,16.3256,15.7222,2.3772,16.3708,342.0,11513.0,2794.5547
684,16.4072,15.7251,2.2925,16.5059,340.0,19950.0,2794.5547
685,16.4674,16.0643,2.0867,17.3198,340.0,11018.0,2794.5547
686,17.3076,16.1549,2.3259,15.7503,341.0,10806.0,2794.5547
687,15.7652,15.7304,1.8526,15.6918,340.0,11258.0,2794.5547
688,15.6945,15.7823,1.9626,16.5065,344.0,10574.0,2794.5547
689,16.5142,15.5665,1.8373,16.9722,345.0,9194.0,2794.5547
690,16.962,15.9455,1.8419,15.7508,344.0,9924.0,2794.5547
691,15.7274,15.3858,1.7675,15.8519,344.0,13066.0,2794.5547
692,15.9404,15.8549,1.8987,17.4732,345.0,18772.0,2794.5547
693,17.4454,16.047,2.0443,14.9952,351.0,30460.0,2794.5547
694,15.0826,15.5379,2.0404,17.3401,347.0,16018.0,2794.5547
695,17.2447,15.7862,1.9717,15.1552,348.0,16078.0,2794.5547
696,15.1247,15.7921,1.9719,16.7492,329.0,10206.0,2794.5547
697,16.744,15.4964,1.8678,15.4668,339.0,14182.0,2794.5547
698,15.5197,15.7562,1.8221,15.9089,308.0,7258.0,2794.5547
699,15.9096,15.1392,1.8312,16.1352,305.0,7078.0,2794.5547
700,16.1651,14.7515,1.958,16.5157,305.0,7078.0,2794.5547
701,16.4348,15.6858,1.7909,15.8563,305.0,7078.0,2794.5547
702,15.9321,15.5701,1.8988,18.2934,305.0,7078.0,2794.5547
703,18.2366,15.8388,2.2182,13.9081,340.0,23212.0,2794.5547
704,13.8937,15.0273,1.9485,16.7468,343.0,24660.0,2794.5547
705,16.7792,15.8714,2.0069,16.2459,342.0,33768.0,2794.5547
706,16.3569,15.9961,1.9635,15.7855,336.0,26740.0,2794.5547
707,15.6501,15.6324,1.9086,16.5029,315.0,10752.0,2794.5547
708,16.5377,15.6411,1.9604,16.1212,315.0,7560.0,2794.5547
709,16.2001,15.7341,2.0451,16.4242,309.0,8374.0,2794.5547
710,16.2979,15.6767,2.063,16.4159,321.0,16613.0,2794.5547
711,16.4727,15.9569,2.033,17.0447,342.0,16921.0,2794.5547
712,16.9892,15.5402,1.7725,15.0683,340.0,19156.0,2794.5547
713,15.1436,15.5861,1.982,15.805,340.0,15654.0,2794.5547
714,15.8204,15.9635,2.109,16.043,340.0,19858.0,2794.5547
715,16.0207,15.7259,1.9914,16.29,337.0,14182.0,2794.5547
716,16.2817,16.0161,2.1341,17.3065,340.0,9178.0,2794.5547
717,17.2765,15.7542,2.0248,15.8395,340.0,9178.0,2794.5547
718,15.9821,15.4648,2.1547,15.9025,340.0,9178.0,2794.5547
719,15.7413,15.7449,2.3827,16.4034,342.0,11357.0,2794.5547
720,16.4163,15.801,2.2457,16.1819,346.0,11177.0,2794.5547
721,16.2437,15.4157,2.3248,15.2389,346.0,11301.0,2794.5547
722,15.1937,16.0112,2.0021,16.291,344.0,9182.0,2794.5547
723,16.3484,15.1808,2.2371,16.5287,344.0,11051.0,2794.5547
724,16.4927,15.812,2.1394,15.8321,342.0,16100.0,2794.5547
725,15.8563,15.6737,2.2288,17.6117,345.0,17775.0,2794.5547
726,17.6056,15.778,2.0168,15.4371,342.0,12861.0,2794.5547
727,15.4158,15.6268,2.0368,16.2517,342.0,16281.0,2794.5547
728,16.2445,15.6329,2.1341,16.4731,340.0,9178.0,2794.5547
729,16.5722,15.1833,1.9035,15.9907,346.0,15255.0,2794.5547
730,16.0647,15.2861,2.0997,15.7819,342.0,11049.0,2794.5547
731,15.6326,15.455,2.2524,15.8552,340.0,19950.0,2794.5547
732,15.8653,15.6533,2.137,16.7587,340.0,11018.0,2794.5547
733,16.8043,14.6989,2.1553,14.8133,340.0,10794.0,2794.5547
734,14.861,15.0985,2.0439,15.6309,341.0,11270.0,2794.5547
735,15.4826,15.8301,1.9281,16.2414,340.0,10570.0,2794.5547
736,16.2964,14.9779,2.0774,15.7056,344.0,9182.0,2794.5547
737,15.7104,15.3098,2.0383,17.0496,345.0,13736.0,2794.5547
738,17.0862,16.1161,2.2033,16.0155,346.0,9268.0,2794.5547
739,16.0073,15.1985,2.2656,16.3326,347.0,25468.0,2794.5547
740,16.3218,16.1056,2.3638,16.9259,349.0,23764.0,2794.5547
741,16.877,16.1493,2.2376,16.1265,349.0,15972.0,2794.5547
742,16.1779,15.764,2.4279,16.3453,348.0,16078.0,2794.5547
743,16.34,15.9832,2.3712,16.7749,331.0,12014.0,2794.5547
744,16.7333,15.9954,2.2149,15.4344,336.0,12314.0,2794.5547
745,15.4765,15.9081,2.172,16.0312,306.0,7138.0,2794.5547
746,16.0469,15.3107,2.0854,15.6164,305.0,7078.0,2794.5547
747,15.6552,16.0851,2.2273,16.8038,305.0,7078.0,2794.5547
748,16.7812,15.397,2.2153,16.059,305.0,7078.0,2794.5547
749,16.0707,14.9812,2.712,16.4472,305.0,7078.0,2794.5547
750,16.5153,15.1233,2.7045,14.7085,340.0,23212.0,2794.5547
751,14.5997,15.2469,2.1332,15.7487,340.0,26120.0,2794.5547
752,15.7218,15.455,2.3343,15.7912,341.0,32304.0,2794.5547
753,15.7894,15.068,2.11,16.1459,338.0,26860.0,2794.5547
754,16.1328,15.3924,2.1324,16.0006,319.0,10874.0,2794.5547
755,16.0636,15.2257,2.2718,15.464,311.0,7320.0,2794.5547
756,15.4446,14.9292,2.2177,15.5351,317.0,16205.0,2794.5547
757,15.5549,14.4987,2.1546,17.2654,327.0,11036.0,2794.5547
758,17.2136,15.1542,2.0361,13.7216,342.0,17321.0,2794.5547
759,13.7047,14.9658,1.8739,15.4866,340.0,22456.0,2794.5547
760,15.5165,14.9364,2.0792,15.0984,340.0,10422.0,2794.5547
761,15.0621,15.2612,1.8413,15.7285,341.0,25102.0,2794.5547
762,15.754,15.197,1.8143,18.049,336.0,8938.0,2794.5547
763,18.114,15.1481,2.2945,14.7023,340.0,9178.0,2794.5547
764,14.6629,15.1591,2.118,18.0068,340.0,9178.0,2794.5547
765,18.022,15.1695,2.1404,12.4969,340.0,9178.0,2794.5547
766,12.4895,15.329,2.1783,16.2408,344.0,13228.0,2794.5547
767,16.1935,15.0028,2.0864,15.2924,340.0,9302.0,2794.5547
768,15.4122,15.1765,2.3333,16.8066,346.0,11301.0,2794.5547
769,16.8166,15.8176,2.6307,15.4385,344.0,9182.0,2794.5547
770,15.3548,15.2909,2.5137,14.7566,346.0,11053.0,2794.5547
771,14.7486,15.2393,2.1176,17.0408,342.0,16100.0,2794.5547
772,17.1363,16.7191,2.07,17.3434,347.0,21458.0,2794.5547
773,17.2783,16.1156,2.2332,16.4021,342.0,14412.0,2794.5547
774,16.4119,15.3025,2.3923,16.399,342.0,11049.0,2794.5547
775,16.4283,20.7854,2.6473,21.1232,344.0,13384.0,2794.5547
776,21.1613,16.401,2.8743,16.695,342.0,11049.0,2794.5547
777,16.7644,15.9768,3.3118,16.3732,342.0,11049.0,2794.5547
778,16.2855,17.1372,3.0538,18.9862,341.0,21114.0,2794.5547
779,18.9511,15.7336,2.5888,16.5524,340.0,10794.0,2794.5547
780,16.5614,15.7442,2.6973,14.9669,340.0,10330.0,2794.5547
781,15.0709,15.9964,2.8816,15.171,340.0,12186.0,2794.5547
782,15.1519,15.7774,2.5453,16.4239,340.0,9178.0,2794.5547
783,16.3474,15.9953,2.4842,16.5383,341.0,12990.0,2794.5547
784,16.5035,15.4995,2.5703,16.1015,345.0,9998.0,2794.5547
785,16.0923,15.5127,2.3141,16.3409,345.0,10686.0,2794.5547
786,16.4296,16.0645,2.2399,16.4087,350.0,27388.0,2794.5547
787,16.4052,16.0763,2.2501,17.1748,350.0,13772.0,2794.5547
788,17.1492,15.1486,2.3793,27.904,1077.0,160851.0,2963.9297
789,27.9299,15.1486,2.797,21.3034,754.0,48274.0,2993.3047
790,21.324,16.2969,4.4083,15.9022,756.0,44902.0,2993.3047
791,15.8805,17.703,4.5605,19.3705,715.0,62046.0,2978.6172
792,19.3343,13.9744,2.5873,14.4311,775.0,68628.0,2978.6172
793,14.4833,16.5736,3.0887,17.457,757.0,57392.0,2963.9297
794,17.6106,14.7005,3.0855,17.5238,774.0,123942.0,2957.9297
795,17.42,15.0932,3.7362,14.2409,756.0,91256.0,2957.9297
796,14.2709,14.2902,2.9771,14.7287,747.0,47027.0,2957.9297
797,14.7196,14.1635,2.4819,13.9811,644.0,30290.0,2957.9297
798,13.8746,15.2663,2.4784,16.1624,462.0,15910.0,2957.9297
799,16.1918,14.3682,4.5566,16.9651,464.0,13766.0,2957.9297
800,17.0195,14.2728,3.2089,16.0894,461.0,13634.0,2957.9297
801,16.0231,14.5116,4.0283,15.5858,461.0,13634.0,2957.9297
802,15.6328,13.5593,3.6942,16.6054,459.0,13632.0,2957.9297
803,16.5793,14.6267,4.1307,13.2957,460.0,13644.0,2957.9297
804,13.2905,14.1498,3.7377,12.5164,461.0,13752.0,3021.9297
805,12.5137,13.9132,3.7884,17.7894,459.0,15390.0,3025.9297
806,17.7617,13.5841,9.2094,10.7765,457.0,13630.0,3025.9297
807,10.7418,13.8843,2.7946,13.5184,460.0,15498.0,3025.9297
808,13.5253,14.1186,2.3855,15.2306,461.0,13870.0,2897.9297
809,15.3076,14.2949,2.3443,15.6645,457.0,13630.0,2897.9297
810,15.6085,14.1463,2.5262,14.4836,493.0,15742.0,2897.9297
811,14.5042,14.2894,2.7953,16.9624,492.0,15730.0,2897.9297
812,17.1774,13.6744,3.6511,14.8851,461.0,13870.0,2897.9297
813,14.7463,15.4765,3.7044,12.3377,493.0,18318.0,2897.9297
814,12.2401,13.1466,2.496,18.1708,492.0,17570.0,2897.9297
815,18.2285,13.5393,3.6408,12.338,468.0,14790.0,2897.9297
816,12.262,14.426,3.5989,14.2087,480.0,15878.0,2897.9297
817,14.2307,13.9443,2.7087,13.5462,472.0,15398.0,2897.9297
818,13.6273,13.6523,2.3994,13.8288,489.0,16904.0,2897.9297
819,13.7536,13.6685,2.7306,13.5421,463.0,13872.0,2897.9297
820,13.5035,13.6445,2.2169,13.8635,495.0,16224.0,2897.9297
821,13.874,13.2185,2.479,14.019,492.0,15730.0,2897.9297
822,14.0358,12.4272,2.0976,13.3361,492.0,16210.0,2897.9297
823,13.3033,13.4467,2.1932,14.8121,492.0,19440.0,2897.9297
824,14.84,13.2244,2.1951,11.7189,493.0,21630.0,2897.9297
825,11.6793,13.2427,2.0171,13.6094,492.0,20146.0,2897.9297
826,13.6026,13.2807,2.3582,14.0237,471.0,15894.0,2897.9297
827,14.0592,12.2314,2.1124,13.312,488.0,15916.0,2897.9297
828,13.3056,13.1594,2.0729,14.8313,492.0,15730.0,2897.9297
829,14.8954,12.9463,2.011,13.7908,492.0,17586.0,2897.9297
830,13.7562,13.3315,2.065,12.9043,492.0,19338.0,2897.9297
831,12.9802,12.9491,2.2567,12.6198,471.0,14278.0,2897.9297
832,12.5158,12.2964,2.1841,14.1853,496.0,16198.0,2897.9297
833,14.2319,13.0042,2.1659,13.6943,496.0,16886.0,2897.9297
834,13.744,13.1555,1.8718,13.1537,495.0,15744.0,2897.9297
835,13.0401,13.2316,1.9493,13.9992,494.0,16196.0,2897.9297
836,13.9789,13.5818,2.1802,14.3256,494.0,19444.0,2897.9297
837,14.3465,13.4062,2.0958,13.9776,488.0,17570.0,2897.9297
838,14.0868,12.0554,2.1558,12.691,492.0,22804.0,2897.9297
839,12.5788,12.8319,1.9492,13.645,492.0,15730.0,2897.9297
840,13.6857,13.5028,2.3207,13.5006,492.0,15730.0,2897.9297
841,13.575,13.0512,1.8474,13.1834,493.0,16206.0,2897.9297
842,13.0459,12.9854,1.6585,14.437,492.0,23618.0,2897.9297
843,14.4971,12.8849,1.9157,13.4449,466.0,14170.0,2897.9297
844,13.4252,12.6663,1.9497,13.4155,457.0,13630.0,2897.9297
845,13.4028,13.1549,1.9879,12.5395,457.0,13630.0,2897.9297
846,12.5717,12.8608,2.2488,13.2997,457.0,13630.0,2897.9297
847,13.3299,12.5637,2.1482,14.1104,480.0,14774.0,2897.9297
848,14.077,13.5059,1.9287,14.1688,498.0,23679.0,2897.9297
849,14.1743,12.3018,1.9765,13.1739,496.0,17902.0,2897.9297
850,13.1389,13.1993,2.0812,13.7588,467.0,15968.0,2897.9297
851,13.7932,13.6347,2.0214,13.9733,513.0,32583.0,2897.9297
852,14.0246,13.3697,2.1849,13.0288,494.0,15732.0,2897.9297
853,12.9402,13.2605,1.9617,14.2986,492.0,21298.0,2897.9297
854,14.3719,11.9884,1.9393,14.0704,492.0,15730.0,2897.9297
855,14.0162,13.4395,1.9427,12.8895,493.0,16276.0,2897.9297
856,12.9068,13.1048,1.915,13.7322,492.0,17938.0,2897.9297
857,13.8237,13.3034,2.3387,13.2819,492.0,18538.0,2897.9297
858,13.2042,13.1957,1.9382,14.0621,492.0,17306.0,2897.9297
859,14.0428,12.6854,2.0915,14.4967,493.0,24790.0,2897.9297
860,14.5231,13.6157,2.2868,13.3866,492.0,22588.0,2897.9297
861,13.4568,13.87,2.0938,15.2351,492.0,18514.0,2897.9297
862,15.1318,14.1157,2.0055,14.619,492.0,18514.0,2897.9297
863,14.6679,13.9668,1.9841,13.0477,496.0,15734.0,2897.9297
864,12.978,13.8074,2.4106,15.0998,496.0,15734.0,2897.9297
865,15.167,13.9143,2.2631,15.0211,497.0,28334.0,2897.9297
866,14.9991,13.2204,2.479,14.0265,494.0,24452.0,2897.9297
867,14.0924,13.805,2.3649,13.6254,501.0,28038.0,2897.9297
868,13.587,13.8394,2.2912,14.7836,507.0,35064.0,2897.9297
869,14.7651,13.8151,2.1053,14.95,491.0,20458.0,2897.9297
870,14.951,14.2178,2.0381,12.6348,457.0,13630.0,2897.9297
871,12.6233,14.017,2.2399,16.7153,492.0,22058.0,2897.9297
872,16.7563,13.6556,2.5006,13.1714,492.0,15854.0,2897.9297
873,13.1388,14.4131,2.3391,15.4537,493.0,40712.0,2897.9297
874,15.5582,12.5143,2.4211,13.6434,486.0,18454.0,2897.9297
875,13.5355,14.0742,2.4358,15.1014,492.0,37350.0,2897.9297
876,15.1271,13.8705,2.247,14.3712,492.0,21298.0,2897.9297
877,14.3922,14.7244,2.1122,15.4865,492.0,15970.0,2897.9297
878,15.4682,13.892,2.214,14.2775,492.0,15730.0,2897.9297
879,14.3397,14.3021,2.4369,16.4549,470.0,31100.0,2897.9297
880,16.5271,14.0987,2.6655,12.8529,461.0,13634.0,2897.9297
881,12.7786,14.1277,2.667,15.5196,496.0,22430.0,2897.9297
882,15.4834,12.412,2.4519,13.5562,494.0,15732.0,2897.9297
883,13.6879,15.5093,2.6832,16.3668,494.0,21332.0,2897.9297
884,16.3061,13.6883,2.3906,14.5974,494.0,16544.0,2897.9297
885,14.5108,14.0558,2.3772,15.0639,492.0,15730.0,2897.9297
886,15.0975,14.2027,2.2504,12.5848,471.0,14470.0,2897.9297
887,12.6699,14.6829,2.3687,14.5825,482.0,17478.0,2897.9297
888,14.4679,13.9532,2.7109,15.6734,492.0,15730.0,2897.9297
889,15.7401,14.2373,2.5651,14.4167,498.0,21343.0,2897.9297
890,14.3441,13.0749,2.6317,13.6091,492.0,16418.0,2897.9297
891,13.6615,12.3131,2.2996,13.6877,494.0,22674.0,2897.9297
892,13.7163,13.445,2.533,14.9979,492.0,16194.0,2897.9297
893,15.0226,13.9384,2.8448,13.5749,493.0,19542.0,2897.9297
894,13.5125,13.9441,2.7226,13.6286,499.0,42346.0,2897.9297
895,13.5794,13.6879,2.5318,14.8962,498.0,22430.0,2897.9297
896,15.352,13.7827,2.5501,13.4071,497.0,15746.0,2897.9297
897,13.0421,12.7759,1.966,14.3407,498.0,19094.0,2897.9297
898,14.2759,13.4475,2.0659,13.9238,494.0,15732.0,2897.9297
899,13.9728,13.6549,2.1026,14.1485,496.0,19092.0,2897.9297
900,14.1259,13.6241,2.2808,13.7499,494.0,29388.0,2897.9297
901,13.7709,13.5403,2.4538,13.6571,492.0,46638.0,2897.9297
902,13.5736,13.407,2.2678,14.0581,493.0,40094.0,2897.9297
903,14.1673,12.117,2.1745,13.8368,492.0,26378.0,2897.9297
904,13.7185,13.7076,2.1007,13.4807,492.0,32270.0,2897.9297
905,13.5634,13.5051,2.0325,13.1732,475.0,26814.0,2897.9297
906,13.1899,13.4443,1.914,13.7784,457.0,13630.0,2897.9297
907,13.7056,13.8386,1.9806,14.5697,457.0,13630.0,2897.9297
908,14.5978,13.3636,2.2419,13.1791,457.0,13630.0,2897.9297
909,13.1833,12.1096,2.0652,13.209,459.0,13702.0,2897.9297
910,13.2002,13.6203,1.9747,14.5754,460.0,15450.0,2897.9297
911,14.5441,13.054,2.0423,13.0581,461.0,13634.0,2897.9297
912,13.1842,13.3301,1.9736,14.7974,461.0,13634.0,2897.9297
913,14.6776,13.2772,2.2443,13.5291,466.0,15622.0,2897.9297
914,13.5358,13.1728,2.2773,14.3171,460.0,13692.0,2897.9297
915,14.3569,12.4668,1.9751,12.9193,459.0,13632.0,2897.9297
916,12.9171,12.866,2.285,13.5463,494.0,15732.0,2897.9297
917,13.5411,13.2108,2.0335,13.4161,492.0,15730.0,2897.9297
918,13.3561,13.3688,1.9856,13.6384,464.0,14050.0,2897.9297
919,13.672,13.3713,1.9163,13.6984,492.0,18306.0,2897.9297
920,13.6981,12.4783,1.8724,14.189,493.0,17582.0,2897.9297
921,14.1937,13.1357,1.9869,13.3987,465.0,15214.0,2897.9297
922,13.3814,13.8859,1.9372,14.8786,476.0,15458.0,2897.9297
923,14.9744,13.5281,2.1754,13.4531,471.0,15526.0,2897.9297
924,13.3775,13.8509,2.1074,14.0759,483.0,16662.0,2897.9297
925,14.1306,13.0639,1.9181,12.988,484.0,15682.0,2897.9297
926,12.9154,12.3552,1.8562,15.1763,485.0,15310.0,2897.9297
927,15.2147,13.3867,1.9724,13.3875,496.0,15734.0,2897.9297
928,13.465,13.628,2.1862,13.7364,496.0,18452.0,2897.9297
929,13.6169,13.5089,2.0311,13.0464,496.0,21990.0,2897.9297
930,13.0242,13.3825,1.8292,14.1732,495.0,16848.0,2897.9297
931,14.2334,13.4301,2.0941,14.4596,494.0,21620.0,2897.9297
932,14.4701,12.3156,1.9783,14.1127,495.0,16170.0,2897.9297
933,14.1213,13.6843,1.95,12.9423,493.0,16206.0,2897.9297
934,13.0039,13.4311,1.9622,14.1873,492.0,17122.0,2897.9297
935,14.1405,13.2966,2.0231,12.8862,492.0,19338.0,2897.9297
936,12.908,13.3571,1.8816,13.585,465.0,14106.0,2897.9297
937,13.4745,13.6399,1.8391,14.586,492.0,16194.0,2897.9297
938,14.6963,12.183,2.297,12.9389,492.0,16882.0,2897.9297
939,12.8669,13.5721,1.9881,14.1886,492.0,15730.0,2897.9297
940,14.1906,13.8076,1.9036,13.5309,492.0,16194.0,2897.9297
941,13.5357,13.5052,2.1826,14.3382,493.0,19918.0,2897.9297
942,14.3272,13.0556,1.9043,13.901,493.0,18214.0,2897.9297
943,14.0092,12.6829,1.9129,13.7725,496.0,21952.0,2897.9297
944,13.6236,12.3859,1.9173,14.5591,496.0,15734.0,2897.9297
945,14.6279,13.894,2.016,12.9587,496.0,15734.0,2897.9297
946,12.8956,13.6612,1.8309,14.0837,494.0,18052.0,2897.9297
947,14.2624,13.7454,2.1731,14.5412,494.0,21764.0,2897.9297
948,14.4075,13.5105,2.4946,13.3568,463.0,13824.0,2897.9297
949,13.3589,13.4072,2.0563,14.0917,458.0,13642.0,2897.9297
950,14.1485,12.1723,2.1564,13.4553,458.0,13642.0,2897.9297
951,13.4167,13.4575,1.9095,13.5561,457.0,13630.0,2897.9297
952,13.5136,13.3026,1.8743,12.9855,493.0,16326.0,2897.9297
953,13.0662,13.2346,1.8133,14.5896,494.0,23867.0,2897.9297
954,14.515,13.245,1.9721,13.6329,492.0,20729.0,2897.9297
955,13.6575,12.2555,1.8494,13.28,508.0,30698.0,2897.9297
956,13.3654,13.3635,1.9436,13.5903,493.0,17598.0,2897.9297
957,13.4846,13.0415,1.9085,13.3009,492.0,19442.0,2897.9297
958,13.3836,13.6525,2.0379,14.2514,493.0,15742.0,2897.9297
959,14.1867,13.4962,2.0681,13.9852,496.0,16268.0,2897.9297
960,13.9583,13.2412,1.7797,13.6344,497.0,17954.0,2897.9297
961,13.6653,12.088,1.9096,13.2468,496.0,18542.0,2897.9297
962,13.3025,13.902,1.8643,14.2827,495.0,17788.0,2897.9297
963,14.1895,13.2104,1.8082,12.9362,494.0,25836.0,2897.9297
964,13.0051,13.5211,1.7901,14.4891,494.0,21994.0,2897.9297
965,14.533,13.6162,1.9036,14.0716,492.0,18050.0,2897.9297
966,13.9781,13.1783,1.8166,14.3165,492.0,18050.0,2897.9297
967,14.3021,12.096,1.868,12.5276,492.0,15730.0,2897.9297
968,12.5301,13.5816,1.8556,14.6318,492.0,16008.0,2897.9297
969,14.7304,13.5607,2.0687,12.9701,493.0,30052.0,2897.9297
970,12.9947,13.3918,2.6382,13.7754,492.0,22450.0,2897.9297
971,13.6603,13.1805,2.4134,13.6646,499.0,30144.0,2897.9297
972,13.6588,12.2085,1.9093,14.3298,504.0,32942.0,2897.9297
973,14.4941,13.3455,1.8326,12.8523,487.0,20218.0,2897.9297
974,12.8163,13.6781,1.9498,13.2497,457.0,13630.0,2897.9297
975,13.1784,13.3337,2.0907,14.3137,497.0,22074.0,2897.9297
976,14.2841,13.3303,1.8921,13.9488,496.0,15858.0,2897.9297
977,14.0385,12.9813,1.9182,14.3558,496.0,40704.0,2897.9297
978,14.3882,12.3026,1.9277,13.0674,488.0,18456.0,2897.9297
979,12.9409,13.356,2.0051,14.5455,494.0,37352.0,2897.9297
980,14.5473,13.6124,1.9381,12.5768,494.0,21300.0,2897.9297
981,12.6896,13.4136,1.9272,14.0729,492.0,15970.0,2897.9297
982,13.9496,13.6037,1.9958,13.8625,492.0,15730.0,2897.9297
983,13.8831,13.3181,1.7151,14.2277,466.0,31096.0,2897.9297
984,14.3324,12.3546,1.965,13.153,458.0,13642.0,2897.9297
985,13.0165,13.4412,1.9181,14.4485,492.0,22426.0,2897.9297
986,14.4888,13.2486,1.8963,12.9216,493.0,15742.0,2897.9297
987,12.9078,13.3194,1.8445,13.659,492.0,21330.0,2897.9297
988,13.6316,13.7231,1.9839,14.3271,493.0,16554.0,2897.9297
989,14.3305,12.0941,1.7948,13.3836,492.0,15730.0,2897.9297
990,13.4074,13.499,1.8006,13.8006,474.0,14650.0,2897.9297
991,13.8442,13.1262,1.9181,13.1227,486.0,17482.0,2897.9297
992,13.1915,13.6493,2.2704,14.1192,498.0,17605.0,2897.9297
993,14.0135,12.3329,2.0422,14.4099,500.0,19476.0,2897.9297
994,14.3869,13.6843,1.8175,13.9556,494.0,18672.0,2897.9297
995,14.0666,12.2638,1.9776,13.1113,497.0,20436.0,2897.9297
996,13.1511,13.5489,2.0298,15.1945,494.0,16196.0,2897.9297
997,15.088,14.1235,2.0268,14.9111,493.0,19542.0,2897.9297
998,14.9462,15.8781,2.0726,14.3456,499.0,42346.0,2897.9297
999,14.3007,13.7726,2.0805,14.8041,494.0,22426.0,2897.9297
1000,14.8219,13.4151,2.0373,13.8191,493.0,15742.0,2897.9297
1001,13.8731,13.2033,2.1212,13.7288,493.0,19078.0,2897.9297
1002,13.6886,12.4098,1.6774,13.3457,492.0,15730.0,2897.9297
1003,13.3628,13.4599,1.6757,14.5091,493.0,24310.0,2897.9297
1004,14.5121,13.6276,1.7968,13.3799,492.0,30982.0,2897.9297
1005,13.3863,13.6,2.027,13.8086,493.0,40190.0,2897.9297
1006,13.8637,13.2997,1.924,13.5992,492.0,41310.0,2897.9297
1007,13.5116,13.0666,2.26,13.5502,496.0,24786.0,2897.9297
1008,13.5647,12.2564,2.0882,13.6053,497.0,37518.0,2897.9297
1009,13.5678,13.7459,1.9209,13.7854,476.0,21406.0,2897.9297
1010,13.7843,13.5014,1.7715,13.2871,459.0,13632.0,2897.9297
1011,13.2794,13.1755,1.6373,13.974,459.0,13632.0,2897.9297
1012,13.9967,13.645,1.8529,14.0888,459.0,13632.0,2897.9297
1013,14.0767,12.2176,1.9418,14.0897,460.0,15498.0,2897.9297
1014,14.1063,13.1858,1.9394,13.1702,458.0,13690.0,2897.9297
1015,13.1683,13.1896,2.1778,14.7888,457.0,13630.0,2897.9297
1016,14.8516,13.7018,1.9544,12.3275,457.0,13630.0,2897.9297
1017,12.2187,13.0775,1.8878,13.8435,461.0,15558.0,2897.9297
1018,13.8701,13.5802,2.031,13.4058,458.0,13690.0,2897.9297
1019,13.4509,12.0353,1.9528,13.4643,457.0,13630.0,2897.9297
1020,13.4393,13.2643,1.9016,14.3363,492.0,15730.0,2897.9297
1021,14.3359,13.1321,1.913,12.6045,492.0,15730.0,2897.9297
1022,12.5764,13.4516,1.7647,14.028,470.0,14730.0,2897.9297
1023,14.1407,13.4482,2.0317,14.3137,496.0,17942.0,2897.9297
1024,14.2405,12.2536,1.8753,13.1992,496.0,18310.0,2897.9297
1025,13.2219,13.2627,1.9315,13.0988,468.0,14742.0,2897.9297
1026,13.0618,13.1516,1.8177,13.4825,477.0,15400.0,2897.9297
1027,13.5539,13.6052,2.073,14.0391,470.0,15028.0,2897.9297
1028,14.0089,13.2741,1.7851,13.9781,495.0,17696.0,2897.9297
1029,13.9421,13.2879,1.7479,13.8445,492.0,15730.0,2897.9297
1030,13.858,12.2272,1.8677,13.2039,471.0,14470.0,2897.9297
1031,13.2215,13.4415,1.8613,13.9206,492.0,15730.0,2897.9297
1032,13.84,13.1007,1.9004,13.1878,492.0,18816.0,2897.9297
1033,13.2391,13.4513,1.8982,13.9273,493.0,21630.0,2897.9297
1034,13.9255,13.643,1.9915,14.2664,492.0,17570.0,2897.9297
1035,14.2524,12.2823,1.887,14.6126,492.0,20882.0,2897.9297
1036,14.6195,13.1274,1.8255,12.6913,493.0,16120.0,2897.9297
1037,12.7361,13.6533,2.0291,14.7126,493.0,17134.0,2897.9297
1038,14.6489,13.4633,1.9856,12.5007,492.0,16194.0,2897.9297
1039,12.5604,13.1223,1.8802,13.8331,498.0,19388.0,2897.9297
1040,13.8287,13.4045,2.1241,14.2834,471.0,14256.0,2897.9297
1041,14.3075,12.3244,1.9895,13.5873,497.0,16210.0,2897.9297
1042,13.529,13.403,1.9568,13.3043,494.0,16884.0,2897.9297
1043,13.33,13.693,1.8078,13.4574,494.0,16196.0,2897.9297
1044,13.5515,12.9191,2.4269,13.7881,494.0,16196.0,2897.9297
1045,13.7676,13.4126,1.8838,14.2524,487.0,19094.0,2897.9297
1046,14.2232,12.4307,1.8998,14.0205,492.0,18202.0,2897.9297
1047,13.9539,12.5928,1.86,12.8377,492.0,21948.0,2897.9297
1048,12.8501,13.0089,1.8607,13.3779,493.0,15742.0,2897.9297
1049,13.427,13.6434,2.0041,13.402,492.0,15730.0,2897.9297
1050,13.3258,13.1002,1.689,14.1559,492.0,18050.0,2897.9297
1051,14.2355,13.619,1.9406,14.1809,492.0,21762.0,2897.9297
1052,14.2006,12.0858,1.9484,12.9703,461.0,13822.0,2897.9297
1053,12.9411,13.0839,1.9723,14.192,457.0,13630.0,2897.9297
1054,14.1768,13.454,2.0019,13.4508,457.0,13630.0,2897.9297
1055,13.4852,13.492,2.1902,13.9571,461.0,13634.0,2897.9297
1056,13.9859,12.4619,1.8673,14.3547,496.0,16318.0,2897.9297
1057,14.3708,13.2988,2.0062,13.4233,499.0,23883.0,2897.9297
1058,13.299,12.1296,1.8631,13.0076,498.0,22722.0,2897.9297
1059,13.0175,13.5737,1.8489,14.5311,509.0,28841.0,2897.9297
1060,14.669,13.5708,2.4157,12.7044,494.0,18052.0,2897.9297
1061,12.5758,13.5288,1.9239,14.0438,492.0,18978.0,2897.9297
1062,14.0606,13.1819,1.7696,13.9372,493.0,15742.0,2897.9297
1063,13.9126,12.4088,1.8444,14.2459,493.0,16644.0,2897.9297
1064,14.2887,13.4963,1.9422,13.0568,492.0,17570.0,2897.9297
1065,13.0244,13.5262,1.8023,13.4827,492.0,18696.0,2897.9297
1066,13.6013,13.064,1.8894,13.6423,492.0,17616.0,2897.9297
1067,13.616,13.8225,1.7754,14.1575,493.0,25846.0,2897.9297
1068,14.0665,13.3811,1.6447,14.0264,493.0,22004.0,2897.9297
1069,14.1314,12.2853,1.8579,13.4799,493.0,18062.0,2897.9297
1070,13.366,13.0884,1.8731,13.5711,492.0,18050.0,2897.9297
1071,13.6164,13.7843,1.9411,13.5853,497.0,15746.0,2897.9297
1072,13.6497,13.5123,1.9929,14.0691,496.0,16012.0,2897.9297
1073,13.983,13.4113,2.1046,14.128,496.0,30544.0,2897.9297
1074,14.1819,13.3852,1.7886,14.1537,496.0,22680.0,2897.9297
1075,14.1485,12.2613,1.8311,12.717,501.0,29752.0,2897.9297
1076,12.6477,13.0363,1.8765,14.0735,505.0,33819.0,2897.9297
1077,14.0509,13.6468,1.7857,13.2447,485.0,18901.0,2897.9297
1078,13.2578,13.4309,1.7391,14.216,457.0,13630.0,2897.9297
1079,14.2663,13.4094,1.8497,13.8481,492.0,22058.0,2897.9297
1080,13.9377,12.2853,1.8911,13.9738,492.0,15854.0,2897.9297
1081,13.8492,13.1485,2.0255,13.4992,492.0,40700.0,2897.9297
1082,13.6011,13.4483,1.8549,13.131,486.0,18454.0,2897.9297
1083,13.0767,13.3527,1.9164,13.5511,492.0,37350.0,2897.9297
1084,13.4778,12.0739,1.725,13.8466,493.0,21310.0,2897.9297
1085,13.9233,13.7952,1.7961,14.1697,492.0,15970.0,2897.9297
1086,14.1275,12.2746,1.8171,13.3079,492.0,15730.0,2897.9297
1087,13.4378,13.2933,1.8366,13.6972,471.0,31112.0,2897.9297
1088,13.5985,13.2114,1.9135,13.2292,461.0,13634.0,2897.9297
1089,13.2923,13.8399,2.2774,15.1826,497.0,22442.0,2897.9297
1090,15.1161,13.4063,2.1337,13.3255,494.0,15732.0,2897.9297
1091,13.3321,12.8911,1.9109,14.1953,494.0,21332.0,2897.9297
1092,14.2192,12.0819,1.907,12.9793,495.0,16556.0,2897.9297
1093,12.9474,13.4602,1.9682,14.0701,493.0,15742.0,2897.9297
1094,14.0965,13.0583,2.0555,12.8875,479.0,15198.0,2897.9297
1095,12.826,13.7212,1.9779,14.2068,483.0,17242.0,2897.9297
1096,14.3607,13.5747,2.0417,14.1989,494.0,17601.0,2897.9297
1097,14.0865,12.2352,1.9118,13.5325,496.0,19472.0,2897.9297
1098,13.5046,13.2207,1.8687,12.8931,493.0,18682.0,2897.9297
1099,12.9151,13.5003,1.9458,14.3678,494.0,20886.0,2897.9297
1100,14.7825,13.5137,2.3915,13.6342,492.0,15730.0,2897.9297
1101,13.2216,13.7287,1.7395,14.2204,494.0,22890.0,2897.9297
1102,14.2281,13.2647,1.7131,13.8595,499.0,39010.0,2897.9297
1103,13.8466,12.216,1.8361,13.1983,498.0,22430.0,2897.9297
1104,13.2519,12.3936,2.0158,13.4628,497.0,15746.0,2897.9297
1105,13.4277,13.4014,1.9503,13.5885,497.0,19082.0,2897.9297
1106,13.6476,13.3002,2.3644,14.0073,494.0,20964.0,2897.9297
1107,14.0117,13.6279,1.8691,14.1918,495.0,25908.0,2897.9297
1108,14.1369,13.0017,1.7147,13.8038,495.0,24536.0,2897.9297
1109,13.8087,12.2362,1.8315,13.0077,492.0,44598.0,2897.9297
1110,13.0709,13.3716,1.8028,14.4746,493.0,38590.0,2897.9297
1111,14.4148,13.4968,1.8698,13.0096,492.0,33190.0,2897.9297
1112,13.0318,13.3486,1.8905,14.0584,493.0,27050.0,2897.9297
1113,14.0972,13.4049,2.0125,14.0358,467.0,21150.0,2897.9297
1114,13.9415,12.4256,1.7502,13.3673,457.0,13630.0,2897.9297
1115,13.6826,13.2151,2.1253,13.1442,457.0,13630.0,2897.9297
1116,12.8076,13.4062,1.7803,13.736,458.0,15378.0,2897.9297
1117,13.7688,13.2443,2.165,13.7324,458.0,13690.0,2897.9297
1118,13.7192,13.1902,1.7382,13.7837,458.0,13690.0,2897.9297
1119,13.8301,13.4829,1.6968,13.4001,462.0,13694.0,2897.9297
1120,13.4369,12.0278,1.833,13.5136,463.0,15442.0,2897.9297
1121,13.458,13.3952,1.8212,14.089,465.0,13826.0,2897.9297
1122,14.0666,13.6578,1.7599,13.5388,459.0,13632.0,2897.9297
1123,13.5332,13.3308,1.8027,13.5137,460.0,13644.0,2897.9297
1124,13.5163,12.8907,2.0378,14.2229,494.0,15732.0,2897.9297
1125,14.3581,12.2494,1.9313,13.6696,492.0,15730.0,2897.9297
1126,13.5473,13.2122,1.8533,13.3488,474.0,15386.0,2897.9297
1127,13.3698,13.4352,2.02,13.7926,492.0,17570.0,2897.9297
1128,13.789,13.4077,1.8643,13.9736,492.0,18674.0,2897.9297
1129,14.0179,13.636,1.869,14.2815,480.0,16114.0,2897.9297
1130,14.3032,13.2759,1.9084,13.7837,482.0,16714.0,2897.9297
1131,13.7717,12.2059,1.9224,13.5032,492.0,16834.0,2897.9297
1132,13.4115,13.3932,1.9484,14.0789,486.0,15370.0,2897.9297
1133,14.1092,13.443,1.9185,12.5722,465.0,14062.0,2897.9297
1134,12.5815,13.3852,2.2192,14.2254,492.0,16210.0,2897.9297
1135,14.2485,13.3926,1.8617,14.1316,496.0,19076.0,2897.9297
1136,14.1365,13.6963,1.8514,14.2395,496.0,21254.0,2897.9297
1137,14.2357,12.3089,1.9531,12.4701,497.0,17218.0,2897.9297
1138,12.3939,13.2735,1.8291,14.4703,494.0,20884.0,2897.9297
1139,14.5081,13.7175,2.0733,13.5296,492.0,16966.0,2897.9297
1140,13.5956,13.7946,1.9466,14.2173,494.0,16660.0,2897.9297
1141,14.128,13.1065,2.028,13.5139,492.0,16346.0,2897.9297
1142,13.5339,12.2827,1.7707,14.1979,492.0,18744.0,2897.9297
1143,14.2003,13.47,1.8156,13.6277,492.0,16216.0,2897.9297
1144,13.6097,13.7054,1.9318,14.314,492.0,16882.0,2897.9297
1145,14.3612,13.6362,2.0202,13.4804,492.0,15730.0,2897.9297
1146,13.5486,13.5227,2.1856,14.3263,492.0,16194.0,2897.9297
1147,14.262,13.2843,2.091,14.1105,492.0,19906.0,2897.9297
1148,14.1343,12.2898,1.7811,13.2518,492.0,18202.0,2897.9297
1149,13.3283,13.4437,1.8548,12.9463,492.0,21948.0,2897.9297
1150,12.8633,13.3767,1.8124,14.0908,492.0,15730.0,2897.9297
1151,14.1952,13.7153,2.3321,13.7264,496.0,15734.0,2897.9297
1152,13.5448,13.3589,1.7991,13.9442,496.0,18054.0,2897.9297
1153,13.9935,13.3673,1.9141,13.9219,496.0,21766.0,2897.9297
1154,13.9555,12.0687,1.9306,13.1109,464.0,13932.0,2897.9297
1155,13.1255,13.6859,1.8513,14.1883,459.0,13632.0,2897.9297
1156,14.2678,13.5592,1.9353,13.5211,459.0,13632.0,2897.9297
1157,13.3642,13.5386,1.7261,14.0296,457.0,13630.0,2897.9297
1158,14.1193,13.1213,1.9217,14.1879,492.0,16314.0,2897.9297
1159,14.1445,13.4403,1.7798,13.7436,494.0,23867.0,2897.9297
1160,13.7952,12.0905,1.8443,13.0429,497.0,22732.0,2897.9297
1161,12.9867,13.3943,2.1136,14.8212,506.0,28827.0,2897.9297
1162,14.9007,13.5566,2.3766,12.8102,492.0,18050.0,2897.9297
1163,12.8038,13.7667,2.2171,14.5821,492.0,18978.0,2897.9297
1164,14.526,13.5471,1.9871,13.7631,492.0,15730.0,2897.9297
1165,13.7905,13.2837,1.8701,13.7074,492.0,16632.0,2897.9297
1166,13.6883,12.1973,1.9054,13.2879,493.0,17582.0,2897.9297
1167,13.3874,13.247,2.0039,14.9882,496.0,18700.0,2897.9297
1168,14.8716,13.5725,1.9359,12.6539,496.0,17620.0,2897.9297
1169,12.7048,13.8317,1.8397,14.5674,496.0,25838.0,2897.9297
1170,14.4694,13.5649,2.1947,13.2757,494.0,21994.0,2897.9297
1171,13.4428,12.0149,1.7668,13.6718,496.0,18076.0,2897.9297
1172,13.5506,13.1225,1.9086,13.723,494.0,18052.0,2897.9297
1173,13.7795,13.7571,1.9307,13.6009,493.0,15742.0,2897.9297
1174,13.9477,13.5592,2.1276,13.284,492.0,16008.0,2897.9297
1175,12.8456,12.8736,2.0381,14.3311,502.0,31416.0,2898.6797
1176,14.4289,13.7029,1.8944,14.0577,501.0,22762.0,2898.6797
1177,13.9855,12.3213,1.7978,14.5653,508.0,29858.0,2898.6797
1178,14.5723,13.0077,1.8264,13.0647,511.0,33913.0,2898.6797
1179,13.1836,13.4236,1.9081,13.6718,494.0,19009.0,2898.6797
1180,13.7251,13.723,2.1693,13.5432,466.0,13738.0,2898.6797
1181,13.3341,13.493,1.8137,14.7171,501.0,22166.0,2898.6797
1182,14.7815,13.3769,1.9463,13.5173,500.0,15950.0,2898.6797
1183,13.4679,12.2439,1.9659,14.2566,505.0,40812.0,2898.6797
1184,14.2756,13.5177,1.8057,13.0426,498.0,18554.0,2898.6797
1185,13.0459,13.7371,1.8304,14.0927,504.0,37450.0,2898.6797
1186,14.1578,13.4498,2.0268,13.9842,502.0,21396.0,2898.6797
1187,13.8957,13.8108,1.9506,14.259,502.0,16068.0,2898.6797
1188,14.3118,13.8284,1.9526,14.1616,502.0,15828.0,2898.6797
1189,14.1606,12.265,1.9676,13.9495,346.0,37432.0,2898.6797
1190,13.9238,13.3269,2.0103,13.1178,283.0,14050.0,2898.6797
1191,13.1229,16.6998,1.8705,16.989,320.0,22870.0,2898.6797
1192,16.9589,14.9506,1.8372,15.7653,317.0,20064.0,2898.6797
1193,15.847,14.9638,2.0191,15.0707,317.0,18624.0,2898.6797
1194,15.1446,15.0498,2.0284,15.1372,317.0,16138.0,2898.6797
1195,15.0854,14.5809,2.0536,15.292,317.0,16138.0,2898.6797
1196,15.2607,15.0378,2.0917,15.5144,308.0,17898.0,2898.6797
1197,15.4446,14.9247,2.1316,15.698,324.0,19916.0,2898.6797
1198,15.7083,14.8077,2.1254,15.2415,319.0,20261.0,2898.6797
1199,15.244,14.8486,1.8782,15.1044,323.0,17318.0,2898.6797
1200,15.1195,14.7351,1.8438,15.6331,323.0,20834.0,2898.6797
1201,15.6469,13.6334,2.067,15.2287,322.0,16154.0,2898.6797
1202,15.2347,15.0711,1.9083,14.7098,323.0,27124.0,2898.6797
1203,14.6827,15.0568,1.9305,15.7305,326.0,38956.0,2898.6797
1204,15.7931,14.9171,2.1478,15.218,320.0,19488.0,2898.6797
1205,15.2715,14.9758,2.0011,15.6356,319.0,16162.0,2898.6797
1206,15.511,14.6975,1.925,14.3709,319.0,24730.0,2898.6797
1207,14.4136,14.5998,2.122,15.2782,317.0,22966.0,2898.6797
1208,15.251,14.8884,2.031,15.4103,319.0,28290.0,2898.6797
1209,15.4183,14.6019,1.9382,15.0638,320.0,35158.0,2898.6797
1210,15.0522,14.7058,1.8346,15.2262,318.0,43634.0,2898.6797
1211,15.2437,14.802,1.8949,15.7231,317.0,24946.0,2898.6797
1212,15.7206,13.6113,1.7873,14.65,317.0,33690.0,2898.6797
1213,14.6552,14.0005,1.8533,14.1698,309.0,30234.0,2898.6797
1214,14.1689,14.8818,1.9024,15.7055,282.0,14038.0,2898.6797
1215,15.7624,14.8398,1.8751,15.1907,286.0,14042.0,2898.6797
1216,15.1659,14.9659,1.9363,15.7562,290.0,15922.0,2898.6797
1217,15.7098,14.5104,1.9026,13.8792,288.0,14114.0,2898.6797
1218,14.0006,14.6056,1.9621,15.7693,285.0,14100.0,2898.6797
1219,15.7366,14.8897,2.0098,15.489,286.0,14064.0,2898.6797
1220,15.4231,14.6657,1.9551,15.339,292.0,16112.0,2898.6797
1221,15.3373,14.3605,2.0191,14.4197,282.0,14038.0,2898.6797
1222,14.4594,14.885,1.9773,15.4655,282.0,14038.0,2898.6797
1223,15.451,13.4697,1.9221,15.7572,317.0,16138.0,2898.6797
1224,15.7779,14.8506,2.0799,13.8626,320.0,16542.0,2898.6797
1225,13.8095,14.9919,2.0468,15.7587,308.0,16654.0,2898.6797
1226,15.8469,14.3782,1.8417,15.1663,318.0,17990.0,2898.6797
1227,15.086,15.0773,1.8932,15.3371,317.0,19402.0,2898.6797
1228,15.39,14.8397,2.1201,14.7288,313.0,16650.0,2898.6797
1229,14.7406,14.5136,2.0967,15.8698,318.0,17254.0,2898.6797
1230,15.849,15.023,2.2286,15.1475,318.0,16790.0,2898.6797
1231,15.0615,14.9983,2.3,15.4124,300.0,14882.0,2898.6797
1232,15.4648,14.8631,1.9395,15.4816,291.0,14294.0,2898.6797
1233,15.4676,14.8752,1.7513,15.4585,322.0,16634.0,2898.6797
1234,15.4514,14.484,1.7114,14.9757,322.0,19886.0,2898.6797
1235,14.9825,13.6236,1.8835,14.8761,321.0,21684.0,2898.6797
1236,14.9126,14.9024,1.9279,15.7215,319.0,17612.0,2898.6797
1237,15.6684,14.7903,2.0248,14.9008,317.0,21850.0,2898.6797
1238,14.9163,14.4804,2.1365,14.8656,317.0,17444.0,2898.6797
1239,14.9356,14.8899,2.0615,14.4085,317.0,16138.0,2898.6797
1240,14.3333,14.7212,1.946,15.7984,317.0,16776.0,2898.6797
1241,15.8337,14.6874,1.8244,15.1012,317.0,19152.0,2898.6797
1242,15.0749,15.2428,1.9739,15.2959,320.0,17102.0,2898.6797
1243,15.3034,14.7657,1.7405,15.2328,318.0,16838.0,2898.6797
1244,15.2342,14.442,1.9692,14.8842,319.0,16626.0,2898.6797
1245,14.8626,13.7265,1.8454,15.3369,317.0,16602.0,2898.6797
1246,15.3651,14.308,1.8911,14.3032,308.0,19642.0,2898.6797
1247,14.2832,15.0377,2.1597,16.2019,323.0,18880.0,2898.6797
1248,16.2002,14.2607,1.8531,14.8105,324.0,21726.0,2898.6797
1249,14.8028,14.8856,1.8558,15.553,322.0,16154.0,2898.6797
1250,15.6121,14.75,2.0495,13.9377,319.0,17068.0,2898.6797
1251,13.8712,14.5481,2.0073,15.7083,320.0,19400.0,2898.6797
1252,15.7502,15.1048,2.1703,15.7491,317.0,20148.0,2898.6797
1253,15.7866,15.0706,2.2312,15.1621,282.0,14038.0,2898.6797
1254,15.2456,15.0115,2.302,15.4474,283.0,14050.0,2898.6797
1255,15.3471,14.7536,2.1685,15.1015,282.0,14038.0,2898.6797
1256,15.0812,14.125,1.96,15.0845,318.0,16734.0,2898.6797
1257,15.0878,13.6288,1.95,15.4064,322.0,24311.0,2898.6797
1258,15.426,14.9906,2.1807,14.9562,319.0,23008.0,2898.6797
1259,14.9388,15.0336,1.8846,15.7262,334.0,29271.0,2898.6797
1260,15.7285,15.1037,2.258,15.0755,318.0,18470.0,2898.6797
1261,15.0819,14.8426,1.906,15.3761,318.0,19398.0,2898.6797
1262,15.4813,14.8099,1.9083,15.1922,318.0,16150.0,2898.6797
1263,15.0648,14.8151,2.312,15.7793,323.0,17068.0,2898.6797
1264,15.8083,14.6996,2.3867,14.6985,323.0,18006.0,2898.6797
1265,14.6679,14.8398,2.1802,15.2269,322.0,19120.0,2898.6797
1266,15.2329,14.6681,2.0014,15.3456,320.0,18038.0,2898.6797
1267,15.3336,14.7881,1.867,15.2537,323.0,26292.0,2898.6797
1268,15.2954,13.5662,1.8794,15.389,319.0,22402.0,2898.6797
1269,15.4285,14.8159,2.1519,14.3027,318.0,18470.0,2898.6797
1270,14.2397,14.7582,2.3234,15.9027,317.0,18458.0,2898.6797
1271,15.9352,14.8732,2.1353,14.9951,322.0,33798.0,2898.6797
1272,15.0018,14.6089,1.9456,14.4941,317.0,16554.0,2898.6797
1273,14.839,14.6291,2.5613,15.182,319.0,30834.0,2898.6797
1274,14.8021,15.2389,2.151,15.7999,318.0,23074.0,2898.6797
1275,15.8062,14.635,2.0124,15.2776,325.0,31367.0,2898.6797
1276,15.2919,14.9919,1.9638,15.7809,330.0,33052.0,2898.6797
1277,15.8865,14.6685,1.8985,14.7987,311.0,19273.0,2898.6797
1278,14.6908,14.3512,1.7905,14.4978,282.0,14038.0,2898.6797
1279,14.5033,13.8171,1.9232,16.4867,324.0,22506.0,2898.6797
1280,16.5141,13.8296,1.9329,14.7798,322.0,16278.0,2898.6797
1281,14.7195,14.5349,1.8513,13.8882,322.0,41124.0,2898.6797
1282,13.9641,14.6862,2.0233,15.9004,320.0,23414.0,2898.6797
1283,15.825,14.8037,1.8024,15.1884,321.0,34998.0,2898.6797
1284,15.256,14.7092,1.9204,14.7381,319.0,20436.0,2898.6797
1285,14.699,14.9829,2.4209,15.9104,318.0,16270.0,2898.6797
1286,15.887,14.6165,2.1619,15.0553,318.0,16150.0,2898.6797
1287,15.0679,14.5472,1.8855,14.6519,319.0,18946.0,2898.6797
1288,14.6372,14.6503,1.9535,15.3512,310.0,32548.0,2898.6797
1289,15.3555,14.5815,1.8055,15.252,319.0,22858.0,2898.6797
1290,15.2691,13.5749,1.8021,14.9167,317.0,20064.0,2898.6797
1291,14.9234,14.6892,1.9,14.7905,318.0,18636.0,2898.6797
1292,14.777,14.6904,1.8027,15.0331,318.0,16150.0,2898.6797
1293,15.1096,14.8856,1.9275,15.4627,318.0,16150.0,2898.6797
1294,15.3852,14.4932,1.7777,14.2847,307.0,17886.0,2898.6797
1295,14.3208,14.8479,1.9616,15.4755,327.0,19908.0,2898.6797
1296,15.4714,15.1051,1.8822,16.0673,324.0,20277.0,2898.6797
1297,16.0136,15.2549,2.2107,17.8798,321.0,17294.0,2898.6797
1298,17.961,14.9109,3.1209,13.203,322.0,20844.0,2898.6797
1299,13.1949,14.0259,2.2674,15.3276,320.0,16152.0,2898.6797
1300,15.3255,14.8803,1.8964,15.33,324.0,26672.0,2898.6797
1301,15.3051,14.6852,1.9419,15.1962,328.0,57066.0,2898.6797
1302,15.2224,13.5312,1.8931,16.2587,318.0,19486.0,2898.6797
1303,16.27,14.6804,1.9813,13.3392,318.0,16150.0,2898.6797
1304,13.3016,14.6462,1.8814,14.6455,320.0,24742.0,2898.6797
1305,14.7586,14.9142,1.9692,16.1147,317.0,22966.0,2898.6797
1306,16.0765,14.802,1.9946,14.4056,319.0,28290.0,2898.6797
1307,14.3883,14.8694,2.3395,15.4182,319.0,35146.0,2898.6797
1308,15.357,14.6936,1.9408,15.2229,318.0,43634.0,2898.6797
1309,15.1939,14.6855,2.113,15.2245,319.0,24970.0,2898.6797
1310,15.2666,14.6999,1.8013,15.7379,318.0,33702.0,2898.6797
1311,15.7598,14.7995,1.8475,15.1761,315.0,30310.0,2898.6797
1312,15.1415,14.477,1.882,14.6651,286.0,14042.0,2898.6797
1313,14.7301,13.6029,1.9139,15.1907,286.0,14042.0,2898.6797
1314,15.1421,14.6556,1.7916,14.9049,288.0,15920.0,2898.6797
1315,14.9512,14.9278,2.0583,15.239,285.0,14100.0,2898.6797
1316,15.2257,14.9171,2.14,15.6618,285.0,14100.0,2898.6797
1317,15.6798,14.9857,2.0727,14.6607,282.0,14038.0,2898.6797
1318,14.6764,14.6119,2.1582,14.7825,288.0,16086.0,2898.6797
1319,14.7226,14.7868,2.0083,15.748,283.0,14050.0,2898.6797
1320,15.7712,14.8975,2.0214,14.9392,282.0,14038.0,2898.6797
1321,14.9305,14.4208,1.9303,15.2495,319.0,16162.0,2898.6797
1322,15.2716,14.8811,1.902,15.2133,319.0,16530.0,2898.6797
1323,15.1355,14.3281,1.851,15.2887,314.0,17382.0,2898.6797
1324,15.3065,13.6944,1.7278,15.3173,317.0,17514.0,2898.6797
1325,15.3343,14.4713,1.7899,14.4975,318.0,19462.0,2898.6797
1326,14.4864,14.8502,1.848,15.1027,313.0,16746.0,2898.6797
1327,15.0928,14.8714,1.7889,15.5467,322.0,17258.0,2898.6797
1328,15.5875,15.0653,1.9741,15.8186,322.0,16890.0,2898.6797
1329,15.7599,14.8661,1.8232,14.4605,293.0,14414.0,2898.6797
1330,14.4652,14.5846,1.9254,15.3547,293.0,14532.0,2898.6797
1331,15.3893,14.7014,1.9631,15.37,319.0,17356.0,2898.6797
1332,15.3902,14.7598,1.8936,15.3059,320.0,19494.0,2898.6797
1333,15.2843,14.7931,1.8514,14.9829,318.0,21302.0,2898.6797
1334,14.9957,13.5591,1.8365,14.9223,318.0,18550.0,2898.6797
1335,14.9371,13.6507,1.9002,15.2883,318.0,20934.0,2898.6797
1336,15.2834,14.7205,1.8918,14.4367,317.0,17492.0,2898.6797
1337,14.4241,14.8683,1.917,15.7429,317.0,16138.0,2898.6797
1338,15.7725,14.6433,1.787,14.9928,319.0,17416.0,2898.6797
1339,14.9878,14.9691,1.8691,14.8451,318.0,18548.0,2898.6797
1340,14.8808,14.6555,2.1341,14.9258,319.0,17090.0,2898.6797
1341,14.8505,14.747,1.8644,15.8063,319.0,16850.0,2898.6797
1342,15.8664,15.0025,1.7017,15.6354,317.0,17066.0,2898.6797
1343,15.5806,14.0484,1.7177,15.095,323.0,17058.0,2898.6797
1344,15.1106,14.7622,1.7143,14.9399,315.0,20592.0,2898.6797
1345,14.9522,14.733,1.7778,15.2101,321.0,19458.0,2898.6797
1346,15.2324,13.6065,1.813,14.9745,320.0,19536.0,2898.6797
1347,14.9408,14.4989,1.874,15.0751,321.0,16164.0,2898.6797
1348,15.1684,14.8883,1.8866,15.1647,319.0,17996.0,2898.6797
1349,15.111,14.6347,1.8901,16.4042,318.0,20326.0,2898.6797
1350,16.4269,14.9572,1.9782,14.3054,304.0,17630.0,2898.6797
1351,14.3302,14.7672,2.1528,14.4198,283.0,14050.0,2898.6797
1352,14.2999,14.6895,1.4936,15.1072,283.0,14050.0,2898.6797
1353,15.1463,14.9647,1.5114,15.4166,284.0,14062.0,2898.6797
1354,15.4786,14.8066,1.919,15.8684,318.0,16734.0,2898.6797
1355,15.8444,14.5946,1.8908,15.2263,321.0,24299.0,2898.6797
1356,15.2165,14.8322,1.8159,14.8773,320.0,23020.0,2898.6797
1357,14.8536,13.5307,1.7652,15.3869,331.0,29235.0,2898.6797
1358,15.3969,14.8608,1.8592,14.7926,317.0,18458.0,2898.6797
1359,14.8657,14.846,1.8388,15.0154,322.0,19402.0,2898.6797
1360,14.9472,14.7292,1.7379,15.9405,321.0,16142.0,2898.6797
1361,15.9372,14.8865,1.8805,15.0221,322.0,17056.0,2898.6797
1362,15.0942,14.6289,1.9731,15.03,319.0,17980.0,2898.6797
1363,14.9544,14.9857,2.3234,15.2632,321.0,19130.0,2898.6797
1364,15.2537,14.755,2.07,15.3933,319.0,18026.0,2898.6797
1365,15.3899,14.4858,1.7835,14.929,317.0,26242.0,2898.6797
1366,14.9313,14.7297,1.7559,15.0942,318.0,22412.0,2898.6797
1367,15.0949,14.7784,1.8873,15.1846,317.0,18458.0,2898.6797
1368,15.1967,13.531,1.8302,15.4634,317.0,18458.0,2898.6797
1369,15.4687,14.5255,1.9157,14.8522,320.0,16174.0,2898.6797
1370,14.8572,15.0205,1.8914,15.2155,317.0,16554.0,2898.6797
1371,15.2223,14.3893,1.8428,14.5774,317.0,30810.0,2898.6797
1372,14.623,14.949,1.9526,14.8883,318.0,23074.0,2898.6797
1373,14.8752,14.8018,1.9967,15.3574,324.0,31355.0,2898.6797
1374,15.293,14.4882,1.9063,15.5395,330.0,33052.0,2898.6797
1375,15.5508,15.0855,2.0172,15.5886,313.0,19253.0,2898.6797
1376,15.5815,13.7401,1.7926,14.6791,288.0,14066.0,2898.6797
1377,14.6914,14.6723,1.819,15.5597,321.0,22470.0,2898.6797
1378,15.5442,14.1453,1.783,15.1516,319.0,16264.0,2898.6797
1379,15.1691,13.6935,1.7749,15.3462,321.0,41134.0,2898.6797
1380,15.3233,14.3309,1.8839,14.3938,320.0,23414.0,2898.6797
1381,14.3921,15.0268,1.8676,15.4801,317.0,34972.0,2898.6797
1382,15.5008,14.7076,1.8788,15.445,318.0,20446.0,2898.6797
1383,15.4299,14.7161,1.9425,14.4169,318.0,16270.0,2898.6797
1384,14.5013,14.9038,2.183,15.5442,319.0,16162.0,2898.6797
1385,15.4868,14.9255,2.1394,15.3249,317.0,18922.0,2898.6797
1386,15.3103,14.6547,2.0964,14.957,309.0,32536.0,2898.6797
1387,14.9577,14.9722,1.8282,15.8195,318.0,22846.0,2898.6797
1388,15.8751,14.7897,1.8963,15.3848,318.0,20076.0,2898.6797
1389,15.3997,14.7427,1.8914,15.256,317.0,18624.0,2898.6797
1390,15.2205,13.8448,1.8577,14.9078,317.0,16138.0,2898.6797
1391,14.9729,14.3478,1.8487,14.7941,323.0,16166.0,2898.6797
1392,14.6983,14.511,1.8297,15.212,311.0,17890.0,2898.6797
1393,15.222,14.4475,1.8098,15.6033,327.0,19908.0,2898.6797
1394,15.5898,15.0411,1.7586,15.4235,323.0,20287.0,2898.6797
1395,15.5372,14.714,1.8524,14.6033,319.0,17292.0,2898.6797
1396,14.5301,15.0573,2.121,15.7331,322.0,20844.0,2898.6797
1397,15.747,15.0923,2.1823,15.453,318.0,16150.0,2898.6797
1398,15.4169,14.6961,2.0906,15.1343,323.0,26682.0,2898.6797
1399,15.1206,14.8864,1.7074,15.5693,323.0,39406.0,2898.6797
1400,15.6055,14.9034,1.8459,15.2526,318.0,19486.0,2898.6797
1401,15.2388,14.4763,2.119,14.9565,318.0,16150.0,2898.6797
1402,14.9937,13.6399,2.2391,15.1881,318.0,24718.0,2898.6797
1403,15.1675,14.5077,2.0839,14.952,318.0,22978.0,2898.6797
1404,14.9786,14.6391,2.01,15.5976,319.0,28290.0,2898.6797
1405,15.5906,14.7679,2.1589,14.7883,319.0,35146.0,2898.6797
1406,14.8158,14.9247,2.1221,15.8074,318.0,43634.0,2898.6797
1407,15.7775,15.334,2.1808,15.0478,322.0,24962.0,2898.6797
1408,15.0075,14.7253,2.1449,15.6398,323.0,33718.0,2898.6797
1409,15.6753,14.7912,2.0101,15.0898,317.0,30334.0,2898.6797
1410,15.0488,14.6487,2.0862,15.2573,284.0,14040.0,2898.6797
1411,15.2843,14.9139,1.9213,15.3823,284.0,14040.0,2898.6797
1412,15.371,14.7716,1.8991,14.9573,290.0,16040.0,2898.6797
1413,14.9618,13.5921,1.917,15.6272,283.0,14050.0,2898.6797
1414,15.6282,14.565,1.8523,15.0438,285.0,14122.0,2898.6797
1415,15.0268,13.6468,1.7786,14.3562,290.0,16110.0,2898.6797
1416,14.4638,14.848,1.8723,15.2845,283.0,14050.0,2898.6797
1417,15.2004,14.9211,1.9839,15.213,284.0,14062.0,2898.6797
1418,15.2336,14.7574,1.9464,14.5806,317.0,16138.0,2898.6797
1419,14.5048,14.892,1.9487,15.6667,318.0,16518.0,2898.6797
1420,15.6737,14.4221,2.016,15.2907,317.0,17978.0,2898.6797
1421,15.3962,14.8676,1.864,15.0183,318.0,17990.0,2898.6797
1422,14.9274,14.9799,1.7815,15.8061,319.0,18738.0,2898.6797
1423,15.8372,14.5675,1.8131,15.166,319.0,16870.0,2898.6797
1424,15.1598,14.1727,1.8847,15.151,322.0,17258.0,2898.6797
1425,15.1664,14.323,1.9018,14.8363,315.0,16518.0,2898.6797
1426,14.8107,14.7642,1.8591,14.9192,290.0,14352.0,2898.6797
1427,14.9085,14.6524,1.7856,15.5506,296.0,14664.0,2898.6797
1428,15.6097,14.9584,1.8982,15.8633,323.0,17404.0,2898.6797
1429,15.8261,14.8958,2.0242,14.0206,318.0,19492.0,2898.6797
1430,14.0023,14.8821,2.0916,15.5173,318.0,21766.0,2898.6797
1431,15.5363,14.7971,2.0817,15.4228,318.0,18086.0,2898.6797
1432,15.4409,14.6804,2.0006,15.1307,318.0,20934.0,2898.6797
1433,15.1539,14.8478,1.8786,15.6549,317.0,17444.0,2898.6797
1434,15.6296,14.8385,1.8271,15.6026,318.0,16150.0,2898.6797
1435,15.6333,14.6205,1.8864,14.9371,317.0,17392.0,2898.6797
1436,14.9244,13.5209,1.8124,14.8334,318.0,18548.0,2898.6797
1437,14.8026,14.6243,1.9479,14.8424,318.0,17078.0,2898.6797
1438,14.8433,14.9294,1.8676,14.9141,318.0,16838.0,2898.6797
1439,14.9649,14.9367,1.8891,15.8136,321.0,17070.0,2898.6797
1440,15.8075,15.021,1.9718,14.9725,322.0,17046.0,2898.6797
1441,15.0318,15.2323,2.1283,15.6655,321.0,22662.0,2898.6797
1442,15.584,14.5351,2.1696,15.0992,319.0,19300.0,2898.6797
1443,15.0613,14.9094,1.8095,15.0919,321.0,17994.0,2898.6797
1444,15.1118,15.0193,1.8145,15.9549,319.0,16604.0,2898.6797
1445,16.0013,14.7663,1.8471,15.0788,317.0,18458.0,2898.6797
1446,15.0349,14.7732,1.8214,14.7893,318.0,20790.0,2898.6797
1447,14.78,13.6506,1.8075,15.6455,297.0,15818.0,2898.6797
1448,15.7156,14.187,1.9155,14.4086,283.0,14050.0,2898.6797
1449,14.3695,14.9427,1.8522,15.5533,282.0,14038.0,2898.6797
1450,15.5561,14.8712,1.8469,15.4036,284.0,14062.0,2898.6797
1451,15.3989,14.9307,1.9019,15.3285,318.0,16734.0,2898.6797
1452,15.3518,14.8205,1.9116,14.8809,320.0,24287.0,2898.6797
1453,14.9464,15.108,2.3633,15.7148,321.0,23128.0,2898.6797
1454,15.5949,14.7374,1.969,15.4991,331.0,29235.0,2898.6797
1455,15.5241,14.8906,2.1079,15.4731,321.0,19390.0,2898.6797
1456,15.4835,15.0467,1.8151,15.5672,321.0,18462.0,2898.6797
1457,15.6273,14.8871,1.8194,15.1518,321.0,16142.0,2898.6797
1458,15.0728,14.8732,1.8314,15.3881,319.0,17042.0,2898.6797
1459,15.3702,13.642,1.8706,15.4759,321.0,18004.0,2898.6797
1460,15.5121,13.6291,1.8007,15.7196,320.0,19434.0,2898.6797
1461,15.6957,14.342,1.9615,14.607,318.0,17720.0,2898.6797
1462,14.6368,14.8986,1.8936,15.905,318.0,26254.0,2898.6797
1463,15.8756,14.8056,2.0935,14.8955,319.0,22888.0,2898.6797
1464,14.9516,15.0547,2.0207,15.2294,317.0,17994.0,2898.6797
1465,15.2205,15.0366,2.0073,15.1296,317.0,18458.0,2898.6797
1466,15.0898,14.6957,2.0679,15.4968,318.0,16150.0,2898.6797
1467,15.5267,15.0133,1.9567,15.3519,319.0,16578.0,2898.6797
1468,15.3494,14.983,1.9807,15.5318,318.0,30822.0,2898.6797
1469,15.5205,14.556,1.8042,14.8715,319.0,24174.0,2898.6797
1470,14.8785,14.9441,1.8692,15.7355,326.0,31295.0,2898.6797
1471,15.7137,14.7074,1.7938,15.2003,332.0,32028.0,2898.6797
1472,15.2032,13.5076,1.7956,14.8796,312.0,19145.0,2898.6797
1473,14.8955,14.5397,1.9304,14.5679,287.0,14054.0,2898.6797
1474,14.5822,15.1119,1.9995,15.6278,319.0,22468.0,2898.6797
1475,15.6375,15.1549,2.111,15.7953,323.0,16312.0,2898.6797
1476,15.8073,14.651,1.9476,14.633,320.0,41122.0,2898.6797
1477,14.6473,14.8484,2.1007,15.2685,318.0,23412.0,2898.6797
1478,15.2777,14.8143,1.9796,15.1467,319.0,34996.0,2898.6797
1479,15.0786,14.7076,2.0308,15.2458,318.0,20446.0,2898.6797
1480,15.3027,14.8798,1.7457,15.5799,317.0,16258.0,2898.6797
1481,15.5645,14.868,1.9376,15.3092,318.0,16150.0,2898.6797
1482,15.3652,14.7815,1.937,15.2849,318.0,18934.0,2898.6797
1483,15.1908,13.6019,1.9476,15.3696,314.0,34510.0,2898.6797
1484,15.3983,14.7795,2.0025,14.1662,317.0,21160.0,2898.6797
1485,14.1461,14.9063,1.7989,16.2295,318.0,20076.0,2898.6797
1486,16.2622,14.7555,1.8235,15.5741,319.0,18648.0,2898.6797
1487,15.5445,15.0909,1.9698,15.5843,322.0,16154.0,2898.6797
1488,15.6744,14.7017,1.9562,15.7994,320.0,17022.0,2898.6797
1489,15.7886,14.8376,2.3804,15.0179,313.0,17022.0,2898.6797
1490,15.0107,14.5238,2.5064,14.2624,324.0,19894.0,2898.6797
1491,14.2756,14.5162,2.0952,15.6173,322.0,20275.0,2898.6797
1492,15.5711,14.7865,2.1753,16.2116,322.0,17328.0,2898.6797
1493,16.2415,17.984,2.7223,18.5374,320.0,20842.0,2898.6797
1494,18.5569,15.2989,2.6367,15.4041,317.0,16138.0,2898.6797
1495,15.3829,15.1802,2.6159,15.5632,321.0,32710.0,2898.6797
1496,15.4852,14.7882,2.3734,15.9617,322.0,33342.0,2898.6797
1497,15.9813,13.9304,2.0867,13.9791,319.0,19498.0,2898.6797
1498,13.9642,13.6541,2.1637,15.3023,319.0,16162.0,2898.6797
1499,15.3508,14.9221,2.0006,16.6769,319.0,26326.0,2898.6797
1500,16.7176,15.0589,2.0599,14.768,318.0,22978.0,2898.6797
1501,14.7081,15.0011,2.095,16.511,321.0,30218.0,2898.6797
1502,16.5471,15.3408,2.4991,15.0821,319.0,33242.0,2898.6797
1503,15.0817,15.3779,2.2473,17.7529,322.0,43638.0,2898.6797
1504,17.7895,15.1455,2.4196,13.7402,322.0,24962.0,2898.6797
1505,13.7903,15.1622,2.6062,15.4833,322.0,32110.0,2898.6797
1506,15.4794,14.7276,2.5385,15.0146,309.0,30068.0,2898.6797
1507,14.9859,15.0162,2.6481,15.4489,285.0,14052.0,2898.6797
1508,15.4255,14.3331,2.4582,15.7366,290.0,16040.0,2898.6797
1509,15.7137,14.5019,2.3133,14.5864,283.0,14050.0,2898.6797
1510,14.67,14.4871,2.9004,18.1782,284.0,14110.0,2898.6797
1511,18.2539,14.725,3.0329,12.5751,285.0,14074.0,2898.6797
1512,12.3414,14.7468,2.0871,16.3288,289.0,16098.0,2898.6797
1513,16.388,14.4428,1.8546,14.6428,282.0,14038.0,2898.6797
1514,14.6421,14.748,1.7709,14.6219,284.0,14158.0,2898.6797
1515,14.6229,14.4333,1.9198,15.4659,318.0,16150.0,2898.6797
1516,15.4535,14.973,1.9945,15.0088,318.0,16518.0,2898.6797
1517,15.0052,14.8224,1.9571,15.268,318.0,18358.0,2898.6797
1518,15.3238,14.7702,2.3154,15.337,319.0,18002.0,2898.6797
1519,15.2711,14.9442,2.0717,16.0629,322.0,18362.0,2898.6797
1520,16.0919,14.7004,2.1663,14.9786,319.0,17190.0,2898.6797
1521,14.9856,15.1487,2.0483,15.8884,323.0,16902.0,2898.6797
1522,15.8983,15.0025,2.2229,15.6898,316.0,16648.0,2898.6797
1523,15.7024,14.8856,2.3834,14.3939,292.0,14472.0,2898.6797
1524,14.3782,13.8998,2.1507,15.8382,296.0,15080.0,2898.6797
1525,15.8371,14.2659,2.0955,15.5588,317.0,16986.0,2898.6797
1526,15.6092,15.1137,2.523,16.5743,318.0,20692.0,2898.6797
1527,16.6703,15.0681,3.1542,15.7569,318.0,20934.0,2898.6797
1528,15.5953,14.9061,2.5591,14.6033,317.0,18442.0,2898.6797
1529,14.7003,15.062,2.5239,15.5574,317.0,20650.0,2898.6797
1530,15.5398,14.7323,2.4144,16.4018,318.0,17040.0,2898.6797
1531,16.411,15.176,2.6168,16.0449,318.0,16172.0,2898.6797
1532,16.1589,15.1891,3.4241,15.0312,317.0,18558.0,2898.6797
1533,14.9337,15.1684,2.8289,15.4521,317.0,17348.0,2898.6797
1534,15.4062,14.988,2.8464,15.1464,317.0,17066.0,2898.6797
1535,15.128,15.1307,2.7897,16.2668,321.0,17294.0,2898.6797
1536,16.2586,14.9187,2.5452,14.8744,321.0,16606.0,2898.6797
1537,14.8399,14.8173,2.5554,14.8851,321.0,17618.0,2898.6797
1538,14.9167,13.8732,2.1464,15.4686,320.0,22698.0,2898.6797
1539,15.4515,14.757,2.1504,14.4668,319.0,18690.0,2898.6797
1540,14.5052,14.7574,2.417,15.4908,320.0,17982.0,2898.6797
1541,15.5192,14.833,2.4087,15.9944,319.0,17554.0,2898.6797
1542,15.9588,15.0088,2.3173,15.8277,319.0,18482.0,2898.6797
1543,15.77,14.8479,2.2276,14.7461,320.0,20350.0,2898.6797
1544,14.9204,15.2734,2.2547,14.5753,290.0,14886.0,2898.6797
1545,14.4836,14.8943,2.5177,15.3374,284.0,14062.0,2898.6797
1546,15.2491,14.758,2.0484,15.1997,282.0,14038.0,2898.6797
1547,15.2213,14.9452,1.8898,15.2174,283.0,14050.0,2898.6797
1548,15.2071,14.8763,1.8168,15.2802,319.0,16746.0,2898.6797
1549,15.2401,14.6942,1.7244,15.2779,320.0,24287.0,2898.6797
1550,15.3113,13.8515,1.8971,15.8851,321.0,23128.0,2898.6797
1551,15.8944,14.0003,1.9018,14.8051,335.0,29239.0,2898.6797
1552,14.8094,14.167,1.9946,15.435,321.0,19390.0,2898.6797
1553,15.4309,14.8814,2.0674,16.252,321.0,18462.0,2898.6797
1554,16.3144,15.0187,2.0849,15.656,322.0,16176.0,2898.6797
1555,15.6685,14.8651,2.1478,14.8182,320.0,17054.0,2898.6797
1556,14.8285,15.2382,2.467,21.159,517.0,76616.0,2898.6797
1557,21.3541,15.1933,2.9486,13.9429,372.0,48667.0,3026.6797
1558,13.7825,14.6584,3.3343,15.2669,265.0,27744.0,3026.6797
1559,15.2755,15.029,4.0114,12.2962,226.0,23358.0,3026.6797
1560,12.1641,14.173,3.316,14.4713,222.0,19514.0,3026.6797
1561,14.4947,13.9238,2.6145,16.1329,257.0,19768.0,3026.6797
1562,16.2821,12.7951,2.6587,14.5284,260.0,20452.0,3026.6797
1563,14.4801,14.0295,2.7,13.8265,257.0,25934.0,3026.6797
1564,13.874,14.1643,3.3996,15.1215,266.0,35230.0,3026.6797
1565,15.0141,14.1905,3.1667,12.3801,264.0,28534.0,3026.6797
1566,12.3973,14.0567,2.7379,15.8265,257.0,18110.0,3047.3672
1567,15.8517,13.9934,2.3546,13.6268,263.0,27842.0,3062.0547
1568,13.5148,14.3628,2.2657,14.7713,260.0,23818.0,3062.0547
1569,14.8223,13.844,3.9494,14.502,262.0,20910.0,3062.0547
1570,14.4877,12.5979,1.9486,14.8426,260.0,18124.0,3032.6797
1571,14.8583,13.8968,2.1096,14.5152,261.0,18136.0,2991.3047
1572,14.5908,14.0712,2.2958,14.7559,266.0,23665.0,2991.3047
1573,14.7751,14.8222,2.2715,16.4916,260.0,26665.0,2991.3047
1574,16.5467,14.1595,2.7794,13.2615,268.0,41594.0,2991.3047
1575,13.2254,14.0819,3.0738,13.8876,259.0,23066.0,2991.3047
1576,13.8368,14.111,2.3647,14.4936,258.0,33518.0,2991.3047
1577,14.4286,13.2433,2.1424,14.088,257.0,46890.0,2991.3047
1578,14.1222,12.7333,2.1625,15.6946,259.0,48458.0,2991.3047
1579,15.7385,13.9245,2.1511,12.9311,258.0,50682.0,2991.3047
1580,12.8713,13.9315,2.0145,14.8403,259.0,18134.0,2991.3047
1581,14.8665,13.9289,2.1705,13.6845,260.0,18882.0,2991.3047
1582,13.729,14.2163,2.7347,15.1272,258.0,19594.0,2991.3047
1583,15.084,13.7796,2.351,14.4228,262.0,18126.0,2991.3047
1584,14.4374,13.852,2.2673,14.3783,261.0,18578.0,2991.5547
1585,14.4742,12.7936,1.9631,14.4163,261.0,21880.0,2991.5547
1586,14.2652,14.0752,2.3241,14.3278,261.0,18746.0,2991.5547
1587,14.3425,14.0677,2.1533,15.2985,262.0,20004.0,2991.5547
1588,15.3021,14.1149,2.1632,12.4143,260.0,22798.0,2991.5547
1589,12.4674,13.9931,2.3841,14.9631,260.0,20536.0,2991.5547
1590,14.8903,13.775,2.0609,14.3446,257.0,21914.0,2991.5547
1591,14.3479,13.8552,2.2032,14.468,257.0,24540.0,2991.5547
1592,14.5262,12.9391,2.0134,15.1995,257.0,21416.0,2991.5547
1593,15.1269,13.8262,1.9395,13.2846,256.0,25603.0,2991.5547
1594,13.3011,13.8046,1.9141,14.4097,254.0,21340.0,2991.5547
1595,14.4604,13.8732,2.1494,13.3514,259.0,30538.0,2991.5547
1596,13.3524,14.2951,2.5425,14.8422,258.0,25218.0,2991.5547
1597,14.772,14.0675,2.4082,14.6973,258.0,22039.0,2991.5547
1598,14.7172,14.0113,2.2182,14.5801,262.0,23512.0,2991.5547
1599,14.6044,13.6182,2.1255,14.6444,262.0,18916.0,2991.5547
1600,14.612,13.0465,2.0776,13.5216,263.0,23035.0,2991.5547
1601,13.5615,13.6003,1.9954,14.4451,265.0,20709.0,2991.5547
1602,14.4379,14.0942,1.8394,13.9096,259.0,24772.0,2991.5547
1603,13.9679,13.9261,2.1628,14.0681,254.0,22259.0,2991.5547
1604,13.9594,13.4555,1.8794,14.6546,231.0,16432.0,2991.5547
1605,14.6839,13.9414,1.9646,14.3931,259.0,25442.0,2991.5547
1606,14.4017,12.7926,2.0245,14.5086,256.0,19748.0,2991.5547
1607,14.5024,13.6551,1.9116,13.5227,261.0,20058.0,2991.5547
1608,13.5252,13.9898,1.9332,14.9,257.0,20676.0,2991.5547
1609,14.924,13.8438,2.1322,13.4749,259.0,19860.0,2991.5547
1610,13.4594,13.7036,2.008,14.7572,257.0,21908.0,2991.5547
1611,14.7508,13.3083,1.8263,14.0941,259.0,28218.0,2991.5547
1612,14.0974,13.8258,1.8829,14.3799,258.0,27462.0,2991.5547
1613,14.3806,12.6631,1.9094,14.5762,258.0,21906.0,2991.5547
1614,14.5978,13.748,2.0094,13.3066,257.0,19214.0,2991.5547
1615,13.2769,13.7061,1.9566,14.7648,262.0,22123.0,2991.5547
1616,14.8151,13.775,1.9907,13.7333,260.0,20428.0,2991.5547
1617,13.7244,13.8428,2.4923,14.3516,265.0,22960.0,2991.5547
1618,14.3027,13.9298,1.9613,14.5871,262.0,22240.0,2991.5547
1619,14.6491,13.9639,2.1044,14.5767,261.0,19976.0,2991.5547
1620,14.5432,12.645,1.9958,15.1029,259.0,20448.0,2991.5547
1621,15.0817,13.8524,2.0284,13.0353,260.0,23769.0,2991.5547
1622,13.0733,13.8626,1.8985,14.4647,257.0,20318.0,2991.5547
1623,14.4407,13.8514,1.9478,14.2717,259.0,18134.0,2991.5547
1624,14.3185,13.8602,2.2503,14.1714,257.0,18268.0,2991.5547
1625,14.1193,14.0996,2.0447,14.3129,258.0,20092.0,2991.5547
1626,14.3226,13.7932,1.9399,14.677,258.0,22238.0,2991.5547
1627,14.6708,12.6524,1.837,13.5804,259.0,18598.0,2991.5547
1628,13.609,13.5682,1.9451,14.1986,258.0,18122.0,2991.5547
1629,14.157,14.1078,1.9077,15.1686,258.0,19050.0,2991.5547
1630,15.2931,13.8228,2.1144,13.5607,257.0,18574.0,2991.5547
1631,13.4705,13.0901,2.441,14.7791,262.0,18282.0,2991.5547
1632,15.0496,13.9899,2.206,13.7819,262.0,19388.0,2991.5547
1633,13.5004,12.6977,1.9451,14.6865,262.0,20932.0,2991.5547
1634,14.6878,12.6905,1.933,13.8906,262.0,26524.0,2991.5547
1635,13.8822,14.1519,1.9242,13.6881,271.0,34584.0,2991.5547
1636,13.7192,13.9176,1.8251,14.7355,265.0,28156.0,2991.5547
1637,14.7462,13.866,2.0296,13.9279,257.0,18110.0,2991.5547
1638,13.8545,13.6875,1.8487,14.4487,257.0,28514.0,2991.5547
1639,14.4669,13.8997,2.1923,14.1856,258.0,23602.0,2991.5547
1640,14.1712,13.7182,1.8297,14.9802,257.0,20430.0,2991.5547
1641,15.0143,12.9717,1.8643,13.9038,256.0,18098.0,2991.5547
1642,13.9281,13.7543,1.9262,13.6073,259.0,18134.0,2991.5547
1643,13.5761,13.98,1.8753,14.5354,261.0,23627.0,2991.5547
1644,14.612,13.9143,1.9603,13.7939,262.0,26689.0,2991.5547
1645,13.703,13.7749,1.7459,14.4314,265.0,43154.0,2991.5547
1646,14.5005,13.8336,1.8702,14.3795,257.0,23042.0,2991.5547
1647,14.3579,13.1054,1.8953,13.9526,264.0,35142.0,2991.5547
1648,13.9529,13.2236,2.0523,14.8194,262.0,46906.0,2991.5547
1649,14.7579,14.1992,1.8538,13.9804,262.0,46946.0,2991.5547
1650,13.9873,13.6475,1.8684,13.5557,259.0,48984.0,2991.5547
1651,13.6549,14.1517,2.0879,14.9034,260.0,18124.0,2991.5547
1652,14.8289,13.996,1.8439,14.3137,259.0,18848.0,2991.5547
1653,14.3141,13.5346,1.6233,14.1392,258.0,19594.0,2991.5547
1654,14.1683,12.8899,1.7897,14.6309,260.0,18146.0,2991.5547
1655,14.6528,13.7685,1.9538,13.353,257.0,18730.0,2991.5547
1656,13.3061,13.8169,1.8142,14.5408,260.0,21756.0,2991.5547
1657,14.5609,13.7335,2.0056,13.8111,256.0,19172.0,2991.5547
1658,13.8261,14.1785,2.1111,14.6598,257.0,20036.0,2991.5547
1659,14.6231,13.6021,2.1567,14.0459,258.0,22262.0,2991.5547
1660,14.0756,13.786,1.7965,14.3931,259.0,20524.0,2991.5547
1661,14.4313,12.6113,1.899,14.3752,256.0,22642.0,2991.5547
1662,14.3119,13.8287,1.8245,13.2976,257.0,23800.0,2991.5547
1663,13.2976,13.6055,1.9041,14.6375,259.0,21824.0,2991.5547
1664,14.721,13.831,2.1423,14.4884,262.0,25203.0,2991.5547
1665,14.5053,14.0176,2.7078,13.6842,260.0,22776.0,2991.5547
1666,13.6144,14.1923,2.3882,14.9759,260.0,30676.0,2991.5547
1667,14.9475,13.8093,1.683,14.3064,259.0,23738.0,2991.5547
1668,14.3409,12.6661,1.9561,14.0759,259.0,22491.0,2991.5547
1669,14.0853,13.7758,1.957,14.1525,261.0,22952.0,2991.5547
1670,14.1342,13.8033,1.9526,14.0935,257.0,18900.0,2991.5547
1671,14.1226,13.9231,2.1486,14.4426,263.0,23079.0,2991.5547
1672,14.4241,14.0889,2.3678,14.7279,258.0,22343.0,2991.5547
1673,14.7275,13.85,2.3383,14.1949,257.0,23096.0,2991.5547
1674,14.216,13.722,1.9887,14.7787,251.0,22197.0,2991.5547
1675,14.7805,12.7325,1.9629,13.1363,229.0,19251.0,2991.5547
1676,13.1009,13.9992,1.9049,14.6962,258.0,22609.0,2991.5547
1677,14.749,13.544,1.9211,15.0482,256.0,19748.0,2991.5547
1678,15.0214,14.1043,2.0066,12.6406,257.0,20378.0,2991.5547
1679,12.5849,13.9606,2.0217,15.6248,262.0,20324.0,2991.5547
1680,15.7028,13.8729,3.2081,14.0596,261.0,20304.0,2991.5547
1681,14.0358,14.1064,2.2071,15.3445,262.0,22362.0,2991.5547
1682,15.3614,12.7477,1.9116,13.561,260.0,27674.0,2991.5547
1683,13.5403,14.0123,2.0556,14.1933,260.0,28620.0,2991.5547
1684,14.2067,14.0622,2.0517,14.8553,258.0,20360.0,2991.5547
1685,14.8315,13.7887,2.1252,13.7729,256.0,19202.0,2991.5547
1686,13.7865,13.6477,2.3968,14.4605,258.0,22119.0,2991.5547
1687,14.5691,14.1039,2.2867,13.8131,259.0,20460.0,2991.5547
1688,13.7465,13.8088,1.9358,15.5716,262.0,22968.0,2991.5547
1689,15.5532,12.8529,2.2092,13.5556,258.0,22214.0,2991.5547
1690,13.5544,14.2079,2.1228,14.5058,257.0,19950.0,2991.5547
1691,14.5479,14.1217,2.2374,14.5861,259.0,20470.0,2991.5547
1692,14.5542,13.9026,2.0165,14.2329,261.0,23781.0,2991.5547
1693,14.1996,14.0751,2.113,13.6346,257.0,20318.0,2991.5547
1694,13.6426,13.865,2.3798,15.5343,257.0,18110.0,2991.5547
1695,15.5626,13.8568,2.3242,13.3651,265.0,18320.0,2991.5547
1696,13.3469,12.6665,2.1759,15.1589,263.0,20232.0,2991.5547
1697,15.1903,13.6864,2.105,13.5265,261.0,22106.0,2991.5547
1698,13.5024,13.9703,2.1041,15.1096,260.0,18588.0,2991.5547
1699,15.0571,13.9789,2.1072,13.1974,259.0,18112.0,2991.5547
1700,13.2201,14.0155,2.441,14.9496,260.0,19516.0,2991.5547
1701,14.9636,14.0951,2.2901,14.1287,258.0,18122.0,2991.5547
1702,14.0964,13.5115,2.0599,14.5417,258.0,18278.0,2991.5547
1703,14.5526,12.6473,1.9076,13.7475,259.0,19896.0,2991.5547
1704,13.7502,13.824,1.9776,14.3671,258.0,20796.0,2991.5547
1705,14.3569,14.0343,2.1013,15.0313,258.0,27436.0,2991.5547
1706,15.0947,14.0464,2.0504,13.2213,268.0,33264.0,2991.5547
1707,13.1403,13.9764,2.0915,14.973,265.0,28178.0,2991.5547
1708,15.0332,13.9624,2.1611,14.1345,261.0,18158.0,2991.5547
1709,14.1532,13.5417,2.0998,13.9421,258.0,28876.0,2991.5547
1710,13.9405,12.6296,2.4487,14.7479,258.0,23252.0,2991.5547
1711,14.7288,14.0265,2.1651,13.5237,262.0,20446.0,2991.5547
1712,13.5159,13.6586,2.1002,15.0245,263.0,18138.0,2991.5547
1713,15.0525,13.9654,2.1233,13.0942,263.0,18138.0,2991.5547
1714,13.0618,13.9747,1.977,14.9725,263.0,23629.0,2991.5547
1715,14.9995,13.6756,1.9797,13.6353,264.0,26691.0,2991.5547
1716,13.6015,13.7812,1.8627,15.2213,268.0,43168.0,2991.5547
1717,15.1969,12.7007,1.9798,13.8661,259.0,23066.0,2991.5547
1718,13.9119,14.003,2.1085,13.9517,259.0,36722.0,2991.5547
1719,13.9086,14.062,2.0938,14.8849,260.0,47018.0,2991.5547
1720,14.9786,14.0918,1.9563,13.9607,256.0,46918.0,2991.5547
1721,13.9143,13.9614,2.0545,14.7752,258.0,47306.0,2991.5547
1722,14.8247,13.8166,2.1733,14.459,257.0,18110.0,2991.5547
1723,14.4054,13.847,1.9443,14.5377,257.0,18846.0,2991.5547
1724,14.5404,12.7359,2.2215,13.8983,256.0,19570.0,2991.5547
1725,14.0357,13.9925,2.4877,15.0914,256.0,18098.0,2991.5547
1726,14.9832,13.6696,2.9366,14.7506,257.0,18886.0,2991.5547
1727,14.8877,13.7674,2.6797,13.6077,261.0,21568.0,2991.5547
1728,13.4995,14.2575,2.1982,13.3034,264.0,19224.0,2991.5547
1729,13.2835,13.9187,2.135,15.5023,265.0,20088.0,2991.5547
1730,15.5103,13.3866,2.1179,13.7945,260.0,22264.0,2991.5547
1731,13.7634,12.741,2.1965,14.6106,260.0,20514.0,2991.5547
1732,14.6551,12.7742,2.1907,14.0464,259.0,23222.0,2991.5547
1733,14.0387,13.8673,2.2591,14.2772,252.0,23138.0,2991.5547
1734,14.2417,14.0903,2.2046,14.2667,259.0,21904.0,2991.5547
1735,14.3135,13.746,2.3634,14.5714,258.0,25765.0,2991.5547
1736,14.502,14.0414,2.3641,14.3034,253.0,22910.0,2991.5547
1737,14.3959,13.8245,2.4874,13.9333,258.0,29934.0,2991.5547
1738,13.9368,12.6758,2.3222,13.4149,257.0,24164.0,2991.5547
1739,13.3375,12.7646,2.2064,15.3153,256.0,22049.0,2991.5547
1740,15.3943,14.1607,2.3027,15.2591,263.0,22976.0,2991.5547
1741,15.2511,14.1102,2.3927,13.1811,258.0,18912.0,2991.5547
1742,13.2234,14.0893,2.5887,14.9981,257.0,22971.0,2991.5547
1743,14.9258,13.8667,2.2275,14.2653,260.0,22359.0,2991.5547
1744,14.2153,13.95,2.121,14.2687,261.0,25921.0,2991.5547
1745,14.3823,12.7715,2.3435,14.0622,257.0,19500.0,2991.5547
1746,14.015,14.0868,2.5279,13.8223,232.0,19265.0,2991.5547
1747,13.7763,13.8331,2.1669,14.754,258.0,22587.0,2991.5547
1748,14.8025,13.9442,2.0393,13.6063,261.0,20154.0,2991.5547
1749,13.5493,13.8711,2.1854,14.8736,259.0,20402.0,2991.5547
1750,15.0134,13.7512,2.3505,15.4111,258.0,20416.0,2991.5547
1751,15.3127,14.1082,2.2696,14.0085,259.0,20324.0,2991.5547
1752,14.0732,12.7499,2.1742,13.9448,257.0,22694.0,2991.5547
1753,13.9014,13.8462,2.2733,14.5682,261.0,27264.0,2991.5547
1754,14.565,14.1081,2.1066,13.821,256.0,28988.0,2991.5547
1755,13.8146,13.8632,2.1612,14.2109,257.0,19976.0,2991.5547
1756,14.2596,13.81,2.2298,14.5302,256.0,18834.0,2991.5547
1757,14.4887,14.0025,2.1304,14.1554,261.0,22987.0,2991.5547
1758,14.1124,13.5792,2.1077,14.4376,259.0,19996.0,2991.5547
1759,14.4908,12.7182,2.3016,13.5988,266.0,22972.0,2991.5547
1760,13.5554,13.5323,2.2956,13.9173,265.0,21886.0,2991.5547
1761,13.9195,13.7783,2.2399,14.653,261.0,20322.0,2991.5547
1762,14.6843,13.6393,2.171,13.7502,260.0,20092.0,2991.5547
1763,13.7128,14.2525,2.4252,14.9104,261.0,23759.0,2991.5547
1764,14.8831,13.806,2.3279,14.1783,261.0,20344.0,2991.5547
1765,14.2648,13.1286,2.0208,14.6321,259.0,18134.0,2991.5547
1766,14.6102,12.6414,2.0973,15.8801,258.0,18280.0,2991.5547
1767,15.8851,13.8916,2.2113,12.2865,258.0,20216.0,2991.5547
1768,12.2883,14.2666,2.2009,14.949,261.0,22150.0,2991.5547
1769,14.9788,14.0422,2.4173,15.37,259.0,18598.0,2991.5547
1770,15.312,13.8742,2.1454,13.3016,258.0,18586.0,2991.5547
1771,13.3452,13.8317,2.113,13.9138,258.0,19050.0,2991.5547
1772,13.9153,13.7907,2.3718,14.5348,257.0,18110.0,2991.5547
1773,14.4841,12.6736,2.1307,14.4369,258.0,18778.0,2991.5547
1774,14.4834,13.6424,2.0829,13.6958,259.0,19764.0,2991.5547
1775,13.7284,13.8264,2.181,14.0608,265.0,21940.0,2991.5547
1776,14.0769,13.9077,2.2313,13.4296,264.0,27898.0,2991.5547
1777,13.3233,14.0873,2.177,15.6449,269.0,31694.0,2991.5547
1778,15.7338,13.959,2.3748,14.5948,267.0,27812.0,2991.5547
1779,14.5348,13.5165,2.3178,13.9751,262.0,21430.0,2991.5547
1780,13.9399,12.6851,1.9859,14.1137,262.0,26084.0,2991.5547
1781,14.1979,13.7735,2.057,14.3219,257.0,22776.0,2991.5547
1782,14.2826,13.9722,2.1102,15.4809,258.0,20442.0,2991.5547
1783,15.472,14.1263,2.0338,13.3708,259.0,18134.0,2991.5547
1784,13.4718,13.6692,2.3933,13.9395,259.0,19981.0,2991.5547
1785,13.862,13.8702,2.3066,14.7998,260.0,21768.0,2991.5547
1786,14.7631,14.0973,1.9371,14.9256,263.0,26701.0,2991.5547
1787,14.9323,12.6953,2.0907,14.144,264.0,43142.0,2991.5547
1788,14.1631,13.7419,2.5063,14.2982,260.0,26270.0,2991.5547
1789,14.314,14.1162,2.3942,14.9952,259.0,40450.0,2991.5547
1790,15.0459,14.0713,2.174,14.0861,260.0,41786.0,2991.5547
1791,14.1087,13.7706,2.3263,13.4186,263.0,45270.0,2991.5547
1792,13.3505,14.057,2.2059,15.3319,260.0,47286.0,2991.5547
1793,15.315,14.0009,2.1446,14.1046,261.0,18114.0,2991.5547
1794,14.1496,12.7572,2.1021,14.392,258.0,18836.0,2991.5547
1795,14.3828,13.431,2.2027,12.9935,259.0,19584.0,2991.5547
1796,12.9399,14.0013,1.8874,15.8739,259.0,18424.0,2991.5547
1797,15.9007,13.7719,2.1031,13.1283,260.0,19074.0,2991.5547
1798,13.3156,13.8295,2.503,14.0626,258.0,21112.0,2991.5547
1799,13.8199,13.9676,1.9295,14.6114,257.0,19648.0,2991.5547
1800,14.6369,14.0628,1.9892,14.0778,259.0,19596.0,2991.5547
1801,14.0694,12.9116,1.9729,14.7591,257.0,22250.0,2991.5547
1802,14.8191,13.1111,2.0457,13.7978,259.0,20524.0,2991.5547
1803,13.7759,13.8836,2.1867,14.7504,256.0,23738.0,2991.5547
1804,14.7436,14.011,2.1473,14.6057,253.0,23186.0,2991.5547
1805,14.6711,14.1019,2.5616,14.3315,258.0,21326.0,2991.5547
1806,14.2883,14.0334,2.2797,14.3284,260.0,25753.0,2991.5547
1807,14.3345,13.8035,2.5562,14.0421,257.0,25991.0,2991.5547
1808,14.0327,12.8875,2.0047,14.4527,261.0,27399.0,2991.5547
1809,14.4363,13.3876,2.0619,13.9078,262.0,26487.0,2991.5547
1810,13.899,14.1747,2.1456,15.3164,257.0,19218.0,2991.5547
1811,15.3255,13.8588,1.9751,14.1323,264.0,23516.0,2991.5547
1812,14.1856,13.9873,2.1667,13.8398,261.0,19064.0,2991.5547
1813,13.8109,13.8087,2.0452,15.1519,259.0,23945.0,2991.5547
1814,15.1369,13.9874,2.2377,14.5611,258.0,20741.0,2991.5547
1815,14.6004,12.9077,2.1323,13.4888,256.0,25905.0,2991.5547
1816,13.4528,12.9825,2.0714,14.2453,250.0,19364.0,2991.5547
1817,14.2563,13.944,2.2599,15.482,235.0,20849.0,2991.5547
1818,15.5433,13.9829,2.4261,13.5829,257.0,22277.0,2991.5547
1819,13.524,14.2274,2.3518,16.6039,257.0,19210.0,2991.5547
1820,16.6387,14.4914,2.9166,12.5849,257.0,20912.0,2991.5547
1821,12.6844,13.8896,2.1967,14.6115,258.0,20346.0,2991.5547
1822,14.5913,14.0841,2.0079,14.4646,257.0,19836.0,2991.5547
1823,14.4314,12.7206,2.1477,14.5745,262.0,23612.0,2991.5547
1824,14.4898,13.5847,2.0933,13.6103,262.0,28150.0,2991.5547
1825,13.5943,14.0866,2.0407,14.332,262.0,27196.0,2991.5547
1826,14.3503,14.3227,2.1466,14.7949,259.0,19978.0,2991.5547
1827,14.9191,14.1339,2.4926,15.1451,259.0,19312.0,2991.5547
1828,15.0642,13.9691,2.3712,13.7874,263.0,22893.0,2991.5547
1829,13.745,13.8648,2.0063,13.8504,260.0,21855.0,2991.5547
1830,13.876,12.3543,2.058,14.6719,259.0,21085.0,2991.5547
1831,14.6567,14.0794,2.0316,13.5451,257.0,21834.0,2991.5547
1832,13.5001,13.8181,2.0107,15.3015,257.0,20686.0,2991.5547
1833,15.3638,13.7723,2.2245,12.764,259.0,21618.0,2991.5547
1834,12.9484,13.9248,2.5983,14.6536,259.0,21873.0,2991.5547
1835,14.4536,13.7156,1.9344,14.6042,260.0,19986.0,2991.5547
1836,14.6893,12.4069,1.8643,13.8327,256.0,18098.0,2991.5547
1837,13.7336,12.3996,2.159,14.957,258.0,18280.0,2991.5547
1838,14.9792,14.1984,2.2189,13.6824,258.0,23592.0,2991.5547
1839,13.7051,13.8364,2.3308,14.9696,263.0,18754.0,2991.5547
1840,14.9417,13.565,2.1674,12.5899,263.0,18602.0,2991.5547
1841,12.6033,13.8444,2.2955,13.5343,262.0,19054.0,2991.5547
1842,13.5399,13.8365,2.0401,14.7373,260.0,18588.0,2991.5547
1843,14.5944,12.3292,1.5833,14.1762,260.0,18624.0,2991.5547
1844,14.2377,12.9733,1.7221,12.838,263.0,18998.0,2991.5547
1845,12.8239,13.7844,1.8019,15.0209,257.0,20842.0,2991.5547
1846,15.0881,13.642,1.8466,12.9274,257.0,21490.0,2991.5547
1847,12.8805,13.4748,1.6801,14.2002,263.0,29222.0,2991.5547
1848,14.22,13.6995,2.0354,14.5053,266.0,32036.0,2991.5547
1849,14.5068,12.9717,1.7984,13.7972,262.0,28044.0,2991.5547
1850,13.8423,13.0514,1.8952,13.775,262.0,19458.0,2991.5547
1851,13.7683,13.4646,2.158,13.687,257.0,25686.0,2991.5547
1852,13.6065,13.7351,1.8225,13.4636,259.0,22336.0,2991.5547
1853,13.4752,13.753,1.68,14.5645,257.0,19966.0,2991.5547
1854,14.593,13.6708,2.0274,13.6765,257.0,18110.0,2991.5547
1855,13.6916,12.7255,1.8669,14.8883,264.0,19997.0,2991.5547
1856,14.9048,12.3708,2.1518,13.231,263.0,21760.0,2991.5547
1857,13.244,13.736,1.9109,13.999,266.0,28289.0,2991.5547
1858,14.0291,13.6933,2.0107,13.395,265.0,44728.0,2991.5547
1859,13.307,13.6336,1.9505,14.5274,261.0,29988.0,2991.5547
1860,14.5673,13.562,2.0014,13.8917,260.0,36804.0,2991.5547
1861,13.8863,13.7086,1.833,14.9468,260.0,40098.0,2991.5547
1862,14.9217,12.3899,1.9601,12.7371,257.0,43646.0,2991.5547
1863,12.8141,13.7213,1.9504,14.8873,256.0,47282.0,2991.5547
1864,14.8412,13.4914,2.0171,12.9928,256.0,18466.0,2991.5547
1865,13.0062,13.7257,2.3409,14.5335,257.0,19214.0,2991.5547
1866,14.5326,13.5221,2.0715,13.8146,259.0,19026.0,2991.5547
1867,13.7515,12.321,1.8151,13.7435,259.0,19218.0,2991.5547
1868,13.7508,12.3415,1.8073,13.0271,256.0,18396.0,2991.5547
1869,13.0632,13.514,1.8607,14.7462,258.0,21576.0,2991.5547
1870,14.7466,13.5446,1.7021,13.8204,258.0,18898.0,2991.5547
1871,13.8762,13.8769,2.206,15.2083,264.0,20146.0,2991.5547
1872,15.2464,13.6598,2.2498,13.7887,262.0,21732.0,2991.5547
1873,13.7291,13.7251,2.4036,15.0974,262.0,21220.0,2991.5547
1874,15.0791,12.4471,1.9562,13.7235,258.0,24560.0,2991.5547
1875,13.7628,13.1291,2.1554,13.7026,260.0,22444.0,2991.5547
1876,13.6583,13.8988,2.1385,14.4693,259.0,23881.0,2991.5547
1877,14.5256,13.739,2.1253,12.6425,256.0,22384.0,2991.5547
1878,12.5908,13.6416,1.8565,14.9042,253.0,26451.0,2991.5547
1879,14.9377,13.6621,2.5026,13.7948,260.0,29824.0,2991.5547
1880,13.7415,12.4227,1.921,14.2691,257.0,24390.0,2991.5547
1881,14.2912,13.2036,1.8436,12.985,256.0,18488.0,2991.5547
1882,13.0305,13.8289,1.9412,15.1861,264.0,23538.0,2991.5547
1883,15.2617,13.5401,1.9036,12.7719,256.0,20700.0,2991.5547
1884,12.6558,13.4528,2.0358,14.241,256.0,22199.0,2991.5547
1885,14.2518,13.3862,2.1744,14.2318,261.0,20813.0,2991.5547
1886,14.2364,12.3573,1.8917,13.958,258.0,25929.0,2991.5547
1887,13.9846,13.5623,1.9686,12.5541,260.0,23093.0,2991.5547
1888,12.5115,13.5388,1.917,14.8018,243.0,18086.0,2991.5547
1889,14.8018,13.8958,1.9441,13.9232,261.0,21731.0,2991.5547
1890,13.9597,13.4049,2.253,14.2307,262.0,20352.0,2991.5547
1891,14.327,13.2456,2.2279,13.764,260.0,21118.0,2991.5547
1892,13.6483,12.6241,2.0108,14.203,261.0,19800.0,2991.5547
1893,14.2237,13.5011,2.0226,13.2084,256.0,21862.0,2991.5547
1894,13.1586,13.5258,1.8288,14.2042,259.0,24202.0,2991.5547
1895,14.2532,13.6855,1.8731,13.5387,259.0,28988.0,2991.5547
1896,13.4342,13.3806,1.5869,13.7105,258.0,23006.0,2991.5547
1897,13.7838,13.4005,1.9132,14.4046,259.0,20464.0,2991.5547
1898,14.4483,12.3806,1.8247,13.6289,259.0,22035.0,2991.5547
1899,13.6496,13.4293,2.0373,13.0115,257.0,20046.0,2991.5547
1900,12.9024,13.5219,1.7942,15.6041,259.0,22211.0,2991.5547
1901,15.7187,13.4625,1.9788,12.7301,259.0,22969.0,2991.5547
1902,12.6833,13.4055,2.0709,13.8752,257.0,19950.0,2991.5547
1903,13.8885,13.3026,2.4053,13.2364,260.0,20190.0,2991.5547
1904,13.217,12.3665,2.0528,13.8838,262.0,23209.0,2991.5547
1905,13.8834,13.6691,1.8134,14.2365,261.0,20006.0,2991.5547
1906,14.2148,13.582,1.816,13.468,259.0,19952.0,2991.5547
1907,13.5382,13.8301,2.0458,14.4902,264.0,18172.0,2991.5547
1908,14.4495,13.4078,1.6489,14.3424,262.0,20152.0,2991.5547
1909,14.4194,13.7845,1.9653,13.9361,256.0,22214.0,2991.5547
1910,14.0083,12.3432,2.2984,14.4926,260.0,18734.0,2991.5547
1911,14.3593,12.8799,2.4434,13.312,256.0,18562.0,2991.5547
1912,13.3025,13.7122,2.1356,13.9999,256.0,18562.0,2991.5547
1913,14.0278,13.8245,2.1932,13.4415,260.0,19110.0,2991.5547
1914,13.4054,13.3588,1.9785,13.6379,258.0,18646.0,2991.5547
1915,13.7558,13.4297,2.3584,14.1228,257.0,19274.0,2991.5547
1916,14.0296,12.3901,2.0103,14.5757,259.0,22164.0,2991.5547
1917,14.533,13.8038,2.0371,13.3793,260.0,22552.0,2991.5547
1918,13.4452,13.5265,2.3205,14.1955,261.0,28432.0,2991.5547
1919,14.3086,13.9649,2.7205,13.7418,275.0,34826.0,2991.5547
1920,13.6252,13.6563,2.4347,15.2291,261.0,24142.0,2991.5547
1921,15.2426,13.5346,2.7843,13.0784,260.0,19238.0,2991.5547
1922,13.1162,12.6425,2.2399,14.7301,259.0,25782.0,2991.5547
1923,14.6462,13.682,2.7658,13.0907,259.0,22012.0,2991.5547
1924,13.123,13.5748,2.192,14.6188,260.0,19052.0,2991.5547
1925,14.5892,13.7676,2.0587,13.3367,260.0,19993.0,2991.5547
1926,13.3219,13.543,2.3032,13.9809,257.0,18110.0,2991.5547
1927,13.9927,13.2448,2.0582,14.5738,262.0,25128.0,2991.5547
1928,14.566,12.5987,2.2526,13.6877,267.0,39949.0,2991.5547
1929,13.7324,12.8175,2.1126,13.8215,261.0,36682.0,2991.5547
1930,13.8314,13.4841,2.2971,14.162,258.0,26338.0,2991.5547
1931,14.1389,13.5319,2.2924,13.8988,259.0,40222.0,2991.5547
1932,13.9568,13.6091,2.3529,13.7431,262.0,38526.0,2991.5547
1933,13.682,13.4954,2.0799,14.1766,256.0,40226.0,2991.5547
1934,14.1938,13.2514,1.9528,14.3663,257.0,45974.0,2991.5547
1935,14.3585,12.7827,2.1052,12.7919,261.0,18114.0,2991.5547
1936,12.8308,13.5401,1.9744,15.29,263.0,19766.0,2991.5547
1937,15.3985,13.8461,2.5816,13.7421,262.0,18958.0,2991.5547
1938,13.633,13.4884,2.5265,13.7017,263.0,19078.0,2991.5547
1939,13.6223,13.5712,2.5518,13.9749,261.0,19054.0,2991.5547
1940,14.055,12.9469,2.082,13.7324,259.0,20648.0,2991.5547
1941,13.6924,12.3738,1.9683,12.705,258.0,19432.0,2991.5547
1942,12.6717,13.2698,2.1194,14.2498,256.0,20628.0,2991.5547
1943,14.2331,13.6929,1.9457,14.6651,260.0,22386.0,2991.5547
1944,14.7917,13.8258,2.0515,13.6365,259.0,21290.0,2991.5547
1945,13.5403,13.7445,1.9168,13.8072,254.0,25840.0,2991.5547
1946,13.7878,13.7552,1.8372,15.0932,259.0,21404.0,2991.5547
1947,15.162,12.4111,2.2276,14.4843,258.0,22401.0,2991.5547
1948,14.6083,13.6199,2.3868,13.4533,256.0,22430.0,2991.5547
1949,13.3056,13.77,2.2873,13.1109,257.0,31680.0,2991.5547
1950,13.2704,13.8743,2.2442,14.6288,402.0,29675.0,2991.5547
1951,14.441,13.3776,2.3825,14.6053,329.0,19868.0,2991.5547
1952,14.6174,16.2597,2.2449,16.6316,335.0,21268.0,2991.5547
1953,16.7438,15.413,2.1801,16.0325,333.0,17538.0,2991.5547
1954,15.9218,14.9237,2.1673,15.0451,332.0,18432.0,2991.5547
1955,15.0534,14.7832,1.9562,16.1002,331.0,21438.0,2991.5547
1956,16.1927,14.8559,2.0525,14.5767,330.0,21756.0,2991.5547
1957,14.501,13.7739,1.9001,15.1221,331.0,23380.0,2991.5547
1958,15.1264,15.2124,1.913,15.5229,328.0,17852.0,2991.5547
1959,15.5034,15.1417,2.0945,15.0992,329.0,19693.0,2991.5547
1960,15.1147,14.8133,1.9765,15.9785,327.0,19586.0,2991.5547
1961,15.9572,14.9249,1.9772,15.4175,331.0,18132.0,2991.5547
1962,15.442,15.0517,1.8854,14.6071,328.0,17264.0,2991.5547
1963,14.6363,14.8442,2.8812,14.9179,329.0,20722.0,2991.5547
1964,14.8493,14.8607,1.9145,16.1924,330.0,25752.0,2991.5547
1965,16.1811,15.0316,1.7815,15.3116,329.0,23588.0,2991.5547
1966,15.3337,14.6252,1.7164,14.8861,327.0,18872.0,2991.5547
1967,14.8914,15.0049,1.9446,15.2373,332.0,20731.0,2991.5547
1968,15.2357,15.1231,1.8387,16.1972,331.0,18360.0,2991.5547
1969,16.2789,14.2653,1.935,16.178,337.0,19837.0,2991.5547
1970,16.0913,14.507,1.8922,15.3422,333.0,19053.0,2991.5547
1971,15.3731,15.1554,1.9704,14.5379,330.0,19790.0,2991.5547
1972,14.5526,14.808,1.8462,15.1211,331.0,18778.0,2991.5547
1973,15.0801,14.6262,1.8719,15.0976,328.0,19424.0,2991.5547
1974,15.0991,15.0767,1.9736,15.5337,330.0,19827.0,2991.5547
1975,15.53,15.0263,1.8379,15.0715,331.0,17940.0,2991.5547
1976,15.0348,15.0467,1.852,16.2609,328.0,16064.0,2991.5547
1977,16.3438,15.0377,2.0329,15.0887,328.0,18192.0,2991.5547
1978,15.0247,15.1136,2.2014,15.9472,328.0,18368.0,2991.5547
1979,15.9613,14.9986,1.9978,14.9846,328.0,16188.0,2991.5547
1980,15.0188,14.9069,1.9741,15.1812,330.0,16088.0,2991.5547
1981,15.1628,15.0386,1.9884,15.9705,330.0,16588.0,2991.5547
1982,15.9784,13.9396,1.8106,15.0588,327.0,16576.0,2991.5547
1983,15.0998,13.7694,1.9307,15.723,331.0,16904.0,2991.5547
1984,15.6858,14.7791,2.055,14.564,333.0,19744.0,2991.5547
1985,14.5538,14.8225,1.9165,15.4781,332.0,20080.0,2991.5547
1986,15.4955,14.9409,2.0357,15.6189,333.0,24774.0,2991.5547
1987,15.6977,15.1691,1.9586,15.0436,340.0,31694.0,2991.5547
1988,14.9818,14.6105,2.0642,14.8324,335.0,24096.0,2991.5547
1989,14.8434,14.8219,2.273,15.0993,328.0,17836.0,2991.5547
1990,15.0695,15.2143,1.9793,16.4247,327.0,22526.0,2991.5547
1991,16.4194,14.7863,1.8757,15.2402,330.0,20464.0,2991.5547
1992,15.2416,15.148,1.9005,15.235,328.0,16992.0,2991.5547
1993,15.2342,14.9234,2.0369,15.6798,327.0,16052.0,2991.5547
1994,15.729,14.9195,2.063,15.2874,328.0,16064.0,2991.5547
1995,15.2709,13.7689,2.0565,15.7691,329.0,22676.0,2991.5547
1996,15.7506,14.2008,1.9258,14.428,336.0,36124.0,2991.5547
1997,14.3931,14.959,1.7635,15.6554,330.0,27692.0,2991.5547
1998,15.719,15.1814,2.0426,15.6813,329.0,25796.0,2991.5547
1999,15.7121,15.0057,2.1079,16.6224,335.0,24228.0,2991.5547
2000,16.6017,14.9771,2.1076,14.2559,335.0,23040.0,2991.5547
2001,14.307,15.3298,2.2545,15.273,331.0,19340.0,2991.5547
2002,15.1995,14.9791,2.1232,15.4206,333.0,17730.0,2991.5547
2003,15.4005,15.0086,1.8843,15.7153,331.0,16910.0,2991.5547
2004,15.7055,14.7832,2.197,15.5649,329.0,16508.0,2991.5547
2005,15.5995,14.9262,2.2347,15.0011,329.0,17458.0,2991.5547
2006,15.0059,15.0012,1.9631,16.2838,328.0,18600.0,2991.5547
2007,16.3604,14.9407,2.1206,14.6666,333.0,17434.0,2991.5547
2008,14.5517,13.793,1.9797,15.097,329.0,18606.0,2991.5547
2009,15.2945,14.9387,2.2217,15.576,328.0,19840.0,2991.5547
2010,15.3928,13.8614,2.0104,16.1945,327.0,18592.0,2991.5547
2011,16.2475,14.8948,2.0423,14.7989,324.0,20264.0,2991.5547
2012,14.784,14.8995,1.8909,14.9342,328.0,20171.0,2991.5547
2013,14.9582,15.0537,2.3052,15.3091,325.0,19936.0,2991.5547
2014,15.3332,15.2964,2.4645,15.9162,325.0,21949.0,2991.5547
2015,15.8984,14.8601,2.3501,15.2233,333.0,24311.0,2991.5547
2016,15.1971,14.8797,1.9928,15.9211,331.0,18784.0,2991.5547
2017,16.0109,15.074,2.3559,14.9786,330.0,21287.0,2991.5547
2018,14.9493,14.947,2.369,16.1249,339.0,25336.0,2991.5547
2019,16.0207,15.2188,2.1558,14.9681,332.0,18460.0,2991.5547
2020,14.9536,14.7264,2.0823,15.381,331.0,21212.0,2991.5547
2021,15.4552,13.7526,1.8249,15.1686,329.0,17604.0,2991.5547
2022,15.155,14.6546,2.0837,14.2421,330.0,18450.0,2991.5547
2023,14.2501,15.1887,1.9736,15.9119,329.0,21456.0,2991.5547
2024,15.8169,14.7613,1.6948,15.7356,332.0,21822.0,2991.5547
2025,15.8275,14.8841,1.7397,15.7882,328.0,23344.0,2991.5547
2026,15.7662,15.0129,1.8406,14.5558,329.0,17864.0,2991.5547
2027,14.5746,14.9575,1.9912,14.9166,313.0,18033.0,2991.5547
2028,14.8771,15.0236,2.1244,15.5618,329.0,18878.0,2991.5547
2029,15.5487,15.0135,2.0422,15.4338,329.0,18436.0,2991.5547
2030,15.4371,14.859,1.7125,15.8736,330.0,17656.0,2991.5547
2031,15.8841,14.5943,1.5709,14.8062,331.0,17974.0,2991.5547
2032,14.7464,14.7384,1.6487,16.6089,333.0,23530.0,2991.5547
2033,16.7153,13.8477,1.8808,15.1389,336.0,25314.0,2991.5547
2034,15.1985,14.9519,1.8952,15.4713,331.0,22618.0,2991.5547
2035,15.4802,14.898,1.951,14.4474,331.0,17764.0,2991.5547
2036,14.3847,15.0746,2.0721,15.2162,334.0,20659.0,2991.5547
2037,15.1966,14.8865,1.8772,15.3061,330.0,18296.0,2991.5547
2038,15.2799,14.885,1.9085,14.6817,330.0,19429.0,2991.5547
2039,14.8452,15.1193,2.0393,15.573,332.0,21315.0,2991.5547
2040,15.3794,14.8072,1.5027,16.2878,329.0,18284.0,2991.5547
2041,16.2989,15.1617,1.6768,14.9913,329.0,19680.0,2991.5547
2042,14.9921,14.9751,1.7797,15.4346,330.0,19681.0,2991.5547
2043,15.4538,14.5591,1.7254,15.8012,327.0,17182.0,2991.5547
2044,15.8655,15.1459,1.9237,15.2689,327.0,17892.0,2991.5547
2045,15.2272,14.6363,1.8521,15.1048,326.0,16198.0,2991.5547
2046,15.1683,13.7113,1.7704,15.2977,327.0,18146.0,2991.5547
2047,15.2133,15.1619,1.8194,15.1939,333.0,18384.0,2991.5547
2048,15.2502,14.331,1.7433,16.7573,337.0,16128.0,2991.5547
2049,16.7481,14.9187,1.979,13.959,332.0,16568.0,2991.5547
2050,13.9347,15.1649,1.8437,16.2582,332.0,16614.0,2991.5547
2051,16.2756,14.854,1.908,14.1447,328.0,16732.0,2991.5547
2052,14.1824,15.1626,2.0765,15.709,332.0,18666.0,2991.5547
2053,15.5981,14.7642,1.955,15.9142,330.0,20666.0,2991.5547
2054,15.9641,14.8887,2.1029,14.8447,330.0,21042.0,2991.5547
2055,14.8774,14.2111,2.0339,15.509,333.0,25238.0,2991.5547
2056,15.4826,14.9059,1.938,15.2754,339.0,31128.0,2991.5547
2057,15.3182,15.1252,1.8314,15.626,329.0,21678.0,2991.5547
2058,15.6014,14.5179,1.8598,15.5449,326.0,17270.0,2991.5547
2059,15.5444,13.7634,1.7579,15.5577,328.0,21980.0,2991.5547
2060,15.5498,14.7078,1.852,14.9515,330.0,20256.0,2991.5547
2061,14.9941,14.9377,1.9614,15.0648,326.0,16504.0,2991.5547
2062,15.0313,15.1253,2.1226,15.4279,331.0,16100.0,2991.5547
2063,15.4455,15.0712,1.9338,16.0353,334.0,22728.0,2991.5547
2064,16.0191,14.6567,1.8622,14.6258,337.0,31032.0,2991.5547
2065,14.7144,14.91,2.0516,15.1236,338.0,27836.0,2991.5547
2066,15.0504,15.1689,2.0024,16.3894,332.0,27550.0,2991.5547
2067,16.3548,14.9023,1.9849,15.012,329.0,19246.0,2991.5547
2068,15.0227,15.0746,1.9109,15.4303,332.0,26270.0,2991.5547
2069,15.4502,14.7817,1.8996,15.142,329.0,22552.0,2991.5547
2070,15.1324,14.7325,1.8077,15.6845,333.0,19072.0,2991.5547
2071,15.6907,14.6466,1.8458,15.5637,328.0,16800.0,2991.5547
2072,15.5682,14.1669,1.8856,15.2766,328.0,16982.0,2991.5547
2073,15.4459,14.1458,1.9919,14.5606,329.0,16994.0,2991.5547
2074,14.401,14.8559,1.8723,15.3559,330.0,16980.0,2991.5547
2075,15.3338,15.0401,1.8767,16.3063,329.0,18340.0,2991.5547
2076,16.3034,14.7461,2.7088,14.2457,331.0,18322.0,2991.5547
2077,14.2874,15.2905,2.088,16.0626,331.0,19254.0,2991.5547
2078,16.0159,15.1734,2.3284,16.3913,327.0,19936.0,2991.5547
2079,16.4765,14.8558,2.7254,14.4797,329.0,19668.0,2991.5547
2080,14.3849,15.0418,1.7989,15.4317,333.0,17688.0,2991.5547
2081,15.4343,15.0814,1.7748,16.0009,334.0,20371.0,2991.5547
2082,16.0111,14.6904,1.9468,15.3067,327.0,23887.0,2991.5547
2083,15.3503,14.9656,2.0421,15.3515,330.0,18176.0,2991.5547
2084,15.3366,13.7694,1.9706,15.5043,333.0,24695.0,2991.5547
2085,15.4451,14.6797,1.6817,15.738,330.0,19092.0,2991.5547
2086,15.7357,14.4321,1.6767,14.7648,337.0,27599.0,2991.5547
2087,14.8012,15.138,1.834,14.9977,329.0,19394.0,2991.5547
2088,15.023,15.063,1.8895,16.1653,332.0,21732.0,2991.5547
2089,16.2112,14.9422,1.8499,15.2512,329.0,16966.0,2991.5547
2090,15.2935,15.3231,1.9375,15.457,328.0,17042.0,2991.5547
2091,15.3902,14.9726,2.0159,14.6935,326.0,18294.0,2991.5547
2092,14.6678,15.2337,1.9859,16.4823,333.0,24960.0,2991.5547
2093,16.4968,15.1055,2.4316,15.8969,328.0,18426.0,2991.5547
2094,15.882,14.9686,2.1854,14.6454,326.0,23320.0,2991.5547
2095,14.6695,15.2112,2.0047,16.4253,330.0,17832.0,2991.5547
2096,16.4013,15.1547,1.9142,15.9382,333.0,21703.0,2991.5547
2097,15.9694,15.0518,1.9594,15.9533,334.0,18452.0,2991.5547
2098,15.9006,15.1658,1.9588,15.3002,329.0,17254.0,2991.5547
2099,15.3794,14.0774,2.13,14.9885,331.0,18206.0,2991.5547
2100,14.9536,14.9518,2.0575,15.7341,331.0,21066.0,2991.5547
2101,15.7384,15.2109,2.0277,15.5266,329.0,25274.0,2991.5547
2102,15.5818,15.3234,2.107,15.8404,328.0,24462.0,2991.5547
2103,15.7722,14.8996,2.0969,15.2682,331.0,18548.0,2991.5547
2104,15.2629,15.0264,1.9217,15.8615,328.0,18762.0,2991.5547
2105,15.9012,15.3789,2.0503,15.2231,329.0,19395.0,2991.5547
2106,15.211,15.063,1.8294,16.3419,329.0,17938.0,2991.5547
2107,16.3553,15.4901,2.3471,15.3657,332.0,23530.0,2991.5547
2108,15.3804,15.3741,2.5796,15.2718,331.0,17572.0,2991.5547
2109,15.2039,15.1095,2.1353,16.0555,327.0,20392.0,2991.5547
2110,16.3544,15.1629,2.2409,15.4236,330.0,19681.0,2991.5547
2111,15.1743,15.1081,2.4544,15.5289,332.0,17198.0,2991.5547
2112,15.4972,14.983,2.0009,15.2856,331.0,17528.0,2991.5547
2113,15.3241,15.1268,2.3265,16.2391,331.0,16582.0,2991.5547
2114,16.2095,14.2492,1.9942,14.7341,331.0,18172.0,2991.5547
2115,14.7518,14.4741,1.9898,15.9895,330.0,18370.0,2991.5547
2116,15.9498,15.0861,1.7786,14.9493,330.0,16066.0,2991.5547
2117,15.0168,15.0444,1.7494,16.0287,329.0,16576.0,2991.5547
2118,15.9838,14.8231,2.005,15.428,327.0,16576.0,2991.5547
2119,15.546,14.9411,2.0399,14.834,329.0,16766.0,2991.5547
2120,14.7828,15.0869,2.0263,15.1569,329.0,18652.0,2991.5547
2121,15.2224,15.179,2.7051,15.7611,330.0,20516.0,2991.5547
2122,15.64,15.1178,2.3259,15.5473,331.0,21204.0,2991.5547
2123,15.516,15.0152,2.2123,15.5154,331.0,24346.0,2991.5547
2124,15.5481,15.0693,2.3062,16.1572,335.0,28064.0,2991.5547
2125,16.1608,15.0944,1.9829,15.2311,334.0,24886.0,2991.5547
2126,15.1555,15.0818,1.7159,15.7863,329.0,18042.0,2991.5547
2127,15.8908,14.7932,2.0023,15.7224,333.0,20384.0,2991.5547
2128,15.6682,13.9455,1.8869,14.9015,334.0,19540.0,2991.5547
2129,14.9821,13.8281,1.9372,16.1077,332.0,18864.0,2991.5547
2130,16.2222,15.1218,2.1446,14.4382,333.0,16102.0,2991.5547
2131,14.338,14.8961,2.0787,15.3659,332.0,22726.0,2991.5547
2132,15.2754,15.0778,1.9795,16.0713,334.0,31018.0,2991.5547
2133,16.0658,15.115,1.9451,15.8285,330.0,27784.0,2991.5547
2134,15.8507,15.1484,2.8511,14.2311,331.0,27560.0,2991.5547
2135,14.2601,15.2596,2.3046,15.7393,332.0,19304.0,2991.5547
2136,15.7363,14.8469,2.1219,15.2127,330.0,26268.0,2991.5547
2137,15.1805,15.1129,2.0133,16.0141,328.0,22540.0,2991.5547
2138,16.0584,15.0982,1.9143,15.5535,328.0,19012.0,2991.5547
2139,15.4777,14.3941,1.6889,15.7738,327.0,16788.0,2991.5547
2140,15.795,15.2053,1.9111,15.1125,328.0,16982.0,2991.5547
2141,15.1091,15.0793,1.831,15.8799,328.0,16982.0,2991.5547
2142,15.8665,13.7679,1.7876,15.3356,329.0,16968.0,2991.5547
2143,15.3418,14.4595,1.7925,14.9084,332.0,17712.0,2991.5547
2144,14.8844,14.4523,1.6643,16.1448,330.0,18886.0,2991.5547
2145,16.2116,14.9351,1.7988,14.8395,330.0,19198.0,2991.5547
2146,14.7948,15.0486,1.9303,15.4654,331.0,19806.0,2991.5547
2147,15.4683,15.1186,1.8633,15.5075,328.0,19834.0,2991.5547
2148,15.5892,15.2038,1.8578,15.097,329.0,17662.0,2991.5547
2149,15.0795,15.1122,1.9199,15.7636,329.0,19891.0,2991.5547
2150,15.7439,14.9363,2.0609,15.0067,326.0,24397.0,2991.5547
2151,15.0142,14.9091,1.9085,16.0477,330.0,16618.0,2991.5547
2152,16.0167,14.8527,1.7099,14.982,330.0,22700.0,2991.5547
2153,14.9791,14.8884,1.8964,15.6551,328.0,22129.0,2991.5547
2154,15.6569,14.8463,1.7788,15.1564,336.0,26919.0,2991.5547
2155,15.1766,14.3798,2.1266,15.6262,330.0,20538.0,2991.5547
2156,15.6062,13.7533,2.1697,15.7346,331.0,20980.0,2991.5547
2157,15.8014,15.0941,2.0539,14.4464,329.0,17330.0,2991.5547
2158,14.3989,14.8082,2.3098,15.5688,328.0,17368.0,2991.5547
2159,15.6111,14.797,2.1132,15.3962,329.0,18372.0,2991.5547
2160,15.4378,15.0954,1.9531,15.3764,336.0,24916.0,2991.5547
2161,15.3305,14.8727,1.9774,15.2115,336.0,18478.0,2991.5547
2162,15.2261,15.1942,2.5496,15.4354,329.0,23334.0,2991.5547
2163,15.3639,14.9532,2.0758,15.6913,332.0,17878.0,2991.5547
2164,15.7329,14.9014,2.0074,15.2937,321.0,20257.0,2991.5547
2165,15.3087,15.1429,1.9754,15.6877,328.0,17692.0,2991.5547
2166,15.6292,14.9604,1.8891,15.265,329.0,18068.0,2991.5547
2167,15.3004,15.109,1.8489,15.3098,330.0,17656.0,2991.5547
2168,15.2892,14.4496,1.9063,16.0927,330.0,20734.0,2991.5547
2169,16.0976,14.3507,1.9369,16.0728,327.0,25226.0,2991.5547
2170,16.0474,14.2725,1.7594,13.725,328.0,24214.0,2991.5547
2171,13.7472,14.9968,1.7599,15.9822,328.0,20054.0,2991.5547
2172,15.9904,14.925,1.8341,15.2478,326.0,17608.0,2991.5547
2173,15.3093,15.2021,1.9505,16.1466,328.0,20145.0,2991.5547
2174,16.1022,15.2023,1.9804,14.6803,327.0,17914.0,2991.5547
2175,14.7011,14.9698,2.0618,15.5173,339.0,23570.0,2991.5547
2176,15.491,15.0425,1.9122,15.5952,337.0,17968.0,2991.5547
2177,15.5724,15.1874,2.0024,15.5528,332.0,17664.0,2991.5547
2178,15.5197,15.1277,1.6322,15.5148,332.0,21541.0,2991.5547
2179,15.547,14.7074,1.7972,15.2324,330.0,17320.0,2991.5547
2180,15.2016,14.8759,1.7324,16.2089,332.0,17588.0,2991.5547
2181,16.3128,14.6195,2.0405,15.009,328.0,17168.0,2991.5547
2182,14.9635,13.7588,1.9964,15.0191,328.0,18436.0,2991.5547
2183,14.994,14.7828,1.8509,14.9226,329.0,18504.0,2991.5547
2184,14.9729,15.1268,1.8185,15.5662,330.0,16212.0,2991.5547
2185,15.534,14.8021,1.9796,15.3707,326.0,16540.0,2991.5547
2186,15.3644,14.5623,1.744,15.6155,327.0,16420.0,2991.5547
2187,15.6413,15.1663,1.9648,15.4884,329.0,16922.0,2991.5547
2188,15.5651,15.0802,2.1867,15.3032,328.0,17564.0,2991.5547
2189,15.1783,15.2086,1.9925,15.4567,330.0,19628.0,2991.5547
2190,15.4629,14.8982,1.9544,15.552,331.0,21488.0,2991.5547
2191,15.5942,14.7475,1.8224,15.1377,337.0,21116.0,2991.5547
2192,15.1435,15.1849,1.9267,16.068,336.0,27914.0,2991.5547
2193,16.0518,14.872,1.9663,15.0864,343.0,25924.0,2991.5547
2194,15.0872,15.0083,1.974,15.6032,331.0,21758.0,2991.5547
2195,15.5653,13.9748,1.9414,15.1736,328.0,18694.0,2991.5547
2196,15.2039,14.7996,1.5202,15.8673,333.0,20548.0,2991.5547
2197,15.8741,14.9313,1.8206,14.2822,329.0,17562.0,2991.5547
2198,14.3355,14.8491,1.9649,15.9864,332.0,18444.0,2991.5547
2199,15.9185,15.0795,1.7198,15.6827,329.0,22712.0,2991.5547
2200,15.6454,15.0072,1.7388,14.8021,331.0,31040.0,2991.5547
2201,14.7877,14.7586,1.6741,15.1273,330.0,21076.0,2991.5547
2202,15.2278,14.7497,1.8927,15.4193,333.0,29324.0,2991.5547
2203,15.3976,14.9312,2.1252,15.6535,332.0,21044.0,2991.5547
2204,15.7959,14.9716,1.9162,15.3285,330.0,21336.0,2991.5547
2205,15.1712,15.1157,1.8777,15.7279,331.0,27416.0,2991.5547
2206,15.7762,14.6208,1.8559,15.2894,327.0,20596.0,2991.5547
2207,15.3129,13.9141,1.8789,14.8519,334.0,18516.0,2991.5547
2208,14.8469,14.2214,1.7442,16.2902,334.0,17010.0,2991.5547
2209,16.285,14.5346,2.0963,14.1948,334.0,16854.0,2991.5547
2210,14.1253,14.8059,1.8235,15.6098,332.0,17138.0,2991.5547
2211,15.7284,15.1273,2.2872,15.4895,329.0,17234.0,2991.5547
2212,15.3919,14.8692,2.0376,14.7697,335.0,18656.0,2991.5547
2213,14.8693,14.8687,2.0234,15.3553,328.0,18996.0,2991.5547
2214,15.2429,15.2706,1.8097,15.7474,329.0,19274.0,2991.5547
2215,15.8165,14.8916,2.0157,15.5261,326.0,20536.0,2991.5547
2216,15.5066,15.1287,2.0245,15.8968,328.0,18240.0,2991.5547
2217,15.9093,15.1678,1.7947,15.2523,327.0,17338.0,2991.5547
2218,15.2274,14.6376,2.0152,14.9879,326.0,24286.0,2991.5547
2219,14.93,15.0524,1.7503,16.1922,328.0,19526.0,2991.5547
2220,16.2202,13.9401,1.8906,15.5004,329.0,17534.0,2991.5547
2221,15.5194,13.9405,1.8771,14.5943,327.0,22614.0,2991.5547
2222,14.5852,14.8964,1.8746,15.0187,332.0,26274.0,2991.5547
2223,15.0297,14.7231,1.7803,15.9774,333.0,24204.0,2991.5547
2224,15.9908,14.9109,1.8717,15.8423,338.0,22478.0,2991.5547
2225,15.8797,14.9516,1.8429,14.5437,333.0,17420.0,2991.5547
2226,14.5663,15.0149,1.9879,15.4792,330.0,16874.0,2991.5547
2227,15.4885,15.0807,2.1235,15.3797,330.0,18924.0,2991.5547
2228,15.2569,14.7036,1.6318,15.4029,332.0,23230.0,2991.5547
2229,15.5524,14.7634,1.7577,15.2105,327.0,20052.0,2991.5547
2230,15.3207,14.9723,1.9286,15.8432,329.0,16076.0,2991.5547
2231,15.5697,14.8396,1.7502,14.9405,329.0,24594.0,2991.5547
2232,14.9856,15.0855,1.7917,15.8247,328.0,18620.0,2991.5547
2233,15.8412,14.0266,1.7849,14.877,324.0,19761.0,2991.5547
2234,14.8775,13.7049,1.79,15.8955,324.0,17302.0,2991.5547
2235,15.9153,14.8325,1.8625,14.4719,330.0,18266.0,2991.5547
2236,14.4793,15.2048,1.7686,15.9543,330.0,18374.0,2991.5547
2237,15.9537,14.6879,1.9893,15.9974,327.0,20854.0,2991.5547
2238,15.9558,15.1705,1.9701,14.9819,327.0,27530.0,2991.5547
2239,15.0405,14.9268,2.1251,15.1687,332.0,21758.0,2991.5547
2240,15.1675,15.004,2.5581,15.3231,331.0,19328.0,2991.5547
2241,15.3673,15.1347,2.3015,15.4558,335.0,19055.0,2991.5547
2242,15.4075,14.9296,2.1346,15.5359,329.0,18678.0,2991.5547
2243,15.4538,15.2647,1.9062,16.1334,332.0,21661.0,2991.5547
2244,16.2132,14.8861,2.3557,15.1052,333.0,19789.0,2991.5547
2245,15.1099,14.4909,1.9493,14.8707,328.0,18028.0,2991.5547
2246,14.8657,13.7752,1.9338,16.1531,329.0,19556.0,2991.5547
2247,16.199,15.2785,1.9353,15.1628,331.0,19201.0,2991.5547
2248,15.0228,14.8289,1.9499,14.3577,327.0,16912.0,2991.5547
2249,14.3846,14.9229,1.8635,15.8694,328.0,17930.0,2991.5547
2250,15.9189,14.8563,1.8686,15.6192,329.0,16602.0,2991.5547
2251,15.6115,15.0312,1.9448,14.7919,331.0,18438.0,2991.5547
2252,14.7889,14.893,2.0963,15.0972,326.0,18468.0,2991.5547
2253,15.0995,14.6338,1.9638,15.657,329.0,16076.0,2991.5547
2254,15.6709,15.1087,2.0826,15.7253,329.0,16576.0,2991.5547
2255,15.7062,14.6495,1.7731,15.3296,336.0,17330.0,2991.5547
2256,15.5806,14.8111,1.9262,15.3016,330.0,17544.0,2991.5547
2257,15.0538,15.2527,1.9414,15.6754,335.0,18568.0,2991.5547
2258,15.755,14.6899,1.8694,14.9164,335.0,21196.0,2991.5547
2259,14.8219,13.7429,1.7954,14.9813,330.0,20768.0,2991.5547
2260,14.9905,15.0626,1.8202,14.9423,333.0,25140.0,2991.5547
2261,14.9674,14.8338,1.8051,15.7604,335.0,26282.0,2991.5547
2262,15.696,14.6982,1.6544,14.9218,336.0,22524.0,2991.5547
2263,15.0036,15.0545,1.8247,15.4559,331.0,20486.0,2991.5547
2264,15.5041,14.9193,1.8866,15.4205,328.0,20102.0,2991.5547
2265,15.351,15.0895,2.2153,15.5003,328.0,18548.0,2991.5547
2266,15.54,14.8307,2.0415,15.1212,327.0,18942.0,2991.5547
2267,15.0432,14.5402,1.8145,15.4568,330.0,23188.0,2991.5547
2268,15.5007,15.1811,1.8735,15.5987,331.0,31040.0,2991.5547
2269,15.6036,15.0663,1.8427,15.7307,328.0,17752.0,2991.5547
2270,15.7449,14.5841,1.9813,15.033,332.0,32612.0,2991.5547
2271,14.984,14.0239,1.8885,15.5443,332.0,19404.0,2991.5547
2272,15.6253,14.6113,1.9072,14.3941,330.0,19696.0,2991.5547
2273,14.2996,15.0255,1.72,15.9662,333.0,22464.0,2991.5547
2274,15.9643,15.2027,1.8182,15.7204,331.0,25462.0,2991.5547
2275,15.7646,14.8581,1.8884,15.7375,330.0,20086.0,2991.5547
2276,15.7798,14.8724,1.9868,14.6631,332.0,18696.0,2991.5547
2277,14.6931,15.0951,2.0755,15.6486,330.0,16850.0,2991.5547
2278,15.6346,15.0891,2.2181,15.5368,328.0,16528.0,2991.5547
2279,15.4758,14.8915,1.8855,15.6069,331.0,17864.0,2991.5547
2280,15.5974,14.8762,1.5607,15.0414,330.0,18154.0,2991.5547
2281,15.0153,14.8719,1.659,15.2685,328.0,18150.0,2991.5547
2282,15.2967,14.7854,1.8282,15.3179,327.0,19028.0,2991.5547
2283,15.3019,14.8399,1.7801,15.2039,328.0,20960.0,2991.5547
2284,15.2061,13.7374,1.5972,15.789,328.0,18548.0,2991.5547
2285,15.8511,14.9974,1.9439,14.4849,328.0,18174.0,2991.5547
2286,14.4707,14.5905,1.8078,15.2555,325.0,23642.0,2991.5547
2287,15.274,15.112,2.0246,15.9073,332.0,17694.0,2991.5547
2288,15.8936,14.9266,1.911,15.0207,333.0,20006.0,2991.5547
2289,15.03,14.7451,1.9158,14.9468,334.0,18826.0,2991.5547
2290,14.9539,15.0938,1.9568,15.5237,334.0,26457.0,2991.5547
2291,15.4858,14.8004,1.9056,15.1668,336.0,27823.0,2991.5547
2292,15.1766,14.8473,1.6519,15.5146,336.0,20468.0,2991.5547
2293,15.5295,14.6565,1.8864,15.3371,326.0,19388.0,2991.5547
2294,15.3369,14.5487,1.8867,15.144,331.0,16994.0,2991.5547
2295,15.1939,14.0282,1.8584,15.6956,329.0,16196.0,2991.5547
2296,15.646,14.1131,2.1823,15.3905,327.0,20478.0,2991.5547
2297,15.4288,14.8215,1.8685,14.368,329.0,24840.0,2991.5547
2298,14.3198,14.9048,1.7306,15.64,327.0,16740.0,2991.5547
2299,15.7228,14.8374,1.9696,15.256,327.0,16566.0,2991.5547
2300,15.1597,14.7421,2.1477,15.5607,326.0,26050.0,2991.5547
2301,15.5955,15.2439,1.9712,14.9639,327.0,20159.0,2991.5547
2302,14.8965,15.0744,1.8576,16.5615,327.0,17408.0,2991.5547
2303,16.6213,15.1656,2.4032,15.2576,338.0,17890.0,2991.5547
2304,15.2776,14.6048,2.1427,15.216,332.0,19332.0,2991.5547
2305,15.2049,14.8032,1.9058,15.3586,334.0,20202.0,2991.5547
2306,15.3569,15.0942,2.0711,15.5453,328.0,27450.0,2991.5547
2307,15.5504,14.6006,1.8664,14.9531,332.0,22078.0,2991.5547
2308,14.9486,13.9391,1.8469,15.8104,330.0,19434.0,2991.5547
2309,15.8014,14.7935,1.8302,15.2073,331.0,19051.0,2991.5547
2310,15.1882,14.8528,1.7557,14.7486,329.0,19068.0,2991.5547
2311,14.7984,14.776,1.908,15.1082,331.0,21303.0,2991.5547
2312,15.0906,15.095,1.7751,16.1042,330.0,19775.0,2991.5547
2313,16.1268,14.8002,2.1048,13.9753,326.0,18004.0,2991.5547
2314,13.9954,14.9218,1.9701,17.9824,1284.0,143392.0,3032.9297
2315,17.9624,15.3652,2.1641,15.3612,618.0,27743.0,3062.3047
2316,15.3897,16.712,2.5744,17.0176,616.0,24300.0,3062.3047
2317,17.0444,15.341,2.223,14.6426,619.0,24948.0,3062.3047
2318,14.6262,14.1774,1.7431,15.0366,615.0,23586.0,3047.6172
2319,15.019,14.0584,1.8912,14.468,621.0,25794.0,3047.6172
2320,14.4013,13.2443,1.7654,15.0756,621.0,25884.0,3026.9297
2321,15.0471,13.0842,1.6423,14.3114,622.0,23468.0,3026.9297
2322,14.3626,14.1282,1.6875,14.9564,620.0,25024.0,3026.9297
2323,15.0007,14.6537,1.7657,15.1387,618.0,24782.0,3026.9297
2324,15.1966,14.3204,2.2663,13.3984,620.0,26246.0,3026.9297
2325,13.3691,14.1623,2.1147,15.0846,622.0,27820.0,3026.9297
2326,15.0543,14.1534,1.6814,14.4051,616.0,28904.0,3026.9297
2327,14.433,14.4642,1.5986,14.8456,618.0,31974.0,3026.9297
2328,14.7745,14.0115,1.5837,14.7407,623.0,34362.0,3026.9297
2329,14.7933,12.9629,1.6974,14.9404,621.0,29590.0,3026.9297
2330,14.9118,14.1904,1.8787,14.0478,619.0,25966.0,3026.9297
2331,14.0586,14.4113,2.0353,14.4158,617.0,24372.0,3026.9297
2332,14.4163,14.0501,1.9305,14.0668,620.0,25342.0,3026.9297
2333,14.0925,14.2039,2.0312,14.3723,618.0,33900.0,3026.9297
2334,14.3089,14.2033,1.8348,15.0544,620.0,35184.0,3026.9297
2335,15.1044,14.1518,1.8214,14.475,621.0,30092.0,3026.9297
2336,14.4916,13.9103,2.137,15.4572,623.0,33488.0,3026.9297
2337,15.4318,12.885,2.2278,14.5082,622.0,25524.0,3026.9297
2338,14.5262,14.2176,2.0604,13.5247,621.0,24214.0,3026.9297
2339,13.5567,14.0569,1.8551,14.8236,619.0,27682.0,3026.9297
2340,14.749,14.5595,1.8311,14.23,622.0,27688.0,3026.9297
2341,14.2987,14.2583,2.1076,14.64,617.0,23750.0,3026.9297
2342,14.6774,13.456,1.8849,15.6917,619.0,23476.0,3026.9297
2343,15.773,14.3653,1.8581,15.0836,616.0,25204.0,3026.9297
2344,14.9378,14.58,2.238,14.1133,616.0,25354.0,3026.9297
2345,14.1428,12.8916,2.0222,15.6323,618.0,25148.0,3026.9297
2346,15.6378,13.6105,2.0484,14.219,616.0,26760.0,3026.9297
2347,14.1921,14.2673,2.0226,14.0959,616.0,26238.0,3026.9297
2348,14.1125,14.1548,2.2109,14.0911,619.0,25018.0,3026.9297
2349,14.0938,14.1324,2.2116,14.7109,614.0,29033.0,3026.9297
2350,14.7053,14.5407,2.2444,15.4045,614.0,27435.0,3026.9297
2351,15.3969,14.2038,2.0482,14.5446,619.0,27308.0,3026.9297
2352,14.5567,14.6589,1.9591,15.1948,626.0,31597.0,3026.9297
2353,15.1464,13.359,1.8553,14.3447,628.0,34462.0,3026.9297
2354,14.3617,13.7608,1.9022,14.3545,622.0,30641.0,3026.9297
2355,14.3506,13.893,1.8737,14.7148,618.0,26790.0,3026.9297
2356,14.7035,14.2802,1.9313,14.9344,618.0,24336.0,3026.9297
2357,14.9526,14.4456,1.9129,13.9138,618.0,23584.0,3026.9297
2358,13.8968,14.2594,2.2709,15.7776,612.0,27782.0,3026.9297
2359,15.8048,13.7037,2.1212,14.8778,622.0,32312.0,3026.9297
2360,14.8537,14.354,2.2018,14.6937,615.0,24080.0,3026.9297
2361,14.7135,14.3153,1.9074,14.8966,617.0,24904.0,3026.9297
2362,14.9439,13.1304,1.759,14.6631,616.0,35369.0,3026.9297
2363,14.5946,14.3305,1.7409,14.4824,618.0,25214.0,3026.9297
2364,14.5101,14.4075,1.9786,14.7652,618.0,23892.0,3026.9297
2365,14.766,14.3807,2.0108,14.7594,617.0,25360.0,3026.9297
2366,14.8489,14.2609,1.9296,14.0691,615.0,26802.0,3026.9297
2367,13.9628,14.3326,2.0242,15.1847,620.0,29542.0,3026.9297
2368,15.2663,14.4294,2.0501,14.961,619.0,33994.0,3026.9297
2369,14.8588,14.3921,1.797,15.0214,620.0,27322.0,3026.9297
2370,15.0193,13.4733,2.1436,14.6841,620.0,26807.0,3026.9297
2371,14.6934,13.6348,2.1798,14.1386,620.0,25696.0,3026.9297
2372,14.1538,14.0462,1.9288,14.1947,622.0,28693.0,3026.9297
2373,14.2314,14.4,2.0064,15.8524,618.0,27151.0,3026.9297
2374,15.8693,14.0713,1.9653,13.4255,617.0,25416.0,3026.9297
2375,13.496,14.3963,2.3361,14.907,617.0,27360.0,3026.9297
2376,14.8973,14.5086,2.214,15.504,619.0,26251.0,3026.9297
2377,15.5026,14.3524,2.0997,15.0359,617.0,25308.0,3026.9297
2378,15.035,14.2715,2.3609,14.8611,616.0,25242.0,3026.9297
2379,14.772,13.0902,2.3141,13.776,617.0,27158.0,3026.9297
2380,13.7738,13.4964,1.9187,14.8091,618.0,26748.0,3026.9297
2381,14.7984,14.3738,2.2599,14.6851,617.0,25048.0,3026.9297
2382,14.6541,14.5279,1.8319,13.8474,617.0,23978.0,3026.9297
2383,13.9621,14.2643,1.9865,14.9076,619.0,25402.0,3026.9297
2384,14.843,14.1753,1.9205,15.2355,622.0,25772.0,3026.9297
2385,15.2283,14.6805,1.9874,15.3814,620.0,23936.0,3026.9297
2386,15.4146,14.3616,2.1514,14.4375,619.0,24144.0,3026.9297
2387,14.4082,13.1315,2.0223,14.8352,619.0,25504.0,3026.9297
2388,14.8666,14.0924,1.9052,14.1809,622.0,26060.0,3026.9297
2389,14.1665,13.8003,1.8699,14.5616,618.0,26424.0,3026.9297
2390,14.5865,14.3503,2.39,14.787,617.0,29044.0,3026.9297
2391,14.8577,14.4256,2.3407,14.3532,617.0,30136.0,3026.9297
2392,14.3051,14.2142,2.3221,14.5104,621.0,32342.0,3026.9297
2393,14.5492,14.2406,1.9964,14.6146,621.0,30934.0,3026.9297
2394,14.593,14.3117,1.9796,15.2194,618.0,28202.0,3026.9297
2395,15.3002,13.566,2.0434,14.7444,616.0,25930.0,3026.9297
2396,14.6118,12.9134,1.8863,13.9345,618.0,24752.0,3026.9297
2397,13.9908,14.2603,2.0889,15.1925,616.0,27554.0,3026.9297
2398,15.1078,14.5546,1.9829,14.7175,622.0,42344.0,3026.9297
2399,14.6927,14.4401,1.9278,14.3861,621.0,30092.0,3026.9297
2400,14.5138,14.2689,2.2805,14.9935,621.0,26792.0,3026.9297
2401,15.0077,14.6618,1.9936,15.5493,624.0,32220.0,3026.9297
2402,15.5294,14.3261,1.9719,14.3672,617.0,24166.0,3026.9297
2403,14.2884,14.1533,1.8847,15.1431,620.0,23990.0,3026.9297
2404,15.1607,13.2152,1.9109,15.0018,619.0,29300.0,3026.9297
2405,14.9587,14.4269,1.8984,14.5702,617.0,25806.0,3026.9297
2406,14.5687,14.1304,1.916,14.1176,616.0,23440.0,3026.9297
2407,14.166,14.4399,2.0919,14.2035,617.0,24788.0,3026.9297
2408,14.2828,14.46,2.3517,14.3554,615.0,25236.0,3026.9297
2409,14.2338,14.196,1.9837,15.1104,619.0,25112.0,3026.9297
2410,15.1256,14.4356,1.7369,15.1898,615.0,26026.0,3026.9297
2411,15.2767,14.2535,1.7579,14.9059,618.0,27020.0,3026.9297
2412,14.8796,13.3066,2.4148,14.8883,614.0,25456.0,3026.9297
2413,14.8472,13.9728,2.156,13.4468,616.0,26152.0,3026.9297
2414,13.5631,14.2104,1.9644,15.8046,613.0,29660.0,3026.9297
2415,15.7027,14.1546,2.0,14.3269,619.0,25436.0,3026.9297
2416,14.3034,14.4857,1.8432,14.5119,626.0,34051.0,3026.9297
2417,14.5742,14.6293,2.223,14.9105,625.0,32738.0,3026.9297
2418,14.7982,13.8736,1.8496,14.5049,619.0,30532.0,3026.9297
2419,14.7448,14.4185,2.3067,15.3952,620.0,26567.0,3026.9297
2420,15.2547,14.277,2.3262,14.2109,621.0,26346.0,3026.9297
2421,14.3017,13.0255,2.0777,14.108,618.0,23704.0,3026.9297
2422,13.9825,14.1122,1.9056,13.9322,615.0,26096.0,3026.9297
2423,13.896,14.0679,1.7423,15.2259,614.0,30244.0,3026.9297
2424,15.2719,14.18,1.9807,15.0976,619.0,27822.0,3026.9297
2425,15.1043,14.5844,2.2439,14.1792,616.0,24892.0,3026.9297
2426,14.2052,14.3759,2.1121,15.6027,618.0,27021.0,3026.9297
2427,15.5757,14.4905,2.3159,14.6069,620.0,32324.0,3026.9297
2428,14.69,14.1637,2.1656,15.1272,617.0,24738.0,3026.9297
2429,15.1092,13.1182,2.2437,13.9375,617.0,24774.0,3026.9297
2430,13.9416,14.2866,1.9087,15.055,616.0,25378.0,3026.9297
2431,15.1241,14.1167,2.6027,13.887,620.0,28342.0,3026.9297
2432,13.7395,14.1534,2.404,16.0377,621.0,34426.0,3026.9297
2433,16.0638,14.6048,2.4436,14.2358,620.0,28044.0,3026.9297
2434,14.3054,14.2299,2.5765,13.8087,620.0,28201.0,3026.9297
2435,13.7265,14.1463,2.1528,14.9086,618.0,25694.0,3026.9297
2436,14.8852,14.436,1.8163,14.7448,618.0,27166.0,3026.9297
2437,14.8011,13.3306,1.8903,15.4408,620.0,29022.0,3026.9297
2438,15.469,14.2872,2.0035,13.8955,617.0,25048.0,3026.9297
2439,13.7937,14.5069,1.9423,14.9366,617.0,27972.0,3026.9297
2440,15.0801,14.2096,2.1551,14.7146,615.0,24848.0,3026.9297
2441,14.6113,14.1572,2.055,13.6864,617.0,26691.0,3026.9297
2442,13.7172,14.4324,2.1286,15.2392,615.0,24654.0,3026.9297
2443,15.1597,14.1554,2.0192,14.7605,617.0,26210.0,3026.9297
2444,14.7909,14.2402,1.9071,15.2211,617.0,26570.0,3026.9297
2445,15.2061,14.181,1.8218,14.0641,617.0,26342.0,3026.9297
2446,14.0539,13.1042,1.9255,15.1564,615.0,24288.0,3026.9297
2447,15.1752,14.1885,1.9418,14.459,622.0,25964.0,3026.9297
2448,14.4757,14.6941,2.2272,15.0198,621.0,25144.0,3026.9297
2449,15.0589,14.2305,1.9452,15.3512,622.0,24208.0,3026.9297
2450,15.3449,14.387,1.9936,14.5708,619.0,24512.0,3026.9297
2451,14.5798,14.5146,2.2064,14.3727,619.0,24846.0,3026.9297
2452,14.4132,14.3228,2.015,14.5164,621.0,26390.0,3026.9297
2453,14.4507,14.2699,1.9783,15.1106,620.0,25896.0,3026.9297
2454,15.0691,13.2624,1.7812,14.0393,615.0,27168.0,3026.9297
2455,14.0852,13.1748,1.8947,14.3256,619.0,30288.0,3026.9297
2456,14.2932,14.2707,1.8762,15.4368,620.0,32168.0,3026.9297
2457,15.478,14.2556,1.9777,14.5056,619.0,27090.0,3026.9297
2458,14.4672,14.3112,1.9013,14.0639,621.0,30442.0,3026.9297
2459,14.0271,14.4239,1.8553,14.9331,618.0,28298.0,3026.9297
2460,14.9428,13.312,1.9766,15.0572,620.0,26186.0,3026.9297
2461,15.1453,14.3507,1.6261,14.8263,617.0,27832.0,3026.9297
2462,14.7269,13.5924,1.6728,14.5106,618.0,35510.0,3026.9297
2463,14.5285,13.0048,1.9209,14.405,624.0,37264.0,3026.9297
2464,14.7637,13.7401,2.0862,14.3771,622.0,26804.0,3026.9297
2465,14.0667,14.32,2.1372,14.9116,624.0,27196.0,3026.9297
2466,14.9219,13.8421,1.9627,13.8628,621.0,29238.0,3026.9297
2467,13.8717,14.6336,2.276,14.8147,619.0,23978.0,3026.9297
2468,14.7463,14.1464,1.7833,14.4046,618.0,25428.0,3026.9297
2469,14.4453,13.8861,1.8323,14.8071,619.0,27634.0,3026.9297
2470,14.8221,13.1387,1.8447,14.3463,618.0,25520.0,3026.9297
2471,14.3697,14.1764,1.8476,15.0859,618.0,24800.0,3026.9297
2472,15.1295,13.8948,1.945,14.8833,615.0,24808.0,3026.9297
2473,14.8904,14.2568,2.1097,15.5542,617.0,24826.0,3026.9297
2474,15.5431,14.4946,2.1744,14.0292,618.0,26666.0,3026.9297
2475,14.2332,14.4013,2.9563,13.7872,615.0,24508.0,3026.9297
2476,13.5959,14.2499,2.2366,14.8756,617.0,26800.0,3026.9297
2477,14.7875,14.1869,1.9142,14.194,616.0,25398.0,3026.9297
2478,14.2049,13.9528,1.6831,15.3821,614.0,28775.0,3026.9297
2479,15.4541,13.4819,1.625,15.2491,619.0,27745.0,3026.9297
2480,15.2816,14.2592,1.7646,13.6672,620.0,32775.0,3026.9297
2481,13.6692,14.3771,1.9069,14.4703,623.0,29323.0,3026.9297
2482,14.4979,14.3712,1.9236,14.8974,621.0,33887.0,3026.9297
2483,14.8814,14.1609,2.1947,15.3852,616.0,25792.0,3026.9297
2484,15.3636,14.6622,2.2418,14.2121,619.0,26815.0,3026.9297
2485,14.2105,13.9055,1.8982,14.2665,616.0,25534.0,3026.9297
2486,14.2068,14.1765,1.7602,14.9641,617.0,26360.0,3026.9297
2487,14.9497,12.8795,1.8502,14.3315,618.0,25186.0,3026.9297
2488,14.3849,14.4809,1.7133,14.7295,617.0,28522.0,3026.9297
2489,14.7011,14.0126,1.8253,14.6462,619.0,29310.0,3026.9297
2490,14.6162,14.2406,1.8775,14.5119,619.0,27033.0,3026.9297
2491,14.5892,13.873,1.9239,14.78,615.0,26254.0,3026.9297
2492,14.7275,14.3427,1.9873,14.135,615.0,29806.0,3026.9297
2493,14.1919,14.5637,1.9191,14.5943,619.0,25288.0,3026.9297
2494,14.7011,13.842,2.1007,14.3263,617.0,24804.0,3026.9297
2495,14.1843,13.1179,1.7651,14.0133,620.0,27440.0,3026.9297
2496,14.0201,14.1867,1.8491,14.9278,621.0,32128.0,3026.9297
2497,14.9272,13.9105,2.0508,14.7341,621.0,30816.0,3026.9297
2498,14.6817,14.1307,1.5844,14.3642,620.0,27135.0,3026.9297
2499,14.5692,14.4945,2.3683,14.9914,620.0,27112.0,3026.9297
2500,14.8412,13.996,1.8685,14.1738,619.0,27200.0,3026.9297
2501,14.323,13.9751,2.1784,14.7059,617.0,27139.0,3026.9297
2502,14.5689,13.7448,1.7917,14.4468,617.0,27263.0,3026.9297
2503,14.4894,12.8645,2.0581,14.3651,616.0,25340.0,3026.9297
2504,14.2869,14.2983,1.826,14.4504,616.0,27724.0,3026.9297
2505,14.5718,14.1414,2.0177,15.3994,621.0,25839.0,3026.9297
2506,15.3109,14.3207,2.0924,14.4626,615.0,25284.0,3026.9297
2507,14.5965,14.616,2.4041,14.595,617.0,26384.0,3026.9297
2508,14.4149,14.3627,1.8361,14.6664,617.0,25170.0,3026.9297
2509,14.8112,14.153,1.9307,14.8928,619.0,26200.0,3026.9297
2510,14.8408,13.3163,1.989,14.9848,618.0,25618.0,3026.9297
2511,15.0412,13.0875,2.2073,15.0066,620.0,26274.0,3026.9297
2512,14.951,13.9213,2.0018,14.2002,621.0,25670.0,3026.9297
2513,14.1543,14.4973,1.9889,14.1781,624.0,23984.0,3026.9297
2514,14.2087,14.1888,2.0491,14.7146,617.0,24368.0,3026.9297
2515,14.7876,14.2837,2.1796,14.2234,618.0,25202.0,3026.9297
2516,14.1338,14.6693,1.9427,16.2577,618.0,25854.0,3026.9297
2517,16.3653,14.1843,2.3792,14.931,620.0,26238.0,3026.9297
2518,14.8658,14.2594,2.4339,15.3927,618.0,25994.0,3026.9297
2519,15.3772,13.2338,2.2197,13.1884,617.0,28858.0,3026.9297
2520,13.2003,13.4358,1.9154,15.2451,625.0,31876.0,3026.9297
2521,15.206,14.4446,1.857,14.5135,616.0,28184.0,3026.9297
2522,14.5987,14.4638,2.2333,16.2992,621.0,28744.0,3026.9297
2523,16.2697,14.3185,2.2004,13.0055,618.0,28294.0,3026.9297
2524,13.0489,14.3923,2.3388,14.8667,618.0,27834.0,3026.9297
2525,14.8823,14.1435,2.1763,15.2689,619.0,29266.0,3026.9297
2526,15.2333,14.0484,2.9319,13.4192,621.0,32476.0,3026.9297
2527,13.3168,13.0455,1.9762,14.6819,624.0,40950.0,3026.9297
2528,14.6882,12.8236,1.8077,14.2465,624.0,23492.0,3026.9297
2529,14.2297,14.2115,1.7853,14.3991,622.0,27172.0,3026.9297
2530,14.4154,14.3825,1.9814,15.0477,622.0,27562.0,3026.9297
2531,15.0818,14.0524,1.9021,14.04,619.0,28634.0,3026.9297
2532,13.9966,14.3249,1.7319,14.4397,618.0,25796.0,3026.9297
2533,14.4577,14.1427,1.9489,14.9976,617.0,23750.0,3026.9297
2534,15.0734,13.9767,2.0458,14.3305,618.0,29012.0,3026.9297
2535,14.2721,13.2558,1.7162,14.4441,618.0,25168.0,3026.9297
2536,14.4413,13.3879,1.7085,14.1326,619.0,24856.0,3026.9297
2537,14.1285,14.0939,2.2126,14.3671,617.0,24398.0,3026.9297
2538,14.3984,14.038,1.9701,14.5233,615.0,26368.0,3026.9297
2539,14.5743,14.374,2.1456,15.1845,617.0,25258.0,3026.9297
2540,15.1076,14.0184,2.0263,14.7942,617.0,26388.0,3026.9297
2541,14.8048,14.1686,2.032,14.177,618.0,25300.0,3026.9297
2542,14.2118,14.2375,1.8902,15.1927,614.0,27729.0,3026.9297
2543,15.1375,13.1706,2.0644,14.3357,621.0,29229.0,3026.9297
2544,14.3808,13.8072,2.0315,14.6777,620.0,30416.0,3026.9297
2545,14.6293,14.6724,1.8163,14.5355,623.0,30222.0,3026.9297
2546,14.5131,14.0292,1.6012,15.0928,621.0,32343.0,3026.9297
2547,15.0936,14.4501,1.7632,13.9606,620.0,28842.0,3026.9297
2548,14.0514,13.9445,1.8145,14.418,618.0,24302.0,3026.9297
2549,14.3754,13.878,1.9671,14.4527,619.0,26063.0,3026.9297
2550,14.4483,14.1657,1.7443,14.9857,615.0,27934.0,3026.9297
2551,15.0143,13.1101,1.8909,14.865,617.0,25706.0,3026.9297
2552,14.8244,13.8036,1.96,14.4136,616.0,23488.0,3026.9297
2553,14.41,14.0649,2.0077,15.1679,616.0,29878.0,3026.9297
2554,15.2477,14.5059,2.0269,14.5823,619.0,31415.0,3026.9297
2555,14.5463,14.5406,1.9649,14.987,616.0,23904.0,3026.9297
2556,15.0702,14.501,2.0821,14.7803,615.0,28979.0,3026.9297
2557,14.6872,14.1951,2.3032,14.1962,616.0,27155.0,3026.9297
2558,14.2487,14.119,2.5147,14.7277,616.0,25650.0,3026.9297
2559,14.6698,13.0915,1.8993,14.5358,622.0,26510.0,3026.9297
2560,14.5744,13.3942,2.0034,13.9102,622.0,29828.0,3026.9297
2561,13.9134,14.2112,1.7233,14.287,620.0,30660.0,3026.9297
2562,14.2352,14.4504,1.7649,15.4725,621.0,29531.0,3026.9297
2563,15.5088,14.1365,1.923,13.5026,619.0,26034.0,3026.9297
2564,13.4408,14.1705,1.8399,15.0641,619.0,28962.0,3026.9297
2565,15.1133,14.045,2.0763,14.8298,619.0,26817.0,3026.9297
2566,14.9505,14.1844,1.863,14.3003,616.0,25036.0,3026.9297
2567,14.1744,13.1001,2.009,14.8336,619.0,27959.0,3026.9297
2568,15.2328,14.4089,2.068,14.2725,618.0,25496.0,3026.9297
2569,13.8664,13.9678,1.9541,14.1234,619.0,28311.0,3026.9297
2570,14.0769,14.5738,1.9112,15.5741,617.0,25336.0,3026.9297
2571,15.7042,14.5584,1.9648,14.6978,615.0,25784.0,3026.9297
2572,14.6098,14.1658,2.1356,14.4538,618.0,25854.0,3026.9297
2573,14.465,14.4679,2.0152,14.731,616.0,25306.0,3026.9297
2574,14.7362,14.0512,1.8671,15.1387,617.0,24678.0,3026.9297
2575,15.1977,13.0641,1.944,14.4667,621.0,27580.0,3026.9297
2576,14.3724,14.0074,1.8978,13.9319,623.0,24340.0,3026.9297
2577,13.9935,14.2808,1.8919,14.5808,620.0,25658.0,3026.9297
2578,14.5673,14.0161,1.8955,14.7701,618.0,24214.0,3026.9297
2579,14.8109,14.5826,1.8902,14.195,618.0,24992.0,3026.9297
2580,14.162,14.2394,2.1111,14.8503,619.0,26076.0,3026.9297
2581,14.8492,14.4163,2.0108,15.2573,617.0,25422.0,3026.9297
2582,15.1843,14.1357,1.7042,14.0478,617.0,26894.0,3026.9297
2583,14.0988,13.7768,2.0474,15.3104,615.0,27992.0,3026.9297
2584,15.315,13.0636,1.7933,14.7046,622.0,30066.0,3026.9297
2585,14.6969,14.4824,1.8925,14.8887,617.0,28740.0,3026.9297
2586,15.0088,14.3288,1.9386,14.4464,619.0,27748.0,3026.9297
2587,14.3305,14.5414,1.8145,14.6277,620.0,29198.0,3026.9297
2588,14.572,13.9898,1.737,14.1001,617.0,26814.0,3026.9297
2589,14.1406,13.8915,1.7197,14.5562,620.0,31158.0,3026.9297
2590,14.666,14.3502,1.5851,14.99,617.0,30418.0,3026.9297
2591,14.9211,14.0531,1.4894,15.6437,625.0,37304.0,3026.9297
2592,15.5906,13.1363,1.545,14.7468,622.0,30954.0,3026.9297
2593,14.7759,14.5553,2.1708,14.1076,622.0,27172.0,3026.9297
2594,14.1547,14.3462,2.0118,14.619,618.0,24178.0,3026.9297
2595,14.6066,13.959,2.1244,13.5751,620.0,26958.0,3026.9297
2596,13.6014,14.3537,2.34,15.1157,618.0,30452.0,3026.9297
2597,15.0476,14.0009,2.115,15.0531,619.0,24142.0,3026.9297
2598,15.007,14.4601,1.8097,14.2156,616.0,23596.0,3026.9297
2599,14.4417,13.9716,2.0048,14.8417,620.0,30216.0,3026.9297
2600,14.7311,13.0816,1.9194,14.7525,615.0,25176.0,3026.9297
2601,14.7421,13.6487,1.9243,13.7502,617.0,23864.0,3026.9297
2602,13.7002,14.4499,1.8167,14.626,616.0,26522.0,3026.9297
2603,14.6842,14.1684,1.9185,14.3633,617.0,25116.0,3026.9297
2604,14.3659,14.3718,2.0278,14.6133,618.0,26404.0,3026.9297
2605,14.554,14.1105,1.879,14.5683,616.0,24654.0,3026.9297
2606,14.5872,14.1948,2.0455,15.0068,614.0,25562.0,3026.9297
2607,15.0323,14.4175,2.022,14.9411,620.0,28171.0,3026.9297
2608,14.9252,13.028,1.9686,13.7271,625.0,31196.0,3026.9297
2609,13.803,14.0267,1.9397,15.4576,621.0,31957.0,3026.9297
2610,15.3396,14.4276,1.6821,14.2573,620.0,32114.0,3026.9297
2611,14.3245,14.1055,1.8805,13.8868,620.0,27077.0,3026.9297
2612,13.9786,14.2295,1.8823,15.2762,618.0,28084.0,3026.9297
2613,15.1683,14.376,2.3841,14.6374,616.0,24266.0,3026.9297
2614,14.616,14.0551,2.0888,14.6433,618.0,28187.0,3026.9297
2615,14.6713,14.59,1.9109,14.7515,619.0,26864.0,3026.9297
2616,14.7636,12.884,1.9015,14.8804,617.0,23948.0,3026.9297
2617,14.8593,13.985,1.9055,15.1957,615.0,24928.0,3026.9297
2618,15.1967,14.5608,2.0617,13.9908,615.0,31971.0,3026.9297
2619,14.1079,14.5116,2.0782,15.6296,620.0,27870.0,3026.9297
2620,15.5496,14.3531,2.045,13.6162,617.0,27105.0,3026.9297
2621,13.5425,14.3097,2.2509,15.0165,616.0,26328.0,3026.9297
2622,15.176,14.211,2.2136,14.5181,616.0,27921.0,3026.9297
2623,14.4,14.2257,2.5531,14.8997,620.0,26608.0,3026.9297
2624,14.8896,13.9282,1.884,15.1819,620.0,28572.0,3026.9297
2625,15.1948,13.4712,1.8643,14.7054,621.0,29374.0,3026.9297
2626,14.712,14.4038,1.931,14.806,621.0,31271.0,3026.9297
2627,14.8548,14.5758,1.8518,14.4937,619.0,26324.0,3026.9297
2628,14.4292,14.0868,1.8803,14.1473,617.0,27714.0,3026.9297
2629,14.1856,14.1856,2.097,14.3229,617.0,28209.0,3026.9297
2630,14.2598,14.1516,1.9174,15.3223,615.0,25392.0,3026.9297
2631,15.4535,14.5717,1.999,14.9329,617.0,25352.0,3026.9297
2632,14.8012,14.2659,1.7379,14.7313,619.0,28091.0,3026.9297
2633,14.7073,13.0967,1.7035,15.4168,619.0,28311.0,3026.9297
2634,15.4754,14.5952,1.8674,14.6804,615.0,25924.0,3026.9297
2635,14.7001,14.5348,2.4042,14.5235,618.0,24052.0,3026.9297
2636,14.538,14.3445,2.1435,14.9831,617.0,26570.0,3026.9297
2637,15.0301,14.3371,1.9448,13.864,618.0,26126.0,3026.9297
2638,13.8054,14.3348,2.4188,14.6825,617.0,23820.0,3026.9297
2639,14.6094,13.794,1.784,14.7802,621.0,26190.0,3026.9297
2640,14.8225,14.4801,1.6169,14.936,622.0,26576.0,3026.9297
2641,14.9802,13.3532,1.716,14.9697,622.0,23994.0,3026.9297
2642,14.8653,13.1675,1.7257,14.0494,617.0,25766.0,3026.9297
2643,14.1406,14.2557,1.9375,15.1111,620.0,25352.0,3026.9297
2644,15.0722,14.2655,1.9015,15.0616,618.0,25852.0,3026.9297
2645,15.1694,14.2819,1.96,13.2414,618.0,24298.0,3026.9297
2646,13.1839,14.3686,2.2915,15.6444,617.0,26960.0,3026.9297
2647,15.6291,13.9295,2.2046,14.7577,617.0,28594.0,3026.9297
2648,14.8235,14.3496,1.8698,14.9233,622.0,28554.0,3026.9297
2649,14.9354,14.3762,2.2842,14.8295,618.0,27948.0,3026.9297
2650,14.7286,13.0971,2.257,14.6661,617.0,28452.0,3026.9297
2651,14.6865,14.0465,1.9707,13.8519,620.0,28616.0,3026.9297
2652,13.9126,13.9909,1.8967,15.0767,619.0,27178.0,3026.9297
2653,15.0103,14.4306,1.8957,13.7075,621.0,31166.0,3026.9297
2654,13.8069,14.387,1.7125,14.996,618.0,27846.0,3026.9297
2655,14.926,14.2885,1.8833,14.9013,625.0,39122.0,3026.9297
2656,14.9323,14.1309,1.9618,15.0392,621.0,27730.0,3026.9297
2657,15.1099,14.5548,1.9377,15.1401,625.0,33880.0,3026.9297
2658,15.031,13.3249,1.946,15.1021,620.0,24202.0,3026.9297
2659,15.1222,14.2683,2.1729,13.9729,620.0,23622.0,3026.9297
2660,13.966,14.4391,2.0113,14.9178,618.0,28764.0,3026.9297
2661,14.9173,14.2648,1.9668,15.5892,618.0,28786.0,3026.9297
2662,15.6985,14.4174,2.4306,15.8321,619.0,24000.0,3026.9297
2663,15.7695,14.3683,2.396,12.6904,616.0,24776.0,3026.9297
2664,12.6601,14.5224,1.7512,14.7274,619.0,30248.0,3026.9297
2665,14.705,14.0871,2.1768,14.6736,617.0,24232.0,3026.9297
2666,14.7586,14.205,1.8577,14.9756,615.0,26510.0,3026.9297
2667,15.0101,13.0444,1.8454,15.0698,617.0,24724.0,3026.9297
2668,14.958,14.1879,1.8122,13.5905,614.0,26008.0,3026.9297
2669,13.591,14.5636,1.9095,15.8849,616.0,25430.0,3026.9297
2670,15.9168,14.5801,2.0555,15.8392,613.0,24362.0,3026.9297
2671,15.8323,14.3819,2.3287,13.6778,618.0,25944.0,3026.9297
2672,13.6658,14.3742,2.2691,14.8164,621.0,32219.0,3026.9297
2673,14.8151,14.4603,2.1398,14.6157,620.0,32490.0,3026.9297
2674,14.638,14.2426,2.3056,15.7423,621.0,32321.0,3026.9297
2675,15.7327,13.3978,2.1385,14.3277,623.0,26857.0,3026.9297
2676,14.3364,13.1207,2.0865,14.9219,621.0,27740.0,3026.9297
2677,14.9678,14.4792,1.9418,15.7784,615.0,26348.0,3026.9297
2678,15.8003,14.2699,2.1767,14.8698,618.0,25876.0,3026.9297
2679,14.8176,14.2313,2.2845,12.9196,616.0,27595.0,3026.9297
2680,12.9007,14.4745,2.2332,15.7621,615.0,25178.0,3026.9297
2681,15.7331,14.4623,1.9747,13.2921,618.0,25256.0,3026.9297
2682,13.2865,14.3274,1.7452,15.3657,616.0,27081.0,3026.9297
2683,15.5042,14.3122,2.1892,14.7218,615.0,28414.0,3026.9297
2684,14.5756,13.1489,1.917,14.6225,621.0,30703.0,3026.9297
2685,14.6471,13.9932,1.9181,13.5867,617.0,24442.0,3026.9297
2686,13.5713,14.4618,1.8271,15.2246,616.0,27184.0,3026.9297
2687,15.1788,14.1875,1.7457,14.7197,622.0,29181.0,3026.9297
2688,14.7777,14.2939,1.8093,15.8372,621.0,29134.0,3026.9297
2689,16.004,14.7407,2.1252,14.3143,619.0,28154.0,3026.9297
2690,14.2342,14.0741,2.0025,13.7871,619.0,30805.0,3026.9297
2691,13.7098,13.914,2.1965,14.4802,618.0,26732.0,3026.9297
2692,14.6537,12.9283,2.1966,14.7247,618.0,28016.0,3026.9297
2693,14.4852,14.1978,1.6844,14.4967,621.0,27033.0,3026.9297
2694,14.566,14.3394,2.8997,14.7435,615.0,26808.0,3026.9297
2695,14.7411,14.4507,2.2763,16.3469,307.0,24128.0,3026.9297
2696,16.417,14.6223,2.3961,12.3231,293.0,23752.0,3026.9297
2697,12.2752,13.753,2.2509,14.5467,300.0,28192.0,3026.9297
2698,14.5444,14.1457,1.9802,14.3406,294.0,23566.0,3026.9297
2699,14.3195,13.4613,1.9948,13.9395,294.0,21658.0,3026.9297
2700,13.9558,12.3433,1.9119,13.9811,295.0,23070.0,3026.9297
2701,13.9973,12.8664,2.1686,13.2253,294.0,24126.0,3026.9297
2702,13.2166,13.431,1.8574,13.5131,295.0,21082.0,3026.9297
2703,13.5299,13.2312,1.9102,14.0139,298.0,23440.0,3026.9297
2704,13.929,13.681,1.7329,14.1039,297.0,24046.0,3026.9297
2705,14.1478,13.6373,1.873,14.4897,299.0,21032.0,3047.6172
2706,14.5377,12.2964,1.8483,12.4548,298.0,23520.0,3062.3047
2707,12.4023,13.5178,2.0006,14.3657,298.0,24040.0,3062.3047
2708,14.3359,13.4515,1.6787,13.3219,295.0,21526.0,3062.3047
2709,13.2892,13.3147,2.021,14.1687,294.0,25548.0,3032.9297
2710,14.1984,13.3562,1.819,13.5546,298.0,28272.0,2991.5547
2711,13.5984,13.3177,1.7849,14.2632,293.0,24304.0,2991.5547
2712,14.276,12.346,1.815,13.1176,295.0,25714.0,2991.5547
2713,13.0826,13.6533,1.9558,14.2473,300.0,26602.0,2991.5547
2714,14.2716,13.3307,1.8076,12.9523,296.0,27804.0,2991.5547
2715,12.9984,13.2632,1.7675,14.3315,297.0,26846.0,2991.5547
2716,14.3359,13.3515,2.002,13.7434,298.0,36404.0,2991.5547
2717,13.6853,12.2298,1.7402,14.1956,297.0,27884.0,2991.5547
2718,14.1546,13.1217,1.624,12.6499,297.0,28514.0,2991.5547
2719,12.638,13.6529,1.6346,13.689,300.0,20886.0,2991.5547
2720,13.784,13.2646,2.1668,13.3745,299.0,26040.0,2991.5547
2721,13.3039,13.2218,1.6985,14.0142,298.0,26028.0,2991.5547
2722,13.9898,13.3105,1.5573,14.0979,295.0,22078.0,2991.5547
2723,14.0844,12.2305,1.7148,13.0508,295.0,24194.0,2991.5547
2724,13.1173,13.409,1.6935,14.3982,296.0,24544.0,2991.5547
2725,14.4218,13.6221,1.8034,13.1266,292.0,24108.0,2991.5547
2726,13.0596,13.2713,1.8349,13.8747,293.0,21376.0,2991.5547
2727,13.9125,13.2058,1.9442,14.9563,294.0,22606.0,2991.5547
2728,15.0438,12.384,1.9392,13.9932,292.0,21826.0,2991.5547
2729,13.9478,13.9983,2.0149,12.9644,292.0,20586.0,2991.5547
2730,12.9331,13.5262,1.8951,14.4038,294.0,24797.0,2991.5547
2731,14.4488,13.752,1.8971,13.7766,294.0,26947.0,2991.5547
2732,13.7918,13.4881,2.6602,14.2162,293.0,25243.0,2991.5547
2733,14.1868,13.3389,2.2837,14.443,295.0,22519.0,2991.5547
2734,14.4886,12.455,2.1168,13.5557,295.0,28091.0,2991.5547
2735,13.5648,13.3539,2.2618,13.2143,297.0,23594.0,2991.5547
2736,13.1849,13.4253,2.1026,14.1611,299.0,23110.0,2991.5547
2737,14.1959,13.458,2.3457,13.9858,297.0,24829.0,2991.5547
2738,13.9496,13.5893,2.0431,13.95,295.0,22790.0,2991.5547
2739,13.8863,13.2732,2.3239,13.4014,294.0,21828.0,2991.5547
2740,13.4413,12.1966,2.0035,13.3756,293.0,24289.0,2991.5547
2741,13.3653,13.5028,2.0091,14.2303,293.0,30324.0,2991.5547
2742,14.2885,13.3212,2.3049,14.415,296.0,23767.0,2991.5547
2743,14.4017,13.6528,2.2579,13.4799,294.0,22160.0,2991.5547
2744,13.4533,13.6495,2.3668,14.0229,293.0,24300.0,2991.5547
2745,14.0396,13.3594,2.3009,13.7741,291.0,28029.0,2991.5547
2746,13.8137,12.2852,2.0935,12.9465,293.0,25760.0,2991.5547
2747,12.8845,13.628,2.1685,14.5645,297.0,27519.0,2991.5547
2748,14.6143,13.4751,2.2371,14.4912,293.0,27250.0,2991.5547
2749,14.513,13.8376,2.2494,14.1653,293.0,22668.0,2991.5547
2750,14.1071,13.1592,2.454,12.0427,295.0,25649.0,2991.5547
2751,12.076,13.4281,2.1744,14.1162,298.0,24522.0,2991.5547
2752,14.0412,12.2296,1.8717,13.9879,296.0,27932.0,2991.5547
2753,14.029,13.4689,1.8404,13.0684,297.0,21566.0,2991.5547
2754,13.14,13.4604,2.1928,13.1455,297.0,24303.0,2991.5547
2755,13.1348,13.4002,1.9195,14.1273,297.0,25037.0,2991.5547
2756,14.0428,13.4266,1.981,13.78,296.0,21442.0,2991.5547
2757,13.7772,12.3109,1.7594,14.3094,296.0,27756.0,2991.5547
2758,14.3484,12.3762,1.9434,13.1404,293.0,23534.0,2991.5547
2759,13.144,13.9032,1.9542,14.0974,293.0,21994.0,2991.5547
2760,14.0901,13.4646,1.9158,13.8025,293.0,23026.0,2991.5547
2761,13.7902,13.5,2.1436,14.6874,294.0,24106.0,2991.5547
2762,14.7159,13.2972,2.2055,12.8554,292.0,21026.0,2991.5547
2763,12.8368,12.2492,1.9033,14.3758,293.0,23404.0,2991.5547
2764,14.4169,12.9574,1.9356,13.0051,292.0,24010.0,2991.5547
2765,12.9606,13.4056,1.9796,14.5656,294.0,20996.0,2991.5547
2766,14.6599,13.5948,2.3817,14.0502,295.0,23486.0,2991.5547
2767,14.1025,13.7943,2.6988,13.5891,298.0,23998.0,2991.5547
2768,13.5169,13.4315,2.6295,13.8985,296.0,21496.0,2991.5547
2769,13.963,12.3882,2.4813,14.9775,299.0,25544.0,2991.5547
2770,14.9006,12.9945,2.3061,12.9712,299.0,28242.0,2991.5547
2771,12.9303,13.7571,2.1662,13.1829,294.0,23774.0,2991.5547
2772,13.3337,13.4674,2.0997,14.4808,298.0,26208.0,2991.5547
2773,14.3635,13.0981,2.205,14.0866,297.0,26546.0,2991.5547
2774,14.0598,13.2848,2.1927,14.7794,297.0,27796.0,2991.5547
2775,14.8412,12.2682,2.248,14.1108,295.0,26802.0,2991.5547
2776,14.0927,13.5275,2.3277,12.7785,298.0,35884.0,2991.5547
2777,12.7583,13.8432,2.278,14.2526,294.0,28328.0,2991.5547
2778,14.2439,13.2386,2.0296,12.8993,294.0,28458.0,2991.5547
2779,12.9606,13.7037,1.9551,14.0073,293.0,20826.0,2991.5547
2780,13.9262,13.501,1.8786,14.1093,293.0,25992.0,2991.5547
2781,14.0989,12.2592,1.9473,13.36,293.0,25992.0,2991.5547
2782,13.4707,13.6533,2.134,14.8043,292.0,22064.0,2991.5547
2783,14.7047,13.7478,1.9637,13.5526,297.0,24196.0,2991.5547
2784,13.6471,13.4499,2.0791,13.4815,297.0,24534.0,2991.5547
2785,13.364,13.6427,2.1122,14.293,298.0,24136.0,2991.5547
2786,14.3373,13.4553,2.0311,13.6071,295.0,21378.0,2991.5547
2787,13.6017,12.1694,1.9193,12.8022,294.0,22584.0,2991.5547
2788,12.7989,13.1274,1.98,14.3715,295.0,21840.0,2991.5547
2789,14.3932,13.4464,2.0922,12.88,291.0,20574.0,2991.5547
2790,12.8459,13.3795,2.0767,14.0392,293.0,24785.0,2991.5547
2791,14.1341,13.5046,2.1933,13.8559,295.0,26959.0,2991.5547
2792,13.7527,12.2546,1.9233,13.6268,293.0,25243.0,2991.5547
2793,13.6784,12.2344,1.9548,13.51,291.0,22471.0,2991.5547
2794,13.4956,13.2803,1.8622,13.6438,295.0,28091.0,2991.5547
2795,13.6609,13.403,2.157,13.4688,294.0,23602.0,2991.5547
2796,13.4597,13.3021,2.0823,14.2528,292.0,23070.0,2991.5547
2797,14.2517,13.5631,2.4567,13.8602,294.0,24837.0,2991.5547
2798,13.845,12.1881,1.9923,13.3971,293.0,22788.0,2991.5547
2799,13.4387,13.2183,1.9704,13.7589,295.0,21818.0,2991.5547
2800,13.7339,13.168,2.003,12.7842,296.0,24183.0,2991.5547
2801,12.7119,13.4969,1.8225,14.1084,298.0,28786.0,2991.5547
2802,14.12,13.2025,1.8584,13.5967,299.0,25455.0,2991.5547
2803,13.5891,12.8463,1.5477,14.0649,296.0,22162.0,2991.5547
2804,14.0893,12.9665,1.7579,13.2351,294.0,24290.0,2991.5547
2805,13.2633,13.3726,1.9486,14.1219,292.0,28089.0,2991.5547
2806,14.1277,13.277,1.8691,12.9889,292.0,25748.0,2991.5547
2807,12.9492,13.5528,1.6642,14.3839,294.0,27483.0,2991.5547
2808,14.4534,13.1932,1.6362,13.6077,293.0,27250.0,2991.5547
2809,13.5938,12.1892,1.8899,13.0103,294.0,22680.0,2991.5547
2810,13.0206,13.6705,2.0511,15.2187,294.0,25637.0,2991.5547
2811,15.2358,13.4519,1.9207,12.4892,294.0,24518.0,2991.5547
2812,12.4825,13.2384,2.0407,14.5397,292.0,27928.0,2991.5547
2813,14.4746,13.5382,2.0254,13.5253,293.0,21562.0,2991.5547
2814,13.5199,13.468,1.9431,13.7236,294.0,24289.0,2991.5547
2815,13.7594,12.1865,1.9342,13.0817,298.0,25027.0,2991.5547
2816,13.1066,13.4893,1.9736,14.2517,298.0,21444.0,2991.5547
2817,14.2617,13.1668,2.268,13.5747,301.0,27772.0,2991.5547
2818,13.5325,13.6589,2.3621,15.0706,294.0,23524.0,2991.5547
2819,15.0871,13.4412,2.192,13.7249,294.0,21984.0,2991.5547
2820,13.7317,13.6364,2.0672,13.9515,295.0,23028.0,2991.5547
2821,13.9665,12.2652,2.1029,13.9045,293.0,24094.0,2991.5547
2822,13.8987,13.676,2.1116,13.869,292.0,21026.0,2991.5547
2823,13.8642,13.2808,2.0175,12.3095,293.0,23404.0,2991.5547
2824,12.2137,13.8964,1.7927,15.0179,293.0,24022.0,2991.5547
2825,15.1302,13.4049,2.0689,13.751,292.0,20972.0,2991.5547
2826,13.7072,13.0856,2.0232,14.1307,293.0,23462.0,2991.5547
2827,14.2045,12.3172,2.131,13.1027,293.0,23982.0,2991.5547
2828,13.0373,13.7185,1.9408,14.0786,292.0,21492.0,2991.5547
2829,14.1071,13.0859,2.0426,12.9866,296.0,25552.0,2991.5547
2830,12.969,13.6657,1.7953,14.9042,296.0,28228.0,2991.5547
2831,14.8837,13.3151,2.0861,13.3765,297.0,23788.0,2991.5547
2832,13.3945,12.2724,1.9827,14.5919,298.0,26186.0,2991.5547
2833,14.6116,13.4996,2.0454,12.7985,302.0,26562.0,2991.5547
2834,12.8239,13.7224,2.1725,14.1407,297.0,27774.0,2991.5547
2835,14.1891,13.4458,2.0297,13.571,298.0,26816.0,2991.5547
2836,13.4309,13.3577,1.9024,13.848,298.0,35862.0,2991.5547
2837,13.8893,13.2768,2.1401,13.8445,294.0,28328.0,2991.5547
2838,13.8457,12.1911,1.9678,13.0374,296.0,28482.0,2991.5547
2839,13.0545,13.2354,2.0322,14.1019,293.0,20826.0,2991.5547
2840,14.0917,13.6216,1.9353,13.534,293.0,25992.0,2991.5547
2841,13.5979,13.4682,2.3314,14.0626,294.0,26004.0,2991.5547
2842,13.9418,13.3809,2.0257,13.7224,294.0,22088.0,2991.5547
2843,13.839,13.3512,1.9221,15.4077,292.0,24180.0,2991.5547
2844,15.3667,12.2266,1.9368,12.2062,293.0,24530.0,2991.5547
2845,12.1991,13.573,1.8975,14.2839,294.0,24132.0,2991.5547
2846,14.3197,13.6383,2.1154,12.7923,292.0,21364.0,2991.5547
2847,12.8096,13.1274,2.3585,13.4117,296.0,22586.0,2991.5547
2848,13.3628,13.4754,2.1523,14.4188,296.0,21830.0,2991.5547
2849,14.3856,12.2864,1.9403,13.8377,295.0,20578.0,2991.5547
2850,13.833,13.1123,1.7639,12.9863,295.0,24787.0,2991.5547
2851,13.0065,13.311,1.9382,13.3893,298.0,26973.0,2991.5547
2852,13.5852,13.5751,2.4296,13.7803,295.0,25245.0,2991.5547
2853,13.6336,13.2066,1.8138,14.146,291.0,22471.0,2991.5547
2854,14.1275,13.5579,1.805,14.282,295.0,28091.0,2991.5547
2855,14.2669,12.2896,1.9286,12.9227,296.0,23626.0,2991.5547
2856,12.9623,13.3891,2.112,14.1761,291.0,23058.0,2991.5547
2857,14.1495,13.0878,1.9633,14.7195,293.0,24825.0,2991.5547
2858,14.7651,13.9394,2.204,14.8752,293.0,22788.0,2991.5547
2859,14.843,13.6441,2.6527,12.6152,292.0,21826.0,2991.5547
2860,12.6281,13.6806,2.3101,16.1832,292.0,24179.0,2991.5547
2861,16.3851,12.2683,2.8403,11.2657,294.0,28782.0,2991.5547
2862,11.0998,13.343,2.3696,13.7256,296.0,25441.0,2991.5547
2863,13.6635,13.255,2.0561,12.6062,297.0,22152.0,2991.5547
2864,12.5992,13.6885,1.8643,14.4891,297.0,24304.0,2991.5547
2865,14.5081,12.7649,1.9945,13.8155,297.0,28105.0,2991.5547
2866,13.8029,13.1036,1.9842,13.9061,295.0,25762.0,2991.5547
2867,13.9224,12.6299,1.9416,13.8154,296.0,27485.0,2991.5547
2868,13.8334,13.5028,2.0104,15.207,295.0,27252.0,2991.5547
2869,15.2811,13.4355,2.4406,12.507,293.0,22668.0,2991.5547
2870,12.4625,13.3844,2.4727,14.5321,296.0,25661.0,2991.5547
2871,14.5664,13.4119,2.3873,12.65,294.0,24518.0,2991.5547
2872,12.6105,12.2553,1.813,15.0822,295.0,27964.0,2991.5547
2873,15.0623,13.4322,1.9654,12.2027,292.0,21550.0,2991.5547
2874,12.1835,13.4717,1.9974,13.7852,292.0,24265.0,2991.5547
2875,13.8473,13.2765,2.1409,13.3212,293.0,25011.0,2991.5547
2876,13.2123,13.5192,1.8509,14.525,293.0,21428.0,2991.5547
2877,14.5703,13.1864,1.8868,13.4758,298.0,27780.0,2991.5547
2878,13.5837,12.2399,1.8694,13.7721,292.0,23522.0,2991.5547
2879,13.6921,13.662,2.0281,14.6962,297.0,21998.0,2991.5547
2880,14.6682,13.5557,2.1988,13.8134,297.0,23030.0,2991.5547
2881,13.9887,13.3287,2.2596,13.0696,297.0,24098.0,2991.5547
2882,12.9836,13.8994,2.171,16.5412,296.0,21052.0,2991.5547
2883,16.4821,13.3251,2.4043,12.8268,298.0,23442.0,2991.5547
2884,12.8425,12.286,2.663,13.584,295.0,24024.0,2991.5547
2885,13.5681,13.7211,2.0838,13.3681,293.0,20984.0,2991.5547
2886,13.3522,13.5549,2.0335,13.342,293.0,23462.0,2991.5547
2887,13.4407,13.1489,2.2972,13.063,294.0,23994.0,2991.5547
2888,12.9955,13.8125,2.0015,14.8862,293.0,21504.0,2991.5547
2889,14.9517,12.9322,2.1997,14.4621,293.0,25516.0,2991.5547
2890,14.4285,12.3902,2.3088,13.4384,297.0,28240.0,2991.5547
2891,13.4515,13.522,2.0894,13.7606,293.0,23784.0,2991.5547
2892,13.6877,13.6046,2.0419,13.5821,295.0,26194.0,2991.5547
2893,13.6614,13.3615,2.1698,14.5846,296.0,26534.0,2991.5547
2894,14.5294,13.5865,2.3441,14.1102,296.0,27784.0,2991.5547
2895,14.1017,12.9699,2.4422,13.1224,298.0,26794.0,2991.5547
2896,13.097,12.254,2.1519,14.4267,302.0,35888.0,2991.5547
2897,14.4026,13.4904,2.2456,13.3935,298.0,28332.0,2991.5547
2898,13.4181,13.3776,1.9637,12.5076,297.0,28472.0,2991.5547
2899,12.4916,13.5238,2.124,15.2911,295.0,20828.0,2991.5547
2900,15.3573,13.5244,2.3891,14.6137,296.0,26006.0,2991.5547
2901,14.5703,12.9061,2.1355,12.9585,293.0,25992.0,2991.5547
2902,12.9596,12.8968,2.1116,12.5829,293.0,22076.0,2991.5547
2903,12.5716,13.5064,1.8548,14.8821,294.0,24204.0,2991.5547
2904,14.9384,13.4827,2.1196,12.5586,294.0,24542.0,2991.5547
2905,12.5797,13.5704,1.9684,14.7433,292.0,24108.0,2991.5547
2906,14.7256,13.6265,2.1922,13.7354,292.0,21364.0,2991.5547
2907,13.7223,12.219,2.0547,13.3822,291.0,22570.0,2991.5547
2908,13.3619,13.3712,2.0215,13.4487,291.0,21814.0,2991.5547
2909,13.4364,13.4716,1.9875,13.4318,290.0,20562.0,2991.5547
2910,13.4547,13.5751,1.8999,14.0958,293.0,24785.0,2991.5547
2911,14.0547,13.3483,1.9572,15.0936,300.0,26975.0,2991.5547
2912,15.1547,13.6182,2.1348,13.0115,297.0,25247.0,2991.5547
2913,12.9447,12.2615,1.9972,14.361,296.0,24031.0,2991.5547
2914,14.4534,13.3209,1.8975,13.0893,298.0,27111.0,2991.5547
2915,13.0954,13.6071,1.8346,14.7121,294.0,23030.0,2991.5547
2916,14.678,13.6086,2.0203,13.1671,293.0,23060.0,2991.5547
2917,13.1306,13.2628,2.0889,13.7396,294.0,24837.0,2991.5547
2918,13.7204,13.5425,1.83,14.7321,295.0,22812.0,2991.5547
2919,14.7401,12.2052,1.971,12.5033,291.0,21814.0,2991.5547
2920,12.5217,13.6419,1.8534,15.3792,293.0,27012.0,2991.5547
2921,15.405,13.4435,2.0063,11.9068,295.0,25973.0,2991.5547
2922,11.842,13.6559,1.8004,14.9579,294.0,25417.0,2991.5547
2923,15.022,13.7742,1.8033,14.1922,294.0,22160.0,2991.5547
2924,14.1607,13.3527,1.8322,13.741,292.0,24656.0,2991.5547
2925,13.8015,12.1357,1.8393,12.9683,292.0,27673.0,2991.5547
2926,12.8919,13.5998,1.8601,14.2653,294.0,25772.0,2991.5547
2927,14.33,13.4344,1.8626,13.9608,299.0,27499.0,2991.5547
2928,13.9916,13.6955,2.2776,15.7018,297.0,27254.0,2991.5547
2929,15.6944,13.7526,2.3875,13.248,297.0,22672.0,2991.5547
2930,13.2599,13.1462,2.4076,13.2934,296.0,25639.0,2991.5547
2931,13.2798,12.4904,2.5104,14.7711,296.0,24520.0,2991.5547
2932,14.7188,13.8565,2.2901,14.2479,295.0,27942.0,2991.5547
2933,14.2416,13.5582,2.3279,13.4739,292.0,21550.0,2991.5547
2934,13.6283,13.6996,2.2921,13.3649,292.0,24265.0,2991.5547
2935,13.1898,13.7002,2.0936,14.0329,294.0,25023.0,2991.5547
2936,14.0803,12.9445,2.2986,13.325,294.0,21440.0,2991.5547
2937,13.2974,12.2033,1.8666,13.1952,296.0,27756.0,2991.5547
2938,13.2147,13.6552,1.8528,14.6188,293.0,23534.0,2991.6797
2939,14.6164,13.7372,2.0808,13.6702,294.0,22006.0,2991.6797
2940,13.6626,13.3958,2.455,13.7878,293.0,23026.0,2991.6797
2941,13.7424,13.6626,1.898,13.8859,295.0,24118.0,2991.6797
2942,13.9352,13.7438,1.8544,15.1874,292.0,21026.0,2991.6797
2943,15.2368,12.2024,1.9723,12.7284,296.0,23396.0,2991.6797
2944,12.7116,13.3533,2.0025,13.5692,296.0,24014.0,2991.6797
2945,13.6025,13.642,1.9416,13.2616,297.0,20988.0,2991.6797
2946,13.2208,13.5561,1.7965,15.0496,296.0,23476.0,2991.6797
2947,14.96,14.1564,2.34,14.6176,296.0,23996.0,2991.6797
2948,14.7385,18.1623,1.8787,19.1174,295.0,21506.0,2991.6797
2949,19.0739,13.7113,2.0,13.4632,296.0,25552.0,2991.6797
2950,13.4715,13.5192,2.4172,14.3214,299.0,28264.0,2991.6797
2951,14.3006,12.6679,2.0961,14.2536,293.0,23784.0,2991.6797
2952,14.3051,15.8644,2.0804,17.232,295.0,26194.0,2991.6797
2953,17.2039,19.9763,2.0661,19.3346,297.0,26546.0,2991.6797
2954,19.2871,13.582,1.9264,14.212,295.0,27772.0,2991.6797
2955,14.2512,12.6894,1.8238,14.7541,296.0,26814.0,2991.6797
2956,14.7104,15.8041,2.3084,16.987,298.0,35884.0,2991.6797
2957,17.0244,16.5123,2.0142,17.0892,295.0,28340.0,2991.6797
2958,17.1194,14.7319,2.0992,15.4695,297.0,28494.0,2991.6797
2959,15.4342,13.927,1.9015,14.6373,298.0,20842.0,2991.6797
2960,14.6604,14.8125,1.9441,14.6851,297.0,25996.0,2991.6797
2961,14.7167,14.3703,2.1109,14.4497,297.0,25996.0,2991.6797
2962,14.4033,14.0152,2.1739,15.3566,295.0,22078.0,2991.6797
2963,15.3719,14.9219,2.2745,15.7292,296.0,24206.0,2991.6797
2964,15.7416,14.3854,1.9881,15.3506,297.0,24556.0,2991.6797
2965,15.3833,12.5807,1.97,15.099,292.0,24108.0,2991.6797
2966,15.0225,12.8964,2.0974,13.4698,293.0,21376.0,2991.6797
2967,13.546,13.6736,2.1583,12.2447,293.0,22594.0,2991.6797
2968,12.1873,13.5622,1.8462,13.2886,292.0,21826.0,2991.6797
2969,13.2925,13.5875,2.0687,14.9398,291.0,20574.0,2991.6797
2970,14.9494,13.0936,1.9088,13.6749,294.0,24797.0,2991.6797
2971,13.6287,13.1486,1.7458,14.595,293.0,26935.0,2991.6797
2972,14.7175,12.7879,2.1417,14.9534,293.0,25243.0,2991.6797
2973,14.8664,13.1411,1.7969,12.7047,292.0,24027.0,2991.6797
2974,12.6912,13.9998,1.9763,15.2865,294.0,27085.0,2991.6797
2975,15.3983,13.9501,2.3353,13.5468,297.0,23044.0,2991.6797
2976,13.4623,15.3067,2.0955,16.2628,296.0,23074.0,2991.6797
2977,16.273,13.7235,2.1565,14.384,297.0,24829.0,2991.6797
2978,14.3817,14.1369,2.2294,14.9124,294.0,22778.0,2991.6797
2979,14.9272,14.9785,2.0594,16.6213,293.0,21816.0,2991.6797
2980,16.5944,15.3953,2.1257,15.259,293.0,26990.0,2991.6797
2981,15.2925,13.0262,2.1833,13.7822,293.0,25949.0,2991.6797
2982,13.7501,14.69,1.9087,17.6386,294.0,25417.0,2991.6797
2983,17.6952,14.2922,2.3938,13.7051,293.0,22148.0,2991.6797
2984,13.7273,15.1398,2.5154,17.112,293.0,24668.0,2991.6797
2985,17.1348,14.5304,2.9626,14.3459,290.0,27697.0,2991.6797
2986,14.3989,14.4996,2.5237,13.5517,296.0,25796.0,2991.6797
2987,13.4847,14.1771,3.1067,14.6373,297.0,27519.0,2991.6797
2988,14.5428,13.4868,2.3117,14.1754,295.0,27274.0,2991.6797
2989,14.2316,12.5077,2.7311,14.3057,293.0,22668.0,2991.6797
2990,14.3512,13.2007,2.2568,13.2167,294.0,25637.0,2991.6797
2991,13.1957,13.6035,2.2869,14.1626,297.0,24938.0,2991.6797
2992,14.1509,14.0572,2.4241,14.8772,299.0,27540.0,2991.6797
2993,14.9075,13.9981,2.4601,13.8781,296.0,21554.0,2991.6797
2994,13.9661,14.8772,2.3409,16.3924,294.0,24267.0,2991.6797
2995,16.3349,14.1101,3.3132,16.08,294.0,25001.0,2991.6797
2996,16.0601,13.1299,3.2859,13.7097,296.0,23289.0,2991.6797
2997,13.7213,13.8631,2.9585,13.1466,297.0,25921.0,2991.6797
2998,13.0857,13.1553,2.1912,13.6892,293.0,23534.0,2991.6797
2999,13.7261,13.734,2.7529,14.2549,294.0,22006.0,2991.6797
3000,14.303,13.9569,2.9119,14.7548,292.0,23382.0,2991.6797
3001,14.6935,13.8201,3.1343,13.0535,293.0,23726.0,2991.6797
3002,13.0663,13.5572,2.2682,13.9489,293.0,21038.0,2991.6797
3003,13.9491,12.318,2.3272,13.5618,293.0,23404.0,2991.6797
3004,13.5508,12.9055,2.6913,13.0924,293.0,24022.0,2991.6797
3005,13.0355,13.6346,2.0437,14.0349,294.0,20996.0,2991.6797
3006,14.0353,13.5354,2.0549,13.2338,292.0,23450.0,2991.6797
3007,13.3177,13.4704,1.9799,14.5192,298.0,23998.0,2991.6797
3008,14.4532,13.7197,2.3002,14.5705,299.0,21900.0,2991.6797
3009,14.5656,12.5403,2.0484,15.3005,298.0,25164.0,2991.6797
3010,15.5156,13.4102,2.8359,15.3691,298.0,28230.0,2991.6797
3011,15.2149,14.021,3.3428,15.7774,294.0,23774.0,2991.6797
3012,16.1539,13.7753,3.5884,12.7825,297.0,27200.0,2991.6797
3013,12.3693,13.8244,2.3866,16.9581,295.0,25518.0,2991.6797
3014,16.9821,14.0972,2.3793,13.1894,296.0,27784.0,2991.6797
3015,13.1567,13.7054,2.3377,17.1728,295.0,26802.0,2991.6797
3016,17.4165,12.4782,3.3003,10.6913,296.0,35860.0,2991.6797
3017,10.4253,12.4975,3.0441,12.377,297.0,31700.0,2991.6797
3018,12.4724,13.5372,2.1504,14.1013,295.0,25134.0,2991.6797
3019,14.0293,13.7419,1.924,18.2941,292.0,20814.0,2991.6797
3020,18.4111,13.5216,2.5633,10.5636,293.0,25992.0,2991.6797
3021,10.5004,13.2985,2.4877,22.3228,294.0,26004.0,2991.6797
3022,22.3055,13.2985,2.839,8.7497,294.0,22088.0,2991.6797
3023,8.7534,13.7449,2.3666,18.4341,297.0,24196.0,2991.6797
3024,18.4772,12.7384,3.3036,11.7084,298.0,24546.0,2991.6797
3025,11.9107,13.812,3.297,17.5601,299.0,24148.0,2991.6797
3026,17.3245,13.7417,2.5316,11.709,294.0,21366.0,2991.6797
3027,11.7479,13.6028,2.6568,9.8799,297.0,22620.0,2991.6797
3028,9.8282,13.6754,2.0561,14.6708,293.0,21816.0,2991.6797
3029,14.6546,13.3827,1.9895,17.6254,291.0,20574.0,2991.6797
3030,17.6845,13.6962,2.4325,12.8714,294.0,24953.0,2991.6797
3031,12.8752,12.4406,2.9642,14.2081,296.0,26815.0,2991.6797
3032,14.341,13.5882,3.4757,16.1371,294.0,25255.0,2991.6797
3033,16.1993,14.0032,3.3164,13.0975,291.0,24015.0,2991.6797
3034,12.9581,14.1724,2.9177,15.4504,294.0,27085.0,2991.6797
3035,15.5938,13.7801,3.6288,15.3792,293.0,23040.0,2991.6797
3036,15.416,30.9029,4.6637,32.1651,291.0,23058.0,2991.6797
3037,32.1197,15.7666,3.5934,13.6083,293.0,24825.0,2991.6797
3038,13.4747,13.8069,3.0487,14.9188,295.0,22812.0,2991.6797
3039,14.8752,15.7856,2.4925,25.694,296.0,21830.0,2991.6797
3040,25.8207,37.8564,2.7995,35.5446,297.0,27016.0,2991.6797
3041,36.1229,15.6773,4.1031,14.6534,297.0,25953.0,2991.6797
3042,14.0969,13.756,3.0321,18.2268,298.0,25443.0,2991.6797
3043,18.2699,31.086,4.5319,33.1609,297.0,22174.0,2991.6797
3044,33.2119,38.6903,3.0055,39.87,296.0,24682.0,2991.6797
3045,39.8553,30.8491,3.3229,30.6273,291.0,27709.0,2991.6797
3046,30.3494,16.0654,2.9454,16.761,292.0,25748.0,2991.6797
3047,16.7701,15.0013,2.5022,13.8201,296.0,27507.0,2991.6797
3048,13.8285,18.8806,1.9542,22.2258,292.0,27238.0,2991.6797
3049,22.2657,20.7745,2.1085,19.8498,293.0,22668.0,2991.6797
3050,19.8666,14.8878,2.4285,15.5694,294.0,25637.0,2991.6797
3051,15.5594,12.5573,2.1158,12.6396,293.0,24934.0,2991.6797
3052,12.6333,12.4645,2.0496,13.642,295.0,27536.0,2991.6797
3053,13.6139,12.3171,1.9774,13.0133,294.0,21574.0,2991.6797
3054,13.1176,12.1514,2.0146,13.3709,294.0,24289.0,2991.6797
3055,13.3209,13.1031,2.0683,12.7254,296.0,25003.0,2991.6797
3056,12.762,12.4332,2.5606,13.7595,299.0,23303.0,2991.6797
3057,13.8671,13.4326,2.7406,13.3242,301.0,25925.0,2991.6797
3058,13.1848,12.3213,1.806,12.9509,296.0,23548.0,2991.6797
3059,12.957,13.0753,2.2581,13.9771,295.0,21996.0,2991.6797
3060,13.9551,12.6297,2.0003,13.177,296.0,23408.0,2991.6797
3061,13.114,13.5945,2.0065,14.0393,294.0,23738.0,2991.6797
3062,14.0675,12.3864,2.3254,12.2824,292.0,21026.0,2991.6797
3063,12.2704,12.8059,2.0748,14.8195,293.0,23404.0,2991.6797
3064,14.8306,12.4587,2.2502,12.6829,293.0,24178.0,2991.6797
3065,12.7152,13.9983,2.3671,14.2827,292.0,20816.0,2991.6797
3066,14.2989,17.0792,2.6924,17.1753,293.0,23462.0,2934.6172
3067,17.2994,13.7839,2.8256,14.9668,294.0,23994.0,2934.6172
3068,14.8482,12.7366,1.9491,12.0535,294.0,21884.0,2934.6172
3069,12.1488,12.9919,2.5082,14.9336,295.0,25172.0,2934.6172
3070,14.8199,12.2576,1.9945,12.3136,298.0,28252.0,2934.6172
3071,12.3378,13.0317,2.3074,14.2261,299.0,24816.0,2934.6172
3072,14.0981,13.2109,1.7463,13.1397,299.0,26198.0,2934.6172
3073,13.2167,12.7861,2.1243,14.6524,300.0,25534.0,2934.6172
3074,14.6567,12.7874,2.1812,12.9284,299.0,27948.0,2934.6172
3075,13.0166,12.6315,2.3101,16.3993,296.0,26642.0,2934.6172
3076,16.4575,16.5615,2.4989,14.3968,300.0,35886.0,2934.6172
3077,14.2279,13.4495,2.4794,14.645,296.0,31688.0,2934.6172
3078,14.7226,12.4959,2.1496,11.3013,294.0,25122.0,2934.6172
3079,11.3992,12.7921,2.7461,13.8231,295.0,20850.0,2934.6172
3080,13.6399,13.2477,2.2249,12.1752,296.0,26028.0,2934.6172
3081,12.1725,12.7961,2.1535,17.5567,294.0,26004.0,2934.6172
3082,17.5997,16.8202,2.3971,15.3585,292.0,22064.0,2934.6172
3083,15.4422,12.7113,2.8852,12.428,293.0,24192.0,2934.6172
3084,12.2911,12.4614,2.1413,14.734,294.0,24698.0,2934.6172
3085,14.8278,13.5845,2.2324,12.8732,197.0,15740.0,2934.6172
3086,12.7951,13.3001,2.0284,60.0927,196.0,12812.0,2934.6172
3087,60.1931,12.671,2.3321,13.0205,198.0,13786.0,2934.6172
3088,12.9141,15.2354,2.1301,16.017,200.0,12110.0,2934.6172
3089,16.1665,13.1399,1.9583,13.2506,198.0,13854.0,2934.6172
3090,13.1555,43.5196,2.0294,45.1385,201.0,13647.0,2934.6172
3091,45.0893,43.5011,2.0742,48.4885,197.0,16125.0,2934.6172
3092,48.5002,46.1298,2.0159,45.7193,199.0,14807.0,2934.6172
3093,45.7791,47.8682,2.1268,47.9215,196.0,15655.0,2934.6172
3094,47.8852,46.2658,2.0757,48.5549,198.0,14373.0,2934.6172
3095,48.5782,44.0613,2.0561,46.0629,196.0,14794.0,2934.6172
3096,46.077,35.9868,2.3203,35.7042,197.0,15809.0,2934.6172
3097,35.9622,13.6204,3.2928,12.1004,196.0,12216.0,2934.6172
3098,11.7977,13.9443,2.8999,15.7894,195.0,15619.0,2934.6172
3099,15.8336,13.6272,2.1307,16.1609,194.0,15103.0,2934.6172
3100,16.3193,13.5412,4.5664,14.3286,198.0,17349.0,2934.6172
3101,14.2936,13.6388,4.8906,12.788,198.0,16033.0,2934.6172
3102,12.6887,12.9487,2.4125,11.8046,197.0,13868.0,2934.6172
3103,11.8519,13.3042,2.5507,14.2041,201.0,19333.0,2934.6172
3104,14.0707,12.8415,2.1402,13.2587,200.0,17258.0,2934.6172
3105,13.3013,13.0179,2.1596,14.9658,202.0,18289.0,2934.6172
3106,14.95,12.0268,1.9004,13.1891,199.0,18146.0,2934.6172
3107,13.2168,14.0439,2.1122,13.7092,199.0,14600.0,2934.6172
3108,13.8038,13.0923,2.8106,12.416,200.0,17577.0,2934.6172
3109,12.3264,13.1206,2.2982,16.9416,197.0,17479.0,2934.6172
3110,16.9,14.228,2.2471,13.0721,196.0,15663.0,2934.6172
3111,13.0673,17.267,1.8898,18.4841,196.0,15505.0,2934.6172
3112,18.5171,14.9154,2.1746,16.41,197.0,12290.0,2934.6172
3113,16.498,22.3845,2.505,24.7233,196.0,16533.0,2934.6172
3114,24.6489,38.9195,2.1392,37.1037,198.0,14089.0,2934.6172
3115,37.2399,40.3579,2.3274,44.17,198.0,16869.0,2934.6172
3116,44.0418,46.1671,1.8785,46.3279,196.0,14138.0,2934.6172
3117,46.3087,45.1069,2.3097,47.6497,196.0,14192.0,2934.6172
3118,47.7003,45.1555,2.4271,48.25,196.0,14270.0,2934.6172
3119,48.1993,44.0096,2.0581,47.1658,201.0,13952.0,2934.6172
3120,47.1407,43.9297,2.1204,46.2245,200.0,11646.0,2934.6172
3121,46.2585,44.9241,2.0313,48.0491,200.0,15000.0,2934.6172
3122,48.075,45.8045,2.0443,47.1964,199.0,14544.0,2934.6172
3123,47.2205,45.2795,2.343,47.4628,198.0,12170.0,2934.6172
3124,47.3752,35.3864,2.1309,35.7907,198.0,15436.0,2934.6172
3125,35.9068,25.1142,2.9607,25.2381,197.0,14642.0,2934.6172
3126,25.182,12.8798,2.71,13.1684,197.0,15484.0,2934.6172
3127,13.2276,13.8622,2.3725,14.4255,200.0,18518.0,2934.6172
3128,14.3851,13.2193,2.7712,12.6371,198.0,16984.0,2934.6172
3129,12.5774,13.1016,2.2581,15.4507,198.0,16648.0,2934.6172
3130,15.6041,14.5414,2.5416,14.5131,199.0,16016.0,2934.6172
3131,14.4485,14.1033,2.8152,14.5052,197.0,18946.0,2934.6172
3132,14.445,11.8679,2.1646,13.4775,202.0,23494.0,2934.6172
3133,13.4761,15.181,2.3886,15.7428,199.0,26434.0,2934.6172
3134,15.834,14.4818,2.1455,15.3468,197.0,15726.0,2934.6172
3135,15.2705,17.0304,1.8611,19.0198,202.0,15374.0,2934.6172
3136,19.0124,18.841,2.296,18.9979,201.0,17136.0,2934.6172
3137,18.9933,17.1059,2.1119,18.9551,200.0,13632.0,2934.6172
3138,19.0046,12.7877,2.2979,16.2831,200.0,16410.0,2934.6172
3139,16.2281,23.2565,3.6591,24.2303,199.0,15334.0,2934.6172
3140,24.2891,49.8315,2.4938,50.995,199.0,15822.0,2934.6172
3141,50.9225,48.3525,2.0718,49.8447,197.0,14728.0,2934.6172
3142,49.8925,48.8758,2.0692,50.1421,199.0,14370.0,2934.6172
3143,50.1433,47.4558,2.2734,49.7843,197.0,13044.0,2934.6172
3144,49.8011,50.0814,1.9432,50.2271,194.0,13284.0,2934.6172
3145,50.171,48.631,1.9871,50.5922,196.0,12604.0,2934.6172
3146,50.652,50.3304,2.2343,50.0965,195.0,12918.0,2934.6172
3147,50.0433,47.0435,2.1642,48.8452,195.0,13038.0,2934.6172
3148,48.8792,39.2454,2.1906,41.3516,198.0,16184.0,2934.6172
3149,41.4587,32.4262,2.5354,31.4642,193.0,13512.0,2934.6172
3150,31.3316,20.6697,2.0123,21.2345,198.0,16541.0,2934.6172
3151,21.5782,14.4145,2.8223,13.3427,200.0,14659.0,2934.6172
3152,12.98,13.0561,2.1461,17.0239,202.0,14463.0,2934.6172
3153,17.1168,13.4709,2.4816,12.0382,200.0,17509.0,2934.6172
3154,12.0302,13.7162,2.295,12.4579,198.0,12314.0,2934.6172
3155,12.434,14.7916,2.3244,15.0376,199.0,15601.0,2934.6172
3156,14.9845,19.7759,2.0847,21.0935,196.0,12570.0,2934.6172
3157,21.0714,16.1992,2.0605,18.2942,195.0,15271.0,2934.6172
3158,18.7955,32.2287,2.8671,34.2879,200.0,20564.0,2934.6172
3159,33.9872,37.4907,2.494,38.5189,196.0,13344.0,2934.6172
3160,38.3518,39.6655,2.0222,43.5644,196.0,17351.0,2934.6172
3161,43.5684,47.2268,2.2809,48.0728,196.0,16356.0,2934.6172
3162,48.0724,47.4769,2.0895,49.562,198.0,19265.0,2934.6172
3163,49.5584,45.6712,2.1985,49.8705,196.0,17048.0,2934.6172
3164,49.8819,47.2994,1.9928,49.964,196.0,16546.0,2934.6172
3165,49.9528,44.664,1.9905,49.8907,198.0,17263.0,2934.6172
3166,50.1295,32.0002,3.1216,33.5213,196.0,18883.0,2934.6172
3167,33.2968,31.6235,2.1531,30.4235,200.0,16403.0,2934.6172
3168,30.3749,31.1563,2.3262,35.6979,200.0,12164.0,2934.6172
3169,35.7821,31.4827,2.6852,32.4576,200.0,15995.0,2934.6172
3170,33.1338,38.7797,3.1234,41.8202,198.0,12952.0,2934.6172
3171,41.1268,41.5544,2.3854,41.9588,201.0,17478.0,2934.6172
3172,41.9701,31.1781,2.3749,31.7114,198.0,14472.0,2934.6172
3173,31.769,31.6887,2.583,33.1167,198.0,15913.0,2934.6172
3174,33.8414,31.84,3.1129,32.7855,196.0,14532.0,2934.6172
3175,32.0421,31.6027,2.8712,33.8365,196.0,13264.0,2934.6172
3176,33.8411,37.3809,2.6274,38.6284,196.0,14942.0,2934.6172
3177,38.5848,37.5572,2.1494,41.4526,197.0,12146.0,2934.6172
3178,41.404,45.3848,2.0699,47.7415,196.0,13182.0,2934.6172
3179,47.809,33.8626,2.1874,35.4325,197.0,15620.0,2934.6172
3180,35.5405,27.8438,2.9365,30.2851,197.0,12758.0,2934.6172
3181,30.1494,32.0511,2.1384,33.0417,197.0,13180.0,2934.6172
3182,33.0739,30.938,2.2386,32.1658,196.0,15268.0,2934.6172
3183,32.1255,38.8311,2.092,39.3164,202.0,15886.0,2934.6172
3184,39.3459,43.4319,2.5111,45.7349,201.0,15916.0,2934.6172
3185,45.7207,45.569,2.5844,49.8502,205.0,18916.0,2934.6172
3186,49.8318,48.7786,1.9657,48.9288,199.0,16976.0,2934.6172
3187,48.8717,47.2639,1.9345,46.8906,202.0,16114.0,2934.6172
3188,46.9447,39.8948,2.2656,44.2699,200.0,19750.0,2934.6172
3189,44.3354,32.5159,3.3566,31.6708,200.0,21746.0,2934.6172
3190,31.6809,30.4347,2.2231,31.1388,198.0,21866.0,2934.6172
3191,31.0981,32.1327,2.0687,33.6107,198.0,19180.0,2934.6172
3192,33.6092,22.6597,2.1544,21.2389,197.0,15358.0,2934.6172
3193,21.2977,13.9344,2.3244,13.4433,199.0,20406.0,2934.6172
3194,13.3316,19.3088,1.9302,23.1485,196.0,14082.0,2934.6172
3195,23.2811,15.5209,2.1637,14.8792,196.0,12096.0,2934.6172
3196,14.7945,18.5588,1.9975,19.6987,197.0,19010.0,2934.6172
3197,19.6754,33.0121,2.0534,35.4435,196.0,12558.0,2934.6172
3198,35.5653,33.7257,2.2339,34.7678,198.0,17132.0,2934.6172
3199,34.6788,41.4358,2.2214,44.935,202.0,14292.0,2934.6172
3200,44.9662,45.7012,2.2283,50.7442,202.0,13914.0,2934.6172
3201,50.7148,48.0618,2.1578,50.6989,198.0,13438.0,2934.6172
3202,50.7908,49.3511,2.2229,49.9124,198.0,12178.0,2934.6172
3203,49.8322,48.5387,2.2008,50.939,197.0,13418.0,2934.6172
3204,50.9086,47.4951,2.1315,49.212,198.0,13516.0,2934.6172
3205,49.2536,50.5048,2.0931,50.1164,199.0,16076.0,2934.6172
3206,50.1427,48.4004,2.142,50.9374,194.0,12236.0,2934.6172
3207,50.8834,38.7621,2.1303,43.6236,194.0,14714.0,2934.6172
3208,44.0814,15.5261,3.2018,11.7091,198.0,16091.0,2934.6172
3209,11.2663,13.6024,2.0432,15.4279,199.0,16074.0,2934.6172
3210,15.5133,11.8407,2.0587,11.1974,198.0,15359.0,2934.6172
3211,11.0953,13.0562,1.784,13.148,194.0,13960.0,2934.6172
3212,13.2503,12.8212,1.8873,14.4257,197.0,15695.0,2934.6172
3213,14.3937,13.6898,2.026,15.0049,195.0,12536.0,2934.6172
3214,15.0033,13.8991,2.5609,14.9723,196.0,12748.0,2934.6172
3215,14.9569,12.0233,2.5676,12.1663,199.0,16461.0,2934.6172
3216,12.1917,15.1406,2.2466,16.3836,204.0,19630.0,2934.6172
3217,16.4005,14.5668,2.355,13.6717,201.0,15445.0,2934.6172
3218,13.6096,24.4743,1.8792,24.5034,198.0,17796.0,2934.6172
3219,24.5051,16.6489,1.9625,17.7982,200.0,17021.0,2934.6172
3220,17.8036,18.2616,1.9906,23.8707,198.0,17662.0,2934.6172
3221,23.8652,51.2146,2.3924,50.9049,196.0,18082.0,2934.6172
3222,50.9561,50.4729,2.282,50.3974,199.0,16859.0,2934.6172
3223,50.3667,47.5389,2.028,53.1395,197.0,17971.0,2934.6172
3224,53.1861,49.7469,1.9199,52.9021,196.0,18183.0,2934.6172
3225,52.8776,46.3613,2.0701,47.5591,196.0,12896.0,2934.6172
3226,47.4931,49.0047,2.0405,52.1346,196.0,15723.0,2934.6172
3227,52.1853,50.2696,2.0342,49.7846,196.0,12828.0,2934.6172
3228,49.7656,47.2992,2.0914,49.9137,196.0,16351.0,2934.6172
3229,49.9002,37.7751,2.0613,37.9441,198.0,16133.0,2934.6172
3230,37.9976,32.8181,2.09,34.0912,196.0,13418.0,2934.6172
3231,34.065,29.215,2.1377,28.0785,202.0,16871.0,2934.6172
3232,28.1248,12.947,2.3018,15.631,200.0,13144.0,2934.6172
3233,15.5854,12.856,3.1635,14.6906,200.0,13940.0,2934.6172
3234,14.7109,13.4585,2.3502,10.8902,199.0,13154.0,2934.6172
3235,10.924,14.6309,2.4298,15.5008,199.0,12768.0,2934.6172
3236,15.6361,19.6909,2.5509,20.3604,198.0,14716.0,2934.6172
3237,20.1544,15.0645,2.1039,18.6509,196.0,13824.0,2934.6172
3238,18.7324,32.3273,2.2352,33.1599,196.0,13378.0,2934.6172
3239,33.1473,32.801,2.5674,33.6602,197.0,15438.0,2934.6172
3240,33.5671,42.0296,2.1184,42.9042,198.0,14464.0,2934.6172
3241,42.9344,48.5267,2.125,50.4079,199.0,15242.0,2934.6172
3242,50.4391,50.1189,2.6439,50.4529,198.0,18678.0,2934.6172
3243,50.3893,51.0538,2.4614,51.0976,200.0,16708.0,2934.6172
3244,51.1946,46.9019,2.4668,48.598,199.0,17340.0,2934.6172
3245,48.6072,43.7806,2.274,45.8703,198.0,19832.0,2934.6172
3246,45.843,34.8744,2.4847,34.5853,199.0,19514.0,2934.6172
3247,34.5548,33.5441,2.2189,32.9007,203.0,23204.0,2934.6172
3248,32.8833,32.995,2.1479,34.8055,200.0,14692.0,2934.6172
3249,34.998,32.0218,2.6649,34.8935,202.0,18692.0,2934.6172
3250,34.7542,31.4648,2.3435,30.881,200.0,18708.0,2934.6172
3251,30.8553,30.9697,2.4967,35.8041,200.0,19046.0,2934.6172
3252,35.906,17.0776,3.504,13.4874,199.0,12408.0,2934.6172
3253,13.3685,14.429,3.1855,17.2587,196.0,14866.0,2934.6172
3254,17.3601,12.163,2.6603,11.3513,197.0,16560.0,2934.6172
3255,11.3072,12.7076,2.1936,13.4095,196.0,12644.0,2934.6172
3256,13.3326,13.1728,1.8806,12.7436,198.0,17896.0,2934.6172
3257,12.7175,13.3458,1.8577,13.9502,198.0,14066.0,2934.6172
3258,13.9794,12.911,2.0471,14.7167,194.0,13748.0,2934.6172
3259,14.8364,12.7156,2.084,13.4638,196.0,12860.0,2934.6172
3260,13.3404,11.9615,1.744,12.8599,195.0,11750.0,2934.6172
3261,12.8874,13.8001,1.8034,14.4981,196.0,13272.0,2934.6172
3262,14.5176,13.8521,2.2112,13.7273,197.0,16113.0,2934.6172
3263,13.6815,18.4172,2.203,20.5403,201.0,13469.0,2934.6172
3264,20.6111,14.6576,2.2614,14.3962,198.0,14668.0,2934.6172
3265,14.4247,22.9076,2.0218,26.1877,200.0,13588.0,2934.6172
3266,26.1245,32.0708,2.0263,33.4759,203.0,17426.0,2934.6172
3267,33.4625,34.1102,2.0569,34.407,200.0,15376.0,2934.6172
3268,34.4444,32.5472,2.1684,40.0488,841.0,112637.0,2934.6172
3269,40.2213,34.2869,2.6629,33.9643,363.0,91782.0,2934.6172
3270,33.9101,33.7657,2.8922,34.4357,278.0,15465.0,2934.6172
3271,34.3888,36.0908,2.6694,36.9586,277.0,12502.0,2934.6172
3272,37.0693,33.2096,2.5829,31.3202,280.0,12546.0,2934.6172
3273,31.2469,31.3972,2.4205,31.9497,278.0,13598.0,2934.6172
3274,31.8804,32.9384,2.0718,32.7539,281.0,17198.0,2934.6172
3275,32.7242,31.2782,2.4799,34.89,282.0,19648.0,2934.6172
3276,34.9293,30.0331,2.3817,30.5887,279.0,15812.0,2934.6172
3277,30.5892,14.2678,2.8372,13.1393,280.0,18465.0,2934.6172
3278,13.6463,13.0864,3.5489,13.8633,279.0,15760.0,2934.6172
3279,13.3617,11.926,2.6875,13.2166,282.0,17564.0,2934.6172
3280,13.2135,12.6931,2.2417,13.1116,285.0,18551.0,2934.6172
3281,13.0685,12.7496,2.4802,15.9255,282.0,18191.0,2934.6172
3282,15.9345,13.2002,2.2693,9.9719,282.0,16577.0,2934.6172
3283,9.9284,13.3263,2.101,14.5293,280.0,14684.0,2934.6172
3284,14.5564,11.8725,2.6433,13.4691,280.0,15717.0,2934.6172
3285,13.5296,12.6283,2.528,13.3923,279.0,16363.0,2934.6172
3286,13.4014,13.9321,2.0892,13.2897,280.0,16749.0,2934.6172
3287,13.2388,14.3014,2.0826,17.6909,279.0,15368.0,2934.6172
3288,17.7297,15.1584,2.3595,18.7057,282.0,15187.0,2934.6172
3289,18.6738,20.8057,1.9765,20.6006,278.0,13352.0,2934.6172
3290,20.5829,31.5663,2.0906,33.3155,279.0,12174.0,2934.6172
3291,33.3871,30.6147,2.4162,31.3816,278.0,13668.0,2934.6172
3292,31.3433,31.8865,2.2167,32.6719,280.0,14522.0,2934.6172
3293,32.6999,30.6424,2.143,31.7919,278.0,13608.0,2934.6172
3294,31.7639,30.1123,2.1565,31.7337,280.0,13186.0,2934.6172
3295,31.7101,31.3653,2.0377,32.2969,282.0,15214.0,2934.6172
3296,32.2682,27.1742,1.9159,32.8441,284.0,14410.0,2934.6172
3297,32.9061,31.6718,2.0942,32.4268,286.0,15888.0,2934.6172
3298,32.4438,31.4588,2.3296,32.4306,281.0,17448.0,2934.6172
3299,32.3712,31.1109,2.3581,32.3638,285.0,17878.0,2934.6172
3300,32.349,31.0614,2.1802,32.5997,281.0,15730.0,2934.6172
3301,32.6119,14.488,2.7964,13.3665,283.0,20656.0,2934.6172
3302,13.3378,12.3516,2.7145,14.2291,281.0,18418.0,2934.6172
3303,14.2485,12.876,2.1049,11.8209,283.0,24380.0,2934.6172
3304,11.9063,12.6584,1.9183,12.4563,278.0,12976.0,2934.6172
3305,12.4082,12.7948,1.9833,13.2856,281.0,18484.0,2934.6172
3306,13.2458,12.8106,1.7185,13.5786,280.0,18490.0,2934.6172
3307,13.5901,11.5292,1.8916,14.4109,280.0,18828.0,2934.6172
3308,14.5155,12.7139,2.3505,12.7458,279.0,12724.0,2934.6172
3309,12.6298,12.7838,2.1552,11.4559,278.0,14272.0,2934.6172
3310,11.4158,12.8322,1.8085,13.7258,283.0,16086.0,2934.6172
3311,13.7776,12.4086,2.0308,13.9194,282.0,13798.0,2934.6172
3312,13.94,11.4225,2.2242,10.8736,284.0,16296.0,2934.6172
3313,10.8292,12.9969,1.9028,13.2862,281.0,13342.0,2934.6172
3314,13.3129,12.4054,1.8904,12.8689,282.0,12106.0,2934.6172
3315,12.8456,12.6827,1.9597,13.2035,279.0,12618.0,2934.6172
3316,13.2045,11.4189,1.8802,12.3261,281.0,15863.0,2934.6172
3317,12.412,12.7287,1.8599,13.7964,280.0,13725.0,2934.6172
3318,13.7347,12.343,1.9758,11.1713,277.0,14304.0,2934.6172
3319,11.1589,12.7362,1.3717,13.8651,278.0,13524.0,2934.6172
3320,13.856,11.4303,1.4581,12.7622,283.0,17208.0,2934.6172
3321,12.7503,11.8878,1.7851,12.4597,283.0,16198.0,2934.6172
3322,12.4898,12.5667,1.8033,12.8032,281.0,13920.0,2934.6172
3323,12.784,12.7762,1.9154,13.3019,279.0,12916.0,2934.6172
3324,13.303,12.3761,1.9627,13.1045,282.0,24064.0,2934.6172
3325,13.054,11.5641,1.6579,11.9239,278.0,11426.0,2934.6172
3326,11.9844,12.7054,1.8288,13.0001,278.0,11426.0,2934.6172
3327,13.0515,12.8693,2.1274,13.4556,283.0,15154.0,2934.6172
3328,13.4218,12.1811,1.8492,12.772,283.0,13342.0,2934.6172
3329,12.7285,11.5699,1.6364,12.3713,284.0,11454.0,2934.6172
3330,12.4026,12.0906,1.7323,13.738,282.0,13048.0,2934.6172
3331,13.7459,12.5091,1.8244,12.3049,283.0,14898.0,2934.6172
3332,12.2695,12.8816,1.5546,13.2372,280.0,81304.0,2934.6172
3333,13.3628,11.7205,1.7125,13.2173,279.0,11524.0,2934.6172
3334,13.1068,11.4401,1.8301,12.4791,276.0,15441.0,2934.6172
3335,12.522,12.8386,1.784,12.5902,278.0,12882.0,2934.6172
3336,12.5648,12.567,1.978,13.6898,280.0,12178.0,2934.6172
3337,13.7028,12.5783,1.8952,13.1373,277.0,13954.0,2934.6172
3338,13.1898,11.403,1.9696,12.0799,280.0,16818.0,2934.6172
3339,12.0288,12.9391,1.8483,13.5035,281.0,19636.0,2934.6172
3340,13.5495,12.4617,1.6867,12.228,279.0,15812.0,2934.6172
3341,12.192,12.6256,1.7533,15.6492,283.0,19185.0,2934.6172
3342,15.6402,12.7519,1.941,12.9677,281.0,15100.0,2934.6172
3343,12.9981,13.2629,2.3986,14.3602,285.0,19911.0,2934.6172
3344,14.4399,12.7987,2.3309,12.3874,283.0,16216.0,2934.6172
3345,12.2992,13.2374,1.9863,13.1597,283.0,19035.0,2934.6172
3346,13.1241,12.924,2.2704,13.7925,281.0,15733.0,2934.6172
3347,13.837,13.6969,2.1444,13.1835,281.0,15160.0,2934.6172
3348,13.188,11.385,1.6996,12.5242,280.0,16049.0,2934.6172
3349,12.4808,12.7723,2.0514,12.7522,279.0,16031.0,2934.6172
3350,12.7777,12.3455,2.0038,12.3044,282.0,16981.0,2934.6172
3351,12.2845,12.9439,1.8663,13.3876,278.0,15420.0,2934.6172
3352,13.3836,11.3522,1.6399,13.6013,280.0,14427.0,2934.6172
3353,13.5736,12.5943,1.8294,13.7687,279.0,13364.0,2934.6172
3354,13.8093,12.7723,2.1229,11.4858,278.0,12626.0,2934.6172
3355,11.4564,13.0136,1.9277,14.2884,280.0,13228.0,2934.6172
3356,14.3891,12.563,2.456,13.1982,278.0,14498.0,2934.6172
3357,13.2437,11.6177,2.1422,14.0432,279.0,13988.0,2934.6172
3358,13.9729,13.0887,2.5051,12.1055,279.0,14494.0,2934.6172
3359,12.1484,12.8245,2.4232,12.0016,284.0,14922.0,2934.6172
3360,11.9167,12.289,1.8916,13.2997,283.0,14030.0,2934.6172
3361,13.3674,11.6804,2.4208,13.7355,285.0,15240.0,2934.6172
3362,13.7236,12.8633,2.1367,13.1939,284.0,18488.0,2934.6172
3363,13.3482,12.9477,2.3229,13.1147,284.0,17018.0,2934.6172
3364,12.9741,12.6973,2.0549,12.7803,282.0,16222.0,2934.6172
3365,12.7181,12.3179,1.7023,11.8577,280.0,19740.0,2934.6172
3366,11.8402,11.4148,1.9208,12.4947,281.0,19298.0,2934.6172
3367,12.5113,12.9074,1.9829,13.0259,281.0,23352.0,2934.6172
3368,13.0783,12.5798,1.8458,12.8163,277.0,12964.0,2934.6172
3369,12.7755,12.4826,1.5686,12.8102,281.0,18484.0,2934.6172
3370,12.8415,11.4699,1.8927,13.4193,282.0,18514.0,2934.6172
3371,13.3947,11.4695,1.9263,11.795,280.0,18828.0,2934.6172
3372,11.7704,12.296,1.7712,12.3378,279.0,12724.0,2934.6172
3373,12.3063,12.3853,1.7404,13.2666,280.0,14452.0,2934.6172
3374,13.3004,12.7445,1.721,13.6185,279.0,15882.0,2934.6172
3375,13.6105,11.5111,1.7213,11.8591,282.0,14538.0,2934.6172
3376,11.8737,12.3864,1.7138,12.5032,284.0,15556.0,2934.6172
3377,12.4656,12.7924,2.065,13.7222,282.0,13318.0,2934.6172
3378,13.7468,12.683,2.0239,12.9726,280.0,12822.0,2934.6172
3379,12.9545,11.5174,1.6147,12.602,281.0,11938.0,2934.6172
3380,12.641,12.4752,1.8071,14.1598,282.0,15839.0,2934.6172
3381,14.1511,12.7355,1.7663,11.8968,280.0,13761.0,2934.6172
3382,11.8984,12.4114,1.832,14.3882,278.0,14316.0,2934.6172
3383,14.3922,12.1353,2.0459,12.5316,279.0,15383.0,2934.6172
3384,12.6503,12.3185,2.3706,12.7797,285.0,16389.0,2934.6172
3385,12.6859,12.624,2.4061,14.1072,282.0,16336.0,2934.6172
3386,14.1639,11.9388,2.3358,11.7146,281.0,12766.0,2934.6172
3387,11.6643,12.2293,2.3184,12.9933,279.0,13164.0,2934.6172
3388,13.0335,11.4057,2.1653,12.631,279.0,23780.0,2934.6172
3389,12.6887,12.8671,2.6027,14.2082,279.0,11438.0,2934.6172
3390,14.1577,12.7893,2.4564,11.7271,279.0,12830.0,2934.6172
3391,11.6911,12.8384,2.1878,13.3867,283.0,13762.0,2934.6172
3392,13.4061,11.5304,2.6135,13.268,282.0,13330.0,2934.6172
3393,13.3118,12.7343,2.4874,14.2156,283.0,11442.0,2934.6172
3394,14.2308,13.3038,2.2761,12.2342,282.0,13048.0,2934.6172
3395,12.2812,12.5006,2.26,12.7454,281.0,14874.0,2934.6172
3396,12.6221,12.1872,1.9727,13.6626,281.0,81316.0,2934.6172
3397,13.7268,11.563,2.4021,14.4048,278.0,11512.0,2934.6172
3398,14.3889,12.8079,2.5046,10.9984,278.0,15833.0,2934.6172
3399,11.0838,13.4503,2.7186,13.1559,278.0,12514.0,2934.6172
3400,13.0759,12.8261,2.9503,13.93,280.0,12546.0,2934.6172
3401,13.956,12.4914,2.5115,13.29,277.0,13586.0,2934.6172
3402,13.2006,11.4994,2.2392,13.5871,279.0,16806.0,2934.6172
3403,13.6754,12.9449,2.89,12.264,280.0,19624.0,2934.6172
3404,12.202,12.4673,2.841,11.9884,279.0,16338.0,2934.6172
3405,11.9505,12.5303,1.9168,12.5091,283.0,19577.0,2934.6172
3406,12.5382,11.426,2.0387,13.3426,280.0,16385.0,2934.6172
3407,13.3649,12.8444,2.3536,14.3323,283.0,17672.0,2934.6172
3408,14.3742,12.7397,2.4775,11.8858,286.0,19905.0,2934.6172
3409,11.9056,12.9431,2.9336,12.6598,284.0,18215.0,2934.6172
3410,12.597,13.1759,2.3592,16.4504,281.0,13280.0,2934.6172
3411,16.5664,11.6728,2.5476,10.8263,281.0,14792.0,2934.6172
3412,10.6715,12.9187,2.0605,13.6639,281.0,16061.0,2934.6172
3413,13.6954,12.8537,2.1302,11.3496,279.0,16031.0,2934.6172
3414,11.3266,12.7329,1.8224,13.4784,281.0,17801.0,2934.6172
3415,13.5247,13.2668,1.9095,13.5652,280.0,14612.0,2934.6172
3416,13.5196,11.4069,2.0533,12.0858,282.0,14451.0,2934.6172
3417,12.0886,12.382,1.828,12.6711,280.0,13376.0,2934.6172
3418,12.6961,12.7211,1.9411,13.6616,280.0,12650.0,2934.6172
3419,13.6831,13.0889,2.0107,14.3276,278.0,13966.0,2934.6172
3420,14.3435,11.4372,2.1224,11.4984,278.0,13736.0,2934.6172
3421,11.4265,12.9254,2.2583,13.2801,279.0,15676.0,2934.6172
3422,13.29,12.5483,1.9178,12.6366,280.0,13186.0,2934.6172
3423,12.6566,12.8579,2.2362,13.6833,285.0,14566.0,2934.6172
3424,13.6892,12.7206,1.9714,12.9859,285.0,14992.0,2934.6172
3425,12.9942,11.5831,2.0719,13.4881,284.0,14658.0,2934.6172
3426,13.4479,12.6635,2.0185,12.0075,284.0,18276.0,2934.6172
3427,12.0516,12.9971,2.0242,13.3293,285.0,18028.0,2934.6172
3428,13.293,12.6716,1.8503,13.0801,283.0,15080.0,2934.6172
3429,13.1093,11.5054,1.8278,13.5479,280.0,19740.0,2934.6172
3430,13.5024,12.5246,2.0993,15.1008,282.0,22646.0,2934.6172
3431,15.2092,13.0474,2.4364,12.2346,282.0,20028.0,2934.6172
3432,12.2674,13.2088,2.5058,12.1424,277.0,12964.0,2934.6172
3433,12.0754,12.7209,2.3986,14.4095,280.0,18472.0,2934.6172
3434,14.9342,11.5128,3.0085,14.049,281.0,18502.0,2934.6172
3435,13.5857,13.0136,2.4646,11.4709,280.0,18828.0,2934.6172
3436,11.3698,12.7625,2.2498,12.7341,278.0,12868.0,2934.6172
3437,12.7509,13.2093,2.9289,13.1438,278.0,14272.0,2934.6172
3438,13.1373,12.7349,2.4472,12.9228,279.0,17326.0,2934.6172
3439,12.8542,11.4913,1.6554,13.1351,282.0,13094.0,2934.6172
3440,13.2128,12.5779,1.9109,12.8352,283.0,15544.0,2934.6172
3441,12.8798,13.1388,2.1071,12.7082,280.0,13450.0,2934.6172
3442,12.6427,13.0329,2.018,13.5769,280.0,12666.0,2934.6172
3443,13.576,12.0187,1.8802,14.0476,279.0,11878.0,2934.6172
3444,14.0762,12.1465,1.9338,12.1276,283.0,15887.0,2934.6172
3445,12.1208,13.1418,2.2277,13.592,282.0,13785.0,2934.6172
3446,13.5943,12.9263,1.9506,12.4973,279.0,14328.0,2934.6172
3447,12.4975,12.8993,2.0543,13.3955,282.0,16107.0,2934.6172
3448,13.453,11.6501,2.0438,12.9318,283.0,16681.0,2934.6172
3449,12.8853,12.8485,1.9,13.3846,280.0,15308.0,2934.6172
3450,13.3848,13.0425,1.9427,13.1529,280.0,12754.0,2934.6172
3451,13.1142,13.247,2.251,14.7164,281.0,13188.0,2934.6172
3452,14.7832,12.9056,2.1799,12.4501,278.0,23768.0,2934.6172
3453,12.4103,11.5344,1.9659,13.1065,278.0,11426.0,2934.6172
3454,13.1373,13.4241,2.1419,13.3992,278.0,12818.0,2934.6172
3455,13.342,12.801,2.064,12.7505,282.0,13750.0,2934.6172
3456,12.7646,12.9501,2.1105,13.6854,286.0,13378.0,2934.6172
3457,13.6811,13.4653,2.1124,14.6169,282.0,11430.0,2934.6172
3458,14.6343,12.1374,2.1511,13.2011,282.0,13048.0,2934.6172
3459,13.1966,13.2938,2.1963,13.5274,280.0,20094.0,2934.6172
3460,13.5593,13.2371,2.0313,12.9685,281.0,76084.0,2934.6172
3461,13.014,13.3035,2.4165,13.7029,279.0,11892.0,2934.6172
3462,13.7777,12.9443,2.7615,13.3274,277.0,15453.0,2934.6172
3463,13.2266,12.0437,2.993,13.4854,279.0,12894.0,2934.6172
3464,13.4375,12.9622,2.0289,13.7626,279.0,12166.0,2934.6172
3465,13.7751,12.9941,1.9137,11.8723,277.0,13586.0,2934.6172
3466,11.9447,13.1524,2.2758,14.5854,282.0,18689.0,2934.6172
3467,14.5307,12.8456,2.1379,13.8803,281.0,18849.0,2934.6172
3468,13.873,11.473,2.9374,13.3106,279.0,17334.0,2934.6172
3469,13.3163,13.373,2.1743,12.7069,282.0,19724.0,2934.6172
3470,12.6971,12.9373,2.019,12.9276,278.0,14146.0,2934.6172
3471,13.0856,13.2262,2.4169,13.6484,282.0,17660.0,2934.6172
3472,13.6671,12.2884,2.3437,12.8424,282.0,20653.0,2934.6172
3473,12.685,12.5018,1.9047,13.4582,283.0,17407.0,2934.6172
3474,13.4609,12.6193,2.0043,12.8299,281.0,13280.0,2934.6172
3475,12.8495,12.9946,2.0984,14.1315,280.0,14780.0,2934.6172
3476,14.3626,13.213,2.7002,13.0263,282.0,16537.0,2934.6172
3477,12.837,12.709,2.3234,14.6401,280.0,15947.0,2934.6172
3478,14.668,12.1467,2.0218,12.4627,280.0,17421.0,2934.6172
3479,12.3671,13.3018,2.0622,13.2894,278.0,14588.0,2934.6172
3480,13.2819,13.1537,2.437,13.0988,281.0,14903.0,2934.6172
3481,13.1606,14.1393,2.2553,13.9854,280.0,12912.0,2934.6172
3482,13.9366,12.9464,2.0479,13.2984,279.0,13400.0,2934.6172
3483,13.2808,12.5307,1.9479,13.797,280.0,13228.0,2934.6172
3484,13.8096,11.3851,1.8357,12.6641,280.0,14522.0,2934.6172
3485,12.6839,13.347,1.8568,12.8581,279.0,14914.0,2934.6172
3486,12.885,12.7966,2.3389,13.4906,281.0,13198.0,2934.6172
3487,13.4447,13.0996,1.9461,14.0697,284.0,15492.0,2934.6172
3488,14.0556,11.6629,1.7972,12.9894,284.0,14410.0,2934.6172
3489,12.9992,13.0936,1.9889,13.0384,284.0,14290.0,2934.6172
3490,12.9955,13.0874,1.8175,13.2577,287.0,19316.0,2934.6172
3491,13.2823,13.3507,2.1129,13.6039,284.0,17012.0,2934.6172
3492,13.5963,13.1959,1.7952,13.8192,281.0,15424.0,2934.6172
3493,13.8055,11.4012,1.7542,12.8118,281.0,19384.0,2934.6172
3494,12.8202,12.935,1.6822,13.9783,283.0,25994.0,2934.6172
3495,14.0167,13.3788,1.8916,12.1354,279.0,16656.0,2934.6172
3496,12.1652,13.1001,2.0692,13.7147,277.0,12964.0,2934.6172
3497,13.7078,13.186,1.9403,13.6949,283.0,18508.0,2934.6172
3498,13.6899,11.6197,2.0685,13.6052,281.0,18502.0,2934.6172
3499,13.5894,11.8101,1.8998,12.8002,281.0,18840.0,2934.6172
3500,12.8137,12.9545,1.9169,12.3796,278.0,12868.0,2934.6172
3501,12.3478,13.0662,2.0715,14.2917,280.0,15740.0,2934.6172
3502,14.3291,13.1201,2.1693,13.479,283.0,15930.0,2934.6172
3503,13.4599,11.5614,1.8151,13.6895,284.0,13204.0,2934.6172
3504,13.7066,12.4797,2.0353,12.7346,282.0,15410.0,2934.6172
3505,12.7217,13.4671,1.8746,13.1012,281.0,13498.0,2934.6172
3506,13.1147,13.5006,2.0048,13.8442,281.0,12678.0,2934.6172
3507,13.7767,12.9147,2.061,13.5268,278.0,11866.0,2934.6172
3508,13.6646,11.6337,1.8989,13.2397,282.0,15875.0,2934.6172
3509,13.1832,12.8075,1.9093,12.9239,280.0,13761.0,2934.6172
3510,12.8904,13.1072,1.815,12.6536,278.0,15004.0,2934.6172
3511,12.6513,13.1976,2.203,14.1856,281.0,15407.0,2934.6172
3512,14.1695,13.1824,2.0844,13.8843,284.0,16843.0,2934.6172
3513,13.9442,11.5649,1.9939,13.1272,282.0,15182.0,2934.6172
3514,13.1089,12.9742,1.9554,12.5939,280.0,12904.0,2934.6172
3515,12.6288,13.1527,2.0346,12.4361,279.0,14712.0,2934.6172
3516,12.3602,12.9115,1.8021,14.3733,280.0,22094.0,2934.6172
3517,14.3852,13.0749,2.2081,13.1783,280.0,11914.0,2934.6172
3518,13.1964,11.3512,1.9375,12.6974,279.0,12366.0,2934.6172
3519,12.7278,13.3456,1.9009,13.7902,284.0,13774.0,2934.6172
3520,13.8032,13.197,1.9348,12.7385,285.0,13366.0,2934.6172
3521,12.7551,13.0306,2.0726,14.0459,282.0,11430.0,2934.6172
3522,13.9938,13.1441,2.1662,13.8525,281.0,18268.0,2934.6172
3523,13.8918,11.5545,2.14,12.0066,281.0,16470.0,2934.6172
3524,11.9622,13.1567,1.9708,14.1507,280.0,74844.0,2934.6172
3525,14.1636,13.1923,1.8889,12.7541,280.0,11536.0,2934.6172
3526,12.7407,13.263,2.1321,13.5555,277.0,15573.0,2934.6172
3527,13.5544,13.252,2.2224,14.4958,278.0,12882.0,2934.6172
3528,14.5405,11.4398,1.8659,12.8628,280.0,12058.0,2934.6172
3529,12.8295,13.3378,1.9231,14.1955,279.0,13610.0,2934.6172
3530,14.2102,13.212,1.9831,12.6549,283.0,19393.0,2934.6172
3531,12.7124,13.4355,2.3048,14.1524,279.0,18501.0,2934.6172
3532,14.0911,12.9873,2.0925,13.3349,282.0,19217.0,2934.6172
3533,13.4007,11.5267,2.2295,14.0763,281.0,17497.0,2934.6172
3534,14.0062,13.0823,2.0813,12.4575,279.0,14526.0,2934.6172
3535,12.4673,13.0973,2.0335,13.2419,283.0,20861.0,2934.6172
3536,13.3275,13.1762,2.0198,13.3959,283.0,17476.0,2934.6172
3537,13.2637,13.3971,1.9542,14.0644,283.0,17407.0,2934.6172
3538,14.1459,12.1344,2.2145,13.3704,283.0,12936.0,2934.6172
3539,13.3657,11.8178,2.0999,13.302,283.0,14816.0,2934.6172
3540,13.3009,13.2185,2.1821,13.8016,281.0,16733.0,2934.6172
3541,13.9089,13.3082,2.3221,12.7076,278.0,15715.0,2934.6172
3542,12.5774,13.1755,2.0787,13.8931,281.0,17433.0,2934.6172
3543,13.9194,13.0812,2.1881,13.8721,279.0,15362.0,2934.6172
3544,13.9509,11.6532,2.1806,12.7584,281.0,14141.0,2934.6172
3545,12.6918,13.0322,2.0189,12.5634,280.0,13674.0,2934.6172
3546,12.5829,13.2226,2.1928,13.5992,279.0,12638.0,2934.6172
3547,13.573,13.3159,2.2276,13.4216,278.0,13966.0,2934.6172
3548,13.3917,11.4574,2.1132,14.5735,280.0,13760.0,2934.6172
3549,14.5571,11.5354,1.8646,12.2943,280.0,14926.0,2934.6172
3550,12.6344,12.9764,2.2887,13.231,279.0,13174.0,2934.6172
3551,12.9358,13.3809,2.8093,13.286,285.0,15872.0,2934.6172
3552,13.2521,13.1275,2.4927,13.7691,284.0,14980.0,2934.6172
3553,13.7763,13.042,2.137,13.4889,285.0,13364.0,2934.6172
3554,13.4613,11.6423,1.9241,13.6874,283.0,19268.0,2934.6172
3555,13.7514,13.2715,2.0641,13.1347,284.0,17012.0,2934.6172
3556,13.1413,13.0111,2.2049,12.5842,284.0,19296.0,2934.6172
3557,12.5439,13.2662,2.0009,13.9163,280.0,18872.0,2934.6172
3558,13.9339,12.1363,1.9215,13.472,284.0,22670.0,2934.6172
3559,13.4141,11.8895,1.909,12.9064,281.0,16680.0,2934.6172
3560,12.999,13.018,2.1633,13.7133,277.0,12964.0,2934.6172
3561,13.7256,13.5402,2.5239,12.8567,280.0,18472.0,2934.6172
3562,12.812,13.1653,2.1118,14.0507,281.0,21838.0,2934.6172
3563,14.0244,12.4111,2.1035,13.6372,279.0,16014.0,2934.6172
3564,13.7705,11.3662,1.9742,12.8491,278.0,14762.0,2934.6172
3565,12.7677,13.2207,1.9575,13.3666,278.0,13288.0,2934.6172
3566,13.3674,13.1349,2.102,13.0341,279.0,15968.0,2934.6172
3567,13.0238,13.2358,2.0035,13.5722,283.0,13262.0,2934.6172
3568,13.5475,13.0895,2.1353,13.3111,283.0,15730.0,2934.6172
3569,13.2979,11.6143,1.9146,12.9068,281.0,13034.0,2934.6172
3570,12.9603,13.1392,1.9179,13.6956,281.0,12678.0,2934.6172
3571,13.6714,13.1426,2.0071,12.6677,280.0,11890.0,2934.6172
3572,12.6228,12.9487,1.7928,13.583,282.0,15875.0,2934.6172
3573,13.6286,12.7755,1.8227,13.4666,281.0,16149.0,2934.6172
3574,13.4422,11.3938,1.8162,12.9162,277.0,13356.0,2934.6172
3575,12.9545,13.3783,1.9281,13.5259,281.0,15671.0,2934.6172
3576,13.5163,13.2723,2.0409,13.471,282.0,15815.0,2934.6172
3577,13.5277,12.9657,2.086,13.5822,281.0,15170.0,2934.6172
3578,13.5002,12.0169,2.0934,13.1953,280.0,12904.0,2934.6172
3579,13.1466,12.5015,1.8162,12.9645,279.0,15526.0,2934.6172
3580,12.9987,13.0981,1.7149,12.4973,279.0,21268.0,2934.6172
3581,12.5392,12.8878,2.0913,13.4326,280.0,11914.0,2934.6172
3582,13.4216,13.0962,2.0044,14.026,278.0,12354.0,2934.6172
3583,14.0083,11.7838,1.8826,13.3233,282.0,13750.0,2934.6172
3584,13.3757,13.0302,1.8951,12.8048,284.0,13354.0,2934.6172
3585,12.8021,13.1382,1.9983,12.6174,283.0,11442.0,2934.6172
3586,12.6145,13.2687,2.1418,14.3767,282.0,19876.0,2934.6172
3587,14.3397,13.1575,2.1261,13.6455,282.0,14886.0,2934.6172
3588,13.6379,11.5365,1.8955,13.699,280.0,74844.0,2934.6172
3589,13.7138,11.7311,1.8395,12.514,280.0,11656.0,2934.6172
3590,12.5049,13.1149,1.8036,12.9434,276.0,15441.0,2934.6172
3591,12.9716,13.0752,2.2598,13.6215,278.0,12882.0,2934.6172
3592,13.6103,13.1588,1.8462,13.8109,279.0,12046.0,2934.6172
3593,13.8074,11.6628,1.6917,13.8652,278.0,14124.0,2934.6172
3594,13.9006,12.8858,1.8518,12.1016,282.0,18855.0,2934.6172
3595,12.0581,13.1377,20.9935,14.482,281.0,20740.0,2934.6172
3596,21.0603,13.2886,2.5206,6.1651,279.0,16966.0,2934.6172
3597,5.5373,13.3155,2.3668,14.0269,281.0,17497.0,2934.6172
3598,14.0548,11.3922,2.7209,13.3969,280.0,15432.0,2934.6172
3599,13.4254,12.4958,1.7398,12.951,283.0,19967.0,2934.6172
3600,12.9946,13.2805,1.8846,13.0116,284.0,17488.0,2934.6172
3601,12.9478,13.1844,2.1304,13.5262,283.0,17407.0,2934.6172
3602,13.5,13.0128,2.1283,13.8431,280.0,12900.0,2934.6172
3603,13.8275,11.9569,1.9277,13.8003,281.0,15428.0,2934.6172
3604,13.8171,12.0159,1.9299,12.2778,280.0,16453.0,2934.6172
3605,12.287,13.081,1.8528,13.1402,279.0,15359.0,2934.6172
3606,13.2716,13.4321,2.0868,13.6457,280.0,18183.0,2934.6172
3607,13.5133,13.0969,1.9169,13.9844,280.0,14612.0,2934.6172
3608,14.0472,11.6573,1.8215,13.7474,280.0,14891.0,2934.6172
3609,13.693,11.8923,1.8924,13.1524,279.0,13268.0,2934.6172
3610,13.2081,13.3189,1.95,12.9677,278.0,12258.0,2934.6172
3611,12.9634,13.2584,2.2958,13.0516,278.0,13966.0,2934.6172
3612,12.9357,12.8532,1.778,13.7708,279.0,13748.0,2934.6172
3613,13.8012,11.6047,1.7052,13.2991,280.0,14926.0,2934.6172
3614,13.3228,12.1377,1.8838,12.6863,278.0,13530.0,2934.6172
3615,12.7151,12.6918,1.9848,13.3298,286.0,16804.0,2934.6172
3616,13.3065,12.9476,2.0796,13.363,283.0,13836.0,2934.6172
3617,13.3403,13.1588,1.9448,14.8721,284.0,13196.0,2934.6172
3618,14.9446,11.446,1.9275,11.8285,283.0,19268.0,2934.6172
3619,11.8113,13.1953,2.1631,14.2188,285.0,17024.0,2934.6172
3620,14.2049,12.7745,1.981,12.1989,282.0,19272.0,2934.6172
3621,12.1981,12.9766,2.1484,13.818,282.0,19430.0,2934.6172
3622,13.8115,12.9647,1.9774,13.2962,282.0,22236.0,2934.6172
3623,13.34,11.7868,1.8739,14.1158,279.0,16532.0,2934.6172
3624,14.1052,12.5631,1.9252,12.6659,278.0,12976.0,2934.6172
3625,12.6525,13.2588,1.8929,12.871,283.0,25180.0,2934.6172
3626,12.815,12.9425,1.9387,13.6629,280.0,15154.0,2934.6172
3627,13.6816,13.1216,1.8508,13.6284,278.0,16158.0,2934.6172
3628,13.7016,11.3847,1.8828,13.3206,279.0,14618.0,2934.6172
3629,13.293,13.0873,2.028,13.2651,279.0,13542.0,2934.6172
3630,13.2513,12.9377,1.9076,12.2162,280.0,15738.0,2934.6172
3631,12.2031,13.1823,2.107,14.3295,282.0,13250.0,2934.6172
3632,14.3583,13.1428,1.8205,13.6051,283.0,15730.0,2934.6172
3633,13.7045,11.5753,2.1434,12.5744,281.0,13034.0,2934.6172
3634,12.4762,13.0682,1.9735,13.8659,280.0,12666.0,2934.6172
3635,13.8852,13.1669,1.9221,12.323,282.0,11914.0,2934.6172
3636,12.2699,13.1728,2.2107,14.419,281.0,16551.0,2934.6172
3637,14.4661,13.047,2.08,13.1199,280.0,15413.0,2934.6172
3638,13.0797,11.3841,2.095,13.0732,276.0,13236.0,2934.6172
3639,13.0668,13.3657,2.0452,13.1616,282.0,16387.0,2934.6172
3640,13.2016,13.0032,2.0175,12.8187,281.0,15099.0,2934.6172
3641,12.7762,13.1366,2.1664,13.4624,280.0,15308.0,2934.6172
3642,13.4983,12.7898,2.068,13.434,280.0,13320.0,2934.6172
3643,13.417,11.5316,1.9587,12.8719,279.0,16504.0,2934.6172
3644,12.9741,12.6175,1.9773,13.8063,279.0,20188.0,2934.6172
3645,13.6869,12.9007,1.9057,12.0421,279.0,11438.0,2934.6172
3646,12.0742,13.126,1.9452,14.2496,280.0,12378.0,2934.6172
3647,14.2402,13.1731,1.9911,13.2725,283.0,13762.0,2934.6172
3648,13.2777,11.3539,1.7504,12.8907,284.0,13354.0,2934.6172
3649,12.8867,13.0767,1.8825,13.8817,285.0,11466.0,2934.6172
3650,13.915,13.1352,2.0637,12.3448,280.0,21526.0,2934.6172
3651,12.2625,13.0818,1.6875,14.234,280.0,13188.0,2934.6172
3652,14.3725,12.5804,1.8451,13.4402,282.0,74868.0,2934.6172
3653,13.373,11.5314,1.8986,12.5554,278.0,14453.0,2934.6172
3654,12.5424,13.1933,1.8333,12.6394,279.0,12656.0,2934.6172
3655,12.6798,12.9672,1.9522,13.4552,278.0,12882.0,2934.6172
3656,13.3771,13.1759,2.0538,14.6605,281.0,12438.0,2934.6172
3657,14.7389,12.9199,2.0047,12.9058,277.0,13744.0,2934.6172
3658,12.8773,11.4417,2.3481,17.4209,1418.0,186084.0,2978.9922
3659,17.4867,13.3322,2.7573,11.7015,736.0,61387.0,3008.3672
3660,11.697,14.9352,3.6833,12.5862,654.0,26768.0,3008.3672
3661,12.5262,13.9039,2.1148,14.8946,651.0,22982.0,3008.3672
3662,14.894,12.2857,1.7732,13.2333,653.0,24249.0,2993.6797
3663,13.2504,10.954,2.3105,12.7739,656.0,20716.0,2993.6797
3664,12.7252,11.5486,2.2329,11.7851,657.0,23650.0,2972.9922
3665,11.8122,12.5109,2.2757,12.6105,656.0,22204.0,2972.9922
3666,12.6087,11.6436,1.8686,13.2901,654.0,21000.0,2972.9922
3667,13.2489,10.9052,1.5683,12.9439,655.0,21492.0,2972.9922
3668,12.9587,12.218,1.7413,12.2658,654.0,19056.0,2972.9922
3669,12.3375,12.3071,1.7834,12.4041,654.0,24009.0,2972.9922
3670,12.3895,11.4781,2.2357,12.3972,653.0,19530.0,2972.9922
3671,12.3678,10.7224,1.9684,12.5197,654.0,20217.0,2972.9922
3672,12.5175,11.8021,1.5977,12.5007,653.0,18486.0,2972.9922
3673,12.5548,12.2931,1.9319,11.8028,653.0,20046.0,2972.9922
3674,11.7084,12.437,1.9484,13.3957,654.0,18036.0,2972.9922
3675,13.4636,10.9324,2.1444,12.9596,655.0,21366.0,2972.9922
3676,12.9599,12.2003,1.8239,11.7954,655.0,22638.0,2972.9922
3677,11.7815,12.2925,1.8807,11.9545,654.0,21324.0,2972.9922
3678,11.9429,11.8716,1.9151,13.0115,652.0,19070.0,2844.9922
3679,13.0405,10.9986,2.2922,13.4409,658.0,19726.0,2844.9922
3680,13.464,11.258,1.8711,12.1884,660.0,25270.0,2844.9922
3681,12.1439,12.3033,1.9456,11.9676,659.0,25442.0,2844.9922
3682,12.0092,12.5039,2.1667,13.0118,655.0,25074.0,2844.9922
3683,12.9901,11.2615,2.1034,12.9024,659.0,28710.0,2844.9922
3684,12.898,11.7463,2.1729,11.949,657.0,22340.0,2844.9922
3685,11.8918,12.4243,1.6954,12.1321,653.0,21374.0,2844.9922
3686,12.1375,12.4541,1.9801,13.577,653.0,26070.0,2844.9922
3687,13.6575,10.7581,2.1545,12.501,654.0,24182.0,2844.9922
3688,12.4566,10.67,2.2542,11.8542,654.0,21904.0,2844.9922
3689,11.8837,12.2829,1.9347,11.7275,652.0,24254.0,2844.9922
3690,11.6767,12.2777,1.9922,13.6322,653.0,18506.0,2844.9922
3691,13.6535,11.4464,2.1284,14.3527,653.0,19048.0,2844.9922
3692,14.3359,11.0051,1.8583,11.4983,653.0,21942.0,2844.9922
3693,11.5528,12.5935,1.9242,11.6968,651.0,19722.0,2844.9922
3694,11.6942,12.3955,2.248,12.9703,651.0,21570.0,2844.9922
3695,13.0119,12.2837,2.2592,13.2579,657.0,19430.0,2844.9922
3696,13.2356,10.7105,1.9852,11.5061,654.0,18462.0,2844.9922
3697,11.4714,12.4954,1.9099,12.2204,655.0,20314.0,2844.9922
3698,12.286,11.5374,2.4305,12.8064,654.0,20032.0,2844.9922
3699,12.762,12.4568,2.1215,13.5553,654.0,21126.0,2844.9922
3700,13.7211,10.6964,1.9819,11.6523,655.0,20705.0,2844.9922
3701,11.4266,12.4054,1.8447,12.118,653.0,19524.0,2844.9922
3702,12.1901,11.977,2.1307,12.5785,653.0,20427.0,2844.9922
3703,12.5552,12.4091,2.0588,13.3819,653.0,19790.0,2844.9922
3704,13.4272,10.8941,1.8437,12.0943,652.0,24630.0,2844.9922
3705,12.1034,12.4232,1.8857,11.9719,653.0,22594.0,2844.9922
3706,12.0436,12.2559,2.1958,12.8345,652.0,18414.0,2844.9922
3707,12.6943,12.4122,1.8224,13.3798,653.0,18890.0,2844.9922
3708,13.4242,10.7017,1.7745,12.2722,652.0,19828.0,2844.9922
3709,12.2169,12.4101,1.896,12.5791,652.0,17972.0,2844.9922
3710,12.6841,12.4337,2.1622,12.4267,653.0,27596.0,2844.9922
3711,12.3676,12.4334,1.9541,13.1894,657.0,19262.0,2844.9922
3712,13.198,10.6954,1.905,12.089,657.0,83739.0,2844.9922
3713,12.073,12.41,1.9501,12.5483,656.0,17696.0,2844.9922
3714,12.5884,12.1035,2.1663,12.106,653.0,18780.0,2844.9922
3715,12.0983,12.4169,1.7846,13.2937,653.0,19214.0,2844.9922
3716,13.2682,10.7496,1.9793,11.7785,654.0,18254.0,2844.9922
3717,11.7858,12.3624,2.159,12.4908,651.0,21422.0,2844.9922
3718,12.5518,11.8084,2.0741,12.5168,652.0,18892.0,2844.9922
3719,12.5352,12.1233,2.0218,13.0739,652.0,23890.0,2844.9922
3720,13.0682,10.6758,2.0173,12.1511,652.0,21831.0,2844.9922
3721,12.1289,12.343,2.1598,12.5265,652.0,17486.0,2844.9922
3722,12.4792,12.5493,2.0446,12.7717,652.0,20307.0,2844.9922
3723,12.8411,12.271,1.9677,12.8307,652.0,19342.0,2844.9922
3724,12.8584,10.7073,1.9291,11.8563,652.0,19342.0,2844.9922
3725,11.7493,12.4507,1.8442,12.8304,652.0,21328.0,2844.9922
3726,12.871,12.5797,2.0232,12.5741,659.0,25179.0,2844.9922
3727,12.485,12.1907,1.5848,12.786,660.0,39456.0,2844.9922
3728,12.8114,10.7282,1.6853,12.1877,658.0,27550.0,2844.9922
3729,12.2071,12.2631,1.7627,12.8154,659.0,29430.0,2844.9922
3730,12.8285,12.7194,2.0877,12.7017,655.0,20770.0,2844.9922
3731,12.7106,12.3674,1.9928,13.1222,656.0,23983.0,2844.9922
3732,13.0847,10.6947,2.2105,11.6484,655.0,20406.0,2844.9922
3733,11.6991,12.0023,1.9118,13.1118,653.0,23202.0,2844.9922
3734,13.1102,12.4649,1.9773,12.6588,652.0,22936.0,2844.9922
3735,12.5897,12.2664,1.7568,13.27,652.0,20262.0,2844.9922
3736,13.3106,10.733,2.0382,12.0764,652.0,21846.0,2844.9922
3737,12.1108,12.4828,2.0596,12.2152,652.0,19054.0,2844.9922
3738,12.2616,12.5187,1.9747,12.7849,655.0,24485.0,2844.9922
3739,12.7503,12.2207,2.0151,13.3451,656.0,20581.0,2844.9922
3740,13.3927,10.7391,2.302,11.6605,653.0,18514.0,2844.9922
3741,11.7051,12.2412,1.9222,13.4111,652.0,18318.0,2844.9922
3742,13.2653,12.4966,1.9092,11.3786,652.0,20034.0,2844.9922
3743,11.3632,12.4375,1.6799,13.3582,657.0,18396.0,2844.9922
3744,13.3422,10.6704,1.7627,13.2364,659.0,22658.0,2844.9922
3745,13.2836,12.1075,1.8634,11.751,658.0,21130.0,2844.9922
3746,11.7669,12.6136,1.7723,12.0447,656.0,21326.0,2844.9922
3747,12.0118,12.2709,1.7906,13.4131,654.0,18916.0,2844.9922
3748,13.5362,10.9285,2.2844,12.5624,657.0,20674.0,2844.9922
3749,12.5385,12.2854,1.9678,12.1422,656.0,27664.0,2844.9922
3750,12.0661,12.4716,1.8823,12.3032,653.0,22576.0,2844.9922
3751,12.2378,12.2248,2.0831,13.2752,655.0,25602.0,2844.9922
3752,13.4367,11.3386,2.5215,12.9817,658.0,29070.0,2844.9922
3753,12.9575,10.9925,1.9119,11.8729,655.0,20984.0,2844.9922
3754,11.8788,12.4597,1.73,12.2125,656.0,28082.0,2844.9922
3755,12.1264,12.0274,2.1237,13.1505,651.0,19374.0,2844.9922
3756,13.2124,12.1271,2.2033,13.2081,655.0,24194.0,2844.9922
3757,13.1648,10.967,1.7132,11.9969,654.0,21904.0,2844.9922
3758,12.0127,12.4821,1.8323,12.0835,653.0,24352.0,2844.9922
3759,12.1956,11.8063,2.0321,13.1848,657.0,18580.0,2844.9922
3760,13.0353,12.4119,1.8327,12.8541,656.0,18884.0,2844.9922
3761,12.8766,10.7248,1.9287,11.694,657.0,21946.0,2844.9922
3762,11.7101,12.291,1.9163,12.1882,654.0,19736.0,2844.9922
3763,12.2931,12.0097,2.1163,13.3807,653.0,22262.0,2844.9922
3764,13.324,12.3577,2.1205,13.1436,655.0,18738.0,2844.9922
3765,13.0701,10.65,1.8223,12.1669,650.0,18422.0,2844.9922
3766,12.2026,12.2325,2.3666,11.3557,652.0,20786.0,2844.9922
3767,11.3645,12.3241,1.9188,13.0449,652.0,21310.0,2844.9922
3768,13.0584,12.3003,2.1563,12.9612,651.0,20140.0,2844.9922
3769,12.9381,10.6984,2.1184,11.7036,654.0,21731.0,2844.9922
3770,11.6738,12.455,1.8511,12.5148,653.0,17970.0,2844.9922
3771,12.6217,11.9924,2.1423,13.0688,655.0,20451.0,2844.9922
3772,12.9619,11.9512,2.0845,12.9823,653.0,21998.0,2844.9922
3773,13.0708,10.9669,2.0323,12.3721,652.0,24280.0,2844.9922
3774,12.3214,12.1014,2.0803,11.1627,652.0,20574.0,2844.9922
3775,11.2952,12.5155,2.1465,13.7452,657.0,18430.0,2844.9922
3776,13.6719,12.4654,1.8647,13.1634,656.0,19346.0,2844.9922
3777,13.0642,10.7464,1.8866,11.7763,656.0,19390.0,2844.9922
3778,11.806,12.231,1.9072,11.4057,656.0,19572.0,2844.9922
3779,11.4597,12.0188,1.874,13.9356,654.0,25990.0,2844.9922
3780,13.9682,11.8349,2.2723,12.8232,655.0,25273.0,2844.9922
3781,12.7349,10.7206,1.7485,11.8639,653.0,77722.0,2844.9922
3782,11.9377,12.4308,1.9071,12.1414,654.0,17716.0,2844.9922
3783,12.1466,12.4344,2.1142,12.9209,650.0,19804.0,2844.9922
3784,12.8342,11.4205,1.9107,12.5676,651.0,18332.0,2844.9922
3785,12.602,11.4191,1.932,11.7408,652.0,18094.0,2844.9922
3786,11.8507,12.443,2.3466,12.8807,651.0,21422.0,2844.9922
3787,12.8152,12.4566,2.1784,12.6095,652.0,21713.0,2844.9922
3788,12.571,11.9958,2.0576,12.9665,652.0,21831.0,2844.9922
3789,12.9406,10.7495,1.832,11.7633,653.0,21081.0,2844.9922
3790,11.823,12.415,2.2843,12.3409,653.0,20319.0,2844.9922
3791,12.3438,12.4002,1.9612,12.9823,657.0,17966.0,2844.9922
3792,12.9021,12.23,2.0624,12.9942,657.0,19822.0,2844.9922
3793,13.0677,10.7098,2.0045,13.2676,656.0,18952.0,2844.9922
3794,13.2304,12.7059,1.9899,12.4747,656.0,22839.0,2844.9922
3795,12.4976,12.604,2.2398,13.5488,658.0,24722.0,2844.9922
3796,13.6065,12.46,2.3038,11.5289,661.0,38630.0,2844.9922
3797,11.4426,10.7025,2.2246,12.0447,658.0,30537.0,2844.9922
3798,12.0798,12.4558,1.8401,13.5299,653.0,26827.0,2844.9922
3799,13.547,12.3691,2.1321,12.1054,654.0,22169.0,2844.9922
3800,12.0166,12.3449,1.8701,13.1657,653.0,22308.0,2844.9922
3801,13.2196,10.745,1.9804,12.0634,652.0,19928.0,2844.9922
3802,12.0425,12.47,1.8641,12.7115,653.0,22834.0,2844.9922
3803,12.7691,12.2671,2.0878,11.7665,652.0,22936.0,2844.9922
3804,11.6961,12.3968,1.8212,13.4105,653.0,22330.0,2844.9922
3805,13.4544,10.6926,1.6909,11.8559,652.0,20158.0,2844.9922
3806,11.8416,12.4259,1.8072,12.5369,653.0,18698.0,2844.9922
3807,12.649,12.1931,1.9112,12.1183,661.0,26360.0,2844.9922
3808,11.9987,12.4178,1.8013,13.2806,656.0,18846.0,2844.9922
3809,13.3227,10.7432,2.1349,11.7145,658.0,18374.0,2844.9922
3810,11.637,12.2891,1.7808,13.1509,654.0,18320.0,2844.9922
3811,13.2652,12.2511,1.9978,11.8742,655.0,20416.0,2844.9922
3812,11.7459,12.4067,1.8355,13.6501,657.0,19706.0,2844.9922
3813,13.7126,10.672,1.8021,11.8416,653.0,20974.0,2844.9922
3814,11.8491,12.1934,1.9247,11.7922,654.0,21440.0,2844.9922
3815,11.8271,12.342,1.9158,13.2045,655.0,21390.0,2844.9922
3816,13.268,12.5457,1.9925,13.1547,652.0,18546.0,2844.9922
3817,13.0426,10.6908,1.9498,12.5502,655.0,24508.0,2844.9922
3818,12.5413,12.5824,1.9647,12.722,653.0,24658.0,2844.9922
3819,12.7585,12.4552,1.9472,12.1258,655.0,22986.0,2844.9922
3820,12.0314,12.2169,1.6345,12.8073,657.0,29064.0,2844.9922
3821,12.9125,10.7088,1.9316,11.8953,655.0,24344.0,2844.9922
3822,11.969,12.3067,2.0744,13.1807,656.0,27668.0,2844.9922
3823,13.198,12.3845,2.0103,11.7967,657.0,21378.0,2844.9922
3824,11.6435,12.5152,1.8106,13.0528,657.0,19402.0,2844.9922
3825,13.1515,10.703,1.8689,12.2236,659.0,24198.0,2844.9922
3826,12.1615,12.295,1.7545,13.338,655.0,24264.0,2844.9922
3827,13.4145,12.5926,2.4638,12.1246,655.0,22296.0,2844.9922
3828,12.0679,12.3365,2.3494,12.5534,654.0,18254.0,2844.9922
3829,12.5579,10.6799,2.2381,12.2061,653.0,19048.0,2844.9922
3830,12.2078,12.1225,1.7967,14.0187,654.0,22096.0,2844.9922
3831,14.1755,12.4307,2.1431,10.9979,651.0,20578.0,2844.9922
3832,10.8143,12.2485,2.0955,13.6238,652.0,21118.0,2844.9922
3833,13.8163,10.7134,2.2889,11.9381,652.0,18688.0,2844.9922
3834,11.8412,11.7562,1.9615,12.8325,651.0,18898.0,2844.9922
3835,12.7942,12.4299,2.1197,11.8109,652.0,21062.0,2844.9922
3836,11.7792,11.7386,1.7668,13.6822,652.0,20606.0,2844.9922
3837,13.661,10.6618,2.0633,11.8777,651.0,21390.0,2844.9922
3838,12.027,12.4644,1.9868,13.0943,655.0,20643.0,2844.9922
3839,13.0089,12.2201,2.0439,11.4246,658.0,18840.0,2844.9922
3840,11.3937,12.3367,1.7619,13.296,656.0,20105.0,2844.9922
3841,13.3313,10.7348,1.9015,12.0932,656.0,23410.0,2844.9922
3842,12.0834,12.2681,1.9014,13.223,654.0,23716.0,2844.9922
3843,13.2414,12.4625,1.9948,11.8606,654.0,19496.0,2844.9922
3844,11.9113,12.1764,1.9841,13.0256,655.0,17964.0,2844.9922
3845,13.0127,10.723,2.2257,12.6993,652.0,19806.0,2844.9922
3846,12.671,12.2768,2.2433,12.7519,653.0,20530.0,2844.9922
3847,12.7143,12.4483,2.0274,11.2507,652.0,17950.0,2844.9922
3848,11.3116,12.0051,2.0462,13.2373,652.0,32079.0,2844.9922
3849,13.188,10.7787,2.281,12.4903,652.0,24400.0,2844.9922
3850,12.5186,12.5592,1.9553,12.5757,652.0,72478.0,2844.9922
3851,12.6035,12.6055,2.071,12.0495,652.0,18362.0,2844.9922
3852,11.9845,12.1842,1.9282,13.6152,650.0,19292.0,2844.9922
3853,13.7118,10.9649,1.8653,12.8271,651.0,18174.0,2844.9922
3854,12.8273,11.8281,1.9248,12.79,652.0,18856.0,2844.9922
3855,12.7151,12.4514,2.2468,12.9734,655.0,20664.0,2844.9922
3856,13.0487,12.7518,2.4787,13.202,656.0,22479.0,2844.9922
3857,13.5467,12.2419,2.6854,12.7279,656.0,21073.0,2844.9922
3858,12.3561,10.7734,2.4534,11.7578,655.0,21083.0,2844.9922
3859,11.7406,12.4175,2.2767,13.4352,654.0,20309.0,2844.9922
3860,13.4694,12.5037,2.2107,11.3318,654.0,19344.0,2844.9922
3861,11.2854,12.2276,1.9338,13.458,653.0,18960.0,2844.9922
3862,13.456,10.6873,2.0012,12.6186,653.0,20873.0,2844.9922
3863,12.6097,12.2536,2.1466,12.7573,656.0,23949.0,2844.9922
3864,12.8139,12.5835,2.3186,12.0951,656.0,23517.0,2844.9922
3865,12.0363,12.4508,1.9941,12.8787,661.0,41846.0,2844.9922
3866,12.8855,10.7317,2.1119,12.6777,654.0,26435.0,2844.9922
3867,12.6547,12.3167,2.0361,12.7645,655.0,27504.0,2844.9922
3868,12.8932,12.5247,2.0576,11.5648,654.0,21058.0,2844.9922
3869,11.5279,12.2093,2.0158,12.8781,653.0,21662.0,2844.9922
3870,12.8764,10.7358,2.116,13.0284,652.0,19560.0,2844.9922
3871,12.9671,12.4216,2.3857,12.4369,656.0,25446.0,2844.9922
3872,12.4996,12.4096,2.0168,12.3773,656.0,20812.0,2844.9922
3873,12.2932,12.2992,1.7938,12.8304,657.0,22210.0,2844.9922
3874,12.851,10.7495,2.175,12.6544,655.0,20172.0,2844.9922
3875,12.6979,12.3489,2.0839,12.9049,658.0,21047.0,2844.9922
3876,12.8914,12.5494,2.2741,11.3799,656.0,23643.0,2844.9922
3877,11.3041,12.1824,1.8671,13.4936,652.0,18842.0,2844.9922
3878,13.571,10.72,1.9677,11.6175,652.0,18346.0,2844.9922
3879,11.6701,12.3432,2.0003,13.1626,652.0,18686.0,2844.9922
3880,13.1528,12.5146,2.2541,12.3657,653.0,21702.0,2844.9922
3881,12.216,12.4725,2.0499,13.3388,652.0,18136.0,2844.9922
3882,13.5003,10.8077,2.6338,12.1277,652.0,21302.0,2844.9922
3883,12.0463,12.4489,2.1245,14.0228,654.0,20976.0,2844.9922
3884,14.0957,12.4199,2.1919,11.1816,655.0,21548.0,2844.9922
3885,11.0601,12.0631,2.2704,13.7071,654.0,22248.0,2844.9922
3886,13.757,10.7152,2.5858,13.1448,653.0,21514.0,2844.9922
3887,13.1503,12.2877,2.0704,11.4453,659.0,25006.0,2844.9922
3888,11.4738,12.4772,2.1836,11.8952,661.0,23182.0,2844.9922
3889,11.8334,12.3553,1.9337,13.289,659.0,27690.0,2844.9922
3890,13.3292,11.4214,2.2752,13.1199,658.0,31030.0,2844.9922
3891,13.1093,11.8616,2.0471,12.2541,655.0,20962.0,2844.9922
3892,12.307,12.3885,1.9847,11.9622,656.0,21388.0,2844.9922
3893,12.046,12.1497,2.2172,12.7869,652.0,19386.0,2844.9922
3894,12.7931,11.3645,2.2236,12.7728,654.0,24864.0,2844.9922
3895,12.6273,11.0282,1.9488,12.2614,654.0,24700.0,2844.9922
3896,12.2981,12.2974,2.1155,12.4549,652.0,21486.0,2844.9922
3897,12.4851,12.5644,2.0685,13.1276,652.0,18096.0,2844.9922
3898,13.0794,12.2681,2.1962,13.8547,654.0,19202.0,2844.9922
3899,13.9043,10.6986,2.0285,11.5253,654.0,22630.0,2844.9922
3900,11.5111,12.3338,2.249,11.5474,651.0,19746.0,2844.9922
3901,11.5739,12.4191,2.4424,12.9798,650.0,21058.0,2844.9922
3902,12.9421,12.1824,2.1735,13.4427,653.0,19164.0,2844.9922
3903,13.464,10.983,2.0368,12.7961,654.0,19166.0,2844.9922
3904,12.8004,12.2583,2.1667,11.733,659.0,21402.0,2844.9922
3905,11.8438,12.7503,2.3608,12.4857,656.0,20306.0,2844.9922
3906,12.3429,12.4664,2.1462,13.3139,653.0,20806.0,2844.9922
3907,13.2921,10.7095,1.9845,12.2149,658.0,21697.0,2844.9922
3908,12.2574,12.2626,2.0608,13.3798,654.0,18226.0,2844.9922
3909,13.4393,12.5165,2.2586,11.6442,652.0,23633.0,2844.9922
3910,11.6246,12.3742,2.1399,13.1035,652.0,19308.0,2844.9922
3911,13.0611,10.7357,2.0005,11.9551,652.0,23714.0,2844.9922
3912,11.9753,12.3579,2.0901,12.7272,652.0,19494.0,2844.9922
3913,12.7757,12.325,2.0874,12.869,652.0,18878.0,2844.9922
3914,12.7643,12.2672,2.2681,12.5182,652.0,20474.0,2844.9922
3915,12.542,10.7425,2.3065,12.6447,652.0,18922.0,2844.9922
3916,12.7655,12.4187,2.3553,14.1986,653.0,21232.0,2844.9922
3917,14.1812,12.5505,2.2254,10.9499,652.0,35637.0,2844.9922
3918,10.829,12.2387,1.8987,12.9022,653.0,17584.0,2844.9922
3919,12.9051,10.7126,2.3992,12.4412,656.0,72602.0,2844.9922
3920,12.4283,11.9522,2.15,13.1322,656.0,18404.0,2844.9922
3921,13.1627,12.5275,2.3547,11.5719,656.0,19162.0,2844.9922
3922,11.5695,12.2717,1.8324,13.508,653.0,19058.0,2844.9922
3923,13.503,10.7397,2.2438,12.2602,656.0,18000.0,2844.9922
3924,12.303,12.4207,1.9668,12.8469,653.0,20662.0,2844.9922
3925,12.7831,12.4341,2.0807,11.4263,652.0,25296.0,2844.9922
3926,11.4197,12.2137,1.9159,13.7324,652.0,21831.0,2844.9922
3927,13.7815,10.7807,2.2445,12.4802,652.0,17486.0,2844.9922
3928,12.4877,12.628,2.0556,13.2524,652.0,20307.0,2844.9922
3929,13.2379,12.555,2.0448,12.1601,653.0,19888.0,2844.9922
3930,12.3118,12.2623,2.4278,13.9196,655.0,20897.0,2844.9922
3931,13.8867,11.3792,2.2655,12.0411,654.0,21973.0,2844.9922
3932,11.9622,11.7785,2.0312,12.4586,653.0,22342.0,2844.9922
3933,12.4523,12.3354,2.1273,14.3209,659.0,27115.0,2844.9922
3934,14.3433,12.5026,2.3367,11.5273,656.0,37732.0,2844.9922
3935,11.5203,11.4684,2.1799,14.165,658.0,25245.0,2844.9922
3936,14.2361,11.085,2.1754,12.9625,659.0,27780.0,2844.9922
3937,12.9105,12.389,2.4478,11.5862,656.0,21224.0,2844.9922
3938,11.5863,11.8327,2.4862,12.0253,655.0,20928.0,2844.9922
3939,12.0016,12.7995,2.5709,13.7285,656.0,22206.0,2844.9922
3940,13.8732,10.713,2.7783,11.914,655.0,24064.0,2844.9922
3941,11.7452,12.2358,2.4311,13.3981,652.0,19948.0,2844.9922
3942,13.6089,12.6039,2.1945,16.4421,652.0,21826.0,2844.9922
3943,16.4893,12.7925,2.7651,11.5446,655.0,22505.0,2844.9922
3944,11.5395,10.8903,3.7193,13.5137,652.0,20938.0,2844.9922
3945,13.6855,12.8091,4.4046,11.9145,655.0,21401.0,2844.9922
3946,11.6679,12.6453,2.9738,11.3371,654.0,18866.0,2844.9922
3947,11.3265,12.4418,3.6553,12.1124,653.0,18726.0,2844.9922
3948,12.0553,11.4328,2.5626,12.7118,654.0,19998.0,2844.9922
3949,12.8528,10.7899,2.3788,13.6294,652.0,20158.0,2844.9922
3950,13.4439,12.6493,2.2956,13.553,652.0,18940.0,2844.9922
3951,13.748,12.6764,2.5737,11.193,656.0,20878.0,2844.9922
3952,10.9027,12.3153,2.2977,12.6415,658.0,20480.0,2844.9922
3953,12.6963,10.7166,2.5881,13.5479,658.0,22040.0,2844.9922
3954,13.5253,12.5096,2.1697,12.9491,654.0,22750.0,2844.9922
3955,13.0727,12.2983,2.3007,12.727,656.0,20752.0,2844.9922
3956,12.6681,12.5334,2.6381,13.0938,658.0,26622.0,2844.9922
3957,13.0848,10.7633,2.541,11.867,655.0,22304.0,2844.9922
3958,11.9525,12.5928,2.2878,13.0774,655.0,30018.0,2844.9922
3959,13.0541,12.3947,2.4516,11.7774,657.0,28204.0,2844.9922
3960,11.7363,12.1193,2.6342,13.9066,654.0,20472.0,2844.9922
3961,13.8456,11.0075,2.4887,13.6455,653.0,21374.0,2844.9922
3962,13.7641,11.9063,2.2091,12.169,652.0,20068.0,2844.9922
3963,12.0441,12.2847,2.3125,11.739,656.0,25108.0,2844.9922
3964,11.8219,12.0777,2.4908,12.8292,653.0,24098.0,2844.9922
3965,12.858,11.3895,2.4864,13.0472,652.0,21330.0,2844.9922
3966,13.0943,11.8803,2.3868,12.5608,653.0,18108.0,2844.9922
3967,12.4629,12.5115,2.763,13.1334,657.0,19406.0,2844.9922
3968,13.2178,12.3459,2.3446,12.607,658.0,22266.0,2844.9922
3969,12.5114,12.2409,3.3133,13.3485,658.0,19786.0,2844.9922
3970,13.4096,11.0792,2.7638,12.4404,653.0,21500.0,2844.9922
3971,12.4325,12.4465,2.2699,13.1118,655.0,19442.0,2844.9922
3972,13.0568,12.4946,2.6064,11.5125,652.0,18460.0,2844.9922
3973,12.2474,12.1596,3.4909,13.6303,653.0,21524.0,2844.9922
3974,12.8891,10.7383,2.6595,12.2576,651.0,20880.0,2844.9922
3975,12.3169,12.3443,2.5741,12.9464,651.0,20214.0,2844.9922
3976,13.0386,12.5541,2.7864,12.1575,656.0,21631.0,2844.9922
3977,12.0578,12.7149,2.5788,13.5336,653.0,18274.0,2844.9922
3978,13.4956,11.0071,2.4625,12.8595,652.0,24075.0,2844.9922
3979,13.3706,11.8339,2.9917,13.4569,653.0,20298.0,2844.9922
3980,12.9326,12.4308,2.3116,10.9513,652.0,22634.0,2844.9922
3981,11.0079,11.991,2.4637,12.7191,652.0,19030.0,2844.9922
3982,12.7742,12.1086,2.8095,13.8566,652.0,20474.0,2844.9922
3983,13.7699,11.1991,2.1627,11.1866,657.0,18894.0,2844.9922
3984,11.2152,12.4745,1.9615,11.8252,657.0,20534.0,2844.9922
3985,11.7653,11.8588,2.3571,13.2547,658.0,26480.0,2844.9922
3986,13.27,11.7289,2.2014,14.37,654.0,28811.0,2844.9922
3987,14.3623,11.4924,2.0646,12.4187,656.0,17718.0,2844.9922
3988,12.5129,12.5915,2.1848,13.0895,655.0,73042.0,2844.9922
3989,13.0612,12.2739,2.3371,11.681,652.0,18182.0,2844.9922
3990,11.6859,12.4741,3.1196,12.5288,651.0,20064.0,2844.9922
3991,12.4601,10.6907,2.5347,12.3178,652.0,17938.0,2844.9922
3992,12.3971,12.285,2.1441,14.6468,652.0,19992.0,2844.9922
3993,14.6676,12.2492,2.4744,10.4187,652.0,21355.0,2844.9922
3994,10.4889,12.4638,3.0111,13.9968,652.0,22475.0,2844.9922
3995,13.8198,10.697,2.4968,11.1341,655.0,21867.0,2844.9922
3996,11.2213,12.2807,2.5541,13.4481,653.0,17498.0,2844.9922
3997,13.4722,12.4972,2.3692,12.6158,652.0,20841.0,2844.9922
3998,12.5378,12.4275,2.2484,12.5279,652.0,19942.0,2844.9922
3999,12.4853,10.7211,2.4036,12.706,661.0,23860.0,2844.9922
4000,12.7295,12.0369,1.9705,12.797,657.0,20394.0,2844.9922
4001,12.8099,12.5224,2.1856,11.7987,662.0,25890.0,2844.9922
4002,11.7755,12.013,2.1956,13.6207,657.0,23093.0,2844.9922
4003,13.6767,10.7037,2.1935,11.6079,658.0,36540.0,2844.9922
4004,11.6369,12.1872,2.2327,12.7739,654.0,25491.0,2844.9922
4005,12.7459,12.2841,2.1294,12.2073,655.0,28746.0,2844.9922
4006,12.2607,12.2918,2.3516,12.5306,652.0,19700.0,2844.9922
4007,12.421,10.7685,2.1834,13.3517,653.0,23178.0,2844.9922
4008,13.3667,11.7563,2.1515,12.2765,652.0,20788.0,2844.9922
4009,12.3139,12.695,2.4409,16.3497,652.0,23190.0,2844.9922
4010,16.4131,12.1558,2.1798,9.3746,652.0,20316.0,2844.9922
4011,9.3112,12.025,2.1481,13.6291,655.0,23341.0,2844.9922
4012,13.5786,11.051,2.006,11.7766,653.0,22886.0,2844.9922
4013,11.8056,12.5629,2.1554,12.4264,653.0,18698.0,2844.9922
4014,12.56,12.2639,2.2177,12.5628,655.0,21401.0,2844.9922
4015,12.3927,12.4828,2.1115,13.1423,656.0,19214.0,2844.9922
4016,13.3084,10.7685,2.2365,11.9959,658.0,20030.0,2844.9922
4017,11.8268,12.5615,2.1408,13.4375,657.0,18826.0,2844.9922
4018,13.5344,12.3001,2.1649,11.873,655.0,20458.0,2844.9922
4019,11.8506,12.2684,2.1095,13.5064,655.0,18676.0,2844.9922
4020,13.4889,10.7639,2.1647,11.9315,655.0,20888.0,2844.9922
4021,12.0008,12.538,2.134,13.0574,656.0,20500.0,2844.9922
4022,13.0962,12.2606,2.3736,11.9227,652.0,22378.0,2844.9922
4023,11.7124,12.4516,1.8504,12.8047,654.0,22154.0,2844.9922
4024,12.9312,10.7374,2.0009,12.7107,655.0,22368.0,2844.9922
4025,12.7157,12.7403,2.1109,13.3218,657.0,25782.0,2844.9922
4026,13.2883,12.3223,2.0761,11.7115,656.0,25016.0,2844.9922
4027,11.7405,12.2811,1.9591,13.0238,654.0,26802.0,2844.9922
4028,13.0056,10.743,2.491,11.9635,657.0,27704.0,2844.9922
4029,11.9329,12.3892,2.1061,13.1959,653.0,20460.0,2844.9922
4030,13.4065,12.5249,2.5079,12.532,653.0,21758.0,2844.9922
4031,12.3403,12.5105,2.2556,13.1963,656.0,20056.0,2844.9922
4032,13.2945,10.782,2.6549,12.8215,658.0,26408.0,2844.9922
4033,12.7229,11.9705,2.0906,12.2771,658.0,22738.0,2844.9922
4034,12.3093,12.4204,2.0934,12.1736,655.0,21188.0,2844.9922
4035,12.0928,12.5524,2.1543,13.0264,656.0,18670.0,2844.9922
4036,13.1229,11.2322,2.0552,12.9817,656.0,19544.0,2844.9922
4037,12.9388,10.8063,2.1553,12.6005,654.0,21894.0,2844.9922
4038,12.5869,12.3455,2.0884,11.9581,651.0,19246.0,2844.9922
4039,12.0172,12.4712,2.0755,12.7711,651.0,22238.0,2844.9922
4040,12.771,12.1851,2.2377,13.079,652.0,18724.0,2844.9922
4041,13.0186,11.0506,2.2075,12.3518,650.0,18458.0,2844.9922
4042,12.4027,12.1237,1.9145,12.7251,654.0,22276.0,2844.9922
4043,12.7377,12.5254,2.1649,12.5277,651.0,20788.0,2844.9922
4044,12.488,12.0645,2.1548,13.5712,652.0,20582.0,2844.9922
4045,13.659,10.7688,2.0781,11.1495,656.0,20751.0,2844.9922
4046,11.0515,12.4186,2.2138,12.9262,652.0,18138.0,2844.9922
4047,12.9831,12.5392,2.0645,12.6006,658.0,24103.0,2844.9922
4048,12.5513,12.3023,2.1537,13.2233,656.0,20754.0,2844.9922
4049,13.2316,10.8484,2.0431,12.5495,656.0,22174.0,2844.9922
4050,12.5422,12.7741,2.0,13.2757,655.0,20640.0,2844.9922
4051,13.3974,12.4628,2.374,12.1686,654.0,18880.0,2844.9922
4052,12.0178,12.4183,1.9023,12.7463,654.0,20476.0,2844.9922
4053,12.922,10.7281,2.4099,11.8578,653.0,25762.0,2844.9922
4054,11.7504,12.4945,1.9512,13.8682,653.0,24053.0,2844.9922
4055,13.8778,12.3233,2.0927,12.0541,653.0,24524.0,2844.9922
4056,11.9881,12.71,2.2781,13.4771,653.0,18134.0,2844.9922
4057,13.4872,10.7484,2.5954,12.3591,652.0,72442.0,2844.9922
4058,12.4276,12.5229,2.2034,13.2328,653.0,19112.0,2844.9922
4059,13.1942,12.4745,2.1525,11.8987,651.0,19670.0,2844.9922
4060,12.0016,12.6014,2.3163,12.9395,651.0,19112.0,2844.9922
4061,12.7836,11.3548,2.1625,13.469,652.0,18318.0,2844.9922
4062,13.5254,11.0335,2.0747,12.4408,653.0,25594.0,2844.9922
4063,12.4373,12.2812,1.9553,12.3705,657.0,18264.0,2844.9922
4064,12.3643,12.5509,2.2802,12.7188,656.0,21835.0,2844.9922
4065,12.6859,12.1539,2.1696,12.9064,656.0,18024.0,2844.9922
4066,12.8324,10.7751,2.0433,12.0128,654.0,20909.0,2844.9922
4067,12.1451,12.5738,2.2102,12.394,657.0,22915.0,2844.9922
4068,12.5362,12.5599,2.228,12.7946,657.0,22263.0,2844.9922
4069,12.6009,12.2276,2.0142,13.0457,656.0,23910.0,2844.9922
4070,13.1351,10.7711,1.8663,12.8053,653.0,21114.0,2844.9922
4071,12.7988,12.4283,1.95,11.4122,655.0,22633.0,2844.9922
4072,11.4338,12.5969,2.5851,12.9259,657.0,36822.0,2844.9922
4073,12.8429,12.2168,2.1349,13.4019,653.0,26007.0,2844.9922
4074,13.4258,10.7821,1.8818,13.2229,655.0,27690.0,2844.9922
4075,13.5559,12.311,2.4059,12.2193,652.0,19700.0,2844.9922
4076,11.947,12.5136,2.1104,12.2268,652.0,23658.0,2844.9922
4077,12.0977,12.2775,1.8594,12.4659,652.0,20296.0,2844.9922
4078,12.5672,10.7076,2.2421,12.4126,652.0,23190.0,2844.9922
4079,12.375,12.5483,1.9823,13.6322,658.0,22725.0,2844.9922
4080,13.6688,12.6513,1.9863,11.7381,657.0,23192.0,2844.9922
4081,11.7146,12.3433,2.0073,13.3721,656.0,20626.0,2844.9922
4082,13.4535,10.8397,2.5578,12.8868,654.0,18688.0,2844.9922
4083,12.7535,12.4301,2.1377,12.8132,656.0,21391.0,2844.9922
4084,12.9638,12.6544,2.0751,12.1187,655.0,20880.0,2844.9922
4085,12.0051,12.33,2.4171,13.094,652.0,18838.0,2844.9922
4086,13.1082,10.944,2.3591,13.3766,652.0,19096.0,2844.9922
4087,13.4157,11.8493,2.0482,12.303,652.0,19666.0,2844.9922
4088,12.2574,12.4659,2.0056,12.4659,653.0,20862.0,2844.9922
4089,12.5773,12.1129,2.275,13.0228,653.0,20202.0,2844.9922
4090,12.9422,12.2437,2.1759,13.3633,652.0,19280.0,2844.9922
4091,13.3599,11.0252,1.888,11.8457,654.0,22194.0,2844.9922
4092,11.8406,12.5173,2.2779,12.7223,656.0,23776.0,2844.9922
4093,12.7386,12.3096,2.1119,12.6547,656.0,21662.0,2844.9922
4094,12.6834,12.4391,2.0945,13.24,656.0,28102.0,2844.9922
4095,13.1286,10.7571,2.1826,11.9254,659.0,22706.0,2844.9922
4096,11.951,12.3802,2.2915,13.5093,660.0,25796.0,2844.9922
4097,13.6387,12.5708,2.2389,11.9553,659.0,27684.0,2844.9922
4098,11.9965,12.5267,1.9594,13.0998,655.0,20846.0,2844.9922
4099,13.0542,10.8266,2.0091,13.5573,656.0,22106.0,2844.9922
4100,13.4657,12.3316,2.4587,12.3668,653.0,21012.0,2844.9922
