capture_frame,FrameTime,GPUTime,GameThreadTime,RenderThreadTime,RHI/DrawCalls,RHI/PrimitivesDrawn,GPUMem/LocalUsedMB
120,15.449,14.9938,1.9153,15.2203,312.0,10247.0,2795.6797
121,15.24,14.981,2.0261,15.6021,312.0,12173.0,2795.6797
122,15.6144,15.1719,2.159,15.6114,311.0,10721.0,2795.6797
123,15.5896,15.457,1.9944,16.2743,310.0,10779.0,2795.6797
124,16.3016,14.8273,1.9683,15.4445,295.0,7546.0,2795.6797
125,15.4424,15.2979,1.9944,15.5407,280.0,6694.0,2795.6797
126,15.4956,15.3126,1.9765,16.5526,282.0,6766.0,2795.6797
127,16.5859,15.2628,2.1445,16.4283,308.0,8374.0,2795.6797
128,16.4606,15.1735,1.9929,15.9557,310.0,15150.0,2795.6797
129,15.9487,15.3609,2.1653,14.9319,309.0,8386.0,2795.6797
130,14.9247,15.466,2.0396,16.5175,309.0,8850.0,2795.6797
131,16.5191,15.2932,1.9304,15.2258,308.0,9302.0,2795.6797
132,15.2522,15.2505,2.1279,15.1148,301.0,8134.0,2795.6797
133,15.0486,15.2148,2.0169,16.347,278.0,6290.0,2795.6797
134,16.3731,15.5063,2.2318,15.6827,312.0,8378.0,2795.6797
135,15.702,15.0325,2.2681,15.4595,311.0,9316.0,2795.6797
136,15.4497,14.7625,2.0686,14.8474,313.0,12308.0,2795.6797
137,14.8177,15.191,2.0061,16.9036,310.0,10440.0,2795.6797
138,16.9073,15.064,1.9991,14.582,308.0,9062.0,2795.6797
139,14.6077,15.1212,1.9734,16.18,309.0,11722.0,2795.6797
140,16.1502,15.3247,1.9337,15.6076,310.0,31297.0,2795.6797
141,15.6555,14.7527,2.0316,15.4898,309.0,19314.0,2795.6797
142,15.5124,15.0766,2.0378,15.5773,308.0,9766.0,2795.6797
143,15.5751,15.1498,2.2083,15.5504,311.0,15797.0,2795.6797
144,15.5557,15.292,1.9337,16.241,310.0,20709.0,2795.6797
145,16.2507,15.4198,2.2951,15.7081,310.0,15477.0,2795.6797
146,15.6736,15.1129,2.1631,15.1718,282.0,8565.0,2795.6797
147,15.1816,15.8977,2.2088,16.5824,273.0,6274.0,2795.6797
148,16.5728,15.8332,2.154,15.9217,314.0,18625.0,2795.6797
149,15.9083,15.5013,2.0082,19.9184,305.0,19681.0,2795.6797
150,19.9635,15.4081,2.2055,11.827,277.0,6278.0,2795.6797
151,11.7873,14.9178,2.9325,19.0882,296.0,20354.0,2795.6797
152,19.0683,15.5093,2.3924,14.6946,324.0,25912.0,2795.6797
153,14.7843,15.5165,2.8563,14.5367,319.0,40434.0,2795.6797
154,14.4563,15.1085,2.2,15.0307,312.0,24022.0,2795.6797
155,15.0957,15.0084,2.1382,16.4234,308.0,13826.0,2795.6797
156,16.3892,14.9121,2.1287,15.8028,309.0,23046.0,2795.6797
157,15.8197,15.2179,2.2057,14.5721,282.0,12782.0,2795.6797
158,14.5512,15.128,2.0865,16.6361,273.0,6274.0,2795.6797
159,16.6144,14.9732,2.0117,14.7559,275.0,6298.0,2795.6797
160,14.8438,15.0742,2.0769,15.903,296.0,11866.0,2795.6797
161,15.8376,15.1576,2.0839,16.4519,308.0,15856.0,2795.6797
162,16.4638,15.0929,2.2881,16.7724,313.0,18014.0,2795.6797
163,16.7625,15.3125,2.237,14.1976,308.0,10818.0,2795.6797
164,14.2741,15.168,2.4508,15.9496,313.0,8390.0,2795.6797
165,15.8826,15.5668,2.2722,16.356,300.0,7610.0,2795.6797
166,16.3437,15.3937,2.01,15.6056,287.0,6878.0,2795.6797
167,15.6318,15.6051,2.4085,16.1317,310.0,8910.0,2795.6797
168,16.1119,15.3574,2.2545,15.1607,311.0,8922.0,2795.6797
169,15.2363,15.3091,2.4047,15.8915,311.0,8388.0,2795.6797
170,15.8583,14.9099,2.4414,15.5395,308.0,8374.0,2795.6797
171,15.4971,15.5593,2.3394,16.1714,310.0,10245.0,2795.6797
172,16.1793,14.8628,2.4777,15.7484,311.0,12183.0,2795.6797
173,15.7079,14.8139,2.4821,15.2375,310.0,10709.0,2795.6797
174,15.2734,15.3128,2.0545,15.7267,310.0,10779.0,2795.6797
175,15.7308,15.4435,1.9172,15.7716,309.0,8338.0,2795.6797
176,15.7697,15.5473,2.0317,16.4473,278.0,6526.0,2795.6797
177,16.5213,15.1164,2.6272,15.4843,309.0,8386.0,2795.6797
178,15.4968,15.1572,2.3275,15.8961,310.0,15150.0,2795.6797
179,15.8792,15.6984,2.3183,17.3084,308.0,8374.0,2795.6797
180,17.2943,15.3732,2.0295,14.8302,308.0,8554.0,2795.6797
181,14.7932,15.4661,2.2405,16.9373,312.0,9306.0,2795.6797
182,16.9071,15.8056,2.0894,15.5406,300.0,8122.0,2795.6797
183,15.5742,15.8561,2.2756,17.2508,275.0,6276.0,2795.6797
184,17.2618,15.4638,2.3731,15.7235,310.0,8376.0,2795.6797
185,15.7157,15.6897,2.5392,15.8324,311.0,9316.0,2795.6797
186,15.8479,15.625,2.2894,15.3662,309.0,12282.0,2795.6797
187,15.3886,15.4914,2.2197,16.5582,308.0,10438.0,2795.6797
188,16.5114,15.6884,2.1235,15.6485,309.0,9074.0,2795.6797
189,15.6687,15.3611,2.1531,15.8062,309.0,11722.0,2795.6797
190,15.7967,15.3625,2.0922,15.7583,310.0,31297.0,2795.6797
191,15.8101,15.1043,2.2498,15.4486,310.0,19326.0,2795.6797
192,15.3702,15.1471,2.1168,15.7734,308.0,9766.0,2795.6797
193,15.7645,15.0469,2.1985,15.9994,310.0,15785.0,2795.6797
194,15.9892,14.7908,2.0025,15.4083,311.0,20721.0,2795.6797
195,15.4703,15.3281,2.0067,15.9443,310.0,15477.0,2795.6797
196,15.9103,15.2046,1.8099,15.3252,286.0,8569.0,2795.6797
197,15.3687,15.0382,1.9651,15.7796,277.0,6278.0,2795.6797
198,15.8344,15.3439,1.9391,16.0577,316.0,20544.0,2795.6797
199,16.0417,14.7103,2.1954,15.1555,301.0,17760.0,2795.6797
200,15.1956,15.1446,2.1289,16.3177,275.0,6276.0,2795.6797
201,16.2354,15.1148,2.0857,14.638,302.0,23968.0,2795.6797
202,14.576,15.4076,1.8864,16.4592,321.0,22630.0,2795.6797
203,16.5152,15.8671,2.1178,16.6826,316.0,40290.0,2795.6797
204,16.6834,15.2101,2.3528,15.5194,311.0,24010.0,2795.6797
205,15.5008,15.1918,2.0257,15.4191,308.0,14290.0,2795.6797
206,15.4162,15.299,2.135,15.5842,306.0,22820.0,2795.6797
207,15.6463,15.2204,2.1929,15.26,281.0,12352.0,2795.6797
208,15.2357,15.1228,2.1376,15.379,273.0,6274.0,2795.6797
209,15.409,14.9956,2.3572,16.0869,275.0,6298.0,2795.6797
210,16.0029,15.2383,2.3877,15.6511,309.0,14926.0,2795.6797
211,15.7141,15.9285,2.2947,16.1292,310.0,17243.0,2795.6797
212,16.1321,15.0321,2.1338,15.7218,314.0,16689.0,2795.6797
213,15.688,15.1749,1.9658,15.5271,312.0,8424.0,2795.6797
214,15.5148,15.0901,2.0307,15.5272,313.0,8390.0,2795.6797
215,15.5545,15.0818,1.9179,16.3806,293.0,7308.0,2795.6797
216,16.3859,15.3907,2.0928,15.5136,310.0,8910.0,2795.6797
217,15.5143,14.9121,1.9879,15.7038,310.0,8910.0,2795.6797
218,15.6998,14.7156,1.9642,15.6874,309.0,8386.0,2795.6797
219,15.6778,15.1413,2.0897,15.7983,308.0,8374.0,2795.6797
220,15.8914,15.544,2.0807,16.1812,312.0,10269.0,2795.6797
221,16.1144,15.3386,2.0817,15.3924,310.0,12171.0,2795.6797
222,15.3877,15.1437,1.9486,15.6952,310.0,10709.0,2795.6797
223,15.6683,15.1347,1.9468,16.2325,312.0,10803.0,2795.6797
224,16.2652,15.2736,2.0302,15.0721,308.0,8374.0,2795.6797
225,15.0942,15.5148,2.1409,16.6253,295.0,7594.0,2795.6797
226,16.6224,15.2424,2.2057,16.0154,308.0,10062.0,2795.6797
227,16.1413,15.5367,2.4273,14.8408,308.0,13438.0,2795.6797
228,14.738,15.1641,2.1374,16.2672,312.0,8378.0,2795.6797
229,16.1627,15.3318,2.372,15.5016,300.0,8122.0,2795.6797
230,15.6476,14.9286,2.1994,15.6236,313.0,9782.0,2795.6797
231,15.5236,15.2646,2.3273,15.3998,291.0,7236.0,2795.6797
232,15.3805,15.2424,2.068,15.9802,275.0,6276.0,2795.6797
233,15.9799,15.0917,1.8863,15.9876,310.0,8376.0,2795.6797
234,15.9885,15.274,2.001,15.7377,308.0,9302.0,2795.6797
235,15.7325,15.2748,1.9697,15.7023,308.0,12270.0,2795.6797
236,15.6435,15.0888,1.7717,16.551,308.0,10438.0,2795.6797
237,16.6384,15.411,2.1378,15.293,308.0,9062.0,2795.6797
238,15.2954,15.1733,1.9825,15.6701,309.0,11722.0,2795.6797
239,15.665,15.1772,1.988,15.9043,310.0,31297.0,2795.6797
240,15.9291,15.1254,2.2662,15.6569,309.0,19314.0,2795.6797
241,15.7271,15.1907,2.2146,16.4722,308.0,9766.0,2795.6797
242,16.464,15.4058,2.5025,16.1898,310.0,15785.0,2795.6797
243,16.1394,15.1905,2.2131,14.5153,311.0,20721.0,2795.6797
244,14.5146,15.1347,2.089,14.8776,315.0,15493.0,2795.6797
245,14.8899,15.4642,2.3525,16.4596,286.0,8569.0,2795.6797
246,16.3871,15.0638,2.3076,16.9266,278.0,6290.0,2795.6797
247,17.0047,15.1909,2.7687,14.2586,314.0,20542.0,2795.6797
248,14.223,15.3676,2.1048,15.9003,300.0,17748.0,2795.6797
249,15.8611,14.8122,1.7985,15.2527,276.0,6288.0,2795.6797
250,15.2493,15.095,1.9629,15.6561,312.0,32386.0,2795.6797
251,15.7486,15.3453,1.9779,16.1659,316.0,15706.0,2795.6797
252,16.0956,14.9165,2.0163,16.286,315.0,39250.0,2795.6797
253,16.3047,15.4923,2.2233,15.4771,311.0,26162.0,2795.6797
254,15.4954,15.1946,2.4727,15.8011,308.0,16906.0,2795.6797
255,15.8416,14.9107,1.9616,15.3165,308.0,23770.0,2795.6797
256,15.2921,15.6839,2.1874,17.7001,274.0,6286.0,2795.6797
257,17.6756,14.9095,1.9763,14.5371,274.0,6286.0,2795.6797
258,14.5639,15.3993,2.1139,15.0615,308.0,14914.0,2795.6797
259,15.0345,15.2896,2.1313,16.4357,310.0,17243.0,2795.6797
260,16.5143,15.3733,1.986,15.0828,315.0,16701.0,2795.6797
261,15.0192,15.217,2.3111,15.8763,312.0,8424.0,2795.6797
262,15.9076,15.2654,2.2571,15.4774,312.0,8378.0,2795.6797
263,15.3943,15.463,2.4362,16.3418,299.0,7668.0,2795.6797
264,16.4135,15.1381,2.5942,16.4151,310.0,8910.0,2795.6797
265,16.3855,15.3323,2.4853,15.989,311.0,8922.0,2795.6797
266,16.0167,14.8334,2.408,14.7653,308.0,8374.0,2795.6797
267,14.7345,14.4861,2.4846,15.1252,308.0,8374.0,2795.6797
268,15.1787,15.141,2.3094,15.6979,311.0,10257.0,2795.6797
269,15.6279,14.9552,2.2796,14.5979,310.0,12171.0,2795.6797
270,14.6637,15.0806,2.2685,15.3732,310.0,10709.0,2795.6797
271,15.3846,15.2524,2.2104,17.3877,312.0,10803.0,2795.6797
272,17.3714,14.8071,2.265,15.6777,308.0,8374.0,2795.6797
273,15.6857,15.471,2.6375,16.2688,303.0,8074.0,2795.6797
274,16.2335,15.7974,2.291,18.6171,308.0,10062.0,2795.6797
275,18.6915,15.5399,2.8845,13.2704,308.0,13438.0,2795.6797
276,13.2435,15.7442,2.3609,16.1508,312.0,8378.0,2795.6797
277,16.1675,15.5376,2.5222,16.5147,292.0,8058.0,2795.6797
278,16.6394,16.274,2.3776,16.6758,313.0,9318.0,2795.6797
279,16.5167,15.4898,2.4904,14.5192,286.0,6936.0,2795.6797
280,14.585,15.3038,2.4438,16.7786,275.0,6276.0,2795.6797
281,16.8807,15.248,2.4541,14.6574,312.0,8400.0,2795.6797
282,14.5847,15.238,2.5528,15.4286,309.0,9314.0,2795.6797
283,15.4424,15.2562,2.8636,16.1567,309.0,12282.0,2795.6797
284,16.0243,15.3074,2.3839,15.437,309.0,10450.0,2795.6797
285,15.4549,15.2658,2.0073,15.8723,308.0,9062.0,2795.6797
286,15.8684,15.2414,2.042,16.6392,309.0,11722.0,2795.6797
287,16.6736,14.9403,2.1662,15.2992,310.0,31297.0,2795.6797
288,15.3071,15.1903,2.1766,16.9132,310.0,19326.0,2795.6797
289,16.8948,14.7282,2.2227,14.0425,308.0,9766.0,2795.6797
290,14.0146,15.1606,2.1853,15.4925,310.0,15785.0,2795.6797
291,15.4605,15.1836,1.9997,16.0104,310.0,20709.0,2795.6797
292,16.0659,15.1756,2.1483,15.3117,314.0,15481.0,2795.6797
293,15.342,15.3256,2.1125,17.3014,286.0,8569.0,2795.6797
294,17.2813,15.5785,2.4569,15.8376,278.0,6290.0,2795.6797
295,15.8279,15.209,2.3933,15.226,314.0,20542.0,2795.6797
296,15.3462,15.2601,2.6359,14.9595,300.0,17748.0,2795.6797
297,14.8319,15.1876,2.3074,16.6727,276.0,6288.0,2795.6797
298,16.8948,15.2491,2.581,16.0124,317.0,33714.0,2795.6797
299,15.837,15.552,2.7969,17.9128,316.0,19610.0,2795.6797
300,17.8979,15.1934,2.4372,12.991,315.0,34318.0,2795.6797
301,13.0111,14.51,2.4675,20.5869,310.0,27838.0,2795.6797
302,20.5861,15.3076,3.1361,12.2109,309.0,17638.0,2795.6797
303,12.2408,16.871,3.3611,18.6954,303.0,21062.0,2795.6797
304,18.7142,15.6965,3.2745,13.9492,273.0,6274.0,2795.6797
305,13.9686,15.2353,3.1091,15.4605,274.0,6286.0,2795.6797
306,15.4049,14.8975,3.0349,16.9543,309.0,14926.0,2795.6797
307,17.0557,15.5573,2.6945,15.1649,310.0,17243.0,2795.6797
308,15.0576,15.4423,2.4136,15.9118,315.0,16701.0,2795.6797
309,15.8765,15.5654,2.4785,15.5475,313.0,8436.0,2795.6797
310,15.5711,14.7554,2.1313,17.0175,313.0,8390.0,2795.6797
311,17.0185,15.6724,2.2224,15.1887,304.0,8550.0,2795.6797
312,15.205,15.455,2.5922,15.5488,312.0,8400.0,2795.6797
313,15.491,15.5206,2.2005,16.7012,310.0,8910.0,2795.6797
314,16.7024,15.3635,2.1767,15.5997,309.0,8386.0,2795.6797
315,15.6688,15.3275,2.2664,15.9734,308.0,8374.0,2795.6797
316,16.0021,15.2816,2.239,15.0614,312.0,12116.0,2795.6797
317,14.9696,15.4593,2.215,16.1609,308.0,10300.0,2795.6797
318,16.2573,15.2956,2.3185,16.1197,310.0,10709.0,2795.6797
319,16.0656,15.288,2.4252,16.6281,310.0,10779.0,2795.6797
320,16.623,15.1822,2.2057,14.8391,309.0,8386.0,2795.6797
321,14.8184,15.2243,2.1139,14.5782,308.0,10062.0,2795.6797
322,14.9721,15.0401,2.4216,16.2717,308.0,8374.0,2795.6797
323,15.895,15.1172,2.5618,16.1646,309.0,13450.0,2795.6797
324,16.1395,15.1825,2.705,14.7374,312.0,9306.0,2795.6797
325,14.7617,15.1874,2.3393,16.0538,284.0,6698.0,2795.6797
326,16.0815,15.177,2.392,14.9803,312.0,9306.0,2795.6797
327,14.947,14.9494,2.1977,15.5783,283.0,6708.0,2795.6797
328,15.5745,14.7373,2.1314,16.0661,275.0,6276.0,2795.6797
329,16.0786,14.7109,2.2762,16.1272,310.0,8376.0,2795.6797
330,16.1048,15.2466,2.439,15.8313,308.0,9302.0,2795.6797
331,15.9355,15.2384,2.2868,15.3781,308.0,12270.0,2795.6797
332,15.3031,15.2029,2.3826,17.1047,308.0,10438.0,2795.6797
333,17.1343,15.267,2.3135,14.6418,309.0,9074.0,2795.6797
334,14.6262,15.9189,2.3308,17.1233,309.0,11722.0,2795.6797
335,17.2443,15.688,2.3062,15.5394,310.0,31297.0,2795.6797
336,15.466,15.9569,2.4785,17.0158,308.0,19302.0,2795.6797
337,17.057,15.6189,2.4949,16.0633,308.0,9766.0,2795.6797
338,16.0174,15.9185,2.4137,15.7552,310.0,15785.0,2795.6797
339,15.7176,15.8636,2.4127,16.6964,311.0,20721.0,2795.6797
340,16.7405,15.4915,2.7684,15.527,314.0,15481.0,2795.6797
341,15.5426,15.6886,2.5566,15.4725,288.0,8593.0,2795.6797
342,15.4311,15.8512,2.4034,19.0009,277.0,6278.0,2795.6797
343,18.9754,15.5885,2.6276,14.5532,314.0,20542.0,2795.6797
344,14.5929,15.6435,2.5557,16.1122,299.0,17736.0,2795.6797
345,16.1025,15.6652,2.6688,17.2567,276.0,6288.0,2795.6797
346,17.3295,15.489,2.9034,15.0642,324.0,35744.0,2795.6797
347,15.0945,15.727,2.8965,16.7457,315.0,21132.0,2795.6797
348,16.7576,15.5806,2.8614,16.3064,314.0,34862.0,2795.6797
349,16.9587,15.533,3.6295,15.7512,310.0,24656.0,2795.6797
350,15.1186,16.022,2.8833,16.7405,310.0,19512.0,2795.6797
351,16.5888,18.7189,3.1732,18.092,297.0,18274.0,2795.6797
352,18.0977,15.4958,3.1453,16.8086,273.0,6274.0,2795.6797
353,16.8316,15.5402,2.8224,15.5759,273.0,6274.0,2795.6797
354,15.5429,15.4088,2.5343,17.8347,310.0,14938.0,2795.6797
355,17.9822,15.6761,3.7315,16.6969,310.0,17243.0,2795.6797
356,16.8371,15.825,3.7366,15.9108,314.0,16689.0,2795.6797
357,15.6167,15.6835,3.3535,15.5428,312.0,8424.0,2795.6797
358,15.5933,15.5141,3.1718,16.4023,312.0,8378.0,2795.6797
359,16.3379,16.7722,2.6262,15.8195,308.0,8694.0,2795.6797
360,15.8829,15.592,2.3466,15.9073,310.0,8376.0,2795.6797
361,15.8597,15.5016,2.4718,17.1056,311.0,8922.0,2795.6797
362,17.1041,15.9569,2.33,15.755,308.0,8374.0,2795.6797
363,15.8125,15.5468,2.469,15.8891,308.0,8374.0,2795.6797
364,15.8635,15.3128,2.6058,15.8471,312.0,12116.0,2795.6797
365,15.8504,15.4119,2.359,16.3528,308.0,10300.0,2795.6797
366,16.3718,14.8249,2.5228,16.0504,311.0,10721.0,2795.6797
367,16.1015,15.8345,2.3333,15.8855,310.0,10779.0,2795.6797
368,15.8179,15.8216,2.2948,15.5692,308.0,8374.0,2795.6797
369,15.5817,15.8503,2.1939,16.3251,310.0,10086.0,2795.6797
370,16.3767,14.835,2.337,17.0464,308.0,8374.0,2795.6797
371,16.9616,15.6802,2.4391,16.1864,309.0,13450.0,2795.6797
372,16.1692,15.5995,2.6839,15.8855,312.0,9306.0,2795.6797
373,16.0156,16.061,2.3158,17.7506,289.0,6998.0,2795.6797
374,17.6755,15.5938,2.3894,15.8259,312.0,9306.0,2795.6797
375,15.7817,15.5835,2.3969,15.456,277.0,6300.0,2795.6797
376,15.4638,15.6898,2.1925,16.1643,275.0,6276.0,2795.6797
377,16.2557,15.4971,2.3491,15.2435,310.0,8376.0,2795.6797
378,15.1874,15.6181,2.4349,16.5334,308.0,9302.0,2795.6797
379,16.5242,15.6083,3.0076,16.1959,309.0,12282.0,2795.6797
380,16.1251,15.3424,2.2481,15.0381,308.0,10438.0,2795.6797
381,15.0883,15.5229,2.5419,15.9301,308.0,9062.0,2795.6797
382,16.0534,15.4574,2.6649,16.4896,309.0,11722.0,2795.6797
383,16.443,15.4614,2.6557,15.6172,311.0,31309.0,2795.6797
384,15.5457,15.4674,2.8795,15.9779,308.0,19302.0,2795.6797
385,15.9787,15.571,2.477,16.6601,309.0,9778.0,2795.6797
386,16.6585,15.5073,2.405,15.5949,310.0,15785.0,2795.6797
387,15.5664,15.5544,2.3098,16.4485,310.0,20709.0,2795.6797
388,16.5749,15.5354,2.5059,15.4114,314.0,15481.0,2795.6797
389,15.2995,15.4192,2.2733,16.5453,289.0,8605.0,2795.6797
390,16.5836,15.16,2.2824,15.4143,278.0,6290.0,2795.6797
391,15.4005,15.3596,2.1536,15.7876,314.0,20542.0,2795.6797
392,15.8183,15.4,2.3653,14.8212,299.0,17736.0,2795.6797
393,14.7482,14.7669,2.089,16.555,275.0,6276.0,2795.6797
394,16.5518,15.2962,2.0758,14.8323,325.0,35756.0,2795.6797
395,14.8458,15.2155,1.9779,16.7647,315.0,21132.0,2795.6797
396,16.7924,15.2326,2.094,16.3777,314.0,34862.0,2795.6797
397,16.4161,15.2682,2.0468,15.2405,312.0,24680.0,2795.6797
398,15.1914,15.4063,2.109,15.255,310.0,19512.0,2795.6797
399,15.3368,16.0147,2.2782,16.2264,297.0,18274.0,2795.6797
400,16.1752,15.7589,2.4043,16.6375,273.0,6274.0,2795.6797
401,16.6316,16.2308,2.305,17.1678,273.0,6274.0,2795.6797
402,17.1972,16.0188,2.4779,15.8925,308.0,14914.0,2795.6797
403,15.8613,16.3787,2.3691,17.4617,310.0,17243.0,2795.6797
404,17.5124,15.9116,2.5847,16.9545,315.0,16701.0,2795.6797
405,16.9192,16.7636,2.5507,18.3722,312.0,8424.0,2795.6797
406,18.3428,15.9712,2.1927,14.8753,312.0,8378.0,2795.6797
407,14.9513,16.1884,2.4381,18.0196,309.0,8802.0,2795.6797
408,17.9574,16.098,2.7094,16.7289,310.0,8376.0,2795.6797
409,16.8449,15.8771,2.7409,15.4045,311.0,8922.0,2795.6797
410,15.2831,15.8508,2.4745,15.2694,308.0,8374.0,2795.6797
411,15.2708,16.078,2.0978,16.6912,308.0,8374.0,2795.6797
412,16.7252,15.7616,2.4737,16.4703,313.0,12128.0,2795.6797
413,16.4703,16.164,2.3125,16.5718,310.0,10324.0,2795.6797
414,16.5715,16.097,2.2452,17.158,310.0,10709.0,2795.6797
415,17.0844,16.1927,2.3675,15.6907,310.0,10779.0,2795.6797
416,15.77,15.8947,2.2196,16.9477,309.0,8386.0,2795.6797
417,17.0086,15.9072,2.4431,16.3611,308.0,10062.0,2795.6797
418,16.3331,15.8136,2.4771,16.0472,309.0,8386.0,2795.6797
419,16.0391,15.9424,2.5434,16.802,309.0,13450.0,2795.6797
420,16.8748,15.8797,2.5975,15.6703,314.0,9330.0,2795.6797
421,15.5975,15.8873,2.4526,16.5242,298.0,8466.0,2795.6797
422,16.4877,16.0216,2.635,16.4515,302.0,7778.0,2795.6797
423,16.3767,15.5458,2.5864,16.1477,275.0,6276.0,2795.6797
424,16.2208,15.4614,2.5058,16.6492,303.0,7956.0,2795.6797
425,16.6474,15.2499,2.7053,16.7069,310.0,8840.0,2795.6797
426,16.7152,15.1674,2.9228,14.5282,308.0,11342.0,2795.6797
427,14.5072,15.1523,2.5904,16.1377,309.0,11154.0,2795.6797
428,16.2168,15.0226,2.3608,15.6387,309.0,9762.0,2795.6797
429,15.6171,16.2173,2.493,16.5334,309.0,11722.0,2795.6797
430,16.4982,16.7412,2.219,16.7483,310.0,26065.0,2795.6797
431,16.7387,15.1231,2.0802,16.6464,310.0,24558.0,2795.6797
432,16.6522,15.4665,2.209,15.7171,309.0,9314.0,2795.6797
433,15.699,15.2387,2.1581,15.9123,311.0,11029.0,2795.6797
434,15.9385,15.7733,2.1635,16.4112,310.0,25941.0,2795.6797
435,16.4913,14.8437,2.4491,15.2117,312.0,10269.0,2795.6797
436,15.1663,16.1762,2.5999,16.6323,295.0,14293.0,2795.6797
437,16.6362,15.5322,2.5188,16.8657,277.0,6278.0,2795.6797
438,16.7896,15.8375,2.1272,15.7592,316.0,20544.0,2795.6797
439,15.7874,16.0073,2.1256,16.3167,299.0,17736.0,2795.6797
440,16.2827,15.8889,2.037,16.4435,275.0,6276.0,2795.6797
441,16.4374,15.8607,2.1351,16.0719,327.0,35758.0,2795.6797
442,16.2036,15.8104,2.1574,16.2603,315.0,21132.0,2795.6797
443,16.1659,16.0501,2.2822,17.8904,314.0,34862.0,2795.6797
444,17.8764,15.8758,2.3834,16.3042,373.0,37906.0,2795.6797
445,16.3143,17.9503,2.251,18.2347,348.0,21780.0,2795.6797
446,18.2061,17.7146,2.0311,17.1036,327.0,17406.0,2795.6797
447,17.2001,15.288,2.026,17.4909,306.0,7162.0,2795.6797
448,17.4279,14.4504,1.9767,15.2894,306.0,7162.0,2795.6797
449,15.3048,15.3582,2.0132,15.0786,341.0,17588.0,2795.6797
450,15.0637,15.2202,1.9315,15.6775,343.0,17077.0,2795.6797
451,15.6544,14.5895,1.9189,15.1367,343.0,16469.0,2795.6797
452,15.1596,14.5875,2.0189,15.526,345.0,9312.0,2795.6797
453,15.5649,14.6067,2.1849,13.7175,345.0,9800.0,2795.6797
454,13.7444,14.6359,2.2424,15.5996,334.0,8606.0,2795.6797
455,15.4552,14.6334,2.2425,15.1539,343.0,9264.0,2795.6797
456,15.2573,14.6113,2.3489,14.7473,333.0,9150.0,2795.6797
457,14.7016,14.8396,1.9243,15.508,342.0,9180.0,2795.6797
458,15.518,14.468,2.3765,15.3545,340.0,9178.0,2795.6797
459,15.4046,14.3064,2.0951,15.3757,344.0,12920.0,2795.6797
460,15.2907,14.6903,1.8848,15.3073,342.0,11583.0,2795.6797
461,15.3511,14.703,2.017,14.633,342.0,11049.0,2795.6797
462,14.6427,14.6899,2.1001,16.3058,334.0,9352.0,2795.6797
463,16.42,15.1856,2.1983,14.8003,339.0,9118.0,2795.6797
464,14.6593,15.2788,2.2813,16.0192,340.0,10866.0,2795.6797
465,16.1125,14.6351,2.2251,15.0189,340.0,10866.0,2795.6797
466,15.1035,14.5934,2.4627,14.802,340.0,13482.0,2795.6797
467,14.639,14.6689,1.9663,14.6538,340.0,9642.0,2795.6797
468,14.6288,14.5697,1.9439,15.1602,344.0,9646.0,2795.6797
469,15.1554,14.3648,1.9148,15.744,344.0,9182.0,2795.6797
470,15.7708,14.4496,1.9205,15.3244,344.0,9924.0,2795.6797
471,15.3687,14.4808,1.9702,15.8195,342.0,11870.0,2795.6797
472,15.7874,14.7014,1.9852,14.3284,342.0,13324.0,2795.6797
473,14.2862,14.872,1.9695,15.738,344.0,12540.0,2795.6797
474,15.7812,14.9058,1.9575,16.6533,342.0,21637.0,2795.6797
475,16.6277,14.9657,2.0315,14.2276,340.0,20106.0,2795.6797
476,14.2291,14.9278,1.8535,15.1539,340.0,20570.0,2795.6797
477,15.2221,14.8567,2.4086,15.337,342.0,11821.0,2795.6797
478,15.3278,14.9424,2.4047,14.9904,342.0,26745.0,2795.6797
479,14.9467,14.7215,3.0069,16.0641,342.0,11049.0,2795.6797
480,16.1038,14.6159,2.2904,14.817,328.0,15441.0,2795.9297
481,14.9199,14.6408,1.9711,15.4214,305.0,7078.0,2795.9297
482,15.3338,14.2794,2.0078,14.6062,344.0,21344.0,2795.9297
483,14.5708,14.2253,2.0761,14.6219,325.0,18298.0,2795.9297
484,14.6039,14.6269,1.9391,16.5529,309.0,7082.0,2795.9297
485,16.5696,14.6826,1.955,14.9721,358.0,35088.0,2795.9297
486,15.0201,14.6969,2.1618,14.3864,351.0,22904.0,2795.9297
487,14.3916,14.7088,2.0476,14.9047,348.0,34072.0,2795.9297
488,14.995,14.6274,2.2142,14.7931,341.0,20502.0,2795.9297
489,14.6249,14.715,1.8533,15.6954,337.0,18564.0,2795.9297
490,15.7485,14.6651,1.9811,14.7413,334.0,19878.0,2795.9297
491,14.6814,14.8029,2.0927,15.4985,317.0,13832.0,2795.9297
492,15.5572,13.9719,2.5189,16.2234,305.0,7078.0,2795.9297
493,16.2301,15.0071,2.4984,15.0621,305.0,7078.0,2795.9297
494,15.0314,14.5009,2.7927,15.4333,340.0,17504.0,2795.9297
495,15.4338,14.9819,2.198,15.6177,342.0,16993.0,2795.9297
496,15.7402,15.4059,2.2707,16.3447,343.0,16397.0,2795.9297
497,16.321,16.4878,2.4624,16.8688,340.0,9224.0,2795.9297
498,16.7826,15.8534,2.4766,15.3999,341.0,9724.0,2795.9297
499,15.39,15.8499,2.1444,17.0658,330.0,8530.0,2795.9297
500,17.0621,15.6142,2.0508,16.2479,344.0,9182.0,2795.9297
501,16.2502,15.7721,2.0033,16.7351,339.0,9368.0,2795.9297
502,16.8365,16.1139,2.0189,18.1947,345.0,9194.0,2795.9297
503,18.1432,16.8047,2.237,15.9272,344.0,11051.0,2795.9297
504,15.9796,16.0846,2.2083,16.1914,344.0,11051.0,2795.9297
505,16.0908,15.752,2.1422,16.5964,344.0,11585.0,2795.9297
506,16.6169,16.0531,2.2146,16.7402,342.0,11049.0,2795.9297
507,16.7643,15.8662,2.4648,15.7002,340.0,9712.0,2795.9297
508,15.6949,17.1583,2.5451,18.3811,340.0,9178.0,2795.9297
509,18.357,15.87,2.4571,16.2309,340.0,12554.0,2795.9297
510,16.243,15.8422,2.0417,15.8696,340.0,9642.0,2795.9297
511,15.8043,15.8911,2.0165,16.3388,340.0,13482.0,2795.9297
512,16.3733,15.5996,2.1457,16.1769,340.0,9178.0,2795.9297
513,16.2113,15.6563,2.2066,15.7032,340.0,9642.0,2795.9297
514,15.7284,15.639,2.0391,16.0925,341.0,9190.0,2795.9297
515,16.0248,15.6096,2.1233,16.8488,340.0,9920.0,2795.9297
516,16.9197,15.6199,2.3061,15.8311,344.0,13712.0,2795.9297
517,15.7927,15.6152,2.1509,15.8974,345.0,14834.0,2795.9297
518,15.8899,15.6147,2.0235,15.7769,344.0,19770.0,2795.9297
519,15.8788,15.4346,2.4586,16.7331,344.0,21515.0,2795.9297
520,16.8038,15.3294,2.3404,15.9854,342.0,10108.0,2795.9297
521,15.9236,15.4055,2.4728,15.1458,342.0,20108.0,2795.9297
522,15.057,15.3235,2.1615,16.6388,342.0,11821.0,2795.9297
523,16.6464,15.549,2.2591,15.8602,342.0,26745.0,2795.9297
524,15.8423,15.3998,2.318,15.6832,342.0,11049.0,2795.9297
525,15.7124,15.0624,2.3709,15.3917,316.0,14721.0,2795.9297
526,15.3583,15.5086,2.2111,16.2837,305.0,7078.0,2795.9297
527,16.3417,15.145,2.1294,15.3773,344.0,21344.0,2795.9297
528,15.3674,15.1632,2.1438,16.7561,326.0,18310.0,2795.9297
529,16.8001,14.7398,2.1797,15.6176,305.0,7078.0,2795.9297
530,15.5425,14.5311,2.432,14.9966,355.0,35192.0,2795.9297
531,14.984,15.1852,2.1202,16.2476,345.0,22780.0,2795.9297
532,16.2849,15.0507,2.1905,15.5258,350.0,34074.0,2795.9297
533,15.5103,15.2491,2.0636,15.5365,345.0,22312.0,2795.9297
534,15.5522,15.1984,2.0864,15.5544,346.0,18654.0,2795.9297
535,15.6021,15.2297,2.1204,15.339,334.0,21608.0,2795.9297
536,15.2454,15.1831,1.9468,15.6935,312.0,10210.0,2795.9297
537,15.7556,14.8113,1.8564,14.8902,307.0,7080.0,2795.9297
538,14.8349,15.0917,1.8618,16.0218,305.0,7078.0,2795.9297
539,15.9698,14.9771,1.9062,15.8768,340.0,17504.0,2795.9297
540,15.953,14.8935,2.1068,15.9889,342.0,16993.0,2795.9297
541,16.0363,16.2091,2.8287,16.8664,342.0,16385.0,2795.9297
542,16.8418,16.2897,2.5973,16.5763,340.0,9224.0,2795.9297
543,16.5921,15.7185,2.3049,15.4324,340.0,9712.0,2795.9297
544,15.4495,15.608,2.0562,16.8537,329.0,8518.0,2795.9297
545,16.7762,15.7243,2.0159,16.3399,340.0,9178.0,2795.9297
546,16.3388,15.1815,2.0653,14.9484,340.0,9712.0,2795.9297
547,14.971,16.3357,2.3777,17.9085,341.0,9190.0,2795.9297
548,18.0916,15.8913,2.5551,15.4454,346.0,11053.0,2795.9297
549,15.2441,15.9241,2.984,18.0667,346.0,11587.0,2795.9297
550,18.1388,15.7554,2.8144,14.8863,346.0,11053.0,2795.9297
551,14.9103,15.8979,2.5265,16.4552,344.0,11051.0,2795.9297
552,16.3553,15.7602,2.291,16.6022,342.0,9714.0,2795.9297
553,16.6035,15.564,3.4512,16.7645,342.0,10868.0,2795.9297
554,16.9039,15.7813,2.6192,16.4181,340.0,11330.0,2795.9297
555,16.3363,16.1248,2.7084,16.5025,340.0,9178.0,2795.9297
556,16.4616,15.4438,2.3873,17.302,340.0,13482.0,2795.9297
557,17.3411,15.9625,2.558,16.5108,341.0,9190.0,2795.9297
558,16.4993,15.8885,2.3475,16.8375,340.0,9642.0,2795.9297
559,16.852,14.89,2.3279,15.5917,340.0,9178.0,2795.9297
560,15.5807,15.3272,2.3727,16.0853,340.0,11350.0,2795.9297
561,16.0734,15.7096,2.3489,17.0823,340.0,12278.0,2795.9297
562,17.0884,16.0309,2.3465,16.0375,341.0,20186.0,2795.9297
563,16.0257,14.9467,2.7779,15.547,340.0,14410.0,2795.9297
564,15.6142,15.8637,2.3685,17.2506,346.0,21517.0,2795.9297
565,17.2146,16.038,2.183,16.4619,344.0,15342.0,2795.9297
566,16.4653,15.852,2.1893,16.4542,344.0,15186.0,2795.9297
567,16.4778,15.9369,2.2328,17.8976,344.0,11515.0,2795.9297
568,17.825,16.3106,2.3586,15.8781,344.0,26747.0,2795.9297
569,15.9401,15.8501,2.9943,15.6065,346.0,18154.0,2795.9297
570,15.5431,15.6905,2.6766,16.0808,309.0,7318.0,2795.9297
571,16.1747,15.385,2.6331,16.713,307.0,7198.0,2795.9297
572,16.6834,15.5608,2.3861,16.2516,344.0,21344.0,2795.9297
573,16.3125,15.3669,2.5183,15.5495,322.0,18118.0,2795.9297
574,15.4828,15.5682,2.4973,17.0894,305.0,7078.0,2795.9297
575,17.1805,15.5129,2.3676,15.5719,355.0,35192.0,2795.9297
576,15.503,15.2608,3.2117,15.4141,345.0,22780.0,2795.9297
577,15.4251,15.4501,2.748,16.0897,346.0,34070.0,2795.9297
578,16.1204,15.3651,3.2761,16.1329,341.0,22308.0,2795.9297
579,16.1067,15.4651,2.7195,16.7909,342.0,18650.0,2795.9297
580,16.7841,15.0808,2.6195,14.5447,342.0,24800.0,2795.9297
581,14.4835,16.7874,3.3979,16.8701,309.0,7082.0,2795.9297
582,16.9578,15.3811,3.6178,15.086,309.0,7082.0,2795.9297
583,14.9953,15.6309,2.4695,16.8761,321.0,11464.0,2795.9297
584,16.8491,15.3456,2.6514,16.6381,339.0,17797.0,2795.9297
585,16.7345,15.8534,3.2535,15.2857,342.0,14936.0,2795.9297
586,15.2311,15.4824,2.6281,16.7849,342.0,14309.0,2795.9297
587,16.8888,15.2223,2.4654,15.6064,340.0,9758.0,2795.9297
588,15.5948,16.1522,2.2754,16.4439,340.0,9178.0,2795.9297
589,16.3243,15.8182,2.322,16.2957,339.0,9118.0,2795.9297
590,16.3138,15.8651,2.1486,16.2004,337.0,9484.0,2795.9297
591,16.2297,15.4465,2.1724,16.1298,332.0,8698.0,2795.9297
592,16.1536,15.1881,2.251,15.7794,342.0,11049.0,2795.9297
593,15.7594,14.8688,1.915,15.9169,340.0,9712.0,2795.9297
594,15.8905,14.7322,1.8133,14.9556,342.0,11049.0,2795.9297
595,14.9638,15.1534,1.9268,16.5545,342.0,11049.0,2795.9297
596,16.5783,15.0401,2.1106,16.4896,346.0,11053.0,2795.9297
597,16.4438,16.0599,2.273,16.5786,345.0,11416.0,2795.9297
598,16.6291,16.1729,2.2931,16.4058,344.0,11334.0,2795.9297
599,16.4088,14.7214,1.9497,15.2183,342.0,9180.0,2795.9297
600,15.1875,15.2448,1.9248,16.0294,341.0,9120.0,2795.9297
601,16.0216,15.3127,1.9345,16.0003,338.0,13244.0,2795.9297
602,16.0298,15.2206,2.0135,16.1352,340.0,9178.0,2795.9297
603,16.1604,15.4917,2.1279,15.5091,340.0,9642.0,2795.9297
604,15.4714,15.4544,2.0474,16.6303,340.0,9456.0,2795.9297
605,16.6797,15.3424,2.5562,14.9297,340.0,11072.0,2795.9297
606,15.042,15.5374,3.0291,16.0914,340.0,17510.0,2795.9297
607,16.0405,15.3265,2.7306,15.7244,341.0,14954.0,2795.9297
608,15.5742,15.1923,3.6958,15.5967,342.0,16281.0,2795.9297
609,15.6655,15.1437,2.8752,16.3496,340.0,19642.0,2795.9297
610,16.4093,15.1652,2.5241,15.0635,340.0,15802.0,2795.9297
611,15.0803,15.2015,2.3415,16.8776,340.0,14718.0,2795.9297
612,16.7856,15.1048,2.4934,14.8251,346.0,11517.0,2795.9297
613,14.8431,15.0359,2.2809,16.1613,346.0,26749.0,2795.9297
614,16.135,15.066,2.1037,15.2888,347.0,18096.0,2795.9297
615,15.3142,15.2777,1.9644,15.9961,309.0,7200.0,2795.9297
616,16.0888,14.5113,2.0193,15.829,315.0,7560.0,2795.9297
617,15.7141,15.2748,2.1578,15.3222,343.0,22762.0,2795.9297
618,15.3547,15.2503,2.1536,15.7552,319.0,16342.0,2795.9297
619,15.6998,15.2719,2.1321,15.4932,305.0,7078.0,2795.9297
620,15.5403,15.0999,2.0268,16.0596,355.0,35192.0,2795.9297
621,16.1833,15.3149,2.1772,16.0881,346.0,22792.0,2795.9297
622,16.0846,15.34,2.0882,17.9641,346.0,34070.0,2795.9297
623,17.8844,16.3887,2.9726,16.2195,341.0,22308.0,2795.9297
624,16.2096,16.1608,2.3486,15.6414,341.0,18638.0,2795.9297
625,15.5935,15.9801,2.3955,16.3928,338.0,24796.0,2795.9297
626,16.462,16.5381,2.6466,17.0778,305.0,7078.0,2795.9297
627,17.0594,15.8672,2.7108,17.4367,305.0,7078.0,2795.9297
628,17.5291,16.0228,2.7214,15.8906,334.0,12342.0,2795.9297
629,15.8055,16.4161,2.5359,17.0145,339.0,20095.0,2795.9297
630,17.0344,16.1869,2.9803,16.1313,344.0,12674.0,2795.9297
631,16.0819,16.2284,2.2708,16.7726,344.0,14477.0,2795.9297
632,16.7664,15.7437,2.1566,16.1461,342.0,9226.0,2795.9297
633,16.2586,15.8615,2.4922,16.4553,342.0,9180.0,2795.9297
634,16.3704,15.7941,2.2659,15.971,338.0,9058.0,2795.9297
635,16.0268,15.8611,2.2103,15.5481,337.0,9532.0,2795.9297
636,15.4189,15.7803,2.0762,16.4854,323.0,8158.0,2795.9297
637,16.5525,15.7453,2.3063,16.1496,342.0,11049.0,2795.9297
638,16.2705,15.8053,2.4799,16.3233,340.0,9712.0,2795.9297
639,16.2916,15.6694,2.375,16.5982,342.0,11049.0,2795.9297
640,16.482,15.5849,2.3152,15.8468,342.0,11049.0,2795.9297
641,15.8834,15.7321,2.2283,16.2921,342.0,11049.0,2795.9297
642,16.2428,15.8775,2.2562,16.8384,341.0,11412.0,2795.9297
643,16.9435,15.6355,2.3811,16.2227,340.0,11330.0,2795.9297
644,16.1013,15.5618,2.1517,15.7498,344.0,9182.0,2795.9297
645,15.7989,15.1708,2.0932,15.7048,345.0,9194.0,2795.9297
646,15.7269,15.3725,2.1389,16.2871,344.0,13486.0,2795.9297
647,16.2408,15.3971,2.1997,15.628,342.0,9180.0,2795.9297
648,15.6326,14.8719,2.1534,15.9755,342.0,9922.0,2795.9297
649,16.0241,14.4098,2.0508,15.7099,342.0,9180.0,2795.9297
650,15.6806,14.418,2.3706,14.7307,340.0,16304.0,2795.9297
651,14.7137,15.2588,2.1554,16.8865,340.0,12278.0,2795.9297
652,17.0094,15.4932,2.0392,15.0806,343.0,16825.0,2795.9297
653,14.9713,15.5669,2.0197,15.8378,340.0,14410.0,2795.9297
654,15.829,15.2859,2.1494,16.7642,340.0,20106.0,2795.9297
655,16.7591,15.6374,2.1373,15.2297,340.0,15338.0,2795.9297
656,15.4007,15.4104,2.0962,16.0255,340.0,14718.0,2795.9297
657,16.0036,15.2191,2.2992,15.7198,342.0,11513.0,2795.9297
658,15.5699,15.2639,2.355,15.2367,342.0,26745.0,2795.9297
659,15.3124,15.3787,2.2767,16.6659,341.0,17972.0,2795.9297
660,16.6414,15.1741,2.3569,14.8613,312.0,7262.0,2795.9297
661,14.8127,15.2328,2.3471,16.2476,318.0,7622.0,2795.9297
662,16.2664,15.2968,2.3349,15.633,340.0,22464.0,2795.9297
663,15.7185,15.2008,2.2581,15.3176,321.0,16344.0,2795.9297
664,15.2411,15.298,2.1478,16.7705,307.0,7080.0,2795.9297
665,16.7403,15.5996,2.1771,15.3344,357.0,35194.0,2795.9297
666,15.4562,15.3212,2.1531,15.9434,345.0,22780.0,2795.9297
667,15.8807,14.9526,2.1955,16.5112,346.0,34070.0,2795.9297
668,16.4688,14.5091,2.4087,15.4745,341.0,22308.0,2795.9297
669,15.6204,14.5384,2.2976,17.1347,341.0,18638.0,2795.9297
670,17.1679,15.7725,2.3788,14.3891,338.0,24796.0,2795.9297
671,14.2645,15.0094,2.3385,15.6523,305.0,7078.0,2795.9297
672,15.6255,15.4201,2.3482,18.1616,306.0,7090.0,2795.9297
673,18.2017,15.0006,2.8882,14.9104,341.0,17381.0,2795.9297
674,14.8315,15.6172,2.5499,17.0905,338.0,17162.0,2795.9297
675,17.1632,15.4064,2.8071,14.4696,340.0,12096.0,2795.9297
676,14.5295,15.2915,2.1926,14.9414,346.0,13779.0,2795.9297
677,14.8544,15.3242,2.212,16.0206,344.0,9228.0,2795.9297
678,15.9375,15.4951,2.0902,16.6013,344.0,9182.0,2795.9297
679,16.6536,15.7437,2.3673,14.818,342.0,9714.0,2795.9297
680,14.8823,15.4935,2.2207,15.8046,329.0,8400.0,2795.9297
681,15.8533,15.0055,2.5072,16.155,332.0,10331.0,2795.9297
682,16.0657,15.1849,2.3373,15.581,340.0,9712.0,2795.9297
683,15.5442,15.6552,1.9569,16.2279,341.0,9190.0,2795.9297
684,16.2579,15.2648,1.7943,15.6352,342.0,11049.0,2795.9297
685,15.6078,15.3192,1.9508,16.149,342.0,11049.0,2795.9297
686,16.1754,14.9909,2.0044,15.6142,342.0,12737.0,2795.9297
687,15.6244,15.0163,1.9757,15.7307,340.0,10176.0,2795.9297
688,15.695,15.1871,1.9404,15.7345,340.0,10866.0,2795.9297
689,15.8843,14.499,2.0331,15.9773,340.0,9178.0,2795.9297
690,15.9006,15.1452,2.0354,15.8207,340.0,9642.0,2795.9297
691,15.7989,14.5002,2.0915,14.8026,340.0,13018.0,2795.9297
692,14.8167,15.3201,2.0102,16.601,344.0,9924.0,2795.9297
693,16.5577,15.5434,2.0155,15.988,344.0,9182.0,2795.9297
694,15.9921,15.3178,2.3403,15.4975,345.0,14426.0,2795.9297
695,15.636,15.3761,2.1825,15.4808,342.0,11762.0,2795.9297
696,15.3916,15.2785,2.2492,15.9744,344.0,13587.0,2795.9297
697,15.9084,15.2298,2.2703,15.3954,343.0,14832.0,2795.9297
698,15.5694,15.2953,2.4306,15.5963,340.0,19642.0,2795.9297
699,15.4909,15.3632,2.2492,16.1319,340.0,14874.0,2795.9297
700,16.056,15.7221,2.4567,17.1927,340.0,15338.0,2795.9297
701,17.3279,15.2834,2.5649,15.3362,340.0,15182.0,2795.9297
702,15.2818,15.2818,2.4094,15.516,342.0,11049.0,2795.9297
703,15.4924,15.3067,2.503,15.9427,342.0,26745.0,2795.9297
704,15.9518,15.1616,2.0563,16.098,330.0,17312.0,2795.9297
705,16.0969,15.2393,2.2589,15.9978,313.0,7558.0,2795.9297
706,16.0001,14.9666,2.0849,15.1442,315.0,9274.0,2795.9297
707,15.1796,14.9551,2.1441,16.4114,334.0,20744.0,2795.9297
708,16.3322,14.7779,2.3718,15.4928,319.0,16106.0,2795.9297
709,15.6008,15.2515,2.1561,16.7217,309.0,7082.0,2795.9297
710,16.6186,15.2216,2.3227,15.5818,359.0,35196.0,2795.9297
711,15.6739,15.3726,2.3002,15.7504,348.0,22842.0,2795.9297
712,15.6987,15.8188,2.2184,17.2685,348.0,34072.0,2795.9297
713,17.2777,15.3385,2.3105,14.1519,343.0,22680.0,2795.9297
714,14.162,15.2448,2.2,18.0604,342.0,18280.0,2795.9297
715,18.1567,15.6117,2.6316,14.3736,337.0,24736.0,2795.9297
716,14.2926,15.7855,2.5073,14.9549,305.0,7078.0,2795.9297
717,14.9305,15.4674,2.5148,16.4582,305.0,7078.0,2795.9297
718,16.4877,15.4661,2.6233,15.2775,342.0,17441.0,2795.9297
719,15.3029,15.191,2.435,17.0645,341.0,17828.0,2795.9297
720,17.0198,15.336,2.3145,15.1235,340.0,11562.0,2795.9297
721,15.0638,15.3561,2.1128,15.7844,342.0,13775.0,2795.9297
722,15.788,15.1173,1.96,15.1672,340.0,9224.0,2795.9297
723,15.1377,15.176,1.7037,16.1336,341.0,9190.0,2795.9297
724,16.1646,15.1228,1.6904,16.121,344.0,9716.0,2795.9297
725,16.1827,15.239,2.1044,15.4748,336.0,8702.0,2795.9297
726,15.4444,14.9613,1.8397,15.8441,333.0,10273.0,2795.9297
727,15.8061,14.205,1.6579,15.1356,342.0,9714.0,2795.9297
728,15.1495,14.7216,1.8957,16.0796,342.0,9180.0,2795.9297
729,16.1294,15.0091,2.0377,16.115,344.0,11051.0,2795.9297
730,16.1773,15.3732,2.2474,16.0156,342.0,12737.0,2795.9297
731,16.0432,15.3594,2.1487,15.5711,342.0,11513.0,2795.9297
732,15.4911,15.2499,2.0988,15.7703,340.0,9712.0,2795.9297
733,15.8037,15.2444,2.1017,15.7734,340.0,10866.0,2795.9297
734,15.741,15.2483,2.0967,15.2584,340.0,9178.0,2795.9297
735,15.2711,15.1542,2.0422,15.85,340.0,9642.0,2795.9297
736,15.8119,15.3607,2.1964,16.0116,340.0,13296.0,2795.9297
737,16.0718,15.1702,2.3509,17.1991,341.0,9654.0,2795.9297
738,17.1725,15.466,2.0703,13.7835,340.0,9178.0,2795.9297
739,13.7782,15.345,2.2067,16.0983,340.0,14410.0,2795.9297
740,16.1517,15.0973,2.2616,15.7087,344.0,11764.0,2795.9297
741,15.6385,15.1827,2.1974,15.6958,346.0,13589.0,2795.9297
742,15.7731,15.4351,2.4817,16.2524,345.0,14834.0,2795.9297
743,16.3784,15.162,2.1591,15.747,342.0,19644.0,2795.9297
744,15.5483,14.8522,2.0847,15.279,342.0,15340.0,2795.9297
745,15.3283,15.1612,1.9132,16.0135,342.0,14876.0,2795.9297
746,15.965,14.4189,1.975,15.5146,340.0,15182.0,2795.9297
747,15.5785,15.1173,2.2874,14.9383,342.0,11049.0,2795.9297
748,14.8786,14.7972,2.0345,15.7876,346.0,30487.0,2795.9297
749,15.7241,15.1786,2.0578,16.527,326.0,13570.0,2795.9297
750,16.6194,15.3756,2.2658,15.513,310.0,7378.0,2795.9297
751,15.5134,15.2432,2.3385,16.4593,316.0,9334.0,2795.9297
752,16.4593,15.3012,2.2156,16.7284,333.0,22280.0,2795.9297
753,16.768,15.384,3.1467,15.9493,311.0,14266.0,2795.9297
754,15.9141,15.243,1.8969,16.4216,305.0,7078.0,2795.9297
755,16.4459,15.5173,2.4129,15.5404,355.0,35192.0,2795.9297
756,15.7967,15.7488,2.8777,17.0607,351.0,22904.0,2795.9297
757,16.9089,15.3729,2.7241,13.8482,350.0,34074.0,2795.9297
758,13.6925,15.4286,2.8739,15.7424,345.0,22682.0,2795.9297
759,16.0394,15.5785,3.0897,17.5888,343.0,18658.0,2795.9297
760,17.3879,15.2912,2.7204,14.5207,338.0,24290.0,2795.9297
761,14.4493,14.8922,2.782,15.6009,307.0,7080.0,2795.9297
762,15.595,15.1518,1.9895,15.7697,305.0,7078.0,2795.9297
763,15.8108,14.9812,2.0056,14.9742,342.0,17441.0,2795.9297
764,14.9017,15.1165,1.9939,15.8308,340.0,17816.0,2795.9297
765,15.9237,14.4959,2.0815,15.9476,340.0,11562.0,2795.9297
766,15.9423,14.5694,2.2127,17.6943,342.0,13775.0,2795.9297
767,17.6647,15.0097,2.7951,14.4192,340.0,9224.0,2795.9297
768,14.4286,15.2443,2.1132,15.1172,340.0,9178.0,2795.9297
769,15.4175,15.2463,2.6574,15.6018,340.0,9712.0,2795.9297
770,15.3746,15.2317,2.4613,15.5863,342.0,11049.0,2795.9297
771,15.4349,15.4369,1.944,16.3346,325.0,8278.0,2795.9297
772,16.3263,15.2116,2.0966,15.2836,344.0,9716.0,2795.9297
773,15.3837,15.1703,2.2815,15.7511,344.0,9182.0,2795.9297
774,16.1606,15.5097,2.9529,15.3124,346.0,11053.0,2795.9297
775,14.8926,15.3523,2.1888,16.0816,344.0,12739.0,2795.9297
776,16.0061,15.165,2.276,16.0238,344.0,11515.0,2795.9297
777,16.0292,14.9788,2.3453,14.5463,336.0,9354.0,2795.9297
778,14.6206,14.8082,2.2587,15.9627,340.0,10866.0,2795.9297
779,15.94,15.2817,1.9355,15.696,340.0,9178.0,2795.9297
780,15.706,15.0893,1.8479,15.0833,340.0,9642.0,2795.9297
781,15.0448,14.7065,1.8596,16.6846,340.0,13296.0,2795.9297
782,16.7018,14.0407,1.9385,14.6553,340.0,9642.0,2795.9297
783,14.6475,14.9914,1.9351,15.5888,340.0,9178.0,2795.9297
784,15.6024,14.9887,1.9557,15.2162,340.0,14410.0,2795.9297
785,15.2158,15.2008,2.0813,15.2902,340.0,11760.0,2795.9297
786,15.3802,14.9523,2.2484,15.3705,342.0,13585.0,2795.9297
787,15.2561,14.8644,1.9128,15.0815,341.0,14830.0,2795.9297
788,15.1558,15.1092,2.1937,15.5672,344.0,19646.0,2795.9297
789,15.5402,15.0309,2.1382,15.2718,344.0,15342.0,2795.9297
790,15.3618,14.8898,1.9622,15.5986,344.0,14878.0,2795.9297
791,15.4768,15.141,2.2108,16.0426,342.0,15184.0,2795.9297
792,16.0552,14.8837,1.8388,15.1752,344.0,11051.0,2795.9297
793,15.1637,15.1067,1.9607,15.7436,348.0,30489.0,2795.9297
794,15.7772,16.1692,2.3557,17.5186,315.0,9274.0,2795.9297
795,17.4762,14.3475,2.4119,28.0531,1165.0,153730.0,2965.3047
796,28.1826,14.3475,2.9566,18.2011,697.0,37126.0,2994.6797
797,18.1433,16.6233,4.4699,17.1213,749.0,47058.0,2994.6797
798,17.1799,15.6809,2.6331,15.5463,740.0,73208.0,2994.6797
799,15.456,14.4089,2.5455,15.0845,722.0,49106.0,2979.9922
800,15.1579,14.9588,2.5336,16.4985,753.0,60702.0,2979.9922
801,16.5931,14.8149,2.6748,13.602,764.0,135202.0,2959.3047
802,13.4803,13.9487,2.4173,20.5025,768.0,77281.0,2959.3047
803,20.4739,14.1007,3.3603,15.873,770.0,38014.0,2960.0547
804,16.0067,14.4176,3.2565,14.3034,681.0,29978.0,2960.0547
805,14.3738,13.5773,3.43,14.4517,488.0,17510.0,2960.0547
806,14.3049,14.4254,4.1844,13.4986,461.0,13632.0,2960.0547
807,13.4392,13.9665,3.6566,13.1498,461.0,13632.0,2964.0547
808,13.2616,13.7796,3.0583,15.3785,462.0,13644.0,3028.0547
809,15.7438,14.8094,3.4854,15.276,462.0,13810.0,3028.0547
810,14.9761,14.1737,3.7439,13.496,460.0,17066.0,3028.0547
811,13.3268,13.8141,2.4232,16.2941,459.0,13630.0,3028.0547
812,16.3001,14.4459,2.6763,12.0325,460.0,13642.0,3028.0547
813,12.0159,14.606,3.3427,15.6626,480.0,14842.0,3028.0547
814,15.6139,14.0922,4.0007,13.3703,465.0,13990.0,3028.0547
815,13.399,13.4355,2.5447,14.7181,478.0,14770.0,2900.0547
816,14.7518,12.7811,2.368,12.8875,459.0,13630.0,2900.0547
817,12.8596,13.4186,2.2883,13.7124,459.0,13630.0,2900.0547
818,13.8151,13.3345,2.1434,15.583,494.0,15730.0,2900.0547
819,15.553,13.5509,2.5584,12.6233,472.0,14174.0,2900.0547
820,12.6357,13.2994,2.8572,13.715,475.0,14632.0,2900.0547
821,13.6352,12.9961,2.4734,13.5155,482.0,14774.0,2900.0547
822,13.5824,12.3351,2.1331,15.227,496.0,16660.0,2900.0547
823,15.3768,13.5012,3.1781,13.2862,497.0,16208.0,2900.0547
824,13.1157,13.2329,2.8734,11.9136,469.0,14112.0,2900.0547
825,11.9584,13.2419,2.3112,13.4806,460.0,13642.0,2900.0547
826,13.3896,12.8038,2.2139,14.6099,460.0,13642.0,2900.0547
827,14.6469,12.6489,1.9633,15.7997,459.0,13630.0,2900.0547
828,15.7988,13.3336,2.1753,12.6036,490.0,15906.0,2900.0547
829,12.6294,13.2024,2.1613,12.3869,494.0,15730.0,2900.0547
830,12.338,13.5837,2.5401,13.376,494.0,17214.0,2900.0547
831,13.4684,13.2166,2.1807,13.682,494.0,16936.0,2900.0547
832,13.6671,12.8369,2.1796,13.742,480.0,15354.0,2900.0547
833,13.6781,12.2564,2.0785,13.7655,492.0,15562.0,2900.0547
834,13.795,13.3514,2.2373,13.6855,494.0,15730.0,2900.0547
835,13.651,13.2272,2.161,13.0268,499.0,18466.0,2900.0547
836,13.0082,13.1256,2.3186,13.6302,499.0,18530.0,2900.0547
837,13.7508,12.8729,2.3043,14.6476,498.0,15734.0,2900.0547
838,14.5527,12.4398,1.8532,12.8789,466.0,13932.0,2900.0547
839,12.849,12.8851,1.582,13.064,462.0,13644.0,2900.0547
840,13.0878,12.9742,1.8975,13.6341,496.0,18980.0,2900.0547
841,13.6293,13.3692,2.46,14.1651,494.0,16264.0,2900.0547
842,14.187,13.1361,2.3491,13.5521,494.0,20750.0,2900.0547
843,13.5728,12.3153,2.0955,13.2884,494.0,19892.0,2900.0547
844,13.2681,12.3856,1.8917,13.5338,495.0,19454.0,2900.0547
845,13.5077,13.3641,1.9673,13.721,495.0,15742.0,2900.0547
846,13.6909,13.2112,1.8769,13.2253,494.0,17796.0,2900.0547
847,13.2896,13.3749,2.3674,13.7997,494.0,16264.0,2900.0547
848,13.7265,13.1703,2.2025,14.0988,494.0,15730.0,2900.0547
849,14.1533,12.3094,2.1074,13.3538,494.0,15730.0,2900.0547
850,13.3444,13.3688,2.2232,13.5097,494.0,16418.0,2900.0547
851,13.5324,13.3017,2.1748,13.5843,499.0,29612.0,2900.0547
852,13.5568,13.0641,1.9182,13.9137,499.0,15746.0,2900.0547
853,13.9636,13.2466,2.0359,13.2152,499.0,25712.0,2900.0547
854,13.1732,12.1154,1.8794,13.9872,462.0,13692.0,2900.0547
855,13.9948,13.1808,1.9729,13.6557,462.0,13644.0,2900.0547
856,13.6728,13.2553,1.7304,12.6145,487.0,30951.0,2900.0547
857,12.574,13.1538,2.1757,13.5119,460.0,13690.0,2900.0547
858,13.539,12.9733,1.9233,13.6185,466.0,15801.0,2900.0547
859,13.6331,12.9091,1.641,14.0179,495.0,16430.0,2900.0547
860,14.0405,12.5669,1.8261,13.7147,494.0,17122.0,2900.0547
861,13.6593,13.3404,1.7196,13.4282,495.0,17134.0,2900.0547
862,13.5052,13.0566,2.0865,12.8459,494.0,25898.0,2900.0547
863,12.8031,13.3443,1.9975,13.9909,495.0,15742.0,2900.0547
864,13.9917,12.9596,1.9932,14.2163,494.0,15730.0,2900.0547
865,14.2215,12.4807,2.04,12.2525,495.0,17598.0,2900.0547
866,12.1958,12.9834,1.9371,14.3763,468.0,17714.0,2900.0547
867,14.4735,13.3438,2.3017,12.695,463.0,13634.0,2900.0547
868,12.5996,13.5975,2.5467,14.7245,498.0,17126.0,2900.0547
869,14.8354,13.1468,2.3381,13.7408,480.0,14804.0,2900.0547
870,13.7116,12.0846,1.9565,13.2882,496.0,16100.0,2900.0547
871,13.3517,13.4997,1.8293,13.8023,496.0,24196.0,2900.0547
872,13.7046,13.3258,1.9974,13.6095,497.0,27204.0,2900.0547
873,13.7224,13.1851,1.9145,12.869,494.0,16226.0,2900.0547
874,12.7115,13.0304,1.7507,14.5194,494.0,16180.0,2900.0547
875,14.5795,13.0219,1.9571,13.4324,495.0,16042.0,2900.0547
876,13.5296,12.3505,2.0163,12.9321,488.0,21474.0,2900.0547
877,12.8203,13.2446,1.8347,14.4746,494.0,29078.0,2900.0547
878,14.5646,13.302,2.0006,13.1122,501.0,38268.0,2900.0547
879,13.0133,13.2692,2.3299,13.1697,494.0,27624.0,2900.0547
880,13.1666,13.1657,2.001,14.1949,494.0,28406.0,2900.0547
881,14.2372,12.2762,1.7166,13.7368,494.0,16156.0,2900.0547
882,13.7372,13.3187,1.9075,13.6559,494.0,27680.0,2900.0547
883,13.6857,13.2249,1.7689,14.0625,498.0,41870.0,2900.0547
884,14.0317,13.2343,1.8246,12.563,498.0,18934.0,2900.0547
885,12.6167,13.2412,2.6384,14.054,505.0,25054.0,2900.0547
886,13.9698,13.2504,2.0556,14.4376,489.0,29420.0,2900.0547
887,14.5075,12.5408,2.0819,13.1077,462.0,13644.0,2900.0547
888,13.062,13.2059,2.233,14.2177,496.0,20836.0,2900.0547
889,14.2445,13.3384,2.4499,13.4868,495.0,16206.0,2900.0547
890,13.4998,13.2658,2.358,13.2318,494.0,35477.0,2900.0547
891,13.2187,12.9764,2.3863,14.4333,495.0,15742.0,2900.0547
892,14.3669,12.166,2.2578,14.2049,494.0,15730.0,2900.0547
893,14.3005,13.4983,2.2881,13.4692,494.0,15730.0,2900.0547
894,13.4811,13.4264,2.2954,14.0212,494.0,15730.0,2900.0547
895,14.0173,13.1861,2.4599,13.039,494.0,15106.0,2900.0547
896,12.9643,13.5827,2.7016,14.0073,494.0,14002.0,2900.0547
897,14.0042,12.3034,2.4775,12.8737,494.0,14050.0,2900.0547
898,12.918,12.3323,2.1477,14.5095,496.0,16054.0,2900.0547
899,14.6201,13.3197,2.229,13.4382,498.0,17590.0,2900.0547
900,13.368,13.4053,2.3158,12.9707,506.0,23682.0,2900.0547
901,13.0568,13.4861,2.5784,14.2241,498.0,15686.0,2900.0547
902,14.0993,13.0834,2.1677,13.5487,496.0,16196.0,2900.0547
903,13.6661,12.3939,2.3176,14.6194,499.0,27228.0,2900.0547
904,14.4892,13.4778,2.3219,13.6059,496.0,16420.0,2900.0547
905,13.6421,13.2016,2.1406,12.8411,499.0,45238.0,2900.0547
906,12.8446,13.0585,2.6328,13.2502,495.0,25926.0,2900.0547
907,13.228,13.3996,2.8291,14.5339,495.0,27058.0,2900.0547
908,14.5109,13.057,2.4705,13.1295,496.0,22746.0,2900.0547
909,13.2297,12.4906,2.2154,13.869,495.0,21362.0,2900.0547
910,13.8008,13.3024,2.248,13.5988,495.0,19078.0,2900.0547
911,13.714,13.4003,2.4597,13.2877,495.0,17338.0,2900.0547
912,13.2763,13.2879,2.4253,13.6372,495.0,20974.0,2900.0547
913,13.6325,13.2842,2.3183,15.2292,494.0,40770.0,2900.0547
914,15.1895,12.3765,2.7836,14.1329,494.0,18066.0,2900.0547
915,14.0258,13.4462,2.1926,13.1148,498.0,37014.0,2900.0547
916,13.1251,13.2505,1.9988,12.6316,498.0,26566.0,2900.0547
917,12.6546,13.2051,2.6765,13.7309,477.0,19706.0,2900.0547
918,13.9124,13.5611,2.4129,14.4963,462.0,13692.0,2900.0547
919,14.3332,13.0413,2.3778,12.9603,461.0,13632.0,2900.0547
920,13.1126,12.5007,3.0421,13.9145,465.0,17248.0,2900.0547
921,13.8143,13.0545,2.5335,13.3808,459.0,13630.0,2900.0547
922,13.3658,13.8172,2.0658,14.2945,459.0,13630.0,2900.0547
923,14.3056,13.2825,2.2001,12.8257,463.0,13870.0,2900.0547
924,12.7476,13.3056,2.2366,13.9443,480.0,14890.0,2900.0547
925,13.9714,12.0332,1.9821,13.701,475.0,14542.0,2900.0547
926,13.6852,12.4821,1.9692,13.1691,463.0,13870.0,2900.0547
927,13.1705,13.2214,2.03,13.7449,459.0,13630.0,2900.0547
928,13.8173,13.4021,2.409,13.8687,460.0,13642.0,2900.0547
929,13.8177,13.3596,2.6417,13.7802,495.0,15742.0,2900.0547
930,13.8235,12.9577,2.274,13.8712,470.0,14290.0,2900.0547
931,14.32,12.1115,2.283,12.8661,478.0,14764.0,2900.0547
932,12.3875,13.3963,2.3621,14.1258,480.0,14654.0,2900.0547
933,14.1509,13.3217,2.3819,14.5949,498.0,16662.0,2900.0547
934,14.6473,13.49,2.3821,12.514,496.0,16196.0,2900.0547
935,12.389,12.3943,2.4356,13.8013,467.0,13992.0,2900.0547
936,13.839,12.3586,2.6434,14.1871,462.0,13644.0,2900.0547
937,14.1416,12.6781,1.9108,13.2666,459.0,13630.0,2900.0547
938,13.388,13.1401,2.5488,13.4768,460.0,13690.0,2900.0547
939,13.5692,13.1346,2.3311,13.4717,494.0,16098.0,2900.0547
940,13.4591,13.4092,2.1495,14.1496,495.0,16206.0,2900.0547
941,13.9594,13.2155,2.0344,14.145,494.0,16750.0,2900.0547
942,14.2092,12.2772,2.1033,13.0264,496.0,17424.0,2900.0547
943,13.0885,13.2263,2.283,14.3562,477.0,14710.0,2900.0547
944,14.3104,13.4872,2.1606,13.2472,493.0,15622.0,2900.0547
945,13.2588,13.2476,2.536,13.3399,494.0,15730.0,2900.0547
946,13.2905,13.2429,2.5411,13.5393,494.0,18450.0,2900.0547
947,13.5233,12.9939,2.3858,14.113,498.0,18518.0,2900.0547
948,14.2191,12.663,2.2395,13.7496,499.0,15746.0,2900.0547
949,13.6748,13.2848,2.1953,13.3754,466.0,13814.0,2900.0547
950,13.3754,13.282,2.2237,12.7658,461.0,13632.0,2900.0547
951,12.8323,13.425,2.377,14.5508,497.0,18992.0,2900.0547
952,14.4183,12.9383,2.183,13.7082,496.0,16266.0,2900.0547
953,13.7714,12.0711,2.2529,13.4329,494.0,20750.0,2900.0547
954,13.3876,13.1676,2.1366,13.7092,494.0,19892.0,2900.0547
955,14.058,13.5234,2.3427,13.4064,495.0,19454.0,2900.0547
956,13.1302,13.2789,2.0172,13.4784,494.0,15730.0,2900.0547
957,13.4793,12.797,2.2234,13.6939,494.0,17796.0,2900.0547
958,13.7408,13.4246,2.3653,14.3587,494.0,16264.0,2900.0547
959,14.3134,12.686,2.1478,14.2105,494.0,15730.0,2900.0547
960,14.4619,13.3521,2.2224,13.7594,495.0,15742.0,2900.0547
961,13.5428,13.0688,2.1756,12.9015,494.0,16418.0,2900.0547
962,12.9623,13.577,2.3773,13.8424,495.0,29608.0,2900.0547
963,13.7107,13.2172,2.4693,13.8448,498.0,15734.0,2900.0547
964,13.8402,12.3032,2.3585,14.1475,498.0,25700.0,2900.0547
965,14.1117,12.8059,2.3072,12.4595,465.0,13706.0,2900.0547
966,12.4917,13.4609,2.2334,13.785,461.0,13632.0,2900.0547
967,13.9194,13.3953,2.4878,13.3641,488.0,31011.0,2900.0547
968,13.2535,13.1946,2.3931,13.8859,466.0,15683.0,2900.0547
969,13.9332,12.7408,2.5531,13.7537,466.0,14050.0,2900.0547
970,13.7868,12.3755,2.0965,13.6169,495.0,16894.0,2900.0547
971,13.5985,13.2365,2.0156,13.7174,495.0,16670.0,2900.0547
972,13.6567,13.3728,2.1721,13.4731,495.0,17134.0,2900.0547
973,13.5378,13.4681,2.3877,13.8161,494.0,25898.0,2900.0547
974,13.7554,13.2562,2.3031,13.663,495.0,15742.0,2900.0547
975,13.6568,12.1275,2.0702,13.5873,494.0,16194.0,2900.0547
976,13.6228,13.4289,2.0902,13.87,494.0,18514.0,2900.0547
977,13.8694,13.3462,2.2435,13.1618,465.0,16046.0,2900.0547
978,13.1668,13.0151,2.1454,12.9835,459.0,13630.0,2900.0547
979,12.9948,12.972,2.1894,14.2096,498.0,17126.0,2900.0547
980,14.2429,13.1154,2.4459,14.0741,482.0,14924.0,2900.0547
981,13.9217,12.6171,1.9309,13.6162,498.0,16102.0,2900.0547
982,13.815,13.266,2.2583,13.4144,496.0,24932.0,2900.0547
983,13.3729,13.1131,2.4158,13.5838,496.0,26456.0,2900.0547
984,13.5212,13.3595,2.3993,13.2078,496.0,16228.0,2900.0547
985,13.1597,12.9667,2.9205,13.8617,494.0,16180.0,2900.0547
986,13.9005,12.4455,2.2978,12.8588,494.0,17718.0,2900.0547
987,13.0158,13.1808,2.6963,15.2262,495.0,27054.0,2900.0547
988,15.1912,13.5691,2.1256,13.2861,494.0,25582.0,2900.0547
989,13.1344,13.2615,2.391,15.8579,500.0,37460.0,2900.0547
990,15.9057,13.2307,2.5482,10.601,495.0,28368.0,2900.0547
991,10.6311,12.1372,2.1563,14.3387,494.0,25070.0,2900.0547
992,14.2919,12.6115,2.1007,12.945,495.0,19286.0,2900.0547
993,12.9213,13.2275,2.1983,14.5094,494.0,34758.0,2900.0547
994,14.6531,13.2123,2.1031,12.7364,494.0,32166.0,2900.0547
995,12.677,13.7985,2.3611,13.9436,501.0,20482.0,2900.0547
996,13.8642,13.3556,2.2846,14.2784,508.0,27338.0,2900.0547
997,14.3627,12.1501,2.1294,13.7967,479.0,24638.0,2900.0547
998,13.7706,13.3357,2.0716,12.3648,462.0,13644.0,2900.0547
999,12.3267,13.3736,1.9567,13.4424,496.0,20836.0,2900.0547
1000,13.4483,13.2304,1.877,13.5374,496.0,16196.0,2900.0547
1001,13.4631,13.042,1.6404,14.1186,495.0,35489.0,2900.0547
1002,14.1484,12.2392,2.286,13.835,494.0,15730.0,2900.0547
1003,13.8314,12.6282,1.9408,13.0474,494.0,15730.0,2900.0547
1004,13.0801,13.1973,1.9686,13.4493,494.0,15730.0,2900.0547
1005,13.5463,13.2584,2.114,13.5299,495.0,15742.0,2900.0547
1006,13.4175,13.3094,1.7155,13.8952,494.0,15106.0,2900.0547
1007,13.9141,13.1566,2.1505,14.0058,495.0,14014.0,2900.0547
1008,14.0237,12.2339,1.7488,13.6594,494.0,14050.0,2900.0547
1009,13.6285,13.1107,1.9009,13.9843,495.0,16042.0,2900.0547
1010,13.9747,13.4467,1.875,12.9129,494.0,17586.0,2900.0547
1011,12.9161,13.3228,2.1491,13.4368,507.0,23694.0,2900.0547
1012,13.4449,13.1488,1.8246,13.5723,498.0,15686.0,2900.0547
1013,13.5139,12.9939,1.9513,14.2106,499.0,16210.0,2900.0547
1014,14.29,12.415,1.9725,13.707,498.0,27216.0,2900.0547
1015,13.7618,13.2395,2.0357,12.8696,497.0,16432.0,2900.0547
1016,12.8337,13.2662,2.0625,13.9362,501.0,45240.0,2900.0547
1017,13.9808,13.3153,1.9226,13.3976,495.0,25926.0,2900.0547
1018,13.321,13.154,2.0273,13.6596,495.0,27058.0,2900.0547
1019,13.6274,12.0881,1.7799,13.6858,495.0,22734.0,2900.0547
1020,13.7175,13.3786,1.731,13.549,495.0,21362.0,2900.0547
1021,13.5364,13.3856,1.8918,12.8714,495.0,19078.0,2900.0547
1022,12.8652,13.2328,2.1475,14.0208,494.0,17326.0,2900.0547
1023,14.0106,12.9524,1.9456,14.027,494.0,20962.0,2900.0547
1024,14.0605,12.2677,2.2873,13.861,495.0,40782.0,2900.0547
1025,13.922,13.4323,2.0104,13.695,494.0,18066.0,2900.0547
1026,13.7276,13.2453,2.1941,12.5544,495.0,37022.0,2900.0547
1027,12.4121,13.0623,1.707,13.8197,498.0,26566.0,2900.0547
1028,13.7863,13.4049,1.7592,14.1064,477.0,19706.0,2900.0547
1029,14.1625,12.9693,1.9466,13.6178,464.0,13694.0,2900.0547
1030,13.6702,12.5687,1.4797,12.9298,466.0,17308.0,2900.0547
1031,12.9375,13.1701,1.8154,13.9005,461.0,13632.0,2900.0547
1032,13.9485,13.3232,2.7016,13.3409,461.0,13632.0,2900.0547
1033,13.2503,13.208,2.4721,13.4929,459.0,13630.0,2900.0547
1034,13.4909,13.0025,2.0438,13.9305,494.0,15730.0,2900.0547
1035,13.913,12.3502,1.897,13.5673,469.0,14230.0,2900.0547
1036,13.598,12.6588,1.9557,13.7952,460.0,13642.0,2900.0547
1037,13.7774,13.2182,1.9392,12.8196,459.0,13630.0,2900.0547
1038,12.8072,13.0237,2.2843,13.9937,459.0,13630.0,2900.0547
1039,14.0562,13.2749,2.383,13.3786,494.0,15730.0,2900.0547
1040,13.3391,12.2176,1.8458,13.4127,473.0,14700.0,2900.0547
1041,13.4577,13.2296,1.8372,13.4137,475.0,14590.0,2900.0547
1042,13.3958,13.0131,1.604,13.2821,474.0,14530.0,2900.0547
1043,13.3757,13.2865,2.086,13.7142,498.0,16662.0,2900.0547
1044,13.5671,12.4838,1.9282,13.5898,498.0,16198.0,2900.0547
1045,13.708,12.9732,1.9737,13.9414,467.0,13874.0,2900.0547
1046,13.8776,12.4013,2.0824,13.7466,461.0,13632.0,2900.0547
1047,13.7595,13.5066,2.0249,13.7242,461.0,13632.0,2900.0547
1048,13.7686,13.2341,2.052,13.0883,466.0,13932.0,2900.0547
1049,13.0209,13.1709,2.1388,13.8956,494.0,16194.0,2900.0547
1050,13.9707,12.733,2.3051,13.8796,494.0,16194.0,2900.0547
1051,13.8909,12.6269,2.1261,12.6219,494.0,17214.0,2900.0547
1052,12.5206,13.2374,1.8525,14.171,494.0,16936.0,2900.0547
1053,14.2686,13.1527,1.8922,12.8123,474.0,14530.0,2900.0547
1054,12.7137,13.2775,1.8979,14.0045,493.0,15670.0,2900.0547
1055,13.9757,13.1736,2.3732,13.4046,494.0,16410.0,2900.0547
1056,13.4583,12.1416,1.7676,13.999,494.0,17770.0,2900.0547
1057,13.9884,12.9375,1.8262,13.6079,494.0,18514.0,2900.0547
1058,13.7318,13.2576,1.9563,13.2899,494.0,15730.0,2900.0547
1059,13.1858,13.1718,2.0064,12.6486,463.0,13634.0,2900.0547
1060,12.6053,12.3471,1.8556,14.8079,491.0,18098.0,2900.0547
1061,14.909,12.9104,1.9739,14.4909,498.0,16732.0,2900.0547
1062,14.4314,12.7101,2.0406,12.4686,496.0,19824.0,2900.0547
1063,12.5221,13.3592,2.1168,15.3215,497.0,18416.0,2900.0547
1064,15.2499,13.0243,2.0113,11.6169,496.0,21862.0,2900.0547
1065,11.728,13.4791,2.0911,13.8947,494.0,15730.0,2900.0547
1066,13.741,13.2025,1.9134,14.0871,494.0,16728.0,2900.0547
1067,14.1442,12.2193,1.9296,12.8691,494.0,16798.0,2900.0547
1068,12.8983,12.7098,2.0098,13.6721,494.0,16264.0,2900.0547
1069,13.6772,13.3055,2.4077,13.3008,495.0,15742.0,2900.0547
1070,13.2668,13.6651,2.199,14.29,494.0,16418.0,2900.0547
1071,14.2792,13.3277,2.2281,13.6276,494.0,25464.0,2900.0547
1072,13.7742,12.7867,2.0307,13.4936,494.0,19862.0,2900.0547
1073,13.3829,12.6325,1.9994,13.222,494.0,25696.0,2900.0547
1074,13.2614,13.1924,1.9331,13.5763,470.0,14194.0,2900.0547
1075,13.5208,13.2105,2.0667,13.6833,464.0,13646.0,2900.0547
1076,13.6523,13.4113,1.9037,13.8092,491.0,31025.0,2900.0547
1077,13.8216,13.1816,2.3965,13.4422,468.0,15685.0,2900.0547
1078,13.4811,12.0834,1.9229,13.6134,485.0,16176.0,2900.0547
1079,13.6546,13.2662,2.2289,13.7194,497.0,16208.0,2900.0547
1080,13.7549,13.4814,2.1839,13.58,497.0,17136.0,2900.0547
1081,13.4814,13.1328,2.0345,13.2415,494.0,18810.0,2900.0547
1082,13.215,12.9545,1.9845,13.9135,495.0,23294.0,2900.0547
1083,13.9663,12.2375,1.8873,13.7928,495.0,15742.0,2900.0547
1084,13.8246,13.3119,1.9188,13.3922,495.0,16670.0,2900.0547
1085,13.3613,13.4668,2.0195,13.6439,484.0,19602.0,2900.0547
1086,13.6614,13.1378,2.2326,13.4242,460.0,13642.0,2900.0547
1087,13.3322,13.2472,1.93,14.465,494.0,17122.0,2900.0547
1088,14.493,12.9006,2.0508,13.1476,483.0,15220.0,2900.0547
1089,13.2203,12.4759,2.0186,13.6621,494.0,17202.0,2900.0547
1090,13.6297,13.089,2.0388,13.5005,494.0,24700.0,2900.0547
1091,13.7364,13.3603,2.2475,13.2315,498.0,25584.0,2900.0547
1092,13.0688,13.4897,2.2108,14.7279,498.0,16380.0,2900.0547
1093,14.6618,13.2523,2.0795,13.7914,499.0,16046.0,2900.0547
1094,13.8103,12.1207,2.028,13.3253,496.0,19760.0,2900.0547
1095,13.3194,13.3743,2.0649,13.2912,496.0,27964.0,2900.0547
1096,13.3118,13.1618,1.9339,13.5447,498.0,25370.0,2900.0547
1097,13.5997,13.3103,2.0947,13.603,500.0,36700.0,2900.0547
1098,13.5424,13.2773,2.1437,13.6745,495.0,27932.0,2900.0547
1099,13.6869,12.9393,2.331,13.5108,494.0,23544.0,2900.0547
1100,13.4669,12.3429,2.0309,13.8286,494.0,21114.0,2900.0547
1101,13.8612,13.2501,2.1522,13.103,494.0,37254.0,2900.0547
1102,13.0694,13.3304,2.237,13.563,495.0,28846.0,2900.0547
1103,13.5743,13.4462,2.2732,13.8376,497.0,21482.0,2900.0547
1104,13.8094,13.0918,1.9371,14.5077,501.0,26964.0,2900.0547
1105,14.6718,12.269,1.9053,13.2002,470.0,22660.0,2900.0547
1106,13.1036,13.367,1.9925,13.0841,459.0,13630.0,2900.0547
1107,13.0848,13.2355,1.8515,12.8127,498.0,20838.0,2900.0547
1108,12.8134,13.1988,1.8117,14.0713,498.0,16198.0,2900.0547
1109,13.9938,13.3405,2.0791,13.6463,498.0,35481.0,2900.0547
1110,13.6841,12.9779,2.0261,14.1384,496.0,15732.0,2900.0547
1111,14.147,12.5364,1.9252,13.587,496.0,15732.0,2900.0547
1112,13.5827,12.9761,1.9676,13.3661,496.0,15732.0,2900.0547
1113,13.4204,13.7124,2.1317,13.6222,494.0,15730.0,2900.0547
1114,13.5608,13.2075,2.23,14.1202,494.0,15106.0,2900.0547
1115,14.156,14.3631,2.1515,14.5988,496.0,14026.0,2900.0547
1116,14.5847,12.0974,1.8644,13.7728,494.0,14050.0,2900.0547
1117,13.7306,12.6626,1.9682,13.2804,496.0,16054.0,2900.0547
1118,13.385,13.6411,1.9983,14.0815,495.0,17598.0,2900.0547
1119,14.0242,13.3916,2.3902,13.3067,502.0,23678.0,2900.0547
1120,13.3405,13.9078,2.0846,14.2047,494.0,15682.0,2900.0547
1121,14.1182,13.1637,2.1125,14.6363,494.0,16194.0,2900.0547
1122,14.6976,12.0661,2.0572,13.0515,496.0,27214.0,2900.0547
1123,13.0266,13.2209,2.0304,13.4673,499.0,16434.0,2900.0547
1124,13.4026,13.3212,2.2099,14.1774,504.0,45254.0,2900.0547
1125,14.2408,13.4689,1.986,12.1249,499.0,25930.0,2900.0547
1126,12.0985,13.1287,1.816,14.3469,497.0,27060.0,2900.0547
1127,14.3789,13.0425,2.2821,14.3147,497.0,22736.0,2900.0547
1128,14.3828,12.6316,2.0532,13.1918,497.0,21364.0,2900.0547
1129,13.141,13.3325,1.9256,13.1161,495.0,19078.0,2900.0547
1130,13.15,13.2543,1.8747,13.4772,494.0,17326.0,2900.0547
1131,13.4843,13.4265,1.9404,13.6464,495.0,20974.0,2900.0547
1132,13.5384,12.9938,1.842,14.4275,494.0,40770.0,2900.0547
1133,14.5463,12.2483,1.8479,12.8958,495.0,18078.0,2900.0547
1134,12.9448,13.0703,1.9706,14.4766,494.0,37010.0,2900.0547
1135,14.4134,13.6111,1.9534,12.9611,494.0,26562.0,2900.0547
1136,12.9057,13.5209,2.1116,13.4653,475.0,19822.0,2900.0547
1137,13.4849,13.5454,2.2517,14.1827,462.0,15450.0,2900.0547
1138,14.1687,12.072,1.8764,15.1328,461.0,15438.0,2900.0547
1139,15.1273,12.9372,2.0327,13.2107,463.0,13634.0,2900.0547
1140,13.2342,13.0797,2.1412,15.5228,463.0,13634.0,2900.0547
1141,15.5536,13.3288,2.2077,12.3051,463.0,13634.0,2900.0547
1142,12.2657,13.3425,1.9997,13.138,496.0,15732.0,2900.0547
1143,13.1413,13.4179,2.1306,14.0468,472.0,14244.0,2900.0547
1144,14.1481,12.2493,2.0267,13.668,462.0,13644.0,2900.0547
1145,13.6821,13.3173,2.107,15.6362,460.0,13642.0,2900.0547
1146,15.5699,13.8998,2.0911,11.9618,459.0,13630.0,2900.0547
1147,11.8966,13.3757,2.1006,13.4827,494.0,15730.0,2900.0547
1148,13.5693,13.1864,2.0325,14.0414,475.0,14868.0,2900.0547
1149,13.9624,13.3008,1.9789,13.7333,478.0,14770.0,2900.0547
1150,13.7629,12.2273,1.8101,13.475,470.0,14754.0,2900.0547
1151,13.5117,13.3841,1.9864,13.8519,494.0,16194.0,2900.0547
1152,13.913,13.0303,2.0019,13.4892,495.0,16206.0,2900.0547
1153,13.4582,13.3841,2.3066,13.1651,461.0,13750.0,2900.0547
1154,13.0418,13.1726,1.9363,13.8697,459.0,13630.0,2900.0547
1155,13.9685,12.9138,2.4767,13.3357,463.0,13634.0,2900.0547
1156,13.301,12.3005,2.0249,13.5837,478.0,14438.0,2900.0547
1157,13.5478,13.4658,1.9451,13.7564,494.0,15958.0,2900.0547
1158,13.7648,13.2157,2.0109,13.2011,496.0,16660.0,2900.0547
1159,13.212,13.488,2.0934,14.356,497.0,16764.0,2900.0547
1160,14.3154,13.3186,1.9629,14.286,496.0,16938.0,2900.0547
1161,14.3125,12.2199,1.8341,12.4566,494.0,15730.0,2900.0547
1162,12.4375,13.1433,1.9263,14.501,494.0,15730.0,2900.0547
1163,14.5178,13.21,1.983,13.0795,494.0,17770.0,2900.0547
1164,13.081,13.3433,2.139,13.2908,494.0,19194.0,2900.0547
1165,13.308,13.0736,2.0084,13.8354,494.0,15730.0,2900.0547
1166,13.8386,12.9608,1.5331,12.9968,470.0,14290.0,2900.0547
1167,12.9835,12.2406,1.7196,13.8408,462.0,14274.0,2900.0547
1168,13.8689,13.3805,1.8867,13.8134,490.0,17810.0,2900.0547
1169,13.8143,13.2189,2.0974,13.4116,494.0,16728.0,2900.0547
1170,13.3736,13.1938,2.122,14.0497,494.0,20750.0,2900.0547
1171,14.0264,13.1118,1.9644,13.6492,498.0,19938.0,2900.0547
1172,13.6645,12.4827,1.8248,12.6532,498.0,19404.0,2900.0547
1173,12.6974,13.1773,2.173,13.9162,498.0,15734.0,2900.0547
1174,13.9405,13.2566,2.2538,13.4822,496.0,16730.0,2900.0547
1175,13.5054,13.447,2.0022,13.9592,496.0,16800.0,2900.0547
1176,13.8972,13.3102,2.0254,13.8604,496.0,16266.0,2900.0547
1177,13.8775,12.0893,1.8639,13.8119,494.0,15730.0,2900.0547
1178,13.7718,13.3159,2.0431,14.9827,494.0,16418.0,2900.0547
1179,15.0171,13.4648,2.1311,13.0184,495.0,29042.0,2900.0547
1180,13.0974,13.5505,2.0047,12.9242,494.0,17202.0,2900.0547
1181,12.7964,13.1174,2.0148,13.7643,494.0,24790.0,2900.0547
1182,13.834,13.3792,2.1343,13.2393,462.0,13810.0,2900.0547
1183,13.1969,12.2994,1.7146,13.1741,460.0,13642.0,2900.0547
1184,13.2466,13.2311,2.0005,15.458,503.0,34244.0,2900.0547
1185,15.4596,13.1972,2.3081,12.5651,494.0,16882.0,2900.0547
1186,12.5722,12.7504,2.7518,13.8711,494.0,16658.0,2900.0547
1187,13.7785,13.3018,2.5209,13.1064,498.0,16662.0,2900.0547
1188,13.1731,12.289,2.2149,13.7837,498.0,25902.0,2900.0547
1189,13.752,12.1747,1.9701,13.7296,499.0,15746.0,2900.0547
1190,13.7299,13.4931,2.1111,13.7318,506.0,16608.0,2900.0547
1191,13.7216,13.3352,2.0105,13.3067,504.0,21228.0,2900.0547
1192,13.3342,13.447,2.2216,14.0542,471.0,13848.0,2900.0547
1193,14.0284,13.0557,2.1969,13.5231,468.0,13738.0,2900.0547
1194,13.6061,12.3001,2.098,13.616,503.0,17230.0,2900.0547
1195,13.5605,12.5781,1.9882,13.9146,492.0,15376.0,2900.0547
1196,13.8653,13.3573,1.8771,13.7245,502.0,17666.0,2900.0547
1197,13.7696,13.6199,2.2779,13.9522,502.0,25832.0,2900.0547
1198,13.8735,13.4093,2.3064,13.5881,502.0,24272.0,2900.0547
1199,13.7447,13.0856,1.9627,14.0502,502.0,16622.0,2900.0547
1200,14.121,12.4004,2.0595,13.5389,502.0,15976.0,2900.0547
1201,13.3496,13.401,2.0857,15.1271,502.0,22106.0,2900.0547
1202,15.368,13.4937,2.9485,13.8103,373.0,32546.0,2900.0547
1203,13.6928,13.5751,2.3736,12.9918,323.0,26030.0,2900.0547
1204,12.9067,16.4713,2.3596,17.0317,330.0,36908.0,2900.0547
1205,17.1411,14.6425,2.1349,15.4522,323.0,27810.0,2900.0547
1206,15.3601,14.6834,2.1728,14.8588,321.0,24334.0,2900.0547
1207,14.8263,14.4771,1.9971,15.5727,321.0,21536.0,2900.0547
1208,15.6082,14.4096,2.0068,15.3485,322.0,37320.0,2900.0547
1209,15.2987,13.9557,2.1756,16.2751,320.0,29266.0,2900.0547
1210,16.3202,14.6696,2.0841,13.1414,325.0,22942.0,2900.0547
1211,13.2042,14.5524,2.1144,15.0304,324.0,26356.0,2900.0547
1212,14.9178,14.7235,2.1263,15.3943,294.0,23020.0,2900.0547
1213,15.5423,14.6444,2.6618,14.8827,295.0,15638.0,2900.0547
1214,14.7854,14.7302,2.337,15.9115,321.0,20814.0,2900.0547
1215,15.9372,14.5235,2.8967,14.2648,320.0,21804.0,2900.0547
1216,14.1955,15.0196,2.2115,15.5007,318.0,30243.0,2900.0547
1217,15.6589,14.5561,2.2766,14.8996,318.0,16138.0,2900.0547
1218,14.8285,14.6897,2.4059,15.6444,319.0,16150.0,2900.0547
1219,15.591,13.5998,2.5732,15.1238,322.0,16142.0,2900.0547
1220,15.1813,13.6331,2.521,16.2848,322.0,15806.0,2900.0547
1221,16.272,14.4597,2.4789,14.6732,322.0,14606.0,2900.0547
1222,14.7657,14.8435,2.4411,14.9957,323.0,14496.0,2900.0547
1223,14.9241,14.1097,2.5161,16.7658,322.0,16024.0,2900.0547
1224,16.7395,15.8561,2.5626,16.3045,322.0,17980.0,2900.0547
1225,16.4996,15.0564,3.1552,14.8919,326.0,24086.0,2900.0547
1226,14.7284,14.6335,2.647,14.5419,320.0,16114.0,2900.0547
1227,14.5035,14.74,2.347,15.5648,321.0,23166.0,2900.0547
1228,15.5386,14.9022,2.4885,14.7615,322.0,21806.0,2900.0547
1229,14.8124,14.6178,2.3859,15.8802,320.0,22690.0,2900.0547
1230,15.8752,14.3496,2.4554,14.7288,322.0,42762.0,2900.0547
1231,14.7456,13.6245,2.4744,15.6427,321.0,27634.0,2900.0547
1232,15.6369,13.8846,2.3924,13.0353,319.0,22998.0,2900.0547
1233,12.9835,14.4305,2.3333,15.9244,320.0,28310.0,2900.0547
1234,15.9813,14.789,2.1598,18.0107,319.0,16150.0,2900.0547
1235,18.1394,15.1846,2.6573,15.4635,323.0,19490.0,2900.0547
1236,15.3107,16.2625,2.3529,14.9868,323.0,17750.0,2900.0547
1237,15.0086,14.8708,2.4854,16.1559,325.0,23098.0,2900.0547
1238,16.1344,15.4289,2.4567,15.6574,320.0,40168.0,2900.0547
1239,15.7872,15.1711,3.6121,17.5012,323.0,33516.0,2900.0547
1240,17.3935,15.3534,3.2267,13.3653,321.0,21752.0,2900.0547
1241,13.4473,15.1555,3.4751,18.079,318.0,32154.0,2900.0547
1242,18.1906,15.0868,3.1951,13.3936,289.0,17726.0,2900.0547
1243,13.1941,14.6944,2.9804,14.6834,285.0,14062.0,2900.0547
1244,14.6693,14.8624,2.5073,14.5966,285.0,14062.0,2900.0547
1245,14.5511,14.4241,2.0788,16.0497,284.0,14050.0,2900.0547
1246,16.1285,13.8902,2.3965,18.3887,303.0,15190.0,2900.0547
1247,18.3657,14.3782,2.6357,14.644,311.0,15526.0,2900.0547
1248,14.6355,14.9305,4.0977,15.3184,285.0,14158.0,2900.0547
1249,15.3414,15.0932,2.942,15.1821,284.0,14050.0,2900.0547
1250,15.202,14.971,3.393,19.4285,283.0,14038.0,2900.0547
1251,19.5548,14.9905,3.0053,13.6838,323.0,16432.0,2900.0547
1252,13.5789,14.9112,3.1227,13.3744,306.0,15182.0,2900.0547
1253,13.3609,14.9387,3.0087,14.0779,306.0,15086.0,2900.0547
1254,14.0742,14.9133,2.7782,15.2213,302.0,15476.0,2900.0547
1255,15.1916,14.9004,2.6435,15.2713,321.0,17080.0,2900.0547
1256,15.2286,14.9173,2.7737,15.7913,319.0,15984.0,2900.0547
1257,15.8151,14.8275,2.4457,16.9715,285.0,14062.0,2900.0547
1258,17.0193,14.429,2.4798,13.8207,283.0,14038.0,2900.0547
1259,13.777,14.0201,2.5396,17.0368,306.0,15274.0,2900.0547
1260,17.14,14.0882,3.4511,16.0312,317.0,16958.0,2900.0547
1261,15.9368,15.3671,3.0212,11.7571,319.0,17170.0,2900.0547
1262,11.7179,14.757,2.2228,17.6139,319.0,16892.0,2900.0547
1263,17.6948,14.8629,2.6596,15.5468,320.0,17090.0,2900.0547
1264,15.6088,14.841,2.5054,14.8939,318.0,16138.0,2900.0547
1265,15.1006,14.7837,3.0549,14.9783,319.0,16830.0,2900.0547
1266,14.6851,14.9037,2.5571,15.1879,319.0,19582.0,2900.0547
1267,15.3541,14.9671,2.7878,17.8317,325.0,17570.0,2900.0547
1268,17.7195,14.8525,2.4474,12.7154,324.0,16166.0,2900.0547
1269,12.7105,14.7447,2.57,15.048,290.0,15054.0,2900.0547
1270,14.9591,15.1275,2.7176,16.7021,320.0,18460.0,2900.0547
1271,16.6978,14.5509,2.7494,16.9859,321.0,16686.0,2900.0547
1272,17.0986,14.0165,3.2719,14.5331,321.0,21636.0,2900.0547
1273,14.5196,14.7708,2.64,14.7177,319.0,21282.0,2900.0547
1274,14.6341,14.009,2.8573,14.8405,318.0,18416.0,2900.0547
1275,14.9226,14.8076,2.848,15.6972,320.0,16162.0,2900.0547
1276,15.8066,14.9169,2.6792,16.0641,319.0,17148.0,2900.0547
1277,16.0,14.7938,2.915,15.1685,318.0,17206.0,2900.0547
1278,15.1663,14.8324,2.5869,13.0472,319.0,16684.0,2900.0547
1279,13.0957,14.9039,3.0378,15.8467,319.0,16150.0,2900.0547
1280,15.8011,14.8552,2.943,15.7612,320.0,23078.0,2900.0547
1281,15.7361,14.8963,3.2901,17.1547,319.0,23788.0,2900.0547
1282,17.2183,14.3792,3.5958,14.1691,318.0,19762.0,2900.0547
1283,14.1301,14.9515,3.2812,14.8284,314.0,21956.0,2900.0547
1284,14.7482,15.093,4.1195,17.945,294.0,31774.0,2900.0547
1285,18.0423,13.8807,3.4305,13.1287,287.0,14042.0,2900.0547
1286,13.1163,14.4928,3.0741,18.0159,341.0,35790.0,2900.0547
1287,18.0492,15.1317,4.1205,14.7692,321.0,17304.0,2900.0547
1288,14.8549,16.2028,3.4826,16.252,320.0,17020.0,2900.0547
1289,16.0951,15.5675,3.0614,15.8274,320.0,18314.0,2900.0547
1290,15.8439,14.9633,2.6489,14.8706,319.0,24630.0,2900.0547
1291,14.7792,14.927,2.375,15.2667,319.0,16150.0,2900.0547
1292,15.3513,14.1177,2.6672,15.2672,318.0,18754.0,2900.0547
1293,15.3085,14.9077,2.6085,16.1949,311.0,18502.0,2900.0547
1294,16.2121,15.6994,2.99,16.0169,284.0,14050.0,2900.0547
1295,16.0507,15.9163,3.7847,16.2162,318.0,17530.0,2900.0547
1296,16.2501,14.9167,3.2491,17.6863,317.0,16596.0,2900.0547
1297,17.5771,14.8969,2.8861,13.238,318.0,19450.0,2900.0547
1298,13.2161,14.6784,2.916,15.4271,318.0,24948.0,2900.0547
1299,15.5542,14.8741,3.0477,16.1172,323.0,24230.0,2900.0547
1300,16.0593,13.9363,3.0914,15.0317,322.0,16664.0,2900.0547
1301,15.0033,14.0535,2.7842,16.928,324.0,22596.0,2900.0547
1302,17.027,14.3945,3.0936,13.8085,322.0,17092.0,2900.0547
1303,13.7345,19.5531,3.0376,19.6488,321.0,23732.0,2900.0547
1304,19.5578,13.918,2.8179,13.965,322.0,20184.0,2900.0547
1305,14.0084,14.8406,3.3829,15.0145,320.0,25366.0,2900.0547
1306,14.9652,15.1677,2.7594,15.6718,322.0,33936.0,2900.0547
1307,15.7109,15.5605,2.3179,17.9831,320.0,29918.0,2900.0547
1308,17.967,15.3723,2.7893,14.8975,319.0,22598.0,2900.0547
1309,14.8728,14.8846,2.556,14.5641,319.0,24702.0,2900.0547
1310,14.5784,14.8302,2.7097,16.6048,319.0,31924.0,2900.0547
1311,16.6421,14.9846,2.6793,14.8685,320.0,31230.0,2900.0547
1312,14.8007,15.0274,2.6268,14.6643,323.0,25654.0,2900.0547
1313,14.6891,14.9581,2.9259,17.4878,327.0,43460.0,2900.0547
1314,17.5574,15.1653,3.4547,13.8574,307.0,25712.0,2900.0547
1315,13.7853,15.1207,2.896,15.6817,303.0,16810.0,2900.0547
1316,15.71,14.6268,3.2893,14.8991,322.0,22675.0,2900.0547
1317,14.9903,14.1853,2.7134,15.5561,322.0,18963.0,2900.0547
1318,15.4449,14.5458,2.6027,15.6251,322.0,30269.0,2900.0547
1319,15.658,15.0004,2.8983,15.4401,321.0,16152.0,2900.0547
1320,15.5762,14.1525,3.577,16.3071,322.0,16164.0,2900.0547
1321,16.1878,15.6032,2.963,15.9108,320.0,16162.0,2900.0547
1322,15.8483,14.8793,2.9825,15.1387,318.0,15610.0,2900.0547
1323,15.2744,15.087,3.5513,15.9967,320.0,14578.0,2900.0547
1324,16.0054,15.0786,3.5644,14.9765,318.0,14458.0,2900.0547
1325,14.9346,15.1756,2.8867,16.1583,319.0,16790.0,2900.0547
1326,16.0873,15.2124,2.8435,14.8092,321.0,19297.0,2900.0547
1327,14.9707,14.9659,3.1317,14.3165,326.0,22239.0,2900.0547
1328,14.1511,14.8982,2.7999,17.0028,319.0,21498.0,2900.0547
1329,17.1109,14.39,3.263,13.9623,319.0,17746.0,2900.0547
1330,13.8509,14.9149,2.7419,15.9217,320.0,21782.0,2900.0547
1331,15.9733,14.108,2.9439,14.0415,324.0,24290.0,2900.0547
1332,13.9678,14.9211,2.5852,16.9065,327.0,42778.0,2900.0547
1333,17.0518,14.4752,2.8837,17.0387,326.0,26054.0,2900.0547
1334,16.9999,15.0204,2.9919,13.753,322.0,26348.0,2900.0547
1335,13.721,15.0202,2.7725,16.8926,323.0,24988.0,2900.0547
1336,16.8384,14.9908,2.669,15.3526,321.0,16152.0,2900.0547
1337,15.3302,15.0937,2.7577,15.644,319.0,19486.0,2900.0547
1338,15.758,14.8735,3.2487,15.4151,318.0,17734.0,2900.0547
1339,15.4421,15.1805,3.192,14.6881,319.0,33534.0,2900.0547
1340,14.6065,14.8714,3.0743,14.7301,318.0,29702.0,2900.0547
1341,14.7975,15.0313,2.8117,15.993,319.0,33490.0,2900.0547
1342,15.9865,15.1716,2.5825,15.37,318.0,21738.0,2900.0547
1343,15.3099,14.9873,2.6258,15.6917,320.0,35602.0,2900.0547
1344,15.8853,14.1049,2.7383,13.8109,283.0,14038.0,2900.0547
1345,13.6352,14.4765,2.5396,16.9854,283.0,14038.0,2900.0547
1346,16.9976,14.5558,2.7342,14.6558,284.0,14050.0,2900.0547
1347,14.6369,13.5504,2.4332,15.4126,289.0,14162.0,2900.0547
1348,15.3936,14.3315,2.362,14.9601,307.0,15242.0,2900.0547
1349,15.0435,14.7419,2.785,15.4082,313.0,15458.0,2900.0547
1350,15.3879,14.8019,2.3849,16.3076,285.0,14040.0,2900.0547
1351,16.2709,14.881,2.5293,15.2365,285.0,14040.0,2900.0547
1352,15.3236,14.7817,2.596,13.285,287.0,14112.0,2900.0547
1353,13.2098,14.9414,2.7328,16.6713,318.0,16416.0,2900.0547
1354,16.6509,14.0348,2.6403,14.9844,307.0,15382.0,2900.0547
1355,15.1207,14.9305,2.8866,14.3449,300.0,15522.0,2900.0547
1356,14.2178,15.6665,2.4855,17.2393,301.0,15486.0,2900.0547
1357,17.3766,14.5587,2.5403,15.7578,314.0,16362.0,2900.0547
1358,15.5643,13.9753,2.7466,15.9575,314.0,15898.0,2900.0547
1359,16.0475,13.9701,3.2795,17.2219,285.0,14062.0,2900.0547
1360,17.2651,14.7017,2.9216,12.8714,284.0,14050.0,2900.0547
1361,12.7887,14.9985,2.6578,15.5271,315.0,16422.0,2900.0547
1362,15.5008,14.8902,2.5659,15.612,316.0,16898.0,2900.0547
1363,15.7196,14.9566,2.6139,16.0858,314.0,16170.0,2900.0547
1364,16.0222,14.9439,2.5172,14.6548,324.0,16908.0,2900.0547
1365,14.7369,14.819,2.8031,16.0629,322.0,17070.0,2900.0547
1366,15.9734,15.0792,2.8868,14.4165,321.0,16152.0,2900.0547
1367,14.4631,14.8125,3.1082,15.2052,321.0,16832.0,2900.0547
1368,15.1838,14.7616,2.7048,17.8711,321.0,20048.0,2900.0547
1369,17.9226,14.7837,3.2968,13.3404,318.0,17066.0,2900.0547
1370,13.2758,14.7428,2.8475,16.5142,317.0,16542.0,2900.0547
1371,16.5046,14.8304,2.796,14.2701,292.0,14946.0,2900.0547
1372,14.355,13.9902,2.64,14.4998,318.0,18992.0,2900.0547
1373,14.523,14.8918,2.4101,18.5012,320.0,17090.0,2900.0547
1374,18.5698,14.915,2.9286,12.2187,320.0,21716.0,2900.0547
1375,12.182,15.0499,2.6369,16.3469,318.0,20272.0,2900.0547
1376,16.2199,14.91,2.5013,17.6777,319.0,18428.0,2900.0547
1377,17.8546,14.8696,2.9638,12.8262,319.0,16150.0,2900.0547
1378,12.785,14.8345,2.727,16.2701,321.0,17172.0,2900.0547
1379,16.2135,14.9738,2.7805,16.2479,322.0,17210.0,2900.0547
1380,16.3469,14.4407,3.4567,14.47,322.0,16676.0,2900.0547
1381,14.3032,14.0534,3.0517,14.4911,323.0,16154.0,2900.0547
1382,14.6332,14.8823,2.7982,15.225,320.0,23792.0,2900.0547
1383,15.0716,14.5545,3.204,16.2196,321.0,23054.0,2900.0547
1384,16.3319,14.7377,2.7125,15.4365,315.0,19416.0,2900.0547
1385,15.3931,13.9106,2.7388,15.0898,312.0,22024.0,2900.0547
1386,15.0644,14.9391,2.7386,18.8484,284.0,14050.0,2900.0547
1387,18.8272,15.2805,2.9973,13.0733,305.0,24065.0,2900.0547
1388,13.0282,15.1359,2.7606,16.2684,330.0,26909.0,2900.0547
1389,16.3236,15.1141,3.0251,14.6285,320.0,17314.0,2900.0547
1390,14.6388,16.2586,2.7806,16.2091,314.0,16362.0,2900.0547
1391,16.2584,15.6645,2.4486,17.5076,318.0,20146.0,2900.0547
1392,17.4222,15.2523,2.5246,15.7943,319.0,22774.0,2900.0547
1393,15.7802,15.5512,2.6628,13.6447,319.0,16614.0,2900.0547
1394,13.7159,15.4341,2.754,16.5133,320.0,19242.0,2900.0547
1395,16.4202,14.8412,2.4552,16.4082,309.0,17122.0,2900.0547
1396,16.4667,15.468,3.162,14.5507,297.0,15522.0,2900.0547
1397,14.5904,15.5544,3.3195,16.2477,315.0,16090.0,2900.0547
1398,16.2288,15.5094,2.9697,20.0354,320.0,16658.0,2900.0547
1399,20.0296,14.6509,2.9465,12.0493,321.0,20200.0,2900.0547
1400,12.0084,14.9968,2.6366,14.5454,320.0,24214.0,2900.0547
1401,14.5768,15.3682,2.6024,17.0557,319.0,24226.0,2900.0547
1402,17.0886,14.5927,2.7065,15.1012,320.0,20624.0,2900.0547
1403,15.0307,13.8879,2.5766,14.9296,318.0,18628.0,2900.0547
1404,15.0512,14.6122,2.9806,16.3944,319.0,17078.0,2900.0547
1405,16.3412,15.0765,3.3344,13.3925,318.0,23718.0,2900.0547
1406,13.3302,14.9395,2.4058,18.6209,319.0,20806.0,2900.0547
1407,18.7613,14.8693,2.5692,13.3314,321.0,25742.0,2900.0547
1408,13.2543,15.9151,3.5536,16.6368,326.0,33296.0,2900.0547
1409,16.6795,15.5125,2.6667,16.4672,320.0,30200.0,2900.0547
1410,16.4183,14.7958,2.4443,15.2071,319.0,23223.0,2900.0547
1411,15.2646,15.2053,2.5822,15.0816,323.0,25317.0,2900.0547
1412,15.1159,15.4326,2.4883,16.2692,323.0,30222.0,2900.0547
1413,16.1859,14.8294,2.8265,14.5847,324.0,31478.0,2900.0547
1414,14.5447,14.8268,3.0012,15.2886,325.0,25656.0,2900.0547
1415,15.2728,14.8175,2.7051,15.5486,323.0,25374.0,2900.0547
1416,15.5757,14.767,2.2003,17.2211,318.0,26718.0,2900.0547
1417,17.206,14.7729,2.4575,13.0175,295.0,16102.0,2900.0547
1418,13.0054,13.9135,2.2849,15.88,319.0,25504.0,2900.0547
1419,15.8795,14.8587,2.3399,14.7576,318.0,16138.0,2900.0547
1420,14.7612,14.7888,2.387,16.1192,319.0,30255.0,2900.0547
1421,16.1779,15.0327,2.5632,14.8503,318.0,16138.0,2900.0547
1422,14.8431,14.8767,2.4448,15.5226,318.0,16138.0,2900.0547
1423,15.4968,14.7944,2.7644,15.5442,320.0,16066.0,2900.0547
1424,15.4984,14.9577,2.5058,15.7491,318.0,15418.0,2900.0547
1425,15.8078,14.8907,2.5742,14.7032,318.0,14554.0,2900.0547
1426,14.7687,14.8703,2.9228,15.7119,319.0,14470.0,2900.0547
1427,15.7184,14.7887,2.8162,15.408,324.0,16998.0,2900.0547
1428,15.3084,14.5301,2.6748,14.3115,325.0,19861.0,2900.0547
1429,14.2324,14.5333,2.5617,15.9771,329.0,27163.0,2900.0547
1430,16.1436,13.9584,2.6196,14.8971,322.0,17712.0,2900.0547
1431,14.8493,14.9075,2.4248,15.1652,321.0,16840.0,2900.0547
1432,15.18,14.8275,2.4427,15.9516,323.0,24444.0,2900.0547
1433,15.9554,15.02,2.3383,14.7953,319.0,25870.0,2900.0547
1434,14.8582,14.8747,2.5117,16.6083,322.0,42762.0,2900.0547
1435,16.4753,14.8188,2.436,15.3508,319.0,22678.0,2900.0547
1436,15.3967,14.8723,2.5221,15.2106,320.0,28086.0,2900.0547
1437,15.241,14.8749,2.6149,15.3484,318.0,21614.0,2900.0547
1438,15.3928,14.8756,2.8571,13.6075,318.0,16138.0,2900.0547
1439,13.5293,14.7931,2.7201,15.673,321.0,19510.0,2900.0547
1440,15.6741,14.8286,2.7112,16.4937,319.0,17746.0,2900.0547
1441,16.5303,14.51,2.2864,14.9472,319.0,35958.0,2900.0547
1442,14.9414,13.9048,2.3907,15.5957,319.0,27966.0,2900.0547
1443,15.6537,14.5705,2.5546,14.162,324.0,32830.0,2900.0547
1444,14.0232,14.8877,2.3771,15.8153,322.0,25118.0,2900.0547
1445,15.8207,14.9864,2.2927,15.0929,317.0,31906.0,2900.0547
1446,15.157,15.4402,2.4412,16.355,286.0,14052.0,2900.0547
1447,16.3173,15.0182,2.541,15.3298,287.0,14064.0,2900.0547
1448,15.3808,14.8893,2.585,14.6931,286.0,14052.0,2900.0547
1449,14.6626,14.8608,2.5141,15.5166,290.0,14410.0,2900.0547
1450,15.5266,15.0073,2.5732,15.7315,309.0,15502.0,2900.0547
1451,15.7389,14.817,3.0409,14.4895,298.0,14890.0,2900.0547
1452,14.5022,14.769,2.865,16.2406,284.0,14050.0,2900.0547
1453,16.245,14.807,2.1807,15.1826,284.0,14050.0,2900.0547
1454,15.1194,14.1263,2.2038,14.4384,285.0,14158.0,2900.0547
1455,14.4716,13.7828,2.1329,15.5513,322.0,16464.0,2900.0547
1456,15.5566,14.347,2.2596,15.5517,310.0,15610.0,2900.0547
1457,15.6038,14.9527,2.5621,15.4604,303.0,15654.0,2900.0547
1458,15.4228,14.9036,2.5488,15.3732,298.0,15306.0,2900.0547
1459,15.4267,14.9394,2.3826,15.9551,323.0,16618.0,2900.0547
1460,16.005,14.8896,2.4036,15.8897,310.0,15422.0,2900.0547
1461,15.8557,14.9736,2.4669,14.4207,288.0,14054.0,2900.0547
1462,14.3966,14.9759,2.5431,16.1527,286.0,14052.0,2900.0547
1463,16.219,14.7792,3.3208,13.646,321.0,16616.0,2900.0547
1464,13.4903,14.8326,2.4588,15.9294,320.0,17346.0,2900.0547
1465,15.9695,14.6613,2.6783,15.1744,304.0,15528.0,2900.0547
1466,15.202,14.1475,2.3559,15.5627,320.0,16904.0,2900.0547
1467,15.5937,14.2046,2.7649,14.6865,319.0,17078.0,2900.0547
1468,14.6102,14.6803,2.3752,14.8902,318.0,16138.0,2900.0547
1469,14.9112,14.951,2.6921,16.1347,319.0,16830.0,2900.0547
1470,16.1461,14.8241,2.5908,15.2558,319.0,20046.0,2900.0547
1471,15.299,15.0071,2.3471,14.5803,319.0,17078.0,2900.0547
1472,14.788,15.1001,2.6669,16.3854,320.0,16578.0,2900.0547
1473,16.1682,14.8148,2.6352,13.9661,298.0,15818.0,2900.0547
1474,14.0217,14.8584,2.8344,15.9809,318.0,18528.0,2900.0547
1475,15.9427,15.0766,2.4867,15.0569,322.0,18884.0,2900.0547
1476,15.0073,14.9551,2.3418,16.0383,322.0,20810.0,2900.0547
1477,16.0385,14.9221,2.6478,14.886,323.0,19894.0,2900.0547
1478,14.8276,14.0651,2.389,15.6263,322.0,17908.0,2900.0547
1479,15.6494,14.9136,2.1802,15.0794,321.0,16152.0,2900.0547
1480,15.0884,13.9289,2.3561,15.9183,321.0,17150.0,2900.0547
1481,15.9447,14.161,2.2615,14.5337,321.0,17242.0,2900.0547
1482,14.5317,14.8918,2.4323,15.2979,320.0,16696.0,2900.0547
1483,15.3656,14.9418,2.1758,16.6312,319.0,17744.0,2900.0547
1484,16.5653,15.0304,2.7881,16.2865,319.0,24160.0,2900.0547
1485,16.3148,14.7601,2.7281,13.8441,319.0,22006.0,2900.0547
1486,13.8024,14.8743,2.5068,14.42,315.0,19534.0,2900.0547
1487,14.4865,14.679,2.5847,15.0754,302.0,20566.0,2900.0547
1488,14.9553,14.9424,2.163,16.2124,284.0,14050.0,2900.0547
1489,16.3339,14.3708,2.4811,15.017,315.0,27808.0,2900.0547
1490,14.9139,15.3064,2.6816,15.6039,327.0,24098.0,2900.0547
1491,15.6496,14.0186,2.4767,14.5043,324.0,17270.0,2900.0547
1492,14.6091,14.46,2.2097,16.6397,324.0,16630.0,2900.0547
1493,16.5268,14.5272,2.3881,14.9934,322.0,20150.0,2900.0547
1494,15.0169,14.7659,2.4252,15.3963,320.0,22300.0,2900.0547
1495,15.4455,15.0288,2.3525,15.3122,321.0,17544.0,2900.0547
1496,15.3309,14.9205,2.1699,15.4276,321.0,19696.0,2900.0547
1497,15.4757,14.836,2.5338,15.4493,314.0,17706.0,2900.0547
1498,15.3753,15.1737,2.5873,14.1926,303.0,15142.0,2900.0547
1499,14.216,14.6803,2.5404,17.026,319.0,16668.0,2900.0547
1500,17.0451,14.3495,2.8534,15.8629,319.0,20704.0,2900.0547
1501,15.8158,14.6527,3.0947,14.4927,320.0,23880.0,2900.0547
1502,14.5249,14.4601,3.1777,14.8656,319.0,28016.0,2900.0547
1503,14.8243,14.9081,2.7452,14.8149,319.0,16672.0,2900.0547
1504,14.7299,14.3131,2.2,15.6789,319.0,18640.0,2900.0547
1505,15.6952,13.6151,2.4986,15.4514,318.0,17530.0,2900.0547
1506,15.6087,14.9375,2.7757,15.6693,319.0,23474.0,2900.0547
1507,15.5558,14.8819,2.2232,15.2595,323.0,23616.0,2900.0547
1508,15.502,15.1372,2.8823,16.1976,323.0,23626.0,2900.0547
1509,16.0092,15.1861,2.6584,15.4889,326.0,33024.0,2900.0547
1510,15.4791,14.9945,2.5482,14.3686,322.0,29670.0,2900.0547
1511,14.4336,14.9462,2.4223,16.0283,321.0,24471.0,2900.0547
1512,15.9847,14.907,2.8021,17.2087,320.0,24267.0,2900.0547
1513,17.1758,14.8974,3.2147,13.5304,318.0,30206.0,2900.0547
1514,13.5358,14.4718,2.7936,15.5677,320.0,32110.0,2900.0547
1515,15.5685,15.1602,2.6268,15.8511,321.0,25362.0,2900.0547
1516,15.8023,14.8729,2.521,15.8078,322.0,26370.0,2900.0547
1517,15.7895,14.7136,2.6322,15.0283,312.0,24850.0,2900.0547
1518,15.1005,14.4415,2.3285,15.4703,302.0,19807.0,2900.0547
1519,15.4447,14.9521,2.6242,15.2435,318.0,22207.0,2900.0547
1520,15.2293,15.1162,2.6503,16.0437,319.0,16150.0,2900.0547
1521,16.118,14.9679,2.8602,14.8709,320.0,30267.0,2900.0547
1522,14.8456,14.4626,2.6188,14.4984,320.0,16162.0,2900.0547
1523,14.549,14.8443,2.7417,15.639,325.0,16082.0,2900.0547
1524,15.6338,15.0691,2.6476,15.7447,324.0,15926.0,2900.0547
1525,15.6842,15.0715,2.4722,14.7488,324.0,15350.0,2900.0547
1526,14.8112,14.3793,2.505,15.3263,320.0,14604.0,2900.0547
1527,15.2323,14.8562,2.167,15.2583,321.0,14424.0,2900.0547
1528,15.2843,15.2573,2.2738,15.815,323.0,18224.0,2900.0547
1529,15.825,14.9214,2.2522,15.6348,322.0,24385.0,2900.0547
1530,15.5722,14.7088,2.3861,15.4844,324.0,23347.0,2900.0547
1531,15.5808,14.9754,2.2918,16.1444,318.0,16090.0,2900.0547
1532,16.1536,14.4948,2.483,15.4575,318.0,18422.0,2900.0547
1533,15.392,14.973,2.346,16.5618,320.0,22834.0,2900.0547
1534,16.6125,14.994,2.5899,13.7172,322.0,27502.0,2900.0547
1535,13.7229,15.1686,2.4283,15.686,323.0,41178.0,2900.0547
1536,15.6485,14.8916,2.4922,14.6573,322.0,28110.0,2900.0547
1537,14.7591,14.9351,2.616,17.1801,319.0,22678.0,2900.0547
1538,17.0679,14.925,2.6478,14.4555,319.0,21626.0,2900.0547
1539,14.4362,14.9041,2.4697,15.4248,323.0,16154.0,2900.0547
1540,15.4309,14.5187,2.5359,15.5794,324.0,19502.0,2900.0547
1541,15.6154,14.9685,2.767,14.7072,322.0,22970.0,2900.0547
1542,14.8878,15.2791,3.02,16.1958,322.0,35972.0,2900.0547
1543,16.0371,14.8914,2.5132,14.2062,321.0,22736.0,2900.0547
1544,14.1232,14.5513,2.195,15.3887,320.0,34492.0,2900.0547
1545,15.4093,14.3619,1.9704,16.1363,319.0,23438.0,2900.0547
1546,16.1884,14.4536,1.991,14.361,310.0,31578.0,2900.0547
1547,14.2646,14.9401,1.9907,14.9829,284.0,14050.0,2900.0547
1548,14.9783,15.1232,1.7931,16.3783,283.0,14038.0,2900.0547
1549,16.4718,14.9047,2.2821,15.7471,284.0,14098.0,2900.0547
1550,15.8625,14.6947,2.0656,14.9502,290.0,14458.0,2900.0547
1551,14.8174,14.8715,2.2322,15.1865,307.0,15478.0,2900.0547
1552,15.1905,14.7143,2.1767,15.0993,294.0,14698.0,2900.0547
1553,15.0683,14.3176,1.9429,15.7348,284.0,14050.0,2900.0547
1554,15.7753,16.0097,2.2429,15.832,284.0,14050.0,2900.0547
1555,15.7908,15.4368,2.2614,15.982,293.0,14680.0,2900.0547
1556,16.0522,15.4533,2.0107,16.4119,324.0,16166.0,2900.0547
1557,16.3492,15.0187,2.0648,17.3252,314.0,15566.0,2900.0547
1558,17.3664,15.3126,2.3024,15.5639,303.0,15584.0,2900.0547
1559,15.5368,15.0319,2.3387,16.1119,300.0,15404.0,2900.0547
1560,16.1251,14.9613,2.2377,15.6316,320.0,16604.0,2900.0547
1561,15.7022,13.8857,2.3343,16.1241,304.0,15202.0,2900.0547
1562,16.1261,15.3001,2.5672,16.2332,284.0,14050.0,2900.0547
1563,16.2015,14.5025,2.412,14.2665,285.0,14062.0,2900.0547
1564,14.2619,15.6631,3.2044,17.3117,319.0,16614.0,2900.0547
1565,17.3183,15.3421,2.6319,21.4385,528.0,72466.0,2900.0547
1566,21.5508,14.9022,3.5075,13.6676,462.0,41137.0,3028.0547
1567,13.7424,16.3533,4.976,18.9088,329.0,39062.0,3028.0547
1568,18.8144,16.1783,3.4387,11.8194,234.0,16754.0,3028.0547
1569,11.7477,14.7575,4.0996,14.7033,225.0,18734.0,3028.0547
1570,14.7408,14.3393,3.0894,16.0854,264.0,20026.0,3028.0547
1571,16.1111,14.5463,2.671,13.6662,264.0,17334.0,3028.0547
1572,13.6094,14.7972,2.6857,19.7516,265.0,19806.0,3028.0547
1573,19.8954,15.0795,3.5636,13.6448,264.0,20258.0,3028.0547
1574,13.5599,14.5114,3.0793,14.93,265.0,17368.0,3028.0547
1575,14.9201,14.8053,3.6272,17.4552,264.0,17356.0,3048.7422
1576,17.4311,13.1447,4.539,14.7759,263.0,17344.0,3063.4297
1577,14.8274,13.4846,3.1733,13.6497,265.0,21236.0,3063.4297
1578,13.542,14.6836,2.8448,13.7069,263.0,22424.0,3063.4297
1579,13.7248,13.9285,2.6224,13.802,260.0,18152.0,3034.0547
1580,13.8148,14.8685,3.8522,15.1854,264.0,27468.0,3034.0547
1581,15.1231,14.4146,2.3042,15.226,265.0,31386.0,2992.6797
1582,15.307,14.0955,2.809,14.0746,261.0,23842.0,2992.6797
1583,14.1035,13.8732,2.7502,14.6147,265.0,25886.0,2992.6797
1584,14.5515,13.9294,2.4574,14.4688,270.0,27286.0,2992.6797
1585,14.4312,13.7104,2.472,14.2522,264.0,21706.0,2992.6797
1586,14.2952,12.9571,2.751,13.5707,261.0,20590.0,2992.6797
1587,13.556,14.0352,2.3247,14.8152,268.0,17382.0,2992.6797
1588,14.8085,13.9539,2.6438,14.5388,274.0,30527.0,2992.6797
1589,14.5326,14.0187,2.3143,14.9252,271.0,24197.0,2992.6797
1590,14.9378,14.2159,2.955,14.5131,265.0,32020.0,2992.6797
1591,14.509,13.9863,2.8916,13.9909,269.0,53392.0,2992.6797
1592,13.9512,13.6353,2.3546,15.6616,264.0,28672.0,2992.6797
1593,16.0375,13.0038,2.7309,13.8748,263.0,20702.0,2992.6797
1594,13.5002,13.8481,2.3454,13.7942,263.0,43574.0,2992.6797
1595,13.8192,14.0332,2.4643,14.8156,262.0,45958.0,2992.6797
1596,14.7809,14.0836,2.7178,14.5359,263.0,27830.0,2992.6797
1597,14.5946,13.9338,2.4962,14.0906,262.0,17354.0,2992.6797
1598,14.051,14.0411,3.0056,14.5778,263.0,17366.0,2992.6797
1599,14.6188,14.0811,3.1215,15.9309,260.0,19714.0,2992.6797
1600,15.9711,13.6759,2.6649,13.0564,263.0,24529.0,2992.6797
1601,12.9905,12.9402,2.4111,14.2201,264.0,20222.0,2992.6797
1602,14.2792,14.3151,2.4186,14.0363,262.0,22501.0,2992.6797
1603,14.0039,14.082,2.3388,14.8483,265.0,22996.0,2992.6797
1604,14.8754,13.5162,2.4957,15.5375,266.0,18378.0,2992.6797
1605,15.5449,14.7668,2.1982,14.6498,266.0,23006.0,2992.6797
1606,14.6264,14.6707,2.3632,14.7712,263.0,30184.0,2992.6797
1607,14.7518,14.7555,2.4284,15.0547,268.0,22796.0,2992.6797
1608,15.1067,14.8679,2.3788,15.9519,265.0,16120.0,2992.6797
1609,15.9318,14.9074,2.4277,14.8655,263.0,18205.0,2992.6797
1610,14.8194,13.9188,2.2634,14.7718,262.0,15818.0,2992.6797
1611,14.7748,14.1378,2.3761,17.144,261.0,27862.0,2992.6797
1612,17.1672,14.6321,2.0522,13.8472,263.0,19872.0,2992.6797
1613,13.9141,14.6537,2.7147,15.549,263.0,21075.0,2992.6797
1614,15.4932,14.28,2.8594,16.3485,264.0,23331.0,2992.6797
1615,16.3308,13.582,3.0667,14.5488,260.0,20608.0,2992.6797
1616,14.5802,15.242,2.7164,13.9721,260.0,18826.0,2992.6797
1617,13.9621,13.4825,2.7671,14.16,261.0,19508.0,2992.6797
1618,14.1322,14.5962,2.3341,15.5609,260.0,26062.0,2992.6797
1619,15.6426,14.4318,2.5287,15.5604,265.0,26804.0,2992.6797
1620,15.562,14.6292,2.6723,15.6128,264.0,17702.0,2992.6797
1621,15.6231,14.2848,2.6953,15.1684,267.0,19126.0,2992.6797
1622,15.1344,14.8506,2.7055,13.8406,267.0,22341.0,2992.6797
1623,13.8798,14.7337,2.5548,15.436,265.0,19679.0,2992.6797
1624,15.3685,14.6792,2.6043,15.3276,264.0,17820.0,2992.6797
1625,15.3486,13.7728,2.6876,15.3995,263.0,19677.0,2992.6797
1626,15.3082,13.9228,2.6323,14.2913,261.0,17834.0,2992.6797
1627,14.3739,14.6854,2.9158,14.6471,262.0,20150.0,2992.6797
1628,14.7505,14.6857,3.06,17.0502,262.0,20518.0,2992.6797
1629,16.9226,14.738,2.7829,13.8354,261.0,21390.0,2992.6797
1630,13.8443,13.7412,2.3768,15.0714,263.0,22201.0,2992.6797
1631,15.1267,13.4432,2.6076,14.2661,262.0,19562.0,2992.6797
1632,14.2208,14.4212,2.4545,14.8693,264.0,17378.0,2992.6797
1633,14.902,14.0687,2.6636,13.8287,260.0,17330.0,2992.6797
1634,13.8813,14.0352,3.0577,14.8838,262.0,17818.0,2992.6797
1635,14.8242,13.7327,2.9457,14.1696,265.0,19498.0,2992.6797
1636,14.2404,13.4428,2.6141,14.1055,266.0,19046.0,2992.6797
1637,14.0087,13.2819,2.8442,16.2281,265.0,19498.0,2992.6797
1638,16.2204,13.2972,3.1685,12.7481,263.0,17808.0,2992.6797
1639,12.6976,14.0411,2.2295,13.725,265.0,18352.0,2992.6797
1640,13.8121,14.0201,2.3027,15.3151,264.0,18460.0,2992.6797
1641,15.2921,13.5714,2.3492,14.7844,263.0,18830.0,2992.6797
1642,14.8883,14.6804,2.95,15.1617,260.0,22090.0,2992.6797
1643,15.0933,14.1481,2.5299,15.1402,261.0,18078.0,2992.6797
1644,15.1398,14.7171,2.571,14.4137,261.0,18814.0,2992.6797
1645,14.4255,14.6382,2.5748,16.7568,262.0,17354.0,2992.6797
1646,16.7573,14.5136,2.5599,14.1423,260.0,19790.0,2992.6797
1647,14.1444,14.1117,3.1295,15.4603,261.0,20266.0,2992.6797
1648,15.4518,14.1619,2.9549,15.778,260.0,17330.0,2992.6797
1649,15.7426,14.7075,2.345,13.6692,263.0,17366.0,2992.6797
1650,13.6558,14.6244,3.0375,15.7006,261.0,17342.0,2992.6797
1651,15.728,14.1759,2.5766,14.8664,264.0,21180.0,2992.6797
1652,14.8133,14.124,2.5395,14.7956,266.0,22416.0,2992.6797
1653,14.875,14.1763,2.7936,15.8941,266.0,18180.0,2992.6797
1654,15.8951,14.1978,2.5104,13.7724,264.0,27446.0,2992.6797
1655,13.9259,14.0171,2.8077,14.5438,269.0,31412.0,2992.6797
1656,14.3497,14.0729,2.4854,14.5956,263.0,23844.0,2992.6797
1657,14.6018,13.2785,2.1234,14.7172,264.0,25874.0,2992.6797
1658,14.6865,13.954,2.4813,14.3014,268.0,27262.0,2992.6797
1659,14.3703,14.0653,2.7595,15.1824,264.0,21706.0,2992.6797
1660,15.0894,14.318,2.5618,13.7907,261.0,20590.0,2992.6797
1661,13.8581,13.5348,2.7872,14.0821,260.0,17330.0,2992.6797
1662,14.1237,13.8492,2.6185,15.8422,270.0,30523.0,2992.6797
1663,15.8074,13.7973,2.6268,13.3051,266.0,24181.0,2992.6797
1664,13.3131,13.9834,2.3368,15.3773,263.0,32018.0,2992.6797
1665,15.381,13.6656,2.5168,14.4325,267.0,53390.0,2992.6797
1666,14.5086,14.0299,2.9524,14.5797,265.0,28706.0,2992.6797
1667,14.6246,13.9907,3.2832,14.3159,265.0,20682.0,2992.6797
1668,14.1713,13.9952,2.6332,13.9568,265.0,43554.0,2992.6797
1669,13.9989,13.6272,2.6684,14.3503,266.0,45962.0,2992.6797
1670,14.3179,14.0032,2.9346,15.7922,265.0,27832.0,2992.6797
1671,15.8461,13.98,2.7339,13.3294,263.0,17344.0,2992.6797
1672,13.2539,13.2565,2.8821,14.6294,266.0,17380.0,2992.6797
1673,14.6551,13.7266,2.4148,13.9154,261.0,19726.0,2992.6797
1674,13.9149,14.6386,2.4006,15.609,261.0,24505.0,2992.6797
1675,15.6308,14.0155,2.338,14.5014,261.0,20186.0,2992.6797
1676,14.4869,13.6058,2.46,14.7163,264.0,22525.0,2992.6797
1677,14.772,14.2897,2.4744,16.7962,263.0,23016.0,2992.6797
1678,16.7558,14.7265,2.4704,13.3775,261.0,18362.0,2992.6797
1679,13.3249,14.7303,2.3526,15.5998,260.0,22978.0,2992.6797
1680,15.6863,14.4558,2.7395,15.6681,263.0,30206.0,2992.6797
1681,15.6392,14.3256,2.4559,14.3582,265.0,22782.0,2992.6797
1682,14.3238,14.4451,2.6777,15.3651,261.0,16094.0,2992.6797
1683,15.3552,14.6624,3.5807,14.4883,268.0,18221.0,2992.6797
1684,14.5151,14.401,2.6066,15.5181,269.0,15858.0,2992.6797
1685,15.5044,14.7226,2.5552,15.8073,266.0,27878.0,2992.6797
1686,15.8362,13.7707,2.4313,14.8419,263.0,19850.0,2992.6797
1687,14.8413,13.5356,2.5299,14.43,266.0,21089.0,2992.6797
1688,14.4497,13.9129,2.4181,15.7264,263.0,23297.0,2992.6797
1689,15.6909,14.0073,2.5711,13.4143,262.0,20632.0,2992.6797
1690,13.4577,13.7198,2.1717,14.1895,260.0,18826.0,2992.6797
1691,14.1513,13.21,2.088,15.9344,261.0,19508.0,2992.6797
1692,15.932,13.5424,2.3874,12.6431,262.0,26086.0,2992.6797
1693,12.653,14.234,2.5289,14.9527,260.0,26788.0,2992.6797
1694,14.9403,13.5481,2.6101,14.821,261.0,17710.0,2992.6797
1695,14.8403,14.8153,2.627,14.6102,262.0,19110.0,2992.6797
1696,14.7236,13.4727,2.5618,13.7953,263.0,22315.0,2992.6797
1697,13.6697,13.7616,2.5698,14.5386,264.0,19689.0,2992.6797
1698,14.6854,13.371,2.8792,14.0228,261.0,17806.0,2992.6797
1699,13.883,13.4696,2.4717,12.9631,266.0,19669.0,2992.6797
1700,12.9694,13.8642,2.665,15.116,264.0,17826.0,2992.6797
1701,15.0807,13.923,2.3753,14.2498,264.0,20130.0,2992.6797
1702,14.2239,13.8717,2.3265,14.4242,265.0,20532.0,2992.6797
1703,14.584,13.4591,2.6449,14.2181,264.0,21404.0,2992.6797
1704,14.0937,13.9447,2.3639,14.7381,266.0,22215.0,2992.6797
1705,14.7581,13.1206,2.2006,15.4437,260.0,19538.0,2992.6797
1706,15.4939,13.456,2.305,12.7745,262.0,17354.0,2992.6797
1707,12.8083,13.9458,2.4142,14.7401,262.0,17354.0,2992.6797
1708,14.8134,14.141,2.3965,13.6896,263.0,17830.0,2992.6797
1709,13.5234,13.957,2.764,14.2666,261.0,19494.0,2992.6797
1710,14.2893,12.9336,2.6166,13.9335,262.0,19042.0,2992.6797
1711,13.8764,14.5835,1.9427,15.4834,264.0,19530.0,2992.6797
1712,15.5205,14.7827,1.9018,15.0614,262.0,17818.0,2992.6797
1713,15.0622,14.4051,2.176,15.3487,263.0,18350.0,2992.6797
1714,15.3363,14.0694,2.0584,14.5118,260.0,18434.0,2992.6797
1715,14.6154,14.5194,2.5222,14.6159,266.0,18822.0,2992.6797
1716,14.5591,14.5346,2.1856,15.0602,265.0,22106.0,2992.6797
1717,15.1851,14.2588,2.1957,15.2997,265.0,18082.0,2992.6797
1718,15.305,14.6186,2.2507,15.1808,265.0,18840.0,2992.6797
1719,15.0496,13.3693,2.3762,14.0732,263.0,17344.0,2992.6797
1720,14.0117,14.5326,1.7988,14.878,264.0,19816.0,2992.6797
1721,14.9012,14.6895,1.6699,15.8387,263.0,20290.0,2992.6797
1722,15.7933,14.6907,1.9221,14.9852,261.0,17342.0,2992.6797
1723,15.0326,14.4238,2.1559,15.1993,260.0,17330.0,2992.6797
1724,15.2129,14.1184,2.152,13.7753,261.0,17342.0,2992.6797
1725,13.7485,13.8692,2.1149,14.819,263.0,21212.0,2992.6797
1726,14.8497,13.9158,1.9941,14.4304,263.0,22424.0,2992.6797
1727,14.4254,13.9198,1.711,14.0735,264.0,18200.0,2992.6797
1728,14.0464,13.4231,2.0283,14.6678,263.0,27456.0,2992.6797
1729,14.7074,13.7633,1.9703,13.8373,266.0,31398.0,2992.6797
1730,13.7974,13.6441,1.8289,15.0797,262.0,23854.0,2992.6797
1731,15.1086,13.373,1.9715,13.9909,268.0,25878.0,2992.6797
1732,14.0188,13.8614,1.9303,13.9646,274.0,27290.0,2992.6797
1733,13.9551,13.9138,1.9752,14.5917,269.0,21722.0,2992.6797
1734,14.5495,13.8739,2.0163,14.0372,262.0,20580.0,2992.6797
1735,13.9983,13.3249,1.9772,14.5907,264.0,17356.0,2992.6797
1736,14.6215,13.8208,1.9442,13.8801,272.0,30525.0,2992.6797
1737,13.8861,13.1338,1.7011,14.1972,266.0,24181.0,2992.6797
1738,14.2073,13.339,1.963,13.2816,264.0,32030.0,2992.6797
1739,13.2763,14.0132,1.9861,14.9944,268.0,53402.0,2992.6797
1740,14.9696,13.8632,1.9293,14.2607,262.0,28670.0,2992.6797
1741,14.3361,13.4638,1.8225,14.373,262.0,20690.0,2992.6797
1742,14.3163,13.8283,1.8887,14.4494,261.0,43550.0,2992.6797
1743,14.4781,13.4079,2.0211,13.952,260.0,45934.0,2992.6797
1744,13.9136,13.1718,1.8377,14.1365,262.0,27818.0,2992.6797
1745,14.1641,13.5996,1.7673,15.6775,260.0,17330.0,2992.6797
1746,15.6693,14.1484,1.9715,13.2533,260.0,17330.0,2992.6797
1747,13.2843,14.1539,1.9129,14.3952,264.0,19718.0,2992.6797
1748,14.3802,13.8971,1.8278,14.2311,265.0,24509.0,2992.6797
1749,14.2151,13.6486,1.892,14.3298,265.0,20190.0,2992.6797
1750,14.3485,13.149,1.9014,14.4318,264.0,22503.0,2992.6797
1751,14.46,12.6804,1.9336,13.5963,267.0,23042.0,2992.6797
1752,13.5394,13.2121,1.8614,13.823,266.0,18400.0,2992.6797
1753,13.8281,13.807,1.7812,14.1491,260.0,22978.0,2992.6797
1754,14.2265,13.6429,2.0081,13.988,263.0,30206.0,2992.6797
1755,14.0538,13.7409,1.9607,14.4598,265.0,22782.0,2992.6797
1756,14.3534,13.6939,1.8671,14.0498,260.0,16082.0,2992.6797
1757,14.0348,13.0676,1.8217,14.3921,263.0,18205.0,2992.6797
1758,14.3838,13.2187,1.907,12.9282,263.0,15830.0,2992.6797
1759,12.9391,13.6456,1.8499,14.8338,262.0,27874.0,2992.6797
1760,14.8146,13.6923,1.8516,13.5354,261.0,19848.0,2992.6797
1761,13.5366,13.6468,2.0903,14.7127,264.0,21087.0,2992.6797
1762,14.7216,13.3248,2.0243,14.4616,261.0,23295.0,2992.6797
1763,14.4983,14.7294,1.8761,15.1627,266.0,20636.0,2992.6797
1764,15.1564,14.4431,1.8422,14.7346,265.0,18842.0,2992.6797
1765,14.7299,14.2437,1.8522,15.7556,268.0,19548.0,2992.6797
1766,15.8305,13.946,2.0764,14.2177,262.0,26064.0,2992.6797
1767,14.0983,14.5835,2.0386,15.6467,262.0,26790.0,2992.6797
1768,15.7237,14.0532,2.2161,14.9865,262.0,17700.0,2992.6797
1769,14.9924,13.486,2.396,15.0827,262.0,19110.0,2992.6797
1770,15.0424,13.4496,2.0209,14.783,262.0,22303.0,2992.6797
1771,14.7727,13.9931,2.1896,14.5535,266.0,19713.0,2992.6797
1772,14.5627,14.8468,1.9358,15.8342,260.0,17794.0,2992.6797
1773,15.8486,15.086,1.9259,14.7087,263.0,19677.0,2992.6797
1774,14.6861,14.416,1.9656,15.4031,263.0,17858.0,2992.6797
1775,15.4184,14.1606,2.0361,15.0228,262.0,20150.0,2992.6797
1776,15.0236,14.6312,1.9379,13.9568,262.0,20518.0,2992.6797
1777,14.0066,13.4452,2.1991,14.6976,264.0,21426.0,2992.6797
1778,14.6641,13.417,2.341,14.4875,262.0,22189.0,2992.6797
1779,14.4825,14.0233,2.077,14.6554,266.0,19566.0,2992.6797
1780,14.685,13.4113,2.2814,15.0741,269.0,17394.0,2992.6797
1781,15.0737,13.9669,2.6844,13.5345,264.0,17334.0,2992.6797
1782,13.5287,13.6244,2.5157,15.4203,263.0,17808.0,2992.6797
1783,15.4464,13.5118,2.0374,17.1482,262.0,19484.0,2992.6797
1784,17.1085,14.0186,2.4503,11.2096,265.0,19056.0,2992.6797
1785,11.2216,13.8316,2.3747,14.299,262.0,19506.0,2992.6797
1786,14.322,13.8934,2.175,14.4957,261.0,17806.0,2992.6797
1787,14.4228,13.5106,2.4747,14.0271,264.0,18362.0,2992.6797
1788,14.3032,13.9441,2.7912,14.928,264.0,18482.0,2992.6797
1789,14.7212,14.6339,2.3824,14.8438,260.0,18794.0,2992.6797
1790,14.8554,14.4202,2.3435,14.7436,262.0,22114.0,2992.6797
1791,14.7292,14.1801,2.3718,15.4473,261.0,18078.0,2992.6797
1792,15.4431,14.6524,2.2594,14.151,260.0,18802.0,2992.6797
1793,14.1213,14.6228,2.1236,15.5791,264.0,17378.0,2992.6797
1794,15.6171,14.5735,2.3432,15.0891,263.0,19826.0,2992.6797
1795,15.0759,13.4126,2.8195,15.303,265.0,20270.0,2992.6797
1796,15.2454,14.5137,2.1482,14.1006,266.0,17358.0,2992.6797
1797,14.174,14.6331,2.6996,15.033,268.0,17382.0,2992.6797
1798,15.082,14.6771,2.5061,15.2671,263.0,17344.0,2992.6797
1799,15.2009,14.4736,2.1947,15.5398,266.0,21226.0,2992.6797
1800,15.5955,14.2817,2.2563,14.8262,262.0,22390.0,2992.6797
1801,14.8117,14.1173,2.1932,15.4297,261.0,18164.0,2992.6797
1802,15.4349,14.5894,2.5348,14.772,263.0,27456.0,2992.6797
1803,14.8048,14.6626,2.6288,14.7101,266.0,31398.0,2992.6797
1804,14.69,14.0549,2.3597,14.6281,263.0,23866.0,2992.6797
1805,14.5939,13.9952,2.229,14.0082,264.0,25874.0,2992.6797
1806,14.0104,13.4622,2.2649,14.728,270.0,27286.0,2992.6797
1807,14.8417,13.8722,2.1693,13.9038,264.0,21706.0,2992.6797
1808,13.749,14.1235,2.4366,15.6519,262.0,20602.0,2992.6797
1809,15.7087,13.4025,2.7873,14.6068,261.0,17342.0,2992.6797
1810,14.5992,13.8207,2.2537,13.0952,270.0,30523.0,2992.6797
1811,13.0714,13.864,2.2494,14.1037,272.0,24209.0,2992.6797
1812,14.1093,13.914,2.319,14.5189,268.0,32034.0,2992.6797
1813,14.5373,13.5674,2.3279,14.6995,271.0,53394.0,2992.6797
1814,14.7171,14.0085,2.0796,13.984,265.0,28684.0,2992.6797
1815,13.9524,13.9418,2.4316,15.0467,265.0,20704.0,2992.6797
1816,15.2059,13.3544,2.3631,13.638,263.0,43552.0,2992.6797
1817,13.5264,13.8381,2.3381,14.3151,261.0,45946.0,2992.6797
1818,14.2756,13.9256,2.3528,14.0322,263.0,27830.0,2992.6797
1819,13.9618,13.9482,2.1742,14.8599,262.0,17354.0,2992.6797
1820,14.9628,13.4253,2.2758,13.7431,261.0,17342.0,2992.6797
1821,13.6891,13.4001,2.0627,14.2504,262.0,19738.0,2992.6797
1822,14.2467,13.6297,2.1223,14.7684,262.0,24517.0,2992.6797
1823,14.7828,13.2348,2.0785,14.2172,262.0,20198.0,2992.6797
1824,14.291,13.8205,2.855,14.014,263.0,22513.0,2992.6797
1825,13.9317,13.6666,2.5713,14.4217,261.0,22992.0,2992.6797
1826,14.4795,13.72,2.3295,13.8157,260.0,18350.0,2992.6797
1827,13.7803,13.5382,2.8468,13.6754,265.0,22994.0,2992.6797
1828,13.6615,13.466,2.6255,14.266,264.0,30174.0,2992.6797
1829,14.2525,12.7594,2.0888,14.2606,268.0,22774.0,2992.6797
1830,14.28,13.682,2.1737,13.4833,263.0,16096.0,2992.6797
1831,13.4835,13.6218,2.0486,14.4166,268.0,18243.0,2992.6797
1832,14.4846,13.5558,2.1502,13.399,264.0,15820.0,2992.6797
1833,13.3946,13.6129,2.2431,14.3818,262.0,27874.0,2992.6797
1834,14.3295,13.4675,2.0987,14.2252,261.0,19848.0,2992.6797
1835,14.3646,12.9736,2.2624,13.6625,264.0,21087.0,2992.6797
1836,13.8073,12.9067,2.3165,13.2371,261.0,23295.0,2992.6797
1837,12.9735,13.249,2.3608,13.9747,262.0,20632.0,2992.6797
1838,14.0456,13.4895,2.9687,13.4959,261.0,18838.0,2992.6797
1839,13.3715,13.4357,2.1502,13.9605,262.0,19520.0,2992.6797
1840,14.0426,12.8231,1.9807,13.8834,260.0,26062.0,2992.6797
1841,13.8581,13.119,2.0489,13.8791,262.0,26812.0,2992.6797
1842,13.8787,13.5281,2.5167,13.7159,265.0,17758.0,2992.6797
1843,13.6878,13.5056,1.9999,13.5548,264.0,19090.0,2992.6797
1844,13.5851,13.5656,2.0176,14.3505,268.0,22331.0,2992.6797
1845,14.3244,13.6429,2.2506,14.0945,267.0,19681.0,2992.6797
1846,14.1298,12.8573,2.0086,13.1636,264.0,17820.0,2992.6797
1847,13.1121,13.0943,1.8433,13.5058,265.0,19679.0,2992.6797
1848,13.4804,13.5309,1.9196,13.7106,263.0,17836.0,2992.6797
1849,13.7605,13.5231,1.9084,13.8782,262.0,20150.0,2992.6797
1850,13.8766,13.4887,1.9213,14.0805,263.0,20530.0,2992.6797
1851,14.0877,13.1372,2.1071,13.9282,263.0,21414.0,2992.6797
1852,13.8875,13.5774,1.879,14.6153,262.0,22189.0,2992.6797
1853,14.5867,12.8017,1.6743,13.093,261.0,19550.0,2992.6797
1854,13.1455,13.5878,1.8851,13.9655,261.0,17342.0,2992.6797
1855,13.9761,13.574,1.9427,13.645,261.0,17342.0,2992.6797
1856,13.6262,13.4893,1.8946,13.817,261.0,17806.0,2992.6797
1857,13.8222,13.3535,1.8486,14.1716,261.0,19494.0,2992.6797
1858,14.1738,12.7836,1.8726,13.8585,260.0,19018.0,2992.6797
1859,13.8519,12.5773,1.9985,12.9332,267.0,19522.0,2992.6797
1860,12.933,13.0709,1.7747,14.4589,264.0,17798.0,2992.6797
1861,14.473,13.5069,1.9921,13.3265,265.0,18330.0,2992.6797
1862,13.3715,13.4976,1.9439,14.169,264.0,18460.0,2992.6797
1863,14.1365,13.5159,1.9955,14.0888,264.0,18820.0,2992.6797
1864,14.0306,12.7372,1.6027,13.3857,262.0,22092.0,2992.6797
1865,13.3808,12.8276,1.7966,14.0477,263.0,18102.0,2992.6797
1866,14.0671,13.3851,1.8977,13.4629,260.0,18802.0,2992.6797
1867,13.5093,13.5293,1.9718,13.3111,262.0,17354.0,2992.6797
1868,13.2239,13.4841,1.8943,14.428,262.0,19814.0,2992.6797
1869,14.4739,13.4875,1.9817,13.9965,262.0,20278.0,2992.6797
1870,14.0236,12.8193,1.8116,13.4933,261.0,17342.0,2992.6797
1871,13.4843,13.1309,2.0028,15.4186,260.0,17330.0,2992.6797
1872,15.4062,13.5062,1.8328,12.5117,262.0,17354.0,2992.6797
1873,12.6264,13.5265,2.0844,13.6423,262.0,21200.0,2992.6797
1874,13.5412,13.6483,2.227,14.262,262.0,22412.0,2992.6797
1875,14.272,13.0304,2.003,13.9552,265.0,18168.0,2992.6797
1876,13.9612,13.2057,1.929,13.4885,270.0,27496.0,2992.6797
1877,13.4749,13.1596,1.754,13.8635,268.0,31378.0,2992.6797
1878,13.8298,13.7468,1.7368,14.0484,263.0,23844.0,2992.6797
1879,14.1039,13.5075,2.0956,13.9772,266.0,25876.0,2992.6797
1880,13.94,13.5132,1.9783,14.0952,271.0,27276.0,2992.6797
1881,14.1373,13.0573,2.0614,14.5656,264.0,21706.0,2992.6797
1882,14.5545,12.8316,1.9482,13.0664,263.0,20614.0,2992.6797
1883,13.0488,13.3154,1.9583,13.8036,262.0,17354.0,2992.6797
1884,13.853,13.6377,2.0141,13.9376,268.0,30499.0,2992.6797
1885,13.9283,13.455,2.1202,13.787,265.0,24169.0,2992.6797
1886,13.7602,13.5449,2.0592,14.0454,266.0,32054.0,2992.6797
1887,14.0769,13.348,2.0391,14.2496,269.0,53414.0,2992.6797
1888,14.2272,12.3463,2.136,13.5686,261.0,28658.0,2992.6797
1889,13.5601,13.0562,1.9198,13.5333,262.0,20690.0,2992.6797
1890,13.5832,13.6127,2.0226,14.0899,263.0,43574.0,2992.6797
1891,14.076,13.2969,1.975,13.3631,265.0,45950.0,2992.6797
1892,13.3017,13.5265,1.7411,14.0275,265.0,27810.0,2992.6797
1893,14.0708,12.8964,1.977,14.3128,266.0,17358.0,2992.6797
1894,14.3028,12.8512,1.8849,13.6132,267.0,17392.0,2992.6797
1895,13.6258,13.3224,1.8978,13.8652,263.0,19728.0,2992.6797
1896,13.8413,13.4368,1.905,13.179,264.0,24519.0,2992.6797
1897,13.2138,13.0459,1.9935,13.8453,262.0,20198.0,2992.6797
1898,13.7889,13.2932,1.8351,13.7823,260.0,22477.0,2992.6797
1899,13.7801,12.7063,2.0444,13.9856,262.0,23004.0,2992.6797
1900,14.0216,12.6242,1.8046,13.0256,261.0,18362.0,2992.6797
1901,13.0203,13.358,1.6899,13.786,261.0,22990.0,2992.6797
1902,13.8824,13.2901,2.3812,13.269,262.0,30194.0,2992.6797
1903,13.1663,13.2616,1.9849,14.0375,264.0,22770.0,2992.6797
1904,14.0731,13.0646,1.857,13.5451,261.0,16094.0,2992.6797
1905,13.5602,12.3286,1.8818,13.451,264.0,18217.0,2992.6797
1906,13.4033,13.3516,1.7642,15.2357,261.0,15806.0,2992.6797
1907,15.2658,13.3168,2.2134,12.6882,266.0,27878.0,2992.6797
1908,12.7822,13.4947,2.1241,14.2465,265.0,19852.0,2992.6797
1909,14.1511,13.5267,2.1484,13.9795,266.0,21067.0,2992.6797
1910,13.9572,12.7945,2.0096,13.2971,262.0,23285.0,2992.6797
1911,13.3015,13.0438,2.1243,12.9548,262.0,20610.0,2992.6797
1912,12.9881,13.0651,1.9122,13.9887,265.0,18864.0,2992.6797
1913,13.9532,13.5234,1.8832,13.8587,261.0,19508.0,2992.6797
1914,13.8578,13.5898,2.0195,13.8728,263.0,26098.0,2992.6797
1915,13.8755,13.4844,1.777,14.3441,260.0,26788.0,2992.6797
1916,14.3747,12.8456,1.9662,13.9783,262.0,17722.0,2992.6797
1917,13.9692,12.9005,1.9508,13.5657,262.0,19110.0,2992.6797
1918,13.543,13.5339,1.9243,14.2306,265.0,22339.0,2992.6797
1919,14.398,13.6422,2.2328,13.6922,263.0,19677.0,2992.6797
1920,13.6041,13.476,2.0139,13.8874,262.0,17818.0,2992.6797
1921,13.8753,13.3273,2.1601,13.8232,265.0,19701.0,2992.6797
1922,13.8151,12.8056,2.0193,12.9715,263.0,17858.0,2992.6797
1923,12.9284,12.8612,1.8352,13.569,266.0,20154.0,2992.6797
1924,13.582,13.6042,1.8579,14.4701,265.0,20510.0,2992.6797
1925,14.5022,13.564,2.0481,13.6641,266.0,21406.0,2992.6797
1926,13.656,13.5453,1.8426,14.2374,265.0,22203.0,2992.6797
1927,14.2305,13.3743,1.7366,13.671,263.0,19552.0,2992.6797
1928,13.5781,12.796,1.26,13.3669,265.0,17368.0,2992.6797
1929,13.4642,12.9036,1.6971,14.3922,261.0,17342.0,2992.6797
1930,14.3193,13.5842,1.6985,13.4251,262.0,17818.0,2992.6797
1931,13.494,13.5244,1.9988,14.0442,262.0,19506.0,2992.6797
1932,14.0087,13.5485,2.0387,13.6638,262.0,19042.0,2992.6797
1933,13.6879,13.3169,1.962,13.792,260.0,19482.0,2992.6797
1934,13.7806,12.3412,2.0643,13.4439,261.0,17806.0,2992.6797
1935,13.431,13.5366,1.7952,13.896,263.0,18350.0,2992.6797
1936,13.9299,13.2783,1.8919,13.1946,261.0,18446.0,2992.6797
1937,13.1962,13.5142,1.914,14.2586,265.0,18854.0,2992.6797
1938,14.2469,13.2702,1.7996,13.5534,262.0,22114.0,2992.6797
1939,13.5354,13.3476,1.8322,14.0731,266.0,18094.0,2992.6797
1940,14.0969,12.3602,1.9452,13.4675,265.0,18818.0,2992.6797
1941,13.4753,13.582,1.7976,14.4437,267.0,17370.0,2992.6797
1942,14.4874,13.5343,1.8782,13.8886,265.0,19828.0,2992.6797
1943,13.8363,13.3123,2.2727,13.2852,265.0,20292.0,2992.6797
1944,13.2642,13.2822,1.8216,14.2344,262.0,17332.0,2992.6797
1945,14.2598,12.8076,1.7918,13.8148,261.0,17342.0,2992.6797
1946,13.7958,12.7986,2.2665,15.1581,262.0,17354.0,2992.6797
1947,15.1449,13.3406,2.0001,11.7208,263.0,21212.0,2992.6797
1948,11.7164,13.5862,1.7403,13.4518,262.0,22412.0,2992.6797
1949,13.4689,13.3241,1.9044,14.3303,262.0,18176.0,2992.6797
1950,14.341,13.0737,1.9352,14.2095,264.0,27468.0,2992.6797
1951,14.1996,12.8272,1.9516,13.3204,264.0,31374.0,2992.6797
1952,13.345,12.8949,1.8453,13.7555,262.0,23854.0,2992.6797
1953,13.7152,13.2792,1.8863,13.4222,262.0,25850.0,2992.6797
1954,13.4862,13.3128,2.1639,14.3899,411.0,31086.0,2992.6797
1955,14.3536,13.241,2.1937,13.7476,337.0,19694.0,2992.6797
1956,13.8324,18.3774,2.3369,19.1785,334.0,17100.0,2992.6797
1957,19.0984,16.8279,1.9472,16.9382,335.0,20188.0,2992.6797
1958,16.928,14.9197,1.9698,15.4829,335.0,19618.0,2992.6797
1959,15.4971,15.1613,1.9959,15.5742,338.0,25034.0,2992.6797
1960,15.5789,15.1992,2.0052,15.7054,344.0,46718.0,2992.6797
1961,15.7205,14.991,1.909,15.7738,333.0,20228.0,2992.6797
1962,15.8012,14.7546,1.6334,15.1367,336.0,21952.0,2992.6797
1963,15.1082,14.2767,1.8071,14.9298,331.0,20336.0,2992.6797
1964,14.9244,14.5138,1.9041,15.7564,335.0,15320.0,2992.6797
1965,15.7273,14.8794,1.8198,15.0532,333.0,15296.0,2992.6797
1966,15.076,14.7463,1.8683,15.2141,333.0,15296.0,2992.6797
1967,15.2053,15.0787,1.8554,15.4219,333.0,17216.0,2992.6797
1968,15.4573,14.7584,2.0638,15.1638,333.0,21995.0,2992.6797
1969,15.1615,14.7005,1.9682,15.1715,336.0,16876.0,2992.6797
1970,15.2128,14.6569,2.2514,15.7183,331.0,20663.0,2992.6797
1971,15.6283,14.7004,2.1751,14.9349,335.0,18082.0,2992.6797
1972,15.0002,14.6405,1.9942,15.5146,337.0,16406.0,2992.6797
1973,15.4883,14.3538,1.9897,14.4797,338.0,19148.0,2992.6797
1974,14.4568,14.2563,1.8847,15.555,334.0,24832.0,2992.6797
1975,15.5577,14.3635,1.7542,14.8311,340.0,20558.0,2992.6797
1976,14.8165,14.6607,1.7569,14.7746,336.0,14110.0,2992.6797
1977,14.8172,14.548,1.9163,16.0049,337.0,15991.0,2992.6797
1978,15.9859,14.7351,1.7926,14.6465,333.0,20457.0,2992.6797
1979,14.68,14.8878,1.9828,15.8196,337.0,20553.0,2992.6797
1980,15.8582,15.0534,2.073,14.5631,331.0,18050.0,2992.6797
1981,14.5277,14.7494,2.2101,15.1011,327.0,17419.0,2992.6797
1982,15.0669,14.7438,2.0461,15.3424,334.0,22523.0,2992.6797
1983,15.3716,14.7322,1.9748,15.5941,334.0,17988.0,2992.6797
1984,15.5781,14.7078,1.7959,15.101,335.0,15272.0,2992.6797
1985,15.1259,14.156,2.0259,15.345,335.0,20404.0,2992.6797
1986,15.2809,14.8551,1.5674,15.1037,333.0,26784.0,2992.6797
1987,15.0956,14.1524,1.694,14.956,336.0,18976.0,2992.6797
1988,14.981,14.6965,1.6902,15.0929,339.0,16546.0,2992.6797
1989,15.1562,14.9803,1.8267,15.4245,339.0,18010.0,2992.6797
1990,15.4043,14.9366,2.0219,15.8212,337.0,17655.0,2992.6797
1991,15.8591,15.0156,2.1227,16.5159,340.0,18133.0,2992.6797
1992,16.4577,15.0174,2.1025,15.2836,340.0,17205.0,2992.6797
1993,15.3381,14.8709,2.1321,14.2969,332.0,15872.0,2992.6797
1994,14.2708,14.8148,2.2043,16.1634,332.0,16756.0,2992.6797
1995,16.1422,15.1523,2.5238,15.5806,335.0,18608.0,2992.6797
1996,15.5278,14.8631,2.1192,15.7698,335.0,19464.0,2992.6797
1997,15.8494,14.5929,2.0549,14.8998,336.0,20807.0,2992.6797
1998,14.8662,14.6978,2.1436,15.6698,334.0,17612.0,2992.6797
1999,15.7048,14.5828,1.9768,15.0298,333.0,16032.0,2992.6797
2000,15.0509,14.9079,2.1131,15.8088,336.0,15332.0,2992.6797
2001,15.7956,15.1244,2.0749,15.2904,335.0,15320.0,2992.6797
2002,15.2754,14.82,2.068,15.6651,333.0,16984.0,2992.6797
2003,15.6204,14.9075,1.8714,14.9602,338.0,15312.0,2992.6797
2004,15.1004,14.4538,2.1763,16.641,336.0,16976.0,2992.6797
2005,16.5804,15.5636,2.1701,14.1438,339.0,15816.0,2992.6797
2006,14.2732,15.0294,2.4575,15.6009,335.0,16158.0,2992.6797
2007,15.5615,14.9738,2.3769,15.2639,336.0,17194.0,2992.6797
2008,15.14,14.8504,2.1426,15.4034,336.0,17686.0,2992.6797
2009,15.417,14.98,2.2137,15.7377,334.0,18744.0,2992.6797
2010,15.8051,14.9545,1.9635,15.5993,333.0,16400.0,2992.6797
2011,15.5322,14.5594,2.1389,15.485,332.0,15652.0,2992.6797
2012,15.5414,13.7695,2.1661,15.2234,331.0,17732.0,2992.6797
2013,15.1812,14.9294,2.3067,14.9319,332.0,17210.0,2992.6797
2014,14.9189,15.0089,2.153,15.1564,335.0,16318.0,2992.6797
2015,15.1703,14.9164,2.4376,16.0056,334.0,15308.0,2992.6797
2016,16.0248,14.9028,2.2403,15.5624,333.0,15664.0,2992.6797
2017,15.5306,14.8396,2.0852,15.7187,333.0,19400.0,2992.6797
2018,15.7979,15.0692,2.4018,14.2577,334.0,18308.0,2992.6797
2019,14.353,14.8882,2.2091,15.9892,338.0,19676.0,2992.6797
2020,15.864,14.8093,2.2715,14.9728,338.0,25618.0,2992.6797
2021,14.9373,14.9739,2.2701,15.5368,342.0,29514.0,2992.6797
2022,15.5015,14.87,2.2391,15.3678,336.0,20982.0,2992.6797
2023,15.5229,14.8854,2.1479,15.7938,338.0,23718.0,2992.6797
2024,15.6918,13.6979,2.0564,15.6365,340.0,20778.0,2992.6797
2025,15.6499,13.9829,2.3079,16.146,334.0,18180.0,2992.6797
2026,16.1507,14.987,2.389,14.6435,336.0,18647.0,2992.6797
2027,14.6167,15.0301,2.046,15.3365,339.0,21299.0,2992.6797
2028,15.3581,15.003,2.13,15.4988,336.0,20418.0,2992.6797
2029,15.5591,14.9332,2.3271,17.7681,333.0,20692.0,2992.6797
2030,18.2496,15.2697,2.9488,14.4177,333.0,18632.0,2992.6797
2031,13.871,14.8554,2.4186,14.209,335.0,24448.0,2992.6797
2032,14.2582,14.904,2.3659,15.7613,335.0,33308.0,2992.6797
2033,15.7583,14.8196,2.5847,14.6692,339.0,35240.0,2992.6797
2034,14.633,14.7146,2.518,15.4619,332.0,18568.0,2992.6797
2035,15.4641,14.9341,2.3052,15.852,338.0,23712.0,2992.6797
2036,15.8468,14.6056,2.1826,14.9384,337.0,15300.0,2992.6797
2037,14.9178,14.409,2.4938,15.7031,338.0,15312.0,2992.6797
2038,15.7312,14.151,2.2258,14.3188,334.0,15286.0,2992.6797
2039,14.3415,14.7227,2.3027,15.6362,336.0,16862.0,2992.6797
2040,15.6102,14.5422,2.1889,15.0495,335.0,18000.0,2992.6797
2041,15.0514,14.5963,2.2335,15.6475,332.0,20453.0,2992.6797
2042,15.6388,14.68,2.2583,14.6463,333.0,19845.0,2992.6797
2043,14.6762,14.8062,2.3054,14.6415,335.0,19756.0,2992.6797
2044,14.6325,14.7946,2.2912,15.8627,333.0,15804.0,2992.6797
2045,15.9167,14.9075,2.596,14.84,334.0,19400.0,2992.6797
2046,14.8208,15.0167,3.0366,15.6465,332.0,23480.0,2992.6797
2047,15.6003,14.7971,2.4216,15.8437,338.0,22536.0,2992.6797
2048,15.8129,14.5822,2.1875,14.6931,334.0,14060.0,2992.6797
2049,14.7276,13.8229,2.0686,15.0371,338.0,16195.0,2992.6797
2050,15.0151,14.5996,2.1074,15.2469,332.0,15518.0,2992.6797
2051,15.2779,14.9919,2.1017,14.698,338.0,25088.0,2992.6797
2052,14.613,14.9122,2.0369,16.046,340.0,17080.0,2992.6797
2053,16.1003,15.062,2.1401,16.1574,336.0,16934.0,2992.6797
2054,16.1811,14.8613,2.3569,15.6714,338.0,24276.0,2992.6797
2055,15.6522,14.9081,2.407,14.6994,334.0,18038.0,2992.6797
2056,14.7134,14.9976,2.1219,15.1424,336.0,15262.0,2992.6797
2057,15.2334,14.8445,3.0738,15.4204,337.0,20428.0,2992.6797
2058,15.2899,14.8602,2.988,15.3739,333.0,24374.0,2992.6797
2059,15.4187,14.8611,2.9061,15.1249,333.0,21284.0,2992.6797
2060,15.1053,14.9661,2.5291,16.1864,333.0,16628.0,2992.6797
2061,16.2301,14.7762,2.5529,15.2001,332.0,17970.0,2992.6797
2062,15.183,13.8008,2.3296,16.3595,334.0,17641.0,2992.6797
2063,16.4111,14.8539,2.273,14.2518,335.0,17631.0,2992.6797
2064,14.2196,14.9352,2.3645,15.8551,333.0,15760.0,2992.6797
2065,15.8194,14.5831,2.2846,14.9923,335.0,17755.0,2992.6797
2066,15.0283,14.8623,2.2541,15.9284,334.0,16412.0,2992.6797
2067,15.9732,14.8912,2.5716,17.5795,335.0,18072.0,2992.6797
2068,17.5718,14.9828,2.7385,13.8421,335.0,19912.0,2992.6797
2069,13.8032,15.1015,2.6413,13.6984,340.0,20591.0,2992.6797
2070,13.7027,15.1489,2.9199,15.9604,335.0,17726.0,2992.6797
2071,15.9481,14.8637,3.0418,15.1578,335.0,16498.0,2992.6797
2072,15.1595,14.8232,2.6241,15.0143,336.0,15310.0,2992.6797
2073,15.0018,14.8613,2.4291,15.3737,334.0,15308.0,2992.6797
2074,15.3247,14.5947,2.2097,15.7373,334.0,16996.0,2992.6797
2075,15.8519,13.8399,2.0824,15.2407,334.0,15308.0,2992.6797
2076,15.3059,14.0183,2.1367,16.7595,335.0,17008.0,2992.6797
2077,16.6602,14.5747,2.291,13.7317,334.0,15800.0,2992.6797
2078,13.68,14.952,2.4766,16.0608,333.0,16156.0,2992.6797
2079,16.1509,14.8508,2.1265,14.7673,332.0,16800.0,2992.6797
2080,14.7141,15.0534,2.2921,15.6784,335.0,16864.0,2992.6797
2081,15.7847,14.9661,2.5182,16.0509,332.0,19552.0,2992.6797
2082,16.0614,15.1805,2.2991,16.0533,336.0,16436.0,2992.6797
2083,16.047,15.207,2.8187,16.5066,336.0,16024.0,2992.6797
2084,16.5647,14.8856,2.5202,14.226,336.0,17214.0,2992.6797
2085,14.1746,15.0318,3.3531,16.022,339.0,17784.0,2992.6797
2086,16.0699,15.0959,2.6449,14.9791,338.0,16332.0,2992.6797
2087,14.9077,15.0298,2.6903,16.0652,336.0,15310.0,2992.6797
2088,16.1131,14.8997,2.5068,14.9249,335.0,15666.0,2992.6797
2089,14.8785,14.1176,2.4044,15.9752,334.0,19412.0,2992.6797
2090,15.9974,14.8397,2.5504,14.7208,337.0,18044.0,2992.6797
2091,14.6901,15.3281,2.5057,15.5987,332.0,19798.0,2992.6797
2092,15.6734,15.0783,2.5033,16.677,337.0,25216.0,2992.6797
2093,16.6302,15.2501,2.5339,14.5106,336.0,28002.0,2992.6797
2094,14.4571,15.1338,2.2125,17.0077,335.0,22056.0,2992.6797
2095,17.0875,15.2055,2.6575,14.6967,337.0,23328.0,2992.6797
2096,14.8833,14.9629,2.6952,15.9701,336.0,21152.0,2992.6797
2097,15.7573,14.8222,2.8349,13.9193,333.0,19172.0,2992.6797
2098,14.0629,14.7543,2.71,15.1917,335.0,17631.0,2992.6797
2099,15.0503,14.6553,2.1935,15.085,339.0,21795.0,2992.6797
2100,15.0574,14.846,2.2218,15.8221,339.0,20874.0,2992.6797
2101,15.8648,14.3568,2.2603,14.8883,337.0,20696.0,2992.6797
2102,14.8566,14.0834,2.2971,14.9844,339.0,18682.0,2992.6797
2103,15.0326,14.6005,2.2672,16.0033,341.0,24498.0,2992.6797
2104,15.9692,14.0028,2.1391,14.4967,338.0,33322.0,2992.6797
2105,14.4956,14.7301,2.1208,16.4508,338.0,31892.0,2992.6797
2106,16.4157,14.5462,2.2815,14.0127,332.0,21904.0,2992.6797
2107,14.0677,14.7029,2.6853,14.726,335.0,20384.0,2992.6797
2108,14.7128,14.692,2.5438,15.7334,334.0,18644.0,2992.6797
2109,15.838,14.8578,2.5499,14.9873,333.0,15296.0,2992.6797
2110,14.8521,14.8907,2.5515,14.7861,334.0,15308.0,2992.6797
2111,14.8012,14.7275,2.7206,15.2117,333.0,16848.0,2992.6797
2112,15.2182,14.6708,2.1207,15.5474,335.0,18022.0,2992.6797
2113,15.55,13.7773,2.3272,15.2123,331.0,20489.0,2992.6797
2114,15.2276,13.7405,2.2927,14.5952,331.0,19773.0,2992.6797
2115,14.5631,14.9621,2.1934,16.6623,337.0,19736.0,2992.6797
2116,16.6773,15.0069,2.1978,14.9667,339.0,15266.0,2992.6797
2117,14.9961,14.9093,2.1089,15.7389,335.0,19934.0,2992.6797
2118,15.6676,14.98,2.1828,14.1893,336.0,20599.0,2992.6797
2119,14.2641,15.1926,2.2683,15.3242,341.0,24891.0,2992.6797
2120,15.2695,15.0944,2.2161,16.0888,338.0,14700.0,2992.6797
2121,16.1621,14.9892,2.3608,16.9884,334.0,16243.0,2992.6797
2122,17.0011,15.1529,2.6443,15.6512,337.0,13904.0,2992.6797
2123,15.5996,15.038,2.718,14.613,331.0,26674.0,2992.6797
2124,14.6062,14.9739,2.3991,16.7276,332.0,17028.0,2992.6797
2125,16.7767,14.767,2.4239,15.0208,334.0,16350.0,2992.6797
2126,15.0404,15.0284,2.7093,15.6506,336.0,23204.0,2992.6797
2127,15.5904,16.1375,2.3858,17.9886,336.0,19590.0,2992.6797
2128,18.0326,14.2161,2.5797,13.5507,334.0,15332.0,2992.6797
2129,13.4778,15.2687,2.4428,16.8792,333.0,19666.0,2992.6797
2130,16.9889,15.2243,2.6247,14.9537,332.0,23394.0,2992.6797
2131,14.8705,15.6577,2.4283,16.5258,339.0,22884.0,2992.6797
2132,16.5309,15.6119,2.8344,15.7562,339.0,16766.0,2992.6797
2133,15.7983,15.8703,2.4539,16.1341,337.0,15834.0,2992.6797
2134,16.131,15.7104,2.556,16.2087,340.0,19891.0,2992.6797
2135,16.1777,15.6649,2.9178,17.5057,339.0,17609.0,2992.6797
2136,17.4864,15.4466,2.597,16.9903,334.0,15750.0,2992.6797
2137,17.0921,15.5677,2.8311,14.1102,334.0,17619.0,2992.6797
2138,14.0689,15.6067,2.7103,16.6189,335.0,15812.0,2992.6797
2139,16.5856,15.6334,2.6002,16.1246,335.0,18852.0,2992.6797
2140,16.1497,15.0712,2.4045,15.7726,335.0,19588.0,2992.6797
2141,15.7893,15.0032,2.6538,15.9596,335.0,19743.0,2992.6797
2142,15.9317,15.7372,2.5308,15.9882,334.0,18936.0,2992.6797
2143,15.9672,15.0679,2.627,15.6002,335.0,16056.0,2992.6797
2144,15.7071,15.1599,2.992,16.0313,335.0,15784.0,2992.6797
2145,15.9833,14.9479,2.7086,14.3902,333.0,15296.0,2992.6797
2146,14.3254,14.9595,2.4941,14.9327,334.0,16996.0,2992.6797
2147,14.9164,15.7088,2.2446,18.0066,336.0,15288.0,2992.6797
2148,18.0253,14.6197,2.3484,14.0126,340.0,17024.0,2992.6797
2149,14.1267,14.1314,2.9862,16.7021,336.0,15780.0,2992.6797
2150,16.7155,14.9116,2.5604,14.5233,336.0,15802.0,2992.6797
2151,14.4541,15.1647,2.5038,14.9971,336.0,16826.0,2992.6797
2152,14.9641,14.9902,2.7486,15.1998,336.0,17222.0,2992.6797
2153,15.2209,14.9033,2.6847,17.111,333.0,18828.0,2992.6797
2154,17.1253,14.9535,2.5631,13.6165,332.0,16756.0,2992.6797
2155,13.6039,15.2444,2.5631,16.1491,331.0,16376.0,2992.6797
2156,16.1779,15.3617,2.7599,15.9359,332.0,17210.0,2992.6797
2157,15.9161,15.0512,2.3752,15.1133,335.0,17246.0,2992.6797
2158,15.0591,15.0051,2.5369,18.873,334.0,16306.0,2992.6797
2159,19.0009,14.9105,3.5756,15.7414,334.0,15842.0,2992.6797
2160,15.713,14.6195,3.3965,16.3706,332.0,15284.0,2992.6797
2161,16.4606,15.4557,3.4206,16.7423,334.0,19044.0,2992.6797
2162,16.6346,15.0997,3.0765,12.132,334.0,18744.0,2992.6797
2163,12.0623,14.8761,2.7809,13.9401,337.0,19690.0,2992.6797
2164,13.9593,14.3991,2.8588,14.4743,341.0,23906.0,2992.6797
2165,14.449,14.4123,2.0719,15.3981,339.0,28690.0,2992.6797
2166,15.3898,14.7774,2.4819,15.8083,336.0,20718.0,2992.6797
2167,15.8273,14.6997,2.1286,15.0163,340.0,25044.0,2992.6797
2168,15.0444,14.6708,2.7975,15.2219,338.0,20118.0,2992.6797
2169,15.2386,14.763,2.4251,15.9903,335.0,20600.0,2992.6797
2170,16.0094,14.6669,2.8592,14.3748,338.0,17667.0,2992.6797
2171,14.904,14.7408,3.0648,15.0146,336.0,20115.0,2992.6797
2172,14.4383,14.7315,2.4692,15.3667,332.0,18828.0,2992.6797
2173,15.3866,14.4735,2.8541,14.3962,338.0,24446.0,2992.6797
2174,14.4695,14.7585,2.4745,16.3308,332.0,18620.0,2992.6797
2175,16.3434,14.9941,2.514,15.8357,334.0,24436.0,2992.6797
2176,15.7601,14.5618,2.2805,15.8289,337.0,33332.0,2992.6797
2177,15.8405,14.9965,2.5037,14.5977,336.0,31868.0,2992.6797
2178,14.5285,14.8542,2.3878,15.9933,334.0,21928.0,2992.6797
2179,16.0429,14.9901,2.4251,16.0552,337.0,20364.0,2992.6797
2180,16.0327,14.9847,2.2106,14.7519,339.0,18660.0,2992.6797
2181,14.8943,15.1673,2.2974,15.0249,336.0,15288.0,2992.6797
2182,14.9154,15.0603,2.3117,15.3213,336.0,15310.0,2992.6797
2183,15.4146,15.1501,2.6195,15.7751,335.0,16850.0,2992.6797
2184,15.7277,14.917,2.4743,15.3312,334.0,17422.0,2992.6797
2185,15.3604,14.9366,2.7579,15.8581,333.0,20387.0,2992.6797
2186,15.7817,14.9078,2.5457,14.9965,335.0,20043.0,2992.6797
2187,14.9449,14.8744,2.4765,15.4729,334.0,18342.0,2992.6797
2188,15.4496,14.7178,2.073,14.9056,333.0,17158.0,2992.6797
2189,14.9314,14.831,2.0591,15.1475,333.0,19906.0,2992.6797
2190,15.1504,13.9868,2.3033,14.7467,333.0,17198.0,2992.6797
2191,14.7328,14.0872,1.9271,15.6859,338.0,27490.0,2992.6797
2192,15.679,15.0098,1.8854,14.8737,336.0,14906.0,2992.6797
2193,14.8829,14.8306,1.9624,15.6411,334.0,16857.0,2992.6797
2194,15.6759,14.8219,2.1114,15.5388,335.0,14072.0,2992.6797
2195,15.5988,14.8005,2.0779,14.4766,339.0,21563.0,2992.6797
2196,14.4243,15.1215,2.0084,15.8552,336.0,20305.0,2992.6797
2197,15.7745,14.8216,1.7958,14.9983,338.0,17454.0,2992.6797
2198,15.0017,14.8442,1.8944,16.0719,336.0,22106.0,2992.6797
2199,16.1243,14.9196,1.9269,15.948,336.0,19568.0,2992.6797
2200,15.8858,14.5465,1.9361,15.0088,339.0,16924.0,2992.6797
2201,15.0884,14.9468,2.5055,15.6261,333.0,17534.0,2992.6797
2202,15.6212,14.0421,2.0971,14.3892,333.0,22644.0,2992.6797
2203,14.4198,14.8219,1.9704,15.2297,333.0,25870.0,2992.6797
2204,15.2205,14.9044,1.9536,15.0195,332.0,16678.0,2992.6797
2205,14.9954,14.8353,1.8803,16.6714,333.0,15830.0,2992.6797
2206,16.7119,15.1812,1.9672,14.4738,332.0,17436.0,2992.6797
2207,14.4439,14.8117,2.3358,15.3202,338.0,20048.0,2992.6797
2208,15.3389,14.8873,1.9862,15.1464,333.0,15712.0,2992.6797
2209,15.1418,14.8236,2.0637,14.9535,335.0,17631.0,2992.6797
2210,14.9519,14.9159,2.4411,15.7256,331.0,15764.0,2992.6797
2211,15.7216,14.9911,1.8942,15.1224,335.0,18440.0,2992.6797
2212,15.0914,14.7717,1.8873,15.335,338.0,18844.0,2992.6797
2213,15.3537,14.5266,1.9054,15.9886,339.0,20483.0,2992.6797
2214,15.9961,14.0194,1.8775,15.3475,335.0,18462.0,2992.6797
2215,15.3222,14.8342,1.9592,14.1226,337.0,16890.0,2992.6797
2216,14.1141,14.9336,1.9444,16.6081,336.0,15310.0,2992.6797
2217,16.6123,14.8241,1.6821,14.2267,333.0,15760.0,2992.6797
2218,14.235,14.7601,1.806,16.1065,335.0,17008.0,2992.6797
2219,16.1453,14.9072,1.9663,14.1609,335.0,15320.0,2992.6797
2220,14.16,14.8352,2.1318,16.0652,333.0,16984.0,2992.6797
2221,16.0494,15.5325,2.1639,15.1974,334.0,15800.0,2992.6797
2222,15.1988,15.1125,2.5302,16.2637,332.0,15776.0,2992.6797
2223,16.2847,14.8307,2.4168,15.2953,334.0,16088.0,2992.6797
2224,15.2736,14.8261,2.0726,14.9504,333.0,17820.0,2992.6797
2225,14.93,14.8497,1.9516,15.1221,335.0,18608.0,2992.6797
2226,15.1518,14.5557,1.9634,15.4633,332.0,17124.0,2992.6797
2227,15.4903,14.0561,2.1101,15.3621,337.0,16404.0,2992.6797
2228,15.3284,14.7212,1.9481,15.0535,338.0,17238.0,2992.6797
2229,15.0572,14.839,2.1259,15.6775,341.0,17274.0,2992.6797
2230,15.7188,14.6955,2.0611,15.2425,335.0,16296.0,2992.6797
2231,15.2239,14.8776,2.0403,14.6095,336.0,15310.0,2992.6797
2232,14.5366,14.7454,1.8769,14.9975,336.0,15844.0,2992.6797
2233,15.0207,14.9792,2.2466,15.5098,336.0,18182.0,2992.6797
2234,15.5235,14.6851,2.1866,15.3547,331.0,18858.0,2992.6797
2235,15.3763,14.7741,2.0217,15.0416,335.0,20322.0,2992.6797
2236,15.0536,14.5407,2.0152,14.8389,337.0,22040.0,2992.6797
2237,14.8115,13.8353,2.0331,15.2093,336.0,29872.0,2992.6797
2238,15.2414,14.0003,1.8157,15.9986,334.0,20680.0,2992.6797
2239,16.0888,14.6269,1.9831,13.8966,337.0,24106.0,2992.6797
2240,13.9415,14.8604,2.3565,15.3442,335.0,21876.0,2992.6797
2241,15.1079,14.8448,1.724,15.4034,333.0,18168.0,2992.6797
2242,15.4147,14.8584,1.7993,15.4698,334.0,20027.0,2992.6797
2243,15.4675,15.0797,1.6805,14.9248,339.0,20107.0,2992.6797
2244,15.1555,14.8018,2.176,15.679,337.0,18380.0,2992.6797
2245,15.5419,14.9126,2.007,15.374,343.0,23079.0,2992.6797
2246,15.3633,14.8247,1.9794,15.1385,342.0,20565.0,2992.6797
2247,15.1305,14.8138,1.982,15.7278,335.0,23422.0,2992.6797
2248,15.6489,14.7447,1.7078,14.8771,340.0,34350.0,2992.6797
2249,14.9317,13.7216,1.945,15.8962,335.0,30260.0,2992.6797
2250,15.9333,14.3681,1.8777,15.1621,336.0,23548.0,2992.6797
2251,15.154,14.8446,1.8242,15.0117,333.0,20360.0,2992.6797
2252,15.0253,14.8841,2.0541,15.4266,335.0,18656.0,2992.6797
2253,15.4109,14.8602,2.2772,14.9998,333.0,15296.0,2992.6797
2254,14.9939,14.8363,1.9495,15.3287,333.0,15296.0,2992.6797
2255,15.3801,14.9055,2.1981,15.106,335.0,16872.0,2992.6797
2256,15.0916,14.9844,1.9406,15.5399,331.0,17456.0,2992.6797
2257,15.5085,14.8395,1.9975,15.3532,331.0,19749.0,2992.6797
2258,15.3851,14.7834,2.0306,15.1793,333.0,17072.0,2992.6797
2259,15.1053,14.7649,1.5675,15.3796,339.0,21305.0,2992.6797
2260,15.4119,14.4695,1.5907,15.3303,335.0,17752.0,2992.6797
2261,15.3811,13.783,1.8532,15.1237,339.0,18580.0,2992.6797
2262,15.1498,14.0586,1.889,14.6486,337.0,18274.0,2992.6797
2263,14.6053,14.8863,1.6459,15.182,341.0,24731.0,2992.6797
2264,15.1629,14.8121,1.7259,15.8517,334.0,17115.0,2992.6797
2265,16.0005,14.9123,1.8855,15.2513,339.0,17173.0,2992.6797
2266,15.1555,14.9989,2.5694,15.0186,331.0,14542.0,2992.6797
2267,15.0368,15.1303,2.1306,15.5642,332.0,21571.0,2992.6797
2268,15.5112,14.8719,1.9304,15.2402,334.0,19823.0,2992.6797
2269,15.2163,14.8195,1.8608,15.5437,334.0,17076.0,2992.6797
2270,15.5243,14.8911,2.048,15.1698,338.0,20159.0,2992.6797
2271,15.186,14.8239,1.9275,16.0539,333.0,20749.0,2992.6797
2272,16.06,14.5976,1.8944,14.8496,333.0,18500.0,2992.6797
2273,14.8174,14.6063,1.9676,15.9151,332.0,17364.0,2992.6797
2274,15.9728,14.0509,1.8808,14.8794,335.0,22398.0,2992.6797
2275,14.838,14.8476,1.8496,14.9438,338.0,25504.0,2992.6797
2276,14.9431,14.8394,1.8166,15.4013,337.0,17504.0,2992.6797
2277,15.4529,14.9894,2.0268,15.4664,340.0,15822.0,2992.6797
2278,15.4847,14.9363,1.9783,15.0426,337.0,17010.0,2992.6797
2279,15.0791,14.8579,2.1604,15.7018,337.0,18097.0,2992.6797
2280,15.661,14.7455,2.0497,14.8017,336.0,18107.0,2992.6797
2281,14.772,14.8293,1.8982,15.6821,336.0,17643.0,2992.6797
2282,15.6902,14.7489,2.001,15.2845,335.0,15812.0,2992.6797
2283,15.3279,14.7063,2.1858,14.9375,335.0,18116.0,2992.6797
2284,14.8815,14.5426,1.9796,15.3166,332.0,18080.0,2992.6797
2285,15.3432,14.5761,1.8251,15.6255,336.0,20859.0,2992.6797
2286,15.6182,13.7554,2.0177,14.3541,337.0,18044.0,2992.6797
2287,14.3894,14.8857,1.9174,16.3712,332.0,17220.0,2992.6797
2288,16.3884,15.3008,2.12,15.7716,333.0,16128.0,2992.6797
2289,15.703,14.8605,1.966,15.2838,334.0,15772.0,2992.6797
2290,15.3761,14.8377,1.8931,15.2166,332.0,15284.0,2992.6797
2291,15.1471,14.769,2.0697,15.6847,340.0,17024.0,2992.6797
2292,15.7124,14.8566,2.1142,14.3637,336.0,16976.0,2992.6797
2293,14.2827,14.8264,1.963,15.2462,338.0,15804.0,2992.6797
2294,15.2803,14.7116,1.9569,15.545,336.0,15802.0,2992.6797
2295,15.5701,14.8623,1.9062,14.8642,338.0,15746.0,2992.6797
2296,14.7779,14.2089,1.6017,14.9648,333.0,17430.0,2992.6797
2297,15.0252,14.0014,1.8118,15.1911,332.0,18816.0,2992.6797
2298,15.2667,13.9393,1.827,14.4157,331.0,16868.0,2992.6797
2299,14.363,14.5849,1.8124,15.2647,332.0,16388.0,2992.6797
2300,15.2003,14.5484,1.5854,14.9865,336.0,17460.0,2992.6797
2301,15.0341,14.5086,1.9756,14.9514,334.0,17768.0,2992.6797
2302,15.0064,14.5519,1.9413,14.8661,333.0,16294.0,2992.6797
2303,14.8601,14.6654,2.2927,15.4439,333.0,15296.0,2992.6797
2304,15.4322,14.4832,2.174,15.5422,334.0,15842.0,2992.6797
2305,15.5304,14.6535,2.5139,14.9333,333.0,17778.0,2992.6797
2306,14.9427,14.8294,1.967,15.0159,332.0,18134.0,2992.6797
2307,14.9408,13.7569,1.8165,14.9433,339.0,19730.0,2992.6797
2308,15.0192,13.9686,1.9133,15.5566,341.0,22664.0,2992.6797
2309,15.6232,14.1443,1.8456,15.1751,338.0,28808.0,2992.6797
2310,15.0929,14.9095,1.9165,15.5092,337.0,22506.0,2992.6797
2311,15.5356,14.8519,1.8769,14.9917,337.0,22388.0,2992.6797
2312,15.0305,14.875,2.185,15.0641,341.0,23566.0,2992.6797
2313,15.0333,14.902,2.3435,15.0568,336.0,18572.0,2992.6797
2314,15.0517,14.7675,2.1404,15.3833,334.0,17155.0,2992.6797
2315,15.393,14.8623,1.9075,15.6681,338.0,23011.0,2992.6797
2316,15.6794,14.7941,1.9874,15.2164,332.0,18364.0,2992.6797
2317,15.1463,14.8592,1.9585,16.1054,335.0,23027.0,2992.6797
2318,16.1885,14.9109,2.5383,17.0055,1289.0,144376.0,3034.0547
2319,16.998,13.9238,2.8831,15.5296,626.0,33567.0,3063.4297
2320,15.5758,19.7767,3.2579,19.2167,630.0,44544.0,3063.4297
2321,19.1344,15.2721,2.1936,15.064,625.0,28488.0,3063.4297
2322,15.39,14.0524,1.9521,14.541,623.0,28504.0,3048.7422
2323,14.3154,13.5207,1.9715,14.4294,629.0,26804.0,3048.7422
2324,14.44,13.8646,2.061,14.7182,628.0,23456.0,3028.0547
2325,14.7044,14.3219,2.0637,14.7994,626.0,24036.0,3028.0547
2326,14.7051,14.3913,1.9704,15.4924,627.0,24222.0,3028.0547
2327,15.5984,14.3427,2.2643,14.1962,624.0,27350.0,3028.0547
2328,14.1888,14.1876,2.1418,14.9521,627.0,27043.0,3028.0547
2329,14.8598,14.1579,2.0234,14.2828,623.0,28075.0,3028.0547
2330,14.2388,13.8648,1.8954,15.0548,624.0,27236.0,3028.0547
2331,15.0458,13.1802,2.0171,14.9992,623.0,23900.0,3028.0547
2332,15.0444,14.0344,2.3334,14.1473,623.0,26870.0,3028.0547
2333,14.1416,13.995,2.1497,14.9579,625.0,28943.0,3028.0547
2334,15.0008,14.355,2.0156,14.0682,628.0,27838.0,3028.0547
2335,14.0964,13.947,2.1008,13.6857,623.0,25461.0,3028.0547
2336,13.5654,14.1755,2.1225,14.4157,627.0,24391.0,3028.0547
2337,14.4324,14.09,2.1393,15.0111,623.0,28841.0,3028.0547
2338,15.1484,13.8481,1.933,14.5432,623.0,28005.0,3028.0547
2339,14.4856,13.3198,2.1198,13.4712,627.0,25284.0,3028.0547
2340,13.4602,13.9523,1.7944,14.8625,628.0,25948.0,3028.0547
2341,14.8704,14.2298,1.9995,14.8585,631.0,30792.0,3028.0547
2342,14.8451,14.1687,1.9942,14.3562,626.0,26706.0,3028.0547
2343,14.3696,14.603,1.9859,14.9522,627.0,25034.0,3028.0547
2344,14.9443,14.2209,2.0076,14.9533,624.0,29746.0,3028.0547
2345,15.0142,14.1113,2.2371,14.4648,624.0,30820.0,3028.0547
2346,14.4079,13.9282,2.1803,14.5842,626.0,24182.0,3028.0547
2347,14.5596,12.9593,1.614,14.7535,625.0,23998.0,3028.0547
2348,14.7304,14.2387,1.7786,14.1823,625.0,27463.0,3028.0547
2349,14.2616,13.9833,1.4486,14.5056,624.0,24450.0,3028.0547
2350,14.5043,14.2094,1.6789,14.4399,628.0,27658.0,3028.0547
2351,14.5199,14.0177,1.8829,14.6912,623.0,23932.0,3028.0547
2352,14.5294,14.1571,2.3243,14.6084,623.0,24300.0,3028.0547
2353,14.6378,14.1262,2.1244,14.6987,629.0,27016.0,3028.0547
2354,14.7463,13.5692,1.8206,15.2274,623.0,27612.0,3028.0547
2355,15.2001,13.576,2.1352,14.1459,630.0,27903.0,3028.0547
2356,14.2311,13.7831,2.0289,14.4783,627.0,25040.0,3028.0547
2357,14.3704,14.0472,1.668,15.3288,627.0,25476.0,3028.0547
2358,15.3871,14.3515,1.7305,14.3559,626.0,23918.0,3028.0547
2359,14.3387,14.2794,2.0575,14.3146,625.0,25130.0,3028.0547
2360,14.2941,14.0324,1.9474,14.2112,625.0,23442.0,3028.0547
2361,14.204,13.6756,2.2167,14.2944,624.0,25632.0,3028.0547
2362,14.3458,13.5214,1.7076,14.3769,622.0,23920.0,3028.0547
2363,14.2579,13.3103,1.9577,14.4467,623.0,23830.0,3028.0547
2364,14.4545,13.8915,2.1471,15.3639,624.0,25630.0,3028.0547
2365,15.5296,13.8723,2.2409,13.6458,623.0,26508.0,3028.0547
2366,13.5819,14.1401,2.3331,13.9157,624.0,25416.0,3028.0547
2367,14.0088,13.9762,2.5454,15.2982,623.0,24544.0,3028.0547
2368,15.2287,14.3308,2.6252,15.762,622.0,23796.0,3028.0547
2369,15.7889,13.6575,2.4342,13.9686,622.0,25030.0,3028.0547
2370,14.1533,14.1789,2.5642,14.2269,624.0,23452.0,3028.0547
2371,13.9835,13.0825,1.9625,15.0387,628.0,23990.0,3028.0547
2372,15.0916,14.1559,2.3908,14.2629,627.0,26662.0,3028.0547
2373,14.2903,14.2265,2.0778,14.2464,628.0,26146.0,3028.0547
2374,14.3306,14.3466,2.0682,14.9362,627.0,29328.0,3028.0547
2375,14.8684,14.3416,2.0555,14.1897,629.0,31448.0,3028.0547
2376,14.0847,14.0054,1.8736,14.9162,627.0,33898.0,3028.0547
2377,14.9727,14.1132,1.9718,14.797,627.0,31190.0,3028.0547
2378,14.8828,13.0916,1.9713,14.1789,629.0,31430.0,3028.0547
2379,14.0892,13.3615,1.9014,13.9048,626.0,24848.0,3028.0547
2380,13.8679,14.0511,2.1562,15.5635,629.0,28759.0,3028.0547
2381,15.5686,14.2715,1.9654,14.2471,628.0,29431.0,3028.0547
2382,14.227,14.1942,2.1421,14.4051,625.0,29575.0,3028.0547
2383,14.5287,14.1935,2.059,14.5465,626.0,27276.0,3028.0547
2384,14.3929,14.1453,1.684,14.3535,624.0,31980.0,3028.0547
2385,14.3735,13.6058,1.5714,14.9944,624.0,25606.0,3028.0547
2386,15.0201,13.532,1.5886,15.0706,624.0,26964.0,3028.0547
2387,15.1607,14.1652,1.8384,13.5036,627.0,26234.0,3028.0547
2388,13.3919,14.0428,1.9566,14.764,634.0,38719.0,3028.0547
2389,14.791,14.2376,1.9096,14.3876,634.0,36228.0,3028.0547
2390,14.3533,14.3772,2.0613,16.5817,624.0,25118.0,3028.0547
2391,16.6337,14.3662,2.2769,13.6972,626.0,30166.0,3028.0547
2392,13.7159,14.1732,2.0115,14.6639,627.0,23466.0,3028.0547
2393,14.6119,14.0715,1.9821,14.6626,623.0,24044.0,3028.0547
2394,14.64,13.0307,1.6292,13.5991,627.0,24340.0,3028.0547
2395,13.5849,14.0599,1.7598,14.611,624.0,25732.0,3028.0547
2396,14.6474,14.2702,1.8295,13.9996,624.0,28365.0,3028.0547
2397,14.0247,14.0178,2.0454,14.2961,624.0,24918.0,3028.0547
2398,14.3723,14.2487,1.944,14.945,624.0,28741.0,3028.0547
2399,14.8824,14.118,1.8219,14.3739,626.0,25856.0,3028.0547
2400,14.4286,13.9294,2.0503,14.5152,624.0,23772.0,3028.0547
2401,14.422,13.715,1.8626,14.6188,624.0,30155.0,3028.0547
2402,14.7332,13.3251,1.8486,13.9427,626.0,26815.0,3028.0547
2403,13.8362,14.1436,1.9301,15.2128,630.0,25549.0,3028.0547
2404,15.2062,14.2495,1.8643,14.6435,629.0,27384.0,3028.0547
2405,14.6843,14.2663,2.0059,14.1137,628.0,22560.0,3028.0547
2406,14.0331,13.9478,2.0274,15.4091,627.0,33746.0,3028.0547
2407,15.3982,14.1591,2.5483,14.5143,624.0,24074.0,3028.0547
2408,14.5993,14.14,2.0366,13.5239,626.0,26610.0,3028.0547
2409,13.5224,12.9163,1.8914,14.858,622.0,29179.0,3028.0547
2410,14.8348,14.1192,2.0466,14.7337,625.0,27577.0,3028.0547
2411,14.733,14.2768,1.8726,14.891,623.0,24922.0,3028.0547
2412,14.9684,14.22,2.2193,15.1132,622.0,28512.0,3028.0547
2413,15.0802,14.2139,2.079,13.0307,622.0,29616.0,3028.0547
2414,13.0418,14.4605,2.1328,15.0507,623.0,28270.0,3028.0547
2415,15.0326,14.1185,2.0341,14.6006,623.0,23926.0,3028.0547
2416,14.5702,14.1203,1.988,14.5397,627.0,25799.0,3028.0547
2417,14.5406,12.8759,1.7912,14.6993,627.0,25662.0,3028.0547
2418,14.7841,14.2801,1.8786,14.314,625.0,24392.0,3028.0547
2419,14.1883,14.5383,1.7563,14.6913,631.0,27186.0,3028.0547
2420,14.7104,13.8691,1.7869,14.7264,629.0,24328.0,3028.0547
2421,14.7891,14.189,2.0692,14.5179,626.0,25860.0,3028.0547
2422,14.5707,14.2419,2.1657,14.4838,624.0,27330.0,3028.0547
2423,14.4404,14.447,2.0635,15.1729,630.0,29029.0,3028.0547
2424,15.1132,14.3558,1.8959,15.5671,625.0,25038.0,3028.0547
2425,15.6516,12.9357,2.2643,16.7467,623.0,25376.0,3028.0547
2426,16.8455,14.308,3.255,15.967,624.0,24748.0,3028.0547
2427,16.0085,14.9502,2.8779,12.7053,623.0,23440.0,3028.0547
2428,12.5558,14.7439,2.3936,18.4658,624.0,25140.0,3028.0547
2429,18.6439,15.5785,3.2357,13.2723,623.0,23932.0,3028.0547
2430,13.078,14.3948,2.6511,16.8323,626.0,25532.0,3028.0547
2431,16.8373,14.2067,2.2291,12.8835,622.0,23920.0,3028.0547
2432,12.9292,15.2419,2.906,15.8482,622.0,24208.0,3028.0547
2433,15.8358,14.4234,2.562,16.3478,622.0,26812.0,3028.0547
2434,16.3885,15.1716,2.5658,13.6103,624.0,26152.0,3028.0547
2435,13.6829,13.9173,2.8172,16.6335,627.0,24548.0,3028.0547
2436,16.7361,14.3404,3.6309,14.7266,629.0,23836.0,3028.0547
2437,14.4861,14.5732,2.7444,15.1644,626.0,24334.0,3028.0547
2438,15.1335,14.3823,2.4938,13.2188,626.0,24522.0,3028.0547
2439,13.3905,14.4596,2.4571,17.9044,626.0,23988.0,3028.0547
2440,17.9817,15.5228,3.0541,14.0278,627.0,24570.0,3028.0547
2441,13.8668,14.429,2.6147,14.5934,624.0,27614.0,3028.0547
2442,14.6248,14.0676,2.5524,14.3375,626.0,28744.0,3028.0547
2443,14.3588,14.482,2.9681,14.3416,625.0,29842.0,3028.0547
2444,14.3505,14.1074,2.4519,16.3437,629.0,32600.0,3028.0547
2445,16.3344,14.1797,2.6186,13.7791,624.0,32496.0,3028.0547
2446,13.7976,13.4717,2.5034,14.4464,629.0,32610.0,3028.0547
2447,14.3772,14.0493,2.3537,13.7119,622.0,25434.0,3028.0547
2448,13.6593,14.5966,2.3532,15.7041,627.0,26424.0,3028.0547
2449,15.7716,14.1396,2.1926,14.1435,628.0,29971.0,3028.0547
2450,14.1843,14.24,2.4622,15.168,626.0,30515.0,3028.0547
2451,15.0386,14.1958,2.2544,13.7368,634.0,29175.0,3028.0547
2452,13.7893,14.126,2.5014,14.8995,629.0,24860.0,3028.0547
2453,14.8869,13.9819,2.3741,13.9881,629.0,31532.0,3028.0547
2454,13.9902,13.4606,2.2891,15.1798,625.0,27418.0,3028.0547
2455,15.194,13.3468,2.0248,13.8347,625.0,26066.0,3028.0547
2456,13.7708,14.3355,2.1153,15.61,630.0,37774.0,3028.0547
2457,15.7219,14.473,2.2439,13.9556,629.0,33719.0,3028.0547
2458,13.9621,14.19,2.5017,15.5962,627.0,27828.0,3028.0547
2459,15.5524,14.0942,2.4402,13.6339,624.0,28476.0,3028.0547
2460,13.5157,13.9401,2.0728,14.8945,626.0,26852.0,3028.0547
2461,14.9683,14.2034,2.3886,14.5422,625.0,24068.0,3028.0547
2462,14.4992,13.9117,2.0084,15.0566,626.0,24328.0,3028.0547
2463,15.0725,13.3371,2.0219,13.8253,622.0,25292.0,3028.0547
2464,13.8956,14.103,2.3139,14.1191,624.0,25316.0,3028.0547
2465,14.1302,13.1697,2.1773,15.1142,623.0,27113.0,3028.0547
2466,15.0608,14.2028,2.2811,14.6389,624.0,28503.0,3028.0547
2467,14.679,13.9684,2.2944,14.4433,629.0,26692.0,3028.0547
2468,14.4499,14.2248,2.5158,14.7898,628.0,23964.0,3028.0547
2469,14.7806,14.1966,2.1497,14.5446,632.0,28397.0,3028.0547
2470,14.5203,13.1895,2.0584,14.5818,628.0,27349.0,3028.0547
2471,14.6226,13.2435,2.3401,14.6905,626.0,24636.0,3028.0547
2472,14.6733,14.2822,2.0525,14.1032,627.0,30139.0,3028.0547
2473,14.1181,14.1212,2.2472,15.4773,626.0,22788.0,3028.0547
2474,15.4287,14.2453,2.2703,14.1924,626.0,30216.0,3028.0547
2475,14.2923,14.235,2.2109,14.5109,622.0,26750.0,3028.0547
2476,14.4488,14.4988,2.1037,14.1135,624.0,26268.0,3028.0547
2477,14.223,13.9404,2.5039,15.1701,623.0,27637.0,3028.0547
2478,15.0487,13.8795,2.1339,14.2829,627.0,29381.0,3028.0547
2479,14.2492,13.4174,2.0923,14.2719,622.0,23972.0,3028.0547
2480,14.3154,14.0451,2.0727,15.3055,626.0,26342.0,3028.0547
2481,15.3289,14.228,1.9658,14.8404,624.0,32824.0,3028.0547
2482,14.8858,14.3322,2.2931,14.8954,623.0,28080.0,3028.0547
2483,14.8618,14.2232,2.2672,14.5713,628.0,24210.0,3028.0547
2484,14.5623,13.8182,2.3486,14.9854,629.0,24466.0,3028.0547
2485,14.9134,14.377,1.9938,14.9636,629.0,25801.0,3028.0547
2486,15.064,14.1903,2.3087,14.3379,628.0,25630.0,3028.0547
2487,14.3566,13.1128,2.0701,14.5879,626.0,25765.0,3028.0547
2488,14.5,14.1013,2.2259,14.6738,627.0,25681.0,3028.0547
2489,14.6752,14.2805,2.123,16.6454,622.0,24752.0,3028.0547
2490,16.7855,14.2824,2.5174,13.0662,622.0,27084.0,3028.0547
2491,13.008,14.2193,2.3856,14.3643,625.0,28991.0,3028.0547
2492,14.3495,13.8918,2.5551,13.7389,624.0,26152.0,3028.0547
2493,13.6222,14.1876,2.1653,14.7087,625.0,25768.0,3028.0547
2494,14.7754,14.1274,1.9622,14.6462,624.0,24284.0,3028.0547
2495,14.574,13.0906,1.8541,15.3594,623.0,24272.0,3028.0547
2496,15.4017,14.1243,1.9251,12.8166,624.0,25140.0,3028.0547
2497,12.8852,13.8872,1.9656,15.2358,624.0,23944.0,3028.0547
2498,15.1923,14.0224,1.9223,14.0669,624.0,23820.0,3028.0547
2499,14.0894,14.0086,1.819,14.8588,627.0,25132.0,3028.0547
2500,14.975,14.0859,2.1841,13.6784,628.0,24706.0,3028.0547
2501,13.4903,13.7169,1.9713,14.3015,627.0,24360.0,3028.0547
2502,14.262,13.0738,1.6708,14.9611,626.0,27048.0,3028.0547
2503,14.9687,13.3174,1.8815,13.7796,628.0,25442.0,3028.0547
2504,13.8249,13.8329,2.0324,14.2071,625.0,24178.0,3028.0547
2505,14.207,13.672,1.8211,14.4098,623.0,24342.0,3028.0547
2506,14.4679,13.9106,2.3089,13.804,623.0,23808.0,3028.0547
2507,13.8134,13.9065,2.0011,14.9745,624.0,25054.0,3028.0547
2508,15.0961,13.6926,2.6984,13.8588,623.0,23808.0,3028.0547
2509,13.7019,13.0817,2.0094,14.7296,623.0,26866.0,3028.0547
2510,14.736,13.8147,2.2329,14.5273,627.0,29078.0,3028.0547
2511,14.6005,14.3278,2.0511,15.3491,626.0,29488.0,3028.0547
2512,15.2694,14.1506,2.0384,14.3483,624.0,30278.0,3028.0547
2513,14.3429,14.1646,1.8653,14.2917,626.0,32260.0,3028.0547
2514,14.3145,14.2065,2.0501,14.7536,627.0,32572.0,3028.0547
2515,14.6986,14.2104,1.9814,14.3953,629.0,28624.0,3028.0547
2516,14.452,14.2909,2.1102,15.2648,628.0,25362.0,3028.0547
2517,15.1842,12.9445,1.7527,14.0732,629.0,28556.0,3028.0547
2518,14.1914,13.4328,1.9647,14.683,628.0,31057.0,3028.0547
2519,14.6177,14.1455,1.8055,13.9921,632.0,31948.0,3028.0547
2520,13.9848,13.922,1.8578,14.6837,625.0,24834.0,3028.0547
2521,14.8073,14.2333,1.9961,14.325,624.0,31052.0,3028.0547
2522,14.2364,14.2076,2.1521,14.5101,624.0,25904.0,3028.0547
2523,14.5068,14.1998,1.99,14.6087,624.0,26410.0,3028.0547
2524,14.5772,14.1075,2.1467,14.503,628.0,38498.0,3028.0547
2525,14.5515,12.9433,2.0216,15.7401,626.0,31275.0,3028.0547
2526,15.6659,13.7196,1.9354,13.2977,624.0,26788.0,3028.0547
2527,13.2917,14.1856,1.7907,14.8077,628.0,31176.0,3028.0547
2528,14.8728,14.338,1.9485,14.8122,623.0,25128.0,3028.0547
2529,14.9253,14.1947,2.0923,14.0755,623.0,27420.0,3028.0547
2530,13.9726,14.3094,2.1785,15.1309,623.0,24292.0,3028.0547
2531,15.1117,14.1731,1.9422,14.3858,628.0,25320.0,3028.0547
2532,14.4232,13.8817,1.8329,15.3212,628.0,25416.0,3028.0547
2533,15.2624,12.9286,1.6165,13.5464,628.0,26777.0,3028.0547
2534,13.5751,14.0089,1.728,14.4966,625.0,25198.0,3028.0547
2535,14.4838,14.0559,1.7871,15.3611,628.0,28525.0,3028.0547
2536,15.3609,14.1628,1.8591,13.6862,624.0,25714.0,3028.0547
2537,13.7334,13.9669,1.905,14.2835,625.0,27845.0,3028.0547
2538,14.1997,14.1026,1.8685,14.324,626.0,25489.0,3028.0547
2539,14.3617,14.1297,2.0243,14.8458,625.0,25274.0,3028.0547
2540,15.0148,13.9081,2.1421,14.4897,625.0,29346.0,3028.0547
2541,14.3257,13.3115,1.9164,14.8146,627.0,25157.0,3028.0547
2542,14.8231,13.9811,1.915,15.0032,622.0,23220.0,3028.0547
2543,15.0741,14.1984,2.0162,14.5317,624.0,30790.0,3028.0547
2544,14.5867,13.9229,2.0874,13.3137,625.0,27020.0,3028.0547
2545,13.2613,14.2672,2.1257,14.2031,626.0,29127.0,3028.0547
2546,14.125,14.0181,2.346,14.9611,624.0,28341.0,3028.0547
2547,15.0623,14.1956,1.9389,14.4924,627.0,25218.0,3028.0547
2548,14.426,12.8925,1.9883,14.8677,629.0,23916.0,3028.0547
2549,14.8501,13.4111,1.863,13.6846,627.0,30298.0,3028.0547
2550,13.6222,14.3093,1.6321,14.9666,625.0,31882.0,3028.0547
2551,15.0224,14.1607,1.6806,14.8148,626.0,25340.0,3028.0547
2552,14.8245,14.1193,1.8751,14.1423,629.0,24598.0,3028.0547
2553,14.2975,14.1503,2.1383,15.0083,623.0,24460.0,3028.0547
2554,14.8356,14.1839,1.8567,14.3011,626.0,25787.0,3028.0547
2555,14.2956,14.1499,2.0531,15.0277,623.0,25128.0,3028.0547
2556,15.071,13.094,1.7464,14.4878,625.0,25775.0,3028.0547
2557,14.4937,13.1585,2.1134,13.6826,626.0,27015.0,3028.0547
2558,13.6601,14.166,1.9989,15.0851,622.0,25244.0,3028.0547
2559,15.1019,14.2043,1.9049,14.8834,625.0,28991.0,3028.0547
2560,14.8792,14.1342,2.1107,13.9296,624.0,25784.0,3028.0547
2561,14.0446,14.4466,2.0147,15.1645,623.0,27216.0,3028.0547
2562,15.0287,14.3866,2.0195,14.9531,623.0,24176.0,3028.0547
2563,14.9793,14.1315,1.9145,14.4281,627.0,24740.0,3028.0547
2564,14.3933,13.0482,2.0202,14.7647,629.0,23836.0,3028.0547
2565,14.8633,14.3323,2.0593,13.8908,627.0,25624.0,3028.0547
2566,13.9229,14.0711,1.8263,14.7569,624.0,23798.0,3028.0547
2567,14.6379,13.8659,1.803,14.6112,624.0,23430.0,3028.0547
2568,14.6583,14.1248,1.9328,13.7538,624.0,25610.0,3028.0547
2569,13.6911,13.8886,1.9992,14.5557,625.0,24402.0,3028.0547
2570,14.6351,13.6524,2.0692,14.5062,624.0,26520.0,3028.0547
2571,14.4311,13.8979,2.0313,14.5987,624.0,25818.0,3028.0547
2572,14.6053,13.1954,1.521,13.7282,622.0,24288.0,3028.0547
2573,13.7045,13.2941,1.7065,14.5987,625.0,24734.0,3028.0547
2574,14.596,14.1282,1.7407,14.0839,623.0,23808.0,3028.0547
2575,14.1281,13.652,1.8959,14.267,626.0,24378.0,3028.0547
2576,14.2333,14.0585,1.9339,14.5552,623.0,24508.0,3028.0547
2577,14.598,13.7211,1.7235,14.4851,623.0,26006.0,3028.0547
2578,14.4717,13.7441,2.0351,15.0677,629.0,28452.0,3028.0547
2579,15.0782,13.3317,1.9619,15.1883,630.0,29082.0,3028.0547
2580,15.2034,14.1304,2.039,12.6941,628.0,30902.0,3028.0547
2581,12.6677,13.9829,1.8446,14.8641,628.0,29476.0,3028.0547
2582,14.8887,14.1779,2.019,14.2266,631.0,32998.0,3028.0547
2583,14.1786,14.1389,1.9989,14.6851,626.0,28544.0,3028.0547
2584,14.631,14.1747,1.8195,14.7172,629.0,27588.0,3028.0547
2585,14.7395,14.2787,1.8569,15.1119,625.0,28062.0,3028.0547
2586,15.2072,13.0059,1.6482,13.9915,626.0,30600.0,3028.0547
2587,13.9398,13.8952,1.9022,13.8119,631.0,32034.0,3028.0547
2588,13.8435,14.1048,1.7494,14.6981,625.0,27631.0,3028.0547
2589,14.7028,14.0107,1.5689,16.0091,624.0,31052.0,3028.0547
2590,16.0417,14.3838,2.1838,15.5569,625.0,23928.0,3028.0547
2591,15.5631,14.2491,2.3058,12.6538,622.0,27404.0,3028.0547
2592,12.7066,14.2851,2.2044,15.0865,630.0,37838.0,3028.0547
2593,14.9931,13.8811,1.9907,13.9582,628.0,32025.0,3028.0547
2594,13.9085,12.8433,1.8498,14.8741,624.0,24380.0,3028.0547
2595,14.9738,13.9585,1.9007,13.9911,629.0,30140.0,3028.0547
2596,13.8924,14.233,1.7587,14.7816,631.0,27832.0,3028.0547
2597,14.9281,14.1354,1.8833,14.2568,629.0,25194.0,3028.0547
2598,14.1603,14.4241,1.998,14.3804,628.0,28016.0,3028.0547
2599,14.3899,14.1759,2.4198,14.6147,624.0,25550.0,3028.0547
2600,14.6206,13.9451,1.9055,14.9544,625.0,25402.0,3028.0547
2601,14.8642,14.1058,1.6132,14.0517,624.0,26917.0,3028.0547
2602,14.1317,13.0618,1.6069,14.5864,625.0,23528.0,3028.0547
2603,14.5726,14.1676,1.6771,15.0949,625.0,30107.0,3028.0547
2604,15.1052,14.4506,1.9166,15.0479,624.0,23826.0,3028.0547
2605,15.3355,14.205,2.8592,14.2374,625.0,29755.0,3028.0547
2606,13.996,13.9693,2.3089,13.8393,625.0,25013.0,3028.0547
2607,13.8144,13.1766,2.2531,14.3878,623.0,23392.0,3028.0547
2608,14.359,14.0318,2.1039,14.8611,625.0,30060.0,3028.0547
2609,14.8934,13.9522,1.8467,14.6117,623.0,24136.0,3028.0547
2610,14.5774,13.3422,1.6816,14.0697,622.0,25641.0,3028.0547
2611,14.0497,14.2088,1.4603,15.2194,626.0,28205.0,3028.0547
2612,15.2635,14.1643,1.8281,14.2471,626.0,28327.0,3028.0547
2613,14.2467,14.2005,1.838,14.3504,627.0,28161.0,3028.0547
2614,14.3144,13.8051,2.1256,14.3049,627.0,29761.0,3028.0547
2615,14.3196,14.1844,2.4416,14.6295,630.0,24272.0,3028.0547
2616,14.6581,14.0111,1.9341,14.6643,628.0,25300.0,3028.0547
2617,14.6686,13.7223,1.8696,14.9727,623.0,29260.0,3028.0547
2618,14.9829,13.3332,1.8889,14.1036,624.0,30510.0,3028.0547
2619,14.1438,13.9681,2.0788,14.7235,624.0,26632.0,3028.0547
2620,14.6184,14.2684,1.74,13.8293,622.0,25510.0,3028.0547
2621,13.8898,14.0171,2.0955,14.2547,624.0,24582.0,3028.0547
2622,14.2777,14.1628,2.2056,14.8425,624.0,24450.0,3028.0547
2623,14.8018,14.0959,2.0046,14.5179,626.0,25323.0,3028.0547
2624,14.524,13.8416,2.0084,14.6349,626.0,27475.0,3028.0547
2625,14.6253,13.0418,1.8103,14.559,623.0,23932.0,3028.0547
2626,14.5856,14.2643,2.1525,14.2946,626.0,27383.0,3028.0547
2627,14.2726,14.2431,2.2976,14.8743,629.0,28479.0,3028.0547
2628,14.855,14.2027,1.8723,14.5667,629.0,25800.0,3028.0547
2629,14.6423,13.9889,2.0914,13.8286,628.0,26864.0,3028.0547
2630,13.8067,14.2931,2.0974,14.7643,624.0,25270.0,3028.0547
2631,14.719,14.2564,1.9843,15.0967,624.0,24998.0,3028.0547
2632,15.1093,14.1574,1.8515,14.7381,625.0,24274.0,3028.0547
2633,14.7486,12.8601,1.9012,13.5301,623.0,25252.0,3028.0547
2634,13.5138,13.9179,1.8634,15.065,625.0,24200.0,3028.0547
2635,15.1188,14.1476,2.0032,14.2457,623.0,23440.0,3028.0547
2636,14.2928,14.1306,2.1304,14.5749,623.0,23932.0,3028.0547
2637,14.619,13.9534,1.9288,13.9457,625.0,26046.0,3028.0547
2638,13.8211,13.7059,1.7466,14.2605,624.0,25092.0,3028.0547
2639,14.3138,13.4136,1.8988,14.3116,624.0,25660.0,3028.0547
2640,14.2372,12.8072,2.0401,14.0796,626.0,25106.0,3028.0547
2641,14.1348,13.9134,1.9472,14.5071,623.0,24834.0,3028.0547
2642,14.4616,13.9033,1.9628,14.607,626.0,24212.0,3028.0547
2643,14.65,13.8732,1.9917,14.2344,628.0,24358.0,3028.0547
2644,14.2423,14.0457,1.9979,13.9419,626.0,23800.0,3028.0547
2645,13.9312,13.8336,1.9623,14.318,627.0,24662.0,3028.0547
2646,14.2606,13.9318,1.6952,15.1565,626.0,29006.0,3028.0547
2647,15.1737,13.1046,2.1592,14.056,629.0,29904.0,3028.0547
2648,14.0857,13.9884,1.9717,14.5667,627.0,29452.0,3028.0547
2649,14.5187,14.134,1.9097,14.1923,625.0,29954.0,3028.0547
2650,14.2722,14.2385,1.964,14.7064,631.0,31716.0,3028.0547
2651,14.6347,13.9725,1.8605,13.8561,624.0,28674.0,3028.0547
2652,13.8067,14.196,1.971,15.3589,625.0,27144.0,3028.0547
2653,15.4057,14.2498,1.9581,14.631,625.0,28724.0,3028.0547
2654,14.6765,13.7216,1.661,14.4658,625.0,31102.0,3028.0547
2655,14.3831,13.1105,1.8348,13.8756,631.0,32583.0,3028.0547
2656,13.9863,13.7649,2.1528,14.8489,627.0,27191.0,3028.0547
2657,15.1012,14.2811,2.2509,14.6588,627.0,30063.0,3028.0547
2658,14.3524,14.1912,2.1095,13.7537,625.0,27264.0,3028.0547
2659,13.7446,14.095,1.8286,14.6923,630.0,25468.0,3028.0547
2660,14.712,14.1372,2.1322,14.858,632.0,38836.0,3028.0547
2661,14.8505,14.1845,1.8727,14.3411,632.0,31345.0,3028.0547
2662,14.359,12.8741,1.9046,14.694,625.0,25096.0,3028.0547
2663,14.7099,13.285,1.9044,14.1826,626.0,27718.0,3028.0547
2664,14.1408,14.0032,1.7353,14.6589,627.0,26802.0,3028.0547
2665,14.6243,14.178,1.652,15.4444,626.0,27854.0,3028.0547
2666,15.5202,14.3397,1.9929,14.1986,626.0,25760.0,3028.0547
2667,14.2613,14.7434,2.1992,14.7385,625.0,29318.0,3028.0547
2668,14.733,14.3516,2.4391,14.5584,624.0,25620.0,3028.0547
2669,14.5355,14.1613,2.1157,15.0348,623.0,24132.0,3028.0547
2670,14.9695,12.8873,1.9156,14.5555,624.0,26129.0,3028.0547
2671,14.511,13.3098,1.7143,14.2199,624.0,25852.0,3028.0547
2672,14.2947,14.1096,1.8765,14.0588,627.0,27795.0,3028.0547
2673,14.0725,13.9863,1.8872,14.8579,626.0,28375.0,3028.0547
2674,14.9456,14.0787,2.0391,14.9229,625.0,26923.0,3028.0547
2675,14.9215,14.1619,2.2595,13.8688,628.0,22992.0,3028.0547
2676,13.7586,14.1477,2.011,14.7156,630.0,28122.0,3028.0547
2677,14.7358,13.9005,1.929,14.7714,627.0,24902.0,3028.0547
2678,14.8061,13.076,1.7564,13.9527,626.0,27515.0,3028.0547
2679,14.016,13.9794,1.9224,14.4205,627.0,23648.0,3028.0547
2680,14.3644,14.2248,1.8617,14.5561,625.0,28193.0,3028.0547
2681,14.6173,14.174,2.0047,15.2229,624.0,32952.0,3028.0547
2682,15.2613,14.0509,2.1413,13.7622,625.0,25477.0,3028.0547
2683,13.6126,14.1433,1.9173,14.6897,624.0,27254.0,3028.0547
2684,14.7446,14.3593,2.1038,14.588,625.0,26018.0,3028.0547
2685,14.5657,13.7575,2.0758,15.14,624.0,28100.0,3028.0547
2686,15.1439,13.3398,2.0529,14.1523,622.0,28722.0,3028.0547
2687,14.1453,14.2046,1.8696,14.3779,623.0,26462.0,3028.0547
2688,14.3709,14.236,1.9105,14.227,622.0,27168.0,3028.0547
2689,14.2479,14.0859,1.9991,13.9954,623.0,25544.0,3028.0547
2690,13.9889,13.8802,1.9962,14.9529,623.0,24548.0,3028.0547
2691,14.9381,14.2912,1.9735,14.3934,629.0,24002.0,3028.0547
2692,14.4176,14.1375,1.6036,14.8876,633.0,27674.0,3028.0547
2693,14.8531,13.917,1.8258,14.7228,627.0,25256.0,3028.0547
2694,14.6823,13.3606,1.5179,13.9026,628.0,26893.0,3028.0547
2695,13.8687,14.148,1.6091,15.179,627.0,28381.0,3028.0547
2696,15.2661,14.1126,1.8932,14.463,626.0,25638.0,3028.0547
2697,14.4656,14.1648,1.9574,14.0426,624.0,26860.0,3028.0547
2698,14.1622,14.1708,2.0041,14.9304,624.0,24924.0,3028.0547
2699,14.7982,14.4092,2.127,15.1466,622.0,25268.0,3028.0547
2700,15.1848,14.3641,2.0974,14.4631,624.0,25116.0,3028.0547
2701,14.4308,13.9226,2.0129,15.0184,625.0,23956.0,3028.0547
2702,15.1696,13.3186,2.0612,13.3678,310.0,22400.0,3028.0547
2703,13.2262,13.2434,2.1127,14.9361,298.0,21958.0,3028.0547
2704,14.9223,14.1266,1.9259,13.0264,297.0,20290.0,3028.0547
2705,13.177,13.4312,2.0877,14.1534,299.0,22528.0,3028.0547
2706,13.9789,13.1223,1.8615,13.8404,297.0,21394.0,3028.0547
2707,13.8433,12.9895,1.8161,13.9047,301.0,22134.0,3028.0547
2708,13.9306,12.5144,1.961,13.0255,302.0,21936.0,3028.0547
2709,13.0016,13.4319,1.8933,14.4396,303.0,20852.0,3028.0547
2710,14.5359,13.1962,1.8791,12.5207,299.0,21562.0,3028.0547
2711,12.4442,13.2163,1.9416,13.8231,300.0,20454.0,3028.0547
2712,13.8459,13.066,2.1991,13.839,301.0,22846.0,3048.7422
2713,13.8275,12.2481,1.8625,13.1126,300.0,28018.0,3063.4297
2714,13.1435,13.0509,1.9885,13.13,299.0,26354.0,3063.4297
2715,13.0786,13.0324,1.638,13.4279,300.0,26430.0,3063.4297
2716,13.4564,13.1455,1.77,13.9007,301.0,29256.0,3034.0547
2717,13.8829,13.2247,1.7832,14.0065,300.0,25472.0,2992.6797
2718,13.9792,13.0267,1.5886,13.5604,299.0,24814.0,2992.6797
2719,13.5773,12.4524,1.706,13.411,302.0,29800.0,2992.6797
2720,13.5197,13.3646,2.0316,14.3976,302.0,28565.0,2992.6797
2721,14.3437,13.4417,2.3306,12.7649,300.0,23197.0,2992.6797
2722,12.7116,13.4591,1.9845,14.2531,301.0,25617.0,2992.6797
2723,14.2824,13.1414,2.205,13.9821,302.0,24500.0,2992.6797
2724,13.9705,12.1943,1.9113,13.0212,305.0,34080.0,2992.6797
2725,12.9909,13.3408,1.8725,13.9666,305.0,26259.0,2992.6797
2726,14.0517,13.2803,2.0921,13.1285,300.0,24242.0,2992.6797
2727,13.0281,13.2707,1.8175,14.0738,300.0,24628.0,2992.6797
2728,14.1154,13.3334,1.8527,13.4031,300.0,23716.0,2992.6797
2729,13.4138,12.9978,1.7946,13.8266,298.0,24244.0,2992.6797
2730,13.844,12.4508,1.8359,12.9138,296.0,24182.0,2992.6797
2731,12.9509,13.5387,2.0734,15.0748,299.0,23206.0,2992.6797
2732,15.1427,13.3653,2.2033,13.0332,296.0,21802.0,2992.6797
2733,12.9299,13.3965,2.12,13.6615,296.0,20534.0,2992.6797
2734,13.6275,13.2978,2.1193,14.6605,297.0,20914.0,2992.6797
2735,14.7755,12.9114,2.0134,15.8347,296.0,19784.0,2992.6797
2736,15.7923,12.8561,2.1783,13.7865,300.0,25435.0,2992.6797
2737,13.9509,14.24,2.695,15.2641,298.0,22193.0,2992.6797
2738,15.1258,14.1639,2.9162,16.2982,298.0,19194.0,2992.6797
2739,16.3981,14.0888,2.7077,14.48,302.0,21739.0,2992.6797
2740,14.4671,14.1686,3.477,14.0035,300.0,21256.0,2992.6797
2741,13.9073,14.169,3.5204,14.5192,302.0,20646.0,2992.6797
2742,14.5569,14.1129,2.8512,13.9852,299.0,19232.0,2992.6797
2743,13.9214,12.5935,2.6145,14.22,298.0,29778.0,2992.6797
2744,14.2422,14.1933,2.4445,12.4115,301.0,26236.0,2992.6797
2745,12.4114,13.6307,3.142,14.4134,298.0,20104.0,2992.6797
2746,14.4176,14.2033,2.6282,14.5895,297.0,25870.0,2992.6797
2747,14.5837,14.1882,2.259,14.6035,296.0,24170.0,2992.6797
2748,14.5598,13.4734,2.3656,15.6967,297.0,24664.0,2992.6797
2749,15.7394,13.4848,2.3772,13.2863,297.0,22496.0,2992.6797
2750,13.3323,12.4045,2.4146,13.5817,297.0,23594.0,2992.6797
2751,13.5438,13.347,2.2347,13.851,296.0,21614.0,2992.6797
2752,13.9149,13.3773,2.3451,13.8791,297.0,21010.0,2992.6797
2753,13.9356,13.3515,2.4336,14.264,299.0,22771.0,2992.6797
2754,14.1523,13.62,3.1033,14.5663,298.0,21885.0,2992.6797
2755,14.8713,12.4079,3.3009,12.9395,304.0,25045.0,2992.6797
2756,12.6234,12.5507,2.3784,12.1942,304.0,24857.0,2992.6797
2757,12.2772,13.4366,2.7491,13.84,300.0,22446.0,2992.6797
2758,13.7706,13.4389,2.1507,14.2875,299.0,22944.0,2992.6797
2759,14.2903,13.7191,2.118,14.33,299.0,22112.0,2992.6797
2760,14.3538,13.4375,2.5205,12.9837,301.0,21864.0,2992.6797
2761,12.891,13.0241,2.0568,14.6537,296.0,20722.0,2992.6797
2762,14.6775,12.1961,2.0138,12.1215,296.0,22314.0,2992.6797
2763,12.1146,13.2923,1.9226,14.9326,297.0,22723.0,2992.6797
2764,14.9764,14.1208,2.068,13.7516,296.0,23139.0,2992.6797
2765,13.7512,13.3202,2.0311,13.4628,297.0,26670.0,2992.6797
2766,13.4008,14.0053,1.9064,14.5715,297.0,22278.0,2992.6797
2767,14.5878,13.8094,1.9922,14.6754,298.0,20272.0,2992.6797
2768,14.8007,12.1879,2.2645,12.7002,297.0,20270.0,2992.6797
2769,12.6546,14.0859,2.8822,15.9537,297.0,22852.0,2992.6797
2770,16.0487,14.1332,2.5465,15.3273,298.0,21018.0,2992.6797
2771,15.2251,14.0616,2.8121,13.0532,302.0,22126.0,2992.6797
2772,13.1627,14.4221,2.5096,14.6488,300.0,22260.0,2992.6797
2773,14.5351,14.2813,2.7201,15.7642,300.0,20428.0,2992.6797
2774,15.8021,13.9164,3.1528,13.9558,299.0,21542.0,2992.6797
2775,13.8621,12.3395,2.9345,14.244,300.0,21372.0,2992.6797
2776,14.3637,14.0299,2.4897,13.6019,300.0,21876.0,2992.6797
2777,13.5156,14.3484,2.7342,15.4656,300.0,27998.0,2992.6797
2778,15.5483,14.1792,2.5071,14.5008,298.0,26478.0,2992.6797
2779,14.5405,14.1315,3.0162,14.4143,300.0,27758.0,2992.6797
2780,14.3219,13.5509,2.4366,14.5287,299.0,27708.0,2992.6797
2781,14.5478,13.097,2.6238,13.5797,298.0,25428.0,2992.6797
2782,13.5437,12.31,2.4467,13.5908,297.0,24770.0,2992.6797
2783,13.589,13.1999,2.6058,13.529,302.0,29780.0,2992.6797
2784,13.5671,13.1994,2.3619,13.5223,303.0,28557.0,2992.6797
2785,13.5299,13.466,2.6545,13.5849,298.0,23153.0,2992.6797
2786,13.5932,13.4974,2.8243,14.1889,300.0,25585.0,2992.6797
2787,14.1723,12.9549,2.754,14.1207,301.0,24468.0,2992.6797
2788,14.09,12.5679,2.5683,12.4518,305.0,34060.0,2992.6797
2789,12.5355,13.3632,2.409,14.3405,304.0,26227.0,2992.6797
2790,14.2379,13.4342,2.4581,13.0289,304.0,24270.0,2992.6797
2791,13.1339,13.3383,2.2655,14.4038,299.0,24596.0,2992.6797
2792,14.3517,13.3602,2.4436,13.2571,300.0,23716.0,2992.6797
2793,13.2375,12.2742,2.5946,14.3758,299.0,24256.0,2992.6797
2794,14.437,13.4878,2.3465,14.1195,297.0,24194.0,2992.6797
2795,14.0925,13.6286,2.412,13.2945,297.0,23182.0,2992.6797
2796,13.3721,13.3245,2.3612,12.7883,297.0,21814.0,2992.6797
2797,12.65,13.3584,2.2763,13.8845,296.0,20534.0,2992.6797
2798,13.9784,13.003,2.4827,14.7022,297.0,20914.0,2992.6797
2799,14.608,12.5278,2.2925,12.3161,299.0,23211.0,2992.6797
2800,12.3475,13.4443,2.3032,14.3703,297.0,21912.0,2992.6797
2801,14.3504,13.5702,2.147,13.8956,298.0,22241.0,2992.6797
2802,13.8627,13.4972,2.245,13.8248,297.0,19230.0,2992.6797
2803,13.8866,13.3376,3.0361,13.3507,302.0,21643.0,2992.6797
2804,13.3339,12.7374,2.248,13.7638,301.0,21364.0,2992.6797
2805,13.8269,13.1134,2.4408,14.499,301.0,20586.0,2992.6797
2806,14.4499,13.5996,3.0105,14.4855,298.0,19908.0,2992.6797
2807,14.5117,13.5774,2.5549,12.6775,299.0,29102.0,2992.6797
2808,12.7486,13.3012,2.4756,14.0402,300.0,26272.0,2992.6797
2809,13.9508,12.8704,2.4391,14.3292,297.0,20092.0,2992.6797
2810,14.4557,12.7315,2.5194,13.3011,297.0,25870.0,2992.6797
2811,13.157,12.9732,2.2914,13.636,296.0,24170.0,2992.6797
2812,13.7485,13.6359,2.1474,14.6782,298.0,24676.0,2992.6797
2813,14.6628,13.5099,2.3938,14.0291,297.0,22496.0,2992.6797
2814,14.0097,13.416,2.7671,12.8163,297.0,23594.0,2992.6797
2815,12.7778,12.9087,2.6495,14.1397,296.0,21614.0,2992.6797
2816,14.1218,12.7938,2.4158,13.4706,296.0,20998.0,2992.6797
2817,13.4534,13.2071,2.7165,14.3169,298.0,22759.0,2992.6797
2818,14.3564,13.5073,2.3519,13.8283,298.0,21885.0,2992.6797
2819,13.8636,13.442,2.4568,13.6656,304.0,26892.0,2992.6797
2820,13.6331,13.5296,2.3803,14.1881,300.0,22962.0,2992.6797
2821,14.1791,13.0825,2.3036,14.3316,302.0,22470.0,2992.6797
2822,14.3731,12.8607,2.3449,13.1355,299.0,22944.0,2992.6797
2823,13.0661,13.0259,2.1872,13.6117,299.0,22112.0,2992.6797
2824,13.6568,13.6536,2.197,14.5409,299.0,21840.0,2992.6797
2825,14.5862,13.6153,2.4665,13.6102,298.0,21114.0,2992.6797
2826,13.5472,13.4749,2.6107,14.1375,296.0,21946.0,2992.6797
2827,14.1681,13.2357,2.6089,13.5932,296.0,22711.0,2992.6797
2828,13.5651,12.8737,2.5562,13.9575,297.0,25972.0,2992.6797
2829,13.9442,13.089,2.3009,13.95,299.0,23873.0,2992.6797
2830,13.9304,13.4364,2.1154,12.8835,296.0,22266.0,2992.6797
2831,12.926,13.0544,2.2502,14.1599,297.0,20260.0,2992.6797
2832,14.1594,13.9338,2.2729,14.0187,298.0,20282.0,2992.6797
2833,13.9806,12.9371,2.1396,13.6237,297.0,22852.0,2992.6797
2834,13.7416,12.3362,2.1439,14.1003,297.0,21006.0,2992.6797
2835,14.0464,13.4318,1.9963,14.2722,301.0,22114.0,2992.6797
2836,14.259,13.337,2.303,13.2027,300.0,22260.0,2992.6797
2837,13.1684,13.4331,2.3358,13.9867,304.0,20476.0,2992.6797
2838,14.2437,13.2199,3.0127,13.5151,299.0,21542.0,2992.6797
2839,13.3505,13.3234,2.9965,14.5934,301.0,21384.0,2992.6797
2840,14.5513,12.7285,2.0934,13.8034,299.0,22232.0,2992.6797
2841,13.7915,13.5119,2.6551,13.4514,299.0,28274.0,2992.6797
2842,13.4497,13.4155,2.4929,13.4751,298.0,27124.0,2992.6797
2843,13.4649,13.3813,2.3441,13.4152,298.0,26800.0,2992.6797
2844,13.5302,13.1061,2.5565,15.0065,301.0,27732.0,2992.6797
2845,14.9685,13.543,2.6105,13.5257,297.0,25172.0,2992.6797
2846,13.4785,13.093,2.3317,14.0894,297.0,25014.0,2992.6797
2847,14.0773,13.4172,2.1932,14.0272,302.0,29412.0,2992.6797
2848,14.1473,13.5047,2.3837,13.1991,303.0,28557.0,2992.6797
2849,13.1526,13.2197,2.4986,14.2928,299.0,23165.0,2992.6797
2850,14.2461,12.5289,2.749,13.0477,300.0,25585.0,2992.6797
2851,12.9996,13.1921,2.7057,13.2024,301.0,24468.0,2992.6797
2852,13.2168,12.7568,2.34,13.5978,306.0,34072.0,2992.6797
2853,13.6724,13.2239,2.2732,13.701,302.0,26203.0,2992.6797
2854,13.8548,13.2584,2.5451,12.5411,302.0,24246.0,2992.6797
2855,12.2921,13.109,2.2544,14.009,300.0,24608.0,2992.6797
2856,14.0627,12.598,2.2129,14.7692,299.0,23656.0,2992.6797
2857,14.7495,12.7934,2.1752,13.2535,298.0,25836.0,2992.6797
2858,13.3165,13.413,2.3438,13.3087,296.0,22638.0,2992.6797
2859,13.3888,13.1893,2.618,13.4188,297.0,23182.0,2992.6797
2860,13.2626,13.0458,2.2694,15.0815,299.0,21838.0,2992.6797
2861,15.1083,13.4252,2.3236,13.4742,296.0,20534.0,2992.6797
2862,13.4456,13.3242,2.571,13.5533,297.0,20914.0,2992.6797
2863,13.55,13.0263,2.4842,14.3266,301.0,23139.0,2992.6797
2864,14.3614,13.4568,2.376,15.5888,298.0,21972.0,2992.6797
2865,15.7485,13.6443,2.971,12.7293,298.0,22289.0,2992.6797
2866,12.5841,12.9606,2.6456,13.4747,298.0,19194.0,2992.6797
2867,13.4673,13.6095,2.6585,14.0318,302.0,21691.0,2992.6797
2868,14.0375,13.2463,2.6734,13.7616,301.0,21316.0,2992.6797
2869,13.7514,12.9851,2.56,13.6478,301.0,20634.0,2992.6797
2870,13.6461,13.5595,2.7377,14.1995,299.0,19920.0,2992.6797
2871,14.2343,13.6068,2.7794,14.1436,300.0,29114.0,2992.6797
2872,14.1517,13.027,2.8106,13.6427,302.0,26296.0,2992.6797
2873,13.6168,13.437,2.8035,13.7372,298.0,20104.0,2992.6797
2874,13.7574,13.0933,2.5157,14.3744,298.0,25834.0,2992.6797
2875,14.3352,13.0523,2.3619,13.263,296.0,24218.0,2992.6797
2876,13.2862,13.4952,2.4073,14.5048,296.0,24652.0,2992.6797
2877,14.5242,13.532,2.4736,12.9879,297.0,22448.0,2992.6797
2878,12.973,13.0326,2.9257,15.3501,297.0,23642.0,2992.6797
2879,15.6177,13.2851,2.9248,13.1832,297.0,21626.0,2992.6797
2880,12.9128,13.0723,2.5193,12.7058,299.0,21034.0,2992.6797
2881,12.7531,13.252,2.6085,14.7978,298.0,22883.0,2992.6797
2882,14.8474,13.5853,2.3596,14.061,301.0,23644.0,2992.6797
2883,13.9847,13.5263,2.3073,13.666,304.0,25045.0,2992.6797
2884,13.6357,12.8611,2.6238,13.1899,301.0,22974.0,2992.6797
2885,13.1394,13.3069,2.2905,13.917,301.0,22826.0,2992.6797
2886,14.1775,12.2914,2.5299,13.3243,299.0,22944.0,2992.6797
2887,13.0771,13.1993,2.2326,15.4183,298.0,21732.0,2992.6797
2888,15.4741,13.4129,2.3102,13.1696,299.0,21840.0,2992.6797
2889,13.191,13.5743,2.4545,13.1375,297.0,21102.0,2992.6797
2890,13.1388,13.4684,2.2156,14.1268,296.0,21946.0,2992.6797
2891,14.1075,13.4592,2.4363,13.9414,296.0,22711.0,2992.6797
2892,13.8841,12.3366,2.5771,13.5274,297.0,25972.0,2992.6797
2893,13.5509,13.4405,2.2981,13.8951,297.0,23849.0,2992.6797
2894,13.9084,13.6705,2.4484,14.1284,296.0,22266.0,2992.6797
2895,14.1791,13.4422,2.4375,12.5767,296.0,20248.0,2992.6797
2896,12.5,12.994,2.1309,15.007,296.0,20258.0,2992.6797
2897,15.104,13.2527,2.6275,15.1595,296.0,22840.0,2992.6797
2898,15.0634,12.5863,2.6483,12.2491,296.0,20994.0,2992.6797
2899,12.2555,13.5515,2.2507,15.8001,300.0,22470.0,2992.6797
2900,15.8408,13.478,2.4938,11.9594,301.0,21904.0,2992.6797
2901,12.0211,13.5491,2.5181,14.8182,300.0,20428.0,2992.6797
2902,14.7657,13.4234,2.3083,13.1251,299.0,21542.0,2992.6797
2903,13.1016,12.7621,2.1765,13.5547,301.0,21540.0,2992.6797
2904,13.6552,12.3187,2.1948,13.9658,300.0,22456.0,2992.6797
2905,13.9081,13.5631,2.4352,14.271,302.0,29244.0,2992.6797
2906,14.2296,13.1729,2.5498,11.7532,300.0,26346.0,2992.6797
2907,11.7198,13.2674,2.4219,14.4337,298.0,26300.0,2992.6797
2908,14.5064,13.0021,2.2264,13.8081,299.0,27832.0,2992.6797
2909,13.7756,12.3145,2.574,14.1807,298.0,25060.0,2992.6797
2910,14.1725,12.6522,2.0555,13.7061,299.0,25038.0,2992.6797
2911,13.6883,13.491,2.1697,14.0277,303.0,30428.0,2992.6797
2912,14.0821,13.5383,2.089,13.0461,300.0,27517.0,2992.6797
2913,13.0995,13.2363,2.3152,14.2297,298.0,23153.0,2992.6797
2914,14.1432,12.6936,2.2014,14.1223,299.0,26335.0,2992.6797
2915,14.1026,12.7629,2.649,13.6197,301.0,23706.0,2992.6797
2916,13.7282,13.1614,2.4344,13.8881,308.0,34096.0,2992.6797
2917,13.7805,13.5122,2.0894,12.9474,302.0,26203.0,2992.6797
2918,12.9789,13.6872,2.1248,14.2351,301.0,24234.0,2992.6797
2919,14.2352,13.2903,2.1934,13.633,299.0,24596.0,2992.6797
2920,13.7194,12.8995,2.1525,14.264,300.0,25212.0,2992.6797
2921,14.1416,12.4996,2.0707,13.2384,299.0,24304.0,2992.6797
2922,13.262,12.9258,2.1035,13.7162,297.0,22650.0,2992.6797
2923,13.7638,13.2385,2.4105,13.0785,296.0,23170.0,2992.6797
2924,13.0809,13.1111,2.6267,12.8197,298.0,21826.0,2992.6797
2925,12.7647,13.1973,2.1898,14.4922,297.0,20546.0,2992.6797
2926,14.4918,12.4499,2.1269,13.0538,296.0,22398.0,2992.6797
2927,13.1049,12.8945,2.1251,14.1021,299.0,21571.0,2992.6797
2928,14.0442,12.966,2.2794,12.9672,299.0,22032.0,2992.6797
2929,13.0172,13.1287,2.34,14.0819,299.0,22253.0,2992.6797
2930,14.1043,12.9845,2.6472,14.5334,296.0,19218.0,2992.6797
2931,14.487,12.6991,2.2015,11.6929,302.0,21643.0,2992.6797
2932,11.738,12.2075,2.2906,14.0713,300.0,21304.0,2992.6797
2933,14.0627,13.7331,2.4775,13.5645,300.0,21310.0,2992.6797
2934,13.5279,13.2849,2.2293,13.7532,298.0,19268.0,2992.6797
2935,13.7621,13.4833,2.3747,13.3134,299.0,29102.0,2992.6797
2936,13.292,13.4029,2.0383,13.7681,300.0,26224.0,2992.6797
2937,13.7667,12.2434,1.9903,13.8932,296.0,20080.0,2992.6797
2938,13.8733,13.0869,1.8855,13.7542,298.0,25882.0,2992.6797
2939,13.8275,13.4558,1.9594,13.3547,298.0,24242.0,2992.6797
2940,13.3288,13.3863,2.1078,13.6754,296.0,24604.0,2992.6797
2941,13.6012,13.4737,2.1129,14.2596,296.0,22484.0,2992.6797
2942,14.3031,12.714,1.9564,14.7932,296.0,23630.0,2992.6797
2943,14.7852,12.4441,2.3252,13.7696,298.0,21638.0,2992.6797
2944,13.7821,13.0546,2.2202,13.413,298.0,21146.0,2992.6797
2945,13.4319,13.4977,2.5083,14.5491,299.0,22771.0,2992.6797
2946,14.6278,13.3957,2.6578,13.0479,301.0,23644.0,2992.6797
2947,12.9902,12.5811,3.0613,12.8005,304.0,25413.0,2992.6797
2948,12.8772,12.7324,2.3613,15.8004,301.0,23098.0,2992.6797
2949,15.7328,13.091,2.216,12.8629,303.0,22822.0,2992.6797
2950,12.8674,13.6404,2.1243,13.485,298.0,22468.0,2992.6797
2951,13.4758,13.4342,2.2379,13.6497,299.0,21744.0,2992.6797
2952,13.7403,12.9518,2.3553,13.4267,299.0,21840.0,2992.6797
2953,13.3167,13.0824,2.2842,14.37,299.0,21126.0,2992.6797
2954,14.3429,12.9235,2.1224,15.2906,297.0,21958.0,2992.6797
2955,15.3087,12.873,2.4594,11.5568,296.0,22711.0,2992.6797
2956,11.5811,13.2482,2.1177,13.5624,296.0,25960.0,2992.6797
2957,13.632,13.4424,2.6175,14.2625,297.0,23849.0,2992.6797
2958,14.183,13.5997,2.3233,14.6161,296.0,22266.0,2992.6797
2959,14.6615,13.2127,2.994,14.1925,296.0,20248.0,2992.6797
2960,14.2041,13.4086,2.3809,14.5856,296.0,20258.0,2992.6797
2961,14.6013,13.0067,2.3012,13.5077,299.0,22876.0,2992.6797
2962,13.5092,13.4017,2.5026,15.0582,297.0,21006.0,2992.6797
2963,15.3855,13.5698,3.4051,14.0914,302.0,22862.0,2992.6797
2964,13.8178,13.6286,3.7615,14.2032,300.0,21524.0,2992.6797
2965,14.1558,12.8329,3.0517,13.6687,302.0,20452.0,2992.6797
2966,13.7962,13.0936,2.8241,13.5969,300.0,22648.0,2992.6797
2967,13.4666,13.5746,2.9139,14.1135,302.0,20826.0,2992.6797
2968,14.1165,13.5036,2.5089,14.9333,300.0,23758.0,2992.6797
2969,14.9546,13.5644,2.7588,14.1514,298.0,28026.0,2992.6797
2970,14.1362,13.4474,2.7615,13.695,298.0,26348.0,2992.6797
2971,13.6341,12.7839,3.1696,12.6292,298.0,25898.0,2992.6797
2972,12.6342,13.0713,2.7917,13.8619,299.0,27708.0,2992.6797
2973,13.8439,13.7315,2.6104,16.3312,298.0,25060.0,2992.6797
2974,16.3405,13.5113,2.5932,12.2478,297.0,25014.0,2992.6797
2975,12.3396,13.5522,2.6561,11.8081,303.0,30428.0,2992.6797
2976,11.8643,13.5711,2.9302,14.9638,303.0,27553.0,2992.6797
2977,14.8273,12.7734,2.9496,13.4538,298.0,23915.0,2992.6797
2978,13.4615,13.0662,2.5341,15.4753,302.0,25609.0,2992.6797
2979,15.5045,13.7326,2.7513,14.1015,302.0,23718.0,2992.6797
2980,14.1016,13.5769,2.6548,14.0221,305.0,34060.0,2992.6797
2981,13.9858,13.9454,2.8773,13.6274,303.0,26215.0,2992.6797
2982,13.6772,13.7733,2.6713,13.6534,301.0,24234.0,2992.6797
2983,13.6852,13.1231,3.4779,15.9841,301.0,24620.0,2992.6797
2984,15.9941,13.2488,2.703,14.0198,300.0,25212.0,2992.6797
2985,13.972,12.9408,4.1758,13.7901,299.0,24304.0,2992.6797
2986,13.7967,13.5179,3.6785,13.0284,300.0,22686.0,2992.6797
2987,13.0362,13.7734,2.746,13.0741,296.0,23170.0,2992.6797
2988,13.123,13.5024,2.8165,14.522,296.0,21802.0,2992.6797
2989,14.5375,13.064,3.2487,13.2557,297.0,22042.0,2992.6797
2990,13.1991,12.785,3.0544,14.3575,297.0,20914.0,2992.6797
2991,14.6616,13.609,2.915,12.6044,298.0,21559.0,2992.6797
2992,12.2812,13.3108,2.4365,14.865,298.0,21972.0,2992.6797
2993,14.9387,13.5719,2.6657,12.3502,299.0,22253.0,2992.6797
2994,12.2418,13.4984,2.3387,14.3943,297.0,19230.0,2992.6797
2995,14.4133,12.9399,2.7562,14.255,304.0,21619.0,2992.6797
2996,14.2471,12.5573,2.477,13.5433,300.0,21352.0,2992.6797
2997,13.5569,12.566,2.5337,12.6572,301.0,21370.0,2992.6797
2998,12.6764,13.0008,2.3903,13.3834,301.0,19304.0,2992.6797
2999,13.4431,13.2106,2.4207,13.1085,299.0,29102.0,2992.6797
3000,13.0112,13.0978,2.4156,14.3166,301.0,26188.0,2992.6797
3001,14.3511,12.6681,2.2345,14.2614,297.0,20140.0,2992.6797
3002,14.3075,12.5166,2.4953,12.7022,298.0,25882.0,2992.6797
3003,12.6956,13.2994,2.692,15.1671,296.0,24218.0,2992.6797
3004,15.2779,13.4511,2.6471,13.3259,297.0,24568.0,2992.6797
3005,13.2067,13.4823,2.8721,13.4426,297.0,22544.0,2992.6797
3006,13.4699,13.4159,2.3529,13.2897,299.0,23666.0,2992.6797
3007,13.2011,12.698,2.4589,13.7143,298.0,21762.0,2992.6797
3008,13.7212,13.0141,2.2623,12.932,298.0,21022.0,2992.6797
3009,13.0883,13.5448,2.6225,14.5576,298.0,22759.0,2992.6797
3010,14.4315,13.4046,2.7661,13.4082,300.0,23632.0,2992.6797
3011,13.9432,13.5237,2.7451,13.7308,304.0,25413.0,2992.6797
3012,13.1817,13.4744,2.5159,14.0136,301.0,23466.0,2992.6797
3013,13.969,12.2908,2.1655,13.5988,300.0,22418.0,2992.6797
3014,13.8079,13.0765,2.3186,13.6452,300.0,22860.0,2992.6797
3015,13.4774,13.4565,2.233,14.5996,299.0,21376.0,2992.6797
3016,14.6227,13.1318,2.2155,12.673,298.0,21828.0,2992.6797
3017,12.6623,13.3888,2.2328,14.3004,297.0,21102.0,2992.6797
3018,14.3256,12.9516,2.2204,13.3411,297.0,21958.0,2992.6797
3019,13.3077,12.2692,2.3094,13.4971,299.0,22747.0,2992.6797
3020,13.4675,13.3337,2.0322,14.0472,297.0,25972.0,2992.6797
3021,14.0571,13.4775,2.2557,13.5518,296.0,23837.0,2992.6797
3022,13.6387,13.5336,2.247,13.6528,297.0,22428.0,2992.6797
3023,13.5557,13.0193,2.1885,14.0656,298.0,20122.0,2992.6797
3024,14.1603,12.7159,2.1288,14.0829,296.0,20258.0,2992.6797
3025,13.996,12.9817,2.0485,14.1981,297.0,22852.0,2992.6797
3026,14.245,13.201,2.2178,13.6612,298.0,21018.0,2992.6797
3027,13.631,13.526,2.2714,13.8259,301.0,22850.0,2992.6797
3028,13.8275,13.4007,2.1551,13.5713,302.0,21548.0,2992.6797
3029,13.6025,13.1251,2.2292,14.1614,301.0,20974.0,2992.6797
3030,14.1473,13.1737,2.0719,13.6113,300.0,22114.0,2992.6797
3031,13.5949,12.7795,2.11,13.8501,299.0,22460.0,2992.6797
3032,13.8061,13.4932,1.9332,13.7292,298.0,22720.0,2992.6797
3033,13.7932,13.4757,2.1369,13.356,299.0,27908.0,2992.6797
3034,13.3656,13.4999,2.2782,14.1238,297.0,25810.0,2992.6797
3035,14.1106,13.4549,2.1471,13.8416,297.0,26412.0,2992.6797
3036,13.8257,12.7692,2.2006,13.8878,299.0,27182.0,2992.6797
3037,13.929,12.9068,2.1002,14.1349,297.0,25048.0,2992.6797
3038,14.1318,13.4449,2.0454,12.8187,298.0,25026.0,2992.6797
3039,12.8215,13.6602,2.1482,13.6398,302.0,30416.0,2992.6797
3040,13.6058,13.3878,2.0644,14.0949,302.0,27541.0,2992.6797
3041,14.1168,12.9053,2.0405,13.6933,300.0,23939.0,2992.6797
3042,13.6594,12.7142,1.8403,13.7319,300.0,25585.0,2992.6797
3043,13.7223,12.9763,1.7775,13.5843,303.0,23730.0,2992.6797
3044,13.5985,13.482,1.7952,14.3123,304.0,34810.0,2992.6797
3045,14.3465,13.4777,2.0826,13.1564,303.0,25661.0,2992.6797
3046,13.0716,12.9536,2.0337,14.1494,300.0,24014.0,2992.6797
3047,14.1573,13.4437,1.9568,13.8173,300.0,24608.0,2992.6797
3048,13.8514,12.661,1.869,14.517,300.0,25212.0,2992.6797
3049,14.5728,13.0325,1.9769,14.3056,299.0,24768.0,2992.6797
3050,14.361,13.3958,2.0308,12.8218,297.0,22186.0,2992.6797
3051,12.7909,13.4468,2.4416,12.7292,297.0,23134.0,2992.6797
3052,12.6614,13.2303,2.6705,14.1678,296.0,21802.0,2992.6797
3053,14.1436,12.7339,2.1038,13.6655,297.0,22090.0,2992.6797
3054,13.7347,13.1928,1.8622,13.6965,297.0,20866.0,2992.6797
3055,13.6173,13.4448,1.7669,14.2735,298.0,22433.0,2992.6797
3056,14.2746,13.4283,2.1233,12.9737,298.0,22993.0,2992.6797
3057,12.999,13.3543,1.902,13.8269,298.0,20298.0,2992.6797
3058,13.8138,13.364,1.9667,14.2636,297.0,19278.0,2992.6797
3059,14.2716,12.7243,1.854,13.5042,303.0,23151.0,2992.6797
3060,13.4953,12.664,1.4292,13.824,302.0,19832.0,2992.6797
3061,13.8155,13.4934,1.5031,13.1648,300.0,21358.0,2992.6797
3062,13.406,13.4472,2.1324,13.8932,300.0,19292.0,2992.6797
3063,13.6934,13.2684,2.194,13.8658,298.0,30764.0,2992.6797
3064,13.8359,13.4065,1.9912,14.1681,300.0,24502.0,2992.6797
3065,14.1697,12.3333,1.9631,13.1759,297.0,20188.0,2992.6797
3066,13.1892,13.2547,1.9593,13.9727,297.0,25870.0,2992.6797
3067,13.9892,13.3874,1.9749,13.5419,297.0,24182.0,2992.6797
3068,13.5995,13.1541,2.0369,13.8333,297.0,26868.0,2992.6797
3069,13.7598,13.211,2.1031,13.4467,297.0,20292.0,2992.6797
3070,13.4299,12.5417,2.0807,13.2265,296.0,23754.0,2992.6797
3071,13.2243,12.4982,1.9233,13.878,298.0,21638.0,2992.6797
3072,13.9492,13.1449,1.8683,13.3256,297.0,21010.0,2992.6797
3073,13.2976,13.1356,2.29,13.1774,300.0,22783.0,2992.6797
3074,13.2026,13.1078,1.9105,13.7283,302.0,23656.0,2992.6797
3075,13.7017,12.5996,2.0797,13.7291,303.0,25769.0,2992.6797
3076,13.7751,12.2291,1.931,13.6105,300.0,23210.0,2992.6797
3077,13.565,13.4314,2.1005,13.2376,300.0,22294.0,2992.6797
3078,13.3416,13.4043,2.1676,15.1359,299.0,22848.0,2992.6797
3079,15.1343,13.4645,2.3606,12.9661,298.0,21364.0,2992.6797
3080,12.8513,12.9092,2.4113,13.7049,299.0,21840.0,2992.6797
3081,13.7322,13.0545,2.2906,14.2693,296.0,21090.0,2992.6797
3082,14.2744,13.0199,2.2406,12.701,298.0,21970.0,2992.6797
3083,12.6581,13.4551,2.1099,14.0379,296.0,22711.0,2992.6797
3084,14.1751,13.4966,2.2426,14.3761,296.0,25960.0,2992.6797
3085,14.2415,13.1859,2.2194,13.0374,297.0,23999.0,2992.6797
3086,13.0297,12.9309,2.619,13.8177,296.0,22266.0,2992.6797
3087,13.8206,12.279,1.9706,13.3591,296.0,20098.0,2992.6797
3088,13.4397,13.3495,2.3016,13.3317,298.0,20282.0,2992.6797
3089,13.3074,13.1921,2.006,13.6632,297.0,22852.0,2992.6797
3090,13.6686,13.4105,2.0982,13.8659,296.0,20994.0,2992.6797
3091,13.864,13.1005,1.9435,13.6326,301.0,23218.0,2992.6797
3092,13.6323,12.6704,1.9147,14.0666,300.0,21156.0,2992.6797
3093,14.0338,12.9212,1.8531,13.4683,302.0,20986.0,2992.6797
3094,13.5541,13.391,1.8881,14.3824,300.0,23416.0,2992.6797
3095,14.3037,13.5087,2.136,12.8942,300.0,21326.0,2992.6797
3096,12.8378,13.3634,1.8329,14.1639,298.0,23090.0,2992.6797
3097,14.1451,13.3835,1.573,13.8665,298.0,27738.0,2992.6797
3098,13.9499,12.1682,1.2838,13.7155,300.0,27218.0,2992.6797
3099,13.6819,13.396,1.6267,13.7097,296.0,24816.0,2992.6797
3100,13.7466,13.3625,1.9125,13.3186,300.0,28042.0,2992.6797
3101,13.307,13.3795,2.0941,14.013,297.0,24044.0,2992.6797
3102,13.9574,13.3551,2.0342,13.8656,298.0,25026.0,2992.6797
3103,13.9604,12.7362,2.0208,13.6509,303.0,30428.0,2992.6797
3104,13.6107,12.9871,2.0601,13.8332,301.0,27993.0,2992.6797
3105,13.8789,13.0672,2.2691,14.0705,299.0,23463.0,2992.6797
3106,14.0603,13.4842,2.2779,13.5971,300.0,25585.0,2992.6797
3107,13.6322,13.3887,2.3952,14.0807,205.0,20360.0,2992.6797
3108,14.0561,12.9454,2.4889,13.8448,206.0,22660.0,2992.6797
3109,13.8389,13.5933,2.3455,13.6525,205.0,17193.0,2992.6797
3110,13.5583,12.8717,1.8248,13.1919,203.0,16230.0,2992.6797
3111,13.2687,13.1645,2.0648,13.7886,202.0,15836.0,2992.6797
3112,13.824,13.0696,2.3734,13.1432,202.0,15958.0,2992.6797
3113,13.0982,13.0095,2.0111,13.2079,201.0,18338.0,2992.6797
3114,13.2271,12.5478,1.8817,12.9855,199.0,11498.0,2992.6797
3115,13.0297,12.3315,1.936,13.3484,199.0,15338.0,2992.6797
3116,13.2818,13.2547,1.9486,13.5216,199.0,12286.0,2992.6797
3117,13.5402,12.9845,2.0691,13.1313,200.0,13358.0,2992.6797
3118,13.0992,12.5567,1.8042,13.6768,201.0,13349.0,2992.6797
3119,13.692,12.9734,2.0407,12.8079,201.0,13057.0,2992.6797
3120,12.8318,12.1823,1.938,13.0419,200.0,11990.0,2992.6797
3121,13.024,13.0471,1.879,13.124,199.0,11066.0,2992.6797
3122,13.1275,13.0986,2.0304,13.8561,201.0,13151.0,2992.6797
3123,13.8272,13.0018,1.9253,13.5782,203.0,12344.0,2992.6797
3124,13.6282,12.4269,1.7551,13.7985,203.0,10686.0,2992.6797
3125,13.7568,12.2723,1.7659,12.4309,203.0,20892.0,2992.6797
3126,12.4106,12.9876,1.7186,13.1744,202.0,15973.0,2992.6797
3127,13.3079,13.0397,2.0814,13.2807,204.0,13861.0,2992.6797
3128,13.1823,12.5708,1.9302,13.6555,202.0,17576.0,2992.6797
3129,13.6656,12.242,1.8873,12.9518,199.0,13670.0,2992.6797
3130,12.9385,12.497,1.785,13.4289,199.0,20860.0,2992.6797
3131,13.5017,12.9333,1.9935,13.3214,199.0,11984.0,2992.6797
3132,13.3048,12.9136,1.8993,12.6252,199.0,13254.0,2992.6797
3133,12.5802,12.9352,1.8381,13.828,199.0,15618.0,2992.6797
3134,13.8256,12.2955,1.8733,12.8706,199.0,12750.0,2992.6797
3135,12.8905,12.5919,1.864,13.5274,203.0,15918.0,2992.6797
3136,13.5561,12.9734,2.0989,13.1843,204.0,16500.0,2992.6797
3137,13.185,12.916,2.3362,13.2171,199.0,16618.0,2992.6797
3138,13.1766,12.6221,1.9624,14.0353,199.0,14438.0,2992.6797
3139,14.0692,12.7552,2.1009,14.1175,203.0,13118.0,2992.6797
3140,14.0808,12.694,2.0464,13.0486,204.0,14602.0,2992.6797
3141,13.071,13.0949,2.0842,12.9977,204.0,13130.0,2992.6797
3142,13.006,12.9503,2.0573,14.1083,203.0,12772.0,2992.6797
3143,14.0361,12.4659,2.1094,11.9368,201.0,13700.0,2992.6797
3144,12.0028,12.2868,2.2811,13.4648,201.0,14465.0,2992.6797
3145,13.5124,13.1706,1.9872,14.3619,199.0,17712.0,2992.6797
3146,14.3524,12.8214,2.1386,14.5382,199.0,15739.0,2992.6797
3147,14.6086,13.4823,2.4284,10.9434,199.0,14018.0,2992.6797
3148,10.8109,12.6406,1.8479,13.6063,199.0,11850.0,2992.6797
3149,13.7481,12.1806,2.1559,12.6307,199.0,12010.0,2992.6797
3150,12.5221,12.4086,2.0544,12.9975,199.0,14592.0,2992.6797
3151,12.9949,12.4463,1.9097,13.5305,199.0,13482.0,2992.6797
3152,13.582,13.06,2.077,13.1167,200.0,14598.0,2992.6797
3153,13.0568,12.5338,2.0983,13.6469,199.0,13070.0,2992.6797
3154,13.6115,12.2033,1.9199,13.3421,201.0,14596.0,2992.6797
3155,13.4345,13.0004,2.1058,12.7663,203.0,13792.0,2992.6797
3156,12.7578,13.0669,2.0494,13.0813,203.0,14678.0,2992.6797
3157,13.0354,13.1921,2.2892,13.9863,205.0,17980.0,2992.6797
3158,13.9977,12.662,2.0812,13.7799,204.0,20702.0,2992.6797
3159,13.8862,12.2661,2.0298,13.3075,201.0,15708.0,2992.6797
3160,13.1872,13.311,1.9008,13.3103,203.0,18482.0,2992.6797
3161,13.3361,13.01,2.0064,12.8975,200.0,17484.0,2992.6797
3162,12.8732,13.0193,1.9483,13.5049,199.0,14596.0,2992.6797
3163,13.5548,12.9691,1.8995,13.467,206.0,23114.0,2992.6797
3164,13.379,11.8181,1.8151,12.3134,202.0,18253.0,2992.6797
3165,12.34,12.978,1.8024,13.5087,202.0,15679.0,2992.6797
3166,13.5178,12.9511,1.7144,13.0539,203.0,20971.0,2992.6797
3167,13.0108,13.0686,2.0166,13.6729,200.0,11804.0,2992.6797
3168,13.7387,12.9474,1.9602,15.2385,200.0,13272.0,2992.6797
3169,15.277,11.943,2.177,12.775,203.0,20728.0,2992.6797
3170,12.7268,12.6433,1.892,12.0589,201.0,19100.0,2992.6797
3171,12.1364,13.4299,2.1713,12.9504,206.0,17669.0,2992.6797
3172,12.8313,13.1574,1.8741,15.0386,204.0,16136.0,2992.6797
3173,15.1459,13.1019,2.3136,13.9548,204.0,15960.0,2992.6797
3174,14.0179,11.8734,2.7464,12.1242,202.0,17096.0,2992.6797
3175,12.0171,13.1295,2.2599,15.4065,203.0,16652.0,2992.6797
3176,15.4352,13.2236,2.5284,13.8328,202.0,11928.0,2992.6797
3177,13.8347,13.0129,2.5154,13.2878,199.0,15614.0,2992.6797
3178,13.3441,12.8104,2.8902,11.371,200.0,12250.0,2992.6797
3179,11.3679,12.1604,2.7019,13.1797,202.0,14527.0,2992.6797
3180,13.1266,13.0482,2.3401,13.7033,202.0,13251.0,2992.6797
3181,13.7148,13.015,2.5345,14.2804,199.0,11286.0,2992.6797
3182,14.2739,13.0431,3.0192,12.4246,199.0,11806.0,2992.6797
3183,12.41,12.782,2.4738,14.5812,201.0,12745.0,2992.6797
3184,14.584,12.138,2.4574,11.7899,199.0,12016.0,2992.6797
3185,11.7491,13.3884,2.0773,16.3826,199.0,11604.0,2992.6797
3186,16.4945,13.1721,2.7021,15.231,199.0,15417.0,2992.6797
3187,15.3682,12.9501,3.4458,13.6546,203.0,19314.0,2992.6797
3188,13.7918,13.1802,3.1164,12.0603,205.0,15181.0,2992.6797
3189,11.7568,13.2839,2.9478,11.3114,203.0,15782.0,2992.6797
3190,11.226,12.1848,2.2323,12.4671,202.0,15572.0,2992.6797
3191,12.4886,12.948,2.0791,13.8079,201.0,16320.0,2992.6797
3192,13.8404,13.1409,2.2052,13.0232,202.0,16308.0,2992.6797
3193,12.9958,13.301,2.1252,13.7996,199.0,12520.0,2992.6797
3194,13.804,12.7456,2.1736,13.1205,199.0,13502.0,2992.6797
3195,13.0847,12.1014,1.9306,12.7501,199.0,14882.0,2992.6797
3196,12.8412,13.121,2.024,13.5523,202.0,15215.0,2992.6797
3197,13.5321,13.0452,2.2105,13.0511,204.0,16500.0,2992.6797
3198,13.0342,12.9427,1.9564,13.5401,201.0,15233.0,2992.6797
3199,13.6051,12.6684,2.4113,13.6528,200.0,16750.0,2992.6797
3200,13.5847,11.8015,1.9529,13.2167,200.0,13714.0,2992.6797
3201,13.1873,13.0232,1.9504,13.4741,199.0,13850.0,2992.6797
3202,13.5087,12.9676,2.1929,12.4233,199.0,13114.0,2992.6797
3203,12.3942,12.8926,2.1678,14.3275,204.0,13130.0,2992.6797
3204,14.3346,11.8723,1.9354,12.7287,204.0,12394.0,2992.6797
3205,12.7376,12.6043,1.9499,12.4056,204.0,16535.0,2992.6797
3206,12.3932,12.9223,2.0677,13.5691,201.0,14893.0,2992.6797
3207,13.5986,12.9217,2.2972,13.2218,201.0,17804.0,2992.6797
3208,13.1781,12.9707,1.8972,13.6568,201.0,12402.0,2992.6797
3209,13.6691,11.7656,1.8969,12.08,199.0,14226.0,2992.6797
3210,12.1,12.9167,1.9425,14.0425,199.0,11642.0,2992.6797
3211,14.0804,13.1996,2.0464,13.0022,199.0,13114.0,2992.6797
3212,12.9732,12.956,2.1067,13.5908,199.0,14592.0,2992.6797
3213,13.5582,13.0143,2.1592,12.905,200.0,13494.0,2992.6797
3214,12.914,12.0588,1.9747,13.2638,199.0,14016.0,2992.6797
3215,13.2217,12.8281,1.6141,13.4026,201.0,14956.0,2992.6797
3216,13.443,12.8175,1.7816,12.6224,199.0,13218.0,2992.6797
3217,12.6193,12.7581,1.8368,13.4248,199.0,14508.0,2992.6797
3218,13.4504,12.5338,1.9199,12.9187,200.0,16388.0,2992.6797
3219,12.909,11.7676,1.8199,13.1426,205.0,19658.0,2992.6797
3220,13.1486,12.631,1.8128,11.9019,205.0,17490.0,2992.6797
3221,11.9248,12.8537,1.9146,13.7524,206.0,17490.0,2992.6797
3222,13.7105,12.7911,1.941,13.3368,202.0,17902.0,2992.6797
3223,13.3566,11.8168,1.7239,13.7463,201.0,15360.0,2992.6797
3224,13.7974,12.6531,2.0945,12.7737,204.0,17778.0,2992.6797
3225,12.7652,12.7072,1.965,12.5708,206.0,24615.0,2992.6797
3226,12.6001,12.8446,2.0045,13.1141,199.0,13498.0,2992.6797
3227,13.1429,12.838,2.0634,13.3734,203.0,22197.0,2992.6797
3228,13.2488,11.7886,1.7586,13.7001,202.0,13675.0,2992.6797
3229,13.7239,12.9264,1.9705,12.571,200.0,13122.0,2992.6797
3230,12.5832,12.8607,1.9768,12.746,200.0,15348.0,2992.6797
3231,12.7028,12.926,1.7657,13.2124,203.0,20520.0,2992.6797
3232,13.2357,11.8107,1.794,13.9665,200.0,16216.0,2992.6797
3233,13.9826,11.7642,1.8923,13.3342,202.0,20489.0,2992.6797
3234,13.359,13.055,1.9774,13.1713,200.0,13346.0,2992.6797
3235,13.2338,13.0456,2.1559,12.7555,204.0,17098.0,2992.6797
3236,12.6604,12.8591,1.8669,13.277,204.0,15362.0,2992.6797
3237,13.279,12.4041,1.8628,13.4457,205.0,17214.0,2992.6797
3238,13.4208,12.6215,1.95,12.7202,202.0,12156.0,2992.6797
3239,12.7928,13.0177,1.8663,13.6661,202.0,15532.0,2992.6797
3240,13.7406,13.1583,2.1785,14.5562,201.0,11538.0,2992.6797
3241,14.4597,13.1146,2.5283,13.2014,203.0,16324.0,2992.6797
3242,13.215,12.7495,2.8101,13.5467,201.0,11118.0,2992.6797
3243,13.5836,12.2633,2.1483,12.7979,200.0,11404.0,2992.6797
3244,12.7788,12.9971,2.025,12.9278,202.0,13545.0,2992.6797
3245,12.959,12.9204,2.44,13.2088,199.0,11562.0,2992.6797
3246,13.1194,13.3547,2.101,14.2195,199.0,11280.0,2992.6797
3247,14.2989,12.9161,2.0752,13.0906,199.0,16195.0,2992.6797
3248,12.9915,11.8288,1.7682,13.2832,200.0,14043.0,2992.6797
3249,13.3145,12.9798,1.7915,13.5338,201.0,18360.0,2992.6797
3250,13.6005,12.906,1.9096,13.297,199.0,17658.0,2992.6797
3251,13.2164,13.0909,2.0493,13.5807,203.0,13070.0,2992.6797
3252,13.6064,12.6251,2.1784,12.5381,204.0,17272.0,2992.6797
3253,12.5174,12.1867,1.8332,13.7699,203.0,13032.0,2992.6797
3254,13.814,13.089,1.9494,12.7735,202.0,16844.0,2992.6797
3255,12.7637,13.1975,2.1147,13.1155,201.0,13234.0,2992.6797
3256,13.0506,13.1844,1.8426,13.9697,201.0,13388.0,2992.6797
3257,14.0129,12.6637,1.7824,13.5872,199.0,14380.0,2992.6797
3258,13.5953,12.1241,1.8763,13.398,203.0,16908.0,2992.6797
3259,13.4156,13.0088,2.0443,13.5622,202.0,15613.0,2992.6797
3260,13.5863,12.9777,2.3041,13.5093,201.0,16089.0,2992.6797
3261,13.5993,13.4214,2.5225,13.3353,199.0,15730.0,2992.6797
3262,13.2572,12.8112,2.4388,12.7213,200.0,13250.0,2992.6797
3263,12.6537,12.1474,1.6462,12.5758,199.0,14218.0,2992.6797
3264,12.6408,12.9147,1.7792,13.9226,199.0,12746.0,2992.6797
3265,13.8777,12.9592,1.9077,12.849,199.0,12378.0,2992.6797
3266,12.8078,12.9691,1.7957,13.7669,199.0,15199.0,2992.6797
3267,13.749,11.8797,1.6141,13.4406,203.0,13702.0,2992.6797
3268,13.4638,12.0434,1.6522,12.2162,203.0,14895.0,2992.6797
3269,12.1872,12.9942,1.7073,13.6015,204.0,18576.0,2992.6797
3270,13.747,13.1562,2.2128,13.2224,201.0,13258.0,2992.6797
3271,13.1519,12.963,1.8457,13.6751,201.0,12614.0,2992.6797
3272,13.6469,12.6814,1.8247,13.8664,201.0,12380.0,2992.6797
3273,13.8496,12.1398,1.779,12.11,200.0,13284.0,2992.6797
3274,12.0837,13.0186,1.7279,13.4762,199.0,14434.0,2992.6797
3275,13.5702,12.9751,2.0389,13.4165,200.0,13660.0,2992.6797
3276,13.3947,12.9908,1.9672,13.4976,201.0,15534.0,2992.6797
3277,13.4876,11.9304,2.0483,13.0775,199.0,13594.0,2992.6797
3278,13.0948,12.1345,1.8702,12.9076,199.0,13922.0,2992.6797
3279,12.8966,12.9627,1.8691,13.381,200.0,15854.0,2992.6797
3280,13.4042,13.0187,2.0776,13.2223,200.0,18802.0,2992.6797
3281,13.2302,12.8718,1.9616,14.0349,201.0,18016.0,2992.6797
3282,14.0259,11.8152,1.8788,12.616,201.0,17298.0,2992.6797
3283,12.6732,12.9985,1.8782,13.6048,204.0,17398.0,2992.6797
3284,13.493,12.9622,1.8602,12.457,203.0,14966.0,2992.6797
3285,12.4923,13.0973,1.9519,13.762,204.0,17054.0,2992.6797
3286,13.8355,12.8948,2.1307,13.1831,204.0,19208.0,2992.6797
3287,13.1381,11.7943,1.7325,12.476,207.0,21269.0,2992.6797
3288,12.4551,12.9537,1.6959,13.8842,202.0,17610.0,2992.6797
3289,13.9304,12.8463,1.8567,12.7543,202.0,17773.0,2992.6797
3290,12.6939,12.8878,1.9096,13.8115,202.0,13525.0,2992.6797
3291,13.8652,13.115,1.9418,13.2922,201.0,16828.0,2992.6797
3292,13.2599,11.7588,2.172,12.9658,200.0,14990.0,2992.6797
3293,12.997,12.891,1.8406,13.9567,203.0,20520.0,2992.6797
3294,13.9421,12.6896,1.8291,11.8081,200.0,16168.0,2992.6797
3295,11.7421,13.1434,1.7061,14.0711,201.0,17691.0,2992.6797
3296,14.1366,12.355,1.7672,12.942,199.0,14520.0,2992.6797
3297,12.9488,12.1186,2.0218,12.7644,200.0,15310.0,2992.6797
3298,12.7684,12.7395,1.9953,12.4022,200.0,15454.0,2992.6797
3299,12.3586,12.879,2.0274,13.8214,205.0,17810.0,2992.6797
3300,13.8681,12.6876,2.1421,13.0495,204.0,12206.0,2992.6797
3301,13.0196,11.9493,1.7973,13.2251,203.0,14820.0,2992.6797
3302,13.3179,13.0797,1.8172,13.2939,203.0,14039.0,2992.6797
3303,13.2248,13.0469,1.7823,13.4797,203.0,13441.0,2992.6797
3304,13.4639,13.0087,1.9302,13.5122,202.0,11214.0,2992.6797
3305,13.4879,13.0162,1.9919,13.3709,201.0,13071.0,2992.6797
3306,13.3827,11.838,1.8161,12.7404,199.0,12350.0,2992.6797
3307,12.7443,12.1856,2.2075,14.1252,199.0,11290.0,2992.6797
3308,14.194,13.3547,2.1409,12.6138,200.0,15515.0,2992.6797
3309,12.5847,13.026,2.063,13.5569,199.0,14761.0,2992.6797
3310,13.5092,13.0748,1.8538,13.6131,201.0,14755.0,2992.6797
3311,13.6763,11.9068,1.9257,13.9565,199.0,17365.0,2992.6797
3312,13.945,13.0727,1.9721,12.5183,199.0,15156.0,2992.6797
3313,12.4818,12.9627,2.0057,13.6038,199.0,17556.0,2992.6797
3314,13.6786,12.8353,2.1935,13.1457,200.0,12778.0,2992.6797
3315,13.0921,13.1088,1.8448,13.4505,203.0,13568.0,2992.6797
3316,13.4314,11.8741,1.8571,13.1313,204.0,17558.0,2992.6797
3317,13.1507,12.1476,1.7707,13.1131,204.0,13132.0,2992.6797
3318,13.1298,13.17,1.8496,13.0043,201.0,15138.0,2992.6797
3319,12.9708,13.0299,1.9125,13.6848,201.0,12498.0,2992.6797
3320,13.6487,12.8898,2.0629,13.2692,205.0,17236.0,2992.6797
3321,13.2389,11.8446,1.6365,13.4282,201.0,16581.0,2992.6797
3322,13.4882,12.9338,1.8125,13.5847,202.0,15093.0,2992.6797
3323,13.5846,12.9443,1.8719,12.1739,199.0,15634.0,2992.6797
3324,12.1338,12.9471,1.6195,13.4129,199.0,13606.0,2992.6797
3325,13.4212,12.9343,1.7441,13.4324,199.0,13114.0,2992.6797
3326,13.3867,11.794,1.3038,13.0104,199.0,12378.0,2992.6797
3327,13.1154,13.1613,1.6864,13.3668,199.0,15199.0,2992.6797
3328,13.3689,12.9324,1.8353,13.1063,199.0,12378.0,2992.6797
3329,13.0726,13.1828,1.7893,13.7991,199.0,16947.0,2992.6797
3330,13.8171,12.5749,1.8328,13.0525,199.0,14613.0,2992.6797
3331,13.0634,12.1333,1.8952,12.5079,203.0,16229.0,2992.6797
3332,12.4889,13.0598,1.7431,14.2064,203.0,12624.0,2992.6797
3333,14.1838,13.0295,1.7006,12.917,203.0,12984.0,2992.6797
3334,12.9329,13.0723,1.8644,13.4633,201.0,12906.0,2992.6797
3335,13.5149,12.3225,2.0984,13.5455,201.0,13116.0,2992.6797
3336,13.5137,12.0307,1.8227,12.7635,201.0,14602.0,2992.6797
3337,12.8075,12.9002,1.8666,12.9319,201.0,15534.0,2992.6797
3338,12.9944,13.025,2.0872,13.4521,199.0,14172.0,2992.6797
3339,13.4171,12.9018,1.8751,13.4559,199.0,14448.0,2992.6797
3340,13.4734,12.6213,1.5938,12.9691,200.0,14962.0,2992.6797
3341,12.9662,11.8332,1.8935,13.3579,200.0,18074.0,2992.6797
3342,13.3248,13.1261,1.8405,13.5564,201.0,16948.0,2992.6797
3343,13.5119,13.0594,1.9607,12.9478,201.0,18038.0,2992.6797
3344,12.944,13.0211,1.8263,13.7887,199.0,17504.0,2992.6797
3345,13.7966,11.8631,1.8958,13.2726,200.0,14670.0,2992.6797
3346,13.2778,11.8415,1.7777,12.6712,201.0,16716.0,2992.6797
3347,12.7212,13.1799,1.9332,12.9929,204.0,18090.0,2992.6797
3348,12.9849,12.973,1.8485,13.6338,206.0,15718.0,2992.6797
3349,13.5804,13.0525,1.9215,13.5217,210.0,25083.0,2992.6797
3350,13.5354,11.8687,1.8667,13.2522,203.0,15355.0,2992.6797
3351,13.2626,12.1835,1.7917,12.9612,203.0,15766.0,2992.6797
3352,13.0467,13.0994,1.8254,13.4324,205.0,18701.0,2992.6797
3353,13.3268,12.9566,1.9266,13.6293,200.0,14990.0,2992.6797
3354,13.6522,13.1493,1.7768,13.5723,201.0,15002.0,2992.6797
3355,13.5343,11.8367,1.7045,13.4818,202.0,17886.0,2992.6797
3356,13.5541,12.9581,1.7679,12.5341,200.0,16718.0,2992.6797
3357,12.4948,12.9773,1.6264,12.7967,201.0,18115.0,2992.6797
3358,12.7693,12.9337,1.8111,13.6418,200.0,12748.0,2992.6797
3359,13.6721,13.0156,1.8139,15.1174,201.0,15418.0,2992.6797
3360,15.105,11.961,1.957,12.0579,200.0,17302.0,2992.6797
3361,12.0723,13.0226,1.9919,12.9038,201.0,16602.0,2992.6797
3362,12.9494,12.9595,2.0962,12.6566,199.0,13176.0,2992.6797
3363,12.5722,12.9588,1.9366,14.184,205.0,15681.0,2992.6797
3364,14.224,13.186,2.0091,13.4677,203.0,11156.0,2992.6797
3365,13.5017,11.9571,2.0019,12.6557,205.0,13549.0,2992.6797
3366,12.6393,13.1689,1.8925,13.9153,201.0,11058.0,2992.6797
3367,13.9009,13.2582,1.9306,12.9277,203.0,13713.0,2992.6797
3368,12.8823,12.871,1.9111,13.8213,201.0,12032.0,2992.6797
3369,13.8614,12.9676,2.1679,13.6347,200.0,15573.0,2992.6797
3370,13.6369,11.8225,1.8507,12.502,199.0,14021.0,2992.6797
3371,12.5062,12.9835,1.7551,13.3845,202.0,15449.0,2992.6797
3372,13.4479,12.9091,2.0897,12.6335,200.0,12146.0,2992.6797
3373,12.5799,12.9235,1.9232,14.2036,199.0,19789.0,2992.6797
3374,14.1809,12.6936,1.8155,13.1334,200.0,17902.0,2992.6797
3375,13.1285,11.9205,1.8174,13.9449,199.0,11896.0,2992.6797
3376,13.9733,13.0195,1.8227,12.971,199.0,12976.0,2992.6797
3377,12.9812,13.1822,1.9653,12.6485,199.0,14276.0,2992.6797
3378,12.6165,13.0506,2.0063,13.3703,199.0,17426.0,2992.6797
3379,13.4062,12.6298,1.9921,13.4497,204.0,14882.0,2992.6797
3380,13.4416,12.0548,1.8523,12.8053,203.0,13208.0,2992.6797
3381,12.7963,13.1469,1.9327,13.6637,204.0,12886.0,2992.6797
3382,13.6637,13.0121,1.8783,12.9726,206.0,18228.0,2992.6797
3383,12.9385,13.0244,1.7905,13.9794,205.0,17446.0,2992.6797
3384,13.9599,12.6766,1.7341,13.2547,201.0,14804.0,2992.6797
3385,13.2964,11.8367,1.8153,12.3785,200.0,13714.0,2992.6797
3386,12.4005,13.0853,1.8487,14.2764,199.0,13482.0,2992.6797
3387,14.3633,13.0627,2.3839,12.6845,199.0,12378.0,2992.6797
3388,12.6136,12.9491,2.1016,13.3305,199.0,15199.0,2992.6797
3389,13.3137,12.5886,2.0392,13.3781,199.0,12378.0,2992.6797
3390,13.3595,12.2215,2.0142,13.2502,200.0,15639.0,2992.6797
3391,13.3061,12.9316,2.0376,13.1809,200.0,13710.0,2992.6797
3392,13.1708,12.9163,1.9552,12.2672,199.0,18438.0,2992.6797
3393,12.2189,13.0454,1.9178,14.1727,199.0,12828.0,2992.6797
3394,14.2074,11.8228,1.809,12.785,199.0,12560.0,2992.6797
3395,12.8101,12.0804,1.98,13.0104,203.0,13510.0,2992.6797
3396,12.9927,12.9155,1.8826,12.6734,203.0,12750.0,2992.6797
3397,12.638,13.1263,1.8633,14.357,204.0,13296.0,2992.6797
3398,14.408,12.9688,1.9751,13.2179,204.0,16500.0,2992.6797
3399,13.2101,11.8661,1.8524,13.3815,202.0,14186.0,2992.6797
3400,13.4134,12.9721,1.8351,12.8281,202.0,14312.0,2992.6797
3401,12.7564,13.0552,1.6738,12.9346,200.0,15278.0,2992.6797
3402,12.945,12.926,1.9252,13.5402,201.0,17632.0,2992.6797
3403,13.5812,12.9627,1.9435,13.6725,200.0,15384.0,2992.6797
3404,13.567,11.8702,1.6378,12.2415,202.0,18462.0,2992.6797
3405,12.3038,13.0171,1.8831,13.8502,200.0,18100.0,2992.6797
3406,13.8646,12.9028,1.8619,12.8494,199.0,14936.0,2992.6797
3407,12.8376,12.9652,1.8348,13.329,201.0,16256.0,2992.6797
3408,13.4005,12.8897,2.0133,13.6115,200.0,17740.0,2992.6797
3409,13.5222,11.7989,1.74,13.3103,200.0,14594.0,2992.6797
3410,13.3452,12.9701,1.7922,13.4358,202.0,19514.0,2992.6797
3411,13.4431,12.9356,2.0591,12.5929,212.0,23452.0,2992.6797
3412,12.5815,12.9443,1.7219,13.3464,204.0,16072.0,2992.6797
3413,13.3064,12.6793,1.6312,13.7297,205.0,17594.0,2992.6797
3414,13.7761,12.1304,1.7668,13.2114,204.0,16863.0,2992.6797
3415,13.2155,12.9764,1.8934,12.7964,202.0,14992.0,2992.6797
3416,12.805,13.1173,1.9736,13.1805,201.0,12556.0,2992.6797
3417,13.1617,12.9333,2.0865,14.2447,202.0,17774.0,2992.6797
3418,14.261,11.8537,2.0669,12.4649,201.0,17618.0,2992.6797
3419,12.4481,12.1304,1.8665,12.8449,201.0,16331.0,2992.6797
3420,12.8688,12.9689,1.8813,13.2742,199.0,12832.0,2992.6797
3421,13.2781,12.9791,1.9532,13.2364,201.0,17266.0,2992.6797
3422,13.2708,12.9711,1.9004,13.4972,200.0,16098.0,2992.6797
3423,13.4994,11.8591,2.0851,13.4637,201.0,17588.0,2992.6797
3424,13.4476,12.6145,1.9095,12.7928,202.0,13929.0,2992.6797
3425,12.8496,12.9259,2.0459,12.6939,199.0,12912.0,2992.6797
3426,12.611,12.9268,1.8793,13.5305,199.0,11258.0,2992.6797
3427,13.5544,12.944,2.0252,13.46,205.0,13405.0,2992.6797
3428,13.4389,11.8198,1.815,13.6111,205.0,13571.0,2992.6797
3429,13.6411,12.1832,1.8579,12.8599,203.0,11620.0,2992.6797
3430,12.7797,13.0551,1.8898,12.9628,201.0,16207.0,2992.6797
3431,12.9687,13.0549,2.1119,13.6639,201.0,14167.0,2992.6797
3432,13.6983,13.2233,1.8843,13.7541,203.0,14613.0,2992.6797
3433,13.8163,11.8693,1.8619,12.7891,200.0,12828.0,2992.6797
3434,12.7257,12.9786,1.8301,13.4602,199.0,12836.0,2992.6797
3435,13.5181,12.938,1.952,12.8007,200.0,20427.0,2992.6797
3436,12.7608,13.0093,2.0123,13.6906,200.0,16024.0,2992.6797
3437,13.6608,13.0431,1.7688,13.8567,200.0,12166.0,2992.6797
3438,13.8372,11.8854,1.5006,13.3714,199.0,13688.0,2992.6797
3439,13.39,12.1965,1.6088,12.3146,199.0,14438.0,2992.6797
3440,12.3505,12.9801,1.9405,13.1957,199.0,18898.0,2992.6797
3441,13.1582,12.7124,1.682,13.5104,199.0,13484.0,2992.6797
3442,13.4955,12.9826,1.5137,13.6873,199.0,13028.0,2992.6797
3443,13.7409,11.8114,1.6781,12.7001,203.0,13854.0,2992.6797
3444,12.6794,12.877,1.7575,13.6684,210.0,18725.0,2992.6797
3445,13.7096,13.0181,2.1396,12.8358,205.0,17169.0,2992.6797
3446,12.7992,12.7053,1.9345,13.0369,201.0,13116.0,2992.6797
3447,13.0475,12.4247,1.9832,13.6042,201.0,13336.0,2992.6797
3448,13.6082,12.1186,1.9783,12.5078,201.0,13116.0,2992.6797
3449,12.5591,12.6475,1.9931,12.4908,200.0,15579.0,2992.6797
3450,12.4901,12.6616,2.0635,13.2896,199.0,12010.0,2992.6797
3451,13.2309,12.7584,2.0243,13.3194,199.0,15627.0,2992.6797
3452,13.4159,11.8634,1.9511,13.5078,199.0,12378.0,2992.6797
3453,13.4524,12.8486,1.9273,12.2616,199.0,17305.0,2992.6797
3454,12.2573,12.9808,1.9492,13.8886,200.0,15479.0,2992.6797
3455,13.8986,12.9361,2.2139,13.0297,200.0,12572.0,2992.6797
3456,13.0126,12.8279,2.0965,13.3509,199.0,12928.0,2992.6797
3457,13.3372,11.8368,1.7857,12.8825,200.0,13518.0,2992.6797
3458,12.8493,13.0611,1.7728,13.6662,200.0,12390.0,2992.6797
3459,13.7537,12.9681,2.2386,13.3087,205.0,15704.0,2992.6797
3460,13.3143,12.9351,2.312,13.1226,203.0,15128.0,2992.6797
3461,13.0551,13.0756,2.4034,13.4957,203.0,14144.0,2992.6797
3462,13.5176,11.9992,2.2592,13.267,201.0,16012.0,2992.6797
3463,13.3218,13.0837,2.1301,13.6691,201.0,14818.0,2992.6797
3464,13.6633,12.9477,2.2254,13.1188,204.0,16978.0,2992.6797
3465,13.095,13.029,2.2157,13.1105,202.0,18042.0,2992.6797
3466,13.0563,13.912,2.1042,14.2999,199.0,17218.0,2992.6797
3467,14.3423,11.8901,2.1978,12.5749,199.0,15864.0,2992.6797
3468,12.6034,13.006,2.0001,13.6097,200.0,17028.0,2992.6797
3469,13.6312,12.9346,2.2269,12.9654,200.0,17088.0,2992.6797
3470,12.8808,12.9721,1.9253,13.7895,199.0,14078.0,2992.6797
3471,13.792,12.9288,2.0759,13.0331,201.0,18774.0,2992.6797
3472,13.0433,11.856,1.8843,13.085,204.0,17757.0,2992.6797
3473,13.1626,13.0651,2.0576,13.5165,205.0,24047.0,2992.6797
3474,13.4325,12.9747,1.9762,12.8707,201.0,16752.0,2992.6797
3475,12.8652,12.9111,2.01,13.5882,206.0,16784.0,2992.6797
3476,13.6465,12.614,1.9097,13.5844,206.0,16865.0,2992.6797
3477,13.5446,12.1161,1.6849,12.3414,204.0,11808.0,2992.6797
3478,12.3912,12.9228,1.813,13.2865,201.0,13206.0,2992.6797
3479,13.2628,13.0604,1.9144,13.2269,204.0,18664.0,2992.6797
3480,13.1829,12.9089,1.8838,13.7083,202.0,15824.0,2992.6797
3481,13.7498,12.6856,1.7564,13.3782,201.0,16427.0,2992.6797
3482,13.4345,12.1507,1.9649,13.5549,200.0,14692.0,2992.6797
3483,13.5332,13.1136,2.1317,12.7713,200.0,16050.0,2992.6797
3484,12.7483,13.2609,2.1103,13.5754,200.0,17132.0,2992.6797
3485,13.5246,12.8926,2.1848,13.1001,205.0,18305.0,2992.6797
3486,13.1385,12.6272,1.9394,13.3076,200.0,11212.0,2992.6797
3487,13.3571,12.1164,1.8495,13.1258,199.0,13018.0,2992.6797
3488,13.0136,12.9075,1.8739,12.7997,201.0,11138.0,2992.6797
3489,12.8489,13.0107,1.9986,13.5446,203.0,15864.0,2992.6797
3490,13.4919,12.9938,1.6103,13.6268,200.0,11628.0,2992.6797
3491,13.6093,11.8802,1.6826,13.1447,203.0,13977.0,2992.6797
3492,13.1572,13.055,1.6359,13.0164,203.0,16439.0,2992.6797
3493,13.0866,12.9544,2.1054,13.0972,205.0,14759.0,2992.6797
3494,13.098,13.0876,2.0087,13.7064,202.0,12052.0,2992.6797
3495,13.7177,13.0368,2.0064,13.3162,201.0,13568.0,2992.6797
3496,13.321,11.8945,1.9749,13.4101,201.0,15730.0,2992.6797
3497,13.3278,12.926,1.7886,13.0466,200.0,16737.0,2992.6797
3498,13.0601,13.0432,1.7817,12.622,199.0,15768.0,2992.6797
3499,12.6689,12.974,1.8755,14.092,199.0,12986.0,2992.6797
3500,14.0378,13.118,1.8567,13.7086,199.0,13730.0,2992.6797
3501,13.7584,11.8202,1.9555,12.7708,200.0,15922.0,2992.6797
3502,12.7468,12.9085,1.7354,13.2018,199.0,16982.0,2992.6797
3503,13.18,13.0814,1.6887,12.7962,199.0,13842.0,2992.6797
3504,12.8529,12.948,1.8212,13.5971,199.0,13640.0,2992.6797
3505,13.5776,13.0105,1.5375,13.9742,201.0,14713.0,2992.6797
3506,13.9698,11.8501,1.6235,12.0977,204.0,18442.0,2992.6797
3507,12.1807,12.9542,1.7592,13.5595,205.0,15481.0,2992.6797
3508,13.624,12.9197,2.2462,13.1511,204.0,12762.0,2992.6797
3509,13.0046,13.0009,1.7696,13.5671,203.0,12970.0,2992.6797
3510,13.5759,12.9403,1.8806,13.4786,201.0,13484.0,2992.6797
3511,13.5473,11.9065,1.8961,12.7482,202.0,15213.0,2992.6797
3512,12.6461,13.1684,1.6351,14.0557,202.0,15273.0,2992.6797
3513,14.1225,12.9415,1.9762,12.2574,199.0,12378.0,2992.6797
3514,12.2475,12.9331,1.6073,13.7279,199.0,16353.0,2992.6797
3515,13.7384,13.0718,1.8626,13.444,199.0,13758.0,2992.6797
3516,13.4225,11.8057,1.8778,12.6997,200.0,15601.0,2992.6797
3517,12.6657,12.7547,1.7004,12.7195,200.0,12940.0,2992.6797
3518,12.6843,13.1041,1.6276,14.0407,200.0,12390.0,2992.6797
3519,14.1242,13.2339,1.9482,13.6154,199.0,13506.0,2992.6797
3520,13.6168,12.6451,1.888,13.2023,202.0,14810.0,2992.6797
3521,13.1828,11.9192,1.848,13.2375,199.0,14338.0,2992.6797
3522,13.2469,12.9109,1.8667,12.3776,199.0,14934.0,2992.6797
3523,12.3708,12.602,1.8677,13.2396,205.0,15672.0,2992.6797
3524,13.2623,12.7668,1.911,13.6587,203.0,14976.0,2992.6797
3525,13.6475,11.9114,1.8262,12.9171,205.0,16186.0,2992.6797
3526,12.9289,12.0831,1.7895,12.719,205.0,18412.0,2992.6797
3527,12.715,12.8884,1.8097,13.321,201.0,16956.0,2992.6797
3528,13.286,12.5588,1.8787,12.924,201.0,14812.0,2992.6797
3529,12.9631,12.8299,2.135,16.3986,846.0,157127.0,2992.6797
3530,16.4025,11.9252,2.1131,11.1033,364.0,46748.0,2992.6797
3531,11.1208,14.4194,2.0648,14.3549,282.0,19466.0,2992.6797
3532,14.4234,13.2142,1.9058,12.5529,281.0,12794.0,2992.6797
3533,12.5733,12.8008,1.9269,13.4717,282.0,18884.0,2992.6797
3534,13.3838,12.9624,1.7559,13.7982,285.0,19237.0,2992.6797
3535,13.7985,11.8691,1.8828,13.2834,285.0,23773.0,2992.6797
3536,13.3079,12.7271,1.845,12.4322,283.0,19838.0,2992.6797
3537,12.3793,12.7212,2.0558,12.672,283.0,17511.0,2992.6797
3538,12.6634,12.4271,1.8088,13.4629,281.0,12256.0,2992.6797
3539,13.5274,12.3818,1.9355,13.1899,283.0,12370.0,2992.6797
3540,13.0667,11.5857,1.6705,12.4112,284.0,16878.0,2992.6797
3541,12.4222,12.7724,1.6958,13.6872,286.0,15822.0,2992.6797
3542,13.7695,12.691,1.9051,12.6425,283.0,18117.0,2992.6797
3543,12.5939,12.7589,1.4886,12.9278,281.0,13342.0,2992.6797
3544,12.9705,11.4962,1.6347,13.2793,284.0,20370.0,2992.6797
3545,13.2376,12.6208,1.383,12.3392,284.0,18169.0,2992.6797
3546,12.3534,12.7037,1.3962,12.4676,279.0,11076.0,2992.6797
3547,12.4249,12.6304,1.4488,13.7144,279.0,12942.0,2992.6797
3548,13.8055,12.6887,1.8839,13.9596,279.0,11038.0,2992.6797
3549,13.9391,11.6905,1.9446,11.6505,283.0,15644.0,2992.6797
3550,11.6639,13.9677,1.9111,14.6643,279.0,11396.0,2992.6797
3551,14.6953,12.8077,1.9109,12.9158,280.0,13861.0,2992.6797
3552,12.8623,13.0715,2.046,13.2951,281.0,18230.0,2992.6797
3553,13.2967,12.7539,1.9231,13.9846,280.0,12772.0,2992.6797
3554,14.0228,11.4868,1.7307,13.4402,281.0,11890.0,2992.6797
3555,13.4255,13.535,1.8044,14.6905,285.0,16362.0,2992.6797
3556,14.7994,13.4902,2.3539,12.4478,285.0,12740.0,2992.6797
3557,12.4443,12.7516,2.2091,13.2573,286.0,16861.0,2992.6797
3558,13.201,13.2562,1.8846,13.4388,282.0,16462.0,2992.6797
3559,13.3505,11.4635,1.9731,13.3981,281.0,12652.0,2992.6797
3560,13.4281,12.478,1.8623,12.999,282.0,15642.0,2992.6797
3561,13.0853,13.3523,1.9494,13.5774,282.0,13452.0,2992.6797
3562,13.5011,13.3387,1.939,13.8124,279.0,17226.0,2992.6797
3563,13.8398,12.6732,2.0025,13.2537,279.0,13718.0,2992.6797
3564,13.2352,11.5576,1.8577,13.5709,281.0,14651.0,2992.6797
3565,13.5503,13.3561,1.8479,13.3342,281.0,16645.0,2992.6797
3566,13.3621,13.4323,1.8847,13.9356,285.0,15163.0,2992.6797
3567,13.9276,13.3094,2.0185,12.7201,281.0,14985.0,2992.6797
3568,12.7015,13.311,1.8246,14.3289,281.0,12278.0,2992.6797
3569,14.3777,11.6517,2.0714,13.8554,279.0,13210.0,2992.6797
3570,13.8042,12.2248,1.9619,12.663,280.0,13370.0,2992.6797
3571,12.7199,13.3165,2.1429,13.546,284.0,17972.0,2992.6797
3572,13.4842,13.3798,1.8532,13.0679,284.0,12638.0,2992.6797
3573,13.0648,13.421,1.8231,14.1309,285.0,16535.0,2992.6797
3574,14.1448,13.1158,2.0415,13.9675,282.0,13978.0,2992.6797
3575,13.9608,11.7367,1.5686,13.4487,281.0,15445.0,2992.6797
3576,13.457,12.7989,1.7501,12.6237,282.0,12818.0,2992.6797
3577,12.6273,13.4569,1.9995,12.8444,282.0,12656.0,2992.6797
3578,12.7852,13.2056,1.7539,13.8406,282.0,14686.0,2992.6797
3579,13.8894,12.6974,1.8882,14.147,279.0,14214.0,2992.6797
3580,14.0876,11.5214,1.7302,12.3872,279.0,14810.0,2992.6797
3581,12.3711,12.2832,1.6959,13.9557,279.0,15520.0,2992.6797
3582,14.1005,12.6358,1.9018,12.8737,279.0,14848.0,2992.6797
3583,12.8216,13.4937,1.904,13.9156,282.0,16438.0,2992.6797
3584,13.9397,12.6424,2.024,13.9162,284.0,17930.0,2992.6797
3585,13.8913,11.8131,1.8458,13.7974,279.0,17486.0,2992.6797
3586,13.8034,13.348,2.0113,12.7692,281.0,14054.0,2992.6797
3587,12.784,13.2081,1.7794,13.3213,285.0,13540.0,2992.6797
3588,13.3203,12.7611,2.0323,13.3587,284.0,13450.0,2992.6797
3589,13.3034,13.1706,1.9633,13.5223,283.0,23178.0,2992.6797
3590,13.4837,11.5749,1.452,13.3418,282.0,11532.0,2992.6797
3591,13.3858,13.5409,1.4632,13.6475,283.0,11544.0,2992.6797
3592,13.6432,13.3336,1.6441,13.5414,282.0,15244.0,2992.6797
3593,13.618,13.4872,1.9238,13.4548,281.0,58630.0,2992.6797
3594,13.445,12.9792,1.9866,13.9259,282.0,15418.0,2992.6797
3595,13.8707,11.6605,1.7923,13.4501,280.0,12494.0,2992.6797
3596,13.5096,13.0824,1.9446,13.1369,282.0,13356.0,2992.6797
3597,13.176,13.4326,1.8721,13.1775,279.0,36788.0,2992.6797
3598,13.2018,13.4222,2.0422,13.7776,280.0,13360.0,2992.6797
3599,13.7656,13.0353,1.9956,13.3227,282.0,19466.0,2992.6797
3600,13.2131,12.5157,1.7557,13.6716,284.0,16666.0,2992.6797
3601,13.667,11.7707,1.718,12.6861,280.0,15024.0,2992.6797
3602,12.7585,13.1995,1.7943,12.9181,286.0,21096.0,2992.6797
3603,12.8706,13.5796,2.0019,13.8325,288.0,22382.0,2992.6797
3604,13.7905,13.3686,1.7044,14.1658,287.0,21987.0,2992.6797
3605,14.1709,13.0799,1.4995,14.3752,284.0,14870.0,2992.6797
3606,14.4643,11.6107,1.9426,12.6171,281.0,12234.0,2992.6797
3607,12.5905,12.8787,1.8378,12.961,284.0,12404.0,2992.6797
3608,12.9449,12.8499,2.2081,12.365,283.0,16888.0,2992.6797
3609,12.3804,13.2026,1.8929,13.8303,284.0,17689.0,2992.6797
3610,13.8267,12.6544,1.78,13.861,279.0,16936.0,2992.6797
3611,13.9227,12.4282,1.903,13.0183,282.0,17708.0,2992.6797
3612,12.9923,13.2656,1.9763,13.9164,284.0,16060.0,2992.6797
3613,13.9673,12.72,2.1098,12.5537,284.0,17515.0,2992.6797
3614,12.5321,13.0936,1.8563,13.7477,279.0,11038.0,2992.6797
3615,13.6964,12.8209,1.87,13.6605,280.0,12954.0,2992.6797
3616,13.6742,12.1877,1.8494,12.8987,282.0,12777.0,2992.6797
3617,12.9052,13.2692,1.8953,14.6065,281.0,13869.0,2992.6797
3618,14.6406,13.5843,2.0744,12.9998,280.0,11360.0,2992.6797
3619,12.9766,12.8096,1.9901,13.6402,285.0,15772.0,2992.6797
3620,13.6565,13.0718,2.1634,13.3763,285.0,16387.0,2992.6797
3621,13.3701,11.5816,2.0787,13.4012,285.0,12836.0,2992.6797
3622,13.4122,13.5675,1.8493,13.0425,283.0,14096.0,2992.6797
3623,13.0238,13.3992,2.0604,13.4803,283.0,14108.0,2992.6797
3624,13.4697,12.8127,1.8465,13.2827,282.0,12726.0,2992.6797
3625,13.2535,13.2937,1.7847,14.1092,280.0,19257.0,2992.6797
3626,14.1296,11.865,1.9943,13.2479,281.0,14048.0,2992.6797
3627,13.2535,13.1813,1.8409,13.266,281.0,13256.0,2992.6797
3628,13.2823,12.806,1.9575,13.1143,280.0,15474.0,2992.6797
3629,13.1583,13.3734,2.1662,13.2048,281.0,13440.0,2992.6797
3630,13.1248,12.3785,2.0447,13.8798,281.0,17202.0,2992.6797
3631,13.8949,11.5033,1.9156,12.4475,279.0,14134.0,2992.6797
3632,12.4753,13.4346,1.8141,13.7861,282.0,14759.0,2992.6797
3633,13.7224,13.4198,1.9364,14.6213,282.0,15825.0,2992.6797
3634,14.7478,12.9039,1.9679,13.4764,281.0,15483.0,2992.6797
3635,13.3617,13.3951,1.9831,13.1306,287.0,14645.0,2992.6797
3636,13.1752,11.4983,1.8693,12.955,284.0,12638.0,2992.6797
3637,12.9911,13.2973,1.7878,13.6097,284.0,13226.0,2992.6797
3638,13.6139,13.3247,2.0538,13.1397,283.0,13444.0,2992.6797
3639,13.1478,13.3422,1.906,13.6018,283.0,17554.0,2992.6797
3640,13.5404,12.7275,1.707,13.5226,283.0,13076.0,2992.6797
3641,13.5398,11.5214,1.6632,13.8602,280.0,16091.0,2992.6797
3642,13.8636,11.9331,1.7936,12.9951,281.0,13988.0,2992.6797
3643,12.9869,13.6502,2.0662,14.3125,280.0,15455.0,2992.6797
3644,14.5991,13.3655,2.4587,12.9344,280.0,12816.0,2992.6797
3645,12.6705,13.3355,2.2416,14.0676,281.0,13946.0,2992.6797
3646,14.0534,12.5196,1.9951,13.0588,281.0,13740.0,2992.6797
3647,13.0633,11.7314,1.9978,12.3744,280.0,15094.0,2992.6797
3648,12.3703,13.4418,1.9588,14.3446,282.0,14346.0,2992.6797
3649,14.3337,13.4957,2.0704,13.9433,282.0,15188.0,2992.6797
3650,13.9969,12.8645,2.4826,15.065,281.0,15896.0,2992.6797
3651,15.0151,14.1613,2.221,12.5189,285.0,16042.0,2992.6797
3652,12.5413,11.4512,1.9573,12.193,287.0,17574.0,2992.6797
3653,12.2026,12.8832,2.136,13.5964,284.0,17214.0,2992.6797
3654,13.5861,13.4059,1.9707,13.2594,282.0,15220.0,2992.6797
3655,13.2168,13.3585,1.965,14.0652,283.0,11994.0,2992.6797
3656,14.1044,13.3978,2.4121,13.9183,283.0,15274.0,2992.6797
3657,13.9189,11.621,1.9566,13.5548,279.0,21360.0,2992.6797
3658,13.538,12.6097,1.8865,12.3852,281.0,11542.0,2992.6797
3659,12.4391,12.9533,1.8773,13.0274,281.0,13398.0,2992.6797
3660,13.0238,13.3001,1.9845,14.1384,280.0,13386.0,2992.6797
3661,14.0828,13.2544,1.9476,13.6952,280.0,58618.0,2992.6797
3662,13.7474,11.5314,1.6918,13.2326,281.0,15406.0,2992.6797
3663,13.2795,13.272,2.0239,12.8313,282.0,12518.0,2992.6797
3664,12.6769,13.4073,1.7814,13.4949,279.0,13688.0,2992.6797
3665,13.636,12.5916,2.1403,13.4701,280.0,36432.0,2992.6797
3666,13.3485,13.1523,1.7519,13.5556,281.0,13530.0,2992.6797
3667,13.6136,11.5244,1.7827,13.5018,286.0,19312.0,2992.6797
3668,13.4903,13.2797,1.9238,13.4258,286.0,17014.0,2992.6797
3669,13.4768,13.7531,1.9416,14.3811,286.0,15622.0,2992.6797
3670,14.3581,13.4665,1.948,12.8425,287.0,20612.0,2992.6797
3671,12.7325,12.5836,1.6175,13.1508,287.0,23775.0,2992.6797
3672,13.1719,11.5191,1.7228,13.6291,283.0,20114.0,2992.6797
3673,13.6137,13.0668,1.6337,12.5836,281.0,14830.0,2992.6797
3674,12.6419,13.3006,1.7024,13.5367,279.0,12280.0,2992.6797
3675,13.5061,13.2882,1.8467,13.754,279.0,12366.0,2992.6797
3676,13.7843,13.2594,1.97,13.438,280.0,16874.0,2992.6797
3677,13.4616,12.547,1.9683,13.7036,283.0,18417.0,2992.6797
3678,13.7122,11.8873,1.9132,12.4876,280.0,16970.0,2992.6797
3679,12.4892,13.4567,1.8569,14.684,282.0,16898.0,2992.6797
3680,14.739,13.2636,2.0149,14.2492,281.0,16062.0,2992.6797
3681,14.7149,13.3634,2.3072,12.0006,285.0,17489.0,2992.6797
3682,11.4857,13.2003,2.0537,13.6648,280.0,11098.0,2992.6797
3683,13.6622,11.6748,1.8558,12.7837,284.0,12814.0,2992.6797
3684,12.7755,12.9007,1.883,14.0373,286.0,12829.0,2992.6797
3685,14.1373,13.4335,2.2104,12.593,286.0,13885.0,2992.6797
3686,12.4798,13.3405,1.7259,14.5739,284.0,13329.0,2992.6797
3687,14.5893,12.6562,1.9093,13.8458,282.0,13815.0,2992.6797
3688,13.8339,12.1755,1.7004,11.7345,282.0,16469.0,2992.6797
3689,11.8236,13.5346,1.805,14.0302,280.0,14976.0,2992.6797
3690,14.005,12.8043,2.005,13.1062,280.0,11964.0,2992.6797
3691,13.1013,13.2688,2.2807,13.7123,281.0,14020.0,2992.6797
3692,13.6723,12.6718,1.8778,14.088,279.0,12884.0,2992.6797
3693,14.1063,11.4927,1.9093,12.7107,279.0,19791.0,2992.6797
3694,12.7209,13.4469,1.8662,13.719,281.0,13378.0,2992.6797
3695,13.7339,12.6948,1.8678,13.1048,280.0,13196.0,2992.6797
3696,13.0782,13.1084,2.026,13.7026,281.0,15854.0,2992.6797
3697,13.6812,13.1166,2.0494,13.0738,281.0,15372.0,2992.6797
3698,13.1185,11.5701,2.1489,12.5802,279.0,15662.0,2992.6797
3699,12.6113,13.4141,1.8621,14.2693,285.0,14258.0,2992.6797
3700,14.2129,13.254,1.7866,13.1335,285.0,13919.0,2992.6797
3701,13.168,13.3116,1.9754,13.789,286.0,16661.0,2992.6797
3702,13.7834,13.4944,2.0092,14.0417,284.0,15033.0,2992.6797
3703,14.0141,11.7408,1.8636,14.4837,284.0,14631.0,2992.6797
3704,14.4539,13.1775,1.9271,12.6302,282.0,12268.0,2992.6797
3705,12.7624,13.274,1.9673,13.219,280.0,13650.0,2992.6797
3706,13.14,13.3676,1.8482,13.1679,280.0,13002.0,2992.6797
3707,13.1702,13.2609,1.9188,13.9752,280.0,17540.0,2992.6797
3708,13.9998,12.5399,1.9122,14.3361,281.0,13074.0,2992.6797
3709,14.2674,12.208,1.7181,12.4433,280.0,17779.0,2992.6797
3710,12.4586,13.2479,1.8925,12.8178,281.0,12668.0,2992.6797
3711,12.9278,13.3391,1.9719,13.9331,279.0,15075.0,2992.6797
3712,13.8618,13.3785,1.942,13.924,280.0,14118.0,2992.6797
3713,13.9223,13.2323,2.17,13.7181,280.0,13000.0,2992.6797
3714,13.6967,11.5043,1.9782,13.1685,280.0,14228.0,2992.6797
3715,13.2328,13.1965,2.1009,13.3017,284.0,14598.0,2992.6797
3716,13.217,12.8543,1.9664,12.6254,283.0,13946.0,2992.6797
3717,12.6503,12.771,1.9005,13.8944,285.0,15870.0,2992.6797
3718,13.8993,12.3694,2.0228,13.028,283.0,16580.0,2992.6797
3719,13.0048,11.5198,1.8958,12.3879,283.0,14824.0,2992.6797
3720,12.4344,12.888,2.1359,13.0865,284.0,19092.0,2992.6797
3721,13.1787,12.7047,1.9816,12.6955,279.0,15510.0,2992.6797
3722,12.619,12.669,1.9503,13.3669,280.0,15218.0,2992.6797
3723,13.3096,11.4995,1.8315,12.2702,281.0,12142.0,2992.6797
3724,12.3021,12.7516,1.7378,13.5517,280.0,15110.0,2992.6797
3725,13.5614,12.867,2.0784,13.4403,280.0,21372.0,2992.6797
3726,13.4132,12.2546,2.0138,12.582,279.0,11518.0,2992.6797
3727,12.5873,12.2468,2.018,12.9755,281.0,13862.0,2992.6797
3728,12.9935,11.5118,2.1047,12.5612,279.0,12910.0,2992.6797
3729,12.563,12.5765,1.7935,12.325,281.0,58630.0,2992.6797
3730,12.3129,12.6374,1.7484,14.0012,281.0,15406.0,2992.6797
3731,13.8839,12.5854,1.8453,12.8073,285.0,13044.0,2992.6797
3732,12.9215,11.534,1.7838,12.2811,283.0,13526.0,2992.6797
3733,12.2751,12.7676,1.9751,14.0833,283.0,36214.0,2992.6797
3734,14.0992,12.8458,1.8014,11.8989,282.0,13362.0,2992.6797
3735,11.8556,12.5983,1.681,13.5652,284.0,19678.0,2992.6797
3736,13.6106,12.4181,1.7015,13.0857,284.0,16644.0,2992.6797
3737,13.072,11.7007,1.8501,12.6393,281.0,17074.0,2992.6797
3738,12.7021,12.9702,1.8566,12.79,288.0,24361.0,2992.6797
3739,12.7164,12.663,1.8236,13.2204,283.0,18566.0,2992.6797
3740,13.248,12.5966,2.0327,13.1232,282.0,20076.0,2992.6797
3741,13.1113,11.5117,1.6684,11.9999,280.0,14866.0,2992.6797
3742,11.9334,12.5616,1.6677,13.4379,280.0,12378.0,2992.6797
3743,13.5003,12.4058,1.9682,12.5206,280.0,13980.0,2992.6797
3744,12.4894,11.8699,1.7447,12.9865,280.0,15926.0,2992.6797
3745,13.0218,11.6741,1.7796,12.6313,286.0,17713.0,2992.6797
3746,12.6081,12.7384,1.8632,13.8499,279.0,16958.0,2992.6797
3747,13.8927,12.5959,1.8427,11.7602,285.0,17998.0,2992.6797
3748,11.7262,12.4782,1.7087,13.5954,286.0,14874.0,2992.6797
3749,13.5888,12.2525,1.8642,12.8033,289.0,17589.0,2992.6797
3750,12.8168,11.7493,1.7241,13.0429,281.0,10944.0,2992.6797
3751,13.0625,12.4771,1.8738,12.2942,281.0,12896.0,2992.6797
3752,12.3127,12.6088,1.8772,12.8748,284.0,12827.0,2992.6797
3753,12.8365,12.6782,1.933,12.9515,284.0,15752.0,2992.6797
3754,13.1011,11.4994,1.81,13.4202,280.0,11456.0,2992.6797
3755,13.2322,12.7229,1.6144,12.6927,280.0,13813.0,2992.6797
3756,12.7781,12.8128,2.0239,13.017,281.0,16383.0,2992.6797
3757,12.9732,12.6921,1.8745,12.8749,280.0,15024.0,2992.6797
3758,12.8804,12.5732,1.9603,13.4345,281.0,11976.0,2992.6797
3759,13.4508,11.8164,1.8948,12.8937,282.0,14252.0,2992.6797
3760,12.8943,12.757,1.8939,12.7936,279.0,13038.0,2992.6797
3761,12.9117,12.8129,2.1292,12.7881,279.0,19513.0,2992.6797
3762,12.6893,12.8239,1.9315,13.3924,281.0,13864.0,2992.6797
3763,13.3484,11.5295,1.7835,13.0916,283.0,13070.0,2992.6797
3764,13.1123,12.5669,1.8582,12.9748,286.0,15502.0,2992.6797
3765,13.0295,12.918,1.8985,12.6473,284.0,16468.0,2992.6797
3766,12.6306,12.8902,2.0627,13.9245,284.0,15088.0,2992.6797
3767,13.8828,12.6049,1.8618,12.9511,281.0,13740.0,2992.6797
3768,12.9893,11.6679,1.8547,13.3113,284.0,14297.0,2992.6797
3769,13.2432,12.719,1.8083,12.5116,281.0,16645.0,2992.6797
3770,12.4743,12.8481,1.7736,12.601,283.0,15043.0,2992.6797
3771,12.6083,12.5423,1.8006,13.4393,282.0,14261.0,2992.6797
3772,13.511,11.5621,1.7471,12.7612,280.0,12694.0,2992.6797
3773,12.7985,12.7776,1.7902,13.1934,279.0,13210.0,2992.6797
3774,13.1589,12.7205,1.8985,12.6797,280.0,13002.0,2992.6797
3775,12.688,12.4235,1.9547,12.933,281.0,17552.0,2992.6797
3776,12.976,12.0009,1.8783,12.5241,283.0,13098.0,2992.6797
3777,12.4719,12.0138,1.8634,12.7979,280.0,18147.0,2992.6797
3778,12.7997,12.4235,1.7658,12.7097,280.0,12288.0,2992.6797
3779,12.705,12.6597,1.882,13.1388,285.0,15401.0,2992.6797
3780,13.1198,12.4572,1.7839,13.7235,284.0,14192.0,2992.6797
3781,13.732,11.6286,2.042,11.8749,284.0,12636.0,2992.6797
3782,11.9264,12.6931,2.1333,12.9454,283.0,14610.0,2992.6797
3783,12.8983,12.6613,1.8255,12.9396,281.0,14216.0,2992.6797
3784,12.9096,12.4051,1.6866,12.7995,282.0,13956.0,2992.6797
3785,12.8438,11.939,1.7616,12.8854,282.0,17184.0,2992.6797
3786,12.8758,12.0715,1.7522,13.3422,280.0,15540.0,2992.6797
3787,13.3771,12.9238,1.8926,12.726,281.0,16230.0,2992.6797
3788,12.7268,12.7889,1.8734,13.2079,282.0,17402.0,2992.6797
3789,13.1962,12.7375,2.1444,13.7652,280.0,15890.0,2992.6797
3790,13.7281,11.5295,1.6354,12.2301,280.0,14850.0,2992.6797
3791,12.2882,12.9901,1.8496,13.3154,279.0,12118.0,2992.6797
3792,13.2971,12.6812,2.0773,13.047,281.0,16254.0,2992.6797
3793,13.0106,12.4824,1.8827,12.6774,280.0,20240.0,2992.6797
3794,12.7659,11.8815,2.2439,12.8578,280.0,11994.0,2992.6797
3795,12.8056,11.9848,2.026,13.4477,283.0,13378.0,2992.6797
3796,13.4512,12.5999,1.8327,12.6052,285.0,12938.0,2992.6797
3797,12.6105,12.39,2.0683,12.9618,284.0,58622.0,2992.6797
3798,12.8886,12.8761,1.7919,13.2231,284.0,15884.0,2992.6797
3799,13.2607,11.632,1.8102,12.8314,281.0,13290.0,2992.6797
3800,12.8733,12.5145,1.8738,12.5028,281.0,12946.0,2992.6797
3801,12.5295,12.716,2.0219,12.913,279.0,36052.0,2992.6797
3802,12.8831,12.3745,1.9182,12.998,279.0,13348.0,2992.6797
3803,12.9901,12.1278,1.7543,13.334,281.0,19664.0,2992.6797
3804,13.2862,12.1754,1.6786,12.3205,282.0,16766.0,2992.6797
3805,12.3822,12.8962,1.9782,13.2912,287.0,24052.0,2992.6797
3806,13.2796,12.4468,1.8853,12.703,283.0,17271.0,2992.6797
3807,12.7054,12.3598,1.9063,13.4985,284.0,22330.0,2992.6797
3808,13.4823,11.9086,1.7984,12.7879,282.0,16324.0,2992.6797
3809,12.789,12.6602,1.8545,12.7606,280.0,14866.0,2992.6797
3810,12.8047,12.7491,2.0863,12.8568,279.0,12366.0,2992.6797
3811,12.7905,12.2409,1.9543,15.259,285.0,14736.0,2992.6797
3812,15.316,12.2295,2.0682,12.1232,286.0,15214.0,2992.6797
3813,12.0967,12.4197,1.9674,12.3515,286.0,17669.0,2992.6797
3814,12.4453,12.7901,2.1208,13.2843,284.0,18588.0,2992.6797
3815,13.2172,12.7591,2.1794,12.9633,283.0,16356.0,2992.6797
3816,12.9834,12.5607,2.0726,13.2152,283.0,14860.0,2992.6797
3817,13.1848,11.6842,2.0052,13.5089,284.0,17477.0,2992.6797
3818,13.5314,12.5865,2.1002,12.8743,280.0,11050.0,2992.6797
3819,12.9002,12.8002,2.5127,12.4161,283.0,12942.0,2992.6797
3820,12.3844,12.3867,2.2631,12.5374,281.0,12717.0,2992.6797
3821,12.5285,11.8789,2.1381,13.2001,285.0,15860.0,2992.6797
3822,13.2107,12.0328,2.0814,12.1659,281.0,11468.0,2992.6797
3823,12.1395,12.6969,2.115,12.9632,279.0,13705.0,2992.6797
3824,12.9835,12.7874,2.0019,13.798,280.0,16371.0,2992.6797
3825,13.7792,12.5407,2.0874,12.289,280.0,15120.0,2992.6797
3826,12.3275,11.703,1.9881,12.961,280.0,12088.0,2992.6797
3827,12.9384,12.4433,2.1711,12.5094,283.0,14048.0,2992.6797
3828,12.5097,12.5852,2.1936,12.9385,284.0,13958.0,2992.6797
3829,12.9409,12.5974,2.0625,12.9152,286.0,19231.0,2992.6797
3830,12.9401,11.5649,2.2475,13.23,281.0,13724.0,2992.6797
3831,13.1711,12.5572,1.9838,13.0933,282.0,13400.0,2992.6797
3832,13.1254,13.0017,2.1308,12.9145,281.0,15512.0,2992.6797
3833,12.9348,12.6418,2.3048,13.9123,281.0,16476.0,2992.6797
3834,13.901,12.1076,2.1203,12.0835,281.0,14338.0,2992.6797
3835,12.0641,12.0003,2.005,12.3817,281.0,13762.0,2992.6797
3836,12.39,12.6677,2.0149,13.0737,281.0,16339.0,2992.6797
3837,13.0627,12.7432,1.9068,13.7247,281.0,14957.0,2992.6797
3838,13.6872,12.7024,2.1097,12.631,282.0,14787.0,2992.6797
3839,12.7173,11.4912,2.1705,12.8605,282.0,14565.0,2992.6797
3840,12.8204,12.7896,1.8602,13.5628,281.0,12646.0,2992.6797
3841,13.6138,12.675,2.1101,11.948,280.0,12854.0,2992.6797
3842,11.8839,12.1533,1.7618,13.8537,281.0,15835.0,2992.6797
3843,13.8798,12.4107,2.0449,12.4523,286.0,15115.0,2992.6797
3844,12.4931,12.0825,1.9323,12.883,284.0,12698.0,2992.6797
3845,12.8678,12.9171,1.914,13.3113,284.0,18151.0,2992.6797
3846,13.2868,12.8552,2.1987,13.1625,282.0,12290.0,2992.6797
3847,13.1718,12.2891,2.3895,13.262,282.0,16759.0,2992.6797
3848,13.2912,12.6087,2.0133,13.0618,282.0,12818.0,2992.6797
3849,13.0273,12.3886,1.8299,12.956,281.0,13012.0,2992.6797
3850,13.0005,12.6849,2.0561,13.4488,280.0,14762.0,2992.6797
3851,13.4673,12.7,2.3783,13.077,282.0,13716.0,2992.6797
3852,13.0633,12.3807,2.2421,13.8584,280.0,14322.0,2992.6797
3853,13.8956,12.1309,2.4782,12.9149,282.0,17096.0,2992.6797
3854,12.902,12.8385,2.225,12.3685,280.0,17104.0,2992.6797
3855,12.3486,12.5559,2.079,12.2524,280.0,14374.0,2992.6797
3856,12.199,12.8131,2.0302,13.8977,284.0,18794.0,2992.6797
3857,13.9337,12.0202,2.143,12.5025,280.0,14522.0,2992.6797
3858,12.4827,12.1564,2.2956,13.6307,282.0,14874.0,2992.6797
3859,13.6664,12.9275,2.0801,12.6068,284.0,12896.0,2992.6797
3860,12.578,12.9739,1.9806,13.3051,285.0,16084.0,2992.6797
3861,13.2985,12.5503,2.2816,13.7392,284.0,19656.0,2992.6797
3862,13.7339,11.535,1.8742,12.1909,283.0,12472.0,2992.6797
3863,12.239,12.9084,2.0068,13.4652,282.0,12924.0,2992.6797
3864,13.4435,12.9124,2.128,12.251,281.0,12912.0,2992.6797
3865,12.2572,12.4696,1.7334,13.8243,279.0,58606.0,2992.6797
3866,13.8254,12.0392,1.5881,12.0355,283.0,16262.0,2992.6797
3867,11.9865,12.011,1.5438,13.1152,279.0,13078.0,2992.6797
3868,13.1429,12.696,1.7517,13.0586,279.0,12786.0,2992.6797
3869,13.0528,12.7854,1.7464,12.7773,280.0,36064.0,2992.6797
3870,12.7103,12.6206,1.4457,13.6395,280.0,13824.0,2992.6797
3871,13.6623,11.5507,1.553,12.5021,281.0,19820.0,2992.6797
3872,12.532,12.0146,2.0717,13.1241,280.0,16586.0,2992.6797
3873,13.2252,12.8417,2.1852,14.9877,286.0,23576.0,2992.6797
3874,15.0517,12.4635,2.883,12.4715,284.0,22087.0,2992.6797
3875,12.3244,12.7221,2.1252,14.1973,285.0,17494.0,2992.6797
3876,14.3232,12.3506,2.6651,12.9355,285.0,16316.0,2992.6797
3877,13.0681,13.1546,2.5823,13.5563,284.0,14870.0,2992.6797
3878,13.5663,12.9798,2.9222,11.5153,282.0,13120.0,2992.6797
3879,11.2681,12.2814,2.4501,12.5771,283.0,14458.0,2992.6797
3880,12.5607,11.9558,2.0791,12.9227,286.0,14772.0,2992.6797
3881,13.0043,11.5566,2.0078,13.4568,284.0,17593.0,2992.6797
3882,13.3441,12.8723,1.7849,12.4333,281.0,18622.0,2992.6797
3883,12.462,12.8362,1.5923,12.9209,280.0,16294.0,2992.6797
3884,12.928,12.4822,1.9925,13.2553,281.0,14858.0,2992.6797
3885,13.2696,11.619,1.9239,12.3535,284.0,17477.0,2992.6797
3886,12.3624,12.7627,1.9414,13.5684,281.0,11110.0,2992.6797
3887,13.5889,12.8107,2.0509,12.6384,279.0,12798.0,2992.6797
3888,12.5643,12.7012,1.9093,13.3959,283.0,14684.0,2992.6797
3889,13.4573,11.9329,2.0347,13.0761,281.0,13965.0,2992.6797
3890,13.0643,11.5527,1.8266,12.9475,281.0,11324.0,2992.6797
3891,12.9351,12.7695,24.7383,14.9284,285.0,13963.0,2992.6797
3892,24.892,12.7695,2.5439,6.0203,283.0,16325.0,2992.6797
3893,5.4973,12.8701,2.8668,8.2244,285.0,15212.0,2992.6797
3894,8.1796,11.546,3.0379,13.0668,281.0,11906.0,2992.6797
3895,12.9932,12.6294,1.5573,13.0295,283.0,14166.0,2992.6797
3896,13.1253,12.6092,1.8751,12.152,282.0,16130.0,2992.6797
3897,12.1335,12.3488,2.0014,13.2784,279.0,17385.0,2992.6797
3898,13.2359,11.9268,1.7862,13.3655,281.0,14066.0,2992.6797
3899,13.358,12.4532,1.8621,13.2633,280.0,13446.0,2992.6797
3900,13.261,12.6968,2.0911,12.0322,280.0,15154.0,2992.6797
3901,12.0457,13.1516,2.1556,13.628,279.0,16084.0,2992.6797
3902,13.6243,12.5502,2.0068,13.2619,283.0,14362.0,2992.6797
3903,13.2952,11.4803,1.8861,12.2896,279.0,14106.0,2992.6797
3904,12.2931,12.4546,1.8457,12.7789,281.0,16339.0,2992.6797
3905,12.8094,12.4154,2.0697,12.6264,281.0,14713.0,2992.6797
3906,12.5741,12.593,1.9842,13.2674,281.0,14651.0,2992.6797
3907,13.3341,11.6031,1.9332,12.6648,285.0,14925.0,2992.6797
3908,12.6074,12.3274,1.8466,13.0515,284.0,12270.0,2992.6797
3909,13.0731,12.8442,1.9629,13.2686,284.0,12858.0,2992.6797
3910,13.3112,12.3636,2.2022,13.5429,281.0,15813.0,2992.6797
3911,13.5249,12.6731,2.489,13.6078,283.0,15101.0,2992.6797
3912,13.6761,12.5,2.7266,12.5775,282.0,12696.0,2992.6797
3913,12.5541,12.8835,2.3329,15.1072,279.0,18135.0,2992.6797
3914,15.0088,12.9107,2.0592,11.998,280.0,16481.0,2992.6797
3915,12.1206,13.0478,2.2307,13.1747,281.0,12576.0,2992.6797
3916,13.0674,12.59,1.9293,13.298,280.0,12816.0,2992.6797
3917,13.2614,12.4618,1.7216,12.4598,281.0,13950.0,2992.6797
3918,12.4773,12.6515,1.8577,12.9465,280.0,14192.0,2992.6797
3919,12.9707,12.6419,1.898,12.7079,281.0,13704.0,2992.6797
3920,12.6785,11.7445,1.8507,13.3359,281.0,14982.0,2992.6797
3921,13.4648,12.3865,2.0233,13.2308,282.0,16080.0,2992.6797
3922,13.0683,11.8528,1.7196,12.658,280.0,17472.0,2992.6797
3923,12.6889,12.9183,1.8226,12.9134,285.0,14390.0,2992.6797
3924,12.9528,12.7916,1.8476,13.6923,288.0,18586.0,2992.6797
3925,13.6521,12.6907,1.8196,13.3764,287.0,14406.0,2992.6797
3926,13.3579,11.5948,1.6606,12.3348,281.0,14990.0,2992.6797
3927,12.3834,12.8692,2.2435,13.103,281.0,13422.0,2992.6797
3928,13.1819,12.68,1.9793,12.4436,283.0,16082.0,2992.6797
3929,12.3897,12.7039,1.9095,13.561,279.0,19414.0,2992.6797
3930,13.5347,12.6235,1.9825,13.4285,279.0,11982.0,2992.6797
3931,13.4617,11.5393,1.8617,12.0767,280.0,12922.0,2992.6797
3932,12.0436,12.6294,1.863,12.8975,281.0,12934.0,2992.6797
3933,13.0195,12.772,1.9823,13.1959,281.0,59094.0,2992.6797
3934,13.0979,12.7032,1.9984,13.3472,282.0,15786.0,2992.6797
3935,13.2906,11.5391,1.7514,13.0068,280.0,13090.0,2992.6797
3936,13.0549,12.8498,1.8062,13.0683,281.0,12810.0,2992.6797
3937,13.0694,12.6432,1.9207,12.8093,283.0,36564.0,2992.6797
3938,12.7906,12.6865,1.9237,12.9877,280.0,13516.0,2992.6797
3939,13.0195,12.7105,2.1229,13.3527,285.0,19668.0,2992.6797
3940,13.2863,11.6092,1.6358,12.4871,286.0,19950.0,2992.6797
3941,12.4902,12.7127,1.6432,13.0984,292.0,24764.0,2992.6797
3942,13.1241,12.5493,1.7701,12.4823,285.0,17581.0,2992.6797
3943,12.4919,12.6234,1.829,13.5682,283.0,17492.0,2992.6797
3944,13.5623,11.4677,1.7369,12.9472,283.0,16314.0,2992.6797
3945,12.8865,11.7794,1.6884,12.2122,282.0,15630.0,2992.6797
3946,12.3426,12.7038,1.9592,12.7642,280.0,13604.0,2992.6797
3947,12.6882,12.8728,1.6945,13.6682,282.0,13242.0,2992.6797
3948,13.6566,12.517,1.8628,13.3386,281.0,15150.0,2992.6797
3949,13.3556,11.6318,1.8454,12.7938,283.0,17069.0,2992.6797
3950,12.8114,12.6146,1.8506,12.9812,280.0,18658.0,2992.6797
3951,12.9642,12.7564,1.8145,12.8446,283.0,16330.0,2992.6797
3952,12.7696,12.5955,1.5385,12.7322,282.0,18158.0,2992.6797
3953,12.8362,11.6317,1.7045,12.8995,284.0,14189.0,2992.6797
3954,12.8608,12.5114,1.7316,17.0694,1424.0,189460.0,3034.0547
3955,17.2145,12.8368,2.5903,11.5798,744.0,50130.0,3063.4297
3956,11.5556,14.3436,2.5817,13.2141,663.0,18690.0,3063.4297
3957,13.1337,13.6973,2.2551,14.1157,666.0,20588.0,3063.4297
3958,14.1646,10.8848,1.9438,12.2469,661.0,19855.0,3048.7422
3959,12.3553,11.1764,1.9725,11.8891,659.0,17238.0,3048.7422
3960,11.7579,11.9705,1.9,12.5635,660.0,20029.0,3028.0547
3961,12.5282,11.9642,2.0308,12.3109,657.0,22333.0,3028.0547
3962,12.3343,10.8386,2.0139,12.8584,659.0,20992.0,3028.0547
3963,12.847,11.8513,1.8755,11.7667,658.0,18708.0,3028.0547
3964,11.7774,11.7849,2.1437,11.6246,658.0,21056.0,3028.0547
3965,11.5923,11.7387,1.8542,12.5681,658.0,20396.0,3028.0547
3966,12.6182,10.7598,1.8385,11.3987,659.0,23957.0,3028.0547
3967,11.4236,11.8298,1.8386,12.4585,659.0,20166.0,3028.0547
3968,12.4211,11.9192,2.015,12.3526,659.0,19046.0,3028.0547
3969,12.3472,10.7496,2.213,13.0955,659.0,20754.0,3028.0547
3970,13.0971,10.7488,2.2194,11.3607,658.0,22052.0,3028.0547
3971,11.3329,12.0095,1.9789,11.714,663.0,20666.0,3028.0547
3972,11.6927,11.9385,1.7973,12.9427,663.0,20090.0,3028.0547
3973,12.9973,10.7985,1.9871,12.2784,665.0,22543.0,3028.0547
3974,12.2752,11.851,1.7693,11.7606,663.0,20475.0,2900.0547
3975,11.7867,11.9285,1.8514,11.8129,663.0,20633.0,2900.0547
3976,11.7773,11.8063,1.7437,12.7381,664.0,20119.0,2900.0547
3977,12.7592,10.7334,1.9506,11.9695,658.0,18686.0,2900.0547
3978,11.959,11.8564,1.8786,11.9501,659.0,18358.0,2900.0547
3979,12.0737,12.4315,2.052,13.1157,658.0,19326.0,2900.0547
3980,13.084,11.834,1.8401,12.163,659.0,18602.0,2900.0547
3981,12.1151,10.83,1.9191,12.2539,660.0,21674.0,2900.0547
3982,12.168,12.0725,1.5941,11.6593,658.0,17854.0,2900.0547
3983,11.6805,12.0492,2.1717,12.8307,660.0,18912.0,2900.0547
3984,12.8734,11.5537,2.1207,12.4365,659.0,19540.0,2900.0547
3985,12.4391,10.9546,1.4214,11.4871,658.0,19282.0,2900.0547
3986,11.4698,11.8146,1.8047,11.7787,659.0,21052.0,2900.0547
3987,11.791,11.882,1.7995,12.8942,662.0,19242.0,2900.0547
3988,13.0378,10.7778,1.9396,12.7551,664.0,22302.0,2900.0547
3989,12.6216,11.891,1.8914,11.8726,664.0,24356.0,2900.0547
3990,11.8672,11.9676,1.9945,11.6317,662.0,19878.0,2900.0547
3991,11.6005,11.8,1.9665,12.3903,666.0,24568.0,2900.0547
3992,12.4217,10.7497,2.2807,11.9803,660.0,20974.0,2900.0547
3993,12.096,11.918,1.9698,12.1166,659.0,21318.0,2900.0547
3994,12.0282,11.817,1.9534,12.3953,658.0,19388.0,2900.0547
3995,12.334,11.6115,1.7978,12.5454,659.0,22036.0,2900.0547
3996,12.6639,11.1652,1.9909,11.8575,658.0,25382.0,2900.0547
3997,11.7912,12.0271,1.8736,11.7848,659.0,17962.0,2900.0547
3998,11.848,11.4497,1.9984,12.6792,659.0,18890.0,2900.0547
3999,12.5849,10.798,1.9231,12.3694,658.0,18878.0,2900.0547
4000,12.3563,11.8288,1.7566,11.8538,659.0,65050.0,2900.0547
4001,11.9166,11.8578,2.0139,11.7393,660.0,21742.0,2900.0547
4002,11.6795,11.7911,1.6638,12.6502,660.0,20182.0,2900.0547
4003,12.6757,10.7383,1.8501,11.7598,662.0,32624.0,2900.0547
4004,11.7647,11.8396,1.8635,12.3755,662.0,28962.0,2900.0547
4005,12.3744,11.8312,2.0368,12.2912,666.0,29530.0,2900.0547
4006,12.2638,11.7849,1.9127,12.1733,665.0,30574.0,2900.0547
4007,12.2293,10.7533,1.8343,11.9716,661.0,21306.0,2900.0547
4008,11.9258,11.8811,2.0277,11.4619,663.0,23612.0,2900.0547
4009,11.5551,11.7704,1.8893,12.7639,660.0,22050.0,2900.0547
4010,12.6722,10.7331,1.9736,13.6533,660.0,21396.0,2900.0547
4011,13.7008,11.0771,2.0751,11.7385,659.0,19186.0,2900.0547
4012,11.743,11.7162,2.2631,10.7573,660.0,21118.0,2900.0547
4013,10.7314,12.0923,2.2803,12.5047,660.0,21118.0,2900.0547
4014,12.5511,10.7139,1.9958,12.2404,658.0,23402.0,2900.0547
4015,12.2668,11.8972,1.8358,12.0266,660.0,24444.0,2900.0547
4016,11.9286,11.8361,1.9352,11.9835,659.0,20632.0,2900.0547
4017,12.0262,11.5165,1.9178,12.4825,663.0,21063.0,2900.0547
4018,12.5448,10.7169,1.7026,12.0228,659.0,25984.0,2900.0547
4019,11.967,11.8529,1.7957,12.0563,662.0,25206.0,2900.0547
4020,12.0299,12.1014,2.0663,12.583,662.0,17490.0,2900.0547
4021,12.5529,11.653,1.9927,12.4805,663.0,20878.0,2900.0547
4022,12.4411,11.026,1.6825,11.3241,661.0,18892.0,2900.0547
4023,11.364,11.9459,1.8514,12.2874,661.0,19356.0,2900.0547
4024,12.3124,11.789,1.8527,12.7657,660.0,21048.0,2900.0547
4025,12.8195,10.7476,1.8687,12.321,661.0,19273.0,2900.0547
4026,12.4699,11.8292,2.1157,11.7533,665.0,22991.0,2900.0547
4027,11.5914,11.9634,2.0425,11.9469,659.0,37942.0,2900.0547
4028,11.9628,11.7697,1.7908,12.5869,659.0,18030.0,2900.0547
4029,12.5514,10.7284,1.9255,12.0642,659.0,18706.0,2900.0547
4030,12.0706,11.9731,1.8833,12.6275,662.0,20556.0,2900.0547
4031,12.6573,11.8779,2.0733,11.5333,660.0,19789.0,2900.0547
4032,11.4908,11.6129,2.1634,12.6416,658.0,17412.0,2900.0547
4033,12.6699,11.0293,1.9268,11.8606,658.0,20171.0,2900.0547
4034,11.8369,11.8291,1.7574,11.635,658.0,22193.0,2900.0547
4035,11.5386,11.869,1.8846,12.2154,663.0,21990.0,2900.0547
4036,12.3331,10.7836,2.1265,12.8902,662.0,19454.0,2900.0547
4037,12.8724,11.9369,1.9837,11.5563,662.0,19818.0,2900.0547
4038,11.6208,11.9069,1.8388,12.0529,660.0,21606.0,2900.0547
4039,11.9537,11.8551,1.5778,12.8688,660.0,23125.0,2900.0547
4040,12.8982,10.8728,2.0023,11.3314,660.0,20252.0,2900.0547
4041,11.4053,11.8591,1.7116,12.8381,658.0,18570.0,2900.0547
4042,12.7899,11.9676,1.9575,11.9082,658.0,20374.0,2900.0547
4043,11.9063,11.8245,2.0453,12.6493,659.0,22590.0,2900.0547
4044,12.6041,10.6717,1.6443,12.2914,658.0,20860.0,2900.0547
4045,12.3035,11.8396,2.0609,11.0782,658.0,20294.0,2900.0547
4046,11.1509,11.8537,1.921,12.7642,661.0,21951.0,2900.0547
4047,12.7933,10.7617,2.1916,12.3661,662.0,20485.0,2900.0547
4048,12.2721,11.7922,1.9044,12.543,661.0,20263.0,2900.0547
4049,12.5667,12.1129,1.8792,11.9303,660.0,20093.0,2900.0547
4050,11.8776,11.8983,2.0448,12.8644,659.0,18698.0,2900.0547
4051,12.9229,10.7359,2.4699,12.5854,664.0,18374.0,2900.0547
4052,12.5507,11.0575,1.8974,12.1247,662.0,19330.0,2900.0547
4053,12.2672,11.8998,2.0171,11.376,663.0,19610.0,2900.0547
4054,11.2823,11.8109,2.0377,12.3145,661.0,21028.0,2900.0547
4055,12.2849,10.7751,2.0623,11.7404,660.0,17488.0,2900.0547
4056,11.8543,11.6474,1.9027,11.332,662.0,19852.0,2900.0547
4057,11.2069,11.6503,1.7423,12.8161,659.0,18602.0,2900.0547
4058,12.8552,11.4645,1.8348,12.526,658.0,20018.0,2900.0547
4059,12.4859,11.1071,1.8908,11.844,659.0,21700.0,2900.0547
4060,12.0791,11.8253,2.1021,11.5657,659.0,18960.0,2900.0547
4061,11.3558,12.0788,2.0078,12.9133,658.0,22012.0,2900.0547
4062,12.8895,10.9764,2.8131,12.6084,660.0,23888.0,2900.0547
4063,12.6292,11.7188,1.7114,12.3888,659.0,20152.0,2900.0547
4064,12.5191,11.7358,1.7955,11.1169,663.0,25194.0,2900.0547
4065,11.1121,11.3432,1.8388,12.5075,658.0,19826.0,2900.0547
4066,12.4272,10.9765,1.9084,11.6586,659.0,21168.0,2900.0547
4067,11.6841,11.5641,1.6214,12.2029,662.0,19538.0,2900.0547
4068,12.2476,11.5625,2.0019,12.7607,664.0,22370.0,2900.0547
4069,12.6699,10.8978,2.1221,12.093,663.0,24934.0,2900.0547
4070,12.0969,11.086,2.1173,11.9946,660.0,17952.0,2900.0547
4071,11.9818,11.8331,2.2999,11.7717,660.0,18880.0,2900.0547
4072,11.7978,11.9985,2.3636,12.2065,660.0,18880.0,2900.0547
4073,12.1454,10.7427,2.1952,12.1546,658.0,65038.0,2900.0547
4074,12.1721,11.8561,1.8438,12.0026,661.0,21754.0,2900.0547
4075,12.1139,11.8439,2.0977,12.0808,659.0,20634.0,2900.0547
4076,12.0243,11.8874,2.285,12.4517,658.0,32584.0,2900.0547
4077,12.3906,10.7712,1.7823,11.8651,661.0,33732.0,2900.0547
4078,11.8451,11.859,1.7404,12.1156,661.0,24786.0,2900.0547
4079,12.2288,12.0284,2.1055,12.5143,665.0,30158.0,2900.0547
4080,12.4763,11.5549,1.9534,12.1944,659.0,21672.0,2900.0547
4081,12.2535,11.0306,2.0834,12.1702,660.0,23970.0,2900.0547
4082,12.0719,11.9104,1.8997,11.548,660.0,24646.0,2900.0547
4083,11.5737,11.798,1.9226,12.6872,664.0,18064.0,2900.0547
4084,12.7073,10.7276,2.0892,12.7498,662.0,19642.0,2900.0547
4085,12.735,12.0214,1.9382,11.5193,663.0,20550.0,2900.0547
4086,11.6101,11.8869,2.0327,11.8304,661.0,21944.0,2900.0547
4087,11.7261,11.8281,1.8816,12.6595,660.0,22702.0,2900.0547
4088,12.7635,10.7645,1.7694,12.201,663.0,24324.0,2900.0547
4089,12.022,11.8583,1.665,11.9194,659.0,20728.0,2900.0547
4090,12.0158,11.5969,2.0525,11.9041,663.0,22253.0,2900.0547
4091,11.9174,11.5627,1.9592,12.406,658.0,25332.0,2900.0547
4092,12.3883,10.9838,2.0053,11.9767,658.0,24652.0,2900.0547
4093,12.1108,11.8881,1.8888,11.8786,659.0,17498.0,2900.0547
4094,11.8015,12.1178,2.0941,12.83,659.0,20874.0,2900.0547
4095,12.7644,10.7573,2.3903,13.1475,658.0,18878.0,2900.0547
4096,13.2086,11.9405,2.208,11.6715,658.0,19342.0,2900.0547
4097,11.6467,12.0063,2.0808,11.7222,661.0,22833.0,2900.0547
4098,11.7111,12.0021,2.1366,13.1754,659.0,17570.0,2900.0547
4099,13.1555,10.7891,2.9188,11.7057,668.0,22911.0,2900.0547
4100,11.7228,11.5967,1.9068,12.3408,664.0,37910.0,2900.0547
4101,12.3823,11.8984,2.0523,12.0221,663.0,18082.0,2900.0547
4102,12.0216,11.8919,1.8473,12.4708,660.0,18552.0,2900.0547
4103,12.4381,10.7376,2.0345,12.1843,666.0,20582.0,2900.0547
4104,12.1909,12.0081,1.9484,12.2746,662.0,19743.0,2900.0547
4105,12.2253,12.027,1.9664,11.8575,659.0,17798.0,2900.0547
4106,11.8224,11.878,1.8605,12.8011,658.0,21519.0,2900.0547
4107,12.9337,10.7214,1.7787,11.7744,658.0,21403.0,2900.0547
4108,11.7682,11.8249,1.8904,11.8488,658.0,22874.0,2900.0547
4109,11.7503,11.8458,1.8312,12.3595,659.0,18220.0,2900.0547
4110,12.3939,10.7678,1.7542,12.4345,658.0,20452.0,2900.0547
4111,12.4115,11.8672,1.5451,11.6479,658.0,20840.0,2900.0547
4112,11.6701,11.8686,1.6477,12.5715,659.0,23695.0,2900.0547
4113,12.5419,11.8446,1.8317,12.3027,658.0,19786.0,2900.0547
4114,12.3011,10.8149,2.015,12.5149,658.0,18202.0,2900.0547
4115,12.5959,11.9364,1.8649,11.7788,662.0,20904.0,2900.0547
4116,11.7904,11.8904,1.9647,12.0153,663.0,22560.0,2900.0547
4117,11.9651,11.8338,1.9413,12.4039,663.0,21312.0,2900.0547
4118,12.4252,10.7437,1.8693,11.618,660.0,21424.0,2900.0547
4119,11.6326,11.5464,1.8728,12.2384,662.0,20253.0,2900.0547
4120,12.2342,11.9239,1.9474,12.9428,662.0,20095.0,2900.0547
4121,12.9218,11.6527,1.8854,12.1476,661.0,20263.0,2900.0547
4122,12.1193,10.973,1.7047,12.3631,660.0,20093.0,2900.0547
4123,12.4117,11.8907,1.9005,11.0208,658.0,18686.0,2900.0547
4124,11.0695,11.889,1.7738,12.8985,658.0,18346.0,2900.0547
4125,12.8273,10.7522,1.9076,12.4299,659.0,20342.0,2900.0547
4126,12.4843,11.5527,1.6866,11.6862,659.0,18970.0,2900.0547
4127,11.6684,11.7886,1.9314,11.9449,660.0,20670.0,2900.0547
4128,11.9226,11.7818,1.4963,12.55,658.0,17486.0,2900.0547
4129,12.6044,10.7485,1.5339,12.0554,659.0,19838.0,2900.0547
4130,11.9568,11.8958,1.7961,11.9809,658.0,19326.0,2900.0547
4131,12.0293,11.9101,2.045,12.2621,663.0,20470.0,2900.0547
4132,12.2247,11.7105,1.9797,12.6526,663.0,21626.0,2900.0547
4133,12.656,11.0016,1.9458,12.3379,662.0,18534.0,2900.0547
4134,12.3994,11.9047,1.875,11.5574,661.0,21718.0,2900.0547
4135,11.4482,11.4756,1.7125,12.4481,662.0,24336.0,2900.0547
4136,12.4994,10.7538,1.8727,12.7988,660.0,20414.0,2900.0547
4137,12.7398,11.5547,2.1879,11.3738,662.0,24246.0,2900.0547
4138,11.4299,11.6033,1.9867,11.7293,660.0,19856.0,2900.0547
4139,11.7304,11.4048,1.9239,12.4811,658.0,21300.0,2900.0547
4140,12.4998,10.7002,1.878,11.9432,658.0,20264.0,2900.0547
4141,11.8987,11.5374,1.9443,11.3493,659.0,21324.0,2900.0547
4142,11.4778,11.5725,1.9909,12.3193,660.0,24942.0,2900.0547
4143,12.1895,10.7343,1.7582,12.7426,658.0,18414.0,2900.0547
4144,12.8461,11.4829,2.0166,11.5338,659.0,18890.0,2900.0547
4145,11.4282,12.1431,1.8636,11.6475,658.0,23646.0,2900.0547
4146,11.6522,10.9818,1.8828,12.5913,658.0,59806.0,2900.0547
4147,12.6189,10.67,1.9115,11.9745,664.0,22710.0,2900.0547
4148,11.987,11.3101,1.8643,12.6265,663.0,21270.0,2900.0547
4149,12.609,11.6019,1.8793,11.6314,663.0,35636.0,2900.0547
4150,11.6274,11.3738,1.7976,11.8981,662.0,29684.0,2900.0547
4151,11.9129,10.8003,1.8498,12.0517,663.0,25322.0,2900.0547
4152,12.002,11.698,1.8464,11.874,665.0,29376.0,2900.0547
4153,11.93,10.958,2.1704,12.5139,660.0,24652.0,2900.0547
4154,12.6111,10.7846,2.0402,12.4916,659.0,20622.0,2900.0547
4155,12.4553,11.8852,1.9586,11.744,661.0,24658.0,2900.0547
4156,11.7401,11.8258,1.9774,11.5354,659.0,18048.0,2900.0547
4157,11.5312,11.7762,1.6486,12.8392,658.0,19542.0,2900.0547
4158,12.7719,10.7119,1.8471,11.7423,659.0,21382.0,2900.0547
4159,11.6914,11.9812,1.7253,11.9209,660.0,21944.0,2900.0547
4160,11.9944,12.0289,2.0144,12.4221,659.0,25318.0,2900.0547
4161,12.4357,11.4982,2.0056,12.6497,659.0,20866.0,2900.0547
4162,12.6877,10.7102,1.9637,12.0984,660.0,22360.0,2900.0547
4163,12.0955,11.9573,1.9278,12.064,666.0,27125.0,2900.0547
4164,12.0949,11.8152,1.949,12.1514,662.0,24574.0,2900.0547
4165,12.0757,11.45,2.0915,12.7111,662.0,19014.0,2900.0547
4166,12.687,11.0385,1.8295,11.5786,660.0,17488.0,2900.0547
4167,11.652,11.9373,1.8487,12.5845,663.0,20900.0,2900.0547
4168,12.6219,11.8107,1.9859,12.1053,660.0,18880.0,2900.0547
4169,12.1594,10.7212,2.0562,12.6061,658.0,19246.0,2900.0547
4170,12.4881,11.7781,1.9757,11.5601,660.0,22989.0,2900.0547
4171,11.6476,11.9302,2.0852,12.0397,663.0,21192.0,2900.0547
4172,11.9494,11.8193,1.8545,12.9249,660.0,19165.0,2900.0547
4173,12.9368,10.7919,1.8195,11.5796,659.0,37942.0,2900.0547
4174,11.5844,11.8847,1.7351,11.552,660.0,17898.0,2900.0547
4175,11.5104,11.894,1.8205,12.4523,659.0,18562.0,2900.0547
4176,12.4683,11.5313,2.0372,12.6865,662.0,20604.0,2900.0547
4177,12.7963,10.927,1.8882,12.0876,660.0,20115.0,2900.0547
4178,12.0443,11.829,1.8333,12.205,658.0,18990.0,2900.0547
4179,12.2073,11.2495,2.0608,11.8667,662.0,20829.0,2900.0547
4180,11.8377,13.394,2.0237,14.0545,663.0,24777.0,2900.0547
4181,14.0473,10.7509,1.9795,12.053,662.0,18852.0,2900.0547
4182,12.0833,12.0516,1.753,12.1959,661.0,19138.0,2900.0547
4183,12.2882,12.3241,2.1854,13.5806,660.0,20426.0,2900.0547
4184,13.5262,11.574,1.9354,12.0788,661.0,20262.0,2900.0547
4185,12.0856,10.8066,1.9603,11.9113,658.0,25371.0,2900.0547
4186,11.8115,11.8631,1.8992,11.5792,659.0,17742.0,2900.0547
4187,11.5982,11.8155,1.9437,12.5598,660.0,19302.0,2900.0547
4188,12.5427,10.7529,2.0588,12.4324,658.0,21942.0,2900.0547
4189,12.4542,11.9313,1.9182,12.1917,659.0,21270.0,2900.0547
4190,12.2678,12.1651,2.0011,12.1596,658.0,20832.0,2900.0547
4191,12.0409,12.0695,1.7819,12.6996,659.0,21066.0,2900.0547
4192,12.7663,10.7476,1.8632,12.0942,663.0,22134.0,2900.0547
4193,12.0955,11.9642,1.9998,13.0087,661.0,18258.0,2900.0547
4194,13.029,12.394,2.0781,12.8969,660.0,20251.0,2900.0547
4195,12.8756,11.9419,2.0964,12.5479,664.0,20561.0,2900.0547
4196,12.5377,10.7719,2.1848,11.5291,662.0,18226.0,2900.0547
4197,11.525,12.2457,2.0739,13.0162,662.0,18350.0,2900.0547
4198,13.0593,12.2617,2.2178,11.8417,661.0,21080.0,2900.0547
4199,11.8387,12.0034,1.6527,12.6058,661.0,18236.0,2900.0547
4200,12.475,10.7028,1.4348,12.0375,661.0,20660.0,2900.0547
4201,12.1242,11.9122,1.6146,12.6981,658.0,17486.0,2900.0547
4202,12.7123,12.1889,2.151,11.5948,661.0,20230.0,2900.0547
4203,11.5762,11.8654,2.0344,13.2063,660.0,19842.0,2900.0547
4204,13.2158,10.7188,2.0161,11.7838,658.0,20118.0,2900.0547
4205,11.7643,11.9862,1.8272,12.0619,660.0,21786.0,2900.0547
4206,12.0522,12.481,2.3268,12.808,660.0,17878.0,2900.0547
4207,12.9013,11.2527,2.2462,12.6206,658.0,22816.0,2900.0547
4208,12.6618,11.2659,1.9544,12.5386,659.0,24664.0,2900.0547
4209,12.4133,11.8776,2.0353,11.8038,658.0,19108.0,2900.0547
4210,11.7899,11.8903,1.8444,11.9402,663.0,24108.0,2900.0547
4211,11.9405,10.7183,2.0219,12.859,662.0,19986.0,2900.0547
4212,12.931,11.9298,1.8021,12.0615,662.0,21154.0,2900.0547
4213,11.9995,12.0083,1.7295,12.8559,663.0,20280.0,2900.0547
4214,12.9473,12.5469,2.3124,12.6547,663.0,21350.0,2900.0547
4215,12.5686,10.8546,2.0031,12.6421,660.0,25384.0,2900.0547
4216,12.6054,11.7305,1.7433,11.0633,660.0,18416.0,2900.0547
4217,11.1924,11.8112,2.1181,12.3615,658.0,23646.0,2900.0547
4218,12.2372,11.7525,1.7605,12.445,659.0,18426.0,2900.0547
4219,12.522,10.7592,2.0037,12.3097,658.0,60270.0,2900.0547
4220,12.3194,11.7913,1.9891,12.3065,660.0,24364.0,2900.0547
4221,12.3191,12.43,2.3591,12.2106,660.0,23788.0,2900.0547
4222,12.1621,11.8932,1.9851,12.4484,658.0,31582.0,2900.0547
4223,12.5004,10.7815,2.1146,11.4046,660.0,29244.0,2900.0547
4224,11.3837,11.7284,1.5453,12.9723,663.0,28988.0,2900.0547
4225,12.9201,11.6749,1.6188,11.915,666.0,28946.0,2900.0547
4226,11.8795,11.0167,1.8277,12.7622,659.0,21304.0,2900.0547
4227,12.9228,11.5408,2.031,11.691,664.0,20638.0,2900.0547
4228,11.5877,12.1852,1.9933,11.8461,664.0,25114.0,2900.0547
4229,11.8575,11.7602,1.9444,13.0343,662.0,17576.0,2900.0547
4230,13.1584,10.7291,2.0816,12.1495,661.0,19556.0,2900.0547
4231,12.1074,11.6749,2.1654,11.6614,662.0,22174.0,2900.0547
4232,11.629,11.8705,1.9351,11.7985,661.0,21156.0,2900.0547
4233,11.8403,11.8541,1.8032,12.9942,660.0,25186.0,2900.0547
4234,12.921,10.8061,1.9439,11.4881,659.0,22534.0,2900.0547
4235,11.5049,12.0132,1.8861,12.3907,661.0,23042.0,2900.0547
4236,12.3951,12.3022,2.0978,12.8719,660.0,25331.0,2900.0547
4237,12.836,12.1185,2.0555,13.7245,658.0,24142.0,2900.0547
4238,13.8127,10.7939,2.2601,12.0024,659.0,19022.0,2900.0547
4239,12.2195,12.1333,2.9039,12.4338,658.0,17486.0,2900.0547
4240,12.2878,12.0921,2.2338,11.9155,659.0,20874.0,2900.0547
4241,11.7784,11.5944,1.9014,13.3066,659.0,18794.0,2900.0547
4242,13.3767,10.7616,2.1844,12.3233,658.0,19414.0,2900.0547
4243,12.2291,12.1892,2.1132,12.021,668.0,26615.0,2900.0547
4244,12.0454,11.971,2.6122,11.8704,664.0,19265.0,2900.0547
4245,11.8735,11.7593,2.3001,13.757,663.0,19002.0,2900.0547
4246,13.7867,11.0742,2.1386,11.6601,660.0,36192.0,2900.0547
4247,11.6499,12.2306,2.6236,12.0738,660.0,17732.0,2900.0547
4248,12.1999,12.109,2.2111,12.632,662.0,20615.0,2900.0547
4249,12.5277,11.7503,2.194,13.082,662.0,19083.0,2900.0547
4250,13.0468,11.0541,2.0199,12.5237,660.0,19549.0,2900.0547
4251,12.6509,11.9294,2.112,11.073,658.0,20190.0,2900.0547
4252,10.9923,12.0587,2.4384,12.6263,658.0,21759.0,2900.0547
4253,12.6348,11.8304,2.3125,13.1726,658.0,23083.0,2900.0547
4254,13.1494,11.0655,2.0486,11.9885,659.0,19728.0,2900.0547
4255,11.9967,11.9367,2.1423,11.724,658.0,19096.0,2900.0547
4256,11.7258,11.7939,2.3077,13.54,659.0,19844.0,2900.0547
4257,13.5222,10.8129,2.2798,11.8426,659.0,19892.0,2900.0547
4258,11.8287,11.0183,2.1626,12.3091,658.0,25371.0,2900.0547
4259,12.4567,12.1247,2.2299,11.9259,662.0,18652.0,2900.0547
4260,11.8484,11.9849,2.4267,13.1982,662.0,20482.0,2900.0547
4261,13.162,10.8576,2.1688,12.0288,663.0,20992.0,2900.0547
4262,12.1134,12.0906,2.0389,13.1231,662.0,20964.0,2900.0547
4263,13.1177,12.0895,2.3517,11.2852,660.0,19954.0,2900.0547
4264,11.2893,12.0838,2.2543,12.8308,660.0,21472.0,2900.0547
4265,12.8577,10.923,2.1762,11.9015,663.0,21766.0,2900.0547
4266,11.7816,11.9311,2.2043,13.4741,658.0,18222.0,2900.0547
4267,13.4798,12.0824,2.0965,11.3432,660.0,20715.0,2900.0547
4268,11.3191,11.9347,2.2965,12.6448,660.0,20093.0,2900.0547
4269,12.6511,10.7566,2.1074,11.4048,658.0,18222.0,2900.0547
4270,11.4455,12.1165,2.4062,13.0422,659.0,19730.0,2900.0547
4271,13.1136,11.8546,2.2425,11.9934,658.0,19694.0,2900.0547
4272,11.95,11.5738,2.1724,12.7751,658.0,18590.0,2900.0547
4273,12.6935,11.0055,2.0054,11.8558,658.0,20278.0,2900.0547
4274,11.8964,11.9133,2.2411,11.7477,658.0,17486.0,2900.0547
4275,11.8835,12.0312,2.1879,13.118,663.0,21070.0,2900.0547
4276,12.9661,11.5872,1.8473,13.118,664.0,19142.0,2900.0547
4277,13.0511,11.0884,1.9672,12.5733,662.0,20640.0,2900.0547
4278,12.6207,12.0888,2.2234,11.6413,662.0,21114.0,2900.0547
4279,11.77,12.0488,2.4601,12.2379,661.0,18980.0,2900.0547
4280,12.2345,10.9326,2.0799,12.6932,660.0,23160.0,2900.0547
4281,12.6863,11.8963,2.371,11.7572,660.0,23740.0,2900.0547
4282,11.7207,11.9235,2.1426,12.6599,658.0,18590.0,2900.0547
4283,12.6774,11.9112,2.2204,12.2909,664.0,24794.0,2900.0547
4284,12.2595,10.7483,2.0155,12.473,658.0,19458.0,2900.0547
4285,12.4038,12.0532,2.2809,12.697,658.0,21000.0,2900.0547
4286,12.7449,11.9178,2.2068,11.813,658.0,20264.0,2900.0547
4287,11.9111,11.6912,2.6397,13.3171,659.0,23332.0,2900.0547
4288,13.3664,10.7987,2.8414,11.0242,659.0,23386.0,2900.0547
4289,10.8813,11.9967,2.3458,12.9637,659.0,23658.0,2900.0547
4290,13.0414,11.9755,2.2656,11.6636,660.0,18438.0,2900.0547
4291,11.5398,11.8527,2.1836,12.9046,662.0,18882.0,2900.0547
4292,12.9996,10.7718,2.3606,12.072,662.0,61932.0,2900.0547
4293,12.0255,12.0796,2.1649,12.5108,666.0,26902.0,2900.0547
4294,12.6517,11.9887,2.335,11.853,661.0,19616.0,2900.0547
4295,11.7593,11.2966,2.3529,12.6978,661.0,31282.0,2900.0547
4296,12.6393,11.0283,2.8788,13.5805,662.0,30558.0,2900.0547
4297,13.7054,12.305,2.6661,12.8257,663.0,31860.0,2900.0547
4298,12.7809,12.2987,2.7614,11.6608,660.0,24534.0,2900.0547
4299,11.6433,11.6301,2.2522,13.0942,661.0,21328.0,2900.0547
4300,13.0439,11.06,2.2488,12.0789,659.0,21086.0,2900.0547
4301,12.0942,12.1215,2.3247,11.5456,660.0,24646.0,2900.0547
4302,11.5678,11.5561,2.0538,12.6035,659.0,17584.0,2900.0547
4303,12.5999,11.9616,2.0606,13.8,660.0,19604.0,2900.0547
4304,13.8155,11.101,2.4113,10.801,661.0,22610.0,2900.0547
4305,10.7479,11.7257,2.3319,13.0576,659.0,20546.0,2900.0547
4306,13.1201,11.7454,2.4114,11.2377,661.0,29440.0,2900.0547
4307,11.1912,10.8523,2.7183,12.8721,664.0,20646.0,2900.0547
4308,12.9598,11.4095,2.7756,14.3359,664.0,23661.0,2900.0547
4309,14.3194,12.1724,2.7112,11.0697,665.0,23540.0,2900.0547
4310,11.162,11.8709,2.8821,11.9545,660.0,23130.0,2900.0547
4311,11.822,10.9353,2.8321,12.7535,660.0,19012.0,2900.0547
4312,12.7074,11.0931,2.6977,11.9908,660.0,19176.0,2900.0547
4313,12.0336,11.6999,2.446,11.5107,659.0,19090.0,2900.0547
4314,11.5397,11.6724,2.4711,12.6847,659.0,18962.0,2900.0547
4315,12.6327,10.8464,2.3261,11.8125,663.0,23048.0,2900.0547
4316,11.9115,12.0288,2.6521,14.3249,660.0,22821.0,2900.0547
4317,15.2108,12.2604,3.6929,12.5923,660.0,20953.0,2900.0547
4318,11.7643,13.5032,2.7017,13.3414,658.0,18842.0,2900.0547
4319,13.2595,10.8674,2.7253,13.6682,658.0,34450.0,2900.0547
4320,13.7469,11.4149,3.1001,12.3263,659.0,19574.0,2900.0547
4321,12.2169,11.8654,2.7296,9.5261,661.0,19359.0,2900.0547
4322,9.5603,11.7934,2.5848,12.4451,662.0,18517.0,2900.0547
4323,12.3119,10.7944,2.2358,13.1048,664.0,20609.0,2900.0547
4324,13.2794,11.7463,2.5423,13.7706,662.0,21224.0,2900.0547
4325,13.7386,11.8138,2.7412,10.7333,663.0,20097.0,2900.0547
4326,10.7035,12.0695,2.7612,13.0519,660.0,23953.0,2900.0547
4327,13.0841,10.8039,3.0489,14.0706,660.0,19280.0,2900.0547
4328,14.0188,11.7606,2.5337,9.8939,661.0,18928.0,2900.0547
4329,9.9184,11.3744,2.5497,11.3249,659.0,19476.0,2900.0547
4330,11.3538,11.2957,2.3812,12.9367,658.0,20430.0,2900.0547
4331,12.8921,11.1497,2.5372,11.1593,660.0,25763.0,2900.0547
4332,11.2055,11.6487,2.4036,12.0161,659.0,18186.0,2900.0547
4333,11.9701,11.7841,2.2551,11.9609,659.0,20830.0,2900.0547
4334,12.0062,11.2647,2.0207,12.5447,658.0,21024.0,2900.0547
4335,12.5866,11.0131,2.5243,11.8082,658.0,20010.0,2900.0547
4336,11.7069,11.5613,2.2669,11.0043,658.0,20950.0,2900.0547
4337,10.9605,11.7905,2.0397,12.9892,658.0,20568.0,2900.0547
4338,12.9802,10.7495,2.1064,11.849,662.0,21754.0,2900.0547
4339,12.0093,11.5834,2.7202,12.6243,663.0,18702.0,2900.0547
4340,12.6002,11.6397,2.3116,11.8832,664.0,20255.0,2900.0547
4341,11.7387,11.4786,2.1485,11.9362,666.0,20121.0,2900.0547
4342,11.9827,11.0992,2.1309,12.4868,661.0,19608.0,2900.0547
4343,12.5506,11.6338,2.1007,11.5274,660.0,18348.0,2900.0547
4344,11.4693,11.6579,2.1865,12.6427,661.0,19708.0,2900.0547
4345,12.7298,10.7783,1.991,12.5494,658.0,18590.0,2900.0547
4346,12.5407,11.0551,2.2768,12.2546,660.0,20302.0,2900.0547
4347,12.2395,13.1354,2.6219,12.5075,660.0,18246.0,2900.0547
4348,12.5659,12.6102,2.4984,14.0466,660.0,20342.0,2900.0547
4349,14.0497,10.8451,2.4666,13.4762,659.0,20168.0,2900.0547
4350,13.3342,12.1415,2.9847,13.3081,658.0,20496.0,2900.0547
4351,13.3687,12.1194,3.8779,10.8837,660.0,21164.0,2900.0547
4352,10.9914,12.1939,2.7613,14.8003,659.0,19952.0,2900.0547
4353,14.6899,11.1246,2.699,12.3242,658.0,22116.0,2900.0547
4354,12.3287,12.0876,3.3972,11.2705,660.0,22854.0,2900.0547
4355,11.2625,12.0752,2.7427,12.8817,662.0,19312.0,2900.0547
4356,12.9083,12.1822,2.4045,12.45,666.0,24212.0,2900.0547
4357,12.4748,10.92,2.7566,12.1035,664.0,19330.0,2900.0547
4358,12.0825,12.4082,2.8724,11.8176,660.0,21002.0,2900.0547
4359,11.7687,12.1162,2.4014,13.3446,661.0,21822.0,2900.0547
4360,13.4156,11.8693,2.5516,12.7302,662.0,21802.0,2900.0547
4361,12.658,10.8245,2.7171,12.0919,659.0,23386.0,2900.0547
4362,12.1474,11.4843,2.6191,11.0141,660.0,23670.0,2900.0547
4363,10.9933,12.1955,2.5477,12.4766,659.0,18426.0,2900.0547
4364,12.4901,12.1411,2.4149,13.6774,658.0,26232.0,2900.0547
4365,13.586,10.8278,2.5854,11.0297,661.0,58708.0,2900.0547
4366,11.069,11.2007,2.2127,12.1855,660.0,23090.0,2900.0547
4367,12.226,12.0004,2.0721,15.6705,658.0,21040.0,2900.0547
4368,15.765,11.5142,2.6626,12.253,659.0,31364.0,2900.3047
4369,12.1925,11.2287,2.9195,13.6958,661.0,36720.0,2900.3047
4370,13.7529,11.173,3.3196,12.1567,661.0,24846.0,2900.3047
4371,12.0787,12.0427,3.5646,8.4189,664.0,23540.0,2900.3047
4372,8.4108,11.1006,2.4152,12.9132,664.0,22152.0,2900.3047
4373,12.9182,10.822,2.3547,12.264,664.0,20270.0,2900.3047
4374,12.2967,11.1119,2.4104,14.3549,663.0,24660.0,2900.3047
4375,14.3118,11.8036,3.1023,10.8835,662.0,17550.0,2900.3047
4376,10.9333,11.5868,2.7502,11.2615,660.0,20094.0,2900.3047
4377,11.2229,11.4772,2.8281,14.789,660.0,21942.0,2900.3047
4378,14.7742,12.579,3.4172,11.3198,659.0,22240.0,2900.3047
4379,11.3264,12.1082,3.6429,11.0933,662.0,30144.0,2900.3047
4380,11.0594,12.1079,2.2337,13.0141,659.0,18436.0,2900.3047
4381,13.1516,10.7798,2.3307,12.5478,659.0,27358.0,2900.3047
4382,12.4402,11.2455,2.1307,12.3247,661.0,19823.0,2900.3047
4383,12.4218,11.798,2.3754,11.9312,659.0,23140.0,2900.3047
4384,11.8795,11.6916,2.3921,12.4857,659.0,19022.0,2900.3047
4385,12.4365,10.9969,2.6586,12.0878,658.0,19078.0,2900.3047
4386,12.1684,11.8763,2.0658,12.0262,658.0,19246.0,2900.3047
4387,12.0384,12.3162,2.0682,11.8776,666.0,22576.0,2900.3047
4388,11.7526,11.5937,1.9648,12.8704,662.0,19298.0,2900.3047
4389,12.8743,10.9869,2.0869,12.2427,665.0,24481.0,2900.3047
4390,12.2531,12.6782,2.2069,13.0884,663.0,20919.0,2900.3047
4391,13.1292,11.9026,2.2915,12.1532,660.0,17008.0,2900.3047
4392,12.2055,11.8891,2.3245,14.2589,660.0,36284.0,2900.3047
4393,14.2045,10.8721,2.4842,11.8139,658.0,18296.0,2900.3047
4394,11.8401,11.9873,2.1677,11.2945,660.0,18781.0,2900.3047
4395,11.2877,12.0796,2.289,12.3878,661.0,19465.0,2900.3047
4396,12.3046,11.6863,2.0761,13.0403,660.0,21731.0,2900.3047
4397,13.0953,11.117,2.1946,12.7904,659.0,19506.0,2900.3047
4398,12.8038,12.0571,2.3297,12.1511,658.0,20447.0,2900.3047
4399,12.1964,12.0264,2.434,12.1058,658.0,24063.0,2900.3047
4400,12.0407,11.7741,2.3882,11.9142,658.0,19000.0,2900.3047
4401,11.9425,11.0587,2.2594,12.4978,658.0,18642.0,2900.3047
4402,12.4365,12.1266,2.0667,11.6235,658.0,19966.0,2900.3047
4403,11.6584,11.8451,2.2477,12.2842,662.0,21218.0,2900.3047
4404,12.2187,11.2267,2.3359,13.537,662.0,24825.0,2900.3047
4405,13.6102,11.7052,2.3391,12.71,662.0,18274.0,2900.3047
4406,12.713,12.1562,2.1952,10.9744,660.0,20820.0,2900.3047
4407,10.9322,12.1777,2.382,13.0441,660.0,20834.0,2900.3047
4408,13.1533,10.7706,2.0853,12.4623,661.0,22538.0,2900.3047
4409,12.4128,12.093,2.3833,12.9601,658.0,18164.0,2900.3047
