capture_frame,FrameTime,GPUTime,GameThreadTime,RenderThreadTime,RHI/DrawCalls,RHI/PrimitivesDrawn,GPUMem/LocalUsedMB
120,16.2815,15.8874,2.2947,16.101,309.0,11634.0,2795.8047
121,16.0911,15.6345,1.9502,16.7103,313.0,8390.0,2795.8047
122,16.7071,15.426,2.0012,16.0637,314.0,8526.0,2795.8047
123,16.1039,15.7429,1.9499,15.8667,312.0,8742.0,2795.8047
124,15.9017,15.8147,1.8894,16.1497,300.0,14904.0,2795.8047
125,16.1341,15.5983,2.0001,16.4554,277.0,6300.0,2795.8047
126,16.389,15.6218,1.852,16.1401,311.0,10244.0,2795.8047
127,16.1747,15.6902,2.0878,16.216,309.0,10074.0,2795.8047
128,16.2849,15.8781,2.2455,16.5659,308.0,12058.0,2795.8047
129,16.5096,15.8234,1.9322,16.2118,308.0,10062.0,2795.8047
130,16.2567,15.8424,1.8009,15.9002,279.0,6586.0,2795.8047
131,15.8425,15.5808,1.9643,16.361,273.0,6274.0,2795.8047
132,16.3612,15.4065,1.8808,15.8215,309.0,8386.0,2795.8047
133,15.8189,15.4645,1.9045,16.5791,289.0,7768.0,2795.8047
134,16.5722,15.3032,1.9377,16.2287,310.0,9466.0,2795.8047
135,16.2558,14.8369,1.9806,16.1939,309.0,8920.0,2795.8047
136,16.1974,15.6481,1.844,15.9013,309.0,8386.0,2795.8047
137,15.8658,15.5309,1.9194,15.7156,313.0,8390.0,2795.8047
138,15.8118,15.5848,1.9456,15.5097,313.0,12034.0,2795.8047
139,15.4328,15.684,1.7724,16.0928,315.0,31189.0,2795.8047
140,16.0752,15.628,1.7763,17.1139,310.0,8500.0,2795.8047
141,17.1355,15.7288,1.9337,15.3608,314.0,15503.0,2795.8047
142,15.3183,15.3434,1.8036,16.056,314.0,25967.0,2795.8047
143,16.085,15.6164,1.8481,16.1326,308.0,19762.0,2795.8047
144,16.1454,15.6622,1.9432,15.2667,291.0,7662.0,2795.8047
145,15.2705,15.7515,1.9494,17.2667,273.0,6274.0,2795.8047
146,17.2582,15.4104,1.7565,14.8409,310.0,8528.0,2795.8047
147,14.8336,15.6978,2.0247,16.9346,312.0,12116.0,2795.8047
148,16.9061,15.6642,2.8945,16.0481,310.0,10245.0,2795.8047
149,16.1386,15.7487,2.2555,15.8824,309.0,12994.0,2795.8047
150,15.8178,15.1693,1.8445,16.2525,316.0,20203.0,2795.8047
151,16.2889,15.4613,1.7772,15.871,326.0,45294.0,2795.8047
152,15.8725,15.412,1.9709,15.7711,314.0,9374.0,2795.8047
153,15.731,15.6619,1.7453,16.09,313.0,9782.0,2795.8047
154,16.0791,15.4721,1.8223,15.9679,313.0,8390.0,2795.8047
155,15.9934,15.7022,1.7528,16.2063,312.0,8378.0,2795.8047
156,16.1943,15.867,1.6799,16.4582,311.0,12100.0,2795.8047
157,16.4748,15.3651,1.7014,15.7284,311.0,9336.0,2795.8047
158,15.7309,15.4533,1.8027,16.0182,310.0,9848.0,2795.8047
159,15.9916,15.3877,1.7729,15.8298,313.0,16948.0,2795.8047
160,15.9099,14.3708,1.8468,15.9883,309.0,22242.0,2795.8047
161,15.9469,14.4142,1.738,16.1719,309.0,27070.0,2795.8047
162,16.1992,15.0811,1.9889,15.2068,298.0,23076.0,2795.8047
163,15.1645,15.5667,1.9269,15.7043,308.0,34188.0,2795.8047
164,15.7031,15.7222,1.8449,16.9979,284.0,8346.0,2795.8047
165,17.0168,15.9469,1.9027,15.8549,275.0,6298.0,2795.8047
166,15.8559,15.5299,2.0428,17.5995,274.0,6286.0,2795.8047
167,17.5964,15.6515,2.0328,14.8607,273.0,6274.0,2795.8047
168,14.8653,15.5776,1.8442,15.862,274.0,6286.0,2795.8047
169,15.8497,15.3966,1.7272,16.8716,277.0,6278.0,2795.8047
170,16.9392,15.3724,2.0929,15.5368,313.0,17278.0,2795.8047
171,15.5155,15.7386,1.8653,16.2131,313.0,11638.0,2795.8047
172,16.2087,15.7553,2.1034,15.8568,310.0,8376.0,2795.8047
173,15.8868,15.7246,2.1129,16.0294,310.0,8500.0,2795.8047
174,15.978,15.9808,2.3316,16.6095,312.0,8764.0,2795.8047
175,16.5958,16.0304,2.3932,16.2084,298.0,14902.0,2795.8047
176,16.2834,15.8714,2.4175,17.0253,273.0,6274.0,2795.8047
177,16.9488,15.6918,2.3251,15.7372,308.0,10230.0,2795.8047
178,15.7725,15.7331,2.0878,16.3394,309.0,10074.0,2795.8047
179,16.3467,15.6089,2.1633,16.3966,308.0,12058.0,2795.8047
180,16.3896,15.5111,2.1988,15.6611,309.0,10074.0,2795.8047
181,15.6679,15.2439,1.9689,15.5929,279.0,6586.0,2795.8047
182,15.5692,15.4841,1.9041,16.2105,275.0,6298.0,2795.8047
183,16.1964,15.4581,1.7779,16.0973,309.0,8386.0,2795.8047
184,16.1019,15.3978,1.8646,15.9567,294.0,8020.0,2795.8047
185,15.9829,15.7057,1.8574,16.3176,312.0,9398.0,2795.8047
186,16.332,15.4983,1.9216,16.1451,313.0,8924.0,2795.8047
187,16.1311,15.6924,2.2878,15.9765,312.0,8378.0,2795.8047
188,15.9839,15.4184,2.1136,16.9817,311.0,12032.0,2795.8047
189,16.9696,15.3476,2.0987,17.0436,310.0,8376.0,2795.8047
190,17.1006,16.6458,2.1881,15.6755,313.0,31187.0,2795.8047
191,15.5971,15.1114,1.9885,16.6709,308.0,8498.0,2795.8047
192,16.702,16.3009,1.8151,16.4762,311.0,15489.0,2795.8047
193,16.5253,14.6621,1.9916,16.3142,310.0,25941.0,2795.8047
194,16.3338,14.3316,2.0219,14.364,309.0,19774.0,2795.8047
195,14.3167,15.6361,1.9764,16.2005,288.0,7482.0,2795.8047
196,16.1578,16.1872,2.0998,17.6742,273.0,6274.0,2795.8047
197,17.7008,15.7382,1.9622,15.5639,311.0,8540.0,2795.8047
198,15.6251,15.677,1.8238,16.2888,312.0,12116.0,2795.8047
199,16.2034,15.4758,1.8011,15.8981,310.0,10245.0,2795.8047
200,15.9018,15.5933,1.8035,15.9179,309.0,12994.0,2795.8047
201,16.0333,15.5218,1.8854,16.8555,320.0,20207.0,2795.8047
202,16.7549,15.3457,1.855,15.531,330.0,45298.0,2795.8047
203,15.5376,15.6765,1.8861,15.8104,318.0,9378.0,2795.8047
204,15.8232,15.5985,1.9617,15.5677,311.0,9780.0,2795.8047
205,15.6549,15.4951,2.1668,15.9,311.0,8388.0,2795.8047
206,15.7694,15.5322,2.1309,16.0017,310.0,8376.0,2795.8047
207,16.0186,15.5444,2.2357,16.0404,310.0,12110.0,2795.8047
208,16.0552,15.4239,2.2229,16.2229,309.0,9334.0,2795.8047
209,16.2326,15.5462,2.0939,15.8246,308.0,9846.0,2795.8047
210,15.786,15.5233,1.83,16.2208,313.0,16948.0,2795.8047
211,16.2622,15.4836,1.9013,15.8838,308.0,22230.0,2795.8047
212,15.8715,15.5078,1.8679,16.056,308.0,27058.0,2795.8047
213,16.0655,15.6458,1.8602,16.4115,298.0,23076.0,2795.8047
214,16.3848,15.477,1.9215,15.6161,309.0,34200.0,2795.8047
215,15.6204,15.5437,1.9584,15.7062,285.0,8358.0,2795.8047
216,15.7085,15.252,1.9108,15.8875,274.0,6286.0,2795.8047
217,15.9236,14.7501,1.7991,16.0217,277.0,6278.0,2795.8047
218,15.9881,14.3051,1.8083,15.9769,277.0,6278.0,2795.8047
219,15.9888,15.07,1.8526,15.1137,277.0,6278.0,2795.8047
220,15.1172,15.5187,1.9188,16.4872,276.0,6288.0,2795.8047
221,16.4914,15.6377,1.9443,15.8694,311.0,17276.0,2795.8047
222,15.9171,15.9383,2.0714,16.1377,310.0,11624.0,2795.8047
223,16.0926,15.4232,1.9697,16.0124,308.0,8374.0,2795.8047
224,15.9943,15.4751,1.79,16.3939,309.0,8510.0,2795.8047
225,16.4262,15.4875,1.8497,15.803,308.0,8738.0,2795.8047
226,15.789,15.4544,1.8185,15.7807,300.0,14926.0,2795.8047
227,15.7717,15.618,1.7921,17.6313,273.0,6274.0,2795.8047
228,17.7069,15.7911,1.8245,14.4185,309.0,10242.0,2795.8047
229,14.4089,15.5023,2.2075,16.403,309.0,10074.0,2795.8047
230,16.3373,15.8262,2.2611,15.9216,308.0,12058.0,2795.8047
231,16.0004,15.4243,2.1535,15.8798,308.0,10062.0,2795.8047
232,15.8512,15.3651,2.1161,15.796,278.0,6574.0,2795.8047
233,15.7447,15.5079,1.828,16.6021,277.0,6278.0,2795.8047
234,16.6808,15.9969,2.0172,16.0934,312.0,8378.0,2795.8047
235,16.0685,15.8764,1.8695,16.529,299.0,8132.0,2795.8047
236,16.4709,15.2861,2.0121,15.8902,311.0,9456.0,2795.8047
237,15.9171,15.5201,1.8304,16.0495,310.0,8910.0,2795.8047
238,16.0174,15.3274,1.7957,17.5279,311.0,11724.0,2795.8047
239,17.6016,16.4526,2.2994,15.5112,308.0,8682.0,2795.8047
240,15.4934,16.5934,2.2502,18.052,308.0,13606.0,2795.8047
241,18.1178,16.4019,2.1247,16.2525,310.0,25941.0,2795.8047
242,16.1612,15.9779,1.8132,16.598,308.0,8498.0,2795.8047
243,16.6425,15.8205,2.3569,16.5908,310.0,15477.0,2795.8047
244,16.5393,16.233,2.1166,16.1774,310.0,25941.0,2795.8047
245,16.1887,15.6307,2.043,17.0125,307.0,19654.0,2795.8047
246,17.0363,16.0037,2.1762,15.7086,287.0,7422.0,2795.8047
247,15.6671,15.9047,1.9141,16.6262,273.0,6274.0,2795.8047
248,16.6763,15.778,1.8852,16.7146,309.0,8516.0,2795.8047
249,16.7106,15.0743,1.9254,16.5251,317.0,12132.0,2795.8047
250,16.5438,16.2099,2.1936,16.5413,315.0,10261.0,2795.8047
251,16.4952,15.9897,2.2908,16.1686,313.0,12998.0,2795.8047
252,16.1848,15.7476,1.9808,16.2804,318.0,20205.0,2795.8047
253,16.2742,14.9804,2.3978,16.4097,328.0,45296.0,2795.8047
254,16.4108,15.7828,2.0569,16.1459,317.0,9388.0,2795.8047
255,16.1579,15.4089,2.1124,16.6776,309.0,9778.0,2795.8047
256,16.687,15.1145,1.9874,16.0224,309.0,8386.0,2795.8047
257,16.0164,15.2477,1.954,16.5038,308.0,8374.0,2795.8047
258,16.4763,15.5797,1.9715,16.23,309.0,12098.0,2795.8047
259,16.2795,15.9387,2.0554,16.1056,308.0,9322.0,2795.8047
260,16.1103,15.5937,2.1305,16.3329,308.0,9846.0,2795.8047
261,16.289,15.71,1.9593,15.954,312.0,16936.0,2795.8047
262,16.0305,15.739,1.9627,16.349,309.0,22242.0,2795.8047
263,16.2625,15.614,2.0074,17.2166,309.0,27070.0,2795.8047
264,17.2411,15.6971,1.8222,15.5579,298.0,23076.0,2795.8047
265,15.5477,15.8203,1.8555,16.0599,313.0,34204.0,2795.8047
266,16.0837,15.6552,1.9736,15.7467,288.0,8350.0,2795.8047
267,15.6692,15.853,1.8914,16.1905,277.0,6278.0,2795.8047
268,16.1742,15.5972,1.7064,16.7006,276.0,6288.0,2795.8047
269,16.7776,15.4997,1.9589,16.1514,275.0,6276.0,2795.8047
270,16.1779,15.5156,1.899,15.2681,276.0,6288.0,2795.8047
271,15.272,15.6263,2.0893,17.656,273.0,6274.0,2795.8047
272,17.6451,15.6466,2.1551,15.1196,308.0,17262.0,2795.8047
273,15.1317,15.4501,2.236,16.0388,309.0,11634.0,2795.8047
274,16.0058,16.0552,2.1338,16.0742,308.0,8374.0,2795.9297
275,16.0811,15.3474,2.3186,15.7186,308.0,8498.0,2795.9297
276,15.7062,15.5005,1.9638,15.789,309.0,8750.0,2795.9297
277,15.8565,15.5147,2.0928,15.9737,299.0,14914.0,2795.9297
278,15.9301,15.5991,2.0138,16.3249,273.0,6274.0,2795.9297
279,16.3047,15.6125,1.9761,16.0396,308.0,10230.0,2795.9297
280,16.0664,15.5737,1.9602,16.0666,308.0,10062.0,2795.9297
281,16.0564,15.0756,2.1901,16.2187,312.0,12062.0,2795.9297
282,16.2968,15.5692,1.9889,15.8824,312.0,10066.0,2795.9297
283,15.8593,15.5557,2.1273,16.3862,283.0,6590.0,2795.9297
284,16.2724,15.5026,1.6761,16.0943,276.0,6288.0,2795.9297
285,16.1794,15.3685,1.8758,16.1301,310.0,8376.0,2795.9297
286,16.0765,14.2122,2.0142,15.9119,300.0,8262.0,2795.9297
287,15.9435,15.562,2.022,17.1759,310.0,9466.0,2795.9297
288,17.226,14.7745,2.1318,14.6195,308.0,8908.0,2795.9297
289,14.5419,15.66,1.9754,15.4065,311.0,11746.0,2795.9297
290,15.4213,15.5985,1.9398,17.3547,308.0,8682.0,2795.9297
291,17.3836,15.3764,2.1419,15.201,308.0,13606.0,2795.9297
292,15.2613,15.6922,1.9972,16.7055,310.0,25941.0,2795.9297
293,16.6461,15.684,1.8579,15.8683,308.0,8498.0,2795.9297
294,15.8233,15.6732,1.9889,16.3313,312.0,15501.0,2795.9297
295,16.3701,15.5874,2.0024,16.1514,310.0,26249.0,2795.9297
296,16.1481,15.3579,2.0361,14.8556,308.0,19762.0,2795.9297
297,14.8883,15.5811,1.9297,15.9366,287.0,6878.0,2795.9297
298,15.9219,15.6757,2.0569,15.9726,277.0,6278.0,2795.9297
299,16.018,15.7363,2.2777,17.0822,314.0,8532.0,2795.9297
300,17.1262,15.7595,2.5839,16.4069,314.0,12118.0,2795.9297
301,16.3947,15.728,2.4978,16.2349,312.0,10247.0,2795.9297
302,16.1059,15.5064,3.3319,15.7946,312.0,13008.0,2795.9297
303,15.8483,15.6514,2.3844,15.3208,316.0,20203.0,2795.9297
304,15.3033,15.6235,2.2131,16.5586,326.0,45294.0,2795.9297
305,16.6107,15.8475,1.9183,16.0616,314.0,9374.0,2795.9297
306,16.0585,15.8431,1.84,16.4565,309.0,9778.0,2795.9297
307,16.4311,15.3197,1.9695,15.7371,309.0,8386.0,2795.9297
308,15.797,15.5741,1.9144,16.0239,308.0,8374.0,2795.9297
309,15.9267,15.9591,1.7696,16.3771,308.0,12086.0,2795.9297
310,16.4021,16.0233,2.0333,16.593,309.0,9334.0,2795.9297
311,16.6191,15.6759,2.0163,16.58,308.0,9846.0,2795.9297
312,16.5485,15.552,2.0031,15.81,313.0,16948.0,2795.9297
313,15.8499,15.6158,2.3406,17.3583,312.0,22234.0,2795.9297
314,17.3739,14.6164,2.2781,18.016,314.0,27086.0,2795.9297
315,18.0297,16.1809,2.4221,16.9444,302.0,23080.0,2795.9297
316,16.9363,17.8801,2.7038,16.6871,311.0,34202.0,2795.9297
317,16.6356,16.5528,2.1689,16.1878,288.0,8372.0,2795.9297
318,16.2645,15.8398,1.8517,17.4885,275.0,6276.0,2795.9297
319,17.4542,16.0821,1.9421,16.5285,273.0,6274.0,2795.9297
320,16.5175,16.4988,2.2618,17.5059,274.0,6286.0,2795.9297
321,17.5207,16.2278,2.1261,15.5409,273.0,6274.0,2795.9297
322,15.5039,16.2126,2.0623,17.251,273.0,6274.0,2795.9297
323,17.2621,15.6057,2.1613,16.741,308.0,17262.0,2795.9297
324,16.7511,17.2818,2.2858,18.0085,308.0,11622.0,2795.9297
325,18.0007,16.3845,2.1052,16.2698,309.0,8386.0,2795.9297
326,16.2697,16.3178,2.2788,16.2076,308.0,8498.0,2795.9297
327,16.2014,16.0637,2.1164,16.3849,308.0,8738.0,2795.9297
328,16.4106,16.0826,2.2012,16.5251,298.0,14902.0,2795.9297
329,16.509,15.3651,2.0643,16.7308,278.0,6290.0,2795.9297
330,16.7665,15.33,2.103,16.7821,312.0,10234.0,2795.9297
331,16.7985,16.1891,2.0056,16.3851,312.0,10066.0,2795.9297
332,16.3652,15.7681,2.0176,16.136,310.0,12060.0,2795.9297
333,16.1105,15.8315,1.7502,16.6365,311.0,10076.0,2795.9297
334,16.6545,15.8069,2.0169,15.7116,281.0,6588.0,2795.9297
335,15.6464,15.7616,1.9373,16.7791,273.0,6274.0,2795.9297
336,16.7621,15.924,1.7959,16.2873,308.0,8374.0,2795.9297
337,16.3402,15.6797,1.9817,17.2501,306.0,8788.0,2795.9297
338,17.2836,16.5432,2.3918,16.4756,308.0,9442.0,2795.9297
339,16.5095,15.8058,2.2659,16.1596,309.0,8920.0,2795.9297
340,16.0577,15.6189,1.8798,16.1222,309.0,11722.0,2795.9297
341,16.1529,15.8991,2.029,16.5072,308.0,13914.0,2795.9297
342,16.6139,15.5129,2.201,16.5105,308.0,8374.0,2795.9297
343,16.4389,14.695,2.0202,17.0218,310.0,26065.0,2795.9297
344,16.9942,15.8256,2.2095,15.8466,308.0,8374.0,2795.9297
345,15.8447,14.8718,2.0511,15.9436,315.0,20725.0,2795.9297
346,15.971,16.8252,2.0578,17.1498,316.0,26277.0,2795.9297
347,17.1868,14.8745,1.9711,15.6656,309.0,14354.0,2795.9297
348,15.5963,14.5219,2.078,16.078,279.0,6516.0,2795.9297
349,16.0927,15.7992,1.9118,15.7727,275.0,6276.0,2795.9297
350,15.7973,15.6498,2.1107,16.7675,311.0,8518.0,2795.9297
351,16.7227,15.9305,2.0583,16.4749,313.0,12128.0,2795.9297
352,16.5095,16.0847,2.1122,16.4915,310.0,10245.0,2795.9297
353,16.4627,15.8853,1.955,16.5148,308.0,12982.0,2795.9297
354,16.5486,15.8434,1.9344,16.0196,316.0,20203.0,2795.9297
355,16.1028,15.7775,1.9969,16.9726,327.0,45306.0,2795.9297
356,16.8507,15.8173,2.0967,16.3135,315.0,9386.0,2795.9297
357,16.344,15.7964,1.9546,16.0339,308.0,9766.0,2795.9297
358,16.0624,15.3223,2.0133,15.8227,308.0,8374.0,2795.9297
359,15.7792,15.2355,2.0063,15.5611,308.0,8374.0,2795.9297
360,15.614,15.1709,1.8622,15.581,310.0,12110.0,2795.9297
361,15.5634,15.4275,1.7874,15.4024,312.0,9326.0,2795.9297
362,15.4582,15.3982,2.0065,16.7311,312.0,9850.0,2795.9297
363,16.7084,15.3471,2.2698,15.1122,316.0,16940.0,2795.9297
364,15.041,15.3428,1.8473,15.534,310.0,22232.0,2795.9297
365,15.5302,15.1643,2.0603,15.7638,312.0,27084.0,2795.9297
366,15.7964,15.6107,1.9942,16.2867,300.0,23078.0,2795.9297
367,16.254,15.728,2.0222,16.1244,309.0,34200.0,2795.9297
368,16.1684,15.0078,2.2386,16.2362,284.0,8346.0,2795.9297
369,16.2503,15.8418,2.2674,16.4071,273.0,6274.0,2795.9297
370,16.3979,15.415,1.9647,15.4761,273.0,6274.0,2795.9297
371,15.4471,15.8129,1.9532,16.5958,274.0,6286.0,2795.9297
372,16.6052,15.5716,1.9663,16.4421,273.0,6274.0,2795.9297
373,16.4103,14.2166,2.1324,15.7401,273.0,6274.0,2795.9297
374,15.7887,14.9592,2.1661,15.9235,309.0,17274.0,2795.9297
375,15.9036,14.8275,2.1499,16.183,309.0,11634.0,2795.9297
376,16.3041,15.5983,2.2382,16.2553,309.0,8386.0,2795.9297
377,16.1379,14.7564,2.016,15.3916,312.0,8502.0,2795.9297
378,15.4204,15.8263,2.211,17.3297,312.0,8742.0,2795.9297
379,17.3446,16.1669,2.4286,15.1957,302.0,14906.0,2795.9297
380,15.1671,15.5721,2.1733,17.4523,276.0,6288.0,2795.9297
381,17.4598,15.2874,2.1111,16.6301,311.0,10244.0,2795.9297
382,16.705,15.7227,2.194,15.9172,310.0,10064.0,2795.9297
383,15.8277,15.6748,2.3091,15.1491,308.0,12058.0,2795.9297
384,15.2502,15.5543,2.2119,16.2997,309.0,10074.0,2795.9297
385,16.193,15.8378,1.9386,16.3207,278.0,6574.0,2795.9297
386,16.3232,15.853,2.1922,16.3004,273.0,6274.0,2796.0547
387,16.3212,15.5682,2.006,15.1718,308.0,8374.0,2796.0547
388,15.2233,15.7251,2.1689,15.3007,308.0,8908.0,2796.0547
389,15.3103,16.1736,2.652,17.7254,309.0,9454.0,2796.0547
390,17.8667,16.2702,2.5136,16.9199,309.0,8920.0,2796.0547
391,16.735,15.9998,2.254,15.0663,309.0,11722.0,2796.0547
392,15.0109,15.3477,2.133,17.8732,308.0,13914.0,2796.0547
393,18.0007,15.4392,2.3574,14.7708,312.0,8378.0,2796.0547
394,14.6505,15.3382,2.2843,16.0295,316.0,26093.0,2796.0547
395,16.0488,15.4015,2.1488,16.0875,313.0,8390.0,2796.0547
396,16.0937,15.2833,2.2176,15.9978,313.0,20723.0,2796.0547
397,15.9847,15.5181,1.9912,15.5673,312.0,26251.0,2796.0547
398,15.6197,15.9197,2.0925,16.2683,310.0,14532.0,2796.0547
399,16.2192,15.5708,1.9245,16.302,273.0,6274.0,2796.0547
400,16.3541,16.0141,2.0764,16.2101,310.0,8528.0,2796.0547
401,16.1238,15.5787,1.7451,16.1001,312.0,12116.0,2796.0547
402,16.1058,15.111,1.659,15.6498,311.0,10257.0,2796.0547
403,15.6688,15.3654,1.9464,16.1625,310.0,13006.0,2796.0547
404,16.172,14.3442,1.9682,15.3892,316.0,16867.0,2796.0547
405,15.4128,15.2861,1.7968,14.9319,326.0,45294.0,2796.0547
406,14.9226,14.3782,1.9703,15.5008,315.0,12722.0,2796.0547
407,15.5208,15.3585,1.9823,16.8068,308.0,9766.0,2796.0547
408,16.789,15.4203,1.9271,16.5286,308.0,8374.0,2796.0547
409,16.4986,15.3471,1.7663,15.7413,312.0,8378.0,2796.0547
410,15.8252,15.6612,2.0124,15.6595,313.0,12102.0,2796.0547
411,15.6047,15.4615,1.9317,15.822,312.0,9168.0,2796.0547
412,15.7908,15.5293,1.844,16.1108,310.0,10006.0,2796.0547
413,16.1043,15.4601,2.6275,15.4369,315.0,16950.0,2796.0547
414,15.5137,15.4073,1.9698,16.1055,310.0,22232.0,2796.0547
415,16.0616,15.4639,2.1465,15.7854,309.0,27070.0,2796.0547
416,15.7891,15.4775,1.8364,16.0473,298.0,21480.0,2796.0547
417,16.0702,15.3293,1.998,15.8049,309.0,35230.0,2796.0547
418,15.779,15.3944,2.2538,16.1991,286.0,8984.0,2796.0547
419,16.2477,15.5309,2.0643,16.289,274.0,6286.0,2796.0547
420,16.2668,15.2627,1.9341,15.4918,273.0,6274.0,2796.0547
421,15.4236,15.298,1.8656,16.0184,274.0,6286.0,2796.0547
422,16.1051,15.1747,1.9089,15.6571,273.0,6274.0,2796.0547
423,15.6121,15.7705,1.8998,16.9972,273.0,6274.0,2796.0547
424,17.0209,15.233,1.8861,16.0047,310.0,17286.0,2796.0547
425,16.079,15.588,2.1487,15.4946,313.0,11638.0,2796.0547
426,15.4395,14.3523,2.0433,15.8937,313.0,8390.0,2796.0547
427,15.8469,15.3816,2.0586,15.0068,312.0,8502.0,2796.0547
428,15.0099,15.5149,1.987,16.3948,310.0,8740.0,2796.0547
429,16.4511,15.1764,1.9526,16.3112,300.0,14904.0,2796.0547
430,16.2793,16.5814,1.7984,17.689,275.0,6276.0,2796.0547
431,17.7167,17.0654,2.2176,17.1478,308.0,10230.0,2796.0547
432,17.1446,16.3447,2.0941,17.6403,309.0,10074.0,2796.0547
433,17.6622,17.2094,2.0411,17.2944,308.0,12058.0,2796.0547
434,17.3149,15.9312,2.0638,17.4118,309.0,10074.0,2796.0547
435,17.3635,15.2559,2.1132,16.8952,278.0,6574.0,2796.0547
436,16.9027,15.5463,2.219,17.0176,275.0,6298.0,2796.0547
437,17.0426,15.6171,2.2483,16.9992,371.0,21316.0,2796.0547
438,16.9708,19.5268,2.1477,18.9212,349.0,10324.0,2796.0547
439,18.8984,17.2134,2.0651,17.2368,341.0,10330.0,2796.0547
440,17.3278,15.9676,2.0531,16.3025,341.0,9796.0,2796.0547
441,16.2406,14.924,1.9297,15.3549,346.0,12614.0,2796.0547
442,15.3247,15.0002,2.0645,15.5628,345.0,14806.0,2796.0547
443,15.5773,15.0496,2.008,16.2896,345.0,9266.0,2796.0547
444,16.3263,13.8634,2.2281,15.6801,346.0,26967.0,2796.0547
445,15.6525,15.0724,2.0566,15.0526,346.0,11147.0,2796.0547
446,15.0523,15.5304,2.1872,15.7514,343.0,24888.0,2796.0547
447,15.8396,14.9917,1.9173,15.3671,342.0,22129.0,2796.0547
448,15.2513,15.2139,1.8312,15.8158,316.0,13586.0,2796.0547
449,15.8218,14.9945,2.3404,15.1828,305.0,7078.0,2796.0547
450,15.2009,14.9543,2.1923,15.8874,341.0,9320.0,2796.0547
451,15.8996,15.2864,1.8401,14.2856,344.0,12920.0,2796.0547
452,14.2474,15.2221,2.2547,16.4478,342.0,11737.0,2796.0547
453,16.4793,15.0067,2.8203,15.0887,341.0,14138.0,2796.0547
454,15.0954,15.0779,2.1478,15.594,350.0,30011.0,2796.0547
455,15.599,15.3551,1.8227,16.0583,354.0,35014.0,2796.0547
456,16.1503,15.0227,1.8677,16.0856,346.0,10178.0,2796.0547
457,15.9667,15.1423,1.8579,15.2228,344.0,10574.0,2796.0547
458,15.2258,14.7499,1.8574,15.1911,344.0,9182.0,2796.0547
459,15.212,13.7781,1.83,15.3733,344.0,10574.0,2796.0547
460,15.3763,14.8847,2.0477,14.526,342.0,11500.0,2796.0547
461,14.5042,14.7329,1.9884,15.7229,342.0,10652.0,2796.0547
462,15.8406,14.8773,1.8162,15.2622,344.0,12679.0,2796.0547
463,15.1618,15.1968,1.8371,15.2998,342.0,28097.0,2796.0547
464,15.3336,15.0605,1.855,16.3918,340.0,28232.0,2796.0547
465,16.4386,15.4294,2.3339,14.8538,329.0,21854.0,2796.0547
466,14.7871,15.5611,2.1769,16.0222,340.0,36410.0,2796.0547
467,16.0146,15.3967,2.6197,15.9767,316.0,9328.0,2796.0547
468,16.0385,15.2282,3.1715,15.5814,305.0,7078.0,2796.0547
469,15.4994,14.8906,2.2706,15.8685,305.0,7078.0,2796.0547
470,15.874,15.3468,1.8656,15.7089,305.0,7078.0,2796.0547
471,15.74,15.1321,1.803,15.8988,341.0,18078.0,2796.0547
472,15.876,15.1122,1.8896,16.2886,340.0,12426.0,2796.0547
473,16.3704,14.9997,2.32,14.8876,344.0,9182.0,2796.0547
474,14.8474,13.7859,2.0735,15.1932,344.0,9182.0,2796.0547
475,15.1855,15.2796,2.0755,14.6414,333.0,8762.0,2796.0547
476,14.6409,15.214,2.0733,16.1076,329.0,15404.0,2796.0547
477,16.1328,15.3523,2.2114,16.2974,307.0,7080.0,2796.0547
478,16.2415,15.1986,1.9531,14.929,342.0,9180.0,2796.0547
479,14.9448,15.2452,2.0366,16.3215,340.0,10866.0,2796.0547
480,16.2907,15.2923,2.0032,15.4656,340.0,12554.0,2796.0547
481,15.5336,15.2648,2.0789,15.4555,338.0,10746.0,2796.0547
482,15.5013,15.4857,2.8229,16.1215,307.0,7198.0,2796.0547
483,16.0039,15.2548,2.738,16.4448,305.0,7078.0,2796.0547
484,16.5388,15.3743,3.0545,15.2429,340.0,9302.0,2796.0547
485,15.1908,15.1764,2.9991,15.7617,319.0,8042.0,2796.0547
486,15.8302,15.0476,2.1035,15.9077,321.0,8470.0,2796.0547
487,15.8612,15.1737,1.9851,15.8987,340.0,10780.0,2796.0547
488,15.9816,15.168,2.5309,15.8429,331.0,8638.0,2796.0547
489,15.8626,15.2551,2.3306,15.1605,344.0,9716.0,2796.0547
490,15.1182,14.0964,2.4257,16.4734,346.0,12542.0,2796.0547
491,16.5691,14.571,2.5213,15.5162,344.0,14722.0,2796.0547
492,15.3548,15.1269,2.1847,14.9995,342.0,9180.0,2796.0547
493,14.9616,15.0045,2.0105,15.8827,344.0,26871.0,2796.0547
494,15.905,15.1555,2.2761,14.9076,345.0,11063.0,2796.0547
495,14.8937,15.1278,2.497,17.2346,340.0,24874.0,2796.0547
496,17.2567,16.2706,2.6676,16.1805,342.0,22129.0,2796.0547
497,16.2252,16.3684,2.4033,18.2101,316.0,13538.0,2796.0547
498,18.1928,17.1562,2.9956,16.9703,305.0,7078.0,2796.0547
499,16.9742,16.9226,2.7444,16.8544,341.0,9320.0,2796.0547
500,16.9563,16.1537,2.5624,17.1244,344.0,12920.0,2796.0547
501,16.9689,16.0926,2.1978,16.025,342.0,11737.0,2796.0547
502,16.0839,16.1535,2.3884,16.7308,341.0,14138.0,2796.0547
503,16.7597,16.5218,2.5318,17.2491,350.0,30011.0,2796.0547
504,17.2105,15.8365,2.3868,15.9853,354.0,35014.0,2796.0547
505,15.9274,15.9066,2.0877,17.3608,350.0,10182.0,2796.0547
506,17.4468,16.2038,2.4693,16.4181,344.0,10574.0,2796.0547
507,16.5452,16.1021,2.2323,17.0781,344.0,9182.0,2796.0547
508,16.9227,16.0321,2.3025,15.8531,342.0,10572.0,2796.0547
509,15.852,15.9531,2.147,16.38,342.0,11500.0,2796.0547
510,16.3743,15.9509,2.1316,16.2829,342.0,10652.0,2796.0547
511,16.2944,15.7078,2.0856,16.8952,342.0,12677.0,2796.0547
512,16.9214,15.641,2.0295,15.1098,342.0,28097.0,2796.0547
513,15.0285,15.774,1.9556,16.1294,340.0,28232.0,2796.0547
514,16.1969,15.7381,2.0442,16.4812,330.0,21914.0,2796.0547
515,16.4109,15.7791,1.9141,16.0441,340.0,36410.0,2796.0547
516,16.0655,15.678,2.0654,16.0629,315.0,9268.0,2796.0547
517,16.0845,15.6788,2.0112,16.4688,306.0,7090.0,2796.0547
518,16.5386,15.8398,2.1575,16.657,305.0,7078.0,2796.0547
519,16.6133,15.393,2.2356,16.1085,305.0,7078.0,2796.0547
520,16.1622,15.4319,2.4482,15.0862,340.0,18066.0,2796.0547
521,14.963,15.6415,2.3171,16.1407,344.0,12430.0,2796.0547
522,16.2416,15.1552,2.4037,15.5446,344.0,9182.0,2796.0547
523,15.4902,15.2931,3.0137,15.8281,344.0,9182.0,2796.0547
524,15.9282,15.3478,2.1164,15.822,338.0,10931.0,2796.0547
525,15.7196,15.1478,2.008,15.4661,322.0,13233.0,2796.0547
526,15.5108,15.0244,1.9792,16.2754,307.0,7080.0,2796.0547
527,16.1936,15.0722,2.0155,17.3398,340.0,9178.0,2796.0547
528,17.3681,14.9825,1.9652,14.4127,340.0,10866.0,2796.0547
529,14.4326,14.505,2.3148,16.0773,340.0,12554.0,2796.0547
530,16.1221,16.5137,2.4992,16.9011,340.0,10866.0,2796.0547
531,16.855,15.593,2.2483,16.618,305.0,7078.0,2796.0547
532,16.6393,15.8701,2.0239,16.2529,305.0,7078.0,2796.0547
533,16.1943,15.7096,1.9829,16.04,340.0,9302.0,2796.0547
534,16.0705,15.6256,1.9464,15.7549,337.0,9506.0,2796.0547
535,15.7753,14.8151,2.1924,16.2376,310.0,7378.0,2796.0547
536,16.2932,15.4219,2.3893,15.8084,340.0,10780.0,2796.0547
537,15.8702,15.269,2.4046,16.0605,335.0,8642.0,2796.0547
538,15.9689,15.3817,2.5181,18.0213,344.0,9716.0,2796.0547
539,18.4116,15.5753,2.9561,15.1109,345.0,12530.0,2796.0547
540,14.681,15.5994,2.5379,15.6745,342.0,14720.0,2796.0547
541,15.8264,15.4678,2.2658,15.1956,342.0,14412.0,2796.0547
542,15.1402,15.6707,2.2471,15.6618,344.0,21639.0,2796.0547
543,15.5644,15.3828,2.3004,15.7462,342.0,11049.0,2796.0547
544,15.8083,15.3409,2.5885,15.8638,340.0,24874.0,2796.0547
545,15.8229,15.5086,2.3616,15.4471,342.0,22437.0,2796.0547
546,15.4385,15.1744,2.0614,15.8886,310.0,12870.0,2796.0547
547,15.9411,15.1704,2.2144,16.1776,305.0,7078.0,2796.0547
548,16.1063,15.197,2.1127,15.7365,341.0,9320.0,2796.0547
549,15.7668,15.6273,1.9947,15.9622,344.0,12920.0,2796.0547
550,15.9926,15.0767,2.0387,15.5506,343.0,11749.0,2796.0547
551,15.5057,15.075,2.2151,15.5629,341.0,14138.0,2796.0547
552,15.6246,15.0576,2.2454,15.409,350.0,30011.0,2796.0547
553,15.322,14.1006,1.9513,16.2406,358.0,35018.0,2796.0547
554,16.2464,15.3245,1.9114,15.5446,350.0,10182.0,2796.0547
555,15.5299,14.9366,1.8443,14.9508,344.0,10574.0,2796.0547
556,14.9759,15.2501,1.9921,16.1201,342.0,9180.0,2796.0547
557,16.1348,15.1272,2.0055,15.5114,343.0,10584.0,2796.0547
558,15.4906,15.3562,1.947,16.0151,342.0,11500.0,2796.0547
559,16.0692,15.4443,1.9618,16.4674,341.0,10662.0,2796.0547
560,16.4368,15.2965,1.9562,14.495,343.0,12689.0,2796.0547
561,14.4888,15.479,1.9604,15.9847,342.0,28097.0,2796.0547
562,16.0802,15.4262,2.7402,15.9647,341.0,28244.0,2796.0547
563,15.8387,15.3238,2.228,16.0082,331.0,21926.0,2796.0547
564,16.0112,15.0919,2.131,15.6988,340.0,36410.0,2796.0547
565,15.7092,15.6899,2.1221,15.7506,315.0,9268.0,2796.0547
566,15.7633,15.4986,1.8766,15.9862,305.0,7078.0,2796.0547
567,15.9961,15.0539,1.7834,15.6218,305.0,7078.0,2796.0547
568,15.5992,15.0964,1.6598,15.961,305.0,7078.0,2796.0547
569,15.9728,15.2755,1.8774,16.4629,344.0,18070.0,2796.0547
570,16.5724,15.178,1.9612,15.4558,344.0,12430.0,2796.0547
571,15.3671,14.1002,2.1318,15.3805,344.0,9182.0,2796.0547
572,15.357,15.0248,2.1697,15.6668,342.0,9180.0,2796.0547
573,15.657,14.0518,1.8966,14.2104,348.0,15033.0,2796.0547
574,14.2746,15.1478,1.8022,16.0846,312.0,9131.0,2796.0547
575,16.0087,15.1991,2.0085,16.1178,306.0,7090.0,2796.0547
576,16.2668,15.3716,2.0484,15.9158,340.0,9178.0,2796.0547
577,15.8202,15.0601,1.9874,15.5395,340.0,10866.0,2796.0547
578,15.5083,15.3369,1.8758,15.004,340.0,12554.0,2796.0547
579,15.0243,15.3441,2.0903,15.6412,340.0,10866.0,2796.0547
580,15.6004,15.1359,2.1494,15.6186,305.0,7078.0,2796.0547
581,15.6201,15.0137,2.2868,15.8556,305.0,7078.0,2796.0547
582,15.8785,15.338,1.8333,16.2052,340.0,9302.0,2796.0547
583,16.2594,14.94,2.0071,14.9244,337.0,9554.0,2796.0547
584,14.9363,15.2394,1.9211,16.1143,314.0,8152.0,2796.0547
585,16.1065,14.9829,1.8032,15.7186,344.0,10250.0,2796.0547
586,15.7026,15.0215,1.9888,15.2552,344.0,9182.0,2796.0547
587,15.1904,14.0804,1.8643,15.9559,344.0,9716.0,2796.0547
588,16.033,14.4247,1.9126,14.9495,343.0,12528.0,2796.0547
589,14.8669,15.0343,1.786,16.1555,343.0,19964.0,2796.0547
590,16.2124,15.614,1.9204,15.8886,344.0,21515.0,2796.0547
591,15.875,15.1444,1.9502,15.8122,340.0,9302.0,2796.0547
592,15.8486,15.4202,2.104,16.273,342.0,21513.0,2796.0547
593,16.241,15.3341,1.9956,15.4635,340.0,25182.0,2796.0547
594,15.5144,15.5375,2.1494,18.4332,334.0,16725.0,2796.0547
595,18.4116,17.0555,2.0209,17.2445,306.0,7090.0,2796.0547
596,17.2441,16.3552,2.6756,16.0069,341.0,9320.0,2796.0547
597,16.0359,15.7905,2.5866,17.6132,344.0,12920.0,2796.0547
598,17.5684,15.5164,2.2039,13.9078,342.0,11737.0,2796.0547
599,13.9936,15.2021,2.4292,15.4266,341.0,14138.0,2796.0547
600,15.5134,15.5928,2.6461,16.4682,350.0,30011.0,2796.0547
601,16.4137,15.4818,2.6017,15.6175,358.0,35018.0,2796.0547
602,15.4968,15.1853,2.3657,18.052,350.0,10182.0,2796.0547
603,18.2229,15.9499,2.8942,17.1329,344.0,10574.0,2796.0547
604,17.3482,15.7963,3.5785,13.1609,342.0,9180.0,2796.0547
605,12.7646,15.1893,2.1134,15.3079,342.0,10572.0,2796.0547
606,15.2953,15.179,1.7534,15.76,342.0,11500.0,2796.0547
607,15.7911,15.2056,2.0006,15.6481,340.0,10650.0,2796.0547
608,15.6422,15.2865,1.9356,16.4306,343.0,12689.0,2796.0547
609,16.4824,15.2572,2.0734,15.3014,342.0,28097.0,2796.0547
610,15.2434,15.2626,1.9908,16.2963,340.0,28232.0,2796.0547
611,16.2868,14.0273,1.9081,15.4997,330.0,21914.0,2796.0547
612,15.5145,15.1271,1.7535,15.829,340.0,36410.0,2796.0547
613,15.8084,15.0815,1.8352,15.2837,315.0,9268.0,2796.0547
614,15.3223,15.2786,1.9046,15.4355,305.0,7078.0,2796.0547
615,15.3979,15.24,1.906,15.8101,305.0,7078.0,2796.0547
616,15.8141,15.1597,1.8108,16.2222,305.0,7078.0,2796.0547
617,16.2111,15.1811,1.8711,15.4548,344.0,18070.0,2796.0547
618,15.4755,15.4182,1.8532,15.9869,345.0,12442.0,2796.0547
619,16.1058,15.5025,1.9776,15.8237,344.0,9182.0,2796.0547
620,15.6937,15.1584,1.9939,15.683,342.0,9180.0,2796.0547
621,15.6688,15.4428,2.484,15.6919,348.0,15033.0,2796.0547
622,15.7221,15.539,2.1258,15.8196,312.0,9131.0,2796.0547
623,15.8319,15.1011,2.0356,15.8456,305.0,7078.0,2796.0547
624,15.8431,15.3292,1.9661,15.8025,340.0,9178.0,2796.0547
625,15.8207,15.1813,1.8263,15.5735,340.0,10866.0,2796.0547
626,15.5458,15.2363,1.7457,15.921,340.0,12554.0,2796.0547
627,15.9349,15.1022,1.7311,15.5315,340.0,10866.0,2796.0547
628,15.5073,14.0122,1.7183,15.7696,305.0,7078.0,2796.0547
629,15.8027,14.0656,1.7007,16.4076,305.0,7078.0,2796.0547
630,16.3788,15.3124,2.0001,14.7948,340.0,9302.0,2796.0547
631,14.7995,14.8115,1.8883,15.5684,340.0,10268.0,2796.0547
632,15.7403,15.621,2.1787,17.7604,320.0,8512.0,2796.0547
633,17.6314,16.1564,2.0605,16.089,344.0,9716.0,2796.0547
634,16.1471,15.9639,1.9935,15.9086,344.0,9182.0,2796.0547
635,15.8455,15.6816,1.9206,16.0668,344.0,9716.0,2796.0547
636,16.0447,15.3347,1.8631,16.0111,343.0,12528.0,2796.0547
637,16.0117,15.4132,1.8181,16.2312,344.0,32287.0,2796.0547
638,16.2596,15.3557,2.0331,15.6995,342.0,9180.0,2796.0547
639,15.7106,15.2711,1.9478,15.3625,342.0,11173.0,2796.0547
640,15.3093,15.3348,2.1763,15.4031,341.0,19654.0,2796.0547
641,15.4417,15.3498,2.0864,16.3774,340.0,30414.0,2796.0547
642,16.391,15.3716,2.3921,15.9386,326.0,11013.0,2796.0547
643,15.9699,15.2576,2.3191,15.4157,305.0,7078.0,2796.0547
644,15.3697,15.1635,2.2857,15.5766,341.0,9320.0,2796.0547
645,15.5982,15.1483,1.8892,15.8911,344.0,12920.0,2796.0547
646,15.8316,15.1968,1.583,15.5821,342.0,11737.0,2796.0547
647,15.5811,15.1541,1.5869,15.6734,341.0,14138.0,2796.0547
648,15.7508,15.1524,1.7839,15.7237,350.0,30011.0,2796.0547
649,15.6951,14.8324,1.8734,16.0811,358.0,35018.0,2796.0547
650,16.0542,14.1137,1.8905,15.5875,350.0,10182.0,2796.0547
651,15.5852,15.617,1.9131,16.4238,345.0,10586.0,2796.0547
652,16.4161,14.1748,1.8833,14.5887,342.0,9180.0,2796.0547
653,14.6008,15.3507,1.8605,16.0813,342.0,10572.0,2796.0547
654,16.1157,15.1845,1.8651,16.4442,342.0,11500.0,2796.0547
655,16.398,15.3354,2.0275,15.9373,340.0,10650.0,2796.0547
656,15.9944,15.4374,2.065,15.3389,342.0,12677.0,2796.0547
657,15.2959,15.7196,1.8264,16.5278,342.0,28097.0,2796.0547
658,16.5281,15.2925,1.9893,14.9507,341.0,28244.0,2796.0547
659,15.0401,15.3177,2.0353,15.7237,329.0,21854.0,2796.0547
660,15.6323,15.1557,2.0416,15.7136,340.0,36410.0,2796.0547
661,15.7473,15.2781,2.1119,15.7291,315.0,9268.0,2796.0547
662,15.7134,15.7131,1.9357,16.0624,305.0,7078.0,2796.0547
663,16.0648,15.1284,1.8428,15.2829,305.0,7078.0,2796.0547
664,15.3186,15.1658,1.9137,16.5462,305.0,7078.0,2796.0547
665,16.5084,15.1662,2.035,16.6546,344.0,18070.0,2796.0547
666,16.6525,15.1009,2.0447,14.4524,344.0,12430.0,2796.0547
667,14.4539,15.3075,1.8679,15.6725,344.0,9182.0,2796.0547
668,15.6797,13.9999,1.9017,15.9981,342.0,9180.0,2796.0547
669,16.009,15.2016,1.9524,14.1887,348.0,15033.0,2796.0547
670,14.292,15.5981,1.9105,16.5823,312.0,9131.0,2796.0547
671,16.5136,15.4368,1.9471,16.4403,305.0,7078.0,2796.0547
672,16.4037,15.5901,1.921,15.8352,340.0,9178.0,2796.0547
673,15.8341,15.3478,1.8737,15.519,340.0,10866.0,2796.0547
674,15.5061,15.28,1.873,16.2262,340.0,12554.0,2796.0547
675,16.2731,15.2938,1.9974,16.0948,340.0,10866.0,2796.0547
676,16.031,15.2527,1.8825,14.8221,305.0,7078.0,2796.0547
677,14.9028,15.4186,2.3185,15.7216,305.0,7078.0,2796.0547
678,15.7033,15.6797,2.0879,16.4801,340.0,9302.0,2796.0547
679,16.4409,15.2497,2.0799,15.8077,340.0,10268.0,2796.0547
680,15.8407,14.9727,2.1312,16.1214,327.0,8932.0,2796.0547
681,16.1306,15.0635,1.9795,15.2876,344.0,9716.0,2796.0547
682,15.277,15.28,1.8592,15.9603,345.0,9194.0,2796.0547
683,15.9646,15.6185,2.1093,16.173,344.0,9716.0,2796.0547
684,16.1819,15.0298,2.0613,15.8043,345.0,24863.0,2796.0547
685,15.7797,15.6606,2.0058,15.4412,342.0,19952.0,2796.0547
686,15.4112,14.0071,1.9135,15.6938,342.0,9304.0,2796.0547
687,15.7273,14.0396,2.0529,15.7738,342.0,11049.0,2796.0547
688,15.7853,15.1814,1.9142,14.9894,340.0,24874.0,2796.0547
689,14.9434,14.8716,1.766,15.8643,336.0,26693.0,2796.0547
690,15.9197,15.3718,1.7252,15.9053,323.0,9082.0,2796.0547
691,15.9681,15.2332,1.8914,16.2347,313.0,7558.0,2796.0547
692,16.1613,15.2008,2.0123,15.8335,341.0,9320.0,2796.0547
693,15.8118,15.3813,1.943,15.7377,346.0,14791.0,2796.0547
694,15.7268,15.5776,1.877,15.7184,340.0,11018.0,2796.0547
695,15.7344,15.1694,1.9672,15.2754,344.0,18414.0,2796.0547
696,15.3117,15.4125,2.2507,16.3235,349.0,26229.0,2796.0547
697,16.3799,15.5275,2.4064,16.2651,357.0,33446.0,2796.0547
698,16.1924,15.6408,3.0252,15.4924,349.0,10108.0,2796.0547
699,15.4538,15.2692,2.1411,16.6188,344.0,10574.0,2796.0547
700,16.6518,15.0908,1.7956,15.4449,342.0,9644.0,2796.0547
701,15.4249,15.1147,1.8783,15.4829,342.0,10572.0,2796.0547
702,15.5849,15.4384,1.9144,15.9243,342.0,11404.0,2796.0547
703,15.7962,15.0292,1.787,15.9283,341.0,11076.0,2796.0547
704,16.0106,15.3216,1.9799,15.5113,342.0,12355.0,2796.0547
705,15.4757,15.0933,1.9728,15.9797,342.0,34833.0,2796.0547
706,15.9752,14.2227,1.9024,15.6726,341.0,26312.0,2796.0547
707,15.7366,15.4137,1.8595,15.8705,329.0,20780.0,2796.0547
708,15.7884,15.1682,1.8657,14.9813,340.0,33686.0,2796.0547
709,14.9933,15.2035,1.6903,16.2206,308.0,7382.0,2796.0547
710,16.2574,15.3859,1.9135,16.1372,305.0,7078.0,2796.0547
711,16.1223,15.1663,1.9903,15.7034,305.0,7078.0,2796.0547
712,15.6902,15.2553,1.9979,15.9395,310.0,7378.0,2796.0547
713,15.8998,15.1411,1.9846,15.0345,344.0,18534.0,2796.0547
714,15.1342,15.5888,2.2178,16.1993,344.0,11966.0,2796.0547
715,16.2153,15.4476,2.2729,15.6925,344.0,9182.0,2796.0547
716,15.6365,15.3646,2.3649,15.9882,342.0,9180.0,2796.0547
717,15.9839,15.049,1.9481,15.287,345.0,14853.0,2796.0547
718,15.3676,15.3442,2.3804,16.4208,309.0,8951.0,2796.0547
719,16.365,15.2498,2.1511,15.7575,305.0,7078.0,2796.0547
720,15.7632,15.2446,2.0704,15.6332,340.0,9178.0,2796.0547
721,15.5939,15.4204,2.072,15.8757,340.0,10866.0,2796.0547
722,15.851,15.2086,2.0051,16.2899,340.0,12554.0,2796.0547
723,16.3254,15.3488,2.005,15.2534,340.0,10866.0,2796.0547
724,15.2666,14.0545,1.9212,16.8415,305.0,7078.0,2796.0547
725,16.8872,14.7102,2.3007,14.7452,305.0,7078.0,2796.0547
726,14.6842,14.6332,2.0653,15.3187,340.0,9302.0,2796.0547
727,15.3029,15.1324,1.8903,16.7137,340.0,10268.0,2796.0547
728,16.831,15.5208,2.0237,15.5054,336.0,9472.0,2796.0547
729,15.3774,15.1829,2.0923,15.6055,344.0,9716.0,2796.0547
730,15.624,15.2001,2.1905,16.1581,344.0,9182.0,2796.0547
731,16.1912,15.2436,2.0061,15.6564,346.0,16819.0,2796.0547
732,15.6388,15.4581,1.9324,15.7319,343.0,17760.0,2796.0547
733,15.7184,15.4215,2.0202,15.4853,343.0,19964.0,2796.0547
734,15.6055,15.3587,2.3089,15.6571,342.0,9304.0,2796.0547
735,15.6643,15.4047,2.3909,16.7305,342.0,16281.0,2796.0547
736,16.6549,15.3256,2.8434,15.4328,342.0,26745.0,2796.0547
737,15.4091,15.4164,2.3251,15.8503,333.0,19838.0,2796.0547
738,15.8568,15.628,1.9234,15.919,316.0,8354.0,2796.0547
739,15.9207,15.1101,1.9673,15.6898,314.0,7618.0,2796.0547
740,15.6415,15.2755,1.9639,16.0375,341.0,9320.0,2796.0547
741,16.132,15.3114,1.8917,15.5883,346.0,14791.0,2796.0547
742,15.5048,15.3425,1.955,16.1208,341.0,12058.0,2796.0547
743,16.1696,14.5339,1.8879,15.2974,344.0,17516.0,2796.0547
744,15.2632,13.9792,1.9823,16.0688,349.0,26099.0,2796.0547
745,16.0528,15.3536,1.936,14.488,357.0,33446.0,2796.0547
746,14.5298,15.5758,2.0274,16.6122,349.0,10108.0,2796.0547
747,16.6272,15.3533,1.9943,15.8625,344.0,10574.0,2796.0547
748,15.8485,15.1724,1.9809,15.8277,342.0,9644.0,2796.0547
749,15.8248,15.2861,1.8591,16.056,342.0,10572.0,2796.0547
750,16.0165,15.5835,1.9539,16.5101,342.0,11772.0,2796.0547
751,16.5732,15.2517,2.0234,15.0812,340.0,10696.0,2796.0547
752,15.0966,15.4346,2.0576,15.6763,342.0,17955.0,2796.0547
753,15.7047,15.5237,2.329,15.5325,342.0,29353.0,2796.0547
754,15.5369,15.5221,2.5265,16.2628,338.0,26060.0,2796.0547
755,16.2027,15.3628,2.2209,15.921,330.0,20792.0,2796.0547
756,15.9029,14.994,2.2033,15.3151,340.0,33686.0,2796.0547
757,15.3249,15.2344,1.8954,15.792,308.0,7382.0,2796.0547
758,15.829,15.1443,1.9732,15.8206,305.0,7078.0,2796.0547
759,15.7923,15.4016,1.924,16.13,305.0,7078.0,2796.0547
760,16.1979,15.246,2.0032,16.9711,313.0,8962.0,2796.0547
761,17.1153,15.4889,2.2129,14.7986,344.0,17130.0,2796.0547
762,14.5802,15.074,1.9651,15.8888,344.0,11966.0,2796.0547
763,15.9256,14.0769,2.1091,16.0393,344.0,9182.0,2796.0547
764,16.0136,15.1907,2.1318,14.5458,344.0,11051.0,2796.0547
765,14.5374,15.329,2.0655,15.8106,344.0,14793.0,2796.0547
766,15.8405,15.4177,2.1179,16.1659,307.0,7080.0,2796.0547
767,16.1545,15.7919,2.0819,15.8553,340.0,9178.0,2796.0547
768,15.8647,15.5062,1.8733,16.1781,340.0,10866.0,2796.0547
769,16.1689,15.6759,1.9547,16.8259,340.0,12554.0,2796.0547
770,16.8849,15.6767,2.0221,16.2077,340.0,10866.0,2796.0547
771,16.2269,15.1751,2.1594,14.3245,305.0,7078.0,2796.0547
772,14.3207,15.0224,2.272,15.658,305.0,7078.0,2796.0547
773,15.561,15.0151,2.1314,15.3979,340.0,9302.0,2796.0547
774,15.4263,15.4021,2.0285,15.955,340.0,10268.0,2796.0547
775,16.0226,14.775,1.9485,15.3372,341.0,9724.0,2796.0547
776,15.2574,15.0463,1.889,15.7123,340.0,9712.0,2796.0547
777,15.735,15.0512,1.9685,15.5409,344.0,14414.0,2796.0547
778,15.5405,15.0603,2.0032,15.51,346.0,11587.0,2796.0547
779,15.518,14.5553,1.8838,15.2516,345.0,17762.0,2796.0547
780,15.2508,14.8147,1.8811,16.2632,343.0,19964.0,2796.0547
781,16.2138,14.9339,1.8189,14.3717,342.0,14536.0,2796.0547
782,14.3728,15.0254,1.8983,15.5357,344.0,16283.0,2796.0547
783,15.5334,15.2548,1.7772,15.859,342.0,21821.0,2796.0547
784,15.8568,14.7204,1.8905,15.4755,341.0,20578.0,2796.0547
785,15.5926,15.3595,2.1628,16.3199,310.0,7378.0,2796.0547
786,16.1903,15.0412,2.0627,15.1302,314.0,7618.0,2796.0547
787,15.2663,15.1996,2.3485,14.9827,341.0,9320.0,2796.0547
788,14.8919,15.549,2.2243,16.4834,347.0,16295.0,2796.0547
789,16.484,15.4987,2.4008,24.7496,343.0,15084.0,2965.4297
790,24.9356,15.6987,3.99,18.0838,974.0,149170.0,2994.8047
791,18.0038,16.3136,4.9987,16.3954,734.0,55012.0,2994.8047
792,16.3606,15.6221,3.2265,15.872,750.0,112486.0,2994.8047
793,15.9358,13.5504,2.4091,14.5679,776.0,69488.0,2980.1172
794,14.4716,14.954,2.1919,15.5417,760.0,69704.0,2980.1172
795,15.8087,14.6322,2.2048,15.0725,760.0,60306.0,2960.1797
796,14.9495,14.5421,2.5046,14.1707,752.0,48468.0,2960.1797
797,14.0587,13.7612,2.5014,14.3137,752.0,94692.0,2960.1797
798,14.269,13.8723,2.4485,14.5582,752.0,43131.0,2960.1797
799,14.5832,12.2938,2.21,12.7983,748.0,27522.0,2960.1797
800,12.7994,14.3978,2.0539,17.4257,662.0,30086.0,2960.1797
801,17.4326,13.7351,2.9399,11.5697,482.0,20582.0,2960.1797
802,11.5936,13.8127,2.168,13.9259,452.0,13198.0,2960.1797
803,13.9824,13.576,3.5703,14.8367,452.0,13198.0,2960.1797
804,14.7692,13.25,2.9818,16.9236,452.0,13198.0,2960.1797
805,16.8769,13.2635,3.5764,10.4448,469.0,14218.0,2960.1797
806,10.4971,13.4324,3.1994,13.77,456.0,13438.0,3028.4297
807,13.7882,14.2719,2.9971,14.5048,452.0,13198.0,3028.4297
808,14.4952,13.3746,2.9156,12.6802,462.0,13798.0,3028.4297
809,12.5964,13.2853,1.7154,14.3809,457.0,13262.0,2900.4297
810,14.4253,12.8028,2.2551,14.3103,456.0,13202.0,2900.4297
811,14.2949,13.6406,2.064,14.141,456.0,13202.0,2900.4297
812,14.0911,12.3332,2.0054,14.1486,489.0,15300.0,2900.4297
813,14.2408,13.5461,2.1282,13.1432,473.0,14340.0,2900.4297
814,13.1203,13.6945,2.1645,14.8112,454.0,13200.0,2900.4297
815,14.8458,14.0665,2.5181,13.6362,454.0,13468.0,2900.4297
816,13.6492,13.863,2.0114,13.6286,453.0,13210.0,2900.4297
817,13.5946,12.9025,2.3677,13.6906,457.0,14182.0,2900.4297
818,13.6755,12.2742,2.0708,13.4078,452.0,13198.0,2900.4297
819,13.3922,13.6462,1.8912,13.9354,455.0,13480.0,2900.4297
820,13.9836,13.6765,2.0215,13.5366,467.0,17130.0,2900.4297
821,13.4698,13.4344,2.2966,14.5029,476.0,19380.0,2900.4297
822,14.5145,13.2988,2.4401,13.4123,466.0,18528.0,2900.4297
823,13.3988,13.1074,1.8434,14.0215,454.0,13318.0,2900.4297
824,14.1,12.4041,1.9838,13.3641,452.0,13198.0,2900.4297
825,13.3186,13.4431,1.8291,13.9229,460.0,13442.0,2900.4297
826,14.0247,13.6735,2.1383,13.4727,459.0,13334.0,2900.4297
827,13.3342,13.0548,2.2761,13.9984,460.0,13442.0,2900.4297
828,14.1418,13.3331,2.1976,14.1096,489.0,15300.0,2900.4297
829,14.0014,12.2597,1.95,14.0284,489.0,15300.0,2900.4297
830,14.1294,13.3436,2.0687,12.6246,491.0,21820.0,2900.4297
831,12.6032,13.3823,2.0116,14.6813,487.0,15298.0,2900.4297
832,14.6959,13.5373,2.4239,13.0632,487.0,15298.0,2900.4297
833,12.9303,13.7127,2.0332,13.8632,491.0,19362.0,2900.4297
834,13.9014,13.8339,2.5267,14.0016,463.0,17462.0,2900.4297
835,14.0944,11.9789,1.9285,14.3865,452.0,13198.0,2900.4297
836,14.2847,12.684,1.8275,12.8722,452.0,13198.0,2900.4297
837,12.854,13.2097,1.9321,13.5808,454.0,13318.0,2900.4297
838,13.7085,13.5641,2.0789,14.0115,487.0,15762.0,2900.4297
839,13.8684,12.9937,2.0647,13.9045,487.0,37786.0,2900.4297
840,13.9462,12.9648,1.9914,13.5311,487.0,28546.0,2900.4297
841,13.5526,12.1425,1.8567,13.1592,492.0,26450.0,2900.4297
842,13.1939,13.6881,1.9025,14.4023,492.0,45782.0,2900.4297
843,14.3759,12.9902,1.7494,12.9545,491.0,16914.0,2900.4297
844,12.9225,13.3937,2.0599,14.0906,490.0,15312.0,2900.4297
845,14.1047,13.1883,2.2441,14.042,490.0,16840.0,2900.4297
846,14.2038,12.0841,2.2183,13.919,489.0,16228.0,2900.4297
847,13.7452,13.4951,2.1264,13.0702,487.0,15298.0,2900.4297
848,13.1122,13.5366,2.1941,12.8301,487.0,23056.0,2900.4297
849,12.8918,13.3542,2.3114,13.8878,456.0,13438.0,2900.4297
850,13.7979,13.5351,1.8835,14.7794,452.0,13198.0,2900.4297
851,14.8071,13.3956,2.2138,14.1481,488.0,17238.0,2900.4297
852,14.193,12.1604,1.9434,12.8562,488.0,15310.0,2900.4297
853,12.785,13.274,2.0295,14.2044,487.0,15892.0,2900.4297
854,14.2314,13.4316,1.9807,13.049,469.0,14858.0,2900.4297
855,13.1019,13.4035,2.4587,14.2956,487.0,15298.0,2900.4297
856,14.2966,13.5433,2.3203,13.4001,488.0,22694.0,2900.4297
857,13.3617,11.9864,1.9782,13.7496,492.0,19970.0,2900.4297
858,13.7772,13.5078,1.8534,14.3538,505.0,30087.0,2900.4297
859,14.2902,13.6381,1.9116,14.3711,491.0,18678.0,2900.4297
860,14.3649,13.4428,1.9015,12.5493,489.0,15922.0,2900.4297
861,12.5115,13.7122,2.0099,14.7693,459.0,15203.0,2900.4297
862,14.8369,13.802,2.1775,14.4727,489.0,15300.0,2900.4297
863,14.5696,13.3093,2.0868,13.9102,488.0,16702.0,2900.4297
864,13.7773,12.1305,1.9234,12.8872,487.0,18152.0,2900.4297
865,12.8965,13.4247,2.0361,14.0525,487.0,15298.0,2900.4297
866,14.0626,13.105,2.0121,14.7156,492.0,20048.0,2900.4297
867,14.8633,13.3085,2.5932,13.0234,487.0,19972.0,2900.4297
868,12.9346,13.4989,2.34,13.9197,488.0,18448.0,2900.4297
869,13.8381,12.2807,2.0751,12.9867,488.0,15310.0,2900.4297
870,13.0524,13.6386,2.2575,14.3469,489.0,26898.0,2900.4297
871,14.2854,13.292,2.2856,13.2931,487.0,16126.0,2900.4297
872,13.3929,13.7453,2.0597,13.7794,488.0,15310.0,2900.4297
873,13.7618,13.5441,2.4909,14.1743,491.0,15302.0,2900.4297
874,14.1231,13.3828,2.3548,13.608,491.0,15302.0,2900.4297
875,13.5704,12.0499,2.0282,13.5292,491.0,24198.0,2900.4297
876,13.6128,13.8723,1.8255,14.2289,490.0,18236.0,2900.4297
877,14.2058,13.3974,2.0292,13.9628,489.0,15300.0,2900.4297
878,14.0184,13.6207,2.0829,13.1982,490.0,19952.0,2900.4297
879,13.0918,13.1891,1.8233,14.1046,487.0,16226.0,2900.4297
880,14.0746,13.7074,1.8714,14.2213,488.0,22066.0,2900.4297
881,14.2555,12.1963,2.029,13.2681,487.0,35040.0,2900.4297
882,13.2938,13.2049,1.8842,14.0913,487.0,23040.0,2900.4297
883,14.0798,13.7546,1.9139,13.0731,488.0,16238.0,2900.4297
884,13.1025,13.2891,2.2716,13.9308,487.0,18082.0,2900.4297
885,13.8966,13.3671,1.9338,14.4039,487.0,24032.0,2900.4297
886,14.4167,13.3762,1.9294,13.6277,487.0,32224.0,2900.4297
887,13.6953,12.2668,2.1595,13.4176,468.0,14158.0,2900.4297
888,13.3887,13.3064,2.0493,14.2145,452.0,13198.0,2900.4297
889,14.1759,13.5036,1.936,12.8099,492.0,15314.0,2900.4297
890,12.7629,13.7725,1.8344,14.9771,491.0,17158.0,2900.4297
891,15.0216,13.6669,1.8331,13.7926,491.0,15302.0,2900.4297
892,13.7838,12.2513,1.8004,14.7549,489.0,18648.0,2900.4297
893,14.7798,13.3753,1.8422,12.6886,490.0,18629.0,2900.4297
894,12.6655,13.6417,1.9491,14.0488,489.0,15300.0,2900.4297
895,14.1072,13.5698,2.1217,13.1919,488.0,17166.0,2900.4297
896,13.1637,13.4616,2.4768,14.0964,487.0,15298.0,2900.4297
897,14.0679,13.1068,2.425,13.7913,487.0,16924.0,2900.4297
898,13.8534,12.3342,1.8177,13.8172,487.0,13714.0,2900.4297
899,13.8,13.3362,1.8346,13.6536,487.0,13522.0,2900.4297
900,13.6397,13.1926,1.9489,13.9804,487.0,13522.0,2900.4297
901,13.9825,13.368,2.2027,12.9069,487.0,13522.0,2900.4297
902,12.9188,13.2955,2.362,13.5043,487.0,13570.0,2900.4297
903,13.5013,13.26,1.9367,14.0407,487.0,13522.0,2900.4297
904,14.0859,12.1268,1.9081,14.3166,496.0,22698.0,2900.4297
905,14.3041,13.6572,2.0534,13.6312,491.0,16038.0,2900.4297
906,13.5981,13.4565,2.1668,12.7699,491.0,19966.0,2900.4297
907,12.734,13.7542,2.0801,14.611,493.0,23818.0,2900.4297
908,14.595,13.6007,2.3745,14.3919,490.0,18504.0,2900.4297
909,14.4834,13.3221,2.1061,13.7112,490.0,20612.0,2900.4297
910,13.6636,12.107,2.2246,13.2101,494.0,39052.0,2900.4297
911,13.2479,13.2,1.9858,13.8797,489.0,25922.0,2900.4297
912,13.8433,13.554,1.9176,13.1082,490.0,36514.0,2900.4297
913,13.0645,13.921,1.9389,14.4728,487.0,23426.0,2900.4297
914,14.632,13.1225,2.1962,13.8996,487.0,27282.0,2900.4297
915,13.758,12.1396,1.8244,14.1987,488.0,16998.0,2900.4297
916,14.2136,13.5487,1.8311,13.0634,487.0,25762.0,2900.4297
917,13.2862,13.3076,2.3947,12.9873,487.0,26070.0,2900.4297
918,12.7867,13.664,2.2623,14.4429,487.0,41766.0,2900.4297
919,14.4122,13.1375,1.9754,13.4149,472.0,21934.0,2900.4297
920,13.5067,13.5846,2.0273,13.9829,452.0,13198.0,2900.4297
921,13.8965,12.1046,1.7397,13.1356,457.0,13214.0,2900.4297
922,13.142,13.6525,2.1487,14.6648,464.0,13682.0,2900.4297
923,14.6824,13.6529,1.9425,13.1892,467.0,13862.0,2900.4297
924,13.2258,13.7748,2.6184,14.4268,455.0,13260.0,2900.4297
925,14.4085,13.3595,2.9017,15.329,455.0,13212.0,2900.4297
926,15.4833,13.0388,2.358,12.7992,465.0,13812.0,2900.4297
927,12.6615,12.7267,2.1415,13.559,453.0,13258.0,2900.4297
928,13.5243,13.4138,1.971,13.7629,453.0,13210.0,2900.4297
929,13.7878,13.7054,2.2379,15.5265,453.0,13210.0,2900.4297
930,15.6663,13.2522,2.0707,12.3974,487.0,15298.0,2900.4297
931,12.2282,13.6895,1.951,13.7327,472.0,14398.0,2900.4297
932,13.8465,12.9914,2.0015,14.3875,452.0,13198.0,2900.4297
933,14.3622,12.413,2.0925,12.9409,454.0,13468.0,2900.4297
934,12.8134,13.2365,1.8234,13.958,457.0,14182.0,2900.4297
935,14.0233,13.311,1.7811,12.9528,452.0,13198.0,2900.4297
936,12.9736,13.3837,2.6065,14.5055,452.0,13198.0,2900.4297
937,14.5025,13.3918,2.8865,13.9845,460.0,14056.0,2900.4297
938,13.9446,12.3305,1.8338,13.9505,473.0,18558.0,2900.4297
939,13.924,13.6514,1.6511,13.0826,483.0,19708.0,2900.4297
940,13.1112,13.4718,1.8165,14.2226,461.0,16246.0,2900.4297
941,14.2569,13.5174,1.7647,13.2385,454.0,13200.0,2900.4297
942,13.2467,13.2612,2.0134,14.2913,455.0,13212.0,2900.4297
943,14.2658,13.5227,2.1067,13.891,457.0,13498.0,2900.4297
944,13.931,11.9334,1.8658,13.641,454.0,13318.0,2900.4297
945,13.6149,13.4665,1.9777,14.3395,459.0,13618.0,2900.4297
946,14.3606,13.5671,2.0597,13.4588,489.0,15322.0,2900.4297
947,13.5252,13.4636,1.8702,12.9916,487.0,15298.0,2900.4297
948,12.8872,13.1712,1.6479,14.3692,488.0,21806.0,2900.4297
949,14.4323,13.2712,1.9073,13.6728,487.0,15298.0,2900.4297
950,13.5937,12.1851,1.8629,14.0218,487.0,15298.0,2900.4297
951,14.0024,13.4375,2.1916,13.4472,491.0,19662.0,2900.4297
952,13.4857,13.5544,1.9975,13.2387,459.0,16922.0,2900.4297
953,13.3113,13.3785,2.3108,13.9752,457.0,13214.0,2900.4297
954,13.8928,13.4346,1.9656,14.107,456.0,13202.0,2900.4297
955,14.1588,12.2062,1.9395,14.3005,490.0,15242.0,2900.4297
956,14.2589,12.2981,1.7891,12.6694,491.0,36804.0,2900.4297
957,12.6789,13.5166,1.9298,14.2354,489.0,28180.0,2900.4297
958,14.3515,13.5374,2.1498,13.3339,490.0,26448.0,2900.4297
959,13.1644,13.3153,2.0853,14.303,488.0,43158.0,2900.4297
960,14.3938,13.6449,2.3342,14.5086,488.0,21382.0,2900.4297
961,14.4755,12.2326,1.9574,13.8599,487.0,15298.0,2900.4297
962,13.9199,13.2238,1.9454,13.256,488.0,16714.0,2900.4297
963,13.1976,13.8739,2.1042,14.6251,487.0,15886.0,2900.4297
964,14.6658,13.9802,2.6126,13.232,487.0,15762.0,2900.4297
965,13.2581,13.4153,2.8207,13.7088,487.0,20662.0,2900.4297
966,13.6211,13.3195,2.5032,14.5075,462.0,16144.0,2900.4297
967,14.4901,12.3438,2.1764,14.2962,452.0,13198.0,2900.4297
968,14.3687,13.6026,2.1914,13.2429,488.0,17238.0,2900.4297
969,13.342,13.5481,2.1027,14.5803,491.0,15302.0,2900.4297
970,14.4697,13.6726,2.1939,13.3765,491.0,15896.0,2900.4297
971,13.4432,13.53,3.0829,14.6381,491.0,15990.0,2900.4297
972,14.5403,13.6174,2.5144,14.5495,490.0,15312.0,2900.4297
973,14.549,12.2102,2.4194,12.9792,489.0,23790.0,2900.4297
974,13.0674,13.0836,2.2763,13.4904,503.0,31899.0,2900.4297
975,13.512,13.5775,2.2387,14.428,485.0,20242.0,2900.4297
976,14.3299,13.3141,2.0698,12.2939,487.0,15762.0,2900.4297
977,12.2666,13.4152,2.1733,14.553,480.0,16739.0,2900.4297
978,14.7086,13.1832,2.4581,14.0352,487.0,15762.0,2900.4297
979,13.9861,12.2676,2.3688,12.8999,488.0,16238.0,2900.4297
980,12.8283,13.416,2.5705,15.0288,487.0,18152.0,2900.4297
981,15.1247,13.6179,2.1189,12.6886,487.0,15298.0,2900.4297
982,12.5944,13.8057,2.662,14.0207,493.0,20060.0,2900.4297
983,14.0042,13.3573,2.0489,13.3223,488.0,20142.0,2900.4297
984,13.3972,13.0843,1.7448,14.1276,488.0,18290.0,2900.4297
985,14.1522,12.3433,1.9209,13.8242,491.0,15654.0,2900.4297
986,13.8067,13.6145,2.2578,13.8816,491.0,26526.0,2900.4297
987,13.8135,13.5813,2.0137,13.6556,492.0,16142.0,2900.4297
988,13.6635,13.3542,2.0956,13.9103,490.0,15312.0,2900.4297
989,13.8962,13.4102,2.0399,13.709,490.0,15312.0,2900.4297
990,13.7451,12.952,1.9997,13.4377,489.0,15726.0,2900.4297
991,13.3801,12.296,2.2003,13.3249,488.0,24244.0,2900.4297
992,13.3589,13.4754,1.9451,13.7037,487.0,17758.0,2900.4297
993,13.7347,13.2947,1.9114,13.0785,487.0,15298.0,2900.4297
994,13.103,13.1623,2.0232,13.9663,489.0,19962.0,2900.4297
995,13.8788,13.211,2.396,14.206,487.0,16226.0,2900.4297
996,14.2112,12.4881,2.0018,13.1768,487.0,23578.0,2900.4297
997,13.2512,13.3996,1.8959,14.1538,487.0,33970.0,2900.4297
998,14.3788,13.1584,2.0469,13.4278,487.0,22586.0,2900.4297
999,13.2528,13.4439,2.216,13.7895,487.0,16226.0,2900.4297
1000,13.7045,13.6003,2.0547,13.7664,487.0,19010.0,2900.4297
1001,13.7497,13.1391,1.938,13.5379,491.0,25929.0,2900.4297
1002,13.5617,12.0118,1.8588,13.778,491.0,29407.0,2900.4297
1003,13.7929,13.5791,1.9347,13.4825,470.0,14042.0,2900.4297
1004,13.5253,13.5151,1.847,13.5672,454.0,13200.0,2900.4297
1005,13.5943,13.2464,2.445,13.6059,490.0,15312.0,2900.4297
1006,13.5658,12.901,2.0466,13.9198,489.0,17156.0,2900.4297
1007,13.8725,12.2825,1.8879,13.5237,488.0,15310.0,2900.4297
1008,13.5084,13.4358,2.1975,14.2379,487.0,18646.0,2900.4297
1009,14.2559,13.3222,1.7351,13.0868,488.0,18627.0,2900.4297
1010,13.1266,13.8724,2.1131,13.6419,487.0,15298.0,2900.4297
1011,13.5891,13.1469,1.8195,14.1149,487.0,17154.0,2900.4297
1012,14.0942,12.0213,1.8259,13.486,487.0,15298.0,2900.4297
1013,13.5211,12.0997,1.8756,13.1514,488.0,16936.0,2900.4297
1014,13.0992,13.6556,1.6706,14.0554,488.0,13726.0,2900.4297
1015,14.1058,13.4523,1.9173,13.1302,488.0,13534.0,2900.4297
1016,13.0944,13.2747,2.5152,14.3776,487.0,13522.0,2900.4297
1017,14.4396,13.2678,2.2093,14.1556,491.0,13526.0,2900.4297
1018,14.1362,12.3418,1.8655,14.6548,491.0,13574.0,2900.4297
1019,14.7259,13.6359,1.949,12.7477,492.0,13538.0,2900.4297
1020,12.7715,13.4481,2.0363,14.1047,497.0,22688.0,2900.4297
1021,14.1025,13.673,1.8809,13.3856,489.0,16036.0,2900.4297
1022,13.2731,13.4686,2.1023,13.9337,489.0,19964.0,2900.4297
1023,13.9445,13.5177,2.199,14.0362,489.0,23814.0,2900.4297
1024,14.0592,11.964,2.0751,13.6461,488.0,18502.0,2900.4297
1025,13.6832,13.3681,1.8738,13.6836,488.0,20610.0,2900.4297
1026,13.7133,13.3105,2.0275,13.3959,492.0,39050.0,2900.4297
1027,13.2828,13.4456,1.7175,13.8984,489.0,25922.0,2900.4297
1028,13.9417,13.1043,2.0776,13.5962,491.0,36526.0,2900.4297
1029,13.6042,13.785,2.1677,13.7699,487.0,23426.0,2900.4297
1030,13.7212,12.2186,1.7904,13.6257,488.0,27294.0,2900.4297
1031,13.7112,13.4963,1.8891,14.2098,487.0,16986.0,2900.4297
1032,14.1939,13.9686,1.9621,13.492,487.0,25762.0,2900.4297
1033,13.6269,13.4075,2.2781,14.1757,492.0,26086.0,2900.4297
1034,14.0282,13.2992,2.5619,13.5658,491.0,41770.0,2900.4297
1035,13.5457,13.3453,2.0039,14.5155,476.0,21938.0,2900.4297
1036,14.4966,12.3758,2.0998,14.3809,454.0,13200.0,2900.4297
1037,14.4798,13.6697,2.2108,12.384,454.0,13200.0,2900.4297
1038,12.3324,13.3674,2.0889,13.4323,465.0,13860.0,2900.4297
1039,13.3948,13.4075,2.1335,15.0127,462.0,13798.0,2900.4297
1040,15.034,13.6935,2.4993,13.4138,452.0,13198.0,2900.4297
1041,13.4259,11.985,2.2789,13.3917,460.0,13630.0,2900.4297
1042,13.4,13.2809,1.9814,14.6231,456.0,13438.0,2900.4297
1043,14.733,13.6585,1.906,13.7072,452.0,13198.0,2900.4297
1044,13.5847,13.5668,1.8677,13.2919,453.0,13210.0,2900.4297
1045,13.255,13.1753,2.0954,13.6523,452.0,13198.0,2900.4297
1046,13.6721,13.2954,2.0099,13.8425,487.0,15298.0,2900.4297
1047,13.8918,12.3074,2.1068,14.1348,471.0,14338.0,2900.4297
1048,14.1925,13.2806,1.8941,13.3932,452.0,13198.0,2900.4297
1049,13.3135,13.5097,1.868,14.1998,458.0,13472.0,2900.4297
1050,14.2242,13.7605,1.9924,13.3275,461.0,14186.0,2900.4297
1051,13.2985,12.8888,1.84,14.1031,456.0,13202.0,2900.4297
1052,14.0842,13.5009,2.2284,14.4845,456.0,13470.0,2900.4297
1053,14.5092,11.9643,1.9233,14.1851,458.0,14368.0,2900.4297
1054,14.2012,13.635,2.0716,12.8135,475.0,19026.0,2900.4297
1055,12.799,13.5598,1.967,13.9737,475.0,19186.0,2900.4297
1056,14.0336,13.8254,2.0014,13.8033,459.0,15780.0,2900.4297
1057,13.7914,13.1295,1.8393,13.9716,452.0,13198.0,2900.4297
1058,13.9255,13.2901,1.9245,14.3291,457.0,13450.0,2900.4297
1059,14.3959,12.2271,1.8285,12.7459,453.0,13258.0,2900.4297
1060,12.7727,13.3162,2.1041,14.3854,460.0,13678.0,2900.4297
1061,14.4113,13.506,2.4891,13.6127,456.0,13438.0,2900.4297
1062,13.5738,13.9165,2.1383,14.0459,487.0,15298.0,2900.4297
1063,13.9463,13.5062,1.9279,14.133,487.0,16226.0,2900.4297
1064,14.2327,13.7422,2.1621,14.396,487.0,20866.0,2900.4297
1065,14.3311,12.3371,1.9723,13.2376,491.0,15302.0,2900.4297
1066,13.2054,13.603,1.9709,14.8498,491.0,15302.0,2900.4297
1067,14.8524,13.4047,1.8151,13.7091,496.0,21610.0,2900.4297
1068,13.7538,13.758,2.0123,12.8999,457.0,14800.0,2900.4297
1069,12.952,13.3636,2.2168,14.0142,454.0,13200.0,2900.4297
1070,13.9038,13.1882,2.169,13.5773,487.0,15180.0,2900.4297
1071,13.6134,12.0033,1.9539,13.874,487.0,36778.0,2900.4297
1072,13.8551,13.7465,1.8664,13.6107,487.0,27442.0,2900.4297
1073,13.6252,13.3468,1.9076,13.3306,487.0,27170.0,2900.4297
1074,13.3567,13.5787,2.13,14.3414,487.0,40338.0,2900.4297
1075,14.2775,13.8889,2.2854,14.1238,487.0,24178.0,2900.4297
1076,14.1457,13.493,1.9671,13.9241,487.0,15298.0,2900.4297
1077,13.9648,12.185,1.8738,12.9312,487.0,16702.0,2900.4297
1078,12.877,13.3171,2.1345,14.2489,487.0,15886.0,2900.4297
1079,14.2977,13.5756,2.0785,13.5879,487.0,15762.0,2900.4297
1080,13.5336,13.5005,2.1646,13.4809,488.0,19477.0,2900.4297
1081,13.5268,13.1399,2.2298,13.7281,467.0,17453.0,2900.4297
1082,13.7869,12.2606,1.9361,17.0154,456.0,13202.0,2900.4297
1083,17.0738,13.5838,2.0484,10.9777,491.0,17230.0,2900.4297
1084,10.9606,13.6382,2.0086,13.9818,489.0,15300.0,2900.4297
1085,13.8866,13.2502,1.9842,13.4632,489.0,15894.0,2900.4297
1086,13.5267,13.3406,2.1124,13.4413,489.0,15988.0,2900.4297
1087,13.3541,13.2944,2.3259,14.4447,488.0,15310.0,2900.4297
1088,14.5768,12.1953,1.7184,12.055,487.0,23788.0,2900.4297
1089,11.9101,13.3857,1.5914,14.7282,505.0,33825.0,2900.4297
1090,14.7844,13.7159,1.9099,14.2202,486.0,19078.0,2900.4297
1091,14.2349,13.5268,2.2002,13.7088,489.0,15322.0,2900.4297
1092,13.653,13.5401,1.9649,14.1376,487.0,17671.0,2900.4297
1093,14.1357,13.2407,1.8781,13.4742,482.0,15366.0,2900.4297
1094,13.576,12.3001,2.1709,12.9385,487.0,16226.0,2900.4297
1095,12.8619,13.4748,1.9853,14.7575,487.0,17688.0,2900.4297
1096,14.7523,13.2876,1.8063,12.7364,490.0,16272.0,2900.4297
1097,12.7725,13.3107,2.6033,14.5268,495.0,19636.0,2900.4297
1098,14.5035,13.5604,2.2893,13.753,492.0,20084.0,2900.4297
1099,13.7458,12.2756,1.9039,14.6478,493.0,17834.0,2900.4297
1100,14.6665,13.5578,1.8984,13.5557,490.0,18382.0,2900.4297
1101,13.6927,13.9229,2.057,14.4198,489.0,23806.0,2900.4297
1102,14.276,13.6697,2.0211,13.139,490.0,16140.0,2900.4297
1103,13.2131,13.4515,2.1879,14.327,488.0,15310.0,2900.4297
1104,14.268,13.3916,1.799,13.9201,487.0,15298.0,2900.4297
1105,13.8897,13.3106,1.7713,13.6604,487.0,16830.0,2900.4297
1106,13.7158,12.2197,1.9096,13.6821,487.0,23126.0,2900.4297
1107,13.6323,13.2023,2.1402,13.9853,487.0,17758.0,2900.4297
1108,13.9818,13.3468,2.1277,13.2077,487.0,16690.0,2900.4297
1109,13.2358,13.6163,2.0433,13.9518,487.0,18546.0,2900.4297
1110,13.9184,13.7313,2.4126,13.6894,487.0,16226.0,2900.4297
1111,13.7393,12.0778,1.9327,14.5023,488.0,26964.0,2900.4297
1112,14.4794,13.5645,2.545,13.3073,487.0,32026.0,2900.4297
1113,13.279,13.3037,1.9258,13.5184,491.0,21160.0,2900.4297
1114,13.5707,13.556,1.9012,13.5313,492.0,18098.0,2900.4297
1115,13.4978,13.2428,1.6654,14.6219,493.0,18574.0,2900.4297
1116,14.6434,13.4178,2.103,14.1598,489.0,27356.0,2900.4297
1117,14.1276,12.2419,2.0061,12.6602,489.0,26584.0,2900.4297
1118,12.7193,13.546,2.0338,14.1505,462.0,13680.0,2900.4297
1119,14.1208,13.853,2.0985,14.1448,452.0,13198.0,2900.4297
1120,14.1359,13.8844,1.8437,13.3,487.0,15298.0,2900.4297
1121,13.3355,13.3308,1.7143,14.1779,487.0,17154.0,2900.4297
1122,14.1744,13.3528,2.5021,14.3488,487.0,15298.0,2900.4297
1123,14.2949,12.3763,1.9242,12.6341,487.0,18646.0,2900.4297
1124,12.6411,13.5292,1.9209,14.7551,487.0,18615.0,2900.4297
1125,14.7472,13.2773,1.9818,14.6504,487.0,15298.0,2900.4297
1126,14.8214,13.7265,1.9042,13.1203,487.0,17154.0,2900.4297
1127,12.9679,13.4678,1.8524,13.3689,487.0,15298.0,2900.4297
1128,13.3532,13.0693,1.7355,14.2224,487.0,16924.0,2900.4297
1129,14.2156,12.3689,1.7248,13.0548,491.0,13718.0,2900.4297
1130,13.0685,12.9147,1.6862,14.3174,491.0,13526.0,2900.4297
1131,14.3349,13.4243,1.9787,13.3415,491.0,13526.0,2900.4297
1132,13.5005,13.3195,2.2175,14.3554,491.0,13548.0,2900.4297
1133,14.2731,13.399,2.0371,14.2677,489.0,13572.0,2900.4297
1134,14.1853,13.0148,1.9824,13.9938,490.0,13536.0,2900.4297
1135,14.0593,12.1836,1.9995,13.5469,496.0,22698.0,2900.4297
1136,13.7235,13.8574,1.8153,14.3793,487.0,16034.0,2900.4297
1137,14.1346,13.5186,1.8861,12.4497,487.0,19962.0,2900.4297
1138,12.5257,13.4662,2.0787,14.3409,488.0,23802.0,2900.4297
1139,14.2511,13.2269,2.061,14.0669,487.0,18490.0,2900.4297
1140,14.085,12.9396,1.898,14.5867,488.0,20610.0,2900.4297
1141,14.7423,13.0274,2.0471,13.2898,494.0,39074.0,2900.4297
1142,13.3331,13.4578,2.1834,13.5,489.0,25922.0,2900.4297
1143,13.4285,13.5743,2.3547,13.9853,490.0,36514.0,2900.4297
1144,13.9204,13.64,2.4064,14.2183,487.0,23426.0,2900.4297
1145,14.1799,13.4278,1.9653,14.1443,491.0,27286.0,2900.4297
1146,14.1089,12.2021,1.7241,13.4105,491.0,16990.0,2900.4297
1147,13.4167,12.0144,1.9373,13.8492,491.0,25766.0,2900.4297
1148,13.9058,14.0967,1.9309,15.0507,490.0,26084.0,2900.4297
1149,14.9783,13.3147,1.803,12.2606,489.0,41768.0,2900.4297
1150,12.2925,13.5482,2.4192,13.6359,475.0,21948.0,2900.4297
1151,13.6352,13.325,1.937,14.3648,452.0,13198.0,2900.4297
1152,14.4382,12.2276,1.6729,14.6979,452.0,13198.0,2900.4297
1153,14.6566,13.9853,2.1084,12.6942,470.0,14278.0,2900.4297
1154,12.6747,13.3853,1.8665,14.0361,456.0,13390.0,2900.4297
1155,14.114,13.3501,1.8182,14.3871,452.0,13198.0,2900.4297
1156,14.401,13.7429,2.2617,13.5354,464.0,13918.0,2900.4297
1157,13.456,12.9425,2.1537,13.3675,452.0,13198.0,2900.4297
1158,13.3425,12.1569,1.8347,13.3836,452.0,13198.0,2900.4297
1159,13.3958,12.7758,1.6721,14.1767,452.0,13198.0,2900.4297
1160,14.1916,13.6584,1.9169,13.773,488.0,15310.0,2900.4297
1161,13.8363,13.2077,1.7019,13.47,477.0,14414.0,2900.4297
1162,13.4093,13.126,2.3007,14.1745,456.0,13202.0,2900.4297
1163,14.1506,13.8957,2.3626,14.2835,465.0,14528.0,2900.4297
1164,14.3771,12.2712,1.9655,13.1147,454.0,13200.0,2900.4297
1165,13.0394,12.4337,1.906,13.4713,454.0,13200.0,2900.4297
1166,13.4547,13.7165,1.8373,13.9637,457.0,13994.0,2900.4297
1167,14.002,13.5561,1.9845,14.1765,455.0,14376.0,2900.4297
1168,14.1564,13.155,2.0642,13.2744,474.0,19062.0,2900.4297
1169,13.2891,13.2139,1.8351,13.9626,481.0,21196.0,2900.4297
1170,13.915,12.3503,1.849,14.2155,452.0,13198.0,2900.4297
1171,14.2474,13.6031,1.8345,13.3388,452.0,13198.0,2900.4297
1172,13.3769,13.3575,2.1402,13.9551,457.0,13498.0,2900.4297
1173,13.9797,13.9596,2.6817,13.8457,455.0,13330.0,2900.4297
1174,13.7639,13.9735,2.2493,14.6208,458.0,13510.0,2900.4297
1175,14.7406,13.3291,1.8682,13.8727,461.0,13738.0,2900.4297
1176,13.7909,11.9518,1.8977,13.486,487.0,15298.0,2900.4297
1177,13.5467,13.7657,1.8855,14.7293,492.0,17170.0,2900.4297
1178,14.6757,13.5516,1.9801,12.7327,491.0,19942.0,2900.4297
1179,12.7646,13.8585,2.3758,14.6135,491.0,15302.0,2900.4297
1180,14.594,13.4787,2.3205,14.6553,492.0,18348.0,2900.4297
1181,14.6323,13.4607,2.1487,13.801,499.0,20784.0,2900.4297
1182,13.8176,12.3646,2.1299,13.0322,462.0,13296.0,2900.4297
1183,13.043,13.6789,2.2714,14.2388,465.0,13594.0,2900.4297
1184,14.2291,14.1151,2.1634,14.0651,495.0,19588.0,2900.4297
1185,14.0599,13.7734,2.0266,14.2923,492.0,34340.0,2900.4297
1186,14.2646,13.5977,2.1787,13.976,495.0,26434.0,2900.4297
1187,14.0871,13.4593,2.0263,14.387,495.0,28002.0,2900.4297
1188,14.2999,12.3332,1.9311,14.1161,495.0,41894.0,2900.4297
1189,14.0924,13.4689,2.1901,13.1032,495.0,21342.0,2900.4297
1190,13.2383,13.4586,2.2148,14.1635,495.0,15394.0,2900.4297
1191,14.1696,13.5846,2.5198,13.7411,495.0,16798.0,2900.4297
1192,13.5836,13.7837,1.9605,14.1617,495.0,15982.0,2900.4297
1193,14.3094,13.7444,2.4249,15.0044,499.0,15862.0,2900.4297
1194,14.9043,12.3882,2.5416,13.2016,371.0,24337.0,2900.4297
1195,13.2003,16.5663,2.1389,17.5835,289.0,16165.0,2900.4297
1196,17.5629,14.9995,2.1719,14.2679,315.0,16180.0,2900.4297
1197,14.3158,14.9754,2.074,15.5494,314.0,14240.0,2900.4297
1198,15.5365,14.5966,2.2191,15.076,315.0,14846.0,2900.4297
1199,15.0302,15.0148,1.9489,15.8626,313.0,14938.0,2900.4297
1200,15.934,15.2378,2.3267,15.1985,314.0,14262.0,2900.4297
1201,15.2974,15.0908,1.9886,15.958,312.0,22570.0,2900.4297
1202,15.798,14.7017,2.1765,15.177,330.0,32923.0,2900.4297
1203,15.164,15.0204,2.0837,15.1464,312.0,18030.0,2900.4297
1204,15.1817,14.9784,2.3186,16.0247,314.0,14262.0,2900.4297
1205,15.9899,15.0975,2.0653,14.9315,315.0,16743.0,2900.4297
1206,14.9556,14.7321,2.0195,15.1631,305.0,14234.0,2900.4297
1207,15.1647,14.7528,1.9063,15.5732,315.0,15202.0,2900.4297
1208,15.5411,13.6172,1.8264,15.6181,312.0,16628.0,2900.4297
1209,15.696,14.7955,1.9791,14.3234,320.0,15228.0,2900.4297
1210,14.2629,14.9195,1.9323,15.5721,321.0,18588.0,2900.4297
1211,15.5814,14.9117,1.8605,15.5593,316.0,19012.0,2900.4297
1212,15.5569,14.8206,1.8336,15.4072,316.0,16772.0,2900.4297
1213,15.4331,14.8627,2.0768,14.816,315.0,17322.0,2900.4297
1214,14.8593,14.854,2.2042,15.8128,318.0,22794.0,2900.4297
1215,15.7211,14.8169,2.0609,15.3129,313.0,15078.0,2900.4297
1216,15.347,14.9208,2.2727,16.7805,312.0,14238.0,2900.4297
1217,16.781,14.9835,2.189,14.0624,312.0,14238.0,2900.4297
1218,14.059,15.0539,2.0449,16.0079,313.0,17132.0,2900.4297
1219,16.0106,14.8929,1.8531,14.757,312.0,20716.0,2900.4297
1220,14.7357,14.1696,2.2722,16.0493,312.0,16698.0,2900.4297
1221,16.027,14.1423,1.8455,16.0255,313.0,16106.0,2900.4297
1222,16.0848,14.7645,2.0599,14.2372,314.0,17046.0,2900.4297
1223,14.2563,14.7147,2.1317,14.5997,313.0,15178.0,2900.4297
1224,14.6696,15.1123,2.2316,15.58,314.0,26416.0,2900.4297
1225,15.4925,14.9932,1.9756,14.5748,316.0,31020.0,2900.4297
1226,14.6039,14.9601,2.4868,15.9895,318.0,19574.0,2900.4297
1227,15.9753,14.9556,2.3187,15.6669,319.0,17062.0,2900.4297
1228,15.6618,15.2005,2.2257,15.3685,316.0,17512.0,2900.4297
1229,15.3641,15.2641,2.2976,15.7729,315.0,29129.0,2900.4297
1230,15.759,14.9867,2.0201,15.5249,314.0,22703.0,2900.4297
1231,15.5368,14.7907,2.0021,15.4711,285.0,12570.0,2900.4297
1232,15.4711,14.748,1.8871,15.4595,278.0,12150.0,2900.4297
1233,15.4674,13.5714,1.9619,15.2073,313.0,14250.0,2900.4297
1234,15.2022,14.4533,1.9327,14.7057,312.0,16094.0,2900.4297
1235,14.6866,15.0555,1.9177,15.745,312.0,14238.0,2900.4297
1236,15.8888,14.4356,1.9889,15.3764,314.0,17610.0,2900.4297
1237,15.2424,14.7786,2.062,15.2473,314.0,17579.0,2900.4297
1238,15.2571,15.0143,1.9893,15.5704,314.0,16118.0,2900.4297
1239,15.5315,14.8197,1.9711,14.079,313.0,14250.0,2900.4297
1240,14.0864,14.7833,1.9146,15.5434,313.0,15876.0,2900.4297
1241,15.5602,14.7129,1.9512,15.3677,317.0,12670.0,2900.4297
1242,15.4009,14.9926,1.8142,16.0802,317.0,12478.0,2900.4297
1243,16.1833,14.6584,1.9234,14.7163,319.0,12502.0,2900.4297
1244,14.6175,14.7419,1.9413,16.3825,315.0,12476.0,2900.4297
1245,16.3862,13.6039,1.8821,14.4574,316.0,12536.0,2900.4297
1246,14.4231,13.5955,1.9023,14.3969,316.0,12488.0,2900.4297
1247,14.3777,14.8881,2.0509,15.4723,322.0,21650.0,2900.4297
1248,15.494,15.0077,2.085,15.5594,312.0,14974.0,2900.4297
1249,15.5679,14.9811,2.1175,15.8963,313.0,18914.0,2900.4297
1250,15.9088,14.7729,2.1428,14.5969,314.0,22754.0,2900.4297
1251,14.6742,15.0299,2.2815,15.3351,312.0,17430.0,2900.4297
1252,15.2617,14.9279,2.2055,15.2764,314.0,24958.0,2900.4297
1253,15.2263,14.5736,1.9655,15.4067,318.0,32606.0,2900.4297
1254,15.4425,14.7739,1.8831,15.6485,315.0,24874.0,2900.4297
1255,15.6962,14.7582,2.0406,14.9687,316.0,35466.0,2900.4297
1256,14.9436,14.705,1.9301,15.6011,314.0,30998.0,2900.4297
1257,15.5878,13.704,1.892,15.0745,318.0,17642.0,2900.4297
1258,15.0749,14.8316,1.8402,14.4315,318.0,15954.0,2900.4297
1259,14.3994,14.6921,1.9501,15.3165,317.0,24718.0,2900.4297
1260,15.3252,14.6619,1.865,16.3855,315.0,30564.0,2900.4297
1261,16.39,14.5855,1.9715,13.8784,309.0,34772.0,2900.4297
1262,13.9194,14.842,1.8932,17.7243,298.0,20816.0,2900.4297
1263,17.6641,15.5982,2.3322,14.071,279.0,12162.0,2900.4297
1264,14.157,15.4341,2.461,15.439,277.0,12138.0,2900.4297
1265,15.4012,15.0841,2.2603,16.3529,300.0,13470.0,2900.4297
1266,16.4018,15.4873,2.4383,16.5792,279.0,12162.0,2900.4297
1267,16.5582,15.1295,2.3788,14.7475,283.0,12450.0,2900.4297
1268,14.7494,14.7573,2.1819,16.2848,286.0,12534.0,2900.4297
1269,16.2317,15.146,2.0116,15.574,278.0,12150.0,2900.4297
1270,15.6412,14.5087,2.0937,15.5392,277.0,12138.0,2900.4297
1271,15.5443,14.0406,1.9421,16.5727,278.0,12150.0,2900.4297
1272,16.5389,14.4005,2.0402,15.7479,313.0,14250.0,2900.4297
1273,15.7543,15.3926,2.3745,16.0972,300.0,13234.0,2900.4297
1274,16.1654,15.2681,2.3469,14.6145,283.0,12166.0,2900.4297
1275,14.5161,14.9242,2.2065,15.3793,293.0,31104.0,2900.4297
1276,15.4328,15.0959,2.1116,15.9119,280.0,12152.0,2900.4297
1277,15.8936,14.5367,1.9606,15.0418,280.0,12200.0,2900.4297
1278,15.0438,14.6718,2.1206,14.3616,287.0,14136.0,2900.4297
1279,14.4544,16.0397,2.4776,17.2506,282.0,13298.0,2900.4297
1280,17.2073,15.3319,2.3192,16.2544,308.0,19770.0,2900.4297
1281,16.2464,15.1155,2.2293,14.5431,294.0,17184.0,2900.4297
1282,14.5293,14.6217,2.1629,17.974,277.0,12138.0,2900.4297
1283,18.006,16.959,3.1414,15.8423,281.0,12282.0,2900.4297
1284,15.7868,16.4558,3.1432,17.3906,281.0,12330.0,2900.4297
1285,17.4381,16.0978,3.6357,18.4673,283.0,12498.0,2900.4297
1286,18.5506,16.248,3.4813,16.0509,280.0,12222.0,2900.4297
1287,16.0234,15.7643,3.0951,17.9317,292.0,13038.0,2900.4297
1288,17.8865,15.3532,2.862,13.654,313.0,14714.0,2900.4297
1289,13.6826,15.0402,2.8371,15.9163,318.0,17514.0,2900.4297
1290,15.8923,15.2128,3.007,16.8119,318.0,17050.0,2900.4297
1291,16.8378,15.028,3.0617,15.9214,316.0,14242.0,2900.4297
1292,15.8884,15.5342,2.9609,15.1886,319.0,20398.0,2900.4297
1293,15.1489,14.1247,2.8743,15.2596,296.0,14730.0,2900.4297
1294,15.2443,14.8717,2.5262,19.1072,284.0,12392.0,2900.4297
1295,19.1907,15.3743,3.3875,15.4824,279.0,12258.0,2900.4297
1296,15.5058,15.3575,4.9188,12.0184,312.0,19168.0,2900.4297
1297,11.9139,15.1853,2.6341,16.3643,312.0,33732.0,2900.4297
1298,16.3522,15.1406,2.427,15.1335,312.0,25278.0,2900.4297
1299,15.1615,15.4419,2.7869,16.9715,313.0,28630.0,2900.4297
1300,16.9912,15.3468,2.5998,15.4414,313.0,39526.0,2900.4297
1301,15.4691,14.9998,2.5143,15.1616,315.0,18570.0,2900.4297
1302,15.1207,15.0675,2.354,15.4335,312.0,14238.0,2900.4297
1303,15.4663,15.345,2.6949,16.1609,318.0,33778.0,2900.4297
1304,16.1844,15.6163,2.5778,15.6263,313.0,14374.0,2900.4297
1305,15.6575,15.5668,2.4301,15.6399,317.0,15906.0,2900.4297
1306,15.517,16.0187,2.5261,16.6358,316.0,18613.0,2900.4297
1307,16.7092,15.9483,3.4931,17.0384,318.0,15194.0,2900.4297
1308,17.068,16.0772,2.9052,16.3478,306.0,17767.0,2900.4297
1309,16.3042,15.3557,3.1652,18.2818,314.0,16168.0,2900.4297
1310,18.3041,15.2493,3.5734,14.8169,315.0,14252.0,2900.4297
1311,14.7508,14.3875,3.2492,15.4282,313.0,14796.0,2900.4297
1312,15.4857,14.866,2.7393,15.0627,313.0,14938.0,2900.4297
1313,15.0951,15.0884,3.1863,16.3939,312.0,15324.0,2900.4297
1314,16.284,15.2489,2.5958,14.5302,314.0,23196.0,2900.4297
1315,14.5731,14.684,2.434,16.5836,330.0,31699.0,2900.4297
1316,16.6383,13.9832,2.4255,14.925,312.0,17614.0,2900.4297
1317,14.8952,15.1098,2.2755,16.0734,313.0,14714.0,2900.4297
1318,16.0487,15.1204,2.3772,17.1546,315.0,16743.0,2900.4297
1319,17.1724,15.6862,2.2378,14.9337,311.0,14962.0,2900.4297
1320,14.8944,15.4413,2.3651,16.2092,313.0,14250.0,2900.4297
1321,16.2762,15.2297,2.8345,15.0556,317.0,16644.0,2900.4297
1322,15.0141,15.3351,2.178,16.4837,318.0,16142.0,2900.4297
1323,16.495,15.763,2.1704,15.1088,321.0,18118.0,2900.4297
1324,15.068,14.9914,2.1259,15.6508,314.0,18698.0,2900.4297
1325,15.6462,14.7756,2.0414,15.0587,316.0,19334.0,2900.4297
1326,15.2216,14.9601,2.2365,16.4732,314.0,16404.0,2900.4297
1327,16.3791,15.0157,2.2867,14.446,314.0,21094.0,2900.4297
1328,14.4139,15.1009,2.3904,16.1149,312.0,14928.0,2900.4297
1329,16.105,14.8291,2.2187,15.3834,314.0,14262.0,2900.4297
1330,15.4186,14.9934,2.109,15.9633,312.0,14918.0,2900.4297
1331,15.9046,14.9335,2.1228,14.7419,313.0,19152.0,2900.4297
1332,14.7934,13.9344,2.0438,15.6701,313.0,18562.0,2900.4297
1333,15.7717,14.4829,2.363,16.0343,314.0,18044.0,2900.4297
1334,15.9612,14.4115,2.2911,15.0764,314.0,15190.0,2900.4297
1335,15.0149,15.02,2.6228,16.6414,313.0,16106.0,2900.4297
1336,16.6471,15.0866,2.263,14.1899,313.0,20182.0,2900.4297
1337,14.2461,15.2054,2.3834,16.3531,316.0,24624.0,2900.4297
1338,16.3492,15.2342,2.1794,14.3874,317.0,29484.0,2900.4297
1339,14.4194,16.3218,2.6169,17.9358,316.0,18330.0,2900.4297
1340,17.8969,15.6751,2.5493,16.5942,315.0,17036.0,2900.4297
1341,16.67,15.607,2.2849,15.3127,314.0,17952.0,2900.4297
1342,15.1998,15.4809,2.6092,14.9721,315.0,31022.0,2900.4297
1343,15.0424,15.2557,2.7493,15.7237,312.0,19832.0,2900.4297
1344,15.6755,15.1848,2.7192,15.9681,277.0,12138.0,2900.4297
1345,15.9542,14.9454,2.5121,15.0389,313.0,14250.0,2900.4297
1346,15.0692,14.1441,2.4698,15.2822,312.0,16094.0,2900.4297
1347,15.2257,14.9358,2.0475,15.8975,312.0,14238.0,2900.4297
1348,15.9065,15.02,2.2335,15.6092,313.0,17598.0,2900.4297
1349,15.6952,13.6737,2.3096,16.1938,314.0,17579.0,2900.4297
1350,16.1303,14.8867,2.3638,14.7157,312.0,16094.0,2900.4297
1351,14.7405,15.0337,2.3229,15.2078,313.0,14250.0,2900.4297
1352,15.1972,15.3182,2.4793,15.2054,312.0,15864.0,2900.4297
1353,15.2844,14.2911,2.2206,15.8803,317.0,12670.0,2900.4297
1354,15.8073,15.6081,2.0973,16.3292,317.0,12478.0,2900.4297
1355,16.3375,15.6694,2.1669,16.3787,316.0,12466.0,2900.4297
1356,16.3858,15.7657,2.2616,15.6486,316.0,12488.0,2900.4297
1357,15.6554,15.4728,2.4724,15.0364,314.0,12512.0,2900.4297
1358,15.0786,15.0883,2.9792,15.9837,316.0,12488.0,2900.4297
1359,15.9842,15.1826,2.6839,15.9784,321.0,21638.0,2900.4297
1360,15.9491,14.9763,3.1455,15.2209,312.0,14974.0,2900.4297
1361,15.2163,14.8402,2.9389,15.5777,312.0,18902.0,2900.4297
1362,15.5571,14.8893,2.4241,14.7289,314.0,22754.0,2900.4297
1363,14.6468,15.133,2.075,15.4207,314.0,17454.0,2900.4297
1364,15.4842,14.4718,2.3684,15.5375,315.0,24970.0,2900.4297
1365,15.4867,13.6465,2.0701,15.795,316.0,32582.0,2900.4297
1366,15.9352,14.791,2.0848,14.7649,316.0,24886.0,2900.4297
1367,14.7272,14.8785,2.114,16.0494,315.0,35454.0,2900.4297
1368,16.0237,14.9059,2.0905,15.3869,313.0,30986.0,2900.4297
1369,15.3768,15.0106,2.0768,16.5138,316.0,17618.0,2900.4297
1370,16.541,15.5635,2.3468,15.6884,317.0,15942.0,2900.4297
1371,15.6319,14.7589,2.1797,14.484,317.0,24718.0,2900.4297
1372,14.5513,15.2041,2.5341,14.984,314.0,30552.0,2900.4297
1373,14.9246,15.2319,2.5222,15.9508,316.0,36832.0,2900.4297
1374,15.9789,14.6344,2.2531,15.0109,293.0,18780.0,2900.4297
1375,14.9891,15.0056,2.158,15.6356,277.0,12138.0,2900.4297
1376,15.6314,14.874,1.9682,15.2215,278.0,12150.0,2900.4297
1377,15.2006,14.8221,1.9697,15.2748,301.0,13482.0,2900.4297
1378,15.3239,13.6765,2.0013,15.6962,279.0,12162.0,2900.4297
1379,15.6812,14.9359,2.003,15.2199,283.0,12498.0,2900.4297
1380,15.2393,15.1247,2.2298,15.5117,282.0,12438.0,2900.4297
1381,15.456,14.9836,2.0797,15.1571,278.0,12150.0,2900.4297
1382,15.2195,15.1199,2.1114,15.2563,278.0,12150.0,2900.4297
1383,15.284,15.2825,2.1231,16.8643,278.0,12150.0,2900.4297
1384,16.8304,15.0027,2.3512,13.9014,313.0,14250.0,2900.4297
1385,13.9415,15.167,2.2485,16.2875,301.0,13246.0,2900.4297
1386,16.2825,15.0555,2.5996,16.3748,282.0,12154.0,2900.4297
1387,16.3339,14.9769,2.4832,17.5989,289.0,13456.0,2900.4297
1388,17.7039,16.6109,3.4538,15.597,282.0,12176.0,2900.4297
1389,15.498,15.3893,2.7757,15.0625,287.0,14184.0,2900.4297
1390,15.0576,15.1573,2.3826,15.7245,282.0,13276.0,2900.4297
1391,15.7256,15.2907,2.0556,16.7301,285.0,14038.0,2900.4297
1392,16.8778,15.3337,2.299,15.1897,307.0,19496.0,2900.4297
1393,15.0413,14.2757,2.1592,15.753,287.0,15558.0,2900.4297
1394,15.7751,14.953,2.1798,15.3755,279.0,12162.0,2900.4297
1395,15.3059,14.2992,2.0321,15.1847,282.0,12342.0,2900.4297
1396,15.2324,15.3608,2.0322,15.7346,286.0,12534.0,2900.4297
1397,15.7681,15.6054,2.0395,15.6264,280.0,12318.0,2900.4297
1398,15.6041,15.037,2.099,16.5956,284.0,12558.0,2900.4297
1399,16.5805,15.0464,2.2634,15.3076,293.0,13050.0,2900.4297
1400,15.3163,15.2714,2.2594,16.1176,312.0,16094.0,2900.4297
1401,16.1395,15.3612,2.1665,15.5403,318.0,16122.0,2900.4297
1402,15.542,15.525,2.2083,15.9483,317.0,17038.0,2900.4297
1403,15.9444,15.1237,2.1552,15.1333,316.0,14706.0,2900.4297
1404,15.2853,15.6,2.9096,16.1726,314.0,19586.0,2900.4297
1405,16.0717,15.2452,2.7599,15.4099,301.0,14982.0,2900.4297
1406,15.3844,14.861,2.6249,15.7423,281.0,12212.0,2900.4297
1407,15.6821,15.413,2.4169,16.2725,282.0,12390.0,2900.4297
1408,16.2871,15.173,2.3942,16.2577,317.0,22772.0,2900.4297
1409,16.3359,15.4756,2.421,15.7772,313.0,31304.0,2900.4297
1410,15.7084,15.025,2.0546,14.8161,312.0,25646.0,2900.4297
1411,14.8363,14.71,2.1174,15.545,314.0,29434.0,2900.4297
1412,15.5281,13.6409,2.1189,15.8087,312.0,37250.0,2900.4297
1413,15.8016,14.1712,2.0286,14.2292,313.0,18546.0,2900.4297
1414,14.2795,14.8924,2.2951,16.1902,313.0,14714.0,2900.4297
1415,16.3249,14.8476,2.7838,14.9012,312.0,15642.0,2900.4297
1416,14.8082,14.8467,2.1572,16.6406,313.0,14374.0,2900.4297
1417,16.5573,14.9486,2.1986,14.258,317.0,16500.0,2900.4297
1418,14.3907,15.2574,2.4221,16.4522,317.0,18031.0,2900.4297
1419,16.3381,15.1791,2.2172,14.9931,316.0,16367.0,2900.4297
1420,15.022,15.2594,2.5227,15.9273,312.0,17928.0,2900.4297
1421,15.8901,15.1498,2.8129,14.9665,314.0,15170.0,2900.4297
1422,14.9365,14.6782,2.2822,15.9131,316.0,14264.0,2900.4297
1423,15.9421,14.744,2.3036,15.5907,312.0,14832.0,2900.4297
1424,15.5892,14.9564,2.3135,15.4299,312.0,14926.0,2900.4297
1425,15.4015,13.6477,1.9769,15.0829,313.0,19492.0,2900.4297
1426,15.109,14.6896,2.2135,14.6598,319.0,24799.0,2900.4297
1427,14.639,15.0072,2.1529,16.1892,325.0,27628.0,2900.4297
1428,16.1923,15.183,2.1075,15.7464,312.0,16390.0,2900.4297
1429,15.7445,14.7713,2.1768,14.5866,313.0,14872.0,2900.4297
1430,14.6347,14.9902,2.156,15.2347,316.0,17061.0,2900.4297
1431,15.1789,15.2287,1.8229,15.6855,305.0,13818.0,2900.4297
1432,15.7183,14.853,2.2713,15.1697,313.0,14250.0,2900.4297
1433,15.2246,14.8213,2.5078,15.6421,317.0,17582.0,2900.4297
1434,15.529,15.0212,2.259,15.4563,319.0,17092.0,2900.4297
1435,15.5005,14.5321,2.2969,16.1679,317.0,16822.0,2900.4297
1436,16.1943,14.8545,2.4301,15.6599,314.0,18228.0,2900.4297
1437,15.6126,15.2344,2.2456,15.6708,315.0,20070.0,2900.4297
1438,15.7108,14.5336,2.1458,15.1101,315.0,15648.0,2900.4297
1439,15.1239,13.9276,2.3345,15.7037,314.0,21094.0,2900.4297
1440,15.7195,15.0393,2.2962,14.2625,313.0,14802.0,2900.4297
1441,14.2251,15.2116,2.1171,15.5645,313.0,14250.0,2900.4297
1442,15.5856,14.9881,2.1725,15.4905,312.0,15770.0,2900.4297
1443,15.4981,15.0321,2.1483,15.6839,314.0,18312.0,2900.4297
1444,15.6388,14.6762,2.1707,15.0608,312.0,19942.0,2900.4297
1445,15.0694,15.1591,2.1496,15.1048,312.0,16628.0,2900.4297
1446,15.1814,15.2242,2.6757,16.7852,314.0,15190.0,2900.4297
1447,16.8501,15.0931,2.6009,15.1757,314.0,18370.0,2900.4297
1448,15.2327,14.954,3.0829,14.8829,312.0,19968.0,2900.4297
1449,14.7098,15.0165,2.5264,16.0083,318.0,28378.0,2900.4297
1450,16.0401,14.8785,2.3284,15.199,318.0,25532.0,2900.4297
1451,15.1911,14.8848,2.49,15.4489,316.0,16978.0,2900.4297
1452,15.5074,14.1884,2.4453,15.6516,316.0,17512.0,2900.4297
1453,15.5828,14.5181,1.9,15.2169,314.0,22666.0,2900.4297
1454,15.1872,14.1047,2.0036,15.1241,315.0,28201.0,2900.4297
1455,15.1353,14.8987,2.2576,15.1171,307.0,16567.0,2900.4297
1456,15.0958,14.9563,2.0169,15.83,277.0,12138.0,2900.4297
1457,15.8502,14.8678,2.0563,15.3295,314.0,14262.0,2900.4297
1458,15.3504,14.9416,2.067,15.2348,314.0,16118.0,2900.4297
1459,15.2052,15.0774,2.1399,15.0777,312.0,14238.0,2900.4297
1460,15.0649,15.0344,2.176,16.0036,313.0,17598.0,2900.4297
1461,16.0313,14.8376,2.4565,15.0353,313.0,17567.0,2900.4297
1462,15.0455,14.0858,2.4066,15.4925,313.0,16106.0,2900.4297
1463,15.4714,14.7858,1.8386,14.8458,312.0,14238.0,2900.4297
1464,14.8518,14.9957,1.6799,15.8904,312.0,15864.0,2900.4297
1465,15.8977,13.6141,1.9768,15.1548,317.0,12670.0,2900.4297
1466,15.166,13.6623,1.8355,14.6658,319.0,12502.0,2900.4297
1467,14.6457,15.6052,1.9943,15.8247,316.0,12466.0,2900.4297
1468,15.8442,15.5604,2.0369,16.7583,315.0,12476.0,2900.4297
1469,16.8704,14.9488,2.1758,15.6477,314.0,12512.0,2900.4297
1470,15.5985,14.9826,2.1095,15.8691,316.0,12488.0,2900.4297
1471,15.8863,15.4817,2.3012,18.4154,321.0,21638.0,2900.4297
1472,18.5786,16.7201,2.862,15.7098,315.0,15010.0,2900.4297
1473,15.4845,16.8532,2.4114,17.2697,312.0,18902.0,2900.4297
1474,17.2574,15.4628,2.4359,15.4365,313.0,22742.0,2900.4297
1475,15.4699,15.3891,2.1852,15.9843,312.0,17430.0,2900.4297
1476,15.9743,16.1629,2.4169,18.5221,315.0,24970.0,2900.4297
1477,18.5613,15.9567,2.3495,15.1504,317.0,32594.0,2900.4297
1478,15.092,15.7302,2.2571,16.3556,316.0,24886.0,2900.4297
1479,16.3796,15.5508,2.2779,17.0315,315.0,35454.0,2900.4297
1480,17.0696,15.5278,2.3528,14.7453,314.0,30998.0,2900.4297
1481,14.6963,15.8274,2.2191,15.7018,319.0,17654.0,2900.4297
1482,15.9979,15.8771,3.2925,16.5932,318.0,15954.0,2900.4297
1483,16.4192,16.2824,2.659,16.1507,317.0,24718.0,2900.4297
1484,16.1261,15.5905,2.9526,16.0217,315.0,30564.0,2900.4297
1485,15.9802,15.8926,2.6829,15.9116,315.0,36868.0,2900.4297
1486,15.8501,15.3541,2.7294,15.8334,291.0,18708.0,2900.4297
1487,15.8315,15.6502,2.1093,15.8957,279.0,12162.0,2900.4297
1488,15.9944,14.6037,2.0809,16.2757,278.0,12150.0,2900.4297
1489,16.1868,15.187,2.3914,15.5773,300.0,13470.0,2900.4297
1490,15.6698,15.403,2.168,16.5308,280.0,12174.0,2900.4297
1491,16.4558,15.0955,2.1383,14.893,287.0,12690.0,2900.4297
1492,14.8814,14.1108,2.3492,15.7744,281.0,12282.0,2900.4297
1493,15.7846,14.5395,2.0396,15.0751,277.0,12138.0,2900.4297
1494,15.053,14.7647,1.8897,15.2972,277.0,12138.0,2900.4297
1495,15.2946,14.6352,2.0583,15.3266,278.0,12150.0,2900.4297
1496,15.3163,14.697,2.0645,15.6234,314.0,14262.0,2900.4297
1497,15.6483,14.5141,1.9845,14.7354,300.0,13234.0,2900.4297
1498,14.7332,14.7373,1.9975,14.4132,283.0,12166.0,2900.4297
1499,14.397,14.7007,2.6338,14.9596,290.0,13468.0,2900.4297
1500,15.0252,14.5831,1.9607,15.829,280.0,12152.0,2900.4297
1501,15.7565,14.7844,2.2981,15.2099,287.0,14184.0,2900.4297
1502,15.3245,14.7241,2.089,14.893,284.0,13348.0,2900.4297
1503,14.8036,14.5713,1.8955,15.7835,287.0,14062.0,2900.4297
1504,15.7635,13.6132,1.9076,15.9069,312.0,21756.0,2900.4297
1505,15.9382,14.8573,2.0016,13.7426,279.0,13214.0,2900.4297
1506,13.7381,14.5938,1.995,15.6416,278.0,12150.0,2900.4297
1507,15.6002,14.685,1.8315,14.8329,288.0,12750.0,2900.4297
1508,14.8946,14.8265,2.3958,15.9903,280.0,12318.0,2900.4297
1509,16.0921,14.6773,2.1738,14.8268,281.0,12378.0,2900.4297
1510,14.8195,14.7285,2.7682,14.6859,281.0,12330.0,2900.4297
1511,14.5723,14.5677,2.6934,15.7455,296.0,13230.0,2900.4297
1512,15.7344,14.6315,2.5086,14.7795,312.0,16094.0,2900.4297
1513,14.7967,14.6788,2.4544,14.7272,316.0,17490.0,2900.4297
1514,14.676,14.7031,2.0506,16.2916,316.0,15634.0,2900.4297
1515,16.3318,13.8794,1.8799,16.2517,316.0,15170.0,2900.4297
1516,16.2557,15.2042,2.2102,15.396,320.0,21100.0,2900.4297
1517,15.4197,14.3402,2.2593,14.5635,290.0,12800.0,2900.4297
1518,14.5969,15.1162,2.1221,15.9214,280.0,12152.0,2900.4297
1519,15.9113,15.4466,2.1834,16.0648,287.0,12738.0,2900.4297
1520,16.0079,14.9741,2.1873,14.9792,313.0,25838.0,2900.4297
1521,14.9617,15.0081,1.9997,15.758,315.0,30054.0,2900.4297
1522,15.8188,15.2079,2.0424,15.9425,315.0,27182.0,2900.4297
1523,15.906,15.1926,2.8003,15.3743,314.0,30798.0,2900.4297
1524,15.5367,15.3678,2.7097,15.5085,314.0,32570.0,2900.4297
1525,15.4181,15.1984,3.0033,16.9172,313.0,19010.0,2900.4297
1526,16.872,15.8758,2.9867,15.3479,312.0,14238.0,2900.4297
1527,15.3396,15.1889,2.2556,15.984,313.0,15778.0,2900.4297
1528,15.9875,15.2403,2.5357,16.0949,315.0,15462.0,2900.4297
1529,16.4591,15.2843,2.5333,16.4482,316.0,15764.0,2900.4297
1530,16.084,15.73,2.0153,15.1277,316.0,18752.0,2900.4297
1531,15.1139,15.1627,2.137,16.9094,316.0,15170.0,2900.4297
1532,16.9442,14.879,2.2601,15.0835,314.0,18406.0,2900.4297
1533,15.0998,13.6795,2.1989,16.3159,314.0,14764.0,2900.4297
1534,16.2416,15.0593,2.1797,13.8775,316.0,14264.0,2900.4297
1535,13.9427,15.0923,2.3132,16.745,312.0,14832.0,2900.4297
1536,16.7143,15.487,2.0728,15.931,314.0,17260.0,2900.4297
1537,15.9891,15.6248,2.3364,15.7069,305.0,16750.0,2900.4297
1538,15.6695,15.2427,2.3785,15.74,319.0,24799.0,2900.4297
1539,15.7389,15.1902,2.2194,15.7983,325.0,27628.0,2900.4297
1540,15.824,15.1421,2.3086,15.6083,313.0,16402.0,2900.4297
1541,15.5645,15.1879,2.1559,16.4575,312.0,14860.0,2900.4297
1542,16.5043,15.1107,2.4855,13.2539,317.0,17073.0,2900.4297
1543,13.1907,15.0153,2.5287,16.9797,308.0,13998.0,2900.4297
1544,17.0338,15.2262,2.8707,15.6652,313.0,14250.0,2900.4297
1545,15.6618,15.1744,2.2804,15.4539,317.0,17582.0,2900.4297
1546,15.4316,15.0763,2.4517,14.9397,322.0,17284.0,2900.4297
1547,14.935,14.4519,2.0336,17.3406,318.0,16678.0,2900.4297
1548,17.5301,14.2256,2.4841,15.9033,314.0,18228.0,2900.4297
1549,15.8707,15.3109,2.5256,16.2084,315.0,20976.0,2900.4297
1550,16.0654,16.0501,2.2037,17.1787,314.0,14730.0,2900.4297
1551,17.1569,15.1042,2.587,14.8403,312.0,21070.0,2900.4297
1552,14.9967,15.4973,2.6237,19.4814,312.0,14790.0,2900.4297
1553,19.4644,14.184,2.6993,16.2026,517.0,67690.0,3028.4297
1554,16.1608,16.142,2.8907,16.513,501.0,14006.0,3028.4297
1555,16.4645,15.8099,2.8093,14.6595,389.0,41913.0,3028.4297
1556,14.6288,14.0036,2.214,13.2882,254.0,30510.0,3028.4297
1557,13.3106,14.4241,2.057,15.9665,212.0,10718.0,3028.4297
1558,16.0049,13.9376,2.3188,15.069,208.0,10454.0,3028.4297
1559,15.0247,14.0752,2.3407,14.5579,245.0,9434.0,3028.4297
1560,14.6212,14.1055,2.5389,12.6033,246.0,9086.0,3028.4297
1561,12.5113,14.251,2.3795,15.495,248.0,11826.0,3028.4297
1562,15.5459,13.5937,2.7404,14.5244,251.0,17492.0,3049.1172
1563,14.5524,12.5363,2.3349,16.3645,248.0,13532.0,3063.8047
1564,16.3399,14.1244,2.8483,12.5415,249.0,12348.0,3063.8047
1565,12.7872,13.7005,3.0801,16.3517,247.0,9540.0,3046.4297
1566,16.2977,13.4674,3.4407,12.7331,245.0,10812.0,3034.4297
1567,12.6502,14.2987,3.8807,14.9532,244.0,9062.0,2993.0547
1568,15.5501,14.0856,4.5245,13.88,251.0,16438.0,2993.0547
1569,13.2162,12.577,3.3456,13.4172,247.0,18722.0,2993.0547
1570,13.408,12.4708,3.4652,15.347,247.0,17222.0,2993.0547
1571,15.2983,14.5159,3.7989,13.6434,250.0,35534.0,2993.0547
1572,13.6587,14.153,2.4033,14.5131,251.0,38542.0,2993.0547
1573,14.5204,13.2907,2.2193,14.123,245.0,22210.0,2993.0547
1574,14.1209,13.0929,2.317,12.4502,244.0,35530.0,2993.0547
1575,12.4265,13.6645,2.2168,14.6853,244.0,37834.0,2993.0547
1576,14.6996,12.9133,2.8863,14.4708,244.0,9062.0,2993.0547
1577,14.5291,12.6966,2.4469,13.3491,254.0,17898.0,2993.0547
1578,13.2803,13.9295,2.4038,14.2915,250.0,10482.0,2993.0547
1579,14.3469,13.7225,2.4249,14.9382,253.0,12752.0,2993.0547
1580,14.8999,13.6444,2.4534,12.5826,250.0,20670.0,2993.0547
1581,12.6275,13.7339,3.0355,14.4233,248.0,20652.0,2993.0547
1582,14.3601,13.287,2.2735,13.9501,248.0,9088.0,2993.0547
1583,13.9961,12.194,2.0395,14.1204,245.0,9074.0,2993.0547
1584,14.0674,13.555,2.2783,13.4123,246.0,10014.0,2993.0547
1585,13.4957,13.4202,2.262,14.741,248.0,14480.0,2993.0547
1586,14.7123,13.7276,2.3256,13.0753,245.0,16100.0,2993.0547
1587,13.1082,13.5619,2.8565,13.4926,246.0,10654.0,2993.0547
1588,13.4057,13.2757,2.7631,14.1347,244.0,13413.0,2993.0547
1589,14.1606,12.1951,2.1142,13.0665,245.0,13662.0,2993.0547
1590,13.0562,13.4409,2.1208,13.9731,246.0,10562.0,2993.0547
1591,14.0116,13.6712,2.1507,14.7087,245.0,13536.0,2993.0547
1592,14.6719,13.5041,2.0668,12.6037,245.0,26865.0,2993.0547
1593,12.6797,13.3957,2.2139,14.9002,249.0,12948.0,2993.0547
1594,14.8467,13.457,2.5868,13.8451,248.0,12024.0,2993.0547
1595,13.8306,12.1789,2.0,12.8727,250.0,10658.0,2993.0547
1596,12.8916,13.82,2.147,14.8864,249.0,9204.0,2993.0547
1597,14.9077,13.6099,2.1602,13.323,246.0,7336.0,2993.0547
1598,13.2642,13.3114,2.7666,14.1055,246.0,7288.0,2993.0547
1599,14.0644,13.5729,1.9455,13.6087,245.0,7346.0,2993.0547
1600,13.6703,13.6571,2.0696,14.1487,245.0,7778.0,2993.0547
1601,14.156,12.2107,2.0261,13.985,244.0,7622.0,2993.0547
1602,13.9929,12.7644,2.1132,13.96,245.0,7346.0,2993.0547
1603,14.0017,13.1227,2.2798,13.4898,246.0,9662.0,2993.0547
1604,13.5122,13.7314,2.4234,13.7255,244.0,10958.0,2993.0547
1605,13.8517,13.6594,2.543,14.3097,249.0,19597.0,2993.0547
1606,14.1263,13.1483,2.5401,14.0178,248.0,13144.0,2993.0547
1607,14.0603,12.1302,2.1593,12.7755,246.0,13019.0,2993.0547
1608,12.7531,13.3927,2.1457,14.4466,245.0,7774.0,2993.0547
1609,14.4707,13.5157,2.2457,14.7975,250.0,12906.0,2993.0547
1610,14.8478,14.0447,2.5635,13.3909,247.0,17541.0,2993.0547
1611,13.326,13.0043,2.9645,14.8332,248.0,13840.0,2993.0547
1612,14.8118,13.6087,2.507,13.2143,245.0,10156.0,2993.0547
1613,13.253,12.1385,2.1367,13.1419,245.0,10008.0,2993.0547
1614,13.1091,13.308,2.2089,14.0159,246.0,11124.0,2993.0547
1615,13.9965,13.5167,2.1674,14.4928,244.0,20858.0,2993.0547
1616,14.4594,13.3213,1.6947,12.5386,246.0,23754.0,2993.0547
1617,12.5755,13.1725,2.2337,14.6228,246.0,10548.0,2993.0547
1618,14.7159,12.168,2.7461,13.4845,244.0,11592.0,2993.0547
1619,13.4087,13.4012,2.0483,13.4755,245.0,10002.0,2993.0547
1620,13.5044,13.6256,2.1517,14.4943,244.0,12438.0,2993.0547
1621,14.5481,13.1839,2.1398,13.1334,248.0,14554.0,2993.0547
1622,13.1456,13.5275,2.4575,14.1617,248.0,12009.0,2993.0547
1623,14.0615,13.4383,2.3582,14.5905,244.0,16546.0,2993.0547
1624,14.5827,12.4593,2.523,14.4471,243.0,12978.0,2993.0547
1625,14.4819,13.6297,2.29,13.5512,248.0,9224.0,2993.0547
1626,13.5846,13.4173,2.2145,13.5095,250.0,9554.0,2993.0547
1627,13.4659,13.2557,2.603,12.3377,251.0,10949.0,2993.0547
1628,12.3152,13.6255,3.0232,15.4824,246.0,9896.0,2993.0547
1629,15.5,13.4618,3.2496,13.7541,246.0,9064.0,2993.0547
1630,13.802,12.2336,2.998,15.2045,246.0,9064.0,2993.0547
1631,15.2256,13.4838,2.6923,12.6273,245.0,9538.0,2993.0547
1632,12.6182,13.314,2.6107,17.0487,245.0,9538.0,2993.0547
1633,17.0994,14.0231,2.9455,14.5852,244.0,9990.0,2993.0547
1634,14.6891,15.4304,3.7749,15.0387,245.0,9074.0,2993.0547
1635,14.8913,14.6876,4.4325,15.7846,247.0,9098.0,2993.0547
1636,15.8014,14.7432,3.4006,13.9088,244.0,9062.0,2993.0547
1637,13.8865,14.8011,3.8355,14.2935,243.0,9050.0,2993.0547
1638,14.2226,12.961,2.4709,15.9837,244.0,9062.0,2993.0547
1639,16.0554,13.6493,2.4719,13.0956,244.0,10062.0,2993.0547
1640,13.0826,15.1081,2.5959,16.2736,245.0,12592.0,2993.0547
1641,16.3938,14.5758,2.7073,14.024,247.0,17438.0,2993.0547
1642,13.9243,13.9576,3.0092,14.2609,248.0,13172.0,2993.0547
1643,14.2853,13.4389,2.5671,11.84,248.0,10922.0,2993.0547
1644,11.7924,14.0546,3.0647,15.1572,247.0,9540.0,2993.0547
1645,15.1867,13.7123,3.1489,16.3333,246.0,10920.0,2993.0547
1646,16.4704,12.541,3.3205,12.9293,245.0,9052.0,2993.0547
1647,12.7558,13.4684,2.6406,13.691,253.0,18154.0,2993.0547
1648,13.7256,13.6644,2.4142,14.4227,246.0,18806.0,2993.0547
1649,14.4097,13.6989,2.5553,13.7898,248.0,23810.0,2993.0547
1650,13.8192,13.5913,3.2583,13.9773,249.0,35470.0,2993.0547
1651,13.9671,13.8209,3.8856,12.9423,247.0,33654.0,2993.0547
1652,12.8931,13.0851,2.7811,15.6016,245.0,24066.0,2993.0547
1653,15.6249,12.2338,2.7031,12.9582,244.0,30606.0,2993.0547
1654,12.9855,13.4979,2.3994,14.4121,245.0,37538.0,2993.0547
1655,14.4076,13.3416,2.4379,14.6215,247.0,13232.0,2993.0547
1656,14.548,13.8231,2.4699,13.051,247.0,13628.0,2993.0547
1657,13.1158,14.0412,3.1757,14.0242,248.0,10922.0,2993.0547
1658,13.9884,13.4221,2.8108,15.4775,254.0,15544.0,2993.0547
1659,15.4943,12.7836,2.7135,15.8499,250.0,19668.0,2993.0547
1660,15.9455,14.6029,3.0894,17.0445,247.0,18376.0,2993.0547
1661,17.1628,14.3132,3.1278,13.5157,248.0,8992.0,2993.0547
1662,13.4252,15.2446,3.171,14.0381,245.0,9516.0,2993.0547
1663,14.0086,14.4276,2.8348,14.5596,245.0,9598.0,2993.0547
1664,14.5337,14.6838,3.2299,13.217,248.0,16334.0,2993.0547
1665,13.2627,14.4465,3.003,15.9507,247.0,14272.0,2993.0547
1666,15.8041,14.4762,3.0379,14.1774,245.0,13257.0,2993.0547
1667,14.1737,14.0082,2.6122,15.8608,248.0,12074.0,2993.0547
1668,15.9588,14.2926,2.2125,13.9844,243.0,12204.0,2993.0547
1669,13.9377,12.9457,2.1724,14.5575,244.0,10768.0,2993.0547
1670,14.5326,14.6602,2.2586,15.322,246.0,19693.0,2993.0547
1671,15.3995,14.2757,2.5247,14.5565,245.0,21750.0,2993.0547
1672,14.5237,13.7323,2.3437,13.278,246.0,11888.0,2993.0547
1673,13.3459,13.8127,2.5263,13.9179,248.0,12574.0,2993.0547
1674,13.7858,13.9255,2.6669,14.7009,248.0,9700.0,2993.0547
1675,14.7534,13.8712,2.6487,15.3977,249.0,9086.0,2993.0547
1676,15.3809,13.006,2.1274,13.9574,246.0,7432.0,2993.0547
1677,13.9657,12.8558,2.2756,13.6434,246.0,7288.0,2993.0547
1678,13.7964,13.9391,2.5048,13.6681,249.0,7564.0,2993.0547
1679,13.531,13.5955,2.3145,14.0448,247.0,7850.0,2993.0547
1680,14.1736,13.8013,2.5664,14.1711,244.0,7430.0,2993.0547
1681,14.0525,14.0414,2.636,14.6715,245.0,8562.0,2993.0547
1682,14.6547,12.9131,2.653,13.1507,244.0,10480.0,2993.0547
1683,13.1161,12.7959,2.1744,13.7279,244.0,11178.0,2993.0547
1684,13.7652,13.6393,2.2171,13.9702,251.0,19670.0,2993.0547
1685,13.9727,13.3413,2.3676,12.7687,245.0,11261.0,2993.0547
1686,12.7962,13.8587,2.6529,14.6124,244.0,12371.0,2993.0547
1687,14.5593,13.3927,2.4531,14.5776,245.0,8158.0,2993.0547
1688,14.6158,13.1221,2.2538,14.348,243.0,15208.0,2993.0547
1689,14.493,12.6826,2.1922,14.0089,249.0,15549.0,2993.0547
1690,13.8387,13.8705,2.2582,13.6861,248.0,14810.0,2993.0547
1691,13.7061,13.4384,2.1225,12.402,249.0,9398.0,2993.0547
1692,12.4056,13.7703,2.2095,14.0315,246.0,10020.0,2993.0547
1693,13.9975,13.8437,2.5562,15.0766,246.0,15680.0,2993.0547
1694,15.1223,13.3034,2.2442,14.312,245.0,20892.0,2993.0547
1695,14.2884,12.3708,2.2106,12.7835,243.0,19214.0,2993.0547
1696,12.8092,13.7311,2.4633,14.8256,243.0,10582.0,2993.0547
1697,14.8191,13.6639,2.156,14.5122,246.0,11546.0,2993.0547
1698,14.4853,13.6562,2.3701,14.1022,245.0,11226.0,2993.0547
1699,14.0966,14.6485,2.5031,14.2158,245.0,12450.0,2993.0547
1700,14.2221,14.1653,2.4925,14.7395,247.0,12950.0,2993.0547
1701,14.735,13.5399,2.0102,14.8552,248.0,13481.0,2993.0547
1702,14.8523,12.8477,2.1899,13.3239,244.0,16914.0,2993.0547
1703,13.3763,14.0923,2.2731,14.885,246.0,11332.0,2993.0547
1704,14.8365,13.9596,2.1586,13.7019,244.0,9062.0,2993.0547
1705,13.697,13.867,2.2092,14.2934,249.0,9542.0,2993.0547
1706,14.2501,13.6195,2.5732,13.937,254.0,10985.0,2993.0547
1707,14.0005,14.7745,2.4245,15.4354,248.0,9898.0,2993.0547
1708,15.4193,13.9003,2.0701,14.7073,248.0,9088.0,2993.0547
1709,14.7069,12.4378,2.0217,14.3104,246.0,9064.0,2993.0547
1710,14.3063,13.9667,2.2077,14.6533,247.0,9540.0,2993.0547
1711,14.6717,14.2846,2.1725,13.9796,243.0,9514.0,2993.0547
1712,14.0191,14.1321,2.3991,15.148,244.0,9990.0,2993.0547
1713,15.1168,14.2746,2.1899,14.006,246.0,9086.0,2993.0547
1714,13.9694,13.8239,2.0259,15.5243,244.0,9062.0,2993.0547
1715,15.5498,14.0228,2.6842,14.026,245.0,9074.0,2993.0547
1716,13.998,13.8216,2.2291,14.6844,246.0,9086.0,2993.0547
1717,14.7039,12.4623,2.0362,14.8864,244.0,10062.0,2993.0547
1718,14.9324,13.8198,2.1261,14.0605,243.0,10808.0,2993.0547
1719,14.0069,13.5455,1.9227,13.2877,245.0,12436.0,2993.0547
1720,13.293,13.4588,2.1476,13.3019,245.0,17780.0,2993.0547
1721,13.2714,13.3806,1.8392,14.2402,250.0,11832.0,2993.0547
1722,14.2872,13.3018,2.6482,13.6857,251.0,10494.0,2993.0547
1723,13.6746,12.1787,2.1332,13.4837,249.0,10470.0,2993.0547
1724,13.4894,12.6492,1.9508,13.6055,246.0,9896.0,2993.0547
1725,13.5954,13.3585,1.8229,13.2673,247.0,10672.0,2993.0547
1726,13.4419,13.3353,2.1216,14.7829,255.0,19656.0,2993.0547
1727,14.6043,13.4446,2.1461,13.8818,248.0,17234.0,2993.0547
1728,13.9093,12.4324,2.116,13.0614,250.0,32290.0,2993.0547
1729,13.0526,13.3528,1.9893,13.5224,247.0,32202.0,2993.0547
1730,13.5013,13.6384,1.9667,14.5842,247.0,28630.0,2993.0547
1731,14.572,13.3108,1.8579,12.9319,246.0,27930.0,2993.0547
1732,12.9471,13.2575,2.5877,13.8384,245.0,30310.0,2993.0547
1733,13.9389,13.3376,2.6143,13.8228,248.0,36572.0,2993.0547
1734,13.7411,12.1439,2.076,14.1826,245.0,9128.0,2993.0547
1735,14.164,13.2567,2.0334,13.9191,247.0,13942.0,2993.0547
1736,13.9795,13.1802,2.1519,13.0801,244.0,13330.0,2993.0547
1737,13.0871,14.2468,2.1353,13.968,252.0,16280.0,2993.0547
1738,13.9028,13.6143,1.8889,14.3382,250.0,16428.0,2993.0547
1739,14.3451,13.1409,2.0364,13.7474,248.0,17874.0,2993.0547
1740,13.7432,12.1077,2.0514,13.067,245.0,9052.0,2993.0547
1741,13.0879,13.3599,1.9143,14.6877,245.0,10136.0,2993.0547
1742,14.7111,14.0809,2.1606,13.5043,247.0,11950.0,2993.0547
1743,13.5994,13.884,2.1547,14.4538,246.0,13750.0,2993.0547
1744,14.3563,14.2182,2.4285,14.9155,245.0,13886.0,2993.0547
1745,14.9247,13.2464,2.2591,13.4748,248.0,13149.0,2993.0547
1746,13.4899,12.7977,2.1553,15.2481,247.0,15370.0,2993.0547
1747,15.2376,13.8009,2.0473,14.0882,246.0,9956.0,2993.0547
1748,14.0756,14.1818,2.1108,14.3045,243.0,11694.0,2993.0547
1749,14.4086,13.9507,2.3656,14.324,247.0,22625.0,2993.0547
1750,14.1787,13.7156,2.0622,13.7083,243.0,17680.0,2993.0547
1751,13.6752,13.6499,2.1219,14.32,243.0,12828.0,2993.0547
1752,14.3852,13.1913,2.193,14.3958,245.0,10434.0,2993.0547
1753,14.4406,12.1676,1.9646,13.531,249.0,9664.0,2993.0547
1754,13.5197,13.6722,2.1417,13.9997,249.0,9086.0,2993.0547
1755,13.9814,13.9718,1.9538,14.7425,248.0,7386.0,2993.0547
1756,14.7327,14.0195,2.0626,13.3632,247.0,7300.0,2993.0547
1757,13.3637,13.6408,1.9537,14.3659,247.0,7828.0,2993.0547
1758,14.3357,13.5503,2.1976,13.8407,246.0,7624.0,2993.0547
1759,13.9546,12.6189,2.0849,14.4041,244.0,7430.0,2993.0547
1760,14.3319,13.1565,2.0188,12.53,247.0,10692.0,2993.0547
1761,12.5058,13.4463,1.7974,14.3789,243.0,9688.0,2993.0547
1762,14.3931,13.49,1.9793,13.5703,245.0,15376.0,2993.0547
1763,13.608,13.3047,2.2455,13.3159,247.0,15026.0,2993.0547
1764,13.2703,13.3292,1.8383,14.5215,247.0,13526.0,2993.0547
1765,14.5647,12.191,1.903,13.6474,244.0,9406.0,2993.0547
1766,13.6425,13.4232,2.147,13.9995,246.0,10826.0,2993.0547
1767,14.0361,13.3921,2.1677,13.6306,243.0,17599.0,2993.0547
1768,13.6007,13.882,2.154,13.9133,244.0,12070.0,2993.0547
1769,13.8065,13.9357,1.9375,14.7841,250.0,13682.0,2993.0547
1770,14.8672,13.3008,2.4898,14.5045,249.0,9986.0,2993.0547
1771,14.5232,13.4436,2.669,14.4026,249.0,10182.0,2993.0547
1772,14.3742,13.0441,1.9766,13.4477,249.0,18048.0,2993.0547
1773,13.4765,13.881,2.0373,14.5307,246.0,18386.0,2993.0547
1774,14.5387,13.7176,1.9905,13.7926,248.0,18702.0,2993.0547
1775,13.8338,13.8067,2.169,13.8171,246.0,11616.0,2993.0547
1776,13.7376,13.8547,2.1428,14.2328,243.0,12104.0,2993.0547
1777,14.2567,13.8207,2.7862,15.0615,244.0,9430.0,2993.0547
1778,15.0651,12.1835,1.9257,13.4014,243.0,12488.0,2993.0547
1779,13.3911,13.8043,1.9176,14.5359,250.0,13292.0,2993.0547
1780,14.5847,13.845,2.1325,13.5357,248.0,15717.0,2993.0547
1781,13.5885,13.7328,2.0725,13.5144,244.0,15442.0,2993.0547
1782,13.4368,13.9666,2.3325,15.3453,247.0,10116.0,2993.0547
1783,15.3155,13.4942,2.0845,13.8103,246.0,9550.0,2993.0547
1784,13.8239,12.0404,2.1314,12.9601,243.0,9050.0,2993.0547
1785,13.0019,12.1197,1.7965,13.5748,251.0,10949.0,2993.0547
1786,13.5562,13.2713,1.9057,13.8289,248.0,9898.0,2993.0547
1787,13.8379,13.191,1.9964,13.0287,248.0,9066.0,2993.0547
1788,12.9751,13.2068,1.8811,14.3772,248.0,9088.0,2993.0547
1789,14.4227,13.0722,2.1563,13.0774,248.0,9456.0,2993.0547
1790,13.0743,12.1515,2.0899,13.2973,247.0,9540.0,2993.0547
1791,13.3119,13.2961,1.9235,13.9109,244.0,9990.0,2993.0547
1792,13.8796,13.455,1.996,13.5065,247.0,9098.0,2993.0547
1793,13.5292,13.4577,1.9514,14.0006,245.0,9074.0,2993.0547
1794,14.0092,13.5053,1.9559,13.3804,247.0,9002.0,2993.0547
1795,13.3771,12.5014,2.0561,14.9655,244.0,9466.0,2993.0547
1796,15.065,12.3716,1.9638,13.245,244.0,10970.0,2993.0547
1797,13.1585,13.6922,2.0048,14.1207,244.0,10918.0,2993.0547
1798,14.1582,13.5613,2.1794,13.3358,246.0,12578.0,2993.0547
1799,13.3165,13.6277,2.3348,14.1396,245.0,17536.0,2993.0547
1800,14.0887,13.2102,2.1241,13.9895,245.0,10328.0,2993.0547
1801,13.985,13.4291,1.9283,14.9327,251.0,11422.0,2993.0547
1802,14.9454,12.1867,1.9307,12.647,249.0,9542.0,2993.0547
1803,12.634,13.8327,2.0196,14.06,249.0,11602.0,2993.0547
1804,14.1005,13.5756,2.2664,13.3207,246.0,10660.0,2993.0547
1805,13.3515,13.6567,2.5502,14.5133,255.0,19752.0,2993.0547
1806,14.5025,13.3961,2.1291,13.6641,252.0,22284.0,2993.0547
1807,13.6132,12.1314,1.9702,14.2983,249.0,30682.0,2993.0547
1808,14.3089,13.2375,2.0901,13.0868,247.0,30462.0,2993.0547
1809,13.091,13.602,2.0272,14.3255,247.0,25558.0,2993.0547
1810,14.3563,13.4857,2.2559,13.2559,245.0,38074.0,2993.0547
1811,13.1792,13.1029,2.3198,13.9285,247.0,28798.0,2993.0547
1812,14.0921,13.1163,2.3266,13.6555,245.0,27608.0,2993.0547
1813,13.5447,12.2275,1.8685,12.8906,246.0,9770.0,2993.0547
1814,12.8517,13.202,1.9991,13.7708,247.0,16284.0,2993.0547
1815,13.7994,13.3161,1.9085,13.6865,247.0,15130.0,2993.0547
1816,13.8111,13.095,2.1623,13.4732,246.0,12622.0,2993.0547
1817,13.3584,13.1174,2.0352,13.9342,252.0,15906.0,2993.0547
1818,13.9192,12.2043,1.8821,13.8925,248.0,17506.0,2993.0547
1819,13.9624,13.3402,1.8812,13.1456,251.0,9102.0,2993.0547
1820,13.0558,13.2669,1.935,14.437,245.0,10136.0,2993.0547
1821,14.5588,13.6163,2.0439,13.1998,247.0,12578.0,2993.0547
1822,13.1503,13.1938,2.4786,13.6229,248.0,13232.0,2993.0547
1823,13.5867,13.1512,2.1028,13.9682,244.0,13574.0,2993.0547
1824,13.9857,12.1951,2.0223,13.5897,245.0,16263.0,2993.0547
1825,13.6395,13.5771,2.0189,13.6571,244.0,12318.0,2993.0547
1826,13.6353,13.1815,2.1718,12.9294,246.0,10658.0,2993.0547
1827,12.9746,13.2796,2.1618,13.9906,246.0,20245.0,2993.0547
1828,14.0004,13.1114,2.1419,13.4765,244.0,20108.0,2993.0547
1829,13.3502,12.1497,1.9331,13.9714,245.0,12330.0,2993.0547
1830,14.0103,13.4176,1.8863,13.0031,244.0,11046.0,2993.0547
1831,12.9474,12.7468,1.7564,12.948,244.0,10240.0,2993.0547
1832,13.2437,12.9674,2.5244,13.3474,245.0,9660.0,2993.0547
1833,13.0798,13.0161,1.8439,13.7551,249.0,9086.0,2993.0547
1834,13.7758,11.9238,1.9172,13.5911,247.0,7326.0,2993.0547
1835,13.6211,12.9278,1.9323,12.3272,248.0,7290.0,2993.0547
1836,12.3161,13.1435,1.8929,13.3869,247.0,7876.0,2993.0547
1837,13.4319,12.867,2.3476,13.4029,249.0,7516.0,2993.0547
1838,13.3611,13.2431,1.6578,13.7953,245.0,9526.0,2993.0547
1839,13.8021,11.8453,1.9479,13.1808,245.0,9840.0,2993.0547
1840,13.1712,12.7476,2.0041,13.101,244.0,10700.0,2993.0547
1841,13.1014,12.9555,2.2139,12.9405,247.0,15496.0,2993.0547
1842,12.9891,13.1721,2.2184,14.0792,250.0,15063.0,2993.0547
1843,13.9827,12.964,2.1312,12.8882,245.0,12911.0,2993.0547
1844,12.9558,11.8339,2.2125,13.5308,245.0,7730.0,2993.0547
1845,13.4707,12.3399,1.7758,13.1975,246.0,13164.0,2993.0547
1846,13.2323,13.0438,1.931,13.0735,245.0,16405.0,2993.0547
1847,13.2132,13.1595,1.9578,13.2575,243.0,11370.0,2993.0547
1848,13.1009,12.8895,2.0816,13.4002,244.0,14022.0,2993.0547
1849,13.393,11.8371,1.7987,12.0454,248.0,9606.0,2993.0547
1850,12.0249,13.2429,1.9087,14.6618,249.0,12022.0,2993.0547
1851,14.6836,12.971,1.8093,13.1278,247.0,18398.0,2993.0547
1852,13.2439,13.2061,2.3387,14.2186,246.0,20328.0,2993.0547
1853,14.1382,12.9977,2.9707,13.7462,245.0,15924.0,2993.0547
1854,13.7163,11.8625,2.1266,13.0585,248.0,11774.0,2993.0547
1855,13.2872,12.6194,2.2941,13.4118,244.0,10524.0,2993.0547
1856,13.2586,12.9923,2.5307,11.9201,243.0,11202.0,2993.0547
1857,11.9204,12.8669,1.9911,13.7284,247.0,12791.0,2993.0547
1858,13.725,12.8265,2.0144,13.1323,247.0,11533.0,2993.0547
1859,13.1097,11.8474,1.8979,13.1801,246.0,17409.0,2993.0547
1860,13.2334,13.6756,2.2287,14.686,245.0,14632.0,2993.0547
1861,14.6942,14.045,2.2314,13.9717,244.0,8966.0,2993.0547
1862,13.9138,13.4746,1.9461,13.4201,245.0,9538.0,2993.0547
1863,13.3923,12.6958,1.869,14.2811,244.0,8966.0,2993.0547
1864,14.3145,12.9459,2.2895,13.3476,247.0,10945.0,2993.0547
1865,13.3243,12.4365,2.019,14.8195,248.0,9898.0,2993.0547
1866,14.8896,13.9988,2.1164,13.3156,248.0,9066.0,2993.0547
1867,13.3959,13.5578,2.3164,14.2373,248.0,9066.0,2993.0547
1868,14.1971,13.4917,2.4628,13.1005,248.0,9456.0,2993.0547
1869,12.9864,13.2801,2.058,14.3006,246.0,9992.0,2993.0547
1870,14.3189,12.9771,2.2646,13.0431,247.0,9540.0,2993.0547
1871,13.0156,12.1577,2.0415,13.5163,246.0,9086.0,2993.0547
1872,13.5644,12.7689,2.0118,14.6411,243.0,9050.0,2993.0547
1873,14.6264,13.0514,2.0153,11.208,244.0,9562.0,2993.0547
1874,11.1661,11.804,1.664,13.5408,245.0,9924.0,2993.0547
1875,13.5432,12.2233,1.7294,13.7193,246.0,11352.0,2993.0547
1876,13.7912,12.4202,1.9482,12.6499,244.0,11042.0,2993.0547
1877,12.6275,14.4307,2.1573,14.582,247.0,13252.0,2993.0547
1878,14.5788,13.149,2.685,12.9379,244.0,15434.0,2993.0547
1879,12.9031,13.2439,2.2844,13.7871,244.0,11340.0,2993.0547
1880,13.8192,12.8535,2.1159,13.8193,245.0,10466.0,2993.0547
1881,13.8427,11.7776,1.8779,13.6022,250.0,11150.0,2993.0547
1882,13.6084,13.3271,2.0746,13.3148,250.0,11614.0,2993.0547
1883,13.2894,13.1947,1.9705,12.8078,248.0,9066.0,2993.0547
1884,12.7741,13.6434,2.2247,14.3526,255.0,29616.0,2993.0547
1885,14.3877,13.4458,2.0783,13.8488,249.0,17408.0,2993.0547
1886,13.8466,11.8213,1.8391,13.8778,250.0,27244.0,2993.0547
1887,13.9216,13.0538,1.9992,13.3755,247.0,32058.0,2993.0547
1888,13.342,13.4228,2.096,12.6261,248.0,32938.0,2993.0547
1889,13.2298,13.135,2.886,13.4448,250.0,36598.0,2993.0547
1890,12.7734,13.0473,1.6638,14.0334,245.0,22068.0,2993.0547
1891,14.1303,11.8549,1.9161,13.3934,245.0,25920.0,2993.0547
1892,13.3683,13.1834,1.9718,14.1203,245.0,13008.0,2993.0547
1893,14.1096,12.8644,1.8693,12.8392,248.0,16592.0,2993.0547
1894,12.8112,12.8341,1.7797,12.7136,244.0,11832.0,2993.0547
1895,12.731,12.8817,1.9298,14.3057,245.0,12704.0,2993.0547
1896,14.3051,12.837,2.2025,13.1206,246.0,15142.0,2993.0547
1897,13.141,11.8098,2.0941,12.6616,249.0,17150.0,2993.0547
1898,12.6373,12.9206,1.8863,12.8381,247.0,9518.0,2993.0547
1899,12.9895,13.4098,2.1974,14.6163,249.0,10010.0,2993.0547
1900,14.4955,14.6523,2.5813,15.9631,248.0,12542.0,2993.0547
1901,15.9935,13.8202,2.7548,16.3136,248.0,13030.0,2993.0547
1902,16.336,13.3134,2.8242,14.7913,248.0,16688.0,2993.0547
1903,14.8245,12.532,2.9222,13.3511,245.0,15541.0,2993.0547
1904,13.402,15.2252,2.619,13.5282,243.0,10022.0,2993.0547
1905,13.4345,14.0253,2.177,13.294,243.0,10622.0,2993.0547
1906,13.3467,13.7177,2.1953,13.3693,243.0,21389.0,2993.0547
1907,13.2425,14.1792,2.3843,14.3773,246.0,20116.0,2993.0547
1908,14.3988,14.1018,2.1057,15.4217,245.0,11012.0,2993.0547
1909,15.4396,12.5386,2.0113,13.4624,245.0,10924.0,2993.0547
1910,13.4637,12.8023,2.1067,13.0477,243.0,10180.0,2993.0547
1911,13.05,13.9811,2.0032,14.6638,245.0,9612.0,2993.0547
1912,14.7483,13.973,2.2902,14.0687,245.0,9082.0,2993.0547
1913,14.0065,14.0246,2.0902,14.5555,250.0,7362.0,2993.0547
1914,14.4807,14.4433,1.879,14.7031,248.0,7482.0,2993.0547
1915,14.7884,14.1437,2.2388,14.691,249.0,7830.0,2993.0547
1916,14.7077,12.2478,1.9812,13.7109,249.0,9574.0,2993.0547
1917,13.6714,12.1136,2.0681,13.1698,247.0,8674.0,2993.0547
1918,13.1703,13.7514,2.0456,14.935,248.0,10902.0,2993.0547
1919,14.9783,13.8324,2.2582,13.2766,245.0,13850.0,2993.0547
1920,13.2825,14.1439,2.2976,15.1794,247.0,12733.0,2993.0547
1921,15.1221,13.7372,1.9931,14.2324,248.0,12770.0,2993.0547
1922,14.2712,13.6538,2.1554,14.3195,244.0,12611.0,2993.0547
1923,14.353,12.0489,1.9323,14.2322,246.0,8170.0,2993.0547
1924,14.1716,13.7945,2.1714,13.5641,244.0,13832.0,2993.0547
1925,13.5976,13.6039,2.0031,13.4899,245.0,15717.0,2993.0547
1926,13.4655,13.6251,2.1522,13.3883,246.0,11774.0,2993.0547
1927,13.3857,13.5669,1.9608,14.3821,244.0,14146.0,2993.0547
1928,14.3507,13.203,1.8825,14.0699,243.0,9002.0,2993.0547
1929,14.0839,12.0757,1.9498,13.2125,248.0,16174.0,2993.0547
1930,13.1884,13.346,1.9907,13.922,250.0,15838.0,2993.0547
1931,13.9528,13.8993,2.0441,12.9702,250.0,22350.0,2993.0547
1932,13.0853,13.4149,2.0566,14.6034,249.0,14096.0,2993.0547
1933,14.4406,13.5219,1.7528,13.6879,246.0,10062.0,2993.0547
1934,13.7567,13.2222,1.8247,14.0496,247.0,10538.0,2993.0547
1935,14.0549,12.114,2.0104,13.5397,247.0,13255.0,2993.0547
1936,13.5115,13.4836,1.9839,14.0768,247.0,12633.0,2993.0547
1937,14.0905,13.1908,2.017,12.6121,246.0,10534.0,2993.0547
1938,12.6099,12.9707,2.4366,13.2753,248.0,18781.0,2993.0547
1939,13.2669,13.0534,2.1489,13.5504,243.0,12400.0,2993.0547
1940,13.5221,11.8774,1.9521,12.7241,245.0,8978.0,2993.0547
1941,12.7746,13.3245,1.9851,14.4562,245.0,9538.0,2993.0547
1942,14.4341,13.7126,1.8027,13.1186,246.0,8990.0,2993.0547
1943,13.1029,13.8308,2.2848,14.5613,247.0,10945.0,2993.0547
1944,14.5668,13.9425,2.0771,14.5582,245.0,9906.0,2993.0547
1945,14.5944,13.864,2.0833,14.6604,248.0,9066.0,2993.0547
1946,14.6336,12.4785,2.0273,14.4519,248.0,9530.0,2993.0547
1947,14.5248,13.1156,1.9057,14.1642,248.0,9066.0,2993.0547
1948,14.1006,13.5919,1.964,13.0101,245.0,10444.0,2993.0547
1949,13.0303,13.9819,1.9529,14.8355,247.0,9076.0,2993.0547
1950,14.8402,13.861,2.033,14.0366,245.0,9052.0,2993.0547
1951,14.0035,13.651,1.9466,15.0498,243.0,9550.0,2993.0547
1952,15.074,12.8533,2.0009,13.507,243.0,9804.0,2993.0547
1953,13.4803,12.6723,2.2457,14.8648,244.0,10270.0,2993.0547
1954,14.8984,13.7424,2.3219,13.3358,384.0,17040.0,2993.0547
1955,13.3373,15.8833,2.1626,15.7524,312.0,11586.0,2993.0547
1956,15.7162,15.0498,1.8094,15.072,317.0,11644.0,2993.0547
1957,15.0821,13.258,1.9598,13.3905,316.0,12660.0,2993.0547
1958,13.3909,13.3225,1.9193,13.765,312.0,10618.0,2993.0547
1959,13.7953,13.1652,1.9126,13.8237,314.0,9140.0,2993.0547
1960,13.8293,12.3599,1.7763,13.7347,311.0,11164.0,2993.0547
1961,13.7008,13.4213,1.9832,13.8235,320.0,8724.0,2993.0547
1962,13.8417,13.5253,2.0986,13.3915,320.0,20276.0,2993.0547
1963,13.3785,13.3457,1.9318,13.6755,320.0,17084.0,2993.0547
1964,13.6619,13.4119,1.7727,13.9012,321.0,28486.0,2993.0547
1965,13.9027,12.3322,1.7515,14.2525,319.0,23622.0,2993.0547
1966,14.3317,13.2414,1.9473,13.215,322.0,20590.0,2993.0547
1967,13.1573,13.4405,2.0894,13.8339,312.0,11428.0,2993.0547
1968,13.83,13.858,1.9761,14.0835,313.0,12564.0,2993.0547
1969,14.3453,13.2393,2.3448,13.0983,317.0,14622.0,2993.0547
1970,12.8992,13.1765,2.0261,13.9819,315.0,11924.0,2993.0547
1971,13.9452,12.2166,1.9211,14.0159,314.0,11192.0,2993.0547
1972,14.0571,13.3397,2.0958,13.6919,317.0,13466.0,2993.0547
1973,13.6515,13.5003,2.219,13.5913,316.0,18056.0,2993.0547
1974,13.6123,13.3632,2.2291,14.4229,315.0,11388.0,2993.0547
1975,14.4031,13.4994,2.554,13.6604,316.0,10116.0,2993.0547
1976,13.6676,13.4806,2.4542,13.8035,317.0,12138.0,2993.0547
1977,13.9102,12.6459,2.0805,14.2998,322.0,12884.0,2993.0547
1978,14.3847,13.6977,2.3159,13.6604,318.0,15326.0,2993.0547
1979,13.4828,13.6477,2.2213,13.5804,317.0,12919.0,2993.0547
1980,13.5443,13.4147,2.0863,14.0252,318.0,10434.0,2993.0547
1981,14.0132,13.5244,2.0008,14.0444,317.0,10486.0,2993.0547
1982,14.0497,13.0987,2.298,13.6283,320.0,22110.0,2993.0547
1983,13.6711,12.5512,1.9994,13.87,313.0,13919.0,2993.0547
1984,13.9073,13.4136,2.205,13.4387,314.0,10452.0,2993.0547
1985,13.4065,13.7162,1.9498,13.1912,313.0,9234.0,2993.0547
1986,13.1765,13.4813,2.0234,14.3312,316.0,8652.0,2993.0547
1987,14.3121,13.1814,2.1135,13.5253,316.0,8452.0,2993.0547
1988,13.5234,13.0236,2.0218,14.1644,314.0,8656.0,2993.0547
1989,14.2722,12.5985,1.7698,14.0466,317.0,6956.0,2993.0547
1990,13.9809,13.4165,1.9838,13.3347,317.0,7244.0,2993.0547
1991,13.3897,13.4463,2.1457,13.6071,313.0,9446.0,2993.0547
1992,13.4924,13.9373,2.4502,14.7752,313.0,8282.0,2993.0547
1993,14.8094,13.6879,2.2272,13.9036,319.0,10318.0,2993.0547
1994,13.887,12.3622,2.0562,14.687,322.0,13284.0,2993.0547
1995,14.6887,12.8367,2.0986,13.4375,320.0,10466.0,2993.0547
1996,13.5067,13.7379,2.1531,14.41,323.0,14049.0,2993.0547
1997,14.3503,13.808,1.9343,14.0469,316.0,12885.0,2993.0547
1998,14.0945,13.679,1.9249,12.9946,317.0,7794.0,2993.0547
1999,13.0292,13.4662,2.0633,14.7792,318.0,9954.0,2993.0547
2000,14.7639,13.6719,2.0074,13.7177,313.0,14132.0,2993.0547
2001,13.6846,12.4881,1.961,13.5197,314.0,15285.0,2993.0547
2002,13.5441,13.7998,2.1407,14.31,314.0,11738.0,2993.0547
2003,14.2661,13.5333,2.0844,13.8178,314.0,10648.0,2993.0547
2004,13.9281,13.5094,2.2376,14.1416,316.0,11248.0,2993.0547
2005,13.9779,13.2142,1.926,13.8316,314.0,17916.0,2993.0547
2006,13.8811,13.6476,2.1644,14.1469,313.0,20370.0,2993.0547
2007,14.1849,12.5507,1.932,13.3281,316.0,15520.0,2993.0547
2008,13.4383,13.3221,2.2765,14.4058,316.0,10182.0,2993.0547
2009,14.3031,13.3044,2.2293,13.095,316.0,9674.0,2993.0547
2010,13.1533,13.496,2.1402,13.4463,319.0,13403.0,2993.0547
2011,13.337,13.4457,1.9572,14.5342,318.0,10671.0,2993.0547
2012,14.5924,13.0959,1.9953,13.1075,315.0,11210.0,2993.0547
2013,13.0729,12.473,1.9066,14.4198,320.0,18321.0,2993.0547
2014,14.4263,13.8633,2.086,14.0093,317.0,10956.0,2993.0547
2015,13.9942,13.3589,1.9864,13.3848,315.0,8708.0,2993.0547
2016,13.5244,13.5464,1.8637,14.1982,313.0,9148.0,2993.0547
2017,14.1116,13.5435,2.0424,14.1335,315.0,8708.0,2993.0547
2018,14.1992,12.9694,2.026,13.8596,317.0,11043.0,2993.0547
2019,13.7261,12.7349,1.7651,13.3639,312.0,9040.0,2993.0547
2020,13.4973,13.3953,2.0501,13.9334,316.0,8720.0,2993.0547
2021,13.893,13.6003,2.1244,13.0025,315.0,8708.0,2993.0547
2022,12.8932,13.7395,2.3437,14.7956,314.0,8696.0,2993.0547
2023,14.8549,13.4599,2.2538,14.2041,313.0,8684.0,2993.0547
2024,14.2226,12.3168,2.2021,13.1167,315.0,8708.0,2993.0547
2025,13.0804,13.6324,1.9714,14.9064,317.0,9188.0,2993.0547
2026,14.9393,13.7642,1.942,13.3014,320.0,9574.0,2993.0547
2027,13.276,13.9756,1.8794,14.4019,319.0,9920.0,2993.0547
2028,14.4498,13.8264,2.1139,14.3537,315.0,11506.0,2993.0547
2029,14.3334,13.2927,2.1898,13.5209,315.0,10208.0,2993.0547
2030,13.5013,13.4537,2.3771,14.6906,316.0,10594.0,2993.0547
2031,14.6942,12.7431,1.8833,13.1576,315.0,11055.0,2993.0547
2032,13.1963,13.3262,1.985,13.6954,318.0,15851.0,2993.0547
2033,13.6755,13.6824,1.9003,14.0809,315.0,11640.0,2993.0547
2034,14.0931,13.7975,2.1763,14.1423,313.0,12692.0,2993.0547
2035,14.1175,13.5933,1.9957,14.5489,314.0,10662.0,2993.0547
2036,14.5615,13.6954,2.2142,13.6487,314.0,10756.0,2993.0547
2037,13.6659,12.61,2.0299,14.7962,315.0,9636.0,2993.0547
2038,14.7957,13.7053,2.12,13.9009,314.0,13720.0,2993.0547
2039,13.8613,13.5122,1.9746,13.6537,317.0,18596.0,2993.0547
2040,13.705,13.448,2.0087,13.7963,315.0,13780.0,2993.0547
2041,13.7528,13.1949,2.2642,13.7366,322.0,31860.0,2993.0547
2042,13.7237,13.262,2.0041,13.4673,321.0,23572.0,2993.0547
2043,13.436,12.3357,1.8978,13.9377,323.0,18984.0,2993.0547
2044,14.0489,13.5065,2.39,13.3418,315.0,10122.0,2993.0547
2045,13.2552,13.4705,1.9831,14.4879,321.0,15138.0,2993.0547
2046,14.5418,13.4034,2.0779,12.9557,316.0,12580.0,2993.0547
2047,12.899,13.1965,1.755,13.5214,315.0,11800.0,2993.0547
2048,13.5665,13.2414,1.879,14.317,316.0,10848.0,2993.0547
2049,14.2689,12.2227,1.7236,13.2085,318.0,16286.0,2993.0547
2050,13.2155,13.2178,1.9158,13.7433,315.0,14820.0,2993.0547
2051,13.8132,13.6648,2.1545,13.2612,314.0,11948.0,2993.0547
2052,13.2015,13.5485,2.0418,14.721,317.0,9868.0,2993.0547
2053,14.7958,13.3429,2.2511,13.3065,316.0,12058.0,2993.0547
2054,13.2478,12.2548,1.9452,13.6891,316.0,12612.0,2993.0547
2055,13.7635,13.3595,1.8933,13.864,315.0,15334.0,2993.0547
2056,13.7601,13.2924,2.0241,13.5668,315.0,13441.0,2993.0547
2057,13.5938,13.3099,1.9687,13.5076,322.0,9958.0,2993.0547
2058,13.5366,13.4797,1.8756,14.2888,318.0,11216.0,2993.0547
2059,14.259,13.7466,1.9771,14.2664,319.0,21796.0,2993.0547
2060,14.2802,12.2012,1.927,13.0911,315.0,13269.0,2993.0547
2061,13.0958,13.0394,1.8845,13.1949,317.0,10418.0,2993.0547
2062,13.1905,13.4832,1.8326,13.3313,315.0,9140.0,2993.0547
2063,13.341,13.3323,2.1897,14.2716,314.0,8628.0,2993.0547
2064,14.2432,13.3363,2.0374,13.768,312.0,8356.0,2993.0547
2065,13.7803,13.1039,1.8851,13.7883,314.0,8608.0,2993.0547
2066,13.819,12.2824,2.0608,13.5564,314.0,7016.0,2993.0547
2067,13.5534,13.3771,2.0346,13.4166,315.0,7316.0,2993.0547
2068,13.4084,13.6594,1.8455,13.5021,312.0,10122.0,2993.0547
2069,13.46,13.1557,1.7498,14.403,312.0,7838.0,2993.0547
2070,14.4026,13.3059,2.1068,13.5574,314.0,10410.0,2993.0547
2071,13.5819,12.2771,1.8646,14.5662,317.0,12952.0,2993.0547
2072,14.6214,13.4031,2.0022,13.1228,316.0,12357.0,2993.0547
2073,13.1041,13.5645,2.0158,13.302,322.0,12326.0,2993.0547
2074,13.3146,13.4466,2.051,13.9247,319.0,12501.0,2993.0547
2075,13.858,13.4477,1.729,13.9464,319.0,8036.0,2993.0547
2076,14.0345,13.4582,1.8082,13.8006,316.0,10506.0,2993.0547
2077,13.7605,12.2661,1.8573,13.4485,319.0,13632.0,2993.0547
2078,13.4595,13.3322,1.9668,14.338,318.0,15483.0,2993.0547
2079,14.2977,13.4617,1.9233,13.2009,313.0,11602.0,2993.0547
2080,13.2525,13.551,2.089,13.7199,314.0,11064.0,2993.0547
2081,13.6626,13.4547,1.9899,14.3673,314.0,11444.0,2993.0547
2082,14.35,12.2844,1.8039,13.9184,314.0,18556.0,2993.0547
2083,13.941,12.5612,1.907,13.4495,315.0,19166.0,2993.0547
2084,13.484,13.3789,1.9672,14.0993,316.0,15520.0,2993.0547
2085,14.0841,13.3212,2.068,13.2892,312.0,10134.0,2993.0547
2086,13.6665,13.4585,2.2549,13.4924,317.0,12269.0,2993.0547
2087,13.127,13.4777,2.1154,14.0636,316.0,12719.0,2993.0547
2088,14.0582,12.2366,1.8999,14.2015,318.0,8868.0,2993.0547
2089,14.1745,13.3936,1.9242,13.1259,318.0,12696.0,2993.0547
2090,13.1241,13.4136,1.9502,14.208,320.0,16827.0,2993.0547
2091,14.2252,13.4199,2.0868,13.4694,319.0,11006.0,2993.0547
2092,13.427,13.3341,2.0825,13.6214,320.0,8746.0,2993.0547
2093,13.6738,13.2626,1.9578,13.9436,314.0,9138.0,2993.0547
2094,14.0079,12.2415,2.47,13.6569,317.0,8710.0,2993.0547
2095,13.631,13.4249,2.3186,14.1599,318.0,11055.0,2993.0547
2096,14.1402,13.6091,2.0647,13.2585,314.0,9064.0,2993.0547
2097,13.2933,13.5764,2.0516,13.8394,315.0,8756.0,2993.0547
2098,13.7555,13.3716,1.7099,13.7911,313.0,8684.0,2993.0547
2099,14.0248,13.2894,1.9549,14.4959,313.0,8684.0,2993.0547
2100,14.289,12.5052,2.039,13.6985,314.0,8696.0,2993.0547
2101,13.7346,13.3478,2.0478,13.7695,312.0,9172.0,2993.0547
2102,13.8209,13.762,2.1955,13.1532,312.0,9522.0,2993.0547
2103,13.1769,13.5393,2.2412,14.3494,313.0,8684.0,2993.0547
2104,14.2697,13.7312,2.216,14.503,313.0,10356.0,2993.0547
2105,14.5025,13.7426,2.0876,14.2561,323.0,11116.0,2993.0547
2106,14.2544,12.5372,1.9875,14.1193,319.0,10234.0,2993.0547
2107,14.2212,13.5523,2.1145,13.5665,319.0,10608.0,2993.0547
2108,13.4603,13.6809,1.9212,14.2634,317.0,11057.0,2993.0547
2109,14.4018,13.8274,2.3103,14.1643,320.0,16353.0,2993.0547
2110,13.9983,15.05,2.4628,16.5376,318.0,11154.0,2993.0547
2111,17.1976,14.7598,3.2663,14.0877,314.0,13120.0,2993.0547
2112,13.4876,13.6209,2.3117,15.6837,315.0,10210.0,2993.0547
2113,15.6824,13.0737,2.0994,13.7493,315.0,11232.0,2993.0547
2114,13.7441,13.4207,1.9544,13.6066,313.0,10884.0,2993.0547
2115,13.5917,13.39,2.0032,14.9414,317.0,13664.0,2993.0547
2116,14.9967,13.474,2.3821,12.9035,314.0,16964.0,2993.0547
2117,12.9593,13.4684,2.23,14.4681,313.0,15304.0,2993.0547
2118,14.4015,13.6514,1.9363,13.4206,320.0,32986.0,2993.0547
2119,13.3741,12.7274,2.5629,13.6651,318.0,21834.0,2993.0547
2120,13.6869,13.7313,2.1746,14.7396,315.0,18296.0,2993.0547
2121,14.7638,14.1352,2.0051,14.5577,321.0,13040.0,2993.0547
2122,14.6061,13.7217,1.83,14.3516,321.0,14656.0,2993.0547
2123,14.2811,13.5173,1.9268,12.7235,320.0,9830.0,2993.0547
2124,12.6509,13.181,1.6924,14.6766,316.0,11790.0,2993.0547
2125,14.7323,13.5682,2.0907,14.023,319.0,11598.0,2993.0547
2126,14.0696,12.2283,2.0331,13.3104,319.0,16960.0,2993.0547
2127,13.2718,13.5608,1.9267,13.6464,314.0,13560.0,2993.0547
2128,13.6934,13.7663,2.0257,14.5296,312.0,11956.0,2993.0547
2129,14.4912,13.3226,2.0641,12.9229,318.0,10566.0,2993.0547
2130,12.895,13.4873,1.7914,14.4874,316.0,11740.0,2993.0547
2131,14.512,13.3192,1.7196,13.8493,319.0,14312.0,2993.0547
2132,13.9005,12.2853,2.0794,12.8332,315.0,13050.0,2993.0547
2133,12.7887,13.6634,2.1061,14.4415,314.0,14043.0,2993.0547
2134,14.5062,13.5345,2.1331,14.6635,314.0,10598.0,2993.0547
2135,14.6206,13.7574,2.3972,13.2159,315.0,10474.0,2993.0547
2136,13.1799,13.3999,1.8661,13.777,316.0,21104.0,2993.0547
2137,13.8165,13.2251,2.2186,13.7873,319.0,13295.0,2993.0547
2138,13.7563,12.3562,1.8561,13.5084,319.0,10372.0,2993.0547
2139,13.514,13.4149,2.0131,14.1673,321.0,9190.0,2993.0547
2140,14.1785,13.453,2.2863,13.2766,315.0,8666.0,2993.0547
2141,13.2624,13.3389,2.1303,13.5911,315.0,8322.0,2993.0547
2142,13.5344,13.3839,1.9637,14.5649,317.0,8622.0,2993.0547
2143,14.612,12.3368,1.779,13.6893,316.0,7136.0,2993.0547
2144,13.6898,12.9124,2.1785,14.008,316.0,9050.0,2993.0547
2145,14.1773,13.5019,2.0004,14.2019,314.0,8776.0,2993.0547
2146,14.0695,13.4433,2.0283,12.9476,314.0,7812.0,2993.0547
2147,13.0093,13.4515,2.6394,14.1118,318.0,14872.0,2993.0547
2148,14.0426,13.3039,2.3144,13.3709,319.0,10577.0,2993.0547
2149,13.414,12.2793,2.1384,13.3613,313.0,10052.0,2993.0547
2150,13.3638,13.6795,2.1014,15.1341,318.0,12274.0,2993.0547
2151,15.1138,14.0488,2.1631,13.757,315.0,12545.0,2993.0547
2152,13.7581,13.289,2.2944,13.6186,314.0,8116.0,2993.0547
2153,13.8128,13.3661,2.4129,13.7027,320.0,10532.0,2993.0547
2154,13.4921,13.1407,2.284,14.2018,318.0,13966.0,2993.0547
2155,14.176,12.5557,2.0593,13.8118,318.0,15733.0,2993.0547
2156,13.8515,13.4039,2.0544,14.1256,317.0,10940.0,2993.0547
2157,14.121,13.4541,1.8367,12.7843,318.0,11826.0,2993.0547
2158,12.8202,13.3976,2.0358,13.2849,314.0,13798.0,2993.0547
2159,13.2164,13.7562,2.107,14.9974,313.0,15432.0,2993.0547
2160,15.0058,13.0522,2.0849,13.8821,312.0,19664.0,2993.0547
2161,14.0185,12.5644,2.0226,13.6075,314.0,14962.0,2993.0547
2162,13.5109,13.6276,2.1291,13.4722,316.0,10874.0,2993.0547
2163,13.4926,13.4456,2.1725,13.8387,319.0,13448.0,2993.0547
2164,13.8133,13.365,2.0952,13.5196,314.0,10972.0,2993.0547
2165,13.5591,13.8036,2.1412,14.7058,314.0,9160.0,2993.0547
2166,14.6602,13.1824,2.0795,14.4079,315.0,12240.0,2993.0547
2167,14.4343,13.0315,2.0371,13.5569,316.0,17191.0,2993.0547
2168,13.526,13.8932,2.3532,14.3186,312.0,10550.0,2993.0547
2169,14.3505,13.5814,2.341,15.0632,321.0,8784.0,2993.0547
2170,15.0899,13.7063,2.2107,12.3382,318.0,9164.0,2993.0547
2171,12.2402,13.6172,2.4822,14.3258,317.0,8688.0,2993.0547
2172,14.346,13.4342,2.1359,14.0099,318.0,11033.0,2993.0547
2173,14.0075,12.215,1.8647,13.8047,316.0,9066.0,2993.0547
2174,13.8201,13.09,2.0059,13.6534,316.0,8698.0,2993.0547
2175,13.7035,13.5138,2.0438,13.9319,316.0,8720.0,2993.0547
2176,13.9213,13.5548,2.1141,13.2303,315.0,8756.0,2993.0547
2177,13.1581,13.5179,1.8824,14.2391,313.0,9184.0,2993.0547
2178,14.2413,13.6358,2.3158,15.1758,313.0,9534.0,2993.0547
2179,15.2911,12.3699,2.298,14.8195,314.0,8696.0,2993.0547
2180,14.7665,14.8853,2.2635,14.5168,313.0,9148.0,2993.0547
2181,14.4874,14.2711,2.1721,15.0842,313.0,10404.0,2993.0547
2182,15.1538,14.0061,2.4443,13.5419,314.0,10588.0,2993.0547
2183,13.5738,14.229,2.5296,14.0372,313.0,10206.0,2993.0547
2184,14.0824,13.8875,3.1223,14.6628,315.0,10604.0,2993.0547
2185,14.5993,14.8939,2.3248,15.3365,319.0,11559.0,2993.0547
2186,15.2813,13.3217,2.58,14.5185,325.0,15891.0,2993.0547
2187,14.6777,12.7041,2.2071,13.8821,317.0,11120.0,2993.0547
2188,13.8252,14.1205,2.5068,14.0444,317.0,13134.0,2993.0547
2189,13.9324,14.002,2.1036,14.9983,316.0,10200.0,2993.0547
2190,15.0413,13.9372,2.2534,13.6241,315.0,12898.0,2993.0547
2191,13.6271,14.1532,2.8056,14.6675,315.0,14104.0,2993.0547
2192,14.6303,13.6422,2.4755,14.1968,317.0,12068.0,2993.0547
2193,14.203,13.4276,2.4298,13.4999,316.0,13652.0,2993.0547
2194,13.7931,12.2424,2.3026,13.7331,316.0,19536.0,2993.0547
2195,13.4965,13.6168,1.9995,15.5157,320.0,33130.0,2993.0547
2196,15.4873,13.9487,2.1727,13.7266,316.0,17838.0,2993.0547
2197,13.749,14.3398,2.2294,14.3712,319.0,21088.0,2993.0547
2198,14.4957,14.3991,3.0116,15.5406,318.0,12712.0,2993.0547
2199,15.8475,13.4931,3.0291,13.1606,313.0,12320.0,2993.0547
2200,12.7277,12.9989,2.4986,14.594,316.0,9702.0,2993.0547
2201,14.5911,12.2841,2.2912,13.8138,322.0,13040.0,2993.0547
2202,13.8514,14.2004,2.8081,15.041,316.0,11744.0,2993.0547
2203,15.0409,13.8469,2.4296,13.7697,323.0,16538.0,2993.0547
2204,13.7337,13.909,2.3216,13.2014,316.0,12346.0,2993.0547
2205,13.1418,13.5286,2.3849,15.1665,316.0,12872.0,2993.0547
2206,15.1886,13.406,2.404,12.4446,321.0,9776.0,2993.0547
2207,12.3952,12.2619,2.1204,15.1212,315.0,11644.0,2993.0547
2208,15.1881,13.699,2.124,13.0792,316.0,14118.0,2993.0547
2209,13.06,14.0353,2.0456,15.2128,314.0,13124.0,2993.0547
2210,15.2697,14.0378,2.1364,13.5203,316.0,13933.0,2993.0547
2211,13.5282,13.949,2.3316,14.89,313.0,11142.0,2993.0547
2212,14.8049,14.0376,2.3875,14.0423,314.0,9810.0,2993.0547
2213,14.0715,13.1463,2.5277,14.7577,313.0,20972.0,2993.0547
2214,14.7998,13.0793,2.0476,14.2296,314.0,13279.0,2993.0547
2215,14.1888,13.8722,2.0835,13.4779,314.0,10308.0,2993.0547
2216,13.5425,14.1399,2.3366,16.7439,314.0,9246.0,2993.0547
2217,16.7266,13.4675,2.242,11.9178,316.0,8560.0,2993.0547
2218,11.9589,14.3167,2.6585,14.0547,316.0,8312.0,2993.0547
2219,13.9575,13.842,1.9854,13.8423,319.0,8720.0,2993.0547
2220,13.9191,13.2536,2.1943,14.4148,316.0,8836.0,2993.0547
2221,14.3484,12.2996,2.3212,14.5948,316.0,8138.0,2993.0547
2222,14.6199,13.3226,2.3321,13.8258,317.0,8164.0,2993.0547
2223,13.8171,13.6718,2.0054,13.0428,315.0,7982.0,2993.0547
2224,13.0116,13.8084,2.4461,14.1151,316.0,14906.0,2993.0547
2225,14.1022,13.6122,2.2955,14.3747,316.0,10167.0,2993.0547
2226,14.3803,13.6614,2.2241,14.4093,319.0,12019.0,2993.0547
2227,14.4298,12.2494,2.0544,13.0729,318.0,10331.0,2993.0547
2228,13.0869,13.6757,1.9999,14.2291,313.0,12665.0,2993.0547
2229,14.239,13.662,1.9437,14.1562,314.0,8116.0,2993.0547
2230,14.2526,13.8614,2.3011,13.4383,315.0,10564.0,2993.0547
2231,13.2681,14.0438,1.8309,14.6007,314.0,14038.0,2993.0547
2232,14.6373,13.716,2.1799,14.3376,314.0,15653.0,2993.0547
2233,14.36,12.2762,1.9775,13.7511,320.0,11322.0,2993.0547
2234,13.7135,13.9086,1.8935,14.5559,316.0,11364.0,2993.0547
2235,14.5561,13.902,1.8781,14.2904,319.0,14204.0,2993.0547
2236,14.2828,13.866,1.8366,14.7224,317.0,15624.0,2993.0547
2237,14.8361,13.8537,2.0613,13.1004,318.0,19180.0,2993.0547
2238,13.0225,13.7473,1.9581,14.893,317.0,15134.0,2993.0547
2239,14.9235,13.423,2.018,14.9371,318.0,14434.0,2993.0547
2240,15.0014,12.8095,2.5869,13.9295,315.0,9706.0,2993.0547
2241,13.8605,12.9309,2.2419,12.8355,317.0,11008.0,2993.0547
2242,12.8264,13.2001,1.8415,14.7077,312.0,9600.0,2993.0547
2243,14.7411,13.516,1.7521,13.0403,315.0,12144.0,2993.0547
2244,12.9571,13.3786,1.8664,14.0783,318.0,17215.0,2993.0547
2245,14.0983,13.3125,2.0863,15.3089,315.0,10218.0,2993.0547
2246,15.4472,12.2851,2.172,12.4607,314.0,8696.0,2993.0547
2247,12.424,13.3225,2.1417,14.895,314.0,9160.0,2993.0547
2248,14.9066,13.7436,2.3718,12.3719,312.0,9136.0,2993.0547
2249,12.3414,13.868,2.3081,15.1931,320.0,10571.0,2993.0547
2250,15.6228,12.9889,3.1348,13.4399,316.0,9044.0,2993.0547
2251,12.9981,13.7461,2.3858,14.2913,316.0,8676.0,2993.0547
2252,14.2904,12.6079,2.4657,14.7469,315.0,8686.0,2993.0547
2253,14.7481,13.835,2.4126,14.2434,317.0,9210.0,2993.0547
2254,14.2644,14.3583,2.5957,15.3049,320.0,9596.0,2993.0547
2255,15.3877,13.5293,2.8655,12.1951,315.0,8708.0,2993.0547
2256,12.1392,13.3853,2.5814,13.8462,316.0,9184.0,2993.0547
2257,13.8336,13.3865,2.7452,15.6716,312.0,9136.0,2993.0547
2258,15.6889,14.7466,3.3067,16.4492,313.0,9892.0,2993.0547
2259,16.4608,14.9432,2.7417,16.0624,315.0,10600.0,2993.0547
2260,16.0865,14.3772,3.2,15.0941,315.0,11918.0,2993.0547
2261,15.0708,14.8476,2.6648,13.987,314.0,9404.0,2993.0547
2262,13.942,14.915,2.5356,15.8247,317.0,11079.0,2993.0547
2263,15.8967,14.1094,2.7692,13.8633,319.0,15863.0,2993.0547
2264,13.8287,13.5526,2.5494,13.6414,316.0,11152.0,2993.0547
2265,13.6485,13.6528,2.4516,13.2607,316.0,13100.0,2993.0547
2266,13.1706,13.5822,2.0597,14.8151,316.0,12330.0,2993.0547
2267,15.2441,13.0059,2.7931,15.6022,319.0,15704.0,2993.0547
2268,15.2089,12.5158,2.326,13.4697,319.0,12534.0,2993.0547
2269,13.4829,13.7346,2.4558,14.5739,315.0,12022.0,2993.0547
2270,14.6274,13.8279,2.5739,13.0492,318.0,14606.0,2993.0547
2271,13.0135,13.6845,2.3097,13.1928,320.0,22972.0,2993.0547
2272,13.2075,13.7769,2.7944,13.8074,320.0,25822.0,2993.0547
2273,13.7381,13.5838,2.4532,14.6143,316.0,19578.0,2993.0547
2274,14.656,12.6924,2.1734,14.409,321.0,21412.0,2993.0547
2275,14.4366,13.1691,2.2288,13.5142,313.0,11772.0,2993.0547
2276,13.5244,13.3844,2.4312,14.4974,314.0,11172.0,2993.0547
2277,14.4664,13.6256,2.5398,12.7597,315.0,10058.0,2993.0547
2278,12.8014,13.7822,2.9709,14.7666,316.0,12644.0,2993.0547
2279,14.7391,13.4967,2.726,13.8937,314.0,11914.0,2993.0547
2280,13.8872,12.3131,2.7225,13.762,322.0,16052.0,2993.0547
2281,13.9152,13.3235,2.8698,14.7499,318.0,13394.0,2993.0547
2282,14.6102,13.7418,2.455,12.8764,318.0,12070.0,2993.0547
2283,12.9197,13.8249,2.4133,15.9516,317.0,9880.0,2993.0547
2284,15.9336,14.9782,2.9332,15.0687,321.0,13712.0,2993.0547
2285,15.238,14.8864,3.8021,15.5823,318.0,11820.0,2993.0547
2286,15.6234,14.2565,4.2681,14.7716,319.0,13642.0,2993.0547
2287,14.5535,14.1308,2.5905,14.537,316.0,13875.0,2993.0547
2288,14.5298,12.7293,2.8429,13.4971,316.0,10574.0,2993.0547
2289,13.4999,13.6341,2.4578,14.2442,314.0,9666.0,2993.0547
2290,14.2059,13.8457,2.3834,13.6378,313.0,21068.0,2993.0547
2291,13.6879,14.2405,2.3401,15.8021,315.0,13243.0,2993.0547
2292,15.7802,13.5831,2.2856,12.5578,316.0,10332.0,2993.0547
2293,12.5889,13.7474,3.0247,14.6954,315.0,9210.0,2993.0547
2294,14.6768,13.171,3.0081,13.7527,314.0,8532.0,2993.0547
2295,13.7644,13.3706,2.7131,14.2425,315.0,8392.0,2993.0547
2296,14.2374,14.2597,2.3859,14.6018,316.0,10402.0,2993.0547
2297,14.6198,14.2793,2.4349,15.6831,320.0,7236.0,2993.0547
2298,15.6248,13.8321,2.3048,12.9737,318.0,8396.0,2993.0547
2299,12.967,14.24,2.2944,13.7666,319.0,8274.0,2993.0547
2300,13.8106,13.7657,2.166,14.8888,317.0,12240.0,2993.0547
2301,14.8599,13.4455,2.689,15.5821,317.0,10324.0,2993.0547
2302,15.6622,13.6255,2.4645,13.7352,318.0,11857.0,2993.0547
2303,13.7022,13.9933,2.2517,15.0048,317.0,10211.0,2993.0547
2304,15.1186,13.9853,2.2797,14.9812,316.0,12091.0,2993.0547
2305,15.076,14.0254,2.681,16.3721,316.0,11013.0,2993.0547
2306,16.2796,14.7989,3.0836,13.7352,314.0,8020.0,2993.0547
2307,13.6557,15.3324,2.941,15.105,312.0,10672.0,2993.0547
2308,15.347,14.6509,3.7664,14.4564,313.0,16388.0,2993.0547
2309,14.1826,14.4321,2.7795,14.1324,312.0,13267.0,2993.0547
2310,14.1196,13.8687,2.5311,15.4594,315.0,11722.0,2993.0547
2311,15.4031,12.7251,2.1742,13.0993,315.0,11396.0,2993.0547
2312,13.1453,14.1565,2.1936,15.8261,315.0,14366.0,2993.0547
2313,15.8355,14.3742,2.1346,14.4871,318.0,15544.0,2993.0547
2314,14.4266,14.2472,2.2792,14.1571,318.0,18852.0,2993.0547
2315,14.2488,14.3635,2.9047,15.1775,319.0,15512.0,2993.0547
2316,15.212,14.571,3.0261,14.2499,320.0,13902.0,2993.0547
2317,14.1788,14.224,3.0076,14.086,315.0,9808.0,2993.0547
2318,14.0915,13.2401,2.5594,14.8786,318.0,10874.0,2993.0547
2319,14.9093,12.3994,2.0958,14.4007,314.0,9624.0,2993.0547
2320,14.3444,14.4383,2.2655,15.204,314.0,12868.0,2993.0547
2321,15.2082,13.9813,2.2157,13.9376,317.0,16467.0,2993.0547
2322,13.9668,13.8536,2.3358,14.711,314.0,10206.0,2993.0547
2323,14.6953,13.9703,2.7022,12.7125,314.0,8696.0,2993.0547
2324,12.72,13.4359,2.3437,14.7814,316.0,9184.0,2993.0547
2325,14.7595,13.3066,2.4329,14.6434,314.0,9160.0,2993.0547
2326,14.6624,13.0109,2.3103,15.1932,315.0,10603.0,2993.0547
2327,15.2308,13.4056,2.3349,14.6009,313.0,9052.0,2993.0547
2328,14.5936,13.766,2.2576,12.7057,314.0,8696.0,2993.0547
2329,12.6656,13.946,2.2978,13.1996,317.0,8736.0,2993.0547
2330,13.2536,13.5728,2.5717,14.9617,317.0,10038.0,2993.0547
2331,14.9373,13.8463,2.7148,13.7671,319.0,8712.0,2993.0547
2332,13.7577,13.3648,3.152,14.0392,316.0,9162.0,2993.0547
2333,14.0331,12.337,2.1182,13.9532,316.0,9162.0,2993.0547
2334,13.9607,13.7493,2.0848,14.2498,316.0,8698.0,2993.0547
2335,14.208,13.7948,2.0076,12.4152,313.0,9892.0,2993.0547
2336,12.5784,13.7163,2.9937,14.8858,315.0,12288.0,2993.0547
2337,14.738,14.0143,2.1369,13.8989,313.0,10414.0,2993.0547
2338,13.9147,12.6008,2.4187,13.5866,315.0,9208.0,2993.0547
2339,13.5659,12.5056,2.0283,14.652,315.0,11211.0,2993.0547
2340,14.6575,13.5633,2.0668,16.2224,319.0,15707.0,2993.0547
2341,16.3166,13.6339,2.5354,13.6208,316.0,11360.0,2993.0547
2342,13.558,13.7791,2.5989,12.7804,317.0,12948.0,2993.0547
2343,12.7771,14.2697,2.4653,15.8406,313.0,15674.0,2993.0547
2344,15.9002,14.5925,2.9368,15.7099,314.0,12352.0,2993.0547
2345,15.7161,13.063,3.2404,13.5874,319.0,12512.0,2993.0547
2346,13.5839,15.6308,2.9644,15.8645,321.0,14764.0,2993.0547
2347,15.8289,13.6594,2.4761,14.7752,322.0,15276.0,2993.0547
2348,14.7803,14.2383,2.4463,14.8029,318.0,19590.0,2993.0547
2349,14.8019,14.6879,2.3288,16.6976,323.0,30592.0,2993.0547
2350,16.7403,14.6943,2.7743,13.4246,320.0,17352.0,2993.0547
2351,13.3626,14.4055,2.3508,18.1537,316.0,19068.0,3034.4297
2352,18.4384,14.4649,2.862,14.9097,1271.0,138892.0,3063.8047
2353,14.7324,17.2781,4.8145,17.0775,607.0,24396.0,3063.8047
2354,17.1274,15.1657,3.7767,15.0688,608.0,21514.0,3063.8047
2355,14.9652,13.9329,2.7076,13.516,606.0,21838.0,3049.1172
2356,13.5773,13.0029,3.0851,15.5451,608.0,22100.0,3049.1172
2357,15.5609,13.7616,3.5767,14.1149,615.0,25198.0,3028.4297
2358,14.0276,13.5529,3.8237,15.8266,606.0,22010.0,3028.4297
2359,15.8903,13.6405,2.3001,13.0367,607.0,20036.0,3028.4297
2360,12.9766,14.2483,2.2768,15.4145,609.0,23646.0,3028.4297
2361,15.382,14.0332,2.358,13.6531,610.0,22174.0,3028.4297
2362,13.7095,13.9526,2.5707,15.5672,612.0,25250.0,3028.4297
2363,15.681,13.6125,2.6505,12.2642,610.0,23949.0,3028.4297
2364,12.0773,12.9969,2.5595,14.6847,608.0,20794.0,3028.4297
2365,14.7009,12.493,2.36,13.6801,609.0,22876.0,3028.4297
2366,13.702,13.3438,2.6294,14.8924,607.0,28972.0,3028.4297
2367,15.2259,13.8013,2.3133,13.0724,607.0,23755.0,3028.4297
2368,12.694,13.6649,2.154,12.825,606.0,20472.0,3028.4297
2369,12.8085,13.4751,1.6265,13.7409,607.0,19356.0,3028.4297
2370,13.7437,13.3374,1.8424,14.2807,607.0,18786.0,3028.4297
2371,14.2517,11.9781,2.008,14.046,605.0,20850.0,3028.4297
2372,14.0619,13.3458,2.1657,12.9193,605.0,19692.0,3028.4297
2373,13.0039,13.4395,2.076,13.7395,605.0,19140.0,3028.4297
2374,13.7362,13.2441,2.03,13.0165,607.0,18934.0,3028.4297
2375,12.9124,13.3613,1.839,14.8957,609.0,23358.0,3028.4297
2376,15.003,13.3924,2.1936,13.7007,606.0,19126.0,3028.4297
2377,13.6229,11.9955,2.166,14.36,611.0,22544.0,3028.4297
2378,14.455,13.4798,2.4314,14.2886,614.0,22882.0,3028.4297
2379,14.2595,13.7666,2.2755,14.3916,612.0,20948.0,3028.4297
2380,14.4515,13.4528,2.6629,13.9897,611.0,21225.0,3028.4297
2381,13.9815,13.9235,2.7852,15.4602,609.0,21903.0,3028.4297
2382,15.6528,12.3726,3.1582,13.7878,609.0,20920.0,3028.4297
2383,13.5595,13.1748,2.9145,13.7235,609.0,23088.0,3028.4297
2384,13.7861,14.0755,2.3897,14.4333,607.0,25664.0,3028.4297
2385,14.3584,13.8842,2.6116,13.9475,608.0,25133.0,3028.4297
2386,14.0874,13.6993,2.6309,15.093,606.0,22566.0,3028.4297
2387,15.0263,13.4901,2.6712,12.2275,607.0,25270.0,3028.4297
2388,12.4249,13.5205,2.8091,14.9655,605.0,26126.0,3028.4297
2389,14.7146,12.0775,2.4986,12.2572,607.0,26880.0,3028.4297
2390,12.2339,13.6679,3.7287,15.5133,611.0,27844.0,3028.4297
2391,15.6979,13.6463,2.8098,14.3981,606.0,20258.0,3028.4297
2392,14.2303,13.581,2.5907,12.4015,608.0,22310.0,3028.4297
2393,12.4373,13.4691,2.6473,15.2658,612.0,21020.0,3028.4297
2394,15.2929,13.5945,3.04,13.3398,609.0,22548.0,3028.4297
2395,13.2932,12.1422,4.1341,13.2962,612.0,28099.0,3028.4297
2396,13.2652,13.7686,3.4277,14.9378,610.0,21136.0,3028.4297
2397,15.0371,13.4184,2.5095,13.1332,608.0,19602.0,3028.4297
2398,13.1709,13.3263,2.5341,12.66,612.0,20626.0,3028.4297
2399,12.732,13.7101,2.9836,12.8673,609.0,21483.0,3028.4297
2400,12.719,13.0576,2.4541,16.091,607.0,19612.0,3028.4297
2401,16.0689,12.211,2.7224,12.4302,607.0,19980.0,3028.4297
2402,12.4403,13.853,2.5885,13.9235,607.0,19132.0,3028.4297
2403,13.9257,13.4367,2.3341,13.0541,609.0,20986.0,3028.4297
2404,13.0875,14.0859,2.5308,13.8473,607.0,19612.0,3028.4297
2405,13.813,13.3457,2.4318,14.4718,605.0,19588.0,3028.4297
2406,14.4869,13.5817,2.2858,17.1017,608.0,19624.0,3028.4297
2407,17.2983,12.3696,2.8196,11.7187,608.0,20624.0,3028.4297
2408,11.5917,13.9887,2.8301,13.185,606.0,22924.0,3028.4297
2409,13.0964,13.4653,2.3288,13.4707,611.0,21174.0,3028.4297
2410,13.5547,13.4859,2.3557,15.0564,614.0,21655.0,3028.4297
2411,15.0103,13.3942,2.6155,13.3235,613.0,24716.0,3028.4297
2412,13.2818,13.7764,2.4851,14.151,611.0,23661.0,3028.4297
2413,14.1652,12.3684,2.6996,14.4033,607.0,24270.0,3028.4297
2414,14.5076,12.2406,2.6664,13.2553,609.0,26604.0,3028.4297
2415,13.2218,13.3227,2.3263,13.0755,607.0,23460.0,3028.4297
2416,13.0802,13.1278,2.4769,13.0253,607.0,26152.0,3028.4297
2417,12.9401,12.8311,2.5996,14.2069,606.0,22408.0,3028.4297
2418,14.2071,13.7335,2.6158,14.4531,607.0,22948.0,3028.4297
2419,14.4507,12.3396,2.1856,13.9327,613.0,39258.0,3028.4297
2420,13.9415,13.5556,2.2696,14.9022,611.0,27082.0,3028.4297
2421,14.9554,13.8222,2.4648,13.3993,612.0,27238.0,3028.4297
2422,13.3495,13.703,2.5446,13.1547,608.0,21946.0,3028.4297
2423,13.1232,13.4469,2.3713,13.8114,606.0,22656.0,3028.4297
2424,13.9123,13.1741,2.373,13.954,608.0,23890.0,3028.4297
2425,13.9109,12.3893,2.3871,14.1282,609.0,22806.0,3028.4297
2426,14.1291,13.4907,2.5096,13.1387,610.0,21808.0,3028.4297
2427,13.1122,13.7707,2.255,14.553,614.0,21392.0,3028.4297
2428,14.5714,13.6278,2.3014,13.6542,609.0,20956.0,3028.4297
2429,13.784,13.7436,2.5752,14.3552,608.0,22596.0,3028.4297
2430,14.175,13.2445,2.4556,14.1123,613.0,25104.0,3028.4297
2431,14.2304,12.36,2.3666,13.9076,606.0,21594.0,3028.4297
2432,13.8744,13.5072,1.9987,12.2913,607.0,20932.0,3028.4297
2433,12.2896,13.3642,2.3067,16.177,608.0,23956.0,3028.4297
2434,16.1102,13.4949,2.3348,12.1496,610.0,22418.0,3028.4297
2435,12.1624,13.6099,2.7746,13.5769,606.0,25552.0,3028.4297
2436,13.6436,13.0005,2.4673,14.9199,606.0,24101.0,3028.4297
2437,14.7962,12.0374,2.0988,12.5409,605.0,20204.0,3028.4297
2438,12.5682,13.4366,2.1275,14.1801,607.0,21262.0,3028.4297
2439,14.2463,13.6756,2.1536,14.3823,607.0,27305.0,3028.4297
2440,14.4985,13.3969,2.3036,11.9231,607.0,25836.0,3028.4297
2441,11.713,13.3414,1.8319,14.4021,609.0,21252.0,3028.4297
2442,14.4292,12.4458,1.872,13.4729,612.0,19420.0,3028.4297
2443,13.5948,12.2501,2.0363,13.5338,611.0,18742.0,3028.4297
2444,13.5342,13.3341,1.8711,15.0873,610.0,20840.0,3028.4297
2445,14.9731,13.1831,2.0439,11.3691,610.0,18234.0,3028.4297
2446,11.3731,13.2983,2.1965,14.9288,608.0,20746.0,3028.4297
2447,14.9465,13.2177,2.4494,13.3483,607.0,18934.0,3028.4297
2448,13.3368,11.9901,2.4847,12.499,612.0,23346.0,3028.4297
2449,12.4803,13.3,2.065,13.9431,605.0,19114.0,3028.4297
2450,14.0594,13.5497,2.2938,13.8364,606.0,22528.0,3028.4297
2451,13.801,13.7481,2.5347,14.0178,609.0,22866.0,3028.4297
2452,13.9768,13.3577,1.9925,14.0102,608.0,20368.0,3028.4297
2453,14.0299,12.454,2.1245,14.06,609.0,21065.0,3028.4297
2454,14.0621,11.9682,2.0189,12.5862,607.0,21631.0,3028.4297
2455,12.5826,13.3929,2.0784,15.3027,609.0,21298.0,3028.4297
2456,15.2564,13.2932,2.1344,11.3885,608.0,23148.0,3028.4297
2457,11.3756,13.5521,2.0064,15.2637,610.0,25656.0,3028.4297
2458,15.295,13.2492,2.4966,13.5677,610.0,25113.0,3028.4297
2459,13.5615,12.0435,2.1204,12.7083,610.0,22570.0,3028.4297
2460,12.7033,13.4474,1.9909,15.244,609.0,24952.0,3028.4297
2461,15.3556,14.0889,1.9325,14.0959,610.0,25748.0,3028.4297
2462,14.0628,13.451,2.1885,14.0003,610.0,25378.0,3028.4297
2463,14.0177,13.6074,2.8713,13.2243,611.0,30096.0,3028.4297
2464,13.1706,13.6127,2.9293,14.1702,609.0,20294.0,3028.4297
2465,14.1302,12.0013,2.1198,13.5234,607.0,22298.0,3028.4297
2466,13.6685,13.4778,2.0274,14.7332,609.0,21028.0,3028.4297
2467,14.6197,13.3933,2.2417,12.855,606.0,23036.0,3028.4297
2468,12.9048,13.3297,2.1376,13.4907,608.0,27359.0,3028.4297
2469,13.4094,13.2893,2.2309,13.3825,606.0,21478.0,3028.4297
2470,13.4757,12.867,2.5464,14.0584,607.0,19980.0,3028.4297
2471,14.1014,12.4471,2.1302,13.8052,608.0,20552.0,3028.4297
2472,13.8389,13.3417,2.0072,13.0381,609.0,21483.0,3028.4297
2473,12.9136,13.6773,1.9902,14.0109,613.0,19640.0,3028.4297
2474,14.0518,13.5484,2.2714,13.8663,611.0,19984.0,3028.4297
2475,13.8038,13.6001,1.974,14.3863,611.0,19616.0,3028.4297
2476,14.4916,12.4983,2.22,14.6542,608.0,20952.0,3028.4297
2477,14.5859,13.0034,2.1541,12.5129,611.0,19638.0,3028.4297
2478,12.6369,13.3349,2.1397,13.8254,611.0,19638.0,3028.4297
2479,13.7017,13.3704,2.4553,13.2707,605.0,19588.0,3028.4297
2480,13.366,13.3032,2.5149,13.9867,607.0,20612.0,3028.4297
2481,13.8754,13.274,1.9691,13.4388,607.0,22936.0,3028.4297
2482,13.4237,11.8441,1.7685,12.9711,607.0,21170.0,3028.4297
2483,12.9683,13.2741,1.9796,14.6624,607.0,21615.0,3028.4297
2484,14.6814,13.2677,2.1536,12.8505,613.0,25288.0,3028.4297
2485,12.9625,13.4717,2.5018,13.5289,609.0,23659.0,3028.4297
2486,13.5562,13.4781,2.27,14.6493,607.0,24292.0,3028.4297
2487,14.5875,11.9607,2.2077,13.8292,607.0,26602.0,3028.4297
2488,13.7428,13.42,1.8952,12.5335,609.0,23436.0,3028.4297
2489,12.5344,13.4027,2.0756,15.2029,613.0,25668.0,3028.4297
2490,15.2131,13.4726,2.0901,12.2854,613.0,23440.0,3028.4297
2491,12.2473,13.3026,2.2556,14.1542,610.0,22940.0,3028.4297
2492,14.2353,13.1991,2.4067,13.3843,614.0,35912.0,3028.4297
2493,13.326,11.8951,2.1411,13.2442,610.0,30384.0,3028.4297
2494,13.2415,13.2682,2.0799,13.6697,610.0,27192.0,3028.4297
2495,13.7038,13.3853,1.8495,14.746,606.0,21922.0,3028.4297
2496,14.7515,13.2751,1.8987,12.2159,607.0,22668.0,3028.4297
2497,12.1565,13.1928,1.8474,14.294,608.0,23842.0,3028.4297
2498,14.327,12.0207,2.0094,14.1732,607.0,22874.0,3028.4297
2499,14.1783,13.0289,2.0944,12.9001,607.0,21816.0,3028.4297
2500,12.8903,13.763,2.0145,14.0199,609.0,21376.0,3028.4297
2501,14.0968,13.6858,2.4965,13.218,606.0,21470.0,3028.4297
2502,13.1046,13.4036,2.3832,14.692,608.0,22618.0,3028.4297
2503,14.7327,13.2392,2.3756,13.7909,610.0,25090.0,3028.4297
2504,13.7802,11.9941,2.3734,13.0807,607.0,21606.0,3028.4297
2505,13.148,12.8002,2.6126,13.9134,610.0,20924.0,3028.4297
2506,13.9099,13.4627,2.3179,14.3257,614.0,23450.0,3028.4297
2507,14.3579,13.6538,2.0529,12.9712,612.0,21994.0,3028.4297
2508,12.9168,13.1479,2.1731,14.5192,611.0,25994.0,3028.4297
2509,14.5267,12.8033,2.2281,13.6831,608.0,24173.0,3028.4297
2510,13.6317,12.2495,2.0606,13.0271,608.0,21210.0,3028.4297
2511,13.1483,13.5737,2.0164,15.1686,607.0,21742.0,3028.4297
2512,15.1117,13.3745,2.0452,12.3583,607.0,25761.0,3028.4297
2513,12.4392,13.5089,2.2185,14.314,607.0,27380.0,3028.4297
2514,14.2906,13.2848,2.7176,14.825,608.0,21332.0,3028.4297
2515,14.7458,13.0484,2.5307,15.4279,607.0,19404.0,3028.4297
2516,15.4262,12.5064,2.3431,12.6715,606.0,18198.0,3028.4297
2517,12.652,13.7187,2.5347,14.3088,606.0,20814.0,3028.4297
2518,14.3937,13.3382,2.6992,11.6618,606.0,17680.0,3028.4297
2519,11.6762,13.6974,2.526,14.5767,606.0,20264.0,3028.4297
2520,14.5683,13.3024,2.6249,15.2782,606.0,18394.0,3028.4297
2521,15.2581,12.6431,2.7876,14.6185,612.0,22774.0,3028.4297
2522,14.575,13.393,3.2219,13.3522,609.0,18590.0,3028.4297
2523,13.5298,14.1798,2.7709,19.3196,612.0,21980.0,3028.4297
2524,19.6102,14.1089,3.7039,10.7065,612.0,22928.0,3028.4297
2525,10.4259,13.7621,2.9457,12.3114,608.0,20826.0,3028.4297
2526,12.2131,13.5626,2.1414,13.3085,610.0,21055.0,3028.4297
2527,13.1738,13.2989,2.0536,13.7677,607.0,21425.0,3028.4297
2528,13.9193,11.9614,1.9589,14.3086,607.0,20744.0,3028.4297
2529,14.179,12.8434,1.9139,13.1563,606.0,23812.0,3028.4297
2530,13.1666,13.1715,1.94,13.8275,606.0,25652.0,3028.4297
2531,13.8227,13.3839,2.1913,12.524,608.0,25133.0,3028.4297
2532,12.6006,13.2399,1.8227,14.1406,606.0,22566.0,3028.4297
2533,14.0745,13.1659,1.6893,13.6591,606.0,24938.0,3028.4297
2534,13.6341,11.9213,1.8975,13.226,606.0,25770.0,3028.4297
2535,13.357,13.1641,1.9287,13.5042,607.0,24766.0,3028.4297
2536,13.4454,13.0732,1.9025,12.8828,609.0,28225.0,3028.4297
2537,12.8224,13.3693,2.2825,14.4912,613.0,22695.0,3028.4297
2538,14.5156,13.3708,2.1802,14.009,610.0,22290.0,3028.4297
2539,13.9988,12.3996,2.1402,12.6575,613.0,21032.0,3028.4297
2540,12.7558,13.1867,2.0146,14.0729,607.0,22658.0,3028.4297
2541,13.9773,13.4845,1.8132,13.6029,611.0,27421.0,3028.4297
2542,13.6693,13.2996,2.0763,13.3832,608.0,21320.0,3028.4297
2543,13.3158,13.1022,2.2402,13.8108,608.0,19992.0,3028.4297
2544,13.7577,11.9744,2.0645,14.562,606.0,20528.0,3028.4297
2545,14.7338,13.3287,1.9498,13.1062,612.0,21519.0,3028.4297
2546,13.0532,13.3713,2.1181,13.8238,605.0,19588.0,3028.4297
2547,13.8949,13.3615,2.038,12.2811,607.0,19980.0,3028.4297
2548,12.13,13.337,1.7126,14.6253,608.0,19624.0,3028.4297
2549,14.6473,13.1997,1.9655,13.84,609.0,20986.0,3028.4297
2550,13.8485,11.9211,1.7047,12.3805,605.0,19588.0,3028.4297
2551,12.3929,13.1935,1.9067,14.2113,606.0,19600.0,3028.4297
2552,14.3003,13.3276,2.2671,12.7195,608.0,19624.0,3028.4297
2553,12.6554,13.3793,2.2082,14.07,610.0,20604.0,3028.4297
2554,14.0503,13.2533,2.1771,14.1497,610.0,22428.0,3028.4297
2555,14.1353,11.9652,1.9638,13.2879,611.0,21674.0,3028.4297
2556,13.2891,13.3366,1.9009,13.3292,614.0,21677.0,3028.4297
2557,13.3161,13.5736,1.987,13.6415,612.0,25254.0,3028.4297
2558,13.6252,13.1654,2.0553,13.707,611.0,23311.0,3028.4297
2559,13.7462,13.4665,1.8239,13.653,606.0,24178.0,3028.4297
2560,13.6585,13.3928,2.1211,13.9864,607.0,27102.0,3028.4297
2561,13.9789,11.8966,1.8861,13.2551,608.0,23424.0,3028.4297
2562,13.2366,13.3406,1.8963,13.8774,608.0,25652.0,3028.4297
2563,13.9978,13.4443,1.9637,13.2325,606.0,23400.0,3028.4297
2564,13.0913,13.0972,2.3801,13.8348,608.0,22960.0,3028.4297
2565,13.9064,13.4933,1.9371,13.9391,612.0,35910.0,3028.4297
2566,13.9348,11.9887,1.7358,13.5778,609.0,30394.0,3028.4297
2567,13.6402,13.2061,2.236,12.7486,609.0,27202.0,3028.4297
2568,12.6172,13.33,2.0364,13.4698,608.0,21578.0,3028.4297
2569,13.5369,13.3361,2.0103,13.9509,610.0,23028.0,3028.4297
2570,13.9051,13.1437,1.7092,14.0126,609.0,23048.0,3028.4297
2571,13.9766,12.0066,1.702,13.8646,609.0,23568.0,3028.4297
2572,13.9023,13.3861,1.6748,13.0496,608.0,21806.0,3028.4297
2573,13.074,13.276,1.6097,13.8888,611.0,21378.0,3028.4297
2574,13.9204,13.4179,1.9077,13.4215,609.0,21484.0,3028.4297
2575,13.5528,12.9933,2.8394,14.3085,608.0,22090.0,3028.4297
2576,14.2092,13.1524,2.2256,14.4105,609.0,25078.0,3028.4297
2577,14.3623,12.7738,1.9556,14.3935,608.0,21298.0,3028.4297
2578,14.3738,13.4967,2.0867,13.1961,607.0,21300.0,3028.4297
2579,13.3274,13.5303,2.3377,13.4824,610.0,23446.0,3028.4297
2580,13.7033,13.4825,2.5371,13.6555,607.0,21978.0,3028.4297
2581,13.3237,13.2474,2.5321,14.4042,608.0,25872.0,3028.4297
2582,14.512,13.4964,2.7854,14.1306,610.0,24375.0,3028.4297
2583,14.0546,12.3166,2.0605,12.6874,608.0,21280.0,3028.4297
2584,12.7198,13.4339,2.0214,14.5052,606.0,21730.0,3028.4297
2585,14.4739,13.522,2.026,13.9841,611.0,25765.0,3028.4297
2586,14.0059,13.6277,2.2788,14.4025,610.0,27324.0,3028.4297
2587,14.5302,12.8507,2.3934,12.6367,610.0,19816.0,3028.4297
2588,12.4281,13.0885,2.1097,13.4943,610.0,20914.0,3028.4297
2589,13.5283,12.3285,2.2576,14.0891,608.0,18728.0,3028.4297
2590,14.1025,13.6379,2.1715,13.9959,609.0,20876.0,3028.4297
2591,13.9675,13.3309,2.1938,15.6414,608.0,18232.0,3028.4297
2592,15.6868,13.282,1.9163,11.3047,606.0,20840.0,3028.4297
2593,11.3028,13.4617,1.7974,14.6612,605.0,18910.0,3028.4297
2594,14.606,12.0537,2.0467,13.7611,610.0,23322.0,3028.4297
2595,13.8267,13.5092,2.0011,13.306,606.0,19126.0,3028.4297
2596,13.3172,13.6017,2.0188,14.3438,609.0,20828.0,3028.4297
2597,14.3514,13.7425,2.4216,13.0024,612.0,24382.0,3028.4297
2598,13.0223,13.5677,2.431,14.1636,607.0,21092.0,3028.4297
2599,14.1297,13.4186,2.2534,13.9578,608.0,21005.0,3028.4297
2600,14.0004,12.0208,2.0923,14.5379,608.0,21533.0,3028.4297
2601,14.4665,13.5776,2.1301,13.7221,611.0,20652.0,3028.4297
2602,13.7288,13.3918,2.0006,13.2597,613.0,23182.0,3028.4297
2603,13.1826,13.6323,2.1979,13.6812,609.0,25850.0,3028.4297
2604,13.7602,13.3293,2.113,12.5089,608.0,25575.0,3028.4297
2605,12.4634,13.1307,2.0285,14.6557,610.0,22314.0,3028.4297
2606,14.7239,11.9382,2.1979,12.973,610.0,25242.0,3028.4297
2607,13.05,13.2814,1.9415,13.7489,607.0,25782.0,3028.4297
2608,13.7479,13.4502,2.2907,16.2157,607.0,24766.0,3028.4297
2609,16.0999,13.4057,2.2256,11.1186,608.0,28213.0,3028.4297
2610,11.0452,13.3076,2.2487,14.3289,608.0,22679.0,3028.4297
2611,14.4212,12.0086,2.5732,13.9865,606.0,20598.0,3028.4297
2612,14.0114,13.8271,2.2861,13.3783,606.0,22680.0,3028.4297
2613,13.4478,13.1563,2.202,13.4535,606.0,22544.0,3028.4297
2614,13.3424,13.5017,2.1142,13.06,607.0,27103.0,3028.4297
2615,13.127,13.4628,2.224,13.9909,605.0,22202.0,3028.4297
2616,13.925,13.2423,2.3477,14.0331,605.0,19956.0,3028.4297
2617,14.0453,11.9747,1.9392,12.6545,610.0,20532.0,3028.4297
2618,12.6844,12.9306,1.9539,13.9819,612.0,21475.0,3028.4297
2619,14.0026,13.3973,2.0285,13.6216,615.0,19664.0,3028.4297
2620,13.6303,13.409,2.5374,14.1634,611.0,20006.0,3028.4297
2621,14.1973,13.4049,2.5461,13.579,608.0,19602.0,3028.4297
2622,13.5115,12.9784,2.2969,14.325,610.0,20976.0,3028.4297
2623,14.3025,12.4569,2.2007,13.4889,606.0,19600.0,3028.4297
2624,13.5756,13.4233,2.2254,13.3368,605.0,19060.0,3028.4297
2625,13.2928,13.236,2.3335,12.9395,607.0,19612.0,3028.4297
2626,13.0112,12.8999,2.3916,14.9836,607.0,20612.0,3028.4297
2627,14.8894,13.4041,2.5004,13.7056,607.0,22436.0,3028.4297
2628,13.7109,12.0727,2.2918,12.8005,607.0,20934.0,3028.4297
2629,12.8231,12.8546,2.2286,14.8988,608.0,21835.0,3028.4297
2630,14.9249,14.0927,2.3745,13.97,612.0,25276.0,3028.4297
2631,13.9711,13.7371,2.4139,14.3601,607.0,23285.0,3028.4297
2632,14.4079,13.3194,2.7635,13.0356,609.0,23816.0,3028.4297
2633,12.947,13.34,2.0517,13.6911,611.0,26730.0,3028.4297
2634,13.6427,11.9923,1.8966,13.4607,610.0,24130.0,3028.4297
2635,13.4852,13.3829,2.0739,13.9425,611.0,25644.0,3028.4297
2636,13.9708,13.5071,2.0715,13.6842,609.0,23462.0,3028.4297
2637,13.6453,13.345,2.4274,13.619,609.0,22950.0,3028.4297
2638,13.6235,13.3905,2.5419,13.7923,616.0,35936.0,3028.4297
2639,13.8685,13.301,2.4518,13.8593,609.0,30394.0,3028.4297
2640,13.803,12.0342,2.0778,13.8336,609.0,26674.0,3028.4297
2641,13.8963,13.3305,2.1473,14.0803,608.0,21578.0,3028.4297
2642,14.0324,13.6357,2.1299,12.8157,607.0,23036.0,3028.4297
2643,12.8448,13.2751,2.4078,13.4847,607.0,22306.0,3028.4297
2644,13.4031,13.5896,2.2499,14.77,609.0,24374.0,3028.4297
2645,14.8649,12.0086,1.8607,15.6353,607.0,21448.0,3028.4297
2646,15.6071,13.2751,2.3611,12.1311,610.0,21756.0,3028.4297
2647,12.152,13.485,2.5085,13.611,607.0,21482.0,3028.4297
2648,13.6488,13.1189,2.3555,12.3667,606.0,22594.0,3028.4297
2649,12.3032,13.6183,2.4151,13.6355,613.0,24078.0,3028.4297
2650,13.6168,13.102,2.4287,14.1459,610.0,22234.0,3028.4297
2651,14.1354,12.385,2.0898,13.5313,613.0,21376.0,3028.4297
2652,13.5558,13.3761,2.0305,13.2424,611.0,23436.0,3028.4297
2653,13.283,13.7934,2.2601,14.5645,609.0,21980.0,3028.4297
2654,14.5881,13.609,2.1944,13.5323,613.0,24924.0,3028.4297
2655,13.4294,13.0891,2.2111,14.8057,608.0,25289.0,3028.4297
2656,15.2879,13.0506,2.0153,13.2901,607.0,21268.0,3028.4297
2657,12.8268,12.2298,1.9899,13.8808,606.0,21730.0,3028.4297
2658,13.8811,13.4429,2.0625,13.1963,606.0,25749.0,3028.4297
2659,13.2114,13.2587,1.9745,12.6574,608.0,27344.0,3028.4297
2660,12.6263,12.8615,2.2748,14.0226,608.0,19884.0,3028.4297
2661,14.0469,13.0622,2.1188,13.8036,607.0,20388.0,3028.4297
2662,13.8575,12.2393,1.9353,13.7165,608.0,19262.0,3028.4297
2663,13.7261,13.6331,1.9126,14.2814,608.0,20934.0,3028.4297
2664,14.2727,13.3876,2.0451,13.9813,608.0,18184.0,3028.4297
2665,13.9095,13.4529,2.0489,12.9336,611.0,20168.0,3028.4297
2666,12.9487,13.0561,2.2413,14.1933,610.0,19662.0,3028.4297
2667,14.2354,13.0025,2.292,13.7453,612.0,23206.0,3028.4297
2668,13.7221,12.2201,1.9141,12.6564,609.0,19236.0,3028.4297
2669,12.639,13.536,1.8446,14.4085,609.0,20454.0,3028.4297
2670,14.4448,13.4209,1.9858,13.8485,615.0,24652.0,3028.4297
2671,13.9027,13.4774,2.7554,13.7022,608.0,20576.0,3028.4297
2672,13.6244,13.3672,2.252,14.026,609.0,20441.0,3028.4297
2673,14.0042,11.9776,1.9654,13.0742,606.0,21509.0,3028.4297
2674,13.1296,13.2501,2.017,14.1406,607.0,20216.0,3028.4297
2675,14.1722,13.6294,1.9447,13.8468,608.0,22950.0,3028.4297
2676,13.823,13.492,2.0798,12.9803,609.0,24340.0,3028.4297
2677,12.9044,13.5851,2.2144,14.5008,607.0,27259.0,3028.4297
2678,14.5362,13.0909,2.3497,13.7161,606.0,22288.0,3028.4297
2679,13.6877,12.2094,1.8139,13.2368,607.0,25228.0,3028.4297
2680,13.3004,13.5872,1.8608,13.7906,607.0,25414.0,3028.4297
2681,13.7737,13.2828,1.9714,14.8463,610.0,25126.0,3028.4297
2682,14.7737,13.434,2.2907,12.0029,613.0,28277.0,3028.4297
2683,12.003,13.2134,1.9218,14.3755,614.0,22707.0,3028.4297
2684,14.403,13.152,1.6476,13.0745,608.0,20136.0,3028.4297
2685,13.0824,11.9427,1.8236,13.5325,610.0,22642.0,3028.4297
2686,13.6279,13.1923,1.9154,13.8942,608.0,22546.0,3028.4297
2687,13.7927,13.2852,1.8774,12.6044,610.0,27139.0,3028.4297
2688,12.7287,12.9248,1.8591,14.0081,607.0,21746.0,3028.4297
2689,13.8587,13.1224,2.1385,13.5958,607.0,19980.0,3028.4297
2690,13.6476,11.9422,1.827,13.1388,605.0,20516.0,3028.4297
2691,13.1248,13.4062,1.8505,15.0995,608.0,21471.0,3028.4297
2692,15.1842,13.4842,1.8221,13.4326,605.0,19588.0,3028.4297
2693,13.501,13.4072,2.2562,12.8594,606.0,19968.0,3028.4297
2694,12.7428,13.6497,2.0022,14.6604,606.0,19648.0,3028.4297
2695,14.7579,11.9627,2.7728,14.207,608.0,20474.0,3028.4297
2696,14.0841,13.6457,2.0536,12.9598,608.0,20124.0,3028.4297
2697,13.0335,13.3043,2.0072,14.1225,610.0,19604.0,3028.4297
2698,14.1179,13.3712,2.315,13.1618,611.0,19616.0,3028.4297
2699,13.2401,13.5065,2.1857,14.0846,610.0,20604.0,3028.4297
2700,13.8914,13.4013,2.289,14.6396,609.0,21938.0,3028.4297
2701,14.7169,12.0223,2.2248,13.1266,609.0,21436.0,3028.4297
2702,13.0852,13.3487,1.9577,13.2347,611.0,21849.0,3028.4297
2703,13.2422,13.3112,2.0258,13.2317,609.0,25240.0,3028.4297
2704,13.2405,13.5919,1.8681,13.2819,609.0,23309.0,3028.4297
2705,13.3028,12.8875,1.7361,13.9092,609.0,23108.0,3028.4297
2706,13.9814,13.1189,2.2826,13.6742,607.0,27434.0,3028.4297
2707,13.5809,11.9898,1.826,12.7315,608.0,24150.0,3028.4297
2708,12.7282,13.217,1.9149,15.1427,608.0,25652.0,3028.4297
2709,15.2397,13.3696,1.9036,12.7492,608.0,23424.0,3028.4297
2710,12.643,13.3218,2.0582,12.9231,607.0,22948.0,3028.4297
2711,12.965,13.3161,2.0232,14.6036,612.0,32574.0,3028.4297
2712,14.5633,12.002,1.9497,15.132,610.0,30406.0,3028.4297
2713,15.223,13.3528,2.1648,13.7731,616.0,29574.0,3028.4297
2714,13.7111,13.7091,2.3242,13.6966,611.0,22574.0,3028.4297
2715,13.7027,14.4209,2.196,13.9379,609.0,22552.0,3028.4297
2716,13.9495,13.9152,2.3509,14.3968,608.0,22760.0,3028.4297
2717,14.4497,13.273,2.2745,14.9323,608.0,24340.0,3028.4297
2718,14.8567,12.0045,2.2269,13.4389,610.0,21462.0,3028.4297
2719,13.5019,13.8373,2.1843,13.6746,606.0,20704.0,3028.4297
2720,13.7145,13.584,2.2514,13.8594,606.0,21940.0,3028.4297
2721,13.889,13.5416,2.2233,13.1398,609.0,23164.0,3028.4297
2722,13.0837,13.7188,2.2338,14.351,607.0,23046.0,3028.4297
2723,14.3427,13.5951,2.0438,14.0637,608.0,23258.0,3028.4297
2724,14.0533,11.9857,2.0122,14.8649,607.0,20932.0,3028.4297
2725,14.9428,13.6592,2.1016,12.8749,609.0,23802.0,3028.4297
2726,12.7725,13.6814,1.9871,13.9178,605.0,21954.0,3028.4297
2727,13.9468,13.6085,1.9554,13.4621,609.0,24898.0,3028.4297
2728,13.3912,13.7178,2.1596,14.8906,608.0,25337.0,3028.4297
2729,15.0083,13.9005,2.6381,13.9728,611.0,21224.0,3028.4297
2730,13.8733,12.5292,2.3173,13.956,610.0,20994.0,3028.4297
2731,14.0305,13.2497,1.987,13.7524,611.0,25939.0,3028.4297
2732,13.7511,13.8774,1.7459,13.9934,608.0,27424.0,3028.4297
2733,13.99,13.5921,1.6856,13.7592,608.0,20326.0,3028.4297
2734,13.7269,13.697,2.021,14.1415,608.0,20378.0,3028.4297
2735,14.0791,13.5266,1.8176,14.0541,609.0,19322.0,3028.4297
2736,14.0763,12.5795,2.1985,13.6967,606.0,20958.0,3028.4297
2737,13.7069,12.3984,1.9625,13.4215,609.0,18148.0,3028.4297
2738,13.4409,13.4947,1.872,14.2023,605.0,20140.0,3028.4297
2739,14.1955,13.597,1.813,13.5659,606.0,19610.0,3028.4297
2740,13.5391,13.4971,1.8527,13.8686,608.0,23250.0,3028.4297
2741,13.8367,13.6862,1.9094,14.0854,608.0,19294.0,3028.4297
2742,14.2301,11.9722,2.1215,13.3648,607.0,20452.0,3028.4297
2743,13.4143,13.0166,2.0269,13.2703,612.0,24590.0,3028.4297
2744,13.1422,13.6285,1.8559,14.0646,607.0,21092.0,3028.4297
2745,14.0629,13.5353,1.8756,13.64,612.0,20961.0,3028.4297
2746,13.6519,13.4834,2.4707,14.0924,612.0,21537.0,3028.4297
2747,14.0761,13.4241,2.4342,14.1834,611.0,20748.0,3028.4297
2748,14.2799,11.9964,2.0793,12.9019,610.0,22904.0,3028.4297
2749,12.8052,13.5627,1.9194,14.7433,608.0,23756.0,3028.4297
2750,14.7624,13.7493,1.9783,14.0757,609.0,27811.0,3028.4297
2751,14.109,13.4865,2.5665,13.0399,606.0,21760.0,3028.4297
2752,12.9523,13.5324,2.2785,13.7415,606.0,25092.0,3028.4297
2753,13.8346,13.3363,2.2042,14.462,607.0,25538.0,3028.4297
2754,14.4312,12.016,1.9268,12.6866,611.0,25182.0,3028.4297
2755,12.6761,13.046,2.2843,14.4714,608.0,25961.0,3028.4297
2756,14.4849,13.5663,2.2331,12.843,609.0,24943.0,3028.4297
2757,12.8285,13.8803,2.0338,14.598,293.0,10846.0,3028.4297
2758,14.5289,13.9205,2.0177,14.1764,281.0,15172.0,3028.4297
2759,14.1993,13.3675,2.0073,13.7615,283.0,16995.0,3028.4297
2760,13.7481,11.5735,1.8951,12.8187,280.0,15208.0,3028.4297
2761,12.8596,12.7951,1.7602,13.1768,284.0,10858.0,3028.4297
2762,13.1699,12.986,1.9595,12.7881,285.0,10904.0,3028.4297
2763,12.7573,13.0174,1.9148,14.286,287.0,11847.0,3028.4297
2764,14.3128,12.8637,2.0456,13.1509,284.0,10006.0,3028.4297
2765,13.1351,11.6032,1.9555,12.7449,283.0,10362.0,3028.4297
2766,12.8106,12.7637,2.0127,12.8362,284.0,10006.0,3049.1172
2767,12.7971,12.8654,2.1158,13.3517,281.0,11342.0,3063.8047
2768,13.374,12.8528,1.8859,13.2109,281.0,9992.0,3063.8047
2769,13.2098,11.6409,1.9903,13.1896,283.0,10516.0,3063.8047
2770,13.1673,11.5517,1.8649,12.5519,281.0,12180.0,3034.4297
2771,12.5795,12.5564,2.0546,12.526,281.0,11628.0,2993.0547
2772,12.6107,12.6346,2.1974,13.4443,284.0,13685.0,2993.0547
2773,13.4172,12.3046,2.2931,12.8604,286.0,15752.0,2993.0547
2774,12.8026,11.5325,1.9253,13.0852,284.0,13285.0,2993.0547
2775,13.0826,12.4804,1.8671,13.555,282.0,17144.0,2993.0547
2776,13.5788,12.7012,1.9113,11.8823,282.0,14930.0,2993.0547
2777,11.7863,13.4875,1.7734,14.0768,288.0,15354.0,2993.0547
2778,14.2009,11.5586,2.0973,13.1039,289.0,17720.0,2993.0547
2779,13.0382,14.2944,2.0188,14.2779,287.0,11760.0,2993.0547
2780,14.2836,14.7176,1.9615,15.3138,288.0,25508.0,2993.0547
2781,15.334,14.3884,2.0847,14.2211,287.0,23166.0,2993.0547
2782,14.2172,14.6434,2.0514,14.9903,285.0,15778.0,2993.0547
2783,15.0291,14.417,2.1286,14.8545,281.0,13486.0,2993.0547
2784,14.7824,14.6911,1.9111,15.533,281.0,12478.0,2993.0547
2785,15.5288,14.3068,2.1947,14.5146,281.0,15402.0,2993.0547
2786,14.5421,12.7311,1.8777,15.826,281.0,10456.0,2993.0547
2787,15.8462,11.5848,1.8488,11.9281,284.0,12504.0,2993.0547
2788,11.9337,13.3156,1.9858,15.1934,283.0,12890.0,2993.0547
2789,15.2289,12.4953,2.0436,12.0836,285.0,15670.0,2993.0547
2790,12.0734,12.1927,2.6393,13.2196,283.0,12560.0,2993.0547
2791,13.2093,12.7658,2.2447,13.238,284.0,12194.0,2993.0547
2792,13.2452,11.8827,2.198,13.0046,283.0,14758.0,2993.0547
2793,13.0231,12.9362,2.1572,13.4069,285.0,11986.0,2993.0547
2794,13.4875,12.8384,2.3401,12.1334,286.0,14830.0,2993.0547
2795,11.9681,12.5504,1.8712,13.7423,288.0,13388.0,2993.0547
2796,13.8314,11.855,2.1205,13.3148,286.0,11174.0,2993.0547
2797,13.2458,12.2238,2.0522,13.7142,283.0,13524.0,2993.0547
2798,13.7906,12.6021,2.096,11.766,284.0,9382.0,2993.0547
2799,11.7553,12.7535,2.4112,13.4219,283.0,12238.0,2993.0547
2800,13.4657,12.4696,2.1476,12.6386,282.0,11568.0,2993.0547
2801,12.5652,11.8399,2.4666,13.3684,281.0,9032.0,2993.0547
2802,13.3722,12.8767,2.3339,13.3216,283.0,11232.0,2993.0547
2803,13.3123,12.7756,2.1358,12.4243,281.0,9532.0,2993.0547
2804,12.4828,12.0456,2.3642,13.58,282.0,8660.0,2993.0547
2805,13.5722,12.6658,2.3602,12.753,284.0,11280.0,2993.0547
2806,12.7397,11.9844,2.1316,13.5721,284.0,13620.0,2993.0547
2807,13.6131,12.7379,2.0651,12.8988,282.0,9514.0,2993.0547
2808,12.8138,12.7833,2.2617,12.4292,283.0,10456.0,2993.0547
2809,12.4371,12.653,1.9413,13.4116,290.0,16358.0,2993.0547
2810,13.3819,11.6385,2.1467,13.8939,285.0,9180.0,2993.0547
2811,13.9327,12.9351,2.0584,12.9117,288.0,11461.0,2993.0547
2812,12.9356,12.9797,2.2688,13.0197,284.0,12417.0,2993.0547
2813,12.963,12.4475,2.8282,13.0301,284.0,12166.0,2993.0547
2814,13.15,12.6645,2.448,13.0733,283.0,13110.0,2993.0547
2815,13.0007,11.8933,2.4128,12.8879,281.0,14278.0,2993.0547
2816,12.8841,12.4097,2.1554,13.1153,282.0,15513.0,2993.3047
2817,13.1138,12.6462,1.6838,13.067,283.0,17550.0,2993.3047
2818,13.0779,12.5913,2.6179,12.824,282.0,14702.0,2993.3047
2819,12.8226,11.7796,2.2144,12.7585,281.0,15526.0,2993.3047
2820,12.8105,11.5573,2.1441,13.5519,286.0,18236.0,2993.3047
2821,13.5125,12.7418,2.3183,12.6685,281.0,13328.0,2993.3047
2822,12.6971,12.8579,2.0907,12.977,283.0,13579.0,2993.3047
2823,12.8737,12.6584,1.7421,13.2349,282.0,13738.0,2993.3047
2824,13.3095,11.5082,1.7658,12.5316,283.0,10630.0,2993.3047
2825,12.5383,12.0762,2.0775,13.3542,285.0,14125.0,2993.3047
2826,13.3289,13.1065,2.2049,13.5984,285.0,16310.0,2993.3047
2827,13.7451,13.234,2.2867,13.7708,285.0,13500.0,2993.3047
2828,13.648,13.0751,2.3917,15.9667,285.0,18121.0,2993.3047
2829,15.9832,13.9296,2.4391,12.7434,284.0,12214.0,2993.3047
2830,12.7248,11.5714,2.3352,14.7406,285.0,10640.0,2993.3047
2831,14.7563,14.6515,2.0237,14.6961,282.0,10468.0,2993.3047
2832,14.728,14.5448,2.1378,15.3707,284.0,11875.0,2993.3047
2833,15.347,14.7152,2.3488,14.3772,282.0,10004.0,2993.3047
2834,14.388,14.6678,2.0953,14.4891,284.0,10396.0,2993.3047
2835,14.5104,14.9214,2.4928,15.8342,283.0,11016.0,2993.3047
2836,15.8145,14.8999,2.5184,15.3827,281.0,10438.0,2993.3047
2837,15.3212,12.8884,2.4114,15.3256,282.0,10600.0,2993.3047
2838,15.3688,14.3585,2.0112,14.8824,282.0,11692.0,2993.3047
2839,14.8981,11.5239,2.097,12.9242,282.0,11004.0,2993.3047
2840,12.9176,13.5616,2.1475,14.5051,281.0,12492.0,2993.3047
2841,14.4705,13.9259,2.0002,14.3455,291.0,14760.0,2993.3047
2842,14.4048,13.9826,2.374,14.2051,288.0,13141.0,2993.3047
2843,14.2124,14.005,2.3778,14.0105,289.0,18779.0,2993.3047
2844,13.9346,13.8616,2.1413,14.9199,287.0,15968.0,2993.3047
2845,14.9406,11.5412,1.996,14.2516,285.0,15704.0,2993.3047
2846,14.3156,12.9925,2.2812,12.839,286.0,13664.0,2993.3047
2847,12.7839,13.2359,2.0383,13.4539,284.0,15740.0,2993.3047
2848,13.4789,12.4774,2.1197,12.7514,284.0,20896.0,2993.3047
2849,12.6642,12.8237,2.3077,12.9096,284.0,19290.0,2993.3047
2850,13.0085,12.6322,2.1645,13.4412,286.0,21196.0,2993.3047
2851,13.385,11.5187,2.0741,12.669,284.0,15124.0,2993.3047
2852,12.7203,12.7396,1.8137,12.4611,282.0,12202.0,2993.3047
2853,12.4578,12.5355,1.8937,12.9942,283.0,14698.0,2993.3047
2854,12.9052,12.4893,1.9189,13.3118,282.0,12754.0,2993.3047
2855,13.304,11.5125,1.8359,12.4649,281.0,11192.0,2993.3047
2856,12.474,12.6115,1.883,13.3447,284.0,12820.0,2993.3047
2857,13.5117,12.7639,1.9374,12.7529,290.0,16500.0,2993.3047
2858,12.5899,12.6633,2.1149,13.6071,287.0,13668.0,2993.3047
2859,13.6507,12.19,2.3456,13.304,286.0,10804.0,2993.3047
2860,13.3042,11.7905,2.0363,12.9761,285.0,13980.0,2993.3047
2861,12.9712,12.7657,2.0451,13.0604,284.0,13588.0,2993.3047
2862,13.0943,12.6359,2.1107,12.3256,284.0,11756.0,2993.3047
2863,12.3197,12.5424,1.9558,13.0039,284.0,15498.0,2993.3047
2864,13.0477,11.5558,2.2098,12.9288,282.0,11280.0,2993.3047
2865,12.9271,12.7339,2.0557,13.2096,281.0,12488.0,2993.3047
2866,13.1848,12.6156,2.1962,12.8785,282.0,11894.0,2993.3047
2867,12.8943,12.8062,2.1736,12.888,282.0,10170.0,2993.3047
2868,12.8678,12.3852,2.1061,12.9182,281.0,13016.0,2993.3047
2869,12.9105,11.4775,1.8771,13.3423,281.0,10012.0,2993.3047
2870,13.3375,12.9592,1.9638,12.2588,281.0,10658.0,2993.3047
2871,12.2529,14.381,2.0986,14.7093,281.0,9342.0,2993.3047
2872,14.6565,13.7843,1.7252,14.6934,281.0,9676.0,2993.3047
2873,14.7345,12.7584,1.7667,14.3142,285.0,11138.0,2993.3047
2874,14.3633,12.998,1.8605,13.7486,287.0,10839.0,2993.3047
2875,13.7391,13.8749,2.0016,14.7736,286.0,12161.0,2993.3047
2876,14.7689,14.4369,2.2675,13.7838,283.0,10722.0,2993.3047
2877,13.8273,14.6248,2.3158,15.9292,286.0,14197.0,2993.3047
2878,15.9319,14.9327,2.3329,14.4098,286.0,11157.0,2993.3047
2879,14.4221,14.6112,3.1712,14.7759,284.0,9404.0,2993.3047
2880,14.7297,13.8834,2.5773,15.7441,285.0,11923.0,2993.3047
2881,15.7971,13.2001,2.7787,14.4313,283.0,14455.0,2993.3047
2882,14.369,13.0225,2.4234,12.6068,283.0,10484.0,2993.3047
2883,12.6234,13.3635,2.0827,14.7863,282.0,14222.0,2993.3047
2884,14.7472,14.2434,1.888,14.3387,281.0,15362.0,2993.3047
2885,14.3971,14.2011,2.1377,14.2579,282.0,17361.0,2993.3047
2886,14.2202,13.3411,2.2804,13.4619,283.0,16116.0,2993.3047
2887,13.5152,12.6799,1.9913,13.2569,282.0,12828.0,2993.3047
2888,13.2533,11.4971,2.3539,13.2294,285.0,18494.0,2993.3047
2889,13.2128,12.8517,2.1172,13.581,285.0,16738.0,2993.3047
2890,13.5912,13.0477,2.4084,12.6228,285.0,14093.0,2993.3047
2891,12.6736,12.7775,2.315,13.453,285.0,13826.0,2993.3047
2892,13.3563,12.6259,1.8568,13.7275,285.0,10018.0,2993.3047
2893,13.7518,11.5185,2.095,12.7467,285.0,14211.0,2993.3047
2894,12.791,12.7552,2.1593,12.7011,283.0,10752.0,2993.3047
2895,12.6333,12.7514,2.1797,12.4921,283.0,18330.0,2993.3047
2896,12.458,12.7436,2.6733,13.2534,281.0,14600.0,2993.3047
2897,13.2996,12.4871,2.4038,13.1127,284.0,16291.0,2993.3047
2898,13.1028,11.7753,2.1228,13.0301,282.0,10898.0,2993.3047
2899,13.0122,12.6832,1.994,12.5016,282.0,10932.0,2993.3047
2900,12.5188,12.893,2.287,13.0271,281.0,9992.0,2993.3047
2901,13.0222,12.8534,2.0781,13.8437,284.0,11875.0,2993.3047
2902,13.85,11.5283,2.0978,13.014,283.0,10112.0,2993.3047
2903,13.0281,12.8254,2.1433,13.0183,281.0,11360.0,2993.3047
2904,13.0074,13.3664,2.1464,12.8696,281.0,9992.0,2993.3047
2905,12.8899,13.9303,2.2306,14.9656,286.0,10858.0,2993.3047
2906,14.8947,14.3716,2.149,14.6411,288.0,11720.0,2993.3047
2907,14.702,12.8469,2.3068,14.022,286.0,10508.0,2993.3047
2908,13.9917,12.7907,2.0369,14.0948,283.0,12150.0,2993.3047
2909,14.1664,13.8813,2.2281,14.5684,285.0,13059.0,2993.3047
2910,14.5374,14.0195,2.2765,14.5715,285.0,12513.0,2993.3047
2911,14.6081,14.3765,2.4161,13.9563,284.0,18615.0,2993.3047
2912,13.9871,14.3105,2.6164,15.2842,284.0,18145.0,2993.3047
2913,15.2749,14.157,2.6483,14.3475,282.0,16286.0,2993.3047
2914,14.2657,12.7012,2.1589,13.2732,283.0,14110.0,2993.3047
2915,13.2799,11.5101,2.0256,13.0305,282.0,11674.0,2993.3047
2916,13.0446,12.9607,2.1686,14.4203,285.0,21544.0,2993.3047
2917,14.5128,13.4116,2.5007,14.6514,284.0,14800.0,2993.3047
2918,14.6402,13.9825,2.6098,11.839,288.0,21698.0,2993.3047
2919,11.8069,13.4252,2.3088,14.1186,283.0,19124.0,2993.3047
2920,14.1561,11.5495,2.5376,15.0343,282.0,15442.0,2993.3047
2921,15.0077,13.7443,2.5034,13.7,285.0,13410.0,2993.3047
2922,13.6493,14.3183,2.1727,14.2161,286.0,14586.0,2993.3047
2923,14.269,13.0454,2.2221,13.5692,287.0,10388.0,2993.3047
2924,13.6391,13.726,2.3601,13.5539,284.0,11740.0,2993.3047
2925,13.4382,13.7143,2.7086,14.5661,287.0,15604.0,2993.3047
2926,14.5736,12.7556,2.8396,13.8799,287.0,15318.0,2993.3047
2927,13.9006,12.2625,2.279,12.6116,283.0,11492.0,2993.3047
2928,12.607,13.6913,2.0907,14.3858,283.0,13980.0,2993.3047
2929,14.418,13.5429,2.3446,13.1553,284.0,11778.0,2993.3047
2930,13.204,13.2126,2.6322,14.8489,283.0,13406.0,2993.3047
2931,14.7697,13.3959,2.6243,13.757,283.0,13556.0,2993.3047
2932,13.871,13.0012,3.0928,14.3031,282.0,12662.0,2993.3047
2933,14.1839,12.7344,2.2204,12.4273,283.0,12330.0,2993.3047
2934,12.4003,13.6774,2.1798,14.2145,284.0,12524.0,2993.3047
2935,14.2364,13.4413,2.3223,14.1302,282.0,10910.0,2993.3047
2936,14.319,13.7705,2.3552,13.5078,281.0,11142.0,2993.3047
2937,13.3202,13.2299,2.1147,14.4465,285.0,11380.0,2993.3047
2938,14.4795,11.6582,2.1141,13.8739,286.0,11462.0,2993.3047
2939,13.8687,13.6145,2.3046,13.4101,285.0,8844.0,2993.3047
2940,13.4016,13.5174,2.2505,13.7299,283.0,9392.0,2993.3047
2941,13.7978,13.492,2.4263,13.0925,283.0,10668.0,2993.3047
2942,12.9839,13.4862,2.688,14.1308,286.0,12187.0,2993.3047
2943,14.1614,12.692,2.3774,13.715,283.0,9204.0,2993.3047
2944,13.7324,12.0185,2.1765,13.6732,282.0,13519.0,2993.3047
2945,13.6686,13.2816,2.3008,13.6126,285.0,14447.0,2993.3047
2946,13.6625,13.3496,2.3811,12.6993,283.0,10807.0,2993.3047
2947,12.7118,13.5539,2.4075,14.1307,283.0,9248.0,2993.3047
2948,14.0597,13.2148,2.5344,13.7975,281.0,9870.0,2993.3047
2949,13.831,11.6111,2.2695,13.0785,287.0,13831.0,2993.3047
2950,13.0655,13.4726,2.1636,14.2963,282.0,12703.0,2993.3047
2951,14.3462,13.0131,2.2794,13.109,282.0,11214.0,2993.3047
2952,13.0617,13.0064,2.1794,12.3395,281.0,13708.0,2993.3047
2953,12.3403,12.86,1.8837,13.202,286.0,19268.0,2993.3047
2954,13.1522,11.5901,2.0423,13.7507,286.0,15415.0,2993.3047
2955,13.8324,12.9018,2.0686,13.043,285.0,14738.0,2993.3047
2956,12.9879,13.0691,2.259,12.829,288.0,15894.0,2993.3047
2957,12.8764,12.6525,2.2262,13.5151,283.0,20396.0,2993.3047
2958,13.5095,12.9199,2.0858,13.3298,284.0,13585.0,2993.3047
2959,13.3402,11.6028,2.1464,12.6925,283.0,14818.0,2993.3047
2960,12.6461,13.0461,1.9805,13.0161,282.0,10004.0,2993.3047
2961,13.0398,12.9038,2.0383,12.9389,283.0,10630.0,2993.3047
2962,12.9071,12.9468,2.5021,14.1524,282.0,14229.0,2993.3047
2963,14.2132,12.6834,2.7848,13.6333,282.0,12980.0,2993.3047
2964,13.6198,11.8226,2.0958,12.8143,282.0,18958.0,2993.3047
2965,12.8537,12.8817,2.1802,12.0897,284.0,16483.0,2993.3047
2966,12.0963,12.8588,2.2717,13.3945,283.0,12014.0,2993.3047
2967,13.3395,12.7863,2.3094,14.0366,283.0,10480.0,2993.3047
2968,14.0264,12.1381,2.3353,13.7019,282.0,10468.0,2993.3047
2969,13.8274,11.871,3.0328,14.2323,286.0,10008.0,2993.3047
2970,14.1722,13.1438,2.7385,13.0775,289.0,11891.0,2993.3047
2971,13.042,13.1456,2.6492,12.6026,287.0,11484.0,2993.3047
2972,12.6079,12.8539,2.6488,13.176,283.0,9994.0,2993.3047
2973,13.0996,12.5671,2.1921,13.7759,284.0,10506.0,2993.3047
2974,14.0207,11.8934,3.1336,13.6674,284.0,12044.0,2993.3047
2975,13.5943,13.2515,2.9007,12.9526,281.0,10588.0,2993.3047
2976,12.8956,13.0469,2.4264,12.289,281.0,11648.0,2993.3047
2977,12.198,12.9263,2.0532,13.5276,282.0,11270.0,2993.3047
2978,13.5255,12.683,2.2397,13.493,284.0,12653.0,2993.3047
2979,13.5197,11.9848,1.9317,12.9962,286.0,17675.0,2993.3047
2980,13.0066,12.8784,2.0539,13.5895,285.0,18009.0,2993.3047
2981,13.5113,13.1505,1.964,12.5463,285.0,18321.0,2993.3047
2982,12.5243,12.4053,1.769,13.7617,284.0,14526.0,2993.3047
2983,13.9484,11.8029,2.5285,13.3262,283.0,12444.0,2993.3047
2984,13.2363,13.6007,2.2749,13.4518,284.0,14860.0,2993.3047
2985,13.446,12.9935,1.9026,12.718,288.0,17772.0,2993.3047
2986,12.7909,13.3356,2.2283,13.5267,289.0,16808.0,2993.3047
2987,13.437,13.0812,2.1169,14.5992,289.0,19998.0,2993.3047
2988,14.6394,13.3129,2.3496,13.294,286.0,19480.0,2993.3047
2989,13.3021,11.9029,2.2601,13.281,285.0,15114.0,2993.3047
2990,13.26,13.3608,2.3374,13.6058,283.0,13748.0,2993.3047
2991,13.6153,13.4216,2.3516,12.9104,282.0,13122.0,2993.3047
2992,12.8637,13.1028,2.5012,14.4837,283.0,11014.0,2993.3047
2993,14.5257,12.9467,2.276,13.5605,285.0,14544.0,2993.3047
2994,13.6031,12.1187,2.1653,13.5595,286.0,14542.0,2993.3047
2995,13.5368,13.4592,2.1418,13.0532,284.0,13076.0,2993.3047
2996,13.0053,12.9942,2.1092,12.8529,283.0,15180.0,2993.3047
2997,12.9831,12.7735,2.3085,14.1479,281.0,11472.0,2993.3047
2998,14.0604,12.689,2.0356,13.8155,283.0,12564.0,2993.3047
2999,13.9445,11.8688,2.3294,13.1214,284.0,14062.0,2993.3047
3000,12.9669,12.9286,2.0251,12.9446,282.0,11046.0,2993.3047
3001,12.9889,12.9302,2.1369,12.6245,287.0,13702.0,2993.3047
3002,12.6852,12.8795,2.1823,13.4512,286.0,13014.0,2993.3047
3003,13.3037,12.5444,1.9948,13.9818,286.0,10876.0,2993.3047
3004,14.01,11.9909,1.9826,12.8187,283.0,11740.0,2993.3047
3005,12.8299,12.6981,2.0181,12.5371,284.0,10076.0,2993.3047
3006,12.5938,12.8737,1.9559,12.6026,284.0,13148.0,2993.3047
3007,12.5496,12.5509,2.0889,13.2853,284.0,8972.0,2993.3047
3008,13.2554,11.7862,2.1012,13.7944,281.0,8888.0,2993.3047
3009,13.8278,11.5574,2.0365,12.206,282.0,11180.0,2993.3047
3010,12.2378,12.9282,1.9281,13.314,283.0,12351.0,2993.3047
3011,13.2857,12.9637,1.8726,12.9688,283.0,9156.0,2993.3047
3012,12.9634,12.6737,2.0518,13.7501,282.0,13519.0,2993.3047
3013,13.7723,11.5553,1.8633,13.6926,281.0,12470.0,2993.3047
3014,13.6831,12.9195,2.154,12.0907,286.0,12930.0,2993.3047
3015,12.078,12.8788,2.0033,13.5019,283.0,9008.0,2993.3047
3016,13.5865,12.9991,2.4509,12.8612,282.0,9834.0,2993.3047
3017,12.7834,12.7635,2.1856,13.5014,287.0,10156.0,2993.3047
3018,13.5193,11.5929,1.9297,12.2399,287.0,13577.0,2993.3047
3019,12.2134,13.0002,1.9455,13.8287,287.0,13605.0,2993.3047
3020,13.8581,12.7581,2.0872,12.6216,283.0,10606.0,2993.3047
3021,12.5627,12.7917,1.7566,13.4854,283.0,18954.0,2993.3047
3022,13.5497,13.1573,2.3797,13.4768,283.0,15998.0,2993.3047
3023,13.4728,11.6417,1.9727,12.7564,282.0,14421.0,2993.3047
3024,12.7921,12.7371,2.0756,12.6398,285.0,17798.0,2993.3047
3025,12.6789,12.7817,2.1165,13.106,281.0,16750.0,2993.3047
3026,13.0191,12.9156,2.0444,14.3964,281.0,18235.0,2993.3047
3027,14.3883,11.5628,1.9874,12.7148,281.0,13934.0,2993.3047
3028,12.7352,12.9951,2.0027,13.1864,282.0,11072.0,2993.3047
3029,13.2494,12.9289,2.0474,12.4301,281.0,10142.0,2993.3047
3030,12.3947,12.7655,2.1416,13.4282,282.0,13839.0,2993.3047
3031,13.3809,13.0993,2.2234,13.6267,284.0,13458.0,2993.3047
3032,13.6454,11.5551,2.1169,12.978,281.0,13240.0,2993.3047
3033,12.9795,12.0723,2.0656,12.923,288.0,20833.0,2993.3047
3034,12.9921,12.7837,1.9108,12.6881,287.0,12788.0,2993.3047
3035,12.5365,12.9886,2.1136,13.3654,286.0,10902.0,2993.3047
3036,13.4223,12.7554,2.2414,13.8185,283.0,10458.0,2993.3047
3037,13.9359,11.4856,2.0082,13.1516,284.0,10470.0,2993.3047
3038,13.1011,12.9699,2.0359,12.7862,286.0,11877.0,2993.3047
3039,12.8362,12.7439,2.3949,12.6733,282.0,11468.0,2993.3047
3040,12.6533,12.9928,2.2007,13.5447,281.0,9992.0,2993.3047
3041,13.4727,12.4345,2.1135,13.8816,282.0,10504.0,2993.3047
3042,13.9085,11.7469,2.065,12.5174,282.0,11692.0,2993.3047
3043,12.5526,12.9419,2.0732,12.5684,282.0,10854.0,2993.3047
3044,12.6485,13.1503,2.2272,14.0084,282.0,11160.0,2993.3047
3045,13.9394,12.8156,2.1573,12.765,282.0,11270.0,2993.3047
3046,12.7021,11.5426,2.1864,13.7982,282.0,11282.0,2993.3047
3047,13.8902,12.8784,2.2491,12.9249,284.0,17197.0,2993.3047
3048,12.9264,13.0879,2.0558,12.3471,284.0,17593.0,2993.3047
3049,12.3453,12.8568,2.3745,14.2169,288.0,14329.0,2993.3047
3050,14.1346,12.9865,2.384,13.4294,290.0,20081.0,2993.3047
3051,13.6064,11.5789,2.2801,12.2516,289.0,12876.0,2993.3047
3052,12.0554,12.9052,2.0309,13.3418,286.0,15524.0,2993.3047
3053,13.3511,12.8988,2.165,12.4769,285.0,13888.0,2993.3047
3054,12.477,12.5877,2.0425,13.5879,286.0,17328.0,2993.3047
3055,13.6313,12.6484,2.4135,13.1919,284.0,14756.0,2993.3047
3056,13.1971,11.572,1.988,13.5634,284.0,20420.0,2993.3047
3057,13.5425,12.8634,2.1541,12.7725,283.0,18196.0,2993.3047
3058,12.81,12.9241,2.0451,12.6248,283.0,16670.0,2993.3047
3059,12.5088,12.7366,1.8067,13.3833,282.0,12104.0,2993.3047
3060,13.4237,11.4947,1.9191,14.2175,282.0,13656.0,2993.3047
3061,14.231,13.0183,1.9959,11.7905,283.0,13688.0,2993.3047
3062,11.7779,12.681,1.8862,12.1748,282.0,12432.0,2993.3047
3063,12.1926,12.8428,2.2019,13.7629,284.0,13138.0,2993.3047
3064,13.795,12.7888,2.3454,13.6136,286.0,16738.0,2993.3047
3065,13.7232,11.5778,2.2943,12.8523,286.0,12702.0,2993.3047
3066,12.705,12.7756,1.9393,12.8901,287.0,11882.0,2993.3047
3067,12.9214,12.6121,2.2346,12.6793,289.0,13556.0,2993.3047
3068,12.6741,12.8891,1.9071,13.5237,285.0,11554.0,2993.3047
3069,13.5859,11.5857,2.2566,14.0261,284.0,12510.0,2993.3047
3070,13.932,11.479,2.0731,11.5753,283.0,12242.0,2993.3047
3071,11.6915,13.0635,2.0141,13.1115,282.0,13714.0,2993.3047
3072,13.1061,12.724,2.0062,13.3562,281.0,11844.0,2993.3047
3073,13.2391,12.6744,1.96,13.3214,282.0,9834.0,2993.3047
3074,13.3004,11.4867,1.9332,12.8817,282.0,11784.0,2993.3047
3075,13.0077,11.852,2.3662,13.8891,281.0,10624.0,2993.3047
3076,14.0341,12.7846,2.2829,11.8211,281.0,9128.0,2993.3047
3077,11.5577,12.6446,1.8504,13.3595,283.0,11106.0,2993.3047
3078,13.4233,12.6924,2.2196,13.1742,283.0,10845.0,2993.3047
3079,13.2027,11.5612,1.8806,13.1249,281.0,10806.0,2993.3047
3080,13.1649,13.158,2.1414,13.0848,282.0,10506.0,2993.3047
3081,13.0315,12.505,2.0692,12.7656,285.0,15295.0,2993.3047
3082,12.7152,12.9946,1.9038,13.3445,287.0,10969.0,2993.3047
3083,13.4011,11.6301,1.978,14.0591,288.0,11111.0,2993.3047
3084,14.0833,12.9847,1.978,12.9084,285.0,9560.0,2993.3047
3085,12.8495,12.896,2.027,11.9751,283.0,9346.0,2993.3047
3086,11.9987,13.0053,2.1593,13.5439,283.0,10704.0,2993.3047
3087,13.5373,12.7203,2.0426,13.3048,284.0,13777.0,2993.3047
3088,13.3741,11.5228,2.0341,12.6398,281.0,13879.0,2993.3047
3089,12.648,12.6825,2.0589,13.245,283.0,15666.0,2993.3047
3090,13.1833,12.8137,2.1568,14.9457,281.0,15328.0,2993.3047
3091,15.2681,12.987,2.6084,12.2282,281.0,15374.0,2993.3047
3092,11.9633,13.0551,2.3698,12.6543,287.0,17497.0,2993.3047
3093,12.5794,11.5066,2.0128,13.3243,281.0,15834.0,2993.3047
3094,13.3198,12.8457,1.9651,12.1526,281.0,16971.0,2993.3047
3095,12.686,12.6592,2.354,13.0272,283.0,19172.0,2993.3047
3096,12.4933,12.7267,1.8403,13.664,282.0,10212.0,2993.3047
3097,13.6889,11.5856,1.8403,13.3442,285.0,11214.0,2993.3047
3098,13.3429,12.7919,2.2177,12.7534,286.0,13293.0,2993.3047
3099,12.8374,13.1614,2.2463,12.7926,285.0,13218.0,2993.3047
3100,12.7461,13.0264,2.3117,13.3966,285.0,13720.0,2993.3047
3101,13.3184,12.7502,2.0452,14.1734,286.0,14661.0,2993.3047
3102,14.2781,11.4462,2.0579,12.8568,283.0,17476.0,2993.3047
3103,12.8196,12.7953,2.1918,13.8015,282.0,12562.0,2993.3047
3104,13.7639,13.3177,2.1213,12.455,282.0,10468.0,2993.3047
3105,12.5174,13.3696,2.3804,14.0945,282.0,10004.0,2993.3047
3106,14.0391,13.0697,2.1196,13.4707,283.0,12423.0,2993.3047
3107,13.4961,11.5237,2.0763,13.5338,281.0,11360.0,2993.3047
3108,13.5274,12.5306,2.1567,12.9463,282.0,10004.0,2993.3047
3109,12.9571,12.9274,2.0833,12.1079,282.0,10504.0,2993.3047
3110,12.149,12.7675,2.1453,14.2944,281.0,11776.0,2993.3047
3111,14.2184,13.0815,2.5597,13.2601,284.0,10528.0,2993.3047
3112,13.2593,11.5067,1.9628,13.8563,282.0,11010.0,2993.3047
3113,13.8615,11.8415,2.0637,12.9526,285.0,11150.0,2993.3047
3114,13.0128,13.1552,2.1468,12.6677,286.0,11494.0,2993.3047
3115,12.7191,13.1592,2.347,14.1811,289.0,17713.0,2993.3047
3116,14.126,13.1728,2.3104,13.3195,287.0,14806.0,2993.3047
3117,13.3426,11.4973,1.996,12.8073,285.0,14507.0,2993.3047
3118,12.7408,13.1483,2.2958,13.7963,288.0,17846.0,2993.3047
3119,13.865,13.4214,2.1274,13.2109,283.0,16432.0,2993.3047
3120,13.2995,13.082,2.3315,13.9267,284.0,16178.0,2993.3047
3121,13.764,13.1661,2.0423,13.2548,282.0,11044.0,2993.3047
3122,13.2808,11.551,2.0953,13.5237,285.0,16804.0,2993.3047
3123,13.4957,13.1612,2.1072,12.6117,282.0,14802.0,2993.3047
3124,12.6517,13.1754,2.2027,13.0044,284.0,15562.0,2993.3047
3125,13.014,12.9805,2.2733,13.368,285.0,19162.0,2993.3047
3126,13.3286,12.8205,2.1202,13.722,284.0,20230.0,2993.3047
3127,13.7369,11.5647,1.9973,12.8311,283.0,14552.0,2993.3047
3128,12.8174,13.4343,2.0679,13.445,284.0,13424.0,2993.3047
3129,13.4234,12.7009,1.8278,12.406,287.0,14772.0,2993.3047
3130,12.4329,13.1193,2.2023,14.1186,286.0,13072.0,2993.3047
3131,14.113,12.7758,2.4674,13.3035,285.0,10580.0,2993.3047
3132,13.3247,11.5896,1.8996,12.7748,288.0,16802.0,2993.3047
3133,12.8029,12.7795,2.042,13.3742,286.0,14246.0,2993.3047
3134,13.3436,12.7361,2.1637,12.113,286.0,12716.0,2993.3047
3135,12.071,12.9426,1.7747,13.9428,284.0,12306.0,2993.3047
3136,13.9382,12.7602,2.2426,13.3098,282.0,12004.0,2993.3047
3137,13.5734,11.4976,2.1726,12.3737,284.0,12444.0,2993.3047
3138,12.1166,12.8283,1.9738,13.134,281.0,10952.0,2993.3047
3139,13.148,12.8415,1.7632,13.2231,281.0,15132.0,2993.3047
3140,13.2063,12.9337,1.8377,14.0296,283.0,13118.0,2993.3047
3141,14.0494,11.5123,1.9743,12.7271,281.0,9928.0,2993.3047
3142,12.7357,12.9018,2.0604,12.0587,283.0,11508.0,2993.3047
3143,12.0258,12.6844,1.8663,13.0249,282.0,9322.0,2993.3047
3144,13.1092,12.7469,2.0131,13.7175,281.0,10720.0,2993.3047
3145,13.6868,12.8832,2.3032,13.5644,286.0,11036.0,2993.3047
3146,13.6116,11.5334,2.0345,12.4546,287.0,11017.0,2993.3047
3147,12.4774,13.0405,2.1006,13.1472,286.0,10908.0,2993.3047
3148,13.111,12.7386,2.1402,12.5817,284.0,10748.0,2993.3047
3149,12.5656,12.8263,1.8105,13.3739,285.0,12194.0,2993.3047
3150,13.4671,12.6108,1.8985,13.5837,289.0,13836.0,2993.3047
3151,13.4926,11.5418,2.0389,12.3423,282.0,9346.0,2993.3047
3152,12.3508,12.9531,2.0108,13.0745,283.0,11549.0,2993.3047
3153,13.1195,12.9959,2.2619,13.4704,282.0,9044.0,2993.3047
3154,13.4032,12.7145,1.7487,13.038,282.0,10738.0,2993.3047
3155,13.0874,11.4793,2.2057,13.4742,282.0,11332.0,2993.3047
3156,13.4774,12.8503,2.0585,12.7391,284.0,13013.0,2993.3047
3157,12.7425,12.7602,2.0099,12.9833,281.0,18591.0,2993.3047
3158,12.9412,12.871,2.7647,13.2467,281.0,12344.0,2993.3047
3159,13.2167,12.4182,2.1905,13.3911,282.0,15086.0,2993.3047
3160,13.4572,11.5947,1.8796,12.4671,286.0,18082.0,2993.3047
3161,12.3812,12.9373,1.8569,13.8241,286.0,15573.0,2993.3047
3162,13.9002,12.8792,1.8642,12.6388,285.0,17019.0,2993.3047
3163,12.5848,12.8952,1.7139,13.3945,286.0,16368.0,2993.3047
3164,13.4199,12.0035,2.015,13.9868,283.0,15844.0,2993.3047
3165,13.9901,11.6185,2.0834,12.4791,283.0,10352.0,2993.3047
3166,12.494,12.7198,2.1077,12.5233,285.0,13907.0,2993.3047
3167,12.7219,13.3283,2.3011,13.5924,281.0,13128.0,2993.3047
3168,13.3897,12.8104,2.0435,13.1698,281.0,13486.0,2993.3047
3169,13.2507,11.5156,1.9472,13.8977,284.0,14841.0,2993.3047
3170,13.9298,12.6786,2.2428,12.3575,282.0,11684.0,2993.3047
3171,12.2695,12.8383,2.1114,12.2012,282.0,17740.0,2993.3047
3172,12.2182,12.7065,1.9583,13.3938,281.0,11192.0,2993.3047
3173,13.3744,12.757,2.2061,13.7705,281.0,10552.0,2993.3047
3174,13.7476,11.5348,2.0377,12.5652,283.0,10480.0,2993.3047
3175,12.5738,12.971,2.1909,13.6972,283.0,13231.0,2993.3047
3176,13.6946,13.108,2.0768,12.8691,186.0,9196.0,2993.3047
3177,12.8547,13.4151,1.9237,14.1125,191.0,8920.0,2993.3047
3178,14.1293,13.0074,1.8034,13.5144,190.0,10006.0,2993.3047
3179,13.4991,11.4207,1.8243,12.7431,190.0,8818.0,2993.3047
3180,12.7548,12.8819,1.9225,12.5724,188.0,9322.0,2993.3047
3181,12.6375,12.7264,2.111,13.2073,188.0,9374.0,2993.3047
3182,13.1226,12.7446,1.8809,13.158,188.0,9802.0,2993.3047
3183,13.1771,11.3481,1.9742,13.2593,189.0,16519.0,2993.3047
3184,13.3322,12.7176,1.9971,12.4393,187.0,12590.0,2993.3047
3185,12.3555,12.8643,2.1251,12.3707,190.0,14698.0,2993.3047
3186,12.3899,12.8288,2.0787,13.6526,189.0,14295.0,2993.3047
3187,13.6549,12.612,2.0566,13.05,188.0,17734.0,2993.3047
3188,13.0506,11.3244,1.8158,13.3866,187.0,11182.0,2993.3047
3189,13.4291,12.7995,1.9894,12.0539,186.0,10084.0,2993.3047
3190,12.0789,12.6698,2.1965,12.7885,187.0,12590.0,2993.3047
3191,12.6935,12.7659,2.0392,13.3214,188.0,17742.0,2993.3047
3192,13.3609,11.3065,1.9229,13.178,187.0,12862.0,2993.3047
3193,13.1805,12.3628,1.9147,13.4084,192.0,18544.0,2993.3047
3194,13.4258,12.8274,1.882,11.6266,193.0,17230.0,2993.3047
3195,11.5989,12.8512,1.961,13.7883,190.0,11864.0,2993.3047
3196,13.8034,12.6817,2.0358,13.5463,189.0,13202.0,2993.3047
3197,13.5958,11.3148,1.9793,12.4666,189.0,11024.0,2993.3047
3198,12.4715,12.691,1.9697,12.576,188.0,8900.0,2993.3047
3199,12.618,12.9941,2.3176,13.1284,190.0,14258.0,2993.3047
3200,12.9828,12.9412,1.7364,13.07,190.0,13794.0,2993.3047
3201,13.1321,11.3762,1.9391,13.7693,186.0,9694.0,2993.3047
3202,13.7576,12.6204,1.9289,12.2127,187.0,10446.0,2993.3047
3203,12.2857,12.74,2.2407,12.4516,188.0,9416.0,2993.3047
3204,12.4272,12.6938,2.1846,13.6729,185.0,9820.0,2993.3047
3205,13.6623,12.7953,2.0535,13.1235,185.0,12350.0,2993.3047
3206,13.1489,11.2933,1.7697,12.3607,187.0,9864.0,2993.3047
3207,12.2868,12.8716,1.9692,13.0132,185.0,9844.0,2993.3047
3208,13.0612,12.6321,1.9941,13.0759,185.0,8100.0,2993.3047
3209,13.0221,12.7591,1.8832,13.3169,189.0,7604.0,2993.3047
3210,13.3698,11.4004,1.8749,13.5121,190.0,8638.0,2993.3047
3211,13.4878,12.7683,2.0684,13.8729,191.0,10043.0,2993.3047
3212,13.9732,12.7673,2.8165,11.2833,187.0,7458.0,2993.3047
3213,11.3776,12.6408,2.8265,13.7301,187.0,9160.0,2993.3047
3214,13.6273,12.9136,2.2463,13.6485,189.0,10580.0,2993.3047
3215,13.6027,11.7243,1.8307,13.2347,187.0,8857.0,2993.3047
3216,13.2359,13.1679,2.1794,13.9425,185.0,10157.0,2993.3047
3217,13.9946,12.7593,2.4657,12.3126,185.0,8030.0,2993.3047
3218,12.3539,12.7767,2.7065,13.0241,187.0,9145.0,2993.3047
3219,12.9006,11.9193,2.4741,14.1181,185.0,8680.0,2993.3047
3220,14.1123,11.7344,2.2844,12.0377,185.0,9658.0,2993.3047
3221,12.0813,12.9654,1.9977,13.5226,185.0,9214.0,2993.3047
3222,13.4836,12.7811,2.6374,12.5023,187.0,18408.0,2993.3047
3223,12.5853,13.0282,2.2277,14.3216,185.0,11088.0,2993.3047
3224,14.3413,12.9453,2.4412,13.3338,185.0,12192.0,2993.3047
3225,13.3131,11.768,2.5947,13.3467,194.0,16028.0,2993.3047
3226,13.277,13.0467,2.3338,13.6884,190.0,15287.0,2993.3047
3227,13.756,12.8291,2.5324,12.9002,189.0,14941.0,2993.3047
3228,12.8402,13.0069,2.7793,13.1326,188.0,14928.0,2993.3047
3229,13.2077,11.4963,2.5003,13.5783,188.0,11894.0,2993.3047
3230,13.5375,12.1576,2.1399,12.2989,187.0,10686.0,2993.3047
3231,12.2543,13.1787,2.1693,12.5745,185.0,12379.0,2993.3047
3232,12.6582,12.5963,2.4073,13.5773,185.0,10954.0,2993.3047
3233,13.5137,12.9893,2.2198,13.677,185.0,11776.0,2993.3047
3234,13.985,11.4198,2.088,12.9986,187.0,13119.0,2993.3047
3235,12.6825,12.791,2.2787,14.2719,186.0,10806.0,2993.3047
3236,14.28,13.1205,2.2166,11.9539,186.0,15198.0,2993.3047
3237,12.0581,13.4483,2.3999,14.5352,185.0,9018.0,2993.3047
3238,14.4192,12.8388,2.6566,13.8283,186.0,8294.0,2993.3047
3239,13.8873,12.3838,2.4449,13.4658,187.0,11521.0,2993.3047
3240,13.4638,12.8567,2.1976,12.8074,188.0,10476.0,2993.3047
3241,12.7976,13.0286,2.0752,15.4204,189.0,8286.0,2993.3047
3242,15.4143,12.9373,2.3324,10.9616,190.0,9452.0,2993.3047
3243,11.054,13.2241,2.2527,14.1987,189.0,8936.0,2993.3047
3244,14.099,11.4954,2.4791,12.3824,187.0,9972.0,2993.3047
3245,12.3461,13.0065,2.068,13.6209,188.0,8796.0,2993.3047
3246,13.6951,12.9582,2.2949,12.4506,187.0,9290.0,2993.3047
3247,12.4195,13.2005,2.2502,13.8958,186.0,8852.0,2993.3047
3248,13.8588,13.0707,2.1779,15.1465,185.0,10060.0,2993.3047
3249,15.1605,11.4147,2.3741,12.8913,188.0,16695.0,2993.3047
3250,12.9144,13.064,2.2839,12.9235,186.0,12558.0,2993.3047
3251,13.0172,13.517,2.457,14.5234,189.0,14510.0,2993.3047
3252,14.5864,14.0632,2.8066,13.1803,188.0,14419.0,2993.3047
3253,13.066,13.2868,2.5628,13.1884,188.0,17416.0,2993.3047
3254,13.2212,13.9292,2.7402,15.0204,188.0,10972.0,2993.3047
3255,15.0083,15.502,2.2792,15.2972,185.0,10552.0,2993.3047
3256,15.3601,11.325,2.1369,12.9801,187.0,12570.0,2993.3047
3257,12.8628,13.0859,2.1831,13.5686,190.0,14366.0,2993.3047
3258,13.5835,12.8567,2.4263,12.3128,191.0,16182.0,2993.3047
3259,12.2673,13.005,2.4804,13.4982,191.0,16824.0,2993.3047
3260,13.5092,11.3582,2.4605,13.7393,190.0,15084.0,2993.3047
3261,13.7469,12.4522,2.071,12.7372,188.0,15642.0,2993.3047
3262,12.7323,13.0948,2.2961,13.326,189.0,12420.0,2993.3047
3263,13.4164,13.4125,2.2264,13.9046,186.0,11752.0,2993.3047
3264,13.8215,12.8831,2.4472,13.1537,186.0,8510.0,2993.3047
3265,13.1291,11.4276,2.4528,13.6935,189.0,14076.0,2993.3047
3266,13.8391,12.721,2.1059,12.9016,187.0,13252.0,2993.3047
3267,12.798,13.3483,2.2056,13.538,187.0,10322.0,2993.3047
3268,13.5922,13.3519,2.2114,12.762,185.0,9880.0,2993.3047
3269,12.666,13.1669,2.1569,13.5979,187.0,10322.0,2993.3047
3270,13.6109,12.935,2.4493,13.7523,185.0,9772.0,2993.3047
3271,13.7847,11.459,2.1388,12.979,185.0,12192.0,2993.3047
3272,12.9734,13.3504,2.3095,13.8104,186.0,10010.0,2993.3047
3273,13.8172,12.6657,2.19,12.1216,190.0,9956.0,2993.3047
3274,12.2421,13.1437,2.165,13.4862,189.0,7922.0,2993.3047
3275,13.3639,12.2994,2.2374,13.408,189.0,7738.0,2993.3047
3276,13.4533,11.6064,2.0656,13.0839,187.0,8576.0,2993.3047
3277,13.0227,13.0601,2.0666,13.6626,190.0,10053.0,2993.3047
3278,13.7335,13.2488,2.2058,12.7318,187.0,7506.0,2993.3047
3279,12.7321,12.7869,2.2573,13.1527,186.0,9218.0,2993.3047
3280,13.054,11.3749,2.1165,13.1607,185.0,10602.0,2993.3047
3281,13.1929,12.9154,2.5133,13.0641,187.0,8857.0,2993.3047
3282,13.1042,12.7182,2.2433,13.0666,185.0,9951.0,2993.3047
3283,13.086,12.5483,2.2279,13.2228,185.0,8092.0,2993.3047
3284,13.1604,13.4254,2.1137,12.979,187.0,9241.0,2993.3047
3285,12.9987,11.4396,1.7812,12.7607,185.0,8632.0,2993.3047
3286,12.727,12.5779,1.9049,13.6455,185.0,9658.0,2993.3047
3287,13.679,12.792,1.9892,12.3969,185.0,9214.0,2993.3047
3288,12.3791,12.8937,2.578,13.4095,188.0,18420.0,2993.3047
3289,13.5054,12.679,2.371,13.3081,189.0,11092.0,2993.3047
3290,13.1923,11.4167,1.9762,12.9378,189.0,10474.0,2993.3047
3291,12.9636,12.8522,1.9662,12.3683,194.0,17334.0,2993.3047
3292,12.4252,12.7488,2.3761,13.3356,188.0,15653.0,2993.3047
3293,13.2925,12.7842,2.0261,13.6793,188.0,14951.0,2993.3047
3294,13.6661,11.3523,1.9445,12.0206,187.0,14916.0,2993.3047
3295,12.0275,12.631,1.9639,13.5415,185.0,11452.0,2993.3047
3296,13.5725,12.6669,2.236,11.8844,185.0,8860.0,2993.3047
3297,11.8876,12.8325,2.3764,13.0309,185.0,14423.0,2993.3047
3298,13.0051,11.292,2.1693,14.1082,185.0,11162.0,2993.3047
3299,14.1967,12.8535,2.0689,12.0062,186.0,11788.0,2993.3047
3300,12.0479,12.939,2.0575,12.93,187.0,12569.0,2993.3047
3301,12.8399,12.7932,2.4062,13.0476,185.0,11344.0,2993.3047
3302,13.1223,12.6193,2.0113,13.0537,185.0,15186.0,2993.3047
3303,12.9254,11.2876,1.8361,12.6991,185.0,9018.0,2993.3047
3304,12.7249,12.6731,2.5678,13.0267,185.0,8282.0,2993.3047
3305,12.9801,12.7069,2.3185,12.4473,192.0,11537.0,2993.3047
3306,12.4623,12.9685,2.0861,13.9037,192.0,10480.0,2993.3047
3307,13.8744,11.4461,1.9406,13.5954,189.0,8286.0,2993.3047
3308,13.6233,12.7628,2.0084,12.3422,188.0,9450.0,2993.3047
3309,12.4014,12.6998,2.1865,12.7529,188.0,8946.0,2993.3047
3310,12.8557,13.0051,2.8892,13.5547,187.0,9972.0,2993.3047
3311,13.4485,12.8503,2.0887,13.0752,185.0,8782.0,2993.3047
3312,13.1366,11.4788,1.9156,13.1453,186.0,8950.0,2993.3047
3313,13.1031,12.8357,2.0502,13.0508,186.0,8852.0,2993.3047
3314,13.0169,12.9521,1.9725,12.2177,185.0,10410.0,2993.3047
3315,12.1378,12.7051,2.0622,13.7818,188.0,16195.0,2993.3047
3316,13.8791,12.5941,2.6013,12.3145,186.0,13058.0,2993.3047
3317,12.2849,11.402,1.957,13.3456,189.0,14010.0,2993.3047
3318,13.4013,12.8404,2.0644,12.3945,186.0,13048.0,2993.3047
3319,12.4272,12.8454,2.2399,13.3759,189.0,18925.0,2993.3047
3320,13.2583,12.9339,1.9386,13.3481,186.0,11298.0,2993.3047
3321,13.4069,11.3051,2.1027,12.7073,189.0,10556.0,2993.3047
3322,12.6603,12.4589,2.0384,12.918,190.0,12562.0,2993.3047
3323,12.9715,12.6354,2.1469,12.7546,190.0,13902.0,2993.3047
3324,12.6623,12.5532,1.9331,13.1111,188.0,13296.0,2993.3047
3325,13.12,12.5082,2.1156,13.0049,190.0,20170.0,2993.3047
3326,12.9992,11.272,1.7781,12.6417,190.0,15084.0,2993.3047
3327,12.7123,12.8985,1.992,12.5901,186.0,15640.0,2993.3047
3328,13.1707,12.9428,2.7136,13.3586,186.0,12406.0,2993.3047
3329,12.7511,12.7604,2.0084,13.5005,185.0,10736.0,2993.3047
3330,13.4951,11.447,1.8743,12.9762,188.0,9538.0,2993.3047
3331,13.0236,12.7401,2.1554,12.6202,189.0,14076.0,2993.3047
3332,12.6577,12.7674,2.1643,12.3218,187.0,11880.0,2993.3047
3333,12.2251,11.8727,1.9775,13.7754,187.0,11694.0,2993.3047
3334,13.8631,11.3607,2.2031,12.9569,185.0,9512.0,2993.3047
3335,12.9292,11.8454,2.3746,13.2539,187.0,10738.0,2993.3047
3336,13.287,13.0093,2.2189,12.9914,185.0,9724.0,2993.3047
3337,13.0598,12.9154,2.2536,13.3484,190.0,10934.0,2993.3047
3338,13.2877,12.9061,2.2347,14.3709,190.0,11288.0,2993.3047
3339,14.3556,11.9554,2.5748,12.9345,189.0,9944.0,2993.3047
3340,12.911,13.0153,2.2119,12.7795,189.0,8088.0,2993.3047
3341,12.8118,12.8719,2.3312,12.9925,187.0,7592.0,2993.3047
3342,13.0298,13.1374,2.4622,13.4338,188.0,8636.0,2993.3047
3343,13.3232,12.9269,3.4439,14.1032,188.0,10051.0,2993.3047
3344,14.2557,11.6032,2.5827,11.6064,186.0,7564.0,2993.3047
3345,11.4867,12.111,1.8702,13.424,185.0,9206.0,2993.3047
3346,13.444,12.9368,2.0547,12.7107,186.0,10614.0,2993.3047
3347,12.7101,12.883,2.1006,13.7097,187.0,8905.0,2993.3047
3348,13.7043,12.8481,2.0144,14.0434,185.0,9951.0,2993.3047
3349,14.354,11.3231,2.0111,11.7195,185.0,7886.0,2993.3047
3350,11.3883,12.7855,2.5937,13.2243,188.0,9411.0,2993.3047
3351,13.266,12.9574,2.3349,12.5994,185.0,8632.0,2993.3047
3352,12.5076,12.9054,1.9261,13.9765,186.0,9574.0,2993.3047
3353,14.0168,11.4929,2.0497,13.8897,189.0,9266.0,2993.3047
3354,13.9172,12.1259,2.022,12.2131,191.0,18412.0,2993.3047
3355,12.263,12.8504,1.9609,12.8478,189.0,10724.0,2993.3047
3356,12.7936,13.0153,2.0215,12.928,188.0,10484.0,2993.3047
3357,12.8998,12.9426,1.8427,13.7769,191.0,15842.0,2993.3047
3358,13.7853,11.4837,1.8892,12.8326,187.0,16627.0,2993.3047
3359,12.8852,12.6213,2.0687,13.7643,185.0,15749.0,2993.3047
3360,13.7603,12.9429,2.001,12.2,185.0,14914.0,2993.3047
3361,12.1587,12.4623,2.0688,12.9674,186.0,11464.0,2993.3047
3362,12.9543,12.6768,1.7937,13.2513,185.0,8860.0,2993.3047
3363,13.3018,11.3265,1.9376,12.379,186.0,14435.0,2993.3047
3364,12.4173,12.8051,2.2324,13.7096,185.0,11162.0,2993.3047
3365,13.7138,12.7818,2.1691,12.4327,185.0,11776.0,2993.3047
3366,12.3894,12.7359,2.3067,12.9305,188.0,12581.0,2993.3047
3367,12.9263,11.3613,2.4284,13.896,185.0,10768.0,2993.3047
3368,13.9029,12.3425,2.4489,12.6032,185.0,15762.0,2993.3047
3369,12.607,13.0579,2.0703,12.6007,189.0,8654.0,2993.3047
3370,12.7019,12.7418,2.3891,14.6383,189.0,8654.0,2993.3047
3371,14.5321,13.087,2.2247,12.6995,192.0,11537.0,2993.3047
3372,12.7558,11.3825,2.4709,12.1177,190.0,10478.0,2993.3047
3373,12.0632,12.5553,2.2034,13.3712,188.0,8296.0,2993.3047
3374,13.4687,12.6653,2.0942,11.9912,188.0,9450.0,2993.3047
3375,11.8899,12.676,1.8889,13.7611,186.0,8944.0,2993.3047
3376,13.7637,11.402,2.1557,13.9687,185.0,9970.0,2993.3047
3377,14.0518,12.8812,2.0514,12.5759,185.0,8782.0,2993.3047
3378,12.6127,12.5923,2.398,11.5829,187.0,8962.0,2993.3047
3379,11.4932,12.5363,2.245,13.5128,185.0,8632.0,2993.3047
3380,13.5021,12.6135,1.9904,13.3878,185.0,10618.0,2993.3047
3381,13.3874,11.4258,2.134,13.5712,188.0,16195.0,2993.3047
3382,13.6031,13.0075,2.3938,12.8943,186.0,13058.0,2993.3047
3383,12.8618,12.6761,2.2604,12.8897,189.0,14010.0,2993.3047
3384,12.9076,13.3205,2.7384,14.0755,186.0,13048.0,2993.3047
3385,14.1327,12.6868,2.5982,14.3062,192.0,15581.0,2993.3047
3386,14.3697,13.5848,2.5904,15.2374,191.0,14494.0,2993.3047
3387,15.2057,12.9975,2.6785,14.9113,189.0,10712.0,2993.3047
3388,14.8743,14.4178,3.8098,13.7077,188.0,12560.0,2993.3047
3389,13.7339,13.5235,3.0112,12.642,188.0,10564.0,2993.3047
3390,13.0019,13.349,3.3975,14.3801,189.0,16644.0,2993.3047
3391,13.9805,12.621,2.8726,14.4406,189.0,20180.0,2993.3047
3392,14.4785,13.0809,2.9236,13.9954,186.0,14054.0,2993.3047
3393,13.9827,13.7256,2.4804,14.0585,188.0,16668.0,2993.3047
3394,14.0743,13.6768,2.7682,14.1346,186.0,11644.0,2993.3047
3395,14.1792,13.318,2.9164,13.7726,185.0,11498.0,2993.3047
3396,13.7236,13.3394,2.7632,12.1186,186.0,9514.0,2993.3047
3397,12.0535,13.7151,2.5014,14.8023,190.0,13720.0,2993.3047
3398,14.816,12.3727,2.3976,13.7056,187.0,12248.0,2993.3047
3399,13.7306,12.9106,2.1865,13.9252,188.0,11596.0,2993.3047
3400,13.9111,13.7359,2.3257,13.7577,185.0,9622.0,2993.3047
3401,13.8121,13.3991,2.5161,13.4427,191.0,10508.0,2993.3047
3402,13.5005,12.5668,2.6546,13.4742,189.0,9476.0,2993.3047
3403,13.4412,14.7581,2.7429,14.7213,190.0,11264.0,2993.3047
3404,14.6253,11.6142,2.0598,12.7548,188.0,11334.0,2993.3047
3405,12.7826,13.1839,2.2937,14.5557,187.0,10098.0,2993.3047
3406,14.5876,13.2795,2.401,12.8176,187.0,8112.0,2993.3047
3407,12.8412,13.6876,2.4656,14.7279,186.0,7506.0,2993.3047
3408,14.7591,13.9455,3.1098,14.7596,186.0,8730.0,2993.3047
3409,14.6843,11.9153,3.0626,12.6888,187.0,10039.0,2993.3047
3410,12.6658,12.6224,2.7963,12.1773,185.0,7552.0,2993.3047
3411,12.1606,13.118,2.0471,14.2687,185.0,9206.0,2993.3047
3412,14.2836,12.7388,2.0987,12.125,186.0,10614.0,2993.3047
3413,12.1819,13.0545,2.847,14.2428,187.0,8953.0,2993.3047
3414,14.2051,12.6932,2.6257,12.9287,186.0,9963.0,2993.3047
3415,12.9304,11.9279,2.4245,13.8167,185.0,7886.0,2993.3047
3416,13.8148,13.6922,2.4309,14.337,187.0,9351.0,2993.3047
3417,14.4058,12.8229,2.2976,12.3957,190.0,8648.0,2993.3047
3418,12.3783,12.9997,2.8156,13.3331,189.0,9470.0,2993.3047
3419,13.2829,11.9808,2.3408,14.0781,189.0,9314.0,2993.3047
3420,14.0817,11.6193,2.1657,13.1997,189.0,18410.0,2993.3047
3421,13.2176,13.3833,2.2739,13.4586,187.0,10722.0,2993.3047
3422,13.4826,13.048,2.3447,12.1317,187.0,10056.0,2993.3047
3423,12.2106,13.5277,3.2192,14.5645,189.0,15616.0,2993.3047
3424,14.4858,13.0415,2.5979,13.2155,185.0,17217.0,2993.3047
3425,13.1353,11.4224,2.5853,12.0346,186.0,15393.0,2993.3047
3426,12.0353,13.0578,2.093,13.0978,185.0,15282.0,2993.3047
3427,13.1207,12.9181,2.0993,13.7397,185.0,11452.0,2993.3047
3428,13.8174,12.7149,2.559,14.0253,186.0,8872.0,2993.3047
3429,14.034,12.5376,2.4359,13.0236,185.0,13889.0,2993.3047
3430,12.9776,12.7859,2.6755,13.5286,185.0,11696.0,2993.3047
3431,13.4689,13.1129,2.1632,13.5866,185.0,11776.0,2993.3047
3432,13.6882,13.085,2.2077,12.6624,187.0,12569.0,2993.3047
3433,12.6163,12.7728,3.0967,14.4045,189.0,10772.0,2993.3047
3434,14.3898,12.6127,2.2719,12.5568,189.0,12577.0,2993.3047
3435,12.5679,11.502,2.5471,13.9803,189.0,11843.0,2993.3047
3436,13.9952,12.8436,2.379,13.4248,187.0,8652.0,2993.3047
3437,13.438,13.3145,2.5846,12.3839,189.0,11523.0,2993.3047
3438,12.4131,13.3874,2.8909,13.8491,190.0,10478.0,2993.3047
3439,13.8301,12.4076,2.6909,14.0953,185.0,8282.0,2993.3047
3440,14.072,11.8054,2.2957,11.8386,186.0,9448.0,2993.3047
3441,11.858,13.0094,2.3001,13.8047,185.0,8932.0,2993.3047
3442,13.8235,13.456,2.5789,15.1019,186.0,9982.0,2993.3047
3443,15.1298,13.2371,2.5009,12.6966,185.0,8782.0,2993.3047
3444,12.6673,12.8745,2.9624,12.9008,185.0,8938.0,2993.3047
3445,12.8861,12.0292,3.007,14.0853,185.0,8632.0,2993.3047
3446,14.1541,13.247,2.794,13.0328,185.0,10618.0,2993.3047
3447,12.9512,13.1215,2.2907,14.0567,188.0,16195.0,2993.3047
3448,14.0955,13.2223,2.6834,14.1172,185.0,9210.0,2993.3047
3449,14.246,13.0225,3.5482,13.5794,194.0,17862.0,2993.3047
3450,13.405,11.6281,2.984,12.7473,190.0,13052.0,2993.3047
3451,12.8499,12.7661,2.8442,12.5564,192.0,15581.0,2993.3047
3452,12.486,13.573,2.9687,13.5229,189.0,14492.0,2993.3047
3453,13.6374,13.2565,2.7741,14.0822,187.0,10710.0,2993.3047
3454,13.9856,13.4143,2.9745,13.7313,188.0,12560.0,2993.3047
3455,13.7044,11.6646,2.9362,12.3448,185.0,10016.0,2993.3047
3456,12.3526,13.4716,2.5849,13.806,187.0,17176.0,2993.3047
3457,13.8534,13.3776,2.6943,13.3583,188.0,20168.0,2993.3047
3458,13.6414,13.0255,2.7704,14.5758,186.0,14054.0,2993.3047
3459,14.5534,13.026,3.1582,12.4757,187.0,16656.0,2993.3047
3460,12.1601,12.0407,2.4658,12.8079,186.0,11644.0,2993.3047
3461,12.7862,11.586,2.0483,13.4281,185.0,11374.0,2993.3047
3462,13.4145,12.8857,2.1398,12.8713,186.0,9638.0,2993.3047
3463,12.9346,13.4388,2.4906,13.3732,187.0,11676.0,2993.3047
3464,13.2942,12.7632,2.0703,13.9395,189.0,14124.0,2993.3047
3465,14.0397,11.6247,2.4319,13.819,191.0,11744.0,2993.3047
3466,13.727,12.2465,2.1995,11.8634,189.0,9674.0,2993.3047
3467,11.9155,13.1599,2.5031,13.7604,191.0,10460.0,2993.3047
3468,13.7322,13.1078,2.025,14.0903,187.0,9522.0,2993.3047
3469,14.0991,12.8476,2.6321,12.6612,187.0,10668.0,2993.3047
3470,12.656,11.8036,2.5599,13.7203,188.0,11868.0,2993.3047
3471,13.7124,13.1777,2.2637,12.9276,186.0,10156.0,2993.3047
3472,12.9563,13.095,2.5367,13.9018,185.0,8158.0,2993.3047
3473,13.8961,13.0321,2.7879,13.8472,185.0,7398.0,2993.3047
3474,13.9711,13.1986,3.0133,13.8251,185.0,8862.0,2993.3047
3475,13.728,11.9977,2.4601,14.145,189.0,9919.0,2993.3047
3476,14.1448,12.8416,2.559,12.2206,185.0,7600.0,2993.3047
3477,12.2318,13.3683,2.4223,13.8139,187.0,9278.0,2993.3047
3478,13.8141,13.0609,2.4646,12.332,185.0,10602.0,2993.3047
3479,12.2351,12.9835,2.5896,13.4097,187.0,9001.0,2993.3047
3480,13.4561,12.4254,2.5782,13.1214,187.0,7106.0,2993.3047
3481,13.1114,12.0525,2.1615,12.9519,189.0,10759.0,2993.3047
3482,12.9703,13.0604,2.1789,14.1843,192.0,9271.0,2993.3047
3483,14.2121,13.1701,2.4622,12.6268,190.0,8696.0,2993.3047
3484,12.5441,13.1532,2.7406,14.5614,188.0,9432.0,2993.3047
3485,14.6201,11.9833,2.7186,12.6518,187.0,9264.0,2993.3047
3486,12.6283,12.7056,2.3143,13.1637,190.0,18422.0,2993.3047
3487,13.1908,12.9066,2.2763,13.2743,186.0,10656.0,2993.3047
3488,13.2732,13.0198,2.4118,12.9295,185.0,10178.0,2993.3047
3489,12.8805,12.8642,2.0609,13.1029,189.0,15616.0,2993.3047
3490,13.1792,11.3991,2.5593,13.5759,185.0,17169.0,2993.3047
3491,13.5176,13.0644,2.5974,13.7016,185.0,14889.0,2993.3047
3492,13.7418,13.0873,2.4175,11.9501,185.0,15774.0,2993.3047
3493,11.9915,13.0884,2.6514,14.6959,185.0,9200.0,2993.3047
3494,14.6669,13.3422,3.049,12.7009,185.0,11112.0,2993.3047
3495,12.698,11.504,2.7282,14.5737,186.0,13901.0,2993.3047
3496,14.5895,12.8474,2.1744,11.5884,185.0,11696.0,2993.3047
3497,11.5452,12.9854,2.3111,13.9732,189.0,11412.0,2993.3047
3498,14.0353,13.533,3.0086,13.2427,192.0,12953.0,2993.3047
3499,13.2069,13.2375,2.6545,13.7673,191.0,10796.0,2993.3047
3500,13.7207,11.489,2.4873,13.6667,187.0,12575.0,2993.3047
3501,13.7655,12.3301,2.0594,13.3764,187.0,11841.0,2993.3047
3502,13.4482,13.7718,2.317,14.3166,187.0,8652.0,2993.3047
3503,14.2098,13.2039,2.3964,11.7082,187.0,11521.0,2993.3047
3504,11.6126,13.1346,2.352,13.9582,187.0,10464.0,2993.3047
3505,14.0032,12.7102,2.5254,14.1239,185.0,8282.0,2993.3047
3506,14.1647,11.6361,2.1267,12.9109,186.0,9448.0,2993.3047
3507,12.9464,13.3796,2.1762,13.3833,185.0,8932.0,2993.3047
3508,13.3184,13.2323,2.2936,12.7212,185.0,9970.0,2993.3047
3509,12.7048,13.1604,2.4216,13.6921,185.0,8782.0,2993.3047
3510,13.777,12.0742,2.4538,13.6813,185.0,8938.0,2993.3047
3511,13.6484,11.6606,2.219,14.3421,185.0,8632.0,2993.3047
3512,14.3488,13.0199,2.3918,11.7155,185.0,10618.0,2993.3047
3513,11.6995,13.0607,2.1113,12.9018,192.0,16199.0,2993.3047
3514,12.8471,12.4229,2.5267,14.1271,189.0,9214.0,2993.3047
3515,14.1743,12.7195,2.5295,13.4868,192.0,15991.0,2993.3047
3516,13.495,11.8645,2.2235,12.7912,192.0,14945.0,2993.3047
3517,12.7898,13.089,2.0754,12.844,190.0,14817.0,2993.3047
3518,12.8881,12.8012,2.1784,12.9603,190.0,14566.0,2993.3047
3519,12.8687,12.6595,2.0761,13.383,186.0,11420.0,2993.3047
3520,13.4309,11.3957,2.2136,13.3565,186.0,12558.0,2993.3047
3521,13.3258,12.8117,1.9114,12.8925,185.0,10016.0,2993.3047
3522,12.9351,12.8397,1.9098,12.0248,187.0,16808.0,2993.3047
3523,12.0435,12.5829,2.3369,13.1658,188.0,20536.0,2993.3047
3524,13.0714,12.6217,1.839,13.5391,186.0,13686.0,2993.3047
3525,13.5771,11.318,1.9783,12.6937,189.0,17048.0,2993.3047
3526,12.7279,12.6304,2.1081,12.5739,186.0,11488.0,2993.3047
3527,12.6622,12.7182,2.1012,13.0119,185.0,11530.0,2993.3047
3528,12.9097,12.7519,2.1428,13.6548,186.0,9482.0,2993.3047
3529,13.68,11.4984,2.4513,13.5864,191.0,11836.0,2993.3047
3530,13.6167,12.8436,2.7573,12.2564,192.0,14116.0,2993.3047
3531,12.211,12.7839,2.1535,12.648,191.0,11792.0,2993.3047
3532,12.7441,12.8506,2.5261,12.9192,188.0,9636.0,2993.3047
3533,12.8543,12.5659,2.2044,13.9475,189.0,10458.0,2993.3047
3534,13.9437,11.6742,2.1673,13.1765,188.0,9424.0,2993.3047
3535,13.1705,12.823,2.2461,14.1635,185.0,10084.0,2993.3047
3536,14.1905,13.8321,2.5097,12.9163,186.0,12024.0,2993.3047
3537,12.928,13.2423,2.4696,13.6826,185.0,10774.0,2993.3047
3538,13.657,12.8164,2.4362,13.2488,186.0,8218.0,2993.3047
3539,13.2051,11.5955,2.2125,12.9591,185.0,7264.0,2993.3047
3540,12.974,13.4076,2.0504,13.3576,185.0,8900.0,2993.3047
3541,13.3481,13.2124,2.1781,12.964,187.0,9943.0,2993.3047
3542,13.0459,12.7679,2.4626,13.9393,185.0,7504.0,2993.3047
3543,13.8125,12.6734,2.2333,13.2055,185.0,9302.0,2993.3047
3544,13.256,11.6938,1.999,12.4519,186.0,10710.0,2993.3047
3545,12.4022,12.7407,2.0889,13.6989,192.0,9017.0,2993.3047
3546,13.7514,13.1166,2.1059,12.5634,189.0,7086.0,2993.3047
3547,12.4755,12.982,2.0053,13.4029,190.0,10771.0,2993.3047
3548,13.5383,13.2332,2.5948,13.7198,189.0,9209.0,2993.3047
3549,13.7122,11.4371,2.0578,12.8919,187.0,8682.0,2993.3047
3550,12.8801,13.1186,2.0577,13.1844,187.0,9372.0,2993.3047
3551,13.1699,12.6491,2.0612,12.3892,185.0,9262.0,2993.3047
3552,12.3176,12.8059,1.5528,13.9472,187.0,17874.0,2993.3047
3553,13.956,11.4399,1.6725,13.5722,186.0,10774.0,2993.3047
3554,13.5787,12.4905,1.8998,12.7323,185.0,10178.0,2993.3047
3555,12.7866,13.165,2.0074,13.4397,189.0,15864.0,2993.3047
3556,13.5116,13.0264,2.5892,13.1297,185.0,17289.0,2993.3047
3557,13.0571,13.1278,2.1033,14.2986,186.0,14533.0,2993.3047
3558,14.321,11.4667,2.3753,14.1979,186.0,16154.0,2993.3047
3559,14.2017,13.4028,2.1374,11.5222,186.0,8844.0,2993.3047
3560,11.4839,13.0672,1.9562,12.6596,185.0,11480.0,2993.3047
3561,12.7533,13.0713,2.28,13.7546,190.0,13905.0,2993.3047
3562,13.6899,12.7856,2.1553,13.6399,189.0,11700.0,2993.3047
3563,13.6793,11.4248,1.9643,12.5736,189.0,11412.0,2993.3047
3564,12.5291,12.9398,1.9865,13.2329,189.0,12939.0,2993.3047
3565,13.258,12.8764,1.951,12.6577,187.0,10402.0,2993.3047
3566,12.6758,12.7939,2.248,13.0652,187.0,12575.0,2993.3047
3567,13.0039,12.6256,2.0413,13.3714,185.0,12207.0,2993.3047
3568,13.3831,11.3026,1.9789,12.7184,185.0,8650.0,2993.3047
3569,12.7486,12.881,2.4226,13.2603,187.0,11521.0,2993.3047
3570,13.2958,13.3669,2.0031,12.7267,186.0,9448.0,2993.3047
3571,12.6349,13.1066,2.0187,14.3989,186.0,9298.0,2993.3047
3572,14.5305,12.3446,2.5364,12.5698,186.0,9448.0,2993.3047
3573,12.4977,11.8366,2.0871,12.7495,185.0,8932.0,2993.3047
3574,12.7602,13.2447,1.9384,13.2038,185.0,9970.0,2993.3047
3575,13.1815,13.0717,2.3367,13.0536,185.0,8782.0,2993.3047
3576,13.1098,12.7626,2.0538,14.0846,185.0,8438.0,2993.3047
3577,14.0933,11.3348,1.9168,13.7555,189.0,9136.0,2993.3047
3578,13.6787,12.9044,2.1357,11.7056,189.0,10622.0,2993.3047
3579,11.6576,12.9422,1.9086,12.723,190.0,14328.0,2993.3047
3580,12.8116,13.0176,2.6353,13.5251,189.0,11083.0,2993.3047
3581,13.4836,12.881,2.0984,13.5368,191.0,16001.0,2993.3047
3582,13.5344,11.2915,1.9123,12.5458,190.0,14421.0,2993.3047
3583,12.582,12.8692,1.9655,13.3349,188.0,15315.0,2993.3047
3584,13.3477,12.89,1.9377,12.4708,188.0,14266.0,2993.3047
3585,12.3925,12.2434,1.9046,13.5707,185.0,11356.0,2993.3047
3586,13.6041,11.3263,2.2514,13.4179,185.0,9560.0,2993.3047
3587,13.412,11.3711,1.8166,14.1252,186.0,13364.0,2993.3047
3588,14.1924,13.4161,2.1417,14.3635,187.0,16808.0,2993.3047
3589,14.5198,13.9784,2.6099,14.0223,188.0,18848.0,2993.3047
3590,13.893,14.6039,2.6528,13.5348,186.0,13686.0,2993.3047
3591,13.453,12.873,2.2629,13.4794,189.0,18528.0,2993.3047
3592,13.5143,11.4487,2.6709,13.4811,186.0,11696.0,2993.3047
3593,13.4547,12.6429,1.9522,12.171,189.0,11166.0,2993.3047
3594,12.1966,13.0025,1.9636,12.8598,190.0,8850.0,2993.3047
3595,12.9095,12.9448,2.3125,13.8265,193.0,12496.0,2993.3047
3596,13.7415,12.6946,2.32,13.1197,190.0,14332.0,2993.3047
3597,13.149,11.6115,2.0463,16.0744,189.0,11572.0,2993.3047
3598,16.1066,13.9717,2.3514,12.8231,842.0,132029.0,2993.3047
3599,12.7655,14.5828,2.0816,14.0308,363.0,64022.0,2993.3047
3600,14.1226,13.9329,2.4576,12.9223,277.0,12168.0,2993.3047
3601,12.8233,13.1549,2.9419,13.9931,277.0,10942.0,2993.3047
3602,14.0463,13.1852,2.1995,14.0642,276.0,11652.0,2993.3047
3603,14.0752,11.3625,2.0028,13.7215,278.0,14116.0,2993.3047
3604,13.827,13.16,2.5637,13.6159,276.0,11734.0,2993.3047
3605,13.6649,13.0209,2.5512,12.0078,277.0,9738.0,2993.3047
3606,11.9447,13.0842,2.6241,13.9612,277.0,9404.0,2993.3047
3607,13.95,12.1756,2.6016,16.3612,277.0,9920.0,2993.3047
3608,16.3738,11.8577,2.2938,10.4558,277.0,11451.0,2993.3047
3609,10.4387,13.1971,2.6658,12.7682,280.0,10812.0,2993.3047
3610,12.7283,12.9809,2.1104,12.5298,281.0,10742.0,2993.3047
3611,12.5784,12.9607,2.4101,13.5122,283.0,10618.0,2993.3047
3612,13.4871,12.9258,2.1757,13.9318,279.0,10559.0,2993.3047
3613,13.9847,11.3443,2.232,12.6964,277.0,9348.0,2993.3047
3614,12.7664,12.7589,2.2068,12.6043,278.0,11377.0,2993.3047
3615,12.4594,12.7684,2.0124,12.5549,277.0,12385.0,2993.3047
3616,12.5307,12.6341,1.8038,13.2296,275.0,8950.0,2993.3047
3617,13.2663,11.3405,2.1856,14.3407,276.0,11962.0,2993.3047
3618,14.3769,11.8374,2.1076,13.1286,277.0,14304.0,2993.3047
3619,13.1047,12.7857,1.9252,11.7716,279.0,17052.0,2993.3047
3620,11.8077,12.8165,1.9788,12.9691,276.0,11618.0,2993.3047
3621,12.9464,12.5536,1.9521,13.0111,280.0,15642.0,2993.3047
3622,13.0093,11.2566,1.6827,12.3678,277.0,14898.0,2993.3047
3623,12.381,12.63,1.957,12.9906,279.0,19920.0,2993.3047
3624,12.9253,12.502,1.8092,12.4224,276.0,14540.0,2993.3047
3625,12.3841,12.522,1.5632,13.2182,279.0,15530.0,2993.3047
3626,13.3083,11.3369,1.9076,12.9375,280.0,12902.0,2993.3047
3627,12.9273,12.903,2.0163,13.4031,280.0,16405.0,2993.3047
3628,13.4485,12.5849,2.0798,12.5512,278.0,14162.0,2993.3047
3629,12.5512,12.9485,2.0575,13.9482,279.0,14677.0,2993.3047
3630,13.9333,11.7964,2.1634,12.2959,278.0,12610.0,2993.3047
3631,12.343,12.0904,2.2644,12.5622,277.0,17806.0,2993.3047
3632,12.4985,12.4807,1.9159,13.1174,276.0,10954.0,2993.3047
3633,13.137,12.9699,2.1744,12.8007,278.0,9874.0,2993.3047
3634,12.7534,12.7188,1.8778,13.2581,278.0,13089.0,2993.3047
3635,13.305,11.2892,1.8408,12.6756,276.0,9850.0,2993.3047
3636,12.7036,12.5055,2.0784,12.5012,276.0,9850.0,2993.3047
3637,12.4396,12.5062,2.0493,12.2389,278.0,12062.0,2993.3047
3638,12.2038,12.5128,1.822,13.3437,276.0,10350.0,2993.3047
3639,13.5325,11.3014,3.0265,12.9656,277.0,9862.0,2993.3047
3640,12.8069,12.7949,1.8857,12.4375,277.0,10868.0,2993.3047
3641,12.5379,12.8136,2.1607,13.1585,281.0,11066.0,2993.3047
3642,13.122,12.8792,2.1169,13.0812,280.0,14826.0,2993.3047
3643,13.0675,12.644,2.0705,13.4989,282.0,14347.0,2993.3047
3644,13.4914,11.2698,1.8253,13.8383,281.0,18057.0,2993.4297
3645,13.9773,12.8676,2.348,12.6206,280.0,15059.0,2993.4297
3646,12.4859,12.7909,2.0714,12.0947,282.0,17447.0,2993.4297
3647,12.0199,12.2394,1.4973,13.5968,278.0,16034.0,2993.4297
3648,13.6633,11.3446,2.0299,13.7174,276.0,11118.0,2993.4297
3649,13.7322,12.1486,2.101,12.1707,278.0,13114.0,2993.4297
3650,12.149,12.781,2.1207,12.8676,277.0,14932.0,2993.4297
3651,12.9737,12.8005,2.4166,13.3673,280.0,18400.0,2993.4297
3652,13.2843,12.8091,2.1756,12.9472,279.0,20416.0,2993.4297
3653,12.9448,11.3469,2.1046,12.538,277.0,15254.0,2993.4297
3654,12.5658,12.7882,2.3798,15.2568,278.0,20440.0,2993.4297
3655,15.2208,13.0244,2.2239,11.2631,278.0,13372.0,2993.4297
3656,11.284,12.7397,2.3591,13.4656,275.0,12330.0,2993.4297
3657,13.4263,12.5019,2.0625,13.2999,282.0,12888.0,2993.4297
3658,13.3339,11.413,2.0517,12.4761,282.0,12360.0,2993.4297
3659,12.5056,13.032,2.1628,13.7658,286.0,16660.0,2993.4297
3660,13.7544,12.7941,2.1553,12.276,280.0,11864.0,2993.4297
3661,12.2582,12.7488,1.8095,13.1551,279.0,12562.0,2993.4297
3662,13.1332,11.3553,2.0242,12.4164,277.0,19416.0,2993.4297
3663,12.4693,12.5514,1.968,13.1321,277.0,12692.0,2993.4297
3664,13.1471,12.5673,2.3016,13.4674,276.0,11706.0,2993.4297
3665,13.4965,12.7448,2.7374,13.3783,275.0,9838.0,2993.4297
3666,13.3321,11.4194,3.2325,13.4467,278.0,11374.0,2993.4297
3667,13.4763,11.8249,2.4515,13.3406,276.0,36806.0,2993.4297
3668,13.3225,12.8407,2.7653,13.5257,276.0,11888.0,2993.4297
3669,13.518,13.0263,2.5338,11.1914,277.0,9924.0,2993.4297
3670,11.1503,13.0055,2.2703,14.431,277.0,10764.0,2993.4297
3671,14.5678,11.4756,2.7273,13.9201,276.0,57254.0,2993.4297
3672,13.8429,12.7737,2.2501,11.5184,277.0,11084.0,2993.4297
3673,11.5385,12.8001,2.6781,12.4558,281.0,10844.0,2993.4297
3674,12.5745,12.8649,2.7987,14.1962,281.0,11708.0,2993.4297
3675,14.0541,12.8303,2.6791,13.6821,280.0,13736.0,2993.4297
3676,13.6969,11.3969,2.8388,12.0555,279.0,13290.0,2993.4297
3677,12.0069,12.8423,2.8723,13.3682,278.0,10124.0,2993.4297
3678,13.4772,12.7178,2.355,12.2238,278.0,9634.0,2993.4297
3679,12.2591,12.7193,2.7799,14.4134,277.0,8758.0,2993.4297
3680,14.3384,11.825,2.5566,12.5791,279.0,11743.0,2993.4297
3681,12.5503,12.2051,2.2639,15.0312,275.0,11642.0,2993.4297
3682,15.0782,12.8507,2.5236,9.8143,275.0,10508.0,2993.4297
3683,9.7822,13.115,2.3211,12.903,276.0,10736.0,2993.4297
3684,12.8656,12.7797,2.1872,14.2363,275.0,8830.0,2993.4297
3685,14.2451,11.4425,2.129,12.8183,277.0,10509.0,2993.4297
3686,12.8453,13.2882,2.1847,13.9867,275.0,9154.0,2993.4297
3687,14.0216,12.8602,2.0901,14.1289,275.0,13033.0,2993.4297
3688,14.0442,12.5892,1.9818,11.0587,278.0,11135.0,2993.4297
3689,11.0612,12.1056,1.8469,13.8312,280.0,9870.0,2993.4297
3690,13.8564,11.3142,2.4371,12.9872,282.0,15548.0,2993.4297
3691,13.0209,12.9274,2.2482,13.812,280.0,11894.0,2993.4297
3692,13.8551,13.0009,2.358,11.2179,281.0,16940.0,2993.4297
3693,11.1275,12.8468,2.273,14.2991,281.0,15322.0,2993.4297
3694,14.3805,12.7621,2.9599,14.3256,278.0,11424.0,2993.4297
3695,14.244,12.0433,2.0878,12.4008,277.0,17231.0,2993.4297
3696,12.4763,12.831,2.5714,11.9996,275.0,17955.0,2993.4297
3697,11.9812,13.1756,2.2217,13.4199,276.0,13866.0,2993.4297
3698,13.4231,12.5227,2.5467,13.417,276.0,17300.0,2993.4297
3699,13.3493,11.7631,2.3482,14.0349,277.0,11174.0,2993.4297
3700,14.0493,12.6521,2.2222,12.2473,276.0,18199.0,2993.4297
3701,12.2936,12.746,2.2633,12.5893,275.0,12718.0,2993.4297
3702,12.6009,13.1109,2.3367,13.4889,279.0,13937.0,2993.4297
3703,13.4986,12.9247,2.5928,14.0933,275.0,16803.0,2993.4297
3704,14.0112,11.5674,2.4025,12.945,275.0,13393.0,2993.4297
3705,13.0288,12.5782,2.1609,12.5703,281.0,10602.0,2993.4297
3706,12.5339,12.8355,1.9422,13.1153,281.0,10366.0,2993.4297
3707,13.306,12.9447,2.2856,13.2444,283.0,12605.0,2993.4297
3708,13.1295,13.1566,2.5298,13.2329,278.0,9852.0,2993.4297
3709,13.197,11.2661,2.5027,14.3876,277.0,11528.0,2993.4297
3710,14.4116,13.0514,2.6053,11.5036,279.0,10864.0,2993.4297
3711,11.4498,12.7738,2.4994,12.8974,275.0,9838.0,2993.4297
3712,12.8419,12.8051,2.3298,13.3435,276.0,10700.0,2993.4297
3713,13.4067,11.3149,2.2994,13.3212,276.0,10356.0,2993.4297
3714,13.3477,11.9893,2.0064,12.1343,277.0,14548.0,2993.4297
3715,12.1209,12.7451,2.4146,12.8953,278.0,12857.0,2993.4297
3716,12.8567,12.7352,2.5942,14.3242,277.0,18306.0,2993.4297
3717,14.3276,12.6273,2.1133,11.8565,281.0,17440.0,2993.4297
3718,11.8369,11.2836,2.312,13.8635,279.0,16171.0,2993.4297
3719,13.8753,12.8235,2.0312,11.9912,278.0,15162.0,2993.4297
3720,12.1389,12.8359,2.5081,14.0931,279.0,12976.0,2993.4297
3721,14.1589,12.961,2.9143,12.3333,280.0,11278.0,2993.4297
3722,12.1628,11.5639,2.8205,14.5322,279.0,13704.0,2993.4297
3723,14.5807,12.9384,2.358,13.0555,282.0,19886.0,2993.4297
3724,13.0946,13.0596,2.6845,14.6462,279.0,16588.0,2993.4297
3725,14.5681,12.8124,2.2671,11.7583,281.0,20916.0,2993.4297
3726,11.7615,12.6961,2.7763,11.9641,277.0,11408.0,2993.4297
3727,11.9515,11.2685,2.4936,13.2054,279.0,20238.0,2993.4297
3728,13.2359,12.8315,2.1745,13.4481,276.0,12274.0,2993.4297
3729,13.3595,12.8037,2.0573,11.9265,277.0,14082.0,2993.4297
3730,11.9696,12.7044,2.9738,13.0689,276.0,11706.0,2993.4297
3731,13.0585,11.8148,2.8713,13.5772,277.0,13278.0,2993.4297
3732,13.6374,11.4871,2.1893,13.0367,278.0,15120.0,2993.4297
3733,13.0749,13.0197,2.2508,13.2242,278.0,11712.0,2993.4297
3734,13.1636,12.774,2.1361,12.0125,277.0,20130.0,2993.4297
3735,11.923,12.5648,1.7849,13.2167,275.0,14524.0,2993.4297
3736,13.2762,11.4149,2.2164,14.384,276.0,11706.0,2993.4297
3737,14.3865,12.9373,2.1431,12.4442,279.0,9842.0,2993.4297
3738,12.4332,12.8838,2.1832,13.2147,272.0,9450.0,2993.4297
3739,13.29,12.9863,2.4481,12.7918,280.0,15350.0,2993.4297
3740,12.7666,12.6174,2.3087,13.3818,279.0,33020.0,2993.4297
3741,13.3998,11.674,2.2941,14.1046,278.0,11570.0,2993.4297
3742,14.0871,12.9697,2.3824,13.9789,279.0,10294.0,2993.4297
3743,14.0214,13.2934,2.5456,13.711,276.0,31312.0,2993.4297
3744,13.716,12.6957,2.3457,10.8505,275.0,36634.0,2993.4297
3745,10.8079,11.9533,2.8709,13.2086,277.0,10802.0,2993.4297
3746,13.1995,11.5228,2.5878,13.6689,278.0,11724.0,2993.4297
3747,13.7778,13.0035,2.3391,13.332,277.0,12422.0,2993.4297
3748,13.2234,12.8545,2.2438,12.3849,275.0,12482.0,2993.4297
3749,12.9677,13.0457,2.3902,12.716,277.0,13446.0,2993.4297
3750,12.1451,11.3619,2.5203,13.8029,275.0,9882.0,2993.4297
3751,13.7907,12.8864,2.3106,12.9832,276.0,9120.0,2993.4297
3752,12.9582,12.9039,1.9995,12.6613,277.0,10509.0,2993.4297
3753,12.7228,12.8957,2.5328,12.4696,281.0,11612.0,2993.4297
3754,12.3477,12.9703,2.1077,13.6806,279.0,10006.0,2993.4297
3755,13.7325,11.4684,2.0421,15.91,281.0,12176.0,2993.4297
3756,16.0314,13.1726,2.3917,11.5998,279.0,9062.0,2993.4297
3757,11.6132,12.8573,2.5636,13.5717,277.0,8832.0,2993.4297
3758,13.4786,13.3477,2.3908,13.6807,280.0,11025.0,2993.4297
3759,13.6699,13.5199,3.2259,14.2195,278.0,8832.0,2993.4297
3760,14.3618,11.8878,3.2875,12.8075,276.0,12949.0,2993.4297
3761,12.6518,13.3086,2.4845,14.1223,277.0,12051.0,2993.4297
3762,14.1936,12.4866,2.3148,11.771,276.0,9034.0,2993.4297
3763,11.7735,13.3025,2.2966,13.627,275.0,16712.0,2993.4297
3764,13.5535,12.8133,2.6132,13.4186,276.0,11274.0,2993.4297
3765,13.4552,11.6701,2.8061,13.0212,280.0,19591.0,2993.4297
3766,13.0262,13.0569,2.3898,13.4552,279.0,12187.0,2993.4297
3767,13.4243,13.132,2.2133,13.9713,276.0,14611.0,2993.4297
3768,14.0525,13.1339,2.8594,12.219,275.0,15610.0,2993.4297
3769,12.1205,12.9082,1.9974,14.044,282.0,18995.0,2993.4297
3770,14.0939,11.4126,2.4786,13.2435,281.0,11290.0,2993.4297
3771,13.2271,12.2005,2.5746,13.7275,279.0,18028.0,2993.4297
3772,13.7866,13.0301,2.6031,12.6267,277.0,13938.0,2993.4297
3773,12.6241,12.9533,2.4946,12.4744,279.0,15059.0,2993.4297
3774,12.3915,13.0731,1.9628,14.498,281.0,14247.0,2993.4297
3775,14.5182,11.2615,2.0787,12.7085,277.0,16087.0,2993.4297
3776,12.6869,12.9257,2.3382,13.4205,276.0,13162.0,2993.4297
3777,13.497,13.2347,2.1517,13.4944,277.0,13049.0,2993.4297
3778,13.7409,12.986,3.2092,13.2522,275.0,10574.0,2993.4297
3779,12.9785,13.2449,3.2593,12.7198,276.0,10350.0,2993.4297
3780,12.7507,11.5611,2.5485,13.1422,277.0,12577.0,2993.4297
3781,13.0931,13.2747,2.1318,13.6516,278.0,9874.0,2993.4297
3782,13.7245,13.0061,2.2201,15.7594,275.0,11526.0,2993.4297
3783,15.7214,13.0196,2.0057,11.5658,276.0,10850.0,2993.4297
3784,11.6536,12.3736,2.6488,13.2301,275.0,10188.0,2993.4297
3785,13.153,11.8833,2.7718,14.269,280.0,10704.0,2993.4297
3786,14.3244,13.3178,2.5774,11.8877,282.0,13870.0,2993.4297
3787,11.8694,12.7908,2.8675,11.9741,286.0,12623.0,2993.4297
3788,11.9853,12.8097,2.4672,13.7489,278.0,11584.0,2993.4297
3789,13.6519,12.7361,2.3485,13.3368,279.0,21048.0,2993.4297
3790,13.3972,11.5911,2.0593,12.8916,283.0,14418.0,2993.4297
3791,12.7848,12.8295,2.0538,12.6162,279.0,16621.0,2993.4297
3792,12.6666,12.6746,2.1433,12.4158,277.0,14852.0,2993.4297
3793,12.3812,12.599,1.9522,13.3821,276.0,12774.0,2993.4297
3794,13.4076,11.3777,2.2194,13.3927,276.0,11974.0,2993.4297
3795,13.387,12.7376,2.0479,12.1125,277.0,16062.0,2993.4297
3796,12.0945,12.588,2.002,12.541,279.0,19894.0,2993.4297
3797,12.5735,12.6963,1.8461,13.1133,276.0,18262.0,2993.4297
3798,13.167,12.7702,2.0596,13.439,278.0,16982.0,2993.4297
3799,13.4102,11.2317,2.2964,12.5557,275.0,10302.0,2993.4297
3800,12.5683,12.9834,2.1128,14.0969,280.0,20374.0,2993.4297
3801,14.0756,12.7147,2.1463,12.4845,279.0,12142.0,2993.4297
3802,12.4763,12.6347,2.2555,12.4206,281.0,14778.0,2993.4297
3803,12.3868,11.2546,2.4248,12.6547,280.0,11434.0,2993.4297
3804,12.655,12.7776,2.0053,12.8648,281.0,13892.0,2993.4297
3805,12.8919,12.5501,2.3419,12.8719,280.0,14268.0,2993.4297
3806,12.9045,12.3736,2.168,14.2271,279.0,12556.0,2993.4297
3807,14.1979,12.1642,2.161,12.605,278.0,19602.0,2993.4297
3808,12.692,11.4177,1.971,13.0214,275.0,14524.0,2993.4297
3809,13.053,12.7504,2.0989,12.0901,276.0,11242.0,2993.4297
3810,12.0555,12.7758,2.2409,13.0022,275.0,9838.0,2993.4297
3811,12.8815,12.7544,1.623,13.5253,262.0,9306.0,2993.4297
3812,13.5884,11.249,1.7543,12.7724,276.0,15692.0,2993.4297
3813,12.7507,12.6866,2.0671,12.9594,275.0,32476.0,2993.4297
3814,12.9507,13.0102,2.0992,12.5449,276.0,11616.0,2993.4297
3815,12.8386,12.592,2.4628,13.8267,277.0,10292.0,2993.4297
3816,13.527,12.539,2.0481,13.4008,276.0,31264.0,2993.4297
3817,13.4702,11.8172,2.0599,12.8441,281.0,36710.0,2993.4297
3818,12.8305,12.6525,2.0429,13.6166,280.0,10856.0,2993.4297
3819,13.6034,12.5926,2.1526,11.643,282.0,12356.0,2993.4297
3820,11.561,12.7416,1.9342,12.9854,278.0,12138.0,2993.4297
3821,13.0317,11.4014,2.0601,12.8579,277.0,11924.0,2993.4297
3822,12.8624,12.766,2.024,13.4793,280.0,13556.0,2993.4297
3823,13.5709,12.6782,2.1567,12.1835,276.0,9884.0,2993.4297
3824,12.0899,12.6405,2.3308,13.4496,276.0,9082.0,2993.4297
3825,13.4806,11.9746,2.3564,13.4599,279.0,10485.0,2993.4297
3826,13.4827,11.2923,2.3856,12.2333,276.0,11644.0,2993.4297
3827,12.2678,12.6679,2.2928,12.9455,276.0,10014.0,2993.4297
3828,12.864,12.6354,1.6931,12.9107,276.0,12208.0,2993.4297
3829,12.9339,12.5714,1.7954,12.9662,277.0,9060.0,2993.4297
3830,12.9432,11.2638,2.0887,12.3488,278.0,8818.0,2993.4297
3831,12.3445,12.7282,2.2584,13.4902,278.0,11023.0,2993.4297
3832,13.7129,12.6203,2.0741,11.9105,277.0,8868.0,2993.4297
3833,11.7192,12.6094,1.5168,13.2286,280.0,13369.0,2993.4297
3834,13.2739,11.376,1.7175,13.4762,281.0,11639.0,2993.4297
3835,13.3663,11.3274,1.8259,12.1285,280.0,11382.0,2993.4297
3836,12.2166,12.7605,2.4083,12.7697,279.0,14442.0,2993.4297
3837,12.7788,12.9253,2.2538,14.2038,277.0,11584.0,2993.4297
3838,14.1703,12.5344,2.1677,12.6749,281.0,19539.0,2993.4297
3839,12.7262,11.5071,2.0592,12.7633,278.0,12585.0,2993.4297
3840,12.7255,13.0693,1.997,13.9713,278.0,13947.0,2993.4297
3841,14.0182,12.4932,1.9782,11.8009,275.0,15610.0,2993.4297
3842,11.7117,12.5978,2.0116,13.1933,276.0,19335.0,2993.4297
3843,13.2083,11.3148,2.0959,13.3732,276.0,11334.0,2993.4297
3844,13.4031,12.6007,2.1442,12.1281,276.0,19860.0,2993.4297
3845,12.2052,12.7395,2.2268,13.1759,278.0,12456.0,2993.4297
3846,13.0657,12.9638,1.9486,12.6642,276.0,14517.0,2993.4297
3847,12.6605,12.5974,1.9071,13.0048,277.0,14013.0,2993.4297
3848,12.9911,11.3649,1.8479,12.9371,275.0,16431.0,2993.4297
3849,12.9795,13.0336,1.8924,13.1088,280.0,12956.0,2993.4297
3850,13.1396,12.4206,2.0016,12.2458,281.0,12895.0,2993.4297
3851,12.1875,12.6491,1.7366,13.684,280.0,10590.0,2993.4297
3852,13.7191,11.4173,1.8582,13.7069,278.0,10352.0,2993.4297
3853,13.7319,12.242,2.0346,11.8833,282.0,12615.0,2993.4297
3854,11.8151,12.5863,1.8168,12.1836,279.0,9864.0,2993.4297
3855,12.1444,12.6334,2.1357,14.2578,276.0,11538.0,2993.4297
3856,14.373,12.549,2.2803,12.9087,277.0,11212.0,2993.4297
3857,12.9045,11.4511,2.032,12.4359,276.0,10200.0,2993.4297
3858,12.4698,12.9204,2.2101,12.8788,275.0,10338.0,2993.4297
3859,12.8823,12.7467,2.1993,12.4756,278.0,13866.0,2993.4297
3860,12.3687,12.5307,1.6887,13.078,279.0,12583.0,2993.4297
3861,13.1474,11.3138,1.9022,13.5944,277.0,14930.0,2993.4297
3862,13.5806,11.748,1.9525,13.1236,278.0,18034.0,2993.4297
3863,13.1467,12.7472,2.2519,11.7358,284.0,15987.0,2993.4297
3864,11.7473,12.735,2.3703,13.5436,276.0,14738.0,2993.4297
3865,13.5394,12.6571,2.4849,13.3941,280.0,15212.0,2993.4297
3866,13.3913,11.2962,2.0047,12.5247,281.0,12772.0,2993.4297
3867,12.4922,12.6724,1.8534,11.9465,280.0,11628.0,2993.4297
3868,12.0469,12.6807,2.2954,13.8855,280.0,16076.0,2993.4297
3869,13.7915,12.9059,2.045,12.9467,282.0,19908.0,2993.4297
3870,12.9565,11.2215,2.0408,12.8971,278.0,18264.0,2993.4297
3871,12.8732,12.7065,2.1182,12.5957,278.0,16982.0,2993.4297
3872,12.6187,12.6311,2.0336,13.1582,276.0,10314.0,2993.4297
3873,13.1812,12.7239,2.4035,13.4946,280.0,20582.0,2993.4297
3874,13.4912,11.3705,2.1041,13.0935,276.0,12476.0,2993.4297
3875,13.1323,11.5932,1.8851,12.3534,277.0,14144.0,2993.4297
3876,12.3088,13.0412,2.1079,12.6087,276.0,11526.0,2993.4297
3877,12.8715,12.8631,2.3564,14.0374,279.0,14040.0,2993.4297
3878,13.7874,12.5429,2.2933,13.1817,277.0,14104.0,2993.4297
3879,13.1486,11.5332,2.31,13.1608,277.0,15642.0,2993.4297
3880,13.1792,12.5868,2.1128,12.9227,276.0,17056.0,2993.4297
3881,12.9422,12.607,2.1394,13.0701,280.0,14438.0,2993.4297
3882,13.1425,12.906,2.6295,13.181,279.0,10770.0,2993.4297
3883,13.1141,11.3623,2.1109,13.0373,279.0,9842.0,2993.4297
3884,13.059,12.5403,2.344,12.3591,272.0,12566.0,2993.4297
3885,12.2983,12.7476,2.0694,13.6986,278.0,12868.0,2993.4297
3886,13.7126,12.7814,2.1033,14.2266,277.0,32526.0,2993.4297
3887,14.284,12.6922,2.3127,11.1113,277.0,11580.0,2993.4297
3888,11.0562,11.2967,1.9414,12.409,275.0,25964.0,2993.4297
3889,12.3924,12.9217,1.881,12.862,276.0,26448.0,2993.4297
3890,12.8717,12.3776,2.0107,12.7124,279.0,25816.0,2993.4297
3891,12.6523,12.5557,2.331,12.5845,278.0,12496.0,2993.4297
3892,12.6817,11.3675,2.5085,13.6459,280.0,12096.0,2993.4297
3893,13.6143,11.4755,1.9028,12.1055,277.0,11670.0,2993.4297
3894,12.0938,12.465,1.9794,13.803,275.0,12224.0,2993.4297
3895,13.8776,13.1105,2.1928,13.2202,276.0,12758.0,2993.4297
3896,13.1606,12.7551,2.0681,13.6317,278.0,9310.0,2993.4297
3897,13.648,11.2405,1.9565,11.8826,279.0,8882.0,2993.4297
3898,11.8536,12.964,2.0174,13.749,281.0,10561.0,2993.4297
3899,13.7929,12.4578,2.272,12.1128,279.0,11732.0,2993.4297
3900,12.0656,12.6796,2.1402,13.0387,277.0,11644.0,2993.4297
3901,13.0802,11.4847,2.2706,13.3044,279.0,10630.0,2993.4297
3902,13.322,12.7657,2.0696,12.362,279.0,8966.0,2993.4297
3903,12.3642,12.8169,2.0088,12.4142,276.0,9296.0,2993.4297
3904,12.5678,12.919,2.5616,13.4849,278.0,10569.0,2993.4297
3905,13.2723,12.5551,2.1456,13.4718,276.0,10008.0,2993.4297
3906,13.4965,11.3234,2.272,12.7308,276.0,12931.0,2993.4297
3907,12.7372,12.7523,2.0184,13.2369,278.0,13369.0,2993.4297
3908,13.4862,12.9108,2.1144,12.0295,275.0,9390.0,2993.4297
3909,11.8341,12.8978,1.9791,13.7742,278.0,15360.0,2993.4297
3910,13.7399,11.287,2.627,13.1728,277.0,16018.0,2993.4297
3911,13.1313,13.0822,1.892,12.6819,278.0,14669.0,2993.4297
3912,12.7266,12.9883,2.1182,13.3285,279.0,15146.0,2993.4297
3913,13.371,12.8206,1.9911,13.015,281.0,11914.0,2993.4297
3914,12.9738,13.1066,2.1636,13.4298,279.0,19313.0,2993.4297
3915,13.4228,11.3742,2.0345,14.2687,279.0,14892.0,2993.4297
3916,14.3021,13.4018,2.0191,12.7178,277.0,16136.0,2993.4297
3917,12.6477,13.0671,2.1431,13.1852,277.0,15714.0,2993.4297
3918,13.1971,12.9834,2.0793,13.8388,277.0,11526.0,2993.4297
3919,13.87,12.8482,2.1143,12.9242,276.0,14677.0,2993.4297
3920,13.0182,11.5634,2.4461,12.9487,278.0,17214.0,2993.4297
3921,12.8207,12.2537,1.9778,12.1649,276.0,13780.0,2993.4297
3922,12.1917,12.6889,2.5632,13.4836,277.0,14891.0,2993.4297
3923,13.5224,12.6281,2.3321,12.5669,276.0,10426.0,2993.4297
3924,12.5291,12.1956,2.2188,13.1117,275.0,10706.0,2993.4297
3925,13.1136,11.4665,1.9152,13.0328,277.0,11709.0,2993.4297
3926,13.0429,12.6655,1.9872,11.9597,278.0,10742.0,2993.4297
3927,12.0024,12.6993,2.3621,13.7991,276.0,9850.0,2993.4297
3928,13.8375,12.6732,2.5815,13.5056,276.0,12388.0,2993.4297
3929,13.4154,11.2308,2.1272,11.637,281.0,10716.0,2993.4297
3930,11.6193,12.6344,2.0805,13.8888,280.0,9854.0,2993.4297
3931,13.878,12.662,1.9454,12.1228,283.0,14226.0,2993.4297
3932,12.1829,12.6886,2.2176,13.5387,280.0,11879.0,2993.4297
3933,13.497,11.2514,2.3354,12.6594,278.0,14336.0,2993.4297
3934,12.7452,12.6883,2.0782,12.2353,279.0,11610.0,2993.4297
3935,12.1599,12.5531,2.0628,12.349,281.0,19605.0,2993.4297
3936,12.3931,12.7552,1.8616,13.6191,281.0,14596.0,2993.4297
3937,13.5504,12.8185,1.9474,13.232,276.0,15078.0,2993.4297
3938,13.2013,11.2397,1.8193,13.0482,276.0,14376.0,2993.4297
3939,13.1309,12.4183,2.3975,13.7365,277.0,14230.0,2993.4297
3940,13.7613,13.1391,2.2327,11.8375,275.0,10868.0,2993.4297
3941,11.7537,12.7193,1.8724,13.3186,277.0,18680.0,2993.4297
3942,13.3776,11.3876,2.1593,12.9538,281.0,22796.0,2993.4297
3943,12.9552,12.5696,2.1159,12.4042,275.0,12772.0,2993.4297
3944,12.3732,12.5212,1.7925,12.3098,279.0,16722.0,2993.4297
3945,12.3003,12.6403,2.0191,13.7862,280.0,10672.0,2993.4297
3946,13.7485,12.4915,2.0817,12.8715,284.0,20458.0,2993.4297
3947,12.8886,11.3135,1.8162,13.0526,281.0,12184.0,2993.4297
3948,13.0246,12.3969,1.9467,11.832,282.0,14420.0,2993.4297
3949,11.9362,12.894,2.6547,13.4472,279.0,12074.0,2993.4297
3950,13.4081,12.5773,2.0755,13.3011,279.0,13164.0,2993.4297
3951,13.3141,11.2736,1.8905,13.0292,279.0,15366.0,2993.4297
3952,13.1603,12.6758,2.1213,13.1447,277.0,14104.0,2993.4297
3953,13.0403,12.6502,1.9887,11.5092,276.0,18652.0,2993.4297
3954,11.4518,12.7581,1.8074,13.7832,275.0,13290.0,2993.4297
3955,13.8575,11.3131,2.1623,12.9835,276.0,10314.0,2993.4297
3956,12.9351,12.5965,1.897,13.9448,278.0,10640.0,2993.4297
3957,13.9529,12.5833,2.0165,11.6903,276.0,14122.0,2993.4297
3958,11.7727,12.8769,2.1566,13.2641,278.0,16594.0,2993.4297
3959,13.1647,12.4184,1.8441,12.2084,276.0,26772.0,2993.4297
3960,12.2261,11.2587,1.9406,13.1016,277.0,11690.0,2993.4297
3961,13.0911,12.6615,1.9331,12.6728,280.0,26820.0,2993.4297
3962,12.7243,12.9271,1.9456,13.0751,283.0,25504.0,2993.4297
3963,13.0376,11.4583,27.807,13.8928,281.0,12926.0,2993.4297
3964,28.4859,12.848,3.2937,5.9079,281.0,10718.0,2993.4297
3965,4.8953,12.848,3.7583,7.9752,277.0,11902.0,2993.4297
3966,7.9314,12.6336,1.8944,12.6439,276.0,13090.0,2993.4297
3967,12.6601,12.5605,3.0002,12.3341,276.0,10438.0,2993.4297
3968,12.2597,12.5434,1.7248,13.2272,275.0,9082.0,2993.4297
3969,13.3883,11.3961,1.8102,13.4616,275.0,8974.0,2993.4297
3970,13.3847,12.7018,2.4701,12.6398,279.0,12547.0,2993.4297
3971,12.6539,12.8044,2.1546,12.2216,277.0,10800.0,2993.4297
3972,12.1672,12.0405,1.9251,13.5842,276.0,10966.0,2993.4297
3973,13.7055,12.6254,3.1246,13.741,277.0,10302.0,2993.4297
3974,13.6255,11.5333,1.8474,12.3181,276.0,9502.0,2993.4297
3975,12.3091,12.7262,1.9278,12.5462,278.0,8770.0,2993.4297
3976,12.5151,12.6902,1.7541,12.9143,282.0,11821.0,2993.4297
3977,12.952,12.7903,2.1229,13.3611,280.0,12887.0,2993.4297
3978,13.4043,11.276,1.8128,13.0895,280.0,11348.0,2993.4297
3979,13.0723,11.6584,1.9939,13.3106,281.0,11455.0,2993.4297
3980,13.4073,12.7414,2.1201,12.3079,277.0,10882.0,2993.4297
3981,12.2109,12.5956,2.5853,12.709,280.0,19240.0,2993.4297
3982,12.6765,12.5088,1.9926,13.7188,278.0,11676.0,2993.4297
3983,13.9223,11.3258,1.8688,12.2801,280.0,16740.0,2993.4297
3984,12.1489,12.7754,1.9485,13.0195,279.0,13169.0,2993.4297
3985,13.0186,12.6528,2.0239,12.6475,275.0,15537.0,2993.4297
3986,12.5674,12.9575,1.9111,13.5354,276.0,15302.0,2993.4297
3987,13.5735,11.3767,1.74,12.57,276.0,19344.0,2993.4297
3988,12.5852,12.4907,2.0692,13.3589,276.0,12668.0,2993.4297
3989,13.3702,12.7113,2.1004,12.4903,277.0,15084.0,2993.4297
3990,12.5377,12.5593,3.1122,12.811,275.0,11518.0,2993.4297
3991,12.7178,11.3793,2.8129,13.3212,278.0,19369.0,2993.4297
3992,13.456,12.7853,2.0926,13.0715,279.0,11936.0,2993.4297
3993,13.0017,12.9349,2.0498,12.7171,281.0,17195.0,2993.4297
3994,12.8435,12.811,2.3398,13.2924,282.0,11350.0,2993.4297
3995,13.1644,12.9001,2.1828,13.4647,278.0,10060.0,2993.4297
3996,13.4109,11.3238,2.3986,12.949,279.0,12579.0,2993.4297
3997,12.9097,12.6749,2.1447,12.6678,279.0,10364.0,2993.4297
3998,12.7436,12.6826,2.1456,12.2735,276.0,10218.0,2993.4297
3999,12.3014,12.7918,2.369,13.5381,275.0,10688.0,2993.4297
4000,13.5402,11.2919,2.309,12.6002,277.0,12400.0,2993.4297
4001,12.6347,12.6013,1.9059,12.657,276.0,9850.0,2993.4297
4002,12.622,12.505,2.2148,13.1902,278.0,13710.0,2993.4297
4003,13.2869,12.5506,2.1409,12.5529,278.0,12221.0,2993.4297
4004,12.4433,12.7845,2.3368,13.3926,278.0,13664.0,2993.4297
4005,13.4049,11.2524,1.927,12.5794,275.0,11298.0,2993.4297
4006,12.6313,12.8504,2.0409,12.612,278.0,16401.0,2993.4297
4007,12.5481,12.7787,2.0666,13.3445,276.0,14646.0,2993.4297
4008,13.3766,12.7463,2.2246,14.2211,284.0,19324.0,2993.4297
4009,14.1624,12.4454,2.343,13.4128,279.0,9842.0,2993.4297
4010,13.419,12.6886,1.9518,14.0382,280.0,16858.0,2993.4297
4011,14.0853,13.5755,2.0432,13.0065,279.0,12122.0,2993.4297
4012,13.0365,13.1837,2.2827,12.6857,278.0,15032.0,2993.4297
4013,12.7187,12.7662,2.2161,12.8681,282.0,22988.0,2993.4297
4014,12.7648,12.6679,2.1581,13.7716,278.0,15242.0,2993.4297
4015,13.8131,11.4179,1.7687,14.7893,276.0,12346.0,2993.4297
4016,14.7736,12.8017,2.2624,11.5075,278.0,16696.0,2993.4297
4017,11.5413,12.7629,2.1214,12.5395,277.0,11490.0,2993.4297
4018,12.5052,12.6976,2.0213,13.209,277.0,19540.0,2993.4297
4019,13.1904,11.3049,2.6786,12.8595,277.0,12812.0,2993.4297
4020,12.8752,12.6111,1.9948,13.2019,279.0,14498.0,2993.4297
4021,13.2263,12.5899,1.8812,11.66,276.0,11824.0,2993.4297
4022,11.6163,12.5589,2.6743,14.1309,277.0,12982.0,2993.4297
4023,14.1511,12.2391,3.1594,13.0962,281.0,17030.0,2993.4297
4024,13.1339,11.2585,2.1418,12.9817,280.0,15618.0,2993.4297
4025,12.9814,12.9117,2.3896,12.5655,280.0,16858.0,2993.4297
4026,12.8897,12.7274,2.869,12.1611,280.0,11348.0,2993.4297
4027,11.8402,12.6385,2.1736,18.2569,1422.0,190674.0,3034.8047
4028,18.284,11.3648,2.9799,13.7966,735.0,50918.0,3064.1797
4029,13.8033,13.0871,4.0165,13.855,653.0,19928.0,3064.1797
4030,14.1164,12.5767,2.5974,14.1992,651.0,22718.0,3064.1797
4031,13.9043,12.6412,2.2284,12.0533,653.0,32586.0,3049.4922
4032,12.0323,12.0995,2.118,10.9555,653.0,23910.0,3049.4922
4033,10.9342,11.9124,2.0103,12.9794,651.0,29962.0,3028.8047
4034,13.269,10.8397,2.2899,13.2508,654.0,33136.0,3028.8047
4035,13.0168,12.4684,2.0933,12.3735,653.0,40486.0,3028.8047
4036,12.381,11.8899,2.0059,11.1367,657.0,20596.0,3028.8047
4037,11.1855,11.8735,2.0619,13.8069,652.0,19068.0,3028.8047
4038,13.6978,10.8091,2.0145,12.2596,652.0,18992.0,3028.8047
4039,12.316,12.277,2.2492,13.7187,652.0,20566.0,3028.8047
4040,14.3143,12.1905,2.1383,11.1246,658.0,18018.0,3028.8047
4041,10.5224,12.4009,2.1366,12.5973,656.0,16842.0,3028.8047
4042,12.5799,10.7741,2.0284,12.6106,656.0,16590.0,3028.8047
4043,12.6661,12.2982,2.1886,13.7564,656.0,20185.0,3028.8047
4044,13.6953,13.2534,2.3149,12.1319,654.0,18486.0,3028.8047
4045,12.0926,11.9053,2.2794,12.8891,655.0,18580.0,3028.8047
4046,12.916,11.1634,2.457,11.5883,652.0,18144.0,3028.8047
4047,11.5908,12.2396,1.9684,13.8617,654.0,16920.0,2900.8047
4048,13.8652,12.2616,2.201,11.8566,652.0,16490.0,2900.8047
4049,11.8607,12.0866,1.9743,12.8648,654.0,19417.0,2900.8047
4050,12.9681,10.7446,2.5054,12.1812,653.0,20495.0,2900.8047
4051,12.1637,12.2217,2.1431,12.3087,653.0,19052.0,2900.8047
4052,12.2513,12.225,2.2271,11.7575,654.0,19089.0,2900.8047
4053,11.7258,12.0452,1.9939,13.2851,652.0,21409.0,2900.8047
4054,13.2573,10.7337,2.0632,12.1091,655.0,24077.0,2900.8047
4055,12.1653,12.2756,2.157,12.6012,653.0,19680.0,2900.8047
4056,12.5667,12.0654,2.1728,11.8197,658.0,21179.0,2900.8047
4057,11.8762,11.9496,1.8051,13.0214,660.0,23594.0,2900.8047
4058,13.0174,10.763,1.9358,12.0305,657.0,20024.0,2900.8047
4059,12.0248,12.1098,2.1053,12.5887,654.0,22464.0,2900.8047
4060,12.6122,12.1462,2.232,11.7963,656.0,27754.0,2900.8047
4061,11.7502,11.1955,1.9265,12.1996,654.0,21804.0,2900.8047
4062,12.1735,10.7853,1.7559,12.6733,653.0,21406.0,2900.8047
4063,12.7404,12.2062,2.0748,12.6844,654.0,20841.0,2900.8047
4064,12.6881,11.877,2.1193,11.7081,652.0,20494.0,2900.8047
4065,11.6989,10.7671,1.9165,12.8167,652.0,21274.0,2900.8047
4066,12.8723,11.2943,1.8512,12.5213,653.0,18246.0,2900.8047
4067,12.5537,12.2902,2.1102,12.9214,654.0,19737.0,2900.8047
4068,12.8661,12.4118,2.6021,11.946,652.0,18498.0,2900.8047
4069,11.8718,11.1818,2.0849,13.1583,653.0,17878.0,2900.8047
4070,13.1126,11.2353,1.822,12.4894,652.0,18348.0,2900.8047
4071,12.5946,12.4218,1.9583,13.0323,652.0,20036.0,2900.8047
4072,13.0455,12.3315,2.1782,12.0962,656.0,17502.0,2900.8047
4073,12.215,12.2044,2.3991,14.2714,658.0,21862.0,2900.8047
4074,14.2174,10.8019,2.4342,12.5342,657.0,17514.0,2900.8047
4075,12.4987,12.3473,2.561,14.8783,655.0,21756.0,2900.8047
4076,15.0828,12.2549,3.9597,11.0787,655.0,22354.0,2900.8047
4077,10.9173,11.8157,2.7987,11.4009,654.0,18836.0,2900.8047
4078,11.4144,11.5536,2.1986,12.1137,654.0,27054.0,2900.8047
4079,11.999,12.3162,2.0897,14.5833,652.0,17998.0,2900.8047
4080,14.7252,12.2776,2.5972,10.6307,653.0,23858.0,2900.8047
4081,10.5537,12.2673,2.7782,13.2564,653.0,20424.0,2900.8047
4082,13.1872,10.723,2.26,11.5378,654.0,27726.0,2900.8047
4083,11.4928,12.2283,1.7957,13.0255,655.0,25442.0,2900.8047
4084,13.1024,12.1185,2.3936,12.5452,655.0,22236.0,2900.8047
4085,12.5977,12.2929,2.3641,13.4944,654.0,24040.0,2900.8047
4086,13.3942,11.1342,2.5063,11.481,653.0,20338.0,2900.8047
4087,11.5311,11.9592,1.9221,12.5564,654.0,24702.0,2900.8047
4088,12.5479,12.0283,2.0378,12.5302,659.0,22096.0,2900.8047
4089,12.5194,12.3813,2.3303,13.1868,658.0,20456.0,2900.8047
4090,13.1757,10.7298,2.3357,12.0416,656.0,19830.0,2900.8047
4091,12.1012,12.1072,1.9733,12.4522,658.0,23084.0,2900.8047
4092,12.472,12.4617,2.0671,11.672,657.0,22956.0,2900.8047
4093,11.5551,12.0975,1.9282,13.5366,654.0,25634.0,2900.8047
4094,13.6069,10.7382,2.2626,14.0009,652.0,20950.0,2900.8047
4095,14.0198,12.478,2.1653,11.8343,654.0,20138.0,2900.8047
4096,11.765,11.9714,2.1599,10.6182,652.0,25520.0,2900.8047
4097,10.6228,12.1016,1.9711,13.2687,652.0,19186.0,2900.8047
4098,13.2602,10.7871,2.0667,12.1038,652.0,20319.0,2900.8047
4099,12.1448,12.2797,1.8172,12.8713,654.0,19378.0,2900.8047
4100,12.8563,12.1183,1.9465,12.0428,652.0,20319.0,2900.8047
4101,12.0697,12.0646,1.7315,12.6862,653.0,21106.0,2900.8047
4102,12.6113,10.7267,1.7949,12.2537,652.0,20672.0,2900.8047
4103,12.3346,12.2253,1.8699,12.6868,654.0,20857.0,2900.8047
4104,12.715,12.1322,2.0975,11.6782,656.0,37886.0,2900.8047
4105,11.5976,12.2095,1.9239,13.4247,657.0,17514.0,2900.8047
4106,13.442,10.7431,1.9885,12.8543,662.0,23607.0,2900.8047
4107,12.8456,12.2155,1.9836,12.4947,656.0,23564.0,2900.8047
4108,12.6206,12.0406,2.2145,11.6103,652.0,25088.0,2900.8047
4109,11.6152,12.2747,2.0658,12.336,656.0,28574.0,2900.8047
4110,12.3224,10.6784,2.3006,12.4589,653.0,28226.0,2900.8047
4111,12.3705,12.2181,2.022,12.2108,652.0,34110.0,2900.8047
4112,12.2682,12.0971,2.2088,12.7589,653.0,29816.0,2900.8047
4113,12.6681,12.0087,2.0986,12.1562,653.0,33636.0,2900.8047
4114,12.2558,10.7094,2.1382,12.9066,655.0,21190.0,2900.8047
4115,12.902,12.1876,1.8626,11.9533,652.0,18170.0,2900.8047
4116,11.9321,12.2793,2.1048,12.4058,653.0,20766.0,2900.8047
4117,12.352,11.9479,1.9608,12.4929,652.0,18442.0,2900.8047
4118,12.5242,10.9632,1.8694,12.2146,652.0,17832.0,2900.8047
4119,12.1803,12.1402,1.9508,13.3852,653.0,16850.0,2900.8047
4120,13.5058,12.0299,2.1509,11.3913,657.0,18424.0,2900.8047
4121,11.3685,10.7848,2.0866,12.9535,658.0,19331.0,2900.8047
4122,12.8577,10.8025,2.01,11.2252,656.0,19306.0,2900.8047
4123,11.3322,12.2479,2.0521,12.9824,654.0,18582.0,2900.8047
4124,13.0629,11.3101,2.0845,12.8493,657.0,16838.0,2900.8047
4125,12.6853,10.7952,2.017,12.696,655.0,16456.0,2900.8047
4126,12.8321,12.033,2.5972,12.5941,654.0,19369.0,2900.8047
4127,12.5282,12.1646,2.7568,12.5459,652.0,19919.0,2900.8047
4128,12.5949,12.2478,2.9585,12.4543,653.0,19602.0,2900.8047
4129,12.4353,10.9267,2.4714,11.8561,654.0,19031.0,2900.8047
4130,11.8357,12.0733,2.0174,12.2112,653.0,20911.0,2900.8047
4131,12.2165,12.1351,2.1232,12.4055,654.0,18260.0,2900.8047
4132,12.3434,11.7542,2.2198,12.5474,655.0,24903.0,2900.8047
4133,12.5394,11.2167,2.0488,13.2374,652.0,19262.0,2900.8047
4134,13.2526,12.0058,1.9252,12.2227,656.0,25915.0,2900.8047
4135,12.2039,12.1139,2.0904,11.9625,652.0,19764.0,2900.8047
4136,12.1249,12.5071,2.514,12.8672,656.0,18874.0,2900.8047
4137,12.7787,10.7824,2.2311,12.6999,657.0,27598.0,2900.8047
4138,12.6499,11.9586,2.1127,12.95,656.0,24470.0,2900.8047
4139,13.0478,12.0968,2.1498,11.8161,655.0,19838.0,2900.8047
4140,11.8591,12.3024,2.7223,12.5408,656.0,23267.0,2900.8047
4141,12.3367,10.7158,1.9405,11.6627,655.0,19676.0,2900.8047
4142,11.7398,11.2856,1.6816,12.5852,652.0,20170.0,2900.8047
4143,12.5518,12.1913,1.767,12.5528,653.0,20550.0,2900.8047
4144,12.6492,12.1742,2.4022,12.4056,656.0,20129.0,2900.8047
4145,12.312,10.8177,2.2118,11.8008,652.0,17498.0,2900.8047
4146,11.8257,12.4244,2.1782,13.4275,653.0,18510.0,2900.8047
4147,13.4327,11.8515,2.0059,11.5354,652.0,18366.0,2900.8047
4148,11.5319,11.9497,1.7373,13.3026,653.0,19898.0,2900.8047
4149,13.3272,10.7978,2.3497,12.0829,653.0,18010.0,2900.8047
4150,12.0439,12.1849,2.0331,12.6596,656.0,21382.0,2900.8047
4151,12.7943,12.3582,2.2597,12.8301,652.0,17998.0,2900.8047
4152,12.7624,12.2143,2.8348,12.7918,657.0,21602.0,2900.8047
4153,12.8384,10.7072,2.9189,13.4361,657.0,22162.0,2900.8047
4154,13.5639,12.8791,2.5838,13.3884,656.0,18772.0,2900.8047
4155,13.3217,13.0367,2.2514,11.276,655.0,22788.0,2900.8047
4156,11.2559,11.6436,3.2822,13.1561,655.0,22184.0,2900.8047
4157,13.0542,10.8059,2.3087,13.091,655.0,20026.0,2900.8047
4158,13.1716,12.0808,2.0219,11.645,654.0,24146.0,2900.8047
4159,11.5848,12.4539,2.1722,14.5638,655.0,24714.0,2900.8047
4160,14.6843,11.9688,2.2112,11.6393,656.0,25266.0,2900.8047
4161,11.6123,11.692,1.8853,13.4713,653.0,22178.0,2900.8047
4162,13.4573,10.8085,2.515,11.0066,655.0,25350.0,2900.8047
4163,10.9724,12.2938,2.2928,12.0679,656.0,22114.0,2900.8047
4164,12.0919,12.3593,2.1328,12.6925,652.0,18710.0,2900.8047
4165,12.6892,11.2567,1.9944,13.765,656.0,27336.0,2900.8047
4166,13.685,10.6862,1.7762,11.5911,652.0,20102.0,2900.8047
4167,11.6222,12.2262,2.0864,12.1177,655.0,20486.0,2900.8047
4168,12.1901,12.0893,2.011,12.5651,657.0,20462.0,2900.8047
4169,12.5234,10.7481,1.9443,12.7377,658.0,21950.0,2900.8047
4170,12.7399,11.0946,1.9587,12.8121,659.0,26974.0,2900.8047
4171,12.7641,12.3553,2.0215,12.0656,656.0,23600.0,2900.8047
4172,12.1569,12.3921,2.3712,12.4001,654.0,21044.0,2900.8047
4173,12.2934,11.3846,1.9334,12.9341,654.0,25094.0,2900.8047
4174,12.975,11.065,1.8293,12.5103,652.0,19614.0,2900.8047
4175,12.6245,12.3759,2.1817,13.0267,653.0,17510.0,2900.8047
4176,13.0365,12.4385,2.2449,13.1124,652.0,20319.0,2900.8047
4177,13.0948,11.4818,3.1006,12.7254,652.0,22175.0,2900.8047
4178,12.6635,11.4031,2.7091,13.3074,653.0,20678.0,2900.8047
4179,13.363,11.716,2.3665,12.8952,652.0,18818.0,2900.8047
4180,12.917,12.3837,2.7523,12.4375,656.0,22193.0,2900.8047
4181,12.4586,12.3785,3.2913,11.5731,653.0,26460.0,2900.8047
4182,11.4629,10.8449,2.2648,11.713,656.0,29950.0,2900.8047
4183,11.7753,12.0796,2.0181,12.6592,654.0,19529.0,2900.8047
4184,12.6248,11.7044,2.2832,12.9429,661.0,25956.0,2900.8047
4185,13.0019,12.1131,2.5218,13.1068,656.0,26418.0,2900.8047
4186,13.0739,10.8161,2.5561,11.417,657.0,23674.0,2900.8047
4187,11.3279,12.5838,1.9189,13.3304,655.0,29228.0,2900.8047
4188,13.347,12.0385,2.3581,11.9065,655.0,27112.0,2900.8047
4189,11.868,12.1112,2.2455,13.0262,654.0,30804.0,2900.8047
4190,13.1039,10.8429,2.4064,13.1738,653.0,33430.0,2900.8047
4191,13.1423,12.2111,2.1966,11.5204,653.0,29960.0,2900.8047
4192,11.6756,12.0972,2.2751,11.8386,655.0,19462.0,2900.8047
4193,11.7226,12.1172,2.0101,13.1125,652.0,20192.0,2900.8047
4194,13.0988,10.7988,2.4187,13.143,652.0,18420.0,2900.8047
4195,13.1419,12.148,2.051,12.8,653.0,18138.0,2900.8047
4196,12.8561,11.8082,2.0716,11.3192,652.0,17940.0,2900.8047
4197,11.2488,11.8309,2.2966,12.3766,653.0,18516.0,2900.8047
4198,12.3259,10.7067,2.1811,13.0174,653.0,17516.0,2900.8047
4199,13.0964,12.5696,1.956,13.4604,654.0,20193.0,2900.8047
4200,13.4508,12.2195,2.2385,11.5262,656.0,19320.0,2900.8047
4201,11.505,11.9886,1.9922,12.4744,656.0,16642.0,2900.8047
4202,12.4269,10.7945,2.3828,12.0689,657.0,16960.0,2900.8047
4203,12.1417,12.1106,1.9287,12.8416,656.0,19323.0,2900.8047
4204,12.8418,12.3645,1.9887,11.9468,654.0,19873.0,2900.8047
4205,11.8857,12.06,1.9494,12.4554,654.0,19372.0,2900.8047
4206,12.4706,10.8121,1.7399,12.3914,656.0,19261.0,2900.8047
4207,12.4723,12.0785,2.0147,12.2268,652.0,20793.0,2900.8047
4208,12.2088,12.0717,2.2111,13.034,652.0,18308.0,2900.8047
4209,13.0546,12.1476,1.9268,12.3167,654.0,20725.0,2900.8047
4210,12.3424,10.9007,2.1873,12.1693,652.0,22982.0,2900.8047
4211,12.1423,12.4724,2.1224,12.5314,653.0,21865.0,2900.8047
4212,12.5185,12.1619,1.851,11.8785,656.0,23568.0,2900.8047
4213,11.9221,10.6787,1.7499,13.7477,653.0,19054.0,2900.8047
4214,14.0426,10.7714,1.8706,11.7046,653.0,23634.0,2900.8047
4215,11.3814,12.0414,2.0037,11.9866,652.0,24688.0,2900.8047
4216,11.951,12.1464,2.2641,12.0735,656.0,22658.0,2900.8047
4217,12.1322,10.799,2.5842,13.4078,658.0,22853.0,2900.8047
4218,13.3258,11.6687,2.0416,11.7169,657.0,20414.0,2900.8047
4219,11.7915,12.1316,2.1946,11.7826,656.0,19364.0,2900.8047
4220,11.8159,12.0247,2.4646,13.1618,654.0,20636.0,2900.8047
4221,13.0372,10.732,2.3932,12.7682,656.0,21211.0,2900.8047
4222,12.8539,11.2753,1.9455,11.8061,653.0,17878.0,2900.8047
4223,11.7375,11.9049,1.948,11.834,652.0,17998.0,2900.8047
4224,11.8424,11.8466,2.0777,13.8237,652.0,18866.0,2900.8047
4225,13.9773,10.7848,2.1172,11.6883,652.0,19536.0,2900.8047
4226,11.6005,12.0775,2.2955,12.1048,652.0,17848.0,2900.8047
4227,12.0763,12.1438,1.9877,12.7829,653.0,21846.0,2900.8047
4228,12.8256,12.09,2.3866,12.4471,652.0,17998.0,2900.8047
4229,12.6068,10.7756,2.5997,12.4638,653.0,21598.0,2900.8047
4230,12.2401,12.1545,1.9244,12.5502,653.0,21502.0,2900.8047
4231,12.7191,12.1533,2.0853,12.3675,652.0,19074.0,2900.8047
4232,12.2377,12.2183,2.569,12.0985,657.0,21962.0,2900.8047
4233,12.0403,10.7544,2.0959,12.7003,658.0,23008.0,2900.8047
4234,12.7257,12.0018,2.0182,13.0397,656.0,19884.0,2900.8047
4235,13.046,12.0484,1.9293,10.5661,656.0,20314.0,2900.8047
4236,10.5604,11.9962,1.8162,13.408,657.0,27368.0,2900.8047
4237,13.4009,10.6952,1.9829,12.7474,655.0,23266.0,2900.8047
4238,12.8713,12.4362,2.0087,12.7275,654.0,22502.0,2900.8047
4239,12.6099,11.9002,1.9254,11.0875,655.0,28152.0,2900.8047
4240,11.0964,12.2226,2.0391,13.1537,655.0,20064.0,2900.8047
4241,13.1559,10.7579,2.018,12.4875,653.0,20462.0,2900.8047
4242,12.5394,12.2126,2.0911,12.4952,654.0,22568.0,2900.8047
4243,12.3813,12.2493,2.0144,12.2565,654.0,23766.0,2900.8047
4244,12.2409,12.2831,1.8081,12.6713,652.0,20336.0,2900.8047
4245,12.8527,10.7661,2.1865,12.4536,655.0,20324.0,2900.8047
4246,12.4325,12.1886,1.9638,12.2002,654.0,21990.0,2900.8047
4247,12.1557,12.2964,2.1044,11.9948,656.0,24394.0,2900.8047
4248,11.9698,11.9358,2.1336,13.5244,658.0,23206.0,2900.8047
4249,13.5513,10.7299,1.965,11.942,656.0,25730.0,2900.8047
4250,11.9356,12.1153,2.1235,12.2353,657.0,24810.0,2900.8047
4251,12.3202,11.9164,2.3326,12.5223,655.0,18702.0,2900.8047
4252,12.4063,11.8143,2.2033,12.8805,655.0,19200.0,2900.8047
4253,12.9021,10.7636,2.1075,13.529,655.0,20333.0,2900.8047
4254,13.6126,12.1137,2.2992,10.5346,652.0,19354.0,2900.8047
4255,10.4251,12.1104,2.2995,12.7046,652.0,20319.0,2900.8047
4256,12.8361,11.1892,1.985,13.295,654.0,20690.0,2900.8047
4257,13.352,11.55,2.0646,11.3615,654.0,21207.0,2900.8047
4258,11.1849,12.0463,1.98,11.1838,652.0,27760.0,2900.8047
4259,11.332,12.0742,2.378,14.2611,653.0,27692.0,2900.8047
4260,14.1803,10.8463,2.074,14.3131,654.0,20874.0,2900.8047
4261,14.3166,11.8608,2.1564,11.2729,658.0,25128.0,2900.8047
4262,11.2587,12.08,2.1526,11.6235,654.0,27449.0,2900.8047
4263,11.6345,12.3886,2.3057,12.4378,653.0,24338.0,2900.8047
4264,12.3808,11.1845,2.0906,12.9176,658.0,26488.0,2900.8047
4265,12.9074,11.4964,1.9675,12.5757,658.0,27376.0,2900.8047
4266,12.6167,12.1785,2.1423,12.3364,657.0,27416.0,2900.8047
4267,13.0807,11.8849,2.0775,12.6676,654.0,29962.0,2900.8047
4268,11.8438,11.2111,1.9804,12.332,655.0,34612.0,2900.8047
4269,12.3712,11.6354,1.9099,11.9301,654.0,23258.0,2900.8047
4270,11.9651,12.1116,2.2888,13.4973,655.0,21224.0,2900.8047
4271,13.6338,12.4089,2.2172,12.427,653.0,18204.0,2900.8047
4272,12.3467,12.3961,2.3548,13.7456,653.0,18150.0,2900.8047
4273,13.7098,10.9396,2.2116,11.8049,652.0,18234.0,2900.8047
4274,11.857,12.2576,2.0195,12.6745,652.0,19606.0,2900.8047
4275,12.9151,12.2559,2.1794,11.798,652.0,17648.0,2900.8047
4276,11.5695,12.0847,2.0124,13.1379,652.0,18370.0,2900.8047
4277,13.0838,10.7585,2.064,12.7451,655.0,18483.0,2900.8047
4278,12.7623,12.2303,2.0376,11.932,653.0,19122.0,2900.8047
4279,11.9382,12.0818,1.9155,13.123,654.0,16758.0,2900.8047
4280,13.0449,12.0958,2.3635,11.9841,658.0,19875.0,2900.8047
4281,11.9711,10.7454,2.228,11.9125,656.0,19827.0,2900.8047
4282,11.9957,12.09,2.0885,12.2749,657.0,19338.0,2900.8047
4283,12.3085,12.2562,2.319,12.4814,656.0,18875.0,2900.8047
4284,12.3438,11.4163,1.8507,12.6481,654.0,21145.0,2900.8047
4285,12.7127,10.7525,2.0228,12.3204,655.0,18120.0,2900.8047
4286,12.4518,11.9997,2.1415,12.4436,655.0,20121.0,2900.8047
4287,12.3385,12.0246,2.2515,13.4776,652.0,19136.0,2900.8047
4288,13.5155,10.7658,2.2538,12.6855,654.0,25229.0,2900.8047
4289,12.5964,10.7951,2.393,14.1881,655.0,22125.0,2900.8047
4290,14.2304,11.9441,2.3341,9.7982,655.0,20667.0,2900.8047
4291,9.8614,12.3098,2.4698,12.623,652.0,24162.0,2900.8047
4292,12.5471,10.7741,2.2236,12.5811,652.0,21910.0,2900.8047
4293,12.6486,10.8023,2.4104,12.3611,652.0,21112.0,2900.8047
4294,12.3172,12.0293,2.0836,12.8941,654.0,26261.0,2900.8047
4295,13.0048,12.0344,2.3309,12.3999,652.0,19982.0,2900.8047
4296,12.2685,10.8124,2.3256,13.3745,657.0,20090.0,2900.8047
4297,13.472,10.8318,2.3654,12.5098,656.0,19438.0,2900.8047
4298,12.4955,12.3753,2.4539,14.9618,660.0,22437.0,2900.8047
4299,14.9057,11.915,2.25,9.7596,655.0,18248.0,2900.8047
4300,9.7886,11.7829,2.1699,14.217,654.0,18368.0,2900.8047
4301,14.2087,12.6785,2.3013,11.9239,655.0,18380.0,2900.8047
4302,11.9123,12.7454,2.3163,13.9012,652.0,20036.0,2900.8047
4303,13.9879,12.7399,2.4752,12.4529,654.0,17872.0,2900.8047
4304,12.5667,12.7006,2.6959,13.5427,654.0,18022.0,2900.8047
4305,13.3197,12.0337,2.5976,13.2915,654.0,21358.0,2900.8047
4306,13.2883,12.1432,2.3418,13.4299,652.0,18750.0,2900.8047
4307,13.4794,12.6666,2.1903,12.5549,654.0,24350.0,2900.8047
4308,12.5192,12.2348,2.2091,12.6321,653.0,18930.0,2900.8047
4309,13.1911,11.5253,2.8732,13.2274,654.0,22276.0,2900.8047
4310,12.6433,12.1862,2.3298,12.6281,652.0,21724.0,2900.8047
4311,12.7428,12.9752,2.251,13.0646,653.0,20762.0,2900.8047
4312,13.1073,12.6712,2.3926,14.0787,656.0,19524.0,2900.8047
4313,13.9897,12.2661,2.5694,12.7608,658.0,24528.0,2900.8047
4314,12.6894,12.0064,2.637,12.6968,659.0,23476.0,2900.8047
4315,12.7579,11.8265,2.6842,14.0724,655.0,22626.0,2900.8047
4316,14.5156,13.1742,2.5186,12.3612,657.0,25498.0,2900.8047
4317,12.0318,12.8894,2.3715,13.4605,658.0,26216.0,2900.8047
4318,13.3911,12.0945,2.835,12.7882,653.0,19304.0,2900.8047
4319,12.7711,11.2812,2.4855,14.215,657.0,23464.0,2900.8047
4320,14.2098,12.7326,2.4076,12.8153,654.0,22822.0,2900.8047
4321,12.7715,12.6671,2.4907,13.3511,653.0,21292.0,2900.8047
4322,13.4444,13.105,2.4966,12.3945,656.0,20320.0,2900.8047
4323,12.2839,11.8257,2.9217,12.7518,652.0,20408.0,2900.8047
4324,12.7915,11.5557,2.6163,13.7043,653.0,24756.0,2900.8047
4325,13.7244,12.4645,2.4228,12.9845,655.0,23018.0,2900.8047
4326,13.05,12.463,2.1552,12.5058,653.0,24338.0,2900.8047
4327,12.4865,11.878,2.1579,11.8455,653.0,25125.0,2900.8047
4328,11.8224,10.9674,2.1619,13.6522,656.0,21215.0,2900.8047
4329,13.6434,10.9451,2.0152,12.9839,657.0,19964.0,2900.8047
4330,13.0561,12.2216,2.2201,12.4232,656.0,17502.0,2900.8047
4331,12.414,12.4991,2.4443,12.4157,655.0,20333.0,2900.8047
4332,12.4557,12.8352,2.5066,14.807,656.0,22201.0,2900.8047
4333,14.7121,11.1064,2.9523,12.2975,654.0,20204.0,2900.8047
4334,12.3416,12.7865,2.5784,13.1721,655.0,20363.0,2900.8047
4335,13.1289,12.7845,2.4985,12.7262,652.0,25202.0,2900.8047
4336,13.1501,12.6074,3.339,12.8468,653.0,29004.0,2900.8047
4337,12.4538,10.9233,2.3229,13.0885,653.0,23220.0,2900.8047
4338,13.0442,12.6068,2.1327,14.2277,654.0,21845.0,2900.8047
4339,14.3305,12.3289,2.3639,11.713,655.0,26625.0,2900.8047
4340,11.6502,12.1092,2.4479,11.2828,655.0,26505.0,2900.8047
4341,11.2247,10.7895,2.0134,14.0955,653.0,27604.0,2900.8047
4342,14.0966,12.4398,2.0629,12.355,654.0,24618.0,2900.8047
4343,12.4194,12.5761,2.0742,12.4779,652.0,22418.0,2900.8047
4344,12.5371,12.394,2.3502,11.8032,656.0,26562.0,2900.8047
4345,11.6445,11.9371,1.9912,13.5469,656.0,35390.0,2900.8047
4346,13.5909,10.8024,2.3579,13.1648,658.0,28920.0,2900.8047
4347,13.2605,12.7305,2.0178,12.4159,655.0,25032.0,2900.8047
4348,12.3724,12.0861,2.0269,11.8898,656.0,19138.0,2900.8047
4349,11.8305,12.8294,2.227,13.9929,654.0,18570.0,2900.8047
4350,13.9991,10.7644,2.407,13.1725,652.0,17712.0,2900.8047
4351,13.2756,12.5634,2.1034,11.5228,652.0,18164.0,2900.8047
4352,11.5531,12.4132,2.1557,13.2478,653.0,20124.0,2900.8047
4353,13.1269,11.6976,2.444,12.2337,652.0,18888.0,2900.8047
4354,12.2204,10.7519,2.4472,12.5902,653.0,16612.0,2900.8047
4355,12.6466,12.2034,2.2312,13.1455,654.0,18313.0,2900.8047
4356,13.1092,12.2443,1.9537,11.9201,652.0,19158.0,2900.8047
4357,11.9425,11.7564,2.0078,12.5829,654.0,19661.0,2900.8047
4358,12.5637,10.7897,2.1624,13.0595,652.0,20373.0,2900.8047
4359,13.1228,12.2264,2.2583,11.5768,652.0,19274.0,2900.8047
4360,11.5344,12.1114,2.1493,13.0646,658.0,18973.0,2900.8047
4361,13.2414,12.5518,2.6162,13.2189,656.0,20673.0,2900.8047
4362,13.0847,11.7687,2.1718,14.4419,656.0,18378.0,2900.8047
4363,14.4643,12.2862,2.4429,13.3106,656.0,19957.0,2900.8047
4364,13.3187,12.9675,2.2755,15.6021,654.0,19210.0,2900.8047
4365,15.5612,13.039,2.83,12.3117,655.0,20685.0,2900.8047
4366,12.3418,12.3281,2.6669,9.794,652.0,23914.0,2900.8047
4367,9.7789,13.086,2.1337,14.1734,654.0,20751.0,2900.8047
4368,14.1815,12.9202,2.2333,13.1912,655.0,25051.0,2900.8047
4369,13.1006,12.5439,2.0007,13.3667,652.0,21040.0,2900.8047
4370,13.3764,12.2044,1.921,12.1907,653.0,20616.0,2900.8047
4371,12.214,12.2117,2.3827,12.0434,656.0,27421.0,2900.8047
4372,12.1153,10.7997,2.0513,12.6802,653.0,20604.0,2900.8047
4373,12.6159,12.6081,2.2664,13.6648,654.0,19682.0,2900.8047
4374,13.6794,12.5294,2.1952,12.4705,654.0,19730.0,2900.8047
4375,12.4869,12.4211,2.2201,12.7412,653.0,19446.0,2900.8047
4376,12.688,10.7704,2.2175,13.5485,659.0,22057.0,2900.8047
4377,13.6111,12.4177,2.0726,11.9086,657.0,18382.0,2900.8047
4378,11.9782,13.1455,2.1723,13.6021,656.0,18370.0,2900.8047
4379,13.5191,11.863,2.1633,12.9266,654.0,19906.0,2900.8047
4380,12.9078,12.1061,1.8975,12.8941,655.0,18362.0,2900.8047
4381,12.8713,10.7138,2.3086,12.3408,654.0,18000.0,2900.8047
4382,12.326,12.241,2.0427,13.4436,654.0,18022.0,2900.8047
4383,13.4104,12.1743,2.0285,10.7339,654.0,21610.0,2900.8047
4384,10.84,12.1802,2.2853,12.9526,653.0,21502.0,2900.8047
4385,12.8867,10.7701,2.117,12.7784,653.0,21766.0,2900.8047
4386,12.8781,12.5529,2.2465,12.5378,653.0,22264.0,2900.8047
4387,12.9343,12.7294,2.5937,12.1741,652.0,22224.0,2900.8047
4388,11.687,11.9398,2.0712,12.5032,652.0,19352.0,2900.8047
4389,12.5345,11.0417,2.0694,12.9629,652.0,20182.0,2900.8047
4390,12.9638,12.4853,2.083,13.0144,653.0,23744.0,2900.8047
4391,13.1485,12.2703,2.6813,12.0346,655.0,20642.0,2900.8047
4392,11.9041,12.208,2.8943,12.7124,659.0,23300.0,2900.8047
4393,12.6747,10.7478,2.239,12.3804,658.0,25682.0,2900.8047
4394,12.3955,12.3322,2.346,13.1972,659.0,25828.0,2900.8047
4395,13.3506,12.4718,2.1492,11.4361,656.0,22772.0,2900.8047
4396,11.3353,12.5809,2.0161,13.4748,657.0,22166.0,2900.8047
4397,13.4235,10.7267,2.2464,12.2973,656.0,23534.0,2900.8047
4398,12.3036,11.8873,2.1301,12.5387,652.0,20118.0,2900.8047
4399,12.6381,11.9483,2.0348,11.3537,656.0,22000.0,2900.8047
4400,11.2566,12.0459,2.0028,12.9581,653.0,20036.0,2900.8047
4401,12.9595,10.7342,1.9607,11.9672,652.0,22722.0,2900.8047
4402,11.9749,12.0138,1.9486,11.7496,656.0,24432.0,2900.8047
4403,11.732,12.2008,1.9313,12.4213,653.0,22674.0,2900.8047
4404,12.4494,11.9529,2.0932,12.7597,653.0,24653.0,2900.8047
4405,12.7509,10.7594,1.9573,13.3259,654.0,21554.0,2900.8047
4406,13.3936,12.0911,2.1786,12.0769,653.0,20795.0,2900.8047
4407,11.9783,11.8404,2.2407,13.1494,652.0,19948.0,2900.8047
4408,13.1615,10.7082,2.038,12.0619,656.0,20323.0,2900.8047
4409,12.0723,12.2473,2.2443,12.3887,656.0,19358.0,2900.8047
4410,12.4388,12.321,2.4209,12.7774,657.0,21349.0,2900.8047
4411,12.7463,11.9801,2.3187,12.999,656.0,21579.0,2900.8047
4412,13.0038,11.6491,2.3317,12.4287,657.0,21656.0,2900.8047
4413,12.3983,11.6983,2.8566,12.2462,655.0,29630.0,2900.8047
4414,12.3307,12.1744,2.6023,12.8715,652.0,21844.0,2900.8047
4415,12.9071,11.94,2.5234,12.469,654.0,26633.0,2900.8047
4416,12.4975,11.6553,2.5595,13.0568,654.0,19785.0,2900.8047
4417,12.9994,11.1656,3.0492,12.4387,652.0,27670.0,2900.8047
4418,12.4832,12.1744,2.4023,11.6893,654.0,31571.0,2900.8047
4419,11.5921,12.0765,1.9531,11.994,653.0,25274.0,2900.8047
4420,11.9985,11.0475,2.1982,12.8384,636.0,17494.0,2900.8047
4421,12.8687,10.8056,2.0075,14.5997,652.0,22418.0,2900.8047
4422,14.7203,12.0032,2.5383,10.991,652.0,26462.0,2900.8047
4423,10.9083,11.8455,2.8722,12.4436,653.0,35446.0,2900.8047
4424,12.4921,10.9078,2.8205,14.8283,657.0,28860.0,2900.8047
4425,14.7507,12.3498,2.8082,12.6553,657.0,25034.0,2900.8047
4426,12.7127,12.5505,3.2435,13.2136,658.0,19188.0,2900.8047
4427,13.2913,12.9547,2.7725,12.5224,654.0,18618.0,2900.8047
4428,12.4334,11.8805,2.7537,12.7066,655.0,17678.0,2900.8047
4429,12.7314,11.2084,2.8818,13.9053,655.0,18082.0,2900.8047
4430,13.9057,12.604,3.7841,11.4536,654.0,20232.0,2900.8047
4431,11.3984,12.4897,2.704,12.676,652.0,18792.0,2900.8047
4432,12.7919,12.3812,2.6501,12.0539,652.0,16600.0,2900.8047
4433,11.8965,10.8841,2.6034,13.2826,654.0,18361.0,2900.8047
4434,13.3445,12.4654,3.1984,13.8882,652.0,19574.0,2900.8047
4435,13.9566,12.3436,2.8997,12.1931,654.0,19245.0,2900.8047
4436,12.15,11.7691,2.8805,11.4402,653.0,20433.0,2900.8047
4437,11.4276,10.9664,2.4272,12.9601,653.0,19334.0,2900.8047
4438,12.9659,12.7491,2.9435,13.6833,655.0,21802.0,2900.8047
4439,13.6819,12.5538,2.5703,11.3972,653.0,18362.0,2900.8047
4440,11.4061,12.2378,2.4269,11.756,657.0,17888.0,2900.8047
4441,11.6742,10.7533,2.0929,13.4594,658.0,19959.0,2900.8047
4442,13.5478,10.8619,2.6977,12.8179,657.0,19176.0,2900.8047
4443,12.8343,12.6467,2.3709,12.8714,656.0,20649.0,2900.8047
4444,12.8187,12.3008,2.3533,10.9755,656.0,25883.0,2900.8047
4445,10.9989,12.3301,2.12,14.0823,654.0,18882.0,2900.8047
4446,14.0556,10.7526,2.7254,13.3517,656.0,25383.0,2900.8047
4447,13.3462,12.5146,2.4859,12.5789,654.0,20696.0,2900.8047
4448,13.1253,12.5469,2.7165,11.2586,654.0,22523.0,2900.8047
4449,10.944,12.78,3.2803,14.0035,652.0,25526.0,2900.8047
4450,13.7218,10.7848,2.6088,13.44,652.0,20592.0,2900.8047
4451,13.6002,12.469,2.5956,13.4605,653.0,19670.0,2900.8047
4452,13.3777,12.4339,3.1631,15.4623,653.0,19718.0,2900.8047
4453,15.5282,12.6195,2.8426,14.1098,653.0,19446.0,2900.8047
4454,14.0168,12.4663,3.1754,12.6407,656.0,22065.0,2900.8047
4455,12.6624,12.6363,3.8629,16.2387,654.0,18390.0,2900.8047
4456,16.217,12.6363,3.2322,14.3369,656.0,18370.0,2900.8047
4457,14.3204,12.0912,3.4703,14.2323,656.0,19908.0,2900.8047
4458,14.2757,12.5228,2.9363,14.1371,656.0,18852.0,2900.8047
4459,14.1645,12.4586,2.9875,15.1992,654.0,17500.0,2900.8047
4460,15.2904,12.4586,3.3007,13.5663,655.0,18012.0,2900.8047
4461,13.5197,11.1524,3.2916,13.7614,655.0,21600.0,2900.8047
4462,13.7532,11.665,3.9264,18.7914,653.0,21870.0,2900.8047
4463,18.7375,11.665,2.6022,13.8894,654.0,24746.0,2900.8047
4464,14.0928,10.9241,3.265,13.7134,652.0,18916.0,2900.8047
4465,14.4934,12.7307,3.9176,15.6135,652.0,23520.0,2900.8047
4466,14.5752,12.7307,3.0023,13.2667,653.0,18224.0,2900.8047
4467,13.3167,12.1548,3.3376,14.8556,655.0,25086.0,2900.8047
