capture_frame,FrameTime,GPUTime,GameThreadTime,RenderThreadTime,RHI/DrawCalls,RHI/PrimitivesDrawn,GPUMem/LocalUsedMB
120,16.5064,15.9322,1.8067,16.5118,274.0,6286.0,2794.5547
121,16.5278,15.9319,1.9365,16.1954,274.0,6286.0,2794.5547
122,16.1894,15.8272,2.0682,16.8112,273.0,6274.0,2794.5547
123,16.8169,15.7705,1.9975,15.9646,308.0,9652.0,2794.5547
124,16.0101,15.9178,2.2661,16.3028,309.0,9988.0,2794.5547
125,16.2599,15.6941,1.886,16.4903,313.0,11766.0,2794.5547
126,16.4491,15.756,1.8192,16.0157,310.0,11586.0,2794.5547
127,16.1156,15.7717,1.9235,16.448,277.0,6278.0,2794.5547
128,16.3836,15.5901,1.9647,16.0589,316.0,14113.0,2794.5547
129,16.0454,15.6993,1.8949,15.8651,313.0,10259.0,2794.5547
130,15.883,15.555,1.8283,16.2098,295.0,7476.0,2794.5547
131,16.2537,15.3432,1.8738,16.3572,273.0,6274.0,2794.5547
132,16.3651,15.6373,1.9047,15.9215,309.0,8694.0,2794.5547
133,15.8681,15.2135,1.7987,16.1926,309.0,8850.0,2794.5547
134,16.2067,14.8442,1.8433,16.4314,308.0,10382.0,2794.5547
135,16.4502,15.4779,1.8932,16.5946,309.0,9002.0,2794.5547
136,16.5437,15.5411,1.8894,15.6404,311.0,18825.0,2794.5547
137,15.6552,15.7573,1.9613,16.204,310.0,15477.0,2794.5547
138,16.229,15.5256,2.0859,16.2871,309.0,18974.0,2794.5547
139,16.3523,16.0125,1.8321,16.0067,310.0,25941.0,2794.5547
140,15.932,15.7595,1.6952,16.4254,309.0,13926.0,2794.5547
141,16.6784,15.1845,1.9231,15.6973,312.0,13610.0,2794.5547
142,15.4475,15.8086,2.1939,16.6448,312.0,13610.0,2794.5547
143,16.6763,15.6511,1.8928,16.5103,313.0,8390.0,2794.5547
144,16.4782,16.0064,1.9144,15.9528,310.0,8376.0,2794.5547
145,15.9667,15.7629,1.8109,16.5012,284.0,6816.0,2794.5547
146,16.4912,15.7952,1.8189,16.6463,282.0,6648.0,2794.5547
147,16.6675,15.8708,1.8528,16.5458,299.0,9474.0,2794.5547
148,16.519,15.8755,1.86,16.6573,307.0,10002.0,2794.5547
149,16.7739,15.847,2.0589,16.2588,310.0,11933.0,2794.5547
150,16.2992,16.0632,2.3499,16.0285,310.0,10801.0,2794.5547
151,15.9572,15.9027,1.9637,16.348,310.0,11729.0,2794.5547
152,16.2926,15.9239,2.1574,17.4309,310.0,10709.0,2794.5547
153,17.4861,15.9683,2.1716,15.6427,309.0,8850.0,2794.5547
154,15.7035,15.6986,2.0956,16.2071,308.0,11454.0,2794.5547
155,16.126,15.6668,1.8034,15.8823,308.0,11622.0,2794.5547
156,15.9138,15.8309,2.3895,16.0951,309.0,9314.0,2794.5547
157,16.0473,15.3291,2.0171,16.4694,313.0,8758.0,2794.5547
158,16.4325,16.2566,2.0051,16.0266,313.0,11698.0,2794.5547
159,16.0495,16.0211,1.9198,16.2891,316.0,17027.0,2794.5547
160,16.3396,15.9316,1.9844,16.6403,320.0,22926.0,2794.5547
161,16.5763,15.8316,1.84,16.2337,321.0,26342.0,2794.5547
162,16.2074,15.7711,1.8283,16.4153,319.0,38028.0,2794.5547
163,16.4519,15.7981,1.8422,16.3127,308.0,22790.0,2794.5547
164,16.3279,15.9982,1.9249,16.3297,312.0,33241.0,2794.5547
165,16.2735,15.8124,1.7941,16.5095,308.0,25774.0,2794.5547
166,16.5171,15.7321,1.8875,15.7552,308.0,17608.0,2794.5547
167,15.755,15.8334,1.9353,16.3586,275.0,6394.0,2794.5547
168,16.4308,15.6807,2.0912,16.0756,273.0,6274.0,2794.5547
169,16.0255,15.3876,2.0136,16.529,274.0,6286.0,2794.5547
170,16.5543,15.7329,2.0439,16.0623,273.0,6274.0,2794.5547
171,15.9739,15.6187,1.647,16.1376,273.0,6274.0,2794.5547
172,16.2027,15.4157,2.0257,17.017,274.0,6286.0,2794.5547
173,17.0445,15.6669,1.807,15.8422,296.0,8276.0,2794.5547
174,15.8421,15.5645,2.0873,16.4984,308.0,8510.0,2794.5547
175,16.4079,16.1173,1.5186,16.2124,312.0,13356.0,2794.6797
176,16.2951,14.9631,1.6679,15.7825,311.0,10076.0,2794.6797
177,15.7546,15.8189,1.8018,16.1419,294.0,9056.0,2794.6797
178,16.182,14.9653,1.8174,16.2003,295.0,7476.0,2794.6797
179,16.1697,15.1034,1.9005,16.7865,314.0,14111.0,2794.6797
180,16.8074,15.7866,1.9814,15.3968,310.0,10245.0,2794.6797
181,15.3804,15.9592,1.9615,17.4083,274.0,6286.0,2794.6797
182,17.4035,15.8346,1.7176,16.3426,275.0,6654.0,2794.6797
183,16.4484,15.9022,2.222,15.8329,308.0,8374.0,2794.6797
184,15.7299,15.8654,2.0043,15.6763,309.0,9158.0,2794.6797
185,15.6815,15.9912,1.947,16.7267,309.0,10086.0,2794.6797
186,16.7342,15.608,1.9526,16.2235,309.0,9002.0,2794.6797
187,16.2526,15.546,1.9541,15.9133,312.0,18837.0,2794.6797
188,15.8855,15.4539,1.9529,16.059,310.0,15477.0,2794.6797
189,16.0777,15.5082,2.0008,16.2184,312.0,18966.0,2794.6797
190,16.2145,15.5662,1.8753,15.6801,315.0,25957.0,2794.6797
191,16.1303,15.5817,2.5046,15.5855,312.0,13918.0,2794.6797
192,15.1784,15.6529,2.4948,16.1588,310.0,13608.0,2794.6797
193,16.1329,15.8151,2.2389,16.3978,310.0,13608.0,2794.6797
194,16.3833,15.3708,2.3053,15.9379,310.0,8376.0,2794.6797
195,15.9606,15.5376,2.2156,16.0068,309.0,8386.0,2794.6797
196,15.9822,15.4929,1.8739,15.8774,296.0,9342.0,2794.6797
197,15.8538,15.6227,1.7639,16.3424,292.0,9102.0,2794.6797
198,16.3504,15.8589,1.9032,16.2135,308.0,8374.0,2794.6797
199,16.2174,15.4978,1.8871,16.0096,311.0,11945.0,2794.6797
200,16.0264,15.7434,1.9476,16.7986,310.0,10801.0,2794.6797
201,16.7646,15.8017,1.9211,16.0097,310.0,11729.0,2794.6797
202,16.1148,15.412,1.9257,16.7848,310.0,10709.0,2794.6797
203,16.7159,15.3912,1.9275,15.7659,309.0,8850.0,2794.6797
204,15.7709,16.132,1.9384,16.4065,308.0,11918.0,2794.6797
205,16.4202,15.2851,1.9545,16.1847,312.0,11162.0,2794.6797
206,16.1339,16.3196,1.8464,16.6875,312.0,9306.0,2794.6797
207,16.717,15.7183,2.0509,16.061,312.0,9114.0,2794.6797
208,15.9954,15.3442,1.6369,15.8067,311.0,11696.0,2794.6797
209,15.9029,15.4005,1.9766,16.7869,315.0,16799.0,2794.6797
210,16.7332,15.3261,1.8333,15.7168,320.0,23954.0,2794.6797
211,15.7412,15.2789,1.715,15.7992,318.0,30668.0,2794.6797
212,15.9061,15.5131,2.1501,16.5976,316.0,32636.0,2794.6797
213,16.5208,15.5928,2.0219,16.6443,308.0,24266.0,2794.6797
214,16.6571,15.9782,2.1334,16.1601,310.0,31991.0,2794.6797
215,16.1656,15.5793,2.1066,16.0708,309.0,25416.0,2794.6797
216,16.0278,15.7628,1.9957,15.8716,306.0,17440.0,2794.6797
217,15.8312,15.6279,1.7013,16.1606,276.0,6406.0,2794.6797
218,16.1866,15.3881,1.7862,15.7064,273.0,6274.0,2794.6797
219,15.7469,15.57,1.847,16.24,273.0,6274.0,2794.6797
220,16.2458,15.6779,1.9938,16.3957,273.0,6274.0,2794.6797
221,16.502,15.709,1.8574,16.5099,278.0,6290.0,2794.6797
222,16.3364,16.0683,2.0721,16.437,277.0,6278.0,2794.6797
223,16.5249,15.8422,1.9145,16.1709,308.0,9168.0,2794.6797
224,16.1566,15.9472,2.0572,16.6594,298.0,8438.0,2794.6797
225,16.6891,16.0871,2.2515,16.6657,310.0,12772.0,2794.6797
226,16.6365,15.8579,2.091,15.7985,310.0,10016.0,2794.6797
227,15.8137,15.8922,1.9666,16.4952,294.0,9222.0,2794.6797
228,16.5344,15.8665,2.2276,16.1235,308.0,8374.0,2794.6797
229,16.0842,15.7908,2.0139,16.3845,311.0,13931.0,2794.6797
230,16.3574,15.9911,2.143,15.9801,295.0,9249.0,2794.6797
231,15.968,15.8775,1.5015,16.6556,273.0,6274.0,2794.6797
232,16.6264,15.5321,1.7268,16.1791,308.0,8682.0,2794.6797
233,16.1961,15.8729,1.9771,16.007,308.0,8682.0,2794.6797
234,16.0845,15.7557,1.9728,16.4795,308.0,10538.0,2794.6797
235,16.3896,15.7167,1.7841,16.3417,310.0,9014.0,2794.6797
236,16.3597,15.8744,1.8643,16.1956,311.0,18825.0,2794.6797
237,16.1781,15.8872,1.8312,16.3243,315.0,10261.0,2794.6797
238,16.3347,15.6088,1.7567,16.1566,312.0,24198.0,2794.6797
239,16.1797,15.8727,1.8097,16.4789,314.0,25945.0,2794.6797
240,16.4485,15.7269,1.8829,15.8749,310.0,13916.0,2794.6797
241,15.9388,15.8309,1.7815,16.7893,310.0,13608.0,2794.6797
242,16.7286,15.7005,1.95,16.1321,311.0,13620.0,2794.6797
243,16.2585,15.6475,2.4363,16.3766,308.0,8374.0,2794.6797
244,16.2676,15.4545,1.8763,16.0693,309.0,8386.0,2794.6797
245,16.0949,15.8308,1.8693,16.3943,300.0,9534.0,2794.6797
246,16.4084,15.6351,2.0709,16.3714,294.0,9222.0,2794.6797
247,16.3291,15.6245,1.9536,15.7982,309.0,8386.0,2794.6797
248,15.8026,15.5485,1.9232,15.9618,310.0,11933.0,2794.6797
249,15.9938,14.4427,1.8689,15.9145,310.0,11265.0,2794.6797
250,15.8898,15.306,1.9751,15.5733,311.0,11277.0,2794.6797
251,15.6076,15.3048,2.0332,15.9357,311.0,11185.0,2794.6797
252,15.9588,15.8194,2.1212,16.2757,308.0,8374.0,2794.6797
253,16.2231,15.8915,2.0526,16.5424,312.0,11922.0,2794.6797
254,16.6533,15.9663,2.1911,16.3566,312.0,11162.0,2794.6797
255,16.2729,15.9176,2.1642,16.3444,313.0,9318.0,2794.6797
256,16.3519,15.8303,1.9431,16.4694,310.0,9112.0,2794.6797
257,16.4657,15.8672,2.062,16.9636,311.0,12064.0,2794.6797
258,16.9666,16.0275,2.3072,16.0695,315.0,16561.0,2794.6797
259,16.0869,16.0427,2.21,16.3811,318.0,23822.0,2794.6797
260,16.3669,15.9146,2.0217,16.7093,319.0,30680.0,2794.6797
261,16.6696,16.0682,2.0788,16.8128,316.0,35972.0,2794.6797
262,16.8122,15.9728,2.1232,16.2875,308.0,20930.0,2794.6797
263,16.3066,15.9194,2.0145,16.4055,310.0,31991.0,2794.6797
264,16.3599,16.0387,1.9825,16.5406,309.0,27320.0,2794.6797
265,16.642,15.9048,2.1291,16.201,306.0,15488.0,2794.6797
266,16.167,16.1772,1.9417,15.9506,274.0,6286.0,2794.6797
267,16.0279,16.148,2.1859,16.9751,273.0,6274.0,2794.6797
268,16.9165,15.9177,2.0137,16.9461,273.0,6274.0,2794.6797
269,17.0409,15.9095,2.0765,15.7102,277.0,6278.0,2794.6797
270,15.6062,15.9411,2.0728,15.9302,278.0,6290.0,2794.6797
271,15.969,15.8606,2.3376,16.5782,277.0,6278.0,2794.6797
272,16.544,16.0422,2.295,16.6445,311.0,9952.0,2794.6797
273,16.7441,16.2238,2.3467,16.7853,303.0,9844.0,2794.6797
274,16.701,16.2497,2.3406,16.5851,309.0,10976.0,2794.6797
275,16.5573,15.5672,2.1461,16.3864,308.0,10062.0,2794.6797
276,16.6141,16.9013,2.878,17.761,291.0,9042.0,2794.6797
277,17.5606,15.5996,2.3064,16.4797,308.0,8374.0,2794.6797
278,16.5299,16.3362,2.0482,16.8521,313.0,15802.0,2794.6797
279,16.8947,15.9995,3.0541,15.37,287.0,7114.0,2794.6797
280,15.5295,15.4559,2.5248,16.2927,274.0,6286.0,2794.6797
281,16.0518,16.2958,2.0368,16.4964,308.0,8682.0,2794.6797
282,16.4347,15.5666,2.0866,16.5981,308.0,8682.0,2794.6797
283,16.678,16.3417,2.4355,16.8022,309.0,10550.0,2794.6797
284,16.7222,16.3925,2.469,16.5252,308.0,8990.0,2794.6797
285,16.5563,15.5664,2.423,16.3956,316.0,18841.0,2794.6797
286,16.3745,16.6882,2.2293,16.7955,314.0,10249.0,2794.6797
287,16.7582,16.0009,2.2329,16.7733,313.0,24210.0,2794.6797
288,16.7857,16.1507,2.3684,16.6027,312.0,25943.0,2794.6797
289,16.6081,15.9231,2.1447,15.9046,312.0,13940.0,2794.6797
290,15.9219,15.9052,2.1397,16.7436,310.0,13608.0,2794.6797
291,16.7344,15.9834,1.8886,16.6044,309.0,13618.0,2794.6797
292,16.5901,16.4425,1.7702,16.4511,308.0,8374.0,2794.6797
293,16.4753,16.0731,1.903,16.4731,308.0,8374.0,2794.6797
294,16.4734,15.7464,1.8378,15.9833,300.0,9534.0,2794.6797
295,15.961,15.8168,1.8753,16.2347,303.0,9666.0,2794.6797
296,16.2434,15.7415,2.0312,16.8066,309.0,8386.0,2794.6797
297,16.8212,15.7924,1.9459,16.1362,310.0,12397.0,2794.6797
298,16.1571,15.8125,1.7487,16.3092,310.0,10801.0,2794.6797
299,16.2927,15.7338,1.716,16.0391,310.0,11265.0,2794.6797
300,16.0597,15.8568,1.7413,16.6683,310.0,11173.0,2794.6797
301,16.6328,15.6704,1.8093,16.1147,312.0,8378.0,2794.6797
302,16.1125,15.9358,1.7565,16.3901,312.0,12386.0,2794.6797
303,16.4043,15.6901,1.8971,15.7999,313.0,10710.0,2794.6797
304,15.8392,15.6757,1.8723,16.4236,311.0,9316.0,2794.6797
305,16.4071,15.3795,1.8138,16.1024,311.0,9780.0,2794.6797
306,16.0981,15.607,1.8431,16.6209,312.0,12238.0,2794.6797
307,16.6296,15.7749,1.9743,15.8782,314.0,17307.0,2794.6797
308,15.8579,15.5204,1.8478,15.9233,320.0,27286.0,2794.6797
309,15.9483,14.6931,1.8861,16.0383,317.0,28984.0,2794.6797
310,16.0565,14.6115,1.909,15.3656,315.0,34622.0,2794.6797
311,15.3815,16.671,2.0963,17.5013,311.0,23080.0,2794.6797
312,17.4666,15.7609,2.1506,15.7865,310.0,28727.0,2794.6797
313,15.7561,16.0896,1.9294,18.0373,308.0,27866.0,2794.6797
314,18.0884,16.6411,2.2192,16.8314,298.0,13712.0,2794.6797
315,16.8156,16.4622,2.013,17.3785,273.0,6274.0,2794.6797
316,17.3389,16.1346,1.7433,17.0327,274.0,6286.0,2794.6797
317,17.0404,16.4535,1.9171,17.0833,277.0,6278.0,2794.6797
318,17.1181,16.6641,2.0564,16.9161,277.0,6278.0,2794.6797
319,16.9236,16.3612,2.1144,17.0866,277.0,6278.0,2794.6797
320,17.1887,16.5511,2.1685,17.0832,293.0,8214.0,2794.6797
321,17.006,16.6941,2.2193,17.4973,303.0,10302.0,2794.6797
322,17.4165,16.6913,1.8404,17.5331,292.0,7496.0,2794.6797
323,17.5357,16.7067,1.9372,16.6659,308.0,11130.0,2794.6797
324,16.7585,16.5795,1.7149,17.4875,308.0,11750.0,2794.6797
325,17.4524,16.7397,1.9146,16.8915,295.0,7594.0,2794.6797
326,16.8732,16.9593,1.8367,18.6545,309.0,8386.0,2794.6797
327,18.6598,16.6984,1.7277,15.778,315.0,15922.0,2794.6797
328,15.7574,16.6905,1.8116,16.7573,278.0,6574.0,2794.6797
329,16.7512,16.2549,1.7597,17.2366,274.0,6286.0,2794.6797
330,17.2685,15.3397,1.6758,15.8198,308.0,8682.0,2794.6797
331,15.7736,15.9941,1.7767,17.0279,309.0,8694.0,2794.6797
332,17.0587,15.8462,1.8278,15.8995,309.0,10550.0,2794.6797
333,15.9088,15.7336,1.853,16.1218,312.0,8994.0,2794.6797
334,16.0831,15.9653,1.7575,16.8401,318.0,18865.0,2794.6797
335,16.8855,16.2588,1.9223,17.23,316.0,10273.0,2794.6797
336,17.2131,15.8057,2.2823,16.5519,310.0,24196.0,2794.6797
337,16.5465,16.5341,2.2158,16.2291,313.0,25955.0,2794.6797
338,16.2604,15.7587,2.2668,16.4016,310.0,13916.0,2794.6797
339,16.5057,15.7784,2.1092,16.617,308.0,13606.0,2794.6797
340,16.4605,15.5524,1.8485,16.1654,309.0,13618.0,2794.6797
341,16.1948,15.721,1.944,16.4754,309.0,8386.0,2794.6797
342,16.4158,15.7635,1.7497,16.4542,308.0,8374.0,2794.6797
343,16.5204,16.2763,1.9346,16.4648,299.0,9522.0,2794.6797
344,16.5421,15.8854,2.0606,16.2896,309.0,10074.0,2794.6797
345,16.2698,16.0632,2.0779,16.7321,308.0,8838.0,2794.6797
346,16.6894,15.7301,1.89,16.2057,311.0,11945.0,2794.6797
347,16.2539,15.5346,2.0483,15.9481,310.0,11265.0,2794.6797
348,15.9065,14.9729,1.9282,16.485,310.0,10801.0,2794.6797
349,16.4653,15.36,1.9403,15.6188,314.0,11177.0,2794.6797
350,15.6334,15.0969,1.812,16.4606,313.0,8854.0,2794.6797
351,16.4953,15.7417,1.9398,17.0876,312.0,11922.0,2794.6797
352,17.0238,15.5945,1.9175,15.0847,311.0,11172.0,2794.6797
353,15.1269,15.9877,2.0502,16.4969,310.0,8998.0,2794.6797
354,16.4849,15.7192,1.8111,16.2793,312.0,10322.0,2794.6797
355,16.2902,15.9041,1.8487,16.8789,309.0,11694.0,2794.6797
356,16.931,15.3989,1.9171,16.0187,314.0,17579.0,2794.6797
357,15.954,16.0667,1.5667,15.8642,321.0,35894.0,2794.6797
358,15.8279,16.1163,1.6552,17.1173,313.0,26414.0,2794.6797
359,17.1931,15.7766,1.8617,15.8689,316.0,29916.0,2794.6797
360,15.8854,15.8417,1.8901,16.1598,308.0,30992.0,2794.6797
361,16.1073,16.0243,1.9564,16.7252,310.0,20579.0,2794.6797
362,16.73,16.1414,1.9221,16.7619,308.0,28432.0,2794.6797
363,16.7816,15.8966,2.1599,16.8545,293.0,11164.0,2794.6797
364,16.785,15.8741,1.98,15.8388,273.0,6274.0,2794.6797
365,15.9455,15.733,2.1303,16.3266,277.0,6278.0,2794.6797
366,16.2808,16.1348,2.1195,16.2878,277.0,6278.0,2794.6797
367,16.5533,15.8606,2.5668,16.8884,277.0,6278.0,2794.6797
368,16.656,15.9784,2.1948,16.1296,275.0,6276.0,2794.6797
369,16.097,15.8315,1.987,16.2766,298.0,8514.0,2794.6797
370,16.221,15.6758,1.9261,16.3375,303.0,10302.0,2794.6797
371,16.4161,15.79,1.9442,16.0814,292.0,7614.0,2794.6797
372,16.1614,15.8496,2.0416,16.3956,308.0,12818.0,2794.6797
373,16.3632,16.5423,2.0984,16.8911,309.0,10074.0,2794.6797
374,16.9635,15.7988,2.196,15.928,292.0,7414.0,2794.6797
375,15.7606,15.9023,2.1203,16.5222,308.0,8374.0,2794.6797
376,16.5369,15.8491,2.1699,15.7956,312.0,15742.0,2794.6797
377,15.7973,16.3182,2.2717,16.8234,278.0,6526.0,2794.6797
378,16.7924,16.0166,2.0769,17.3428,274.0,6286.0,2794.6797
379,17.3499,15.753,2.2081,15.8617,309.0,8694.0,2794.6797
380,15.8703,15.8537,1.9679,16.2573,308.0,8682.0,2794.6797
381,16.2637,15.8855,1.9915,16.883,312.0,10542.0,2794.6797
382,16.8971,16.0841,2.0408,16.3267,313.0,9006.0,2794.6797
383,16.3288,15.9416,2.1224,16.3186,315.0,18829.0,2794.6797
384,16.3378,15.725,1.9637,16.0817,312.0,10247.0,2794.6797
385,16.08,15.7428,1.7949,16.0587,310.0,24196.0,2794.6797
386,16.0422,15.6397,1.8173,16.5538,312.0,25943.0,2794.6797
387,16.5683,15.6376,1.8564,15.8594,308.0,13914.0,2794.6797
388,15.867,15.7434,2.0572,16.6221,308.0,13606.0,2794.6797
389,16.6365,15.7507,2.3418,16.2513,308.0,13606.0,2794.6797
390,16.2466,15.6765,2.094,16.1682,308.0,8374.0,2794.6797
391,16.159,15.5044,1.9,16.1331,308.0,8374.0,2794.6797
392,16.1497,15.6926,1.862,16.2211,299.0,9522.0,2794.6797
393,16.1964,15.3702,1.8645,16.5692,308.0,10062.0,2794.6797
394,16.5512,16.3435,1.9613,16.3138,308.0,8838.0,2794.6797
395,16.3294,15.4428,1.8312,16.0331,311.0,11945.0,2794.6797
396,16.0265,15.6372,1.8954,16.6376,311.0,11277.0,2794.6797
397,16.6775,15.9763,1.9285,15.925,315.0,10817.0,2794.6797
398,15.9116,15.5825,2.1854,16.3477,314.0,11177.0,2794.6797
399,16.3148,15.7985,1.9796,15.8493,313.0,8854.0,2794.6797
400,15.8554,15.022,1.8796,16.9025,310.0,11920.0,2794.6797
401,16.9175,15.3379,1.8601,15.6762,311.0,11172.0,2794.6797
402,15.6717,15.8011,1.9826,15.7223,310.0,8998.0,2794.6797
403,15.7662,15.8842,1.9195,16.2095,309.0,10308.0,2794.6797
404,16.1745,16.0696,1.9467,17.287,311.0,11718.0,2794.6797
405,17.357,15.8256,1.9482,16.2522,314.0,17579.0,2794.6797
406,16.2373,16.4359,1.9375,17.8195,321.0,35894.0,2794.6797
407,17.7553,16.1323,1.9327,15.927,313.0,26414.0,2794.6797
408,15.9659,16.0936,2.0361,16.5525,315.0,29904.0,2794.6797
409,16.5963,16.1632,2.0321,16.974,308.0,30992.0,2794.6797
410,16.91,15.6752,2.3684,16.6343,311.0,20591.0,2794.6797
411,16.6324,16.0922,2.3537,16.1061,309.0,28444.0,2794.6797
412,16.1633,15.9817,2.31,16.8807,292.0,11152.0,2794.6797
413,16.8029,15.9834,1.953,17.9546,278.0,6290.0,2794.6797
414,18.0025,16.3156,2.3724,15.2848,277.0,6278.0,2794.6797
415,15.3089,16.2662,2.1455,16.6053,277.0,6278.0,2794.6797
416,16.5988,16.2416,2.1999,17.2002,276.0,6288.0,2794.6797
417,17.1737,15.9193,2.0498,16.3583,276.0,6288.0,2794.6797
418,16.3671,15.9329,2.0386,16.9256,304.0,8874.0,2794.6797
419,16.945,16.0128,2.2029,15.8995,309.0,10980.0,2794.6797
420,15.9107,16.0262,2.1286,15.7531,291.0,10730.0,2794.6797
421,15.7631,16.3276,1.9992,17.1863,308.0,9442.0,2794.6797
422,17.142,16.0082,2.3443,16.0569,308.0,10062.0,2794.6797
423,16.086,16.1684,2.2776,17.4854,288.0,7078.0,2794.6797
424,17.5609,15.6235,2.19,16.784,303.0,8074.0,2794.6797
425,16.7034,16.0386,2.1039,15.3496,313.0,15802.0,2794.6797
426,15.4301,16.0088,2.2222,16.8203,274.0,6334.0,2794.6797
427,16.7618,15.9172,2.237,16.9615,274.0,6286.0,2794.6797
428,16.9576,16.191,2.3174,15.805,310.0,8706.0,2794.6797
429,15.7641,15.8747,2.3156,16.2747,314.0,8710.0,2794.6797
430,16.3032,15.9671,2.3508,18.7337,312.0,10542.0,2794.6797
431,18.7471,16.0506,2.4282,15.4172,372.0,21168.0,2794.6797
432,15.4625,17.8451,2.3967,18.3938,353.0,20231.0,2794.6797
433,18.3093,16.691,2.1012,17.4301,348.0,11315.0,2794.6797
434,17.5093,16.4371,2.0194,16.915,344.0,25168.0,2794.6797
435,16.8113,15.8438,1.8843,15.7095,345.0,26925.0,2794.6797
436,15.7804,15.7628,1.9338,16.4369,342.0,14886.0,2794.6797
437,16.4517,15.7331,1.9295,15.9712,343.0,14590.0,2794.6797
438,15.9156,15.3134,2.0287,15.7765,341.0,14494.0,2794.6797
439,15.7633,15.4596,2.0232,15.9711,341.0,9262.0,2794.6797
440,16.0887,15.3028,2.2806,15.4049,336.0,10650.0,2794.6797
441,15.3634,15.433,2.0968,15.9084,319.0,7942.0,2794.6797
442,15.9297,15.6523,2.2224,15.6083,341.0,10950.0,2794.6797
443,15.5434,15.4647,2.3279,16.0957,341.0,9726.0,2794.6797
444,16.1067,15.3594,2.1422,15.7737,343.0,13285.0,2794.6797
445,15.8058,15.3095,2.1822,15.9496,347.0,11693.0,2794.6797
446,15.8473,15.1836,2.1496,16.5974,347.0,11693.0,2794.6797
447,16.6318,15.4655,1.9749,15.789,348.0,12077.0,2794.6797
448,15.8165,15.3918,1.8813,15.664,342.0,11500.0,2794.6797
449,15.6241,15.3147,1.8068,15.9839,342.0,13652.0,2794.6797
450,15.9555,15.3867,1.8556,15.8912,342.0,9180.0,2794.6797
451,15.9372,14.5786,1.8905,16.1408,341.0,11576.0,2794.6797
452,16.1105,15.3447,1.8737,15.695,341.0,11972.0,2794.6797
453,15.6961,15.2433,1.9475,15.9303,344.0,16676.0,2794.6797
454,15.9391,14.523,1.8322,15.125,354.0,37101.0,2794.6797
455,15.1088,15.5635,1.7474,15.8151,344.0,23870.0,2794.6797
456,15.845,15.229,1.8566,15.5815,348.0,34056.0,2794.6797
457,15.5725,15.594,1.9152,16.4929,341.0,33212.0,2794.6797
458,16.4642,15.4231,1.8323,15.8184,342.0,21667.0,2794.6797
459,16.0531,15.3233,1.8788,15.7208,340.0,28012.0,2794.6797
460,15.5188,15.5529,1.9015,15.619,317.0,11120.0,2794.6797
461,15.6966,15.2263,2.194,15.1543,309.0,7082.0,2794.6797
462,15.1656,15.1961,2.1296,15.6065,309.0,7082.0,2794.6797
463,15.5006,15.2754,1.7211,15.8956,309.0,7082.0,2794.6797
464,16.0667,15.044,1.9876,15.6117,341.0,9978.0,2794.6797
465,15.4251,15.4086,1.7525,15.9542,342.0,14902.0,2794.6797
466,16.0047,15.3097,1.7923,16.2372,328.0,8340.0,2794.6797
467,16.2232,15.2784,1.8454,15.5192,340.0,10246.0,2794.6797
468,15.5613,15.2912,1.9508,15.8169,338.0,10746.0,2794.6797
469,15.8181,15.5328,1.8597,16.1305,337.0,8998.0,2794.6797
470,16.0975,14.8954,1.9402,15.1037,339.0,16122.0,2794.6797
471,15.1906,14.3926,1.8802,15.8984,305.0,7078.0,2794.6797
472,15.799,14.5188,1.8595,15.515,330.0,8578.0,2794.6797
473,15.545,15.5456,1.9248,15.9871,340.0,9486.0,2794.6797
474,15.9494,15.3236,1.8538,15.6385,340.0,9486.0,2794.6797
475,15.6399,15.2718,1.8283,16.1917,338.0,9798.0,2794.6797
476,16.3059,15.4512,2.2439,15.7997,341.0,18314.0,2794.6797
477,15.7391,15.2755,2.3462,16.3824,346.0,11053.0,2794.6797
478,16.3617,15.4587,2.2576,15.216,346.0,11053.0,2794.6797
479,15.2259,15.7212,2.7663,16.1259,346.0,26873.0,2794.6797
480,16.1354,15.6287,2.2271,16.0954,342.0,24876.0,2794.6797
481,16.1358,15.6948,1.9767,15.9561,342.0,14720.0,2794.6797
482,15.8753,15.4479,2.1037,15.8207,342.0,14412.0,2794.6797
483,15.8322,15.6619,1.912,16.2011,340.0,14410.0,2794.6797
484,16.1975,15.6015,2.0819,16.3162,340.0,10866.0,2794.6797
485,16.4178,15.5812,2.1897,15.8601,334.0,8818.0,2794.6797
486,15.7388,15.6035,2.1786,16.2958,318.0,7858.0,2794.6797
487,16.284,15.7235,1.9921,16.4412,340.0,10866.0,2794.6797
488,16.4691,15.5115,2.052,15.9426,340.0,9642.0,2794.6797
489,15.9735,15.534,2.069,16.4897,342.0,13201.0,2794.6797
490,16.4723,15.5833,1.9727,16.9988,342.0,11605.0,2794.6797
491,17.0594,15.1321,1.9548,14.899,343.0,11617.0,2794.6797
492,14.881,15.6628,2.1074,15.6437,342.0,11977.0,2794.6797
493,15.5568,15.0552,1.9405,16.7629,344.0,11502.0,2794.6797
494,16.7811,14.4452,1.9211,15.9334,344.0,13654.0,2794.6797
495,15.9516,14.5663,2.1105,15.1135,344.0,9182.0,2794.6797
496,15.1101,15.1356,2.0623,16.2384,343.0,11578.0,2794.6797
497,16.2332,15.8214,1.8954,15.5147,343.0,13030.0,2794.6797
498,15.6068,15.6091,2.0517,15.7867,347.0,20566.0,2794.6797
499,15.7435,15.6941,2.0445,16.674,355.0,37233.0,2794.6797
500,16.7002,15.5964,2.2276,15.6501,344.0,23476.0,2794.6797
501,15.601,15.5573,2.2086,16.0596,347.0,31352.0,2794.6797
502,16.1824,15.6712,2.0783,16.3036,341.0,33748.0,2794.6797
503,16.2317,15.725,2.0542,16.3582,342.0,20093.0,2794.6797
504,16.4649,15.8861,2.2035,16.6885,340.0,27300.0,2794.6797
505,16.5649,15.6599,2.2275,15.7118,314.0,10676.0,2794.6797
506,15.7469,15.5603,2.219,15.2439,305.0,7078.0,2794.6797
507,15.2132,15.3808,2.478,16.0623,305.0,7078.0,2794.6797
508,16.0444,15.6534,2.342,16.4259,316.0,7862.0,2794.6797
509,16.4064,15.772,2.5927,16.4642,344.0,15152.0,2794.6797
510,16.4698,15.668,2.525,16.6912,344.0,9716.0,2794.6797
511,16.7167,16.2258,2.313,16.421,333.0,8522.0,2794.6797
512,16.3975,16.9238,1.9225,17.4117,337.0,9948.0,2794.6797
513,17.7803,16.5041,2.3839,17.0267,330.0,10148.0,2794.6797
514,16.7175,15.4076,2.3712,15.733,342.0,9180.0,2794.6797
515,15.6893,16.5444,2.3228,17.3066,334.0,15822.0,2794.6797
516,17.2753,17.4525,2.3599,20.8924,305.0,7078.0,2794.6797
517,21.1373,15.8627,2.6146,15.5583,340.0,9178.0,2794.6797
518,15.3962,17.1397,2.5311,17.9512,340.0,9486.0,2794.6797
519,17.9414,16.762,2.3934,17.0752,340.0,9610.0,2794.6797
520,17.194,16.5341,2.8101,17.0879,341.0,18374.0,2794.6797
521,17.0261,15.7939,2.626,16.4069,340.0,9734.0,2794.6797
522,16.3218,17.2725,2.591,16.472,342.0,11049.0,2794.6797
523,16.5434,15.5883,2.8762,15.9346,342.0,21513.0,2794.6797
524,15.8626,15.8003,2.5148,17.4033,343.0,21649.0,2794.6797
525,17.4827,15.63,2.6933,15.5019,344.0,24878.0,2794.6797
526,15.4323,15.6683,2.4329,16.3971,344.0,9490.0,2794.6797
527,16.3857,15.8142,2.2555,16.4581,344.0,14414.0,2794.6797
528,16.5838,15.608,2.262,15.4776,342.0,16100.0,2794.6797
529,15.4179,15.5755,2.3332,15.5897,342.0,9180.0,2794.6797
530,15.7434,15.833,2.4073,16.7912,324.0,8100.0,2794.6797
531,16.6997,15.961,2.7155,16.3862,321.0,8038.0,2794.6797
532,16.3407,15.4167,2.3968,15.5974,340.0,10866.0,2794.6797
533,15.5109,15.6723,2.5086,16.3875,340.0,10106.0,2794.6797
534,16.487,15.4151,2.7417,16.1991,342.0,12737.0,2794.6797
535,16.1489,15.2471,2.2017,15.9026,342.0,11605.0,2794.6797
536,15.9023,15.7654,2.5238,15.8528,342.0,11605.0,2794.6797
537,15.8485,15.2919,2.1735,16.6816,342.0,11977.0,2794.6797
538,16.6633,15.5817,2.2444,15.5794,340.0,11498.0,2794.6797
539,15.5226,15.5406,2.066,15.9694,340.0,13650.0,2794.6797
540,16.1523,15.2409,2.2485,15.7169,340.0,9178.0,2794.6797
541,15.5778,15.8414,2.1679,16.9343,347.0,11734.0,2794.6797
542,17.0027,15.3736,2.2638,15.6582,345.0,18202.0,2794.6797
543,15.6245,15.3293,2.2959,15.911,349.0,16664.0,2794.6797
544,15.9891,15.8386,2.262,17.5337,357.0,36867.0,2794.6797
545,17.4683,15.2737,2.2911,14.729,346.0,25786.0,2794.6797
546,14.7074,15.4882,2.4676,16.8552,348.0,28572.0,2794.6797
547,16.8712,15.629,2.0762,15.8345,342.0,35041.0,2794.6797
548,15.8633,15.768,2.1792,15.6788,340.0,18222.0,2794.6797
549,15.6423,15.5598,2.2467,16.62,340.0,27300.0,2794.6797
550,16.6198,15.5621,2.1495,16.2773,311.0,10544.0,2794.6797
551,16.3044,15.6221,2.1464,16.0017,305.0,7078.0,2794.6797
552,15.9867,15.531,2.3003,15.7612,306.0,7138.0,2794.6797
553,15.7721,15.5493,2.0972,15.8572,327.0,13710.0,2794.6797
554,15.8192,15.4996,2.3299,16.2191,338.0,9840.0,2794.6797
555,16.3413,15.3088,2.3835,15.9827,341.0,9724.0,2794.6797
556,15.9708,15.4791,2.1398,15.6043,336.0,9472.0,2794.6797
557,15.5546,15.5979,2.1801,15.9305,326.0,10324.0,2794.6797
558,16.0454,15.6052,2.5131,16.1122,334.0,8534.0,2794.6797
559,16.0178,15.8744,2.6561,16.1719,342.0,10813.0,2794.6797
560,16.037,15.7992,2.3512,16.5806,332.0,13833.0,2794.6797
561,16.6285,15.9186,2.7609,16.4896,307.0,7080.0,2794.6797
562,16.5001,15.6938,2.652,15.6181,342.0,9180.0,2794.6797
563,15.5477,15.6871,2.3814,16.1457,341.0,9498.0,2794.6797
564,16.2065,15.734,2.0218,16.0348,340.0,9610.0,2794.6797
565,16.0184,15.8914,1.971,16.5404,341.0,18374.0,2794.6797
566,16.5456,15.8174,1.9871,16.2702,340.0,9734.0,2794.6797
567,16.2547,15.7403,1.8462,16.1252,343.0,11061.0,2794.6797
568,16.1736,15.6365,2.0954,16.6174,342.0,21513.0,2794.6797
569,16.5606,15.6311,2.1317,16.0362,342.0,21637.0,2794.6797
570,16.1667,16.0079,2.065,16.2645,340.0,24874.0,2794.6797
571,16.1455,15.6828,2.2384,16.2247,340.0,9486.0,2794.6797
572,16.2299,15.1844,2.036,16.045,340.0,14410.0,2794.6797
573,16.0574,14.8494,1.9404,15.9337,344.0,16102.0,2794.6797
574,15.9293,15.6573,2.0134,16.2094,344.0,9182.0,2794.6797
575,16.2777,14.9222,2.0729,16.6842,326.0,8102.0,2794.6797
576,16.7097,14.9227,1.9728,16.5793,328.0,10028.0,2794.6797
577,16.522,15.8629,2.1746,16.324,342.0,9180.0,2794.6797
578,16.3122,14.5611,1.9883,16.2853,342.0,11796.0,2794.6797
579,16.2449,15.393,1.9982,16.066,342.0,11049.0,2794.6797
580,16.1819,15.9338,1.8631,16.1258,342.0,11605.0,2794.6797
581,16.0002,15.1555,1.908,15.7726,342.0,12069.0,2794.6797
582,15.8952,15.8915,1.8958,17.3407,342.0,11513.0,2794.6797
583,17.2362,15.781,2.0614,15.727,340.0,11498.0,2794.6797
584,15.8295,15.5869,2.0803,15.7481,340.0,13650.0,2794.6797
585,15.6996,15.6555,2.021,16.2227,340.0,9642.0,2794.6797
586,16.1883,15.7733,2.0042,16.0793,342.0,11942.0,2794.6797
587,16.0821,15.4092,2.0496,16.0154,343.0,21898.0,2794.6797
588,16.0071,15.6159,1.9714,17.0235,344.0,15116.0,2794.6797
589,17.0386,15.6211,2.1734,15.6947,357.0,37251.0,2794.6797
590,15.707,15.6469,2.1696,16.0905,349.0,23636.0,2794.6797
591,16.1148,16.0765,2.027,16.4903,349.0,29798.0,2794.6797
592,16.5789,15.5976,2.1595,15.8803,339.0,32433.0,2794.6797
593,15.7761,16.3574,2.0497,16.6983,342.0,18224.0,2794.6797
594,16.7269,15.924,2.1572,15.4649,342.0,27302.0,2794.6797
595,15.4094,15.619,2.0549,16.6885,311.0,10544.0,2794.6797
596,16.8143,15.6727,2.2523,16.1745,305.0,7078.0,2794.6797
597,16.0769,16.1046,2.4174,16.6911,311.0,9250.0,2794.6797
598,16.626,15.7191,2.4104,15.9224,335.0,12912.0,2794.6797
599,15.9374,15.5949,2.2628,16.3686,335.0,9126.0,2794.6797
600,16.3952,15.6273,2.3929,15.908,340.0,9712.0,2794.6797
601,15.9009,15.7066,2.3923,16.5938,335.0,11634.0,2794.6797
602,16.6531,15.612,1.9155,16.054,323.0,8158.0,2794.6797
603,16.2215,15.4883,2.2075,16.1251,335.0,10629.0,2794.6797
604,15.9312,15.472,1.6935,15.9357,323.0,8158.0,2794.6797
605,15.9026,15.7896,1.8399,16.2001,334.0,13787.0,2794.6797
606,16.1995,15.3023,2.0085,16.8399,309.0,7082.0,2794.6797
607,16.9163,15.142,1.9211,15.433,344.0,9182.0,2794.6797
608,15.3816,15.5459,1.9856,15.9926,342.0,9488.0,2794.6797
609,15.9678,15.0,1.8116,15.3288,342.0,9612.0,2794.6797
610,15.376,15.6582,1.9758,16.2734,343.0,18376.0,2794.6797
611,16.2084,15.0964,1.8554,16.3489,340.0,9734.0,2794.6797
612,16.4076,15.3479,1.9702,16.1945,342.0,11049.0,2794.6797
613,16.1487,15.6938,1.9769,15.794,342.0,21513.0,2794.6797
614,15.8326,15.7068,2.0172,16.1269,342.0,21637.0,2794.6797
615,16.1517,15.256,2.0898,16.6039,340.0,24874.0,2794.6797
616,16.5861,15.3199,1.9569,14.9433,341.0,9498.0,2794.6797
617,14.9466,15.3434,1.8405,15.578,340.0,14410.0,2794.6797
618,15.5609,15.3925,2.0303,15.8862,341.0,16110.0,2794.6797
619,15.9171,15.5308,2.1192,16.1199,340.0,9178.0,2794.6797
620,16.1418,15.7668,2.1891,16.4383,327.0,8398.0,2794.6797
621,16.4142,15.536,2.0313,15.4338,333.0,10210.0,2794.6797
622,15.6173,15.8137,2.303,16.6769,344.0,11334.0,2794.6797
623,16.5514,15.6267,2.2134,15.7297,344.0,9646.0,2794.6797
624,15.6434,15.6679,2.1679,16.2031,345.0,11063.0,2794.6797
625,16.1773,15.5958,2.005,16.2292,344.0,12071.0,2794.6797
626,16.2517,15.4593,2.3088,16.2863,346.0,13478.0,2794.6797
627,16.264,15.6194,2.1266,15.9511,340.0,9642.0,2794.6797
628,16.0155,15.4855,1.9329,15.7392,340.0,11962.0,2794.6797
629,15.6847,15.3091,1.7695,16.3538,340.0,13650.0,2794.6797
630,16.3849,15.6151,2.0752,16.1863,340.0,9866.0,2794.6797
631,16.1434,15.3728,1.8794,16.0091,344.0,18686.0,2794.6797
632,16.0554,15.0655,1.9372,15.8273,343.0,15994.0,2794.6797
633,15.7887,15.7637,2.0209,15.7132,346.0,21398.0,2794.6797
634,15.8224,15.2328,1.8829,16.0409,351.0,34455.0,2794.6797
635,16.0443,14.7219,1.8973,15.8715,344.0,24876.0,2794.6797
636,15.8513,14.7996,2.0146,15.5303,344.0,28196.0,2794.6797
637,15.5059,15.2439,1.8333,16.6459,334.0,27815.0,2794.6797
638,16.6098,15.7118,1.8984,15.5939,345.0,17774.0,2794.6797
639,15.6068,15.0742,1.9225,15.2934,344.0,27692.0,2794.6797
640,15.2855,15.3569,1.8451,16.8765,312.0,10098.0,2794.6797
641,16.8609,15.6499,1.9073,15.783,307.0,7080.0,2794.6797
642,15.8218,15.2926,1.8476,15.4536,322.0,13826.0,2794.6797
643,15.5013,15.4543,1.9173,15.7116,337.0,8998.0,2794.6797
644,15.6696,15.5564,1.9518,16.9835,337.0,9246.0,2794.6797
645,16.9912,15.2755,2.1175,14.7655,340.0,11934.0,2794.6797
646,14.7872,15.4373,2.314,15.8735,328.0,8992.0,2794.6797
647,15.8929,15.2942,2.0377,15.6931,336.0,10641.0,2794.6797
648,15.6675,15.2599,2.2432,15.8767,324.0,8170.0,2794.6797
649,15.8061,15.4012,1.9957,15.9798,322.0,8098.0,2794.6797
650,16.002,15.2757,1.9532,15.7207,324.0,13471.0,2794.6797
651,15.7379,15.3042,1.8557,15.9478,305.0,7078.0,2794.6797
652,15.9289,15.5453,1.873,15.9622,341.0,9190.0,2794.6797
653,15.935,15.0719,1.8935,16.0146,344.0,9490.0,2794.6797
654,16.0429,15.2934,1.9394,15.6743,344.0,9614.0,2794.6797
655,15.723,14.9898,2.0456,16.0332,345.0,18378.0,2794.6797
656,16.044,14.4953,2.0206,15.5544,343.0,9748.0,2794.6797
657,15.4918,15.1802,1.9101,15.5368,344.0,11051.0,2794.6797
658,15.5799,15.0655,2.1645,15.9076,345.0,21527.0,2794.6797
659,15.9014,15.7124,2.2421,16.5417,342.0,21637.0,2794.6797
660,16.6125,15.429,2.11,15.8138,340.0,24874.0,2794.6797
661,15.7283,15.4502,2.0026,15.6545,340.0,9486.0,2794.6797
662,15.688,15.5173,2.1905,15.6606,340.0,14410.0,2794.6797
663,15.5797,15.4155,1.894,16.3319,340.0,16098.0,2794.6797
664,16.4242,15.4836,2.2223,15.9745,341.0,9190.0,2794.6797
665,15.9644,15.7644,2.0646,15.6146,340.0,10866.0,2794.6797
666,15.647,15.1736,2.3529,15.4934,320.0,7978.0,2794.6797
667,15.389,15.537,2.0161,16.1226,340.0,11330.0,2794.6797
668,16.1587,15.56,2.0694,16.6699,339.0,9582.0,2794.6797
669,16.6403,15.6081,2.0939,15.8771,346.0,11053.0,2794.6797
670,15.8978,15.5874,2.2562,16.1354,348.0,13944.0,2794.6797
671,16.1497,15.3209,1.9994,15.5526,346.0,11609.0,2794.6797
672,15.5229,15.4872,1.9254,17.5053,342.0,10108.0,2794.6797
673,17.6596,15.6096,2.3712,15.4154,342.0,11964.0,2794.6797
674,15.2897,15.115,2.1232,16.0267,342.0,13188.0,2794.6797
675,16.021,16.1278,2.068,16.364,341.0,13214.0,2794.6797
676,16.5254,15.4059,2.3038,16.5685,345.0,16390.0,2794.6797
677,16.5765,15.2007,2.6023,18.1829,342.0,17724.0,2794.8047
678,18.1898,14.8492,2.4717,12.4733,346.0,20224.0,2794.8047
679,12.2851,14.6948,1.8993,16.0528,351.0,32905.0,2794.8047
680,16.0694,14.244,1.8074,15.7783,345.0,28744.0,2794.8047
681,15.7838,15.5196,1.9752,15.9573,343.0,24746.0,2794.8047
682,15.9595,15.4352,1.8786,15.25,337.0,28231.0,2794.8047
683,15.3651,15.5177,2.056,17.0626,340.0,28996.0,2794.8047
684,16.9165,15.5887,1.9773,14.9771,337.0,18476.0,2794.8047
685,15.0173,15.694,2.1502,16.2431,309.0,7082.0,2794.8047
686,16.2507,15.7559,2.0892,16.5156,321.0,13114.0,2794.8047
687,16.5632,15.2981,1.9291,15.8708,320.0,8276.0,2794.8047
688,15.8158,15.4818,2.1669,15.3762,342.0,9180.0,2794.8047
689,15.4723,15.4395,2.2432,15.5775,337.0,11884.0,2794.8047
690,15.4257,15.4876,2.1711,16.1181,341.0,9120.0,2794.8047
691,16.1632,15.5535,1.9971,16.1151,342.0,11583.0,2794.8047
692,16.0994,15.3588,1.8446,15.6564,322.0,8098.0,2794.8047
693,15.6817,15.5694,2.0103,16.4945,321.0,8038.0,2794.8047
694,16.5174,15.4288,1.8466,15.4414,320.0,7978.0,2794.8047
695,15.3848,15.6112,1.8852,16.0242,319.0,13123.0,2794.8047
696,16.0669,15.311,1.835,16.2863,305.0,7078.0,2794.8047
697,16.2958,15.2879,2.0993,15.4144,340.0,9178.0,2794.8047
698,15.3895,14.9397,1.9819,16.0458,340.0,9486.0,2794.8047
699,16.0209,15.6374,2.0164,15.9335,340.0,9610.0,2794.8047
700,16.0157,15.0474,1.8245,15.6346,341.0,18374.0,2794.8047
701,15.7598,14.6356,1.9063,16.3651,344.0,9738.0,2795.0547
702,16.231,15.2286,1.9799,16.1379,346.0,11053.0,2795.0547
703,16.1093,14.9883,2.0175,15.9109,346.0,21517.0,2795.0547
704,15.9273,14.981,2.0568,14.817,344.0,21639.0,2795.0547
705,14.8884,15.4164,2.0761,16.1626,342.0,24876.0,2795.0547
706,16.1141,15.6001,2.1727,16.447,342.0,9488.0,2795.0547
707,16.4552,15.459,1.8442,16.0686,340.0,14410.0,2795.0547
708,16.0533,15.3995,2.0166,16.29,340.0,16098.0,2795.0547
709,16.2677,15.4065,1.9268,17.226,340.0,9178.0,2795.0547
710,17.2965,15.581,2.2738,14.824,340.0,10866.0,2795.0547
711,14.8321,15.2731,2.2671,14.8573,331.0,9054.0,2795.0547
712,14.8172,15.3327,2.6836,16.2538,339.0,10806.0,2795.0547
713,16.25,15.3091,2.5836,15.6707,336.0,9402.0,2795.0547
714,15.6589,15.6066,2.1918,16.13,344.0,13384.0,2795.0547
715,16.172,15.5367,2.1906,16.2439,342.0,11605.0,2795.0547
716,16.2155,15.5153,2.125,15.5529,343.0,11617.0,2795.0547
717,15.5192,15.6748,2.1164,16.2586,344.0,11038.0,2795.0547
718,16.2849,15.4494,2.1266,16.1217,344.0,11038.0,2795.0547
719,16.0882,15.836,1.9509,16.2924,344.0,13878.0,2795.0547
720,16.3692,15.5987,2.1168,16.6232,344.0,16244.0,2795.0547
721,16.6477,15.1949,1.7782,15.4412,346.0,13152.0,2795.0547
722,15.425,16.1394,1.8688,16.5834,344.0,18278.0,2795.0547
723,16.5163,15.2666,1.9559,15.6365,347.0,24270.0,2795.0547
724,15.607,15.2309,1.9709,16.0919,350.0,32299.0,2795.0547
725,16.1121,15.2587,1.966,16.9662,346.0,27506.0,2795.0547
726,17.0134,15.1895,2.0922,16.4987,344.0,28739.0,2795.0547
727,16.4271,15.655,1.9952,14.815,338.0,23332.0,2795.0547
728,14.8391,15.443,1.8617,16.5264,340.0,29852.0,2795.0547
729,16.5091,15.6171,1.9028,15.5115,328.0,14936.0,2795.0547
730,15.5128,15.8696,1.8876,16.8854,305.0,7078.0,2795.0547
731,16.8772,15.585,1.9019,15.5683,319.0,13230.0,2795.0547
732,15.6618,15.9829,2.1055,16.4939,327.0,8932.0,2795.0547
733,16.4048,15.4955,1.9414,16.2614,344.0,9182.0,2795.0547
734,16.2919,15.5743,1.8951,16.013,340.0,11946.0,2795.0547
735,16.0823,15.9239,2.1791,16.4473,346.0,11053.0,2795.0547
736,16.3508,15.6921,1.9582,16.4265,334.0,9234.0,2795.0547
737,16.4634,15.9809,2.0595,16.1624,331.0,8520.0,2795.0547
738,16.2157,15.7412,2.1492,17.3619,313.0,7440.0,2795.0547
739,17.3334,15.7701,2.0144,14.8645,320.0,9729.0,2795.0547
740,15.2244,15.6889,2.1992,15.9622,315.0,11132.0,2795.0547
741,15.6947,15.6633,2.1728,16.4129,305.0,7078.0,2795.0547
742,16.4285,15.6462,1.9442,15.9987,340.0,9178.0,2795.0547
743,15.8336,15.64,2.1399,16.293,340.0,9486.0,2795.0547
744,16.3128,15.6789,2.2852,16.0175,341.0,9622.0,2795.0547
745,16.0061,15.8903,2.1525,16.2055,341.0,18374.0,2795.0547
746,16.2078,15.7936,2.2032,16.7789,341.0,9746.0,2795.0547
747,16.7989,15.8693,1.9556,16.392,342.0,11049.0,2795.0547
748,16.3842,15.5076,1.9066,15.6998,342.0,21513.0,2795.0547
749,15.6959,15.5014,1.8537,16.3031,346.0,21641.0,2795.0547
750,16.2853,15.9079,1.894,16.1712,344.0,24878.0,2795.0547
751,16.2417,15.7764,1.9497,16.2995,344.0,9490.0,2795.0547
752,16.222,15.566,2.0003,16.2769,343.0,14424.0,2795.0547
753,16.2963,15.2062,2.0796,15.5796,342.0,16100.0,2795.0547
754,15.5735,15.2213,2.0818,16.0593,342.0,9180.0,2795.0547
755,16.0914,15.0396,2.0366,15.7158,340.0,10866.0,2795.0547
756,15.6981,15.0661,1.9282,16.0152,340.0,9642.0,2795.0547
757,16.0355,15.8194,1.9043,16.0216,339.0,10806.0,2795.0547
758,16.0303,14.9961,1.94,16.0817,335.0,11557.0,2795.0547
759,16.0671,15.2548,1.9233,15.3582,342.0,11049.0,2795.0547
760,15.4085,15.405,1.9722,16.3009,342.0,11605.0,2795.0547
761,16.2985,15.5788,1.8589,15.572,343.0,12545.0,2795.0547
762,15.5477,15.2351,2.0083,15.5328,340.0,10570.0,2795.0547
763,15.6222,15.3878,1.8763,16.4489,340.0,11258.0,2795.0547
764,16.3906,15.5584,2.1278,15.7713,340.0,13554.0,2795.0547
765,15.7284,15.2689,2.1942,15.7784,349.0,16236.0,2795.0547
766,15.879,15.2489,2.0747,15.1327,346.0,15010.0,2795.0547
767,15.0056,15.3311,2.3264,15.5102,346.0,21698.0,2795.0547
768,15.5419,15.1743,2.1732,15.9704,350.0,24082.0,2795.0547
769,15.9658,15.2685,1.9165,15.7673,350.0,28455.0,2795.0547
770,15.7541,15.0046,1.8378,15.8036,350.0,29379.0,2795.0547
771,15.8631,14.8336,1.8982,15.74,341.0,27912.0,2795.0547
772,15.6837,15.2217,2.0925,15.1867,340.0,23322.0,2795.0547
773,15.1908,14.8303,1.8367,15.8209,340.0,29132.0,2795.0547
774,15.9182,14.2859,2.0088,15.7287,318.0,12582.0,2795.0547
775,15.6563,14.7887,1.9765,14.9801,305.0,7078.0,2795.0547
776,15.0104,14.9445,2.2589,15.2403,322.0,13410.0,2795.0547
777,15.2072,15.3666,2.0329,15.9816,332.0,9232.0,2795.0547
778,16.0755,15.0695,2.3962,17.4959,340.0,12182.0,2795.0547
779,17.4833,15.2448,2.5011,27.3715,1206.0,160397.0,2964.4297
780,27.3867,15.2448,3.7221,17.786,675.0,49297.0,2993.8047
781,18.0213,17.064,5.504,17.569,765.0,73338.0,2993.8047
782,17.3664,16.1034,3.5158,17.4523,785.0,98024.0,2993.8047
783,17.4432,14.0499,2.6661,15.6839,783.0,63918.0,2979.1172
784,15.7243,14.8795,2.9549,14.8479,728.0,50780.0,2979.1172
785,14.8803,14.6228,2.8728,14.4455,678.0,65236.0,2958.4297
786,14.631,14.0487,3.2026,16.3696,767.0,94624.0,2958.4297
787,16.1771,13.5617,2.4714,14.6068,750.0,43219.0,2958.4297
788,14.6214,15.1385,2.869,14.7387,670.0,30374.0,2958.4297
789,14.766,14.3338,2.6677,13.2885,482.0,16894.0,2958.4297
790,13.2476,14.2244,2.4296,15.0705,463.0,13630.0,2958.4297
791,14.9828,13.9127,3.3893,14.3326,466.0,13810.0,2958.4297
792,14.3134,13.8487,2.882,14.7046,465.0,13702.0,2958.4297
793,14.8068,14.0774,3.5,13.9785,464.0,13642.0,2958.4297
794,13.958,12.6443,3.181,15.547,464.0,13642.0,2958.4297
795,15.4166,13.299,3.3193,13.8109,498.0,15730.0,2958.4297
796,13.8991,13.552,2.9599,15.1636,494.0,15254.0,3026.4297
797,15.2174,13.7138,3.5011,28.2488,480.0,16102.0,3026.4297
798,28.0928,13.9705,2.964,13.2211,468.0,15334.0,3026.4297
799,13.2042,13.45,1.9173,14.2323,465.0,13632.0,2898.4297
800,14.2192,13.6915,1.8811,14.556,465.0,13632.0,2898.4297
801,14.5937,13.6244,1.9874,14.0763,465.0,13632.0,2898.4297
802,14.0937,12.4118,2.0605,14.5767,474.0,14242.0,2898.4297
803,14.5857,13.1785,2.0483,14.2308,499.0,16042.0,2898.4297
804,14.325,13.5355,2.4514,12.8575,498.0,15880.0,2898.4297
805,12.7589,13.2571,2.4011,13.8516,500.0,20044.0,2898.4297
806,13.8814,13.6635,2.1489,14.3005,498.0,16008.0,2898.4297
807,14.3313,12.8389,2.2736,13.7173,500.0,17248.0,2898.4297
808,13.6927,12.248,2.1521,14.6105,498.0,15880.0,2898.4297
809,14.6104,13.8796,2.1643,13.7707,500.0,16842.0,2898.4297
810,13.8063,13.7112,2.1375,15.188,500.0,17630.0,2898.4297
811,15.1727,13.657,2.529,13.2028,498.0,21408.0,2898.4297
812,13.1985,13.5674,2.8152,14.4018,503.0,16210.0,2898.4297
813,14.4874,13.7718,2.473,14.1949,502.0,18250.0,2898.4297
814,14.3883,12.2904,2.6142,13.3792,499.0,20082.0,2898.4297
815,13.1474,13.4912,2.2995,15.0925,465.0,13632.0,2898.4297
816,15.0569,13.8437,2.2539,12.4348,493.0,15776.0,2898.4297
817,12.4532,13.4638,2.1229,13.0485,469.0,13872.0,2898.4297
818,13.0231,13.4333,2.0189,14.047,473.0,14694.0,2898.4297
819,13.9247,13.4617,2.1354,15.7205,477.0,16338.0,2898.4297
820,15.8892,12.3477,2.134,12.1259,498.0,25762.0,2898.4297
821,12.0149,13.622,2.1156,14.7112,499.0,20158.0,2898.4297
822,14.8622,13.7806,2.3554,14.1708,498.0,20834.0,2898.4297
823,14.1334,13.9287,2.233,13.4426,499.0,18990.0,2898.4297
824,13.4344,13.5188,2.4595,13.8447,498.0,17786.0,2898.4297
825,13.771,13.6269,2.3274,14.8332,498.0,19778.0,2898.4297
826,14.8313,12.6604,1.9743,14.1414,498.0,21630.0,2898.4297
827,14.133,13.4445,2.1663,13.2114,498.0,21346.0,2898.4297
828,13.2757,13.6618,2.0634,13.6995,502.0,19466.0,2898.4297
829,13.6296,13.4803,2.1633,13.409,502.0,24594.0,2898.4297
830,13.3583,13.8874,2.2684,14.8471,502.0,26606.0,2898.4297
831,14.8599,13.9766,1.9808,14.2702,500.0,15732.0,2898.4297
832,14.4067,13.1379,1.7768,14.487,500.0,16228.0,2898.4297
833,14.4253,12.1026,2.0163,14.7156,501.0,28952.0,2898.4297
834,14.7206,14.0621,2.3203,13.8126,498.0,25994.0,2898.4297
835,13.8165,13.7144,2.0819,14.3627,498.0,16098.0,2898.4297
836,14.4583,14.1398,2.4647,14.7513,498.0,15730.0,2898.4297
837,14.9057,13.8062,2.8842,13.5934,499.0,15742.0,2898.4297
838,13.3985,13.9443,2.3933,15.2421,498.0,23858.0,2898.4297
839,15.1491,12.3114,2.264,12.2505,498.0,17586.0,2898.4297
840,12.2475,12.6008,2.2308,13.6637,498.0,19442.0,2898.4297
841,13.6608,13.6722,1.8601,14.5079,498.0,15730.0,2898.4297
842,14.5484,13.6943,2.1263,13.1284,498.0,15730.0,2898.4297
843,13.0565,13.4535,1.977,14.7407,518.0,35272.0,2898.4297
844,14.7214,13.6606,2.2202,14.0094,502.0,22270.0,2898.4297
845,14.0358,12.8871,1.9036,14.4634,502.0,17906.0,2898.4297
846,14.6036,12.319,2.0255,13.4921,502.0,16850.0,2898.4297
847,13.457,13.6425,2.2885,14.7745,500.0,21388.0,2898.4297
848,14.7657,13.9226,2.3371,12.5705,500.0,18516.0,2898.4297
849,12.5306,14.1119,2.7287,14.3836,470.0,14860.0,2898.4297
850,14.4351,13.7761,2.0943,14.1647,463.0,13630.0,2898.4297
851,14.0958,13.3747,2.0762,14.8559,463.0,13630.0,2898.4297
852,14.8705,12.4717,2.1315,14.0855,463.0,13630.0,2898.4297
853,14.1097,14.0383,2.2564,16.1615,498.0,17122.0,2898.4297
854,16.2044,13.8625,2.4434,14.384,481.0,14710.0,2898.4297
855,14.3576,13.9389,2.4483,13.478,463.0,13630.0,2898.4297
856,13.4661,13.9918,2.4812,13.3588,504.0,38440.0,2898.4297
857,13.3806,13.8946,2.4208,13.6605,498.0,27044.0,2898.4297
858,13.5944,13.1455,2.7186,14.7169,498.0,18170.0,2898.4297
859,14.7204,12.4304,2.0509,12.4758,499.0,18462.0,2898.4297
860,12.5592,13.9639,1.9551,14.4539,498.0,15494.0,2898.4297
861,14.3385,13.5151,1.7215,14.3145,467.0,13634.0,2898.4297
862,14.4651,14.3997,1.9515,13.8428,467.0,13634.0,2898.4297
863,13.705,13.7253,1.9396,14.6945,465.0,13632.0,2898.4297
864,14.7005,13.7834,1.8747,14.5305,469.0,13872.0,2898.4297
865,14.5271,12.3361,1.7672,13.7184,473.0,14112.0,2898.4297
866,13.8296,13.5362,2.0712,13.2056,464.0,13642.0,2898.4297
867,13.1493,13.6878,2.0381,14.1393,463.0,13630.0,2898.4297
868,14.1554,13.6964,2.0152,13.8636,500.0,28788.0,2898.4297
869,13.7989,13.5747,1.8372,14.4264,502.0,28298.0,2898.4297
870,14.4377,13.8796,2.2663,14.8799,499.0,30368.0,2898.4297
871,14.8995,12.6263,2.0563,14.4393,499.0,19454.0,2898.4297
872,14.5322,13.1908,2.3342,14.4647,499.0,17598.0,2898.4297
873,14.5116,14.0486,2.2347,15.0874,499.0,32668.0,2898.4297
874,15.0381,13.8403,2.3203,11.7754,465.0,13750.0,2898.4297
875,12.069,13.2747,2.5889,13.4433,465.0,13654.0,2898.4297
876,13.0555,13.5812,1.8837,14.2687,502.0,15734.0,2898.4297
877,14.2744,13.5244,2.0334,13.8341,503.0,16114.0,2898.4297
878,13.8205,12.3174,1.8354,13.4827,503.0,15746.0,2898.4297
879,13.4936,13.4077,1.8549,13.8561,500.0,15732.0,2898.4297
880,13.964,13.7971,1.9748,13.8524,492.0,17076.0,2898.4297
881,14.0597,13.7254,2.698,14.2128,503.0,17615.0,2898.4297
882,13.91,13.7942,1.908,14.6604,504.0,21343.0,2898.4297
883,14.6921,13.8322,1.9635,14.0437,498.0,15694.0,2898.4297
884,13.9748,12.6608,2.12,14.323,498.0,18551.0,2898.4297
885,14.3327,13.9486,1.9984,14.814,498.0,16318.0,2898.4297
886,14.8347,14.0787,1.9787,15.5013,498.0,21626.0,2898.4297
887,15.5846,13.9036,1.9947,11.7942,500.0,25170.0,2898.4297
888,11.7532,13.8683,2.1439,15.0858,502.0,32750.0,2898.4297
889,15.0667,13.3506,2.2098,14.0323,500.0,25986.0,2898.4297
890,13.9668,13.0842,1.8641,14.9919,501.0,31154.0,2898.4297
891,15.0092,12.3886,1.9853,13.933,498.0,28326.0,2898.4297
892,13.9652,13.3916,1.9155,13.794,503.0,25466.0,2898.4297
893,13.7962,13.7045,1.9313,14.4128,504.0,28274.0,2898.4297
894,14.4093,13.9173,2.099,13.2531,503.0,26210.0,2898.4297
895,13.2226,13.9501,1.8824,15.0246,501.0,21284.0,2898.4297
896,15.0708,13.8847,2.2732,13.827,500.0,31736.0,2898.4297
897,13.7997,12.7477,1.8582,14.7295,500.0,31736.0,2898.4297
898,14.7453,13.2818,1.9436,13.5286,498.0,16038.0,2898.4297
899,13.5139,13.9873,1.9303,13.9389,484.0,25354.0,2898.4297
900,14.053,13.7899,1.978,13.7109,463.0,13630.0,2898.4297
901,13.6863,13.7328,2.2706,14.5047,465.0,13750.0,2898.4297
902,14.454,13.9641,1.9827,14.4162,464.0,13690.0,2898.4297
903,14.3806,13.5486,1.9068,13.9539,463.0,13630.0,2898.4297
904,13.9729,12.28,1.9112,14.2234,463.0,13630.0,2898.4297
905,14.2141,13.9682,1.9651,13.5203,498.0,15730.0,2898.4297
906,13.6339,13.8064,2.1998,14.6769,490.0,15250.0,2898.4297
907,14.5465,13.3912,1.8725,13.0179,477.0,17846.0,2898.4297
908,13.0355,13.7162,1.7948,14.873,467.0,13634.0,2898.4297
909,14.8738,13.934,1.8977,13.9721,467.0,13634.0,2898.4297
910,14.0149,12.5676,1.8916,13.7774,467.0,13634.0,2898.4297
911,13.7161,12.5622,1.7858,13.7227,467.0,13704.0,2898.4297
912,13.7281,13.7724,1.8338,13.9992,477.0,14304.0,2898.4297
913,14.0851,13.7539,1.8805,13.5861,501.0,16194.0,2898.4297
914,13.5839,13.8399,1.9223,14.149,499.0,15742.0,2898.4297
915,14.0697,13.3171,2.1407,14.3568,500.0,20044.0,2898.4297
916,14.4509,13.5184,1.8757,15.1797,498.0,16008.0,2898.4297
917,15.12,12.2312,1.8548,12.8808,499.0,17236.0,2898.4297
918,12.9393,13.8311,2.2369,15.3023,498.0,15880.0,2898.4297
919,15.2293,14.0381,2.2382,13.6719,499.0,16830.0,2898.4297
920,13.6971,14.1979,2.2917,13.4249,501.0,17642.0,2898.4297
921,13.3917,13.657,1.8502,14.2023,499.0,21420.0,2898.4297
922,14.1764,13.6736,1.6107,15.4158,498.0,16194.0,2898.4297
923,15.5648,12.4182,1.76,12.1619,498.0,18246.0,2898.4297
924,12.0767,13.444,1.8455,14.5709,496.0,19902.0,2898.4297
925,14.6656,13.5493,1.7972,14.5551,467.0,13634.0,2898.4297
926,14.571,14.0898,1.8926,13.6567,498.0,15958.0,2898.4297
927,13.5212,13.7666,2.0168,14.2688,467.0,13704.0,2898.4297
928,14.2419,13.4457,2.0977,14.5498,490.0,17464.0,2898.4297
929,14.5871,12.5848,1.9362,13.8349,469.0,16748.0,2898.4297
930,13.8235,12.7925,1.8932,13.8805,499.0,23634.0,2898.4297
931,13.8236,13.4481,1.7522,13.4716,498.0,19410.0,2898.4297
932,13.53,13.5814,1.9502,13.2779,498.0,21762.0,2898.4297
933,13.2835,13.872,2.0236,14.4803,499.0,18430.0,2898.4297
934,14.443,13.83,1.9431,14.4541,498.0,17418.0,2898.4297
935,14.5067,13.01,1.7954,13.752,498.0,19778.0,2898.4297
936,13.7102,12.6307,1.9122,13.5081,498.0,21630.0,2898.4297
937,13.5073,13.6353,1.7647,14.2396,498.0,21346.0,2898.4297
938,14.3421,13.6671,1.8275,13.1237,498.0,22180.0,2898.4297
939,13.03,13.8075,2.0305,14.5182,499.0,24602.0,2898.4297
940,14.5616,13.3834,2.1536,13.9577,502.0,23888.0,2898.4297
941,14.0201,13.1131,1.9024,14.4464,502.0,15734.0,2898.4297
942,14.3489,12.3338,1.782,13.2799,503.0,16242.0,2898.4297
943,13.2835,13.7976,1.7794,14.376,500.0,29308.0,2898.4297
944,14.4336,13.7767,1.7176,13.4748,500.0,25628.0,2898.4297
945,13.3873,13.6581,1.8671,14.5538,500.0,16100.0,2898.4297
946,14.5891,13.4079,1.9869,14.398,498.0,15730.0,2898.4297
947,14.384,13.5025,1.8393,13.8822,498.0,16658.0,2898.4297
948,13.9781,12.4603,2.0042,12.7283,498.0,22930.0,2898.4297
949,12.6746,13.6613,1.839,14.2661,499.0,18990.0,2898.4297
950,14.2001,13.4746,1.781,13.6514,498.0,18050.0,2898.4297
951,13.8453,13.9068,2.3571,14.2613,498.0,15730.0,2898.4297
952,14.1976,13.7594,1.7672,14.181,500.0,18065.0,2898.4297
953,14.1187,13.5887,1.7802,15.2495,518.0,34013.0,2898.4297
954,15.2707,12.0953,1.9703,12.3468,498.0,21950.0,2898.4297
955,12.3068,13.2787,1.9652,14.2965,498.0,17166.0,2898.4297
956,14.3185,13.6534,2.0446,12.8648,503.0,17110.0,2898.4297
957,12.9345,13.6718,2.0884,14.1084,502.0,21142.0,2898.4297
958,13.9826,13.4798,1.9346,14.4473,502.0,19446.0,2898.4297
959,14.5751,13.8336,1.7217,14.0036,465.0,13632.0,2898.4297
960,13.9039,12.2873,1.8784,13.2348,465.0,13632.0,2898.4297
961,13.2254,13.3,1.7875,13.8548,465.0,13632.0,2898.4297
962,13.8661,13.7654,1.786,13.5759,463.0,13630.0,2898.4297
963,13.5439,13.5657,2.0914,14.7008,498.0,17122.0,2898.4297
964,14.7118,13.4382,2.0812,14.0302,481.0,14710.0,2898.4297
965,14.04,13.0778,1.8238,13.8868,463.0,13630.0,2898.4297
966,13.9306,12.3943,1.9386,13.4641,504.0,38440.0,2898.4297
967,13.4217,13.5058,1.7173,13.9443,498.0,27044.0,2898.4297
968,13.9548,13.4765,1.8575,13.4862,498.0,18170.0,2898.4297
969,13.5601,13.739,1.9598,14.2862,498.0,18450.0,2898.4297
970,14.2696,13.6709,1.8995,14.2271,494.0,15490.0,2898.4297
971,14.17,12.4785,1.7673,13.9033,463.0,13630.0,2898.4297
972,13.9026,12.0478,1.8851,13.129,467.0,13634.0,2898.4297
973,13.1341,13.5447,1.746,14.1483,467.0,13634.0,2898.4297
974,14.154,13.7974,1.8171,13.3486,476.0,14174.0,2898.4297
975,13.2769,13.6758,1.6419,14.1184,469.0,13872.0,2898.4297
976,14.1893,12.649,1.9908,14.4089,466.0,13644.0,2898.4297
977,14.4035,13.2494,1.775,14.103,465.0,13632.0,2898.4297
978,14.1055,12.6092,1.7726,13.3221,501.0,29804.0,2898.4297
979,13.3009,13.2934,1.8256,14.2827,502.0,27294.0,2898.4297
980,14.3238,13.9163,1.7367,13.2896,498.0,30356.0,2898.4297
981,13.3135,13.694,1.9079,14.4024,498.0,19442.0,2898.4297
982,14.3685,13.1999,2.0929,13.9155,498.0,17586.0,2898.4297
983,13.9876,12.606,2.0775,13.9456,498.0,32656.0,2898.4297
984,13.8527,12.4144,2.0411,13.2225,464.0,13690.0,2898.4297
985,13.3656,13.3974,1.8772,13.7332,463.0,13630.0,2898.4297
986,13.6205,13.3656,1.8948,13.477,499.0,15742.0,2898.4297
987,13.4564,13.6827,1.7198,14.6488,499.0,16110.0,2898.4297
988,14.7165,13.5799,1.9587,13.7715,502.0,15734.0,2898.4297
989,13.8668,12.4994,1.9682,14.1829,502.0,15734.0,2898.4297
990,14.0702,12.8493,1.8602,13.5783,495.0,17090.0,2898.4297
991,13.5814,13.7257,1.9493,14.5416,502.0,17603.0,2898.4297
992,14.5498,13.7097,1.8766,12.5249,506.0,21345.0,2898.4297
993,12.5593,13.546,1.7375,14.4334,499.0,15684.0,2898.4297
994,14.3367,13.455,1.9253,14.5884,498.0,18551.0,2898.4297
995,14.6074,12.6923,1.8043,13.8392,498.0,16318.0,2898.4297
996,13.8365,12.8516,1.8132,13.7331,498.0,21626.0,2898.4297
997,13.8047,13.4729,1.8428,14.244,500.0,25170.0,2898.4297
998,14.3094,13.6911,1.9744,12.9322,502.0,32750.0,2898.4297
999,12.7883,13.5894,1.7504,14.247,500.0,25986.0,2898.4297
1000,14.2682,13.5312,2.2141,14.6202,500.0,31142.0,2898.4297
1001,14.6621,12.523,1.9737,13.908,498.0,28326.0,2898.4297
1002,13.8384,13.4749,1.5973,13.0097,500.0,25474.0,2898.4297
1003,13.0382,13.4388,1.6939,13.5018,499.0,28258.0,2898.4297
1004,13.5945,13.7879,1.8514,14.4651,503.0,26210.0,2898.4297
1005,14.3547,13.9771,1.9737,14.375,503.0,21286.0,2898.4297
1006,14.5047,13.6265,2.1887,14.5332,502.0,31738.0,2898.4297
1007,14.4837,13.2831,1.7893,13.6207,500.0,31736.0,2898.4297
1008,13.5454,12.4273,1.8048,13.5246,501.0,16052.0,2898.4297
1009,13.5135,13.4231,1.9704,13.5091,486.0,25356.0,2898.4297
1010,13.6774,13.5254,2.1792,13.1634,465.0,13702.0,2898.4297
1011,12.9823,13.6051,1.6272,14.4501,466.0,13810.0,2898.4297
1012,14.4968,13.3489,1.6983,13.8165,463.0,13630.0,2898.4297
1013,13.8461,12.6707,1.882,13.8489,464.0,13642.0,2898.4297
1014,13.876,13.2631,1.7429,14.1774,482.0,14770.0,2898.4297
1015,14.1114,13.6462,1.7878,14.13,484.0,14842.0,2898.4297
1016,14.1784,13.8932,1.9492,13.0694,488.0,16818.0,2898.4297
1017,13.0881,13.9647,1.5921,14.8022,474.0,15978.0,2898.4297
1018,14.7129,13.2292,1.7129,13.705,463.0,13630.0,2898.4297
1019,13.753,12.2243,1.7511,14.2404,463.0,13630.0,2898.4297
1020,14.2212,13.292,1.7726,12.7954,467.0,13634.0,2898.4297
1021,12.8121,13.3502,1.8728,14.3402,477.0,14186.0,2898.4297
1022,14.4195,13.3391,1.9339,13.4781,474.0,14006.0,2898.4297
1023,13.4602,13.4227,1.6568,15.2542,501.0,16194.0,2898.4297
1024,15.2856,13.7096,2.0581,13.6259,501.0,15744.0,2898.4297
1025,13.5069,12.5458,1.8962,14.2964,502.0,20046.0,2898.4297
1026,14.3354,12.7148,2.0098,13.0482,499.0,16958.0,2898.4297
1027,13.0125,13.6485,1.8477,14.5048,498.0,16286.0,2898.4297
1028,14.5689,13.7233,1.9581,12.9296,498.0,15880.0,2898.4297
1029,12.9576,13.6312,1.7721,14.9244,499.0,16830.0,2898.4297
1030,14.9288,13.3876,2.1992,14.3413,500.0,17630.0,2898.4297
1031,14.2351,12.7706,1.9655,13.6236,499.0,21420.0,2898.4297
1032,13.6121,12.8413,2.1003,13.9846,498.0,16194.0,2898.4297
1033,14.1196,13.4227,1.9885,14.2389,498.0,18614.0,2898.4297
1034,14.2472,13.7682,2.3057,13.2299,491.0,19422.0,2898.4297
1035,13.1343,13.7554,2.4213,13.4144,486.0,15010.0,2898.4297
1036,13.4071,13.4703,2.0067,14.2173,475.0,14530.0,2898.4297
1037,14.2852,12.2665,2.0616,14.7365,488.0,17130.0,2898.4297
1038,14.6919,13.6706,2.0598,14.2727,477.0,15338.0,2898.4297
1039,14.2669,13.7683,1.9086,13.2831,475.0,20236.0,2898.4297
1040,13.3094,13.3792,1.9315,13.1135,501.0,20092.0,2898.4297
1041,13.0841,13.7495,2.4443,14.9411,500.0,20068.0,2898.4297
1042,14.941,13.6722,2.2574,13.4426,498.0,22690.0,2898.4297
1043,13.4457,12.9585,1.7597,14.1003,498.0,16098.0,2898.4297
1044,14.1175,12.1474,1.7621,13.9378,498.0,17786.0,2898.4297
1045,13.973,13.6416,1.9022,13.5543,498.0,22218.0,2898.4297
1046,13.5737,13.558,1.937,13.7365,498.0,18822.0,2898.4297
1047,13.7155,13.3796,2.284,13.8866,498.0,21826.0,2898.4297
1048,13.9342,13.5945,2.0311,14.1698,498.0,23738.0,2898.4297
1049,14.0366,13.2734,1.8489,13.8482,498.0,26176.0,2898.4297
1050,13.9289,12.7587,1.9274,13.1551,499.0,20272.0,2898.4297
1051,13.0718,13.1289,1.9233,14.1232,498.0,15730.0,2898.4297
1052,14.2119,13.8868,1.9754,13.867,502.0,20510.0,2898.4297
1053,13.8733,13.9751,2.2728,14.8533,502.0,25030.0,2898.4297
1054,14.8384,13.2159,2.1578,14.0004,502.0,25630.0,2898.4297
1055,13.9635,13.3926,2.024,14.1652,500.0,16100.0,2898.4297
1056,14.1924,12.4363,2.0127,13.5243,500.0,15732.0,2898.4297
1057,13.5651,13.768,1.9575,13.7073,500.0,19796.0,2898.4297
1058,13.6761,13.3817,2.1742,13.2102,498.0,20258.0,2898.4297
1059,13.1533,13.843,2.044,14.1934,498.0,19906.0,2898.4297
1060,14.2264,13.6966,2.3021,14.3734,498.0,16658.0,2898.4297
1061,14.4736,12.7979,1.8772,14.1109,500.0,18065.0,2898.4297
1062,14.0028,13.0652,1.9364,14.0801,501.0,18569.0,2898.4297
1063,14.1041,13.717,1.9196,14.2364,516.0,33042.0,2898.4297
1064,14.2849,14.1833,1.9561,14.3183,498.0,20996.0,2898.4297
1065,14.35,14.0026,2.1215,14.1241,498.0,16388.0,2898.4297
1066,14.0951,14.0578,1.8108,14.5142,498.0,16970.0,2898.4297
1067,14.3868,13.5642,2.0547,14.3708,498.0,22066.0,2898.4297
1068,14.5214,12.6112,1.869,13.8599,497.0,18170.0,2898.4297
1069,13.7715,12.3627,2.0853,14.0484,467.0,13634.0,2898.4297
1070,14.1537,13.9488,2.1928,13.673,468.0,13646.0,2898.4297
1071,13.6584,13.9619,1.9317,13.9493,466.0,13644.0,2898.4297
1072,13.8707,13.8867,2.484,14.5423,500.0,17124.0,2898.4297
1073,14.5385,13.5787,2.0977,14.1697,483.0,14712.0,2898.4297
1074,14.2096,13.7537,1.9741,14.2065,463.0,13630.0,2898.4297
1075,14.1883,12.2661,2.277,13.7643,504.0,38440.0,2898.4297
1076,13.7569,13.843,1.9548,15.1718,498.0,27044.0,2898.4297
1077,15.1879,13.9846,2.2126,12.6418,500.0,18194.0,2898.4297
1078,12.6205,14.0346,2.1402,13.9482,498.0,18450.0,2898.4297
1079,14.0132,13.6755,1.7821,14.7273,494.0,15490.0,2898.4297
1080,14.6269,13.7323,1.8221,14.3204,463.0,13630.0,2898.4297
1081,14.3427,12.6483,1.884,13.9964,465.0,13654.0,2898.4297
1082,13.9727,12.7957,1.962,13.6861,464.0,13642.0,2898.4297
1083,13.706,13.7967,1.9537,14.8397,478.0,14482.0,2898.4297
1084,14.8761,14.0765,2.0896,13.2771,468.0,13646.0,2898.4297
1085,13.2367,14.0156,2.111,14.8778,467.0,13634.0,2898.4297
1086,14.9702,13.7041,2.1095,14.075,505.0,29308.0,2898.4297
1087,14.0047,13.5887,1.8793,13.9977,504.0,27638.0,2898.4297
1088,13.9848,12.4122,1.966,14.1136,500.0,30516.0,2898.4297
1089,14.1251,13.4747,2.0466,14.0087,500.0,19444.0,2898.4297
1090,14.0176,13.688,1.9839,13.9839,498.0,17586.0,2898.4297
1091,14.5401,13.7596,2.4729,13.5838,498.0,32656.0,2898.4297
1092,13.0307,13.7808,1.8712,13.6147,465.0,13750.0,2898.4297
1093,13.6192,13.5719,1.8124,14.6596,463.0,13630.0,2898.4297
1094,14.6146,12.2713,1.7844,14.3579,499.0,15742.0,2898.4297
1095,14.3909,13.6461,1.7709,14.2603,498.0,16098.0,2898.4297
1096,14.3692,14.0064,1.9825,13.917,498.0,15730.0,2898.4297
1097,13.9361,13.5592,1.9991,13.251,499.0,15742.0,2898.4297
1098,13.1064,13.7299,1.7211,14.5307,489.0,17062.0,2898.4297
1099,14.6398,13.8552,2.2225,14.1162,500.0,17601.0,2898.4297
1100,14.0095,12.4873,1.8619,14.1323,508.0,21347.0,2898.4297
1101,14.146,13.234,1.9015,14.1029,501.0,15686.0,2898.4297
1102,14.174,14.1029,1.9543,13.8965,503.0,18567.0,2898.4297
1103,13.8123,13.8403,1.9229,13.724,500.0,16320.0,2898.4297
1104,13.8477,13.5384,2.2151,13.8683,500.0,21628.0,2898.4297
1105,13.7698,13.6259,2.0351,14.4816,502.0,25172.0,2898.4297
1106,14.4934,13.4345,1.9693,14.3574,502.0,32750.0,2898.4297
1107,14.3834,12.2859,1.9732,13.3623,500.0,25986.0,2898.4297
1108,13.3333,13.8172,2.1217,14.4368,500.0,31142.0,2898.4297
1109,14.3886,13.9882,1.8691,13.4189,498.0,28326.0,2898.4297
1110,13.5778,13.4044,1.8211,13.8455,500.0,25474.0,2898.4297
1111,13.6666,12.6976,1.7306,14.2396,499.0,28258.0,2898.4297
1112,14.2789,13.2208,1.8443,14.1152,499.0,26206.0,2898.4297
1113,14.1495,12.3772,1.826,13.1941,498.0,21270.0,2898.4297
1114,13.2243,13.0134,1.8195,14.3578,499.0,31746.0,2898.4297
1115,14.3183,13.4231,1.9996,14.352,498.0,31734.0,2898.4297
1116,14.4309,13.8299,2.1887,13.4437,502.0,16042.0,2898.4297
1117,13.3289,13.8248,1.7926,14.4176,489.0,25418.0,2898.4297
1118,14.4789,13.7281,1.7643,14.1994,471.0,13826.0,2898.4297
1119,14.1559,12.0771,1.8238,14.2813,466.0,13644.0,2898.4297
1120,14.3999,13.8154,1.8709,13.0134,465.0,13632.0,2898.4297
1121,12.9088,13.6907,1.9233,14.2485,466.0,13644.0,2898.4297
1122,14.3175,14.0511,2.1129,14.6189,492.0,15370.0,2898.4297
1123,14.5453,13.873,2.7376,14.0881,474.0,14242.0,2898.4297
1124,14.1469,13.6339,2.1306,14.0803,491.0,16998.0,2898.4297
1125,14.0764,12.0844,2.1448,14.0601,471.0,15798.0,2898.4297
1126,13.9921,12.3541,1.9772,13.3325,463.0,13630.0,2898.4297
1127,13.396,14.0149,2.0441,14.6882,464.0,13642.0,2898.4297
1128,14.6723,13.5094,2.0349,12.3351,463.0,13630.0,2898.4297
1129,12.2532,13.945,1.9242,15.1978,479.0,14590.0,2898.4297
1130,15.29,13.7641,2.1276,14.1232,467.0,13870.0,2898.4297
1131,14.1319,13.0546,1.8849,14.4173,499.0,16192.0,2898.4297
1132,14.378,12.2652,1.9755,13.3028,503.0,16684.0,2898.4297
1133,13.3062,13.6367,1.8561,14.6322,503.0,19098.0,2898.4297
1134,14.6805,13.9362,1.8754,13.6014,505.0,16986.0,2898.4297
1135,13.5769,13.6955,2.0119,14.2046,501.0,16450.0,2898.4297
1136,14.1904,13.9214,2.0652,14.2543,500.0,15732.0,2898.4297
1137,14.3194,13.511,1.9596,14.2715,502.0,16844.0,2898.4297
1138,14.1763,12.4088,1.8685,13.7137,500.0,21006.0,2898.4297
1139,13.7284,13.646,1.967,14.0822,498.0,18032.0,2898.4297
1140,14.1518,13.9601,2.0146,15.1238,499.0,16482.0,2898.4297
1141,15.2277,13.8166,2.038,15.7811,498.0,18706.0,2898.4297
1142,15.6201,14.1234,2.1538,13.0871,488.0,18874.0,2898.4297
1143,13.1786,16.283,2.152,15.725,490.0,15714.0,2898.4297
1144,15.6692,14.2269,2.123,14.7191,478.0,16398.0,2898.4297
1145,14.6983,13.8982,1.9663,14.0223,476.0,15930.0,2898.4297
1146,14.0035,12.3087,1.9253,13.2701,466.0,13810.0,2898.4297
1147,13.3199,12.9135,2.0187,14.3769,476.0,20734.0,2898.4297
1148,14.398,13.8628,1.9549,13.8133,502.0,19714.0,2898.4297
1149,13.8258,13.9274,2.3712,14.5512,502.0,20070.0,2898.4297
1150,14.5339,13.7177,2.8232,15.4745,502.0,22694.0,2898.4297
1151,15.503,13.6488,2.7992,13.8398,500.0,16100.0,2898.4297
1152,13.8114,12.8659,2.3985,14.2751,500.0,17788.0,2898.4297
1153,14.2259,13.0999,2.0168,13.2727,500.0,22220.0,2898.4297
1154,13.3405,13.6502,2.0197,14.3081,498.0,18822.0,2898.4297
1155,14.2848,13.7686,2.1152,13.0344,499.0,22744.0,2898.4297
1156,13.0202,13.7671,2.3114,14.3491,498.0,22832.0,2898.4297
1157,14.3686,13.4954,1.9829,14.5869,498.0,26176.0,2898.4297
1158,14.5043,13.0961,1.5827,14.1205,499.0,20272.0,2898.4297
1159,14.1194,12.4386,1.7058,14.0559,498.0,15730.0,2898.4297
1160,14.1212,13.5377,1.8474,14.1548,498.0,20506.0,2898.4297
1161,14.1029,13.7178,2.2895,13.9354,498.0,25026.0,2898.4297
1162,14.0921,13.8105,2.3446,13.9276,507.0,26490.0,2898.4297
1163,13.7421,14.0362,2.0317,14.4798,506.0,16194.0,2898.4297
1164,14.5428,13.7617,2.2426,14.2408,510.0,15830.0,2898.4297
1165,14.2205,12.657,1.914,14.7419,510.0,19894.0,2898.4297
1166,14.8375,13.6381,1.7915,13.3125,511.0,20834.0,2898.4297
1167,13.2239,13.8573,1.8526,14.2307,508.0,19540.0,2898.4297
1168,14.231,13.7523,1.736,13.5004,509.0,17232.0,2898.4297
1169,13.4982,13.8263,1.9932,14.7555,510.0,17823.0,2898.4297
1170,14.7827,13.7837,1.8717,14.642,508.0,18993.0,2898.4297
1171,14.6396,13.2259,1.9092,14.0548,523.0,33030.0,2898.4297
1172,14.1268,12.4236,1.9746,13.939,506.0,20724.0,2898.4297
1173,13.9271,13.292,2.1848,13.9505,507.0,16620.0,2898.4297
1174,13.875,13.8764,2.1468,14.508,374.0,21714.0,2899.1797
1175,14.6587,13.7123,2.4114,13.1451,321.0,21030.0,2899.1797
1176,12.9992,16.9149,2.0991,17.2251,314.0,17058.0,2899.1797
1177,17.2148,15.1388,2.0015,16.4651,287.0,12606.0,2899.1797
1178,16.4956,14.9517,2.5549,15.3537,287.0,12606.0,2899.1797
1179,15.3713,14.9532,2.2635,16.5078,321.0,16086.0,2899.1797
1180,16.4923,14.1291,1.9482,14.3988,308.0,13678.0,2899.1797
1181,14.3828,14.8287,1.9987,15.5947,290.0,12598.0,2899.1797
1182,15.6337,14.7113,2.113,15.5825,331.0,37408.0,2899.1797
1183,15.5838,13.7169,2.2153,14.8165,323.0,26010.0,2899.1797
1184,14.7879,13.9253,2.0399,14.4439,323.0,17136.0,2899.1797
1185,14.4277,14.4429,2.0743,16.2578,322.0,17404.0,2899.1797
1186,16.2947,14.78,2.1405,14.6273,317.0,14454.0,2899.1797
1187,14.6199,14.7788,2.2392,15.4382,287.0,12606.0,2899.1797
1188,15.4596,15.0936,2.3474,14.5243,287.0,12606.0,2899.1797
1189,14.4266,16.6054,2.5356,17.0729,288.0,12618.0,2899.1797
1190,17.1714,15.7476,2.9468,16.3836,300.0,13434.0,2899.1797
1191,16.3561,15.5903,2.514,15.9063,285.0,12582.0,2899.1797
1192,15.9256,15.3344,2.4422,15.743,285.0,12582.0,2899.1797
1193,15.7349,15.0395,2.4237,15.8907,324.0,28268.0,2899.1797
1194,15.8934,15.0308,1.9992,15.8347,324.0,26588.0,2899.1797
1195,15.8245,14.8332,2.1801,15.7126,321.0,29478.0,2899.1797
1196,15.7033,15.1771,2.2881,15.0161,326.0,18422.0,2899.1797
1197,15.0091,14.7192,2.0318,15.4691,324.0,16542.0,2899.1797
1198,15.4616,14.0826,1.9849,16.7294,325.0,31624.0,2899.1797
1199,16.7697,15.0802,2.1525,15.2013,289.0,12704.0,2899.1797
1200,15.1662,14.4586,2.1632,14.3793,288.0,12596.0,2899.1797
1201,14.4178,14.6432,1.9245,16.9095,323.0,14696.0,2899.1797
1202,16.8829,15.3928,2.1451,15.0782,323.0,15086.0,2899.1797
1203,15.0786,15.3007,2.2047,15.5383,320.0,14682.0,2899.1797
1204,15.5594,15.1798,2.1733,16.0183,317.0,15214.0,2899.1797
1205,16.1303,15.3622,2.2004,15.106,317.0,17365.0,2899.1797
1206,15.1554,15.3423,2.4736,15.9365,328.0,20319.0,2899.1797
1207,15.7913,15.2228,2.6818,15.7045,320.0,14646.0,2899.1797
1208,15.6762,15.2729,3.0829,16.143,320.0,17503.0,2899.1797
1209,16.1982,15.3305,2.5019,16.3271,321.0,15282.0,2899.1797
1210,16.2745,15.1681,2.5474,15.6103,322.0,20602.0,2899.1797
1211,15.6205,15.2949,2.2784,15.4681,323.0,24598.0,2899.1797
1212,15.4781,15.3852,2.6376,16.0428,330.0,31634.0,2899.1797
1213,16.0946,14.9721,2.2752,16.0263,326.0,24574.0,2899.1797
1214,16.0089,14.0563,2.2591,15.2546,328.0,30490.0,2899.1797
1215,15.2549,14.4597,2.4011,16.0452,323.0,30260.0,2899.1797
1216,16.0858,15.3175,2.1856,14.8154,322.0,23032.0,2899.1797
1217,14.8214,15.2854,2.2492,16.2196,323.0,25248.0,2899.1797
1218,16.1385,14.7638,2.2468,15.6088,321.0,25158.0,2899.1797
1219,15.6348,15.3371,2.0673,16.455,320.0,20530.0,2899.1797
1220,16.4901,15.1685,2.1019,15.0109,320.0,40842.0,2899.1797
1221,14.8998,15.3993,2.1677,15.7747,320.0,20222.0,2899.1797
1222,15.8721,15.1172,2.266,15.1113,320.0,20222.0,2899.1797
1223,15.0619,15.4563,2.3152,15.4787,301.0,18726.0,2899.1797
1224,15.4595,14.9942,2.08,15.5887,288.0,12762.0,2899.1797
1225,15.5687,15.2267,2.3623,15.8039,286.0,12594.0,2899.1797
1226,15.8436,14.7977,2.2408,14.9393,288.0,12618.0,2899.1797
1227,14.9518,14.7186,2.3118,15.23,296.0,13242.0,2899.1797
1228,15.1936,14.7506,2.0497,15.4327,312.0,13918.0,2899.1797
1229,15.4784,14.8178,2.0309,15.7881,298.0,13030.0,2899.1797
1230,15.7574,14.003,2.1099,15.643,319.0,16026.0,2899.1797
1231,15.6486,14.9713,2.019,15.2837,290.0,14452.0,2899.1797
1232,15.3198,15.1352,2.2185,15.6009,288.0,12596.0,2899.1797
1233,15.6359,15.4706,2.358,16.7299,288.0,12596.0,2899.1797
1234,16.7289,15.4808,2.2519,15.2149,286.0,12594.0,2899.1797
1235,15.1482,15.371,2.1276,15.9264,302.0,13602.0,2899.1797
1236,16.0825,15.4808,2.403,15.9644,296.0,13194.0,2899.1797
1237,15.8473,15.6373,2.081,16.2913,321.0,15144.0,2899.1797
1238,16.4123,15.6406,2.2413,16.2218,323.0,17128.0,2899.1797
1239,16.1015,15.4586,2.1853,14.3344,321.0,16574.0,2899.1797
1240,14.3437,15.5606,2.3126,16.8604,322.0,15922.0,2899.1797
1241,16.9146,15.4202,2.7847,15.6821,321.0,15400.0,2899.1797
1242,15.5963,15.4665,2.6828,15.9956,320.0,14682.0,2899.1797
1243,15.9799,15.0328,2.5041,16.2977,322.0,20108.0,2899.1797
1244,16.325,15.2681,2.8813,15.2213,326.0,16112.0,2899.1797
1245,15.2893,15.0506,2.4853,15.9592,325.0,16536.0,2899.1797
1246,15.9236,15.3763,2.1604,16.1588,327.0,17656.0,2899.1797
1247,16.1491,15.3557,2.1289,15.9566,323.0,17510.0,2899.1797
1248,15.9283,15.4278,2.1823,15.38,301.0,15136.0,2899.1797
1249,15.3604,14.3764,2.1142,16.1714,322.0,16552.0,2899.1797
1250,16.174,14.5486,2.0277,15.7469,298.0,14834.0,2899.1797
1251,15.7496,15.011,2.0156,15.5732,294.0,13586.0,2899.1797
1252,15.5801,15.2887,1.9534,15.1937,295.0,19234.0,2899.1797
1253,15.222,15.1007,2.0868,15.5162,289.0,13510.0,2899.1797
1254,15.5148,15.4757,2.1172,16.6005,321.0,19042.0,2899.1797
1255,16.6071,15.2701,2.2586,15.3993,325.0,38726.0,2899.1797
1256,15.4806,15.5289,2.1624,16.1141,320.0,19226.0,2899.1797
1257,16.0759,15.4233,2.1767,15.2965,321.0,14694.0,2899.1797
1258,15.3049,15.2706,2.4781,17.5044,321.0,18522.0,2899.1797
1259,17.5009,15.1907,2.2793,13.2066,321.0,19410.0,2899.1797
1260,13.1861,15.1976,2.108,16.3767,325.0,19176.0,2899.1797
1261,16.3113,15.2424,2.2343,15.276,325.0,20314.0,2899.1797
1262,15.2825,15.2781,2.5771,15.8329,326.0,25124.0,2899.1797
1263,15.8173,15.0985,2.1514,15.845,324.0,22748.0,2899.1797
1264,15.8583,14.9877,2.1334,15.6455,323.0,18320.0,2899.1797
1265,15.6513,15.2675,2.2042,15.8765,322.0,16948.0,2899.1797
1266,15.9063,15.2173,2.2864,15.8756,320.0,17930.0,2899.1797
1267,15.8164,13.605,1.8838,15.3113,320.0,28558.0,2899.1797
1268,15.43,14.2173,2.1036,15.7388,321.0,19274.0,2899.1797
1269,15.681,15.0843,2.0698,14.8947,321.0,15062.0,2899.1797
1270,14.8764,15.3403,2.1339,16.0175,320.0,15882.0,2899.1797
1271,16.0038,15.1156,1.932,15.6883,320.0,19482.0,2899.1797
1272,15.7766,15.1363,2.1381,15.0128,322.0,19154.0,2899.1797
1273,14.9343,15.2886,1.9757,16.0526,320.0,17930.0,2899.1797
1274,16.0532,14.7453,2.0832,14.5204,322.0,17141.0,2899.1797
1275,14.4662,15.1377,2.2346,15.7312,323.0,17861.0,2899.1797
1276,15.8502,15.048,2.3585,15.6373,326.0,18317.0,2899.1797
1277,15.5539,15.2163,2.0711,15.6814,338.0,29245.0,2899.1797
1278,15.6613,14.4622,2.0484,15.6297,325.0,18598.0,2899.1797
1279,15.6735,14.8485,2.0064,15.2751,324.0,15490.0,2899.1797
1280,15.3018,14.8764,1.9672,15.6719,322.0,17004.0,2899.1797
1281,15.647,14.6193,1.8975,15.6524,322.0,16264.0,2899.1797
1282,15.6329,14.0439,1.8875,15.3298,321.0,20566.0,2899.1797
1283,15.3095,14.9261,1.9813,15.2319,296.0,14634.0,2899.1797
1284,15.2629,15.0504,1.9884,15.2091,316.0,33610.0,2899.1797
1285,15.2205,14.8385,2.0816,15.188,285.0,12582.0,2899.1797
1286,15.1879,15.1957,1.8309,15.3982,285.0,12582.0,2899.1797
1287,15.487,14.9043,2.0046,15.2421,322.0,16098.0,2899.1797
1288,15.2428,15.3075,2.4051,15.6689,303.0,13662.0,2899.1797
1289,15.5344,15.0375,2.1934,15.5143,285.0,12582.0,2899.1797
1290,15.5516,14.8821,2.2391,15.8048,328.0,37416.0,2899.1797
1291,15.8271,14.7847,1.8974,15.0115,321.0,26008.0,2899.1797
1292,14.9806,14.6406,1.8334,15.2866,324.0,17126.0,2899.1797
1293,15.2846,15.0865,1.9421,15.5672,325.0,17418.0,2899.1797
1294,15.6191,14.5183,1.9316,15.837,320.0,14446.0,2899.1797
1295,15.8143,14.2705,1.9951,14.8551,289.0,12608.0,2899.1797
1296,14.8497,14.6713,2.0326,14.9282,288.0,12596.0,2899.1797
1297,14.9064,15.1588,1.9552,15.9756,287.0,12584.0,2899.1797
1298,15.9946,14.9814,1.8961,15.7029,300.0,13434.0,2899.1797
1299,15.7143,15.2782,1.9356,14.8659,286.0,12594.0,2899.1797
1300,14.948,15.167,2.152,15.325,286.0,12594.0,2899.1797
1301,15.4005,14.6761,2.4295,15.6374,323.0,28256.0,2899.1797
1302,15.4433,15.1084,2.231,15.7138,323.0,26576.0,2899.1797
1303,15.7721,15.232,2.1737,15.6706,321.0,29478.0,2899.1797
1304,15.6295,15.04,2.1423,15.7424,321.0,18406.0,2899.1797
1305,15.7871,14.6789,1.972,15.7511,320.0,16538.0,2899.1797
1306,15.7287,14.7976,2.056,15.1265,323.0,31644.0,2899.1797
1307,15.1186,13.856,2.0475,14.9475,288.0,12714.0,2899.1797
1308,14.9668,13.626,1.9781,14.9012,289.0,12586.0,2899.1797
1309,14.9542,14.9785,1.9275,15.212,325.0,14698.0,2899.1797
1310,15.1296,15.2611,1.9615,15.7207,325.0,15066.0,2899.1797
1311,15.7232,15.0277,2.1567,15.5977,325.0,14720.0,2899.1797
1312,15.5935,14.8291,2.0858,15.5745,318.0,15204.0,2899.1797
1313,15.5928,14.948,1.9956,14.5915,319.0,17367.0,2899.1797
1314,14.6568,15.1653,2.3235,15.8373,326.0,20295.0,2899.1797
1315,15.786,15.1216,2.3968,15.5538,320.0,14646.0,2899.1797
1316,15.4889,14.8967,2.0515,15.4738,321.0,17515.0,2899.1797
1317,15.5013,14.7748,1.845,15.4258,321.0,15282.0,2899.1797
1318,15.4093,15.2156,2.0325,15.5049,320.0,20578.0,2899.1797
1319,15.5757,15.1657,1.9614,15.9058,324.0,24610.0,2899.1797
1320,15.8519,15.0281,2.0118,15.8905,325.0,31618.0,2899.1797
1321,15.9149,14.3629,2.1157,15.4619,323.0,24582.0,2899.1797
1322,15.4999,14.0921,2.1685,16.7223,323.0,30474.0,2899.1797
1323,16.7201,14.0349,1.9953,13.9629,324.0,30294.0,2899.1797
1324,13.9527,15.1703,2.0483,15.2352,324.0,23034.0,2899.1797
1325,15.2635,14.8369,1.9883,15.1376,325.0,25250.0,2899.1797
1326,15.1053,15.0461,2.0831,15.6267,324.0,25150.0,2899.1797
1327,15.6554,15.2249,2.0697,15.0663,323.0,20544.0,2899.1797
1328,15.0966,15.0035,2.9646,15.1402,323.0,40856.0,2899.1797
1329,15.0605,14.9517,1.9652,15.8195,324.0,20248.0,2899.1797
1330,15.8393,15.1873,2.1469,15.6943,322.0,20246.0,2899.1797
1331,15.7031,14.8788,1.9997,15.3101,304.0,18954.0,2899.1797
1332,15.3083,15.0123,1.9845,15.3923,288.0,12618.0,2899.1797
1333,15.4013,14.7592,1.9179,15.4586,285.0,12582.0,2899.1797
1334,15.4992,14.8103,2.018,15.4108,286.0,12642.0,2899.1797
1335,15.3822,13.5753,1.9092,15.5201,296.0,13194.0,2899.1797
1336,15.4977,15.0239,1.9153,15.7826,314.0,14322.0,2899.1797
1337,15.7461,15.1121,1.9403,14.6647,290.0,12786.0,2899.1797
1338,14.7317,15.0165,1.9009,15.8162,315.0,17710.0,2899.1797
1339,15.7456,14.9574,1.9021,15.6123,285.0,12582.0,2899.1797
1340,15.688,15.2526,1.8297,14.6548,290.0,12598.0,2899.1797
1341,14.7163,15.0941,2.2886,15.8393,289.0,12586.0,2899.1797
1342,15.7691,15.2319,2.3401,15.8604,297.0,13018.0,2899.1797
1343,15.818,14.898,2.1594,15.4627,300.0,13316.0,2899.1797
1344,15.4395,14.7335,1.9977,15.4086,301.0,13478.0,2899.1797
1345,15.4617,14.7998,1.8951,15.7355,326.0,15032.0,2899.1797
1346,15.7116,15.0738,1.9789,15.2606,323.0,17128.0,2899.1797
1347,15.2576,15.166,1.9437,15.9406,320.0,16840.0,2899.1797
1348,15.9494,14.5654,1.882,15.3776,322.0,15794.0,2899.1797
1349,15.4085,13.5855,1.9195,15.6577,321.0,15250.0,2899.1797
1350,15.6293,14.803,1.9694,14.795,321.0,16382.0,2899.1797
1351,14.7808,15.0071,1.9052,15.4346,323.0,18432.0,2899.1797
1352,15.4564,15.1765,2.0143,15.656,321.0,17784.0,2899.1797
1353,15.6845,15.0226,2.0151,14.8439,320.0,15108.0,2899.1797
1354,14.836,15.0986,2.0759,15.501,321.0,17720.0,2899.1797
1355,15.5672,14.8157,2.4648,15.0619,321.0,17604.0,2899.1797
1356,15.0065,14.9437,2.1179,15.6699,325.0,17398.0,2899.1797
1357,15.6356,14.6724,2.2106,14.9533,318.0,16358.0,2899.1797
1358,14.958,15.0284,2.0102,15.6279,292.0,13182.0,2899.1797
1359,15.6539,14.9425,1.9794,15.2033,296.0,19176.0,2899.1797
1360,15.1843,14.8987,2.1703,15.8778,294.0,13740.0,2899.1797
1361,15.9048,13.8181,2.19,15.4933,324.0,19792.0,2899.1797
1362,15.4779,14.7475,2.3183,14.931,320.0,21258.0,2899.1797
1363,14.9212,14.8369,2.0524,15.4421,320.0,18298.0,2899.1797
1364,15.4756,15.2404,1.9201,15.4795,321.0,14694.0,2899.1797
1365,15.4548,14.9454,1.9815,15.8108,321.0,18522.0,2899.1797
1366,15.8159,14.7634,1.9134,14.5008,321.0,19410.0,2899.1797
1367,14.6737,15.307,2.0396,15.6521,320.0,19160.0,2899.1797
1368,15.4388,15.063,2.0029,15.5375,320.0,22110.0,2899.1797
1369,15.5578,14.9769,1.935,15.5692,322.0,23308.0,2899.1797
1370,15.5601,15.0792,1.9011,15.5933,321.0,22734.0,2899.1797
1371,15.6643,14.6932,2.0151,15.9019,321.0,18318.0,2899.1797
1372,15.8659,14.9601,1.9456,15.3029,324.0,16950.0,2899.1797
1373,15.3216,14.9935,2.0175,15.9074,324.0,19038.0,2899.1797
1374,15.8987,13.6691,2.1178,15.1516,324.0,28862.0,2899.1797
1375,15.1455,13.995,2.0767,14.9617,322.0,17860.0,2899.1797
1376,14.9143,15.1134,1.9426,15.2371,322.0,15052.0,2899.1797
1377,15.268,14.7727,1.9068,15.1881,322.0,16716.0,2899.1797
1378,15.1862,15.1201,1.8868,15.8805,320.0,19114.0,2899.1797
1379,15.9377,15.0597,1.9434,15.4647,322.0,19154.0,2899.1797
1380,15.4331,15.1985,2.1388,15.3165,321.0,17602.0,2899.1797
1381,15.3908,14.9455,2.2059,15.5708,323.0,17861.0,2899.1797
1382,15.4978,14.9055,2.5805,15.348,325.0,19828.0,2899.1797
1383,15.4036,15.0846,2.0386,15.1335,322.0,15538.0,2899.1797
1384,15.0691,14.9995,2.0608,15.8638,334.0,30959.0,2899.1797
1385,15.8806,14.9851,2.0005,15.4153,320.0,16864.0,2899.1797
1386,15.3892,15.0581,2.0351,15.8958,320.0,15464.0,2899.1797
1387,15.882,13.8531,1.8655,15.0134,322.0,17026.0,2899.1797
1388,15.0432,13.6267,2.0446,15.6939,325.0,16278.0,2899.1797
1389,15.6602,14.9758,2.0862,15.0126,324.0,21022.0,2899.1797
1390,15.0054,14.9089,1.9728,14.8718,324.0,17422.0,2899.1797
1391,14.8718,15.1382,1.8686,15.7849,289.0,12608.0,2899.1797
1392,15.8153,15.0782,1.9196,14.6859,288.0,12596.0,2899.1797
1393,14.6948,14.7337,1.9768,15.3738,322.0,16076.0,2899.1797
1394,15.4327,15.3641,2.4058,15.7303,305.0,13686.0,2899.1797
1395,15.6679,15.1622,2.2455,15.7186,285.0,12582.0,2899.1797
1396,15.7216,15.3638,2.3389,16.2876,327.0,37404.0,2899.1797
1397,16.3217,15.078,2.1939,15.0972,324.0,26044.0,2899.1797
1398,15.0702,14.9681,2.0147,15.6338,320.0,17122.0,2899.1797
1399,15.6625,14.9154,2.1161,15.5521,322.0,17426.0,2899.1797
1400,15.5183,14.6949,2.0182,15.4083,317.0,14454.0,2899.1797
1401,15.3956,13.8215,2.0463,15.4733,286.0,12594.0,2899.1797
1402,15.501,14.7467,2.2118,14.6888,285.0,12582.0,2899.1797
1403,14.7145,14.8806,2.0702,16.0223,286.0,12594.0,2899.1797
1404,16.0333,15.1008,2.1856,15.1614,304.0,13438.0,2899.1797
1405,15.0893,15.0936,2.0483,15.552,290.0,12598.0,2899.1797
1406,15.6219,15.6823,2.2789,17.3129,289.0,12586.0,2899.1797
1407,17.2805,15.4153,2.1689,15.8267,325.0,28258.0,2899.1797
1408,15.8096,15.253,1.9134,15.1263,326.0,26590.0,2899.1797
1409,15.2917,15.2563,2.2366,15.7144,324.0,29492.0,2899.1797
1410,15.6007,15.449,2.5523,15.6074,321.0,18406.0,2899.1797
1411,15.5185,15.6061,2.0979,16.3531,320.0,16538.0,2899.1797
1412,16.3882,15.1426,2.7318,15.2401,321.0,31620.0,2899.1797
1413,15.3089,15.3098,2.5535,15.6056,287.0,12702.0,2899.1797
1414,15.5418,14.8643,2.0011,15.7338,287.0,12606.0,2899.1797
1415,15.7545,15.3813,2.1829,16.2888,322.0,14706.0,2899.1797
1416,16.3182,14.9508,2.2463,15.4913,322.0,15074.0,2899.1797
1417,15.4849,14.3068,2.0424,15.3344,320.0,14682.0,2899.1797
1418,15.3785,14.0502,2.2598,16.4583,316.0,15202.0,2899.1797
1419,16.4603,14.9126,2.1686,15.2815,317.0,17365.0,2899.1797
1420,15.3023,15.2343,2.313,15.6098,330.0,20299.0,2899.1797
1421,15.5732,15.0069,2.1756,14.9892,324.0,14650.0,2899.1797
1422,14.9693,15.1434,2.3008,16.5138,326.0,17531.0,2899.1797
1423,16.5898,15.4185,2.4537,15.817,323.0,15284.0,2899.1797
1424,15.7656,16.4095,2.3805,16.6786,323.0,20592.0,2899.1797
1425,16.664,15.372,2.0709,16.0324,326.0,24612.0,2899.1797
1426,16.0281,15.7213,1.9698,16.0128,326.0,31630.0,2899.1797
1427,16.1588,15.4189,2.2969,15.6968,324.0,24594.0,2899.1797
1428,15.8033,15.7673,2.5369,16.0523,322.0,30462.0,2899.1797
1429,15.95,15.3789,2.4321,15.8173,323.0,30282.0,2899.1797
1430,15.6495,15.0161,2.8167,15.1293,320.0,23030.0,2899.1797
1431,15.1392,15.2668,2.2766,15.8024,322.0,25258.0,2899.1797
1432,15.8577,15.1173,2.4307,15.8334,321.0,25158.0,2899.1797
1433,15.7709,15.0914,2.0518,15.7098,321.0,20542.0,2899.1797
1434,15.7164,15.0016,1.991,15.2977,322.0,40866.0,2899.1797
1435,15.3191,14.7894,2.0138,15.2944,320.0,20222.0,2899.1797
1436,15.2494,13.9305,1.984,15.7443,327.0,20262.0,2899.1797
1437,15.7796,14.7796,2.2347,14.5812,309.0,18970.0,2899.1797
1438,14.5823,15.1085,2.1439,15.3944,291.0,12610.0,2899.1797
1439,15.3934,15.0948,2.0668,15.5368,287.0,12584.0,2899.1797
1440,15.5203,14.8877,2.0659,15.3681,291.0,12824.0,2899.1797
1441,15.443,14.7119,2.1452,15.063,298.0,13244.0,2899.1797
1442,15.0212,15.0794,2.2555,15.4297,312.0,14106.0,2899.1797
1443,15.4763,15.1097,2.0534,15.0664,292.0,12954.0,2899.1797
1444,14.9995,15.1185,2.282,16.0069,312.0,17530.0,2899.1797
1445,15.9917,15.008,2.1164,15.1683,287.0,12606.0,2899.1797
1446,15.1301,14.7335,2.0116,15.3649,286.0,12594.0,2899.1797
1447,15.4315,14.9063,2.0098,15.3045,285.0,12582.0,2899.1797
1448,15.3089,14.9768,2.1154,15.889,294.0,13026.0,2899.1797
1449,15.8989,14.1537,1.9157,15.371,303.0,13614.0,2899.1797
1450,15.3434,14.6143,1.9225,16.1752,300.0,13734.0,2899.1797
1451,16.1439,14.9665,2.1301,15.6296,321.0,14844.0,2899.1797
1452,15.6281,14.8162,2.1635,14.511,326.0,17120.0,2899.1797
1453,14.5394,14.9839,2.0834,15.1862,324.0,16844.0,2899.1797
1454,15.2345,15.0198,2.2249,15.3495,326.0,15798.0,2899.1797
1455,15.4063,15.006,2.3113,15.0032,323.0,16940.0,2899.1797
1456,14.8761,15.212,2.3358,15.7795,323.0,15634.0,2899.1797
1457,15.7513,15.3489,2.3783,15.9856,323.0,17936.0,2899.1797
1458,16.0284,15.0036,2.3836,15.575,322.0,17482.0,2899.1797
1459,15.576,15.0055,1.9956,15.3485,321.0,16658.0,2899.1797
1460,15.3343,14.747,1.9756,15.8652,320.0,16526.0,2899.1797
1461,15.8975,15.0877,2.0278,15.3159,320.0,18490.0,2899.1797
1462,15.3449,14.6025,2.0497,15.826,320.0,17082.0,2899.1797
1463,15.7922,14.4945,2.0068,15.3769,310.0,15474.0,2899.1797
1464,15.4666,14.3482,2.0097,15.3086,291.0,17590.0,2899.1797
1465,15.2571,14.6485,2.1321,15.9617,287.0,14106.0,2899.1797
1466,15.9443,15.0181,2.0479,15.206,300.0,15990.0,2899.1797
1467,15.1773,15.0618,2.0129,15.3865,321.0,19398.0,2899.1797
1468,15.4576,15.0351,2.066,15.6123,324.0,20334.0,2899.1797
1469,15.5847,15.2894,2.0545,15.5198,325.0,17850.0,2899.1797
1470,15.5404,15.2957,2.315,15.3468,326.0,14710.0,2899.1797
1471,15.2808,15.1707,2.4036,15.6068,324.0,18536.0,2899.1797
1472,15.5989,14.9765,2.1942,15.7644,323.0,20798.0,2899.1797
1473,15.7447,15.1442,2.3051,15.4721,325.0,18718.0,2899.1797
1474,15.5063,15.0681,1.9328,15.6966,322.0,23520.0,2899.1797
1475,15.7188,15.1683,1.945,15.7151,320.0,22266.0,2899.1797
1476,15.691,15.1204,2.1233,15.6234,320.0,23260.0,2899.1797
1477,15.6441,14.2115,1.8759,15.8222,321.0,18646.0,2899.1797
1478,15.8261,14.0701,2.012,15.7556,323.0,15946.0,2899.1797
1479,15.7682,14.8971,1.9824,15.9619,320.0,18666.0,2899.1797
1480,15.9552,14.6858,2.0469,14.4647,320.0,29526.0,2899.1797
1481,14.4738,15.1961,2.1352,15.749,320.0,16454.0,2899.1797
1482,15.752,15.263,2.1563,15.4258,320.0,15050.0,2899.1797
1483,15.4175,14.9674,2.1878,15.1645,320.0,17546.0,2899.1797
1484,15.3211,14.7268,2.2883,14.51,326.0,19238.0,2899.1797
1485,14.328,14.8758,2.4076,15.5513,326.0,18818.0,2899.1797
1486,15.5338,14.7809,1.9655,15.4129,326.0,19709.0,2899.1797
1487,15.416,14.9986,2.3525,15.5325,328.0,19842.0,2899.1797
1488,15.5289,15.2415,2.0655,15.7287,322.0,15980.0,2899.1797
1489,15.7491,14.9266,2.012,15.7533,325.0,17917.0,2899.1797
1490,15.7693,15.1463,2.0492,15.4465,333.0,27750.0,2899.1797
1491,15.4257,13.7302,1.9438,15.7351,321.0,16876.0,2899.1797
1492,15.7172,14.3335,1.9501,15.1824,320.0,16856.0,2899.1797
1493,15.2185,15.2091,2.1057,15.4671,321.0,16334.0,2899.1797
1494,15.4802,14.8089,1.9949,15.5754,322.0,16771.0,2899.1797
1495,15.5778,14.9487,1.9998,15.097,320.0,20749.0,2899.1797
1496,15.0732,15.1766,2.0357,16.2757,312.0,16010.0,2899.1797
1497,16.3501,15.3649,2.244,16.6838,285.0,12582.0,2899.1797
1498,16.7708,16.1113,2.59,16.7807,288.0,12618.0,2899.1797
1499,16.7208,15.8693,2.6705,15.8486,321.0,16086.0,2899.1797
1500,15.902,15.4902,2.6884,14.8671,307.0,13666.0,2899.1797
1501,14.8243,15.248,2.5025,16.1254,289.0,12586.0,2899.1797
1502,16.0565,15.0976,2.6338,15.6944,330.0,37396.0,2899.1797
1503,15.6459,15.25,2.256,15.3991,322.0,25998.0,2899.1797
1504,15.4291,15.0194,2.4185,16.2384,322.0,17124.0,2899.1797
1505,16.2271,14.3095,1.8709,15.5229,322.0,17404.0,2899.1797
1506,15.6208,15.1149,2.249,14.9932,317.0,14454.0,2899.1797
1507,14.8959,13.7846,2.1793,15.4558,286.0,12594.0,2899.1797
1508,15.4903,14.4861,2.5004,16.7007,285.0,12582.0,2899.1797
1509,16.683,14.5438,2.3687,14.1585,287.0,12606.0,2899.1797
1510,14.1811,15.2519,2.401,16.6451,301.0,13446.0,2899.1797
1511,16.6578,15.1598,2.5752,14.9526,285.0,12582.0,2899.1797
1512,14.9222,15.1075,2.5443,15.428,285.0,12582.0,2899.1797
1513,15.4383,15.3372,2.4146,16.9557,323.0,28256.0,2899.1797
1514,16.9543,15.1111,2.5035,14.0971,324.0,26588.0,2899.1797
1515,14.0999,15.2804,2.3788,15.8435,322.0,29490.0,2899.1797
1516,15.8935,15.3893,2.5274,15.9423,325.0,18410.0,2899.1797
1517,15.953,15.2999,3.0141,15.3958,325.0,16554.0,2899.1797
1518,15.2948,15.118,2.3885,16.132,325.0,31624.0,2899.1797
1519,16.1422,15.0769,2.3249,15.1848,291.0,12728.0,2899.1797
1520,15.2018,15.0127,2.1893,15.3205,287.0,12584.0,2899.1797
1521,15.32,14.3103,1.7806,14.8684,325.0,14720.0,2899.1797
1522,14.9226,14.2638,1.809,14.5401,321.0,15062.0,2899.1797
1523,14.4703,13.6405,2.0635,15.371,320.0,14682.0,2899.1797
1524,15.3783,14.7257,2.1123,15.3161,317.0,15214.0,2899.1797
1525,15.2922,14.4485,2.0063,14.8643,318.0,17377.0,2899.1797
1526,14.892,14.4368,1.8966,15.393,329.0,20331.0,2899.1797
1527,15.3893,14.374,2.085,13.3916,320.0,14646.0,2899.1797
1528,13.3595,14.4225,2.1447,15.0691,320.0,17503.0,2899.1797
1529,15.1529,14.3775,2.0492,14.8328,320.0,15270.0,2899.1797
1530,14.8048,14.431,2.1145,16.5272,321.0,20590.0,2899.1797
1531,16.5123,14.5311,2.3029,14.5689,322.0,24586.0,2899.1797
1532,14.6054,13.7253,2.3185,15.2831,328.0,31610.0,2899.1797
1533,15.3322,14.0627,2.2956,15.2358,326.0,24574.0,2899.1797
1534,15.1964,14.5406,2.6429,14.1904,327.0,30478.0,2899.1797
1535,14.1852,14.5067,2.3319,20.9399,517.0,76616.0,2899.1797
1536,21.1553,14.5718,3.2065,14.2127,363.0,39987.0,3027.1797
1537,14.0791,14.3461,3.9722,15.7499,277.0,35192.0,3027.1797
1538,15.797,14.4594,3.7647,12.3983,232.0,25882.0,3027.1797
1539,12.3471,13.3944,2.7105,12.2551,222.0,19514.0,3027.1797
1540,12.1584,13.1727,2.5483,14.368,258.0,37658.0,3027.1797
1541,14.381,13.269,2.0326,14.4786,259.0,39914.0,3027.1797
1542,14.4729,12.7718,2.2141,13.0127,256.0,44874.0,3027.1797
1543,13.0408,13.4407,2.1506,14.7048,260.0,34458.0,3027.1797
1544,14.6672,13.4325,1.9841,12.3727,259.0,19822.0,3027.1797
1545,12.3074,13.3309,1.8425,14.6195,261.0,25396.0,3047.8672
1546,14.6623,13.7152,2.6419,15.368,262.0,20196.0,3062.5547
1547,15.4769,13.1329,3.2566,15.107,260.0,19234.0,3062.5547
1548,15.081,12.783,2.9092,14.5544,264.0,27542.0,3062.5547
1549,14.5881,14.1673,3.5793,15.9856,261.0,23418.0,3033.1797
1550,15.9535,13.5338,3.5348,11.6764,261.0,18114.0,2991.8047
1551,11.6128,13.6559,2.8312,12.5224,260.0,18984.0,2991.8047
1552,12.4835,13.2741,2.0056,13.9843,260.0,19720.0,2991.8047
1553,14.0305,13.0076,2.8435,14.649,262.0,23740.0,2991.8047
1554,14.6487,12.9004,3.7698,13.7903,259.0,19526.0,2991.8047
1555,13.7944,13.0045,2.1518,12.9648,259.0,19526.0,2991.8047
1556,12.9539,13.288,2.0499,14.4296,258.0,18122.0,2991.8047
1557,14.4771,13.6789,2.0529,14.0085,263.0,32858.0,2991.8047
1558,13.9213,13.2574,2.2169,13.8616,260.0,19666.0,2991.8047
1559,13.8815,13.6359,2.1013,14.1301,260.0,18146.0,2991.8047
1560,14.1515,13.0464,2.2192,14.4489,257.0,18610.0,2991.8047
1561,14.4785,12.8764,2.3437,13.8616,264.0,33270.0,2991.8047
1562,13.8664,13.7087,2.1549,14.3819,258.0,21518.0,2991.8047
1563,14.34,13.7344,1.9479,13.981,257.0,21358.0,2991.8047
1564,14.0333,13.6875,2.5148,13.2626,264.0,18614.0,2991.8047
1565,13.2313,13.6324,2.3786,14.3136,268.0,25514.0,2991.8047
1566,14.3091,13.1432,2.2283,14.4337,264.0,31574.0,2991.8047
1567,14.4385,12.9561,2.4625,14.2017,263.0,34696.0,2991.8047
1568,14.2384,13.7211,2.1895,13.7018,265.0,41104.0,2991.8047
1569,13.6522,13.5559,1.9741,13.6351,260.0,25288.0,2991.8047
1570,13.7172,13.6566,2.2572,14.4107,256.0,21524.0,2991.8047
1571,14.3226,13.2674,2.0257,14.4409,256.0,20158.0,2991.8047
1572,14.4848,13.591,2.4219,13.9401,253.0,18708.0,2991.8047
1573,13.9127,12.6201,2.031,13.8432,256.0,25688.0,2991.8047
1574,13.8633,13.5512,2.1745,14.3408,256.0,31632.0,2991.8047
1575,14.3498,13.831,2.0165,14.0597,251.0,25824.0,2991.8047
1576,14.1529,13.5883,2.4419,13.7307,256.0,22080.0,2991.8047
1577,13.6287,13.7161,2.6169,13.7829,258.0,26043.0,2991.8047
1578,13.7672,13.6307,2.1577,14.3242,257.0,20982.0,2991.8047
1579,14.3321,12.8487,1.9816,14.8182,261.0,23540.0,2991.8047
1580,14.813,12.8684,2.0034,13.5554,261.0,20940.0,2991.8047
1581,13.5773,13.5621,2.1753,13.8881,261.0,21213.0,2991.8047
1582,13.9124,13.7587,2.2582,13.1365,263.0,20499.0,2991.8047
1583,13.1386,13.7849,2.0036,15.0471,261.0,23082.0,2991.8047
1584,15.0102,13.6631,2.3644,14.396,262.0,20386.0,2991.8047
1585,14.4755,13.4327,2.452,13.9521,260.0,21170.0,2991.8047
1586,13.893,12.8442,2.335,14.1498,258.0,22230.0,2991.8047
1587,14.1675,13.5644,2.0362,13.4124,257.0,21054.0,2991.8047
1588,13.3704,13.5997,2.1061,14.3466,258.0,20250.0,2991.8047
1589,14.3854,13.6918,2.1548,13.2258,258.0,22884.0,2991.8047
1590,13.2059,13.5461,1.9114,15.0393,257.0,25674.0,2991.8047
1591,15.0337,13.4116,1.9623,13.9822,259.0,24820.0,2991.8047
1592,13.9842,12.9387,2.2446,13.6613,259.0,22734.0,2991.8047
1593,13.6958,13.6822,2.2493,14.261,257.0,22224.0,2991.8047
1594,14.2075,13.6019,2.2707,13.9795,257.0,21466.0,2991.8047
1595,14.2611,13.646,2.2547,14.2552,257.0,21270.0,2991.8047
1596,14.046,13.7011,2.098,13.9019,262.0,21220.0,2991.8047
1597,13.846,13.5557,2.2065,14.3545,261.0,20742.0,2991.8047
1598,14.3469,12.738,2.2024,14.2749,260.0,20646.0,2991.8047
1599,14.3032,12.9775,2.2031,13.5604,265.0,22986.0,2991.8047
1600,13.5913,13.6808,2.2446,13.372,259.0,20364.0,2991.8047
1601,13.3403,13.5164,2.1502,13.9005,263.0,23472.0,2991.8047
1602,13.9789,13.3115,2.2203,13.7514,257.0,18846.0,2991.8047
1603,13.6501,13.4613,1.9743,13.7135,258.0,20362.0,2991.8047
1604,13.7241,12.9743,1.9365,14.2734,259.0,18994.0,2991.8047
1605,14.276,12.6222,2.0381,13.8742,256.0,18222.0,2991.8047
1606,13.8603,13.4933,2.0543,13.2862,259.0,18134.0,2991.8047
1607,13.3002,13.4048,1.9445,13.7548,257.0,21358.0,2991.8047
1608,13.711,13.344,1.8126,13.8978,258.0,18122.0,2991.8047
1609,13.9389,13.2521,2.2045,13.8588,257.0,18268.0,2991.8047
1610,13.84,12.6033,1.6994,13.7017,259.0,35834.0,2991.8047
1611,13.7152,12.8973,1.7954,13.5421,260.0,39926.0,2991.8047
1612,13.5393,13.3235,1.8937,13.7517,261.0,46486.0,2991.8047
1613,13.8514,13.3924,2.1129,13.6786,263.0,34142.0,2991.8047
1614,13.5538,13.3723,2.0919,13.8369,262.0,20122.0,2991.8047
1615,13.8422,13.2731,1.7807,14.0039,262.0,25386.0,2991.8047
1616,14.024,12.6142,1.825,13.6811,262.0,20024.0,2991.8047
1617,13.6999,13.3641,1.7479,13.3614,261.0,18436.0,2991.8047
1618,13.3705,13.2638,1.8862,13.6986,258.0,28084.0,2991.8047
1619,13.7087,13.2437,2.1344,13.7301,261.0,21022.0,2991.8047
1620,13.6921,13.4595,2.045,14.1309,256.0,20906.0,2991.8047
1621,14.1313,13.273,1.8535,14.3562,258.0,18490.0,2991.8047
1622,14.342,12.6345,1.9153,13.28,259.0,19854.0,2991.8047
1623,13.3203,13.3107,1.8201,13.5897,259.0,23630.0,2991.8047
1624,13.6002,13.4056,1.9882,13.5702,257.0,19966.0,2991.8047
1625,13.5149,13.302,1.9636,13.52,258.0,19050.0,2991.8047
1626,13.5232,13.1352,1.9529,14.47,257.0,18574.0,2991.8047
1627,14.5459,12.6198,1.9933,13.8189,263.0,30796.0,2991.8047
1628,13.7694,12.671,1.964,13.3029,263.0,21252.0,2991.8047
1629,13.3038,13.2784,1.931,13.888,266.0,18642.0,2991.8047
1630,13.9485,13.4611,2.0391,13.5074,262.0,18626.0,2991.8047
1631,13.536,13.2791,1.7134,14.3679,264.0,30328.0,2991.8047
1632,14.3096,13.3197,1.7643,13.2182,260.0,22750.0,2991.8047
1633,13.1798,12.5739,1.8491,13.9257,260.0,22598.0,2991.8047
1634,13.9363,13.3755,2.0216,13.5026,257.0,18574.0,2991.8047
1635,13.5012,13.4968,1.8588,13.6711,261.0,24091.0,2991.8047
1636,13.8216,13.385,2.2945,14.0652,262.0,31753.0,2991.8047
1637,13.9183,13.5225,1.8504,13.8747,260.0,31438.0,2991.8047
1638,13.8623,13.4585,1.7061,14.2871,263.0,46034.0,2991.8047
1639,14.3049,12.5591,1.8845,13.3444,256.0,21906.0,2991.8047
1640,13.3764,13.5888,1.9873,14.0649,256.0,24314.0,2991.8047
1641,14.0214,13.5689,1.9096,13.8087,257.0,20736.0,2991.8047
1642,13.8517,13.4105,1.8356,14.0202,252.0,18696.0,2991.8047
1643,13.9738,13.4766,1.7355,13.6815,256.0,24144.0,2991.8047
1644,13.6917,13.5374,1.7576,14.3616,262.0,28563.0,2991.8047
1645,14.3719,12.6405,1.8701,13.7227,260.0,30865.0,2991.8047
1646,13.7233,13.6238,1.9312,14.0506,260.0,22084.0,2991.8047
1647,14.0411,13.629,1.8807,13.4247,258.0,26021.0,2991.8047
1648,13.5469,13.5766,2.2471,14.394,261.0,21008.0,2991.8047
1649,14.3166,13.3185,2.0625,13.7571,264.0,23554.0,2991.8047
1650,13.7552,13.409,2.1102,14.0551,256.0,20924.0,2991.8047
1651,14.0502,12.5793,2.0802,13.4715,258.0,21221.0,2991.8047
1652,13.4476,13.3908,1.911,13.9135,262.0,20531.0,2991.8047
1653,13.9238,13.3899,1.833,13.4693,260.0,23092.0,2991.8047
1654,13.5389,13.4679,2.1347,13.8015,258.0,20360.0,2991.8047
1655,13.7227,13.3236,1.8198,14.2254,258.0,21168.0,2991.8047
1656,14.2346,13.3381,1.8196,13.8569,257.0,22218.0,2991.8047
1657,13.8919,12.6477,1.8454,13.3687,257.0,21054.0,2991.8047
1658,13.308,13.4476,1.993,13.948,259.0,20262.0,2991.8047
1659,14.0238,13.2786,1.9747,13.3488,257.0,22872.0,2991.8047
1660,13.2691,13.3392,1.7679,13.9373,263.0,25702.0,2991.8047
1661,13.9714,13.3669,2.0964,13.9323,263.0,24824.0,2991.8047
1662,13.9287,12.7187,1.7448,13.9255,260.0,22702.0,2991.8047
1663,13.9024,13.1146,1.7873,14.1387,260.0,22238.0,2991.8047
1664,14.2309,13.4546,1.9845,13.6315,260.0,21480.0,2991.8047
1665,13.572,13.3043,1.8683,13.1564,263.0,21320.0,2991.8047
1666,13.1221,13.2974,1.5924,14.828,258.0,21216.0,2991.8047
1667,14.8486,13.6582,1.7586,14.1635,258.0,20750.0,2991.8047
1668,14.1496,12.6209,1.7977,13.5265,258.0,20666.0,2991.8047
1669,13.5508,13.3201,1.8299,13.6885,262.0,22972.0,2991.8047
1670,13.7338,13.4719,2.1494,13.1926,260.0,20398.0,2991.8047
1671,13.274,13.6648,1.9186,13.9766,262.0,23482.0,2991.8047
1672,13.83,13.4543,1.6593,14.1717,257.0,18846.0,2991.8047
1673,14.2597,13.4521,1.7466,14.1187,259.0,20374.0,2991.8047
1674,14.044,12.5977,1.8733,13.9199,259.0,18994.0,2991.8047
1675,13.9563,13.2244,1.8844,13.7564,258.0,18246.0,2991.8047
1676,13.7211,13.4784,1.898,13.8106,263.0,18138.0,2991.8047
1677,13.843,13.6544,2.1257,13.8455,260.0,21350.0,2991.8047
1678,13.797,13.5798,1.6586,14.3323,262.0,18126.0,2991.8047
1679,14.3741,13.4548,2.0629,13.6457,258.0,18258.0,2991.8047
1680,13.6602,12.6984,1.8093,14.1757,261.0,35836.0,2991.8047
1681,14.1483,12.6525,1.9123,13.1938,259.0,39892.0,2991.8047
1682,13.2131,13.566,2.0431,14.9701,256.0,46470.0,2991.8047
1683,14.9522,13.3497,1.7643,12.8321,256.0,34102.0,2991.8047
1684,12.8305,13.3524,1.5044,13.8607,257.0,20106.0,2991.8047
1685,13.8669,13.389,1.7694,14.2674,263.0,25420.0,2991.8047
1686,14.2662,12.6311,1.8676,13.3087,263.0,20058.0,2991.8047
1687,13.3537,13.3837,1.8893,14.1948,259.0,18434.0,2991.8047
1688,14.1492,13.3348,1.8551,14.0202,258.0,28084.0,2991.8047
1689,14.0105,13.3805,1.8945,12.9223,259.0,20998.0,2991.8047
1690,13.0146,13.393,1.7453,14.2579,256.0,20906.0,2991.8047
1691,14.2628,13.3802,1.7161,13.83,258.0,18490.0,2991.8047
1692,13.7383,12.581,1.8712,13.8345,262.0,19846.0,2991.8047
1693,13.8473,12.8758,1.9,13.442,262.0,23622.0,2991.8047
1694,13.4288,13.3231,1.8954,13.7925,262.0,19982.0,2991.8047
1695,14.1357,13.459,2.2187,14.0456,259.0,19040.0,2991.8047
1696,13.7145,13.0594,1.6941,13.9827,261.0,18600.0,2991.8047
1697,13.9663,13.308,1.6876,13.2553,264.0,30786.0,2991.8047
1698,13.2711,12.5177,1.8629,13.7192,261.0,21272.0,2991.8047
1699,13.7532,13.5164,1.9211,13.6948,256.0,18566.0,2991.8047
1700,13.7856,13.3024,1.7705,13.3586,256.0,18598.0,2991.8047
1701,13.2734,13.5836,1.7226,14.4493,262.0,30326.0,2991.8047
1702,14.4558,13.411,2.2184,14.1663,258.0,22748.0,2991.8047
1703,14.1322,12.8767,1.9127,13.6729,260.0,22620.0,2991.8047
1704,13.6995,13.0734,1.9174,13.3379,256.0,18562.0,2991.8047
1705,13.3071,13.4062,1.7455,13.8144,263.0,24115.0,2991.8047
1706,13.8146,13.3798,1.7697,13.4187,262.0,31753.0,2991.8047
1707,13.4262,13.264,1.5746,14.615,262.0,31462.0,2991.8047
1708,14.5893,13.3421,1.8133,13.5433,269.0,46062.0,2991.8047
1709,13.5774,12.5957,1.9254,13.8805,260.0,21910.0,2991.8047
1710,13.8803,13.4269,1.8439,13.8933,262.0,24342.0,2991.8047
1711,13.9034,13.581,1.9553,14.2082,260.0,20750.0,2991.8047
1712,14.171,13.4148,1.8461,13.3101,255.0,18710.0,2991.8047
1713,13.2924,13.4046,1.7724,14.0285,258.0,24146.0,2991.8047
1714,14.1064,13.4026,1.6835,13.5857,258.0,28559.0,2991.8047
1715,13.5176,12.576,1.6801,13.7732,257.0,30873.0,2991.8047
1716,13.7988,13.5049,1.7783,13.9315,256.0,22080.0,2991.8047
1717,13.9403,13.3855,1.8713,13.2369,261.0,26079.0,2991.8047
1718,13.2903,13.3097,2.1874,13.7499,256.0,20970.0,2991.8047
1719,13.7167,13.4513,1.7584,14.1476,262.0,23552.0,2991.8047
1720,14.172,13.3841,1.8722,13.8768,255.0,20912.0,2991.8047
1721,13.8726,12.6635,1.9621,13.6391,257.0,21209.0,2991.8047
1722,13.5823,13.3378,1.7506,14.7069,261.0,20519.0,2991.8047
1723,14.829,13.3855,2.0529,12.9934,261.0,23104.0,2991.8047
1724,12.8446,13.5396,2.0366,13.8798,262.0,20364.0,2991.8047
1725,13.9288,13.4538,2.0968,14.2166,263.0,21184.0,2991.8047
1726,14.2182,13.46,1.9636,13.9087,263.0,22246.0,2991.8047
1727,13.9058,12.6782,1.8689,13.9085,261.0,21080.0,2991.8047
1728,13.9073,13.3465,1.8221,14.1059,260.0,20252.0,2991.8047
1729,14.1407,13.4343,1.9127,12.9051,258.0,22862.0,2991.8047
1730,12.8607,13.285,1.7505,13.7313,259.0,25698.0,2991.8047
1731,13.7807,13.3275,1.9597,14.1741,259.0,24820.0,2991.8047
1732,14.1453,12.5716,1.8531,13.7099,260.0,22746.0,2991.8047
1733,13.7913,13.0309,1.7304,13.8633,258.0,22236.0,2991.8047
1734,13.7747,13.3925,1.6482,13.6863,258.0,21478.0,2991.8047
1735,13.8033,13.432,1.8505,13.8008,258.0,21282.0,2991.8047
1736,13.6903,13.2573,1.6766,13.5274,259.0,21228.0,2991.8047
1737,13.5279,13.4629,1.673,13.9811,261.0,20786.0,2991.8047
1738,13.9883,12.8642,1.9172,15.1928,257.0,20654.0,2991.8047
1739,15.2381,13.3865,2.1099,13.6718,262.0,22972.0,2991.8047
1740,13.64,13.5057,2.1921,13.2516,262.0,20378.0,2991.8047
1741,13.3546,13.6508,2.2619,14.3353,266.0,23486.0,2991.8047
1742,14.2492,13.7404,2.8034,15.3031,262.0,18862.0,2991.8047
1743,15.4282,14.1605,2.5698,14.1014,261.0,20376.0,2991.8047
1744,13.9576,13.7988,2.6786,15.2878,259.0,18972.0,2991.8047
1745,15.3417,13.0053,2.287,14.0078,261.0,18260.0,2991.8047
1746,14.0615,13.7706,2.3467,13.9972,258.0,18122.0,2991.8047
1747,13.9785,13.8169,2.3988,13.6022,258.0,21370.0,2991.8047
1748,13.5575,13.677,2.3624,13.493,260.0,18146.0,2991.8047
1749,13.4856,13.7006,2.3973,14.1454,256.0,18256.0,2991.8047
1750,14.2124,13.5624,2.1349,14.5061,258.0,35822.0,2991.8047
1751,14.4561,12.9773,2.1748,14.4699,257.0,39890.0,2991.8047
1752,14.5009,12.9784,2.327,14.2027,256.0,46470.0,2991.8047
1753,14.3649,13.7323,2.393,13.9517,258.0,34126.0,2991.8047
1754,13.7665,13.7313,2.4426,12.7687,259.0,20130.0,2991.8047
1755,12.9176,13.8828,2.7822,15.5127,262.0,25408.0,2991.8047
1756,15.3516,13.6483,2.5252,13.5732,263.0,20014.0,2991.8047
1757,13.5379,13.5228,2.6511,14.2871,262.0,18426.0,2991.8047
1758,14.3323,12.8646,2.0839,14.6888,263.0,28100.0,2991.8047
1759,14.6299,13.7926,2.0334,13.4848,260.0,20988.0,2991.8047
1760,13.5154,13.5566,1.9983,13.6674,261.0,20944.0,2991.8047
1761,13.6783,13.6087,2.2106,13.2609,258.0,18468.0,2991.8047
1762,13.2083,13.5857,1.8304,14.3699,258.0,19842.0,2991.8047
1763,14.3996,13.4626,1.7836,14.2603,260.0,23642.0,2991.8047
1764,14.301,12.6274,2.0711,14.6541,257.0,19966.0,2991.8047
1765,14.6627,13.7291,2.0678,13.6389,258.0,19050.0,2991.8047
1766,13.6014,13.6066,2.1039,13.9243,257.0,18574.0,2991.8047
1767,13.9453,13.5622,2.1384,13.2016,263.0,30796.0,2991.8047
1768,13.1487,13.6915,1.8849,14.8872,259.0,21248.0,2991.8047
1769,14.9421,13.5375,2.2896,14.0131,258.0,18590.0,2991.8047
1770,13.9691,12.9292,2.0366,13.7622,259.0,18634.0,2991.8047
1771,13.7779,13.3734,2.1619,15.0993,264.0,30350.0,2991.8047
1772,15.119,13.6549,2.2073,13.7263,261.0,22740.0,2991.8047
1773,13.7499,13.536,2.1116,13.044,262.0,22600.0,2991.8047
1774,12.9965,13.6418,1.9064,14.3097,260.0,18566.0,2991.8047
1775,14.4305,13.7065,2.2741,14.0807,264.0,24105.0,2991.8047
1776,13.9612,13.3997,2.2085,16.149,263.0,31743.0,2991.8047
1777,16.2783,13.0764,2.6159,14.9674,262.0,31440.0,2991.8047
1778,15.0924,13.8758,2.7491,14.0498,263.0,46034.0,2991.8047
1779,14.0429,14.2678,2.9189,14.0513,256.0,21906.0,2991.8047
1780,13.8777,14.0394,2.8745,14.0733,256.0,24314.0,2991.8047
1781,14.0989,14.0122,3.3357,13.2992,258.0,20748.0,2991.8047
1782,13.2563,14.0067,3.055,16.6029,253.0,18708.0,2991.8047
1783,16.6213,13.2011,3.7187,13.6879,258.0,24168.0,2991.8047
1784,13.7226,12.7205,2.7696,14.6744,256.0,28535.0,2991.8047
1785,14.6651,13.9716,2.7053,15.94,257.0,30873.0,2991.8047
1786,16.0383,13.8763,3.0296,13.9511,255.0,22068.0,2991.8047
1787,13.8933,14.0134,3.2966,11.8763,258.0,26043.0,2991.8047
1788,11.8505,13.9289,2.5427,13.8614,260.0,20974.0,2991.8047
1789,13.7588,13.7996,1.9501,13.8537,265.0,23544.0,2991.8047
1790,13.8847,13.7761,2.525,14.7499,261.0,20940.0,2991.8047
1791,14.8398,12.7444,2.1826,14.0733,259.0,21211.0,2991.8047
1792,13.9707,13.7835,2.1012,13.7871,263.0,20521.0,2991.8047
1793,13.7675,13.6916,2.0165,14.4556,260.0,23070.0,2991.8047
1794,14.4938,13.8659,2.2197,13.727,258.0,20360.0,2991.8047
1795,13.8757,13.8373,2.3791,14.0063,257.0,21156.0,2991.8047
1796,13.8723,13.504,2.7988,16.3145,259.0,22242.0,2991.8047
1797,16.39,13.6778,2.6142,13.4393,259.0,21078.0,2991.8047
1798,13.384,12.7818,2.5587,14.2167,259.0,20262.0,2991.8047
1799,14.2278,13.6975,2.3917,13.6618,257.0,22872.0,2991.8047
1800,13.6263,13.4342,2.4309,13.3282,258.0,25686.0,2991.8047
1801,13.4539,13.8889,2.4767,14.1919,259.0,24820.0,2991.8047
1802,14.0806,13.7361,2.5907,21.3551,258.0,22722.0,2991.8047
1803,21.4738,13.7361,2.9184,7.9595,257.0,22224.0,2991.8047
1804,7.8845,13.0048,2.3949,15.1058,263.0,21494.0,2991.8047
1805,15.3031,12.7463,3.086,16.2235,261.0,21274.0,2991.8047
1806,15.9894,13.8129,2.4959,12.7179,261.0,21208.0,2991.8047
1807,12.8307,13.8713,2.2674,14.6653,265.0,20812.0,2991.8047
1808,14.5582,13.7475,2.3458,12.7225,259.0,20656.0,2991.8047
1809,12.6911,13.7321,2.2187,13.8519,264.0,22974.0,2991.8047
1810,13.9024,13.5662,2.4126,14.3162,258.0,20374.0,2991.8047
1811,14.268,12.7615,1.8711,13.0676,261.0,23470.0,2991.8047
1812,13.0061,13.4841,1.6181,14.0485,258.0,18858.0,2991.8047
1813,14.0602,13.3932,1.7517,13.1807,257.0,20350.0,2991.8047
1814,13.259,13.4803,2.1469,13.7813,257.0,18970.0,2991.8047
1815,13.6935,13.0284,1.6979,13.8932,257.0,18234.0,2991.8047
1816,13.9617,13.3031,1.7549,13.971,258.0,18122.0,2991.8047
1817,13.9868,12.502,1.7482,13.3644,257.0,21358.0,2991.8047
1818,13.4421,13.2284,2.3268,15.0557,259.0,18134.0,2991.8047
1819,14.975,13.214,2.1653,12.2169,257.0,18268.0,2991.8047
1820,12.2409,13.3335,2.0845,15.7582,261.0,35814.0,2991.8047
1821,15.7495,13.3761,2.3372,12.5958,261.0,39894.0,2991.8047
1822,12.6448,13.2685,2.519,13.3148,260.0,46474.0,2991.8047
1823,13.2836,12.449,2.1117,13.0008,261.0,34140.0,2991.8047
1824,12.9724,13.3048,1.9509,13.4263,260.0,20120.0,2991.8047
1825,13.411,13.4091,1.6962,13.7669,263.0,25398.0,2991.8047
1826,13.7526,12.9929,1.5453,13.4083,259.0,20010.0,2991.8047
1827,13.4368,13.0994,1.5967,13.6502,259.0,18434.0,2991.8047
1828,13.6086,12.2773,1.6138,13.7707,260.0,28108.0,2991.8047
1829,13.7964,12.7379,1.8092,12.5092,258.0,20986.0,2991.8047
1830,12.4951,13.0679,1.7764,13.7258,258.0,20930.0,2991.8047
1831,13.6962,13.0187,1.8015,13.8039,260.0,18514.0,2991.8047
1832,13.8119,13.1379,1.9377,13.9829,259.0,19854.0,2991.8047
1833,14.0139,12.3477,1.8342,12.7409,257.0,23606.0,2991.8047
1834,12.7204,13.0232,1.7704,13.1921,259.0,19990.0,2991.8047
1835,13.21,13.0637,1.8757,13.2714,256.0,19026.0,2991.8047
1836,13.2934,13.1702,1.8358,14.0507,264.0,18614.0,2991.8047
1837,14.017,13.318,1.9002,14.5474,266.0,30788.0,2991.8047
1838,14.5735,12.7444,2.0047,13.2146,263.0,21252.0,2991.8047
1839,13.2358,13.0111,2.0066,13.5216,261.0,18604.0,2991.8047
1840,13.4773,13.5227,1.8674,13.3321,259.0,18612.0,2991.8047
1841,13.3573,13.359,1.7961,14.0621,264.0,30328.0,2991.8047
1842,14.0098,13.473,1.6882,14.0666,260.0,22772.0,2991.8047
1843,14.154,13.1401,1.9119,13.7879,257.0,22584.0,2991.8047
1844,13.7373,12.5704,1.8826,13.0102,262.0,18634.0,2991.8047
1845,13.0141,13.361,1.9881,13.5617,262.0,24103.0,2991.8047
1846,13.5958,13.0761,2.0215,14.8076,261.0,31741.0,2991.8047
1847,14.9009,13.1647,2.0454,13.5662,261.0,31450.0,2991.8047
1848,13.5326,13.4626,1.8085,13.4704,265.0,46058.0,2991.8047
1849,13.4962,13.5159,1.7996,14.1591,259.0,21942.0,2991.8047
1850,14.0562,12.6449,1.8457,14.4992,254.0,24290.0,2991.8047
1851,14.5271,13.3795,1.8385,12.8528,258.0,20748.0,2991.8047
1852,12.7924,13.459,1.6884,13.5718,260.0,18748.0,2991.8047
1853,13.6161,13.4907,1.8084,13.5883,261.0,24160.0,2991.8047
1854,13.5596,13.207,1.8029,14.0164,262.0,28563.0,2991.8047
1855,13.9931,13.1721,1.597,14.3712,258.0,30863.0,2991.8047
1856,14.3675,12.3472,1.4852,12.4415,257.0,22070.0,2991.8047
1857,12.4534,13.2005,1.5269,13.4442,259.0,26033.0,2991.8047
1858,13.4297,13.117,1.5032,13.3409,256.0,20970.0,2991.8047
1859,13.3352,13.0354,1.3383,14.1248,261.0,23540.0,2991.8047
1860,14.1604,13.1706,1.5587,13.0832,254.0,20900.0,2991.8047
1861,13.1962,12.3282,1.7978,13.2958,256.0,21197.0,2991.8047
1862,13.2435,12.861,1.6409,14.1596,258.0,20483.0,2991.8047
1863,14.1389,13.1393,1.5593,12.6196,259.0,23080.0,2991.8047
1864,12.5717,13.175,1.5187,14.2091,260.0,20384.0,2991.8047
1865,14.2119,13.1003,1.6553,13.5893,262.0,21216.0,2991.8047
1866,13.5958,12.3409,1.5978,13.5819,257.0,22218.0,2991.8047
1867,13.6174,13.0352,1.6938,13.1628,260.0,21090.0,2991.8047
1868,13.1261,13.1938,1.6756,13.2645,260.0,20230.0,2991.8047
1869,13.4135,13.0359,2.1759,13.621,260.0,22864.0,2991.8047
1870,13.4731,13.0391,1.5929,13.7777,264.0,25714.0,2991.8047
1871,13.7983,12.7429,1.5943,14.4425,260.0,24810.0,2991.8047
1872,14.4297,12.7653,1.7979,12.2458,258.0,22700.0,2991.8047
1873,12.2437,13.0766,1.5926,14.1881,260.0,22238.0,2991.8047
1874,14.2055,13.0902,1.7996,13.2245,258.0,21478.0,2991.8047
1875,13.2087,13.1224,1.7153,13.8105,257.0,21270.0,2991.8047
1876,13.7927,12.6469,1.2993,13.1847,260.0,21240.0,2991.8047
1877,13.216,12.8144,1.7339,12.8819,257.0,20738.0,2991.8047
1878,12.8778,13.1162,1.7283,14.2364,256.0,20642.0,2991.8047
1879,14.184,13.1424,1.4432,13.4335,260.0,22948.0,2991.8047
1880,13.5198,13.2864,1.638,13.2196,258.0,20374.0,2991.8047
1881,13.165,13.0346,1.7317,13.7585,262.0,23482.0,2991.8047
1882,13.8255,12.3821,1.923,13.7376,258.0,18858.0,2991.8047
1883,13.7222,13.3638,1.7039,13.3015,256.0,20338.0,2991.8047
1884,13.3246,13.0437,1.9215,13.7465,264.0,19010.0,2991.8047
1885,13.7015,13.2625,1.7444,13.818,262.0,18250.0,2991.8047
1886,13.8792,13.1886,2.0884,12.9995,263.0,18138.0,2991.8047
1887,12.9802,12.5389,1.7784,13.772,261.0,21384.0,2991.8047
1888,13.7257,13.0893,1.6523,14.1865,260.0,18124.0,2991.8047
1889,14.2109,13.2359,1.8107,12.4427,263.0,18318.0,2991.8047
1890,12.4479,13.3989,1.814,14.7647,257.0,35810.0,2991.8047
1891,14.7949,13.3256,1.7763,13.0416,258.0,39902.0,2991.8047
1892,13.0285,12.5637,1.7941,14.064,256.0,46470.0,2991.8047
1893,13.9986,12.3674,1.5656,12.4133,260.0,34150.0,2991.8047
1894,12.439,13.2127,1.6112,13.7016,258.0,20118.0,2991.8047
1895,13.7375,13.3059,1.6644,13.7355,263.0,25420.0,2991.8047
1896,13.7536,13.2067,1.4983,13.9102,262.0,20046.0,2991.8047
1897,13.9184,13.1012,1.7641,13.3956,257.0,18410.0,2991.8047
1898,13.3605,12.3383,1.7309,13.6467,258.0,28084.0,2991.8047
1899,13.6753,12.9545,1.9326,13.0832,257.0,20974.0,2991.8047
1900,13.0663,13.1969,1.7831,13.4043,264.0,20958.0,2991.8047
1901,13.4964,12.9735,1.821,13.763,263.0,18506.0,2991.8047
1902,13.6439,13.0723,1.9615,14.5787,262.0,19846.0,2991.8047
1903,14.6232,12.4101,1.9325,13.0592,261.0,23632.0,2991.8047
1904,13.079,13.2659,1.9656,13.039,261.0,19992.0,2991.8047
1905,13.089,13.0396,1.7539,12.9409,263.0,19088.0,2991.8047
1906,12.9085,13.0759,2.0655,13.8005,257.0,18574.0,2991.8047
1907,13.8127,13.2301,2.0105,14.6379,262.0,30784.0,2991.8047
1908,14.5295,12.6622,1.642,12.9284,259.0,21248.0,2991.8047
1909,12.9536,12.8767,1.6523,13.4082,258.0,18590.0,2991.8047
1910,13.4935,13.1411,1.8799,13.4832,260.0,18646.0,2991.8047
1911,13.4989,13.1818,2.0985,13.4595,264.0,30350.0,2991.8047
1912,13.3664,13.107,1.7989,13.8647,259.0,22760.0,2991.8047
1913,13.8659,13.2481,1.6977,13.5344,259.0,22608.0,2991.8047
1914,13.5293,12.3591,1.7312,13.452,257.0,18574.0,2991.8047
1915,13.5176,13.1653,1.8881,12.8694,264.0,24127.0,2991.8047
1916,12.839,13.0026,1.8701,13.2264,268.0,31781.0,2991.8047
1917,13.2018,13.2313,1.8494,13.9548,264.0,31442.0,2991.8047
1918,13.9888,13.4052,1.7486,14.4013,267.0,46038.0,2991.8047
1919,14.4023,12.3833,1.8833,13.5044,259.0,21920.0,2991.8047
1920,13.5134,13.3798,1.914,13.7017,257.0,24304.0,2991.8047
1921,13.714,13.3786,1.7898,13.1819,260.0,20750.0,2991.8047
1922,13.5732,13.3024,2.787,14.3067,256.0,18744.0,2991.8047
1923,13.8847,13.3995,1.91,14.0344,257.0,24156.0,2991.8047
1924,14.0113,13.1341,1.8721,13.6062,257.0,28547.0,2991.8047
1925,13.6301,12.6011,1.8089,13.5584,257.0,30873.0,2991.8047
1926,13.5926,13.3382,1.8325,13.3798,257.0,22092.0,2991.8047
1927,13.3399,13.4311,1.8214,13.9386,258.0,26043.0,2991.8047
1928,13.889,13.4584,1.7508,13.8596,255.0,20958.0,2991.8047
1929,13.9031,12.9981,2.1723,13.9429,261.0,23540.0,2991.8047
1930,13.9499,12.3294,1.9204,13.8928,254.0,20900.0,2991.8047
1931,13.8661,12.6205,1.939,13.2731,257.0,21209.0,2991.8047
1932,13.3614,13.3978,1.802,13.9572,263.0,20499.0,2991.8047
1933,13.8796,13.2939,1.6719,13.1646,265.0,23108.0,2991.8047
1934,13.1939,13.4754,1.8188,13.9498,263.0,20376.0,2991.8047
1935,13.9488,13.4271,1.8379,14.1535,259.0,21158.0,2991.8047
1936,14.1746,12.3727,1.8243,13.4483,260.0,22232.0,2991.8047
1937,13.5011,13.3271,1.8012,14.585,260.0,21068.0,2991.8047
1938,14.4919,13.3957,2.0308,12.6683,258.0,20250.0,2991.8047
1939,12.7004,13.3799,2.3152,15.0202,402.0,27030.0,2991.8047
1940,14.9619,13.6311,1.9729,14.0286,327.0,23384.0,2991.8047
1941,14.1517,15.908,2.4374,15.7016,327.0,21298.0,2991.8047
1942,15.6537,15.3416,2.0115,16.1981,330.0,21158.0,2991.8047
1943,16.2785,14.5402,1.9255,15.1703,327.0,19288.0,2991.8047
1944,15.0661,14.0446,2.037,15.2396,328.0,19400.0,2991.8047
1945,15.2376,14.5491,1.9664,15.7321,327.0,17872.0,2991.8047
1946,15.7384,14.8717,1.9663,14.3556,329.0,18434.0,2991.8047
1947,14.3381,14.6798,1.9501,14.8849,330.0,20464.0,2991.8047
1948,14.8948,14.8051,1.9902,15.0384,335.0,20966.0,2991.8047
1949,15.1064,14.6116,2.2418,14.6893,332.0,16436.0,2991.8047
1950,14.6065,14.8607,2.0837,15.5617,334.0,21441.0,2991.8047
1951,15.5437,14.6631,1.9209,14.9791,331.0,18661.0,2991.8047
1952,15.0966,14.621,2.0953,15.822,331.0,18562.0,2991.8047
1953,15.7519,14.3211,1.8082,15.2053,329.0,17038.0,2991.8047
1954,15.18,14.7751,1.7,14.9045,328.0,16188.0,2991.8047
1955,15.0083,14.0214,2.0493,15.6102,328.0,16064.0,2991.8047
1956,15.5313,14.4699,1.9807,15.0267,329.0,17468.0,2991.8047
1957,14.9975,14.8093,1.7797,15.4448,329.0,16234.0,2991.8047
1958,15.6657,14.9062,2.256,14.7829,328.0,17660.0,2991.8047
1959,14.677,14.6565,1.9823,15.7892,329.0,25796.0,2991.8047
1960,15.7676,14.697,2.1164,14.5823,329.0,24200.0,2991.8047
1961,14.5742,14.6212,2.0683,14.8446,330.0,16088.0,2991.8047
1962,14.863,14.4784,1.8995,15.312,330.0,17026.0,2991.8047
1963,15.2316,14.188,1.8505,14.7226,331.0,21650.0,2991.8047
1964,14.75,14.5161,1.8232,15.4782,333.0,17168.0,2991.8047
1965,15.5056,14.438,1.6512,14.7467,334.0,20890.0,2991.8047
1966,14.6304,13.7074,1.5903,14.4334,335.0,22714.0,2991.8047
1967,14.5562,14.0007,1.6642,15.1601,330.0,20442.0,2991.8047
1968,15.1558,14.6288,1.7805,16.107,332.0,16090.0,2991.8047
1969,16.0371,14.4101,1.8205,14.4652,333.0,17698.0,2991.8047
1970,14.5665,14.5105,1.8989,15.1565,327.0,19980.0,2991.8047
1971,15.1249,14.5029,2.0978,13.6079,329.0,18136.0,2991.8047
1972,13.5466,14.438,1.5702,15.1606,328.0,16992.0,2991.8047
1973,15.1674,14.4783,1.7509,15.3437,333.0,19148.0,2991.8047
1974,15.3367,14.5808,1.7704,14.8864,333.0,26678.0,2991.8047
1975,14.8952,13.7651,1.8747,14.9325,330.0,18858.0,2991.8047
1976,14.9452,13.7438,1.8561,15.6256,327.0,16864.0,2991.8047
1977,15.6446,14.4917,1.9007,13.6638,328.0,20196.0,2991.8047
1978,13.6284,14.5582,1.9509,15.7668,333.0,25616.0,2991.8047
1979,15.7555,14.435,1.9267,14.7583,328.0,20684.0,2991.8047
1980,14.8524,14.4989,2.0328,14.3515,333.0,17700.0,2991.8047
1981,14.3272,14.5937,1.6349,14.823,331.0,15984.0,2991.8047
1982,14.8017,14.5161,2.276,15.5817,333.0,28280.0,2991.8047
1983,15.5844,14.5626,1.9149,15.5519,331.0,27774.0,2991.8047
1984,15.511,14.388,1.7235,14.2624,335.0,39190.0,2991.8047
1985,14.3431,14.0049,1.7636,14.8598,330.0,20130.0,2991.8047
1986,14.885,14.1644,1.7791,14.8919,326.0,21266.0,2991.8047
1987,14.8407,14.5237,1.7668,15.5315,330.0,18148.0,2991.8047
1988,15.4982,14.4769,1.6204,14.1788,325.0,17138.0,2991.8047
1989,14.1715,14.5064,1.5524,14.7743,327.0,18540.0,2991.8047
1990,14.772,14.6396,1.7033,15.4113,330.0,27016.0,2991.8047
1991,15.3951,14.4736,1.6633,15.4034,329.0,25320.0,2991.8047
1992,15.4247,14.526,1.5361,14.7969,325.0,24957.0,2991.8047
1993,14.7782,14.6081,1.7111,14.7788,327.0,17462.0,2991.8047
1994,14.7866,14.4279,1.8222,14.5833,321.0,21237.0,2991.8047
1995,14.6231,13.7284,1.7147,16.0054,330.0,19609.0,2991.8047
1996,15.9945,14.4576,1.7697,14.3896,333.0,20053.0,2991.8047
1997,14.3865,14.6561,1.6447,14.6972,330.0,16322.0,2991.8047
1998,14.665,14.4766,1.6294,15.322,335.0,18465.0,2991.8047
1999,15.3197,14.6275,1.5475,14.1125,334.0,21060.0,2991.8047
2000,14.1792,14.4197,1.5404,15.3331,332.0,19332.0,2991.8047
2001,15.3937,14.5647,2.1936,15.8452,330.0,18476.0,2991.8047
2002,15.8,14.6145,1.9854,14.7003,330.0,20564.0,2991.8047
2003,14.716,14.6341,1.9581,15.1624,332.0,18688.0,2991.8047
2004,15.1177,14.5151,1.963,15.1155,327.0,17812.0,2991.8047
2005,15.0853,13.7823,1.6779,14.911,330.0,20534.0,2991.8047
2006,14.9926,14.5787,1.8913,14.5926,329.0,18082.0,2991.8047
2007,14.5335,14.5218,1.9615,14.9891,336.0,23953.0,2991.8047
2008,14.9662,14.471,1.7613,14.4639,329.0,22473.0,2991.8047
2009,14.6049,14.6237,2.0752,15.03,327.0,21902.0,2991.8047
2010,14.9104,14.6683,1.9161,15.7096,328.0,19656.0,2991.8047
2011,15.7184,14.471,2.0381,14.316,326.0,21066.0,2991.8047
2012,14.3002,14.6774,1.9385,15.1326,330.0,19496.0,2991.8047
2013,15.1657,14.6687,2.0195,15.5289,332.0,17540.0,2991.8047
2014,15.5777,14.6463,1.8843,15.4416,337.0,19222.0,2991.8047
2015,15.4187,13.7493,1.9088,15.0657,332.0,18718.0,2991.8047
2016,15.0108,14.713,1.556,14.4263,332.0,19002.0,2991.8047
2017,14.4605,14.7509,1.7385,15.0859,332.0,20524.0,2991.8047
2018,15.1234,14.551,2.0288,15.6718,330.0,19590.0,2991.8047
2019,15.6925,14.541,1.7334,14.1302,329.0,18291.0,2991.8047
2020,14.0528,14.4666,1.9409,15.267,331.0,19441.0,2991.8047
2021,15.263,14.6002,1.5981,14.6915,329.0,17926.0,2991.8047
2022,14.7731,14.6076,2.0537,15.4444,326.0,16532.0,2991.8047
2023,15.3985,14.5969,1.664,15.0095,330.0,16212.0,2991.8047
2024,14.9923,14.5165,1.7158,15.0761,326.0,17432.0,2991.8047
2025,15.1008,13.8273,1.859,15.0679,328.0,16222.0,2991.8047
2026,15.0239,14.6297,1.7868,14.9147,328.0,17660.0,2991.8047
2027,15.0132,14.4689,1.9172,14.4188,328.0,17660.0,2991.8047
2028,14.4744,14.7759,1.8748,15.3162,335.0,27420.0,2991.8047
2029,15.2914,14.42,1.9737,15.3311,335.0,21036.0,2991.8047
2030,15.2237,14.5375,1.6401,14.7876,335.0,17042.0,2991.8047
2031,14.7631,14.6539,1.8863,15.03,333.0,20050.0,2991.8047
2032,15.0393,14.5381,1.8533,15.0596,333.0,17854.0,2991.8047
2033,15.0564,14.612,1.7919,15.3182,330.0,21652.0,2991.8047
2034,15.3603,14.0913,1.9487,14.9242,329.0,19662.0,2991.8047
2035,14.9032,13.7208,1.7904,14.4845,330.0,22534.0,2991.8047
2036,14.5432,14.5061,1.8515,14.8413,331.0,17204.0,2991.8047
2037,14.7863,14.6546,1.7753,14.8837,329.0,16936.0,2991.8047
2038,14.9403,14.5628,1.6685,14.8417,328.0,18028.0,2991.8047
2039,14.8582,14.4539,1.8089,15.0338,328.0,19868.0,2991.8047
2040,14.995,14.5873,1.7218,15.6162,331.0,17056.0,2991.8047
2041,15.5512,14.62,1.6466,15.3744,329.0,20028.0,2991.8047
2042,15.4089,14.5435,1.6552,14.5756,335.0,22796.0,2991.8047
2043,14.5383,14.5839,1.6903,15.1728,334.0,22254.0,2991.8047
2044,15.2182,14.5702,1.6682,14.9793,331.0,16926.0,2991.8047
2045,14.9598,13.7229,1.67,14.7845,332.0,20700.0,2991.8047
2046,14.7995,14.1613,1.8406,15.7834,337.0,23490.0,2991.8047
2047,15.7662,14.7409,1.7587,14.3756,336.0,20962.0,2991.8047
2048,14.3873,14.6208,1.6796,15.3806,330.0,18150.0,2991.8047
2049,15.4579,14.5554,1.9319,14.7248,330.0,17492.0,2991.8047
2050,14.6878,14.5531,1.9637,15.3075,331.0,26112.0,2991.8047
2051,15.2607,14.4857,1.7379,15.0444,332.0,23288.0,2991.8047
2052,15.0789,14.4723,1.5985,14.5989,334.0,37748.0,2991.8047
2053,14.5766,14.6041,1.6954,15.1505,329.0,27186.0,2991.8047
2054,15.1214,14.5995,1.5291,15.5071,325.0,21510.0,2991.8047
2055,15.6157,13.7958,1.5527,14.7485,331.0,18416.0,2991.8047
2056,14.6954,14.559,1.8183,14.3739,327.0,16632.0,2991.8047
2057,14.3624,14.6138,1.6915,15.0313,327.0,17800.0,2991.8047
2058,15.0683,14.5255,1.7612,15.3797,329.0,25315.0,2991.8047
2059,15.3625,14.4621,1.685,14.1749,326.0,24218.0,2991.8047
2060,14.1176,14.5778,1.7612,15.499,331.0,28104.0,2991.8047
2061,15.5594,14.4358,1.7289,15.1518,328.0,18162.0,2991.8047
2062,15.1344,14.5052,1.558,14.8775,331.0,18998.0,2991.8047
2063,14.9044,14.6358,1.643,14.7592,336.0,21520.0,2991.8047
2064,14.7886,14.6422,1.8116,15.3582,329.0,18880.0,2991.8047
2065,15.2968,13.8259,1.9311,14.5765,331.0,19177.0,2991.8047
2066,14.563,14.5239,1.7863,15.129,330.0,18449.0,2991.8047
2067,15.122,14.6303,1.7844,14.6628,331.0,21046.0,2991.8047
2068,14.6492,14.4571,1.7148,15.2788,326.0,18732.0,2991.8047
2069,15.4008,14.5791,1.8763,14.5589,331.0,19060.0,2991.8047
2070,14.4644,14.6145,1.7499,16.1214,329.0,20552.0,2991.8047
2071,16.1717,14.5172,2.0832,14.3556,328.0,18640.0,2991.8047
2072,14.3209,14.5988,1.7732,15.3951,328.0,17360.0,2991.8047
2073,15.4134,14.6416,2.1131,14.7897,328.0,20974.0,2991.8047
2074,14.7815,14.0127,1.8496,15.6708,330.0,18094.0,2991.8047
2075,15.6351,13.7874,1.7101,14.5445,335.0,23941.0,2991.8047
2076,14.6171,14.1718,1.9585,14.8663,330.0,20594.0,2991.8047
2077,14.8207,14.6751,1.8369,15.6514,333.0,22089.0,2991.8047
2078,15.6616,14.5084,1.7231,14.4116,332.0,20980.0,2991.8047
2079,14.4369,14.5096,1.8557,15.008,329.0,21080.0,2991.8047
2080,15.0259,14.6247,2.1521,15.0356,331.0,19530.0,2991.8047
2081,15.0056,14.6949,1.9926,14.5653,330.0,17538.0,2991.8047
2082,14.5515,14.4732,1.9238,15.4289,329.0,18776.0,2991.8047
2083,15.3983,14.5481,1.6796,14.8993,328.0,19454.0,2991.8047
2084,14.9667,14.3105,1.8936,15.0388,328.0,18608.0,2991.8047
2085,14.9825,14.1965,1.8186,14.5872,333.0,20926.0,2991.8047
2086,14.5989,14.5759,1.7146,15.3374,328.0,17314.0,2991.8047
2087,15.3633,14.8788,1.9284,15.8136,328.0,18684.0,2991.8047
2088,15.7981,14.6968,2.0302,15.1544,330.0,19429.0,2991.8047
2089,15.2981,14.7272,2.1534,14.2169,331.0,19797.0,2991.8047
2090,14.064,14.7905,1.9692,15.6589,330.0,16580.0,2991.8047
2091,15.6571,14.6745,2.1832,15.0823,327.0,16176.0,2991.8047
2092,15.0777,14.4322,1.801,15.3937,332.0,16996.0,2991.8047
2093,15.3688,14.68,1.6823,14.863,334.0,16714.0,2991.8047
2094,14.8835,14.5449,1.859,16.2418,335.0,17700.0,2991.8047
2095,16.275,14.5388,1.8775,15.249,330.0,17662.0,2991.8047
2096,15.2903,14.4438,1.8129,15.6809,333.0,25822.0,2991.8047
2097,15.6378,14.6244,1.7785,14.7245,332.0,22618.0,2991.8047
2098,14.7673,14.8097,1.9056,14.7521,329.0,17014.0,2991.8047
2099,14.73,14.8132,1.9073,15.2795,332.0,20060.0,2991.8047
2100,15.3001,14.7359,1.9903,14.8873,328.0,17282.0,2991.8047
2101,14.8776,14.6802,1.8427,14.9235,334.0,22256.0,2991.8047
2102,15.1618,14.8029,2.1094,15.7341,328.0,19650.0,2991.8047
2103,15.4665,14.8423,2.0056,14.8375,328.0,21204.0,2991.8047
2104,14.8396,14.7437,1.9117,15.497,330.0,18130.0,2991.8047
2105,15.5146,14.7989,2.2168,15.1378,327.0,17280.0,2991.8047
2106,15.1253,14.2667,2.0146,15.6586,328.0,17660.0,2991.8047
2107,15.6451,13.9336,1.8002,14.9838,328.0,20236.0,2991.8047
2108,15.0296,14.7352,1.8975,14.5133,331.0,17012.0,2991.8047
2109,14.4802,14.7668,1.8832,14.9622,334.0,20044.0,2991.8047
2110,14.9452,14.8242,1.7604,16.381,334.0,22740.0,2991.8047
2111,16.3781,14.7974,1.8473,13.6892,330.0,21422.0,2991.8047
2112,13.8285,14.8844,2.3221,16.2258,331.0,17502.0,2991.8047
2113,16.1476,14.6956,2.5186,14.9131,332.0,20930.0,2991.8047
2114,14.905,14.8395,1.9718,15.0361,331.0,23462.0,2991.8047
2115,14.9994,14.6425,1.9008,15.4606,331.0,20766.0,2991.8047
2116,15.5152,14.7455,1.6872,15.5989,330.0,17332.0,2991.8047
2117,15.5326,14.6103,1.7538,14.9721,328.0,18488.0,2991.8047
2118,15.0604,14.2989,1.8547,15.3359,333.0,26172.0,2991.8047
2119,15.277,14.8908,1.9388,15.097,329.0,21528.0,2991.8047
2120,15.1388,14.7619,1.8377,15.2739,334.0,36100.0,2991.8047
2121,15.3143,14.8205,1.8475,15.4578,328.0,27318.0,2991.8047
2122,15.4463,14.7554,1.8431,15.9301,328.0,24172.0,2991.8047
2123,15.9152,14.7292,1.9749,13.6573,328.0,18482.0,2991.8047
2124,13.6614,14.8319,2.1161,16.0263,332.0,17026.0,2991.8047
2125,15.9372,14.73,1.6795,15.066,329.0,17780.0,2991.8047
2126,15.1369,14.624,2.0195,15.03,332.0,25393.0,2991.8047
2127,15.0139,14.5823,1.7718,15.1386,333.0,23320.0,2991.8047
2128,15.1585,14.5459,1.6398,14.9844,330.0,29074.0,2991.8047
2129,15.0968,13.7511,1.7412,16.508,330.0,18244.0,2991.8047
2130,16.4577,14.8562,2.0294,14.2442,319.0,15392.0,2991.8047
2131,14.1522,14.538,1.8426,14.2997,330.0,22565.0,2991.8047
2132,14.3967,14.4498,1.9458,14.6148,329.0,20079.0,2991.8047
2133,14.6179,14.669,2.1736,14.9923,329.0,19845.0,2991.8047
2134,14.9602,14.4554,2.1147,15.7937,329.0,16626.0,2991.8047
2135,15.7234,14.5764,2.0176,14.449,330.0,20720.0,2991.8047
2136,14.4742,14.6162,1.8375,15.683,330.0,19217.0,2991.8047
2137,15.6499,14.4795,1.6639,14.27,327.0,18476.0,2991.8047
2138,14.2608,14.4913,1.6566,15.4193,327.0,20544.0,2991.8047
2139,15.4555,13.9472,1.8978,15.3462,326.0,19720.0,2991.8047
2140,15.3566,14.5325,1.8766,14.2655,331.0,18456.0,2991.8047
2141,14.2791,14.3032,1.7968,15.9332,334.0,18018.0,2991.8047
2142,15.8862,14.4887,1.6325,14.1804,337.0,20190.0,2991.8047
2143,14.227,14.5819,1.7211,15.0511,334.0,20736.0,2991.8047
2144,15.07,14.4766,1.9894,14.8536,333.0,22527.0,2991.8047
2145,14.8002,14.3833,1.7749,14.646,330.0,21513.0,2991.8047
2146,14.6484,14.5564,1.871,15.6026,330.0,23418.0,2991.8047
2147,15.6502,14.4427,1.5894,14.5151,329.0,19630.0,2991.8047
2148,14.4381,14.0172,1.7653,15.419,328.0,20524.0,2991.8047
2149,15.4472,14.0202,1.8411,15.3113,329.0,18012.0,2991.8047
2150,15.3036,14.9327,1.786,14.9814,331.0,17696.0,2991.8047
2151,14.9849,14.8461,1.7858,14.9099,326.0,19010.0,2991.8047
2152,14.9311,14.9658,2.0208,14.9159,326.0,20048.0,2991.8047
2153,14.8745,14.9246,1.7032,16.8232,332.0,20726.0,2991.8047
2154,16.8684,14.8043,1.8256,13.8084,330.0,17954.0,2991.8047
2155,13.7818,14.5211,1.7842,16.2325,327.0,16420.0,2991.8047
2156,16.2923,15.0013,2.1093,14.697,334.0,19448.0,2991.8047
2157,14.7794,14.6179,2.2184,14.9288,338.0,21582.0,2991.8047
2158,14.804,15.142,1.8793,16.3807,333.0,17064.0,2991.8047
2159,16.3986,14.963,1.9245,14.7343,335.0,16126.0,2991.8047
2160,14.7752,14.7481,1.9906,15.5225,328.0,16166.0,2991.8047
2161,15.52,13.9925,1.9503,15.6105,329.0,17446.0,2991.8047
2162,15.6355,14.6481,1.8147,14.2017,330.0,17842.0,2991.8047
2163,14.1989,14.5646,1.9312,15.3522,330.0,16088.0,2991.8047
2164,15.2842,14.4181,1.8811,15.2775,331.0,19292.0,2991.8047
2165,15.311,14.524,1.9366,14.3832,329.0,25796.0,2991.8047
2166,14.3844,14.4151,2.0359,15.2207,330.0,21958.0,2991.8047
2167,15.1765,14.3521,1.7774,15.0576,332.0,18972.0,2991.8047
2168,15.0679,14.8997,1.7875,14.7761,331.0,17338.0,2991.8047
2169,14.767,14.4942,1.6916,15.0421,328.0,22314.0,2991.8047
2170,15.0663,14.4811,1.7535,15.4899,333.0,18726.0,2991.8047
2171,15.5409,13.7237,1.7632,14.3008,330.0,21282.0,2991.8047
2172,14.2654,14.5162,1.9519,15.7419,332.0,18672.0,2991.8047
2173,15.7436,14.4781,1.8077,13.9733,333.0,18246.0,2991.8047
2174,13.9363,14.494,1.8288,15.6305,335.0,17700.0,2991.8047
2175,15.6055,14.5415,1.6395,13.9808,332.0,18790.0,2991.8047
2176,14.0007,14.4446,1.6173,16.2893,331.0,18382.0,2991.8047
2177,16.2881,14.4873,1.8311,14.2848,331.0,18938.0,2991.8047
2178,14.3049,14.8786,1.7276,15.08,334.0,21860.0,2991.8047
2179,15.12,14.8019,1.9184,15.3337,331.0,21274.0,2991.8047
2180,15.3369,14.5322,1.9351,14.6293,330.0,19696.0,2991.8047
2181,14.6138,13.7851,1.8873,15.5995,329.0,20058.0,2991.8047
2182,15.6134,14.5816,1.8911,13.8713,331.0,22442.0,2991.8047
2183,13.8305,14.4251,1.7612,15.9011,331.0,21142.0,2991.8047
2184,15.8992,14.5975,1.4969,14.1641,331.0,18424.0,2991.8047
2185,14.2207,14.4896,1.7943,14.9543,329.0,17468.0,2991.8047
2186,14.8863,14.3232,1.6237,14.7491,332.0,28120.0,2991.8047
2187,14.8386,14.4259,1.7721,15.0545,326.0,16040.0,2991.8047
2188,15.0527,14.5877,1.8957,14.9673,332.0,26452.0,2991.8047
2189,14.8787,14.394,1.7473,15.602,334.0,32480.0,2991.8047
2190,15.6319,13.7653,1.7751,14.9935,333.0,28014.0,2991.8047
2191,15.018,14.6117,1.7218,14.1086,331.0,23538.0,2991.8047
2192,14.1209,14.5233,1.836,15.8977,330.0,18126.0,2991.8047
2193,15.8337,14.442,1.5861,14.8588,327.0,16472.0,2991.8047
2194,14.8911,14.3986,1.7548,14.7709,329.0,18702.0,2991.8047
2195,14.8434,14.5211,1.9452,14.0027,327.0,27802.0,2991.8047
2196,13.9708,14.5847,1.9635,14.8935,326.0,30423.0,2991.8047
2197,14.9676,14.2286,1.8822,15.88,331.0,18796.0,2991.8047
2198,15.7662,14.5165,1.7359,14.806,327.0,17560.0,2991.8047
2199,14.8655,14.4728,1.6429,14.776,316.0,21045.0,2991.8047
2200,14.7201,13.7096,1.7164,14.8843,331.0,20361.0,2991.8047
2201,14.8729,14.4009,1.8028,14.52,326.0,17192.0,2991.8047
2202,14.5083,14.4693,1.7388,14.8815,331.0,19199.0,2991.8047
2203,14.9027,14.4246,1.6947,14.9075,328.0,18425.0,2991.8047
2204,14.9704,14.3788,1.8404,14.5455,334.0,22042.0,2991.8047
2205,14.5451,14.5856,1.8362,15.7658,332.0,16436.0,2991.8047
2206,15.7532,14.467,1.875,15.1547,331.0,19382.0,2991.8047
2207,15.1127,14.5087,1.8408,15.0995,331.0,21140.0,2991.8047
2208,15.1249,14.6273,1.8301,14.3418,329.0,19094.0,2991.8047
2209,14.3439,13.9822,1.8339,15.1863,330.0,18194.0,2991.8047
2210,15.2163,14.1543,1.7942,15.0472,328.0,19888.0,2991.8047
2211,15.0132,14.4335,1.837,14.8521,331.0,19183.0,2991.8047
2212,14.8355,14.5535,1.8567,14.5273,332.0,23450.0,2991.8047
2213,14.5371,14.451,1.9128,14.6772,330.0,22709.0,2991.8047
2214,14.6382,14.4781,2.0335,14.9216,329.0,20580.0,2991.8047
2215,14.9633,14.5708,1.9958,15.349,328.0,21076.0,2991.8047
2216,15.3405,14.489,1.7768,14.9993,330.0,20764.0,2991.8047
2217,14.9775,14.4332,2.05,14.9017,328.0,19008.0,2991.8047
2218,15.0161,14.7778,2.0458,15.872,329.0,17644.0,2991.8047
2219,15.8004,13.7706,1.9481,15.4717,328.0,19526.0,2991.8047
2220,15.4887,14.0756,2.2242,14.178,334.0,17590.0,2991.8047
2221,14.2348,14.6563,2.2243,15.5463,333.0,19450.0,2991.8047
2222,15.451,14.6388,1.9372,14.8171,337.0,21744.0,2991.8047
2223,14.8291,14.4218,1.922,15.5248,330.0,16806.0,2991.8047
2224,15.5741,14.5828,2.0617,14.0924,335.0,17230.0,2991.8047
2225,14.032,14.5459,1.8635,15.5409,331.0,21071.0,2991.8047
2226,15.5501,14.0423,1.9285,15.0255,331.0,19293.0,2991.8047
2227,15.044,14.5242,1.8063,15.1019,327.0,16544.0,2991.8047
2228,15.1053,14.7488,2.0174,14.5455,332.0,16236.0,2991.8047
2229,14.4824,13.7626,1.6464,15.6478,329.0,17004.0,2991.8047
2230,15.7183,14.4668,2.152,13.9157,329.0,16698.0,2991.8047
2231,13.9304,14.557,1.959,15.4946,328.0,17660.0,2991.8047
2232,15.4619,14.3936,1.9582,14.8165,328.0,17660.0,2991.8047
2233,14.8229,14.4174,1.6485,14.6899,327.0,19244.0,2991.8047
2234,14.7159,14.5045,1.9376,14.8134,330.0,25150.0,2991.8047
2235,14.7766,14.4374,1.8682,14.4615,330.0,22792.0,2991.8047
2236,14.4591,14.4933,1.7901,15.7753,334.0,17330.0,2991.8047
2237,15.764,14.4773,1.7719,14.7647,332.0,20934.0,2991.8047
2238,14.7476,14.2323,1.6895,15.086,330.0,20180.0,2991.8047
2239,15.1092,13.8224,1.7333,14.5943,330.0,20794.0,2991.8047
2240,14.6362,14.4996,1.8948,14.6238,332.0,18694.0,2991.8047
2241,14.5856,14.5265,1.7393,15.3667,330.0,18330.0,2991.8047
2242,15.4363,14.4569,1.7532,15.5479,330.0,18254.0,2991.8047
2243,15.5185,14.4516,1.9034,14.0122,330.0,18296.0,2991.8047
2244,13.9211,14.5034,1.5386,15.0256,329.0,19608.0,2991.8047
2245,15.0783,14.4018,1.8513,15.5809,331.0,18408.0,2991.8047
2246,15.6288,14.5514,1.9112,14.7271,331.0,20198.0,2991.8047
2247,14.7227,14.8663,2.0773,15.3788,330.0,21078.0,2991.8047
2248,15.4108,13.7007,1.9197,15.0529,329.0,19706.0,2991.8047
2249,14.9865,14.5506,1.9226,14.6361,331.0,21416.0,2991.8047
2250,14.6855,14.9279,2.0644,16.3964,329.0,21400.0,2991.8047
2251,16.4396,14.7763,2.082,14.3357,332.0,20794.0,2991.8047
2252,14.281,14.8912,2.0216,14.9885,334.0,20800.0,2991.8047
2253,15.0263,15.0956,2.0647,16.7186,333.0,16544.0,2991.8047
2254,16.7726,14.9994,2.2,14.3191,336.0,27092.0,2991.8047
2255,14.2051,15.1419,2.3305,15.5963,332.0,18050.0,2991.8047
2256,15.6176,14.9156,2.238,16.3829,330.0,19350.0,2991.8047
2257,16.4246,15.0627,2.0897,16.1092,332.0,26234.0,2991.8047
2258,16.0527,14.8047,1.8639,14.4217,333.0,31504.0,2991.8047
2259,14.4568,15.1324,2.0778,15.3553,329.0,31326.0,2991.8047
2260,15.3447,15.0261,1.9433,16.7152,330.0,19690.0,2991.8047
2261,16.8209,14.2309,1.8419,14.6951,325.0,16572.0,2991.8047
2262,14.5922,14.0487,1.915,15.3475,330.0,18388.0,2991.8047
2263,15.3267,14.807,1.8743,14.205,325.0,27572.0,2991.8047
2264,14.191,14.8411,1.926,15.7528,327.0,25322.0,2991.8047
2265,15.7725,14.7498,1.9357,15.694,327.0,23087.0,2991.8047
2266,15.6856,14.6734,1.7819,14.2116,326.0,17810.0,2991.8047
2267,14.326,14.6974,2.1106,15.2576,310.0,18886.0,2991.8047
2268,15.1311,14.7903,2.1793,15.2779,333.0,21993.0,2991.8047
2269,15.2855,14.751,1.8533,15.8081,337.0,18457.0,2991.8047
2270,15.8234,14.7577,1.8637,14.754,334.0,19861.0,2991.8047
2271,14.7501,14.8871,1.8342,15.4152,332.0,16640.0,2991.8047
2272,15.4284,14.507,1.9523,15.3097,329.0,21532.0,2991.8047
2273,15.317,13.9958,1.8334,15.6026,333.0,18753.0,2991.8047
2274,15.5847,14.7741,1.8637,14.4725,329.0,17346.0,2991.8047
2275,14.5679,14.8345,1.6653,16.0073,328.0,20974.0,2991.8047
2276,15.9272,14.7125,1.9613,14.9903,329.0,20220.0,2991.8047
2277,14.9693,14.6647,1.8117,14.4732,328.0,18928.0,2991.8047
2278,14.5656,14.8722,1.9092,15.2483,330.0,18664.0,2991.8047
2279,15.2366,14.7697,2.157,14.9516,328.0,19685.0,2991.8047
2280,14.8598,14.751,1.7945,15.9179,331.0,21336.0,2991.8047
2281,15.9594,14.7426,1.821,15.564,329.0,21692.0,2991.8047
2282,15.531,14.6647,1.7111,14.237,330.0,21499.0,2991.8047
2283,14.2082,14.6433,1.7056,15.6765,329.0,20484.0,2991.8047
2284,15.7228,13.9713,1.7917,15.2849,335.0,20354.0,2991.8047
2285,15.2726,14.3997,1.76,15.5748,334.0,21504.0,2991.8047
2286,15.6641,14.7744,1.7305,15.1729,332.0,18644.0,2991.8047
2287,15.0779,14.7538,1.7786,15.3121,333.0,18162.0,2991.8047
2288,15.3425,15.1231,1.9166,15.4264,329.0,18288.0,2991.8047
2289,15.4022,14.6315,2.3533,14.0239,329.0,18742.0,2991.8047
2290,14.0294,14.7151,2.1994,15.7834,331.0,19752.0,2991.8047
2291,15.7992,14.8558,2.3014,16.0816,334.0,20280.0,2991.8047
2292,16.0783,14.9983,2.3495,15.9798,330.0,17196.0,2991.8047
2293,15.9697,14.5413,2.1679,14.4454,328.0,17168.0,2991.8047
2294,14.5382,14.7701,2.0195,15.0304,331.0,23086.0,2991.8047
2295,14.9537,14.2996,1.8043,15.3761,331.0,17056.0,2991.8047
2296,15.5046,13.9218,2.0165,15.1062,330.0,16456.0,2991.8047
2297,15.0048,14.8392,1.9921,14.4758,331.0,16688.0,2991.8047
2298,14.4821,14.5424,2.2426,15.3161,330.0,16710.0,2991.8047
2299,15.3484,14.6964,2.1014,15.7438,329.0,18136.0,2991.8047
2300,15.7987,14.7265,2.1968,14.6996,331.0,16056.0,2991.8047
2301,14.6124,14.5308,2.0281,15.5094,334.0,19284.0,2991.8047
2302,15.6025,14.5522,2.2734,14.9834,335.0,18638.0,2991.8047
2303,14.8733,15.0643,1.8892,15.356,334.0,24922.0,2991.8047
2304,15.3952,14.5127,1.8666,14.97,334.0,23072.0,2991.8047
2305,14.9566,14.5172,2.0954,15.2876,331.0,18384.0,2991.8047
2306,15.2878,13.8003,2.0314,14.7085,333.0,20280.0,2991.8047
2307,14.6891,14.644,2.3514,13.9924,328.0,22326.0,2991.8047
2308,13.9934,14.7306,2.063,15.9186,330.0,18594.0,2991.8047
2309,15.9665,14.6077,2.2022,15.0076,327.0,17948.0,2991.8047
2310,14.9886,14.4908,2.1083,14.2667,331.0,18732.0,2991.8047
2311,14.431,14.4924,2.4629,17.4524,1289.0,142346.0,3033.1797
2312,17.2872,14.9838,2.4384,16.5117,621.0,28448.0,3062.8047
2313,16.5858,16.6912,3.2611,15.0896,623.0,26044.0,3062.8047
2314,15.0649,14.5506,2.8002,15.437,623.0,27098.0,3062.8047
2315,15.4739,14.1005,2.4045,14.808,625.0,27806.0,3048.1172
2316,14.8803,13.6937,2.2562,13.5434,628.0,29356.0,3048.1172
2317,13.3616,12.9057,2.0906,14.3441,627.0,29318.0,3027.4297
2318,14.3554,13.9016,2.1111,14.656,626.0,28862.0,3027.4297
2319,14.6651,13.9426,2.1062,14.4613,626.0,27982.0,3027.4297
2320,14.457,13.8962,2.2388,13.6761,623.0,25978.0,3027.4297
2321,13.7717,13.9265,2.3253,14.2177,625.0,34442.0,3027.4297
2322,14.1999,13.8958,2.1516,14.2796,621.0,25400.0,3027.4297
2323,14.2451,13.6952,2.788,13.8195,623.0,26840.0,3027.4297
2324,13.8035,12.9335,2.0428,14.3875,621.0,31860.0,3027.4297
2325,14.3627,13.6954,2.1149,14.1329,626.0,44876.0,3027.4297
2326,14.1763,14.0969,2.1202,14.3494,623.0,29716.0,3027.4297
2327,14.309,13.6817,2.2196,14.3802,620.0,24112.0,3027.4297
2328,14.4491,14.1194,2.27,14.7756,621.0,24484.0,3027.4297
2329,14.7391,13.87,2.2305,14.1267,620.0,33480.0,3027.4297
2330,14.1598,13.5013,3.2113,14.4404,619.0,30501.0,3027.4297
2331,14.3983,13.085,2.0364,13.8695,621.0,30355.0,3027.4297
2332,13.8764,13.8013,2.154,13.6525,627.0,28179.0,3027.4297
2333,13.6667,13.6111,2.2082,14.3851,615.0,26602.0,3027.4297
2334,14.3679,13.9306,2.4096,14.2287,627.0,29381.0,3027.4297
2335,14.1549,14.0767,2.2202,14.8965,624.0,25783.0,3027.4297
2336,15.0212,13.7,2.0893,14.5985,623.0,27211.0,3027.4297
2337,14.5624,13.1228,2.2277,13.9392,623.0,24838.0,3027.4297
2338,13.9426,13.1709,1.9806,15.0139,622.0,28452.0,3027.4297
2339,15.0251,13.8971,1.9426,13.0053,625.0,27041.0,3027.4297
2340,12.967,13.8223,1.9601,13.7768,623.0,25486.0,3027.4297
2341,13.7756,13.9737,2.0099,15.2488,621.0,26968.0,3027.4297
2342,15.3522,13.8906,2.0376,13.8329,621.0,28416.0,3027.4297
2343,13.7076,13.5836,1.7151,14.0996,621.0,24342.0,3027.4297
2344,14.0762,13.4957,1.7752,13.5604,624.0,28307.0,3027.4297
2345,13.6517,12.9889,1.895,14.1189,624.0,32638.0,3027.4297
2346,14.1081,13.5925,1.9202,15.3418,623.0,26961.0,3027.4297
2347,15.2797,13.8436,1.7622,14.3729,621.0,27240.0,3027.4297
2348,14.4634,13.7801,2.0288,13.3313,626.0,28240.0,3027.4297
2349,13.2622,13.8365,1.8821,14.3594,625.0,28488.0,3027.4297
2350,14.3157,13.6015,1.9392,14.0055,626.0,26032.0,3027.4297
2351,14.0324,13.1357,2.2899,14.9717,624.0,25418.0,3027.4297
2352,15.0475,13.7247,1.9136,13.6605,622.0,25270.0,3027.4297
2353,13.5666,13.5406,1.8316,13.9317,625.0,24754.0,3027.4297
2354,14.1178,13.8216,2.431,15.4611,621.0,26622.0,3027.4297
2355,15.3215,13.7249,2.3868,12.3871,626.0,27990.0,3027.4297
2356,12.371,13.6265,2.4033,15.161,621.0,25284.0,3027.4297
2357,15.2286,13.5823,2.2273,14.9422,626.0,29960.0,3027.4297
2358,14.9377,13.1804,2.317,13.0037,621.0,24922.0,3027.4297
2359,12.9862,13.5307,1.8346,13.7936,622.0,23820.0,3027.4297
2360,13.793,13.8425,2.0278,15.2826,623.0,24052.0,3027.4297
2361,15.3559,13.8939,2.175,13.9626,621.0,24062.0,3027.4297
2362,13.908,13.801,2.3295,14.2945,622.0,23916.0,3027.4297
2363,14.2817,13.8386,1.8769,14.3702,623.0,23464.0,3027.4297
2364,14.838,13.2476,2.0975,14.6738,626.0,24394.0,3027.4297
2365,14.2449,13.1705,2.0109,13.5374,626.0,27476.0,3027.4297
2366,13.5115,13.7853,1.8043,14.4122,629.0,29222.0,3027.4297
2367,14.3722,13.6476,1.8539,13.8976,625.0,25404.0,3027.4297
2368,13.9804,13.9205,1.8672,14.234,626.0,25836.0,3027.4297
2369,14.1399,13.8859,2.4804,13.7907,624.0,25242.0,3027.4297
2370,13.8837,13.693,1.9506,14.6311,622.0,25250.0,3027.4297
2371,14.5512,12.8724,2.0164,14.1162,623.0,24692.0,3027.4297
2372,14.1263,13.9204,2.0071,14.9627,623.0,24936.0,3027.4297
2373,15.0083,13.6202,1.8958,13.3915,623.0,28178.0,3027.4297
2374,13.4223,13.7882,1.8467,13.9934,621.0,26208.0,3027.4297
2375,13.9712,13.9223,1.9987,13.7711,623.0,27414.0,3027.4297
2376,13.6841,13.6076,2.0746,14.8604,621.0,26694.0,3027.4297
2377,14.9753,13.5133,1.9691,13.4588,621.0,25960.0,3027.4297
2378,13.4066,12.8752,1.8866,13.9894,624.0,25702.0,3027.4297
2379,13.9751,13.734,2.0425,14.4663,627.0,27156.0,3027.4297
2380,14.4812,13.5673,1.9566,14.8942,628.0,28332.0,3027.4297
2381,14.8567,13.9718,1.8614,12.9625,626.0,29316.0,3027.4297
2382,12.9659,13.8074,1.8227,15.1305,626.0,28736.0,3027.4297
2383,15.1488,13.9199,2.0674,14.3472,625.0,28484.0,3027.4297
2384,14.3457,13.4392,2.1413,14.0831,625.0,27114.0,3027.4297
2385,14.1373,13.562,1.988,14.1951,624.0,27214.0,3027.4297
2386,14.1471,13.5537,2.3109,13.9515,624.0,33298.0,3027.4297
2387,14.0432,13.725,1.7595,14.0847,619.0,26530.0,3027.4297
2388,14.0313,13.6553,1.9428,13.6871,622.0,25966.0,3027.4297
2389,13.6339,13.7994,1.7379,14.5279,620.0,35144.0,3027.4297
2390,14.552,13.9431,1.9355,14.94,627.0,40766.0,3027.4297
2391,14.9342,13.1723,1.9446,14.7261,621.0,29912.0,3027.4297
2392,14.7839,12.9545,1.9781,13.7165,619.0,23930.0,3027.4297
2393,13.6832,13.9788,1.9669,13.8817,618.0,25806.0,3027.4297
2394,13.9798,13.887,1.753,14.277,618.0,34919.0,3027.4297
2395,14.2083,13.9284,2.1355,13.9271,623.0,31305.0,3027.4297
2396,13.8601,13.7349,1.8089,14.8658,625.0,27592.0,3027.4297
2397,14.8952,13.9019,1.9727,14.0747,625.0,29497.0,3027.4297
2398,14.0804,12.9784,1.9361,15.4811,601.0,23608.0,3027.4297
2399,15.5838,13.8827,2.1365,16.1564,627.0,29403.0,3027.4297
2400,16.1894,14.0417,2.3486,13.3021,625.0,25795.0,3027.4297
2401,13.2955,13.9026,2.4857,17.4376,623.0,27211.0,3027.4297
2402,17.4232,14.1206,2.8708,8.9216,622.0,24848.0,3027.4297
2403,8.8204,13.8761,1.9834,15.0383,624.0,28476.0,3027.4297
2404,15.0655,13.9409,2.5337,13.8818,624.0,27029.0,3027.4297
2405,13.8779,13.2191,1.8502,13.9825,623.0,25486.0,3027.4297
2406,13.9599,12.9372,1.8697,15.3477,621.0,26968.0,3027.4297
2407,15.3192,13.8386,1.9251,13.8278,622.0,28428.0,3027.4297
2408,13.8287,13.9145,1.7099,14.3682,620.0,24330.0,3027.4297
2409,14.3893,13.8716,1.7977,13.4663,626.0,28331.0,3027.4297
2410,13.4652,13.869,1.7914,14.851,625.0,32650.0,3027.4297
2411,14.8387,13.7307,2.049,13.4309,624.0,26973.0,3027.4297
2412,13.4727,13.0978,2.0108,15.276,627.0,27268.0,3027.4297
2413,15.2203,13.5547,1.8776,13.7657,625.0,28228.0,3027.4297
2414,13.7905,14.0237,1.8732,14.4858,624.0,28476.0,3027.4297
2415,14.5124,13.9578,1.8069,15.0813,625.0,26042.0,3027.4297
2416,15.0813,13.9254,1.7445,13.1846,624.0,25418.0,3027.4297
2417,13.1494,13.8277,1.9485,14.6901,627.0,25330.0,3027.4297
2418,14.7061,14.0327,2.2715,14.3455,622.0,24740.0,3027.4297
2419,14.3532,12.8879,1.8842,14.2484,622.0,26634.0,3027.4297
2420,14.2666,13.9591,1.9278,14.1134,626.0,27990.0,3027.4297
2421,14.1017,14.0751,1.9199,15.3012,622.0,25296.0,3027.4297
2422,15.3585,13.9635,1.7493,14.3994,628.0,29984.0,3027.4297
2423,14.3439,13.8615,1.8759,13.7921,622.0,24934.0,3027.4297
2424,13.7846,13.9375,2.0956,13.9678,620.0,23796.0,3027.4297
2425,14.0488,13.7714,2.2327,15.3749,623.0,24052.0,3027.4297
2426,15.3208,13.8373,2.0065,14.2242,623.0,24086.0,3027.4297
2427,14.2432,13.1285,1.9975,13.9994,622.0,23916.0,3027.4297
2428,14.0258,14.2301,2.083,14.0935,626.0,23456.0,3027.4297
2429,14.0584,13.9764,2.1987,15.5452,627.0,24406.0,3027.4297
2430,15.5525,14.2124,2.3602,13.3686,626.0,27476.0,3027.4297
2431,13.4133,14.5005,2.4933,15.4783,626.0,29208.0,3027.4297
2432,15.4171,13.8753,3.0956,14.036,623.0,25380.0,3027.4297
2433,13.9796,13.8285,2.1213,14.4527,624.0,25812.0,3027.4297
2434,14.5763,13.5678,1.7994,14.93,620.0,25216.0,3027.4297
2435,14.8898,13.7455,2.0759,13.8853,621.0,25238.0,3027.4297
2436,13.8829,13.9049,1.917,14.8432,621.0,24668.0,3027.4297
2437,14.8177,14.0134,2.1286,14.4262,621.0,24912.0,3027.4297
2438,14.4858,13.9353,2.1269,14.3277,624.0,28190.0,3027.4297
2439,14.2214,14.0929,1.9765,14.329,625.0,26256.0,3027.4297
2440,14.3208,13.9592,2.2439,14.3596,623.0,27414.0,3027.4297
2441,14.4298,13.9366,1.9118,14.5672,621.0,26694.0,3027.4297
2442,14.5419,13.3516,2.0421,14.4701,623.0,25984.0,3027.4297
2443,14.5061,14.0337,1.8155,14.3868,621.0,25666.0,3027.4297
2444,14.3985,14.0764,2.0498,15.0993,626.0,27100.0,3027.4297
2445,15.0753,14.2889,2.5317,14.5597,630.0,28356.0,3027.4297
2446,14.5563,13.9447,2.5621,14.9115,627.0,29328.0,3027.4297
2447,14.8669,14.2004,2.3997,13.9028,624.0,28734.0,3027.4297
2448,13.9911,14.1371,2.4427,13.9904,626.0,28496.0,3027.4297
2449,13.9635,12.8365,2.3539,15.1876,627.0,27138.0,3027.4297
2450,15.1928,13.9025,1.9831,14.4117,621.0,27200.0,3027.4297
2451,14.3887,14.1743,1.9644,14.1456,626.0,33322.0,3027.4297
2452,14.2083,14.2004,2.0512,13.7017,620.0,26542.0,3027.4297
2453,13.6489,13.8805,2.2178,14.9328,620.0,25942.0,3027.4297
2454,14.9268,14.0514,2.2476,14.3786,619.0,35132.0,3027.4297
2455,14.3488,14.1261,2.2157,14.8925,626.0,40754.0,3027.4297
2456,14.9126,13.6687,2.0606,14.3336,621.0,29912.0,3027.4297
2457,14.3891,13.6246,1.9729,14.7675,622.0,23966.0,3027.4297
2458,14.7128,13.84,2.27,13.5584,618.0,25806.0,3027.4297
2459,13.6013,14.2498,2.0633,15.1774,621.0,34955.0,3027.4297
2460,15.1351,14.0659,1.9405,14.5817,626.0,31297.0,3027.4297
2461,14.6231,14.0859,2.0952,14.3111,626.0,27604.0,3027.4297
2462,14.2495,14.0772,1.9985,14.366,627.0,29521.0,3027.4297
2463,14.4402,14.1219,2.0149,14.3856,601.0,23726.0,3027.4297
2464,14.4257,13.4234,1.7443,15.0881,627.0,29403.0,3027.4297
2465,15.4293,12.9223,2.2309,13.773,626.0,28628.0,3027.4297
2466,13.4198,14.1658,1.8627,14.8548,619.0,24364.0,3027.4297
2467,14.7706,13.8165,2.0444,13.5862,621.0,24836.0,3027.4297
2468,13.6483,14.0751,2.2187,14.9173,622.0,28820.0,3027.4297
2469,14.9056,13.7247,2.3789,13.7656,625.0,27041.0,3027.4297
2470,13.7421,13.83,2.1432,14.5467,622.0,25106.0,3027.4297
2471,14.5403,13.5178,1.8919,14.0743,623.0,27824.0,3027.4297
2472,14.0835,12.8815,2.0624,13.3197,624.0,27988.0,3027.4297
2473,13.3839,13.7184,1.9079,15.0694,621.0,23974.0,3027.4297
2474,15.0496,13.8266,1.9886,14.2098,623.0,29057.0,3027.4297
2475,14.2155,13.7379,1.7771,13.3199,625.0,31888.0,3027.4297
2476,13.3529,13.7076,2.0496,14.6729,628.0,26977.0,3027.4297
2477,14.5831,13.8456,2.2925,14.1781,628.0,27280.0,3027.4297
2478,14.1845,13.1635,1.9063,14.9586,626.0,28240.0,3027.4297
2479,14.9644,13.8659,1.806,13.3275,624.0,28498.0,3027.4297
2480,13.292,14.0383,1.8005,14.9883,626.0,26054.0,3027.4297
2481,15.031,13.6742,2.0471,15.8468,624.0,25418.0,3027.4297
2482,15.8676,13.9825,1.9712,15.1004,624.0,25316.0,3027.4297
2483,15.1881,14.009,2.385,14.7096,621.0,24728.0,3027.4297
2484,14.6025,13.9714,2.4614,11.5883,621.0,26622.0,3027.4297
2485,11.5988,13.0824,2.0879,14.8159,626.0,27990.0,3027.4297
2486,14.7877,13.9875,2.0622,13.13,623.0,25308.0,3027.4297
2487,13.1345,13.6275,1.9201,14.8524,627.0,29972.0,3027.4297
2488,14.8696,14.278,2.1822,13.3281,623.0,24946.0,3027.4297
2489,13.3765,13.6726,2.3009,14.5917,622.0,23820.0,3027.4297
2490,14.5945,14.0219,2.044,15.3076,623.0,24052.0,3027.4297
2491,15.2958,13.6334,1.7119,14.1834,621.0,24526.0,3027.4297
2492,14.1595,13.0507,1.7936,13.839,628.0,23480.0,3027.4297
2493,13.7994,13.9317,1.8377,14.5721,629.0,24430.0,3027.4297
2494,14.6405,13.8895,1.9912,13.7407,624.0,23432.0,3027.4297
2495,13.6958,13.8403,2.0032,15.0392,625.0,27486.0,3027.4297
2496,15.08,13.9613,1.829,13.3649,628.0,29382.0,3027.4297
2497,13.2783,13.9567,1.5887,15.2361,623.0,25764.0,3027.4297
2498,15.2512,13.8676,1.8201,13.8081,623.0,25656.0,3027.4297
2499,13.8542,13.1249,1.7511,14.3697,623.0,24884.0,3027.4297
2500,14.4538,13.71,1.8798,14.1913,622.0,25374.0,3027.4297
2501,14.0581,14.0468,1.6909,13.9652,623.0,24568.0,3027.4297
2502,13.9985,13.7197,1.7947,13.5042,621.0,25674.0,3027.4297
2503,13.4868,13.9004,1.8863,14.6486,624.0,27428.0,3027.4297
2504,14.7281,13.7071,1.8268,14.3626,622.0,26220.0,3027.4297
2505,14.3211,13.8417,1.9372,15.0859,622.0,27402.0,3027.4297
2506,15.1377,13.052,1.8317,13.1549,620.0,26682.0,3027.4297
2507,13.1313,13.8097,1.9081,14.9747,621.0,25960.0,3027.4297
2508,14.9533,13.8316,1.8358,15.3351,625.0,25670.0,3027.4297
2509,15.3776,13.9551,1.7093,12.7672,628.0,28128.0,3027.4297
2510,12.6487,13.822,1.5138,14.6237,627.0,27614.0,3027.4297
2511,14.6603,13.6932,1.9662,14.4819,626.0,29198.0,3027.4297
2512,14.5938,13.4515,1.8899,13.6814,625.0,28588.0,3027.4297
2513,13.5654,13.092,1.8189,14.0554,626.0,28496.0,3027.4297
2514,14.1116,13.8864,1.8088,14.4778,624.0,27124.0,3027.4297
2515,14.5074,13.799,1.8186,14.1958,622.0,27212.0,3027.4297
2516,14.1396,14.1319,2.1307,14.4803,625.0,33310.0,3027.4297
2517,14.4153,13.7704,1.9526,14.7459,621.0,27294.0,3027.4297
2518,14.8069,14.2841,2.112,14.0031,619.0,25154.0,3027.4297
2519,14.0041,13.9343,1.8794,13.8895,622.0,35204.0,3027.4297
2520,13.9426,13.0689,1.8725,15.2761,628.0,44114.0,3027.4297
2521,15.2151,13.7673,1.911,13.5455,621.0,26576.0,3027.4297
2522,13.581,14.0023,1.8004,14.2484,621.0,25158.0,3027.4297
2523,14.2724,13.7992,1.8588,13.5617,618.0,24566.0,3027.4297
2524,13.5294,13.6569,1.9378,15.1171,625.0,35801.0,3027.4297
2525,15.1509,13.8855,1.9651,13.9864,626.0,31231.0,3027.4297
2526,13.9634,13.5679,1.8163,14.5781,623.0,27342.0,3027.4297
2527,14.6281,12.9698,1.9477,14.028,625.0,29005.0,3027.4297
2528,13.9585,13.9052,1.9462,14.026,607.0,25630.0,3027.4297
2529,14.1124,13.8963,2.0704,14.5849,621.0,30320.0,3027.4297
2530,14.5753,14.0072,2.1726,14.3427,622.0,25781.0,3027.4297
2531,14.3645,13.7319,1.9467,14.7724,620.0,25064.0,3027.4297
2532,14.6675,14.0236,1.753,14.1594,622.0,24528.0,3027.4297
2533,14.1421,13.6954,1.6847,14.1563,621.0,28440.0,3027.4297
2534,14.2166,13.0911,1.7063,14.1737,623.0,27017.0,3027.4297
2535,14.1415,13.9455,1.7783,13.6746,621.0,25462.0,3027.4297
2536,13.6899,13.9158,1.8604,14.3184,622.0,27444.0,3027.4297
2537,14.319,13.8285,1.9805,14.4133,621.0,27952.0,3027.4297
2538,14.3783,14.0702,1.8495,14.6195,622.0,23986.0,3027.4297
2539,14.7139,13.9799,2.0213,14.6736,624.0,29227.0,3027.4297
2540,14.6819,13.2998,1.8081,14.0079,628.0,31722.0,3027.4297
2541,13.9508,13.1625,1.7333,14.3475,629.0,26989.0,3027.4297
2542,14.3471,13.8512,1.9251,14.5291,625.0,27244.0,3027.4297
2543,14.5701,13.9737,1.9878,13.4676,624.0,30490.0,3027.4297
2544,13.4448,13.6618,2.0531,13.7602,623.0,26234.0,3027.4297
2545,13.7353,13.8624,1.7774,14.9116,624.0,26030.0,3027.4297
2546,14.9712,13.8959,1.9852,14.0173,621.0,25404.0,3027.4297
2547,13.934,13.3554,1.8708,15.2658,622.0,25292.0,3027.4297
2548,15.3469,13.1876,1.9701,13.5243,623.0,25120.0,3027.4297
2549,13.4652,13.8534,1.7197,13.826,621.0,26622.0,3027.4297
2550,13.8375,13.7561,1.8172,13.987,626.0,27622.0,3027.4297
2551,14.0137,13.738,2.0435,14.732,625.0,27179.0,3027.4297
2552,14.6825,13.8338,1.7346,14.6839,623.0,28077.0,3027.4297
2553,14.7051,13.8774,2.1206,13.8311,621.0,24922.0,3027.4297
2554,13.8137,12.9237,1.8639,13.8207,622.0,23820.0,3027.4297
2555,13.8954,13.5948,1.9718,14.9269,623.0,24516.0,3027.4297
2556,14.9407,13.561,2.5503,13.3547,627.0,24090.0,3027.4297
2557,13.3226,13.8281,2.2128,15.9184,626.0,23456.0,3027.4297
2558,15.9036,13.6349,2.3965,12.146,626.0,24394.0,3027.4297
2559,12.1168,13.7725,1.9452,14.1087,625.0,23466.0,3027.4297
2560,14.1239,13.9715,1.8517,14.3724,627.0,30846.0,3027.4297
2561,14.3868,12.8655,1.9287,14.903,626.0,26022.0,3027.4297
2562,14.9219,13.1394,1.747,13.5589,621.0,25762.0,3027.4297
2563,13.5904,13.583,1.9695,15.3435,624.0,25668.0,3027.4297
2564,15.2811,13.9548,1.7555,13.373,621.0,24860.0,3027.4297
2565,13.3277,13.8101,1.7905,14.2858,622.0,25374.0,3027.4297
2566,14.2913,13.8642,2.1416,13.8553,623.0,25698.0,3027.4297
2567,13.9093,13.117,1.9202,15.4129,625.0,24592.0,3027.4297
2568,15.3725,13.3796,1.7399,12.6462,623.0,27416.0,3027.4297
2569,12.6743,13.8632,1.8567,15.1419,621.0,26208.0,3027.4297
2570,15.1341,13.7948,1.8645,13.0285,621.0,27390.0,3027.4297
2571,13.0669,13.8625,1.867,14.4287,621.0,26694.0,3027.4297
2572,14.3731,13.6363,1.8631,14.6347,625.0,25964.0,3027.4297
2573,14.6402,13.5353,1.7068,13.9906,627.0,26698.0,3027.4297
2574,14.0082,13.0914,1.8418,14.1627,628.0,27280.0,3027.4297
2575,14.1792,13.7104,1.8043,13.9401,623.0,27940.0,3027.4297
2576,13.921,13.5836,1.8289,15.1071,625.0,28678.0,3027.4297
2577,15.1789,13.5475,1.9329,13.1145,624.0,28576.0,3027.4297
2578,12.9911,13.6742,1.6259,14.2449,625.0,28506.0,3027.4297
2579,14.3074,13.8513,1.7504,13.833,623.0,27112.0,3027.4297
2580,13.8081,13.3476,1.8431,14.1957,621.0,27200.0,3027.4297
2581,14.2811,12.8667,1.8186,14.1721,622.0,33274.0,3027.4297
2582,14.11,13.4193,1.8683,14.47,619.0,27270.0,3027.4297
2583,14.6717,13.9126,2.0044,14.8139,622.0,25190.0,3027.4297
2584,14.604,13.762,1.8088,13.1904,622.0,35204.0,3027.4297
2585,13.2928,13.8686,1.8627,14.3399,627.0,44102.0,3027.4297
2586,14.2577,13.7399,1.963,13.981,619.0,27292.0,3027.4297
2587,13.9771,12.8851,1.909,14.476,622.0,24394.0,3027.4297
2588,14.5358,13.5852,1.9257,14.3446,624.0,24716.0,3027.4297
2589,14.3359,13.9529,1.961,14.7593,625.0,35715.0,3027.4297
2590,14.7093,13.6798,1.6637,13.2859,626.0,32521.0,3027.4297
2591,13.2972,13.7191,1.852,14.7798,624.0,26550.0,3027.4297
2592,14.7452,13.7887,1.8808,13.2266,624.0,28529.0,3027.4297
2593,13.2671,13.6017,2.1375,15.9776,623.0,31162.0,3027.4297
2594,15.9606,13.1224,1.9342,13.6723,619.0,26276.0,3027.4297
2595,13.7524,13.8985,1.7697,13.7714,624.0,26011.0,3027.4297
2596,13.6992,13.7726,1.881,14.135,619.0,25440.0,3027.4297
2597,14.1369,13.8114,1.8173,13.5528,624.0,26297.0,3027.4297
2598,13.537,14.0769,2.0267,14.2304,622.0,25999.0,3027.4297
2599,14.2737,13.8312,2.0532,15.1353,624.0,28315.0,3027.4297
2600,15.1582,13.7641,2.2223,15.0447,623.0,25400.0,3027.4297
2601,14.9817,13.1813,1.9943,13.2685,621.0,27336.0,3027.4297
2602,13.3028,13.9366,1.9686,14.4892,620.0,27002.0,3027.4297
2603,14.4958,14.0123,2.0136,15.2392,625.0,27565.0,3027.4297
2604,15.2618,14.2163,1.922,13.3679,626.0,28004.0,3027.4297
2605,13.3449,14.003,1.9721,14.5356,635.0,31329.0,3027.4297
2606,14.5092,14.1114,2.008,15.1991,626.0,24924.0,3027.4297
2607,15.2901,13.9785,1.9951,14.2264,624.0,30776.0,3027.4297
2608,14.1173,13.2254,1.9422,14.3847,624.0,29024.0,3027.4297
2609,14.5336,13.8862,2.0447,15.068,623.0,24546.0,3027.4297
2610,14.9671,14.1341,2.0119,15.3517,624.0,26912.0,3027.4297
2611,15.4028,14.1815,1.9935,14.0658,622.0,24188.0,3027.4297
2612,13.9946,14.0811,2.3341,13.7859,620.0,26188.0,3027.4297
2613,13.848,14.0935,2.2956,14.4827,623.0,24936.0,3027.4297
2614,14.3989,14.0452,2.0461,13.9095,625.0,27413.0,3027.4297
2615,13.9976,13.618,1.9241,15.2186,626.0,28482.0,3027.4297
2616,15.2213,13.2804,1.9394,13.9408,622.0,26688.0,3027.4297
2617,14.0057,14.0964,1.8803,14.2446,624.0,27319.0,3027.4297
2618,14.1762,14.1918,1.9884,14.4744,621.0,23440.0,3027.4297
2619,14.4279,13.8345,2.0412,14.7834,621.0,24860.0,3027.4297
2620,14.7913,14.1283,2.1432,14.0124,625.0,23444.0,3027.4297
2621,13.9961,14.0476,1.9718,14.6287,625.0,24066.0,3027.4297
2622,14.7154,14.0452,2.2087,14.6559,625.0,24382.0,3027.4297
2623,14.5507,13.5269,1.9436,14.5552,622.0,23430.0,3027.4297
2624,14.5586,13.3898,1.8979,14.1464,624.0,27324.0,3027.4297
2625,14.1737,13.989,1.9886,14.5604,624.0,27090.0,3027.4297
2626,14.5558,14.0625,1.9399,14.1042,625.0,27152.0,3027.4297
2627,14.2039,14.3779,2.0681,14.903,626.0,25490.0,3027.4297
2628,14.7833,14.2919,1.9539,14.9434,623.0,25620.0,3027.4297
2629,14.9631,14.2185,1.9296,14.3726,622.0,25032.0,3027.4297
2630,14.4103,13.884,2.2036,13.9429,623.0,26190.0,3027.4297
2631,13.957,13.1116,2.0474,14.7637,620.0,24532.0,3027.4297
2632,14.7831,13.9288,1.8824,14.0618,621.0,26138.0,3027.4297
2633,14.0367,13.8935,1.9875,14.5374,624.0,25466.0,3027.4297
2634,14.5051,14.2033,1.9536,13.7636,622.0,27744.0,3027.4297
2635,13.7915,13.82,2.1226,15.0426,621.0,27526.0,3027.4297
2636,14.9533,13.8149,1.9306,14.147,626.0,25864.0,3027.4297
2637,14.1974,14.1501,2.1085,14.6977,628.0,26188.0,3027.4297
2638,14.7112,13.1218,1.9043,14.0576,625.0,26168.0,3027.4297
2639,14.0598,13.3479,1.9802,15.2182,628.0,28654.0,3027.4297
2640,15.2059,14.2179,1.9262,13.6975,624.0,28326.0,3027.4297
2641,13.6944,14.1936,1.8069,14.4445,623.0,28002.0,3027.4297
2642,14.4655,13.5538,1.9903,13.4639,622.0,28682.0,3027.4297
2643,13.45,13.9492,1.7296,14.5046,624.0,28072.0,3027.4297
2644,14.5116,13.5967,1.7818,14.8355,623.0,28714.0,3027.4297
2645,14.8418,13.128,1.8592,14.6286,624.0,27880.0,3027.4297
2646,14.6362,13.9092,1.9195,13.4696,620.0,31772.0,3027.4297
2647,13.5689,13.9302,1.8069,14.9696,622.0,24964.0,3027.4297
2648,14.9138,13.8617,1.6949,14.2268,623.0,32044.0,3027.4297
2649,14.1737,13.8647,1.6925,13.6905,624.0,38352.0,3027.4297
2650,13.6105,13.9276,1.3834,14.2593,626.0,35034.0,3027.4297
2651,14.2965,13.732,2.0286,14.2774,617.0,26738.0,3027.4297
2652,14.3263,13.0705,1.9258,15.1897,627.0,25252.0,3027.4297
2653,15.271,13.6325,1.8814,13.7145,626.0,29404.0,3027.4297
2654,13.6005,14.2069,1.8944,14.1435,623.0,34558.0,3027.4297
2655,14.2137,13.7618,2.1189,13.926,622.0,29986.0,3027.4297
2656,13.8996,14.0111,1.9064,13.7695,618.0,25632.0,3027.4297
2657,13.7263,13.9482,1.9544,15.0188,625.0,31362.0,3027.4297
2658,15.0305,13.6613,1.8235,14.3081,622.0,28445.0,3027.4297
2659,14.3385,13.075,1.7194,15.3382,622.0,25362.0,3027.4297
2660,15.3235,13.9319,1.8178,12.6106,625.0,27081.0,3027.4297
2661,12.7641,13.904,1.8815,14.2615,621.0,26539.0,3027.4297
2662,14.2007,13.8615,1.9835,15.1946,621.0,23808.0,3027.4297
2663,15.1785,13.9734,2.2321,14.7084,622.0,26917.0,3027.4297
2664,14.6278,13.9968,1.7932,14.6829,624.0,28133.0,3027.4297
2665,14.6539,13.8471,2.0267,13.046,624.0,25412.0,3027.4297
2666,13.2069,12.8578,2.0127,14.313,622.0,28144.0,3027.4297
2667,14.2615,13.6754,1.9025,13.9974,624.0,27777.0,3027.4297
2668,13.9516,14.1052,1.9235,14.1551,628.0,24930.0,3027.4297
2669,14.1472,13.6895,2.1462,14.8371,628.0,30425.0,3027.4297
2670,14.9693,14.047,2.0954,14.0036,632.0,29264.0,3027.4297
2671,13.9195,13.7963,1.7637,14.1397,623.0,28432.0,3027.4297
2672,14.1147,13.5879,1.8369,14.1152,623.0,27610.0,3027.4297
2673,14.1311,13.1111,1.6758,15.158,624.0,29024.0,3027.4297
2674,15.1031,13.8706,1.8845,13.4241,623.0,25428.0,3027.4297
2675,13.4315,13.9201,1.8757,14.4602,623.0,25672.0,3027.4297
2676,14.5276,13.8439,2.0412,13.7587,622.0,25476.0,3027.4297
2677,13.6526,13.6892,2.3956,14.4542,622.0,25660.0,3027.4297
2678,14.4969,13.9463,2.016,14.6791,625.0,25703.0,3027.4297
2679,14.7446,13.9146,1.9436,14.758,623.0,27881.0,3027.4297
2680,14.8161,12.9188,1.9897,13.6568,626.0,28519.0,3027.4297
2681,13.5365,13.7558,2.2075,14.5565,624.0,25694.0,3027.4297
2682,14.5758,13.9114,1.9443,13.3264,622.0,25937.0,3027.4297
2683,13.3531,13.7794,1.8343,14.958,622.0,24380.0,3027.4297
2684,14.9563,13.9609,2.0411,14.2586,627.0,23960.0,3027.4297
2685,14.2602,13.8392,2.1937,15.0398,625.0,23444.0,3027.4297
2686,14.9787,13.5249,2.0085,13.2957,627.0,25028.0,3027.4297
2687,13.375,13.1561,1.9405,15.2498,625.0,23466.0,3027.4297
2688,15.1639,13.7297,1.7772,13.6769,624.0,27324.0,3027.4297
2689,13.689,13.9618,1.8408,14.1026,625.0,23616.0,3027.4297
2690,14.2073,13.9119,1.778,13.5528,622.0,27674.0,3027.4297
2691,13.4457,13.8277,1.6052,15.1946,625.0,26416.0,3027.4297
2692,15.2036,13.8069,1.8647,13.6951,623.0,26190.0,3027.4297
2693,13.6926,13.8689,2.1411,13.9643,622.0,24872.0,3027.4297
2694,13.9935,13.0706,1.7696,14.0194,621.0,26518.0,3027.4297
2695,14.0105,13.7507,1.745,15.35,621.0,25404.0,3027.4297
2696,15.3431,13.8498,1.9706,13.6274,621.0,25674.0,3027.4297
2697,13.6855,13.768,1.9475,13.4538,621.0,25770.0,3027.4297
2698,13.363,13.874,1.7207,15.16,622.0,25144.0,3027.4297
2699,15.2634,13.6385,1.8214,14.3094,623.0,28150.0,3027.4297
2700,14.2779,13.1022,1.9686,14.5189,626.0,26298.0,3027.4297
2701,14.5685,13.7964,1.9709,14.3783,627.0,26896.0,3027.4297
2702,14.3301,13.8924,2.1057,13.8046,311.0,22986.0,3027.4297
2703,13.8134,13.65,2.0314,13.5922,297.0,28224.0,3027.4297
2704,13.611,13.6154,2.2192,14.3597,298.0,26640.0,3027.4297
2705,14.3454,13.4246,1.9602,13.0659,297.0,26318.0,3027.4297
2706,13.0513,13.0402,1.7427,13.4672,297.0,26620.0,3027.4297
2707,13.435,12.3157,1.7293,13.5092,297.0,27098.0,3027.4297
2708,13.5496,13.1491,1.844,12.956,295.0,25774.0,3027.4297
2709,12.9476,13.0982,1.5203,13.9611,295.0,28130.0,3027.4297
2710,14.0238,13.3432,1.7979,13.6601,294.0,27958.0,3027.4297
2711,13.5605,13.0864,1.9484,13.588,294.0,30570.0,3027.4297
2712,13.6743,12.5642,1.8577,14.2582,294.0,29550.0,3048.1172
2713,14.1722,12.5412,1.7864,12.5466,293.0,29886.0,3062.8047
2714,12.5628,13.1212,1.8261,13.6127,294.0,21920.0,3062.8047
2715,13.5604,13.0844,1.9267,13.8633,294.0,23573.0,3062.8047
2716,13.9165,12.9784,1.8697,13.1677,296.0,28316.0,3033.4297
2717,13.282,12.2185,1.895,14.2293,298.0,24868.0,2992.0547
2718,14.2384,13.1402,1.984,12.3346,294.0,23004.0,2992.0547
2719,12.2161,13.1459,1.9581,13.4328,285.0,24553.0,2992.0547
2720,13.4848,13.0093,1.9093,13.3531,295.0,26337.0,2992.0547
2721,13.2724,13.0341,1.6311,13.4174,296.0,22488.0,2992.0547
2722,13.4192,12.1983,1.9459,15.0711,295.0,25624.0,2992.0547
2723,15.0624,12.5818,1.5886,12.0129,294.0,21348.0,2992.0547
2724,12.0181,12.8809,1.7293,12.5856,293.0,21940.0,2992.0547
2725,12.6119,13.1371,2.102,14.0237,298.0,27088.0,2992.0547
2726,14.0665,13.1045,2.065,14.063,295.0,23184.0,2992.0547
2727,14.0003,12.7465,1.8604,13.9907,294.0,25394.0,2992.0547
2728,14.0075,12.7221,1.6637,12.9307,296.0,25007.0,2992.0547
2729,12.9039,13.1974,1.6082,13.3264,295.0,23937.0,2992.0547
2730,13.3444,12.9736,1.4538,12.9892,292.0,25416.0,2992.0547
2731,12.9784,13.0776,1.3605,13.5643,297.0,29608.0,2992.0547
2732,13.5907,13.0932,1.7638,14.0764,296.0,24004.0,2992.0547
2733,14.1544,12.8053,2.135,13.9636,297.0,26300.0,2992.0547
2734,13.9933,13.0682,2.1679,13.1473,296.0,24314.0,2992.0547
2735,13.1443,13.4177,1.8078,13.9543,296.0,23384.0,2992.0547
2736,13.8476,13.1373,2.2713,14.0421,294.0,22868.0,2992.0547
2737,14.0995,12.9377,1.7137,13.0531,297.0,23647.0,2992.0547
2738,13.0204,12.4631,1.6283,13.808,294.0,24709.0,2992.0547
2739,13.8095,13.0766,1.8621,12.9997,294.0,25885.0,2992.0547
2740,12.993,13.0402,1.7456,12.8815,293.0,22888.0,2992.0547
2741,12.8949,13.2382,1.7141,14.0718,296.0,22921.0,2992.0547
2742,14.0552,13.0362,1.8306,13.5381,292.0,21586.0,2992.0547
2743,13.5286,12.6844,1.6471,13.7137,293.0,21038.0,2992.0547
2744,13.736,12.2255,1.7656,13.2378,293.0,21608.0,2992.0547
2745,13.2268,13.2643,1.7355,14.2753,294.0,21304.0,2992.0547
2746,14.2807,13.1126,1.6772,12.6146,293.0,24540.0,2992.0547
2747,12.5992,13.0856,1.5966,13.909,294.0,20682.0,2992.0547
2748,13.9573,12.629,1.7189,12.9991,297.0,24896.0,2992.0547
2749,13.0081,12.2094,1.8986,13.3753,300.0,24374.0,2992.0547
2750,13.3342,12.9454,1.7505,13.1655,298.0,22676.0,2992.0547
2751,13.2256,13.2649,1.8742,13.8278,295.0,24652.0,2992.0547
2752,13.7945,13.094,1.7411,13.9066,295.0,23154.0,2992.0547
2753,13.8612,13.0325,1.664,13.0087,296.0,22918.0,2992.0547
2754,13.1069,12.1712,1.9434,13.3525,294.0,23136.0,2992.0547
2755,13.2851,13.0845,1.8527,13.4959,292.0,23330.0,2992.0547
2756,13.4932,12.9228,1.7218,13.0204,293.0,24252.0,2992.0547
2757,12.9813,12.951,1.5986,13.7982,293.0,23512.0,2992.0547
2758,13.792,12.9703,1.5011,13.284,294.0,24478.0,2992.0547
2759,13.3131,12.2689,1.5865,13.0448,292.0,21888.0,2992.0547
2760,13.0594,13.0641,1.7702,13.2803,293.0,25669.0,2992.0547
2761,13.3321,13.076,1.9127,13.9194,293.0,24297.0,2992.0547
2762,13.8656,12.9567,1.8451,12.9181,294.0,28845.0,2992.0547
2763,12.9003,12.9715,1.9275,14.1168,296.0,24609.0,2992.0547
2764,14.1777,12.2523,1.7878,13.0449,297.0,24440.0,2992.0547
2765,13.0209,12.927,1.8619,13.0381,298.0,26782.0,2992.0547
2766,13.0261,12.9298,1.8956,13.5035,300.0,25220.0,2992.0547
2767,13.4999,12.9834,1.7443,12.9165,299.0,27458.0,2992.0547
2768,12.9235,12.8705,1.9707,13.9722,297.0,27920.0,2992.0547
2769,14.0263,12.2113,1.7728,12.4171,293.0,23730.0,2992.0547
2770,12.3771,12.9527,1.6683,13.1299,295.0,32354.0,2992.0547
2771,13.1787,12.9928,1.9382,13.299,294.0,31170.0,2992.0547
2772,13.2464,13.0032,1.7133,13.9501,292.0,26206.0,2992.0547
2773,13.9746,12.9042,1.7667,13.4902,293.0,28284.0,2992.0547
2774,13.4712,12.1726,2.0939,13.012,293.0,25650.0,2992.0547
2775,12.9869,13.2965,1.7181,14.3572,291.0,24599.0,2992.0547
2776,14.3685,12.9894,1.7725,12.399,294.0,24936.0,2992.0547
2777,12.4221,12.9739,1.4523,13.9729,293.0,25884.0,2992.0547
2778,13.9746,12.9107,1.7358,13.7175,291.0,24712.0,2992.0547
2779,13.7138,12.1759,1.7956,13.4127,292.0,25957.0,2992.0547
2780,13.396,13.1035,1.8012,12.5415,297.0,26477.0,2992.0547
2781,12.5829,13.2059,1.9498,14.2274,296.0,22288.0,2992.0547
2782,14.1886,13.1738,1.9303,13.5351,300.0,25620.0,2992.0547
2783,13.5671,13.0888,1.9719,13.6317,295.0,21318.0,2992.0547
2784,13.6574,12.2817,1.8299,14.1178,296.0,21934.0,2992.0547
2785,14.102,13.2011,1.8363,12.6416,298.0,27046.0,2992.0547
2786,12.7561,13.1333,1.9445,13.4965,293.0,23140.0,2992.0547
2787,13.3406,13.2091,1.6185,13.227,294.0,27221.0,2992.0547
2788,13.3039,13.2811,1.7643,13.9201,294.0,23136.0,2992.0547
2789,13.8644,12.5285,1.956,13.3923,295.0,23937.0,2992.0547
2790,13.3922,12.4456,1.8889,13.932,293.0,25796.0,2992.0547
2791,13.9368,13.1804,1.9266,12.2893,296.0,29596.0,2992.0547
2792,12.2464,13.2189,1.8692,14.109,293.0,23644.0,2992.0547
2793,14.2559,13.1151,1.8933,13.9829,294.0,26676.0,2992.0547
2794,13.8796,12.5075,1.7604,13.8711,296.0,24726.0,2992.0547
2795,13.8941,12.4071,1.9532,13.2656,293.0,22634.0,2992.0547
2796,13.231,13.2523,1.9902,13.1848,297.0,22882.0,2992.0547
2797,13.2394,13.1651,1.9316,13.2078,300.0,23661.0,2992.0547
2798,13.2439,13.1841,1.6894,13.9181,298.0,25081.0,2992.0547
2799,13.8533,13.2611,1.7898,14.5316,297.0,25531.0,2992.0547
2800,14.5259,12.2669,1.7607,12.757,295.0,22890.0,2992.0547
2801,12.7502,13.0193,1.7447,13.6258,296.0,22899.0,2992.0547
2802,13.6824,13.098,1.8028,12.5832,293.0,21598.0,2992.0547
2803,12.5321,13.319,1.6027,13.7628,294.0,21050.0,2992.0547
2804,13.7743,13.1271,2.106,13.4101,293.0,21608.0,2992.0547
2805,13.4001,12.2045,1.8157,13.9204,293.0,21292.0,2992.0547
2806,13.9212,13.1706,1.901,13.264,293.0,24540.0,2992.0547
2807,13.2797,13.2279,1.7232,13.1928,293.0,20670.0,2992.0547
2808,13.1806,13.1586,1.9684,13.3722,294.0,24904.0,2992.0547
2809,13.3494,13.0976,1.8998,14.263,294.0,24346.0,2992.0547
2810,14.2824,12.5767,1.738,13.3435,294.0,22822.0,2992.0547
2811,13.3324,12.4683,1.8249,13.9824,294.0,24512.0,2992.0547
2812,13.989,13.1052,1.9292,12.6418,298.0,24106.0,2992.0547
2813,12.654,13.2022,1.9679,13.647,296.0,21958.0,2992.0547
2814,13.6243,13.1971,1.7365,13.7299,298.0,23140.0,2992.0547
2815,13.7591,12.44,1.6152,13.583,295.0,23344.0,2992.0547
2816,13.6359,12.5075,1.9459,13.88,295.0,24254.0,2992.0547
2817,13.8524,13.3508,2.0374,13.0144,294.0,23502.0,2992.0547
2818,13.0512,13.6344,2.1757,13.4969,293.0,24466.0,2992.0547
2819,13.4082,13.171,1.7231,14.2477,292.0,22438.0,2992.0547
2820,14.2494,13.2296,1.7993,13.7007,292.0,25107.0,2992.0547
2821,13.7501,12.2006,1.6833,13.0815,292.0,24285.0,2992.0547
2822,13.1035,13.4844,1.9147,13.3867,296.0,28869.0,2992.0547
2823,13.3003,13.0013,1.7638,12.9567,293.0,24573.0,2992.0547
2824,12.9518,12.9161,1.6321,13.6241,294.0,24448.0,2992.0547
2825,13.6686,13.0299,1.809,13.9754,294.0,27278.0,2992.0547
2826,13.9845,12.2108,1.9455,12.9864,296.0,24716.0,2992.0547
2827,12.9657,12.9057,1.6892,13.5344,295.0,27432.0,2992.0547
2828,13.5268,13.0714,1.733,12.5023,299.0,27922.0,2992.0547
2829,12.4835,13.0747,1.7235,14.0051,297.0,23756.0,2992.0547
2830,14.114,12.9445,1.7814,14.486,301.0,35718.0,2992.0547
2831,14.4179,12.2676,2.0031,13.7243,294.0,29356.0,2992.0547
2832,13.7887,13.0672,2.1978,13.1845,295.0,24640.0,2992.0547
2833,13.1911,13.026,2.2561,13.3592,296.0,28334.0,2992.0547
2834,13.3514,12.8993,2.2453,13.7332,292.0,25638.0,2992.0547
2835,13.79,13.1925,2.062,15.1156,292.0,24611.0,2992.0547
2836,15.0561,13.3463,2.3199,12.7554,293.0,24924.0,2992.0547
2837,12.7522,12.3152,2.2131,12.6072,293.0,25848.0,2992.0547
2838,12.5889,13.0548,2.1537,12.8863,292.0,24760.0,2992.0547
2839,12.8763,13.1861,2.1503,13.7556,294.0,25981.0,2992.0547
2840,13.7552,13.0448,2.2796,15.2115,293.0,26473.0,2992.0547
2841,15.4011,13.0865,3.1731,15.024,292.0,22284.0,2992.0547
2842,14.9115,12.4317,2.6455,10.407,294.0,25592.0,2992.0547
2843,10.3914,13.2083,2.2461,13.7368,293.0,21316.0,2992.0547
2844,13.699,12.9463,2.063,12.7916,296.0,21912.0,2992.0547
2845,12.7986,13.0131,2.0577,13.4811,300.0,27416.0,2992.0547
2846,13.4766,13.1454,2.3435,13.6331,297.0,22776.0,2992.0547
2847,13.6309,12.3404,1.9869,13.4132,299.0,27259.0,2992.0547
2848,13.4083,13.0869,2.3224,13.7038,294.0,23114.0,2992.0547
2849,13.799,13.4673,2.2711,13.3899,297.0,24307.0,2992.0547
2850,13.4001,12.9681,2.2116,13.1678,292.0,25416.0,2992.0547
2851,13.0644,13.0265,1.9767,14.2941,298.0,29620.0,2992.0547
2852,14.2798,12.4953,1.7065,13.2953,294.0,25908.0,2992.0547
2853,13.2814,12.7319,1.8459,12.6388,294.0,26112.0,2992.0547
2854,12.6857,13.1114,1.8902,13.9412,292.0,22990.0,2992.0547
2855,13.9627,13.6759,1.8469,13.5201,292.0,22990.0,2992.0547
2856,13.4903,13.1218,1.8171,14.6989,293.0,22510.0,2992.0547
2857,14.6816,13.3548,1.9924,13.9017,297.0,25516.0,2992.0547
2858,13.9568,12.1994,2.2114,13.6681,294.0,23230.0,2992.0547
2859,13.7902,13.3216,2.3285,12.5235,295.0,25897.0,2992.0547
2860,12.3532,13.2147,2.1771,13.2805,298.0,22536.0,2992.0547
2861,13.2831,13.1053,1.9852,13.7341,301.0,23401.0,2992.0547
2862,13.6763,13.1443,1.8577,13.2876,297.0,21138.0,2992.0547
2863,13.3708,12.2507,1.6901,13.8102,296.0,21990.0,2992.0547
2864,13.832,13.0618,1.7365,13.087,295.0,20672.0,2992.0547
2865,13.0108,13.193,1.7567,13.8087,295.0,21294.0,2992.0547
2866,13.7907,13.1969,1.7453,13.2358,294.0,24552.0,2992.0547
2867,13.3752,13.0762,1.8728,13.2922,294.0,20682.0,2992.0547
2868,13.1872,12.1928,1.7078,13.5223,294.0,24904.0,2992.0547
2869,13.5088,13.0948,1.6766,13.5555,296.0,24520.0,2992.0547
2870,13.5477,12.9531,1.6832,12.9461,294.0,22672.0,2992.0547
2871,12.9289,13.0484,1.6139,13.2904,295.0,24524.0,2992.0547
2872,13.3173,13.0464,1.7279,13.7295,293.0,24090.0,2992.0547
2873,13.7137,12.2411,1.6546,13.7749,292.0,21954.0,2992.0547
2874,13.8832,13.0636,1.7777,13.9549,294.0,23136.0,2992.0547
2875,13.8965,13.0729,1.9916,13.0809,293.0,23710.0,2992.0547
2876,13.1534,13.0514,2.3337,12.8103,299.0,23912.0,2992.0547
2877,12.7442,13.104,2.4396,14.2292,296.0,23504.0,2992.0547
2878,14.215,12.2619,1.879,13.3737,298.0,24482.0,2992.0547
2879,13.3879,12.7531,1.6889,13.1219,295.0,25273.0,2992.0547
2880,13.1108,13.1307,1.8961,15.9779,296.0,22312.0,2992.0547
2881,16.0848,13.2026,2.3095,12.7788,295.0,24299.0,2992.0547
2882,12.795,13.1577,3.1758,13.3404,294.0,28845.0,2992.0547
2883,13.3076,13.086,2.847,11.8525,292.0,24719.0,2992.0547
2884,11.7912,12.3568,2.1367,14.0403,295.0,24460.0,2992.0547
2885,14.0518,13.1525,2.134,13.1509,293.0,27108.0,2992.0547
2886,13.155,13.3467,2.3094,13.7012,295.0,25708.0,2992.0547
2887,13.7121,13.17,2.1967,13.3636,296.0,27978.0,2992.0547
2888,13.3381,13.1274,2.2314,13.8479,295.0,26380.0,2992.0547
2889,13.8116,12.2749,1.8105,13.1407,291.0,23728.0,2992.0547
2890,13.2126,13.0305,1.8205,13.7201,295.0,35690.0,2992.0547
2891,13.6478,13.0854,1.7971,12.0924,291.0,29306.0,2992.0547
2892,12.1339,12.9039,1.4729,14.2874,295.0,25118.0,2992.0547
2893,14.2229,12.9123,1.7485,13.087,298.0,31208.0,2992.0547
2894,13.18,12.2072,1.7558,13.2024,295.0,22294.0,2992.0547
2895,13.1591,12.7463,1.7884,13.1213,293.0,24601.0,2992.0547
2896,13.0756,13.0802,1.6191,13.2322,294.0,24878.0,2992.0547
2897,13.3129,12.9356,1.6899,13.9746,294.0,25874.0,2992.0547
2898,13.8908,12.9203,1.7132,12.9948,295.0,26436.0,2992.0547
2899,13.0292,12.1847,1.531,13.3241,296.0,26164.0,2992.0547
2900,13.4073,13.0227,1.8811,13.2325,291.0,24554.0,2992.0547
2901,13.1467,12.9652,1.6302,13.0671,292.0,22284.0,2992.0547
2902,13.0565,13.082,1.5155,13.6157,294.0,25592.0,2992.0547
2903,13.7314,12.9497,1.9889,14.4574,293.0,21316.0,2992.0547
2904,14.4251,12.2441,2.0736,13.2798,293.0,21920.0,2992.0547
2905,13.2615,12.8302,2.0439,13.7964,296.0,27412.0,2992.0547
2906,13.7932,13.0527,2.1378,12.5839,292.0,22760.0,2992.0547
2907,12.5301,13.0852,1.8222,12.9651,294.0,27221.0,2992.0547
2908,13.0151,12.8899,1.9405,13.6406,298.0,23508.0,2992.0547
2909,13.5813,12.2642,1.4425,13.4583,300.0,23953.0,2992.0547
2910,13.4285,12.9858,1.508,13.1834,298.0,27291.0,2992.0547
2911,13.1978,13.0356,1.4664,13.0828,298.0,27751.0,2992.0547
2912,13.0652,13.001,1.6262,13.2022,294.0,25886.0,2992.0547
2913,13.3706,12.9382,1.6037,13.6423,296.0,26114.0,2992.0547
2914,13.5587,12.155,1.5946,13.3234,293.0,23002.0,2992.0547
2915,13.3808,12.9991,1.7305,12.9658,292.0,22990.0,2992.0547
2916,12.8775,12.982,1.6411,13.2717,294.0,22522.0,2992.0547
2917,13.3513,13.0693,1.5274,14.2471,297.0,25884.0,2992.0547
2918,14.2047,13.0689,2.0188,12.9334,293.0,22850.0,2992.0547
2919,12.9273,12.1869,1.7583,13.3765,294.0,25885.0,2992.0547
2920,13.3951,12.9945,1.8682,13.6722,296.0,22556.0,2992.0547
2921,13.6826,13.1852,1.984,13.6396,294.0,23361.0,2992.0547
2922,13.6863,13.3836,2.0252,13.5972,292.0,21122.0,2992.0547
2923,13.5052,13.0768,1.5809,13.0974,293.0,21976.0,2992.0547
2924,13.1027,12.0945,1.821,13.6218,296.0,20662.0,2992.0547
2925,13.6204,12.6311,1.9168,12.7487,296.0,21284.0,2992.0547
2926,12.7058,12.9861,1.5921,13.6166,298.0,24556.0,2992.0547
2927,13.9191,13.2263,1.9382,14.3594,295.0,20672.0,2992.0547
2928,14.1008,12.6514,1.7648,13.4142,295.0,25044.0,2992.0547
2929,13.4298,13.0413,1.7875,13.7329,298.0,24372.0,2992.0547
2930,13.7143,12.3968,1.9586,13.0333,295.0,22684.0,2992.0547
2931,13.1447,13.1358,1.8925,13.2131,293.0,24500.0,2992.0547
2932,13.1762,13.173,1.7858,13.6101,293.0,24554.0,2992.0547
2933,13.5138,13.0355,1.5719,13.7936,294.0,21514.0,2992.0547
2934,13.8321,13.2507,1.8255,14.0907,293.0,23124.0,2992.0547
2935,14.0944,12.4541,1.9481,12.775,294.0,23722.0,2992.0547
2936,12.8504,13.3114,1.8726,13.3535,293.0,23884.0,2992.0547
2937,13.2569,13.084,1.8325,13.7735,294.0,23524.0,2992.0547
2938,13.7633,12.8965,1.7943,13.3489,295.0,24490.0,2992.0547
2939,13.428,13.0059,2.1365,13.8772,294.0,25283.0,2992.0547
2940,13.8496,12.2311,1.6945,13.5818,296.0,22290.0,2992.0547
2941,13.5805,12.6183,1.6824,13.0918,297.0,24301.0,2992.0547
2942,13.0962,13.0948,1.9003,12.7563,300.0,28873.0,2992.0547
2943,12.7624,13.0997,1.4767,14.359,298.0,24769.0,2992.0547
2944,14.3173,13.048,1.8389,13.367,295.0,24438.0,2992.0547
2945,13.4009,12.2944,1.7059,13.1341,296.0,28126.0,2992.0547
2946,13.1204,12.6887,1.853,13.2706,295.0,24704.0,2992.0547
2947,13.3759,13.0598,1.758,13.2626,295.0,27966.0,2992.0547
2948,13.1296,12.953,2.1031,13.6729,294.0,26368.0,2992.0547
2949,13.6695,13.014,1.8333,13.3131,292.0,23740.0,2992.0547
2950,13.3553,12.2099,1.7865,13.2139,297.0,35714.0,2992.0547
2951,13.1994,13.1274,1.7393,13.8505,293.0,29330.0,2992.0547
2952,13.8737,12.9722,1.7801,12.8269,293.0,28474.0,2992.0547
2953,12.8774,12.9857,2.0089,13.7043,294.0,27868.0,2992.0547
2954,13.737,13.0533,2.0721,13.2284,292.0,22302.0,2992.0547
2955,13.0975,12.2364,1.6773,13.5164,295.0,24647.0,2992.0547
2956,13.5644,13.0306,1.8345,13.7685,296.0,24880.0,2992.0547
2957,13.8441,12.9676,2.1031,12.8593,294.0,27540.0,2992.0547
2958,12.8651,13.2058,2.2962,14.3155,297.0,24776.0,2992.0547
2959,14.2498,13.1677,1.9509,13.1542,297.0,26154.0,2992.0547
2960,13.1284,12.5321,2.0564,13.4892,292.0,24592.0,2992.0547
2961,13.5723,12.2195,1.8597,13.1473,294.0,22286.0,2992.0547
2962,13.2135,13.0258,1.9426,14.368,294.0,25592.0,2992.0547
2963,14.2305,13.7017,1.8555,13.4495,294.0,21328.0,2992.0547
2964,13.4123,13.6269,1.6796,13.5348,292.0,21908.0,2992.0547
2965,13.5796,12.9681,1.8135,13.926,299.0,27816.0,2992.0547
2966,13.9174,12.5005,1.8449,13.6724,293.0,22404.0,2992.0547
2967,13.7305,13.0662,1.9284,14.1555,295.0,27233.0,2992.0547
2968,14.1244,13.321,1.7214,12.4412,293.0,23492.0,2992.0547
2969,12.3827,13.2295,1.9123,13.8667,297.0,23961.0,2992.0547
2970,13.8927,13.1248,1.9955,13.583,295.0,27833.0,2992.0547
2971,13.589,12.5528,1.6795,14.3908,296.0,27583.0,2992.0547
2972,14.3841,12.4833,1.7939,13.7309,298.0,25544.0,2992.0547
2973,13.7047,13.2186,1.706,13.0262,298.0,26116.0,2992.0547
2974,13.1478,13.5759,2.1665,13.4644,296.0,23362.0,2992.0547
2975,13.4339,13.5796,1.8818,14.3296,295.0,22636.0,2992.0547
2976,14.2617,13.2613,1.9115,13.3998,295.0,22512.0,2992.0547
2977,13.4315,12.2657,1.9079,13.9024,298.0,25874.0,2992.0547
2978,13.897,13.2631,1.9268,12.9836,294.0,23230.0,2992.0547
2979,12.9706,13.2637,1.8094,14.2478,295.0,25529.0,2992.0547
2980,14.2743,13.1475,1.8009,13.0991,293.0,22520.0,2992.0547
2981,13.1386,13.2781,1.7029,13.7863,297.0,23397.0,2992.0547
2982,13.7005,12.2574,1.6513,13.6999,293.0,21134.0,2992.0547
2983,13.7227,12.1928,1.7534,13.4951,296.0,22012.0,2992.0547
2984,13.4864,13.152,1.6773,12.3629,293.0,20670.0,2992.0547
2985,12.4701,13.1753,1.8155,13.9843,293.0,21292.0,2992.0547
2986,13.8836,13.2018,1.7566,14.3171,294.0,24552.0,2992.0547
2987,14.3472,12.9013,1.7516,13.5052,294.0,20682.0,2992.0547
2988,13.4886,12.4362,1.7878,12.9182,297.0,25046.0,2992.0547
2989,12.9822,13.114,1.6859,13.5619,299.0,24362.0,2992.0547
2990,13.5341,13.2534,1.7766,13.3168,299.0,23056.0,2992.0547
2991,13.2637,13.1235,1.4489,13.9431,298.0,24538.0,2992.0547
2992,14.0051,12.9619,1.7099,13.069,297.0,24212.0,2992.0547
2993,12.964,12.2135,1.6033,12.983,295.0,21872.0,2992.0547
2994,13.0222,13.2088,1.7907,14.7224,292.0,23112.0,2992.0547
2995,14.7628,13.1546,1.6656,12.6404,294.0,23354.0,2992.0547
2996,12.5899,13.1325,1.5475,13.6024,293.0,23884.0,2992.0547
2997,13.687,13.1789,1.577,13.3621,292.0,23500.0,2992.0547
2998,13.2967,12.2081,1.6236,13.2928,295.0,27311.0,2992.0547
2999,13.3764,13.2108,1.6876,14.1595,293.0,22450.0,2992.0547
3000,14.0832,13.2546,1.5897,12.8948,292.0,22286.0,2992.0547
3001,12.8603,13.1663,1.8251,13.4338,294.0,24309.0,2992.0547
3002,13.4989,13.0418,1.9223,14.7448,296.0,29027.0,2992.0547
3003,14.7393,12.1539,1.6861,12.5417,294.0,25747.0,2992.0547
3004,12.5278,12.9313,1.7066,13.4503,298.0,24294.0,2992.0547
3005,13.5,13.1371,1.9386,13.6805,298.0,27474.0,2992.0547
3006,13.7046,13.1629,1.777,12.8839,300.0,24528.0,2992.0547
3007,12.8011,13.2433,1.8279,13.9547,297.0,27810.0,2992.0547
3008,13.9745,12.9128,1.6928,13.939,298.0,26394.0,2992.0547
3009,13.8791,12.2696,1.5526,12.9874,294.0,23742.0,2992.0547
3010,13.0961,13.3626,1.8883,13.1273,294.0,35606.0,2992.0547
3011,13.1632,13.3604,2.1576,13.5284,295.0,32726.0,2992.0547
3012,13.4169,13.0978,1.7082,13.8782,294.0,25272.0,2992.0547
3013,13.9122,13.5444,1.6985,13.2623,291.0,27650.0,2992.0547
3014,13.2898,12.2631,1.6845,13.5717,290.0,22278.0,2992.0547
3015,13.645,13.3343,2.0296,13.5841,292.0,24611.0,2992.0547
3016,13.5251,12.983,1.8571,13.8187,291.0,24864.0,2992.0547
3017,13.7875,12.9649,1.6462,13.1955,290.0,27536.0,2992.0547
3018,13.1524,13.0762,1.5457,13.9089,292.0,24760.0,2992.0547
3019,13.9138,12.2171,1.6098,12.7103,294.0,26140.0,2992.0547
3020,12.7577,12.9041,1.7702,13.02,294.0,24594.0,2992.0547
3021,13.0718,12.968,1.6977,13.4212,297.0,22300.0,2992.0547
3022,13.3675,13.1035,1.517,13.4875,299.0,25608.0,2992.0547
3023,13.5076,12.8307,1.8205,13.3441,295.0,21318.0,2992.0547
3024,13.3038,12.2964,1.6489,13.3591,295.0,22290.0,2992.0547
3025,13.3657,12.471,1.6511,13.3997,298.0,27414.0,2992.0547
3026,13.4331,13.0581,2.0793,13.6708,293.0,22404.0,2992.0547
3027,13.6167,12.9106,2.1179,13.4747,296.0,27613.0,2992.0547
3028,13.4663,12.9557,1.8437,13.0767,292.0,23270.0,2992.0547
3029,13.1664,12.1689,1.5965,13.4494,295.0,23779.0,2992.0547
3030,13.4153,12.9198,1.6268,12.9346,295.0,28201.0,2992.0547
3031,12.9076,12.9275,1.5383,13.3905,296.0,27215.0,2992.0547
3032,13.3444,12.8244,1.3624,13.2176,293.0,25528.0,2992.0547
3033,13.254,13.0773,1.5443,13.5853,292.0,26088.0,2992.0547
3034,13.6615,12.137,1.651,12.4345,294.0,23382.0,2992.0547
3035,12.4151,12.9711,1.5922,14.0223,292.0,22990.0,2992.0547
3036,14.0354,12.9904,1.7198,12.5942,296.0,22134.0,2992.0547
3037,12.5299,13.0137,1.6019,14.0033,302.0,25900.0,2992.0547
3038,14.0992,13.0092,1.4642,13.3065,298.0,23234.0,2992.0547
3039,13.2323,12.226,1.671,13.6022,298.0,25543.0,2992.0547
3040,13.603,13.0021,1.7584,13.1171,295.0,22522.0,2992.0547
3041,13.1181,13.0472,1.6127,12.9571,296.0,23363.0,2992.0547
3042,12.931,12.8046,1.5795,13.7239,294.0,21146.0,2992.0547
3043,13.7749,12.9064,1.5962,13.4903,293.0,21976.0,2992.0547
3044,13.4423,12.2205,1.7786,12.7668,293.0,20670.0,2992.0547
3045,12.7937,13.0475,1.4742,13.5004,293.0,21292.0,2992.0547
3046,13.4772,12.9936,1.6728,12.8905,294.0,24552.0,2992.0547
3047,12.8767,12.9661,1.6313,13.602,293.0,20670.0,2992.0547
3048,13.6105,12.8807,1.5949,14.3173,295.0,26004.0,2992.0547
3049,14.4123,12.1873,1.6777,12.5218,294.0,23408.0,2992.0547
3050,12.4838,12.9602,1.7678,13.7467,294.0,23040.0,2992.0547
3051,13.7957,13.0924,1.6848,12.9351,295.0,24524.0,2992.0547
3052,12.9369,12.9297,1.5268,13.6511,300.0,24226.0,2992.0547
3053,13.6221,12.9206,1.6673,13.4158,297.0,21874.0,2992.0547
3054,13.4307,12.2809,1.8757,13.3752,296.0,23116.0,2992.0547
3055,13.3931,13.1701,1.6913,14.0369,294.0,23332.0,2992.0547
3056,13.9912,13.1188,2.0611,12.9958,295.0,23886.0,2992.0547
3057,12.9897,13.011,2.0585,13.4375,295.0,23514.0,2992.0547
3058,13.4346,13.0873,1.9543,13.8043,293.0,27287.0,2992.0547
3059,13.7824,12.4669,1.7569,13.3357,293.0,22450.0,2992.0547
3060,13.4019,13.284,1.735,13.3715,293.0,22298.0,2992.0547
3061,13.3018,13.2762,1.698,12.8094,292.0,24443.0,2992.0547
3062,12.8296,12.956,2.0432,13.8394,295.0,28857.0,2992.0547
3063,13.8636,13.0986,1.9036,14.0727,294.0,26751.0,2992.0547
3064,14.0777,12.4309,1.6659,13.6896,292.0,23612.0,2992.0547
3065,13.628,12.6585,1.6848,12.9254,295.0,27132.0,2992.0547
3066,12.9111,12.9783,1.7937,12.9496,295.0,25046.0,2992.0547
3067,12.9571,13.1235,1.632,13.4536,295.0,27274.0,2992.0547
3068,13.5235,13.0294,1.7684,14.2434,299.0,26384.0,2992.0547
3069,14.1871,12.9375,1.477,14.0712,295.0,23732.0,2992.0547
3070,14.1071,12.2807,1.5623,11.751,300.0,38970.0,2992.0547
3071,11.708,12.9555,1.6704,13.0576,294.0,29356.0,2992.0547
3072,13.1275,13.0315,1.6424,13.8451,296.0,25274.0,2992.0547
3073,13.8122,12.9378,1.6345,13.2736,293.0,27652.0,2992.0547
3074,13.3273,12.5971,1.619,13.4898,292.0,22302.0,2992.0547
3075,13.4808,12.2509,1.7739,14.1187,292.0,24611.0,2992.0547
3076,14.0734,12.9467,1.8622,12.5127,291.0,24864.0,2992.0547
3077,12.6302,13.034,1.7966,13.508,291.0,27548.0,2992.0547
3078,13.3593,13.0436,1.712,13.2912,294.0,25488.0,2992.0547
3079,13.3602,12.48,1.73,13.3144,294.0,25436.0,2992.0547
3080,13.3156,12.6411,1.8808,13.8184,289.0,24578.0,2992.0547
3081,13.7697,12.9803,1.7673,12.4855,294.0,22308.0,2992.0547
3082,12.528,13.3112,1.8406,13.4736,293.0,25580.0,2992.0547
3083,13.5275,13.1268,1.7939,14.4219,293.0,21316.0,2992.0547
3084,14.3764,12.9153,1.7377,12.9114,295.0,22636.0,2992.0547
3085,12.9237,12.2172,1.7397,13.181,302.0,27072.0,2992.0547
3086,13.1488,13.0803,1.7189,13.6182,296.0,22396.0,2992.0547
3087,13.6212,13.0448,1.6006,13.1399,298.0,27615.0,2992.0547
3088,13.2131,12.9606,1.7888,13.7408,296.0,23296.0,2992.0547
3089,13.6614,13.1213,1.8544,13.1599,296.0,23769.0,2992.0547
3090,13.1913,12.1092,1.9246,13.4486,295.0,28201.0,2992.0547
3091,13.3773,13.0097,1.7021,12.671,297.0,27227.0,2992.0547
3092,12.7815,13.1066,1.944,13.7972,293.0,25528.0,2992.0547
3093,13.7485,12.9546,1.6698,13.5848,292.0,26088.0,2992.0547
3094,13.6549,12.9255,1.5127,13.8553,293.0,23370.0,2992.0547
3095,13.8274,12.1927,1.7434,12.5551,292.0,22990.0,2992.0547
3096,12.5698,13.3745,1.9217,13.7415,293.0,22142.0,2992.0547
3097,13.661,13.3433,1.7634,13.7992,296.0,25872.0,2992.0547
3098,13.7634,12.9865,1.8826,13.5471,294.0,23230.0,2992.0547
3099,13.6867,13.0741,1.9916,14.2657,295.0,25897.0,2992.0547
3100,14.1752,12.2418,1.7699,12.5551,297.0,22156.0,2992.0547
3101,12.5985,13.0186,1.9842,13.3686,301.0,23401.0,2992.0547
3102,13.3176,12.9683,1.6135,12.9701,299.0,22100.0,2992.0547
3103,13.016,13.0976,1.6992,14.0966,294.0,21028.0,2992.0547
3104,14.0784,13.0009,1.7305,13.9814,294.0,20660.0,2992.0547
3105,13.9129,12.2266,1.6268,12.4137,296.0,21306.0,2992.0547
3106,12.4477,12.947,1.6826,13.8379,295.0,24564.0,2992.0547
3107,13.803,12.9661,1.5737,12.6412,294.0,20682.0,2992.0547
3108,12.6976,13.0948,1.7276,14.0499,295.0,26004.0,2992.0547
3109,14.0421,12.9594,1.6125,12.9997,295.0,23420.0,2992.0547
3110,13.0735,12.2299,1.691,13.8244,293.0,23028.0,2992.0547
3111,13.7295,12.9719,1.5809,12.7895,294.0,24880.0,2992.0547
3112,12.7705,13.1513,1.4594,13.2708,293.0,24282.0,2992.0547
3113,13.3102,12.9355,1.4997,13.7603,295.0,21430.0,2992.0547
3114,13.7706,13.0847,1.5426,13.4799,292.0,23112.0,2992.0547
3115,13.532,12.1708,1.6142,12.8615,293.0,23342.0,2992.0547
3116,12.8218,13.0391,1.7111,14.0351,296.0,23876.0,2992.0547
3117,14.0746,12.9508,1.9575,12.5971,297.0,23516.0,2992.0547
3118,12.5276,13.0102,1.6833,13.8474,202.0,19079.0,2992.0547
3119,13.8593,13.1177,1.7285,13.78,198.0,13424.0,2992.0547
3120,13.7887,12.8116,1.7423,14.0099,199.0,13442.0,2992.0547
3121,14.0044,12.8185,1.6886,12.5748,199.0,16287.0,2992.0547
3122,12.5506,12.6585,1.454,12.5778,199.0,19841.0,2992.0547
3123,12.5982,12.8174,1.4643,13.5479,199.0,17093.0,2992.0547
3124,13.5629,12.6938,1.7834,13.2871,197.0,14258.0,2992.0547
3125,13.2729,11.8169,1.7682,12.2508,197.0,18940.0,2992.0547
3126,12.2132,12.6645,1.8297,12.7324,198.0,15170.0,2992.0547
3127,12.8051,12.8363,1.7444,13.6202,198.0,19574.0,2992.0547
3128,13.6007,12.5702,1.628,12.9404,196.0,12952.0,2992.0547
3129,12.9132,12.4957,1.4482,13.3664,196.0,21360.0,2992.0547
3130,13.4627,11.8008,1.4659,12.5111,198.0,28848.0,2992.0547
3131,12.4591,12.7161,1.7341,12.3987,196.0,16318.0,2992.0547
3132,12.345,12.6217,1.5324,13.5664,200.0,15398.0,2992.0547
3133,13.6702,12.7093,1.606,13.2463,199.0,14948.0,2992.0547
3134,13.2033,11.861,1.674,13.1779,199.0,15673.0,2992.0547
3135,13.1765,12.6515,1.847,12.1306,198.0,15776.0,2992.0547
3136,12.1041,12.6523,1.7707,13.6595,196.0,15520.0,2992.0547
3137,13.6633,12.2376,1.4403,13.0988,198.0,16450.0,2992.0547
3138,13.1674,12.0739,1.7632,12.8944,198.0,16578.0,2992.0547
3139,12.8032,11.7703,1.7664,12.4762,194.0,13872.0,2992.0547
3140,12.4993,12.4634,1.7545,12.3163,196.0,13546.0,2992.0547
3141,12.3669,12.5157,1.7401,13.2625,197.0,16286.0,2992.0547
3142,13.2312,12.6477,1.8078,13.0146,197.0,13772.0,2992.0547
3143,13.023,11.8087,1.6436,13.1703,197.0,15645.0,2992.0547
3144,13.1928,12.5101,1.7861,12.118,198.0,15893.0,2992.0547
3145,12.1146,12.7013,1.7354,13.2358,198.0,18205.0,2992.0547
3146,13.2015,12.5753,1.7733,12.7999,196.0,14526.0,2992.0547
3147,12.8724,11.7938,1.6333,13.1095,196.0,13344.0,2992.0547
3148,13.0346,11.9874,1.7209,12.6257,204.0,18796.0,2992.0547
3149,12.6272,12.6466,1.8319,13.227,202.0,18757.0,2992.0547
3150,13.2722,12.9466,2.1321,13.2838,201.0,18190.0,2992.0547
3151,13.2835,12.499,2.1212,13.6535,198.0,17074.0,2992.0547
3152,13.6162,11.8698,1.7325,12.3954,198.0,14344.0,2992.0547
3153,12.3789,12.9352,1.6702,13.1104,199.0,14356.0,2992.0547
3154,13.1518,12.9858,1.7761,13.4806,196.0,13482.0,2992.0547
3155,13.4241,12.7647,1.704,12.8812,200.0,16488.0,2992.0547
3156,12.9684,12.4417,1.8397,13.3453,197.0,14570.0,2992.0547
3157,13.297,12.4897,1.8447,12.7735,198.0,16501.0,2992.0547
3158,12.7794,12.8895,1.7317,13.022,198.0,14531.0,2992.0547
3159,12.9633,12.849,1.9632,13.3083,197.0,12592.0,2992.0547
3160,13.3729,12.9983,1.9946,13.6038,196.0,12010.0,2992.0547
3161,13.5778,11.756,1.6809,12.6952,196.0,11642.0,2992.0547
3162,12.7166,12.4704,1.7581,12.8092,196.0,11800.0,2992.0547
3163,12.8389,12.7568,1.7978,13.0716,197.0,15524.0,2992.0547
3164,13.0146,12.7754,1.5618,13.158,202.0,13344.0,2992.0547
3165,13.1757,12.5829,1.6411,13.7294,202.0,17364.0,2992.0547
3166,13.7325,12.1614,1.6736,13.3531,201.0,14234.0,2992.0547
3167,13.374,12.8828,1.6682,12.8118,199.0,16468.0,2992.0547
3168,12.8902,12.9509,1.9125,12.9954,199.0,14654.0,2992.0547
3169,12.8791,12.8383,1.6273,13.6016,198.0,13634.0,2992.0547
3170,13.6909,12.0846,1.6822,12.7344,196.0,12842.0,2992.0547
3171,12.6477,12.2364,1.723,12.8373,197.0,14790.0,2992.0547
3172,12.8413,12.937,1.7424,13.6429,196.0,14392.0,2992.0547
3173,13.7293,12.746,1.7199,12.6618,196.0,14484.0,2992.0547
3174,12.5683,12.7664,1.8003,13.143,197.0,15787.0,2992.0547
3175,13.179,11.7775,1.8273,13.5004,198.0,15328.0,2992.0547
3176,13.5059,12.8471,1.7494,12.6201,197.0,15406.0,2992.0547
3177,12.6115,12.8687,1.9866,12.7926,196.0,12540.0,2992.0547
3178,12.7813,12.815,1.5628,13.4775,197.0,14016.0,2992.0547
3179,13.5141,12.8929,1.6844,13.4413,197.0,20796.0,2992.0547
3180,13.4325,11.7383,1.8699,12.6935,202.0,18493.0,2992.0547
3181,12.639,12.7814,1.7623,12.9059,201.0,12948.0,2992.0547
3182,13.0171,12.9914,1.9324,13.4926,200.0,17506.0,2992.0547
3183,13.4185,13.0132,1.7526,13.5002,200.0,16792.0,2992.0547
3184,13.5775,12.6123,1.7271,13.3521,201.0,17218.0,2992.0547
3185,13.2838,12.0026,1.653,12.4149,198.0,16180.0,2992.0547
3186,12.4263,12.8333,1.7864,12.4925,195.0,18084.0,2992.0547
3187,12.4508,12.7951,1.7057,13.6267,197.0,21786.0,2992.0547
3188,13.6549,12.8149,1.9352,13.2966,199.0,27464.0,2992.0547
3189,13.3021,11.8019,1.8145,12.942,197.0,15540.0,2992.0547
3190,12.9412,12.8481,1.811,13.097,195.0,12144.0,2992.0547
3191,13.1296,12.7644,1.6776,13.0417,194.0,18835.0,2992.0547
3192,13.0318,12.9111,1.6755,13.8007,195.0,15108.0,2992.0547
3193,13.853,12.8084,1.6483,12.4996,195.0,14228.0,2992.0547
3194,12.3982,11.8684,1.625,13.5252,195.0,16804.0,2992.0547
3195,13.5474,12.8034,1.6744,13.9721,199.0,18178.0,2992.0547
3196,13.9796,12.807,1.7385,12.4215,200.0,12384.0,2992.0547
3197,12.411,12.7758,1.9525,12.8555,198.0,13900.0,2992.0547
3198,12.9002,12.6071,1.9043,13.0569,201.0,12886.0,2992.0547
3199,13.0219,11.811,1.5909,12.5956,199.0,18128.0,2992.0547
3200,12.5942,12.49,1.9259,12.3485,200.0,14897.0,2992.0547
3201,12.3278,12.5688,1.7837,13.5092,197.0,13504.0,2992.0547
3202,13.5729,12.615,2.2981,13.376,201.0,21636.0,2992.0547
3203,13.4262,11.7812,1.8446,12.9789,196.0,13632.0,2992.0547
3204,12.9552,12.6546,1.9361,12.9721,196.0,13550.0,2992.0547
3205,12.9005,12.5153,1.8636,12.1023,200.0,19016.0,2992.0547
3206,12.088,12.6022,1.4882,13.6143,198.0,16965.0,2992.0547
3207,13.6589,11.9148,1.9256,12.5589,196.0,17064.0,2992.0547
3208,12.6249,12.3441,1.8869,12.7939,196.0,18484.0,2992.0547
3209,12.7269,12.5084,1.9897,12.7919,196.0,15188.0,2992.0547
3210,12.7649,12.4811,1.9794,12.9671,196.0,13974.0,2992.0547
3211,13.0332,12.6683,1.9357,13.3458,196.0,13482.0,2992.0547
3212,13.3071,11.9567,1.8813,12.3926,202.0,15357.0,2992.0547
3213,12.3812,12.475,1.8284,13.1422,202.0,14989.0,2992.0547
3214,13.252,12.4991,1.8938,12.69,200.0,14194.0,2992.0547
3215,12.5535,12.6009,1.636,13.2157,202.0,18532.0,2992.0547
3216,13.2724,11.9026,1.7646,13.0733,199.0,13086.0,2992.0547
3217,13.1003,12.0861,2.1748,13.4942,198.0,12012.0,2992.0547
3218,13.4701,12.4836,2.3183,11.9585,196.0,11642.0,2992.0547
3219,11.945,12.6226,1.7968,13.2419,196.0,11800.0,2992.0547
3220,13.2802,12.4938,1.9146,12.882,196.0,11642.0,2992.0547
3221,12.8494,11.8815,1.9135,12.7496,198.0,17210.0,2992.0547
3222,12.7535,12.5211,1.8994,12.0862,197.0,13494.0,2992.0547
3223,12.0406,12.7764,1.8581,13.9269,197.0,15508.0,2992.0547
3224,13.9841,12.4713,1.9679,12.9577,197.0,17202.0,2992.0547
3225,12.9601,11.9757,2.0075,13.532,198.0,13874.0,2992.0547
3226,13.5102,12.5823,1.7574,12.2894,198.0,14788.0,2992.0547
3227,12.3218,12.5141,1.5858,12.5543,196.0,14340.0,2992.0547
3228,12.5192,12.5286,1.7784,13.218,201.0,12026.0,2992.0547
3229,13.3196,12.6204,2.1969,12.7113,200.0,15176.0,2992.0547
3230,12.6366,11.9118,1.8889,13.0901,200.0,13634.0,2992.0547
3231,13.0319,12.6203,1.7477,12.6307,200.0,15664.0,2992.0547
3232,12.6969,12.7984,2.1946,13.8386,198.0,15605.0,2992.0547
3233,13.8146,12.6343,2.1315,12.9377,200.0,15816.0,2992.0547
3234,12.9759,11.9195,2.1042,12.8502,197.0,14524.0,2992.0547
3235,12.8362,12.6009,1.8956,13.5886,198.0,13682.0,2992.0547
3236,13.5729,12.6608,2.0744,12.1971,197.0,16795.0,2992.0547
3237,12.2148,12.6632,1.9164,12.9083,197.0,18855.0,2992.0547
3238,12.9331,12.5032,1.9108,13.5262,197.0,16511.0,2992.0547
3239,13.4914,11.8645,2.0854,12.1411,198.0,16344.0,2992.0547
3240,12.1194,12.5559,2.0155,13.0959,197.0,15210.0,2992.0547
3241,13.1842,12.7098,2.2708,12.5827,198.0,18466.0,2992.0547
3242,12.5672,12.5141,1.7216,14.4807,196.0,14342.0,2992.0547
3243,14.3764,11.8332,1.642,11.2872,196.0,21322.0,2992.0547
3244,11.4208,12.651,1.6689,13.7356,202.0,21376.0,2992.0547
3245,13.7368,12.7391,1.9295,12.2932,200.0,19520.0,2992.0547
3246,12.181,12.5837,2.0324,13.3637,201.0,21272.0,2992.0547
3247,13.4198,11.8638,1.9293,13.2503,198.0,15494.0,2992.0547
3248,13.2453,12.3861,1.8214,12.8163,196.0,14919.0,2992.0547
3249,12.8123,12.545,1.8726,12.0484,198.0,19076.0,2992.0547
3250,12.0892,12.5748,1.9652,13.6205,195.0,13538.0,2992.0547
3251,13.5804,12.5749,2.1222,12.9598,197.0,15646.0,2992.0547
3252,12.9326,11.792,1.9412,12.0054,197.0,18402.0,2992.0547
3253,12.0226,12.8497,1.8539,14.4494,197.0,13328.0,2992.0547
3254,14.4917,12.8263,2.128,12.2585,196.0,12936.0,2992.0547
3255,12.1605,12.5877,1.8513,12.8956,194.0,13340.0,2992.0547
3256,12.9763,12.1506,1.7561,13.4277,196.0,14342.0,2992.0547
3257,13.3722,12.3788,1.8269,12.6932,197.0,17758.0,2992.0547
3258,12.7484,12.4877,1.9696,12.7402,198.0,14623.0,2992.0547
3259,12.6956,12.5548,1.9494,12.994,197.0,19233.0,2992.0547
3260,13.134,12.4786,2.0865,13.3459,203.0,15393.0,2992.0547
3261,13.234,12.0117,1.9945,13.216,201.0,13954.0,2992.0547
3262,13.2856,12.7863,2.0135,12.7279,202.0,16073.0,2992.0547
3263,12.6807,12.7925,1.9747,12.5183,203.0,20748.0,2992.0547
3264,12.4678,12.5231,1.6338,12.9524,198.0,13026.0,2992.0547
3265,12.9516,12.1187,1.6624,13.1052,199.0,19640.0,2992.0547
3266,13.1003,11.8803,1.8154,12.4265,196.0,16600.0,2992.0547
3267,12.4167,12.5971,1.7122,13.65,196.0,14820.0,2992.0547
3268,13.6339,12.5009,1.4765,13.0561,196.0,13114.0,2992.0547
3269,13.0957,12.7462,1.7631,12.7177,198.0,15721.0,2992.0547
3270,12.7906,11.8233,1.5937,12.3137,199.0,14997.0,2992.0547
3271,12.2369,12.5272,1.6336,13.128,196.0,13482.0,2992.0547
3272,13.1654,12.5034,1.7148,12.993,199.0,15495.0,2992.0547
3273,12.9836,12.1985,1.6793,12.5808,199.0,17451.0,2992.0547
3274,12.6276,11.8607,1.5568,13.2997,196.0,12502.0,2992.0547
3275,13.2217,12.904,1.6284,12.8178,196.0,11642.0,2992.0547
3276,12.8281,12.5073,1.633,12.6976,200.0,11804.0,2992.0547
3277,12.6947,12.9111,1.4356,13.5533,200.0,11646.0,2992.0547
3278,13.5683,12.6248,1.687,12.8791,202.0,13344.0,2992.0547
3279,12.9862,11.8107,1.8265,12.7904,202.0,17402.0,2992.0547
3280,12.7451,12.5757,1.7175,12.6447,198.0,11644.0,2992.0547
3281,12.6574,12.6034,1.7994,12.7537,200.0,19028.0,2992.0547
3282,12.6865,12.4557,1.704,12.9715,197.0,14064.0,2992.0547
3283,12.9654,11.856,1.5007,12.6485,197.0,13618.0,2992.0547
3284,12.6612,12.1366,1.5981,13.6279,197.0,16614.0,2992.0547
3285,13.6055,12.6118,1.599,12.1659,197.0,12758.0,2992.0547
3286,12.1787,12.5433,1.4322,13.472,196.0,13210.0,2992.0547
3287,13.4686,12.1922,1.6272,13.2682,197.0,14842.0,2992.0547
3288,13.3902,12.0497,1.8818,12.265,196.0,12554.0,2992.0547
3289,12.2027,12.6994,2.002,12.9881,198.0,18491.0,2992.0547
3290,12.909,12.8024,2.0048,13.7848,197.0,15108.0,2992.0547
3291,13.8372,12.5206,1.7655,13.341,198.0,14932.0,2992.0547
3292,13.3784,11.8546,1.6666,12.7544,202.0,14654.0,2992.0547
3293,12.6992,12.8161,1.6139,13.3944,200.0,13116.0,2992.0547
3294,13.3577,12.6471,1.581,12.1976,202.0,21238.0,2992.0547
3295,12.2486,12.7635,1.6991,14.0041,198.0,16657.0,2992.0547
3296,14.0169,12.8252,1.8797,13.2613,199.0,17288.0,2992.0547
3297,13.244,11.8442,1.6442,12.429,199.0,13322.0,2992.0547
3298,12.4025,12.5426,1.4745,13.1452,198.0,18196.0,2992.0547
3299,13.1774,12.6295,1.6013,12.5129,196.0,14806.0,2992.0547
3300,12.4581,12.2292,1.4353,13.3967,197.0,19534.0,2992.0547
3301,13.4532,11.8708,1.6911,13.2709,198.0,24562.0,2992.0547
3302,13.309,12.636,1.9785,11.9774,197.0,16300.0,2992.0547
3303,11.9181,12.7004,1.8435,13.0553,196.0,16146.0,2992.0547
3304,13.0301,12.5994,1.5873,13.1365,197.0,21232.0,2992.0547
3305,13.1496,12.8149,1.7701,13.8425,195.0,15444.0,2992.0547
3306,13.8285,11.7793,1.6059,12.2666,196.0,17237.0,2992.0547
3307,12.315,12.6805,1.7486,13.1664,195.0,16544.0,2992.0547
3308,13.1879,12.4882,1.626,12.7822,199.0,16624.0,2992.0547
3309,12.7646,12.7007,1.3768,13.2403,201.0,17188.0,2992.0547
3310,13.5587,11.8844,2.1759,12.8137,200.0,13604.0,2992.0547
3311,12.5286,12.3495,1.7871,12.8251,197.0,13826.0,2992.0547
3312,12.8147,12.6552,1.6937,12.6816,198.0,14092.0,2992.0547
3313,12.6497,12.4936,1.77,13.9933,197.0,13152.0,2992.0547
3314,14.0195,12.9303,1.7386,12.5705,196.0,13974.0,2992.0547
3315,12.53,12.0912,1.6722,12.505,199.0,19357.0,2992.0547
3316,12.6003,12.8331,1.8444,13.5455,199.0,18127.0,2992.0547
3317,13.5129,12.9281,1.7267,13.0567,197.0,15225.0,2992.0547
3318,13.0331,12.8717,1.5624,13.3719,197.0,15340.0,2992.0547
3319,13.4347,12.5754,1.526,13.4744,198.0,15491.0,2992.0547
3320,13.4478,11.7793,1.8144,12.5741,198.0,17237.0,2992.0547
3321,12.4899,12.9712,1.4579,13.228,198.0,16793.0,2992.0547
3322,13.2868,12.719,1.8452,12.9743,196.0,17470.0,2992.0547
3323,13.0883,12.2269,1.7351,13.2782,196.0,15490.0,2992.0547
3324,13.1755,11.7707,1.6627,12.7057,201.0,16616.0,2992.0547
3325,12.6986,12.2079,1.7761,13.4899,200.0,13964.0,2992.0547
3326,13.4584,12.9968,1.9612,12.7686,202.0,15725.0,2992.0547
3327,12.7689,12.8216,1.7373,13.839,200.0,15723.0,2992.0547
3328,13.875,12.7717,1.8911,12.7425,198.0,12380.0,2992.0547
3329,12.7161,11.7616,1.7224,12.7509,198.0,14962.0,2992.0547
3330,12.847,12.8731,1.6616,13.6412,200.0,14599.0,2992.0547
3331,13.5659,12.7379,1.6675,12.3845,198.0,16501.0,2992.0547
3332,12.336,12.5492,1.4552,13.3525,196.0,12502.0,2992.0547
3333,13.4333,13.04,1.7128,13.2195,196.0,11800.0,2992.0547
3334,13.2239,11.8053,1.8791,12.2135,197.0,11654.0,2992.0547
3335,12.1764,12.7669,1.7015,13.4606,197.0,13328.0,2992.0547
3336,13.4476,12.6224,2.0542,12.9299,197.0,13494.0,2992.0547
3337,13.0128,12.5949,1.7382,13.6329,198.0,15536.0,2992.0547
3338,13.547,11.7584,1.6805,12.3411,197.0,14792.0,2992.0547
3339,12.3774,12.5237,1.5583,12.7295,197.0,16612.0,2992.0547
3340,12.6941,12.5651,1.5459,12.8563,201.0,13456.0,2992.0547
3341,12.829,12.6775,1.4712,13.3533,201.0,15828.0,2992.0547
3342,13.4023,12.4946,1.6856,13.5429,201.0,14656.0,2992.0547
3343,13.574,12.6733,2.0201,13.0512,198.0,13212.0,2992.0547
3344,13.0152,12.9947,1.7186,12.7896,198.0,14272.0,2992.0547
3345,12.7904,12.7493,1.8891,13.4337,198.0,13090.0,2992.0547
3346,13.4197,12.7132,1.791,12.7993,197.0,16399.0,2992.0547
3347,12.8172,11.8622,1.6816,12.7293,197.0,17336.0,2992.0547
3348,12.8013,12.793,1.9858,13.6612,197.0,13858.0,2992.0547
3349,13.6806,12.8053,2.0914,12.3942,198.0,15414.0,2992.0547
3350,12.3004,12.7611,1.4668,13.6053,196.0,13712.0,2992.0547
3351,13.6151,12.5887,1.7345,13.427,198.0,16311.0,2992.0547
3352,13.4198,11.9617,1.8105,12.7591,197.0,20286.0,2992.0547
3353,12.7565,12.7182,1.6068,12.5733,196.0,17116.0,2992.0547
3354,12.6129,12.8864,2.0747,14.0541,198.0,14600.0,2992.0547
3355,14.0332,12.4049,1.8715,13.2016,199.0,16974.0,2992.0547
3356,13.1687,12.3752,1.4918,12.9658,199.0,14028.0,2992.0547
3357,13.0166,11.9803,1.7045,13.1727,203.0,20874.0,2992.0547
3358,13.1552,13.0252,1.9039,12.4851,202.0,21762.0,2992.0547
3359,12.475,12.9314,2.4379,13.5938,199.0,19684.0,2992.0547
3360,13.6373,12.8492,1.8764,13.0813,196.0,13408.0,2992.0547
3361,13.0438,11.8015,1.7546,13.8379,199.0,19496.0,2992.0547
3362,13.8599,12.9683,1.827,12.6267,195.0,17096.0,2992.0547
3363,12.6047,13.0071,1.7683,12.9455,197.0,20585.0,2992.0547
3364,12.9731,12.9082,1.762,13.4815,195.0,12540.0,2992.0547
3365,13.4718,13.0081,1.9443,13.2516,197.0,18220.0,2992.0547
3366,13.3089,11.8499,1.9464,12.7715,197.0,16137.0,2992.0547
3367,12.7087,13.0207,1.6335,13.3032,197.0,15919.0,2992.0547
3368,13.3281,13.0341,1.777,13.4046,197.0,13464.0,2992.0547
3369,13.4162,13.0829,1.8993,14.0032,196.0,13280.0,2992.0547
3370,14.0733,12.9637,1.9281,13.1466,196.0,15562.0,2992.0547
3371,13.0719,11.8028,1.8875,12.4586,195.0,12782.0,2992.0547
3372,12.4092,12.8442,1.7463,13.3514,202.0,15577.0,2992.0547
3373,13.4331,13.0059,1.9186,13.0724,203.0,22853.0,2992.0547
3374,13.019,13.0877,1.7544,14.0196,202.0,14111.0,2992.0547
3375,14.0615,12.5367,1.5807,13.3064,198.0,15558.0,2992.0547
3376,13.2837,12.2266,1.9862,13.4354,200.0,16123.0,2992.0547
3377,13.4145,12.9696,2.0079,13.0372,201.0,17065.0,2992.0547
3378,13.0584,12.7442,2.1066,12.9937,198.0,14799.0,2992.0547
3379,12.9332,12.7625,1.9243,12.837,196.0,19736.0,2992.0547
3380,12.8623,12.1524,1.8685,12.9308,196.0,13334.0,2992.0547
3381,13.0437,12.2263,2.0902,13.0014,197.0,15502.0,2992.0547
3382,12.9109,12.7333,1.9691,13.2072,196.0,16108.0,2992.0547
3383,13.2618,12.7338,2.3622,12.7855,198.0,15831.0,2992.0547
3384,12.7846,12.7773,2.1284,13.9679,198.0,16457.0,2992.0547
3385,13.9254,11.8194,1.8329,12.2405,196.0,12746.0,2992.0547
3386,12.2386,12.7601,1.8324,13.0889,197.0,13868.0,2992.0547
3387,13.0559,12.8404,2.0399,13.1051,197.0,14188.0,2992.0547
3388,13.0829,12.8282,1.7648,12.9417,203.0,15781.0,2992.0547
3389,13.0532,12.7033,2.016,13.0499,202.0,14253.0,2992.0547
3390,12.9848,11.8173,1.8603,12.5289,200.0,12664.0,2992.0547
3391,12.5259,12.6943,1.6751,12.768,199.0,11656.0,2992.0547
3392,12.7876,12.5732,1.9584,12.8563,199.0,13330.0,2992.0547
3393,12.8237,12.4619,1.6992,13.0544,199.0,13496.0,2992.0547
3394,13.1283,11.825,1.8984,12.97,196.0,11642.0,2992.0547
3395,12.9026,12.4787,1.5359,12.2475,197.0,18662.0,2992.0547
3396,12.384,12.5708,1.567,12.9849,197.0,12390.0,2992.0547
3397,12.8408,12.5668,1.7095,13.9237,198.0,16012.0,2992.0547
3398,13.9861,12.0305,1.8658,12.6741,198.0,14540.0,2992.0547
3399,12.6333,12.3964,1.887,12.1974,197.0,14992.0,2992.0547
3400,12.2199,12.5672,1.6278,12.6681,198.0,15128.0,2992.0547
3401,12.781,12.6284,1.8029,14.0627,196.0,13876.0,2992.0547
3402,13.9521,12.4604,1.9162,12.5178,196.0,12772.0,2992.0547
3403,12.4947,11.805,1.5456,13.0021,199.0,17107.0,2992.0547
3404,13.0092,12.7046,1.6261,12.1724,201.0,15724.0,2992.0547
3405,12.2824,12.3766,1.6945,12.962,201.0,15626.0,2992.0547
3406,12.8246,12.6637,1.6096,13.2317,201.0,14344.0,2992.0547
3407,13.2774,11.8589,1.6541,13.2143,199.0,14640.0,2992.0547
3408,13.2494,12.7542,1.4288,12.8836,199.0,16751.0,2992.0547
3409,12.8217,12.4715,1.5261,12.1367,198.0,16115.0,2992.0547
3410,12.1128,12.5501,1.7303,12.9948,197.0,19451.0,2992.0547
3411,13.073,12.4517,1.9217,14.0899,197.0,14964.0,2992.0547
3412,14.0442,12.1391,1.8864,13.0344,198.0,18438.0,2992.0547
3413,13.1571,12.609,1.7056,12.0824,195.0,12582.0,2992.0547
3414,12.1847,12.7556,2.2366,13.4277,198.0,20088.0,2992.0547
3415,13.3297,12.351,2.3307,14.6868,199.0,21394.0,2992.0547
3416,14.593,13.6738,1.9702,12.7245,198.0,19112.0,2992.0547
3417,12.7262,11.7895,1.835,12.4826,195.0,16266.0,2992.0547
3418,12.5404,13.0608,1.9281,12.7932,196.0,16766.0,2992.0547
3419,12.6768,13.0077,1.8149,13.9703,197.0,15454.0,2992.0547
3420,14.0323,12.8583,2.0774,13.4184,198.0,21669.0,2992.0547
3421,13.3844,11.7951,1.7203,13.11,200.0,16442.0,2992.0547
3422,13.1195,12.9901,1.7045,12.8785,200.0,14088.0,2992.0547
3423,12.8725,12.7003,1.6785,12.4772,200.0,17761.0,2992.0547
3424,12.5087,12.5593,1.6444,13.6282,199.0,14170.0,2992.0547
3425,13.5987,12.7216,1.8393,13.0075,198.0,17169.0,2992.0547
3426,13.1194,11.8063,1.8635,12.8523,196.0,12192.0,2992.0547
3427,12.7454,12.4496,1.6146,12.2245,195.0,14740.0,2992.0547
3428,12.2941,12.6747,1.8571,13.277,196.0,14790.0,2992.0547
3429,13.213,12.8716,1.6399,13.8188,197.0,14785.0,2992.0547
3430,13.8643,11.8805,1.6889,12.917,198.0,18531.0,2992.0547
3431,12.9751,12.3397,1.6334,12.839,199.0,19375.0,2992.0547
3432,12.7505,12.7323,1.864,12.4003,197.0,14438.0,2992.0547
3433,12.3902,12.6503,1.6905,13.3703,198.0,15657.0,2992.0547
3434,13.4156,12.5084,2.1032,13.0585,198.0,18373.0,2992.0547
3435,12.9914,11.8485,1.802,13.5185,198.0,14981.0,2992.0547
3436,13.5068,12.4823,1.5446,12.2541,200.0,17378.0,2992.0547
3437,12.2875,12.5896,1.4568,12.9242,201.0,15616.0,2992.0547
3438,12.8967,12.5765,1.4609,12.7284,200.0,12970.0,2992.0547
3439,12.7913,11.7962,1.6092,12.3686,199.0,17068.0,2992.0547
3440,12.3379,12.6992,1.8911,13.9512,200.0,16981.0,2992.0547
3441,13.9216,12.6008,1.5072,12.2286,200.0,16249.0,2992.0547
3442,12.2472,12.4755,1.6156,12.9078,197.0,13126.0,2992.0547
3443,12.9013,12.4588,1.6032,13.4552,196.0,14224.0,2992.0547
3444,13.5245,11.8337,1.7901,12.1263,197.0,13820.0,2992.0547
3445,12.0746,12.8551,1.6501,12.9528,196.0,14630.0,2992.0547
3446,12.9537,12.5131,1.8836,13.3356,198.0,13513.0,2992.0547
3447,13.3324,12.5041,1.8828,12.8492,198.0,14407.0,2992.0547
3448,12.871,11.7627,1.8059,11.9839,196.0,12502.0,2992.0547
3449,12.0089,12.7235,1.8024,14.2536,197.0,13328.0,2992.0547
3450,14.258,12.909,1.9542,12.274,198.0,13506.0,2992.0547
3451,12.2682,12.8628,1.7938,14.1046,196.0,11642.0,2992.0547
3452,14.0748,13.0283,1.5565,13.9351,200.0,14250.0,2992.0547
3453,13.9315,11.9202,1.6388,12.6554,202.0,16810.0,2992.0547
3454,12.6464,12.9781,1.6945,12.4563,200.0,11770.0,2992.0547
3455,12.6369,12.908,2.2022,13.5114,199.0,16614.0,2992.0547
3456,13.3356,13.1353,1.9871,14.1375,199.0,15292.0,2992.0547
3457,14.2285,12.8556,1.7425,12.9539,199.0,14452.0,2992.0547
3458,12.9106,11.7796,1.7211,12.561,197.0,15658.0,2992.0547
3459,12.5207,12.9226,1.7681,12.4453,196.0,12378.0,2992.0547
3460,12.4423,13.0466,1.7626,13.735,196.0,16215.0,2992.0547
3461,13.7157,12.8236,1.7508,13.2896,198.0,16956.0,2992.0547
3462,13.3809,12.3473,1.6201,14.1234,197.0,14006.0,2992.0547
3463,14.0633,12.0936,1.725,12.5696,198.0,16116.0,2992.0547
3464,12.5933,12.9618,1.799,12.5074,196.0,13564.0,2992.0547
3465,12.4645,12.8116,1.6572,13.1364,198.0,17675.0,2992.0547
3466,13.1909,12.9051,1.7538,14.3436,196.0,16563.0,2992.0547
3467,14.3026,11.7739,1.5331,12.9673,197.0,15224.0,2992.0547
3468,12.9422,13.0985,1.6246,12.9019,202.0,17369.0,2992.0547
3469,13.0016,12.9817,1.8787,12.7229,201.0,18896.0,2992.0547
3470,12.7628,13.016,1.672,13.503,200.0,13984.0,2992.0547
3471,13.4685,12.7156,1.8699,12.926,199.0,18636.0,2992.0547
3472,12.9412,11.8811,1.5584,13.0605,200.0,20614.0,2992.0547
3473,12.9742,12.825,1.8001,12.9246,200.0,18738.0,2992.0547
3474,12.9364,13.0179,1.7252,13.4733,195.0,15684.0,2992.0547
3475,13.4745,12.7723,1.6916,13.1209,196.0,18874.0,2992.0547
3476,13.1058,12.7596,1.5782,13.4102,195.0,13454.0,2992.0547
3477,13.5238,11.7682,1.8385,12.3901,197.0,20035.0,2992.0547
3478,12.2922,12.7962,1.6183,12.855,194.0,17566.0,2992.0547
3479,12.8155,12.698,1.7122,13.9017,195.0,16234.0,2992.0547
3480,13.9105,12.6646,1.6293,12.7721,197.0,15431.0,2992.0547
3481,12.8404,11.7518,1.8331,12.4281,196.0,18074.0,2992.0547
3482,12.3521,12.6672,1.6138,13.2676,196.0,15809.0,2992.0547
3483,13.3061,12.6447,1.7379,12.7771,196.0,13086.0,2992.0547
3484,12.7294,12.8425,1.77,13.2924,200.0,13668.0,2992.0547
3485,13.3242,12.8839,1.5742,13.3532,198.0,14648.0,2992.0547
3486,13.3484,11.8311,1.5898,12.6152,202.0,16109.0,2992.0547
3487,12.6692,12.7516,1.7413,12.9501,199.0,17745.0,2992.0547
3488,12.9792,12.7878,1.9018,13.285,200.0,15059.0,2992.0547
3489,13.3355,12.5619,1.7514,13.2601,200.0,19708.0,2992.0547
3490,13.1442,11.8093,1.7148,13.25,197.0,14111.0,2992.0547
3491,13.2735,12.2953,2.0375,12.8273,198.0,17945.0,2992.0547
3492,12.8255,13.0388,1.9915,12.9396,198.0,16671.0,2992.0547
3493,12.9431,12.8207,1.6235,13.5314,196.0,17188.0,2992.0547
3494,13.5035,12.9045,1.8385,13.4719,196.0,13238.0,2992.0547
3495,13.4658,11.833,1.5873,12.9758,196.0,15476.0,2992.0547
3496,12.9506,12.8865,1.5359,13.09,197.0,14666.0,2992.0547
3497,13.1465,12.957,1.5599,12.6486,198.0,17925.0,2992.0547
3498,12.6509,12.8984,1.7536,13.3668,198.0,17395.0,2992.0547
3499,13.4095,12.9512,1.8544,13.4329,196.0,13272.0,2992.0547
3500,13.3903,11.7874,1.7067,12.655,202.0,14252.0,2992.0547
3501,12.7092,12.8178,1.8267,12.823,201.0,13700.0,2992.0547
3502,12.8149,12.9333,1.7993,14.612,202.0,12530.0,2992.0547
3503,14.5333,12.9786,1.557,12.6951,198.0,14632.0,2992.0547
3504,12.7068,11.842,1.8289,13.2711,200.0,13673.0,2992.0547
3505,13.3387,11.7986,1.7071,12.7918,202.0,14399.0,2992.0547
3506,12.7699,12.8247,1.8436,14.1669,197.0,14064.0,2992.0547
3507,14.2252,12.9216,1.7199,12.0501,198.0,13138.0,2992.0547
3508,11.9932,13.0034,1.7201,13.5329,197.0,12022.0,2992.0547
3509,13.5639,11.8712,1.855,12.7789,197.0,14258.0,2992.0547
3510,12.7317,12.9746,1.7662,13.2197,196.0,12378.0,2992.0547
3511,13.2171,12.8268,1.7978,13.5109,198.0,16194.0,2992.0547
3512,13.4531,12.6626,1.4814,12.4027,197.0,12390.0,2992.0547
3513,12.5312,12.9505,1.8736,13.6957,197.0,17102.0,2992.0547
3514,13.6434,11.7974,1.728,12.6686,197.0,15388.0,2992.0547
3515,12.666,12.9459,1.8305,12.9055,197.0,14624.0,2992.0547
3516,12.9555,13.1005,1.8396,13.6659,201.0,14532.0,2992.0547
3517,13.6013,12.9902,1.677,13.616,200.0,12540.0,2992.0547
3518,13.6406,12.9093,1.7205,12.985,201.0,18765.0,2992.0547
3519,12.9699,11.7924,1.85,13.8003,200.0,15488.0,2992.0547
3520,13.7674,12.9942,1.6966,12.6082,199.0,13950.0,2992.0547
3521,12.6616,13.0023,1.6581,13.0741,199.0,15882.0,2992.0547
3522,13.0133,12.1761,1.6104,13.1821,197.0,16601.0,2992.0547
3523,13.2921,12.3152,1.7284,13.1678,198.0,17501.0,2992.0547
3524,13.11,12.3751,1.875,12.8151,198.0,15388.0,2992.0547
3525,12.8341,13.0364,1.8365,12.6337,197.0,13618.0,2992.0547
3526,12.665,12.9739,1.8698,14.0796,198.0,20527.0,2992.0547
3527,13.9922,12.9284,2.0939,13.4863,196.0,16022.0,2992.0547
3528,13.5726,11.7435,2.0018,12.7665,197.0,19016.0,2992.0547
3529,12.7578,12.9329,1.9849,13.6054,198.0,19670.0,2992.0547
3530,13.6606,12.8673,2.1213,12.7873,197.0,17954.0,2992.0547
3531,12.6503,12.9409,1.7053,13.3002,196.0,15170.0,2992.0547
3532,13.357,12.7716,1.9048,13.2462,199.0,17898.0,2992.0547
3533,13.2398,11.7957,1.7397,12.7939,201.0,15626.0,2992.0547
3534,12.765,12.9844,1.9458,13.1242,199.0,17489.0,2992.0547
3535,13.2711,12.9672,1.9009,12.9531,199.0,18176.0,2992.0547
3536,12.8647,12.9115,1.5025,13.6258,194.0,16006.0,2992.0547
3537,13.6412,12.6206,1.8185,13.5221,198.0,17082.0,2992.0547
3538,13.4538,12.0121,1.6927,14.1321,197.0,15893.0,2992.0547
3539,14.163,12.9343,1.8384,11.7372,197.0,16954.0,2992.0547
3540,11.8604,12.8944,2.0785,12.7865,196.0,14549.0,2992.0547
3541,12.6589,12.9474,1.7691,14.08,198.0,15132.0,2992.0547
3542,14.0821,11.8883,1.7671,13.1518,195.0,12330.0,2992.0547
3543,13.1559,12.5853,1.8312,12.9886,198.0,16671.0,2992.0547
3544,12.972,13.2126,1.7467,13.1615,198.0,18659.0,2992.0547
3545,13.2363,13.2803,2.0875,13.8101,198.0,14685.0,2992.0547
3546,13.7386,12.9622,2.1225,13.8948,196.0,18197.0,2992.0547
3547,13.933,12.7943,1.9877,16.4934,841.0,133723.0,2992.0547
3548,16.5078,12.1279,2.2079,11.9114,370.0,68810.0,2992.0547
3549,11.8878,14.4324,2.1107,13.3954,285.0,16211.0,2992.0547
3550,13.4015,13.7082,1.9083,12.9052,285.0,16411.0,2992.0547
3551,12.9126,12.622,2.098,13.9193,281.0,18170.0,2992.0547
3552,13.938,12.498,2.0756,12.9622,281.0,12988.0,2992.0547
3553,12.9714,11.4584,1.7635,12.9106,280.0,13956.0,2992.0547
3554,12.8511,12.9136,1.8519,13.2946,281.0,15928.0,2992.0547
3555,13.3037,12.7182,1.7267,12.5085,280.0,15309.0,2992.0547
3556,12.4992,12.7116,1.6474,13.4826,281.0,18505.0,2992.0547
3557,13.5125,11.4618,2.1062,13.5214,280.0,14018.0,2992.0547
3558,13.5059,12.2539,2.0437,12.4833,280.0,14032.0,2992.0547
3559,12.5258,12.8554,2.2217,12.0056,279.0,13480.0,2992.0547
3560,12.0151,12.7465,2.3161,13.3517,278.0,12654.0,2992.0547
3561,13.3651,12.7022,1.8745,13.3753,278.0,12162.0,2992.0547
3562,13.3034,11.3045,1.7479,12.8749,280.0,16075.0,2992.0547
3563,12.9998,12.3397,1.8233,13.4864,280.0,13789.0,2992.0547
3564,13.4021,12.8595,1.9234,12.0995,284.0,14232.0,2992.0547
3565,12.0107,12.7161,1.6054,13.3369,284.0,12926.0,2992.0547
3566,13.4074,12.661,1.8366,13.1841,283.0,11442.0,2992.0547
3567,13.1655,11.6845,1.8396,12.6843,282.0,14424.0,2992.0547
3568,12.7664,12.8079,1.7833,13.244,281.0,12176.0,2992.0547
3569,13.2566,12.7259,2.0819,13.4022,280.0,12086.0,2992.0547
3570,13.3915,12.6953,2.0936,12.6003,279.0,16044.0,2992.0547
3571,12.6087,11.3472,1.7979,12.9235,282.0,16036.0,2992.0547
3572,12.858,12.9969,1.9672,12.768,279.0,16058.0,2992.0547
3573,12.767,12.7155,1.8212,13.0019,280.0,14420.0,2992.0547
3574,13.052,12.509,1.5938,13.0697,281.0,14704.0,2992.0547
3575,13.0297,12.6293,2.0201,13.741,279.0,17917.0,2992.0547
3576,13.8042,11.8513,2.0974,12.3039,282.0,14290.0,2992.0547
3577,12.2622,12.7747,2.0847,12.253,280.0,18020.0,2992.0547
3578,12.188,13.0021,2.0909,13.8393,279.0,19954.0,2992.0547
3579,13.8918,12.5875,1.9929,13.4404,280.0,15522.0,2992.0547
3580,13.5108,11.5329,1.9518,12.3125,287.0,16440.0,2992.0547
3581,12.2263,12.4387,1.8695,13.3038,285.0,19077.0,2992.0547
3582,13.4017,12.831,1.8748,13.2966,283.0,19728.0,2992.0547
3583,13.1833,12.4437,1.836,12.1864,282.0,20528.0,2992.0547
3584,12.1933,12.4629,2.0652,13.7781,282.0,17238.0,2992.0547
3585,13.846,11.4677,1.8719,12.6668,279.0,13746.0,2992.0547
3586,12.6827,12.6535,1.8537,11.9053,278.0,17322.0,2992.0547
3587,11.8055,12.647,2.098,13.4596,281.0,14804.0,2992.0547
3588,13.4589,12.4372,1.7901,12.2388,278.0,19389.0,2992.0547
3589,12.2747,11.4671,1.6119,13.4909,280.0,15530.0,2992.0547
3590,13.5067,12.5634,1.9382,12.0979,276.0,19062.0,2992.0547
3591,12.0791,12.1807,1.6919,12.8693,279.0,13626.0,2992.0547
3592,12.905,12.272,1.5303,12.6614,282.0,19049.0,2992.0547
3593,12.6321,11.3864,1.9656,12.2823,282.0,16774.0,2992.0547
3594,12.2882,12.5317,1.7871,12.5426,279.0,14345.0,2992.0547
3595,12.6683,12.2911,1.9469,13.9246,278.0,14892.0,2992.0547
3596,13.7514,12.2904,1.5637,11.3951,281.0,12082.0,2992.0547
3597,11.4975,11.5232,1.6823,13.0219,285.0,16507.0,2992.0547
3598,13.0364,12.4179,1.7986,13.4293,284.0,18605.0,2992.0547
3599,13.3504,12.4406,1.6879,11.584,282.0,15987.0,2992.0547
3600,11.5659,12.918,1.6819,13.776,282.0,17337.0,2992.0547
3601,13.7783,11.8831,1.8591,12.6485,283.0,13458.0,2992.0547
3602,12.6317,11.4677,1.856,13.2165,251.0,9758.0,2992.0547
3603,13.2641,12.6915,2.1856,11.8896,282.0,15026.0,2992.0547
3604,11.9515,12.6055,2.1503,13.4131,279.0,18154.0,2992.0547
3605,13.3365,12.6331,1.9364,14.2248,278.0,13282.0,2992.0547
3606,14.2276,11.6091,1.931,12.316,279.0,12366.0,2992.0547
3607,12.3865,12.5081,2.3181,12.3054,282.0,17804.0,2992.0547
3608,12.3281,12.638,2.3389,13.1412,279.0,11438.0,2992.0547
3609,13.0946,12.6306,2.5601,13.2239,279.0,36584.0,2992.0547
3610,13.23,11.5668,2.3697,12.7343,283.0,13665.0,2992.0547
3611,12.7222,12.3554,2.2204,12.9516,279.0,14151.0,2992.0547
3612,12.941,12.5363,1.9522,12.0827,283.0,16674.0,2992.0547
3613,11.9959,12.4601,1.6845,12.9247,285.0,57789.0,2992.0547
3614,13.0598,12.4716,2.0473,13.1601,284.0,13947.0,2992.0547
3615,13.0607,11.4375,1.8737,11.9666,280.0,18466.0,2992.0547
3616,11.9968,12.5045,2.0128,12.935,282.0,14366.0,2992.0547
3617,12.9838,12.1017,2.345,13.173,282.0,13244.0,2992.0547
3618,13.0895,12.3495,1.8653,12.9483,279.0,15286.0,2992.0547
3619,12.9757,11.4128,1.6169,11.9944,279.0,14216.0,2992.0547
3620,12.0264,12.1198,2.0265,11.7588,281.0,18677.0,2992.0547
3621,11.7797,12.3402,2.1114,13.6761,283.0,15173.0,2992.0547
3622,13.6429,12.4769,2.1118,12.6033,279.0,13796.0,2992.0547
3623,12.601,11.4542,2.0386,12.0959,280.0,14812.0,2992.0547
3624,12.1741,12.1939,2.0606,11.8453,279.0,12542.0,2992.0547
3625,11.8198,12.2708,2.0572,13.172,280.0,12678.0,2992.0547
3626,13.1831,12.3158,1.7651,12.4346,280.0,14191.0,2992.0547
3627,12.4357,11.3934,1.6601,12.7969,281.0,16053.0,2992.0547
3628,12.726,12.1317,1.6899,12.7492,286.0,13888.0,2992.0547
3629,12.7671,12.1082,1.7823,11.5727,286.0,13152.0,2992.0547
3630,11.6479,12.2507,1.8035,13.7397,283.0,11976.0,2992.0547
3631,13.6896,11.4434,1.6749,11.8171,280.0,13296.0,2992.0547
3632,11.7726,12.0958,1.8126,11.5688,281.0,12544.0,2992.0547
3633,11.5793,12.2364,1.7116,13.0912,281.0,12300.0,2992.0547
3634,13.0648,12.1654,1.7543,13.3338,279.0,12340.0,2992.0547
3635,13.3247,11.3659,1.7572,11.8215,281.0,16926.0,2992.0547
3636,11.83,12.2324,1.64,13.691,279.0,17352.0,2992.0547
3637,13.7232,12.1354,1.6681,11.7384,280.0,14026.0,2992.0547
3638,11.6697,12.1768,1.3748,12.3842,279.0,14242.0,2992.0547
3639,12.41,11.3722,1.5614,13.5204,281.0,15874.0,2992.0547
3640,13.5581,12.268,1.6363,11.5376,281.0,16989.0,2992.0547
3641,11.5553,12.1835,1.5429,12.1499,280.0,15570.0,2992.0547
3642,12.2299,12.2348,1.8823,13.059,279.0,19403.0,2992.0547
3643,12.9956,11.4516,1.9265,12.4035,281.0,18813.0,2992.0547
3644,12.3932,12.0957,1.8993,13.1753,284.0,16742.0,2992.0547
3645,13.2056,12.447,2.2615,12.1874,283.0,15142.0,2992.0547
3646,12.1256,12.5266,1.9045,13.4964,285.0,19855.0,2992.0547
3647,13.5441,11.6172,1.904,12.9845,283.0,20878.0,2992.0547
3648,13.0612,11.8492,1.9412,12.4642,283.0,17582.0,2992.0547
3649,12.3076,12.4364,1.7436,11.5051,281.0,17866.0,2992.0547
3650,11.6042,12.4334,1.5753,13.4326,279.0,15822.0,2992.0547
3651,13.3798,11.4228,1.7413,12.2512,279.0,14570.0,2992.0547
3652,12.3461,12.4584,2.0304,12.667,279.0,16494.0,2992.0547
3653,12.6695,12.3429,2.1194,12.2989,278.0,16711.0,2992.0547
3654,12.2209,12.4397,1.7526,12.7973,276.0,16578.0,2992.0547
3655,12.7854,11.7363,1.9445,13.2713,277.0,18184.0,2992.0547
3656,13.3337,11.8855,2.1319,13.0168,276.0,13348.0,2992.0547
3657,12.99,12.4314,1.8412,12.006,283.0,22711.0,2992.0547
3658,11.9306,12.1455,1.6768,12.1516,278.0,13198.0,2992.0547
3659,12.1891,11.5015,1.8553,14.2629,280.0,15557.0,2992.0547
3660,14.2904,11.6199,1.9019,11.5335,283.0,14322.0,2992.0547
3661,11.5236,12.484,1.8939,12.2448,282.0,11394.0,2992.0547
3662,12.217,12.1049,1.8155,13.2564,288.0,19536.0,2992.0547
3663,13.2656,12.5644,1.9654,12.3638,280.0,17260.0,2992.0547
3664,12.3778,11.4389,1.7647,12.657,283.0,18982.0,2992.0547
3665,12.6554,12.0253,1.7336,11.556,282.0,14224.0,2992.0547
3666,11.562,12.0537,1.9035,12.6256,278.0,11828.0,2992.0547
3667,12.635,12.2256,1.9732,12.7565,280.0,15250.0,2992.0547
3668,12.84,11.3793,1.6448,13.1332,279.0,18834.0,2992.0547
3669,13.0385,12.2527,1.7485,11.2804,280.0,12378.0,2992.0547
3670,11.4458,12.1797,1.627,12.8995,279.0,13908.0,2992.0547
3671,12.737,12.1626,1.8222,12.7811,279.0,16226.0,2992.0547
3672,12.7839,11.4397,1.9246,12.798,279.0,11438.0,2992.0547
3673,12.8329,12.2319,1.8796,11.8061,280.0,38443.0,2992.0547
3674,11.7968,12.236,1.9933,12.8892,278.0,11758.0,2992.0547
3675,12.8419,12.1551,1.6426,12.8549,280.0,14163.0,2992.0547
3676,12.8775,11.5274,1.6239,13.0464,285.0,16698.0,2992.0547
3677,13.0744,11.6617,1.89,11.5449,286.0,57801.0,2992.0547
3678,11.5314,12.2716,2.5403,12.599,284.0,14315.0,2992.0547
3679,12.6099,12.249,1.6843,13.5033,282.0,18490.0,2992.0547
3680,13.4758,11.5142,1.6226,11.7051,280.0,13974.0,2992.0547
3681,11.7869,12.3053,1.8659,12.8926,280.0,13220.0,2992.0547
3682,12.966,12.2945,2.0916,12.1588,279.0,15286.0,2992.0547
3683,12.0523,12.1687,1.5443,12.9909,280.0,14596.0,2992.0547
3684,13.015,11.5671,1.6262,12.591,280.0,18665.0,2992.0547
3685,12.5211,12.1991,1.8186,12.2123,282.0,14793.0,2992.0547
3686,12.2201,12.5066,1.9814,13.3385,278.0,13784.0,2992.0547
3687,13.2976,12.3798,1.6021,12.4907,280.0,14812.0,2992.0547
3688,12.5459,11.5077,1.6909,12.8522,280.0,12554.0,2992.0547
3689,12.8743,12.2899,1.5806,13.0366,280.0,12678.0,2992.0547
3690,13.0223,12.7252,2.0331,12.0007,282.0,14215.0,2992.0547
3691,11.9994,12.4373,1.7502,14.0486,281.0,16053.0,2992.0547
3692,14.0476,11.5117,1.8905,12.6962,283.0,14220.0,2992.0547
3693,12.7981,12.3786,2.0378,11.8935,283.0,12748.0,2992.0547
3694,11.8359,12.465,2.0103,12.1868,283.0,11976.0,2992.0547
3695,12.0924,12.6778,1.626,14.3192,281.0,13308.0,2992.0547
3696,14.3878,12.3765,1.7,12.3854,280.0,13268.0,2992.0547
3697,12.3429,11.3608,1.6436,12.6389,281.0,11932.0,2992.0547
3698,12.6441,12.5149,1.7614,12.22,279.0,11972.0,2992.0547
3699,12.2492,12.3563,1.8883,12.7165,279.0,17788.0,2992.0547
3700,12.7153,12.3191,1.8199,13.7995,280.0,16478.0,2992.0547
3701,13.7361,11.4229,1.6781,11.8306,279.0,14014.0,2992.0547
3702,11.8881,12.6522,1.7431,12.3132,279.0,14792.0,2992.0547
3703,12.3025,12.5179,2.0383,13.0301,282.0,15704.0,2992.0547
3704,13.0014,12.6344,1.4601,13.9172,278.0,16585.0,2992.0547
3705,13.9895,11.3995,1.7652,11.4437,280.0,15778.0,2992.0547
3706,11.4298,12.581,1.7748,12.5904,279.0,19353.0,2992.0547
3707,12.583,12.4553,1.6067,13.0957,282.0,22003.0,2992.0547
3708,13.0876,12.5189,1.6631,13.0023,282.0,13382.0,2992.0547
3709,13.0158,11.4347,1.7401,13.549,285.0,15478.0,2992.0547
3710,13.5369,12.769,1.676,12.7456,284.0,23023.0,2992.0547
3711,12.7845,12.2797,1.7819,11.5759,282.0,20868.0,2992.0547
3712,11.5789,12.4769,1.4329,13.388,283.0,17852.0,2992.0547
3713,13.3698,12.2675,1.6915,12.6564,280.0,14246.0,2992.0547
3714,12.6274,11.4105,1.8451,12.2428,277.0,15798.0,2992.0547
3715,12.252,12.2355,1.7879,12.1618,280.0,14426.0,2992.0547
3716,12.2264,12.3209,1.9408,13.6394,281.0,16518.0,2992.0547
3717,13.5796,12.3834,2.0216,13.1415,278.0,16711.0,2992.0547
3718,13.1436,11.4086,1.668,12.9113,276.0,16578.0,2992.0547
3719,13.0047,12.6055,2.1058,11.3725,278.0,18160.0,2992.0547
3720,11.3455,12.5944,1.9507,14.0569,277.0,13396.0,2992.0547
3721,14.0168,12.2544,2.2329,12.0815,283.0,23415.0,2992.0547
3722,12.1375,11.4022,2.1113,12.6429,279.0,13056.0,2992.0547
3723,12.5633,12.5006,1.8304,12.0819,279.0,14995.0,2992.0547
3724,12.2558,12.7538,2.2764,13.3472,281.0,14298.0,2992.0547
3725,13.2409,12.5984,2.0058,14.1099,284.0,11504.0,2992.0547
3726,14.0949,11.6675,1.9634,13.0594,287.0,21126.0,2992.0547
3727,13.0044,12.7695,2.026,12.0713,280.0,16576.0,2992.0547
3728,12.053,12.7856,1.9203,12.6446,283.0,19522.0,2992.0547
3729,12.6634,12.4619,2.0522,14.2557,284.0,12854.0,2992.0547
3730,14.24,12.319,2.0898,11.8406,277.0,11666.0,2992.0547
3731,11.8673,11.7835,1.8215,12.6093,280.0,15272.0,2992.0547
3732,12.608,12.6801,1.9566,12.2734,279.0,19276.0,2992.0547
3733,12.2693,12.2365,1.7941,13.5543,279.0,12366.0,2992.0547
3734,13.5437,12.7506,1.9113,13.9267,279.0,13908.0,2992.0547
3735,13.9198,11.3953,1.7064,12.822,279.0,15762.0,2992.0547
3736,12.8105,12.9015,1.6686,12.5558,280.0,11450.0,2992.0547
3737,12.644,12.7568,2.0831,12.0829,280.0,38407.0,2992.0547
3738,12.0856,12.9054,1.583,13.4686,279.0,11806.0,2992.0547
3739,13.4265,12.4778,1.6907,13.5115,282.0,14187.0,2992.0547
3740,13.5452,11.5383,2.0191,12.5109,283.0,18926.0,2992.0547
3741,12.5868,12.6661,1.9165,13.2703,284.0,55893.0,2992.0547
3742,13.2338,12.9097,2.0023,14.3786,285.0,14327.0,2992.0547
3743,14.414,13.0111,2.1763,13.2954,281.0,18110.0,2992.0547
3744,13.2639,11.5878,2.8622,12.5245,282.0,14734.0,2992.0547
3745,12.5326,12.9861,2.3116,13.223,282.0,14196.0,2992.0547
3746,13.2225,12.9594,2.3028,13.1494,281.0,13990.0,2992.0547
3747,13.2014,13.0516,3.7366,12.6918,278.0,14572.0,2992.0547
3748,12.6352,12.7649,2.0843,17.2532,280.0,18297.0,2992.0547
3749,17.2391,11.7768,2.1449,9.8614,281.0,14939.0,2992.0547
3750,9.8526,12.2242,2.4121,12.3805,279.0,13638.0,2992.0547
3751,12.3871,12.7284,1.8795,12.2749,281.0,14824.0,2992.0547
3752,12.2046,12.7225,1.819,13.4279,278.0,12530.0,2992.0547
3753,13.4284,12.327,1.7985,13.0835,279.0,12666.0,2992.0547
3754,13.1565,11.4184,1.7662,13.8634,281.0,14203.0,2992.0547
3755,13.8192,12.4984,1.9967,10.8505,281.0,17157.0,2992.0547
3756,10.8506,12.3255,1.6179,13.1228,285.0,13140.0,2992.0547
3757,13.1994,12.5415,2.1661,13.4581,287.0,12796.0,2992.0547
3758,13.389,11.4354,1.7372,12.4061,283.0,12440.0,2992.0547
3759,12.3874,12.7281,1.6933,12.6846,281.0,13212.0,2992.0547
3760,12.7403,12.5865,1.7791,13.2705,281.0,12912.0,2992.0547
3761,13.2055,12.5075,1.5503,12.5549,281.0,11932.0,2992.0547
3762,12.5558,11.4676,1.574,14.2526,279.0,12858.0,2992.0547
3763,14.2721,12.1706,1.8744,11.6823,279.0,16902.0,2992.0547
3764,11.6609,12.3752,1.8653,12.1554,280.0,16478.0,2992.0547
3765,12.1682,12.8797,1.7741,13.5247,280.0,14576.0,2992.0547
3766,13.5567,12.4361,1.8012,13.513,280.0,14410.0,2992.0547
3767,13.4524,11.5116,1.7759,11.9453,279.0,15670.0,2992.0547
3768,11.9581,12.5598,1.8435,12.5709,279.0,17111.0,2992.0547
3769,12.6444,12.4846,2.1548,13.0175,279.0,15680.0,2992.0547
3770,12.9986,12.6533,1.786,13.2225,282.0,22347.0,2992.0547
3771,13.1874,11.4025,1.6763,12.5775,279.0,18423.0,2992.0547
3772,12.5607,12.254,1.7053,12.8588,284.0,14864.0,2992.0547
3773,12.8896,12.6453,1.8798,12.538,284.0,19188.0,2992.0547
3774,12.5075,12.4918,1.5405,13.2851,284.0,17843.0,2992.0547
3775,13.2705,11.4246,1.5936,12.9241,282.0,21402.0,2992.0547
3776,13.0402,12.586,1.8927,12.9934,282.0,17306.0,2992.0547
3777,12.8931,12.6938,1.7113,12.3291,281.0,14414.0,2992.0547
3778,12.3304,12.3298,1.6608,13.5353,278.0,16312.0,2992.0547
3779,13.5318,12.6375,1.7873,12.8932,277.0,13636.0,2992.0547
3780,13.0359,11.5625,1.7682,12.2689,279.0,16494.0,2992.0547
3781,12.178,12.3471,1.7293,12.5016,277.0,16699.0,2992.0547
3782,12.6579,12.6058,1.9418,13.1836,276.0,16578.0,2992.0547
3783,13.2609,12.5261,2.0142,13.2864,276.0,18136.0,2992.0547
3784,13.0606,11.4697,1.8606,12.1749,277.0,13396.0,2992.0547
3785,12.2383,12.5809,1.9695,12.5501,285.0,23989.0,2992.0547
3786,12.5069,12.5601,1.7802,12.6076,279.0,12506.0,2992.0547
3787,12.5355,12.4439,1.5733,13.1877,279.0,14995.0,2992.0547
3788,13.3161,11.4685,1.9321,12.4401,283.0,14322.0,2992.0547
3789,12.4208,12.5396,2.0105,13.3467,281.0,11468.0,2992.0547
3790,13.3294,12.6484,1.9246,13.7108,286.0,21114.0,2992.0547
3791,13.7512,12.3651,2.5537,12.6597,281.0,16956.0,2992.0547
3792,12.5966,12.6313,2.0663,12.6259,285.0,19178.0,2992.0547
3793,12.562,11.4058,1.7528,13.083,280.0,12806.0,2992.0547
3794,13.0892,12.5997,1.924,12.4169,280.0,11874.0,2992.0547
3795,12.4417,12.6448,1.9042,13.2513,282.0,18282.0,2992.0547
3796,13.2393,12.6815,1.9233,13.3441,278.0,16154.0,2992.0547
3797,13.3866,11.4578,1.9493,12.6771,280.0,12842.0,2992.0547
3798,12.6913,12.5154,1.9113,12.1172,278.0,13432.0,2992.0547
3799,12.2001,12.4457,1.978,12.3182,281.0,15786.0,2992.0547
3800,12.195,12.6012,1.8667,13.0339,280.0,11450.0,2992.0547
3801,13.0365,11.4558,1.6545,13.774,280.0,38775.0,2992.0547
3802,13.822,12.1864,1.9882,12.564,280.0,11450.0,2992.0547
3803,12.5745,12.5264,1.8138,12.289,280.0,14163.0,2992.0547
3804,12.3614,12.2547,2.5843,13.7776,282.0,18914.0,2992.0547
3805,13.6661,12.4254,2.059,13.2172,286.0,55917.0,2992.0547
3806,13.3187,11.5941,2.1265,12.0651,284.0,14315.0,2992.0547
3807,12.0505,12.791,2.1061,12.7034,280.0,18466.0,2992.0547
3808,12.648,12.7872,2.18,13.0259,280.0,16030.0,2992.0547
3809,12.9607,12.7363,1.9107,13.8184,282.0,12508.0,2992.0547
3810,13.9523,11.502,2.0136,13.5353,280.0,14714.0,2992.0547
3811,13.4505,12.5243,1.9373,12.7276,278.0,13836.0,2992.0547
3812,12.7403,12.4591,1.8702,11.5695,281.0,18309.0,2992.0547
3813,11.6267,12.6851,2.3491,13.0695,282.0,15109.0,2992.0547
3814,13.1512,12.6685,2.2568,13.198,279.0,13480.0,2992.0547
3815,13.0177,11.4041,1.7751,12.8726,282.0,14836.0,2992.0547
3816,12.9151,12.5147,1.7579,11.5674,278.0,12530.0,2992.0547
3817,11.5495,12.6671,2.0919,13.6555,278.0,12654.0,2992.0547
3818,13.7433,12.8052,2.1637,14.2385,280.0,14559.0,2992.0547
3819,14.1864,11.4387,2.2049,12.104,281.0,16789.0,2992.0547
3820,12.1154,12.6519,2.2026,12.7755,285.0,13140.0,2992.0547
3821,12.7342,12.6401,1.825,12.2881,284.0,13224.0,2992.0547
3822,12.2451,12.4603,1.6325,13.2838,283.0,11976.0,2992.0547
3823,13.3261,11.4306,1.6958,12.4493,283.0,13236.0,2992.0547
3824,12.4404,12.0137,1.9142,13.0564,283.0,12936.0,2992.0547
3825,13.0978,12.4997,2.241,12.0881,281.0,12450.0,2992.0547
3826,12.0713,12.5858,1.6483,14.0007,279.0,12340.0,2992.0547
3827,14.0136,12.4436,2.1041,12.5753,280.0,16914.0,2992.0547
3828,12.6202,11.6486,2.0981,12.4962,279.0,17550.0,2992.0547
3829,12.5642,12.7128,2.0469,12.2123,281.0,13872.0,2992.0547
3830,12.1139,12.5771,2.7425,14.5318,281.0,14054.0,2992.0547
3831,14.5316,12.5547,2.0792,12.1266,280.0,16146.0,2992.0547
3832,12.1515,11.4549,1.9855,12.9609,281.0,16829.0,2992.0547
3833,13.0362,11.9724,2.0954,12.0993,282.0,19102.0,2992.0547
3834,11.9224,12.4073,1.7642,12.3975,279.0,19529.0,2992.0547
3835,12.4394,12.3836,1.9488,14.1158,279.0,17817.0,2992.0547
3836,14.1572,11.6514,1.9953,12.0131,285.0,18056.0,2992.0547
3837,11.9915,11.9825,2.0678,13.7654,284.0,16488.0,2992.0547
3838,13.8102,12.5708,2.1121,11.8332,285.0,17219.0,2992.0547
3839,11.7378,12.4106,1.8519,12.8983,283.0,21914.0,2992.0547
3840,12.8908,11.9106,1.9696,12.7853,282.0,16962.0,2992.0547
3841,12.9215,11.4656,1.9988,12.5684,281.0,14416.0,2992.0547
3842,12.5089,12.5365,1.8866,12.705,278.0,16154.0,2992.0547
3843,12.6665,12.4534,2.2588,13.2486,280.0,13768.0,2992.0547
3844,13.3451,12.6318,2.1737,13.0428,280.0,19327.0,2992.0547
3845,13.0519,11.6326,2.0883,12.5042,277.0,14428.0,2992.0547
3846,12.4564,12.6974,2.3927,12.8997,277.0,16040.0,2992.0547
3847,12.9822,12.7564,2.0461,12.8477,276.0,18100.0,2992.0547
3848,12.6814,12.5405,1.9378,13.0062,278.0,13994.0,2992.0547
3849,13.0876,11.3958,1.8162,12.3599,283.0,23501.0,2992.0547
3850,12.3336,12.4537,1.9983,12.4859,279.0,13156.0,2992.0547
3851,12.5456,12.2939,2.0149,13.0627,278.0,14247.0,2992.0547
3852,13.0075,12.034,1.782,13.1161,281.0,14298.0,2992.0547
3853,13.1115,11.491,2.3177,12.7595,281.0,11468.0,2992.0547
3854,12.7656,12.415,2.0623,12.5593,286.0,22082.0,2992.0547
3855,12.5848,12.0891,1.781,12.0435,280.0,15976.0,2992.0547
3856,12.0936,12.2822,2.1516,11.842,282.0,19142.0,2992.0547
3857,11.7442,11.3698,2.0202,13.0651,281.0,12968.0,2992.0547
3858,13.0732,11.4817,2.0303,12.4731,279.0,14800.0,2992.0547
3859,12.5469,12.0953,2.1099,12.2106,280.0,18382.0,2992.0547
3860,12.1272,11.8668,1.9378,13.1411,282.0,12990.0,2992.0547
3861,13.1406,11.7,2.2138,13.0447,281.0,12854.0,2992.0547
3862,13.0788,11.837,2.058,12.6418,281.0,13468.0,2992.0547
3863,12.6645,12.129,2.3039,11.1079,279.0,15762.0,2992.0547
3864,11.1476,11.825,1.8499,12.7961,277.0,12974.0,2992.0547
3865,12.7968,11.7512,2.1063,12.9579,281.0,37227.0,2992.0547
3866,12.9466,11.4967,1.9343,13.1654,281.0,11996.0,2992.0547
3867,13.1719,12.1359,2.3299,11.4071,279.0,15869.0,2992.0547
3868,11.4059,12.1933,1.9219,12.7901,282.0,17030.0,2992.0547
3869,12.8572,12.3766,2.6123,12.8144,284.0,55525.0,2992.0547
3870,12.7096,11.6327,2.1792,12.9563,284.0,14683.0,2992.0547
3871,12.9506,12.3157,2.2182,12.2605,283.0,20314.0,2992.0547
3872,12.2452,12.4719,1.9181,13.5341,281.0,14230.0,2992.0547
3873,13.5333,12.0763,1.998,11.617,282.0,12508.0,2992.0547
3874,11.7182,11.4219,1.8531,12.4843,278.0,14322.0,2992.0547
3875,12.4219,12.1335,1.9806,12.1345,279.0,13848.0,2992.0547
3876,12.0853,12.21,1.9785,12.8808,281.0,18993.0,2992.0547
3877,12.9675,12.0993,1.9772,13.2286,281.0,14413.0,2992.0547
3878,13.1768,11.6029,1.6687,11.7904,279.0,13480.0,2992.0547
3879,11.7422,12.2092,1.7505,12.4298,281.0,14824.0,2992.0547
3880,12.4465,12.4597,2.2924,13.366,278.0,12530.0,2992.0547
3881,13.3648,12.4581,1.7949,12.737,279.0,12666.0,2992.0547
3882,12.8056,11.5635,1.8787,13.9691,283.0,14963.0,2992.0547
3883,13.9161,12.3682,2.0443,11.3651,281.0,16421.0,2992.0547
3884,11.4174,12.7173,1.9141,13.2283,283.0,13580.0,2992.0547
3885,13.1717,12.4516,1.8495,12.6849,283.0,12748.0,2992.0547
3886,12.7877,11.4916,1.7434,12.8147,282.0,12088.0,2992.0547
3887,12.7171,12.6985,1.9243,13.1053,280.0,13076.0,2992.0547
3888,13.0674,12.4355,1.8098,11.9398,281.0,13404.0,2992.0547
3889,11.9481,12.1803,1.5436,12.4768,281.0,11958.0,2992.0547
3890,12.5395,11.9347,1.6822,13.622,279.0,15676.0,2992.0547
3891,13.5645,11.946,1.5288,12.0024,280.0,14112.0,2992.0547
3892,12.0042,12.3611,1.51,12.6111,281.0,17040.0,2992.0547
3893,12.5697,12.1913,1.535,13.3047,280.0,14954.0,2992.0547
3894,13.4112,11.5851,2.1665,12.206,278.0,12924.0,2992.0547
3895,12.1517,11.4234,1.7222,12.1279,280.0,16304.0,2992.0547
3896,12.0996,12.1924,1.7304,11.9856,281.0,20215.0,2992.0547
3897,12.0606,12.3489,1.5531,14.0904,280.0,16646.0,2992.0547
3898,14.0492,12.1577,1.8652,11.7817,280.0,18429.0,2992.0547
3899,11.7679,11.3505,1.7729,12.635,283.0,21201.0,2992.0547
3900,12.6569,12.3111,1.7151,11.9631,282.0,15232.0,2992.0547
3901,12.036,12.0713,1.5471,12.6211,288.0,16992.0,2992.0547
3902,12.6375,12.258,1.9923,12.8744,282.0,17179.0,2992.0547
3903,12.8658,11.4302,1.6146,12.6766,283.0,21226.0,2992.0547
3904,12.6514,12.221,1.7311,11.5559,282.0,16964.0,2992.0547
3905,11.47,12.2356,1.5087,13.1926,282.0,14114.0,2992.0547
3906,13.3009,12.3038,1.7772,12.5702,279.0,16166.0,2992.0547
3907,12.5915,11.3666,1.7242,13.32,280.0,17593.0,2992.0547
3908,13.214,12.3659,1.7334,11.8433,278.0,16028.0,2992.0547
3909,11.81,12.1324,1.9777,12.6368,278.0,13890.0,2992.0547
3910,12.6903,11.7375,1.8863,13.1877,276.0,16028.0,2992.0547
3911,13.1695,11.4483,1.6028,11.381,275.0,18088.0,2992.0547
3912,11.384,12.1421,1.6594,13.2394,281.0,14116.0,2992.0547
3913,13.3309,12.3977,2.378,12.2661,283.0,24151.0,2992.0547
3914,12.2496,12.4532,1.8788,13.6028,280.0,12432.0,2992.0547
3915,13.5436,11.4208,1.7041,12.1107,278.0,14615.0,2992.0547
3916,12.1125,12.637,1.6917,12.2329,283.0,13954.0,2992.0547
3917,12.3604,12.565,2.2162,13.2287,284.0,12472.0,2992.0547
3918,13.1538,12.8724,1.7369,14.1239,288.0,21138.0,2992.0547
3919,14.1347,11.5505,1.9192,11.925,281.0,18809.0,2992.0547
3920,11.8597,12.7421,1.6767,12.9036,282.0,16321.0,2992.0547
3921,12.9469,12.6389,2.0021,12.8598,282.0,12980.0,2992.0547
3922,12.8441,12.0957,24.8732,14.3988,278.0,14788.0,2992.0547
3923,25.0825,12.0957,3.0695,6.1384,281.0,18858.0,2992.0547
3924,5.2848,11.755,2.4196,8.5602,278.0,12942.0,2992.0547
3925,8.6079,12.815,2.7387,12.5769,279.0,12830.0,2992.0547
3926,12.6833,12.7418,2.1643,13.4857,281.0,13004.0,2992.0547
3927,13.3796,12.6346,2.0396,13.3916,279.0,17322.0,2992.0547
3928,13.4012,11.4269,1.8597,12.4441,280.0,11450.0,2992.0547
3929,12.4118,13.1062,2.0145,13.8606,280.0,37215.0,2992.0547
3930,13.882,12.821,2.02,11.8077,279.0,14224.0,2992.0547
3931,11.7643,12.7543,1.5214,13.7487,282.0,14021.0,2992.0547
3932,13.8033,12.8479,1.9557,14.1147,284.0,16686.0,2992.0547
3933,14.1242,11.5372,1.8319,11.824,287.0,57776.0,2992.0547
3934,11.8573,12.7507,1.7333,12.9541,284.0,14806.0,2992.0547
3935,12.89,12.8243,1.8252,13.5738,283.0,18344.0,2992.0547
3936,13.5694,12.8775,1.7378,13.1582,280.0,13850.0,2992.0547
3937,13.1764,11.4062,1.7281,12.865,281.0,12496.0,2992.0547
3938,12.8855,12.7459,1.9295,12.444,279.0,14334.0,2992.0547
3939,12.3939,12.6586,1.9107,12.3162,278.0,14328.0,2992.0547
3940,12.4144,12.8732,1.6689,13.9261,281.0,18501.0,2992.0547
3941,13.9098,12.0547,1.8795,12.9707,281.0,14413.0,2992.0547
3942,12.9472,11.624,1.9142,13.5193,280.0,13492.0,2992.0547
3943,13.5035,13.0081,2.1128,12.1618,281.0,14824.0,2992.0547
3944,12.1921,12.9804,2.0539,13.211,280.0,12554.0,2992.0547
3945,13.2331,12.5174,1.8557,13.1974,282.0,14917.0,2992.0547
3946,13.2011,11.8342,1.9252,13.6701,279.0,12700.0,2992.0547
3947,13.6392,12.7566,1.9563,12.3552,281.0,16885.0,2992.0547
3948,12.3122,13.0196,1.9829,12.7948,285.0,13140.0,2992.0547
3949,12.7435,12.4942,1.9847,13.6341,283.0,12748.0,2992.0547
3950,13.7518,13.0121,2.4029,14.1782,284.0,12112.0,2992.0547
3951,14.1381,12.0868,2.0713,13.0387,281.0,13580.0,2992.0547
3952,13.0768,13.0609,2.1559,13.3083,281.0,13280.0,2992.0547
3953,13.2803,12.9694,2.0454,12.2991,284.0,14962.0,2992.0547
3954,12.3493,12.664,1.8691,13.3906,281.0,12898.0,2992.0547
3955,13.3115,12.64,2.0053,13.2472,280.0,16914.0,2992.0547
3956,13.2405,11.7059,1.7801,13.577,278.0,13824.0,2992.0547
3957,13.5849,13.0891,1.7576,13.0049,281.0,14810.0,2992.0547
3958,13.0203,12.7443,1.7117,12.2458,279.0,13620.0,2992.0547
3959,12.1846,12.6557,1.657,14.126,281.0,19176.0,2992.0547
3960,14.1506,12.1833,1.8771,13.0154,280.0,17421.0,2992.0547
3961,12.9913,11.7678,1.5948,12.4074,280.0,16384.0,2992.0547
3962,12.4266,12.7395,1.6843,12.3774,280.0,21421.0,2992.0547
3963,12.3868,12.4991,1.8608,13.3501,280.0,17829.0,2992.0547
3964,13.3449,12.6587,1.7383,12.8326,284.0,15308.0,2992.0547
3965,12.8314,11.6352,1.7932,12.8828,286.0,16916.0,2992.0547
3966,12.8936,12.8485,1.7053,13.7124,283.0,17191.0,2992.0547
3967,13.7501,12.6766,1.7848,11.8698,282.0,21216.0,2992.0547
3968,11.8008,12.5806,1.5933,13.4438,283.0,17168.0,2992.0547
3969,13.4945,11.9277,1.629,12.7599,279.0,13692.0,2992.0547
3970,12.7535,11.7888,1.6694,12.6135,279.0,19023.0,2992.0547
3971,12.6514,12.4835,1.7851,13.0842,282.0,14796.0,2992.0547
3972,13.0566,12.2449,1.7649,12.1984,279.0,16040.0,2992.0547
3973,12.2891,12.3823,1.7486,12.8658,279.0,13902.0,2992.0547
3974,12.7373,11.7802,1.4411,13.3761,277.0,16004.0,2992.0547
3975,13.4006,12.7169,1.549,11.8816,276.0,18772.0,2992.0547
3976,11.9347,12.0696,1.9891,13.0467,279.0,16792.0,2992.0547
3977,12.9981,12.5288,1.5675,13.1679,281.0,20791.0,2992.0547
3978,13.1917,11.693,1.8748,12.5878,279.0,12420.0,2992.0547
3979,12.6246,12.5587,1.8782,12.5918,278.0,15355.0,2992.0547
3980,12.5564,12.6329,1.8273,12.9658,281.0,14158.0,2992.0547
3981,12.9031,12.5104,1.63,12.9737,281.0,11836.0,2992.0547
3982,13.0001,12.0569,1.5712,13.3508,287.0,25253.0,2992.0547
3983,13.3537,12.1833,1.7235,13.0364,280.0,14422.0,2992.0547
3984,13.0212,12.8513,1.6908,18.4525,1428.0,189538.0,3033.4297
3985,18.619,12.2849,2.9436,11.9172,744.0,56471.0,3062.8047
3986,11.9258,14.3064,2.6198,13.2979,658.0,18856.0,3062.8047
3987,13.1993,13.8521,2.1572,14.7339,660.0,23412.0,3062.8047
3988,14.764,11.0884,2.205,10.8665,658.0,22326.0,3048.1172
3989,10.8251,11.7913,1.9828,11.3129,658.0,19458.0,3048.1172
3990,11.2935,11.7587,1.6957,12.5824,658.0,18406.0,3027.4297
3991,12.5439,12.034,1.5524,13.3894,658.0,20600.0,3027.4297
3992,13.4563,11.0144,1.5428,11.1726,658.0,21822.0,3027.4297
3993,11.24,11.9021,1.7118,12.753,659.0,20702.0,3027.4297
3994,12.682,11.6296,1.8849,11.8703,658.0,40476.0,3027.4297
3995,11.8628,10.9199,1.5202,12.3055,659.0,20223.0,3027.4297
3996,12.3446,11.3565,1.8333,11.8696,664.0,23126.0,3027.4297
3997,11.815,11.8815,1.5884,12.1572,662.0,60094.0,3027.4297
3998,12.1048,11.5327,1.4765,12.0844,663.0,20866.0,3027.4297
3999,12.2217,11.0021,2.0261,13.2667,660.0,24380.0,3027.4297
4000,13.2525,12.0789,1.958,11.6413,660.0,20290.0,3027.4297
4001,11.5479,11.596,1.927,11.4049,661.0,19304.0,3027.4297
4002,11.451,11.7841,1.9503,12.7063,658.0,19782.0,3027.4297
4003,12.7508,11.0145,2.1969,12.5768,662.0,22855.0,3027.4297
4004,12.5436,12.0038,1.8975,11.4021,660.0,23877.0,2899.4297
4005,11.4215,11.689,1.8685,12.4633,659.0,18246.0,2899.4297
4006,12.4635,11.8113,1.6025,12.9287,658.0,20276.0,2899.4297
4007,12.9212,10.9843,1.8897,11.5301,659.0,20136.0,2899.4297
4008,11.4503,11.9576,1.7611,12.1248,662.0,21357.0,2899.4297
4009,12.1775,11.6187,1.8031,12.3882,658.0,18760.0,2899.4297
4010,12.4009,11.0046,2.2541,12.2091,660.0,23557.0,2899.4297
4011,12.2781,11.7385,2.1065,11.5501,658.0,18358.0,2899.4297
4012,11.5647,11.9852,2.0807,12.5434,664.0,19770.0,2899.4297
4013,12.4452,11.5622,1.7314,12.2843,663.0,17638.0,2899.4297
4014,12.3299,11.0471,1.8949,12.5133,663.0,19426.0,2899.4297
4015,12.5059,11.9965,1.974,12.0101,660.0,18972.0,2899.4297
4016,12.0208,12.027,2.2102,12.6296,663.0,21390.0,2899.4297
4017,12.5734,11.6442,1.7492,12.3811,661.0,18948.0,2899.4297
4018,12.505,10.958,1.7262,11.7267,660.0,22224.0,2899.4297
4019,11.6425,11.9306,1.8878,11.6438,660.0,20212.0,2899.4297
4020,11.6859,11.7792,2.3253,12.6531,659.0,20972.0,2899.4297
4021,12.6416,11.5334,1.9589,12.3526,659.0,23454.0,2899.4297
4022,12.4163,11.4982,2.0926,11.7466,662.0,22992.0,2899.4297
4023,11.6851,12.0442,1.9377,12.0798,660.0,24872.0,2899.4297
4024,12.0547,11.0959,1.7449,12.7161,659.0,23166.0,2899.4297
4025,12.7578,10.9718,2.1004,12.4327,660.0,23032.0,2899.4297
4026,12.4948,11.9379,2.1573,11.9863,658.0,20500.0,2899.4297
4027,11.9226,11.7517,1.9373,11.9839,661.0,27900.0,2899.4297
4028,11.9453,11.9683,1.6099,12.4301,662.0,22818.0,2899.4297
4029,12.4558,11.0431,2.1383,12.7187,663.0,22407.0,2899.4297
4030,12.7213,12.0632,2.1732,10.9776,662.0,21766.0,2899.4297
4031,11.0134,11.7733,2.4621,12.9412,662.0,22534.0,2899.4297
4032,12.9355,11.9825,2.0416,12.9438,661.0,20426.0,2899.4297
4033,12.8884,10.9334,1.9003,11.4319,659.0,19916.0,2899.4297
4034,11.4359,11.9292,1.9138,12.1808,657.0,26084.0,2899.4297
4035,12.2405,11.7044,2.0611,12.2716,656.0,24208.0,2899.4297
4036,12.2043,11.4697,1.9214,12.7067,659.0,19896.0,2899.4297
4037,12.7117,11.464,1.8875,11.364,662.0,26507.0,2899.4297
4038,11.3805,11.9609,1.8104,12.331,658.0,19220.0,2899.4297
4039,12.286,11.7456,1.6947,13.0954,660.0,21679.0,2899.4297
4040,13.0788,11.0371,1.8194,11.6396,658.0,19638.0,2899.4297
4041,11.7535,11.1847,2.0313,12.9886,657.0,23719.0,2899.4297
4042,13.0206,11.679,1.9343,11.6091,662.0,25441.0,2899.4297
4043,11.5184,11.9819,1.8491,12.6373,658.0,18330.0,2899.4297
4044,12.6483,10.9651,1.8567,11.7887,663.0,21088.0,2899.4297
4045,11.7977,11.8645,1.7877,11.6287,662.0,25059.0,2899.4297
4046,11.7826,12.0504,2.1247,13.3616,662.0,27191.0,2899.4297
4047,13.1765,11.7191,1.8273,11.7588,660.0,17500.0,2899.4297
4048,11.83,10.9907,1.8888,12.1865,661.0,17512.0,2899.4297
4049,12.1931,11.9606,2.1183,12.3387,660.0,19356.0,2899.4297
4050,12.3553,11.6635,2.386,12.6599,658.0,19354.0,2899.4297
4051,12.5828,11.9826,1.7104,12.823,659.0,19198.0,2899.4297
4052,12.8294,11.076,1.7837,12.3435,664.0,24033.0,2899.4297
4053,12.3686,12.0128,1.557,10.7615,660.0,37031.0,2899.4297
4054,10.7333,11.5731,1.712,12.7309,660.0,25981.0,2899.4297
4055,12.7578,10.9915,2.0689,12.009,659.0,19038.0,2899.4297
4056,12.0288,11.9819,2.0578,12.2349,660.0,24972.0,2899.4297
4057,12.2471,12.0359,2.0608,13.0331,659.0,22060.0,2899.4297
4058,12.9274,11.5675,1.8843,12.595,658.0,18086.0,2899.4297
4059,12.6957,11.0351,2.3622,10.8773,657.0,19974.0,2899.4297
4060,10.8581,11.9604,2.0903,12.8331,663.0,19520.0,2899.4297
4061,12.7887,11.7603,1.6636,12.2831,662.0,24554.0,2899.4297
4062,12.2592,11.8173,1.65,12.4246,662.0,19754.0,2899.4297
4063,12.5108,11.0254,1.9767,11.7244,660.0,38226.0,2899.4297
4064,11.7014,12.0644,1.897,12.278,661.0,20225.0,2899.4297
4065,12.3036,11.6917,1.8872,12.3537,661.0,33576.0,2899.4297
4066,12.2884,11.437,1.5149,11.7645,660.0,49808.0,2899.4297
4067,11.8824,11.4048,1.7818,12.0342,658.0,21242.0,2899.4297
4068,11.9219,11.9922,1.6914,12.4395,658.0,23828.0,2899.4297
4069,12.4155,11.6684,1.5452,12.4695,658.0,20656.0,2899.4297
4070,12.5173,10.6939,2.1303,11.067,659.0,19670.0,2899.4297
4071,11.0831,11.675,1.6349,11.8318,658.0,19204.0,2899.4297
4072,11.8048,11.4924,1.6688,11.9496,662.0,24544.0,2899.4297
4073,11.9193,11.0555,1.639,12.6264,659.0,22386.0,2899.4297
4074,12.6893,10.7609,1.5298,11.4379,659.0,17878.0,2899.4297
4075,11.4121,11.5842,1.7017,11.6204,658.0,20276.0,2899.4297
4076,11.6375,11.1686,1.7544,12.2146,665.0,22011.0,2899.4297
4077,12.2609,10.9612,1.5912,12.381,664.0,19490.0,2899.4297
4078,12.3926,11.6102,1.973,12.6916,662.0,21480.0,2899.4297
4079,12.6615,11.7855,1.9666,13.0056,662.0,20843.0,2899.4297
4080,12.9542,12.0383,1.5432,11.5614,661.0,19310.0,2899.4297
4081,11.6311,10.9712,1.7423,11.8943,662.0,18954.0,2899.4297
4082,11.8919,11.7838,2.0305,11.227,659.0,18396.0,2899.4297
4083,11.2204,11.7152,2.2019,12.6122,659.0,18904.0,2899.4297
4084,12.5975,11.9705,2.0463,13.8649,658.0,18602.0,2899.4297
4085,13.871,11.2539,2.1124,11.1541,659.0,21364.0,2899.4297
4086,11.2447,11.7227,1.932,11.9366,659.0,22282.0,2899.4297
4087,11.8741,11.9504,1.9796,12.7644,660.0,20350.0,2899.4297
4088,12.7604,10.7401,1.7111,11.7849,658.0,19778.0,2899.4297
4089,11.7241,11.4104,1.7569,12.2047,661.0,23952.0,2899.4297
4090,12.3116,11.5605,2.0288,12.387,659.0,20374.0,2899.4297
4091,12.3047,11.6449,1.7582,12.1947,662.0,26020.0,2899.4297
4092,12.1877,10.6887,2.1141,11.96,664.0,22274.0,2899.4297
4093,11.9677,11.8338,2.0682,11.9969,663.0,23132.0,2899.4297
4094,11.9992,11.5431,1.9513,12.2175,664.0,22332.0,2899.4297
4095,12.1598,11.651,1.7112,12.4128,662.0,25202.0,2899.4297
4096,12.4251,10.6891,1.697,11.6232,662.0,26678.0,2899.4297
4097,11.6734,11.5104,1.763,12.0664,659.0,21705.0,2899.4297
4098,12.0875,12.0378,2.2047,12.8779,659.0,22762.0,2899.4297
4099,12.9373,10.7155,2.1643,12.0577,657.0,20566.0,2899.4297
4100,12.0795,11.8163,1.8763,10.7434,660.0,20536.0,2899.4297
4101,10.6178,11.4677,1.8725,12.0443,658.0,21908.0,2899.4297
4102,12.1252,11.5354,1.6239,12.4814,657.0,19276.0,2899.4297
4103,12.4152,10.714,1.8631,11.6042,659.0,28430.0,2899.4297
4104,11.7453,11.6948,1.9539,11.9653,655.0,21228.0,2899.4297
4105,11.8492,11.4431,2.0517,12.5724,658.0,19794.0,2899.4297
4106,12.5489,10.7015,1.8188,10.8928,663.0,26981.0,2899.4297
4107,10.9764,11.4715,1.9106,12.1793,658.0,18812.0,2899.4297
4108,12.1684,11.5325,2.055,11.6949,663.0,21707.0,2899.4297
4109,11.6914,11.4631,1.8729,13.4396,660.0,22121.0,2899.4297
4110,13.3975,10.7398,1.9588,10.4352,662.0,22906.0,2899.4297
4111,10.4873,11.4302,2.006,11.6016,663.0,23757.0,2899.4297
4112,11.5452,11.5346,2.1583,13.743,660.0,18392.0,2899.4297
4113,13.8317,10.7119,1.9569,10.024,662.0,21432.0,2899.4297
4114,9.9493,11.4584,2.027,12.4843,660.0,27138.0,2899.4297
4115,12.5447,11.3672,2.2217,11.1374,658.0,24366.0,2899.4297
4116,11.1426,11.5277,1.8786,13.2864,658.0,17498.0,2899.4297
4117,13.2279,10.7123,1.8752,11.8476,658.0,17498.0,2899.4297
4118,11.8264,11.4913,2.0893,10.5699,658.0,19354.0,2899.4297
4119,10.5812,11.3944,2.1043,13.7989,659.0,19366.0,2899.4297
4120,13.7957,10.763,2.0549,11.0215,660.0,21057.0,2899.4297
4121,11.0847,11.3747,2.0247,11.6761,663.0,23876.0,2899.4297
4122,11.7527,11.6283,2.1661,12.9257,660.0,35329.0,2899.4297
4123,12.7949,11.58,2.2389,11.7901,661.0,25993.0,2899.4297
4124,11.842,10.6583,2.2062,11.4177,662.0,19030.0,2899.4297
4125,11.4143,12.1403,2.211,12.4355,664.0,25440.0,2899.4297
4126,12.4341,11.8884,2.2447,12.052,664.0,21612.0,2899.4297
4127,12.0736,11.1525,2.02,12.6968,661.0,19696.0,2899.4297
4128,12.7123,11.4234,2.0173,12.2129,660.0,18392.0,2899.4297
4129,12.2011,11.8924,1.9917,11.5148,660.0,22698.0,2899.4297
4130,11.43,11.6316,2.0058,12.7422,658.0,23610.0,2899.4297
4131,12.7817,10.6938,2.1486,11.0219,660.0,17890.0,2899.4297
4132,11.0203,11.7728,1.7755,11.6042,660.0,37880.0,2899.4297
4133,11.5835,11.5965,1.9149,12.3888,660.0,35931.0,2899.4297
4134,12.3892,11.2133,1.9088,11.9933,658.0,23256.0,2899.4297
4135,12.0601,10.9294,1.8734,12.3875,658.0,44394.0,2899.4297
4136,12.3661,11.8486,2.1301,11.191,658.0,21242.0,2899.4297
4137,11.1313,11.3461,2.0477,12.3623,658.0,24362.0,2899.4297
4138,12.3794,10.636,1.9688,13.423,659.0,20870.0,2899.4297
4139,13.4766,11.4615,2.1322,10.7515,659.0,19092.0,2899.4297
4140,10.7146,11.814,1.9242,12.0,662.0,19050.0,2899.4297
4141,12.028,11.9995,1.7022,13.3563,668.0,25628.0,2899.4297
4142,13.3131,10.994,1.9321,12.1381,663.0,21334.0,2899.4297
4143,12.3105,12.2933,2.0988,11.9104,661.0,17880.0,2899.4297
4144,11.7526,11.9827,1.88,12.4226,663.0,22161.0,2899.4297
4145,12.4187,11.7598,1.632,12.9566,663.0,20162.0,2899.4297
4146,12.9682,10.6912,1.8987,11.2842,658.0,22704.0,2899.4297
4147,11.3018,11.9852,1.8122,12.4085,658.0,18234.0,2899.4297
4148,12.4014,11.8134,2.0352,12.6348,661.0,22159.0,2899.4297
4149,12.6172,11.5807,1.589,11.9669,659.0,18002.0,2899.4297
4150,11.9536,10.9203,1.7214,12.0075,659.0,19308.0,2899.4297
4151,12.0467,11.76,1.6375,11.4531,658.0,18752.0,2899.4297
4152,11.363,11.3963,1.5533,12.2532,659.0,18904.0,2899.4297
4153,12.3331,10.7049,2.2131,12.3221,660.0,21226.0,2899.4297
4154,12.3592,11.7533,1.8378,12.4679,660.0,21744.0,2899.4297
4155,12.4178,11.7761,1.7777,10.9796,659.0,20040.0,2899.4297
4156,10.9161,11.4739,1.6673,12.2885,662.0,19920.0,2899.4297
4157,12.4158,10.6835,1.6332,12.4299,664.0,22762.0,2899.4297
4158,12.3967,12.135,1.9677,11.5608,663.0,20388.0,2899.4297
4159,11.5263,12.0998,1.8579,13.6329,661.0,24236.0,2899.4297
4160,13.6704,11.6768,1.901,12.1346,663.0,22798.0,2899.4297
4161,12.084,10.8897,1.7099,11.5371,662.0,21628.0,2899.4297
4162,11.672,11.753,1.8703,11.4549,661.0,23672.0,2899.4297
4163,11.3469,11.3743,1.8015,12.6992,659.0,22212.0,2899.4297
4164,12.7219,10.9569,2.022,12.2042,665.0,31788.0,2899.4297
4165,12.1737,11.8983,1.7485,12.6232,659.0,19408.0,2899.4297
4166,12.7114,11.8157,1.7157,11.4504,658.0,25193.0,2899.4297
4167,11.3917,11.5186,1.6112,13.4059,658.0,21268.0,2899.4297
4168,13.4041,10.6967,1.9314,10.5288,657.0,18570.0,2899.4297
4169,10.5138,12.1001,1.9522,12.6886,660.0,22032.0,2899.4297
4170,12.6703,11.8028,1.7994,12.3322,659.0,20732.0,2899.4297
4171,12.3493,11.9641,1.7317,12.6601,658.0,22160.0,2899.4297
4172,12.6855,11.1602,1.8486,12.4195,661.0,25406.0,2899.4297
4173,12.463,12.0544,1.69,11.3965,660.0,22964.0,2899.4297
4174,11.2921,11.8511,2.0059,12.4835,663.0,20186.0,2899.4297
4175,12.4632,11.4752,2.0055,12.255,662.0,24483.0,2899.4297
4176,12.3333,11.4293,1.9535,11.8678,660.0,19218.0,2899.4297
4177,11.8288,11.8451,1.7736,11.7973,661.0,21387.0,2899.4297
4178,11.763,11.6553,1.6443,13.1525,657.0,25427.0,2899.4297
4179,13.2295,10.8863,1.7384,11.1875,659.0,20742.0,2899.4297
4180,11.1631,11.7366,1.8159,12.8694,661.0,22579.0,2899.4297
4181,12.8682,11.5992,1.6935,12.0657,658.0,19152.0,2899.4297
4182,12.0401,11.5852,1.4287,12.0022,658.0,23856.0,2899.4297
4183,12.1097,10.9309,1.8078,11.9763,658.0,23902.0,2899.4297
4184,11.8467,11.8657,1.6311,11.9165,659.0,24378.0,2899.4297
4185,11.9259,11.1956,1.7917,12.1667,658.0,17498.0,2899.4297
4186,12.2479,10.9803,1.767,12.4138,658.0,18426.0,2899.4297
4187,12.3892,11.4035,1.7422,11.8764,658.0,18426.0,2899.4297
4188,11.9656,11.6657,1.8787,11.9005,666.0,21253.0,2899.4297
4189,11.8663,11.5083,1.5299,12.1202,662.0,19340.0,2899.4297
4190,12.0488,10.7089,1.5351,11.6083,666.0,25314.0,2899.4297
4191,11.6158,11.5627,1.8762,11.2591,664.0,35606.0,2899.4297
4192,11.2922,11.6028,2.0326,12.5913,660.0,24382.0,2899.4297
4193,12.5897,10.7104,1.5985,12.3705,661.0,20924.0,2899.4297
4194,12.4217,11.1143,1.4978,11.1779,659.0,23756.0,2899.4297
4195,11.1352,11.5329,1.5762,11.9326,660.0,23182.0,2899.4297
4196,11.8769,11.6302,1.4873,12.3211,657.0,17574.0,2899.4297
4197,12.406,10.6764,1.6253,11.0895,659.0,20034.0,2899.4297
4198,11.0059,11.4688,1.704,11.4297,658.0,23352.0,2899.4297
4199,11.4822,11.5525,1.9249,12.726,658.0,21726.0,2899.4297
4200,12.7604,10.969,2.0012,12.3271,659.0,17510.0,2899.4297
4201,12.2667,12.0423,1.8289,12.3223,660.0,54110.0,2899.4297
4202,12.2836,11.7911,1.7481,12.0657,659.0,25079.0,2899.4297
4203,12.1117,11.788,1.5731,12.4833,658.0,18234.0,2899.4297
4204,12.5006,10.7005,1.7794,11.7507,663.0,44592.0,2899.4297
4205,11.7462,11.4458,2.0914,12.9348,662.0,21230.0,2899.4297
4206,12.9818,11.9201,1.966,11.4333,662.0,24200.0,2899.4297
4207,11.3501,11.7698,1.5618,13.5454,660.0,21018.0,2899.4297
4208,13.632,10.934,1.6962,11.3109,660.0,18556.0,2899.4297
4209,11.2361,12.0169,1.7688,11.7494,660.0,19736.0,2899.4297
4210,11.7888,11.6453,2.0493,12.3044,662.0,24912.0,2899.4297
4211,12.305,11.8937,1.9009,13.1434,658.0,21318.0,2899.4297
4212,13.1565,11.0024,1.9397,11.7552,660.0,19737.0,2899.4297
4213,11.7719,11.9746,1.8424,12.2885,658.0,20276.0,2899.4297
4214,12.2239,11.7342,2.062,12.1004,659.0,23282.0,2899.4297
4215,12.1872,10.9674,1.8404,12.188,659.0,19570.0,2899.4297
4216,12.23,10.7169,1.7746,12.2956,660.0,19196.0,2899.4297
4217,12.1433,11.7613,1.5765,12.1518,661.0,21221.0,2899.4297
4218,12.2728,11.5844,1.5646,11.9055,659.0,18126.0,2899.4297
4219,11.7722,10.9669,1.5256,12.1457,659.0,19920.0,2899.4297
4220,12.1845,11.7645,1.8119,11.6445,663.0,18768.0,2899.4297
4221,11.653,11.6422,1.8587,12.6627,663.0,21508.0,2899.4297
4222,12.7493,11.8065,1.768,12.4608,665.0,21392.0,2899.4297
4223,12.3584,10.9443,1.5973,11.1522,661.0,20244.0,2899.4297
4224,11.2251,11.7492,1.8003,12.8008,660.0,18928.0,2899.4297
4225,12.8306,11.7497,1.7729,11.9294,661.0,22836.0,2899.4297
4226,11.8721,10.7017,1.7842,12.0507,659.0,20348.0,2899.4297
4227,12.0347,11.8873,1.7699,12.0489,659.0,19970.0,2899.4297
4228,12.0396,11.92,1.7052,12.5138,661.0,25386.0,2899.4297
4229,12.5205,11.9659,1.7032,12.386,660.0,21330.0,2899.4297
4230,12.4328,10.7434,1.7233,11.6992,661.0,21824.0,2899.4297
4231,11.6329,11.8965,1.7352,11.8458,659.0,23840.0,2899.4297
4232,11.9616,11.6601,1.7143,13.0703,663.0,28896.0,2899.4297
4233,12.9876,11.9557,1.8133,11.7639,659.0,24040.0,2899.4297
4234,11.7775,11.2923,1.8123,12.2743,659.0,22708.0,2899.4297
4235,12.3488,11.7757,1.9328,12.1673,659.0,24057.0,2899.4297
4236,12.1681,11.9678,2.2973,12.1415,661.0,19108.0,2899.4297
4237,12.031,11.7466,1.8071,12.7709,660.0,18526.0,2899.4297
4238,12.8226,11.0393,1.7957,12.6191,666.0,23644.0,2899.4297
4239,12.5401,12.0101,1.5593,11.7286,661.0,22522.0,2899.4297
4240,11.7246,11.6425,1.6309,12.5125,658.0,18922.0,2899.4297
4241,12.5549,10.979,2.024,11.4763,659.0,27056.0,2899.4297
4242,11.5046,11.4834,1.774,12.653,659.0,22912.0,2899.4297
4243,12.7213,11.5129,1.6857,11.8434,659.0,18458.0,2899.4297
4244,11.7192,11.6104,1.5116,12.3432,661.0,24529.0,2899.4297
4245,12.4735,10.9256,1.8328,11.8182,660.0,20244.0,2899.4297
4246,11.7575,11.9099,1.936,12.7546,658.0,24864.0,2899.4297
4247,12.8235,11.6162,2.0143,11.6272,658.0,22120.0,2899.4297
4248,11.4757,11.7925,1.7565,12.7524,659.0,19566.0,2899.4297
4249,12.7847,10.8971,1.6684,11.0877,660.0,22995.0,2899.4297
4250,11.0899,11.8126,1.631,12.3616,658.0,19152.0,2899.4297
4251,12.4185,11.4488,1.4622,11.8501,658.0,23428.0,2899.4297
4252,11.8403,10.9275,1.7318,11.9894,663.0,23918.0,2899.4297
4253,11.9928,11.48,1.8638,12.5517,663.0,24382.0,2899.4297
4254,12.5756,11.9084,1.8624,11.991,662.0,17502.0,2899.4297
4255,11.908,11.7209,1.6249,12.8158,661.0,18440.0,2899.4297
4256,12.8493,11.0187,1.6624,11.0325,662.0,20299.0,2899.4297
4257,10.99,11.958,1.807,11.8327,660.0,19356.0,2899.4297
4258,11.9255,11.5974,2.0621,12.5971,658.0,20932.0,2899.4297
4259,12.6375,11.9587,1.8533,12.6224,665.0,25597.0,2899.4297
4260,12.5974,11.0185,1.8179,12.2663,661.0,33865.0,2899.4297
4261,12.177,11.9836,1.6427,12.2154,660.0,24748.0,2899.4297
4262,12.2049,11.5419,1.6043,11.9852,658.0,22114.0,2899.4297
4263,12.0046,11.0037,1.543,12.2852,659.0,23684.0,2899.4297
4264,12.3271,11.9981,1.6133,12.2969,659.0,21698.0,2899.4297
4265,12.2976,11.9891,1.8453,12.1339,658.0,19058.0,2899.4297
4266,12.1058,11.578,1.5014,11.7542,658.0,21142.0,2899.4297
4267,11.78,10.9585,1.5708,11.7331,659.0,20648.0,2899.4297
4268,11.7,11.6855,1.8467,13.5886,663.0,21742.0,2899.4297
4269,13.6876,11.6601,1.7544,11.0447,662.0,29562.0,2899.4297
4270,10.9526,11.5693,1.7559,12.4199,664.0,42212.0,2899.4297
4271,12.4367,10.7063,1.7774,11.1912,662.0,24935.0,2899.4297
4272,11.2364,11.6037,1.9455,12.0692,661.0,18798.0,2899.4297
4273,12.0658,11.1137,1.8631,13.0435,660.0,44562.0,2899.4297
4274,13.0896,10.6699,2.1269,12.5911,658.0,21428.0,2899.4297
4275,12.585,11.602,2.2304,11.3385,658.0,24144.0,2899.4297
4276,11.2921,11.652,2.2675,11.5397,658.0,20332.0,2899.4297
4277,11.5323,11.8755,1.7778,12.3529,658.0,19242.0,2899.4297
4278,12.3689,10.9147,1.7756,11.6942,659.0,19058.0,2899.4297
4279,11.6276,11.9764,1.6922,11.5836,662.0,24912.0,2899.4297
4280,11.5805,11.6022,1.7174,12.8788,660.0,21342.0,2899.4297
4281,12.9965,10.9069,1.6858,12.0017,661.0,19749.0,2899.4297
4282,11.8789,11.1461,1.6042,11.2719,658.0,22686.0,2899.4297
4283,11.3211,11.596,1.6743,12.3237,659.0,21240.0,2899.4297
4284,12.2802,11.5514,1.5314,12.454,663.0,19206.0,2899.4297
4285,12.4917,10.7361,1.6256,11.379,665.0,19212.0,2899.4297
4286,11.3898,11.775,1.7632,11.307,665.0,21349.0,2899.4297
4287,11.2645,11.683,1.8111,13.0755,662.0,19120.0,2899.4297
4288,13.0566,10.7444,1.9553,11.6882,662.0,19348.0,2899.4297
4289,11.6864,11.193,1.6687,11.4868,660.0,18236.0,2899.4297
4290,11.566,11.4724,1.8616,11.5599,661.0,24864.0,2899.4297
4291,11.5584,11.6854,1.4885,12.4822,659.0,18920.0,2899.4297
4292,12.4472,10.9852,1.5969,11.6849,659.0,19876.0,2899.4297
4293,11.739,11.937,1.9312,13.243,660.0,22224.0,2899.4297
4294,13.2059,11.6899,1.914,11.482,659.0,20436.0,2899.4297
4295,11.5199,11.9902,1.628,12.7238,658.0,19922.0,2899.4297
4296,12.7116,10.9824,1.7208,12.0287,660.0,21128.0,2899.4297
4297,11.9849,11.8615,1.688,11.8348,660.0,24402.0,2899.4297
4298,11.9013,11.9393,1.5276,12.0767,660.0,20482.0,2899.4297
4299,12.0429,10.7087,1.8801,12.9187,661.0,22734.0,2899.4297
4300,12.8991,11.8751,1.7004,11.5607,664.0,23794.0,2899.4297
4301,11.5676,11.5993,1.7791,11.4958,668.0,31884.0,2899.4297
4302,11.5198,11.7046,1.5084,12.6928,663.0,23246.0,2899.4297
4303,12.7174,11.0149,1.7566,11.8767,660.0,21514.0,2899.4297
4304,11.8471,11.6592,1.6928,11.7325,662.0,21919.0,2899.4297
4305,11.7277,11.5635,1.6391,12.285,658.0,19058.0,2899.4297
4306,12.3356,10.676,1.5463,11.7078,657.0,19568.0,2899.4297
4307,11.6432,11.1286,1.6049,11.187,661.0,25966.0,2899.4297
4308,11.2094,11.4309,1.7942,12.2218,657.0,19124.0,2899.4297
4309,12.1856,11.5592,1.639,12.3925,657.0,19792.0,2899.4297
4310,12.4461,10.6886,1.8394,11.53,657.0,28004.0,2899.4297
4311,11.6226,11.5304,1.861,11.2634,657.0,21078.0,2899.4297
4312,11.1568,11.5314,2.0703,12.4783,659.0,19234.0,2899.4297
4313,12.4805,10.7048,2.0157,12.0098,662.0,24079.0,2899.4297
4314,12.0645,11.6141,1.7054,11.669,660.0,22873.0,2899.4297
4315,11.7512,11.5056,1.8428,11.3986,658.0,23133.0,2899.4297
4316,11.2017,11.6099,1.4597,12.3767,662.0,21316.0,2899.4297
4317,12.4366,10.6692,1.7707,11.6122,662.0,19618.0,2899.4297
4318,11.6196,11.9019,1.9962,12.0046,665.0,23773.0,2899.4297
4319,11.9677,11.6099,1.798,12.2444,661.0,18404.0,2899.4297
4320,12.21,11.0719,1.624,12.8935,660.0,23002.0,2899.4297
4321,13.0161,11.6877,2.1016,11.0782,661.0,29558.0,2899.4297
4322,11.046,11.9187,2.0166,12.0973,659.0,18736.0,2899.4297
4323,12.0394,11.6391,1.7743,12.3902,659.0,17974.0,2899.4297
4324,12.4285,10.9904,1.7684,11.9021,660.0,19833.0,2899.4297
4325,11.9144,11.9061,1.6947,12.4587,658.0,18426.0,2899.4297
4326,12.4602,11.6603,1.8932,12.2078,658.0,20950.0,2899.4297
4327,12.1966,11.8785,1.4542,11.9131,660.0,21207.0,2899.4297
4328,11.9879,11.0194,1.6312,12.2489,663.0,25322.0,2899.4297
4329,12.2447,12.0094,2.0019,12.2241,661.0,32733.0,2899.4297
4330,12.2186,11.1679,2.4291,12.3157,658.0,25000.0,2899.4297
4331,12.2583,10.9848,2.0366,15.0618,658.0,23434.0,2899.4297
4332,15.1484,11.7196,2.4281,11.205,664.0,23108.0,2899.4297
4333,11.154,12.3662,2.2195,10.785,662.0,21818.0,2899.4297
4334,10.7917,12.0012,1.829,13.3245,662.0,20182.0,2899.4297
4335,13.3256,11.5548,2.0496,13.2302,660.0,18578.0,2899.4297
4336,13.2263,11.2802,2.3212,12.4704,661.0,20500.0,2899.4297
4337,12.485,11.9475,2.3756,12.5461,660.0,33788.0,2899.4297
4338,12.5718,11.4713,2.6881,11.3942,658.0,17656.0,2899.4297
4339,11.3107,10.7015,2.0224,11.7485,658.0,42026.0,2899.4297
4340,11.8041,11.6639,2.0718,11.7155,659.0,25471.0,2899.4297
4341,11.6786,11.7043,1.9925,12.0365,658.0,18768.0,2899.4297
4342,12.0,11.7647,1.8835,12.4629,658.0,44762.0,2899.4297
4343,12.5348,10.7282,2.1828,11.7745,658.0,21744.0,2899.4297
4344,11.7718,11.697,2.293,11.5972,658.0,23460.0,2899.4297
4345,11.6248,11.2939,2.2236,12.192,658.0,20652.0,2899.4297
4346,12.1779,10.6897,1.7823,12.0854,658.0,18554.0,2899.4297
4347,12.098,11.4373,1.747,12.5846,659.0,19216.0,2899.4297
4348,12.5613,11.6017,1.958,11.5498,666.0,25126.0,2899.4297
4349,11.5233,11.6851,1.9047,12.4464,662.0,20954.0,2899.4297
4350,12.4373,10.7585,2.0351,11.2041,665.0,22163.0,2899.4297
4351,11.2663,11.6081,2.0409,11.3014,660.0,20646.0,2899.4297
4352,11.3037,11.7355,2.1757,13.1532,661.0,21338.0,2899.4297
4353,13.1519,11.032,2.1068,12.0765,663.0,18764.0,2899.4297
4354,12.0371,11.358,1.9675,11.9575,660.0,19320.0,2899.4297
4355,11.9991,11.5662,2.018,11.2998,662.0,21969.0,2899.4297
4356,11.2975,11.5994,1.9155,12.6511,659.0,18370.0,2899.4297
4357,12.6523,10.7352,2.0208,11.8849,661.0,19358.0,2899.4297
4358,11.9432,11.4453,2.0798,11.2754,660.0,21594.0,2899.4297
4359,11.2051,11.6673,2.1528,12.7073,660.0,22040.0,2899.4297
4360,12.6427,11.4788,1.9017,11.9791,659.0,19860.0,2899.4297
4361,11.9924,10.931,1.7906,11.7731,659.0,22580.0,2899.4297
4362,11.8629,11.6029,1.9764,11.2999,660.0,19458.0,2899.4297
4363,11.1914,11.3409,1.7528,12.4759,658.0,19854.0,2899.4297
4364,12.5312,10.6695,1.9747,12.002,664.0,20248.0,2899.4297
4365,12.0132,11.4517,2.0698,12.2512,665.0,24356.0,2899.4297
4366,12.5369,11.6146,2.1509,11.4793,662.0,20198.0,2899.4297
4367,11.2416,11.411,1.5984,12.4004,661.0,21694.0,2899.4297
4368,12.3112,11.3018,1.7347,12.4819,662.0,22202.0,2899.4297
4369,12.6172,11.9059,2.0835,11.6335,663.0,26782.0,2899.4297
4370,11.5393,11.1989,2.0703,12.5006,662.0,32096.0,2899.4297
4371,12.5603,10.6722,2.1377,13.7144,657.0,21450.0,2899.4297
4372,13.7663,12.092,2.4442,11.702,657.0,19192.0,2899.4297
4373,11.6983,12.0628,2.403,11.2826,659.0,21869.0,2899.4297
4374,11.2383,11.4471,2.4496,12.857,657.0,19638.0,2899.4297
4375,12.8062,10.7734,2.5058,12.1464,659.0,22394.0,2899.4297
4376,12.1803,11.8497,2.3899,12.2523,659.0,22570.0,2899.4297
4377,12.3816,11.8584,2.326,12.815,659.0,20044.0,2899.4297
4378,12.7104,11.0848,2.4506,17.5295,657.0,20706.0,2899.4297
4379,17.6747,11.0848,3.6093,11.5261,655.0,26134.0,2899.4297
4380,11.3531,11.6701,2.8125,11.4877,662.0,22064.0,2899.4297
4381,11.4799,11.8949,2.3825,11.0722,663.0,18618.0,2899.4297
4382,11.077,11.5971,2.226,12.1889,667.0,25525.0,2899.4297
4383,12.1589,10.7661,1.8624,12.0731,659.0,21583.0,2899.4297
4384,12.0804,10.7847,1.9858,12.4743,661.0,22695.0,2899.4297
4385,12.4551,11.911,1.9106,11.2246,659.0,21302.0,2899.4297
4386,11.3479,11.3905,1.8359,14.7155,658.0,20804.0,2899.4297
4387,14.5966,10.7265,2.5585,9.381,661.0,23007.0,2899.4297
4388,9.3687,11.707,1.9874,12.3597,660.0,18964.0,2899.4297
4389,12.3187,11.6088,1.7331,11.2247,658.0,24843.0,2899.4297
4390,11.2902,11.6665,1.823,12.7403,658.0,26723.0,2899.4297
4391,12.7286,10.7324,1.7362,11.3757,658.0,19188.0,2899.4297
4392,11.3822,11.7136,1.6842,11.7032,661.0,19381.0,2899.4297
4393,11.6726,11.5511,1.4179,12.5636,658.0,17962.0,2899.4297
4394,12.6125,10.6879,1.904,11.859,661.0,20058.0,2899.4297
4395,11.9537,11.1511,1.8851,11.154,661.0,21237.0,2899.4297
4396,11.0549,11.4118,1.8154,12.1298,662.0,19804.0,2899.4297
4397,12.1181,11.5203,1.6293,12.7285,666.0,25314.0,2899.4297
4398,12.7853,10.7246,1.7703,11.2447,664.0,34597.0,2899.4297
4399,11.2444,11.6205,1.6866,11.3088,660.0,24386.0,2899.4297
4400,11.233,11.5954,1.6217,13.3559,658.0,21596.0,2899.4297
4401,13.3707,10.9528,1.7172,12.3591,662.0,24826.0,2899.4297
4402,12.4649,11.9319,2.248,12.6901,658.0,22810.0,2899.4297
4403,12.6216,11.669,2.1638,11.9354,657.0,17600.0,2899.4297
4404,11.9724,11.8088,2.0236,12.967,658.0,18426.0,2899.4297
4405,13.0059,10.9758,2.3968,11.1839,659.0,30962.0,2899.4297
4406,11.0637,11.9025,2.2649,12.4129,658.0,23322.0,2899.4297
4407,12.5284,12.0475,2.4972,12.9409,659.0,17668.0,2899.4297
4408,12.8511,11.8762,1.9817,12.5483,658.0,42026.0,2899.4297
4409,12.676,11.0183,2.2307,10.2781,659.0,25471.0,2899.4297
4410,10.1687,11.9603,2.0917,12.905,659.0,19148.0,2899.4297
4411,12.9451,11.7584,1.8956,12.0497,659.0,45300.0,2899.4297
4412,12.0314,11.4677,2.1089,12.727,663.0,20866.0,2899.4297
4413,12.7522,10.9986,1.9267,12.1338,663.0,24532.0,2899.4297
4414,12.0868,11.9046,2.0155,12.1656,662.0,19600.0,2899.4297
4415,12.1977,11.2069,1.9609,12.4407,660.0,18680.0,2899.4297
4416,12.3969,10.9958,2.042,12.7233,660.0,19450.0,2899.4297
4417,12.7092,11.8686,1.6429,11.3336,664.0,24756.0,2899.4297
4418,11.3302,11.5296,1.7988,11.283,659.0,21120.0,2899.4297
4419,11.2929,11.6653,1.7341,12.5968,661.0,23675.0,2899.4297
4420,12.6709,10.9758,1.8813,11.8726,659.0,19350.0,2899.4297
4421,11.8712,11.9745,1.7495,11.9168,660.0,20980.0,2899.4297
4422,11.8665,11.6111,2.0802,12.4126,658.0,18726.0,2899.4297
4423,12.3949,12.0198,1.6727,12.7086,660.0,20056.0,2899.4297
4424,12.7023,11.0189,1.6177,11.9441,661.0,21221.0,2899.4297
4425,11.9757,11.7352,1.8065,11.4838,661.0,19482.0,2899.4297
4426,11.3942,11.1283,1.6324,12.5536,658.0,18234.0,2899.4297
4427,12.6416,10.6816,1.8022,11.4453,659.0,21738.0,2899.6797
4428,11.4243,11.5521,1.438,11.8838,665.0,22426.0,2899.6797
4429,11.8821,11.5991,1.9378,11.7156,666.0,23174.0,2899.6797
4430,11.7313,11.0721,1.6159,12.4825,663.0,19722.0,2899.6797
4431,12.4783,10.966,1.7378,11.9693,660.0,19864.0,2899.6797
4432,11.9433,11.9006,1.6704,11.6628,660.0,18858.0,2899.6797
4433,11.6146,11.8103,1.7017,12.6477,661.0,21240.0,2899.6797
4434,12.7328,10.7384,2.0023,11.7847,661.0,23328.0,2899.6797
4435,11.7568,11.8303,1.7679,11.685,659.0,21106.0,2899.6797
4436,11.6929,11.8908,1.7592,12.6435,661.0,20816.0,2899.6797
4437,12.6496,11.6199,1.4807,12.3477,663.0,23390.0,2899.6797
4438,12.3951,10.6953,1.484,11.584,661.0,28768.0,2899.6797
4439,11.5372,11.5949,1.6412,11.7147,661.0,30436.0,2899.6797
4440,11.7745,11.5639,2.0293,11.5566,657.0,19606.0,2899.6797
4441,11.5564,11.1119,1.641,12.5322,657.0,19192.0,2899.6797
4442,12.5585,10.7348,1.6683,11.544,657.0,21845.0,2899.6797
4443,11.4504,11.5512,1.5361,11.9427,658.0,19650.0,2899.6797
4444,11.954,11.4665,1.5207,11.5936,661.0,22338.0,2899.6797
4445,11.5611,10.6725,1.6807,12.1833,664.0,23482.0,2899.6797
