capture_frame,FrameTime,GPUTime,GameThreadTime,RenderThreadTime,RHI/DrawCalls,RHI/PrimitivesDrawn,GPUMem/LocalUsedMB
120,66.8538,65.614,2.2529,68.0419,551.0,16638.0,2957.4297
121,68.0562,50.1574,2.3356,52.2383,551.0,17742.0,2957.4297
122,52.2582,40.1386,2.5441,37.8336,552.0,27062.0,2957.4297
123,37.7303,40.2626,2.3545,43.4198,560.0,44044.0,2957.4297
124,43.486,42.1712,2.3415,41.3124,561.0,38475.0,2957.4297
125,41.2559,74.2295,2.2328,81.2334,555.0,15714.0,2957.4297
126,81.5175,74.1704,3.408,74.6432,553.0,15712.0,2957.4297
127,74.4807,68.0379,2.5182,72.6098,553.0,17568.0,2957.4297
128,72.603,76.188,2.6076,73.3321,554.0,17580.0,2957.4297
129,73.3725,82.386,2.7072,83.619,553.0,17395.0,2957.4297
130,83.6008,90.0842,2.4223,93.0363,552.0,19880.0,2957.4297
131,92.949,88.1977,2.1262,89.6572,552.0,16590.0,2957.4297
132,89.7249,85.8996,3.1642,91.1285,551.0,18518.0,2957.4297
133,91.2029,79.6541,3.003,91.2136,551.0,21326.0,2957.4297
134,91.236,78.6066,3.0123,80.5012,552.0,15722.0,2957.4297
135,80.2696,64.9141,2.1862,63.4514,552.0,15722.0,2957.4297
136,63.517,60.3252,2.0403,65.6965,552.0,18352.0,2957.4297
137,65.9609,40.7586,3.0664,38.9885,551.0,29373.0,2957.4297
138,38.6585,31.4566,2.1824,33.1533,552.0,21039.0,2957.4297
139,33.164,16.0954,2.1817,19.0304,555.0,15758.0,2957.4297
140,19.1936,18.0192,2.9137,14.5728,555.0,16634.0,2957.4297
141,14.5355,16.1227,2.1982,18.1978,559.0,19920.0,2957.4297
142,18.0333,17.7066,2.299,17.6432,551.0,27391.0,2957.4297
143,17.7847,22.8334,2.8928,23.6006,554.0,18668.0,2957.4297
144,23.5125,26.894,2.2781,30.8851,552.0,21228.0,2957.4297
145,30.8922,50.104,2.5061,49.4093,563.0,34160.0,2957.4297
146,49.385,54.1618,2.2663,59.1475,552.0,17372.0,2957.4297
147,59.1967,63.0052,2.2936,67.4876,551.0,19672.0,2957.4297
148,67.546,67.0842,2.3726,65.647,552.0,20816.0,2957.4297
149,65.6694,63.9653,2.3306,66.0176,557.0,31812.0,2957.4297
150,65.9005,63.5056,2.3626,68.5151,551.0,30614.0,2957.4297
151,68.5033,67.3598,2.2322,66.5678,551.0,29252.0,2957.4297
152,66.6593,64.4368,2.2586,66.908,551.0,26052.0,2957.4297
153,66.8387,63.4077,2.243,67.4753,551.0,20028.0,2957.4297
154,67.465,60.2277,2.1092,66.2501,552.0,19494.0,2957.4297
155,66.3128,19.6677,2.6555,19.5537,555.0,21420.0,2957.4297
156,19.7207,17.1272,3.6058,14.4355,556.0,17582.0,2957.4297
157,14.3684,16.2839,2.3761,17.4787,556.0,35096.0,2957.4297
158,17.4154,16.1867,2.6689,16.9155,554.0,23517.0,2957.4297
159,16.9167,16.2609,2.7349,17.7229,553.0,17528.0,2957.4297
160,17.7149,17.9553,3.0097,17.5646,553.0,15712.0,2957.4297
161,17.5114,17.4506,2.7194,18.8048,551.0,15710.0,2957.4297
162,18.8212,17.8683,2.3569,18.3472,551.0,17566.0,2957.4297
163,18.2543,25.2634,1.9189,24.2532,552.0,15722.0,2957.4297
164,24.3018,33.7972,2.261,37.9807,551.0,15710.0,2957.4297
165,38.1229,62.5372,2.3016,66.9145,551.0,15710.0,2957.4297
166,66.9179,65.2786,2.5712,71.539,552.0,19308.0,2957.4297
167,71.5018,69.0582,2.2155,69.2264,552.0,15722.0,2957.4297
168,69.087,67.378,2.2018,70.1478,552.0,18506.0,2957.4297
169,70.1762,69.6124,2.055,70.6213,551.0,16638.0,2957.4297
170,70.6987,66.3334,2.2747,69.6083,552.0,15722.0,2957.4297
171,69.6285,66.2384,2.5282,70.8349,556.0,15726.0,2957.4297
172,70.8469,67.4099,2.4313,70.8687,556.0,16654.0,2957.4297
173,70.7817,45.1406,2.204,42.1894,559.0,20348.0,2957.4297
174,42.3215,17.0832,2.3029,19.8996,558.0,31405.0,2957.4297
175,19.8315,16.6754,2.147,12.2242,553.0,15712.0,2957.4297
176,12.0951,16.0603,1.9252,17.4876,553.0,15712.0,2957.4297
177,17.6018,16.6327,2.1286,17.3857,551.0,15710.0,2957.4297
178,17.321,16.1531,1.9926,18.7304,551.0,16018.0,2957.4297
179,18.9126,18.1539,3.3576,17.1129,551.0,35214.0,2957.4297
180,16.9294,21.8459,2.0817,24.0383,553.0,87130.0,2957.4297
181,24.0301,20.9585,2.0817,19.3218,642.0,70364.0,2957.4297
182,19.4619,48.3439,2.102,52.8982,534.0,26230.0,2957.4297
183,52.9075,68.4756,2.2696,67.3684,532.0,15830.0,2957.4297
184,67.3281,64.1517,2.3922,68.8218,529.0,16186.0,2957.4297
185,68.7474,66.1808,2.2318,67.5559,531.0,16282.0,2957.4297
186,67.5553,65.9388,2.5357,66.7379,532.0,16258.0,2957.4297
187,66.8485,63.7912,2.2992,68.3174,531.0,15630.0,2957.4297
188,68.2954,67.154,2.1582,67.2541,536.0,16298.0,2957.4297
189,67.21,66.316,2.3219,71.5368,534.0,15774.0,2957.4297
190,71.4767,68.0559,2.2444,65.5008,522.0,15160.0,2957.4297
191,65.5145,49.4843,2.2438,49.5111,513.0,14572.0,2957.4297
192,49.4963,23.5785,2.3751,23.3849,533.0,15820.0,2957.4297
193,23.7674,17.0209,3.187,16.5268,532.0,15830.0,2957.4297
194,16.2239,16.3719,2.3692,16.6844,532.0,15830.0,2957.4297
195,16.5955,17.3077,2.0603,18.6879,532.0,15830.0,2957.4297
196,18.7335,16.668,1.9908,17.855,533.0,16306.0,2957.4297
197,17.895,17.9183,2.7274,17.2988,531.0,20458.0,2957.4297
198,17.3073,18.4945,2.5317,20.1411,532.0,20006.0,2957.4297
199,20.2064,25.2275,2.0073,25.2844,531.0,16746.0,2957.4297
200,25.2079,35.7026,2.5156,39.9815,531.0,17850.0,2957.4297
201,39.9045,62.9947,2.4688,65.4568,532.0,26434.0,2957.4297
202,65.5186,67.2247,2.3325,69.2224,535.0,41696.0,2957.4297
203,69.2063,66.2027,2.2097,71.0457,542.0,41771.0,2957.4297
204,71.0421,67.8962,2.4202,70.7897,535.0,15822.0,2957.4297
205,70.8401,67.5911,2.6654,68.831,536.0,15834.0,2957.4297
206,68.8099,68.6834,2.8865,68.6698,533.0,17676.0,2957.4297
207,68.6648,67.3903,2.4424,67.759,533.0,17676.0,2957.4297
208,67.7335,65.9732,2.7794,69.5653,533.0,17605.0,2957.4297
209,69.5767,42.9508,2.4019,42.0293,532.0,19864.0,2957.4297
210,42.1769,43.8027,2.6638,45.4448,531.0,18090.0,2957.4297
211,45.5144,29.7045,3.0657,28.7717,532.0,17234.0,2957.4297
212,28.6216,17.4661,2.883,19.2215,531.0,21434.0,2957.4297
213,19.3078,16.6378,2.5606,15.382,532.0,15830.0,2957.4297
214,15.1994,16.7177,2.3659,16.5839,532.0,16476.0,2957.4297
215,16.7095,16.5337,2.2377,17.3996,531.0,21455.0,2957.4297
216,17.2615,16.5192,1.9094,18.8179,531.0,26196.0,2957.4297
217,18.9868,16.6522,2.7769,16.7476,532.0,20411.0,2957.4297
218,16.7624,16.729,2.8049,16.4835,533.0,16024.0,2957.4297
219,16.4106,16.447,2.4335,16.2427,535.0,16604.0,2957.4297
220,16.1841,16.5208,2.2418,17.3221,538.0,19944.0,2957.4297
221,17.3749,16.3699,2.2966,16.9234,535.0,28701.0,2957.4297
222,16.8549,16.32,2.2406,16.3884,535.0,21040.0,2957.4297
223,16.3439,15.8274,2.1887,17.1555,537.0,26196.0,2957.4297
224,17.2402,16.4395,2.0484,17.8918,540.0,26182.0,2957.4297
225,17.9104,15.8068,2.4101,16.5864,531.0,18670.0,2957.4297
226,16.5921,16.9205,2.519,18.3542,531.0,20346.0,2957.4297
227,18.305,16.4379,2.5756,17.4128,534.0,28352.0,2957.4297
228,17.5415,16.9313,2.4843,22.5926,534.0,29076.0,2957.4297
229,22.5407,16.9901,2.5895,10.9439,531.0,31224.0,2957.4297
230,10.9039,16.782,1.9439,17.3756,532.0,27086.0,2957.4297
231,17.3804,16.894,2.0511,17.3255,531.0,25402.0,2957.4297
232,17.3092,16.3984,2.3765,16.6509,532.0,17125.0,2957.4297
233,16.5856,16.5086,1.9494,16.8095,532.0,20607.0,2957.4297
234,16.9153,16.5451,2.216,16.7764,531.0,19688.0,2957.4297
235,16.6983,16.2524,2.2256,16.7729,535.0,26094.0,2957.4297
236,16.7369,16.3376,1.7263,17.0786,536.0,28889.0,2957.4297
237,17.0449,16.3572,1.6628,16.795,536.0,21970.0,2957.4297
238,16.8093,16.3181,1.5455,17.1769,534.0,16740.0,2957.4297
239,17.3036,16.2111,1.9491,16.2197,533.0,15820.0,2957.4297
240,16.1733,16.2817,2.1261,16.953,534.0,17688.0,2957.4297
241,17.0011,16.252,2.2218,17.4422,531.0,15818.0,2957.4297
242,17.5215,16.3129,2.3048,17.4063,531.0,15818.0,2957.4297
243,17.3911,16.3867,2.1174,16.6393,532.0,15830.0,2957.4297
244,16.6502,16.5301,2.3866,17.5303,533.0,17653.0,2957.4297
245,17.4282,16.375,2.1371,16.9817,531.0,17593.0,2957.4297
246,17.0397,16.3872,2.2741,16.0238,531.0,16746.0,2957.4297
247,16.005,16.5748,2.3518,16.9927,532.0,18614.0,2957.4297
248,16.9624,16.3538,2.2466,17.7972,531.0,15818.0,2957.4297
249,17.8657,16.744,2.307,16.4599,532.0,15830.0,2957.4297
250,16.3967,16.4688,2.3499,17.0657,531.0,15818.0,2957.4297
251,17.0581,16.207,2.4084,17.2125,535.0,17642.0,2957.4297
252,17.2457,17.3974,2.3729,17.3395,538.0,29644.0,2957.4297
253,17.2728,17.0834,2.0856,17.4908,537.0,17693.0,2957.4297
254,17.5532,16.8251,1.9492,18.1919,533.0,15820.0,2957.4297
255,18.2324,18.0765,2.1393,17.6689,533.0,15820.0,2957.4297
256,17.6291,16.5201,2.2309,17.494,533.0,15820.0,2957.4297
257,17.4536,16.5978,2.053,17.116,532.0,35642.0,2957.4297
258,17.1988,17.0288,2.0047,16.6165,533.0,82006.0,2957.4297
259,16.5183,16.4245,1.6594,17.6145,534.0,28126.0,2957.4297
260,17.6139,16.7067,1.7898,17.7594,534.0,27094.0,2957.4297
261,17.8044,16.293,2.1285,17.2637,535.0,35017.0,2957.4297
262,17.3481,16.4366,2.5394,16.8296,536.0,28101.0,2957.4297
263,16.7632,16.7586,2.2559,17.0629,531.0,15818.0,2957.4297
264,17.1008,16.5644,2.2584,17.3694,530.0,16234.0,2957.4297
265,17.3519,16.4359,2.5065,17.3711,530.0,16234.0,2957.4297
266,17.3068,16.4168,2.2463,16.9846,514.0,14798.0,2957.4297
267,17.0321,16.2452,2.2697,17.2023,535.0,16250.0,2957.4297
268,17.2316,16.431,2.2994,15.552,531.0,15630.0,2957.4297
269,15.5982,16.3917,2.2667,17.0478,535.0,16286.0,2957.4297
270,16.9537,16.2436,2.0359,15.4418,533.0,15784.0,2957.4297
271,15.4889,16.1782,1.9273,19.323,517.0,14860.0,2957.4297
272,19.5727,16.3178,3.1376,14.1265,512.0,14560.0,2957.4297
273,13.7709,16.3118,2.1196,16.8221,531.0,15818.0,2957.4297
274,16.8445,16.2175,1.8263,17.4153,531.0,15818.0,2957.4297
275,17.3818,16.4052,1.8902,16.716,531.0,15818.0,2957.4297
276,16.7745,16.3233,2.4912,16.1899,531.0,15818.0,2957.4297
277,16.269,16.2237,2.0371,18.0061,531.0,16282.0,2957.4297
278,18.0343,16.2574,2.0719,15.6318,531.0,20458.0,2957.4297
279,15.5494,16.3223,1.7202,17.2369,531.0,19994.0,2957.4297
280,17.2217,16.3218,1.7685,17.079,531.0,16746.0,2957.4297
281,17.0647,16.2786,1.7437,15.8166,531.0,17850.0,2957.4297
282,15.8448,16.1951,1.7966,16.8419,531.0,26422.0,2957.4297
283,16.8297,15.4803,1.6764,16.7723,539.0,41700.0,2957.4297
284,16.7591,16.3632,1.911,16.6543,541.0,41759.0,2957.4297
285,16.5668,16.3323,1.6994,16.7535,535.0,15822.0,2957.4297
286,16.785,16.2458,1.6855,16.9215,534.0,15832.0,2957.4297
287,16.898,16.3628,1.5678,18.3701,533.0,17676.0,2957.4297
288,18.7172,16.3872,2.7595,16.2211,533.0,17676.0,2957.4297
289,16.0055,16.3715,2.8197,17.563,531.0,17603.0,2957.4297
290,17.5791,16.2718,2.6622,15.9593,531.0,19852.0,2957.4297
291,15.9808,16.263,2.4152,16.957,532.0,18102.0,2957.4297
292,16.8241,16.3986,1.9791,17.549,531.0,17222.0,2957.4297
293,17.7571,16.3085,2.7218,17.1135,531.0,21434.0,2957.4297
294,17.0164,16.5175,2.4978,16.8051,531.0,15818.0,2957.4297
295,16.804,16.4488,2.5631,16.0222,533.0,16488.0,2957.4297
296,16.0171,16.3784,2.2026,17.5025,533.0,21479.0,2957.4297
297,17.6158,16.311,2.6004,16.8247,531.0,26196.0,2957.4297
298,16.7215,16.4279,2.2798,17.9181,533.0,20423.0,2957.4297
299,17.9313,16.332,2.4559,15.737,535.0,16004.0,2957.4297
300,15.7172,16.5853,2.6792,15.5908,536.0,16616.0,2957.4297
301,15.5374,16.2351,1.7354,16.8798,538.0,19944.0,2957.4297
302,16.898,16.5279,1.7169,17.6546,534.0,28711.0,2957.4297
303,17.7761,16.3936,2.0666,16.4881,534.0,21028.0,2957.4297
304,16.3683,16.3897,2.0988,16.756,538.0,26208.0,2957.4297
305,16.7214,16.213,1.9314,16.7512,538.0,26180.0,2957.4297
306,16.8826,16.463,1.8107,17.8163,531.0,18670.0,2957.4297
307,17.7139,16.4459,2.1102,16.6776,531.0,20346.0,2957.4297
308,16.6946,16.4814,1.9961,16.5898,534.0,28352.0,2957.4297
309,16.6226,16.2909,1.9478,16.7911,535.0,29088.0,2957.4297
310,16.7016,16.2835,1.9133,17.1375,531.0,31224.0,2957.4297
311,17.2399,16.2808,1.978,16.0855,531.0,27074.0,2957.4297
312,16.0203,16.4797,1.7927,17.9528,533.0,25426.0,2957.4297
313,17.9195,16.4201,1.9596,16.1791,532.0,17125.0,2957.4297
314,16.2425,16.4056,1.652,16.9944,531.0,20595.0,2957.4297
315,16.8961,16.2646,1.49,16.803,535.0,19692.0,2957.4297
316,16.8177,16.4338,1.2361,16.6281,535.0,26094.0,2957.4297
317,16.6141,16.5729,1.6594,16.9294,535.0,28877.0,2957.4297
318,16.9055,16.3307,1.8699,17.3825,533.0,21956.0,2957.4297
319,17.4354,16.3144,1.9582,17.316,533.0,16728.0,2957.4297
320,17.3369,16.3427,1.9466,17.2055,533.0,15820.0,2957.4297
321,17.2474,16.3646,1.9438,15.9196,531.0,17674.0,2957.4297
322,15.9365,16.2771,1.5903,16.7197,531.0,15818.0,2957.4297
323,16.6531,16.1981,1.7396,16.3288,531.0,15818.0,2957.4297
324,16.3046,16.3684,1.757,17.0643,531.0,15818.0,2957.4297
325,17.1317,16.3188,1.779,17.3219,533.0,17653.0,2957.4297
326,17.2416,16.2626,1.5325,16.4847,532.0,17605.0,2957.4297
327,16.5135,16.4299,1.7942,17.2384,532.0,16758.0,2957.4297
328,17.3958,16.4094,2.0333,16.6718,532.0,18614.0,2957.4297
329,16.4837,16.348,1.8196,16.6263,531.0,15818.0,2957.4297
330,16.7459,16.271,1.6702,16.7085,531.0,15818.0,2957.4297
331,16.7413,16.227,1.9975,17.3127,535.0,15822.0,2957.4297
332,17.2706,16.3922,2.1081,17.2394,536.0,17654.0,2957.4297
333,17.25,16.2418,1.9914,16.4333,538.0,29644.0,2957.4297
334,16.4215,16.2609,2.2,16.7747,535.0,17691.0,2957.4297
335,16.7424,15.8816,2.0169,16.8306,533.0,15820.0,2957.4297
336,16.8401,16.3508,1.9022,16.191,533.0,15820.0,2957.4297
337,16.2798,16.3531,1.9554,17.4638,532.0,15830.0,2957.4297
338,17.3715,15.9279,1.962,16.2521,531.0,35630.0,2957.4297
339,16.2106,16.3573,1.7881,17.2828,534.0,82018.0,2957.4297
340,17.376,16.4012,2.0174,16.6982,533.0,28114.0,2957.4297
341,16.7042,16.3497,1.848,17.4384,534.0,27462.0,2957.4297
342,17.3272,16.1403,1.881,16.5084,536.0,34661.0,2957.4297
343,16.5355,16.4304,1.8653,17.093,536.0,28101.0,2957.4297
344,17.1223,16.2772,1.9068,16.8148,531.0,15818.0,2957.4297
345,16.8658,16.2634,2.1972,17.1481,530.0,16234.0,2957.4297
346,17.0792,16.8868,1.9255,17.2831,531.0,16246.0,2957.4297
347,17.3077,15.7023,2.2441,16.8941,527.0,15294.0,2957.4297
348,16.9101,16.6135,2.1485,17.4555,532.0,16070.0,2957.4297
349,17.4478,16.5319,2.1169,16.792,531.0,15630.0,2957.4297
350,16.8365,16.5765,1.8706,17.1701,533.0,16284.0,2957.4297
351,17.1104,16.456,2.0296,16.3705,532.0,15772.0,2957.4297
352,16.386,16.4523,1.9735,16.6456,515.0,14740.0,2957.4297
353,16.5983,16.3878,1.6414,16.9791,527.0,15530.0,2957.4297
354,17.092,16.4131,1.8621,16.8801,531.0,15818.0,2957.4297
355,16.9439,16.572,2.0067,17.2283,531.0,15818.0,2957.4297
356,17.2024,16.4298,2.2257,17.2066,532.0,15830.0,2957.4297
357,17.1434,16.3764,1.9388,16.7868,532.0,16294.0,2957.4297
358,16.7521,16.4011,1.8459,17.9613,531.0,18138.0,2957.4297
359,17.992,16.5666,2.0942,16.2051,532.0,20934.0,2957.4297
360,16.1657,16.5974,2.1148,16.8091,531.0,17674.0,2957.4297
361,16.8865,16.5657,1.9939,17.1545,531.0,17114.0,2957.4297
362,17.151,16.5078,2.1496,16.9109,531.0,23574.0,2957.4297
363,16.9186,16.5868,1.8196,16.7533,539.0,33276.0,2957.4297
364,16.6156,16.614,1.6407,18.2103,541.0,47763.0,2957.4297
365,18.3104,16.6271,2.0349,16.967,535.0,22290.0,2957.4297
366,16.8751,16.7448,2.9788,16.7105,533.0,15820.0,2957.4297
367,16.8064,16.6524,2.3233,17.3549,533.0,16748.0,2957.4297
368,17.4235,16.4947,2.3836,16.9151,533.0,16748.0,2957.4297
369,16.8322,16.3961,2.1074,16.5769,531.0,19335.0,2957.4297
370,16.5751,16.5061,2.2948,17.074,531.0,18460.0,2957.4297
371,17.101,16.7046,2.4119,17.4975,531.0,18078.0,2957.4297
372,17.5258,16.8189,2.5896,17.4479,531.0,18750.0,2957.4297
373,17.4286,16.4707,2.0638,16.6364,531.0,18626.0,2957.4297
374,16.7321,16.5495,2.1674,17.3249,532.0,18638.0,2957.4297
375,17.2736,16.6181,1.9535,17.2805,531.0,16464.0,2957.4297
376,17.1784,16.4947,2.0563,16.7684,532.0,21003.0,2957.4297
377,16.7847,16.4575,2.1983,17.5706,531.0,24180.0,2957.4297
378,17.6382,16.531,2.1917,17.3745,531.0,19594.0,2957.4297
379,17.3578,16.6736,1.7397,16.6503,535.0,19245.0,2957.4297
380,16.5609,16.4598,1.6317,16.6155,535.0,16648.0,2957.4297
381,16.6689,16.5338,1.6002,17.2331,536.0,17609.0,2957.4297
382,17.2409,16.4646,1.9105,16.7409,536.0,23564.0,2957.4297
383,16.6154,16.4123,1.77,16.8432,533.0,27026.0,2957.4297
384,16.9295,16.3533,1.9839,16.7678,538.0,25110.0,2957.4297
385,16.7828,16.3381,2.0614,16.2066,537.0,25498.0,2957.4297
386,16.2573,16.3223,2.0174,17.3064,533.0,20780.0,2957.4297
387,17.3599,16.3604,2.0469,16.814,531.0,19802.0,2957.4297
388,16.7208,16.3196,2.0473,16.8496,534.0,27852.0,2957.4297
389,16.8692,16.391,1.6111,16.7535,534.0,26302.0,2957.4297
390,16.8194,16.403,1.8403,16.6801,531.0,34096.0,2957.4297
391,16.6536,16.3902,1.9273,16.9498,531.0,23956.0,2957.4297
392,16.8515,16.3623,2.0548,17.1574,531.0,25452.0,2957.4297
393,17.1756,15.9737,1.9685,17.5798,532.0,22293.0,2957.4297
394,17.6749,16.3674,2.1672,16.1815,531.0,18601.0,2957.4297
395,16.1317,16.3237,2.0251,17.2651,537.0,20160.0,2957.4297
396,17.3425,15.998,2.1462,16.7813,535.0,20438.0,2957.4297
397,16.7288,16.2505,2.134,16.5416,535.0,29441.0,2957.4297
398,16.5212,16.1072,1.7808,17.0461,534.0,24252.0,2957.4297
399,17.1701,16.2465,2.1163,17.0125,533.0,20528.0,2957.4297
400,16.8579,16.6235,1.9743,16.5679,534.0,16390.0,2957.4297
401,16.6604,16.1565,1.977,17.1125,531.0,16282.0,2957.4297
402,17.0401,15.924,2.0972,16.0886,532.0,17222.0,2957.4297
403,16.1999,15.9729,2.0832,17.1048,532.0,15830.0,2957.4297
404,16.9494,16.1989,1.9008,16.8237,532.0,15830.0,2957.4297
405,16.7965,16.295,1.7249,16.795,530.0,15770.0,2957.4297
406,16.9576,15.7909,2.3269,16.304,531.0,17593.0,2957.4297
407,16.2916,16.7354,2.1842,17.6403,533.0,18153.0,2957.4297
408,17.6738,16.2167,2.3337,16.9463,533.0,18162.0,2957.4297
409,16.8464,16.105,2.0893,16.439,532.0,16758.0,2957.4297
410,16.4362,15.8287,2.0189,17.1289,532.0,15830.0,2957.4297
411,17.1507,16.6599,2.0852,16.3175,535.0,15822.0,2957.4297
412,16.2888,16.4576,1.7555,17.0938,534.0,16238.0,2957.4297
413,17.1052,16.1588,1.8119,16.2934,534.0,25606.0,2957.4297
414,16.2691,16.3972,1.791,16.7578,539.0,23121.0,2957.4297
415,16.6979,16.2899,1.766,17.1712,534.0,15832.0,2957.4297
416,17.192,16.1446,1.7155,16.0385,533.0,15820.0,2957.4297
417,16.1093,16.1673,1.6911,16.9036,532.0,15830.0,2957.4297
418,16.9252,16.3577,1.8906,17.0568,531.0,22954.0,2957.4297
419,17.0025,16.3035,1.9271,16.2533,532.0,62494.0,2957.4297
420,16.323,16.3592,1.9558,17.2574,536.0,56990.0,2957.4297
421,17.2272,16.2226,1.9467,16.6261,533.0,20042.0,2957.4297
422,16.6113,16.2882,2.0131,16.9357,536.0,40222.0,2957.4297
423,16.9157,16.3247,1.8024,16.9502,536.0,28101.0,2957.4297
424,16.9955,16.2288,2.0353,16.9335,534.0,21037.0,2957.4297
425,16.9574,16.2048,2.0868,16.8225,530.0,16234.0,2957.4297
426,16.802,16.274,2.0027,16.3729,530.0,16234.0,2957.4297
427,16.3043,16.2723,1.7394,16.7414,535.0,15822.0,2957.4297
428,16.7106,16.2768,1.6627,16.4506,533.0,16178.0,2957.4297
429,16.4688,16.3021,1.1833,17.4824,531.0,15630.0,2957.4297
430,17.4652,16.4329,1.4493,16.6018,534.0,16296.0,2957.4297
431,16.6809,16.2164,1.3803,16.231,532.0,15772.0,2957.4297
432,16.1745,16.2032,1.4139,16.5422,524.0,15280.0,2957.4297
433,16.5788,16.1794,1.5059,17.6642,531.0,15818.0,2957.4297
434,17.7637,16.379,1.913,16.39,531.0,15818.0,2957.4297
435,16.2988,16.2215,1.861,16.298,531.0,15818.0,2957.4297
436,16.258,16.41,1.9317,17.1412,531.0,16282.0,2957.4297
437,17.2004,16.2214,2.021,16.6808,531.0,15818.0,2957.4297
438,16.7936,15.956,1.8532,16.8626,531.0,19530.0,2957.4297
439,16.8119,16.1868,2.1667,17.0242,534.0,20030.0,2957.4297
440,17.1714,16.2249,2.0958,16.6182,531.0,17674.0,2957.4297
441,16.4135,16.1609,1.7985,16.4802,531.0,17754.0,2957.4297
442,16.4919,16.3475,1.4854,16.759,531.0,24310.0,2957.4297
443,16.7312,16.2443,1.679,16.7332,542.0,39003.0,2957.4297
444,16.7394,16.2876,1.8192,17.2287,540.0,40220.0,2957.4297
445,17.1502,16.2511,1.7207,16.3486,536.0,22302.0,2957.4297
446,16.4446,16.4218,1.1898,17.4117,533.0,15820.0,2957.4297
447,17.3239,16.2945,1.3646,16.7933,533.0,16748.0,2957.4297
448,16.7494,16.2119,1.412,16.3157,533.0,16748.0,2957.4297
449,16.4491,16.1587,1.6673,16.3816,532.0,19347.0,2957.4297
450,16.2918,16.3234,1.8573,16.7556,532.0,18936.0,2957.4297
451,16.8935,16.4186,1.8134,25.0875,531.0,19018.0,3085.4297
452,25.3779,16.602,3.7059,16.6402,981.0,106879.0,3085.4297
453,16.3677,19.1316,5.6616,18.4292,640.0,19318.0,3085.4297
454,18.4279,17.3733,3.6596,18.2393,642.0,16812.0,3085.4297
455,18.2056,16.733,2.4184,17.95,682.0,46017.0,3085.4297
456,18.2394,18.4237,2.1016,18.6263,743.0,104372.0,3085.4297
457,18.3849,18.542,2.1414,17.9673,641.0,23896.0,3085.4297
458,17.9431,17.3024,1.8953,17.7981,640.0,17778.0,3085.4297
459,17.854,17.4441,1.9911,19.0278,644.0,18923.0,3085.4297
460,19.0137,16.7873,2.1827,15.8326,644.0,15510.0,3085.4297
461,15.7285,16.9503,2.1481,17.2822,643.0,16166.0,3085.4297
462,17.3028,16.8947,1.9773,17.3554,642.0,24404.0,3085.4297
463,17.3193,16.6732,2.0223,16.8756,642.0,22879.0,3085.4297
464,16.8921,16.9241,1.9203,17.9649,642.0,20804.0,3085.4297
465,17.9756,16.8301,2.0743,17.0616,639.0,18890.0,3085.4297
466,17.2913,16.9026,2.4812,17.3766,640.0,17392.0,3085.4297
467,17.1333,16.8346,1.9983,17.6117,641.0,24672.0,3085.4297
468,17.6887,16.7917,1.657,18.1024,640.0,23502.0,3085.4297
469,18.1304,16.8922,1.756,16.5001,640.0,30958.0,3085.4297
470,16.4952,16.8283,2.0693,17.3607,641.0,26952.0,3085.4297
471,17.2361,16.7097,2.2394,17.1242,640.0,23892.0,2957.4297
472,17.1764,16.7098,2.0225,17.1666,640.0,22845.0,2957.4297
473,17.2061,16.8119,1.6705,17.3242,640.0,17143.0,2957.4297
474,17.2252,16.7163,1.4164,17.829,640.0,18774.0,2957.4297
475,17.863,16.6866,1.7432,17.4549,645.0,20666.0,2957.4297
476,17.5,16.7834,1.8871,17.3199,644.0,26651.0,2957.4297
477,17.3772,17.1803,1.9451,17.3671,644.0,21890.0,2957.4297
478,17.2706,16.7559,2.0508,16.9723,642.0,22498.0,2957.4297
479,17.0034,16.7802,1.8523,17.1607,642.0,16608.0,2957.4297
480,17.1512,16.8656,2.0518,17.5452,642.0,16130.0,2957.4297
481,17.5385,16.4106,1.993,17.4674,640.0,16498.0,2957.4297
482,17.4279,16.8076,1.7271,17.2756,640.0,15106.0,2957.4297
483,17.3556,16.9928,1.8384,17.8023,641.0,15118.0,2957.4297
484,17.7335,16.9396,1.9755,17.2451,639.0,15058.0,2957.4297
485,17.2388,16.7957,2.0276,17.0781,639.0,15022.0,2957.4297
486,17.1992,16.9417,1.9688,17.6725,641.0,15582.0,2957.4297
487,17.6408,16.7938,1.9271,17.1931,641.0,16046.0,2957.4297
488,17.1703,16.8826,2.4088,17.4526,640.0,17426.0,2957.4297
489,17.5612,16.8988,2.5351,17.5308,640.0,15106.0,2957.4297
490,17.4529,16.7285,2.0913,17.1893,640.0,15106.0,2957.4297
491,17.1039,16.8098,1.8545,17.8817,644.0,15538.0,2957.4297
492,17.9561,17.2185,2.4594,17.9847,644.0,24906.0,2957.4297
493,18.0448,17.1676,1.9963,17.7556,644.0,16798.0,2957.4297
494,17.7275,17.0459,2.1671,18.2305,643.0,15120.0,2957.4297
495,18.1542,17.0419,2.2145,16.1118,642.0,15108.0,2957.4297
496,16.2065,16.9978,1.9042,18.2287,643.0,15120.0,2957.4297
497,18.2399,16.7328,1.9441,17.5419,640.0,22242.0,2957.4297
498,17.4371,17.6681,1.9265,17.4131,640.0,60174.0,2957.4297
499,17.4384,16.6827,2.026,17.6194,640.0,47438.0,2957.4297
500,17.8695,17.4293,2.4869,17.9256,641.0,26118.0,2957.4297
501,17.7003,16.9759,2.0634,17.2527,640.0,15474.0,2957.4297
502,17.2204,16.9837,2.0913,17.4138,639.0,15522.0,2957.4297
503,17.4331,16.9912,1.7808,17.5574,639.0,15522.0,2957.4297
504,17.5317,16.9696,1.9189,17.3658,641.0,15118.0,2957.4297
505,17.3547,17.0025,1.9727,17.3598,639.0,15522.0,2957.4297
506,17.458,16.9785,2.1575,17.4886,636.0,14914.0,2957.4297
507,17.4443,17.0479,2.4108,17.9195,646.0,15598.0,2957.4297
508,18.0209,17.0997,2.9293,18.6447,643.0,15062.0,2957.4297
509,18.6095,17.0557,2.652,16.7041,640.0,14870.0,2957.4297
510,16.7204,17.0737,2.123,18.7426,633.0,14520.0,2957.4297
511,18.6195,17.1173,1.9648,17.6643,642.0,15108.0,2957.4297
512,17.6625,16.9747,2.1903,16.5259,642.0,15108.0,2957.4297
513,16.5034,17.0808,2.0473,17.1929,641.0,15582.0,2957.4297
514,17.2804,17.034,2.103,17.6738,640.0,15106.0,2957.4297
515,17.6952,17.0935,1.9045,17.4766,641.0,18366.0,2957.4297
516,17.4337,16.9948,1.8848,18.0463,640.0,18818.0,2957.4297
517,18.0368,17.3667,1.8236,17.192,640.0,16962.0,2957.4297
518,17.2078,17.1141,1.6638,18.0224,641.0,17982.0,2957.4297
519,17.9864,16.9842,2.0067,17.6601,640.0,21294.0,2957.4297
520,17.7575,16.9935,2.0265,17.1884,642.0,27534.0,2957.4297
521,17.1422,16.6154,2.1523,17.384,640.0,43206.0,2957.4297
522,17.3639,17.0752,2.1369,17.417,640.0,21574.0,2957.4297
523,17.4775,16.9702,2.0697,17.6794,644.0,15110.0,2957.4297
524,17.6288,16.9798,2.0235,17.6729,644.0,15574.0,2957.4297
525,17.6376,17.188,2.3299,18.6258,644.0,16038.0,2957.4297
526,18.7147,17.1997,2.6413,16.7524,642.0,17697.0,2957.4297
527,16.7426,16.8207,2.1922,17.5777,642.0,19606.0,2957.4297
528,17.6134,16.8709,1.9742,17.4116,643.0,16916.0,2957.4297
529,17.3033,16.8663,1.9659,16.9992,640.0,17246.0,2957.4297
530,16.9668,16.936,1.8647,17.3647,640.0,16634.0,2957.4297
531,17.3321,16.9178,1.6084,17.9484,641.0,17926.0,2957.4297
532,18.1321,16.8624,1.8073,17.3686,640.0,17914.0,2957.4297
533,17.2735,16.7853,1.9828,17.7627,640.0,18893.0,2957.4297
534,17.7636,16.8925,2.163,16.6447,642.0,19394.0,2957.4297
535,16.6406,16.8537,2.097,17.7458,686.0,87981.0,2957.4297
536,17.8158,17.2876,2.2303,18.043,650.0,32503.0,2957.4297
537,18.027,16.7675,1.8218,16.5742,640.0,16994.0,2957.4297
538,16.5699,17.3526,2.0265,17.5942,640.0,17596.0,2957.4297
539,17.5311,16.8078,2.1244,17.8339,644.0,18403.0,2957.4297
540,17.9787,16.8402,2.4144,17.7419,643.0,16580.0,2957.4297
541,17.5587,16.8994,1.9642,16.7534,645.0,19415.0,2957.4297
542,16.793,16.8657,2.0712,17.359,642.0,25508.0,2957.4297
543,17.3514,16.7052,1.8751,16.8605,642.0,21364.0,2957.4297
544,16.9132,16.7182,2.0506,17.3879,643.0,19398.0,2957.4297
545,17.3551,16.8017,1.9846,17.2415,639.0,17558.0,2957.4297
546,17.3481,17.1421,1.9364,17.6388,641.0,21472.0,2957.4297
547,17.573,16.7156,1.818,17.317,640.0,25876.0,2957.4297
548,17.2129,16.7049,2.1184,17.1037,640.0,24748.0,2957.4297
549,17.1655,16.8172,2.3395,17.8717,641.0,29674.0,2957.4297
550,17.9101,16.8726,2.1864,16.9593,641.0,22764.0,2957.4297
551,16.9775,16.6951,1.9955,17.5083,640.0,25378.0,2957.4297
552,17.4722,16.6431,1.6356,17.1786,640.0,20318.0,2957.4297
553,17.1759,16.9302,1.9283,17.3734,641.0,17386.0,2957.4297
554,17.3588,16.8898,1.9754,18.028,641.0,20202.0,2957.4297
555,18.0514,17.0143,2.0534,16.4957,644.0,20508.0,2957.4297
556,16.5789,16.8913,2.2298,17.9772,644.0,26971.0,2957.4297
557,17.8625,16.8791,2.0379,17.5356,644.0,23114.0,2957.4297
558,17.5977,17.4111,2.1078,17.9666,644.0,18840.0,2957.4297
559,17.9247,16.7475,1.9584,16.9804,642.0,16108.0,2957.4297
560,16.9422,16.7789,1.7898,17.6903,643.0,16606.0,2957.4297
561,17.712,16.8122,1.9185,17.6795,640.0,16034.0,2957.4297
562,17.666,16.7596,2.0202,16.5775,640.0,15106.0,2957.4297
563,16.6118,16.7932,2.3174,17.3248,641.0,15118.0,2957.4297
564,17.4019,16.8447,2.0273,17.4183,639.0,15058.0,2957.4297
565,17.3031,16.8231,1.9357,17.7284,638.0,15010.0,2957.4297
566,17.7897,16.6696,2.352,17.0026,641.0,16046.0,2957.4297
567,16.9661,16.8428,1.9223,17.608,640.0,17426.0,2957.4297
568,17.631,16.824,1.9475,17.6211,640.0,15570.0,2957.4297
569,17.6369,16.7802,2.277,17.1255,641.0,15118.0,2957.4297
570,17.1542,16.7433,2.0731,16.6355,639.0,15522.0,2957.4297
571,16.6234,16.8855,2.0119,17.485,644.0,24014.0,2957.4297
572,17.4361,16.8622,2.0925,17.3825,643.0,15990.0,2957.4297
573,17.408,16.8449,2.0669,17.2542,645.0,16810.0,2957.4297
574,17.3395,16.7373,2.0791,17.2614,643.0,15120.0,2957.4297
575,17.1859,16.9065,2.2714,17.9264,642.0,15108.0,2957.4297
576,17.9774,16.8365,2.2054,17.6361,642.0,15108.0,2957.4297
577,17.6399,16.8473,2.2154,17.9908,640.0,39766.0,2957.4297
578,18.0197,16.7998,2.1111,16.2833,640.0,55018.0,2957.4297
579,16.2899,16.9972,2.2124,17.0521,640.0,38630.0,2957.4297
580,17.0501,16.8057,1.9928,17.549,641.0,22558.0,2957.4297
581,17.4003,16.8067,1.7132,17.0085,639.0,15890.0,2957.4297
582,17.0627,16.7223,1.8839,17.1326,640.0,15570.0,2957.4297
583,17.1782,16.7196,2.4126,18.3145,639.0,15058.0,2957.4297
584,18.3896,16.4739,2.0527,17.5283,640.0,15070.0,2957.4297
585,17.4785,16.7754,1.8931,16.9888,632.0,15042.0,2957.4297
586,16.8821,16.3841,1.8467,17.2627,637.0,14926.0,2957.4297
587,17.3325,17.251,1.9844,17.1635,645.0,15586.0,2957.4297
588,17.2277,16.7263,1.8126,17.526,643.0,15062.0,2957.4297
589,17.4217,16.7792,1.8517,17.1269,634.0,14462.0,2957.4297
590,17.1596,16.8237,2.1136,17.3513,635.0,14640.0,2957.4297
591,17.3767,16.8346,2.222,17.7165,643.0,15120.0,2957.4297
592,17.7066,16.6346,2.1294,16.5276,642.0,15108.0,2957.4297
593,16.4489,16.6802,1.8406,17.3043,641.0,15582.0,2957.4297
594,17.3985,16.7425,1.7679,17.3469,640.0,15106.0,2957.4297
595,17.2546,16.8236,1.7398,17.057,640.0,18818.0,2957.4297
596,17.0314,16.8191,1.9749,17.4681,640.0,18354.0,2957.4297
597,17.4692,16.9155,2.1873,17.6467,640.0,17330.0,2957.4297
598,17.708,16.7123,2.4091,17.3372,640.0,17970.0,2957.4297
599,17.9155,16.7965,2.5367,16.9555,640.0,21662.0,2957.4297
600,16.5294,16.8783,2.1858,17.9846,640.0,27142.0,2957.4297
601,17.8367,16.695,2.0746,16.7326,641.0,42850.0,2957.4297
602,16.7572,16.854,2.0097,17.4687,640.0,21574.0,2957.4297
603,17.4807,16.7679,1.8712,17.5927,644.0,15110.0,2957.4297
604,17.5518,16.9062,1.7792,17.2093,645.0,15586.0,2957.4297
605,17.2338,16.7841,1.8079,17.1205,644.0,16038.0,2957.4297
606,17.1161,16.8289,1.7201,17.363,642.0,18161.0,2957.4297
607,17.3591,16.8064,1.9476,17.4533,643.0,19154.0,2957.4297
608,17.4689,16.9507,2.1555,17.3366,642.0,16904.0,2957.4297
609,17.3031,16.7281,2.0322,17.5256,640.0,17246.0,2957.4297
610,17.5132,16.8867,2.0669,17.59,640.0,16634.0,2957.4297
611,17.6475,16.8068,1.9909,17.7548,640.0,17914.0,2957.4297
612,17.7336,16.6449,1.9808,16.7486,642.0,17938.0,2957.4297
613,16.7912,16.8667,1.9054,17.1931,640.0,19581.0,2957.4297
614,17.1726,16.7519,1.8043,17.5718,645.0,21527.0,2957.4297
615,17.5088,16.6873,1.8345,17.4589,683.0,85624.0,2957.4297
616,17.4652,16.0297,1.7485,17.3014,650.0,32039.0,2957.4297
617,17.3651,16.8564,1.891,17.4387,641.0,17006.0,2957.4297
618,17.432,16.7392,2.0071,17.0615,640.0,17596.0,2957.4297
619,17.0625,16.8601,1.9127,17.5417,643.0,18391.0,2957.4297
620,17.5769,16.8659,1.7454,16.7766,643.0,16580.0,2957.4297
621,16.7216,16.8624,1.9491,17.7933,644.0,19403.0,2957.4297
622,17.7624,16.7385,2.1487,16.9438,642.0,25508.0,2957.4297
623,16.956,16.8137,2.2108,17.3671,642.0,21732.0,2957.4297
624,17.4266,16.6861,2.0589,16.9522,643.0,19030.0,2957.4297
625,16.9414,16.8195,2.0591,17.6682,639.0,18124.0,2957.4297
626,17.6858,16.7743,2.2838,18.7661,640.0,21530.0,2957.4297
627,18.8562,16.8124,2.4136,17.3829,640.0,26002.0,2957.4297
628,17.2842,16.768,2.2378,18.6049,642.0,25860.0,2957.4297
629,18.6454,16.9875,2.3264,16.4229,640.0,28124.0,2957.4297
630,16.3791,16.9184,2.1442,17.133,641.0,22610.0,2957.4297
631,17.226,16.8472,2.2293,17.5683,640.0,25220.0,2957.4297
632,17.5015,16.9488,2.4394,17.2651,640.0,20318.0,2957.4297
633,17.3093,16.4318,2.1188,17.2341,640.0,17374.0,2957.4297
634,17.1749,16.9133,2.4567,16.7454,641.0,20874.0,2957.4297
635,16.7818,17.0164,2.0416,19.8137,644.0,20336.0,2957.4297
636,19.8719,16.7742,2.6199,17.6285,644.0,28723.0,2957.4297
637,17.6137,17.8216,2.4697,18.7902,644.0,21212.0,2957.4297
638,18.7307,17.1207,2.4539,17.4614,642.0,18466.0,2957.4297
639,17.5206,17.0503,2.8235,15.2294,642.0,16108.0,2957.4297
640,15.2408,17.0432,2.8646,17.5389,642.0,16594.0,2957.4297
641,17.4047,17.0944,2.6262,17.7689,641.0,16046.0,2957.4297
642,17.8282,17.0619,3.0117,17.504,641.0,15118.0,2957.4297
643,17.5277,17.209,2.706,18.6961,641.0,15118.0,2957.4297
644,18.6943,17.1616,2.5408,17.4315,639.0,15058.0,2957.4297
645,17.4855,17.0071,2.2349,17.9516,638.0,15010.0,2957.4297
646,17.8902,16.9971,2.342,16.8868,640.0,16034.0,2957.4297
647,16.9421,17.156,2.1598,17.3876,640.0,17426.0,2957.4297
648,17.2936,17.1076,2.2129,18.2251,640.0,15570.0,2957.4297
649,18.2777,16.9324,2.3882,17.2147,640.0,15106.0,2957.4297
650,17.3126,16.9718,2.2421,17.1084,640.0,15534.0,2957.4297
651,16.9788,16.9499,2.0564,17.6729,644.0,24014.0,2957.4297
652,17.7945,17.2075,2.0359,18.0601,644.0,16002.0,2957.4297
653,17.9885,17.702,2.2874,17.4797,645.0,16810.0,2957.4297
654,17.4053,17.1753,2.0917,17.6885,642.0,15108.0,2957.4297
655,17.7476,17.0645,2.2214,17.6697,642.0,15108.0,2957.4297
656,17.6436,16.9111,2.6581,17.5878,642.0,15108.0,2957.4297
657,17.5579,17.0374,2.2016,16.9958,641.0,41374.0,2957.4297
658,17.0499,17.0044,2.0182,17.7941,640.0,53422.0,2957.4297
659,17.8177,16.924,2.0984,17.5818,640.0,38630.0,2957.4297
660,17.5155,17.1239,2.1306,16.9691,641.0,22522.0,2957.4297
661,16.979,17.1513,2.2792,18.4812,640.0,15938.0,2957.4297
662,18.6117,17.0738,2.3021,17.3981,640.0,15570.0,2957.4297
663,17.2495,17.0145,2.1225,17.7391,639.0,15058.0,2957.4297
664,17.77,17.0838,2.1755,17.1099,640.0,15070.0,2957.4297
665,17.2251,17.0544,2.4045,18.3407,639.0,15462.0,2957.4297
666,18.2255,17.0889,2.2587,18.0585,636.0,14914.0,2957.4297
667,18.0775,17.007,2.2489,17.0342,643.0,15526.0,2957.4297
668,16.9993,17.0896,2.127,17.3847,640.0,14870.0,2957.4297
669,17.4533,16.6273,2.0829,19.0523,644.0,15110.0,2957.4297
670,18.9714,17.3613,2.2668,15.4135,642.0,15108.0,2957.4297
671,15.4888,17.1956,2.0069,17.8215,642.0,15108.0,2957.4297
672,17.7292,16.7824,2.1199,17.5431,642.0,15572.0,2957.4297
673,17.5377,16.8177,2.18,17.4273,640.0,15106.0,2957.4297
674,17.455,16.8537,2.2305,17.1441,640.0,18354.0,2957.4297
675,17.1531,16.8229,1.8574,17.1076,640.0,18354.0,2957.4297
676,17.1592,16.9197,1.7718,17.3679,640.0,16402.0,2957.4297
677,17.357,16.8277,1.5705,17.4655,641.0,17614.0,2957.4297
678,17.384,16.8821,1.5606,17.4832,640.0,23054.0,2957.4297
679,17.5401,16.7947,1.7347,17.0725,640.0,25206.0,2957.4297
680,17.0523,16.8073,2.0213,17.539,640.0,37102.0,2957.4297
681,17.6013,16.8451,2.3732,18.0285,640.0,26522.0,2957.4297
682,18.1407,16.8142,2.4729,17.0187,640.0,18198.0,2957.4297
683,16.8739,16.8297,2.2225,17.9476,644.0,15110.0,2957.4297
684,17.9229,16.9064,2.1773,16.6099,644.0,16038.0,2957.4297
685,16.8979,16.8626,2.0552,17.4305,644.0,18163.0,2957.4297
686,17.1362,16.8733,1.7904,17.398,642.0,17945.0,2957.4297
687,17.426,16.8383,1.9354,16.7741,642.0,18317.0,2957.4297
688,16.7499,16.8455,2.0263,17.4416,642.0,17128.0,2957.4297
689,17.4487,16.7683,2.1676,17.4466,640.0,16878.0,2957.4297
690,17.5567,16.8594,2.3339,17.1459,640.0,18038.0,2957.4297
691,17.033,16.8483,1.9021,17.2959,640.0,17914.0,2957.4297
692,17.3341,16.6862,1.9273,17.8085,640.0,19581.0,2957.4297
693,17.9246,16.7484,2.0529,17.527,644.0,19205.0,2957.4297
694,17.457,17.0485,2.0935,17.6523,670.0,54582.0,2957.4297
695,17.5985,17.2056,1.86,17.0798,661.0,61209.0,2957.4297
696,17.0257,16.9057,1.8748,17.4271,644.0,20736.0,2957.4297
697,17.4433,16.7628,1.9136,17.622,640.0,17922.0,2957.4297
698,17.7166,16.7151,1.982,18.0952,640.0,18515.0,2957.4297
699,17.9693,16.775,1.9533,16.8893,643.0,16464.0,2957.4297
700,17.0105,16.7649,1.986,17.0386,645.0,19553.0,2957.4297
701,16.9586,16.8392,2.1121,17.5424,644.0,25046.0,2957.4297
702,17.5665,16.9313,1.9967,17.7528,644.0,19162.0,2957.4297
703,17.7529,16.7962,2.2063,16.8544,642.0,20992.0,2957.4297
704,16.8597,16.6735,2.3384,16.948,642.0,18724.0,2957.4297
705,16.9209,16.8288,2.2107,17.9991,639.0,20884.0,2957.4297
706,18.0727,16.7729,2.332,17.1371,641.0,24034.0,2957.4297
707,17.0604,16.8083,2.3931,16.5616,640.0,28296.0,2957.4297
708,16.657,16.7088,2.1597,17.8601,640.0,24680.0,2957.4297
709,17.8738,16.8574,2.1303,17.8179,641.0,22226.0,2957.4297
710,17.7329,16.8991,2.0842,17.3916,641.0,28099.0,2957.4297
711,17.3688,16.8957,1.9604,16.9241,640.0,20811.0,2957.4297
712,16.9261,17.01,2.1394,17.4796,640.0,18216.0,2957.4297
713,17.5512,16.8939,1.7214,16.7445,640.0,20208.0,2957.4297
714,16.7692,16.8912,1.9453,17.3806,641.0,18444.0,2957.4297
715,17.4152,16.8262,1.8237,17.209,644.0,26142.0,2957.4297
716,17.0473,16.7419,1.7707,17.6036,644.0,22349.0,2957.4297
717,17.6315,16.8177,1.7483,17.4217,644.0,22488.0,2957.4297
718,17.4238,15.9656,2.2269,17.8984,642.0,15864.0,2957.4297
719,17.9127,17.6838,1.8389,17.0713,642.0,16886.0,2957.4297
720,17.1251,16.3068,2.0105,17.4005,643.0,16256.0,2957.4297
721,17.3324,16.8191,1.6882,17.1197,641.0,15118.0,2957.4297
722,17.2081,16.799,1.9787,17.4441,640.0,15106.0,2957.4297
723,17.4504,16.7023,1.9586,17.0948,640.0,15106.0,2957.4297
724,17.0994,16.84,1.9608,17.3345,637.0,14962.0,2957.4297
725,17.2401,16.8074,1.8017,17.2913,640.0,16034.0,2957.4297
726,17.3321,16.8509,1.993,17.3593,641.0,16974.0,2957.4297
727,17.3209,16.7047,1.8456,17.1401,640.0,15570.0,2957.4297
728,17.1928,16.7923,1.9732,17.2686,640.0,15570.0,2957.4297
729,17.2134,16.7225,1.5278,17.3073,639.0,15522.0,2957.4297
730,17.3385,16.7092,1.9412,17.3803,640.0,22322.0,2957.4297
731,17.415,16.7,1.9902,16.958,645.0,17274.0,2957.4297
732,16.9802,16.8853,1.8907,17.7956,643.0,15526.0,2957.4297
733,17.7729,16.9395,1.7322,17.9852,644.0,16798.0,2957.4297
734,17.9375,16.8805,1.8154,16.6477,643.0,15120.0,2957.4297
735,16.6357,16.6798,1.8484,17.1589,642.0,15108.0,2957.4297
736,17.2095,16.8159,2.036,17.2285,643.0,31048.0,2957.4297
737,17.2698,16.8221,2.3294,17.495,640.0,46090.0,2957.4297
738,17.4353,16.8147,1.771,17.0163,640.0,50766.0,2957.4297
739,17.0432,16.7346,1.6888,18.5892,640.0,21698.0,2957.4297
740,18.523,16.9163,1.632,16.3137,640.0,21906.0,2957.4297
741,16.3873,16.8321,1.6438,17.6018,640.0,15938.0,2957.4297
742,17.5153,16.8451,1.5673,17.0875,639.0,15058.0,2957.4297
743,17.1312,16.8011,1.7887,17.6723,639.0,15058.0,2957.4297
744,17.6995,17.2274,2.1023,17.3218,624.0,14098.0,2957.4297
745,17.356,17.254,1.9031,17.643,641.0,15582.0,2957.4297
746,17.6111,16.6931,1.6717,16.9464,636.0,14914.0,2957.4297
747,16.9632,16.7673,2.1991,17.7267,639.0,15286.0,2957.4297
748,17.7504,16.9472,1.6228,17.4861,640.0,14870.0,2957.4297
749,17.427,16.8433,1.7582,17.2476,644.0,15110.0,2957.4297
750,17.2957,16.7412,1.9281,17.2462,642.0,15108.0,2957.4297
751,17.2577,17.0783,1.9893,18.126,642.0,15572.0,2957.4297
752,18.0673,16.9004,1.9592,16.4537,642.0,15108.0,2957.4297
753,16.4665,16.8165,2.0824,17.7023,640.0,16498.0,2957.4297
754,17.6862,16.7116,1.8779,17.0464,640.0,17426.0,2957.4297
755,17.032,16.8374,2.0926,17.2019,641.0,18366.0,2957.4297
756,17.2243,16.8491,2.0241,17.5693,640.0,15938.0,2957.4297
757,17.6754,16.8684,2.0952,17.4194,641.0,19754.0,2957.4297
758,17.3842,16.7627,2.2963,17.3428,640.0,22018.0,2957.4297
759,17.3015,16.8581,1.8662,17.8655,640.0,27646.0,2957.4297
760,17.8645,16.8539,1.8671,17.0059,640.0,37018.0,2957.4297
761,17.0312,16.8969,1.7202,17.7142,641.0,23074.0,2957.4297
762,17.6226,16.7015,1.7811,16.7783,642.0,18222.0,2957.4297
763,16.8552,16.8368,1.7615,17.3139,644.0,15110.0,2957.4297
764,17.3048,16.8287,1.7499,17.5769,644.0,17235.0,2957.4297
765,17.5166,16.8451,1.7692,16.7481,645.0,17102.0,2957.4297
766,16.7723,16.7835,2.1523,18.6596,642.0,19018.0,2957.4297
767,18.7612,16.7942,2.4678,16.6987,642.0,17120.0,2957.4297
768,16.6379,16.3385,2.1262,17.4609,642.0,17128.0,2957.4297
769,17.5286,17.5764,1.9522,17.3642,640.0,16878.0,2957.4297
770,17.2792,16.4332,2.0393,17.6593,640.0,18038.0,2957.4297
771,17.7986,17.2694,2.3235,16.7735,640.0,17914.0,2957.4297
772,16.6484,16.8198,2.1246,18.6864,640.0,19581.0,2957.4297
773,18.7645,16.747,2.4117,16.502,693.0,61982.0,2957.4297
774,16.4378,21.6996,2.4572,21.868,580.0,64258.0,2957.4297
775,21.833,19.1022,1.9823,20.0102,563.0,62520.0,2957.4297
776,19.9461,18.318,1.7025,18.574,553.0,31806.0,2957.4297
777,18.6676,18.1996,1.8599,19.0547,550.0,33704.0,2957.4297
778,19.0381,19.0026,1.924,19.2875,549.0,28346.0,2957.4297
779,19.4271,18.634,1.9877,18.6985,555.0,27062.0,2957.4297
780,18.6167,18.5539,1.8466,19.0867,552.0,27962.0,2957.4297
781,19.0749,18.3197,2.0073,19.1368,554.0,31096.0,2957.4297
782,19.2272,18.5055,2.5327,19.27,552.0,35966.0,2957.4297
783,19.217,18.5471,2.0523,19.8141,551.0,31616.0,2957.4297
784,19.7972,18.4178,2.2238,18.01,552.0,28342.0,2957.4297
785,18.0355,19.2694,2.0433,19.3425,550.0,34901.0,2957.4297
786,19.2712,18.4219,2.4455,19.2796,550.0,29333.0,2957.4297
787,19.268,18.3061,2.155,18.4542,551.0,24402.0,2957.4297
788,18.5329,18.405,2.0688,18.9853,550.0,26382.0,2957.4297
789,19.0746,18.4115,2.442,19.3647,550.0,25534.0,2957.4297
790,19.2215,18.4167,2.1935,19.1405,550.0,33590.0,2957.4297
791,19.2353,18.2558,2.9497,18.3973,549.0,30759.0,2957.4297
792,18.2789,19.2491,1.9158,19.485,549.0,27900.0,2957.4297
793,19.5035,18.3559,2.1316,18.9026,550.0,22964.0,2957.4297
794,18.9506,18.2855,2.0539,18.7202,549.0,23974.0,2957.4297
795,18.7821,18.331,2.072,19.7583,553.0,23336.0,2957.4297
796,19.7017,18.3181,2.7491,18.8656,554.0,22212.0,2957.4297
797,18.9105,18.4238,2.2559,18.4066,553.0,22200.0,2957.4297
798,18.3372,18.3014,2.071,18.7448,551.0,22162.0,2957.4297
799,18.7095,19.2269,1.895,19.4138,550.0,23042.0,2957.4297
800,19.4821,18.2928,2.373,19.3679,551.0,24054.0,2957.4297
801,19.3278,18.2928,2.1776,18.3941,549.0,22660.0,2957.4297
802,18.372,18.4589,1.9539,18.8355,550.0,22672.0,2957.4297
803,18.8534,18.4957,2.1829,19.7494,548.0,22612.0,2957.4297
804,19.7084,18.3621,1.9932,18.7136,549.0,29412.0,2957.4297
805,18.8093,18.2018,2.1844,18.7029,549.0,24348.0,2957.4297
806,18.6785,18.7484,2.0245,19.2692,549.0,22624.0,2957.4297
807,19.2287,18.8842,2.1071,18.6817,551.0,23908.0,2957.4297
808,18.7125,18.3267,1.9764,18.833,549.0,22196.0,2957.4297
809,18.7666,18.4669,1.7885,19.4847,550.0,25400.0,2957.4297
810,19.5035,18.342,2.1968,19.6605,549.0,57184.0,2957.4297
811,19.7056,18.2175,2.2685,17.7598,553.0,66592.0,2957.4297
812,17.7619,18.3091,2.0089,19.1556,554.0,29268.0,2957.4297
813,19.1312,18.2713,2.0311,18.7139,553.0,29000.0,2957.4297
814,18.7601,19.0306,2.1401,18.7116,551.0,22566.0,2957.4297
815,18.6327,18.1786,1.8281,19.0148,551.0,22126.0,2957.4297
816,19.1144,18.2102,1.8417,19.4498,551.0,22198.0,2957.4297
817,19.4357,18.1739,2.2589,17.8558,549.0,22660.0,2957.4297
818,17.828,18.1692,2.4498,19.0923,547.0,22028.0,2957.4297
819,19.1854,18.1471,2.1009,18.676,545.0,22432.0,2957.4297
820,18.6935,18.2617,2.105,18.6516,550.0,22208.0,2957.4297
821,18.6233,18.23,2.1528,18.9442,549.0,22196.0,2957.4297
822,18.8981,18.6146,1.7873,19.0014,550.0,22208.0,2957.4297
823,18.9566,18.1612,1.9699,19.056,549.0,22660.0,2957.4297
824,19.0706,18.3079,2.0339,18.924,551.0,23148.0,2957.4297
825,18.9778,18.1217,2.1693,18.1839,550.0,23136.0,2957.4297
826,18.1767,18.0068,2.3945,18.413,549.0,24052.0,2957.4297
827,18.3415,18.2669,1.6607,18.8975,553.0,25448.0,2957.4297
828,18.9249,18.1937,1.9421,18.8289,555.0,23424.0,2957.4297
829,18.9395,18.9956,2.0089,19.3055,553.0,28772.0,2957.4297
830,19.3098,18.1291,2.1406,18.7904,552.0,31834.0,2957.4297
831,18.6836,18.226,1.9751,18.322,551.0,37914.0,2957.4297
832,18.3013,18.2753,2.0177,18.832,551.0,36954.0,2957.4297
833,18.8423,18.0871,1.9452,19.0724,550.0,28760.0,2957.4297
834,19.0768,18.3091,2.0739,18.6777,550.0,25300.0,2957.4297
835,18.7326,18.1733,2.1591,18.9759,549.0,23393.0,2957.4297
836,18.8991,18.2208,2.0629,18.1508,549.0,24052.0,2957.4297
837,18.2386,18.1466,1.9621,19.4062,553.0,24957.0,2957.4297
838,19.3979,18.5898,2.0615,18.4741,549.0,25249.0,2957.4297
839,18.4626,18.2514,1.8249,18.9892,549.0,23280.0,2957.4297
840,18.9482,18.0079,2.0353,18.6526,550.0,24228.0,2957.4297
841,18.6406,18.267,1.8663,19.2854,549.0,25372.0,2957.4297
842,19.3323,18.2517,2.0119,18.4952,553.0,25176.0,2957.4297
843,18.5135,18.3161,1.9671,18.756,553.0,24292.0,2957.4297
844,18.744,18.1126,1.9044,19.2764,555.0,29522.0,2957.4297
845,19.2599,18.6142,1.8846,18.9247,555.0,25407.0,2957.4297
846,18.9556,18.2432,2.1716,18.4327,556.0,27318.0,2957.4297
847,18.3764,18.0822,1.9687,18.4813,551.0,22934.0,2957.4297
848,18.4982,18.1603,2.0745,18.579,569.0,46807.0,2957.4297
849,18.5647,18.1871,1.9823,18.7787,558.0,34277.0,2957.4297
850,18.9529,18.2426,2.276,18.8549,556.0,28445.0,2957.4297
851,18.7183,18.1638,2.309,19.3326,552.0,24079.0,2957.4297
852,19.3995,18.1634,2.1104,18.3009,565.0,63008.0,2957.4297
853,18.2208,18.9541,2.1473,18.7705,545.0,27769.0,2957.4297
854,18.7402,18.0947,1.9183,18.4839,534.0,29344.0,2957.4297
855,18.5077,18.1708,1.9536,19.2389,551.0,30447.0,2957.4297
856,19.2493,18.2984,2.022,18.9395,551.0,29008.0,2957.4297
857,18.9669,18.2418,2.214,18.7289,550.0,28312.0,2957.4297
858,18.8104,18.0401,2.0404,18.4346,548.0,26286.0,2957.4297
859,18.3837,18.2087,1.8756,18.6537,553.0,33106.0,2957.4297
860,18.561,18.1035,2.0339,19.0317,554.0,33448.0,2957.4297
861,19.0215,18.9282,1.7583,18.8228,554.0,30938.0,2957.4297
862,18.8718,18.2538,1.9374,18.9871,551.0,32458.0,2957.4297
863,18.9677,18.1914,1.8145,18.5499,553.0,32772.0,2957.4297
864,18.6178,18.1652,2.012,18.5507,553.0,27584.0,2957.4297
865,18.5436,18.1585,2.2742,19.1898,550.0,24908.0,2957.4297
866,19.0894,18.2155,2.1433,18.0577,551.0,27480.0,2957.4297
867,18.0594,18.2911,1.896,18.9574,549.0,24092.0,2957.4297
868,19.0019,18.1436,1.9782,19.1703,549.0,33078.0,2957.4297
869,19.1768,18.2296,1.938,18.8025,550.0,30913.0,2957.4297
870,18.8594,18.0735,2.0531,19.0734,549.0,27550.0,2957.4297
871,19.0678,18.2258,1.9874,18.6589,550.0,22964.0,2957.4297
872,18.5872,18.3496,1.9242,18.4569,551.0,23998.0,2957.4297
873,18.4482,18.1461,1.8905,18.6924,549.0,23332.0,2957.4297
874,18.7458,18.2242,2.2031,19.0693,549.0,22196.0,2957.4297
875,19.1758,18.1405,2.2469,19.147,554.0,22212.0,2957.4297
876,19.0399,18.225,2.148,18.7881,552.0,22152.0,2957.4297
877,18.8307,18.8539,1.9198,18.2806,552.0,23508.0,2957.4297
878,18.158,18.2646,1.7627,19.1177,551.0,23590.0,2957.4297
879,19.2372,17.9831,2.0681,18.132,552.0,22674.0,2957.4297
880,18.0493,18.1795,1.956,19.0282,554.0,22662.0,2957.4297
881,19.0864,18.0714,2.2629,18.4914,550.0,22672.0,2957.4297
882,18.6065,18.2502,2.1008,19.2003,550.0,29424.0,2957.4297
883,19.0586,18.0786,1.7946,18.6632,549.0,24348.0,2957.4297
884,18.6898,18.1078,1.9585,18.5156,549.0,22624.0,2957.4297
885,18.5821,18.1265,1.9935,18.9693,550.0,23896.0,2957.4297
886,18.8967,18.3484,2.2986,18.9041,550.0,22208.0,2957.4297
887,18.8969,18.1217,2.2314,18.9986,550.0,34132.0,2957.4297
888,19.0119,18.1453,2.0062,19.0265,549.0,51952.0,2957.4297
889,19.0755,18.2303,2.1651,18.4605,548.0,63040.0,2957.4297
890,18.3859,18.0999,2.5058,18.6328,550.0,29300.0,2957.4297
891,18.787,18.1175,2.1766,18.6911,553.0,29000.0,2957.4297
892,18.6096,18.184,2.1876,18.9126,555.0,22592.0,2957.4297
893,18.8897,18.5431,2.1306,18.2143,551.0,22104.0,2957.4297
894,18.2227,18.1771,2.2207,19.0544,551.0,22198.0,2957.4297
895,18.9819,18.1959,1.7828,18.7668,551.0,22614.0,2957.4297
896,18.7689,18.1072,1.8733,18.2812,546.0,21946.0,2957.4297
897,18.3382,18.0463,1.9043,19.2688,548.0,22612.0,2957.4297
898,19.3012,18.2467,2.0674,18.7985,543.0,21740.0,2957.4297
899,18.7818,18.1248,2.0443,18.2679,549.0,22196.0,2957.4297
900,18.2327,18.1278,1.789,18.3389,549.0,22196.0,2957.4297
901,18.3939,18.4345,1.6515,19.7254,549.0,22660.0,2957.4297
902,19.5863,18.5793,1.7038,18.6399,550.0,23136.0,2957.4297
903,18.6907,18.2012,1.6163,18.4815,550.0,23136.0,2957.4297
904,18.4928,18.0438,1.8722,18.38,549.0,24052.0,2957.4297
905,18.4321,18.1867,1.9777,18.759,550.0,25456.0,2957.4297
906,18.7692,18.1711,2.142,18.8622,549.0,23396.0,2957.4297
907,18.8292,18.1993,1.9025,18.7462,554.0,28784.0,2957.4297
908,18.7446,18.1211,1.8175,18.3198,555.0,31848.0,2957.4297
909,18.2917,18.6291,1.5818,19.1355,553.0,37916.0,2957.4297
910,19.1171,18.0913,1.6974,19.0129,552.0,36966.0,2957.4297
911,19.1336,18.3937,1.9945,18.7698,551.0,28750.0,2957.4297
912,18.7198,18.1321,2.0431,19.124,551.0,25290.0,2957.4297
913,19.2624,18.3604,2.479,18.4165,549.0,23393.0,2957.4297
914,18.3823,18.527,2.2459,19.5976,549.0,24052.0,2957.4297
915,19.4533,18.2733,1.8445,18.5513,549.0,24909.0,2957.4297
916,18.6236,18.3422,1.9061,18.5666,549.0,25249.0,2957.4297
917,18.5228,19.1008,2.0083,19.8315,549.0,23280.0,2957.4297
918,19.8265,18.0992,1.9656,18.7642,550.0,24228.0,2957.4297
919,18.7592,18.3499,2.0555,18.783,550.0,25384.0,2957.4297
920,18.7784,18.442,2.1431,18.8073,550.0,25140.0,2957.4297
921,18.8508,18.3605,2.3188,19.6708,550.0,24300.0,2957.4297
922,19.6112,18.3252,2.2301,19.0178,552.0,29530.0,2957.4297
923,19.0404,18.3492,2.0536,18.8641,555.0,25407.0,2957.4297
924,18.928,19.5317,2.1482,19.1883,559.0,27332.0,2957.4297
925,19.134,18.3738,1.9518,18.9544,553.0,22936.0,2957.4297
926,18.9927,18.4812,2.1167,18.8939,568.0,46795.0,2957.4297
927,18.9173,18.3285,2.3113,19.2018,560.0,34279.0,2957.4297
928,19.2643,18.2323,2.4463,19.3167,559.0,28459.0,2957.4297
929,19.2194,18.5261,2.2507,19.0441,552.0,24079.0,2957.4297
930,19.0714,18.635,2.0429,18.7029,563.0,62984.0,2957.4297
931,18.6393,19.4451,2.2292,19.3891,550.0,32240.0,2957.4297
932,19.4053,18.2357,1.9997,18.6194,540.0,27325.0,2957.4297
933,18.6309,18.4033,2.0928,18.982,551.0,31451.0,2957.4297
934,18.9616,18.3316,2.1171,19.1393,549.0,30030.0,2957.4297
935,19.1871,18.4347,2.3241,19.2243,550.0,28216.0,2957.4297
936,19.2279,18.438,2.4844,19.1667,549.0,26946.0,2957.4297
937,19.1035,18.2006,2.1453,18.2302,549.0,30440.0,2957.4297
938,18.2258,19.403,2.1144,19.4045,550.0,36018.0,2957.4297
939,19.5105,18.3157,1.945,18.7849,556.0,28682.0,2957.4297
940,18.7412,18.293,2.0447,18.6944,554.0,35173.0,2957.4297
941,18.682,18.3423,2.0486,19.1971,554.0,28641.0,2957.4297
942,19.1779,18.2832,2.3902,19.5766,553.0,27710.0,2957.4297
943,19.6684,18.2834,2.3279,18.2544,552.0,25730.0,2957.4297
944,18.2007,18.1704,2.1176,18.5647,551.0,26326.0,2957.4297
945,18.6336,18.6062,2.0374,19.2281,549.0,29186.0,2957.4297
946,19.2161,18.6141,1.9241,18.8694,550.0,33068.0,2957.4297
947,18.806,18.1322,2.2535,18.853,550.0,26223.0,2957.4297
948,18.8152,18.2041,2.0699,18.3717,550.0,27212.0,2957.4297
949,18.3849,18.2165,1.9708,18.5251,549.0,22916.0,2957.4297
950,18.5502,18.1855,2.4006,19.0954,549.0,23718.0,2957.4297
951,19.097,18.2691,2.0476,18.6609,550.0,23136.0,2957.4297
952,18.7017,18.201,2.1553,19.4373,550.0,22208.0,2957.4297
953,19.4233,18.5765,2.1051,18.5853,550.0,22172.0,2957.4297
954,18.5351,18.5988,2.1134,19.4661,549.0,22196.0,2957.4297
955,19.5569,18.1171,2.0737,19.1834,551.0,23960.0,2957.4297
956,19.1191,18.2675,2.0132,18.5509,554.0,23140.0,2957.4297
957,18.5687,18.2314,2.6343,17.7949,552.0,22616.0,2957.4297
958,17.7944,18.2549,2.3346,18.7985,553.0,22686.0,2957.4297
959,18.7899,18.1783,2.1658,19.2836,552.0,24362.0,2957.4297
960,19.2607,18.0946,1.9236,18.3964,553.0,27750.0,2957.4297
961,18.4099,17.7062,2.2074,20.292,549.0,24312.0,2957.4297
962,20.2642,18.2673,2.2033,17.038,549.0,22660.0,2957.4297
963,17.056,18.1714,2.0197,19.2358,549.0,23884.0,2957.4297
964,19.2731,18.0124,2.0772,18.3366,549.0,30928.0,2957.4297
965,18.3931,18.2269,2.3609,18.4348,549.0,28888.0,2957.4297
966,18.3842,18.2268,2.2996,19.1222,549.0,53648.0,2957.4297
967,19.1096,18.2309,2.0987,18.3983,551.0,58712.0,2957.4297
968,18.336,18.0728,1.9505,18.3701,550.0,28468.0,2957.4297
969,18.4134,18.8024,1.9928,19.6466,549.0,28996.0,2957.4297
970,19.681,18.1362,2.1205,18.6393,550.0,22576.0,2957.4297
971,18.5921,18.0814,2.1871,18.6088,553.0,22128.0,2957.4297
972,18.6136,18.2115,1.9498,18.8617,556.0,22700.0,2957.4297
973,18.8599,18.0852,1.7633,18.4688,554.0,22212.0,2957.4297
974,18.5483,18.0407,2.0573,18.6779,547.0,22006.0,2957.4297
975,18.6308,18.0466,1.9573,19.0177,551.0,22626.0,2957.4297
976,19.0104,18.1839,1.9274,18.1763,552.0,22210.0,2957.4297
977,18.1782,18.215,2.008,19.837,550.0,22208.0,2957.4297
978,19.8822,18.5578,2.0419,17.939,549.0,22660.0,2957.4297
979,17.9164,18.142,2.1749,18.7884,550.0,22672.0,2957.4297
980,18.8146,18.0881,2.3444,19.5634,550.0,23600.0,2957.4297
981,19.514,18.2242,2.0517,18.1125,551.0,22684.0,2957.4297
982,18.2016,18.3887,2.63,19.2518,549.0,25444.0,2957.4297
983,19.173,18.1916,2.2009,18.2302,552.0,23992.0,2957.4297
984,18.1879,18.1669,2.1786,18.6279,550.0,27948.0,2957.4297
985,18.7064,18.4083,1.8928,19.4305,551.0,29432.0,2957.4297
986,19.3442,18.1301,1.9032,18.8765,549.0,38008.0,2957.4297
987,18.9487,18.2149,1.8938,18.4017,553.0,36276.0,2957.4297
988,18.3898,18.4509,1.7624,19.2333,553.0,30604.0,2957.4297
989,19.1693,18.1448,1.9868,18.5501,554.0,25020.0,2957.4297
990,18.6408,18.1809,2.1779,18.6629,552.0,26499.0,2957.4297
991,18.5676,18.2107,2.0785,18.7384,552.0,23602.0,2957.4297
992,18.7714,18.1263,2.0229,18.4664,552.0,23602.0,2957.4297
993,18.4991,18.4468,2.1554,19.3106,551.0,24005.0,2957.4297
994,19.3293,18.5936,2.0943,18.8409,550.0,25633.0,2957.4297
995,18.8088,18.2306,1.9331,18.5946,549.0,24804.0,2957.4297
996,18.545,18.0635,1.9821,18.969,551.0,25520.0,2957.4297
997,19.0548,18.0776,1.9896,18.533,549.0,23724.0,2957.4297
998,18.5274,18.1964,2.3764,18.7673,550.0,24300.0,2957.4297
999,18.7621,18.2318,1.9757,18.3112,552.0,26683.0,2957.4297
1000,18.2641,18.0225,2.0525,18.3309,552.0,29298.0,2957.4297
1001,18.3345,19.0531,1.8243,19.5348,554.0,27256.0,2957.4297
1002,19.5251,18.1408,1.9391,19.3178,548.0,22980.0,2957.4297
1003,19.345,17.9903,2.0749,17.9512,558.0,32347.0,2957.4297
1004,18.0249,18.2491,2.002,18.9601,574.0,46789.0,2957.4297
1005,18.8864,18.258,1.9518,18.7408,558.0,27421.0,2957.4297
1006,18.7752,18.1522,2.4322,18.5416,556.0,27419.0,2957.4297
1007,18.5072,18.3154,2.3104,18.9303,557.0,42170.0,2957.4297
1008,18.9446,18.0856,1.7839,18.2304,560.0,48669.0,2957.4297
1009,18.2188,18.5908,1.6885,19.7121,550.0,29493.0,2957.4297
1010,19.7259,18.0921,1.7456,18.6975,549.0,34248.0,2957.4297
1011,18.5693,18.2035,1.9095,18.2029,549.0,28562.0,2957.4297
1012,18.2248,18.1472,1.7944,19.4865,549.0,29672.0,2957.4297
1013,19.6382,18.1392,2.1665,18.1446,549.0,26746.0,2957.4297
1014,18.1479,18.2327,2.385,18.721,548.0,28734.0,2957.4297
1015,18.7187,18.1588,2.074,18.3514,549.0,34894.0,2957.4297
1016,18.2664,18.1751,1.7776,19.0915,549.0,31406.0,2957.4297
1017,19.0848,18.7424,1.9674,19.0233,550.0,35291.0,2957.4297
1018,19.183,18.1631,2.2266,18.6106,549.0,27825.0,2957.4297
1019,18.4875,18.4673,2.0727,19.37,553.0,27150.0,2957.4297
1020,19.5215,18.1176,2.0155,18.2032,554.0,26602.0,2957.4297
1021,18.0684,18.0367,2.0958,18.554,553.0,25984.0,2957.4297
1022,18.5899,18.1511,1.8617,18.8615,555.0,25106.0,2957.4297
1023,18.8098,18.2483,1.9206,18.4806,552.0,34784.0,2957.4297
1024,18.5062,18.0716,1.7838,18.4113,552.0,28723.0,2957.4297
1025,18.3957,18.0679,2.0544,19.7864,551.0,28074.0,2957.4297
1026,19.8734,18.7244,1.9748,18.5641,551.0,22684.0,2957.4297
1027,18.5057,18.1508,1.7639,18.7396,549.0,23266.0,2957.4297
1028,18.7496,18.0497,1.8605,18.5852,549.0,23832.0,2957.4297
1029,18.5229,18.2511,1.4579,18.7537,550.0,22208.0,2957.4297
1030,18.7738,18.0417,1.5801,18.7444,550.0,22172.0,2957.4297
1031,18.7673,18.1077,1.6247,18.6243,550.0,22208.0,2957.4297
1032,18.6971,18.1643,1.9882,18.6524,548.0,24004.0,2957.4297
1033,18.5783,18.5649,2.2086,19.8365,548.0,22148.0,2957.4297
1034,19.8229,18.1202,2.0443,18.1235,548.0,23540.0,2957.4297
1035,18.152,18.1414,2.1593,19.1017,553.0,22200.0,2957.4297
1036,19.0733,18.2753,2.0057,18.8149,553.0,24816.0,2957.4297
1037,18.9446,18.2866,2.2791,19.0789,555.0,27752.0,2957.4297
1038,18.9628,18.2897,2.6026,18.467,552.0,24326.0,2957.4297
1039,18.4399,18.0764,2.0472,18.6336,551.0,22662.0,2957.4297
1040,18.7421,18.1162,2.0752,18.4078,553.0,22222.0,2957.4297
1041,18.2629,18.4751,1.883,19.3859,549.0,32616.0,2957.4297
1042,19.5643,18.0803,1.9346,18.3871,549.0,28888.0,2957.4297
1043,18.2575,18.2192,1.6561,18.7017,549.0,41588.0,2957.4297
1044,18.7176,18.5244,1.9874,19.4786,550.0,65972.0,2957.4297
1045,19.5132,18.4552,2.1527,19.0196,550.0,29696.0,2957.4297
1046,19.0532,18.2914,2.3231,19.3177,549.0,32188.0,2957.4297
1047,19.2613,18.4442,2.3142,18.6348,550.0,22944.0,2957.4297
1048,18.6301,18.4151,2.1018,18.7211,550.0,22172.0,2957.4297
1049,18.778,19.1504,2.1845,19.0019,548.0,22612.0,2957.4297
1050,18.9826,17.8772,1.935,18.905,549.0,22196.0,2957.4297
1051,18.9467,18.2987,2.0084,18.9357,546.0,21768.0,2957.4297
1052,18.8457,18.4749,2.0829,19.9001,552.0,22116.0,2957.4297
1053,19.9542,18.3357,2.4801,18.6126,555.0,22688.0,2957.4297
1054,18.566,18.3418,2.0055,18.493,552.0,22210.0,2957.4297
1055,18.5239,18.2308,1.8766,18.5597,551.0,22662.0,2957.4297
1056,18.4991,19.3692,1.9852,19.5949,551.0,22662.0,2957.4297
1057,19.5986,18.3684,1.9989,20.2418,549.0,23588.0,2957.4297
1058,20.3374,18.2673,2.0798,18.4985,549.0,22660.0,2957.4297
1059,18.4785,18.4488,2.1712,17.7824,549.0,24516.0,2957.4297
1060,17.7478,18.4403,2.6439,19.6436,549.0,23956.0,2957.4297
1061,19.7343,18.4372,2.883,19.3767,550.0,28044.0,2957.4297
1062,19.2848,18.3254,2.731,18.3619,550.0,29052.0,2957.4297
1063,18.3651,18.6732,2.1491,19.6072,549.0,36236.0,2957.4297
1064,19.625,18.7115,2.0708,18.5119,549.0,35332.0,2957.4297
1065,18.5158,18.3375,2.2331,18.965,551.0,32848.0,2957.4297
1066,18.9222,17.9954,1.9885,18.252,550.0,26704.0,2957.4297
1067,18.3059,17.9706,2.1185,18.8395,554.0,25097.0,2957.4297
1068,18.8725,18.3299,2.7429,19.1084,553.0,24996.0,2957.4297
1069,19.061,18.4132,2.2317,19.8856,553.0,23128.0,2958.1797
1070,19.8872,18.3296,2.2562,21.8146,342.0,29452.0,2958.1797
1071,21.8779,14.6725,2.0602,14.0603,547.0,66454.0,2958.1797
1072,14.1952,14.5596,2.2412,14.6568,525.0,85098.0,2958.4297
1073,14.4155,13.4663,1.823,13.4936,512.0,43602.0,2958.4297
1074,13.5159,13.6062,2.472,12.1346,416.0,47206.0,2958.4297
1075,12.0844,13.3936,2.0403,13.7929,324.0,28426.0,2958.4297
1076,13.9023,13.1707,2.1315,14.4318,286.0,27522.0,2958.4297
1077,14.3614,12.2969,2.2092,15.1332,353.0,33658.0,2958.4297
1078,15.2015,13.2381,2.4909,11.879,292.0,29514.0,2958.4297
1079,11.8068,12.8856,2.0665,13.3292,288.0,28490.0,2979.1172
1080,13.3107,12.9783,2.3021,12.6397,295.0,30094.0,2993.8047
1081,12.612,12.7452,1.7535,13.6332,302.0,47170.0,2993.8047
1082,13.6722,12.5825,3.1974,12.9778,295.0,33201.0,2993.8047
1083,13.0236,12.709,2.2403,12.8119,298.0,41487.0,2964.4297
1084,12.7397,12.8802,2.45,13.5065,290.0,39820.0,2923.0547
1085,13.6184,13.003,1.9975,13.6305,290.0,24272.0,2923.0547
1086,13.5974,12.9274,2.0153,12.8631,287.0,26316.0,2923.0547
1087,12.8363,11.86,1.9682,13.3044,291.0,27228.0,2923.0547
1088,13.3049,12.8613,2.0063,13.4454,290.0,27968.0,2923.0547
1089,13.4425,13.0439,1.9626,12.8042,285.0,25534.0,2923.0547
1090,12.7811,12.8207,1.917,13.196,286.0,26062.0,2923.0547
1091,13.268,12.2564,2.2017,12.9056,288.0,31650.0,2923.0547
1092,12.8564,12.1149,1.9629,13.5827,288.0,24006.0,2923.0547
1093,13.5816,12.9668,2.0729,12.6017,287.0,23838.0,2923.0547
1094,12.6106,12.0466,1.8666,12.1063,287.0,37142.0,2923.0547
1095,12.0657,12.6685,1.5949,14.2581,286.0,39410.0,2923.0547
1096,14.2524,12.3648,2.0048,13.7041,286.0,73878.0,2923.0547
1097,13.7699,12.9799,2.186,13.3461,287.0,40178.0,2923.0547
1098,13.3737,13.0635,2.1937,14.5844,271.0,23306.0,2923.0547
1099,14.6339,12.734,2.525,11.7947,292.0,23510.0,2923.0547
1100,11.7652,13.0216,2.195,13.7111,290.0,25842.0,2923.0547
1101,13.6362,12.1127,1.8314,12.5842,293.0,27174.0,2923.0547
1102,12.6021,12.9742,2.2529,12.9975,289.0,33636.0,2923.0547
1103,13.0208,12.705,2.6479,13.1002,289.0,43092.0,2923.0547
1104,13.1573,13.1511,1.9907,14.4346,291.0,32212.0,2923.0547
1105,14.3872,12.8307,2.6271,13.2135,288.0,25410.0,2923.0547
1106,13.2197,12.2364,2.1653,12.2669,285.0,26484.0,2923.0547
1107,12.2763,11.8924,2.1884,12.5768,260.0,22408.0,2923.0547
1108,12.4907,13.0939,2.0951,13.1917,257.0,21960.0,2923.0547
1109,13.2203,12.0708,2.0231,13.1603,252.0,21478.0,2923.0547
1110,13.247,12.0225,2.2985,12.8043,268.0,22924.0,2923.0547
1111,12.7333,12.5818,2.0316,13.1266,252.0,21430.0,2923.0547
1112,13.1777,12.9197,2.6531,12.9981,269.0,23190.0,2923.0547
1113,13.0469,11.8567,2.2453,12.6348,257.0,21960.0,2923.0547
1114,12.5797,12.8327,1.9514,13.5869,273.0,25248.0,2923.0547
1115,13.5339,12.1617,1.9026,12.5794,292.0,34402.0,2923.0547
1116,12.5516,12.852,1.9116,13.9014,292.0,30734.0,2923.0547
1117,13.9989,12.7811,2.1276,13.2301,292.0,26330.0,2923.0547
1118,13.1412,12.5515,2.1702,14.0692,290.0,23544.0,2923.0547
1119,14.1229,12.6145,2.2119,13.0106,289.0,23690.0,2923.0547
1120,13.0471,12.3938,2.2804,12.3508,289.0,27144.0,2923.0547
1121,12.3305,12.7472,2.2482,12.5607,288.0,23914.0,2923.0547
1122,12.7265,12.8807,2.4875,13.4341,256.0,21718.0,2923.0547
1123,13.2316,12.9652,2.5375,13.7562,252.0,21430.0,2923.0547
1124,13.7498,12.0217,2.0179,12.1911,259.0,21754.0,2923.0547
1125,12.3152,11.8648,2.0485,12.6167,254.0,21454.0,2923.0547
1126,12.5013,12.8893,2.1495,13.8071,253.0,21490.0,2923.0547
1127,13.8421,12.9742,2.0777,13.2225,252.0,21478.0,2923.0547
1128,13.1968,12.8367,2.299,12.8385,289.0,28481.0,2923.0547
1129,12.8485,11.8851,2.4885,13.3876,288.0,33413.0,2923.0547
1130,13.3817,12.5404,2.2953,13.6687,290.0,34282.0,2923.0547
1131,13.6669,12.9774,2.13,13.7353,292.0,37260.0,2923.0547
1132,13.7725,12.12,2.1751,11.6857,293.0,33988.0,2923.0547
1133,11.677,12.7672,2.0324,14.1151,290.0,24846.0,2923.0547
1134,14.1072,12.2448,1.9774,12.6969,290.0,27412.0,2923.0547
1135,12.6523,12.9326,2.3119,13.3019,291.0,25708.0,2923.0547
1136,13.3559,12.8214,2.6706,12.9951,289.0,27290.0,2923.0547
1137,12.9687,11.8086,2.2809,12.9085,284.0,25062.0,2923.0547
1138,12.8939,12.1561,2.3245,12.7601,253.0,21442.0,2923.0547
1139,12.7986,12.8395,2.2712,11.8731,252.0,21430.0,2923.0547
1140,11.8215,12.0053,2.1338,12.8099,252.0,21430.0,2923.0547
1141,12.8533,12.6566,1.9511,13.6487,288.0,24006.0,2923.0547
1142,13.6526,12.6753,1.8445,13.7001,287.0,24486.0,2923.0547
1143,13.6717,12.0622,2.1263,13.0939,288.0,23910.0,2923.0547
1144,13.1578,12.8067,2.2384,13.0475,288.0,24006.0,2923.0547
1145,13.0211,12.6983,2.0937,13.3523,286.0,23828.0,2923.0547
1146,13.355,13.0141,2.3472,12.8307,286.0,23518.0,2923.0547
1147,12.9807,11.9541,2.4434,13.6754,291.0,23844.0,2923.0547
1148,13.5603,12.1124,2.1219,11.9413,292.0,25393.0,2923.0547
1149,11.8945,13.0785,1.9813,13.6407,255.0,21422.0,2923.0547
1150,13.6874,12.9487,2.2203,12.5013,290.0,26898.0,2923.0547
1151,12.4307,12.5911,2.0346,14.1955,289.0,24460.0,2923.0547
1152,14.2425,12.0167,2.1192,12.3246,293.0,27738.0,2923.0547
1153,12.3455,12.9157,1.9823,12.9433,289.0,24751.0,2923.0547
1154,12.9707,12.8586,1.9931,13.5661,287.0,23530.0,2923.0547
1155,13.5677,12.6914,2.1759,12.5626,288.0,26400.0,2923.0547
1156,12.4443,12.8305,1.8545,14.3524,287.0,25738.0,2923.0547
1157,14.4128,12.198,2.1664,12.1415,286.0,24622.0,2923.0547
1158,12.1065,12.9078,2.0093,13.0015,271.0,22522.0,2923.0547
1159,12.9781,12.7112,2.0724,13.689,252.0,21430.0,2923.0547
1160,13.7556,12.775,2.118,13.2943,252.0,21430.0,2923.0547
1161,13.4541,12.9649,2.2376,13.8718,287.0,23898.0,2923.0547
1162,13.6524,12.0534,1.9119,12.5821,288.0,23910.0,2923.0547
1163,12.6268,12.6213,2.2704,12.8985,290.0,23522.0,2923.0547
1164,12.8928,12.0513,1.965,12.7382,292.0,23546.0,2923.0547
1165,12.7851,13.0414,2.1451,13.6036,290.0,24578.0,2923.0547
1166,13.5051,12.1139,2.1828,12.9515,288.0,39930.0,2923.0547
1167,13.0732,12.2462,2.0024,12.7326,290.0,29860.0,2923.0547
1168,12.663,12.0307,2.1741,12.6928,290.0,26686.0,2923.0547
1169,12.845,12.9591,2.1418,13.1945,288.0,29326.0,2923.0547
1170,13.0613,12.889,1.755,13.1808,286.0,30646.0,2923.0547
1171,13.1843,11.859,1.9312,13.1937,260.0,23536.0,2923.0547
1172,13.1756,13.0223,2.1466,13.1723,251.0,21418.0,2923.0547
1173,13.1939,12.7925,2.1993,12.6328,266.0,26578.0,2923.0547
1174,12.6444,12.9637,2.4489,13.7998,257.0,21730.0,2923.0547
1175,13.8076,12.1969,2.3244,13.4152,265.0,22368.0,2923.0547
1176,13.3993,12.1203,2.0463,12.3842,287.0,36462.0,2923.0547
1177,12.3808,12.8894,1.7041,13.5131,287.0,27920.0,2923.0547
1178,13.4884,12.8224,1.8313,12.3814,287.0,27279.0,2923.0547
1179,12.3649,11.8628,2.0619,13.7766,292.0,23546.0,2923.0547
1180,13.7895,12.2582,2.0889,12.8497,291.0,24426.0,2923.0547
1181,12.8468,12.9679,2.171,12.5584,292.0,28778.0,2923.0547
1182,12.6742,12.9134,1.9009,13.6103,282.0,24516.0,2923.0547
1183,13.5214,11.7985,2.1395,12.2715,253.0,21420.0,2923.0547
1184,12.2602,12.0912,2.0974,13.4815,277.0,27984.0,2923.0547
1185,13.451,12.3482,1.8392,12.3099,252.0,21942.0,2923.0547
1186,12.2964,12.1266,1.6223,12.7282,287.0,28478.0,2923.0547
1187,12.7922,12.5996,1.8467,13.4978,293.0,29702.0,2923.0547
1188,13.4429,12.9642,1.8937,13.2597,296.0,40341.0,2923.0547
1189,13.2556,12.0574,1.7609,12.838,299.0,39370.0,2923.0547
1190,12.95,12.698,2.0701,13.4154,294.0,35815.0,2923.0547
1191,13.3378,12.9265,1.9631,12.9149,288.0,45206.0,2923.0547
1192,12.9438,12.9875,2.1178,13.5846,288.0,25694.0,2923.0547
1193,13.5792,12.3871,2.0131,13.8517,287.0,26188.0,2923.0547
1194,13.8495,12.285,2.2157,12.6489,286.0,27340.0,2923.0547
1195,12.6214,12.9354,2.0322,13.4383,291.0,27144.0,2923.0547
1196,13.48,13.0462,2.2527,13.3582,288.0,26340.0,2923.0547
1197,13.375,12.842,1.962,13.0564,290.0,26066.0,2923.0547
1198,12.993,11.7749,1.9807,13.2319,288.0,31628.0,2923.0547
1199,13.3005,13.0752,2.2768,13.7027,289.0,23996.0,2923.0547
1200,13.7429,12.8113,2.2944,12.5652,288.0,23828.0,2923.0547
1201,12.597,12.8745,2.5316,12.9155,288.0,37154.0,2923.0547
1202,12.9002,12.6714,2.5744,13.4941,286.0,39410.0,2923.0547
1203,13.4555,12.2036,2.1523,13.2782,287.0,69102.0,2923.0547
1204,13.2729,12.4347,2.1856,13.0085,286.0,44218.0,2923.0547
1205,12.9785,12.8593,2.0156,13.4735,276.0,24246.0,2923.0547
1206,13.4641,12.7091,1.95,13.2006,285.0,23470.0,2923.0547
1207,13.2216,13.0391,2.262,13.299,288.0,25862.0,2923.0547
1208,13.2963,12.1304,2.0946,12.4836,286.0,27134.0,2923.0547
1209,12.4512,12.8361,2.069,13.8357,287.0,33634.0,2923.0547
1210,13.8677,12.9477,2.0544,13.1051,286.0,43078.0,2923.0547
1211,13.123,13.0722,2.0681,13.6879,292.0,32202.0,2923.0547
1212,13.6436,12.7127,2.1045,13.2396,290.0,25390.0,2923.0547
1213,13.31,12.0843,2.507,12.3573,292.0,26524.0,2923.0547
1214,12.2923,13.0221,2.1984,13.3857,260.0,22434.0,2923.0547
1215,13.3959,12.859,2.0955,12.8606,258.0,21950.0,2923.0547
1216,12.8748,12.5879,1.9801,13.1238,258.0,21624.0,2923.0547
1217,13.1767,12.6649,2.0902,13.5703,266.0,22756.0,2923.0547
1218,13.5436,12.1588,1.9944,12.7429,251.0,21418.0,2923.0547
1219,12.7125,12.8794,2.201,13.3159,272.0,23322.0,2923.0547
1220,13.3348,12.6062,2.1568,12.6516,269.0,25382.0,2923.0547
1221,12.5819,12.8446,2.0624,14.2694,259.0,21850.0,2923.0547
1222,14.3684,13.1233,2.5956,13.0561,288.0,34398.0,2923.0547
1223,13.1809,12.0214,2.4305,13.6333,288.0,30730.0,2923.0547
1224,13.5728,12.5446,2.4516,13.9217,287.0,26314.0,2923.0547
1225,13.8716,13.0749,2.3172,13.4181,288.0,23542.0,2923.0547
1226,13.4883,13.0183,2.336,12.8614,289.0,23712.0,2923.0547
1227,12.7431,12.9937,2.1429,13.5648,290.0,27134.0,2923.0547
1228,13.6198,11.8475,2.1979,12.3024,290.0,23894.0,2923.0547
1229,12.2514,13.3278,2.0912,13.6766,260.0,21626.0,2923.0547
1230,13.6343,13.1096,2.0571,13.1415,255.0,21444.0,2923.0547
1231,13.1584,12.7288,2.0667,12.9941,260.0,21744.0,2923.0547
1232,12.9882,12.7491,2.0417,14.4651,257.0,21516.0,2923.0547
1233,14.5297,12.1762,1.985,12.3657,252.0,21478.0,2923.0547
1234,12.3712,12.9935,2.2558,13.8444,288.0,28469.0,2923.0547
1235,13.786,13.1218,2.0595,13.048,287.0,30580.0,2923.0547
1236,13.3822,12.8269,2.4949,13.4083,292.0,36221.0,2923.0547
1237,13.1183,12.9387,2.0278,13.4436,287.0,38150.0,2923.0547
1238,13.4341,12.0207,2.1125,13.636,289.0,33984.0,2923.0547
1239,13.6615,13.021,2.1947,13.4785,286.0,24842.0,2923.0547
1240,13.4558,12.7653,2.2521,12.8221,287.0,27398.0,2923.0547
1241,12.7904,13.1233,2.3051,13.3261,288.0,25694.0,2923.0547
1242,13.3316,12.9799,2.4816,13.6927,291.0,25648.0,2923.0547
1243,13.7013,11.9694,2.2438,12.6788,290.0,26826.0,2923.0547
1244,12.6893,13.3767,2.2279,14.3732,256.0,21434.0,2923.0547
1245,14.4464,13.0092,2.1798,12.7783,256.0,21434.0,2923.0547
1246,12.7688,12.8182,2.5103,13.5301,254.0,21432.0,2923.0547
1247,13.4954,12.7651,2.2229,13.3609,289.0,23996.0,2923.0547
1248,13.3491,12.5488,2.2461,13.3246,288.0,24476.0,2923.0547
1249,13.3357,13.2163,2.4296,13.3964,287.0,23898.0,2923.0547
1250,13.3658,12.8667,2.4776,13.4037,288.0,24006.0,2923.0547
1251,13.5403,13.1032,2.6942,12.8152,286.0,23828.0,2923.0547
1252,12.7198,12.7822,2.138,14.3106,287.0,23530.0,2923.0547
1253,14.3368,12.1402,2.2662,12.2853,286.0,23828.0,2923.0547
1254,12.2075,12.5867,2.1702,12.7586,290.0,25413.0,2923.0547
1255,12.742,13.0125,2.1634,13.8023,251.0,21418.0,2923.0547
1256,13.9916,13.293,2.058,14.049,289.0,26908.0,2923.0547
1257,13.9145,12.3757,2.2621,13.2667,287.0,24458.0,2923.0547
1258,13.2849,11.8033,2.401,13.2487,291.0,27736.0,2923.0547
1259,13.2283,13.2791,2.317,13.9417,290.0,24719.0,2923.0547
1260,13.9388,13.0883,2.0843,12.0645,292.0,23546.0,2923.0547
1261,12.0444,12.9949,2.1197,13.4959,291.0,26392.0,2923.0547
1262,13.4876,12.7231,2.2484,13.2982,289.0,25740.0,2923.0547
1263,13.2935,12.2149,1.9272,13.3793,288.0,24624.0,2923.0547
1264,13.394,13.0933,2.4026,13.418,271.0,22500.0,2923.0547
1265,13.4505,13.0554,2.2574,13.0465,251.0,21418.0,2923.0547
1266,13.0951,12.7556,2.4025,13.1608,251.0,21418.0,2923.0547
1267,13.0859,12.4969,2.3711,13.6877,287.0,23898.0,2923.0547
1268,13.747,12.1976,2.2613,12.775,288.0,23910.0,2923.0547
1269,12.7392,12.5032,2.1791,12.9198,287.0,23530.0,2923.0547
1270,12.9086,12.6847,2.3921,12.5044,287.0,23530.0,2923.0547
1271,12.4496,12.9666,1.8434,13.82,288.0,24598.0,2923.0547
1272,13.842,11.9892,1.812,13.2926,286.0,39928.0,2923.0547
1273,13.2799,12.824,1.8429,12.4022,286.0,29834.0,2923.0547
1274,12.4679,12.6176,2.0225,13.3504,289.0,26696.0,2923.0547
1275,13.3787,13.128,2.1445,13.169,291.0,29318.0,2923.0547
1276,13.2167,12.7959,2.1388,13.5945,292.0,30674.0,2923.0547
1277,13.5243,12.0375,1.9379,12.8023,264.0,23540.0,2923.0547
1278,12.8044,13.0313,2.2366,14.0054,253.0,21420.0,2923.0547
1279,13.9571,12.9582,2.2777,12.2589,269.0,26592.0,2923.0547
1280,12.3109,12.7833,2.2378,13.9713,261.0,21900.0,2923.0547
1281,14.0502,12.812,2.3277,12.8938,270.0,22524.0,2923.0547
1282,12.7716,12.1992,2.6483,12.8358,287.0,36462.0,2923.0547
1283,12.8515,12.4383,2.1467,13.4005,289.0,27944.0,2923.0547
1284,13.4273,12.7382,2.227,13.2689,287.0,27279.0,2923.0547
1285,13.1985,12.8275,2.2086,13.2235,286.0,23518.0,2923.0547
1286,13.2781,12.1253,2.3559,13.5933,286.0,24410.0,2923.0547
1287,13.604,12.4714,2.1452,11.7759,288.0,28774.0,2923.0547
1288,11.7378,12.7359,2.0703,13.7617,275.0,24262.0,2923.0547
1289,13.8167,12.3565,2.1255,13.8492,252.0,21430.0,2923.0547
1290,13.8121,12.9293,2.2103,12.8056,288.0,32354.0,2923.0547
1291,12.8872,11.9754,2.0955,12.5111,291.0,25306.0,2923.0547
1292,12.3723,12.2267,1.8632,12.5436,297.0,30074.0,2923.0547
1293,12.6111,12.9986,1.7639,13.4941,306.0,49182.0,2923.0547
1294,13.599,12.8166,1.9196,13.189,298.0,32145.0,2923.0547
1295,13.0902,12.7769,1.9402,13.0756,297.0,37959.0,2923.0547
1296,13.0491,11.7529,1.864,13.3572,294.0,41526.0,2923.0547
1297,13.3904,12.5695,2.008,12.991,286.0,26094.0,2923.0547
1298,13.0428,12.86,2.0213,12.7387,286.0,28304.0,2923.0547
1299,12.6433,12.7437,1.8578,13.0501,287.0,25566.0,2923.0547
1300,13.1313,11.8031,2.1529,14.2221,288.0,27408.0,2923.0547
1301,14.1765,12.617,1.9684,12.2287,283.0,27232.0,2923.0547
1302,12.2122,12.8233,1.8976,13.1462,287.0,24422.0,2923.0547
1303,13.187,12.7213,1.9775,12.9915,290.0,31710.0,2923.0547
1304,12.9325,12.6012,1.7863,13.4293,286.0,23826.0,2923.0547
1305,13.4324,12.0817,1.9674,12.961,287.0,35238.0,2923.0547
1306,12.9917,12.7338,1.8925,12.9558,288.0,32274.0,2923.0547
1307,12.9572,12.8597,1.9735,13.181,289.0,55834.0,2923.0547
1308,13.1376,12.7234,1.7968,13.0841,292.0,57474.0,2923.0547
1309,13.1284,12.6018,1.7841,13.485,292.0,33366.0,2923.0547
1310,13.4904,12.0634,1.9129,12.5672,289.0,24268.0,2923.0547
1311,12.6026,12.3157,1.8866,13.4923,290.0,24900.0,2923.0547
1312,13.4529,12.5935,2.0321,12.7422,290.0,26696.0,2923.0547
1313,12.7175,12.9675,1.9187,13.5558,286.0,34182.0,2923.0547
1314,13.5942,12.0044,1.8428,12.3895,286.0,42806.0,2923.0547
1315,12.3413,12.8273,1.7963,13.6289,288.0,32934.0,2923.0547
1316,13.6584,12.8745,1.8873,13.6654,287.0,25766.0,2923.0547
1317,13.6651,12.7086,1.9931,12.3689,289.0,24760.0,2923.0547
1318,12.3693,12.7442,1.7454,13.3708,269.0,25190.0,2923.0547
1319,13.3188,11.7668,1.7039,12.5659,254.0,21502.0,2923.0547
1320,12.5777,12.9456,1.7835,13.6648,259.0,22384.0,2923.0547
1321,13.6632,12.8434,1.671,13.2428,261.0,21970.0,2923.0547
1322,13.2498,12.7957,1.7251,12.8325,252.0,21430.0,2923.0547
1323,12.8492,12.5604,1.6195,13.6656,290.0,26782.0,2923.0547
1324,13.7056,12.1849,1.8713,12.5458,268.0,22422.0,2923.0547
1325,12.5438,12.8358,2.0265,12.9861,257.0,21542.0,2923.0547
1326,12.9718,12.8318,1.7573,13.5578,288.0,34376.0,2923.0547
1327,13.562,12.6633,2.0454,13.1885,289.0,31184.0,2923.0547
1328,13.1719,12.5526,1.9219,13.4962,288.0,25840.0,2923.0547
1329,13.5403,11.9913,1.8717,12.5654,286.0,23676.0,2923.0547
1330,12.5471,12.8015,1.9035,13.067,286.0,23656.0,2923.0547
1331,13.0441,12.5958,1.8221,13.332,286.0,26992.0,2923.0547
1332,13.3286,12.9974,2.0073,13.1733,286.0,23890.0,2923.0547
1333,13.1867,12.4025,2.1237,13.2303,252.0,21430.0,2923.0547
1334,13.2149,12.2866,1.8793,12.5621,251.0,21418.0,2923.0547
1335,12.6093,13.0018,1.7667,13.6673,258.0,21790.0,2923.0547
1336,13.6425,12.8209,1.7001,12.9594,255.0,21562.0,2923.0547
1337,12.9484,12.5803,1.5683,13.3684,255.0,21466.0,2923.0547
1338,13.3234,11.8944,1.453,12.8195,290.0,28493.0,2923.0547
1339,12.8869,13.0159,1.9957,13.4145,292.0,32284.0,2923.0547
1340,13.4568,12.9212,1.9784,13.5932,294.0,34513.0,2923.0547
1341,13.6085,12.6379,1.9954,12.7206,291.0,38154.0,2923.0547
1342,12.653,12.7455,1.8972,13.3142,293.0,34010.0,2923.0547
1343,13.3123,12.1336,1.9254,12.7298,288.0,24844.0,2923.0547
1344,12.7901,12.8237,1.8927,12.6484,288.0,27852.0,2923.0547
1345,12.5784,12.6184,1.8841,13.3567,286.0,25206.0,2923.0547
1346,13.3926,12.779,1.8203,13.3694,287.0,25600.0,2923.0547
1347,13.3536,12.5425,1.8947,12.9956,287.0,26786.0,2923.0547
1348,13.0076,12.31,1.9057,12.8689,251.0,21418.0,2923.0547
1349,12.8685,12.6206,1.9201,13.4718,253.0,21442.0,2923.0547
1350,13.4599,12.3658,1.9273,12.9571,252.0,21430.0,2923.0547
1351,13.055,12.865,1.696,13.0702,287.0,23994.0,2923.0547
1352,12.9901,11.9659,1.7133,12.7392,287.0,24486.0,2923.0547
1353,12.7707,12.6043,1.789,13.0753,287.0,23898.0,2923.0547
1354,13.043,12.7664,1.7641,13.3773,288.0,24006.0,2923.0547
1355,13.4405,12.9909,2.1062,13.3749,290.0,23832.0,2923.0547
1356,13.2381,12.3629,1.6424,12.9459,291.0,23534.0,2923.0547
1357,12.9806,11.7931,1.8226,12.841,293.0,23868.0,2923.0547
1358,12.8924,13.0559,1.6162,13.1929,291.0,25403.0,2923.0547
1359,13.1122,12.8027,1.5982,13.7674,253.0,21420.0,2923.0547
1360,13.7625,12.7594,1.8798,12.7154,290.0,26898.0,2923.0547
1361,12.7358,11.8307,2.0064,13.7236,286.0,24446.0,2923.0547
1362,13.7669,12.938,1.9446,12.7486,290.0,27724.0,2923.0547
1363,12.7932,12.8266,2.1183,12.5848,288.0,24739.0,2923.0547
1364,12.638,12.8403,1.9669,13.5499,286.0,23518.0,2923.0547
1365,13.4827,12.2714,1.903,13.0684,288.0,26400.0,2923.0547
1366,13.0481,12.1559,1.9604,13.7897,288.0,25750.0,2923.0547
1367,13.7973,12.8353,2.0705,12.0213,286.0,24622.0,2923.0547
1368,11.9927,12.8264,1.9974,13.1186,269.0,22498.0,2923.0547
1369,13.1733,12.6223,1.9871,13.6503,264.0,22150.0,2923.0547
1370,13.5659,12.5578,1.6042,13.6523,253.0,21442.0,2923.0547
1371,13.7018,12.0799,1.9151,12.4778,291.0,23902.0,2923.0547
1372,12.4891,12.9854,1.7932,14.0377,292.0,23914.0,2923.0547
1373,14.0621,13.103,1.989,13.1163,291.0,23534.0,2923.0547
1374,13.0544,12.9854,1.976,13.9774,291.0,23556.0,2923.0547
1375,13.9798,12.4937,1.8766,13.1155,289.0,24588.0,2923.0547
1376,13.1253,12.3694,2.1229,13.0711,289.0,39942.0,2923.0547
1377,13.1743,12.9556,1.9928,13.6554,287.0,29846.0,2923.0547
1378,13.5925,12.9928,2.2223,13.2447,290.0,26708.0,2923.0547
1379,13.2775,13.1101,1.9829,13.7871,287.0,29314.0,2923.0547
1380,13.7284,12.6114,2.0113,13.2709,286.0,30646.0,2923.0547
1381,13.209,12.1733,1.9951,12.0733,259.0,23524.0,2923.0547
1382,12.0718,12.4937,1.7169,14.0345,251.0,21418.0,2923.0547
1383,14.0682,12.9567,1.737,13.1927,271.0,26926.0,2923.0547
1384,13.1894,13.034,1.7417,13.7288,263.0,21994.0,2923.0547
1385,13.7444,12.1032,2.3705,13.6726,269.0,27660.0,2923.0547
1386,13.7191,12.4735,1.9759,12.4508,289.0,31946.0,2923.0547
1387,12.4487,12.4989,1.8769,13.4407,288.0,27328.0,2923.0547
1388,13.4218,12.9998,1.8904,13.4138,292.0,27295.0,2923.0547
1389,13.4389,12.9802,2.3049,13.5162,294.0,23570.0,2923.0547
1390,13.492,12.6725,1.9635,13.3823,289.0,24424.0,2923.0547
1391,13.424,12.5096,1.9428,12.6948,288.0,28752.0,2923.0547
1392,12.673,12.9831,1.889,13.9266,271.0,23856.0,2923.0547
1393,13.9614,13.0012,1.9118,13.217,253.0,22894.0,2923.0547
1394,13.2115,12.9242,1.8559,13.5262,286.0,30878.0,2923.0547
1395,13.4494,12.5832,1.7229,13.4973,286.0,25290.0,2923.0547
1396,13.5139,12.5012,2.1764,12.3792,293.0,30070.0,2923.0547
1397,12.4956,13.0632,1.9786,14.0925,305.0,49214.0,2923.0547
1398,14.0328,12.9632,2.0775,13.185,296.0,32143.0,2923.0547
1399,13.1975,13.1885,2.0267,13.9577,294.0,37945.0,2923.0547
1400,13.9949,12.2015,2.3433,13.1445,291.0,41476.0,2923.0547
1401,13.0971,12.8597,2.1578,13.0274,288.0,27291.0,2923.0547
1402,13.0333,12.8834,2.0427,13.3046,289.0,27203.0,2923.0547
1403,13.3036,13.0207,1.8908,13.1337,291.0,25570.0,2923.0547
1404,13.0714,12.9968,1.7432,13.6173,291.0,27364.0,2923.0547
1405,13.6703,12.1781,2.0125,14.0781,290.0,27736.0,2923.0547
1406,14.0474,12.538,1.9041,12.4474,288.0,23984.0,2923.0547
1407,12.483,13.0316,1.9531,14.0099,289.0,31676.0,2923.0547
1408,14.008,12.9256,2.0961,12.8315,289.0,25436.0,2923.0547
1409,12.8241,12.9453,1.8494,13.2638,286.0,35226.0,2923.0547
1410,13.2362,12.5715,1.8199,13.2888,287.0,37494.0,2923.0547
1411,13.2928,12.744,1.8994,13.4789,287.0,49026.0,2923.0547
1412,13.5112,12.605,2.0108,12.9926,287.0,57826.0,2923.0547
1413,12.9954,12.9481,2.1201,13.9587,285.0,32814.0,2923.0547
1414,14.0891,13.4713,2.2676,13.6096,288.0,24278.0,2923.0547
1415,13.4678,13.1041,1.9438,13.9584,288.0,24898.0,2923.0547
1416,13.9421,12.169,2.0125,13.4087,287.0,27050.0,2923.0547
1417,13.4258,13.1489,2.0498,12.5429,287.0,35230.0,2923.0547
1418,12.5645,13.0779,2.1786,13.9058,287.0,41414.0,2923.0547
1419,13.9368,13.0933,2.1501,13.4762,292.0,32938.0,2923.0547
1420,13.4259,13.2259,2.0297,13.7589,291.0,25770.0,2923.0547
1421,13.7901,12.1241,1.8755,13.2572,290.0,24680.0,2923.0547
1422,13.2679,12.7439,1.9111,13.4906,275.0,25336.0,2923.0547
1423,13.4255,13.0571,1.8743,13.0109,262.0,22350.0,2923.0547
1424,13.078,13.0807,2.0716,13.505,255.0,21492.0,2923.0547
1425,13.4726,13.1286,1.7619,13.4486,259.0,21898.0,2923.0547
1426,13.4145,12.5916,2.078,13.6739,253.0,21442.0,2923.0547
1427,13.7117,12.1108,1.9289,13.4152,287.0,26790.0,2923.0547
1428,13.4208,13.2229,2.1091,14.491,267.0,22598.0,2923.0547
1429,14.4829,13.1386,2.4101,13.0033,254.0,21598.0,2923.0547
1430,12.9803,13.1459,2.979,16.1532,287.0,34850.0,2923.0547
1431,16.2513,12.6654,3.3534,11.425,287.0,30718.0,2923.0547
1432,11.3816,12.7207,2.5037,14.1289,289.0,25874.0,2923.0547
1433,14.1312,13.1656,2.6781,12.8636,287.0,23688.0,2923.0547
1434,12.9282,13.3181,2.5141,13.9629,287.0,23668.0,2923.0547
1435,13.9141,13.1614,2.7399,12.9881,290.0,27120.0,2923.0547
1436,12.9588,13.0536,1.9949,14.9551,289.0,23566.0,2923.0547
1437,14.9964,12.245,2.3818,11.621,255.0,21422.0,2923.0547
1438,11.5874,12.7942,2.3196,14.5174,255.0,21444.0,2923.0547
1439,14.534,13.207,2.2085,13.5655,260.0,21792.0,2923.0547
1440,13.6028,13.2248,2.2718,15.5797,258.0,21576.0,2923.0547
1441,15.6351,13.404,2.9707,11.7106,257.0,23418.0,2923.0547
1442,11.6329,12.6824,2.3407,14.0299,290.0,30042.0,2923.0547
1443,13.9903,12.7436,2.0837,12.4444,287.0,29127.0,2923.0547
1444,12.432,13.2211,2.1992,14.4153,290.0,35859.0,2923.0547
1445,14.4623,13.2933,2.0846,14.7501,287.0,36924.0,2923.0547
1446,14.9231,13.1923,2.7995,13.6286,288.0,34216.0,2923.0547
1447,13.4691,13.1024,2.4613,14.4802,287.0,26222.0,2923.0547
1448,14.5498,12.4269,2.7047,11.8111,286.0,26162.0,2923.0547
1449,11.7207,12.7232,2.1586,13.2288,287.0,26456.0,2923.0547
1450,13.2883,13.2979,2.5155,15.5165,288.0,24838.0,2923.0547
1451,15.4961,13.1928,2.6014,11.568,286.0,26074.0,2923.0547
1452,11.5964,13.35,2.681,14.1666,256.0,21434.0,2923.0547
1453,14.1651,12.6125,2.7109,13.0878,257.0,21446.0,2923.0547
1454,12.9875,12.1801,2.0503,13.6082,254.0,21432.0,2923.0547
1455,13.6075,13.2095,1.9057,13.5177,289.0,23996.0,2923.0547
1456,13.5465,13.2993,2.2315,12.944,289.0,24488.0,2923.0547
1457,12.9329,12.9421,2.3044,13.7621,287.0,23898.0,2923.0547
1458,13.7773,12.9423,2.1107,13.3952,287.0,23994.0,2923.0547
1459,13.409,12.1115,2.0072,12.7879,288.0,23852.0,2923.0547
1460,12.7837,12.9759,2.042,13.7242,287.0,23530.0,2923.0547
1461,13.6903,13.0174,2.0353,13.5595,287.0,23840.0,2923.0547
1462,13.5836,12.9427,2.2879,13.0862,292.0,25581.0,2923.0547
1463,13.1656,13.0073,1.8454,13.9478,251.0,21418.0,2923.0547
1464,14.0184,12.0901,2.0173,12.5451,289.0,26908.0,2923.0547
1465,12.3887,13.0067,2.2102,13.7161,287.0,24458.0,2923.0547
1466,13.7054,12.9759,2.3623,12.8424,293.0,27760.0,2923.0547
1467,12.8432,12.5794,2.0511,13.7164,292.0,24791.0,2923.0547
1468,13.7182,12.9707,1.941,13.097,290.0,23522.0,2923.0547
1469,13.1136,12.18,1.9235,13.3858,292.0,26404.0,2923.0547
1470,13.3868,13.099,2.1016,13.5176,288.0,25728.0,2923.0547
1471,13.6062,13.0162,2.1037,13.2621,289.0,24636.0,2923.0547
1472,13.1434,12.7635,2.1706,12.5873,277.0,22764.0,2923.0547
1473,12.5912,12.7999,2.069,13.5902,251.0,21418.0,2923.0547
1474,13.5766,12.1651,2.1247,13.4961,253.0,21442.0,2923.0547
1475,13.504,12.9572,1.8557,13.0763,286.0,23886.0,2923.0547
1476,13.096,12.9836,2.0216,13.0965,288.0,23910.0,2923.0547
1477,13.0829,12.8142,1.8434,13.1814,288.0,23542.0,2923.0547
1478,13.1752,12.4406,1.9846,13.964,288.0,23542.0,2923.0547
1479,14.0107,12.15,2.2126,12.8966,288.0,24598.0,2923.0547
1480,12.8821,13.0692,2.1483,13.367,286.0,39928.0,2923.0547
1481,13.349,12.9273,1.8608,13.0533,286.0,29834.0,2923.0547
1482,13.0374,12.8188,1.8305,13.6736,287.0,26672.0,2923.0547
1483,13.7007,12.9379,1.8129,13.4686,291.0,29318.0,2923.0547
1484,13.4628,12.4313,1.8122,13.0929,290.0,30650.0,2923.0547
1485,13.1004,13.0848,1.9116,13.2877,264.0,23540.0,2923.0547
1486,13.3081,13.0259,1.8639,13.2947,253.0,21420.0,2923.0547
1487,13.288,12.8601,1.8686,13.4262,275.0,27048.0,2923.0547
1488,13.4115,12.0882,1.74,13.6391,273.0,24824.0,2923.0547
1489,13.6863,12.1689,2.3133,12.9779,272.0,26552.0,2923.0547
1490,12.9486,12.9632,1.9362,13.6422,287.0,31082.0,2923.0547
1491,13.5821,12.8977,2.1891,12.8872,339.0,29778.0,2923.0547
1492,12.9186,14.0328,1.9272,14.7362,283.0,13427.0,2923.0547
1493,14.7896,12.7807,1.9809,13.1443,274.0,9186.0,2923.0547
1494,13.0907,11.607,1.6913,12.3116,280.0,10486.0,2923.0547
1495,12.3377,12.4129,1.7008,12.842,276.0,14538.0,2923.0547
1496,13.2004,12.5146,2.1287,12.7516,261.0,9810.0,2923.0547
1497,12.3478,12.3826,1.8465,15.0202,250.0,9518.0,2923.0547
1498,15.1334,11.6991,2.4556,10.5905,281.0,16646.0,2923.0547
1499,10.4933,12.3776,2.0892,13.0476,288.0,12404.0,2923.0547
1500,13.0747,12.4687,2.2342,12.7853,291.0,15260.0,2923.0547
1501,12.9265,12.562,2.0016,13.1314,302.0,35330.0,2923.0547
1502,12.9593,11.7358,2.5196,13.4307,292.0,19005.0,2923.0547
1503,13.47,12.669,2.1142,12.9747,290.0,23703.0,2987.0547
1504,12.9811,12.6087,2.8995,11.9365,288.0,27402.0,2987.0547
1505,11.9138,12.5351,2.0444,13.3377,283.0,14033.0,2987.0547
1506,13.3101,12.4925,1.8011,12.8513,282.0,13465.0,2987.0547
1507,12.8589,11.7187,1.6771,12.7025,283.0,11902.0,2987.0547
1508,12.6795,12.4026,1.9486,12.9445,282.0,13336.0,2987.0547
1509,13.0797,12.3581,1.8714,12.3909,279.0,12952.0,2987.0547
1510,12.2978,12.4975,1.9547,12.8586,282.0,10594.0,2987.0547
1511,12.8619,11.664,2.056,12.7186,282.0,18942.0,2987.0547
1512,12.6692,12.1559,1.775,13.3459,282.0,18490.0,2987.0547
1513,13.4277,12.4687,2.2802,13.0863,282.0,24918.0,2987.0547
1514,13.0702,12.4781,2.1636,12.7307,283.0,17918.0,2987.0547
1515,12.7498,11.6579,2.0601,12.2256,292.0,37130.0,2987.0547
1516,12.1793,12.1125,1.951,12.6303,286.0,38810.0,2987.0547
1517,12.6657,12.607,1.9105,13.5012,286.0,19122.0,2987.0547
1518,13.5391,12.1294,2.131,12.9738,283.0,11284.0,2987.0547
1519,12.9008,12.4145,1.8899,13.0407,284.0,12260.0,2987.0547
1520,13.087,11.6271,2.0241,12.6037,284.0,15792.0,2987.0547
1521,12.6456,12.5942,2.2294,12.5623,283.0,28730.0,2987.0547
1522,12.5889,12.562,1.9733,12.9366,282.0,18022.0,2987.0547
1523,12.8579,12.4734,1.956,12.8462,285.0,16634.0,2987.0547
1524,12.8658,11.6891,2.0273,13.1944,283.0,13168.0,2987.0547
1525,13.1378,12.4655,1.9713,12.2899,282.0,12406.0,2987.0547
1526,12.3051,12.5432,2.0601,12.6012,254.0,8472.0,2987.0547
1527,12.6203,12.5349,1.8049,13.2404,250.0,7746.0,2987.0547
1528,13.2129,12.412,1.9306,12.7737,252.0,7866.0,2987.0547
1529,12.8387,11.679,1.787,12.4778,247.0,7566.0,2987.0547
1530,12.451,12.3901,1.7713,13.3464,282.0,12926.0,2987.0547
1531,13.3675,12.5713,2.0486,12.4385,262.0,8546.0,2987.0547
1532,12.4287,12.4521,2.0416,13.1644,260.0,10538.0,2987.0547
1533,13.1837,11.6559,1.8163,12.5877,292.0,23978.0,2987.0547
1534,12.5423,12.47,1.8389,13.5076,285.0,15524.0,2987.0547
1535,13.5362,12.4621,1.9449,11.9542,284.0,11218.0,2987.0547
1536,11.9169,12.4458,1.984,12.9464,284.0,9668.0,2987.0547
1537,12.96,11.6604,1.8527,12.6855,282.0,12800.0,2987.0547
1538,12.692,12.5458,1.7959,12.5371,283.0,10528.0,2987.0547
1539,12.5567,12.4439,1.9205,12.7825,252.0,7818.0,2987.0547
1540,12.8176,12.4012,1.6811,13.0313,252.0,7866.0,2987.0547
1541,12.9843,11.6332,1.66,12.4405,248.0,9314.0,2987.0547
1542,12.4301,12.4737,2.0267,12.8475,258.0,9106.0,2987.0547
1543,12.8548,12.6689,1.8907,13.0488,284.0,18503.0,2987.0547
1544,13.0845,12.4259,1.9039,12.8906,282.0,12508.0,2987.0547
1545,12.8834,12.3802,1.5884,13.136,286.0,24715.0,2987.0547
1546,13.1296,11.6841,1.7124,12.7634,284.0,26250.0,2987.0547
1547,12.7762,12.5393,2.0019,12.5659,286.0,14356.0,2987.0547
1548,12.5724,12.5673,1.8108,12.875,287.0,12298.0,2987.0547
1549,12.8335,12.4538,1.9809,13.0979,286.0,12160.0,2987.0547
1550,13.1213,11.6741,1.8353,13.5752,285.0,11368.0,2987.0547
1551,13.5941,12.7236,2.0783,12.0979,284.0,12924.0,2987.0547
1552,12.1071,12.5981,2.1908,12.8726,257.0,8512.0,2987.0547
1553,12.8697,12.4062,2.0811,12.6715,247.0,7566.0,2987.0547
1554,12.6662,11.66,2.004,12.8188,253.0,10710.0,2987.0547
1555,12.8319,11.6313,1.8075,13.0795,248.0,7578.0,2987.0547
1556,13.0476,12.4782,1.9285,12.3528,283.0,10190.0,2987.0547
1557,12.4319,12.5373,2.0828,13.3319,282.0,10622.0,2987.0547
1558,13.2095,12.4926,1.7197,12.9789,282.0,10034.0,2987.0547
1559,13.0076,11.6852,1.9704,12.6096,282.0,9666.0,2987.0547
1560,12.6059,12.5199,2.0559,12.5261,282.0,9976.0,2987.0547
1561,12.5508,12.4728,1.8026,13.047,282.0,9666.0,2987.0547
1562,13.0389,12.2101,1.8928,13.1261,283.0,9988.0,2987.0547
1563,13.1448,11.6722,1.9998,12.3409,271.0,10521.0,2987.0547
1564,12.3868,12.7023,1.9294,13.4368,251.0,7570.0,2987.0547
1565,13.3487,12.4828,1.7418,12.6597,289.0,13060.0,2987.0547
1566,12.6793,12.6387,1.9056,13.2591,284.0,10596.0,2987.0547
1567,13.2361,12.0556,2.0478,12.9694,288.0,13874.0,2987.0547
1568,13.0038,12.1355,1.9711,12.2202,284.0,10865.0,2987.0547
1569,12.2346,12.4548,1.8165,12.8515,282.0,9666.0,2987.0547
1570,12.875,12.39,2.0005,13.2147,282.0,12524.0,2987.0547
1571,13.1731,12.4303,1.623,12.7602,288.0,15018.0,2987.0547
1572,12.7642,11.6533,1.9253,12.2477,284.0,10794.0,2987.0547
1573,12.2711,12.5956,1.9857,12.7728,264.0,8586.0,2987.0547
1574,12.8244,12.5482,1.9833,13.2418,248.0,7578.0,2987.0547
1575,13.1573,12.3609,2.2629,12.9051,282.0,10034.0,2987.0547
1576,12.8976,11.6475,2.1752,12.8477,282.0,10034.0,2987.0547
1577,12.8726,12.3954,1.9588,12.325,282.0,9666.0,2987.0547
1578,12.3121,12.5887,1.9779,12.7892,282.0,9666.0,2987.0547
1579,12.8067,12.5092,1.9198,13.2601,286.0,16313.0,2987.0547
1580,13.2933,12.4888,2.0939,12.8665,286.0,22441.0,2987.0547
1581,12.8207,11.6415,1.8914,12.2491,287.0,14730.0,2987.0547
1582,12.2751,12.5197,1.6791,12.9658,284.0,15032.0,2987.0547
1583,12.9757,12.554,2.1669,13.1687,284.0,16024.0,2987.0547
1584,13.1281,12.4597,1.9889,12.7219,277.0,14576.0,2987.0547
1585,12.7465,11.6372,1.9193,12.4722,248.0,7578.0,2987.0547
1586,12.4845,12.4841,2.0546,12.6036,283.0,13986.0,2987.0547
1587,12.5696,12.4133,1.827,12.8289,268.0,13904.0,2987.0547
1588,12.8329,12.5464,2.0033,13.6753,268.0,12812.0,2987.0547
1589,13.6738,11.6832,1.8315,12.7713,282.0,14696.0,2987.0547
1590,12.785,12.5655,1.9375,12.7086,279.0,9950.0,2987.0547
1591,12.7041,12.5019,2.0601,12.5183,282.0,10166.0,2987.0547
1592,12.522,12.4959,2.3018,13.1423,282.0,11644.0,2987.0547
1593,13.1244,11.7189,1.8919,13.1316,282.0,15667.0,2987.0547
1594,13.1309,12.0638,1.8595,12.2915,281.0,9606.0,2987.0547
1595,12.3394,12.5369,1.958,12.854,285.0,10550.0,2987.0547
1596,12.8298,12.4855,1.9421,12.6639,280.0,15470.0,2987.0547
1597,12.6678,12.4184,1.7497,12.899,261.0,9014.0,2987.0547
1598,12.9385,11.6966,2.0682,13.0499,256.0,9344.0,2987.0547
1599,13.0458,12.4724,1.9716,12.4776,285.0,17658.0,2987.0547
1600,12.5185,12.4656,2.1186,13.0593,286.0,13679.0,2987.0547
1601,13.0197,12.3906,2.0906,12.9924,285.0,13017.0,2987.0547
1602,13.1391,12.1306,2.3045,13.7103,298.0,36062.0,2987.0547
1603,13.5494,12.7834,2.0682,12.6751,291.0,19015.0,2987.0547
1604,12.641,12.7141,2.0919,12.4653,288.0,23121.0,2987.0547
1605,12.4552,12.702,2.1782,13.2658,286.0,28381.0,2987.0547
1606,13.2798,12.4206,2.0604,13.341,284.0,12908.0,2987.0547
1607,13.388,11.7062,1.9482,12.931,282.0,13965.0,2987.0547
1608,12.909,12.9368,1.8995,13.3986,280.0,12258.0,2987.0547
1609,13.4168,12.7788,2.1841,13.1507,282.0,12396.0,2987.0547
1610,13.1528,12.8036,2.1524,13.0573,280.0,12964.0,2987.0547
1611,13.0586,11.7687,2.2289,12.9662,286.0,10598.0,2987.0547
1612,12.9323,12.7036,2.0756,13.0144,287.0,20554.0,2987.0547
1613,13.0358,12.7643,2.0168,12.9038,286.0,18494.0,2987.0547
1614,12.9425,12.8715,2.1915,13.3938,284.0,23324.0,2987.0547
1615,13.341,12.8638,1.9577,13.1836,284.0,19504.0,2987.0547
1616,13.1846,11.7717,1.6806,12.6505,283.0,35160.0,2987.0547
1617,12.65,12.7248,1.6531,13.365,283.0,38818.0,2987.0547
1618,13.3796,12.9677,1.9723,13.2515,282.0,19118.0,2987.0547
1619,13.3058,12.695,2.2962,13.3955,281.0,11282.0,2987.0547
1620,13.3844,12.5171,2.2866,13.052,282.0,12258.0,2987.0547
1621,13.0507,11.988,2.0648,12.6931,283.0,15338.0,2987.0547
1622,12.6743,12.7238,2.0723,12.9408,282.0,29134.0,2987.0547
1623,13.0457,12.7406,2.0933,12.7325,283.0,18034.0,2987.0547
1624,12.575,12.8303,1.8748,13.5686,282.0,16550.0,2987.0547
1625,13.5654,11.8156,1.949,12.5212,283.0,11348.0,2987.0547
1626,12.593,12.7797,2.0365,13.417,282.0,14178.0,2987.0547
1627,13.4132,12.6874,2.084,13.0777,262.0,8764.0,2987.0547
1628,13.1322,12.9007,2.6268,13.2976,258.0,7990.0,2987.0547
1629,13.2262,12.4434,2.1485,13.2167,251.0,7570.0,2987.0547
1630,13.2363,12.0913,2.0652,12.706,249.0,7568.0,2987.0547
1631,12.7073,12.6274,2.0047,12.9679,284.0,12928.0,2987.0547
1632,12.9269,12.6632,2.0975,12.7319,262.0,8676.0,2987.0547
1633,12.7934,12.6932,1.9964,13.5083,263.0,13274.0,2987.0547
1634,13.4193,11.6287,1.9831,12.6003,282.0,21294.0,2987.0547
1635,12.605,12.7418,1.798,13.1646,283.0,15522.0,2987.0547
1636,13.2206,12.6856,2.0222,12.6957,282.0,11216.0,2987.0547
1637,12.7854,12.9042,2.1836,13.7956,283.0,9678.0,2987.0547
1638,13.7052,12.6084,2.0479,13.2182,282.0,12800.0,2987.0547
1639,13.2133,11.6523,2.0794,12.2135,282.0,10516.0,2987.0547
1640,12.1987,12.7437,1.9189,12.6893,255.0,8046.0,2987.0547
1641,12.6944,12.5868,1.984,12.9205,250.0,9434.0,2987.0547
1642,12.8978,12.6068,1.8977,13.3245,262.0,9298.0,2987.0547
1643,13.3547,11.9934,2.0603,13.5522,288.0,18875.0,2987.0547
1644,13.5605,11.7172,2.1142,12.3661,287.0,13932.0,2987.0547
1645,12.3603,12.8417,2.0982,13.1218,291.0,24087.0,2987.0547
1646,13.1386,12.5982,2.1793,12.8054,286.0,26642.0,2987.0547
1647,12.7753,12.5684,2.0351,13.3354,284.0,14520.0,2987.0547
1648,13.3559,11.7033,1.9321,12.5125,284.0,10596.0,2987.0547
1649,12.5077,12.5549,1.796,12.9127,283.0,12168.0,2987.0547
1650,12.9486,12.5388,2.2665,12.7535,284.0,12210.0,2987.0547
1651,12.709,12.4988,2.1871,12.7389,282.0,12554.0,2987.0547
1652,12.7705,11.6619,2.0665,12.9325,250.0,7746.0,2987.0547
1653,12.9148,12.4552,1.9512,12.8708,251.0,10126.0,2987.0547
1654,12.8785,12.4839,1.9461,12.759,247.0,7566.0,2987.0547
1655,12.7887,12.4739,2.0577,12.4646,247.0,8030.0,2987.0547
1656,12.4667,11.992,2.1747,13.2993,250.0,8210.0,2987.0547
1657,13.2597,12.0233,1.979,12.2013,282.0,9666.0,2987.0547
1658,12.1926,12.5033,2.0484,13.0648,283.0,10634.0,2987.0547
1659,13.071,12.5062,1.8777,13.1923,286.0,10038.0,2987.0547
1660,13.1804,12.5744,1.8113,13.0645,286.0,9670.0,2987.0547
1661,13.0655,11.6463,1.575,11.7702,286.0,9980.0,2987.0547
1662,11.7592,12.261,1.5875,14.0263,284.0,9668.0,2987.0547
1663,14.0229,12.5175,2.318,12.3449,287.0,10086.0,2987.0547
1664,12.4079,13.2759,2.0483,13.7008,270.0,11387.0,2987.0547
1665,13.6458,12.0898,2.0595,13.3279,250.0,7602.0,2987.0547
1666,13.3205,12.196,1.785,12.4812,287.0,13092.0,2987.0547
1667,12.538,12.5584,1.7984,13.3662,284.0,10618.0,2987.0547
1668,13.2606,12.5143,1.9832,12.4202,288.0,13896.0,2987.0547
1669,12.4187,12.4074,1.8138,13.0622,284.0,10887.0,2987.0547
1670,13.1309,11.7577,2.1995,12.7008,284.0,9690.0,2987.0547
1671,12.7361,12.5897,1.9599,12.7531,284.0,12548.0,2987.0547
1672,12.7239,12.5156,1.9677,12.912,284.0,11898.0,2987.0547
1673,12.9121,12.4594,1.8013,12.8488,284.0,13210.0,2987.0547
1674,12.8407,11.6187,1.9659,12.7755,273.0,9350.0,2987.0547
1675,12.7185,12.3813,1.7348,12.7066,253.0,7594.0,2987.0547
1676,12.8096,12.4915,2.0672,12.6472,288.0,10074.0,2987.0547
1677,12.7401,12.43,1.9672,13.2097,288.0,10074.0,2987.0547
1678,13.0728,12.4352,2.0114,12.7578,286.0,9692.0,2987.0547
1679,12.7624,11.6366,1.9022,12.3091,287.0,9704.0,2987.0547
1680,12.3327,12.3664,2.0592,13.6959,289.0,16443.0,2987.0547
1681,13.7522,12.5728,2.1823,12.4088,285.0,22473.0,2987.0547
1682,12.3384,12.4168,1.998,13.1633,285.0,14774.0,2987.0547
1683,13.1909,11.6961,1.9703,11.6306,286.0,15090.0,2987.0547
1684,11.5896,12.407,2.0549,12.9256,285.0,16058.0,2987.0547
1685,12.9943,12.565,2.1819,12.9323,279.0,14622.0,2987.0547
1686,12.8743,12.5181,1.9455,13.2426,250.0,7602.0,2987.0547
1687,13.2834,11.6382,1.8297,12.8513,286.0,14022.0,2987.0547
1688,12.8597,12.1109,1.8284,12.6319,285.0,16356.0,2987.0547
1689,12.5862,12.4376,1.9652,12.7416,282.0,12716.0,2987.0547
1690,12.74,12.4522,1.947,12.6959,275.0,13764.0,2987.0547
1691,12.7191,11.6435,2.056,13.3719,275.0,8878.0,2987.0547
1692,13.4936,12.0612,1.9113,12.2687,286.0,10170.0,2987.0547
1693,12.181,12.4333,1.8682,13.1325,287.0,12124.0,2987.0547
1694,13.1423,12.6062,1.8884,12.3272,284.0,15205.0,2987.0547
1695,12.2517,12.3882,1.6558,12.9409,280.0,9428.0,2987.0547
1696,12.9196,11.449,1.6261,12.535,283.0,10548.0,2987.0547
1697,12.5958,12.2605,1.873,12.7862,281.0,16610.0,2987.0547
1698,12.8023,12.4906,1.9082,12.6007,256.0,8058.0,2987.0547
1699,12.5427,12.2547,1.9146,12.5784,250.0,9150.0,2987.0547
1700,12.6063,11.5356,1.9544,12.0752,284.0,17668.0,2987.0547
1701,12.1035,12.1118,1.8701,12.6751,284.0,13677.0,2987.0547
1702,12.736,12.5658,1.9141,12.8138,285.0,13385.0,2987.0547
1703,12.7316,12.2487,1.8372,13.0927,298.0,35694.0,2987.0547
1704,13.1035,11.3341,1.8273,12.1659,291.0,19015.0,2987.0547
1705,12.1852,12.1558,1.9741,13.003,288.0,23121.0,2987.0547
1706,12.9903,12.3482,1.9756,12.3605,286.0,28381.0,2987.0547
1707,12.3742,12.3612,2.0436,12.5173,288.0,12912.0,2987.0547
1708,12.4721,11.3169,1.5838,11.7333,286.0,13969.0,2987.0547
1709,11.7838,12.2518,1.8067,13.1974,284.0,12262.0,2987.0547
1710,13.2344,12.3874,2.0344,12.4953,284.0,12398.0,2987.0547
1711,12.5127,12.1949,1.8889,12.7636,281.0,12954.0,2987.0547
1712,12.7329,11.2783,1.9828,11.8074,284.0,10596.0,2987.0547
1713,11.7273,12.2652,1.7151,13.3026,282.0,20846.0,2987.0547
1714,13.327,12.5486,1.7864,12.6367,282.0,18182.0,2987.0547
1715,12.6371,12.2499,1.7144,12.5046,283.0,25298.0,2987.0547
1716,12.5065,11.4155,1.9273,12.0307,282.0,17538.0,2987.0547
1717,12.0283,12.2131,1.8257,13.4142,281.0,33970.0,2987.0547
1718,13.4534,12.5202,1.7037,12.2741,283.0,37590.0,2987.0547
1719,12.3194,12.3297,1.9025,12.9346,281.0,19166.0,2987.0547
1720,12.8736,11.2982,2.0134,12.7466,282.0,11698.0,2987.0547
1721,12.7412,12.2155,1.841,12.2399,283.0,14042.0,2987.0547
1722,12.2483,12.5341,1.6357,12.3912,282.0,14754.0,2987.0547
1723,12.4196,12.5332,1.5298,13.024,286.0,31754.0,2987.0547
1724,12.9496,11.2898,1.8346,12.966,286.0,13378.0,2987.0547
1725,12.9744,12.395,1.6732,12.0639,286.0,17018.0,2987.0547
1726,12.1217,12.3586,1.7309,12.8673,284.0,11468.0,2987.0547
1727,12.82,12.2346,1.487,12.1651,281.0,13940.0,2987.0547
1728,12.1355,11.2635,1.3372,13.0053,254.0,7868.0,2987.0547
1729,13.0942,11.8193,1.6309,12.3381,254.0,7938.0,2987.0547
1730,12.3058,12.4827,1.7012,12.129,247.0,7566.0,2987.0547
1731,12.2166,12.3614,1.9972,13.0179,264.0,9970.0,2987.0547
1732,12.8965,12.0369,1.9116,12.6935,268.0,10702.0,2987.0547
1733,12.715,11.4227,1.7828,12.3853,261.0,10092.0,2987.0547
1734,12.3873,12.4566,1.8439,12.6771,258.0,11664.0,2987.0547
1735,12.6805,12.2318,1.5911,12.3171,282.0,18936.0,2987.0547
1736,12.2984,12.1666,1.4341,12.7926,283.0,15964.0,2987.0547
1737,12.7678,11.411,1.597,12.8292,283.0,10300.0,2987.0547
1738,12.8912,12.4022,1.958,12.338,282.0,10392.0,2987.0547
1739,12.4775,12.4192,2.0411,12.8754,286.0,12078.0,2987.0547
1740,12.7661,11.9863,1.9233,12.204,280.0,10160.0,2987.0547
1741,12.2534,11.4572,1.7902,12.276,256.0,7870.0,2987.0547
1742,12.1877,12.4548,1.9774,12.5476,254.0,10020.0,2987.0547
1743,12.5618,12.2724,1.8645,12.8698,266.0,14088.0,2987.0547
1744,12.8557,11.6472,1.9476,12.681,284.0,13717.0,2987.0547
1745,12.9644,11.4815,2.3285,12.4038,282.0,15884.0,2987.0547
1746,12.1616,12.3932,1.8484,13.0874,287.0,22115.0,2987.0547
1747,13.1029,12.2825,2.0254,12.4505,284.0,27546.0,2987.0547
1748,12.4211,12.0679,2.037,12.3201,282.0,13612.0,2987.0547
1749,12.283,11.4325,1.9422,12.3908,283.0,10606.0,2987.0547
1750,12.43,12.5519,2.0628,12.8497,282.0,12156.0,2987.0547
1751,12.846,12.3233,1.9877,12.2252,282.0,14242.0,2987.0547
1752,12.1855,11.9836,1.953,12.7478,279.0,10318.0,2987.0547
1753,12.8165,11.4333,1.8919,13.114,248.0,7578.0,2987.0547
1754,13.0617,12.4619,1.9773,12.0872,247.0,7566.0,2987.0547
1755,12.1356,12.5065,2.1731,12.7133,251.0,7570.0,2987.0547
1756,12.6915,12.1237,1.9678,12.9373,258.0,8454.0,2987.0547
1757,12.8958,11.4678,2.062,12.4488,286.0,9670.0,2987.0547
1758,12.4837,12.5735,1.895,12.9734,284.0,10624.0,2987.0547
1759,12.9674,12.4231,1.939,12.4236,284.0,10036.0,2987.0547
1760,12.4455,12.1165,1.8319,12.5603,285.0,9680.0,2987.0547
1761,12.5123,11.3868,1.735,12.4981,283.0,9988.0,2987.0547
1762,12.5392,12.4605,1.8598,12.7769,282.0,9666.0,2987.0547
1763,12.7619,12.3556,2.0012,12.1014,285.0,11859.0,2987.0547
1764,12.1233,12.0006,1.7497,12.7967,257.0,8166.0,2987.0547
1765,12.8794,11.4504,1.8034,12.7349,247.0,7566.0,2987.0547
1766,12.6605,12.4137,1.9902,12.3063,284.0,13044.0,2987.0547
1767,12.2959,12.3374,1.9854,12.598,283.0,10606.0,2987.0547
1768,12.6941,12.0866,1.9189,12.874,286.0,13872.0,2987.0547
1769,12.7325,11.4472,1.8369,13.0206,282.0,10863.0,2987.0547
1770,13.0019,12.3745,1.8495,11.8501,282.0,9666.0,2987.0547
1771,11.8454,12.3718,1.5634,12.3972,286.0,12528.0,2987.0547
1772,12.4333,12.1733,1.7857,13.0224,286.0,11878.0,2987.0547
1773,13.0704,11.4651,1.5508,13.1653,286.0,10774.0,2987.0547
1774,13.1764,12.3919,1.6838,12.1621,267.0,8648.0,2987.0547
1775,12.1894,12.2458,1.9059,12.1442,267.0,8648.0,2987.0547
1776,12.0981,12.1303,1.7982,12.8337,284.0,10036.0,2987.0547
1777,12.8286,11.4515,1.9629,12.7925,282.0,10034.0,2987.0547
1778,12.8129,12.1434,1.9997,12.5583,282.0,9666.0,2987.0547
1779,12.5323,12.3134,1.9784,12.0508,282.0,15253.0,2987.0547
1780,12.0561,12.0353,1.8168,12.7937,282.0,17231.0,2987.0547
1781,12.7887,11.4612,1.9102,13.2977,282.0,19090.0,2987.0547
1782,13.3475,12.4821,1.9162,11.9172,282.0,15094.0,2987.0547
1783,11.9835,12.2258,1.8123,12.7372,282.0,14748.0,2987.0547
1784,12.6915,12.0422,1.7358,12.4804,282.0,17598.0,2987.0547
1785,12.3772,11.4384,1.8231,12.1839,256.0,8598.0,2987.0547
1786,12.2414,12.2967,1.9519,12.7377,247.0,7566.0,2987.0547
1787,12.7231,12.3423,1.9395,12.566,286.0,13978.0,2987.0547
1788,12.6288,12.1782,2.1772,13.7734,286.0,16420.0,2987.0547
1789,13.737,12.2756,2.61,12.3636,286.0,12864.0,2987.0547
1790,12.3568,11.7023,2.0155,11.8255,273.0,13622.0,2987.0547
1791,11.8307,12.2327,1.9101,12.3387,268.0,8708.0,2987.0547
1792,12.3365,12.1963,2.0893,13.7526,284.0,10168.0,2987.0547
1793,13.81,12.2834,2.1126,12.6178,283.0,12120.0,2987.0547
1794,12.6382,11.7085,2.2259,12.4954,282.0,15203.0,2987.0547
1795,12.4403,12.3738,2.051,11.7338,281.0,10070.0,2987.0547
1796,11.7333,12.138,1.9802,13.0336,282.0,11390.0,2987.0547
1797,13.0265,12.3687,2.0304,13.2066,281.0,15314.0,2987.0547
1798,13.215,11.8809,2.125,13.5264,255.0,9450.0,2987.0547
1799,13.5254,12.575,2.1561,12.0543,252.0,8756.0,2987.0547
1800,12.0337,12.2856,1.876,12.7619,285.0,18957.0,2987.0547
1801,12.6917,12.5356,1.6335,13.1104,282.0,11806.0,2987.0547
1802,13.2301,11.4922,2.1249,12.1603,286.0,14033.0,2987.0547
1803,12.1639,12.5357,2.1044,12.9407,301.0,35418.0,2987.0547
1804,12.9162,12.472,2.0378,12.9005,296.0,18295.0,2987.0547
1805,12.8496,12.8365,2.3078,13.3497,291.0,23445.0,2987.0547
1806,13.3812,12.1511,2.1296,12.8852,289.0,28213.0,2987.0547
1807,12.8554,11.6125,1.9379,12.0298,285.0,14313.0,2987.0547
1808,12.0207,12.284,2.0368,12.7099,282.0,12770.0,2987.0547
1809,12.7436,12.77,2.5711,13.2789,282.0,12240.0,2987.0547
1810,13.337,12.4688,2.199,13.246,282.0,12510.0,2987.0547
1811,13.205,11.5019,1.96,12.206,279.0,12488.0,2987.0547
1812,12.1512,12.4247,2.2484,12.6418,282.0,12190.0,2987.0547
1813,12.7366,12.8999,1.9407,12.9665,282.0,19250.0,2987.0547
1814,12.8959,12.5775,1.8629,13.3095,282.0,19778.0,2987.0547
1815,13.3176,11.6929,1.8667,12.8269,283.0,23702.0,2987.0547
1816,12.8731,12.6205,2.024,13.2128,283.0,20742.0,2987.0547
1817,13.1857,12.5876,2.001,12.3792,281.0,36378.0,2987.0547
1818,12.3699,12.6348,2.2244,13.0671,279.0,31762.0,2987.0547
1819,13.0951,11.8878,2.0719,12.9099,287.0,19230.0,2987.0547
1820,12.9015,11.855,1.9984,12.5859,286.0,11702.0,2987.0547
1821,12.615,12.6635,1.9676,13.006,286.0,14402.0,2987.0547
1822,12.9618,12.4731,2.0851,12.4859,284.0,16256.0,2987.0547
1823,12.4637,12.057,2.0119,12.8729,284.0,30252.0,2987.0547
1824,12.8861,11.7186,2.1425,12.4366,284.0,13008.0,2987.0547
1825,12.4484,12.6042,2.026,12.9299,283.0,17026.0,2987.0547
1826,12.9777,12.4976,1.9472,12.8315,283.0,11756.0,2987.0547
1827,12.8065,12.5305,2.0481,13.4059,279.0,13660.0,2987.0547
1828,13.4124,11.4402,1.9528,11.7738,258.0,8178.0,2987.0547
1829,11.736,12.7591,2.0505,12.9067,247.0,7566.0,2987.0547
1830,12.9502,12.4858,2.1135,12.739,249.0,7638.0,2987.0547
1831,12.6918,12.4291,1.8594,12.8238,274.0,12288.0,2987.0547
1832,12.8304,11.4276,2.218,13.463,257.0,8324.0,2987.0547
1833,13.4691,12.0653,2.111,12.0825,263.0,11270.0,2987.0547
1834,12.0905,12.482,2.0,13.4173,260.0,13596.0,2987.0547
1835,13.4714,12.2964,2.0793,12.7432,287.0,16082.0,2987.0547
1836,12.7415,11.8937,2.3148,12.7469,286.0,15956.0,2987.0547
1837,12.6798,12.2311,2.2187,12.5074,287.0,10304.0,2987.0547
1838,12.5373,12.5745,1.9987,12.6522,284.0,10996.0,2987.0547
1839,12.6715,11.9289,2.1441,12.8368,284.0,11474.0,2987.0547
1840,12.8378,12.6312,2.047,13.2998,281.0,10338.0,2987.0547
1841,13.3143,11.4715,2.0713,11.9424,257.0,10782.0,2987.0547
1842,11.8852,12.4164,1.9981,12.9452,265.0,13682.0,2987.0547
1843,12.9349,12.2552,1.8932,12.4342,283.0,15415.0,2987.0547
1844,12.5058,12.7141,2.3242,13.1606,284.0,16614.0,2987.0547
1845,13.1005,11.4839,1.9698,12.7612,287.0,20411.0,2987.0547
1846,12.77,12.404,1.8982,12.6508,285.0,27236.0,2987.0547
1847,12.802,12.148,2.0369,12.3287,282.0,13708.0,2987.0547
1848,12.1775,12.5456,1.9263,13.1653,282.0,10130.0,2987.0547
1849,13.1591,11.5248,2.0289,13.886,282.0,12988.0,2987.0547
1850,13.9409,12.3102,2.0203,11.5172,283.0,13790.0,2987.0547
1851,11.4962,12.2061,1.999,11.9839,277.0,9594.0,2987.0547
1852,11.9593,12.5014,2.0857,12.7179,252.0,7582.0,2987.0547
1853,12.7317,11.8744,1.927,12.8642,251.0,7570.0,2987.0547
1854,12.88,11.938,2.174,12.377,252.0,8164.0,2987.0547
1855,12.3749,12.1988,1.8791,13.4783,262.0,8348.0,2987.0547
1856,13.5601,12.4718,1.8437,12.4726,284.0,10132.0,2987.0547
1857,12.4038,11.8399,2.3546,12.2797,283.0,10170.0,2987.0547
1858,12.2745,11.8837,2.3945,14.62,282.0,10034.0,2987.0547
1859,14.6562,12.385,2.6426,10.6159,282.0,9666.0,2987.0547
1860,10.6473,12.4391,3.2329,13.5101,282.0,9976.0,2987.0547
1861,13.4425,12.4629,2.4436,12.6136,282.0,9666.0,2987.0547
1862,12.6345,11.7038,1.8946,12.3189,284.0,11847.0,2987.0547
1863,12.4603,12.425,2.0608,13.0925,249.0,7638.0,2987.0547
1864,12.937,12.3407,2.2368,12.2456,247.0,7566.0,2987.0547
1865,12.2494,12.4588,2.0199,13.3682,284.0,13044.0,2987.0547
1866,13.4052,11.6992,1.9004,12.4916,282.0,10594.0,2987.0547
1867,12.5519,12.0317,2.0941,12.7826,291.0,13888.0,2987.0547
1868,12.6568,12.4869,1.8991,12.5153,286.0,10867.0,2987.0547
1869,12.5085,12.4328,1.937,13.0529,287.0,9682.0,2987.0547
1870,13.0563,12.13,2.0275,13.4184,284.0,12526.0,2987.0547
1871,13.5035,12.1017,2.2717,12.6566,284.0,11876.0,2987.0547
1872,12.6282,12.5965,2.2069,12.8027,284.0,10772.0,2987.0547
1873,12.8465,12.4863,2.2001,12.8479,266.0,8706.0,2987.0547
1874,12.8056,12.6523,2.0246,12.9248,272.0,9434.0,2987.0547
1875,12.8554,11.6109,1.8985,12.4525,282.0,9666.0,2987.0547
1876,12.4781,12.0671,1.8198,12.528,282.0,10034.0,2987.0547
1877,12.5313,12.4755,1.9486,13.1863,282.0,14177.0,2987.0547
1878,13.1802,12.5959,1.9393,13.5465,283.0,12040.0,2987.0547
1879,13.5684,11.6922,1.9731,12.5851,282.0,20049.0,2987.0547
1880,12.5555,12.4225,2.1538,12.9889,282.0,14986.0,2987.0547
1881,13.0147,12.5009,1.988,12.2533,283.0,15658.0,2987.0547
1882,12.2588,12.471,2.0355,13.1433,282.0,17846.0,2987.0547
1883,13.1351,11.6506,2.1138,12.6238,287.0,13964.0,2987.0547
1884,12.5988,11.6971,1.7841,12.7609,253.0,8182.0,2987.0547
1885,12.808,12.4925,2.0903,12.4521,273.0,12608.0,2987.0547
1886,12.4606,12.5664,2.0632,13.1025,284.0,15850.0,2987.0547
1887,13.1083,12.5607,2.0274,12.965,284.0,10826.0,2987.0547
1888,12.9407,11.6075,1.9957,12.5644,284.0,17024.0,2987.0547
1889,12.5005,12.4719,1.7868,13.3278,251.0,8258.0,2987.0547
1890,13.4473,12.5653,1.8597,12.7499,269.0,8886.0,2987.0547
1891,12.6745,12.4364,2.0045,12.7564,282.0,10630.0,2987.0547
1892,12.7639,11.6938,2.2556,12.906,282.0,11644.0,2987.0547
1893,12.9132,12.5491,2.0348,13.137,282.0,15203.0,2987.0547
1894,13.1859,12.5548,2.0948,12.3271,282.0,10130.0,2987.0547
1895,12.3542,12.5306,2.2149,13.5835,281.0,11342.0,2987.0547
1896,13.5295,12.0721,2.0374,12.4367,280.0,16646.0,2987.0547
1897,12.3688,11.6844,1.9945,12.1542,254.0,8876.0,2987.0547
1898,12.2108,12.4411,1.889,13.8766,251.0,8298.0,2987.0547
1899,13.8236,12.507,1.8155,12.406,289.0,18837.0,2987.0547
1900,12.426,12.5236,1.998,13.2419,288.0,12470.0,2987.0547
1901,13.3025,11.6848,2.0942,12.227,289.0,13021.0,2987.0547
1902,12.2071,12.589,2.0063,13.4748,300.0,35428.0,2987.0547
1903,13.4586,12.5194,2.3445,12.3489,292.0,18233.0,2987.0547
1904,12.3351,12.4428,2.2919,13.5484,290.0,23491.0,2987.0547
1905,13.6145,11.633,2.066,12.3581,288.0,29161.0,2987.0547
1906,12.3346,12.4508,2.5678,12.5193,281.0,13313.0,2987.0547
1907,12.48,12.5026,2.1213,12.9656,281.0,13166.0,2987.0547
1908,12.9789,12.5748,2.1959,12.9851,282.0,12354.0,2987.0547
1909,12.9892,11.9509,1.9496,13.1618,282.0,12046.0,2987.0547
1910,13.2591,11.6976,1.9618,12.2726,279.0,14084.0,2987.0547
1911,12.1699,12.5429,2.0124,12.6108,282.0,10594.0,2987.0547
1912,12.713,12.4737,2.1511,13.9327,282.0,20846.0,2987.0547
1913,13.8083,12.4921,1.7762,12.7949,282.0,20146.0,2987.0547
1914,12.8156,11.6774,1.6957,12.442,282.0,23322.0,2987.0547
1915,12.4797,12.4643,2.0397,13.177,286.0,24370.0,2987.0547
1916,13.1611,12.5618,2.2828,12.5274,285.0,31114.0,2987.0547
1917,12.5701,12.5891,2.0375,13.1906,286.0,31982.0,2987.0547
1918,13.1568,11.6765,2.1761,12.5079,284.0,19584.0,2987.0547
1919,12.4919,12.038,2.0797,12.402,284.0,12900.0,2987.0547
1920,12.4201,12.4154,2.0959,13.0853,286.0,14616.0,2987.0547
1921,13.0893,12.4859,2.109,12.9068,282.0,17098.0,2987.0547
1922,12.9382,12.4892,2.1032,13.3014,283.0,29430.0,2987.0547
1923,13.336,11.7053,2.0068,12.4144,282.0,11234.0,2987.0547
1924,12.3297,12.5216,1.9513,12.7163,282.0,17728.0,2987.0547
1925,12.7385,12.5669,2.0068,12.9514,280.0,10910.0,2987.0547
1926,12.9127,12.3752,2.1926,12.4879,280.0,13720.0,2987.0547
1927,12.5286,11.6486,2.3278,12.3577,253.0,7878.0,2987.0547
1928,12.3067,12.4523,1.8052,13.6999,247.0,7566.0,3028.4297
1929,13.7401,12.6297,2.0045,12.9465,279.0,10050.0,3057.8047
1930,12.9392,12.6297,1.9218,6.1546,268.0,12458.0,3065.8047
1931,6.1949,13.3943,3.1977,22.1061,246.0,7704.0,3065.8047
1932,22.1092,12.3563,2.341,13.2695,260.0,13400.0,3051.1172
1933,13.2287,13.144,2.0641,13.6056,250.0,11298.0,3030.4297
1934,13.5817,13.144,2.1113,6.0377,270.0,15934.0,3030.4297
1935,6.0581,13.1547,2.0862,21.6055,271.0,14570.0,3030.4297
1936,21.6719,13.1547,2.147,6.2093,270.0,10286.0,3030.4297
1937,6.1143,13.1307,2.2221,6.3987,268.0,10062.0,3030.4297
1938,6.4327,12.7801,1.9943,28.3054,269.0,11140.0,3051.1172
1939,28.3428,12.7801,2.376,6.012,264.0,11836.0,3065.8047
1940,5.9665,13.1179,1.7804,20.3681,245.0,13270.0,3065.8047
1941,20.3715,13.1179,1.782,7.1529,246.0,7878.0,3065.8047
1942,7.2152,13.3325,2.414,6.8208,268.0,14935.0,3065.8047
1943,6.7896,12.3283,2.0227,26.8531,269.0,16134.0,2995.0547
1944,26.8475,12.3283,2.566,6.6675,272.0,23658.0,2995.0547
1945,6.6837,13.161,2.0042,7.622,270.0,23493.0,2995.0547
1946,7.5919,13.2109,2.1545,7.1034,268.0,12776.0,2995.0547
1947,7.2483,13.0317,2.0433,33.2919,273.0,10510.0,2995.0547
1948,33.1647,12.3685,2.371,13.4931,273.0,13392.0,2995.0547
1949,13.4923,12.3685,2.1332,6.164,272.0,11626.0,2995.0547
1950,6.1344,13.2328,1.9746,20.6584,257.0,8836.0,2995.0547
1951,20.6796,13.1751,2.3394,13.0248,236.0,7112.0,2995.0547
1952,13.0636,13.1751,2.0776,6.2901,235.0,7100.0,2995.0547
1953,6.2573,13.0672,2.1466,6.1954,243.0,8162.0,2995.0547
1954,6.1971,12.4444,2.0941,28.6496,240.0,7470.0,2995.0547
1955,28.6493,13.1131,1.8669,13.1424,269.0,9674.0,2995.0547
1956,13.1757,13.1131,1.7587,6.5309,268.0,9690.0,2995.0547
1957,6.4791,13.1401,1.9622,20.6545,269.0,9578.0,2995.0547
1958,20.6617,13.1401,1.908,6.4985,268.0,9198.0,2995.0547
1959,6.6376,12.7377,2.4096,20.5267,270.0,9532.0,2995.0547
1960,20.4073,12.7377,2.2555,6.2914,268.0,9198.0,2995.0547
1961,6.2642,13.1467,1.9959,7.0545,266.0,11139.0,2995.0547
1962,7.0982,13.1467,1.9217,6.5426,233.0,7098.0,2995.0547
1963,6.5115,13.1467,2.009,6.7449,274.0,12580.0,0.0
1964,6.7574,13.5499,2.2904,9.9891,272.0,10130.0,2995.0547
1965,10.0629,13.5499,2.0575,9.5105,276.0,13408.0,2995.1797
1966,9.4505,13.479,2.4012,10.5055,270.0,10397.0,2995.1797
1967,10.5312,13.0796,2.2323,53.0372,271.0,9212.0,2995.1797
1968,53.076,13.0815,2.9666,7.3517,270.0,12058.0,2995.1797
1969,7.29,12.971,2.3855,19.9998,269.0,11418.0,2995.1797
1970,20.0572,12.3109,2.4231,7.4686,268.0,10302.0,2995.1797
1971,7.4774,13.2131,2.5078,19.4604,260.0,8670.0,2995.1797
1972,19.4397,13.2322,2.7429,7.941,258.0,8966.0,2995.1797
1973,7.8673,13.1467,2.0699,18.4335,269.0,9210.0,2995.1797
1974,18.4581,13.0364,2.0967,13.4475,269.0,13327.0,2995.1797
1975,13.4439,12.2709,2.032,13.026,269.0,11626.0,2995.1797
1976,13.0712,12.2709,2.1417,6.6916,268.0,14123.0,2995.1797
1977,6.6363,13.1921,1.9561,8.0546,268.0,17580.0,2995.1797
1978,8.1206,13.0351,2.2989,26.3246,269.0,13996.0,2995.1797
1979,26.3263,12.9777,2.3241,7.1231,272.0,16076.0,2995.1797
1980,7.1503,12.9777,2.3861,7.6835,272.0,17398.0,2995.1797
1981,7.6403,13.2113,2.082,25.7975,267.0,10912.0,2995.1797
1982,25.8051,13.0735,2.0643,13.2232,237.0,7296.0,2995.1797
1983,13.2341,13.1092,2.3559,6.8468,270.0,16134.0,2995.1797
1984,6.94,13.1092,2.2166,6.9854,270.0,12166.0,2995.1797
1985,6.8276,12.1856,1.7727,26.8488,266.0,13382.0,2995.1797
1986,26.9609,12.7553,2.2101,6.8482,244.0,11920.0,2995.1797
1987,6.7644,12.7553,2.0562,7.1703,268.0,10662.0,2995.1797
1988,7.1632,13.0207,1.963,26.6633,269.0,11188.0,2995.1797
1989,26.7291,13.0577,2.5002,8.5361,268.0,15199.0,2995.1797
1990,8.4813,13.0577,2.5045,7.7649,267.0,10542.0,2995.1797
1991,7.8296,12.6227,2.4265,8.3629,267.0,10922.0,2995.1797
1992,8.3777,12.6227,2.7654,6.5185,262.0,10192.0,2995.1797
1993,6.428,13.4574,2.2077,7.1732,237.0,7830.0,2995.1797
1994,7.4246,13.4574,2.5873,7.3889,239.0,9209.0,2995.1797
1995,7.1809,13.1876,2.1321,50.4781,274.0,17514.0,2995.1797
1996,50.4951,12.3204,2.4024,13.8792,273.0,10986.0,2995.1797
1997,13.8057,13.6124,2.3888,8.214,276.0,13503.0,2995.1797
1998,8.4113,13.6124,2.7069,8.7936,284.0,33998.0,2995.1797
1999,8.6221,13.458,2.6373,7.5518,277.0,17753.0,2995.1797
2000,7.6434,13.509,2.4989,9.1563,276.0,23023.0,2995.1797
2001,9.0836,13.509,2.5907,7.9563,274.0,29830.0,2995.1797
2002,8.0515,13.5251,2.285,8.5768,267.0,13284.0,2995.1797
2003,8.4513,13.5251,2.389,7.6949,267.0,11794.0,2995.1797
2004,7.794,13.242,2.3003,51.4636,269.0,11434.0,2995.1797
2005,51.5435,13.2413,2.8131,8.3334,268.0,14654.0,2995.1797
2006,8.1914,13.2413,2.3794,6.836,265.0,10332.0,2995.1797
2007,6.8236,12.2319,2.2625,26.2044,269.0,13330.0,2995.1797
2008,26.2108,12.2919,3.0348,7.4091,268.0,22786.0,2995.1797
2009,7.4601,12.2919,2.2772,7.5142,268.0,15674.0,2995.1797
2010,7.4387,13.4083,2.3666,6.9379,268.0,26490.0,2995.1797
2011,6.9244,13.4083,1.8569,7.8316,271.0,18990.0,2995.1797
2012,7.8779,13.3669,2.3037,7.5061,271.0,33506.0,2995.1797
2013,7.4926,13.3669,1.9079,8.2305,272.0,28322.0,2995.1797
2014,8.2839,13.3421,2.332,7.7957,270.0,19484.0,2995.1797
2015,7.6922,13.0476,2.1942,8.8561,270.0,12896.0,2995.1797
2016,8.9628,13.0476,2.8283,8.6876,270.0,13292.0,2995.1797
2017,8.6467,13.1547,2.0794,11.8226,268.0,19806.0,2995.1797
2018,11.8206,13.4932,2.2943,13.9445,268.0,26142.0,0.0
2019,14.0036,13.6657,2.5973,10.4389,268.0,11418.0,2995.1797
2020,14.3081,13.3366,2.408,13.1224,268.0,16862.0,2995.1797
2021,9.2671,13.3366,2.6974,10.0145,264.0,10234.0,2995.1797
2022,10.0779,13.4602,2.6685,9.4818,268.0,12838.0,2995.1797
2023,9.3814,12.8899,2.4359,10.8554,233.0,7098.0,2995.1797
2024,10.8593,12.2302,2.57,82.1057,234.0,7110.0,2995.1797
2025,82.132,13.3865,2.8021,6.8891,248.0,7998.0,2995.1797
2026,6.7914,13.3865,2.1684,7.6829,233.0,7098.0,2995.1797
2027,7.7307,13.1992,2.4219,7.4858,237.0,7102.0,2995.1797
2028,7.4883,13.1992,2.1505,6.9632,272.0,9202.0,2995.1797
2029,7.012,12.6852,2.0965,38.9372,242.0,7354.0,2995.1797
2030,38.8825,12.9093,2.4777,7.3879,253.0,8714.0,2995.1797
2031,7.3187,12.9093,2.512,7.5,268.0,11964.0,2995.1797
2032,7.5982,13.2743,2.4685,25.3034,246.0,10950.0,2995.1797
2033,25.3604,13.1611,2.5869,7.4965,249.0,11238.0,2995.1797
2034,7.4132,12.7386,2.3429,20.2493,250.0,10034.0,2995.1797
2035,20.234,12.7442,2.3697,12.093,269.0,15944.0,2995.1797
2036,12.1188,13.1276,2.3736,14.1453,269.0,14568.0,2995.1797
2037,14.1317,13.1715,2.215,13.6848,269.0,10760.0,2995.1797
2038,13.8503,13.1342,2.4017,13.6203,269.0,9610.0,2995.1797
2039,13.4012,13.0984,2.001,7.547,268.0,11592.0,2995.1797
2040,7.5505,12.2623,2.2074,18.9293,263.0,13015.0,2995.1797
2041,19.0304,13.1957,2.3451,13.2838,243.0,11399.0,2995.1797
2042,13.2185,13.1446,2.2247,7.7774,246.0,8246.0,2995.1797
2043,7.8056,13.1446,2.1387,7.9168,272.0,14699.0,2995.1797
2044,7.9433,13.1662,2.0457,7.3427,272.0,16904.0,2995.1797
2045,7.312,13.1662,1.9845,7.4988,276.0,22756.0,2995.1797
2046,7.5162,13.2118,2.3668,7.5399,272.0,23495.0,2995.1797
2047,7.547,13.0807,2.1413,43.7689,271.0,12790.0,2995.1797
2048,43.8418,13.0242,2.6728,7.2846,270.0,10496.0,2995.1797
2049,7.1294,13.0742,2.0341,19.2096,269.0,13388.0,2995.1797
2050,19.2901,12.7338,2.4616,13.9959,270.0,11646.0,2995.1797
2051,14.439,12.7915,2.4429,7.0067,252.0,8702.0,2995.1797
2052,6.6203,12.7915,2.2711,7.6883,233.0,7098.0,2995.1797
2053,7.6734,13.1977,2.1236,7.2533,233.0,7098.0,2995.1797
2054,7.189,13.1977,2.2755,8.6031,250.0,8582.0,2995.1797
2055,8.615,13.1924,2.3841,7.8016,242.0,8102.0,2995.1797
2056,7.789,12.7466,2.2403,8.8588,268.0,9198.0,2995.1797
2057,8.9234,12.7466,2.5637,8.2843,268.0,9690.0,2995.1797
2058,8.2009,13.2252,2.1697,8.6116,268.0,9566.0,2995.1797
2059,8.8294,13.2252,2.5614,7.1323,272.0,9202.0,2995.1797
2060,6.9063,12.3054,3.0878,8.1377,272.0,9512.0,2995.1797
2061,8.2778,12.3054,2.6971,7.0598,272.0,9512.0,2995.1797
2062,6.9749,13.3246,2.2553,6.4687,258.0,10231.0,2995.1797
2063,6.4231,13.3673,1.6429,81.8489,237.0,7124.0,2995.1797
2064,81.9436,13.0506,2.358,13.3708,273.0,12590.0,2995.1797
2065,13.3677,12.9654,2.0957,13.5764,269.0,10138.0,2995.1797
2066,13.5148,12.2679,2.1392,6.9855,272.0,13404.0,2995.1797
2067,6.9934,12.2679,2.3013,7.835,268.0,10395.0,2995.1797
2068,7.8117,13.2305,2.1461,6.7703,268.0,9198.0,2995.1797
2069,6.7919,13.0717,2.416,32.6061,269.0,12068.0,2995.1797
2070,32.6594,13.135,2.7487,12.8457,269.0,11418.0,2995.1797
2071,12.7722,12.324,2.201,7.8306,268.0,10302.0,2995.1797
2072,7.9196,12.324,2.2313,6.8319,267.0,9506.0,2995.1797
2073,6.7709,13.1666,1.9515,7.0931,262.0,8838.0,2995.1797
2074,7.1463,13.1666,2.0585,7.3766,268.0,12947.0,2995.1797
2075,7.3253,13.0621,1.984,38.8921,273.0,11236.0,2995.1797
2076,38.8892,12.7355,2.3681,13.042,273.0,11372.0,2995.1797
2077,13.0422,12.688,2.2467,7.3769,272.0,15667.0,2995.1797
2078,7.3888,12.688,2.7731,7.2465,270.0,15730.0,2995.1797
2079,7.2143,13.1395,2.2687,25.6308,271.0,16950.0,2995.1797
2080,25.648,13.056,2.5316,8.4477,270.0,15512.0,2995.1797
2081,8.4689,13.056,2.6135,6.7993,268.0,15452.0,2995.1797
2082,6.8498,12.6808,2.2867,7.0813,252.0,8888.0,2995.1797
2083,6.9829,12.6808,2.3276,7.4725,233.0,7562.0,2995.1797
2084,7.5435,13.1349,2.1361,36.3522,270.0,15692.0,2995.1797
2085,36.2815,13.0278,2.5285,8.0814,268.0,12164.0,2995.1797
2086,8.126,13.0616,2.3623,19.9419,269.0,15586.0,2995.1797
2087,19.9756,12.2481,2.3176,6.9525,251.0,11280.0,2995.1797
2088,7.014,12.2481,2.1278,7.937,268.0,9698.0,2995.1797
2089,7.8147,13.1522,2.178,7.8534,268.0,13892.0,2995.1797
2090,7.8779,13.1522,2.3569,7.5682,268.0,12947.0,2995.1797
2091,7.5704,13.0611,2.1677,37.3266,272.0,11498.0,2995.1797
2092,37.3414,12.3199,2.2571,7.1471,272.0,10472.0,2995.1797
2093,7.0976,12.3199,2.023,7.0749,255.0,8646.0,2995.1797
2094,7.1237,13.1162,2.0635,25.424,241.0,7856.0,2995.1797
2095,25.4174,13.0714,2.2946,7.8539,246.0,10591.0,2995.1797
2096,7.8738,13.0719,2.019,19.0975,271.0,16372.0,2995.1797
2097,19.0876,12.2764,2.3284,7.3642,269.0,11920.0,2995.1797
2098,7.3723,12.2764,2.3506,7.3746,272.0,15897.0,2995.1797
2099,7.4176,13.3018,2.2319,7.8385,281.0,30648.0,2995.1797
2100,7.7721,13.3018,2.0618,8.035,276.0,18767.0,2995.1797
2101,8.0701,13.1989,2.2834,7.5608,273.0,22155.0,2995.1797
2102,7.5517,13.1989,2.4179,6.7624,274.0,29978.0,2995.1797
2103,6.7202,13.1177,1.7791,6.7571,267.0,13450.0,2995.1797
2104,6.8059,13.1177,1.8117,7.4463,267.0,11794.0,2995.1797
2105,7.4292,13.1211,1.9461,7.4924,268.0,14242.0,2995.1797
2106,7.4703,12.4194,2.2324,7.6678,268.0,11370.0,2995.1797
2107,7.8375,12.4194,2.4978,7.8977,269.0,13528.0,2995.1797
2108,7.686,12.9698,1.8594,8.7772,272.0,10498.0,2995.1797
2109,8.8573,12.9698,2.4559,8.5183,272.0,24018.0,2995.1797
2110,8.56,13.399,2.5343,10.1223,270.0,14080.0,2995.1797
2111,10.0559,12.9648,2.3014,92.3798,270.0,28420.0,2995.1797
2112,92.3802,13.1826,2.8538,8.2473,270.0,23900.0,2995.1797
2113,8.2989,13.1826,2.2226,7.858,267.0,26674.0,2995.1797
2114,7.8306,13.1071,2.0098,24.2208,269.0,29162.0,2995.1797
2115,24.2342,13.1708,2.1573,7.3034,268.0,19386.0,2995.1797
2116,7.2607,13.1708,2.2007,6.8235,268.0,12990.0,2995.1797
2117,6.8536,13.1821,2.253,7.7419,268.0,14966.0,2995.1797
2118,7.7255,13.1821,2.1437,6.7851,268.0,18130.0,2995.1797
2119,6.7994,13.1214,1.9308,38.5443,270.0,25612.0,2995.1797
2120,38.5521,13.1497,2.7546,7.927,268.0,11298.0,2995.1797
2121,7.9384,13.0715,2.0274,19.0681,269.0,17250.0,2995.1797
2122,19.0585,12.9917,2.0598,13.6461,264.0,11056.0,2995.1797
2123,13.6341,12.3864,2.195,7.4611,269.0,11258.0,2995.1797
2124,7.4701,12.3864,2.189,6.6448,237.0,7102.0,2995.1797
2125,6.7753,13.2222,2.2206,7.5238,237.0,7102.0,2995.1797
2126,7.3058,13.2222,1.8181,7.0081,249.0,7940.0,2995.1797
2127,7.0382,13.2526,1.9914,7.0067,235.0,7100.0,2995.1797
2128,6.9822,13.2526,1.8894,7.3829,235.0,7100.0,2995.1797
2129,7.3847,13.1508,1.8444,6.6772,268.0,9198.0,2995.1797
2130,6.7416,13.0679,1.8651,58.3288,252.0,8724.0,2995.1797
2131,58.382,12.9515,2.4059,7.2901,239.0,7616.0,2995.1797
2132,7.3558,12.9523,2.0508,19.0447,269.0,12530.0,2995.1797
2133,18.9876,12.3348,2.1169,13.4689,243.0,10342.0,2995.1797
2134,13.4258,13.2094,2.2103,7.0356,255.0,13562.0,2995.1797
2135,7.0052,13.2134,2.2575,20.6153,250.0,9440.0,2995.1797
2136,20.7183,13.1194,2.457,7.5863,268.0,19456.0,2995.1797
2137,7.4554,13.0873,2.1263,18.9595,269.0,10138.0,2995.1797
2138,19.0545,12.724,2.29,7.317,268.0,10284.0,2995.1797
2139,7.3693,12.9523,2.1411,19.8274,273.0,10340.0,2995.1797
2140,19.7569,13.2422,2.6484,13.0828,275.0,12891.0,2995.1797
2141,13.0818,13.1377,2.2322,13.4456,268.0,14939.0,2995.1797
2142,13.3961,13.0319,1.9641,7.1745,256.0,8852.0,2995.1797
2143,7.2164,13.0319,2.1576,6.6437,270.0,16333.0,2995.1797
2144,6.6546,12.6879,1.9647,7.5465,270.0,16048.0,2995.1797
2145,7.5436,13.1181,1.9881,33.0666,274.0,23116.0,2995.1797
2146,33.1269,13.1708,2.2983,12.3509,271.0,22259.0,2995.1797
2147,12.4191,13.0119,2.3096,7.5936,268.0,13608.0,2995.1797
2148,7.4253,13.0119,1.9656,6.8617,268.0,11350.0,2995.1797
2149,6.9391,13.2208,1.8838,7.3704,268.0,12424.0,2995.1797
2150,7.3636,13.2208,2.2048,6.4817,268.0,10886.0,2995.1797
2151,6.3785,12.3086,1.9309,7.7979,242.0,8102.0,2995.1797
2152,7.8598,12.9109,2.3266,45.5088,234.0,7110.0,2995.1797
2153,45.5899,13.093,2.5699,7.2202,233.0,7098.0,2995.1797
2154,7.1137,12.2323,2.195,19.0299,251.0,8594.0,2995.1797
2155,19.0911,13.0988,2.3753,7.8113,253.0,8526.0,2995.1797
2156,7.7582,13.2122,2.0632,19.8734,273.0,9214.0,2995.1797
2157,19.9162,13.0346,2.1032,14.2474,274.0,9718.0,2995.1797
2158,14.2705,12.7758,2.6474,8.5399,270.0,9568.0,2995.1797
2159,8.5474,12.2418,2.507,18.9311,272.0,9534.0,2995.1797
2160,18.9227,13.1899,2.3612,8.5726,270.0,9200.0,2995.1797
2161,8.6724,13.1899,2.333,7.7828,268.0,9508.0,2995.1797
2162,7.6434,13.1199,2.1176,6.7286,249.0,9809.0,2995.1797
2163,6.7815,13.1199,2.022,7.8002,233.0,7098.0,2995.1797
2164,7.7519,13.089,2.2458,6.9996,270.0,12576.0,2995.1797
2165,7.0208,13.089,2.2106,7.4465,268.0,10126.0,2995.1797
2166,7.4788,13.188,2.192,7.2098,272.0,13404.0,2995.1797
2167,7.0945,12.9288,1.7334,53.6353,269.0,10407.0,2995.1797
2168,53.7611,13.094,2.8896,7.604,268.0,9198.0,2995.1797
2169,7.62,13.094,2.3844,7.4259,268.0,12056.0,2995.1797
2170,7.3612,12.6362,1.9612,7.4056,268.0,11406.0,2995.1797
2171,7.379,12.6362,2.0158,7.434,272.0,10306.0,2995.1797
2172,7.4914,12.7077,2.0938,7.5359,272.0,9570.0,2995.1797
2173,7.5345,12.7077,2.4388,7.0985,272.0,12951.0,2995.1797
2174,7.081,13.0863,3.0702,7.6324,270.0,10118.0,2995.1797
2175,7.6539,13.0863,2.4086,7.6553,270.0,10616.0,2995.1797
2176,7.584,13.0488,1.8867,62.2552,272.0,12468.0,2995.1797
2177,62.3501,13.4452,2.4512,13.2569,269.0,15345.0,2995.1797
2178,13.3149,13.3079,2.174,8.2869,268.0,15854.0,2995.1797
2179,8.1429,13.3079,2.0124,6.8247,268.0,15862.0,2995.1797
2180,6.9109,12.2886,2.2811,26.5191,269.0,17660.0,2995.1797
2181,26.5108,12.7978,2.6988,12.5697,269.0,13330.0,2995.1797
2182,12.5578,13.2515,2.1751,12.6058,247.0,8880.0,2995.1797
2183,12.6736,13.2389,2.2149,7.7417,233.0,7098.0,2995.1797
2184,7.6994,13.2389,2.1708,7.3776,268.0,15668.0,2995.1797
2185,7.3991,13.319,2.4501,8.3499,268.0,12164.0,2995.1797
2186,8.3194,13.319,2.6304,7.5381,268.0,15574.0,2995.1797
2187,7.4512,13.1488,2.2492,38.1255,267.0,12408.0,2995.1797
2188,38.2373,13.243,2.8874,6.6028,272.0,11918.0,2995.1797
2189,6.5694,13.243,2.0087,6.3478,272.0,14465.0,2995.1797
2190,6.2883,13.2506,1.8314,28.458,268.0,9912.0,2995.1797
2191,28.5244,12.2256,2.5011,12.2493,272.0,11994.0,2995.1797
2192,12.2323,13.2015,2.2779,13.7164,265.0,9696.0,2995.1797
2193,13.765,13.4684,2.322,6.9626,252.0,8730.0,2995.1797
2194,6.9566,13.2885,2.005,20.2075,247.0,10721.0,2995.1797
2195,20.1716,13.3183,2.296,7.8993,238.0,7398.0,2995.1797
2196,7.8886,13.3183,2.5123,8.3136,269.0,17308.0,2995.1797
2197,8.339,12.2747,1.9839,9.5495,269.0,14318.0,2995.1797
2198,9.5819,12.8615,2.1963,8.9184,272.0,15897.0,2995.1797
2199,8.8955,12.8615,2.9318,8.4851,280.0,28268.0,2995.1797
2200,8.4523,13.2627,2.8835,39.8142,277.0,17961.0,2995.1797
2201,39.8883,13.2685,2.644,9.2216,274.0,23621.0,2995.1797
2202,9.1252,12.2609,2.3771,17.6061,274.0,28988.0,2995.1797
2203,17.7156,13.0742,2.7034,9.6312,271.0,12840.0,2995.1797
2204,9.5872,13.0742,2.6925,8.4862,271.0,13486.0,2995.1797
2205,8.5112,13.4502,2.4561,7.8582,272.0,12558.0,2995.1797
2206,7.8711,13.2524,2.4108,29.9802,271.0,14576.0,2995.1797
2207,30.0112,12.5098,3.1244,8.8188,267.0,10702.0,2995.1797
2208,8.8458,12.5098,2.8607,8.326,270.0,16956.0,2995.1797
2209,8.2804,13.4741,2.6243,11.2732,268.0,17186.0,2995.1797
2210,11.2237,14.1025,3.0052,10.1188,268.0,19678.0,2995.1797
2211,10.25,13.9052,2.9008,9.2651,267.0,24402.0,2995.1797
2212,9.1666,13.2405,2.6694,35.8638,269.0,22314.0,2995.1797
2213,35.8994,12.7484,2.7721,12.8076,268.0,27150.0,2995.1797
2214,12.7511,12.7093,2.6959,13.5838,269.0,31030.0,2995.1797
2215,13.5857,13.1266,2.4312,13.4596,269.0,17898.0,2995.1797
2216,13.4522,13.3687,2.4034,8.4394,268.0,14394.0,2995.1797
2217,8.4317,13.3687,2.205,7.7512,268.0,14966.0,2995.1797
2218,7.785,13.2015,2.3665,24.88,270.0,18058.0,2995.1797
2219,24.8849,12.0618,2.6061,8.6466,272.0,23916.0,2995.1797
2220,8.6057,12.9536,2.3131,17.377,273.0,11848.0,2995.1797
2221,17.5075,13.0156,2.452,13.7731,273.0,16534.0,2995.1797
2222,13.6694,13.206,2.3207,7.8302,263.0,10648.0,2995.1797
2223,7.8012,13.206,2.3218,6.6684,263.0,11016.0,2995.1797
2224,6.6497,11.901,1.9777,23.8409,236.0,7112.0,2995.1797
2225,23.8793,11.901,2.4454,6.1728,237.0,7338.0,2995.1797
2226,6.2102,12.4721,2.1865,7.6844,244.0,7758.0,2995.1797
2227,7.7084,12.8859,2.0745,26.4905,234.0,7110.0,2995.1797
2228,26.4662,12.793,2.3282,7.8687,237.0,7338.0,2995.1797
2229,7.8144,12.0206,2.3007,18.1716,269.0,9210.0,2995.1797
2230,18.2102,12.752,2.4287,13.4681,255.0,9014.0,2995.1797
2231,13.4741,13.2523,2.2766,8.116,240.0,9120.0,2995.1797
2232,8.0697,12.9331,2.023,19.5954,266.0,13440.0,2995.1797
2233,19.6417,13.1317,2.2424,7.7603,242.0,7796.0,2995.1797
2234,7.7225,12.1455,2.1956,18.0132,257.0,13476.0,2995.1797
2235,18.0319,12.9758,2.6571,7.8431,262.0,13566.0,2995.1797
2236,7.8342,12.8062,2.4979,19.2155,273.0,16342.0,2995.1797
2237,19.2432,13.1461,2.372,7.5928,272.0,9666.0,2995.1797
2238,7.5725,12.9677,2.6991,19.4622,271.0,10886.0,2995.1797
2239,19.4671,12.1328,2.3623,13.9703,272.0,11154.0,2995.1797
2240,14.0371,12.8053,2.4038,12.3787,273.0,15246.0,2995.1797
2241,12.2874,13.3042,2.5233,7.8845,268.0,11842.0,2995.1797
2242,7.9266,13.3042,2.7843,7.1596,268.0,16169.0,2995.1797
2243,7.1268,13.0638,2.3144,7.8806,268.0,15852.0,2995.1797
2244,7.9943,13.0638,2.2334,7.1457,272.0,22892.0,2995.1797
2245,7.0219,13.1033,2.017,37.2871,271.0,22939.0,2995.1797
2246,37.3365,12.9344,2.5238,6.9922,268.0,13608.0,2995.1797
2247,6.9359,12.9344,2.0769,7.2245,268.0,11350.0,2995.1797
2248,7.2418,12.7201,2.1843,25.5613,269.0,12126.0,2995.1797
2249,25.5612,12.292,2.2733,6.6653,268.0,11196.0,2995.1797
2250,6.6643,12.292,2.4788,6.8776,245.0,8282.0,2995.1797
2251,6.8839,13.0122,2.1672,6.7484,237.0,7102.0,2995.1797
2252,6.6961,13.0122,2.0615,7.0405,237.0,7102.0,2995.1797
2253,7.0926,12.9733,2.5984,9.0919,259.0,8886.0,2995.1797
2254,9.1522,11.8629,2.227,43.052,261.0,9076.0,2995.1797
2255,43.0363,12.9131,2.4246,13.1362,271.0,9212.0,2995.1797
2256,13.0758,12.6423,2.0815,7.3191,270.0,9692.0,2995.1797
2257,7.3221,12.7095,2.0425,18.8759,269.0,9888.0,2995.1797
2258,18.8965,12.7174,2.0668,7.4259,268.0,9198.0,2995.1797
2259,7.446,12.6136,2.2244,18.3527,269.0,9520.0,2995.1797
2260,18.329,12.6136,2.3078,5.9202,270.0,11069.0,2995.1797
2261,5.8918,12.8636,2.0404,20.2865,235.0,7170.0,2995.1797
2262,20.3662,12.7197,1.9362,13.7279,271.0,12588.0,2995.1797
2263,13.6668,12.3035,2.0869,6.7555,268.0,10126.0,2995.1797
2264,6.7441,12.1534,2.1806,19.78,273.0,13416.0,2995.1797
2265,19.7747,12.932,1.992,12.9027,269.0,10407.0,2995.1797
2266,12.973,12.932,2.2503,6.5835,268.0,9198.0,2995.1797
2267,6.5622,12.837,1.9783,6.2387,272.0,12060.0,2995.1797
2268,6.2181,12.2556,1.7706,27.1498,274.0,11434.0,2995.1797
2269,27.1909,12.8701,1.9713,7.8971,272.0,10306.0,2995.1797
2270,7.8873,12.8701,2.5133,9.0476,270.0,9568.0,2995.1797
2271,9.046,12.9058,2.3158,7.5505,270.0,12949.0,2995.1797
2272,7.5148,13.0196,1.8331,29.4282,271.0,10130.0,2995.1797
2273,29.4682,12.1048,2.4173,7.9359,268.0,10614.0,2995.1797
2274,7.8792,12.8812,2.5357,17.649,269.0,12454.0,2995.1797
2275,17.7852,13.115,2.07,7.802,268.0,15333.0,2995.1797
2276,7.7485,13.04,2.0999,19.0306,269.0,15866.0,2995.1797
2277,18.9987,12.9645,2.0329,7.5679,268.0,15862.0,2995.1797
2278,7.5138,12.9645,2.4812,7.9134,268.0,17114.0,2995.1797
2279,7.9688,13.0414,2.3265,24.2131,269.0,13864.0,2995.1797
2280,24.1879,12.9489,2.385,13.0689,249.0,9000.0,2995.1797
2281,13.0696,12.8524,2.2873,7.8882,237.0,7338.0,2995.1797
2282,7.8447,12.8524,2.081,6.5233,268.0,15668.0,2995.1797
2283,6.5397,12.2436,2.1626,7.5651,272.0,13842.0,2995.1797
2284,7.5931,12.8792,2.0522,31.6427,273.0,14416.0,2995.1797
2285,31.6815,12.964,2.3871,6.9979,272.0,15020.0,2995.1797
2286,6.9378,12.964,2.2533,7.6815,270.0,9664.0,2995.1797
2287,7.7353,12.6228,2.3674,25.5212,267.0,14699.0,2995.1797
2288,25.5419,12.6604,2.7133,13.1524,272.0,10162.0,2995.1797
2289,13.12,13.0148,2.1175,7.8128,265.0,11362.0,2995.1797
2290,7.876,12.8217,2.4331,19.0428,260.0,9542.0,2995.1797
2291,19.0676,13.1988,2.6761,11.9901,253.0,9206.0,2995.1797
2292,11.8197,12.835,1.8384,13.0466,243.0,9525.0,2995.1797
2293,13.1178,12.076,1.4624,13.3521,237.0,7290.0,2995.1797
2294,13.2751,13.0002,1.8951,13.0427,270.0,17320.0,2995.1797
2295,13.1192,13.0002,1.7941,6.5918,269.0,14318.0,2995.1797
2296,6.5667,13.0296,1.9111,5.9911,272.0,15897.0,2995.1797
2297,6.0823,13.0296,1.7273,7.0104,280.0,28268.0,2995.1797
2298,6.8768,12.7853,1.9323,6.5335,276.0,17949.0,2995.1797
2299,6.5854,12.7853,2.2382,6.4388,278.0,23625.0,2995.1797
2300,6.5122,12.9506,2.4178,47.2139,278.0,28992.0,2995.1797
2301,47.1874,12.9506,2.5295,6.4374,271.0,12990.0,2995.1797
2302,6.4761,11.8466,2.5665,19.4087,270.0,13346.0,2995.1797
2303,19.2872,12.7325,1.7881,7.2583,270.0,12556.0,2995.1797
2304,7.3278,12.7325,2.3424,7.0755,270.0,14932.0,2995.1797
2305,7.0542,13.162,2.3794,26.119,266.0,10344.0,2995.1797
2306,26.1585,13.162,2.2277,6.3707,268.0,16954.0,2995.1797
2307,6.2674,12.9266,1.9473,6.4294,268.0,17554.0,2995.1797
2308,6.4699,12.33,1.926,26.6738,270.0,19334.0,2995.1797
2309,26.7132,12.33,2.0196,6.4926,267.0,24402.0,2995.1797
2310,6.5122,13.0808,2.0746,6.5588,268.0,22302.0,2995.1797
2311,6.5558,13.0808,2.033,6.7204,267.0,27138.0,2995.1797
2312,6.684,12.2156,2.5968,33.5199,269.0,31030.0,2995.1797
2313,33.6016,12.2156,2.1626,6.388,268.0,18350.0,2995.1797
2314,6.4418,12.9385,2.1756,6.5989,268.0,13930.0,2995.1797
2315,6.4727,12.9385,1.9757,6.7211,272.0,16374.0,2995.1797
2316,6.7639,12.8794,2.3456,5.6065,272.0,18038.0,2995.1797
2317,5.5444,12.071,1.7376,40.3916,273.0,22524.0,2995.1797
2318,40.4564,12.7729,2.1417,13.375,271.0,11846.0,2995.1797
2319,13.448,12.7729,2.0595,6.2184,270.0,16520.0,2995.1797
2320,6.074,12.2731,1.6578,20.3695,265.0,10720.0,2995.1797
2321,20.43,13.1532,2.0447,13.3387,260.0,10906.0,2995.1797
2322,13.3286,13.1532,2.081,5.9084,233.0,7098.0,2995.1797
2323,5.8583,12.1112,1.9522,6.5738,240.0,7518.0,2995.1797
2324,6.5904,12.1112,2.0169,5.7679,241.0,7578.0,2995.1797
2325,5.7746,12.8916,1.5402,34.8062,234.0,7110.0,2995.1797
2326,34.8774,12.8916,2.2396,6.7846,247.0,7938.0,2995.1797
2327,6.7286,12.8817,2.0672,5.8895,268.0,9890.0,2995.1797
2328,5.8725,12.8817,1.8737,6.1885,246.0,9006.0,2995.1797
2329,6.1303,12.1189,1.7356,6.3085,248.0,8472.0,2995.1797
2330,6.3772,12.8512,2.0066,40.5664,257.0,12900.0,2995.1797
2331,40.6616,12.7034,2.0502,13.4769,256.0,11222.0,2995.1797
2332,13.4166,12.1225,1.8996,13.1969,257.0,11276.0,2995.1797
2333,13.1908,12.1225,1.9571,6.1385,267.0,17638.0,2995.1797
2334,6.0953,13.0668,1.5755,6.2272,266.0,11410.0,2995.1797
2335,6.2819,13.0668,1.6745,6.6437,270.0,10128.0,2995.1797
2336,6.6028,13.0117,1.5584,5.8541,270.0,11012.0,2995.1797
2337,5.7959,12.4962,1.4675,41.2676,269.0,13961.0,2995.1797
2338,41.3304,12.8192,2.0367,12.909,265.0,11461.0,2995.1797
2339,12.9195,12.7051,2.111,12.8702,269.0,11854.0,2995.1797
2340,12.8761,12.7051,2.1049,6.3527,268.0,16169.0,2995.1797
2341,6.3945,12.7761,2.2036,6.4035,268.0,15852.0,2995.1797
2342,6.315,12.8147,1.8332,27.4901,273.0,22904.0,2995.1797
2343,27.5474,12.8147,2.4615,6.1475,270.0,23295.0,2995.1797
2344,6.1315,13.0576,2.0624,26.0075,269.0,14940.0,3164.5547
2345,26.1394,12.9862,2.7864,18.4099,1145.0,153833.0,3193.9297
2346,18.3952,21.5745,2.5228,21.8086,884.0,102391.0,3193.9297
2347,21.7745,22.7805,2.4142,20.2019,902.0,65647.0,3193.9297
2348,20.1414,18.2513,2.2712,17.8503,733.0,48482.0,3179.2422
2349,17.9221,17.6921,2.1881,18.4097,666.0,33946.0,3179.2422
2350,18.3305,17.9024,2.2129,18.4761,639.0,32708.0,3158.5547
2351,18.5226,17.7692,2.5641,21.9526,666.0,30872.0,3158.5547
2352,21.9757,17.7124,2.8222,14.6621,668.0,32228.0,3158.5547
2353,14.695,17.4882,2.1053,18.0224,665.0,32688.0,3158.5547
2354,18.0478,18.8745,2.0884,19.9985,667.0,36505.0,3158.5547
2355,19.9111,18.3666,3.766,17.9985,665.0,36900.0,3158.5547
2356,18.0447,17.7457,2.0984,18.7597,665.0,38898.0,3158.5547
2357,18.6582,17.9091,2.1247,18.755,673.0,39717.0,3158.5547
2358,18.8657,18.1119,2.138,18.2902,677.0,48747.0,3158.5547
2359,18.2259,17.8616,2.1646,18.1439,671.0,46865.0,3158.5547
2360,18.1901,17.9242,2.1129,18.6533,669.0,48470.0,3158.5547
2361,18.6634,17.9952,2.106,19.1948,667.0,34682.0,3158.5547
2362,19.1847,17.8727,2.4191,17.7541,663.0,35444.0,3158.5547
2363,17.7439,18.0578,2.1165,19.113,667.0,37754.0,3158.5547
2364,19.1635,18.3078,2.1128,18.4558,668.0,33414.0,3158.5547
2365,18.4319,18.3471,2.1084,18.5739,668.0,38456.0,3158.5547
2366,18.5094,17.8079,2.0816,19.042,665.0,33784.0,3158.5547
2367,19.1124,17.8913,2.3236,19.094,667.0,45176.0,3158.5547
2368,19.1938,17.9063,2.7207,17.7698,667.0,35576.0,3158.5547
2369,17.7263,18.026,2.3279,18.5278,663.0,48766.0,3158.5547
2370,18.3815,17.7774,2.0997,17.925,663.0,43922.0,3158.5547
2371,17.9177,17.7998,1.9433,18.6009,662.0,56206.0,3158.5547
2372,18.7547,17.8241,2.1503,18.3437,663.0,44814.0,3158.5547
2373,18.3258,18.099,2.1148,18.3354,663.0,38354.0,3158.5547
2374,18.3352,18.2073,2.2739,18.5391,663.0,36934.0,3158.5547
2375,18.4998,17.9166,2.2865,18.5272,663.0,39278.0,3158.5547
2376,18.5952,17.7924,2.0957,17.9967,664.0,43762.0,3158.5547
2377,17.9077,17.7092,2.088,18.2153,663.0,32830.0,3158.5547
2378,18.1453,17.7446,2.0474,19.0939,664.0,37054.0,3158.5547
2379,19.2969,17.8349,2.3292,18.8375,668.0,34454.0,3158.5547
2380,18.6556,17.7678,2.0749,18.125,667.0,34856.0,3158.5547
2381,18.1409,17.7844,1.9704,18.3651,667.0,35391.0,3158.5547
2382,18.377,17.7638,2.0139,17.6194,665.0,34259.0,3158.5547
2383,17.6637,18.0647,2.1062,18.7168,665.0,33108.0,3158.5547
2384,18.6551,17.6818,2.1293,18.3288,663.0,35847.0,3158.5547
2385,18.3816,17.7011,2.2096,18.411,662.0,37942.0,3158.5547
2386,18.4438,17.8265,2.0113,18.5876,663.0,43004.0,3158.5547
2387,18.5177,17.7392,1.9567,17.5466,650.0,32250.0,3158.5547
2388,17.5998,17.7502,1.876,18.6998,649.0,31507.0,3158.5547
2389,18.6806,17.7269,2.0286,18.3843,663.0,37613.0,3158.5547
2390,18.3723,17.7122,1.9861,18.2617,666.0,39722.0,3158.5547
2391,18.1802,17.6308,1.9071,18.2847,663.0,46675.0,3158.5547
2392,18.3263,17.5717,2.0411,18.147,663.0,33420.0,3158.5547
2393,18.259,17.6143,2.0459,18.2924,664.0,45928.0,3158.5547
2394,18.2197,18.0263,1.8454,18.1068,665.0,31478.0,3158.5547
2395,18.0694,17.5375,1.9056,18.8957,670.0,34144.0,3158.5547
2396,19.0065,17.6861,2.2422,18.0679,667.0,38494.0,3158.5547
2397,18.0108,17.62,2.1694,17.7187,667.0,32772.0,3158.5547
2398,17.7062,17.6147,2.4332,18.0911,667.0,34044.0,3158.5547
2399,18.1643,17.8765,2.2401,19.1402,667.0,36220.0,3158.5547
2400,19.132,17.6754,1.9447,17.799,664.0,32304.0,3158.5547
2401,17.6739,17.6231,1.8009,18.0246,663.0,32686.0,3158.5547
2402,18.1137,17.4683,1.9047,17.856,664.0,32356.0,3158.5547
2403,17.9239,17.1934,2.2286,19.4425,662.0,31942.0,3158.5547
2404,19.4565,18.0262,2.4193,18.377,662.0,34987.0,3158.5547
2405,18.2969,17.6175,2.3547,17.6048,670.0,34751.0,3158.5547
2406,17.5853,17.5729,2.2038,17.5058,664.0,33752.0,3158.5547
2407,17.4795,17.4623,1.9953,17.994,663.0,35210.0,3158.5547
2408,18.0636,17.6293,1.7243,18.9293,662.0,33182.0,3158.5547
2409,18.8105,17.5265,2.0057,17.6016,667.0,36964.0,3158.5547
2410,17.6997,17.639,2.4478,18.3309,664.0,33822.0,3158.5547
2411,18.2835,17.4791,1.9343,18.2081,667.0,32858.0,3158.5547
2412,18.363,17.6321,2.0731,17.8708,670.0,34741.0,3158.5547
2413,17.7624,17.547,2.1285,18.3556,666.0,30790.0,3158.5547
2414,18.3661,17.5973,2.1497,19.1329,666.0,34044.0,3158.5547
2415,19.0924,17.8943,2.2287,17.845,665.0,31168.0,3158.5547
2416,17.9172,17.6214,1.9994,17.6922,667.0,32488.0,3158.5547
2417,17.5944,17.3597,1.9568,17.8464,663.0,31998.0,3158.5547
2418,17.8701,17.5073,1.8472,18.0128,662.0,31618.0,3158.5547
2419,17.9866,17.5614,2.0988,18.2131,662.0,32354.0,3158.5547
2420,18.327,17.5707,1.9932,18.0167,664.0,30810.0,3158.5547
2421,18.0101,17.494,2.3953,17.9474,664.0,32312.0,3158.5547
2422,17.9988,17.7319,2.1455,18.4391,665.0,35198.0,3158.5547
2423,18.4222,17.638,2.1104,18.4311,664.0,34725.0,3158.5547
2424,18.3959,17.608,2.0435,18.1498,665.0,32951.0,3158.5547
2425,18.1612,17.6661,1.9002,18.5071,667.0,37429.0,3158.5547
2426,18.4307,17.8532,1.7915,18.1091,666.0,32962.0,3158.5547
2427,18.0644,17.9832,1.7387,18.3739,670.0,34532.0,3158.5547
2428,18.4443,17.5936,2.1146,18.1249,669.0,31638.0,3158.5547
2429,18.0904,17.7259,1.9192,18.2216,669.0,32759.0,3158.5547
2430,18.242,17.623,2.0674,17.9922,667.0,31288.0,3158.5547
2431,17.9747,17.5933,2.0199,18.0432,666.0,33142.0,3158.5547
2432,18.0795,17.4999,2.38,17.8642,669.0,35567.0,3158.5547
2433,17.86,17.5061,2.1816,18.7038,663.0,35472.0,3158.5547
2434,18.6872,17.6191,2.0909,17.6363,668.0,40338.0,3158.5547
2435,17.7891,17.5807,1.9679,18.4562,668.0,38049.0,3158.5547
2436,18.2946,17.6507,2.0833,18.1593,676.0,45001.0,3158.5547
2437,18.2801,17.8647,1.9126,18.4195,677.0,47011.0,3158.5547
2438,18.2823,18.0195,1.7633,17.8363,665.0,41750.0,3158.5547
2439,17.8424,17.5732,2.0084,18.7454,667.0,47412.0,3158.5547
2440,18.897,17.5123,2.0168,17.8231,664.0,34974.0,3158.5547
2441,17.7422,17.6234,1.8843,17.7052,665.0,36858.0,3158.5547
2442,17.6185,17.5177,2.1759,18.5439,666.0,34482.0,3158.5547
2443,18.622,17.5128,2.3121,17.9963,668.0,39070.0,3158.5547
2444,17.9661,17.6051,2.124,18.7174,667.0,34136.0,3158.5547
2445,18.7036,17.6857,1.9907,18.1353,670.0,41506.0,3158.5547
2446,18.1977,17.5668,1.8332,18.2965,666.0,37652.0,3158.5547
2447,18.2188,17.5711,1.7099,17.8121,667.0,33096.0,3158.5547
2448,17.7595,17.8615,1.7391,18.0069,664.0,52780.0,3158.5547
2449,18.0472,17.5198,1.9328,18.9782,665.0,57566.0,3158.5547
2450,19.002,17.6043,2.0365,17.8155,664.0,49594.0,3158.5547
2451,17.8208,17.513,1.9613,18.137,664.0,38174.0,3158.5547
2452,18.1382,17.627,2.05,17.4288,665.0,38650.0,3158.5547
2453,17.4669,17.6233,2.0942,18.1639,663.0,39742.0,3158.5547
2454,18.1772,17.5307,2.3726,18.8448,664.0,42098.0,3158.5547
2455,18.8656,17.4888,2.2448,18.2881,662.0,33746.0,3158.5547
2456,18.2403,17.656,2.0974,18.2238,663.0,36850.0,3158.5547
2457,18.2622,17.5889,1.7003,17.5191,663.0,32926.0,3158.5547
2458,17.5609,17.4901,1.6856,17.8366,661.0,37172.0,3158.5547
2459,17.7824,17.3406,2.0458,18.8754,666.0,32474.0,3158.5547
2460,18.8438,18.3955,2.012,18.8389,667.0,37166.0,3158.5547
2461,18.8976,17.6026,2.5454,17.5365,666.0,33598.0,3158.5547
2462,17.5868,17.486,2.291,17.8613,666.0,34887.0,3158.5547
2463,17.7642,17.6216,2.0804,18.0191,668.0,38828.0,3158.5547
2464,18.021,17.6368,2.0058,18.3477,664.0,38002.0,3158.5547
2465,18.3412,17.5995,2.0145,18.1935,665.0,38122.0,3158.5547
2466,18.3049,17.6248,2.1538,18.6119,644.0,31399.0,3158.5547
2467,18.5944,17.8828,2.1954,18.0725,662.0,37481.0,3158.5547
2468,18.1109,17.7368,2.0356,18.2173,666.0,39842.0,3158.5547
2469,18.1903,17.5878,2.1112,19.0113,664.0,46687.0,3158.5547
2470,19.0192,17.6055,2.5528,19.6253,664.0,33260.0,3158.5547
2471,19.5856,18.0515,2.4082,18.7125,663.0,46088.0,3158.5547
2472,18.6629,17.6719,2.495,17.6423,665.0,31478.0,3158.5547
2473,17.7269,17.5248,2.3121,17.4592,663.0,34104.0,3158.5547
2474,17.3606,17.6273,2.0693,17.6467,666.0,38526.0,3158.5547
2475,17.7696,17.5377,2.2504,18.0593,665.0,32748.0,3158.5547
2476,18.0075,17.5814,2.283,18.0263,666.0,34010.0,3158.5547
2477,17.9591,17.668,2.0543,17.767,666.0,35652.0,3158.5547
2478,17.7576,17.7007,2.1109,19.1712,665.0,32228.0,3158.5547
2479,19.2309,17.7139,2.4753,19.1198,667.0,32870.0,3158.5547
2480,19.1223,17.6387,2.3754,18.048,664.0,32798.0,3158.5547
2481,18.1204,17.8939,2.2996,17.8524,662.0,31942.0,3158.5547
2482,17.6987,17.6053,2.2673,17.9301,663.0,34999.0,3158.5547
2483,18.0753,17.5991,2.2274,18.2384,668.0,34727.0,3158.5547
2484,18.1613,17.4682,2.3028,18.3266,665.0,33764.0,3158.5547
2485,18.3423,17.6427,2.1906,18.0187,662.0,34462.0,3158.5547
2486,18.0665,17.666,2.686,18.3635,664.0,33818.0,3158.5547
2487,18.4314,17.6619,2.4818,18.5098,670.0,37124.0,3158.5547
2488,18.4568,17.543,2.3673,17.7536,662.0,33430.0,3158.5547
2489,17.7605,17.5989,2.2901,17.9769,663.0,31534.0,3158.5547
2490,17.8916,17.6141,2.2059,18.6117,666.0,36425.0,3158.5547
2491,18.6788,17.5601,2.2909,18.7885,669.0,30826.0,3158.5547
2492,18.7068,18.001,2.2088,17.9274,667.0,33666.0,3158.5547
2493,17.9785,18.2812,2.0218,18.1573,672.0,31230.0,3158.5547
2494,18.0907,17.9422,2.1925,18.0007,666.0,32844.0,3158.5547
2495,18.0415,17.87,2.0677,18.3171,665.0,31632.0,3158.5547
2496,18.2811,17.7711,2.0694,18.2451,666.0,32012.0,3158.5547
2497,18.3026,17.8838,2.4492,19.222,662.0,32354.0,3158.5547
2498,19.2892,17.4516,2.5787,18.2047,666.0,30834.0,3158.5547
2499,18.0857,17.4482,2.1901,17.9032,666.0,32336.0,3158.5547
2500,17.985,17.8478,2.2307,21.3038,663.0,35174.0,3158.5547
2501,21.3595,17.5459,2.3693,14.5109,668.0,34773.0,3158.5547
2502,14.3643,18.4147,1.8977,18.6557,665.0,32951.0,3158.5547
2503,18.636,17.7189,1.605,18.4199,670.0,37465.0,3158.5547
2504,18.5231,17.8562,1.84,18.8907,663.0,32558.0,3158.5547
2505,18.8113,17.8085,2.0896,17.7491,665.0,34884.0,3158.5547
2506,17.8145,17.6228,1.9628,18.201,664.0,31622.0,3158.5547
2507,18.1278,17.7092,2.404,18.6409,669.0,32391.0,3158.5547
2508,18.8052,17.9447,2.3456,18.2757,669.0,31658.0,3158.5547
2509,18.1748,17.7376,2.2571,18.2426,670.0,33168.0,3158.5547
2510,18.2824,17.771,2.2195,19.7864,670.0,35579.0,3158.5547
2511,19.7149,17.8628,2.2999,21.3824,666.0,35486.0,3158.5547
2512,21.4703,18.372,2.3951,16.1356,667.0,40304.0,3158.5547
2513,16.093,18.627,2.2953,18.992,672.0,38097.0,3158.5547
2514,19.1398,17.8574,2.3853,18.1121,677.0,45013.0,3158.5547
2515,17.9486,17.8131,3.0425,18.1703,674.0,46975.0,3158.6797
2516,18.3721,17.894,3.0298,20.0883,667.0,41774.0,3158.6797
2517,19.914,17.8874,2.5309,16.9149,667.0,44076.0,3158.6797
2518,16.8576,17.8148,2.2707,18.1213,664.0,38310.0,3158.8047
2519,18.124,17.8516,2.1342,18.0233,666.0,36870.0,3158.8047
2520,18.0203,17.367,1.9374,17.2068,664.0,33994.0,3158.8047
2521,17.3625,17.3356,2.2713,18.6539,664.0,39530.0,3158.8047
2522,18.5363,18.6506,2.2723,18.0229,663.0,34132.0,3158.8047
2523,17.9505,17.6243,1.898,18.4682,669.0,41494.0,3158.8047
2524,18.5098,17.7714,1.9425,18.6116,668.0,35966.0,3158.8047
2525,18.6306,17.7657,1.9887,18.4616,668.0,34774.0,3158.8047
2526,18.4674,17.7472,2.183,18.8203,664.0,45952.0,3158.8047
2527,18.8264,17.6124,2.2598,17.637,665.0,64372.0,3158.8047
2528,17.6164,17.6119,2.0048,18.3315,664.0,49608.0,3158.8047
2529,18.3429,17.1686,2.146,17.4552,662.0,38114.0,3158.8047
2530,17.5041,17.6572,2.2766,17.9042,666.0,38662.0,3158.8047
2531,17.8349,17.6399,2.0177,17.9372,664.0,39290.0,3158.8047
2532,17.952,16.8257,1.6563,17.7649,664.0,42562.0,3158.8047
2533,17.7366,18.0163,1.7768,18.1213,664.0,33306.0,3158.8047
2534,18.0511,17.9661,1.7328,18.0073,663.0,36946.0,3158.8047
2535,18.0544,17.5988,1.6164,18.3877,665.0,33318.0,3158.8047
2536,18.4355,17.5277,1.9103,18.1412,662.0,35780.0,3158.8047
2537,18.1333,16.7756,1.8891,17.1535,664.0,33434.0,3158.8047
2538,17.2145,17.5607,2.0376,18.6522,663.0,37626.0,3158.8047
2539,18.5677,17.5647,2.4407,18.5461,669.0,33634.0,3158.8047
2540,18.5693,16.8119,2.0831,17.3021,664.0,34841.0,3158.8047
2541,17.3692,17.7064,2.0407,17.7675,667.0,38228.0,3158.8047
2542,17.6457,17.0366,1.858,17.7182,665.0,38580.0,3158.8047
2543,17.8666,17.6105,1.9185,17.9988,665.0,38100.0,3158.8047
2544,17.9309,17.5835,1.9707,18.1463,649.0,31533.0,3158.8047
2545,18.0912,18.0281,2.0623,18.7495,663.0,37493.0,3158.8047
2546,18.7409,18.1842,1.8116,18.1818,665.0,39830.0,3158.8047
2547,18.2248,16.762,1.9553,17.0443,665.0,46699.0,3158.8047
2548,17.0432,17.588,1.5686,18.0455,663.0,33248.0,3158.8047
2549,18.0769,17.6856,2.0032,18.6382,663.0,46088.0,3158.8047
2550,18.6384,17.5401,2.1467,18.1986,663.0,31454.0,3158.8047
2551,18.1764,16.7204,2.2582,16.8678,664.0,34116.0,3158.8047
2552,16.8863,17.6668,2.2143,18.4405,663.0,38490.0,3158.8047
2553,18.5499,17.5914,2.1705,18.1264,661.0,32744.0,3158.8047
2554,18.0207,17.5592,2.1179,18.3048,665.0,34042.0,3158.8047
2555,18.2777,17.6731,1.9059,18.2973,666.0,35652.0,3158.8047
2556,18.278,17.6201,1.9275,17.7104,667.0,32230.0,3158.8047
2557,17.7896,16.7589,1.8798,17.8187,667.0,32848.0,3158.8047
2558,17.7615,17.533,1.8559,17.3273,665.0,32810.0,3158.8047
2559,17.3499,17.5163,1.8447,18.2444,666.0,31968.0,3158.8047
2560,18.2693,16.7409,1.9218,17.048,663.0,34977.0,3158.8047
2561,17.1301,17.5736,1.8852,18.4289,666.0,34703.0,3158.8047
2562,18.3638,16.7657,1.9604,16.9605,663.0,33740.0,3158.8047
2563,16.9074,17.6033,1.9674,19.8942,663.0,34474.0,3158.8047
2564,19.9607,17.6963,2.6528,18.6685,662.0,33794.0,3158.8047
2565,18.7073,17.666,2.7135,17.9942,668.0,37100.0,3158.8047
2566,17.9093,17.6807,2.1611,16.8101,665.0,33466.0,3158.8047
2567,16.8388,16.7739,2.2419,17.2,663.0,31534.0,3158.8047
2568,17.1973,17.6712,2.0297,18.6341,668.0,36449.0,3158.8047
2569,18.6928,17.5787,1.9676,18.095,663.0,30798.0,3158.8047
2570,17.9946,16.7718,2.0336,17.3507,663.0,33662.0,3158.8047
2571,17.3203,17.9053,1.8341,19.281,668.0,31182.0,3158.8047
2572,19.3135,18.0145,1.9468,17.0503,669.0,32858.0,3158.8047
2573,17.1026,16.6956,1.9063,17.4746,667.0,31634.0,3158.8047
2574,17.4052,17.5872,2.0798,19.3799,669.0,32048.0,3158.8047
2575,19.3593,17.6294,1.7461,17.9248,664.0,32356.0,3158.8047
2576,18.0283,16.6451,2.0297,16.6355,666.0,30812.0,3158.8047
2577,16.5544,17.5853,1.9412,18.2112,666.0,32336.0,3158.8047
2578,18.2779,17.6305,2.2358,17.6929,665.0,35198.0,3158.8047
2579,17.7627,17.5873,2.0547,18.0651,665.0,34737.0,3158.8047
2580,17.9051,17.6053,1.8397,18.1737,665.0,32951.0,3158.8047
2581,18.3198,17.639,1.9817,18.2759,667.0,37429.0,3158.8047
2582,18.2341,17.5648,1.9949,18.1109,663.0,32558.0,3158.8047
2583,18.0294,17.5771,1.7932,18.0044,667.0,34908.0,3158.8047
2584,17.9754,16.7639,1.8974,17.3922,667.0,31658.0,3158.8047
2585,17.3935,17.9234,1.6429,18.5402,664.0,32375.0,3158.8047
2586,18.6718,17.1082,1.646,18.2715,663.0,31630.0,3158.8047
2587,18.2064,17.5584,1.7711,17.7503,668.0,33144.0,3158.8047
2588,17.7432,17.5956,1.973,18.1943,671.0,35569.0,3158.8047
2589,18.365,17.5662,2.215,18.924,668.0,35488.0,3158.8047
2590,18.8377,17.6696,2.218,18.2042,667.0,40304.0,3158.8047
2591,18.1751,17.603,1.9697,17.311,671.0,38063.0,3158.8047
2592,17.2866,16.7493,1.94,17.5842,677.0,44991.0,3158.8047
2593,17.5597,17.6847,1.9314,17.8243,675.0,46987.0,3158.8047
2594,17.8522,16.756,1.9502,17.5502,666.0,41762.0,3158.8047
2595,17.5891,17.572,2.0917,18.0995,667.0,44076.0,3158.8047
2596,18.3127,17.6589,2.4427,18.8063,664.0,38310.0,3158.8047
2597,18.5167,18.4234,2.1685,18.4898,662.0,36822.0,3158.8047
2598,18.575,17.5253,2.0072,17.5028,662.0,33970.0,3158.8047
2599,17.449,17.5357,1.9021,18.1105,665.0,39542.0,3158.8047
2600,18.0902,17.6304,1.6786,18.1474,664.0,34144.0,3158.8047
2601,18.1457,16.7234,1.5379,17.0585,664.0,41478.0,3158.8047
2602,17.0973,17.5618,1.2439,18.4961,661.0,35926.0,3158.8047
2603,18.4248,17.5812,1.4107,18.1266,670.0,34798.0,3158.8047
2604,18.1983,16.7657,1.729,17.8253,668.0,45978.0,3158.8047
2605,17.9009,17.858,1.9677,17.4484,668.0,64386.0,3158.8047
2606,17.3629,16.8099,1.8882,18.1762,666.0,49632.0,3158.8047
2607,18.2985,17.6538,1.8959,17.6935,668.0,38164.0,3158.8047
2608,17.5863,17.6185,1.93,18.429,666.0,38640.0,3158.8047
2609,18.5258,17.9538,1.9315,18.2666,664.0,39290.0,3158.8047
2610,18.2499,17.1425,2.0901,18.7002,664.0,42562.0,3158.8047
2611,18.6228,17.9321,1.8383,18.2686,663.0,33294.0,3158.8047
2612,18.3121,17.592,2.0377,17.3761,663.0,36946.0,3158.8047
2613,17.2936,17.5363,1.9971,17.9624,665.0,33318.0,3158.8047
2614,17.9979,17.6104,1.9202,18.2613,662.0,35780.0,3158.8047
2615,18.2747,17.6013,2.2446,18.104,666.0,33458.0,3158.8047
2616,18.0795,17.6338,2.0229,18.338,664.0,37638.0,3158.8047
2617,18.4051,17.5643,2.1412,18.1469,661.0,33582.0,3158.8047
2618,18.1912,17.6978,1.9407,18.1433,661.0,34849.0,3158.8047
2619,18.0549,17.6772,1.613,18.4299,667.0,38228.0,3158.8047
2620,18.3749,18.0513,1.5523,18.5845,671.0,38630.0,3158.8047
2621,18.5459,17.9529,1.5874,17.7502,667.0,38102.0,3158.8047
2622,17.8295,17.5187,1.803,18.3936,650.0,31545.0,3158.8047
2623,18.4783,17.7443,2.0207,18.4643,666.0,37507.0,3158.8047
2624,18.4058,17.5038,2.1019,17.9479,666.0,39820.0,3158.8047
2625,17.9485,17.5584,2.1145,18.185,666.0,46711.0,3158.8047
2626,18.2308,17.6391,2.2442,18.1167,664.0,33260.0,3158.8047
2627,18.1146,17.6103,1.9856,18.2616,663.0,46088.0,3158.8047
2628,18.2223,17.6046,1.9658,18.1878,665.0,31478.0,3158.8047
2629,18.1884,17.6713,1.9657,18.6279,665.0,34128.0,3158.8047
2630,18.6224,17.5448,2.076,18.0846,664.0,38502.0,3158.8047
2631,18.0694,17.8273,2.1807,18.9746,664.0,32780.0,3158.8047
2632,19.1328,17.9494,2.1483,17.6254,662.0,34006.0,3158.8047
2633,17.5149,17.6671,2.1428,18.1908,663.0,35660.0,3158.8047
2634,18.1735,17.7513,2.046,18.1875,662.0,32214.0,3158.8047
2635,18.2152,17.6984,1.805,19.3272,668.0,32860.0,3158.8047
2636,19.5406,17.9779,2.3697,17.7455,665.0,32788.0,3158.8047
2637,17.5378,17.8801,2.1051,18.43,665.0,31934.0,3158.8047
2638,18.3603,17.787,1.8386,18.2563,662.0,34965.0,3158.8047
2639,18.235,17.7329,1.8602,18.3195,667.0,34693.0,3158.8047
2640,18.31,17.8617,1.6682,18.9848,668.0,33778.0,3158.8047
2641,18.9572,18.6442,2.0099,19.1249,666.0,34510.0,3158.8047
2642,19.291,17.8753,2.1522,18.4509,664.0,33818.0,3158.8047
2643,18.3848,17.7127,2.0097,17.429,667.0,37088.0,3158.8047
2644,17.4463,17.7511,1.7815,18.6972,665.0,33466.0,3158.8047
2645,18.6278,17.368,1.9573,17.133,662.0,31522.0,3158.8047
2646,17.0929,17.3119,1.7427,18.7209,666.0,36425.0,3158.8047
2647,18.9393,17.896,2.0697,18.8071,664.0,30810.0,3158.8047
2648,18.7362,17.892,2.2236,18.1992,664.0,33674.0,3158.8047
2649,18.1606,17.6395,1.8771,18.1099,664.0,31178.0,3158.8047
2650,18.0577,17.8002,2.1504,18.0799,663.0,32830.0,3158.8047
2651,18.1372,19.1177,2.2259,19.611,669.0,31658.0,3158.8047
