capture_frame,FrameTime,GPUTime,GameThreadTime,RenderThreadTime,RHI/DrawCalls,RHI/PrimitivesDrawn,GPUMem/LocalUsedMB
120,16.0531,17.2584,1.9235,17.8748,425.0,19542.0,2893.2578
121,18.0263,17.0992,2.3474,18.1372,451.0,21850.0,2893.2578
122,18.0581,17.7197,2.2177,18.9168,453.0,23926.0,2893.2578
123,18.9149,16.1355,2.8172,16.4827,451.0,21172.0,2893.2578
124,16.7607,16.1564,2.5125,16.3081,450.0,21160.0,2893.2578
125,16.1555,16.5313,2.6611,17.1184,450.0,21160.0,2893.2578
126,16.9961,16.2079,2.4196,17.2833,450.0,21160.0,2893.2578
127,17.3376,16.4333,2.2911,18.1418,451.0,21172.0,2893.2578
128,18.0584,16.3645,2.4373,14.9122,450.0,21160.0,2893.2578
129,14.9654,16.2299,2.3404,16.6409,451.0,22564.0,2893.2578
130,16.6747,16.1547,2.239,17.3873,450.0,23480.0,2893.2578
131,17.3074,16.0025,2.5887,16.1598,450.0,25080.0,2893.2578
132,16.1835,16.1654,2.4506,16.9159,455.0,35433.0,2893.2578
133,16.8736,16.3995,2.5314,17.532,458.0,53714.0,2893.2578
134,17.5865,15.9939,2.515,16.225,454.0,43700.0,2893.2578
135,16.1714,16.4453,2.8515,16.1664,454.0,33307.0,2893.2578
136,16.3063,15.9858,4.125,15.6992,453.0,26976.0,2893.2578
137,15.595,16.2076,2.9163,17.5021,453.0,27284.0,2893.2578
138,17.4388,16.5523,2.479,17.8148,452.0,28670.0,2893.2578
139,17.8457,16.2162,2.4454,19.5767,450.0,24508.0,2893.2578
140,19.7574,16.831,2.8418,14.0051,450.0,21160.0,2893.2578
141,13.7916,16.1324,2.6338,16.9485,450.0,21160.0,2893.2578
142,17.007,15.9304,1.9446,17.8325,451.0,21172.0,2893.2578
143,17.8242,16.2108,2.2617,16.1638,450.0,21160.0,2893.2578
144,16.2761,16.2777,2.8623,17.3937,450.0,21160.0,2893.2578
145,17.3207,15.9991,2.3816,14.7219,450.0,21160.0,2893.2578
146,14.7159,16.1414,2.3926,17.6557,451.0,22774.0,2893.2578
147,17.7088,16.2474,2.4419,16.5134,461.0,32870.0,2893.2578
148,16.3806,15.9785,2.243,16.4394,451.0,22626.0,2893.2578
149,16.5057,16.2185,2.3665,16.3167,454.0,24510.0,2893.2578
150,16.3632,16.1457,2.1897,18.0985,455.0,24178.0,2893.2578
151,18.0216,16.2862,2.6055,16.9873,454.0,34932.0,2893.2578
152,17.076,17.0052,3.3816,16.8264,453.0,37742.0,2893.2578
153,16.8683,16.2115,3.055,15.7393,457.0,43112.0,2893.2578
154,15.736,16.5578,2.6223,17.9455,453.0,28202.0,2893.2578
155,17.914,16.3622,3.0825,17.4693,450.0,25794.0,2893.2578
156,17.4026,15.9207,3.1475,16.3986,450.0,27245.0,2893.2578
157,16.3793,16.1655,2.5007,17.1957,450.0,30639.0,2893.2578
158,17.2285,16.1997,2.8823,15.4667,450.0,30310.0,2893.2578
159,15.5161,15.9591,2.8819,17.3303,451.0,21172.0,2893.2578
160,17.2975,16.1859,3.3091,16.6572,450.0,21624.0,2893.2578
161,16.697,16.1555,2.8443,17.6636,450.0,22088.0,2893.2578
162,17.6362,15.9898,2.8133,16.1717,450.0,83332.0,2893.2578
163,16.1905,16.3677,2.7058,15.7297,450.0,27752.0,2893.2578
164,15.7366,16.3207,2.2897,18.4607,450.0,25336.0,2893.2578
165,18.5217,15.8699,2.4203,15.2116,454.0,21628.0,2893.2578
166,15.1367,16.1545,2.0994,15.6544,453.0,21116.0,2893.2578
167,15.5812,16.1914,2.6632,21.3539,454.0,21628.0,2893.2578
168,21.4326,15.925,2.4256,13.0718,452.0,21162.0,2893.2578
169,13.0135,16.1128,2.2409,15.8809,452.0,22554.0,2893.2578
170,15.9204,16.06,2.1217,18.6511,452.0,23482.0,2893.2578
171,18.6853,16.0421,2.5682,15.4334,450.0,21160.0,2893.2578
172,15.3957,16.0891,2.0783,15.8514,454.0,24902.0,2893.2578
173,15.9044,16.2824,2.2617,16.3317,456.0,26773.0,2893.2578
174,16.3179,16.0349,2.1504,17.8071,450.0,22088.0,2893.2578
175,17.7319,16.0427,2.0809,15.4877,450.0,21624.0,2893.2578
176,15.5577,15.9127,2.1874,16.2072,450.0,25456.0,2893.2578
177,16.162,16.1287,2.2498,17.2277,450.0,53720.0,2893.2578
178,17.3038,16.0626,2.444,16.4881,450.0,79900.0,2893.2578
179,16.4341,15.8986,2.1149,16.3466,456.0,27081.0,2893.2578
180,16.3101,16.1701,2.1272,16.3527,452.0,23031.0,2893.2578
181,16.4166,16.1757,2.3065,16.2825,455.0,22864.0,2893.2578
182,16.3195,16.1823,2.1228,18.6228,454.0,29604.0,2893.2578
183,18.6113,15.9577,2.6203,15.6668,455.0,24512.0,2893.2578
184,15.6606,16.6473,2.3446,17.1673,456.0,34554.0,2893.2578
185,17.4213,16.4288,2.5461,16.7315,459.0,44598.0,2893.2578
186,16.4444,16.1494,2.4247,16.3546,452.0,21626.0,2893.2578
187,16.4025,16.6622,2.3741,18.2418,450.0,22088.0,2893.2578
188,18.2198,16.0608,2.5877,16.6849,448.0,21968.0,2893.2578
189,16.6078,15.9358,2.6703,15.1632,450.0,23480.0,2893.2578
190,15.1573,16.1699,2.2153,16.471,450.0,23908.0,2893.2578
191,16.5661,16.4025,2.3253,17.5187,440.0,21608.0,2893.2578
192,17.4528,16.3184,2.558,16.4077,447.0,24728.0,2893.2578
193,16.4352,16.3886,3.3111,17.0215,451.0,22100.0,2893.2578
194,17.2038,16.1547,2.4888,16.4619,450.0,21160.0,2893.2578
195,16.3704,16.2971,2.271,17.6294,451.0,21172.0,2893.2578
196,17.5,16.6214,2.537,16.9916,450.0,21160.0,2893.2578
197,17.0774,16.4446,2.7012,18.1291,454.0,25212.0,2893.2578
198,18.0872,16.2717,3.0507,16.1004,442.0,22652.0,2893.2578
199,16.1369,16.5318,2.3591,16.5723,441.0,20752.0,2893.2578
200,16.6445,16.1193,2.3703,18.1584,451.0,21850.0,2893.2578
201,18.1348,16.3387,2.4376,14.2875,452.0,23914.0,2893.2578
202,14.1652,16.4293,2.2605,17.2574,452.0,21162.0,2893.2578
203,17.5236,16.223,2.874,17.0226,450.0,21160.0,2893.2578
204,16.8533,16.9283,2.6784,18.5971,450.0,21160.0,2893.2578
205,18.5817,16.5721,2.5691,15.8167,450.0,21160.0,2893.2578
206,15.7991,16.1292,2.4551,18.0527,450.0,21160.0,2893.2578
207,18.0335,16.5311,2.3025,16.2906,450.0,21160.0,2893.2578
208,16.4098,16.3457,2.2871,15.717,450.0,22552.0,2893.2578
209,15.7105,16.1332,2.0324,17.5345,450.0,23480.0,2893.2578
210,17.4112,16.6239,2.4289,17.0402,450.0,24392.0,2893.2578
211,17.0144,16.2475,2.074,16.711,454.0,31094.0,2893.2578
212,16.7461,16.3238,2.1161,16.6288,456.0,55253.0,2893.2578
213,16.6976,16.6219,1.9632,16.952,454.0,43687.0,2893.2578
214,16.8569,16.2263,1.9528,16.8523,454.0,36496.0,2893.2578
215,16.8547,16.4625,2.0895,17.6452,454.0,27334.0,2893.2578
216,17.637,16.3948,2.5457,16.9636,452.0,26904.0,2893.2578
217,16.9846,16.2283,2.0857,16.5217,452.0,27364.0,2893.2578
218,16.5279,16.3783,2.1474,16.8,452.0,26184.0,2893.2578
219,16.8992,16.3796,2.2514,18.061,450.0,21160.0,2893.2578
220,18.1972,16.2062,2.4219,16.4513,450.0,21160.0,2893.2578
221,16.3059,16.8932,2.5499,17.3235,450.0,21160.0,2893.2578
222,17.2849,16.6023,2.4218,16.7179,450.0,21160.0,2893.2578
223,16.7066,16.1195,2.5185,15.9711,450.0,21160.0,2893.2578
224,15.9964,16.3448,2.3316,17.3162,450.0,21160.0,2893.2578
225,17.2534,16.5065,2.3546,16.5746,450.0,22762.0,2893.2578
226,16.6528,16.1905,2.4452,16.6581,459.0,30838.0,2893.2578
227,16.6902,16.3715,2.1806,16.6712,453.0,24358.0,2893.2578
228,16.6347,15.9999,2.1906,16.5551,450.0,24806.0,2893.2578
229,16.5069,16.142,2.1912,17.1632,454.0,24166.0,2893.2578
230,17.1438,16.1472,2.2308,16.2853,454.0,33032.0,2893.2578
231,16.2597,16.1071,2.1759,17.1798,455.0,38514.0,2893.2578
232,17.2359,16.1061,2.056,17.1664,457.0,42394.0,2893.2578
233,17.2428,16.0191,2.3512,15.2766,452.0,29178.0,2893.2578
234,15.2039,15.8691,2.1376,16.3264,452.0,25054.0,2893.2578
235,16.3012,16.0945,2.2563,16.5575,450.0,26646.0,2893.2578
236,16.5348,16.1128,1.8497,16.7446,450.0,31142.0,2893.2578
237,16.8704,16.2154,1.9796,18.4202,450.0,30310.0,2893.2578
238,18.4922,16.4097,2.255,15.1212,450.0,22858.0,2893.2578
239,15.0497,16.1691,2.2672,17.0505,450.0,21624.0,2893.2578
240,16.9905,16.0005,2.131,16.6977,450.0,22088.0,2893.2578
241,16.6676,16.2489,2.2786,17.4188,450.0,74570.0,2893.2578
242,17.4386,16.0733,2.4806,16.6223,450.0,36514.0,2893.2578
243,16.7735,16.19,2.5265,16.2955,450.0,25336.0,2893.2578
244,16.2234,16.2341,2.3557,16.5021,450.0,21624.0,2893.2578
245,16.3574,16.2556,1.9981,16.6909,454.0,21128.0,2893.2578
246,16.6799,16.3598,1.8167,16.4411,455.0,21640.0,2893.2578
247,16.464,16.1965,1.6449,17.0066,454.0,21164.0,2893.2578
248,17.0057,16.0362,1.6322,16.3186,452.0,22090.0,2893.2578
249,16.368,16.2729,1.7406,16.9081,452.0,23946.0,2893.2578
250,17.0694,16.2373,2.5674,16.9446,452.0,21162.0,2893.2578
251,16.8887,15.9169,2.3192,16.5105,453.0,23043.0,2893.2578
252,16.406,16.1666,2.3126,16.0859,456.0,26773.0,2893.2578
253,16.0816,16.3748,2.0899,17.5521,452.0,23959.0,2893.2578
254,17.5297,16.4515,2.1649,16.7694,451.0,21636.0,2893.2578
255,16.9106,16.2632,2.3168,17.0891,450.0,25088.0,2893.2578
256,17.0073,16.2087,1.7669,16.3099,450.0,49300.0,2893.2578
257,16.2238,16.0475,1.5721,17.6746,450.0,84380.0,2893.2578
258,17.6735,16.4633,1.9093,15.944,456.0,27389.0,2893.2578
259,15.9794,16.5408,1.9532,16.4072,452.0,23031.0,2893.2578
260,16.3917,16.2404,1.9146,17.092,450.0,22848.0,2893.2578
261,17.084,16.2199,1.9264,17.2446,454.0,27916.0,2893.2578
262,17.2177,16.057,1.8463,16.195,455.0,26200.0,2893.2578
263,16.2896,16.0297,2.123,16.9408,458.0,34556.0,2893.2578
264,16.9828,16.4849,2.0295,16.5832,459.0,44598.0,2893.2578
265,16.5315,16.2387,1.6851,16.1337,452.0,21626.0,2893.2578
266,16.0548,16.056,1.7707,17.4738,452.0,22090.0,2893.2578
267,17.4754,16.2596,1.9426,16.7712,450.0,22088.0,2893.2578
268,16.8157,16.1255,1.8721,16.719,450.0,23480.0,2893.2578
269,16.777,16.071,1.9639,16.2734,449.0,23896.0,2893.2578
270,16.2902,16.2932,2.2628,16.4341,441.0,21656.0,2893.2578
271,16.3493,15.9565,2.1921,17.1836,447.0,23300.0,2893.2578
272,17.364,16.1918,1.915,16.3865,450.0,23480.0,2893.2578
273,16.2562,16.0201,2.043,17.1573,451.0,21172.0,2893.2578
274,17.0813,15.9324,1.8562,17.0991,450.0,21160.0,2893.2578
275,17.267,16.008,2.1131,15.8851,450.0,21160.0,2893.2578
276,15.7731,16.6549,1.9912,17.4539,450.0,25208.0,2893.2578
277,17.4086,16.4211,1.9827,16.8331,449.0,23072.0,2893.2578
278,16.8831,16.0122,2.1282,15.9188,454.0,21532.0,2893.2578
279,15.9251,16.2721,1.998,15.5162,453.0,21874.0,2893.2578
280,15.5252,16.2127,1.7782,16.9506,452.0,23892.0,2893.2578
281,16.9902,15.9863,1.7449,16.8012,452.0,21162.0,2893.2578
282,16.7376,16.2978,1.8552,16.6172,452.0,21162.0,2893.2578
283,16.5792,15.9072,1.685,16.1373,450.0,21160.0,2893.2578
284,16.252,16.1442,1.7639,16.5285,450.0,21160.0,2893.2578
285,16.484,15.9805,1.7701,16.8137,450.0,21160.0,2893.2578
286,16.7472,15.9352,1.7467,16.7184,450.0,21624.0,2893.2578
287,16.78,16.2211,1.7242,16.0882,450.0,23480.0,2893.2578
288,16.1193,15.917,1.7704,16.4719,450.0,23240.0,2893.2578
289,16.4461,16.1858,1.8618,16.8619,452.0,27327.0,2893.2578
290,16.9371,16.1138,1.8456,16.9928,455.0,44675.0,2893.2578
291,16.8574,16.1804,1.6432,16.0878,452.0,47718.0,2893.2578
292,16.0861,16.0917,1.7266,16.7172,450.0,46614.0,2893.2578
293,16.7546,16.1394,1.7951,16.7067,455.0,26452.0,2893.2578
294,16.7308,15.8826,1.9555,17.7245,454.0,27390.0,2893.2578
295,17.791,16.557,2.1013,16.2662,454.0,24556.0,2893.2578
296,16.1614,16.503,1.9522,17.3738,452.0,29938.0,2893.2578
297,17.4646,15.9843,2.0121,17.0871,452.0,22836.0,2893.2578
298,16.9555,16.0068,1.8312,15.6019,452.0,21162.0,2893.2578
299,15.6459,16.1758,1.6784,16.3379,450.0,21160.0,2893.2578
300,16.3509,15.9152,1.8243,16.5325,451.0,21172.0,2893.2578
301,16.5312,16.1403,1.7891,16.1295,450.0,21160.0,2893.2578
302,16.1295,16.1157,1.6743,16.9824,450.0,21160.0,2893.2578
303,16.9772,15.9412,1.8026,16.1005,450.0,22228.0,2893.2578
304,16.1375,16.3796,1.9155,17.6882,453.0,25276.0,2893.2578
305,17.7026,16.6109,1.7981,16.1778,459.0,30304.0,2893.2578
306,16.22,15.9523,1.8296,17.4043,450.0,23114.0,2893.2578
307,17.4108,16.4665,1.8487,16.3304,450.0,24600.0,2893.2578
308,16.1946,16.1993,1.7392,16.6714,450.0,27916.0,2893.2578
309,16.7155,16.0169,1.8554,17.3158,455.0,39862.0,2893.2578
310,17.3041,16.0581,2.0948,15.9909,456.0,35122.0,2893.2578
311,16.0137,15.9594,1.5852,16.4752,458.0,35452.0,2893.2578
312,16.5584,16.1972,1.8607,16.4803,452.0,29272.0,2893.2578
313,16.4394,16.4613,2.0987,17.3178,452.0,25262.0,2893.2578
314,17.2978,16.682,2.251,17.316,452.0,28841.0,2893.2578
315,17.2964,16.1882,1.9878,17.9149,708.0,51983.0,2893.2578
316,17.9638,16.1605,2.3531,16.4315,550.0,24372.0,2893.2578
317,16.3552,17.1163,2.3914,17.0882,586.0,31840.0,2893.2578
318,17.0991,15.8573,1.7126,15.8816,589.0,24106.0,2893.2578
319,16.0956,14.4407,1.9656,14.5209,586.0,23968.0,2893.2578
320,14.4054,14.1158,1.8513,15.1455,585.0,35008.0,2893.2578
321,15.1255,14.3251,1.7829,14.2299,585.0,78318.0,2893.2578
322,14.2765,14.1157,2.0125,14.5409,588.0,25506.0,2893.2578
323,14.401,14.1285,1.7262,15.318,588.0,24940.0,2893.2578
324,15.3396,14.3133,1.7641,14.7392,587.0,23036.0,2893.2578
325,14.7323,13.8305,1.5898,17.399,591.0,23540.0,2893.2578
326,17.5809,14.2491,2.7715,13.456,592.0,23016.0,2893.2578
327,13.291,14.3879,2.4514,15.4407,591.0,26716.0,2893.2578
328,15.658,14.3201,2.8954,13.0053,589.0,23002.0,2893.2578
329,12.8572,15.4218,2.1313,16.6244,593.0,24897.0,2957.2578
330,16.6196,14.3351,3.5928,13.9122,594.0,28603.0,2957.2578
331,13.8683,14.5435,2.6864,15.2463,593.0,25847.0,2957.2578
332,15.2981,14.0547,1.9013,14.4487,585.0,23440.0,2957.2578
333,14.4331,14.3359,1.8975,15.0881,586.0,30968.0,2957.2578
334,15.0707,14.243,1.5585,14.3625,585.0,50724.0,2957.2578
335,14.2973,14.14,1.6911,14.9803,594.0,32433.0,2957.2578
336,15.0006,13.9511,1.8242,14.894,590.0,24883.0,2957.2578
337,14.9232,14.4858,2.2137,14.562,587.0,24688.0,2957.2578
338,14.604,14.54,1.6981,15.6841,590.0,34812.0,2957.2578
339,15.6605,14.1695,1.8907,14.6364,594.0,46372.0,2957.2578
340,14.6752,14.3313,1.8836,14.1393,590.0,36780.0,2957.2578
341,14.0417,14.501,1.8384,15.1399,591.0,23868.0,2957.2578
342,15.2198,14.7089,2.5249,15.2211,579.0,23244.0,2957.2578
343,15.1948,14.1193,1.9994,14.777,590.0,25568.0,2957.2578
344,14.7873,14.2816,1.7725,14.4954,590.0,25270.0,2957.2578
345,14.5389,14.2762,1.727,15.9408,589.0,24330.0,2957.2578
346,15.8943,14.3175,1.819,14.6752,588.0,26102.0,2957.2578
347,14.6383,14.5487,2.0063,14.5214,587.0,23792.0,2957.2578
348,14.5276,14.4007,1.7948,15.2636,587.0,22864.0,2957.2578
349,15.2486,14.8321,1.8348,14.3081,586.0,25796.0,2957.2578
350,14.3452,14.5287,1.8573,15.7722,586.0,25428.0,2957.2578
351,15.8695,14.399,2.044,14.6514,583.0,23148.0,2957.2578
352,14.5344,14.3935,1.8463,14.7258,586.0,22852.0,2957.2578
353,14.719,14.5253,1.6148,15.3439,587.0,22864.0,2957.2578
354,15.466,14.1332,1.9309,15.0089,587.0,22864.0,2957.2578
355,14.9796,14.1194,1.9674,14.929,587.0,23328.0,2957.2578
356,14.8988,14.5215,1.9186,15.9788,586.0,24708.0,2957.2578
357,15.9403,14.796,1.8375,14.8067,590.0,24248.0,2957.2578
358,14.8594,14.8272,2.2784,15.145,591.0,30163.0,2957.2578
359,15.1331,14.6806,1.9469,14.8686,595.0,35580.0,2957.2578
360,14.974,14.5098,2.2559,14.5536,595.0,55815.0,2957.2578
361,14.4736,14.5778,1.9544,15.6639,587.0,50952.0,2957.2578
362,15.6525,14.5938,2.2911,15.4962,588.0,28866.0,2957.2578
363,15.4806,14.6087,2.1161,14.4929,585.0,29802.0,2957.2578
364,14.5477,14.6834,2.0489,14.9646,586.0,26244.0,2957.2578
365,14.9972,13.8653,2.0654,14.8207,585.0,31616.0,2957.2578
366,14.7647,14.2968,2.0771,15.7219,586.0,24526.0,2957.2578
367,15.7129,14.3713,2.3649,13.8374,588.0,22876.0,2957.2578
368,13.8476,14.7539,1.8386,15.7656,584.0,22828.0,2957.2578
369,15.7233,14.5439,1.819,14.7932,587.0,22864.0,2957.2578
370,14.8043,14.2303,1.9418,15.0317,586.0,22852.0,2957.2578
371,15.0098,14.6112,2.0376,14.9829,586.0,23920.0,2957.2578
372,15.0528,14.5993,1.9829,15.1631,593.0,31032.0,2957.2578
373,15.1467,14.349,2.0453,14.5762,595.0,28758.0,2957.2578
374,14.5365,14.3217,2.0759,15.8483,588.0,25968.0,2957.2578
375,15.8778,14.1372,2.1677,15.181,589.0,30300.0,2957.2578
376,15.2487,14.5918,2.2802,15.3856,587.0,34222.0,2957.2578
377,15.2568,14.4057,2.0732,14.3203,589.0,37130.0,2957.2578
378,14.3921,14.8386,1.952,15.154,590.0,38680.0,2957.2578
379,15.0998,14.577,1.962,16.337,587.0,34088.0,2957.2578
380,16.5559,14.6519,2.1631,14.0563,587.0,28776.0,2957.2578
381,13.8877,14.6817,2.4626,15.0499,585.0,27202.0,2957.2578
382,15.0045,14.66,1.9351,14.5396,586.0,28775.0,2957.2578
383,14.6508,14.7668,1.9503,15.6114,585.0,27321.0,2957.2578
384,15.5139,14.2996,2.2028,14.0567,587.0,23600.0,2957.2578
385,14.1103,13.8959,1.7082,14.8348,584.0,22792.0,2957.2578
386,14.849,13.8926,1.8821,14.199,586.0,23220.0,2957.2578
387,14.1847,14.2773,1.6036,15.1374,582.0,22732.0,2957.2578
388,15.0335,14.3181,1.5126,14.9301,586.0,23220.0,2957.2578
389,15.0875,14.6304,1.841,15.6316,589.0,22736.0,2957.2578
390,15.5623,14.7564,1.9009,14.3134,589.0,22844.0,2957.2578
391,14.2394,14.588,1.7163,15.0442,590.0,22856.0,2957.2578
392,15.1673,14.1211,2.0108,14.8392,587.0,26851.0,2957.2578
393,14.7729,14.3075,1.9223,15.1712,588.0,27429.0,2957.2578
394,15.2385,14.0901,1.7636,15.0052,588.0,23884.0,2957.2578
395,14.9603,14.1772,1.9222,14.1495,585.0,23768.0,2957.2578
396,14.1536,14.5378,1.8009,15.5798,587.0,34844.0,2957.2578
397,15.5779,14.4818,1.8651,14.9199,587.0,78154.0,2957.2578
398,14.9397,14.3513,2.0445,14.5724,585.0,25262.0,2957.2578
399,14.5793,14.3435,1.771,14.4743,585.0,24696.0,2957.2578
400,14.4122,14.3045,2.2578,15.4498,584.0,22792.0,2957.2578
401,15.4809,14.6144,2.2961,14.5657,584.0,23292.0,2957.2578
402,14.5215,14.4405,1.8788,14.7352,586.0,22852.0,2957.2578
403,14.7678,14.0933,1.5677,14.6042,585.0,26552.0,2957.2578
404,14.6455,13.8252,1.6301,15.1052,584.0,22828.0,2957.2578
405,15.0596,14.3002,1.5284,14.1079,593.0,24739.0,2957.2578
406,14.1562,14.2645,1.4955,15.2005,594.0,28445.0,2957.2578
407,15.0897,14.3376,1.559,14.1164,591.0,25643.0,2957.2578
408,14.19,14.3644,1.5566,15.9334,588.0,23318.0,2957.2578
409,15.8837,14.3185,1.5003,14.3513,588.0,30834.0,2957.2578
410,14.3725,14.326,1.4621,14.4453,587.0,50590.0,2957.2578
411,14.5991,14.0347,1.5251,16.1427,592.0,32273.0,2957.2578
412,16.1606,14.0859,1.4048,13.7143,587.0,24711.0,2957.2578
413,13.5922,14.1176,1.505,15.1631,586.0,24540.0,2957.2578
414,15.105,14.0643,1.6254,14.4295,586.0,34628.0,2957.2578
415,14.5042,14.2941,1.8692,15.242,593.0,46288.0,2957.2578
416,15.3755,14.345,1.9265,14.3448,589.0,36696.0,2957.2578
417,14.2074,14.3858,2.4467,14.6685,585.0,23768.0,2957.2578
418,14.617,14.1587,1.9438,13.9869,582.0,24052.0,2957.2578
419,13.9932,14.0976,1.8586,15.0931,588.0,25196.0,2957.2578
420,15.0631,14.0167,1.3676,14.3758,585.0,26088.0,2957.2578
421,14.4483,13.8743,1.538,14.7239,592.0,24272.0,2957.2578
422,14.6815,14.2257,1.9325,14.8792,586.0,25056.0,2957.2578
423,14.8839,14.32,1.7224,15.1307,589.0,23772.0,2957.2578
424,15.1017,14.1486,1.5961,14.4867,588.0,23222.0,2957.2578
425,14.4915,14.2923,1.8519,14.562,588.0,26166.0,2957.2578
426,14.7268,14.1232,1.6727,14.4567,587.0,24646.0,2957.2578
427,14.3695,14.1329,2.0085,15.2882,588.0,23244.0,2957.2578
428,15.281,14.2853,1.8329,14.5391,585.0,22840.0,2957.2578
429,14.4927,14.0929,1.7707,14.5595,585.0,22840.0,2957.2578
430,14.6307,13.8704,1.9637,15.2589,587.0,22864.0,2957.2578
431,15.2945,14.354,1.8934,14.6407,587.0,24256.0,2957.2578
432,14.6094,14.431,1.9698,14.4839,586.0,24244.0,2957.2578
433,14.5772,14.3529,1.8384,14.4747,585.0,25848.0,2957.2578
434,14.3372,14.0872,1.6464,15.4392,588.0,29975.0,2957.2578
435,15.4807,14.3255,1.9255,13.9894,591.0,47285.0,2957.2578
436,14.019,14.0876,1.8847,14.7038,587.0,50882.0,2957.2578
437,14.7952,14.1003,1.6589,14.8875,591.0,44452.0,2957.2578
438,14.7001,13.8524,1.8406,14.7928,593.0,28926.0,2957.2578
439,14.8512,14.1956,1.8905,15.421,589.0,29206.0,2957.2578
440,15.4769,14.1549,1.9908,15.294,588.0,24774.0,2957.2578
441,15.2627,14.7338,2.3448,14.1824,588.0,31472.0,2957.2578
442,14.1601,15.1068,2.0642,15.1923,587.0,24516.0,2957.2578
443,15.2325,14.6951,1.8194,14.6558,586.0,22852.0,2957.2578
444,14.5734,14.38,1.8483,15.7031,584.0,22828.0,2957.2578
445,15.6772,14.3461,1.8884,14.8367,585.0,22840.0,2957.2578
446,14.8118,14.0685,1.5664,14.3881,586.0,23386.0,2957.2578
447,14.4649,14.0921,1.8069,14.8977,586.0,25928.0,2957.2578
448,14.83,14.3019,1.7045,15.9743,592.0,30154.0,2957.2578
449,16.0781,14.3427,2.036,13.8418,589.0,28444.0,2957.2578
450,13.7577,14.1587,1.7269,14.2743,587.0,30024.0,2957.2578
451,14.3301,14.3201,1.6439,14.0796,585.0,31658.0,2957.2578
452,14.0471,14.3015,1.777,14.7435,586.0,31428.0,2957.2578
453,14.9096,14.1598,2.0783,15.3404,590.0,37658.0,2957.2578
454,15.162,14.2676,1.7369,14.5891,590.0,38146.0,2957.2578
455,14.5963,14.3354,1.462,14.7063,590.0,31150.0,2957.2578
456,14.6719,13.8763,1.917,14.6586,588.0,28766.0,2957.2578
457,14.6865,13.9588,1.7082,14.6165,589.0,26334.0,2957.2578
458,14.6218,14.2325,1.7737,15.2469,586.0,30724.0,2957.2578
459,15.3101,14.3488,1.8053,14.8977,586.0,25556.0,2957.2578
460,15.0067,14.3637,2.0429,14.5538,586.0,23220.0,2957.2578
461,14.4387,14.5993,2.2412,15.3304,586.0,22816.0,2957.2578
462,15.3886,14.3179,2.05,14.4455,585.0,23208.0,2957.2578
463,14.3654,14.3247,2.0555,14.8088,584.0,22756.0,2957.2578
464,14.8325,14.4875,1.7497,14.9805,589.0,23256.0,2957.2578
465,14.9711,14.1659,2.2252,14.7044,583.0,22708.0,2957.2578
466,14.6861,14.6349,1.9308,15.1929,586.0,22852.0,2957.2578
467,15.1709,14.2192,1.7755,14.4906,585.0,24538.0,2957.2578
468,14.5408,14.3668,2.0303,14.8353,586.0,26861.0,2957.2578
469,14.8715,14.1428,1.7258,14.4696,588.0,26173.0,2957.2578
470,14.3673,14.2935,1.6774,14.7469,592.0,23910.0,2957.2578
471,14.8138,14.3733,1.9323,15.5225,588.0,23296.0,2957.2578
472,15.4601,14.3569,1.9955,15.0922,588.0,39926.0,2957.2578
473,15.097,14.1082,1.8217,14.4809,589.0,73064.0,2957.2578
474,14.5327,13.8283,1.8747,15.152,588.0,25276.0,2957.2578
475,15.1568,14.3398,1.7639,14.5207,583.0,24636.0,2957.2578
476,14.5797,14.1044,1.7287,14.2687,585.0,22840.0,2957.2578
477,14.2832,14.865,1.8249,15.7615,587.0,23328.0,2957.2578
478,15.6755,14.5642,1.8754,14.3186,587.0,23792.0,2957.2578
479,14.3064,14.2844,2.0592,15.0024,588.0,25660.0,2957.2578
480,15.0635,14.3288,1.756,14.6509,586.0,22852.0,2957.2578
481,14.6903,14.311,1.8848,14.5739,587.0,24711.0,2957.2578
482,14.564,14.461,1.8162,16.1037,592.0,28929.0,2957.2578
483,16.0825,13.9402,1.8836,17.1913,588.0,25187.0,2957.2578
484,17.2558,14.6688,2.1648,12.6724,588.0,24936.0,2957.2578
485,12.602,14.2836,1.7332,14.1242,590.0,34336.0,2957.2578
486,14.0917,14.3248,2.0755,15.669,589.0,48688.0,2957.2578
487,15.6771,14.3806,1.8009,14.1185,596.0,29085.0,2957.2578
488,14.1123,14.0934,1.9436,14.4541,591.0,24737.0,2957.2578
489,14.5274,14.3409,1.5957,15.8557,589.0,29578.0,2957.2578
490,15.8856,14.2778,1.6412,14.2313,589.0,32954.0,2957.2578
491,14.2269,14.0953,1.4307,14.0298,592.0,43404.0,2957.2578
492,13.9847,13.8785,1.604,14.8581,588.0,36684.0,2957.2578
493,14.9955,14.288,1.4827,14.1319,586.0,23780.0,2957.2578
494,14.0972,14.3094,1.792,15.211,580.0,24444.0,2957.2578
495,15.1367,14.1037,1.9697,15.0676,586.0,25172.0,2957.2578
496,15.1112,14.3368,1.8557,14.0556,584.0,25612.0,2957.2578
497,14.0009,14.3212,1.8226,15.1571,584.0,23756.0,2957.2578
498,15.1435,14.2257,1.7689,14.9344,582.0,25052.0,2957.2578
499,14.9262,14.3251,1.5104,14.1171,585.0,24136.0,2957.2578
500,14.1733,14.0935,1.8095,15.0519,585.0,23576.0,2957.2578
501,15.055,13.9085,1.8272,14.3957,592.0,25824.0,2957.2578
502,14.4518,14.0798,1.7635,14.8047,592.0,24316.0,2957.2578
503,14.7195,14.354,1.8312,15.0232,590.0,23224.0,2957.2578
504,15.0122,14.2314,1.7299,15.4725,587.0,22842.0,2957.2578
505,15.4959,14.5097,1.8503,14.8687,589.0,22866.0,2957.2578
506,14.8417,14.5593,1.9614,14.6959,586.0,22830.0,2957.2578
507,14.7555,14.3667,2.0748,15.343,584.0,24684.0,2957.2578
508,15.2603,14.2395,1.7121,14.2267,588.0,24732.0,2957.2578
509,14.2503,14.3274,1.9128,14.9368,586.0,26084.0,2957.2578
510,15.0339,13.848,1.6426,14.9422,591.0,38703.0,2957.2578
511,14.9004,14.4555,2.0515,15.5754,588.0,39913.0,2957.2578
512,15.6382,14.8343,1.9324,15.6246,587.0,55759.0,2957.2578
513,15.509,14.8304,2.0452,14.4064,586.0,38155.0,2957.2578
514,14.5093,14.5838,1.7384,14.1727,585.0,29768.0,2957.2578
515,14.1163,14.5207,2.0411,14.8643,588.0,27510.0,2957.2578
516,14.8333,14.5449,1.8655,15.4166,584.0,27950.0,2957.2578
517,15.4367,14.3148,1.7348,15.5887,588.0,29652.0,2957.2578
518,15.6942,14.4972,2.1206,14.7034,589.0,22844.0,2957.2578
519,14.5607,14.3754,2.0326,15.9027,589.0,22844.0,2957.2578
520,15.9238,14.4839,2.3477,15.1472,588.0,22854.0,2957.2578
521,15.1678,14.7508,2.0606,14.5258,588.0,23388.0,2957.2578
522,14.5963,14.7242,1.7658,15.421,586.0,23364.0,2957.2578
523,15.3459,14.3575,1.6251,14.6676,589.0,26636.0,2957.2578
524,14.7112,14.5175,1.91,14.5946,592.0,30488.0,2957.2578
525,14.5753,14.5834,1.8481,15.4873,591.0,31642.0,2957.2578
526,15.4323,14.3861,1.9058,14.885,588.0,30336.0,2957.2578
527,14.8731,14.6002,2.0478,14.8383,585.0,31612.0,2957.2578
528,14.8824,14.513,1.9498,14.9767,588.0,31420.0,2957.2578
529,14.9851,14.0928,1.7812,15.2951,591.0,36878.0,2957.2578
530,15.3515,13.9005,1.8212,14.7947,585.0,36560.0,2957.2578
531,14.753,14.7531,1.8648,15.6581,585.0,29258.0,2957.2578
532,15.6487,14.5712,1.9894,15.1334,584.0,28728.0,2957.2578
533,15.1907,14.8189,2.0907,15.4845,591.0,27724.0,2957.2578
534,15.5129,15.2951,2.1023,15.6419,591.0,29100.0,2957.2578
535,15.5851,14.6457,2.0838,13.9149,590.0,25560.0,2957.2578
536,13.9448,14.7723,1.975,15.2734,590.0,22878.0,2957.2578
537,15.2787,14.5981,1.8026,15.3254,587.0,22806.0,2957.2578
538,15.294,14.2914,1.996,14.7551,587.0,23210.0,2957.2578
539,14.7217,14.6535,1.6461,15.3992,583.0,23112.0,2957.2578
540,15.3747,14.2563,1.8756,14.4767,585.0,22840.0,2957.2578
541,14.5603,14.0462,1.9932,14.944,585.0,22732.0,2957.2578
542,14.9413,14.4716,1.6957,14.9037,586.0,23984.0,2957.2578
543,14.8308,14.8608,1.6149,15.3502,586.0,25729.0,2957.2578
544,15.358,14.5633,2.1471,14.8811,586.0,25116.0,2957.2578
545,15.0175,14.3611,1.8881,15.0046,588.0,26115.0,2957.2578
546,14.9214,14.7323,1.9197,15.0117,586.0,23418.0,2957.2578
547,15.0312,14.5661,1.7504,15.5357,588.0,23340.0,2957.2578
548,15.4708,14.5104,1.9858,14.8018,585.0,58323.0,2957.2578
549,14.81,14.2965,1.9712,14.6459,589.0,55559.0,2957.2578
550,14.6337,14.1084,1.7162,14.459,589.0,24302.0,2957.2578
551,14.4501,14.1386,1.5023,14.8202,590.0,24712.0,2957.2578
552,14.8055,14.1778,1.469,14.8329,589.0,22866.0,2957.2578
553,14.7934,14.2907,1.6149,14.8012,589.0,23330.0,2957.2578
554,14.8573,14.3589,1.5905,14.5052,588.0,24710.0,2957.2578
555,14.5751,14.2613,2.2932,14.8218,586.0,24708.0,2957.2578
556,14.8236,14.0534,1.476,14.4495,586.0,22852.0,2957.2578
557,14.5037,14.2714,2.0958,14.789,587.0,24711.0,2957.2578
558,14.6599,14.3185,1.539,14.9119,594.0,28953.0,2957.2578
559,14.9459,13.8742,1.8238,14.1747,590.0,26807.0,2957.2578
560,14.2948,14.0964,1.6268,14.8739,585.0,28092.0,2957.2578
561,14.8523,14.4618,1.8398,14.8164,586.0,39120.0,2957.2578
562,14.7536,14.3334,1.7241,14.6896,586.0,39120.0,2957.2578
563,14.6336,14.3549,1.4661,14.5627,593.0,30940.0,2957.2578
564,14.6062,14.3428,1.576,15.43,586.0,24540.0,2957.2578
565,15.3935,14.3406,2.426,14.3445,592.0,27904.0,2957.2578
566,14.3626,14.1375,1.62,15.6735,590.0,32944.0,2957.2578
567,15.6227,14.8307,1.4823,14.8051,596.0,43872.0,2957.2578
568,14.8139,13.8991,1.4156,14.5748,591.0,36698.0,2957.2578
569,14.6254,14.4016,1.7059,15.2208,589.0,24258.0,2957.2578
570,15.3,14.0963,1.7207,14.3952,586.0,24542.0,2957.2578
571,14.2647,14.314,1.3894,14.8752,586.0,24708.0,2957.2578
572,14.9579,14.1047,1.6069,14.9114,584.0,25612.0,2957.2578
573,14.8536,14.3415,1.4568,14.5518,585.0,23304.0,2957.2578
574,14.601,14.6124,1.5584,14.226,582.0,25884.0,2957.2578
575,14.2212,14.0485,1.6514,14.7273,584.0,23660.0,2957.2578
576,14.7352,14.0763,1.5828,14.8163,585.0,23944.0,2957.2578
577,14.8094,14.0862,1.6578,15.2732,587.0,25404.0,2957.2578
578,15.2785,14.5784,1.5042,14.4917,586.0,24324.0,2957.2578
579,14.481,14.36,1.6329,14.7563,586.0,22852.0,2957.2578
580,14.7983,14.3157,1.4967,14.9938,585.0,22840.0,2957.2578
581,14.9062,14.4055,1.7719,15.206,590.0,22856.0,2957.2578
582,15.1899,14.0739,2.1236,14.7444,589.0,23308.0,2957.2578
583,14.7447,14.3826,1.9123,14.9069,591.0,25188.0,2957.2578
584,15.0657,14.4086,1.9879,14.8829,588.0,24246.0,2957.2578
585,14.7761,13.9158,1.7237,14.7542,588.0,30223.0,2957.2578
586,14.7042,14.096,1.9096,14.5965,592.0,41626.0,2957.2578
587,14.6955,14.311,1.8636,14.9299,589.0,40978.0,2957.2578
588,14.9673,14.5356,1.8567,14.2327,587.0,52369.0,2957.2578
589,14.2045,14.3704,1.7871,14.7594,586.0,34382.0,2957.2578
590,14.7416,14.3474,1.9066,14.3775,584.0,29914.0,2957.2578
591,14.4042,14.3125,1.5578,14.7864,586.0,26822.0,2957.2578
592,14.7135,14.1419,1.2933,14.9396,585.0,30468.0,2957.2578
593,14.9655,14.3432,1.6706,14.8692,586.0,26200.0,2957.2578
594,14.8732,13.8644,1.5296,14.4647,586.0,22852.0,2957.2578
595,14.5143,13.8652,1.8225,15.3609,587.0,22864.0,2957.2578
596,15.3607,14.5557,2.2649,14.4224,587.0,23398.0,2957.2578
597,14.4002,14.8161,1.8829,16.1321,588.0,22832.0,2957.2578
598,16.0453,14.4205,1.6972,14.1661,589.0,24120.0,2957.2578
599,14.195,14.3866,1.668,14.7842,591.0,27264.0,2957.2578
600,14.7455,14.3319,1.5988,14.7764,594.0,32410.0,2957.2578
601,14.8898,14.093,1.6284,14.7887,590.0,33662.0,2957.2578
602,14.7151,14.3532,1.558,15.3511,588.0,30394.0,2957.2578
603,15.3045,14.3057,1.7393,14.9609,586.0,28340.0,2957.2578
604,14.9824,14.2506,1.7238,14.2908,588.0,32476.0,2957.2578
605,14.3032,14.1405,1.3915,14.2997,586.0,39302.0,2957.2578
606,14.2781,14.4208,1.43,15.3771,587.0,33342.0,2957.2578
607,15.4871,14.4197,1.7973,14.3507,585.0,28510.0,2957.2578
608,14.395,14.3463,1.7085,15.0497,585.0,27186.0,2957.2578
609,14.9056,14.2948,1.6727,14.6727,586.0,28486.0,2957.2578
610,14.7311,14.3182,1.6515,15.2267,585.0,28704.0,2957.2578
611,15.2629,14.1345,1.9229,16.6448,585.0,24978.0,2957.2578
612,16.6817,14.1649,2.1955,13.1042,586.0,22816.0,2957.2578
613,13.1061,14.4734,2.2488,15.6788,590.0,22856.0,2957.2578
614,15.6824,14.7097,2.2724,15.1199,588.0,23164.0,2957.2578
615,15.0779,15.0171,2.5432,17.1253,587.0,23152.0,2957.2578
616,17.2717,14.4506,2.6086,15.0643,586.0,22758.0,2957.2578
617,14.89,14.34,2.2349,12.5062,589.0,23962.0,2957.2578
618,12.4912,14.2892,2.0643,14.7359,586.0,23876.0,2957.2578
619,14.6973,14.3972,1.7545,15.0602,587.0,25827.0,2957.2578
620,15.0593,14.3415,1.3801,15.2888,586.0,24448.0,2957.2578
621,15.325,14.5207,1.7523,13.9183,585.0,25615.0,2957.2578
622,13.9354,13.9253,1.8506,14.7753,585.0,23406.0,2957.2578
623,14.8238,14.0093,2.0093,15.1452,586.0,23780.0,2957.2578
624,15.2002,14.2772,1.8329,14.0388,586.0,60543.0,2957.2578
625,13.9618,14.5261,1.7674,15.5956,587.0,52907.0,2957.2578
626,15.5589,14.5664,1.8295,14.4606,586.0,24310.0,2957.2578
627,14.6659,14.3322,1.9697,15.0851,584.0,24684.0,2957.2578
628,14.841,14.1305,1.7204,14.2097,586.0,22852.0,2957.2578
629,14.284,14.2748,1.6112,15.5166,592.0,23344.0,2957.2578
630,15.5773,14.2853,1.6837,14.6864,591.0,24724.0,2957.2578
631,14.6621,13.9085,1.7736,15.0088,588.0,24688.0,2957.2578
632,15.0316,14.2948,1.8121,14.2108,587.0,22842.0,2957.2578
633,14.1351,14.5952,1.7262,15.6144,593.0,26608.0,2957.2578
634,15.6135,14.3467,1.7201,14.7925,591.0,28644.0,2957.2578
635,14.8846,14.2498,1.8045,14.4458,587.0,25639.0,2957.2578
636,14.3234,14.1537,1.763,13.6518,589.0,29272.0,2957.2578
637,13.6706,14.3578,1.9673,15.9402,587.0,42324.0,2957.2578
638,15.9506,14.3361,1.7742,14.2136,588.0,36203.0,2957.2578
639,14.1989,13.8437,2.0715,14.4563,591.0,30757.0,2957.2578
640,14.5494,14.2987,1.7606,14.7201,586.0,26188.0,2957.2578
641,14.7097,14.266,1.8161,14.8429,586.0,27876.0,2957.2578
642,14.847,14.1845,1.8619,15.0538,586.0,29604.0,2957.2578
643,15.018,14.0936,1.7668,15.2842,591.0,44320.0,2957.2578
644,15.3728,14.3228,1.8664,13.9886,589.0,36696.0,2957.2578
645,13.9281,14.4378,1.923,15.1557,589.0,24700.0,2957.2578
646,15.1645,14.3243,1.7309,14.8023,589.0,24236.0,2957.2578
647,14.7132,14.5634,1.7398,14.5161,590.0,24712.0,2957.2578
648,14.5575,13.9403,1.5233,15.112,587.0,25162.0,2957.2578
649,15.1124,14.1073,1.8102,15.0377,588.0,24614.0,2957.2578
650,15.0496,14.0809,1.7857,13.8052,585.0,25434.0,2957.2578
651,13.8883,14.3533,1.8313,14.4986,584.0,23564.0,2957.2578
652,14.4842,14.0772,1.8072,14.4789,584.0,24668.0,2957.2578
653,14.3961,14.1122,1.555,14.8486,584.0,24264.0,2957.2578
654,14.8516,14.3374,1.7799,14.8473,586.0,23956.0,2957.2578
655,14.884,14.1222,1.7751,15.1633,586.0,22852.0,2957.2578
656,15.1123,14.1118,1.8832,14.4102,586.0,22852.0,2957.2578
657,14.4553,14.1398,1.9713,15.5525,584.0,23292.0,2957.2578
658,15.6224,14.7543,1.7385,14.3873,588.0,24732.0,2957.2578
659,14.3403,14.0619,1.6951,15.0523,586.0,24244.0,2957.2578
660,14.9841,14.6158,1.7423,14.7562,586.0,24468.0,2957.2578
661,14.802,14.6055,1.7334,15.3328,594.0,36402.0,2957.2578
662,15.3448,14.1298,1.6351,15.6126,592.0,39223.0,2957.2578
663,15.611,14.354,1.7245,13.8759,593.0,46275.0,2957.2578
664,13.8773,14.1179,2.1189,14.0953,591.0,47279.0,2957.2578
665,14.3165,13.8454,1.9769,14.5887,587.0,31551.0,2957.2578
666,14.3729,13.856,1.6543,14.8754,588.0,29204.0,2957.2578
667,14.8644,14.2782,2.2399,13.8889,585.0,27538.0,2957.2578
668,13.9547,14.111,1.7252,14.87,585.0,28268.0,2957.2578
669,14.7837,14.1709,1.4644,15.0649,587.0,26212.0,2957.2578
670,15.0789,14.6145,1.7619,15.0658,585.0,22840.0,2957.2578
671,15.0145,14.347,1.6274,14.8205,586.0,23386.0,2957.2578
672,14.9949,14.133,2.0541,14.3666,588.0,22876.0,2957.2578
673,14.2542,14.2804,2.2712,14.8284,584.0,23036.0,2957.2578
674,14.7702,13.8561,1.7419,15.2709,585.0,25832.0,2957.2578
675,15.3771,13.9029,1.793,14.6949,589.0,29674.0,2957.2578
676,14.6561,14.3507,1.7744,14.6579,591.0,33446.0,2957.2578
677,14.5826,14.792,1.6302,15.2531,598.0,33816.0,2957.2578
678,15.3693,14.4393,2.0458,13.9463,591.0,28560.0,2957.2578
679,14.1771,14.1055,2.038,14.2383,592.0,30524.0,2957.2578
680,13.947,14.4768,2.0251,15.5416,588.0,35634.0,2957.2578
681,15.5975,14.4328,1.8805,14.9995,590.0,35396.0,2957.2578
682,14.9439,14.4766,2.2528,15.0299,589.0,30054.0,2957.2578
683,15.1566,13.8653,1.9814,14.6379,587.0,26980.0,2957.2578
684,14.5561,14.0673,1.9595,15.3318,584.0,29650.0,2957.2578
685,15.2748,14.3634,1.7596,14.5129,586.0,26578.0,2957.2578
686,14.5375,14.4825,1.8208,14.6494,587.0,28004.0,2957.2578
687,14.7142,14.2597,1.9971,14.9805,586.0,24990.0,2957.2578
688,14.9214,14.7616,2.0192,15.1115,585.0,22804.0,2957.2578
689,15.1084,14.7023,1.9393,15.1067,586.0,23220.0,2957.2578
690,15.0923,14.3138,1.8363,14.4463,584.0,22792.0,2957.2578
691,14.4672,14.341,2.0176,16.5005,570.0,79068.0,2957.2578
692,16.5565,14.0798,2.2205,14.0253,471.0,16940.0,2957.2578
693,14.0306,18.3812,1.8951,18.0208,457.0,17234.0,2957.2578
694,17.9444,15.9736,1.8058,17.323,461.0,18175.0,2957.2578
695,17.3063,16.005,2.0747,16.1586,460.0,16712.0,2957.2578
696,16.1726,15.4624,2.2288,16.9332,459.0,18467.0,2957.2578
697,17.034,15.8235,2.4372,15.3177,458.0,15494.0,2957.2578
698,15.2446,15.0474,1.9461,15.5935,458.0,47983.0,2957.2578
699,15.5667,15.2528,2.3408,16.2377,456.0,49499.0,2957.2578
700,16.2302,15.4794,2.4461,16.3802,455.0,16682.0,2957.2578
701,16.3747,15.9431,2.314,16.3142,456.0,16058.0,2957.2578
702,16.4366,15.6789,2.0521,16.1959,456.0,16420.0,2957.2578
703,16.1614,15.7726,2.1511,15.6442,457.0,15504.0,2957.2578
704,15.5815,15.4859,1.9318,16.2905,455.0,15872.0,2957.2578
705,16.3032,15.4495,1.723,15.487,456.0,17276.0,2957.2578
706,15.5759,15.5703,2.3164,16.1096,455.0,15408.0,2957.2578
707,16.1071,15.4869,2.2481,16.3452,459.0,16839.0,2957.2578
708,16.2809,15.6273,2.4157,16.0062,461.0,20602.0,2957.2578
709,15.9608,15.6842,2.1133,16.1831,464.0,19282.0,2957.2578
710,16.2685,15.5603,2.2291,16.0688,462.0,21020.0,2957.2578
711,16.0305,15.4974,1.9897,15.8688,460.0,29212.0,2957.2578
712,15.8434,15.4901,2.3447,15.8071,458.0,32581.0,2957.2578
713,15.8741,15.6026,1.9685,16.2036,463.0,22371.0,2957.2578
714,16.2163,15.6732,1.9177,16.2216,457.0,17790.0,2957.2578
715,16.1584,15.4954,2.0449,16.1878,456.0,19488.0,2957.2578
716,16.1756,15.4283,1.9086,15.6557,454.0,21192.0,2957.2578
717,15.6232,15.3241,1.7011,15.9253,461.0,35932.0,2957.2578
718,15.9512,15.5524,1.6307,16.9365,458.0,28296.0,2957.2578
719,16.9357,15.6366,1.9913,15.3869,454.0,16296.0,2957.2578
720,15.4013,15.6909,2.0567,16.4624,455.0,15844.0,2957.2578
721,16.3988,15.5525,1.8174,16.3174,454.0,16296.0,2957.2578
722,16.3861,15.3548,1.8273,15.1245,454.0,16760.0,2957.2578
723,15.2085,15.193,1.5771,15.6466,454.0,16568.0,2957.2578
724,15.4942,15.1474,1.655,16.3198,452.0,16664.0,2957.2578
725,16.3228,15.159,1.8974,15.1742,458.0,15180.0,2957.2578
726,15.2417,15.4469,1.8163,17.0897,458.0,16284.0,2957.2578
727,17.0288,15.7891,1.8571,15.3508,457.0,16236.0,2957.2578
728,15.3682,15.4146,1.8377,16.001,456.0,15178.0,2957.2578
729,16.068,15.2281,1.6308,16.2853,456.0,14442.0,2957.2578
730,16.182,15.1656,1.5346,15.5516,456.0,14906.0,2957.2578
731,15.5773,15.4586,1.9873,16.0071,455.0,15380.0,2957.2578
732,16.1299,15.4569,1.601,15.4888,454.0,15368.0,2957.2578
733,15.3476,15.6923,1.5341,16.3808,454.0,16296.0,2957.2578
734,16.3983,15.4845,1.5184,16.1107,454.0,21154.0,2957.2578
735,16.1237,15.4231,1.6381,15.7806,459.0,25244.0,2957.2578
736,15.8064,15.4331,2.0195,15.57,448.0,29943.0,2957.2578
737,15.5768,15.2852,1.6578,15.7609,457.0,38624.0,2957.2578
738,15.7564,15.236,1.6868,16.299,457.0,35676.0,2957.2578
739,16.2588,15.6477,1.6178,15.6087,454.0,23697.0,2957.2578
740,15.6948,15.1653,1.9877,16.4144,454.0,19506.0,2957.2578
741,16.3839,15.3877,1.4894,15.7995,458.0,18774.0,2957.2578
742,15.8455,15.3208,2.1069,15.2512,458.0,19872.0,2957.2578
743,15.2119,15.2007,1.5622,15.8283,458.0,17792.0,2957.2578
744,15.8557,15.2207,1.4833,16.2592,456.0,14976.0,2957.2578
745,16.2524,15.1382,2.2891,15.6887,456.0,14442.0,2957.2578
746,15.6359,15.3871,1.7121,16.2386,456.0,14442.0,2957.2578
747,16.29,15.3743,1.7588,14.9983,454.0,15112.0,2957.2578
748,14.9842,15.1601,1.7464,16.2697,454.0,19278.0,2957.2578
749,16.245,15.384,1.7266,16.1531,457.0,23554.0,2957.2578
750,16.1512,15.2061,1.5095,15.2032,459.0,22894.0,2957.2578
751,15.1607,15.4034,1.4488,16.6741,460.0,25836.0,2957.2578
752,16.7812,15.6325,1.9466,15.5849,456.0,20654.0,2957.2578
753,15.5789,15.4245,1.7686,15.6765,454.0,22624.0,2957.2578
754,15.6191,15.4223,1.8554,15.7702,455.0,26216.0,2957.2578
755,15.8918,15.3729,1.7834,16.0947,455.0,24976.0,2957.2578
756,16.097,15.4404,1.7371,15.9928,454.0,22678.0,2957.2578
757,15.9581,15.9074,1.9117,16.7384,458.0,18992.0,2957.2578
758,16.7307,15.2098,2.0849,14.9839,458.0,19190.0,2957.2578
759,14.9436,15.2507,1.755,15.7505,458.0,17814.0,2957.2578
760,15.8357,15.414,1.64,16.0578,456.0,19214.0,2957.2578
761,15.9461,15.2272,1.6084,15.2981,455.0,16164.0,2957.2578
762,15.2701,15.1753,1.6174,15.9657,456.0,14442.0,2957.2578
763,16.0143,15.3351,1.8039,15.7572,455.0,14416.0,2957.2578
764,15.6947,15.1581,1.5234,16.4641,454.0,14462.0,2957.2578
765,16.547,15.2618,2.2486,15.228,440.0,63396.0,2957.2578
766,15.217,15.1847,1.9227,16.157,420.0,12352.0,2957.2578
767,16.1381,15.4609,1.8033,15.6982,455.0,16314.0,2957.2578
768,15.7598,14.9779,1.6966,15.4731,447.0,19252.0,2957.2578
769,15.4577,15.2282,1.9117,16.0439,441.0,13660.0,2957.2578
770,15.9729,15.6531,1.8095,16.255,419.0,12708.0,2957.2578
771,16.2686,15.2226,1.7987,15.85,426.0,12760.0,2957.2578
772,15.9105,15.3735,1.9682,16.4477,453.0,14760.0,2957.2578
773,16.4626,15.7562,2.0113,15.8485,455.0,15912.0,2957.2578
774,15.8316,15.4802,2.0966,16.5087,458.0,16142.0,2957.2578
775,16.5448,15.5207,2.0312,15.4926,458.0,17871.0,2957.2578
776,15.5186,15.3172,2.1607,16.5231,457.0,16663.0,2957.2578
777,16.5949,15.8166,2.7569,15.635,457.0,15586.0,2957.2578
778,15.5145,16.1511,2.4598,16.4414,456.0,44453.0,2957.2578
779,16.5404,15.2681,2.3157,15.2658,454.0,33752.0,2957.2578
780,15.2389,15.3615,1.9132,16.6024,454.0,34243.0,2957.2578
781,16.5195,15.8076,2.0544,16.2967,453.0,15422.0,2957.2578
782,16.2872,15.5207,2.0929,15.4861,454.0,16296.0,2957.2578
783,15.4435,15.2306,1.7523,15.7804,454.0,14440.0,2957.2578
784,15.824,15.4073,1.7818,15.9256,454.0,15832.0,2957.2578
785,15.9253,15.1928,1.7831,15.6647,454.0,15832.0,2957.2578
786,15.5979,15.1472,1.7124,15.5659,454.0,15832.0,2957.2578
787,15.6357,15.3867,1.8492,16.2531,457.0,16323.0,2957.2578
788,16.2438,14.9615,2.1547,16.0554,458.0,19778.0,2957.2578
789,16.1003,15.4534,2.3339,15.6582,462.0,19578.0,2957.2578
790,15.643,15.0035,2.0729,16.247,459.0,17648.0,2957.2578
791,16.1954,15.9151,2.0198,15.487,458.0,30712.0,2957.2578
792,15.498,15.5433,1.931,16.6773,458.0,27793.0,2957.2578
793,16.7221,15.4766,1.7414,15.5259,458.0,25001.0,2957.2578
794,15.4744,15.3771,1.6922,16.3508,461.0,21532.0,2957.2578
795,16.3222,15.2637,1.7376,15.7862,455.0,19476.0,2957.2578
796,15.7832,15.4403,1.6455,15.8499,455.0,16140.0,2957.2578
797,16.0113,15.5503,1.8686,15.696,459.0,36708.0,2957.2578
798,15.6782,15.522,1.7972,16.0159,458.0,29224.0,2957.2578
799,16.0055,15.4774,2.0964,15.5989,455.0,19644.0,2957.2578
800,15.6024,15.5293,2.1361,16.0276,454.0,15368.0,2957.2578
801,15.9472,15.2602,1.726,16.2124,443.0,14708.0,2957.2578
802,16.1998,15.3232,1.6239,16.167,454.0,15832.0,2957.2578
803,16.1326,15.1878,1.5099,15.0397,454.0,17960.0,2957.2578
804,15.1422,15.1266,1.7238,16.1464,454.0,16296.0,2957.2578
805,16.0893,15.1896,1.8752,15.555,457.0,16120.0,2957.2578
806,15.6025,15.319,2.0159,15.8613,459.0,15928.0,2957.2578
807,15.8001,15.4092,1.8397,15.2452,457.0,15868.0,2957.2578
808,15.2218,15.1326,1.719,17.0682,456.0,15914.0,2957.2578
809,17.0653,16.0379,1.7869,16.0203,457.0,14822.0,2957.2578
810,16.0855,15.1179,1.7214,15.1461,456.0,14906.0,2957.2578
811,15.1111,14.8984,2.1333,15.5888,454.0,15368.0,2957.2578
812,15.6338,15.1533,1.6614,16.0499,454.0,14904.0,2957.2578
813,15.9859,15.1866,1.7512,15.6767,454.0,15832.0,2957.2578
814,15.6439,15.2718,1.6405,16.3877,454.0,17460.0,2957.2578
815,16.384,15.7271,1.6495,16.1702,456.0,24963.0,2957.2578
816,16.3014,15.6599,1.9326,16.9087,456.0,26523.0,2957.2578
817,16.8974,15.2311,1.9695,15.2935,456.0,38515.0,2957.2578
818,15.2614,15.5487,1.935,15.441,458.0,40259.0,2957.2578
819,15.4108,15.2481,1.7999,16.1976,455.0,25614.0,2957.2578
820,16.2334,15.2026,2.0457,15.673,454.0,20054.0,2957.2578
821,15.6998,15.6608,2.3326,16.2613,458.0,17674.0,2957.2578
822,16.2448,15.6921,2.4443,15.6365,458.0,22654.0,2957.2578
823,15.7164,15.4868,2.0272,16.1257,458.0,16276.0,2957.2578
824,16.0436,15.4934,1.9722,15.9324,456.0,16650.0,2957.2578
825,15.9011,15.2647,1.8851,15.5291,458.0,14466.0,2957.2578
826,15.516,15.1572,1.963,16.3493,456.0,14442.0,2957.2578
827,16.3431,15.4397,1.7888,15.4779,455.0,15124.0,2957.2578
828,15.5214,15.1189,1.831,15.8447,454.0,18744.0,2957.2578
829,15.8576,15.3566,1.893,15.8223,456.0,22816.0,2957.2578
830,15.7841,15.3476,1.8325,15.6446,458.0,20368.0,2957.2578
831,15.7168,15.2602,1.9759,15.6439,460.0,26598.0,2957.2578
832,15.6039,14.9678,1.7042,16.1397,459.0,21982.0,2957.2578
833,16.1694,15.3976,1.8208,15.4613,454.0,23266.0,2957.2578
834,15.4525,15.3974,1.9502,15.7267,455.0,25482.0,2957.2578
835,15.736,15.1922,1.746,16.5606,455.0,22882.0,2957.2578
836,16.4766,15.3977,1.7713,15.106,454.0,22208.0,2957.2578
837,15.2032,15.1879,1.8033,16.4965,458.0,21894.0,2957.2578
838,16.4163,15.3772,1.8754,15.6237,458.0,18602.0,2957.2578
839,15.693,15.7455,1.7079,16.3174,458.0,19094.0,2957.2578
840,16.2787,15.5308,1.923,15.8992,456.0,17463.0,2957.2578
841,15.9637,15.6982,1.9666,16.4253,455.0,17085.0,2957.2578
842,16.354,15.6467,1.8376,16.0429,456.0,16054.0,2957.2578
843,16.1066,15.7228,2.6271,16.1386,454.0,14440.0,2957.2578
844,16.0974,15.736,2.0566,16.463,453.0,14414.0,2957.2578
845,16.4677,15.8958,1.9712,15.9932,453.0,64176.0,2957.2578
846,15.97,15.4301,2.1216,15.8613,419.0,12340.0,2957.2578
847,15.9291,15.5715,2.0274,16.6242,454.0,16302.0,2957.2578
848,16.5691,15.813,1.9277,15.9894,454.0,19672.0,2957.2578
849,16.0111,15.6724,1.9674,16.2589,435.0,13668.0,2957.2578
850,16.2672,15.6453,2.0107,15.847,419.0,12340.0,2957.2578
851,15.9232,15.3844,2.1807,15.7476,427.0,12820.0,2957.2578
852,15.6464,15.3692,2.0491,16.7,453.0,15326.0,2957.2578
853,16.7476,15.588,1.946,15.3785,455.0,15346.0,2957.2578
854,15.4127,15.3338,2.0711,15.8653,458.0,16142.0,2957.2578
855,15.7618,15.226,1.9697,16.0003,458.0,18335.0,2957.2578
856,16.0398,15.3705,2.137,16.5563,456.0,16187.0,2957.2578
857,16.5627,15.7231,2.4776,16.7153,456.0,15574.0,2957.2578
858,16.7148,15.95,1.945,16.6448,456.0,46705.0,2957.2578
859,16.6418,15.8225,1.9183,15.9079,454.0,31500.0,2957.2578
860,15.8726,15.5846,1.8104,16.1497,455.0,34255.0,2957.2578
861,16.1521,15.1397,1.8441,15.4402,453.0,15886.0,2957.2578
862,15.4365,15.3825,1.748,16.3445,454.0,15832.0,2957.2578
863,16.5549,15.6563,1.6466,16.239,454.0,14440.0,2957.2578
864,16.0576,15.4284,1.6947,16.0985,454.0,15832.0,2957.2578
865,16.1026,15.3967,1.8042,15.0188,455.0,15844.0,2957.2578
866,15.0234,15.5965,1.7352,16.3911,454.0,15832.0,2957.2578
867,16.3379,15.4238,1.793,15.2967,456.0,16311.0,2957.2578
868,15.418,15.4002,2.0816,16.4094,458.0,19778.0,2957.2578
869,16.3703,15.6717,2.0135,16.2474,462.0,19578.0,2957.2578
870,16.259,15.3767,2.0908,15.6504,458.0,19232.0,2957.2578
871,15.6009,15.7113,2.1887,16.7517,458.0,29116.0,2957.2578
872,16.8214,15.4267,2.0729,16.1194,458.0,27793.0,2957.2578
873,16.0594,15.4701,2.0406,15.4736,459.0,28349.0,2957.2578
874,15.5085,15.7985,2.0497,16.7688,460.0,18184.0,2957.2578
875,16.6942,15.2084,2.0031,15.1764,456.0,19488.0,2957.2578
876,15.2525,15.1097,1.7677,16.0034,455.0,16140.0,2957.2578
877,15.9918,15.4216,1.8908,15.1692,459.0,36708.0,2957.2578
878,15.096,15.183,1.8894,16.1731,458.0,29224.0,2957.2578
879,16.2388,15.1561,1.8183,15.5009,455.0,19644.0,2957.2578
880,15.5004,15.6415,1.7192,16.1962,455.0,15380.0,2957.2578
881,16.1777,14.8594,1.5613,16.2735,454.0,15320.0,2957.2578
882,16.3209,15.5522,1.6452,15.606,454.0,17032.0,2957.2578
883,15.5723,15.3554,1.9051,15.0201,454.0,16760.0,2957.2578
884,15.0578,15.313,1.8785,15.9617,454.0,16296.0,2957.2578
885,15.9122,15.1684,2.0221,15.688,456.0,16844.0,2957.2578
886,15.721,15.3487,1.9515,15.9684,458.0,16284.0,2957.2578
887,15.9693,15.6382,1.8283,16.3202,457.0,15132.0,2957.2578
888,16.2959,15.2548,1.7075,15.4247,456.0,15546.0,2957.2578
889,15.445,15.464,1.9124,15.8171,456.0,15274.0,2957.2578
890,15.8825,15.8802,1.9443,16.4407,456.0,15370.0,2957.2578
891,16.4254,15.7431,1.686,15.9163,454.0,14904.0,2957.2578
892,15.8836,15.4125,1.9778,15.9156,454.0,14904.0,2957.2578
893,16.0003,15.1931,1.7853,15.641,454.0,15832.0,2957.2578
894,15.5434,15.3959,1.8116,16.6947,454.0,22430.0,2957.2578
895,16.6952,15.3862,1.9763,15.3014,456.0,23281.0,2957.2578
896,15.2875,15.6096,1.7258,16.2148,458.0,31060.0,2957.2578
897,16.1614,15.3841,1.7051,15.8383,456.0,40258.0,2957.2578
898,15.9604,15.1513,1.7884,15.9143,457.0,34900.0,2957.2578
899,15.837,15.2143,1.5813,15.8446,454.0,22593.0,2957.2578
900,15.8702,15.4221,1.7774,15.5476,454.0,18928.0,2957.2578
901,15.6953,15.523,2.1585,16.429,459.0,17318.0,2957.2578
902,16.2036,15.173,1.5237,15.3805,458.0,22496.0,2957.2578
903,15.4092,15.0021,1.6284,16.1543,459.0,16822.0,2957.2578
904,16.1719,15.217,1.6941,15.6849,456.0,16116.0,2957.2578
905,15.652,15.1966,1.653,15.7704,456.0,14442.0,2957.2578
906,15.8093,15.1598,1.5967,15.3692,456.0,15114.0,2957.2578
907,15.3184,15.3737,1.5571,15.913,455.0,16856.0,2957.2578
908,15.931,15.4332,1.504,16.257,454.0,20680.0,2957.2578
909,16.2607,15.2497,1.7275,15.7171,456.0,21194.0,2957.2578
910,15.7935,15.6475,2.0546,16.3893,458.0,22030.0,2957.2578
911,16.3805,15.4409,1.7535,15.3381,462.0,24668.0,2957.2578
912,15.3313,15.4325,1.7755,16.0298,457.0,26288.0,2957.2578
913,16.0,15.4862,1.8348,15.9677,455.0,25494.0,2957.2578
914,16.0519,15.2233,1.8535,15.8548,455.0,21496.0,2957.2578
915,15.8089,15.4326,1.9134,16.2077,454.0,20618.0,2957.2578
916,16.2328,15.3561,2.6132,15.2705,455.0,20294.0,2957.2578
917,15.2355,15.2269,1.8462,15.6115,458.0,21810.0,2957.2578
918,15.5932,15.3573,1.447,15.8227,459.0,18824.0,2957.2578
919,15.8513,15.4239,1.5934,16.101,458.0,18316.0,2957.2578
920,16.1725,15.1581,1.7689,16.0041,456.0,17901.0,2957.2578
921,15.913,15.3933,1.7251,15.8042,456.0,16503.0,2957.2578
922,15.8282,15.1441,2.1838,15.5283,456.0,16054.0,2957.2578
923,15.5148,14.8894,1.7182,15.37,454.0,14440.0,2957.2578
924,15.3345,15.1876,1.5791,15.9757,453.0,19646.0,2957.2578
925,16.0023,15.6909,1.9694,16.3864,441.0,58224.0,2957.2578
926,16.455,15.6531,1.898,16.5583,419.0,12340.0,2957.2578
927,16.4977,15.1937,1.8263,14.7044,455.0,16314.0,2957.2578
928,14.7006,15.41,1.7112,16.9433,455.0,19684.0,2957.2578
929,16.9439,15.4168,1.7166,14.7797,435.0,13668.0,2957.2578
930,14.9121,15.4127,1.724,16.6357,421.0,12412.0,2957.2578
931,16.5674,15.6862,1.9888,15.4512,436.0,14294.0,2957.2578
932,15.4433,15.375,1.9199,16.152,454.0,15450.0,2957.2578
933,16.1455,15.405,1.8903,16.1372,455.0,15432.0,2957.2578
934,16.1712,15.3734,2.095,15.5004,458.0,15474.0,2957.2578
935,15.4421,15.3317,1.911,15.8111,458.0,17871.0,2957.2578
936,15.7814,15.3952,1.8168,16.004,456.0,16187.0,2957.2578
937,16.0081,15.4407,1.639,16.0019,456.0,16038.0,2957.2578
938,16.0811,15.2253,1.9999,15.6414,456.0,46241.0,2957.2578
939,15.5746,15.3324,1.9366,16.0089,454.0,42077.0,2957.2578
940,15.9961,15.3168,1.7167,15.6073,454.0,23976.0,2957.2578
941,15.6418,15.1876,1.6413,15.6635,453.0,15576.0,2957.2578
942,15.704,15.3837,1.5677,16.0633,455.0,15844.0,2957.2578
943,16.1034,15.149,1.92,16.1927,454.0,14440.0,2957.2578
944,16.0867,15.1848,1.7362,15.4414,454.0,16296.0,2957.2578
945,15.3993,15.4351,1.5305,15.9385,454.0,15368.0,2957.2578
946,16.0455,15.3979,1.9177,16.3881,455.0,15844.0,2957.2578
947,16.4594,15.3991,1.8751,15.9134,456.0,16311.0,2957.2578
948,15.7681,15.317,1.73,15.968,460.0,21649.0,2957.2578
949,16.0482,15.4028,2.1901,15.658,460.0,20899.0,2957.2578
950,15.5756,15.2101,1.5926,16.1508,459.0,20840.0,2957.2578
951,16.1827,15.4046,1.7763,16.489,461.0,29403.0,2957.2578
952,16.5901,15.486,1.8807,14.5563,458.0,27686.0,2957.2578
953,14.475,15.2667,2.0122,16.4357,460.0,25276.0,2957.2578
954,16.4534,15.465,2.2154,15.8944,458.0,18001.0,2957.2578
955,15.9173,15.4369,2.1196,15.3501,457.0,17812.0,2957.2578
956,15.3015,15.1499,1.8771,16.6081,455.0,19940.0,2957.2578
957,16.6325,15.4815,1.8622,15.2944,458.0,32896.0,2957.2578
958,15.277,15.6626,1.8283,16.4394,458.0,30152.0,2957.2578
959,16.47,15.6368,1.9628,16.433,455.0,19180.0,2957.2578
960,16.4242,15.4441,1.9642,15.9014,454.0,14904.0,2957.2578
961,15.876,15.3885,1.9407,15.8971,449.0,15436.0,2957.2578
962,15.8707,15.1779,1.8129,14.8647,454.0,16664.0,2957.2578
963,14.9106,15.4594,1.9373,16.6836,454.0,16760.0,2957.2578
964,16.6775,15.2994,1.9745,16.0561,454.0,16760.0,2957.2578
965,16.0991,15.2552,1.8393,15.3412,456.0,17116.0,2957.2578
966,15.3399,15.3771,2.0082,15.5553,458.0,15916.0,2957.2578
967,15.538,15.1886,1.8349,16.7231,457.0,14764.0,2957.2578
968,16.7203,15.4042,2.2355,15.6725,456.0,16010.0,2957.2578
969,15.6601,15.3872,1.7852,15.161,456.0,15274.0,2957.2578
970,15.181,15.2111,1.9228,16.1085,456.0,15370.0,2957.2578
971,16.0938,15.3971,1.784,16.1116,455.0,14452.0,2957.2578
972,16.0905,15.3671,1.8815,15.5649,454.0,14904.0,2957.2578
973,15.6307,15.4966,2.1991,15.6668,454.0,15832.0,2957.2578
974,15.676,15.7143,1.9228,16.1783,454.0,23834.0,2957.2578
975,16.2166,15.4683,2.0314,15.9185,456.0,25373.0,2957.2578
976,15.9071,15.1999,1.859,15.7902,458.0,28300.0,2957.2578
977,15.76,15.4524,1.829,16.0626,458.0,45116.0,2957.2578
978,16.0252,15.4079,2.2679,16.6708,454.0,29684.0,2957.2578
979,16.6631,15.2666,1.9602,14.8384,454.0,22361.0,2957.2578
980,14.924,15.3822,1.9432,16.6386,454.0,18770.0,2957.2578
981,16.5713,15.387,2.1869,15.516,458.0,17430.0,2957.2578
982,15.6366,15.1602,2.0183,15.157,458.0,23064.0,2957.2578
983,15.0297,15.3963,1.8613,17.0943,458.0,16118.0,2957.2578
984,17.1074,15.168,1.964,14.5788,456.0,16116.0,2957.2578
985,14.5631,15.0021,1.9205,16.5445,456.0,14858.0,2957.2578
986,16.5282,15.366,1.8611,15.3218,456.0,16752.0,2957.2578
987,15.3539,15.3935,1.9512,16.2255,454.0,15718.0,2957.2578
988,16.2279,15.2068,1.8064,15.6604,454.0,21664.0,2957.2578
989,15.6326,15.4206,1.8831,15.9634,457.0,19880.0,2957.2578
990,15.988,15.5865,2.0253,16.1157,459.0,22006.0,2957.2578
991,16.08,15.7239,1.9397,16.3257,462.0,26570.0,2957.2578
992,16.4212,15.6722,1.9917,16.5562,457.0,26322.0,2957.2578
993,16.4815,15.6697,2.3631,15.8881,455.0,24394.0,2957.2578
994,15.9931,15.4866,1.9797,15.8886,455.0,21384.0,2957.2578
995,15.806,15.6673,1.9937,16.8128,454.0,20246.0,2957.2578
996,16.8598,15.672,2.0599,15.4123,454.0,19904.0,2957.2578
997,15.3824,15.6103,2.0978,15.701,459.0,21864.0,2957.2578
998,15.6708,15.6434,2.1296,16.7727,458.0,18246.0,2957.2578
999,16.7699,15.7124,2.4409,16.7783,457.0,18898.0,2957.2578
1000,16.804,15.547,2.4931,15.2987,457.0,17319.0,2957.2578
1001,15.2646,15.7003,2.1614,15.7552,456.0,16503.0,2957.2578
1002,15.746,15.6501,1.6876,15.7628,457.0,16066.0,2957.2578
1003,15.7998,15.6247,1.9348,16.6774,454.0,14462.0,2957.2578
1004,16.7228,15.4573,2.4677,16.4703,453.0,40552.0,2957.2578
1005,16.4758,15.6881,2.4088,16.2717,435.0,36936.0,2957.2578
1006,16.3333,15.6547,2.1508,15.5514,419.0,12340.0,2957.2578
1007,15.4418,15.6476,2.16,16.2263,454.0,16302.0,2957.2578
1008,16.4023,15.4194,1.8994,16.5547,454.0,19672.0,2957.2578
1009,16.3473,15.8412,2.0499,15.5809,435.0,13668.0,2957.2578
1010,15.6841,15.4321,2.2823,15.8627,421.0,12460.0,2957.2578
1011,15.7966,15.184,2.0226,16.6171,453.0,16312.0,2957.2578
1012,16.7331,15.2695,1.9519,16.6794,453.0,15488.0,2957.2578
1013,16.5573,15.5215,2.0846,16.4095,456.0,14812.0,2957.2578
1014,16.5051,15.9954,2.0741,17.0742,458.0,15576.0,2957.2578
1015,17.1209,15.3471,2.0023,17.6939,458.0,17305.0,2957.2578
1016,17.7031,15.7823,2.5265,14.3003,456.0,16651.0,2957.2578
1017,14.2066,15.6922,2.3008,16.7916,457.0,17838.0,2957.2578
1018,16.772,15.4698,2.2294,15.1041,457.0,65838.0,2957.2578
1019,15.0648,15.7427,2.2241,16.0932,455.0,20562.0,2957.2578
1020,16.2766,15.6794,2.3131,16.8062,455.0,24142.0,2957.2578
1021,16.6931,15.5354,2.2918,15.8516,453.0,15112.0,2957.2578
1022,15.8155,15.7123,2.2773,16.6279,455.0,15844.0,2957.2578
1023,16.6366,15.9502,2.2473,16.6637,454.0,15368.0,2957.2578
1024,16.7006,15.9094,2.285,15.9836,454.0,15368.0,2957.2578
1025,16.0153,16.0216,2.1361,16.1055,454.0,15368.0,2957.2578
1026,16.0409,15.6109,2.1286,15.6377,455.0,15844.0,2957.2578
1027,15.6929,15.7833,2.1406,16.3267,460.0,20053.0,2957.2578
1028,16.4108,15.7625,2.3109,16.4191,456.0,21099.0,2957.2578
1029,16.2602,15.7562,2.2324,15.9141,460.0,19303.0,2957.2578
1030,15.9693,15.9164,2.1102,17.6325,460.0,24295.0,2957.2578
1031,17.7068,15.9877,2.1675,16.3195,459.0,32772.0,2957.2578
1032,16.2302,15.3531,2.3259,15.6748,458.0,21409.0,2957.2578
1033,15.676,15.5128,2.3199,15.0723,458.0,24785.0,2957.2578
1034,15.1033,15.4926,2.6209,15.9481,458.0,16313.0,2957.2578
1035,16.0118,15.2456,2.3488,15.5455,456.0,21600.0,2957.2578
1036,15.4401,15.3834,2.0959,16.6098,456.0,26200.0,2957.2578
1037,16.6185,15.504,2.062,16.4304,458.0,27576.0,2957.2578
1038,16.3949,15.266,2.1132,15.2315,457.0,26340.0,2957.2578
1039,15.2022,15.256,2.1485,16.0923,455.0,18252.0,2957.2578
1040,16.1197,15.1928,1.9264,16.2118,454.0,15736.0,2957.2578
1041,16.2664,15.4458,2.4143,15.7626,454.0,16200.0,2957.2578
1042,15.7139,15.4801,2.1777,19.1295,552.0,89830.0,2957.2578
1043,19.2158,15.1164,2.3723,15.4941,482.0,91757.0,2957.2578
1044,15.4605,12.8938,2.4441,10.7687,290.0,16824.0,2957.2578
1045,10.7573,12.7727,2.0336,13.1585,265.0,15400.0,2957.2578
1046,13.154,11.843,2.0537,12.4846,295.0,55828.0,2957.2578
1047,12.4389,11.2307,2.0104,11.0586,295.0,18200.0,2957.2578
1048,11.0951,10.9287,2.0076,12.9688,293.0,14034.0,2957.2578
1049,13.0383,11.3113,2.0132,10.0417,294.0,13730.0,2957.2578
1050,9.9643,11.4311,1.922,12.0353,271.0,59438.0,2957.2578
1051,12.0303,10.9219,1.9091,11.284,258.0,11640.0,2957.2578
1052,11.3038,11.1692,2.2419,11.7527,256.0,11616.0,2977.9453
1053,11.7507,11.3253,2.4075,12.579,258.0,16872.0,2992.6328
1054,12.5855,10.9992,2.4017,11.7939,258.0,11688.0,2992.6328
1055,11.7545,11.5522,2.0934,11.4712,292.0,15120.0,2992.6328
1056,11.4442,10.9683,1.9831,11.847,291.0,15108.0,2963.2578
1057,11.8887,11.0237,1.9272,13.1139,292.0,14656.0,2922.1328
1058,13.0873,10.9373,2.0482,10.387,291.0,15572.0,2922.1328
1059,10.424,11.381,2.7427,12.6622,292.0,15120.0,2922.1328
1060,12.7315,11.0062,2.2847,11.8047,291.0,14644.0,2922.1328
1061,11.8354,10.8318,2.0327,10.6751,298.0,15612.0,2922.1328
1062,10.6608,11.255,2.1334,12.1163,298.0,15603.0,2922.1328
1063,12.1048,11.1696,2.1557,10.9503,297.0,27820.0,2922.1328
1064,11.1725,10.7892,1.9791,12.3227,296.0,25977.0,2922.1328
1065,12.0688,11.0271,1.7699,11.7092,296.0,19241.0,2922.1328
1066,11.7822,11.7388,2.1276,12.1541,296.0,24490.0,2922.1328
1067,12.0631,11.509,1.8545,11.6535,295.0,19067.0,2922.1328
1068,11.7194,10.7472,1.8675,12.3647,293.0,16942.0,2922.1328
1069,12.2878,11.3094,1.8584,11.84,294.0,24461.0,2922.1328
1070,11.9284,11.1537,1.6216,10.9014,292.0,23398.0,2922.1328
1071,10.8673,10.9999,1.996,10.9361,291.0,21824.0,2922.2578
1072,10.9387,11.0938,2.3355,11.7587,296.0,16264.0,2922.2578
1073,11.7829,11.5601,2.3528,12.0425,285.0,13336.0,2922.2578
1074,12.0288,10.9215,2.3527,12.1318,292.0,23463.0,2922.2578
1075,12.1504,11.1338,2.1355,11.7147,291.0,18706.0,2922.2578
1076,11.6737,11.207,2.5769,12.9736,293.0,27476.0,2922.2578
1077,13.0302,11.2647,2.2316,10.1382,301.0,33081.0,2922.2578
1078,10.0862,10.8165,2.0247,11.4387,298.0,24171.0,2922.2578
1079,11.4155,11.3257,1.891,11.0712,294.0,15328.0,2922.2578
1080,11.1767,11.2772,1.9953,12.5162,293.0,14626.0,2922.2578
1081,12.4441,10.8033,2.0954,10.9871,294.0,17387.0,2922.2578
1082,10.9764,11.0519,1.661,12.134,293.0,18440.0,2922.2578
1083,12.0909,11.2053,1.7519,11.2832,291.0,16382.0,2922.2578
1084,11.2671,11.0668,1.6675,13.1625,291.0,15848.0,2922.2578
1085,13.3054,10.8882,2.274,10.6834,293.0,17397.0,2922.2578
1086,10.6668,11.3229,1.9941,11.541,291.0,15088.0,2922.2578
1087,11.516,11.0697,2.2415,11.3684,296.0,18138.0,2922.2578
1088,11.356,10.7417,2.1711,11.1537,290.0,13684.0,2922.2578
1089,11.1397,10.9353,2.126,12.0418,291.0,14542.0,2922.2578
1090,12.0499,11.3139,2.1705,11.9165,290.0,14000.0,2922.2578
1091,11.8562,10.7465,2.1204,10.7346,291.0,13854.0,2922.2578
1092,10.7638,11.1838,2.0175,12.3796,291.0,14384.0,2922.2578
1093,12.4233,11.5252,2.4767,11.8589,294.0,15362.0,2922.2578
1094,11.8722,11.0427,2.1045,11.1192,296.0,13712.0,2922.2578
1095,11.1482,11.3169,1.9635,11.8094,294.0,16742.0,2922.2578
1096,11.8221,11.2061,2.1491,11.95,292.0,16346.0,2922.2578
1097,11.8946,11.0072,1.9383,11.534,293.0,16674.0,2922.2578
1098,11.5124,11.035,2.434,11.722,293.0,23002.0,2922.2578
1099,11.7807,11.2866,2.1407,11.1597,292.0,33384.0,2922.2578
1100,11.1517,11.3018,2.1583,12.1497,293.0,24118.0,2922.2578
1101,12.1315,10.7697,2.2213,11.8514,292.0,22708.0,2922.2578
1102,11.9016,11.3878,2.0571,10.7079,294.0,46886.0,2922.2578
1103,10.7723,11.1811,1.9412,12.3184,290.0,28192.0,2922.2578
1104,12.1775,10.806,1.7585,10.9519,291.0,18176.0,2922.2578
1105,10.9493,11.0593,2.0711,12.5384,290.0,14000.0,2922.2578
1106,12.5934,11.1745,2.0853,10.7877,290.0,39844.0,2922.2578
1107,10.7346,11.2918,2.06,11.7391,259.0,32752.0,2922.2578
1108,11.734,10.7868,2.1111,11.5089,256.0,11596.0,2922.2578
1109,11.5078,11.1758,1.8507,10.5813,261.0,16892.0,2922.2578
1110,10.6338,11.6289,1.8689,11.9222,259.0,11588.0,2922.2578
1111,11.852,10.7667,1.7489,11.9806,273.0,12844.0,2922.2578
1112,11.9643,11.0597,1.6865,11.4003,292.0,15078.0,2922.3828
1113,11.4045,11.2194,1.899,12.2603,294.0,15102.0,2922.3828
1114,12.244,10.9852,1.7682,11.2539,292.0,15078.0,2922.3828
1115,11.3362,11.2909,1.505,11.199,290.0,15076.0,2922.3828
1116,11.1842,11.2978,1.8109,12.1812,291.0,15552.0,2922.3828
1117,12.201,10.8116,1.7944,11.0297,290.0,14612.0,2922.3828
1118,11.0161,11.181,1.693,11.9368,290.0,14612.0,2922.3828
1119,11.9097,11.3637,1.7156,11.4793,293.0,20347.0,2922.3828
1120,11.4741,11.0019,1.6428,11.4637,293.0,24668.0,2922.3828
1121,11.5615,10.8172,1.7035,11.2282,295.0,28030.0,2922.3828
1122,11.139,11.0571,1.4776,11.7784,292.0,25502.0,2922.3828
1123,11.8321,11.1652,1.813,11.6844,292.0,14546.0,2922.3828
1124,11.6221,10.7409,1.5038,10.8127,293.0,19951.0,2922.3828
1125,10.8952,11.1815,1.8042,12.0187,297.0,19249.0,2922.3828
1126,11.9396,11.0307,1.9164,11.5793,296.0,22568.0,2922.3828
1127,11.5801,10.8888,1.9094,12.0264,294.0,23800.0,2922.3828
1128,12.043,11.2603,1.7519,10.9884,300.0,22454.0,2922.3828
1129,10.9692,11.0826,1.6365,11.8287,293.0,13698.0,2922.3828
1130,11.8866,10.7541,1.7506,11.6536,277.0,13250.0,2922.3828
1131,11.6304,10.7947,1.6672,11.526,292.0,22999.0,2922.3828
1132,11.5584,11.3841,1.4764,11.0745,293.0,23754.0,2922.3828
1133,11.0282,11.1442,1.6693,11.7009,293.0,24048.0,2922.3828
1134,11.7119,10.7247,1.8144,11.5766,297.0,33077.0,2922.3828
1135,11.5625,11.1186,1.641,11.1289,293.0,22559.0,2922.3828
1136,11.1516,11.2216,1.6697,11.8032,290.0,15324.0,2922.3828
1137,11.8625,10.7149,1.6918,11.8052,291.0,15622.0,2922.3828
1138,11.8359,10.9847,1.5782,10.9921,293.0,16399.0,2922.3828
1139,10.8651,11.2002,1.79,11.8631,291.0,18438.0,2922.3828
1140,11.8519,10.754,1.7931,11.2995,291.0,16846.0,2922.3828
1141,11.3899,11.1185,1.9379,11.888,294.0,15840.0,2922.3828
1142,11.8054,11.2481,1.7254,11.5984,296.0,16925.0,2922.3828
1143,11.5926,10.8785,1.4969,11.5347,294.0,15080.0,2922.3828
1144,11.5795,10.9907,1.7522,11.8292,296.0,18116.0,2922.3828
1145,11.8036,10.9549,1.6423,10.7673,292.0,13686.0,2922.3828
1146,10.7657,11.0012,1.9277,11.9753,293.0,14544.0,2922.3828
1147,12.0614,10.75,2.5893,12.8039,290.0,14158.0,2922.3828
1148,12.8336,11.4016,2.4135,11.073,290.0,13684.0,2922.3828
1149,10.9305,11.6378,2.9958,12.1469,290.0,14372.0,2922.3828
1150,12.2594,11.0819,2.439,12.181,290.0,15358.0,2922.3828
1151,12.1371,11.3558,1.7218,10.9825,290.0,13684.0,2922.3828
1152,10.9708,11.4068,1.9152,12.2755,290.0,17430.0,2922.3828
1153,12.2615,11.1376,1.3352,11.5307,290.0,15652.0,2922.3828
1154,11.4893,11.2926,1.4599,11.3474,291.0,16672.0,2922.3828
1155,11.3454,11.2574,1.5773,11.4054,291.0,23278.0,2922.3828
1156,11.4576,11.6853,1.9575,13.2191,291.0,33094.0,2922.3828
1157,13.1338,11.0789,1.6047,11.624,297.0,26182.0,2922.3828
1158,11.6352,11.5534,1.7183,11.5453,297.0,24000.0,2922.3828
1159,11.5818,11.3957,1.6145,11.7127,296.0,43530.0,2922.3828
1160,11.7574,11.3613,1.7792,12.3337,292.0,28194.0,2922.3828
1161,12.4574,11.2876,1.8646,12.2004,293.0,18178.0,2922.3828
1162,12.0547,11.3083,1.6964,10.8354,294.0,14026.0,2922.3828
1163,10.8563,11.6343,1.7513,12.3498,287.0,44896.0,2922.3828
1164,12.3207,11.0272,2.0636,11.7487,258.0,27460.0,2922.3828
1165,11.7727,11.5276,1.7175,11.8257,256.0,11596.0,2922.3828
1166,11.8616,11.2216,1.8014,11.6385,256.0,16876.0,2922.3828
1167,11.6552,11.0114,1.8363,11.6407,256.0,11596.0,2922.3828
1168,11.6628,11.4358,1.867,12.5231,283.0,14608.0,2922.3828
1169,12.5268,11.6875,2.5695,11.7747,290.0,14612.0,2922.3828
1170,11.7423,11.7926,1.9009,13.4442,291.0,15552.0,2922.3828
1171,13.8667,11.0262,1.8935,10.912,290.0,14612.0,2922.3828
1172,10.4583,11.7265,1.8145,11.8238,290.0,15076.0,2922.3828
1173,11.8489,11.3402,1.8482,12.3381,295.0,16020.0,2922.3828
1174,12.3135,11.1042,1.6007,11.3728,295.0,14164.0,2922.3828
1175,11.3438,11.163,1.5188,11.8871,295.0,18944.0,2922.3828
1176,11.9341,11.4833,1.725,12.4342,294.0,17517.0,2922.3828
1177,12.3916,11.3564,1.4808,12.054,295.0,30722.0,2922.3828
1178,12.3239,11.3225,2.3022,10.817,296.0,21780.0,2922.3828
1179,10.6557,11.6226,2.0302,12.5516,293.0,23992.0,2922.3828
1180,12.5718,11.523,1.9096,11.7701,291.0,14808.0,2922.3828
1181,11.6907,11.1151,1.7666,12.1386,292.0,21191.0,2922.3828
1182,12.1041,11.2766,2.0053,11.3909,294.0,24815.0,2922.3828
1183,11.4457,11.4415,2.085,11.3873,291.0,17182.0,2922.3828
1184,11.414,11.4859,1.6858,12.3186,291.0,27242.0,2922.3828
1185,12.2295,11.094,1.5699,12.2932,296.0,17030.0,2922.3828
1186,12.274,11.6734,1.9426,12.8066,291.0,13696.0,2922.3828
1187,12.8993,11.7401,2.1268,10.8454,266.0,13324.0,2922.3828
1188,10.8108,11.0862,1.9525,12.2294,294.0,24003.0,2922.3828
1189,12.2072,11.539,1.9594,12.2069,298.0,27570.0,2922.3828
1190,12.2138,11.5126,1.7503,11.9442,299.0,22123.0,2922.3828
1191,11.911,11.6566,1.7066,12.2708,298.0,29602.0,2922.3828
1192,12.3676,11.1338,2.0768,12.5521,295.0,22561.0,2922.3828
1193,12.8464,12.0306,2.4762,15.0556,287.0,15074.0,2922.3828
1194,14.7481,11.6984,2.0425,8.7393,294.0,15636.0,2922.3828
1195,8.6912,11.4902,2.6591,11.9494,292.0,16387.0,2922.3828
1196,12.0098,11.1703,2.0886,12.0945,290.0,18890.0,2922.3828
1197,12.0382,11.6156,1.8006,11.6487,290.0,16370.0,2922.3828
1198,11.7128,11.5773,1.695,12.2102,289.0,15106.0,2922.3828
1199,12.1553,11.0518,1.8033,12.1189,292.0,16203.0,2922.3828
1200,12.1765,11.6705,1.7762,11.8589,289.0,14346.0,2922.3828
1201,11.8143,11.4906,1.7333,12.0704,295.0,17408.0,2922.3828
1202,12.0716,11.4605,1.3714,12.5487,289.0,12954.0,2922.3828
1203,12.5751,11.0789,1.7445,11.6021,289.0,13800.0,2922.3828
1204,11.654,11.9575,2.1575,11.9554,290.0,13440.0,2922.3828
1205,11.942,12.0784,2.1272,12.6946,294.0,12970.0,2922.3828
1206,12.6303,11.5795,2.132,12.1484,293.0,13646.0,2922.3828
1207,12.1352,11.7367,1.9094,12.9638,293.0,14632.0,2922.3828
1208,13.0208,11.8082,1.9326,11.1716,292.0,12968.0,2922.3828
1209,11.0817,11.6792,1.8525,12.3455,292.0,16714.0,2922.3828
1210,12.4138,11.0687,2.2127,11.4451,291.0,14924.0,2922.3828
1211,11.4648,11.5272,1.8436,12.4616,291.0,15954.0,2922.3828
1212,12.4447,11.7608,1.8686,11.6262,291.0,22560.0,2922.3828
1213,11.6346,11.2621,1.7764,12.0465,290.0,32364.0,2922.3828
1214,12.0176,11.0183,1.8263,11.8592,293.0,27056.0,2922.3828
1215,11.8366,11.4738,1.6263,11.6081,290.0,21646.0,2922.3828
1216,11.6577,11.6774,1.8325,12.1666,291.0,42796.0,2922.3828
1217,12.1618,11.0727,1.7926,11.9923,289.0,27462.0,2922.3828
1218,12.1093,11.5453,1.7858,13.4842,289.0,17434.0,2922.3828
1219,13.3666,12.206,1.9079,11.1803,289.0,13270.0,2922.3828
1220,11.1643,11.7028,1.76,12.0544,290.0,60054.0,2922.3828
1221,12.0496,11.0278,1.707,11.7104,258.0,10858.0,2922.3828
1222,11.7626,11.5313,1.5952,11.6354,259.0,16150.0,2922.3828
1223,11.6166,11.4708,1.7715,11.8108,259.0,10870.0,2922.3828
1224,11.8833,11.0536,1.6499,13.2574,291.0,14812.0,2922.3828
1225,13.1728,11.739,1.6473,12.0252,291.0,14348.0,2922.3828
1226,12.0502,11.9827,1.638,11.6028,291.0,14348.0,2922.3828
1227,11.5452,11.7112,1.8089,12.2616,290.0,13894.0,2922.3828
1228,12.2323,11.0321,2.2733,12.7728,290.0,14358.0,2922.3828
1229,12.7752,11.638,1.4562,12.1029,289.0,15274.0,2922.3828
1230,12.1962,11.5554,1.7326,10.7155,289.0,14642.0,2922.3828
1231,10.6497,11.479,1.5625,12.7027,289.0,16634.0,2922.3828
1232,12.76,10.9992,1.7683,11.923,292.0,24685.0,2922.3828
1233,11.8863,11.6672,1.7975,11.7339,291.0,22090.0,2922.3828
1234,11.7532,11.691,1.8371,12.5905,293.0,20924.0,2922.3828
1235,12.6592,11.0187,1.9199,11.6344,291.0,23250.0,2922.3828
1236,11.5763,12.1713,1.6429,12.4515,291.0,18745.0,2922.3828
1237,12.501,11.6247,1.8709,11.8034,294.0,15922.0,2922.3828
1238,11.8307,11.8936,1.5742,12.6251,299.0,24849.0,2922.3828
1239,12.5436,11.0647,1.7753,11.8819,295.0,18168.0,2922.3828
1240,11.8292,11.5052,1.4375,11.7748,294.0,24164.0,2922.3828
1241,11.8396,11.3178,1.739,11.7858,293.0,16068.0,2922.3828
1242,11.7472,11.2775,1.5875,11.3822,292.0,12968.0,2922.3828
1243,11.4314,11.2596,1.58,12.9061,291.0,24329.0,2922.3828
1244,12.8474,11.696,2.0591,11.0782,290.0,19664.0,2922.3828
1245,11.0912,11.4494,1.6622,12.1502,295.0,25345.0,2922.3828
1246,12.2433,10.9894,1.6787,11.5036,292.0,23373.0,2922.3828
1247,11.4183,11.4413,1.7177,12.2246,294.0,30528.0,2922.3828
1248,12.2402,11.4687,1.5638,11.5817,289.0,14642.0,2922.3828
1249,11.5488,11.0601,1.4114,12.253,291.0,14904.0,2922.3828
1250,12.2884,11.2162,1.6893,11.221,291.0,15657.0,2922.3828
1251,11.2301,11.4094,1.7111,12.1469,289.0,18160.0,2922.3828
1252,12.1058,11.7164,1.4485,12.3945,289.0,15640.0,2922.3828
1253,12.4322,11.255,1.7678,11.8365,295.0,15134.0,2922.3828
1254,11.8087,11.4874,1.5804,11.7402,295.0,16195.0,2922.3828
1255,11.8595,11.4962,1.8492,11.6598,294.0,14362.0,2922.3828
1256,11.5779,11.0385,1.5206,12.1961,295.0,17386.0,2922.3828
1257,12.1913,11.4241,1.3033,11.3523,291.0,12956.0,2922.3828
1258,11.3278,11.4768,1.3824,12.6878,291.0,13802.0,2922.3828
1259,12.6455,11.6922,1.148,11.882,290.0,13440.0,2922.3828
1260,11.98,11.0949,2.155,11.435,289.0,12954.0,2922.3828
1261,11.4058,11.4751,1.8587,12.3267,291.0,13666.0,2922.3828
1262,12.34,11.4746,1.6428,11.7728,289.0,14628.0,2922.3828
1263,11.7839,11.1986,1.7842,11.7433,290.0,12966.0,2922.3828
1264,11.6639,11.2548,1.4591,12.0039,289.0,16700.0,2922.3828
1265,12.0249,11.2153,1.485,11.5191,289.0,14922.0,2922.3828
1266,11.4946,11.7149,1.4963,12.1959,290.0,15942.0,2922.3828
1267,12.1932,11.0129,1.407,11.6056,291.0,22560.0,2922.3828
1268,11.6037,11.4707,1.286,11.4989,290.0,32364.0,2922.3828
1269,11.6175,11.3935,1.7011,12.371,295.0,27036.0,2922.3828
1270,12.3075,11.0784,1.5984,11.9657,295.0,21662.0,2922.3828
1271,12.0074,11.5764,1.5843,11.5772,294.0,42788.0,2922.3828
1272,11.5123,11.5467,1.6045,11.9892,291.0,27464.0,2922.3828
1273,12.0092,11.249,1.4968,11.9823,292.0,17448.0,2922.3828
1274,11.9724,11.0736,1.3413,11.9985,292.0,13284.0,2922.3828
1275,11.9606,11.4793,1.4526,11.175,289.0,54810.0,2922.3828
1276,11.236,11.1775,1.7384,11.485,254.0,16086.0,2922.3828
1277,11.4721,11.0586,1.5161,12.431,254.0,10854.0,2922.3828
1278,12.4119,11.2021,1.3995,10.8679,258.0,16182.0,2922.3828
1279,10.9619,11.3479,1.578,12.1236,271.0,13266.0,2922.3828
1280,12.0826,11.394,1.4149,12.3712,289.0,14346.0,2922.3828
1281,12.3342,11.0055,1.9566,11.5052,289.0,14346.0,2922.3828
1282,11.5479,11.2628,1.9361,11.4474,290.0,13894.0,2922.3828
1283,11.41,11.4359,1.4049,11.8523,289.0,14346.0,2922.3828
1284,11.9826,10.9662,1.6618,11.9248,290.0,14358.0,2922.3828
1285,11.8443,11.6072,1.6421,12.2877,295.0,16062.0,2922.3828
1286,12.2951,11.582,1.7049,11.8882,294.0,16186.0,2922.3828
1287,11.8254,11.5316,1.636,11.949,293.0,23270.0,2922.3828
1288,11.9413,11.0783,1.4351,11.9205,293.0,14951.0,2922.3828
1289,11.9187,11.5509,1.5887,12.5904,295.0,27235.0,2922.3828
1290,12.6816,11.6485,1.3994,11.2661,294.0,24289.0,2922.3828
1291,11.2275,10.9654,1.9344,11.7306,291.0,16684.0,2922.3828
1292,11.6894,11.4438,1.3475,11.9306,291.0,17405.0,2922.3828
1293,11.9836,11.5233,1.5804,12.3046,292.0,18061.0,2922.3828
1294,12.2526,11.5013,1.573,11.3703,292.0,26106.0,2922.3828
1295,11.4634,10.953,1.8827,11.6618,294.0,17220.0,2922.3828
1296,11.5762,11.5312,1.8751,12.7751,291.0,21660.0,2922.3828
1297,12.7739,11.6807,1.3604,11.7898,290.0,15396.0,2922.3828
1298,11.7759,11.1004,1.4024,11.5746,281.0,13458.0,2922.3828
1299,11.6566,11.2726,1.3105,11.774,291.0,23249.0,2922.3828
1300,11.7102,11.4774,1.4544,11.6953,293.0,26836.0,2922.3828
1301,11.7188,10.9678,1.634,11.8384,296.0,19773.0,2922.3828
1302,11.8849,11.2861,2.0701,12.0713,298.0,23652.0,2922.3828
1303,12.0252,11.476,2.0936,11.6691,297.0,28673.0,2922.3828
1304,11.6815,11.4906,1.7744,11.7541,294.0,14680.0,2922.3828
1305,11.7246,11.1054,1.5424,12.1123,293.0,16753.0,2922.3828
1306,12.1068,11.3078,1.4374,11.0459,291.0,15940.0,2922.3828
1307,11.0742,11.4462,1.5395,12.403,289.0,16542.0,2922.3828
1308,12.4563,11.0139,1.5344,12.6054,289.0,15106.0,2922.3828
1309,12.5333,11.2671,1.6676,11.6393,291.0,16977.0,2922.3828
1310,11.6269,11.4501,1.6372,11.0197,290.0,14332.0,2922.3828
1311,11.0913,11.6176,1.6838,12.5332,290.0,14358.0,2922.3828
1312,12.5112,10.9779,2.6655,12.1436,293.0,17384.0,2922.3828
1313,12.2326,11.2753,1.8071,10.6413,291.0,12978.0,2922.3828
1314,10.5151,11.6291,1.5889,13.0312,291.0,13982.0,2922.3828
1315,13.0415,11.0617,1.783,12.7227,289.0,13270.0,2922.3828
1316,12.7694,11.8271,1.934,11.8765,290.0,12966.0,2922.3828
1317,11.9368,11.4073,1.8706,11.1307,295.0,15344.0,2922.3828
1318,11.1199,11.7285,1.665,12.2944,293.0,12958.0,2922.3828
1319,12.1964,11.0752,1.5819,11.2004,293.0,13116.0,2922.3828
1320,11.2473,11.6274,1.7668,11.6863,291.0,17890.0,2922.3828
1321,11.6236,11.2327,1.5547,12.1817,292.0,14216.0,2922.3828
1322,12.249,11.3005,1.9309,13.2318,291.0,18098.0,2922.3828
1323,13.2669,11.591,1.9386,11.6493,290.0,19914.0,2922.3828
1324,11.7358,11.447,2.3009,11.6206,291.0,34278.0,2922.3828
1325,11.4759,11.3289,1.793,11.2812,293.0,27020.0,2922.3828
1326,11.3834,11.0792,1.6248,12.244,290.0,21830.0,2922.3828
1327,12.2005,11.5572,1.8002,11.1775,290.0,40576.0,2922.3828
1328,11.1668,11.4589,2.2532,12.2708,289.0,27830.0,2922.3828
1329,12.2369,11.0721,1.8525,11.6241,290.0,17078.0,2922.3828
1330,11.6798,11.5421,1.631,12.7339,289.0,13270.0,2922.3828
1331,12.6793,11.484,1.8946,11.1037,281.0,54330.0,2922.3828
1332,11.0863,11.2229,1.6453,11.3479,255.0,16098.0,2922.3828
1333,11.3621,11.0119,1.7001,12.2132,258.0,10858.0,2922.3828
1334,12.2698,11.5053,1.8255,11.8502,264.0,16354.0,2922.3828
1335,11.7769,11.7539,1.6221,12.5471,282.0,13642.0,2922.3828
1336,12.6605,11.0933,1.8966,11.4302,295.0,14396.0,2922.3828
1337,11.3263,11.577,1.636,12.7275,291.0,14348.0,2922.3828
1338,12.703,11.4992,1.7737,11.1826,292.0,14360.0,2922.3828
1339,11.21,11.399,1.6973,12.4111,289.0,14346.0,2922.3828
1340,12.4062,11.0157,1.5816,12.2693,289.0,15570.0,2922.3828
1341,12.2676,11.3348,1.4992,10.655,290.0,14482.0,2922.3828
1342,10.6396,11.4982,1.653,12.1135,290.0,23730.0,2922.3828
1343,12.1314,11.1608,1.8957,12.763,289.0,15718.0,2922.3828
1344,12.8221,11.2867,2.251,10.8158,292.0,16241.0,2922.3828
1345,10.8567,11.1782,1.9909,11.6229,293.0,25953.0,2922.3828
1346,11.511,11.4959,1.7458,12.5546,294.0,24317.0,2922.3828
1347,12.7423,11.0686,1.9054,12.4277,291.0,19805.0,2922.3828
1348,12.2953,11.7153,1.8363,11.3514,289.0,14990.0,2922.3828
1349,11.2772,11.6281,1.4752,12.0427,296.0,17573.0,2922.3828
1350,12.0883,11.0537,1.942,11.5756,299.0,26332.0,2922.3828
1351,11.6106,11.5306,1.8529,12.205,296.0,17242.0,2922.3828
1352,12.17,11.4808,1.7199,11.791,293.0,21066.0,2922.3828
1353,11.838,11.5571,1.7893,12.108,291.0,15386.0,2922.3828
1354,12.0494,11.053,1.6497,11.6576,277.0,14792.0,2922.3828
1355,11.7088,11.504,1.5955,11.9793,287.0,23009.0,2922.3828
1356,11.9366,11.2849,1.7233,11.4071,293.0,25240.0,2922.3828
1357,11.4428,11.2074,1.9967,11.9169,292.0,19769.0,2922.3828
1358,11.8942,11.4035,1.5255,12.4164,293.0,23636.0,2922.3828
1359,12.4215,11.7,1.668,11.5276,292.0,28657.0,2922.3828
1360,11.5545,11.5411,1.8005,12.2873,291.0,15130.0,2922.3828
1361,12.3347,11.0193,2.274,11.9075,291.0,16287.0,2922.3828
1362,11.7833,11.4897,1.5474,12.0192,289.0,15938.0,2922.3828
1363,12.0062,11.6485,2.3418,12.8423,289.0,16542.0,2922.3828
1364,12.8319,10.9525,1.5411,10.6338,289.0,15106.0,2922.3828
1365,10.6927,11.4953,1.9106,12.1805,296.0,16993.0,2922.3828
1366,12.1921,11.3746,1.5729,11.7345,293.0,14324.0,2922.3828
1367,11.7435,11.5351,1.4965,11.8335,294.0,14362.0,2922.3828
1368,11.8493,11.0447,1.6013,11.6543,296.0,17398.0,2922.3828
1369,11.6425,11.3574,1.3886,11.9522,291.0,13644.0,2922.3828
1370,11.9318,11.4319,1.2774,12.4752,291.0,13272.0,2922.3828
1371,12.4783,10.992,1.5186,11.6818,289.0,13270.0,2922.3828
1372,11.7136,11.4565,1.7005,12.047,290.0,12966.0,2922.3828
1373,12.0732,11.4696,1.7707,11.3665,291.0,15340.0,2922.3828
1374,11.3543,11.081,1.5215,12.1242,289.0,12954.0,2922.3828
1375,12.1227,11.0657,1.4323,11.788,289.0,13270.0,2922.3828
1376,11.7558,11.5708,1.6909,11.6736,290.0,17900.0,2922.3828
1377,11.6647,11.4417,1.6274,11.5642,289.0,14044.0,2922.3828
1378,11.5791,10.9299,1.6897,12.196,289.0,18096.0,2922.3828
1379,12.1826,11.5327,1.7061,11.7631,290.0,19914.0,2922.3828
1380,11.8005,11.449,1.7017,12.4757,290.0,34266.0,2922.3828
1381,12.4458,11.0516,2.1249,11.2879,295.0,27534.0,2922.3828
1382,11.2945,11.2237,1.6166,11.9144,294.0,21300.0,2922.3828
1383,11.9543,11.4625,1.6066,11.7049,294.0,40580.0,2922.3828
1384,11.6606,11.4299,1.4828,11.7186,291.0,28200.0,2922.3828
1385,11.7391,11.073,1.6097,11.8599,291.0,16700.0,2922.3828
1386,11.8705,11.2497,1.6048,11.4897,291.0,13272.0,2922.3828
1387,11.4568,11.5945,1.5767,12.7935,283.0,59586.0,2922.3828
1388,12.777,10.9287,1.6763,11.2438,254.0,10854.0,2922.3828
1389,11.2587,11.5561,1.7821,12.0352,255.0,10866.0,2922.3828
1390,12.0624,11.3835,1.6612,12.1148,267.0,17746.0,2922.3828
1391,12.0878,11.4493,1.5256,11.9763,284.0,13118.0,2922.3828
1392,12.0467,11.0434,1.7047,11.4748,290.0,14822.0,2922.3828
1393,11.477,11.7133,1.5963,11.5725,289.0,14810.0,2922.3828
1394,11.5213,11.2151,1.7154,12.0865,291.0,13906.0,2922.3828
1395,12.1227,11.0383,2.0461,12.1385,289.0,16034.0,2922.3828
1396,12.1252,11.2375,1.8654,12.5139,289.0,13542.0,2922.3828
1397,12.4628,11.5325,1.5409,11.5217,293.0,25114.0,2922.3828
1398,11.5728,11.4973,1.6751,12.0952,293.0,13390.0,2922.3828
1399,12.1047,11.262,1.8504,12.036,294.0,15302.0,2922.3828
1400,12.0212,11.8658,1.711,11.4607,296.0,20106.0,2922.3828
1401,11.4831,11.5306,1.8805,12.0421,297.0,32719.0,2922.3828
1402,12.1162,11.0198,1.558,12.4605,293.0,15756.0,2922.3828
1403,12.4245,11.8721,1.8246,11.9172,291.0,18613.0,2922.3828
1404,11.8751,11.7108,1.7794,12.124,292.0,18249.0,2922.3828
1405,12.0838,11.4923,1.5527,11.5183,294.0,15764.0,2922.3828
1406,11.6134,11.0357,1.5938,12.6623,293.0,26748.0,2922.3828
1407,12.5968,11.7954,1.7008,11.5604,292.0,14602.0,2922.3828
1408,11.5785,11.744,1.7232,12.2505,289.0,21102.0,2922.3828
1409,12.2178,11.2885,1.7774,12.0704,289.0,17628.0,2922.3828
1410,12.131,11.198,1.557,11.9762,267.0,13442.0,2922.3828
1411,11.9498,11.68,1.7768,11.4133,287.0,21413.0,2922.3828
1412,11.3612,11.6371,1.4278,12.6747,292.0,25228.0,2922.3828
1413,12.6861,11.0102,1.5972,12.4207,299.0,21656.0,2922.3828
1414,12.4762,11.558,1.8851,11.639,297.0,21793.0,2922.3828
1415,11.612,12.2691,2.6094,12.397,298.0,28685.0,2922.3828
1416,12.4044,11.9206,2.3086,12.6023,291.0,15108.0,2922.3828
1417,12.5903,10.9631,1.7559,11.7354,294.0,16301.0,2922.3828
1418,11.81,11.2212,1.6985,11.2601,291.0,16474.0,2922.3828
1419,11.1579,11.6014,1.7552,12.0237,290.0,16020.0,2922.3828
1420,12.0969,10.6651,1.7773,11.8113,290.0,15118.0,2922.3828
1421,11.7525,11.1562,1.5452,11.5452,291.0,16977.0,2922.3828
1422,11.5501,11.155,1.8495,10.9586,289.0,14320.0,2922.3828
1423,10.9371,11.0203,1.6041,12.2782,289.0,14346.0,2922.3828
1424,12.286,11.088,1.57,11.5446,294.0,17396.0,2922.3828
1425,11.6407,11.4036,1.6747,12.2407,290.0,13654.0,2922.3828
1426,12.2056,11.5193,2.0328,12.4487,290.0,13440.0,2922.3828
1427,12.4685,11.1625,2.151,11.7846,289.0,13112.0,2922.3828
1428,11.753,12.0164,2.1206,11.5391,289.0,13642.0,2922.3828
1429,11.5421,11.2934,1.9891,11.6149,293.0,14632.0,2922.3828
1430,11.635,11.1807,1.6377,12.529,293.0,13116.0,2922.3828
1431,12.5489,10.7809,1.7373,11.1082,294.0,14730.0,2922.3828
1432,11.1414,11.4206,1.7381,11.6436,292.0,16300.0,2922.3828
1433,11.6373,11.1074,1.5728,11.9839,293.0,15146.0,2922.3828
1434,11.8669,10.7487,1.5525,12.1468,292.0,20370.0,2922.3828
1435,12.2398,11.6295,1.6721,10.9873,289.0,18440.0,2922.3828
1436,10.9505,11.4393,1.8294,12.8282,291.0,36130.0,2922.3828
1437,12.7605,10.8121,1.4849,11.1954,291.0,23804.0,2922.3828
1438,11.2789,11.2525,1.7136,11.6954,290.0,22970.0,2922.3828
1439,11.7826,11.7484,1.722,11.6234,291.0,41246.0,2922.3828
1440,11.4852,11.6286,1.7034,12.2989,290.0,27566.0,2922.3828
1441,12.2677,10.783,2.1108,11.133,289.0,15010.0,2922.3828
1442,11.2772,11.4505,1.725,12.155,291.0,18526.0,2922.3828
1443,12.0386,11.382,1.7433,11.4579,276.0,53982.0,2922.3828
1444,11.4445,10.7221,1.607,11.8028,255.0,10866.0,2922.3828
1445,11.9248,11.8533,1.5266,12.0583,265.0,16510.0,2922.3828
1446,11.9433,11.6913,1.8092,12.2898,275.0,12806.0,2922.3828
1447,12.3374,11.5169,1.7985,12.4561,282.0,12762.0,2922.3828
1448,12.4598,11.0211,1.6431,10.7605,291.0,15276.0,2922.3828
1449,10.7305,11.3493,1.5697,11.8687,291.0,14812.0,2922.3828
1450,11.8383,11.4482,1.5586,11.5403,292.0,15584.0,2922.3828
1451,11.5453,10.6933,1.7214,11.8676,289.0,13882.0,2922.3828
1452,11.9004,11.3994,1.746,11.3298,291.0,14154.0,2922.3828
1453,11.3522,10.8818,1.665,11.3254,289.0,24522.0,2922.3828
1454,11.3298,10.6855,1.4564,12.0834,289.0,13386.0,2922.3828
1455,12.0031,11.1849,1.6024,10.8538,290.0,16826.0,2922.3828
1456,10.9145,11.207,1.6748,11.9618,293.0,26588.0,2922.3828
1457,11.8996,10.7976,1.4792,11.2876,296.0,24835.0,2922.3828
1458,11.271,10.7311,1.2916,11.7059,294.0,17507.0,2922.3828
1459,11.7039,11.2568,1.4804,10.9179,290.0,17122.0,2922.3828
1460,11.1254,11.2059,1.7512,12.5704,293.0,17955.0,2922.3828
1461,12.3787,11.0049,2.2439,11.1036,297.0,16290.0,2922.3828
1462,11.107,11.2803,1.8481,11.7958,297.0,26218.0,2922.3828
1463,11.797,11.2794,1.6107,11.6464,295.0,14656.0,2922.3828
1464,11.7488,10.7104,1.7823,11.4698,291.0,21288.0,2922.3828
1465,11.414,11.4073,1.5224,11.49,292.0,19238.0,2922.3828
1466,11.554,10.9943,1.7703,11.6143,269.0,13232.0,2922.3828
1467,11.574,10.7689,1.4342,11.7042,292.0,21795.0,2922.3828
1468,11.7008,11.0933,1.5519,11.5131,297.0,27256.0,2922.3828
1469,11.531,11.3518,1.7428,11.6306,290.0,17898.0,2922.3828
1470,11.6251,11.2271,1.474,11.5792,292.0,21777.0,2922.3828
1471,11.6369,10.7615,1.3965,11.2235,293.0,28669.0,2922.3828
1472,11.1667,11.2804,1.3447,12.0915,290.0,15652.0,2922.3828
1473,12.0274,11.3912,1.172,11.7797,293.0,16241.0,2922.3828
1474,11.7925,10.7682,1.1728,11.1933,290.0,16554.0,2922.3828
1475,11.2729,11.193,1.4088,12.0448,289.0,17162.0,2922.3828
1476,11.9431,11.2183,1.5919,11.931,291.0,13442.0,2922.3828
1477,11.9233,10.9093,1.5158,10.7732,295.0,17813.0,2922.3828
1478,10.8568,11.0429,1.6266,12.5361,293.0,13956.0,2922.3828
1479,12.5414,11.169,1.5828,11.0103,293.0,14574.0,2922.3828
1480,10.9593,11.2431,1.4758,11.5375,295.0,17386.0,2922.3828
1481,11.6739,10.823,1.885,11.4502,292.0,12968.0,2922.3828
1482,11.3547,10.8293,1.7565,11.0255,291.0,13588.0,2922.3828
1483,10.9749,11.1625,1.6243,12.2075,290.0,12966.0,2922.3828
1484,12.2742,10.7571,1.8939,11.3161,290.0,15328.0,2922.3828
1485,11.2711,11.3682,1.5162,11.675,290.0,13124.0,2922.3828
1486,11.7173,10.9471,1.4788,11.618,291.0,14738.0,2922.3828
1487,11.5772,10.7641,1.3161,10.6049,289.0,13232.0,2922.3828
1488,10.7546,11.1713,1.6071,12.3393,290.0,16176.0,2922.3828
1489,12.197,11.0304,1.5385,10.8623,289.0,15654.0,2922.3828
1490,10.9449,10.6883,1.4128,11.3205,291.0,20536.0,2922.3828
1491,11.2457,11.0221,1.2494,11.4935,290.0,27632.0,2922.3828
1492,11.6797,11.2577,1.7216,12.2214,290.0,27688.0,2922.3828
1493,12.0199,10.7489,1.4405,10.9618,296.0,23898.0,2922.3828
1494,10.9648,10.796,1.1367,11.4088,295.0,32682.0,2922.3828
1495,11.5199,11.065,1.5771,11.3434,295.0,33820.0,2922.3828
1496,11.3638,11.0117,1.8111,12.0756,291.0,23616.0,2922.3828
1497,12.0154,11.0817,1.6462,11.5445,291.0,20402.0,2922.3828
1498,11.847,11.4515,1.9525,12.3986,291.0,23578.0,2922.3828
1499,12.0518,11.5143,1.6173,11.6734,264.0,42846.0,2922.3828
1500,11.7022,10.995,1.6361,11.4437,256.0,10926.0,2922.3828
1501,11.5336,11.5562,1.414,11.9774,269.0,17866.0,2922.3828
1502,11.9869,11.2913,1.7431,12.0882,274.0,12054.0,2922.3828
1503,11.9441,11.092,1.4452,11.672,277.0,13626.0,2922.3828
1504,11.7013,11.0857,1.536,12.0283,289.0,15274.0,2922.3828
1505,12.0343,11.5354,1.433,11.54,289.0,16034.0,2922.3828
1506,11.5265,11.3522,1.4006,12.5536,290.0,13430.0,2922.3828
1507,12.581,11.0561,2.1405,11.3872,289.0,14594.0,2922.3828
1508,11.4644,11.4743,1.7169,12.0243,290.0,21454.0,2922.3828
1509,11.9778,11.2272,1.7064,11.3468,293.0,16934.0,2922.3828
1510,11.3147,10.9846,1.5878,12.4269,293.0,12958.0,2922.3828
1511,12.5326,11.6195,2.1199,12.2576,293.0,17282.0,2922.3828
1512,12.2629,11.8296,1.6865,11.747,296.0,27284.0,2922.3828
1513,11.6927,11.5073,1.5916,11.9582,297.0,27454.0,2922.3828
1514,11.877,11.0294,1.8332,14.3233,457.0,82865.0,2922.3828
1515,14.3078,11.2976,1.8318,9.3875,229.0,22528.0,2922.3828
1516,9.4635,11.2976,1.7611,5.8999,184.0,15188.0,2931.3828
1517,5.8395,12.9324,1.5774,6.8822,187.0,15118.0,2931.3828
1518,6.8999,12.1481,1.6419,8.9329,186.0,24110.0,2931.3828
1519,8.957,12.1481,1.7565,7.8376,184.0,12792.0,2931.3828
1520,7.7988,11.6233,1.5634,8.8445,183.0,25892.0,2931.3828
1521,9.043,11.9787,2.0742,10.3683,167.0,12234.0,2931.3828
1522,10.1962,11.9787,2.3307,8.3923,183.0,23698.0,2931.5078
1523,8.5757,12.24,3.8345,8.6538,185.0,17217.0,2931.5078
1524,8.47,11.7524,1.8072,10.3004,185.0,18813.0,2931.5078
1525,10.3531,11.8018,2.0092,7.0757,190.0,23969.0,2931.5078
1526,7.1011,11.1812,2.1061,53.7439,189.0,17755.0,2931.5078
1527,53.7345,11.4615,2.251,6.1006,187.0,13528.0,2931.5078
1528,6.062,11.4615,2.0799,5.5677,185.0,13798.0,2931.5078
1529,5.5274,11.4615,1.588,6.1519,185.0,12064.0,2931.5078
1530,6.3206,11.8193,2.0769,6.6774,187.0,14303.0,2931.5078
1531,6.5325,11.3138,1.5828,8.7621,183.0,13060.0,2931.5078
1532,8.7612,11.3138,1.6407,6.5079,184.0,13914.0,2931.5078
1533,6.6223,11.2421,1.6282,44.7934,187.0,15340.0,2931.5078
1534,44.7523,11.4833,1.9463,6.3306,183.0,11756.0,2931.5078
1535,6.2788,11.4833,1.7884,6.0396,183.0,12072.0,2931.5078
1536,6.0543,11.7347,1.7755,6.6458,184.0,13972.0,2931.5078
1537,6.6021,11.6377,1.8468,28.6114,184.0,11768.0,2931.5078
1538,28.6182,11.4705,2.0035,11.8613,184.0,13370.0,2931.5078
1539,11.8868,11.6949,1.6524,12.112,184.0,11888.0,2931.5078
1540,12.1062,11.2531,1.7079,11.6269,183.0,15428.0,2931.5078
1541,11.6436,11.5277,1.8047,6.8176,190.0,17482.0,2931.5078
1542,6.7637,11.4654,1.4784,17.0298,187.0,17062.0,2931.5078
1543,17.0622,11.4654,1.7899,6.0432,189.0,25460.0,2931.5078
1544,6.0845,11.5781,1.7154,18.6197,188.0,23660.0,2931.5078
1545,18.7454,11.7234,2.1769,11.7212,186.0,19668.0,2931.5078
1546,11.5897,11.4734,1.8149,6.3269,187.0,37722.0,2931.5078
1547,6.2991,11.2488,1.7704,17.9825,184.0,22270.0,2931.5078
1548,18.0255,11.859,1.8818,12.1946,183.0,19044.0,2931.5078
1549,12.209,11.4789,1.8632,6.9146,184.0,22232.0,2931.5078
1550,6.8887,11.5763,1.5881,16.7271,159.0,41550.0,2931.5078
1551,16.7305,11.2937,1.8549,5.8663,163.0,16558.0,2931.5078
1552,5.8717,11.2937,1.9848,6.774,156.0,9978.0,2931.5078
1553,6.7278,11.2937,1.6597,5.8836,172.0,11402.0,2931.5078
1554,5.8805,12.0095,1.8412,5.6888,173.0,12390.0,2931.5078
1555,5.6802,12.0095,1.9802,6.0863,183.0,15606.0,2931.5078
1556,6.1146,11.8071,1.9041,6.2085,184.0,12538.0,2931.5078
1557,6.1877,11.4341,1.4581,48.6115,187.0,12530.0,2931.5078
1558,48.6488,11.1873,2.0002,6.8103,187.0,20554.0,2931.5078
1559,6.8685,11.1873,2.0592,6.0103,188.0,15930.0,2931.5078
1560,5.8917,11.3983,1.8803,22.548,186.0,11612.0,2931.5078
1561,22.6145,11.2506,2.0382,12.1966,186.0,22556.0,2931.5078
1562,12.2129,11.4762,1.7991,12.5696,190.0,19184.0,2931.5078
1563,12.556,11.7005,2.0059,6.9646,185.0,22354.0,2931.5078
1564,6.9975,11.7005,1.6092,6.0755,183.0,27794.0,2931.5078
1565,5.9509,11.6843,1.1788,6.3901,183.0,20061.0,2931.5078
1566,6.5685,11.6843,1.5653,5.7094,183.0,16014.0,2931.5078
1567,5.5277,11.3402,1.3648,5.9696,183.0,14316.0,2931.5078
1568,6.028,11.3402,1.6024,6.5067,183.0,15346.0,2931.5078
1569,6.4695,11.5866,1.4373,8.2081,185.0,17130.0,2931.5078
1570,8.2197,11.5866,1.7454,6.8068,187.0,21966.0,2931.5078
1571,6.8479,11.8713,1.5606,6.8888,186.0,20949.0,2931.5078
1572,6.8934,11.8387,1.7403,8.9429,183.0,12582.0,2931.5078
1573,8.9119,11.8387,1.4618,7.0945,188.0,20924.0,2931.5078
1574,7.132,11.6899,1.4298,9.8689,189.0,18685.0,2931.5078
1575,9.8957,11.9652,1.5213,10.9534,189.0,27302.0,2931.5078
1576,10.9343,12.2674,1.7696,7.7986,189.0,21229.0,2931.5078
1577,7.8437,12.2674,2.1014,6.6153,188.0,16960.0,2931.5078
1578,6.5747,12.5983,1.5493,83.5839,189.0,14086.0,2931.5078
1579,83.647,11.4632,1.9661,11.8518,186.0,23680.0,2931.5078
1580,11.7453,11.2209,1.4755,11.4309,185.0,17244.0,2931.5078
1581,11.476,11.649,1.8468,12.3553,183.0,22584.0,2931.5078
1582,12.5177,12.4426,2.2825,7.1466,188.0,23998.0,2931.5078
1583,7.0023,12.4426,1.7415,6.2396,185.0,15621.0,2931.5078
1584,6.1842,11.8162,1.5099,6.4294,185.0,20409.0,2931.5078
1585,6.4466,11.8162,1.5588,6.0456,183.0,22082.0,2931.5078
1586,6.0555,11.3336,1.5854,6.0714,188.0,19634.0,2931.5078
1587,6.091,11.2021,1.5888,40.557,184.0,13536.0,2931.5078
1588,40.6503,11.3866,2.1097,12.0166,183.0,13428.0,2931.5078
1589,11.8835,11.6332,1.6412,6.562,187.0,12434.0,2931.5078
1590,6.6281,11.6332,1.694,6.2829,189.0,13841.0,2931.5078
1591,6.2818,11.7045,1.656,6.3576,187.0,13528.0,2931.5078
1592,6.319,11.7045,1.5314,6.2523,185.0,13904.0,2931.5078
1593,6.26,11.3391,1.6585,6.8378,190.0,15354.0,2931.5078
1594,6.8504,11.1392,1.7988,39.8302,185.0,11600.0,2931.5078
1595,39.871,11.1392,2.1941,5.2656,183.0,12230.0,2931.5078
1596,5.3003,11.9747,1.6376,6.5677,184.0,13972.0,2931.5078
1597,6.5253,11.6411,1.775,24.3812,183.0,11756.0,2931.5078
1598,24.4115,11.2115,1.8909,6.0169,183.0,13358.0,2931.5078
1599,5.9681,11.2115,1.7084,5.878,184.0,11888.0,2931.5078
1600,5.8771,11.3948,1.9812,23.387,183.0,15428.0,2931.5078
1601,23.4204,11.2372,2.0264,7.0963,184.0,17454.0,2931.5078
1602,7.0544,11.2372,1.9795,6.2213,183.0,16594.0,2931.5078
1603,6.2066,12.2108,1.8236,6.0133,183.0,22560.0,2931.5078
1604,6.0256,12.2108,1.5607,6.3541,186.0,26994.0,2931.5078
1605,6.3498,11.7461,1.6899,6.2052,189.0,18008.0,2931.5078
1606,6.2768,11.6015,1.8212,40.4848,188.0,38922.0,2931.5078
1607,40.4922,11.5174,1.957,6.748,187.0,14274.0,2931.5078
1608,6.6778,11.5174,1.7173,5.625,186.0,27510.0,2931.7578
1609,5.629,11.9024,1.4287,23.8417,185.0,22064.0,2931.7578
1610,23.9015,11.957,2.3719,6.3945,169.0,47422.0,2931.7578
1611,6.3028,11.957,1.8023,5.6571,159.0,11086.0,2931.7578
1612,5.7265,11.9714,1.6724,6.8915,166.0,11042.0,2931.7578
1613,6.8827,11.9714,1.8037,6.0534,176.0,12570.0,2931.7578
1614,6.0458,11.2659,1.5823,6.0773,176.0,14258.0,2931.7578
1615,6.1247,11.2659,1.7196,6.6715,179.0,12702.0,2931.7578
1616,6.6321,11.1064,1.9707,48.1227,183.0,12526.0,2931.7578
1617,48.1139,11.6453,1.9874,6.1682,183.0,20086.0,2931.7578
1618,6.1279,11.6453,1.5892,6.1231,183.0,13762.0,2931.7578
1619,6.133,12.0549,1.7526,7.0268,185.0,14702.0,2931.7578
1620,7.0594,11.4134,1.6864,29.2227,183.0,19622.0,2931.7578
1621,29.2878,11.9437,2.1553,6.9112,190.0,17427.0,2931.7578
1622,6.8111,11.9437,1.6646,6.3023,190.0,16601.0,2931.7578
1623,6.4017,11.2406,1.9917,23.0441,189.0,22418.0,2931.7578
1624,23.0467,11.7152,1.8791,6.9693,185.0,35891.0,2931.7578
1625,6.9157,11.7152,1.8595,6.0047,185.0,12704.0,2931.7578
1626,5.953,11.9433,1.6505,6.0575,185.0,15160.0,2931.7578
1627,6.0763,11.9433,1.7917,6.0973,183.0,16004.0,2931.7578
1628,6.0775,11.6368,1.3257,6.8867,183.0,13910.0,2931.7578
1629,6.9406,11.6368,1.7513,6.3935,189.0,23030.0,2931.7578
1630,6.3651,11.4507,1.7008,6.7611,186.0,20909.0,2931.7578
1631,6.88,11.4507,1.8798,6.6358,183.0,16098.0,2931.7578
1632,6.5589,12.3602,1.6845,7.4866,183.0,16878.0,2931.7578
1633,7.4775,12.3602,1.8335,6.7989,184.0,17536.0,2931.7578
1634,6.8144,12.0598,1.6576,6.4346,186.0,26069.0,2931.7578
1635,6.3641,11.8229,1.4368,8.8397,185.0,18700.0,2931.7578
1636,8.9038,11.8229,1.4137,6.2642,187.0,22911.0,2931.7578
1637,6.5437,11.4403,2.8278,8.2429,189.0,15978.0,2931.7578
1638,7.9921,11.4403,1.749,6.6641,189.0,14288.0,2940.8828
1639,6.5915,12.163,1.5496,9.2242,189.0,25862.0,0.0
1640,9.2583,12.0918,1.7766,8.7709,186.0,14390.0,2941.0078
1641,8.7838,12.0918,1.6749,7.8403,188.0,25823.0,2941.0078
1642,8.1046,11.7163,3.4328,7.9635,188.0,20311.0,2941.0078
1643,7.6401,11.6101,1.5328,108.4417,185.0,18905.0,2941.0078
1644,108.5976,12.1719,2.354,6.987,185.0,17125.0,2941.0078
1645,6.8408,12.1719,1.9407,5.7301,188.0,27432.0,2941.0078
1646,5.7706,11.1512,1.6537,23.4323,177.0,14388.0,2941.0078
1647,23.5161,11.1512,1.92,6.0588,183.0,13060.0,2941.0078
1648,5.9227,11.9137,1.5446,6.6431,183.0,13428.0,2941.0078
1649,6.7373,11.8711,1.9,6.9483,183.0,12430.0,2941.0078
1650,6.913,11.8711,1.6154,5.8171,185.0,14301.0,2941.0078
1651,5.8097,11.3047,2.0284,6.0662,183.0,13524.0,2941.0078
1652,6.0665,11.3047,1.4339,5.7941,184.0,13450.0,2941.0078
1653,5.7606,11.1541,1.6074,48.3748,192.0,15356.0,2941.0078
1654,48.4541,11.8009,2.6591,11.4309,187.0,11760.0,2941.0078
1655,11.3929,11.6302,1.7326,6.3002,187.0,13750.0,2941.0078
1656,6.4014,11.6302,1.7566,5.2999,187.0,12470.0,2941.0078
1657,5.1679,11.2705,1.4538,25.5369,185.0,12134.0,2941.0078
1658,25.5901,11.8941,1.7936,6.6915,185.0,13104.0,2941.0078
1659,6.692,11.8941,1.6952,5.9061,183.0,12286.0,2941.0078
1660,5.9378,11.7571,1.4771,6.4779,183.0,15274.0,2941.0078
1661,6.3707,11.7571,1.5871,7.3989,184.0,17232.0,2941.0078
1662,7.4908,11.4504,2.072,7.3534,183.0,16282.0,2941.0078
1663,7.3891,11.4504,2.0377,6.3159,183.0,24234.0,2941.0078
1664,6.2044,11.9519,1.3793,6.287,186.0,26484.0,2941.0078
1665,6.3396,11.9519,2.474,6.5419,184.0,16828.0,2941.0078
1666,6.542,11.916,1.5178,5.8011,184.0,39382.0,2941.0078
1667,5.7498,11.916,1.4035,6.398,183.0,13806.0,2941.0078
1668,6.3978,11.748,1.6159,6.2082,184.0,27508.0,2941.0078
1669,6.1914,11.3612,1.6507,72.6044,187.0,27456.0,2941.0078
1670,72.6825,11.6197,1.8924,6.0132,170.0,41926.0,2941.0078
1671,6.2407,11.2509,1.9998,17.0957,170.0,11462.0,2941.0078
1672,16.87,11.7793,1.6955,11.8206,171.0,11688.0,2941.0078
1673,11.851,11.7793,1.797,5.9203,182.0,14500.0,2941.0078
1674,5.8745,11.718,1.5674,5.8198,179.0,13048.0,2941.0078
1675,5.7759,11.156,1.533,24.8465,174.0,12450.0,2941.0078
1676,24.9288,11.156,1.7408,5.3098,184.0,19634.0,2941.0078
1677,5.3042,11.483,1.5771,18.1406,183.0,13298.0,2941.0078
1678,18.1335,11.2471,1.7548,6.2299,183.0,12526.0,2941.0078
1679,6.3315,11.2471,2.2703,6.562,184.0,22714.0,2941.0078
1680,6.4649,11.619,1.568,23.1412,184.0,12512.0,2941.0078
1681,23.183,11.4198,1.685,6.4396,186.0,16829.0,2941.0078
1682,6.349,11.2879,1.4678,17.6443,185.0,16645.0,2941.0078
1683,17.6601,11.2879,1.8518,5.6437,185.0,35298.0,2941.0078
1684,5.6462,11.6782,1.5146,5.7814,183.0,22637.0,2941.0078
1685,5.7955,11.6782,1.3745,6.0386,187.0,13442.0,2941.0078
1686,6.0284,11.9349,1.452,5.3048,187.0,16272.0,2941.0078
1687,5.3416,11.9349,1.4994,5.9806,188.0,15986.0,2941.0078
1688,5.9239,11.5973,1.2431,43.2419,186.0,12612.0,2941.0078
1689,43.3089,11.1925,1.7311,11.8949,194.0,25003.0,2941.0078
1690,12.0567,11.403,1.9717,11.233,187.0,18956.0,2941.0078
1691,11.0316,11.6315,1.8806,12.1803,183.0,16098.0,2941.0078
1692,12.1755,11.1753,1.7248,7.1599,184.0,18860.0,2941.0078
1693,7.1534,11.1753,1.5114,6.3472,183.0,18254.0,2941.0078
1694,6.3681,11.696,1.7226,5.9271,187.0,23071.0,2941.0078
1695,5.9962,11.696,1.7371,6.9532,185.0,20384.0,2941.0078
1696,6.8996,11.8009,1.7887,6.0629,187.0,21571.0,2941.0078
1697,5.9925,11.8009,1.2167,5.483,185.0,16566.0,2941.0078
1698,5.5621,11.4651,1.5138,46.8473,185.0,16938.0,2941.0078
1699,46.818,11.3452,2.078,7.0043,185.0,22550.0,2941.0078
1700,6.9504,11.3452,1.5784,5.9826,188.0,19041.0,2941.0078
1701,5.9982,11.3884,1.5991,22.2722,187.0,20720.0,2941.0078
1702,22.2852,11.3884,1.5804,5.5736,190.0,22001.0,2941.0078
1703,5.603,11.3046,1.6116,18.4874,191.0,19305.0,2941.0078
1704,18.4753,11.6949,1.6173,12.1945,191.0,22001.0,2941.0078
1705,12.2678,11.5686,1.6711,6.9308,186.0,21962.0,2941.0078
1706,6.8935,11.2165,1.5639,17.1417,177.0,13224.0,2941.0078
1707,17.1486,11.6637,1.7379,11.841,183.0,13594.0,2941.0078
1708,11.8418,11.8693,1.6977,6.6696,183.0,12430.0,2941.0078
1709,6.7073,11.8693,1.5161,5.7344,185.0,15133.0,2941.0078
1710,5.6259,11.5953,1.1343,6.3045,183.0,12062.0,2941.0078
1711,6.3538,11.5953,1.6057,6.0834,183.0,14436.0,2941.0078
1712,6.0021,11.3428,1.4885,5.5262,183.0,12062.0,2941.0078
1713,5.603,11.3428,1.531,6.1339,187.0,15340.0,2941.0078
1714,6.1893,11.546,1.6167,5.9198,183.0,13588.0,2941.0078
1715,5.8766,11.546,1.5103,5.809,183.0,12072.0,2941.0078
1716,5.7355,11.9278,1.4041,6.4267,184.0,12832.0,2941.0078
1717,6.4594,11.1172,1.3233,65.1677,187.0,11880.0,2941.0078
1718,65.2336,11.6873,1.8751,6.0575,187.0,12828.0,2941.0078
1719,6.0391,11.6873,1.5296,6.3678,187.0,13136.0,2941.0078
1720,6.3028,11.9311,1.3126,6.091,185.0,14742.0,2941.0078
1721,6.0755,11.9311,1.4969,6.6732,186.0,17890.0,2941.0078
1722,6.7322,11.5566,1.5172,7.2148,185.0,17234.0,2941.0078
1723,7.2274,11.5566,1.7326,5.8425,183.0,23480.0,2941.0078
1724,5.7665,11.2512,1.2838,6.7767,186.0,26082.0,2941.0078
1725,6.8018,11.2512,1.5304,5.666,184.0,18218.0,2941.0078
1726,5.7384,11.6371,1.6157,6.7574,184.0,37230.0,2941.0078
1727,6.6918,11.6371,1.5153,5.7723,183.0,14174.0,2941.0078
1728,5.7734,11.6499,1.3866,5.5917,184.0,32530.0,2941.0078
1729,5.5739,11.318,1.3759,74.1719,174.0,21426.0,2941.0078
1730,74.2841,11.4543,1.9492,11.5026,177.0,43558.0,2941.0078
1731,11.4817,11.1763,1.816,6.3445,167.0,11566.0,2941.0078
1732,6.413,11.1763,1.7625,6.1686,170.0,12970.0,2941.0078
1733,6.1165,11.6558,1.84,5.8848,184.0,13278.0,2941.0078
1734,5.822,11.6558,1.568,6.0757,181.0,12586.0,2941.0078
1735,6.0693,11.1645,1.6057,35.4446,181.0,20194.0,2941.0078
1736,35.5152,11.7497,1.9426,6.8838,186.0,12848.0,2941.0078
1737,6.8891,11.7966,1.605,17.156,186.0,12540.0,2941.0078
1738,17.1853,11.1332,1.9888,11.9029,185.0,20552.0,2941.0078
1739,11.8556,11.1332,1.8719,5.6557,184.0,15128.0,2941.0078
1740,5.6405,11.8855,1.4125,7.1091,185.0,13777.0,2941.0078
1741,7.0756,11.6596,1.6135,5.923,183.0,15006.0,2941.0078
1742,5.9104,11.6596,1.3348,6.2004,185.0,29653.0,2941.0078
1743,6.1898,11.4487,1.5212,6.7268,187.0,27343.0,2941.0078
1744,6.7666,11.4062,1.6474,40.5556,183.0,18344.0,2941.0078
1745,40.59,11.1784,1.839,7.5745,183.0,15034.0,2941.0078
1746,7.6558,11.1784,1.6524,5.7208,183.0,16128.0,2941.0078
1747,5.6083,11.4517,1.6971,6.678,185.0,13934.0,2941.0078
1748,6.7354,11.4466,1.6265,26.9132,187.0,16717.0,2941.0078
1749,26.881,11.5019,1.7769,11.5296,193.0,21722.0,2941.0078
1750,11.5384,11.455,1.736,12.4862,189.0,18590.0,2941.0078
1751,12.5352,11.4501,2.0758,12.2654,187.0,18706.0,2941.0078
1752,12.2458,11.287,1.8498,6.2871,186.0,15302.0,2941.0078
1753,6.2407,11.287,1.8209,5.9761,186.0,18512.0,2941.0078
1754,5.9511,11.4699,1.4199,23.2881,190.0,24339.0,2941.0078
1755,23.3269,11.6705,1.8671,6.5605,185.0,19412.0,2941.0078
1756,6.6305,11.6705,1.7339,6.4607,186.0,23555.0,2941.0078
1757,6.341,11.3552,1.5697,5.7691,184.0,18172.0,2941.0078
1758,5.8184,11.3552,1.5397,5.8456,183.0,13224.0,2941.0078
1759,5.8256,11.6061,1.5559,6.5705,187.0,27173.0,2941.0078
1760,6.6467,11.6061,1.8118,5.9079,185.0,15408.0,2941.0078
1761,5.8639,11.354,1.6158,47.2172,185.0,20991.0,2941.0078
1762,47.2971,11.4292,2.308,7.4778,183.0,21710.0,2941.0078
1763,7.4714,11.4292,2.0208,6.5069,190.0,24627.0,2941.0078
1764,6.4294,11.3818,2.0288,21.3482,185.0,16991.0,2941.0078
1765,21.4597,11.4898,2.2556,7.0364,187.0,22178.0,2941.0078
1766,6.9348,11.4898,1.9038,6.2395,187.0,12600.0,2941.0078
1767,6.1967,11.5298,1.6242,7.0751,187.0,13432.0,2941.0078
1768,7.0979,11.5298,1.8405,6.4954,188.0,14315.0,2941.0078
1769,6.5427,11.4235,1.8967,33.5693,185.0,12896.0,2941.0078
1770,33.5875,11.2568,2.522,6.9225,185.0,13904.0,2941.0078
1771,6.9119,11.2568,1.8697,6.1312,183.0,12132.0,2941.0078
1772,6.1071,11.6356,1.6192,7.5144,183.0,12062.0,2941.0078
1773,7.4937,11.6356,1.7701,6.6736,187.0,17172.0,2941.0078
1774,6.6884,11.4411,1.7022,6.2275,183.0,12230.0,2941.0078
1775,6.1928,11.4411,1.3033,5.8436,183.0,12132.0,2941.0078
1776,5.8268,11.2519,1.1935,6.5598,184.0,12576.0,2941.1328
1777,6.56,11.3245,1.783,49.8395,183.0,11598.0,2941.1328
1778,49.9118,11.3591,2.2041,6.4273,184.0,14370.0,2941.1328
1779,6.4142,11.5744,2.007,16.857,183.0,11910.0,2941.1328
1780,16.8593,11.2352,2.0017,6.9627,185.0,19072.0,2941.1328
1781,6.9367,11.5162,1.8071,17.8028,187.0,16820.0,2941.1328
1782,17.9099,11.4997,2.028,6.3383,187.0,25558.0,2941.1328
1783,6.2352,11.4997,1.808,6.0286,189.0,22204.0,2941.1328
1784,6.0408,12.1532,1.8052,7.724,187.0,17646.0,2941.1328
1785,7.7519,11.7121,2.12,28.0928,187.0,35578.0,2941.1328
1786,28.0617,11.6532,1.9353,11.3742,186.0,18636.0,2941.1328
1787,11.4215,11.4197,1.751,6.0187,184.0,24064.0,2941.1328
1788,5.9802,11.2104,1.4706,17.5959,183.0,32202.0,2941.1328
1789,17.6051,11.2104,1.539,5.626,184.0,43930.0,2941.1328
1790,5.661,11.8035,1.5309,18.672,182.0,14618.0,2941.1328
1791,18.6786,11.2443,1.943,6.2788,166.0,12434.0,2941.1328
1792,6.1886,11.2443,1.8576,6.2536,183.0,12526.0,2941.1328
1793,6.2979,11.5509,1.8727,5.7687,173.0,19438.0,2941.1328
1794,5.7721,11.6311,1.5393,29.6919,180.0,13582.0,2941.1328
1795,29.6866,11.2706,1.8783,6.9343,183.0,12062.0,2941.1328
1796,6.9478,11.2706,2.0594,6.6685,183.0,20550.0,2941.1328
1797,6.6666,11.4713,1.9671,6.184,189.0,12528.0,2941.1328
1798,6.1594,11.2093,1.6605,28.2369,189.0,16861.0,2941.1328
1799,28.4718,11.511,2.8516,7.0047,187.0,11970.0,2941.1328
1800,6.7892,11.511,2.0117,6.1218,187.0,27304.0,2941.1328
1801,6.1666,11.6474,1.8924,22.899,188.0,22056.0,2941.1328
1802,22.906,11.2867,2.0672,12.3829,187.0,27934.0,2941.1328
1803,12.4182,11.7388,1.8931,7.6492,184.0,13818.0,2941.1328
1804,7.5655,11.6665,1.6593,16.1159,183.0,14178.0,2941.1328
1805,16.1202,11.4739,2.0433,7.1406,183.0,17692.0,2941.1328
1806,7.1819,11.4739,2.1673,6.7272,186.0,14973.0,2941.1328
1807,6.7304,11.7002,2.2038,23.1007,185.0,15966.0,2941.1328
1808,23.0915,11.612,2.5127,7.2776,188.0,20454.0,2941.1328
1809,7.2615,11.2938,2.2265,17.547,184.0,20906.0,2941.1328
1810,17.5956,11.8045,2.0977,7.1854,184.0,19212.0,2941.1328
1811,7.1814,11.8045,2.1383,7.692,184.0,13790.0,2941.1328
1812,7.6324,11.7421,2.0744,20.6161,185.0,21216.0,2941.1328
1813,20.6131,11.2086,2.5745,7.2675,193.0,20741.0,2941.1328
1814,7.3131,11.7492,2.2291,17.1319,188.0,20200.0,2941.1328
1815,17.1246,11.5478,2.3316,7.3344,190.0,25273.0,2941.1328
1816,7.3355,11.5478,2.6244,6.5072,187.0,15404.0,2941.1328
1817,6.541,11.9332,1.8443,7.612,190.0,15945.0,2941.1328
1818,7.5444,11.9332,1.7533,6.1803,186.0,25230.0,2941.1328
1819,6.2325,11.2725,1.5963,6.7772,186.0,15671.0,2941.1328
1820,6.7414,11.2725,1.6671,6.3168,183.0,27544.0,2941.1328
1821,6.279,12.1982,1.3968,6.1752,188.0,22384.0,2941.1328
1822,6.2031,11.7486,1.5145,50.3112,185.0,16991.0,2941.1328
1823,50.4065,11.8368,2.1618,6.6935,185.0,17125.0,2941.1328
1824,6.5932,11.8368,1.5112,6.8337,184.0,21124.0,2941.1328
1825,6.8027,11.7781,1.5552,22.2756,183.0,13060.0,2941.1328
1826,22.3725,11.7526,2.0401,7.9614,185.0,14765.0,2941.1328
1827,7.8941,11.7526,2.2715,7.4327,183.0,12894.0,2941.1328
1828,7.4788,11.0493,2.1537,7.4501,183.0,13342.0,2941.1328
1829,7.4123,11.0493,2.3242,5.9582,187.0,12530.0,2941.1328
1830,5.9528,12.1322,1.6354,6.5256,187.0,12136.0,2941.1328
1831,6.517,12.1322,1.8166,5.8837,187.0,13898.0,2941.1328
1832,5.9222,11.7919,1.8208,6.2323,190.0,15670.0,2941.1328
1833,6.2245,11.6644,1.5351,48.0295,185.0,12450.0,2941.1328
1834,48.0907,10.8759,1.985,6.9237,186.0,12578.0,2941.1328
1835,6.8383,11.337,1.8206,16.6166,183.0,11598.0,2941.1328
1836,16.6354,11.5112,1.8782,6.0052,183.0,13136.0,2941.1328
1837,6.0009,11.5112,1.6912,4.9996,184.0,12988.0,2941.1328
1838,5.0956,10.8064,1.4256,24.6011,184.0,16386.0,2941.1328
1839,24.5244,10.8064,1.8373,5.8158,184.0,18740.0,2941.1328
1840,5.8473,11.5872,1.8431,17.7222,183.0,16904.0,2941.1328
1841,17.6861,11.2194,1.9738,6.3822,183.0,21928.0,2941.1328
1842,6.3744,11.2194,1.7617,6.3177,187.0,27484.0,2941.1328
1843,6.276,11.3531,1.5735,23.047,184.0,16066.0,2941.1328
1844,23.0862,11.3551,1.9867,7.3537,183.0,32164.0,2941.1328
1845,7.3864,11.3551,2.0724,7.1268,200.0,28912.0,2941.1328
1846,7.1683,10.9728,2.2129,8.1022,188.0,25598.0,2941.1328
1847,8.0539,11.7916,2.0295,25.0601,188.0,31458.0,2941.1328
1848,25.1236,11.5798,2.0324,12.9786,185.0,32992.0,2941.1328
1849,12.9188,11.7916,2.1805,5.9055,178.0,15652.0,2941.1328
1850,5.947,11.7916,1.6104,6.2648,173.0,11344.0,2941.1328
1851,6.2126,12.2528,1.8172,6.7671,185.0,20574.0,2941.1328
1852,6.738,11.216,1.6081,30.1784,171.0,12114.0,2941.1328
1853,30.2174,12.0137,2.0357,6.6013,184.0,13002.0,2941.1328
1854,6.6388,12.1795,1.7061,17.8209,183.0,20086.0,2941.1328
1855,17.796,11.7359,1.8957,7.4961,184.0,12512.0,2941.1328
1856,7.4389,11.7359,1.915,5.8059,186.0,14253.0,2941.1328
1857,5.8691,11.9501,1.7491,23.8904,183.0,15046.0,2941.1328
1858,23.8659,11.9479,1.9584,6.5189,183.0,24702.0,2941.1328
1859,6.5247,11.9479,1.5403,6.5231,185.0,19275.0,2941.1328
1860,6.4698,11.4582,1.521,23.3823,185.0,23487.0,2941.1328
1861,23.484,11.707,2.225,6.2754,189.0,22566.0,2941.1328
1862,6.2161,11.707,1.7928,6.4621,188.0,15050.0,2941.1328
1863,6.4707,11.7401,2.0497,23.7464,187.0,16256.0,2941.1328
1864,23.746,11.543,1.9714,6.922,187.0,16651.0,2941.1328
1865,6.88,11.543,1.5997,6.9718,186.0,14336.0,2941.1328
1866,7.0935,11.926,2.0666,6.5695,189.0,17100.0,2941.1328
1867,6.4975,11.2669,1.8877,28.6393,187.0,20682.0,2941.1328
1868,28.6419,11.6925,2.0362,11.3139,185.0,20584.0,2941.1328
1869,11.3361,11.7523,2.0094,7.7137,183.0,15510.0,2941.1328
1870,7.7216,11.7523,2.2263,6.4938,184.0,17754.0,2941.1328
1871,6.4406,11.7944,1.7617,11.0583,185.0,19866.0,2941.1328
1872,11.2402,12.0945,3.4057,12.2553,187.0,23493.0,2941.1328
1873,12.2315,12.4036,3.0876,9.4416,184.0,19406.0,2941.1328
1874,9.3822,11.768,3.1698,33.5082,188.0,21181.0,2941.1328
1875,33.6644,11.6117,4.4544,10.5651,187.0,18501.0,2941.1328
1876,10.3906,11.6819,2.7715,8.7791,184.0,15732.0,2941.1328
1877,8.8386,11.9564,2.8498,8.1839,191.0,23711.0,2941.1328
1878,8.1413,11.8686,2.4288,20.6445,188.0,28848.0,2941.1328
1879,20.6226,11.8304,2.4585,7.824,192.0,19914.0,2941.1328
1880,7.78,11.8305,1.7677,15.1852,192.0,21702.0,2941.1328
1881,15.1619,11.6113,1.6693,6.741,187.0,13935.0,2941.1328
1882,6.7185,11.6113,1.8097,6.7153,186.0,17089.0,2941.1328
1883,6.8098,11.2746,2.2031,22.632,184.0,21054.0,2941.1328
1884,22.5938,11.6359,1.7058,11.8374,184.0,13536.0,2941.1328
1885,11.8258,11.7347,1.7524,12.2936,185.0,14301.0,2941.1328
1886,12.3767,11.7347,2.3448,5.9756,184.0,13818.0,2941.1328
1887,5.9419,11.2985,1.7829,18.3446,183.0,12430.0,2941.1328
1888,18.3025,11.2985,1.6841,5.7407,183.0,12062.0,2941.1328
1889,5.7599,11.9076,1.888,6.8946,183.0,13964.0,2941.1328
1890,6.8959,11.5823,1.2614,6.6668,183.0,12378.0,2941.1328
1891,6.6385,11.5823,1.9531,5.4802,187.0,15874.0,2941.1328
1892,5.4229,11.5823,1.6666,5.6501,183.0,12192.0,2941.1328
1893,5.6778,11.7129,1.8498,6.298,187.0,12290.0,2941.1328
1894,6.3074,11.5112,1.44,5.769,188.0,12460.0,2941.1328
1895,5.7957,11.676,1.2921,54.3345,187.0,12294.0,2941.1328
1896,54.3971,11.9487,2.1932,6.6846,185.0,14262.0,2941.1328
1897,6.6641,11.9487,2.1625,6.2038,187.0,18220.0,2941.1328
1898,6.2264,11.2029,1.5124,23.9474,185.0,18496.0,2941.1328
1899,23.9413,12.0023,1.9035,6.6849,183.0,23560.0,2941.1328
1900,6.6414,12.0023,1.5881,6.0337,185.0,20166.0,2941.1328
1901,6.0411,11.4642,1.51,23.129,185.0,20148.0,2941.1328
1902,23.1657,11.3062,1.7517,7.9126,184.0,25920.0,2941.1328
1903,7.8242,11.3062,1.4407,6.8299,183.0,27272.0,2941.1328
1904,7.0094,12.0222,2.0421,11.9131,184.0,24644.0,2941.1328
1905,12.0607,11.8612,3.5538,9.7948,183.0,29336.0,2941.1328
1906,9.6549,12.1213,3.1727,33.7686,183.0,30978.0,2941.1328
1907,33.7477,12.1213,2.766,7.5968,183.0,29150.0,2941.1328
1908,7.5198,11.5499,2.2558,7.5262,179.0,14438.0,2941.1328
1909,7.7248,11.5499,3.152,8.7019,184.0,20374.0,2941.1328
1910,8.5509,11.7951,2.472,12.0531,188.0,13314.0,2941.1328
1911,12.2041,11.8157,2.7636,21.5389,174.0,11750.0,2941.1328
1912,21.3927,11.6021,2.8101,7.4985,185.0,13932.0,2941.1328
1913,7.3911,11.6021,2.0615,7.7069,186.0,18670.0,2941.1328
1914,7.8142,11.5554,1.9141,7.5683,187.0,14243.0,2941.1328
1915,7.5074,11.5199,2.3417,6.8192,183.0,12430.0,2941.1328
1916,6.8731,11.5199,1.5945,7.0245,183.0,27318.0,2941.1328
1917,6.9632,11.9941,2.022,8.0201,184.0,17771.0,2941.1328
1918,8.012,11.9322,2.0731,39.2092,183.0,19980.0,2941.1328
1919,39.3025,11.9839,2.2725,6.9906,191.0,21261.0,2941.1328
1920,6.8835,11.9839,1.9674,5.8538,185.0,23298.0,2941.1328
1921,5.8614,11.6797,1.8754,6.3998,185.0,13624.0,2941.1328
1922,6.501,11.6644,1.8769,29.2721,183.0,18526.0,2941.1328
1923,29.3021,11.5424,1.8827,6.8238,187.0,15857.0,2941.1328
1924,6.6612,11.4649,1.5799,17.0044,184.0,14458.0,2941.1328
1925,17.1938,11.561,1.997,6.6741,189.0,18746.0,2941.1328
1926,6.5319,11.561,2.1878,6.304,190.0,21124.0,2941.1328
1927,6.2575,11.7362,1.6605,5.9915,189.0,16434.0,2941.1328
1928,6.0321,11.2561,1.6159,28.7744,186.0,20550.0,2941.1328
1929,28.792,11.518,1.9008,6.2424,187.0,15486.0,2941.1328
1930,6.3081,11.518,1.8558,6.7098,185.0,19158.0,2941.1328
1931,6.6571,12.0231,1.7406,7.5884,187.0,25671.0,2941.1328
1932,7.6166,12.0231,1.7679,6.2153,184.0,15232.0,2941.1328
1933,6.1962,11.8443,1.439,5.9512,189.0,24970.0,2941.1328
1934,5.8955,11.8443,1.6276,6.9188,186.0,16338.0,2941.1328
1935,6.9292,11.4327,2.0327,45.8739,187.0,15927.0,2941.1328
1936,45.9263,11.69,1.9825,11.6751,185.0,28664.0,2941.1328
1937,11.7139,11.9503,2.0851,12.6768,188.0,29948.0,2941.1328
1938,12.6355,11.9091,1.9781,8.3322,183.0,14652.0,2941.1328
1939,8.3138,11.9091,2.0852,6.151,183.0,19058.0,2941.1328
1940,6.153,11.2417,1.6968,7.4101,185.0,14003.0,2941.1328
1941,7.4341,11.2417,2.0809,6.1936,178.0,16005.0,2941.1328
1942,6.1192,11.7288,2.7038,6.1947,187.0,21046.0,2941.1328
1943,6.1918,11.7288,2.0192,6.762,188.0,13908.0,2941.1328
1944,6.8172,11.4676,2.1225,43.2404,187.0,13935.0,2941.1328
1945,43.2593,11.739,2.2534,7.6131,186.0,14284.0,2941.1328
1946,7.612,11.2654,2.2905,16.6062,186.0,11980.0,2941.1328
1947,16.581,11.5255,2.392,11.938,183.0,12062.0,2941.1328
1948,11.9089,11.9882,1.9464,6.5105,183.0,13964.0,2941.1328
1949,6.4747,11.9882,1.4846,6.3708,183.0,12378.0,2941.1328
1950,6.4199,12.0116,1.8832,7.224,188.0,15886.0,2941.1328
1951,7.241,11.5559,1.6894,28.443,183.0,12192.0,2941.1328
1952,28.5133,11.7059,1.9198,6.2631,183.0,12286.0,2941.1328
1953,6.132,11.7059,1.6631,6.3941,185.0,12468.0,2941.1328
1954,6.4017,11.4544,1.8191,23.7724,183.0,12448.0,2941.1328
1955,23.8682,11.7732,1.9643,7.1473,183.0,14636.0,2941.1328
1956,7.1075,11.7732,2.047,6.1845,184.0,18434.0,2941.1328
1957,6.2017,12.4575,1.8184,7.3193,188.0,18510.0,2941.1328
1958,7.335,11.6638,1.7161,28.1683,188.0,22814.0,2941.1328
1959,28.1456,11.5976,2.2309,11.0832,188.0,20158.0,2941.1328
1960,11.1027,11.7205,1.8842,7.6017,187.0,20308.0,2941.1328
1961,7.704,11.7205,2.17,7.2205,186.0,25922.0,2941.1328
1962,7.1416,11.3911,2.0516,7.1033,185.0,27116.0,2941.1328
1963,7.097,11.3911,2.0214,6.9145,184.0,24644.0,2941.1328
1964,6.8506,11.9481,1.6879,6.111,183.0,35128.0,2941.1328
1965,6.1305,11.9481,1.6688,7.1056,183.0,30514.0,2941.1328
1966,7.0683,11.7433,2.0028,6.0552,183.0,24382.0,2941.1328
1967,6.1043,11.7433,1.6937,6.2343,183.0,21298.0,2941.1328
1968,6.257,11.4826,1.3663,6.3499,183.0,14394.0,2941.1328
1969,6.282,11.4826,1.3954,5.4449,183.0,12834.0,2941.1328
1970,5.472,11.3699,1.4141,6.8431,179.0,13642.0,2941.1328
1971,6.877,11.6269,1.7322,72.3632,182.0,12392.0,2941.1328
1972,72.3824,11.2031,2.0158,6.1556,185.0,20397.0,2941.1328
1973,6.0853,11.2031,1.5399,6.0971,187.0,12434.0,2941.1328
1974,6.0897,11.8587,1.4981,5.6736,187.0,24678.0,2941.1328
1975,5.7375,11.8587,1.6087,5.8195,187.0,19671.0,2941.1328
1976,5.7327,11.5817,1.3474,6.4762,185.0,16821.0,2941.1328
1977,6.5206,11.5817,1.8008,5.8046,185.0,17065.0,2941.1328
1978,5.7737,11.4009,1.7089,6.8341,187.0,21367.0,2941.1328
1979,6.8918,11.4009,1.8046,6.3968,185.0,22098.0,2941.1328
1980,6.3833,11.8574,2.2675,6.8754,183.0,14100.0,2941.1328
1981,6.8916,11.8574,1.846,7.4825,195.0,33819.0,2941.1328
1982,7.5049,11.8418,1.8934,70.1525,172.0,25535.0,2941.1328
1983,70.1817,12.0504,1.9795,11.8988,172.0,28228.0,2941.1328
1984,11.8335,11.9669,1.751,11.9815,173.0,26378.0,2941.1328
1985,11.9705,11.5016,1.5393,12.3833,172.0,27896.0,2941.1328
1986,12.433,12.0585,1.7652,12.7691,173.0,29586.0,2941.1328
1987,12.7102,11.2661,1.6954,11.5101,171.0,26832.0,2941.1328
1988,11.5535,12.0301,1.7305,12.6492,174.0,28392.0,2941.1328
1989,12.7386,11.9618,2.1705,13.0606,177.0,34051.0,2941.1328
1990,12.986,11.6319,2.0264,11.8149,177.0,27248.0,2941.1328
1991,11.8279,11.5903,1.7226,12.5308,182.0,34344.0,2941.1328
1992,12.4631,11.7839,1.4537,11.6497,174.0,25794.0,2941.1328
1993,11.6064,11.5203,1.5098,12.3846,177.0,24069.0,2941.1328
1994,12.4467,11.2955,1.7002,11.8307,176.0,38846.0,2941.1328
1995,11.7868,11.7473,1.7979,12.0657,172.0,31604.0,2941.1328
1996,12.1453,11.5379,1.827,12.1125,171.0,23940.0,2941.1328
1997,12.0759,11.6973,1.5297,12.1341,167.0,22142.0,2941.1328
1998,12.1351,11.338,1.4712,12.4433,167.0,24586.0,2941.1328
1999,12.4671,11.7553,1.5576,11.8383,170.0,29992.0,2941.1328
2000,11.8668,11.5349,1.8594,11.5795,171.0,22786.0,2941.1328
2001,11.5445,11.3135,1.6635,12.2945,173.0,24123.0,2941.1328
2002,12.3039,11.5714,1.7877,12.1911,171.0,23532.0,2941.1328
2003,12.1346,11.9344,1.4751,12.7751,170.0,21680.0,2941.1328
2004,12.7985,11.5018,1.3631,11.6948,171.0,23474.0,2941.1328
2005,11.868,11.2621,1.7779,12.1932,174.0,22008.0,2941.1328
2006,12.0799,11.5933,1.4736,11.9922,176.0,22654.0,2941.1328
2007,11.979,11.7619,1.6509,11.8609,178.0,25058.0,2941.1328
2008,11.8681,11.3392,1.9866,12.3424,172.0,21908.0,2941.1328
2009,12.344,11.341,1.6366,11.834,172.0,22002.0,2941.1328
2010,11.8421,11.8041,1.7487,12.2435,172.0,22160.0,2941.1328
2011,12.2784,11.9651,2.0409,12.2416,172.0,22720.0,2941.1328
2012,12.1793,11.2773,1.983,13.2066,170.0,26252.0,2941.1328
2013,13.2688,11.7082,1.7046,12.1064,173.0,27032.0,2941.1328
2014,12.0827,11.7803,1.7799,11.5376,171.0,26924.0,2941.1328
2015,11.4712,11.7117,1.7618,13.4486,172.0,32536.0,2941.1328
2016,13.4511,11.2792,2.5872,11.4115,171.0,29868.0,2941.1328
2017,11.3921,11.5783,1.6593,12.2455,172.0,30178.0,2941.1328
2018,12.3249,11.8871,1.8519,11.1815,173.0,35500.0,2941.1328
2019,11.1226,11.6871,1.5544,12.2649,170.0,36828.0,2941.1328
2020,12.3096,11.268,1.5355,12.2121,171.0,34358.0,2941.1328
2021,12.1963,11.5477,1.846,11.5971,174.0,50078.0,2941.1328
2022,11.608,11.9956,1.6255,12.9797,175.0,35012.0,2941.1328
2023,12.9567,11.4359,1.7366,12.2415,174.0,34100.0,2941.1328
2024,12.2483,11.9758,1.5856,11.9873,174.0,31038.0,2941.1328
2025,12.0203,12.033,1.7738,12.7676,172.0,24882.0,2941.1328
2026,12.7314,11.9147,1.6043,12.521,172.0,21314.0,2941.1328
2027,12.5605,11.286,1.9271,11.7235,172.0,23642.0,2941.1328
2028,11.7254,11.5458,1.803,12.664,170.0,23787.0,2941.1328
2029,12.5934,11.9158,1.9901,12.1179,170.0,28300.0,2941.1328
2030,12.1235,11.9858,1.8644,12.4725,171.0,34400.0,2941.1328
2031,12.5174,11.363,2.6466,12.4041,171.0,28561.0,2941.1328
2032,12.3756,11.8422,1.9388,11.7518,171.0,26913.0,2941.1328
2033,11.823,11.9543,2.2241,12.8039,171.0,26177.0,2941.1328
2034,12.7772,11.7998,1.7717,12.1929,173.0,28183.0,2941.1328
2035,12.1924,11.2951,1.8503,11.9681,174.0,31168.0,2941.1328
2036,12.0004,12.1353,2.0042,13.1785,170.0,25218.0,2941.1328
2037,13.1757,11.864,2.0338,11.7168,178.0,27999.0,2941.1328
2038,11.722,11.4982,1.6912,12.8516,174.0,28748.0,2941.1328
2039,12.8371,11.5527,1.668,11.7949,174.0,32488.0,2941.1328
2040,11.7959,11.792,1.8797,11.8941,174.0,31665.0,2941.1328
2041,11.8606,11.9685,1.8214,12.5439,175.0,28254.0,2941.1328
2042,12.534,11.7233,1.5651,12.6858,174.0,26356.0,2941.1328
2043,12.7672,11.7614,1.6576,12.1354,173.0,27908.0,2941.1328
2044,12.1251,11.7548,2.0794,11.8138,172.0,29574.0,2941.1328
2045,11.777,11.9566,1.7725,12.7235,170.0,26820.0,2941.1328
2046,12.7068,11.343,1.6281,12.1323,173.0,28380.0,2941.1328
2047,12.1143,12.1207,1.6635,12.8491,174.0,34059.0,2941.1328
2048,12.8896,12.1756,1.9394,12.075,172.0,27232.0,2941.1328
2049,12.0566,11.9938,1.7845,12.312,176.0,34328.0,2941.1328
2050,12.3007,11.2663,1.5525,12.2794,172.0,25792.0,2941.1328
2051,12.3244,11.8109,1.832,12.9817,175.0,24067.0,2941.1328
2052,12.9672,11.9376,2.0419,11.5232,174.0,38844.0,2941.1328
2053,11.5043,11.8655,1.6391,12.4013,175.0,31596.0,2941.1328
2054,12.3979,11.2929,1.5486,12.0692,174.0,23932.0,2941.1328
2055,12.074,11.8575,1.6647,12.2092,175.0,22326.0,2941.1328
2056,12.268,12.1566,1.6985,12.8112,175.0,26196.0,2941.1328
2057,12.7424,12.1985,1.7322,12.9595,167.0,28398.0,2941.1328
2058,12.9903,11.2867,2.1197,11.5505,172.0,23240.0,2941.1328
2059,11.5408,11.7128,1.9633,11.6599,173.0,23659.0,2941.1328
2060,11.6364,11.9438,1.6471,12.4135,170.0,23888.0,2941.1328
2061,12.4438,11.7121,1.6031,12.8651,170.0,22986.0,2941.1328
2062,12.8216,11.4642,1.4379,12.4329,172.0,21812.0,2941.1328
2063,12.4878,11.7322,1.8077,11.4574,170.0,22016.0,2941.1328
2064,11.3864,11.9985,1.5107,12.4943,170.0,22638.0,2941.1328
2065,12.5427,11.375,1.6041,12.533,175.0,25066.0,2941.1328
2066,12.5322,11.7734,1.712,12.3392,171.0,21930.0,2941.1328
2067,12.3219,11.7787,2.0627,11.7935,170.0,22000.0,2941.1328
2068,11.7966,11.9247,1.5056,12.4917,170.0,22158.0,2941.1328
2069,12.5953,11.3087,1.6669,12.3491,176.0,24398.0,2941.1328
2070,12.2696,11.7174,1.679,11.818,174.0,25878.0,2941.1328
2071,11.8477,12.0352,1.8684,12.6698,176.0,25728.0,2941.1328
2072,12.6456,11.9039,1.4921,12.3282,172.0,26914.0,2941.1328
2073,12.3062,11.2707,1.6039,11.9318,172.0,32514.0,2941.1328
2074,11.9091,11.7174,1.3222,12.1425,174.0,29882.0,2941.1328
2075,12.2496,11.8234,1.5962,12.7382,172.0,30178.0,2941.1328
2076,12.6766,11.9031,1.5717,12.2305,173.0,40732.0,2941.1328
2077,12.2254,11.3083,1.5195,12.1515,171.0,34228.0,2941.1328
2078,12.2966,11.7487,1.9532,11.8822,171.0,42666.0,2941.1328
2079,11.6983,11.765,1.45,12.3656,168.0,44270.0,2941.1328
2080,12.4216,11.2989,1.8419,12.3532,171.0,29776.0,2941.1328
2081,12.3326,11.5294,1.6841,11.5726,171.0,35808.0,2941.1328
2082,11.5898,11.4956,2.0385,11.9219,170.0,30740.0,2941.1328
2083,11.9615,12.0765,1.8488,12.6228,171.0,23488.0,2941.1328
2084,12.6145,11.2845,1.6615,11.6315,170.0,21312.0,2941.1328
2085,11.709,11.7967,1.6827,13.9115,175.0,23634.0,2941.1328
2086,13.8006,11.5347,1.8848,11.7388,177.0,23971.0,2941.1328
2087,11.7478,11.698,1.911,11.5469,175.0,32093.0,2941.1328
2088,11.5226,11.3659,1.7588,12.0674,172.0,35206.0,2941.1328
2089,12.0956,11.5927,1.9579,11.5129,172.0,24790.0,2941.1328
2090,11.5238,11.5344,1.8588,12.8003,174.0,26831.0,2941.1328
2091,12.8459,11.3016,2.0284,11.6461,171.0,26397.0,2941.1328
2092,11.5758,11.7014,2.0619,12.7937,172.0,27951.0,2941.1328
2093,12.8498,11.5461,1.8072,11.5325,172.0,31936.0,2941.1328
2094,11.506,11.7189,1.6695,11.9804,174.0,28277.0,2941.1328
2095,12.0421,11.2844,1.7868,12.3374,170.0,25372.0,2941.1328
2096,12.2665,11.748,1.8458,11.9952,172.0,28400.0,2941.1328
2097,12.0168,11.4892,1.8784,12.2041,172.0,32508.0,2941.1328
2098,12.1749,11.9729,2.2784,13.1459,173.0,31547.0,2941.1328
2099,13.2431,11.3522,2.0011,11.1999,171.0,27580.0,2941.1328
2100,11.106,11.82,1.8111,11.5846,172.0,25890.0,2941.1328
2101,11.6162,11.9937,1.4397,12.5816,178.0,27986.0,2941.1328
2102,12.5398,11.5225,1.6065,12.228,175.0,29504.0,2941.1328
2103,12.2464,11.7443,2.0082,12.3962,175.0,27536.0,2941.1328
2104,12.4132,11.5803,1.5789,12.0455,174.0,29170.0,2941.1328
2105,11.9879,11.4931,1.2476,11.8621,176.0,32561.0,2941.1328
2106,11.838,11.2176,1.4487,11.5596,176.0,31754.0,2941.1328
2107,11.5778,11.8029,1.3258,12.2856,176.0,29452.0,2941.1328
2108,12.2887,11.4506,1.4631,11.9953,173.0,25804.0,2941.1328
2109,12.0478,11.5155,1.7017,12.3494,177.0,25938.0,2941.1328
2110,12.3228,11.24,1.5986,11.6091,172.0,37971.0,2941.1328
2111,11.6321,11.7197,1.7699,11.9097,172.0,30606.0,2941.1328
2112,11.8479,11.8316,1.5077,13.0484,172.0,24486.0,2941.1328
2113,13.1342,11.3156,1.6468,12.3938,174.0,24135.0,2941.1328
2114,12.3699,11.9955,1.6241,11.3154,172.0,24479.0,2941.1328
2115,11.3141,11.9299,2.3297,12.5853,164.0,28336.0,2941.1328
2116,12.558,11.4857,1.3594,12.0246,170.0,23238.0,2941.1328
2117,12.0665,11.3056,1.6682,12.1935,177.0,24255.0,2941.1328
2118,12.1926,11.5476,1.859,12.1412,175.0,24522.0,2941.1328
2119,12.156,11.6871,1.6507,11.7573,174.0,21316.0,2941.1328
2120,11.7491,11.5156,1.4913,12.4356,174.0,21802.0,2941.1328
2121,12.4168,11.2863,1.4641,11.6815,174.0,22564.0,2941.1328
2122,11.6726,11.7076,1.5861,12.2092,172.0,22094.0,2941.1328
2123,12.2046,11.5512,1.33,11.7035,176.0,25356.0,2941.1328
2124,11.758,11.2309,1.3037,12.2414,171.0,21640.0,2941.1328
2125,12.1634,11.5138,1.252,12.4295,170.0,22156.0,2941.1328
2126,12.4385,11.7004,1.2659,11.8512,170.0,22160.0,2941.1328
2127,11.9764,11.6254,1.7469,11.6282,171.0,25676.0,2941.1328
2128,11.5317,11.2929,1.8403,12.039,170.0,24578.0,2941.1328
2129,12.0428,11.8267,1.6432,12.8952,171.0,25714.0,2941.1328
2130,12.9981,12.0423,1.5698,11.9752,172.0,26934.0,2941.1328
2131,11.8331,11.2796,1.4164,12.1705,171.0,32368.0,2941.1328
2132,12.2185,11.4161,1.6254,11.9807,171.0,29868.0,2941.1328
2133,11.9714,11.5074,1.6081,12.2148,176.0,35414.0,2941.1328
2134,12.2202,11.7858,1.4628,12.3781,176.0,35492.0,2941.1328
2135,12.3834,11.2977,1.4708,12.7532,174.0,34220.0,2941.1328
2136,12.7139,11.524,1.442,11.4554,174.0,53144.0,2941.1328
2137,11.5592,11.7758,1.7928,11.7538,172.0,33916.0,2941.1328
2138,11.6875,11.6756,2.0824,12.3284,174.0,30718.0,2941.1328
2139,12.3623,11.2757,1.6071,11.8688,171.0,34868.0,2941.1328
2140,11.8116,11.4535,1.5296,11.8614,174.0,31704.0,2941.1328
2141,11.8989,11.7929,1.7478,12.6156,170.0,22548.0,2941.1328
2142,12.6221,11.2752,1.75,11.9926,172.0,21466.0,2941.1328
2143,11.9882,11.7827,1.5897,12.3348,170.0,23488.0,2941.1328
2144,12.3275,11.6037,1.4595,11.6485,173.0,23967.0,2941.1328
2145,11.6003,11.722,1.5245,12.2274,171.0,36682.0,2941.1328
2146,12.266,11.2754,1.606,11.7985,170.0,30979.0,2941.1328
2147,11.7875,11.5339,1.5774,11.8289,171.0,25264.0,2941.1328
2148,11.8885,11.6148,1.6989,12.822,171.0,26353.0,2941.1328
2149,12.7973,11.8406,1.8484,12.7192,176.0,27892.0,2941.1328
2150,12.7212,11.241,1.7973,12.1316,174.0,26084.0,2941.1328
2151,12.1098,11.7596,1.4469,11.5087,177.0,32820.0,2941.1328
2152,11.6402,11.6878,1.9628,12.0898,175.0,28259.0,2941.1328
2153,11.9683,11.3383,1.6822,12.1923,173.0,24894.0,2941.1328
2154,12.1989,11.4944,1.503,11.8623,173.0,28390.0,2941.1328
2155,11.8255,11.5207,1.685,11.9008,170.0,34176.0,2941.1328
2156,11.9855,11.5162,1.4793,12.4449,173.0,30319.0,2941.1328
2157,12.3881,11.2862,1.5975,12.1803,172.0,26760.0,2941.1328
2158,12.2809,11.9473,2.3632,12.0942,173.0,27560.0,2941.1328
2159,12.0996,12.2978,1.7573,12.3798,172.0,27704.0,2941.1328
2160,12.317,11.776,1.697,12.9527,172.0,28642.0,2941.1328
2161,12.9929,11.2499,2.136,11.5369,171.0,26998.0,2941.1328
2162,11.5181,11.6491,1.6627,11.7781,172.0,29536.0,2941.1328
2163,11.7048,11.4658,1.5275,11.7102,174.0,36931.0,2941.1328
2164,11.731,11.2452,2.0856,12.892,172.0,26988.0,2941.1328
2165,12.8985,11.6951,1.8038,12.6443,180.0,29456.0,2941.1328
2166,12.6555,11.7326,2.3009,11.0515,178.0,25950.0,2941.1328
2167,11.0246,11.4923,1.6092,12.6742,179.0,25788.0,2941.1328
2168,12.7456,11.0869,1.6607,11.5388,175.0,44605.0,2941.1328
2169,11.4939,11.5492,1.7149,11.1199,173.0,23976.0,2941.1328
2170,11.1365,11.3006,1.9064,11.9671,174.0,26799.0,2941.1328
2171,11.8985,10.9391,1.4179,11.8755,172.0,22264.0,2941.1328
2172,11.934,11.3605,1.7192,11.4187,173.0,24027.0,2941.1328
2173,11.4668,11.3748,1.7481,12.1123,168.0,29040.0,2941.1328
2174,12.0583,11.1542,1.5816,12.2994,171.0,23154.0,2941.1328
2175,12.3407,11.0048,1.8875,10.9134,172.0,25545.0,2941.1328
2176,10.8904,11.1981,1.8966,11.4087,170.0,22832.0,2941.1328
2177,11.3474,11.3812,1.4976,12.2472,170.0,21776.0,2941.1328
2178,12.3512,10.8806,1.9782,11.7841,170.0,21846.0,2941.1328
2179,11.7887,11.1898,2.6523,11.3073,170.0,22004.0,2941.1328
2180,11.2783,11.38,1.9743,12.5608,172.0,24241.0,2941.1328
2181,12.5784,11.1969,2.2541,12.426,176.0,23187.0,2941.1328
2182,12.4322,10.9243,2.0357,10.3551,174.0,21788.0,2941.1328
2183,10.2924,11.2245,1.9749,12.1307,174.0,22852.0,2941.1328
2184,12.1611,11.3895,2.8529,12.0619,174.0,24464.0,2941.1328
2185,12.0253,10.9246,1.6223,11.4812,173.0,24440.0,2941.1328
2186,11.4705,11.4732,1.6521,10.9213,174.0,26522.0,2941.1328
2187,11.0198,11.1961,1.9122,12.1601,170.0,22830.0,2941.1328
2188,12.1002,10.9807,1.7144,11.4885,171.0,36270.0,2941.1328
2189,11.4977,11.437,1.7574,11.7442,171.0,22732.0,2941.1328
2190,11.7859,11.3474,2.1223,11.5093,173.0,39240.0,2941.1328
2191,11.4464,11.1936,1.8625,12.3965,171.0,34924.0,2941.1328
2192,12.4181,10.9777,1.9511,11.6072,171.0,37028.0,2941.1328
2193,11.6389,11.2652,1.7499,10.9008,171.0,49572.0,2941.1328
2194,10.8551,11.1274,1.5418,11.5036,171.0,28388.0,2941.1328
2195,11.4679,10.9036,1.6392,11.9672,159.0,31484.0,2941.1328
2196,12.0298,11.1538,1.5366,11.8207,171.0,31632.0,2941.1328
2197,11.7527,11.3186,1.6644,11.4583,174.0,33932.0,2941.1328
2198,11.4427,10.9542,1.5719,11.4953,175.0,31672.0,2941.1328
2199,11.7035,11.197,1.7055,11.767,176.0,22706.0,2941.1328
2200,11.6207,11.3341,1.6233,11.7234,173.0,21326.0,2941.1328
2201,11.6979,11.3741,1.5091,12.2774,175.0,25681.0,2941.1328
2202,12.2918,10.9193,1.6304,11.0946,172.0,22734.0,2941.1328
2203,11.0813,11.1445,1.5048,11.6286,171.0,38795.0,2941.1328
2204,11.5924,11.3782,1.4238,11.5802,171.0,28754.0,2941.1328
2205,11.7195,10.969,1.8322,12.6678,170.0,24420.0,2941.1328
2206,12.5773,11.6016,2.0951,11.1685,171.0,27185.0,2941.1328
2207,11.1839,11.1542,1.7316,12.101,175.0,27460.0,2941.1328
2208,12.1019,10.9151,1.5087,11.757,171.0,25848.0,2941.1328
2209,11.7871,11.1944,1.6219,12.0795,173.0,33184.0,2941.1328
2210,12.1501,11.4246,1.4673,10.6146,174.0,30109.0,2941.1328
2211,10.4806,11.1183,1.2429,12.4908,171.0,25016.0,2941.1328
2212,12.5596,10.8864,1.5424,11.1254,171.0,27992.0,2941.1328
2213,11.1361,11.1597,1.703,12.1128,175.0,33504.0,2941.1328
2214,12.1048,11.3691,2.1244,11.3791,176.0,28939.0,2941.1328
2215,11.3317,10.9871,1.7642,12.2608,177.0,28434.0,2941.1328
2216,12.3178,11.3835,1.6444,10.6428,175.0,27308.0,2941.1328
2217,10.567,11.1947,1.7207,12.1514,175.0,26314.0,2941.1328
2218,12.2527,10.8869,2.0604,12.2715,173.0,31226.0,2941.1328
2219,12.2822,11.3887,1.9755,11.6561,170.0,24760.0,2941.1328
2220,11.5833,11.3303,1.9411,10.9813,173.0,33920.0,2941.1328
2221,10.9607,11.321,1.5464,12.0364,174.0,33787.0,2941.1328
2222,12.0381,10.9368,1.6367,11.7249,173.0,25404.0,2941.1328
2223,11.7091,11.1557,2.0458,11.4132,178.0,29606.0,2941.1328
2224,11.4522,11.3066,1.6626,11.5035,172.0,26256.0,2941.1328
2225,11.4748,10.9373,2.294,12.457,175.0,25784.0,2941.1328
2226,12.5604,11.3393,2.0193,11.2435,173.0,44139.0,2941.1328
2227,11.3613,11.1597,2.5705,12.5539,171.0,24972.0,2941.1328
2228,12.4014,10.9309,1.9987,10.2922,173.0,26275.0,2941.1328
2229,10.3034,11.0863,1.8247,12.6191,169.0,21432.0,2941.1328
2230,12.5981,11.709,1.9194,11.3073,177.0,24031.0,2941.1328
2231,11.3045,11.6346,2.1544,12.8227,175.0,29176.0,2941.1328
2232,12.8746,11.2481,2.2431,11.6106,174.0,23168.0,2941.1328
2233,11.551,11.6879,2.0423,11.4352,174.0,25547.0,2941.1328
2234,11.4276,11.3751,2.1766,12.3015,172.0,22834.0,2941.1328
2235,12.3109,10.9167,2.157,11.9143,170.0,21776.0,2941.1328
2236,11.9154,11.3653,2.0104,11.4826,170.0,21846.0,2941.1328
2237,11.4815,11.601,1.9559,11.5292,170.0,22282.0,2941.1328
2238,11.493,11.3433,1.7209,12.2283,173.0,23975.0,2941.1328
2239,12.4096,10.9456,2.2796,11.9198,174.0,23207.0,2941.1328
2240,11.8197,11.4621,2.1963,11.5598,171.0,21796.0,2941.1328
2241,11.4716,11.3968,1.6022,12.3808,170.0,24678.0,2941.1328
2242,12.4697,10.9426,2.7982,12.2195,171.0,22778.0,2941.1328
2243,12.2135,11.9074,2.3526,11.7082,170.0,24268.0,2941.1328
2244,11.7355,11.8138,2.1714,11.957,174.0,26700.0,2941.1328
2245,11.9778,11.3525,2.4357,12.163,176.0,23014.0,2941.1328
2246,12.1133,11.1806,2.0873,11.762,175.0,35962.0,2941.1328
2247,11.7505,11.6909,1.8163,12.4083,174.0,28420.0,2941.1328
2248,12.3672,11.6402,2.1617,12.0404,175.0,33546.0,2941.1328
2249,12.114,11.0206,2.2048,11.3397,174.0,34938.0,2941.1328
2250,11.5519,11.6259,2.0565,11.5406,174.0,42274.0,2941.1328
2251,11.4184,11.4017,1.9653,12.2656,171.0,44340.0,2941.1328
2252,12.1601,11.142,2.2072,13.0024,170.0,28376.0,2941.1328
2253,12.9835,11.1955,1.958,10.2865,172.0,33656.0,2941.1328
2254,10.2786,11.6091,1.9285,12.0902,170.0,31916.0,2941.1328
2255,12.0661,11.4496,1.7345,12.4971,172.0,39812.0,2941.1328
2256,12.5104,10.8797,1.9885,11.535,171.0,24714.0,2941.1328
2257,11.6001,11.3565,1.9381,11.4896,158.0,21268.0,2941.1328
2258,11.4377,11.5446,1.8766,11.653,171.0,21324.0,2941.1328
2259,11.6636,11.1294,2.0188,12.8996,173.0,25679.0,2941.1328
2260,12.8697,11.1674,1.7902,10.9682,172.0,25577.0,2941.1328
2261,11.0098,11.6359,1.9074,11.6671,174.0,38787.0,2941.1328
2262,11.6061,11.6425,1.5326,11.9683,174.0,25925.0,2941.1328
2263,12.0714,10.9697,1.5563,12.1675,174.0,24424.0,2941.1328
2264,12.0664,11.354,1.5499,11.1183,173.0,27187.0,2941.1328
2265,11.148,11.562,1.6269,12.2475,174.0,27426.0,2941.1328
2266,12.2247,11.1844,1.4216,11.5918,174.0,26294.0,2941.1328
2267,11.6962,11.1261,1.6736,12.0631,174.0,34979.0,2941.1328
2268,11.9676,11.3459,1.8131,11.8283,173.0,27882.0,2941.1328
2269,11.8136,11.5621,1.4898,13.0438,171.0,25016.0,2941.1328
2270,13.1535,10.9348,1.9037,10.7064,171.0,28360.0,2941.1328
2271,10.6466,11.5755,1.8829,11.4981,171.0,33596.0,2941.1328
2272,11.4143,11.7568,1.4272,12.0401,174.0,28557.0,2941.1328
2273,12.0778,11.1051,1.4992,11.8671,172.0,28724.0,2941.1328
2274,11.8892,11.1389,1.7196,11.986,173.0,27438.0,2941.1328
2275,12.0458,11.3407,1.7551,11.2479,173.0,26180.0,2941.1328
2276,11.1787,11.3988,1.4392,12.2881,172.0,31236.0,2941.1328
2277,12.3235,10.9718,1.5793,11.8604,174.0,24860.0,2941.1328
2278,11.8007,11.5551,1.4696,11.5168,177.0,33460.0,2941.1328
2279,11.5175,11.4274,1.0972,11.645,178.0,37127.0,2941.1328
2280,11.7106,10.9487,1.4828,12.1829,175.0,22200.0,2941.1328
2281,12.1858,11.3243,1.6403,11.7369,178.0,29454.0,2941.1328
2282,11.9259,11.3367,1.903,11.7265,176.0,28129.0,2941.1328
2283,11.5439,11.1762,1.8012,11.3444,173.0,23913.0,2941.1328
2284,11.2811,10.9173,1.5119,12.5787,173.0,44269.0,2941.1328
2285,12.7342,11.3494,2.0555,11.1058,171.0,26530.0,2941.1328
2286,10.9616,11.3516,1.4194,11.8522,172.0,24575.0,2941.1328
2287,11.8976,10.9316,1.4842,11.2306,168.0,21608.0,2941.1328
2288,11.2239,11.1706,1.6565,11.7943,172.0,24479.0,2941.1328
2289,11.7437,11.3738,1.7003,11.5834,170.0,28696.0,2941.1328
2290,11.6275,10.8867,1.533,11.3328,170.0,24816.0,2941.1328
2291,11.2946,11.1796,1.4184,11.4699,172.0,23871.0,2941.1328
2292,11.5119,11.1957,1.549,12.0835,170.0,22832.0,2941.1328
2293,12.0397,11.3267,1.4847,11.6194,174.0,21780.0,2941.1328
2294,11.6185,10.9023,1.2228,11.742,174.0,22286.0,2941.1328
2295,11.7703,11.4019,1.6334,12.4995,176.0,23721.0,2941.1328
2296,12.5903,11.1775,1.7275,11.1652,172.0,22094.0,2941.1328
2297,11.0706,10.939,1.5832,11.4433,175.0,23197.0,2941.1328
2298,11.4184,11.3108,2.0672,11.3689,172.0,23618.0,2941.1328
2299,11.4207,11.3588,1.6521,12.0375,170.0,23538.0,2941.1328
2300,12.0102,10.8573,1.2938,11.4132,171.0,23660.0,2941.1328
2301,11.501,11.3835,1.5389,11.8624,171.0,22862.0,2941.1328
2302,11.781,11.5243,1.4851,11.6465,174.0,26702.0,2941.1328
2303,11.6677,11.1269,1.4284,11.4978,171.0,22840.0,2941.1328
2304,11.4658,10.9684,1.3899,11.8788,172.0,41570.0,2941.1328
2305,11.8613,11.3189,1.5769,11.5386,172.0,23304.0,2941.1328
2306,11.5508,11.3426,1.3045,11.7526,173.0,42066.0,2941.1328
2307,11.7727,10.8688,1.5344,11.4707,172.0,33434.0,2941.1328
2308,11.535,11.2812,1.598,11.7607,171.0,42160.0,2941.1328
2309,11.6985,11.1603,1.5348,11.8022,175.0,36960.0,2941.1328
2310,11.8001,10.95,1.4857,11.7702,175.0,28392.0,2941.1328
2311,11.7804,11.4522,1.5554,12.6068,175.0,35336.0,2941.1328
2312,12.5842,11.1972,1.4574,10.7135,174.0,37338.0,2941.1328
2313,10.7157,11.3374,1.4103,11.6101,172.0,32706.0,2941.1328
2314,11.6042,10.9179,2.1775,11.4093,173.0,24716.0,2941.1328
2315,11.4081,11.3185,1.4229,12.4656,154.0,21124.0,2941.1328
2316,12.5462,11.1363,1.6302,10.9167,170.0,21620.0,2941.1328
2317,10.8758,10.9032,1.4386,12.0492,172.0,25823.0,2941.1328
2318,12.0812,11.8194,1.6008,11.9345,170.0,28158.0,2941.1328
2319,11.8999,11.4461,1.5734,11.8026,172.0,36598.0,2941.1328
2320,11.786,10.8912,1.2091,11.6141,172.0,25209.0,2941.1328
2321,11.6046,11.1592,1.2263,11.796,170.0,24664.0,2941.1328
2322,11.7843,11.3878,1.2989,11.5615,172.0,28800.0,2941.1328
2323,11.5917,11.1133,1.4963,12.0304,172.0,25577.0,2941.1328
2324,11.9898,10.8749,1.4165,11.1771,170.0,28284.0,2941.1328
2325,11.1706,11.1152,1.4236,11.3607,179.0,35455.0,2941.1328
2326,11.4137,11.2435,1.2408,11.8283,175.0,25630.0,2941.1328
2327,11.8694,10.9857,1.6222,11.9637,175.0,24652.0,2941.1328
2328,11.9918,11.1834,1.4622,11.361,174.0,30210.0,2941.1328
2329,11.2727,11.1503,1.6012,11.5256,172.0,31750.0,2941.1328
2330,11.5691,10.9257,1.5273,12.1963,175.0,29039.0,2941.1328
2331,12.2238,11.6071,1.5682,11.4647,173.0,29648.0,2941.1328
2332,11.3888,11.1583,1.7778,11.2853,173.0,26034.0,2941.1328
2333,11.3016,11.1174,1.3733,11.6073,172.0,27070.0,2941.1328
2334,11.7019,10.9692,1.8652,11.7958,171.0,30322.0,2941.1328
2335,11.755,11.3207,1.4633,11.7044,171.0,25456.0,2941.1328
2336,11.7104,11.1834,1.7112,12.2494,173.0,32868.0,2941.1328
2337,12.2034,10.9284,1.7348,11.2112,178.0,37301.0,2941.1328
2338,11.2855,11.3845,1.6128,11.7292,172.0,22520.0,2941.1328
2339,11.6434,11.3281,1.4621,11.6764,175.0,29220.0,2941.1328
2340,11.6712,10.9114,1.4807,11.6071,175.0,28025.0,2941.1328
2341,11.6573,11.176,1.4926,11.4584,176.0,23775.0,2941.1328
2342,11.541,11.3385,1.7299,11.7715,177.0,45961.0,2941.1328
2343,11.6952,11.1893,1.4897,12.0214,174.0,25298.0,2941.1328
2344,11.9982,10.9016,1.4388,11.5855,174.0,24113.0,2941.1328
2345,11.5714,11.1483,1.5235,11.154,172.0,22242.0,2941.1328
2346,11.1822,11.3168,1.3652,12.1892,174.0,29249.0,2941.1328
2347,12.1476,10.8922,1.2696,11.2018,171.0,25150.0,2941.1328
2348,11.2463,11.1799,1.7364,11.4571,171.0,23154.0,2941.1328
2349,11.5491,11.3142,1.4007,12.2152,172.0,23871.0,2941.1328
2350,12.0879,10.9001,1.5603,11.5293,170.0,22832.0,2941.1328
2351,11.5733,11.3337,1.7141,11.4509,172.0,22236.0,2941.1328
2352,11.447,11.1378,1.4649,11.644,172.0,23717.0,2941.1328
2353,11.6421,11.2041,1.4234,11.5739,172.0,21870.0,2941.1328
2354,11.5894,10.972,1.6679,11.9851,170.0,22092.0,2941.1328
2355,11.9529,11.3872,1.5149,11.3968,172.0,25015.0,2941.1328
2356,11.3958,11.1178,1.337,11.5679,170.0,22474.0,2941.1328
2357,11.624,10.874,1.6187,11.8723,174.0,23130.0,2941.1328
2358,11.8827,11.1427,1.7104,11.6256,175.0,23386.0,2941.1328
2359,11.5466,11.3966,1.7103,11.5515,177.0,26384.0,2941.1328
2360,11.6352,10.9359,1.7938,12.2854,173.0,23330.0,2941.1328
2361,12.2692,11.2388,1.7717,11.9179,173.0,31138.0,2941.1328
2362,12.0107,11.6048,1.7222,11.6853,172.0,33838.0,2941.1328
2363,11.5516,11.2855,1.3491,11.5306,173.0,34362.0,2941.1328
2364,11.5312,10.8462,1.8317,11.6909,172.0,38178.0,2941.1328
2365,11.713,11.4078,1.65,11.9006,171.0,32894.0,2941.1328
2366,11.8972,11.4739,1.5845,11.6547,173.0,34800.0,2941.1328
2367,11.6821,10.9477,1.9543,12.0262,173.0,36980.0,2941.1328
2368,11.9856,11.1592,1.3855,10.9038,170.0,29304.0,2941.1328
2369,10.9371,11.1577,1.6967,12.1309,170.0,34392.0,2941.1328
2370,12.1239,10.8775,1.6774,11.5353,171.0,37324.0,2941.1328
2371,11.5485,11.6841,1.5498,11.9548,171.0,34120.0,2941.1328
2372,11.9171,11.3658,1.5297,11.8639,171.0,23310.0,2941.1328
2373,11.8657,11.0907,1.3261,11.5096,157.0,20924.0,2941.1328
2374,11.514,11.1001,1.414,11.6582,174.0,21528.0,2941.1328
2375,11.7564,11.4198,1.7101,11.8442,176.0,26195.0,2941.1328
2376,11.7646,11.1621,1.3983,11.5156,172.0,27792.0,2941.1328
2377,11.5119,10.9345,1.5796,12.2681,172.0,37040.0,2941.1328
2378,12.3078,11.3521,1.5448,11.0901,172.0,24723.0,2941.1328
2379,11.0991,11.4997,1.6286,12.0187,171.0,25140.0,2941.1328
2380,12.005,10.8854,1.6252,11.2906,172.0,28800.0,2941.1328
2381,11.2454,11.073,1.8882,12.3008,170.0,25089.0,2941.1328
2382,12.3298,11.5477,1.7947,11.4436,170.0,28284.0,2941.1328
2383,11.43,11.3333,1.7438,11.7658,175.0,35451.0,2941.1328
2384,11.7599,10.9787,1.4656,11.7486,173.0,27246.0,2941.1328
2385,11.7755,11.4233,1.5273,11.8376,170.0,25192.0,2941.1328
2386,11.7818,11.704,1.4747,12.2509,172.0,28056.0,2941.1328
2387,12.3251,10.9465,1.8632,11.8244,172.0,31772.0,2941.1328
2388,11.8075,11.1423,1.7613,11.2927,174.0,30421.0,2941.1328
2389,11.2588,11.152,1.5424,11.2972,174.0,28244.0,2941.1328
2390,11.3047,11.37,1.6514,12.2692,178.0,26050.0,2941.1328
2391,12.2693,10.9974,1.5075,11.1702,176.0,27074.0,2941.1328
2392,11.1904,11.3507,1.6284,12.4456,176.0,30360.0,2941.1328
2393,12.4535,11.1725,1.9453,11.4826,174.0,25470.0,2941.1328
2394,11.4335,10.8933,1.5559,11.9906,177.0,34620.0,2941.1328
2395,12.0348,11.3212,1.5714,10.9343,174.0,35527.0,2941.1328
2396,10.9304,11.1156,1.6663,11.9409,171.0,22508.0,2941.1328
2397,11.937,10.9275,1.585,11.6033,177.0,29374.0,2941.1328
2398,11.6298,11.1987,1.5762,11.3726,174.0,27883.0,2941.1328
2399,11.3557,11.3954,1.5124,11.7864,173.0,23783.0,2941.1328
2400,11.7615,11.0939,1.3813,12.4492,173.0,45957.0,2941.1328
2401,12.4568,11.116,1.3822,11.7676,171.0,25306.0,2941.1328
2402,11.7528,11.3473,1.5662,11.2516,172.0,24111.0,2941.1328
2403,11.2397,11.5511,1.5549,12.0795,170.0,22240.0,2941.1328
2404,12.0966,10.8577,1.5283,11.4113,173.0,29259.0,2941.1328
2405,11.3976,11.3708,1.4808,12.0014,175.0,25154.0,2941.1328
2406,12.0732,11.3709,1.4697,11.7154,176.0,23170.0,2941.1328
2407,11.633,10.972,1.342,11.5593,176.0,23875.0,2941.1328
2408,11.5714,11.1507,1.1156,11.5519,174.0,22858.0,2941.1328
2409,11.5459,11.6409,1.1801,12.8449,173.0,22226.0,2941.1328
2410,12.832,11.5593,1.3784,11.4647,175.0,23731.0,2941.1328
2411,11.4851,10.8601,1.5644,11.4523,171.0,21858.0,2941.1328
2412,11.4406,11.3355,1.3917,11.6352,170.0,22250.0,2941.1328
2413,11.7279,11.3462,1.7594,11.4572,173.0,24869.0,2941.1328
2414,11.4012,10.8814,1.8542,11.6076,172.0,22656.0,2941.1328
2415,11.6331,11.3051,1.5486,12.3701,171.0,23514.0,2941.1328
2416,12.3674,11.1798,1.5219,11.1559,171.0,23004.0,2941.1328
2417,11.1704,11.1507,1.4796,12.118,172.0,26212.0,2941.1328
2418,12.1272,10.8811,1.5755,11.0318,171.0,23328.0,2941.1328
2419,10.9825,11.3441,1.3654,12.0422,171.0,31136.0,2941.1328
2420,12.0346,11.1927,1.2996,11.608,173.0,33872.0,2941.1328
2421,11.6101,10.886,1.3586,11.4631,175.0,34342.0,2941.1328
2422,11.5174,11.3337,1.597,11.6443,175.0,38170.0,2941.1328
2423,11.6216,11.3874,1.7357,12.0499,176.0,32910.0,2941.1328
2424,12.0171,10.9706,1.5325,11.6347,173.0,34778.0,2941.1328
2425,11.7123,11.216,1.7371,11.184,174.0,36970.0,2941.1328
2426,11.2247,11.554,1.4882,12.295,172.0,30994.0,2941.1328
2427,12.2418,11.3077,1.5868,11.5206,170.0,41156.0,2941.1328
2428,11.4925,10.9385,1.5035,12.614,171.0,30276.0,2941.1328
2429,12.6597,11.1769,2.0571,10.6408,171.0,32716.0,2941.1328
2430,10.6435,11.3289,1.5729,12.0135,172.0,23322.0,2941.1328
2431,11.9743,10.8918,1.5357,11.6753,149.0,20776.0,2941.1328
2432,11.697,11.3409,1.5986,11.837,170.0,21620.0,2941.1328
2433,11.806,11.1614,1.5737,11.5213,174.0,26339.0,2941.1328
2434,11.491,10.9339,1.4585,11.5076,171.0,28046.0,2941.1328
2435,11.5771,11.3139,1.589,12.5635,171.0,36682.0,2941.1328
2436,12.5699,11.3821,1.8084,11.3457,172.0,25113.0,2941.1328
2437,11.3255,11.3694,1.5478,11.7209,175.0,27597.0,2941.1328
2438,11.8035,10.8788,1.6003,12.1993,177.0,25995.0,2941.1328
2439,12.1078,11.4177,1.7601,10.7832,174.0,25461.0,2941.1328
2440,10.7882,11.1964,1.4861,12.414,173.0,27930.0,2941.1328
2441,12.422,11.0351,1.6098,11.2349,178.0,35833.0,2941.1328
2442,11.2143,11.5402,1.5243,12.7434,172.0,26844.0,2941.1328
2443,12.8083,11.6267,1.7262,10.8716,172.0,25584.0,2941.1328
2444,10.8234,11.0842,1.6556,11.8795,171.0,27676.0,2941.1328
2445,11.8718,11.1538,1.533,12.0943,170.0,32248.0,2941.1328
2446,12.109,11.7712,1.7539,11.9491,175.0,29933.0,2941.1328
2447,11.9427,11.5446,1.9802,12.3065,171.0,28252.0,2941.1328
2448,12.3221,11.5114,1.5234,22.2812,980.0,123547.0,3110.5078
2449,22.4697,11.5114,3.6308,21.3083,796.0,113819.0,3139.8828
2450,21.2429,15.6082,4.3849,16.2755,754.0,81647.0,3139.8828
2451,16.3304,15.6282,3.7235,13.1943,772.0,88999.0,3139.8828
2452,13.1623,13.2884,2.9199,15.4084,777.0,100845.0,3125.1953
2453,15.4913,14.5649,2.533,17.0786,751.0,77457.0,3104.5078
2454,17.187,14.6984,2.7073,16.0023,745.0,71821.0,3104.5078
2455,15.9052,15.335,2.9328,11.5443,639.0,88111.0,3104.5078
2456,11.35,14.5832,2.2974,13.7625,546.0,40097.0,3104.5078
2457,13.8105,14.092,2.068,13.9022,533.0,44649.0,3104.5078
2458,13.8493,13.2487,2.247,14.365,532.0,36493.0,3104.5078
2459,14.513,13.7484,3.461,12.7478,529.0,33937.0,3104.5078
2460,12.5716,12.819,2.0859,13.3461,531.0,34119.0,3104.5078
2461,13.3667,12.3215,1.8977,13.4438,534.0,34739.0,3104.5078
2462,13.5183,12.8781,1.7435,13.8766,531.0,44211.0,3104.5078
2463,13.8115,13.1971,1.9318,12.8447,532.0,44083.0,3104.5078
2464,12.8591,12.8148,2.3151,13.7233,532.0,43525.0,3104.5078
2465,14.1216,12.9706,2.0542,14.0676,532.0,43495.0,3104.5078
2466,13.6347,12.3963,1.8426,12.8679,531.0,44143.0,3104.5078
2467,13.0671,13.251,1.9928,14.0538,534.0,45723.0,3104.5078
2468,13.8657,12.7722,1.7429,12.2304,531.0,46007.0,3104.5078
2469,12.231,13.3066,1.6882,14.0936,535.0,35576.0,3104.5078
2470,14.0654,13.1082,1.7364,13.1871,536.0,38204.0,3104.5078
2471,13.3038,12.7475,1.8757,13.1068,536.0,37368.0,3104.5078
2472,13.0342,12.6213,1.5199,13.741,538.0,45443.0,3104.5078
2473,13.7307,12.9826,1.8118,13.2603,533.0,35217.0,3104.5078
2474,13.2315,13.2767,2.3293,13.4514,534.0,45453.0,3104.5078
2475,13.4128,12.8916,1.5498,13.6828,531.0,39775.0,3104.5078
2476,13.7274,12.837,1.7246,13.5544,530.0,37359.0,3104.5078
2477,13.6268,12.4063,1.7221,12.9867,532.0,32299.0,3104.5078
2478,12.9405,13.1718,1.7872,14.5646,530.0,33327.0,3104.5078
2479,14.5528,13.1561,1.6073,12.9227,533.0,33239.0,3104.5078
2480,12.9089,13.4207,1.6455,13.5519,524.0,33723.0,3104.5078
2481,13.5848,12.8277,1.9649,13.6293,531.0,32751.0,3104.5078
2482,13.6185,12.3414,1.8499,13.0155,532.0,34603.0,3104.5078
2483,13.0003,12.9249,2.1026,13.6419,534.0,41695.0,3104.5078
2484,13.6685,13.3151,1.7876,13.5545,531.0,34389.0,3104.5078
2485,13.6248,12.8725,2.1044,14.2251,536.0,36427.0,3104.5078
2486,14.1471,13.203,1.9689,13.5292,536.0,32619.0,3104.5078
2487,13.5959,12.6676,2.0367,13.2702,537.0,32315.0,3104.5078
2488,13.246,12.5711,2.1701,12.5718,532.0,45069.0,3104.5078
2489,12.5828,12.6228,1.6625,13.8434,534.0,58637.0,3104.5078
2490,13.7824,13.0022,1.6781,13.3715,535.0,44379.0,3104.5078
2491,13.3843,12.8082,1.5576,12.6692,533.0,38615.0,3104.5078
2492,12.6718,12.3392,1.6576,13.8064,522.0,34435.0,3104.5078
2493,13.7763,12.8971,1.6015,12.5506,503.0,30367.0,3104.5078
2494,12.5898,12.7625,1.7816,13.867,495.0,30175.0,3104.5078
2495,13.9029,13.0319,2.1231,13.5234,532.0,34249.0,3104.5078
2496,13.5354,12.7704,1.6706,13.1767,530.0,32275.0,3104.5078
2497,13.1315,12.2888,1.6334,12.7822,536.0,45555.0,3104.5078
2498,12.7663,12.824,1.7404,13.4013,532.0,43411.0,3104.5078
2499,13.4941,12.8798,2.0151,13.1641,532.0,40123.0,3104.5078
2500,13.0707,12.8044,2.1167,13.7988,508.0,30955.0,3104.5078
2501,13.8291,12.8123,2.0914,12.8791,500.0,30191.0,3104.5078
2502,12.878,12.4318,2.0617,12.8471,501.0,30203.0,3104.5078
2503,12.7954,12.6975,1.8664,13.5337,523.0,31619.0,3104.5078
2504,13.5543,12.8955,1.8441,12.9421,498.0,30189.0,3104.5078
2505,12.9669,12.7792,1.8811,13.4589,499.0,30201.0,3104.5078
2506,13.4455,12.5248,1.7183,13.5726,521.0,34075.0,3104.5078
2507,13.5918,12.3083,1.9074,12.6922,529.0,40699.0,3104.5078
2508,12.7188,12.8014,1.6604,13.3378,532.0,39825.0,3104.5078
2509,13.2806,12.9157,1.5766,13.2075,533.0,33851.0,3104.5078
2510,13.2361,12.8544,1.5376,12.9774,529.0,36723.0,3104.5078
2511,12.951,12.7594,1.7069,13.2503,533.0,40763.0,3104.5078
2512,13.2635,12.3333,1.6948,13.4599,533.0,32679.0,3104.5078
2513,13.4578,12.81,1.6839,12.6072,497.0,30199.0,3104.5078
2514,12.6053,12.7981,1.5583,14.0121,525.0,37099.0,3104.5078
2515,14.0044,12.7976,1.9684,13.0828,531.0,34959.0,3104.5078
2516,13.099,12.7584,1.7138,13.1362,532.0,38417.0,3104.5078
2517,13.1609,12.4393,1.6498,13.0555,536.0,42671.0,3104.5078
2518,13.1206,12.8295,1.7541,13.9035,535.0,35669.0,3104.5078
2519,13.8542,12.8896,1.7606,12.9905,526.0,33951.0,3104.5078
2520,12.9546,12.5783,1.5887,13.1318,498.0,30189.0,3104.5078
2521,13.1516,12.3277,1.7898,12.9931,534.0,39819.0,3104.5078
2522,13.0098,12.733,1.4755,13.358,535.0,33575.0,3104.5078
2523,13.2482,12.8807,1.7143,12.9804,534.0,36363.0,3104.5078
2524,13.094,12.6087,1.9023,12.8646,517.0,32445.0,3104.5078
2525,12.8806,12.8115,1.5471,13.5436,499.0,30271.0,3104.5078
2526,13.4434,12.2753,1.7904,14.3292,535.0,32869.0,3104.5078
2527,14.4047,13.0424,1.4538,12.4822,501.0,30999.0,3104.5078
2528,12.4758,12.9329,2.2559,13.1556,526.0,32889.0,3104.5078
2529,13.1068,13.0693,1.7886,13.3928,498.0,30211.0,3104.5078
2530,13.4639,12.8094,2.1815,14.3059,532.0,34055.0,3104.5078
2531,14.2848,12.3443,1.8553,12.4581,530.0,34115.0,3104.5078
2532,12.4961,12.6693,1.6831,13.3735,530.0,33497.0,3104.5078
2533,13.2978,12.83,1.8087,12.6595,535.0,32755.0,3104.5078
2534,12.711,12.8452,1.2957,13.986,533.0,32731.0,3104.5078
2535,13.9607,12.6289,1.6204,12.3731,560.0,56602.0,3104.5078
2536,12.3885,12.3753,1.6463,12.8268,536.0,35100.0,3104.5078
2537,12.8101,12.8466,1.8225,15.6347,538.0,32349.0,3104.5078
2538,15.6715,12.6546,1.6223,11.9122,534.0,32669.0,3104.5078
2539,11.9695,12.8436,1.7229,13.108,534.0,53151.0,3104.5078
2540,13.0076,12.7604,1.7823,12.9979,529.0,33225.0,3104.5078
2541,13.0149,12.3478,1.5451,13.0443,533.0,35597.0,3104.5078
2542,13.0205,13.0158,1.5735,13.5394,532.0,32833.0,3104.5078
2543,13.5699,12.8784,1.794,13.6426,516.0,31511.0,3104.5078
2544,13.5875,12.5902,1.6019,12.7213,497.0,30199.0,3104.5078
2545,12.7989,12.8425,2.4134,13.6376,534.0,56111.0,3104.5078
2546,13.6047,12.3183,1.675,13.7808,529.0,35639.0,3104.5078
2547,13.7761,12.8371,2.0796,12.0998,530.0,33403.0,3104.5078
2548,12.1969,12.5262,1.7476,13.4796,519.0,34117.0,3104.7578
2549,13.3551,12.8154,1.965,13.7392,538.0,50207.0,3104.7578
2550,13.8459,12.376,1.8214,12.6727,501.0,30203.0,3104.7578
2551,12.7,12.4998,1.6302,13.3445,543.0,52903.0,3104.7578
2552,13.2294,12.5807,1.5604,12.3646,535.0,44209.0,3104.7578
2553,12.3621,12.8723,1.6468,13.6136,533.0,34717.0,3104.7578
2554,13.6451,12.6607,2.2248,13.5782,536.0,36251.0,3104.7578
2555,13.5676,12.3431,1.753,12.8528,530.0,34107.0,3104.7578
2556,12.8385,12.6444,1.6766,13.3715,532.0,34715.0,3104.7578
2557,13.3684,12.9026,1.7129,13.0538,532.0,44223.0,3104.7578
2558,13.1689,12.7927,1.9764,13.2171,535.0,44119.0,3104.7578
2559,13.1381,12.5575,1.9654,13.4598,531.0,38281.0,3104.7578
2560,13.4714,12.3815,1.8629,13.5174,532.0,48727.0,3104.7578
2561,13.4964,13.0617,1.9842,12.7371,531.0,44143.0,3104.7578
2562,12.7953,12.6306,2.1517,13.3212,534.0,45723.0,3104.7578
2563,13.2578,12.8088,1.8432,13.2918,532.0,46019.0,3104.7578
2564,13.5145,12.7168,2.346,13.9294,534.0,35608.0,3104.7578
2565,13.6998,12.3854,1.68,12.6046,538.0,37764.0,3104.7578
2566,12.6353,12.5044,1.7945,12.8612,535.0,34631.0,3104.7578
2567,12.8918,12.8686,1.9559,13.5539,538.0,48610.0,3104.7578
2568,13.5169,12.8629,1.761,13.0853,536.0,35253.0,3104.7578
2569,13.074,12.3876,1.9903,13.3056,538.0,45133.0,3104.7578
2570,13.3844,12.586,1.7591,13.1826,533.0,40145.0,3104.7578
2571,13.1628,12.7568,1.9013,13.5418,532.0,35787.0,3104.7578
2572,13.5742,13.0362,2.2841,13.1506,536.0,33943.0,3104.7578
2573,13.0768,12.9031,2.0695,13.4624,531.0,33339.0,3104.7578
2574,13.4487,12.6313,1.9417,14.5357,531.0,32751.0,3104.7578
2575,14.5933,12.4479,2.0386,12.9061,532.0,34619.0,3104.7578
2576,12.8908,13.0293,2.053,13.4544,534.0,33699.0,3104.7578
2577,13.4678,12.7029,2.2654,12.5325,530.0,34579.0,3104.7578
2578,12.5711,13.0281,1.8528,13.4349,536.0,40807.0,3104.7578
2579,13.4828,12.5507,2.2888,14.1259,533.0,34413.0,3104.7578
2580,14.0586,12.8507,1.9017,13.7667,532.0,36423.0,3104.7578
2581,13.829,12.6802,2.1621,12.2636,534.0,32595.0,3104.7578
2582,12.2182,12.9345,2.0661,14.193,533.0,32747.0,3104.7578
2583,14.1669,12.8786,2.0011,12.6629,535.0,47411.0,3104.7578
2584,12.7308,12.4446,2.4562,13.6307,535.0,56393.0,3104.7578
2585,13.524,12.9366,2.1362,12.2932,534.0,44551.0,3104.7578
2586,12.3657,13.003,2.0025,13.5113,534.0,37869.0,3104.7578
2587,13.4827,12.8245,1.8293,13.5016,520.0,34267.0,3104.7578
2588,13.4325,12.8071,1.6744,12.6524,499.0,30319.0,3104.7578
2589,12.6677,12.547,1.6863,13.7167,497.0,31645.0,3104.7578
2590,13.8004,12.61,1.9177,13.0827,535.0,32935.0,3104.7578
2591,13.0303,12.5266,1.823,12.5566,531.0,32655.0,3104.7578
2592,12.5542,13.2049,1.9287,13.6347,530.0,46219.0,3104.7578
2593,13.5691,12.8121,1.5841,13.4425,532.0,42771.0,3104.7578
2594,13.5169,12.4061,1.6188,13.8789,532.0,39659.0,3104.7578
2595,13.8383,12.6594,1.5424,11.9849,509.0,30823.0,3104.7578
2596,12.0492,12.8611,1.8493,12.9234,495.0,30175.0,3104.7578
2597,12.8787,12.7574,1.9718,13.9507,500.0,30191.0,3104.7578
2598,13.977,12.5696,1.7895,12.8631,524.0,31631.0,3104.7578
2599,12.8982,12.3826,1.7459,13.3063,499.0,30179.0,3104.7578
2600,13.2247,12.5981,1.3818,13.0479,499.0,30201.0,3104.7578
2601,13.1578,12.7909,1.6038,13.2087,528.0,35939.0,3104.7578
2602,13.1017,12.5658,1.5098,13.2838,533.0,40397.0,3104.7578
2603,13.3417,12.8212,1.8866,15.2266,532.0,38709.0,3104.7578
2604,15.31,12.9271,2.0554,11.9269,531.0,34195.0,3104.7578
2605,11.7946,12.8928,2.2202,14.1125,533.0,36403.0,3104.7578
2606,14.158,12.7575,1.8908,12.3814,531.0,40739.0,3104.7578
2607,12.3431,12.8504,2.288,13.5114,523.0,32223.0,3104.7578
2608,13.5454,12.6073,1.6507,12.4826,496.0,30187.0,3104.7578
2609,12.4522,12.4095,1.5757,13.5792,536.0,38959.0,3104.7578
2610,13.5908,12.6933,1.8633,12.9391,534.0,36717.0,3104.7578
2611,12.9696,12.809,1.645,13.7494,530.0,35567.0,3104.7578
2612,13.671,12.5599,1.545,13.4573,531.0,43023.0,3104.7578
2613,13.5566,12.8143,1.8299,13.16,537.0,37253.0,3104.7578
2614,13.1173,12.4205,1.7165,12.6322,514.0,31255.0,3104.7578
2615,12.6905,12.8106,1.7892,12.9502,500.0,30191.0,3104.7578
2616,12.9353,12.8546,1.7316,13.9305,535.0,39831.0,3104.7578
2617,14.1449,13.006,2.2268,13.4194,534.0,33563.0,3104.7578
2618,13.2685,12.8156,1.947,13.0643,535.0,36353.0,3104.7578
2619,12.9514,12.3706,1.7867,13.5935,517.0,32493.0,3104.7578
2620,13.5465,12.786,1.9411,12.4637,503.0,30511.0,3104.7578
2621,12.6762,12.9647,1.9453,13.5171,532.0,33201.0,3104.7578
2622,13.3392,12.7331,1.441,13.4921,506.0,30739.0,3104.7578
2623,13.6028,12.3524,1.7879,12.8828,518.0,32505.0,3104.7578
2624,12.7518,12.5569,1.7011,13.2499,496.0,30187.0,3104.7578
2625,13.3562,13.2609,1.8625,13.292,530.0,34031.0,3104.7578
2626,13.2547,12.8509,1.8367,13.8864,531.0,34127.0,3104.7578
2627,13.8747,13.1248,1.7757,13.2885,532.0,33521.0,3104.7578
2628,13.3185,12.3734,1.8601,13.6317,532.0,32763.0,3104.7578
2629,13.5978,13.516,1.8186,14.6162,534.0,32743.0,3104.7578
2630,14.6092,12.6252,1.7053,12.1998,559.0,56590.0,3104.7578
2631,12.28,13.087,1.8247,14.1421,538.0,35102.0,3104.7578
2632,14.0471,13.4002,1.782,13.8612,533.0,32289.0,3104.7578
2633,13.9286,12.6492,1.952,12.6915,533.0,32657.0,3104.7578
2634,12.6922,12.584,1.8163,13.0699,537.0,53165.0,3104.7578
2635,13.0959,13.0224,1.7676,14.3631,533.0,33273.0,3104.7578
2636,14.4027,13.303,1.7186,12.3787,531.0,35573.0,3104.7578
2637,12.2567,13.0367,1.7824,14.5165,535.0,32869.0,3104.7578
2638,14.6168,12.6262,2.0278,13.0647,517.0,31523.0,3104.7578
2639,12.9968,12.382,2.2042,13.1019,497.0,30199.0,3104.7578
2640,13.0712,13.0891,1.9749,15.4938,530.0,56063.0,3104.7578
2641,15.6384,12.8301,1.9546,11.8355,533.0,35687.0,3104.7578
2642,11.7289,13.0341,1.8717,13.0909,532.0,33427.0,3104.7578
2643,13.1728,13.1469,1.85,14.0445,522.0,34297.0,3104.7578
2644,13.9109,12.4116,1.6196,12.9624,530.0,50011.0,3104.7578
2645,13.0096,12.8576,2.2368,14.3239,502.0,30215.0,3104.7578
2646,14.3166,13.1002,1.7824,13.4816,545.0,52927.0,3104.7578
2647,13.5005,13.0411,2.131,12.8279,536.0,44199.0,3104.7578
2648,12.8694,13.0043,1.9366,13.7171,535.0,34741.0,3104.7578
2649,13.6497,12.469,1.771,13.1723,535.0,36239.0,3104.7578
2650,13.15,13.2942,1.8808,14.3928,533.0,34121.0,3104.7578
2651,14.966,13.2715,2.1677,13.7976,533.0,34727.0,3104.7578
2652,13.2594,13.0278,1.9337,12.3305,532.0,44223.0,3104.7578
2653,12.314,13.0421,1.9279,14.1849,533.0,44095.0,3104.7578
2654,14.2259,12.3826,1.9206,13.0307,531.0,38281.0,3104.7578
2655,13.0364,12.8733,1.9986,13.17,530.0,48703.0,3104.7578
2656,13.1774,13.0579,1.7507,12.9754,531.0,44143.0,3104.7578
2657,12.8948,13.1697,1.6905,14.1843,529.0,45663.0,3104.7578
2658,14.1995,12.8859,1.6662,12.7769,530.0,45995.0,3104.7578
2659,12.7676,12.6047,2.1692,13.5493,530.0,35560.0,3104.7578
2660,13.6306,12.5127,2.1826,13.6497,537.0,37796.0,3104.7578
2661,13.6861,13.1786,2.3112,14.6372,536.0,34643.0,3104.7578
2662,14.5391,13.2412,1.7446,12.3223,540.0,48634.0,3104.7578
2663,12.3321,13.134,1.4854,13.1792,533.0,35195.0,3104.7578
2664,13.4053,12.3255,2.1599,13.7089,537.0,45121.0,3104.7578
2665,13.5013,12.6057,1.9065,12.9785,534.0,40157.0,3104.7578
2666,12.9988,12.9879,1.8171,13.8004,533.0,35777.0,3104.7578
2667,13.8392,12.981,1.7679,13.0855,532.0,33895.0,3104.7578
2668,13.0466,12.8901,1.6207,14.3647,534.0,33375.0,3104.7578
2669,14.3987,12.7781,1.743,12.6224,529.0,32727.0,3104.7578
2670,12.5404,12.3732,1.8232,13.5092,529.0,34583.0,3104.7578
2671,13.5787,12.9936,1.7473,13.6389,531.0,33663.0,3104.7578
2672,13.6168,13.2217,2.0267,12.5015,533.0,34615.0,3104.7578
2673,12.5395,13.2603,2.2247,14.2385,535.0,40795.0,3104.7578
2674,14.1784,13.1756,1.8563,13.9911,532.0,34401.0,3104.7578
2675,13.9989,12.3851,1.8981,12.426,535.0,36459.0,3104.7578
2676,12.4049,12.7881,1.6864,13.734,531.0,32603.0,3104.7578
2677,13.7683,12.7993,1.5902,12.7134,538.0,32807.0,3104.7578
2678,12.7672,12.7904,1.6894,13.4374,534.0,47399.0,3104.7578
2679,13.3723,12.644,1.8475,13.0839,534.0,56359.0,3104.7578
2680,13.0453,12.3752,1.6344,13.184,536.0,44575.0,3104.7578
2681,13.2976,12.8184,1.8805,13.377,536.0,37893.0,3104.7578
2682,13.4466,12.7172,2.0151,12.8976,525.0,34449.0,3104.7578
2683,12.7113,12.7992,1.7858,13.1567,496.0,30187.0,3104.7578
2684,13.1651,12.7426,1.8965,13.4197,531.0,34237.0,3104.7578
2685,13.4446,12.3622,1.7321,13.1133,535.0,32335.0,3104.7578
2686,13.0707,12.5832,1.457,13.7104,531.0,45495.0,3104.7578
2687,13.7237,12.8255,1.4122,12.6879,535.0,40320.0,3104.7578
2688,12.7447,12.8692,1.6396,13.8077,534.0,43274.0,3104.7578
2689,13.8423,12.4396,1.8153,13.4124,509.0,30967.0,3104.7578
2690,13.5164,12.4758,2.1166,13.7488,496.0,30187.0,3104.7578
2691,13.5924,13.3398,1.6759,12.8067,498.0,30211.0,3104.7578
2692,12.7796,13.0663,1.7084,13.9276,522.0,31651.0,3104.7578
2693,13.9873,12.6237,1.8248,12.4289,501.0,30203.0,3104.7578
2694,12.4103,12.586,1.8681,13.3464,501.0,30203.0,3104.7578
2695,13.437,12.6227,1.9467,13.4184,538.0,36549.0,3104.7578
2696,13.3803,12.7811,1.8679,12.6942,533.0,40029.0,3104.7578
2697,12.6238,12.8908,1.8759,13.4678,534.0,39021.0,3104.7578
2698,13.4436,12.7144,1.7382,13.706,534.0,33899.0,3104.7578
2699,13.7482,12.6895,1.7885,13.5073,533.0,36403.0,3104.7578
2700,13.5657,12.508,1.8435,12.9627,531.0,40739.0,3104.7578
2701,12.9117,12.6369,1.8742,12.4579,523.0,32127.0,3104.7578
2702,12.4828,12.7826,2.4016,13.7885,513.0,32679.0,3104.7578
2703,13.7012,12.6223,2.0028,14.0237,536.0,37759.0,3104.7578
2704,14.0895,12.4833,2.2401,13.542,530.0,38857.0,3104.7578
2705,13.6191,12.9648,2.0125,12.3728,529.0,34415.0,3104.7578
2706,12.3344,13.078,1.8355,14.5274,530.0,45037.0,3104.7578
2707,14.5963,12.6555,2.0559,12.0488,531.0,34007.0,3104.7578
2708,11.9608,12.8061,2.037,12.6066,497.0,30199.0,3104.7578
2709,12.6282,12.3578,1.6276,13.0201,536.0,39821.0,3104.7578
2710,12.9091,12.603,1.5632,13.6857,535.0,33553.0,3104.7578
2711,13.7226,12.6653,1.8768,12.7058,537.0,36355.0,3104.7578
2712,12.7363,12.6151,1.6293,13.3446,523.0,32783.0,3104.7578
2713,13.3323,12.7889,1.8568,13.0939,501.0,30225.0,3104.7578
2714,13.1303,12.3784,1.7765,13.7841,535.0,33311.0,3104.7578
2715,13.746,12.6242,1.8542,12.4535,507.0,31359.0,3104.7578
2716,12.5132,12.7774,1.6714,12.8724,514.0,31753.0,3104.7578
2717,12.8289,12.8205,1.67,13.4076,496.0,30187.0,3104.7578
2718,13.4237,12.4081,1.9461,14.0427,535.0,34091.0,3104.7578
2719,14.104,12.6529,1.6699,13.3555,530.0,34115.0,3104.7578
2720,13.3609,13.0947,1.781,13.7399,531.0,33509.0,3104.7578
2721,13.7026,13.1776,1.9799,12.5668,531.0,32751.0,3104.7578
2722,12.5673,12.838,2.0018,14.5572,530.0,32739.0,3104.7578
2723,14.6667,12.3365,2.1888,12.6852,558.0,56622.0,3104.7578
2724,12.5936,12.3373,2.0381,12.569,532.0,35074.0,3104.7578
2725,12.4942,12.8661,1.704,14.0546,535.0,32291.0,3104.7578
2726,14.0823,12.7783,1.7263,12.4378,535.0,32659.0,3104.7578
2727,12.4165,12.9156,1.8325,13.2654,538.0,53155.0,3104.7578
2728,13.2674,12.3545,1.6883,12.9975,534.0,33263.0,3104.7578
2729,12.9601,12.6379,1.5504,12.8918,534.0,35587.0,3104.7578
2730,13.0219,12.8775,1.8451,13.5759,532.0,32811.0,3104.7578
2731,13.5477,12.8055,1.8534,13.7498,516.0,31511.0,3104.7578
2732,13.6538,12.5934,1.4497,12.7816,498.0,30211.0,3104.7578
2733,12.8055,12.3566,1.7163,12.9972,534.0,56111.0,3104.7578
2734,13.0162,12.7506,1.4247,13.0147,530.0,35651.0,3104.7578
2735,13.0654,12.8491,1.5321,13.8974,531.0,33415.0,3104.7578
2736,13.9784,12.6466,1.9111,13.4282,528.0,37897.0,3104.7578
2737,13.3862,13.082,2.1992,14.3148,529.0,46471.0,3104.7578
2738,14.3179,12.9136,2.4725,14.0306,495.0,30175.0,3104.7578
2739,13.9449,13.6317,2.1411,13.4958,540.0,52911.0,3104.7578
2740,13.5266,13.0449,2.7519,16.9568,532.0,44195.0,3104.7578
2741,16.9929,12.9676,1.806,10.732,536.0,34731.0,3104.7578
2742,10.662,13.2064,1.989,13.9499,535.0,36217.0,3104.7578
2743,13.9893,12.8128,2.317,13.8177,536.0,34135.0,3104.7578
2744,13.9386,12.5228,2.2677,13.9384,537.0,34753.0,3104.7578
2745,13.8359,13.1954,2.168,12.0899,534.0,44225.0,3104.7578
2746,12.1228,13.3598,1.8995,15.1141,532.0,44061.0,3104.7578
2747,15.0887,12.9192,2.1863,12.9645,532.0,38293.0,3104.7578
2748,12.9645,12.822,1.9751,12.8241,530.0,48703.0,3104.7578
2749,12.7656,12.62,1.981,13.3828,531.0,44143.0,3104.7578
2750,13.418,13.0242,1.9586,12.3038,532.0,45699.0,3104.7578
2751,12.2906,12.8969,1.7435,16.7424,532.0,46019.0,3104.7578
2752,16.7661,12.9566,1.8626,11.2727,530.0,35560.0,3104.7578
2753,11.315,12.6587,1.754,11.7215,529.0,37700.0,3104.7578
2754,11.6636,12.4299,1.8152,14.5071,531.0,34627.0,3104.7578
2755,14.5545,13.0667,1.8635,11.8752,535.0,48618.0,3104.7578
2756,11.7953,12.908,1.5983,13.1853,531.0,35215.0,3104.7578
2757,13.2182,12.7264,1.7917,14.1898,539.0,45123.0,3104.7578
2758,14.1857,12.9157,1.9339,13.0792,537.0,40171.0,3104.7578
2759,13.1465,12.4697,1.8451,13.95,535.0,35779.0,3104.7578
2760,14.0423,12.9508,2.3401,13.9414,536.0,33921.0,3104.7578
2761,13.8534,12.7036,1.9159,12.2149,535.0,33365.0,3104.7578
2762,12.1673,13.1686,2.0429,13.9576,534.0,32765.0,3104.7578
2763,14.0238,13.0999,2.2148,13.1649,530.0,34595.0,3104.7578
2764,13.0888,12.4055,1.8757,13.6554,532.0,33675.0,3104.7578
2765,13.673,13.0267,2.3377,13.4413,532.0,34603.0,3104.7578
2766,13.4964,13.4145,2.1405,13.6894,536.0,40807.0,3104.7578
2767,14.5979,12.8069,3.4924,13.4408,530.0,34377.0,3104.7578
2768,12.4514,12.7381,1.9136,12.3301,533.0,36435.0,3104.7578
2769,12.351,12.4525,1.923,13.3403,535.0,32651.0,3104.7578
2770,13.5137,12.907,2.1517,14.7497,532.0,32779.0,3104.7578
2771,14.5733,13.1467,1.921,13.4681,531.0,47407.0,3104.7578
2772,13.5174,13.7204,2.2274,13.5274,535.0,56415.0,3104.7578
2773,13.4546,12.9219,2.068,14.0068,535.0,44541.0,3104.7578
2774,14.1068,12.4442,1.9527,12.4146,536.0,37871.0,3104.7578
2775,12.4131,12.5488,1.8141,13.3135,528.0,34463.0,3104.7578
2776,13.2524,13.0414,1.9216,13.6579,500.0,30213.0,3104.7578
2777,13.6807,13.2068,2.1328,13.8066,532.0,34227.0,3104.7578
2778,13.843,13.2042,2.4124,13.726,533.0,32289.0,3104.7578
2779,13.7172,12.8307,1.97,13.9376,531.0,45495.0,3104.7578
2780,13.8791,12.6874,1.9311,12.4838,529.0,40248.0,3104.7578
2781,12.5182,12.8933,1.8821,13.3479,529.0,43214.0,3104.7578
2782,13.2951,12.6227,1.7091,13.2997,509.0,30967.0,3104.7578
2783,13.3729,13.3717,1.7585,13.1569,501.0,30247.0,3104.7578
2784,13.0937,13.1906,1.9253,14.15,498.0,30211.0,3104.7578
2785,14.2098,12.4389,1.6765,12.7535,522.0,31651.0,3104.7578
2786,12.6917,12.6099,1.4762,13.4045,494.0,30163.0,3104.7578
2787,13.5387,12.8883,2.401,13.2602,498.0,30211.0,3104.7578
2788,13.1745,12.8041,1.7163,13.0922,531.0,36925.0,3104.7578
2789,13.0255,12.7659,1.7219,13.6404,536.0,39675.0,3104.7578
2790,13.6229,12.6647,1.4515,13.2573,536.0,39023.0,3104.7578
2791,13.3771,13.5552,1.7541,14.6238,537.0,33913.0,3104.7578
2792,14.5157,12.8587,1.6553,12.8915,532.0,36369.0,3104.7578
2793,13.0167,13.0242,1.5817,14.2193,531.0,40717.0,3104.7578
2794,14.197,13.081,2.0908,14.393,527.0,32297.0,3104.7578
2795,14.3942,12.4808,2.5392,15.4592,529.0,34131.0,3104.7578
2796,15.4532,13.0683,2.5407,10.4488,523.0,38965.0,3104.7578
2797,10.3996,13.3141,2.5488,15.6456,533.0,36927.0,3104.7578
2798,15.7114,12.961,2.1584,12.1184,534.0,34607.0,3104.7578
2799,12.1313,12.9645,1.9648,15.0014,532.0,45111.0,3104.7578
2800,15.01,12.7412,2.1103,10.7856,522.0,32869.0,3104.7578
2801,10.8457,12.7036,1.8566,14.3832,495.0,30175.0,3104.7578
2802,14.3083,13.3666,2.4527,13.7695,529.0,39781.0,3104.7578
2803,13.711,13.2393,2.0875,13.7729,534.0,33585.0,3104.7578
2804,13.8609,12.9114,2.1403,13.094,532.0,36339.0,3104.7578
2805,13.0933,12.9106,2.5204,14.1494,531.0,32857.0,3104.7578
2806,14.2587,12.7499,2.621,12.7339,509.0,30731.0,3104.7578
2807,12.5912,13.3187,2.2793,13.7466,531.0,33097.0,3104.7578
2808,13.7899,12.9545,1.9395,12.6323,513.0,31361.0,3104.7578
2809,12.605,12.9994,2.0262,13.7945,511.0,31455.0,3104.7578
2810,13.7585,12.6489,2.3254,13.1991,501.0,30225.0,3104.7578
2811,13.1891,12.4852,2.1453,14.142,534.0,34079.0,3104.7578
2812,14.4276,13.1582,2.901,13.7042,530.0,34115.0,3104.7578
2813,13.4449,13.4758,2.2785,15.1372,531.0,33509.0,3104.7578
2814,15.166,12.9566,2.372,11.1934,533.0,32775.0,3104.7578
2815,11.1753,13.4165,2.347,14.0486,535.0,32799.0,3104.7578
2816,14.0138,12.7852,1.9001,13.6757,558.0,56622.0,3104.7578
2817,13.609,13.1797,1.9083,14.6038,533.0,35086.0,3104.7578
2818,14.667,13.1512,2.3033,14.0919,534.0,32323.0,3104.7578
2819,14.1197,13.4066,2.3172,13.3215,533.0,32679.0,3104.7578
2820,13.2774,13.4788,2.0854,13.283,534.0,53151.0,3104.7578
2821,13.2707,13.1054,2.2963,13.6531,536.0,33265.0,3104.7578
2822,13.6512,12.499,2.2026,13.9141,535.0,35577.0,3104.7578
2823,14.049,13.1712,2.1377,13.4566,537.0,32849.0,3104.7578
2824,13.385,13.0308,2.3183,12.5097,519.0,31525.0,3104.7578
2825,12.4385,13.08,1.9416,13.4462,499.0,30201.0,3104.7578
2826,13.483,13.0177,2.2191,14.3625,536.0,56113.0,3104.7578
2827,14.3345,12.3653,2.0211,13.1485,529.0,35639.0,3104.7578
2828,13.1466,13.1687,2.0744,12.6921,530.0,33403.0,3104.7578
2829,12.6863,13.2598,1.9096,13.5289,528.0,38041.0,3104.7578
2830,13.6088,13.0896,2.2656,13.9741,525.0,46279.0,3104.7578
2831,13.9321,13.6044,1.9626,13.8664,498.0,30211.0,3104.7578
2832,13.9764,13.131,2.2565,14.2843,537.0,52875.0,3104.7578
2833,14.1831,12.6298,2.0954,13.3579,531.0,44183.0,3104.7578
2834,13.3728,12.7901,2.1371,13.4168,532.0,34727.0,3104.7578
2835,13.865,12.9181,1.8292,12.8686,531.0,36213.0,3104.7578
2836,12.3917,13.1409,2.0607,15.207,534.0,34155.0,3104.7578
2837,15.3353,12.9016,2.5341,13.5255,535.0,34707.0,3104.7578
2838,13.4039,13.2696,2.1412,13.205,535.0,44215.0,3104.7578
2839,13.2664,13.3421,2.111,13.8026,536.0,44087.0,3104.7578
2840,13.734,13.2128,1.8811,12.6029,534.0,38295.0,3104.7578
2841,12.6151,13.1853,2.041,14.1854,535.0,48741.0,3104.7578
2842,14.1959,13.1772,1.8973,13.3836,534.0,44157.0,3104.7578
2843,13.381,12.9274,1.8874,13.6297,530.0,45675.0,3104.7578
2844,13.6017,12.7016,1.917,13.405,531.0,46007.0,3104.7578
2845,13.3857,12.9435,1.6659,13.4452,531.0,35572.0,3104.7578
2846,13.5405,13.1575,1.9952,13.0477,530.0,37712.0,3104.7578
2847,12.8967,12.8803,1.8949,13.4739,532.0,34639.0,3104.7578
2848,13.6442,13.0856,2.1011,14.4844,534.0,48606.0,3104.7578
2849,14.4538,12.3971,2.1554,13.5218,531.0,35215.0,3104.7578
2850,13.7944,13.3333,2.4885,16.7023,534.0,45107.0,3104.7578
2851,16.5791,13.1625,3.1546,10.9827,531.0,40143.0,3104.7578
2852,10.8543,13.2435,2.5585,15.0908,532.0,35787.0,3104.7578
2853,15.2244,13.1869,2.3968,13.276,535.0,33887.0,3104.7578
2854,13.1915,12.3644,2.1553,12.4127,535.0,33343.0,3104.7578
2855,12.2881,12.9554,1.9615,14.917,537.0,32779.0,3104.7578
2856,15.2028,13.2347,2.3686,12.9606,535.0,34633.0,3104.7578
2857,12.9404,13.4823,2.7167,14.4693,532.0,33653.0,3104.7578
2858,14.4515,13.0144,3.0082,13.1002,534.0,34605.0,3104.7578
2859,12.9257,13.1204,2.8608,13.4433,535.0,40795.0,3104.7578
2860,13.3945,13.1534,2.1784,16.09,535.0,34437.0,3104.7578
2861,16.1491,13.1955,2.2942,12.3494,530.0,36399.0,3104.7578
2862,12.3746,12.748,2.3231,12.1582,534.0,32639.0,3104.7578
2863,12.1523,12.9906,2.8367,13.2506,532.0,32779.0,3104.7578
2864,13.2344,13.2156,1.9291,17.106,451.0,115165.0,3104.7578
2865,17.1739,12.5193,2.2082,12.763,257.0,60168.0,3104.7578
2866,12.6387,13.0915,2.2832,10.6524,178.0,19138.0,3104.7578
2867,10.674,13.0423,1.8086,13.0681,136.0,6732.0,3104.7578
2868,13.0141,11.6324,1.4608,12.3123,146.0,13175.0,3104.7578
2869,12.313,11.4433,1.7118,11.2877,170.0,5884.0,3104.7578
2870,11.2781,11.5248,1.87,12.1744,170.0,6694.0,3104.7578
2871,12.1698,11.4393,2.1828,11.7114,170.0,5020.0,3104.7578
2872,11.7256,11.3674,1.7538,12.672,168.0,11642.0,3104.7578
2873,12.7051,10.9671,2.0162,11.3643,168.0,17620.0,3104.7578
2874,11.3398,11.1726,2.1144,12.1783,170.0,27678.0,3125.4453
2875,12.2376,11.7758,2.1619,11.9112,167.0,21208.0,3140.1328
2876,11.9188,11.6095,1.9365,14.2112,169.0,11796.0,3140.1328
2877,14.2229,11.0653,2.0935,9.6734,172.0,15298.0,3140.1328
2878,9.6058,11.412,1.8452,11.1928,170.0,13141.0,3110.7578
2879,11.2129,11.2129,2.1654,12.2422,171.0,25572.0,3069.3828
2880,12.2451,11.0054,2.3417,12.4328,168.0,18766.0,3069.3828
2881,12.422,11.6244,1.5276,11.4467,171.0,13544.0,3069.3828
2882,11.5109,11.8641,1.6315,12.301,167.0,9752.0,3069.3828
2883,12.2358,11.3505,1.632,12.0233,171.0,10342.0,2941.3828
2884,12.0426,10.9774,1.7593,11.6058,171.0,15594.0,2941.3828
2885,11.5995,11.42,1.987,11.2823,138.0,5202.0,2941.3828
2886,11.2403,11.6441,1.6373,13.0033,175.0,10854.0,2941.3828
2887,13.041,10.9618,1.6891,11.6826,171.0,14904.0,2941.3828
2888,11.7049,11.4566,2.1504,11.2227,171.0,14859.0,2941.3828
2889,11.4085,12.1133,2.313,12.2415,141.0,6514.0,2941.3828
2890,12.0019,11.3321,1.5683,11.7512,134.0,2950.0,2941.3828
2891,11.7433,10.9066,1.3867,11.535,171.0,15358.0,2941.3828
2892,11.5812,11.1024,1.6612,11.6905,169.0,11707.0,2941.3828
2893,11.6933,11.3908,1.6037,12.4949,172.0,14588.0,2941.3828
2894,12.4694,10.9313,1.619,11.6927,168.0,13912.0,2941.3828
2895,11.649,11.6985,1.7373,11.762,167.0,7380.0,2941.3828
2896,12.035,12.1535,2.7182,12.5707,167.0,5512.0,2941.3828
2897,12.3379,11.1069,2.6499,11.8716,175.0,11053.0,2941.3828
2898,11.9141,10.9042,1.8525,11.4777,168.0,10228.0,2941.3828
2899,11.4533,11.6353,1.6667,11.7994,168.0,5892.0,2941.3828
2900,11.7531,11.1242,1.5842,11.6089,167.0,5784.0,2941.3828
2901,11.6896,10.8687,2.3614,11.6027,173.0,10279.0,2941.3828
2902,11.5111,11.3977,2.0457,12.526,171.0,8408.0,2941.3828
2903,12.6092,11.3842,1.8349,11.1435,172.0,5064.0,2941.3828
2904,11.0823,11.0038,1.4216,11.8584,161.0,4570.0,2941.3828
2905,11.8729,11.1557,1.5143,11.7863,134.0,2950.0,2941.3828
2906,11.7927,11.3974,1.6236,11.6179,169.0,5050.0,2941.3828
2907,11.6041,11.0539,1.5055,11.2504,168.0,5060.0,2941.3828
2908,11.2414,10.9339,1.5779,11.8806,167.0,5048.0,2941.3828
2909,11.9371,11.3425,1.587,11.6591,168.0,5060.0,2941.3828
2910,11.6463,11.5431,1.5062,12.2905,167.0,5048.0,2941.3828
2911,12.2948,10.8945,1.6665,11.1947,167.0,5048.0,2941.3828
2912,11.1982,10.9006,1.5694,12.3902,167.0,7242.0,2941.3828
2913,12.3602,11.2976,1.6597,11.2643,167.0,7002.0,2941.3828
2914,11.2399,11.1029,1.903,11.3596,168.0,7374.0,2941.3828
2915,11.3553,10.8998,1.3796,12.288,169.0,8303.0,2941.3828
2916,12.3665,11.1235,1.4454,10.9997,167.0,7044.0,2941.3828
2917,10.9755,11.3408,1.3253,11.8163,173.0,10482.0,2941.3828
2918,11.8232,10.892,1.5681,12.1,171.0,6888.0,2941.3828
2919,12.2846,11.334,1.5874,11.2747,171.0,6748.0,2941.3828
2920,11.0741,11.2173,1.3621,11.7159,169.0,5914.0,2941.3828
2921,11.7117,10.9227,1.328,12.6627,169.0,6724.0,2941.3828
2922,12.6352,11.3796,1.3465,10.7459,169.0,5050.0,2941.3828
2923,10.8496,11.4846,1.5926,12.0547,167.0,11672.0,2941.3828
2924,12.0091,11.4217,1.3617,12.4755,168.0,17662.0,2941.3828
2925,12.4275,10.9234,1.449,10.8358,167.0,27664.0,2941.3828
2926,10.834,11.4145,2.1694,11.936,167.0,21208.0,2941.3828
2927,12.0742,11.2918,1.813,11.7819,168.0,11784.0,2941.3828
2928,11.7136,10.9419,1.8775,12.037,172.0,15298.0,2941.3828
2929,12.0307,11.2187,1.8312,10.9104,170.0,13141.0,2941.3828
2930,10.8866,11.5873,1.4698,12.4557,172.0,25584.0,2941.3828
2931,12.4775,11.2398,1.5784,11.95,168.0,18646.0,2941.3828
2932,11.9333,11.4097,1.673,12.015,171.0,13664.0,2941.3828
2933,12.0773,11.5856,1.8148,11.5371,171.0,9756.0,2941.3828
2934,11.4617,11.3589,1.3519,11.8986,174.0,10334.0,2941.3828
2935,11.9573,10.9892,1.6059,11.9702,176.0,15658.0,2941.3828
2936,11.9549,11.6674,1.965,11.6475,137.0,5260.0,2941.3828
2937,11.6624,11.6396,1.7433,12.0824,173.0,10852.0,2941.3828
2938,12.0122,10.8631,1.6524,12.0813,170.0,14914.0,2941.3828
2939,12.1095,11.1746,1.6795,11.1015,169.0,14857.0,2941.3828
2940,11.0926,11.5752,2.1095,12.0746,137.0,6440.0,2941.3828
2941,12.0353,11.5371,1.5295,11.9672,132.0,2948.0,2941.3828
2942,11.994,10.8272,1.4726,11.5725,171.0,15358.0,2941.3828
2943,11.6104,11.1134,1.6121,11.9623,169.0,11707.0,2941.3828
2944,11.9603,11.3858,1.5867,11.576,171.0,14576.0,2941.3828
2945,11.5594,11.1067,1.6978,11.8201,168.0,13912.0,2941.3828
2946,11.8076,11.3677,1.6629,11.1667,167.0,7380.0,2941.3828
2947,11.2699,11.1402,1.8646,12.1405,167.0,5512.0,2941.3828
2948,12.0528,11.1739,1.6146,11.4361,173.0,11029.0,2941.3828
2949,11.4568,10.8061,1.6468,11.6002,171.0,10220.0,2941.3828
2950,11.5939,11.5981,1.7224,11.9835,171.0,5884.0,2941.3828
2951,11.9848,11.0928,1.4756,11.6565,171.0,5788.0,2941.3828
2952,11.6445,10.8868,1.6269,11.2874,171.0,10277.0,2941.3828
2953,11.2815,11.3653,1.6014,11.7716,169.0,8406.0,2941.3828
2954,11.7656,11.2458,1.3887,12.0112,169.0,5050.0,2941.3828
2955,11.9708,10.8585,1.3941,11.112,160.0,4580.0,2941.3828
2956,11.1132,11.0618,1.8803,11.2035,132.0,2948.0,2941.3828
2957,11.2972,11.3181,2.0256,12.3934,167.0,5048.0,2941.3828
2958,12.3271,10.8746,1.4279,11.9999,167.0,5048.0,2941.3828
2959,12.0132,11.3959,1.7399,11.9126,168.0,5060.0,2941.3828
2960,11.913,11.0808,1.7958,11.1154,167.0,5048.0,2941.3828
2961,11.1622,11.3091,1.6323,11.8078,167.0,5048.0,2941.3828
2962,11.7931,10.8459,2.1303,11.5743,167.0,5048.0,2941.3828
2963,11.5314,11.2929,1.9566,11.4257,168.0,7254.0,2941.3828
2964,11.4855,11.2724,1.7964,11.6647,167.0,7002.0,2941.3828
2965,11.684,10.9138,1.6607,11.7764,171.0,7366.0,2941.3828
2966,11.7326,11.2767,1.5942,11.6976,173.0,8307.0,2941.3828
2967,11.7285,11.2027,1.7758,11.5158,171.0,7048.0,2941.3828
2968,11.4791,10.955,1.5319,12.2101,170.0,10468.0,2941.3828
2969,12.2428,11.5917,1.7143,11.9115,170.0,6898.0,2941.3828
2970,11.9455,11.7103,1.8486,11.5853,169.0,6746.0,2941.3828
2971,11.541,11.0683,1.6774,11.9516,168.0,5924.0,2941.3828
2972,12.0367,10.8065,1.7438,11.3789,168.0,6734.0,2941.3828
2973,11.2892,11.3359,1.6235,11.4094,167.0,5048.0,2941.3828
2974,11.4287,11.4639,1.5016,12.4119,167.0,11672.0,2941.3828
2975,12.4228,10.8243,1.6953,11.4853,167.0,17650.0,2941.3828
2976,11.4814,11.1378,2.7364,12.5483,167.0,27664.0,2941.3828
2977,12.6629,11.4055,1.9893,11.1214,168.0,21220.0,2941.3828
2978,11.0473,13.1539,1.8003,13.1188,168.0,11784.0,2941.3828
2979,13.0427,11.0275,1.7078,11.4748,171.0,15286.0,2941.3828
2980,11.4744,11.0399,2.0816,11.6924,170.0,13141.0,2941.3828
2981,11.6976,11.3802,2.055,11.8392,175.0,25576.0,2941.3828
2982,11.8344,10.864,1.7061,12.1116,172.0,18650.0,2941.3828
2983,12.1006,11.3823,1.8675,11.7309,175.0,13668.0,2941.3828
2984,11.767,11.3846,1.7115,11.0975,169.0,9754.0,2941.3828
2985,11.0859,11.235,1.4006,12.3584,172.0,10332.0,2941.3828
2986,12.328,10.8395,1.4591,10.9741,174.0,15656.0,2941.3828
2987,10.9632,11.3021,1.3343,11.5105,144.0,7549.0,2941.3828
2988,11.7312,11.2954,1.6911,12.7663,169.0,8979.0,2941.3828
2989,12.6389,10.87,1.6628,10.9491,167.0,18092.0,2941.3828
2990,10.9479,11.2375,1.7007,11.5565,169.0,14857.0,2941.3828
2991,11.5756,11.0828,1.8599,10.9394,132.0,2948.0,2941.3828
2992,10.8768,10.8974,1.5272,12.4311,171.0,15358.0,2941.3828
2993,12.4079,11.2735,1.0839,11.6341,169.0,11707.0,2941.3828
2994,11.6407,11.2923,1.3075,11.6098,171.0,14576.0,2941.3828
2995,11.6211,10.8311,1.2867,11.4227,167.0,13900.0,2941.3828
2996,11.4101,10.8531,1.3749,11.9238,167.0,7380.0,2941.3828
2997,11.9085,11.7544,1.6032,12.5199,171.0,5516.0,2941.3828
2998,12.5808,11.3322,1.8203,11.4002,177.0,11033.0,2941.3828
2999,11.433,10.9417,1.6554,11.3985,171.0,10220.0,2941.3828
3000,11.3299,11.1237,1.3128,11.7507,170.0,5894.0,2941.3828
3001,11.747,11.282,1.5429,11.6316,169.0,5786.0,2941.3828
3002,11.6852,10.8782,1.6065,12.1656,171.0,10277.0,2941.3828
3003,12.1757,11.5139,1.658,11.7485,168.0,8416.0,2941.3828
3004,11.7101,11.0763,1.7756,11.1181,167.0,5048.0,2941.3828
3005,11.1491,11.1045,2.3183,11.7827,159.0,4568.0,2941.3828
3006,11.796,11.3611,1.8182,11.8904,133.0,2960.0,2941.3828
3007,11.8636,11.8229,1.7207,11.8923,167.0,5048.0,2941.3828
3008,11.9064,11.7078,1.5548,12.4195,167.0,5048.0,2941.3828
3009,12.3892,10.8504,1.618,11.5917,168.0,5060.0,2941.3828
3010,11.5825,11.2648,1.7035,11.3984,167.0,5048.0,2941.3828
3011,11.4658,11.3051,1.7656,11.7115,167.0,5048.0,2941.3828
3012,11.6522,11.3241,1.37,11.986,167.0,5048.0,2941.3828
3013,12.123,10.7494,1.5755,11.5122,172.0,7258.0,2941.3828
3014,11.4045,11.3079,1.7607,11.6887,172.0,7018.0,2941.3828
3015,11.6777,11.1069,1.6241,11.9196,171.0,7366.0,2941.3828
3016,11.8955,10.95,1.8273,11.4464,171.0,8305.0,2941.3828
3017,11.5304,11.348,1.8816,12.1451,169.0,7046.0,2941.3828
3018,12.0952,11.298,1.7474,11.8214,170.0,10468.0,2941.3828
3019,11.8243,11.0898,1.825,10.8845,167.0,6884.0,2941.3828
3020,10.8981,11.2851,1.6305,11.4825,167.0,6744.0,2941.3828
3021,11.5235,11.7379,1.7605,12.6615,167.0,5912.0,2941.3828
3022,12.6442,11.0959,1.7159,13.1236,167.0,6722.0,2941.3828
3023,13.0846,11.1364,1.6431,10.6342,167.0,5048.0,2941.3828
3024,10.6253,11.2941,1.7176,11.0894,168.0,11684.0,2941.3828
3025,11.0898,11.7186,1.5994,12.9387,167.0,17650.0,2941.3828
3026,12.9474,10.8773,1.9852,11.333,168.0,27676.0,2941.3828
3027,11.3282,11.7043,1.8805,11.4809,168.0,21220.0,2941.3828
3028,11.4846,11.3716,1.6513,12.172,168.0,11784.0,2941.3828
3029,12.1754,11.1028,1.7606,11.7276,176.0,15302.0,2941.3828
3030,11.757,11.3339,1.9797,12.9797,174.0,13145.0,2941.3828
3031,12.9414,11.6022,2.0538,11.049,175.0,25576.0,2941.3828
3032,11.0632,11.3592,1.561,11.9401,170.0,18648.0,2941.3828
3033,11.9895,10.9134,1.607,11.9731,173.0,13666.0,2941.3828
3034,11.927,11.7408,1.7344,11.2804,170.0,9766.0,2941.3828
3035,11.2814,11.3219,1.8904,12.3466,170.0,10330.0,2941.3828
3036,12.3432,11.159,1.7793,12.1718,173.0,15666.0,2941.3828
3037,12.1644,11.5544,1.7673,11.2623,149.0,7801.0,2941.3828
3038,11.2635,11.5427,1.8008,12.1959,169.0,8979.0,2941.3828
3039,12.1699,11.3523,1.4978,12.0963,167.0,20152.0,2941.3828
3040,12.1522,10.8511,1.677,11.3354,166.0,12569.0,2941.3828
3041,11.3187,11.5738,2.1127,11.165,132.0,2948.0,2941.3828
3042,11.1474,11.5083,1.3059,12.738,171.0,15358.0,2941.3828
3043,12.838,10.8656,1.7663,11.3168,169.0,11707.0,2941.3828
3044,11.2033,11.3694,1.8341,12.2969,171.0,14576.0,2941.3828
3045,12.3307,11.5255,1.7826,11.4123,172.0,13916.0,2941.3828
3046,11.424,11.5736,1.6763,12.6849,172.0,7396.0,2941.3828
3047,12.8339,11.2364,1.8832,11.7781,171.0,5516.0,2941.3828
3048,11.6603,11.6389,1.8611,11.9491,175.0,11031.0,2941.3828
3049,11.9338,11.6426,1.6801,12.0189,169.0,10218.0,2941.3828
3050,12.0053,10.8699,1.5867,11.0994,169.0,5882.0,2941.3828
3051,11.0811,11.2462,1.592,12.2388,167.0,5784.0,2941.3828
3052,12.248,11.7317,1.6698,12.188,170.0,10287.0,2941.3828
3053,12.3035,11.989,1.5875,12.327,167.0,8404.0,2941.3828
3054,12.1972,10.8989,1.6572,12.2393,168.0,5060.0,2941.3828
3055,12.3911,11.5539,1.7382,10.8925,159.0,4568.0,2941.3828
3056,10.8426,11.5211,1.7637,12.1471,133.0,2960.0,2941.3828
3057,12.0626,10.904,1.9169,11.9908,167.0,5048.0,2941.3828
3058,11.9804,11.351,1.8844,12.3833,167.0,5048.0,2941.3828
3059,12.4909,11.3468,1.9473,11.0514,167.0,5048.0,2941.3828
3060,10.9699,11.4557,1.776,12.6225,168.0,5060.0,2941.3828
3061,12.6042,10.8574,2.3457,10.9288,171.0,5052.0,2941.3828
3062,10.9259,11.3366,1.6637,11.7108,172.0,5064.0,2941.3828
3063,11.8688,11.3375,1.7138,11.8245,171.0,7246.0,2941.3828
3064,11.8254,10.9141,1.7444,12.0107,170.0,7016.0,2941.3828
3065,11.8747,11.556,1.6581,11.2282,169.0,7364.0,2941.3828
3066,11.2744,11.5243,2.134,12.6026,172.0,8317.0,2941.3828
3067,12.5484,11.4852,1.6741,12.1478,167.0,7044.0,2941.3828
3068,12.2037,11.0816,1.9889,11.9922,168.0,10466.0,2941.3828
3069,12.0595,12.0565,2.6941,13.0024,167.0,6884.0,2941.3828
3070,12.9689,12.0017,2.407,11.7259,167.0,6744.0,2941.3828
3071,11.7261,11.3666,1.7813,12.0381,167.0,5912.0,2941.3828
3072,11.9542,11.442,1.7582,11.86,167.0,6722.0,2941.3828
3073,11.8483,11.7061,1.6278,11.9243,168.0,5060.0,2941.3828
3074,11.8986,11.4514,1.3585,12.45,167.0,11672.0,2941.3828
3075,12.4866,11.1679,1.6522,11.527,167.0,17650.0,2941.3828
3076,11.5509,11.6444,1.9517,11.4888,168.0,27676.0,2941.3828
3077,11.5139,11.7906,1.659,12.7488,171.0,21212.0,2941.3828
3078,12.6834,11.4851,1.4473,12.2671,172.0,11788.0,2941.3828
3079,12.2996,11.2419,1.5973,11.6831,176.0,15302.0,2941.3828
3080,11.6422,11.6522,1.4323,11.9073,172.0,13143.0,2941.3828
3081,11.9011,11.7225,1.2547,12.4493,173.0,25574.0,2941.3828
3082,12.4334,11.4024,1.2544,12.0287,170.0,18648.0,2941.3828
3083,12.041,11.3961,1.6289,11.8199,171.0,13664.0,2941.3828
3084,11.8009,11.6007,1.7954,11.607,167.0,9752.0,2941.3828
3085,11.6913,11.5889,1.6885,12.4801,170.0,10330.0,2941.3828
3086,12.579,11.1556,1.5863,11.6946,172.0,15654.0,2941.3828
3087,11.5805,11.6081,2.1339,12.0414,157.0,10080.0,2941.3828
3088,11.9874,11.6675,1.5169,11.8366,161.0,6700.0,2941.3828
3089,11.8561,11.1928,1.5131,12.183,167.0,20152.0,2941.3828
3090,12.1723,11.4228,1.4478,11.7443,166.0,12569.0,2941.3828
3091,11.8011,11.7143,1.5565,12.2355,132.0,2948.0,2941.3828
3092,12.2096,11.6704,1.3156,12.4699,172.0,15370.0,2941.3828
3093,12.4403,11.1831,1.541,11.1524,173.0,11711.0,2941.3828
3094,11.1703,11.6768,1.7993,12.9325,175.0,14580.0,2941.3828
3095,12.9081,11.6634,1.5131,11.9288,171.0,13904.0,2941.3828
3096,11.9049,11.4489,1.8357,12.6966,169.0,7382.0,2941.3828
3097,12.7826,11.6669,1.6008,11.2567,169.0,5514.0,2941.3828
3098,11.1989,11.8997,1.4486,12.5082,175.0,11031.0,2941.3828
3099,12.4879,11.6198,1.2711,11.9725,168.0,10228.0,2941.3828
3100,12.2178,11.2045,1.8038,11.8742,167.0,5880.0,2941.3828
3101,11.7426,11.6052,1.894,12.0241,167.0,5784.0,2941.3828
3102,12.0435,11.6199,1.9073,11.8839,169.0,10275.0,2941.3828
3103,11.8257,11.5777,1.6209,12.0179,167.0,8404.0,2941.3828
3104,11.9858,11.2749,1.5106,12.2498,168.0,5060.0,2941.3828
3105,12.2444,11.5571,1.4854,11.6502,159.0,4568.0,2941.3828
3106,11.6768,11.4304,1.4595,11.9583,132.0,2948.0,2941.3828
3107,11.8852,11.1142,1.5585,12.3165,167.0,5048.0,2941.3828
3108,12.3761,11.6154,1.6757,11.7226,167.0,5048.0,2941.3828
3109,11.7119,11.6167,1.6711,11.8688,172.0,5064.0,2941.3828
3110,11.8953,11.5815,1.629,11.9475,171.0,5052.0,2941.3828
3111,11.9076,11.1856,1.4057,13.1756,171.0,5052.0,2941.3828
3112,13.2608,11.891,1.6765,11.2843,170.0,5062.0,2941.3828
3113,11.2306,11.7115,1.745,12.2866,170.0,7256.0,2941.3828
3114,12.3392,11.3782,1.942,12.3525,169.0,7004.0,2941.3828
3115,12.3429,11.3931,1.8517,11.7751,167.0,7362.0,2941.3828
3116,11.7414,11.6245,1.8041,11.5176,169.0,8303.0,2941.3828
3117,11.496,11.4049,1.5661,12.6503,167.0,7044.0,2941.3828
3118,12.6465,11.2313,1.5234,11.3918,168.0,10466.0,2941.3828
3119,11.3839,11.5533,1.9581,12.0812,167.0,6884.0,2941.3828
3120,12.1499,11.7595,1.6281,12.3529,167.0,6744.0,2941.3828
3121,12.4435,11.1927,1.8342,11.8956,167.0,5912.0,2941.3828
3122,11.7611,11.2098,1.6537,12.0124,167.0,6722.0,2941.3828
3123,12.049,11.8273,1.6162,12.0394,167.0,5048.0,2941.3828
3124,12.017,11.4295,1.4028,12.3762,167.0,11672.0,2941.3828
3125,12.3899,11.1608,1.7832,11.3019,171.0,17654.0,2941.3828
3126,11.3223,11.4174,1.5131,12.3582,172.0,27680.0,2941.3828
3127,12.3531,11.9408,1.8453,12.2127,171.0,21212.0,2941.3828
3128,12.2193,11.8562,1.8319,12.2834,170.0,11786.0,2941.3828
3129,12.228,11.1955,1.6072,12.4179,174.0,15300.0,2941.3828
3130,12.5186,11.4045,1.9632,10.9693,173.0,13155.0,2941.3828
3131,10.9422,11.574,1.6257,12.5087,171.0,25572.0,2941.3828
3132,12.4648,11.4133,1.6076,11.7943,169.0,18658.0,2941.3828
3133,11.7777,11.4337,1.398,12.718,171.0,13664.0,2941.3828
3134,12.7117,11.6134,1.4867,11.3736,167.0,9752.0,2941.3828
3135,11.3273,11.8113,1.8376,12.1574,170.0,10330.0,2941.3828
3136,12.2724,11.2003,1.7645,11.8752,172.0,15654.0,2941.3828
3137,11.8674,11.4343,1.567,12.6472,164.0,10452.0,2941.3828
3138,12.6469,11.5838,1.7272,11.3438,159.0,8316.0,2941.3828
3139,11.3284,11.5808,1.5181,12.283,167.0,18464.0,2941.3828
3140,12.2729,11.1635,1.3699,11.8874,162.0,12281.0,2941.3828
3141,11.8846,11.6798,1.6537,12.1324,137.0,2964.0,2941.3828
3142,12.1434,11.8511,1.6298,12.2476,175.0,15362.0,2941.3828
3143,12.2937,11.2329,1.8225,12.0619,175.0,11735.0,2941.3828
3144,12.0241,11.3877,1.5637,11.6459,173.0,14578.0,2941.3828
3145,11.7141,11.4357,1.7734,12.2795,170.0,13914.0,2941.3828
3146,12.227,12.0176,1.6876,12.3881,169.0,7382.0,2941.3828
3147,12.3565,11.1994,1.5975,12.1886,167.0,5512.0,2941.3828
3148,12.299,11.5694,1.6774,11.5654,173.0,11029.0,2941.3828
3149,11.4918,11.4257,1.7005,12.145,168.0,10228.0,2941.3828
3150,12.1639,11.1943,1.7774,12.1247,167.0,5880.0,2941.3828
3151,12.0748,11.6557,1.5037,11.4262,167.0,5784.0,2941.3828
3152,11.4039,11.403,1.7548,11.6333,170.0,10287.0,2941.3828
3153,11.6337,11.4623,1.416,12.8148,167.0,8404.0,2941.3828
3154,12.8692,11.2193,1.6645,11.5532,167.0,5048.0,2941.3828
3155,11.5717,11.6579,1.7405,12.006,159.0,4568.0,2941.3828
3156,11.9393,11.6085,1.7668,11.8381,133.0,2960.0,2941.3828
3157,11.8883,11.2358,1.8513,12.3481,171.0,5052.0,2941.3828
3158,12.3349,11.3736,1.6589,11.9082,171.0,5052.0,2941.3828
3159,11.9427,11.865,1.8011,12.2405,171.0,5052.0,2941.3828
3160,12.241,11.6518,1.6688,12.1774,169.0,5050.0,2941.3828
3161,12.1804,11.2332,1.6825,11.888,170.0,5062.0,2941.3828
3162,11.8542,11.6034,1.5884,11.9757,169.0,5050.0,2941.3828
3163,11.9988,11.7393,1.9029,11.9923,168.0,7254.0,2941.3828
3164,11.9437,11.5537,1.6217,12.725,167.0,7002.0,2941.3828
3165,12.8242,11.5971,1.6083,11.8937,167.0,7362.0,2941.3828
3166,11.8176,11.6625,1.7203,12.1691,170.0,8315.0,2941.3828
3167,12.1354,11.8209,1.6097,12.1832,167.0,7044.0,2941.3828
3168,12.2297,11.2047,1.7261,12.4451,168.0,10466.0,2941.3828
3169,12.4139,11.4759,1.3942,12.3137,167.0,6884.0,2941.3828
3170,12.3085,11.4016,1.545,10.9262,167.0,6744.0,2941.3828
3171,10.9391,11.569,1.5468,12.5389,168.0,5924.0,2941.3828
3172,12.5196,11.1646,1.4952,11.561,168.0,6734.0,2941.3828
3173,11.6558,11.9065,1.9915,12.6744,172.0,5064.0,2941.3828
3174,12.6463,11.874,1.8546,12.0529,171.0,11676.0,2941.3828
3175,12.0317,11.4564,2.1466,12.2003,172.0,17666.0,2941.3828
3176,12.201,11.1925,1.5031,11.8336,169.0,27666.0,2941.3828
3177,11.952,11.6933,2.0365,11.8577,169.0,21210.0,2941.3828
3178,11.7904,11.433,1.5896,11.861,172.0,11810.0,2941.3828
3179,11.8218,11.1515,1.7216,11.6857,171.0,15286.0,2941.3828
3180,11.6802,11.5868,1.8562,12.2337,170.0,13141.0,2941.3828
3181,12.2724,11.8604,1.6836,12.2917,171.0,25572.0,2941.3828
3182,12.2104,11.4212,1.4639,12.0776,168.0,18646.0,2941.3828
3183,12.1285,11.2353,1.7757,12.44,171.0,13664.0,2941.3828
3184,12.4255,11.6812,1.7022,11.2967,167.0,9752.0,2941.3828
3185,11.318,11.5898,1.5762,12.2389,170.0,10330.0,2941.3828
3186,12.221,11.2012,1.725,12.0183,172.0,15654.0,2941.3828
3187,11.9934,11.4182,1.8419,11.97,167.0,10680.0,2941.3828
3188,11.9661,12.0492,1.5825,12.1855,164.0,8568.0,2941.3828
3189,12.1715,11.4121,1.3366,11.4341,173.0,22027.0,2941.3828
3190,11.4248,11.2091,1.226,13.0472,154.0,8222.0,2941.3828
3191,13.1419,11.6255,1.4639,11.099,137.0,2964.0,2941.3828
3192,11.0429,11.6256,1.5683,12.6725,173.0,15360.0,2941.3828
3193,12.6329,11.1838,1.5115,11.5754,172.0,11721.0,2941.3828
3194,11.8601,11.3582,1.8457,11.7108,173.0,14578.0,2941.3828
3195,11.481,11.6164,1.4618,11.9224,167.0,13900.0,2941.3828
3196,11.9425,11.5773,1.451,12.0751,168.0,7392.0,2941.3828
3197,12.0349,11.169,1.2447,12.15,168.0,5524.0,2941.3828
3198,12.1486,11.6143,1.2465,11.9039,173.0,11029.0,2941.3828
3199,11.981,11.675,1.6593,12.0526,168.0,10228.0,2941.3828
3200,11.9994,11.6282,1.6322,12.0791,167.0,5880.0,2941.3828
3201,12.0861,11.2198,1.5654,12.3513,167.0,5784.0,2941.3828
3202,12.3765,11.4092,1.8815,11.6311,170.0,10287.0,2941.3828
3203,11.591,11.8099,2.07,12.3274,167.0,8404.0,2941.3828
3204,12.4045,11.1803,2.3406,11.5939,167.0,5048.0,2941.3828
3205,11.5363,11.6312,1.581,12.3296,163.0,4572.0,2941.3828
3206,12.349,11.4291,1.9649,11.5276,137.0,2964.0,2941.3828
3207,11.535,11.6183,2.0829,12.2464,171.0,5052.0,2941.3828
3208,12.2791,11.2451,1.7197,12.4501,170.0,5062.0,2941.3828
3209,12.4133,11.6129,1.6481,11.2748,169.0,5050.0,2941.3828
3210,11.2702,11.6343,1.6865,12.3795,169.0,5050.0,2941.3828
3211,12.5275,11.1897,2.7676,12.3751,167.0,5048.0,2941.3828
3212,12.2036,11.6126,1.8908,11.6707,168.0,5060.0,2941.3828
3213,11.7235,11.6471,1.6941,12.0647,167.0,7242.0,2941.3828
3214,12.0567,11.8007,1.5212,12.4071,168.0,7014.0,2941.3828
3215,12.3931,11.1394,1.7173,12.0083,167.0,7362.0,2941.3828
3216,12.0261,11.5911,1.703,11.9684,170.0,8315.0,2941.3828
3217,11.9624,11.4424,1.7724,11.9624,167.0,7044.0,2941.3828
3218,11.8984,11.1944,1.762,12.1026,168.0,10466.0,2941.3828
3219,12.1304,11.5883,2.1684,12.7294,171.0,24532.0,2941.3828
3220,12.869,11.968,2.1811,11.7572,167.0,6744.0,2941.3828
3221,11.6549,11.5272,1.8949,11.7487,171.0,5916.0,2941.3828
3222,11.7422,11.1544,1.984,11.7889,171.0,6726.0,2941.3828
3223,11.803,11.903,1.6244,12.3689,171.0,5052.0,2941.3828
3224,12.3655,12.2162,1.7333,12.8515,169.0,11674.0,2941.3828
3225,12.8084,11.3788,1.4111,12.2178,170.0,17664.0,2941.3828
3226,12.2237,11.1808,1.4479,11.4569,169.0,27666.0,2941.3828
3227,11.5573,11.6173,1.6978,11.7947,168.0,21220.0,2941.3828
3228,11.7559,11.5851,1.9273,12.5239,168.0,11784.0,2941.3828
3229,12.479,11.4653,1.7847,11.9633,171.0,15286.0,2941.3828
3230,12.0103,11.8045,1.7805,12.4338,170.0,13141.0,2941.3828
3231,12.4411,11.857,1.8449,12.6562,171.0,25572.0,2941.3828
3232,12.5723,11.7947,1.5966,12.1348,168.0,18646.0,2941.3828
3233,12.1882,11.2403,2.1575,12.0518,171.0,13664.0,2941.3828
3234,12.0794,11.7181,1.7857,12.4915,167.0,9752.0,2941.3828
3235,12.4922,12.046,1.7272,11.8085,170.0,10330.0,2941.3828
3236,11.9888,11.7851,2.0409,12.5686,172.0,15654.0,2941.3828
3237,12.3709,11.1664,2.3878,12.0665,176.0,10936.0,2941.3828
3238,12.0904,11.8526,1.7419,12.0811,167.0,8560.0,2941.3828
3239,12.0598,12.1358,1.7652,12.2217,173.0,22561.0,2941.3828
3240,12.2074,12.0878,2.0539,12.8007,148.0,7446.0,2941.3828
3241,12.8159,11.2651,1.7074,12.3011,135.0,2962.0,2941.3828
3242,12.2878,11.8468,1.7196,11.5112,173.0,15360.0,2941.3828
3243,11.4709,11.8662,1.9536,12.8306,169.0,11707.0,2941.3828
3244,12.935,11.1796,1.8054,12.608,171.0,14576.0,2941.3828
3245,12.6091,11.6964,1.8328,11.7842,167.0,13900.0,2941.3828
3246,11.6971,12.0216,1.6118,12.0477,167.0,7380.0,2941.3828
3247,12.0806,11.828,1.782,12.7597,167.0,5512.0,2941.3828
3248,12.7449,11.2041,1.6618,12.0121,173.0,11029.0,2941.3828
3249,12.1271,11.7287,1.9206,11.9606,167.0,10216.0,2941.3828
3250,11.8207,11.9089,2.0884,11.8529,167.0,5880.0,2941.3828
3251,11.8872,11.7809,1.6314,12.5809,167.0,5784.0,2941.3828
3252,12.6026,11.1761,1.5452,12.124,169.0,10275.0,2941.3828
3253,12.1256,11.8701,1.7204,11.9027,171.0,8408.0,2941.3828
3254,11.8823,11.5924,1.9713,12.4729,171.0,5052.0,2941.3828
3255,12.589,11.5873,1.7766,12.4212,163.0,4572.0,2941.3828
3256,12.3383,11.2274,1.6515,11.7943,134.0,2950.0,2941.3828
3257,11.7523,11.6642,1.748,12.0323,169.0,5050.0,2941.3828
3258,12.0824,11.9826,1.8168,12.5907,169.0,5050.0,2941.3828
3259,12.6442,11.427,1.9013,11.8542,167.0,5048.0,2941.3828
3260,11.8277,11.3951,1.9704,12.9067,167.0,5048.0,2941.3828
3261,12.891,11.8963,1.8736,11.6575,167.0,5048.0,2941.3828
3262,11.6555,11.8166,1.6058,12.6118,167.0,5048.0,2941.3828
3263,12.572,11.1869,1.5243,11.6848,167.0,7242.0,2941.3828
3264,11.8134,11.6937,1.6954,12.4587,168.0,7014.0,2941.3828
3265,12.4391,11.8746,1.9469,11.9485,167.0,7362.0,2941.3828
3266,11.869,11.9716,1.6734,12.6192,169.0,8303.0,2941.3828
3267,12.6213,11.2217,2.0467,11.7412,167.0,7044.0,2941.3828
3268,11.7945,11.937,1.8865,12.1604,168.0,10466.0,2941.3828
3269,12.1579,11.8016,2.3296,12.8332,171.0,6888.0,2941.3828
3270,12.8043,11.6273,2.0309,12.1891,172.0,6760.0,2941.3828
3271,12.1678,11.4166,1.5615,11.9293,171.0,5916.0,2941.3828
3272,11.9521,11.8069,1.7411,11.7215,169.0,6724.0,2941.3828
3273,11.7219,11.8978,1.5085,12.7679,169.0,5050.0,2941.3828
3274,12.8991,11.4247,1.756,12.1393,169.0,11674.0,2941.3828
3275,12.0376,11.6727,2.3917,12.3118,169.0,17674.0,2941.3828
3276,12.2636,11.8319,1.7102,11.8787,168.0,27676.0,2941.3828
3277,12.0705,11.9073,1.6892,12.5009,168.0,21220.0,2941.3828
3278,12.4745,11.2087,1.9927,11.8477,168.0,11784.0,2941.3828
3279,11.6911,11.6116,1.5991,12.7546,172.0,15298.0,2941.3828
3280,12.7736,11.47,1.4304,11.2753,171.0,13153.0,2941.3828
3281,11.2197,11.6236,1.3243,12.05,172.0,25584.0,2941.3828
3282,12.223,11.2296,1.7089,12.0559,168.0,18646.0,2941.3828
3283,11.9461,11.7156,1.7182,12.5297,172.0,13676.0,2941.3828
3284,12.4705,11.9242,1.581,11.8131,168.0,9764.0,2941.3828
3285,11.8754,11.2047,1.8587,12.3966,175.0,10346.0,2941.3828
3286,12.3924,11.5109,1.5811,11.5757,176.0,15658.0,2941.3828
3287,11.559,11.4802,1.4897,12.3337,176.0,10936.0,2941.3828
3288,12.3169,11.6348,1.3452,11.6504,169.0,10486.0,2941.3828
3289,11.6782,11.2124,1.79,11.8941,171.0,22931.0,2941.3828
3290,11.8911,11.5902,2.0658,12.0623,144.0,5146.0,2941.3828
3291,12.3639,11.4263,1.877,11.611,132.0,2948.0,2941.3828
3292,11.2808,11.3829,1.5958,12.1987,171.0,15358.0,2941.3828
3293,12.181,11.403,1.4545,12.1231,169.0,11707.0,2941.3828
3294,12.1585,11.6181,1.4055,11.822,172.0,14588.0,2941.3828
3295,11.7822,11.4051,1.5089,12.0278,167.0,13900.0,2941.3828
3296,12.044,11.2275,1.9668,12.3673,167.0,7380.0,2941.3828
3297,12.3604,11.597,1.7216,11.7532,168.0,5524.0,2941.3828
3298,11.7674,11.3977,1.6535,11.5907,174.0,11041.0,2941.3828
3299,11.5905,11.151,1.3925,12.9415,168.0,10228.0,2941.3828
3300,12.9291,11.4563,1.5637,13.0546,167.0,5880.0,2941.3828
3301,13.0691,12.2063,1.5149,10.414,171.0,5788.0,2941.3828
3302,10.3685,11.4995,1.386,12.6639,173.0,10279.0,2941.3828
3303,12.7361,11.1739,1.5725,11.8862,171.0,8408.0,2941.3828
3304,11.8953,11.4461,1.6914,11.4945,169.0,5050.0,2941.3828
3305,11.4853,11.9054,1.642,11.831,161.0,4570.0,2941.3828
3306,11.794,11.3984,1.434,11.8285,134.0,2950.0,2941.6328
3307,11.8834,11.2181,1.5792,12.3975,167.0,5048.0,2941.6328
3308,12.3666,11.4041,1.557,12.0142,167.0,5048.0,2941.6328
3309,12.0157,11.6127,1.6458,12.1689,167.0,5048.0,2941.6328
3310,12.2814,11.1869,1.7377,11.6595,167.0,5048.0,2941.6328
3311,11.5662,11.436,1.7105,12.1346,167.0,5048.0,2941.6328
3312,12.1268,11.6572,1.6259,12.3843,167.0,5048.0,2941.6328
3313,12.3563,11.3517,1.355,11.3404,167.0,7242.0,2941.6328
3314,11.346,11.1812,1.4207,12.0429,167.0,7002.0,2941.6328
3315,12.1108,11.6123,1.697,11.8256,167.0,7362.0,2941.6328
3316,11.7896,11.5778,1.639,12.0892,171.0,8327.0,2941.6328
3317,12.0748,11.1546,1.568,12.1077,171.0,7048.0,2941.6328
3318,12.1417,11.4618,1.6323,11.853,173.0,10482.0,2941.6328
3319,11.8135,11.4548,1.5596,12.4112,172.0,6900.0,2941.6328
3320,12.4356,11.655,1.5342,11.6371,169.0,6746.0,2941.6328
3321,11.5867,11.2193,1.4913,11.7947,169.0,5914.0,2941.6328
3322,11.8555,11.4352,1.5405,12.2219,169.0,6724.0,2941.6328
3323,12.2235,11.4287,1.664,11.447,167.0,5048.0,2941.6328
3324,11.4656,11.172,1.4627,12.113,168.0,11684.0,2941.6328
3325,12.1107,11.3901,1.4706,11.7613,168.0,17662.0,2941.6328
3326,11.7316,11.3901,1.3908,11.7067,167.0,27664.0,2941.6328
3327,11.679,11.4013,1.5029,12.2981,167.0,21208.0,2941.6328
3328,12.3204,11.243,1.635,11.9306,168.0,11784.0,2941.6328
3329,11.937,11.8091,2.0471,11.965,171.0,15286.0,2941.6328
3330,11.9599,11.8255,1.584,12.6793,170.0,13141.0,2941.6328
3331,12.6896,11.195,1.8352,12.2052,171.0,25572.0,2941.6328
